{"strategy":{"SupertrendFuturesStrategyV5":{"trades":[{"pair":"DOGE/USDT:USDT","stake_amount":399.72945,"max_stake_amount":399.72945,"amount":5430.0,"open_date":"2025-12-03 03:00:00+00:00","close_date":"2025-12-03 03:30:00+00:00","open_rate":0.14723,"close_rate":0.14778,"fee_open":0.0005,"fee_close":0.0005,"trade_duration":30,"profit_ratio":0.0054648353334709404,"profit_abs":2.18554785,"exit_reason":"rsi_overbought_exit","initial_stop_loss_abs":0.14503,"initial_stop_loss_ratio":-0.03,"stop_loss_abs":0.14503,"stop_loss_ratio":-0.03,"min_rate":0.14699,"max_rate":0.14788,"is_open":false,"enter_tag":"","leverage":2,"is_short":false,"open_timestamp":1764730800000,"close_timestamp":1764732600000,"orders":[{"amount":5430.0,"safe_price":0.14723,"ft_order_side":"buy","order_filled_timestamp":1764730800000,"ft_is_entry":true,"ft_order_tag":"","cost":799.85862945},{"amount":5430.0,"safe_price":0.14778,"ft_order_side":"sell","order_filled_timestamp":1764732600000,"ft_is_entry":false,"ft_order_tag":"rsi_overbought_exit","cost":802.8466226999999}],"funding_fees":0.0,"weekday":2},{"pair":"ETH/USDT:USDT","stake_amount":399.86628,"max_stake_amount":399.86628,"amount":0.264,"open_date":"2025-12-03 03:00:00+00:00","close_date":"2025-12-03 05:00:00+00:00","open_rate":3029.29,"close_rate":3055.39,"fee_open":0.0005,"fee_close":0.0005,"trade_duration":120,"profit_ratio":0.015215536928807893,"profit_abs":6.08722224,"exit_reason":"rsi_overbought_exit","initial_stop_loss_abs":2983.85065,"initial_stop_loss_ratio":-0.03,"stop_loss_abs":2983.85065,"stop_loss_ratio":-0.03,"min_rate":3019.06,"max_rate":3069.51,"is_open":false,"enter_tag":"","leverage":2,"is_short":false,"open_timestamp":1764730800000,"close_timestamp":1764738000000,"orders":[{"amount":0.264,"safe_price":3029.29,"ft_order_side":"buy","order_filled_timestamp":1764730800000,"ft_is_entry":true,"ft_order_tag":"","cost":800.13242628},{"amount":0.264,"safe_price":3055.39,"ft_order_side":"sell","order_filled_timestamp":1764738000000,"ft_is_entry":false,"ft_order_tag":"rsi_overbought_exit","cost":807.02627148}],"funding_fees":0.0,"weekday":2},{"pair":"DOGE/USDT:USDT","stake_amount":399.276,"max_stake_amount":399.276,"amount":5400.0,"open_date":"2025-12-03 04:30:00+00:00","close_date":"2025-12-03 05:00:00+00:00","open_rate":0.14788,"close_rate":0.14919,"fee_open":0.0005,"fee_close":0.0005,"trade_duration":30,"profit_ratio":0.015700359179350008,"profit_abs":6.271911,"exit_reason":"rsi_overbought_exit","initial_stop_loss_abs":0.14567,"initial_stop_loss_ratio":-0.03,"stop_loss_abs":0.14892,"stop_loss_ratio":-0.02,"min_rate":0.14784,"max_rate":0.15042,"is_open":false,"enter_tag":"","leverage":2,"is_short":false,"open_timestamp":1764736200000,"close_timestamp":1764738000000,"orders":[{"amount":5400.0,"safe_price":0.14788,"ft_order_side":"buy","order_filled_timestamp":1764736200000,"ft_is_entry":true,"ft_order_tag":"","cost":798.951276},{"amount":5400.0,"safe_price":0.14919,"ft_order_side":"sell","order_filled_timestamp":1764738000000,"ft_is_entry":false,"ft_order_tag":"rsi_overbought_exit","cost":806.0288129999999}],"funding_fees":0.0,"weekday":2},{"pair":"ETH/USDT:USDT","stake_amount":398.541,"max_stake_amount":398.541,"amount":0.26,"open_date":"2025-12-03 07:00:00+00:00","close_date":"2025-12-03 14:30:00+00:00","open_rate":3065.7,"close_rate":3114.3519,"fee_open":0.0005,"fee_close":0.0005,"trade_duration":450,"profit_ratio":0.029685867256791162,"profit_abs":11.83695074,"exit_reason":"trailing_stop_loss","initial_stop_loss_abs":3019.7144999999996,"initial_stop_loss_ratio":-0.03,"stop_loss_abs":3114.3519,"stop_loss_ratio":-0.02,"min_rate":3027.89,"max_rate":3145.81,"is_open":false,"enter_tag":"","leverage":2,"is_short":false,"open_timestamp":1764745200000,"close_timestamp":1764772200000,"orders":[{"amount":0.26,"safe_price":3065.7,"ft_order_side":"buy","order_filled_timestamp":1764745200000,"ft_is_entry":true,"ft_order_tag":"","cost":797.4805409999999},{"amount":0.26,"safe_price":3114.3519,"ft_order_side":"sell","order_filled_timestamp":1764772200000,"ft_is_entry":false,"ft_order_tag":"trailing_stop_loss","cost":810.136359747}],"funding_fees":-0.009136513274178583,"weekday":2},{"pair":"ETH/USDT:USDT","stake_amount":399.7643,"max_stake_amount":399.7643,"amount":0.26,"open_date":"2025-12-03 15:00:00+00:00","close_date":"2025-12-03 17:30:00+00:00","open_rate":3075.11,"close_rate":3101.3433,"fee_open":0.0005,"fee_close":0.0005,"trade_duration":150,"profit_ratio":0.015057593451559024,"profit_abs":6.02249805,"exit_reason":"trailing_stop_loss","initial_stop_loss_abs":3028.98335,"initial_stop_loss_ratio":-0.03,"stop_loss_abs":3101.3433,"stop_loss_ratio":-0.02,"min_rate":3054.0,"max_rate":3132.67,"is_open":false,"enter_tag":"","leverage":2,"is_short":false,"open_timestamp":1764774000000,"close_timestamp":1764783000000,"orders":[{"amount":0.26,"safe_price":3075.11,"ft_order_side":"buy","order_filled_timestamp":1764774000000,"ft_is_entry":true,"ft_order_tag":"","cost":799.9283643},{"amount":0.26,"safe_price":3101.3433,"ft_order_side":"sell","order_filled_timestamp":1764783000000,"ft_is_entry":false,"ft_order_tag":"trailing_stop_loss","cost":806.752432629}],"funding_fees":0.004778981317308709,"weekday":2},{"pair":"ETH/USDT:USDT","stake_amount":398.81875,"max_stake_amount":398.81875,"amount":0.25,"open_date":"2025-12-04 05:00:00+00:00","close_date":"2025-12-04 14:30:00+00:00","open_rate":3190.55,"close_rate":3142.69175,"fee_open":0.0005,"fee_close":0.0005,"trade_duration":570,"profit_ratio":-0.03198357538411218,"profit_abs":-12.76202738,"exit_reason":"stop_loss","initial_stop_loss_abs":3142.69175,"initial_stop_loss_ratio":-0.03,"stop_loss_abs":3142.69175,"stop_loss_ratio":-0.03,"min_rate":3137.53,"max_rate":3219.9,"is_open":false,"enter_tag":"","leverage":2,"is_short":false,"open_timestamp":1764824400000,"close_timestamp":1764858600000,"orders":[{"amount":0.25,"safe_price":3190.55,"ft_order_side":"buy","order_filled_timestamp":1764824400000,"ft_is_entry":true,"ft_order_tag":"","cost":798.03631875},{"amount":0.25,"safe_price":3142.69175,"ft_order_side":"sell","order_filled_timestamp":1764858600000,"ft_is_entry":false,"ft_order_tag":"stop_loss","cost":786.0657739687499}],"funding_fees":-0.005809661618161937,"weekday":3},{"pair":"SOL/USDT:USDT","stake_amount":399.4845,"max_stake_amount":399.4845,"amount":5.7,"open_date":"2025-12-05 07:30:00+00:00","close_date":"2025-12-05 08:30:00+00:00","open_rate":140.17,"close_rate":138.06744999999998,"fee_open":0.0005,"fee_close":0.0005,"trade_duration":60,"profit_ratio":-0.03193033119884025,"profit_abs":-12.76205023,"exit_reason":"stop_loss","initial_stop_loss_abs":138.06744999999998,"initial_stop_loss_ratio":-0.03,"stop_loss_abs":138.06744999999998,"stop_loss_ratio":-0.03,"min_rate":137.74,"max_rate":140.34,"is_open":false,"enter_tag":"","leverage":2,"is_short":false,"open_timestamp":1764919800000,"close_timestamp":1764923400000,"orders":[{"amount":5.7,"safe_price":140.17,"ft_order_side":"buy","order_filled_timestamp":1764919800000,"ft_is_entry":true,"ft_order_tag":"","cost":799.3684844999999},{"amount":5.7,"safe_price":138.06744999999998,"ft_order_side":"sell","order_filled_timestamp":1764923400000,"ft_is_entry":false,"ft_order_tag":"stop_loss","cost":787.3779572324999}],"funding_fees":0.015461501416634117,"weekday":4},{"pair":"SOL/USDT:USDT","stake_amount":399.93135,"max_stake_amount":399.93135,"amount":5.81,"open_date":"2025-12-08 12:30:00+00:00","close_date":"2025-12-08 15:00:00+00:00","open_rate":137.67,"close_rate":135.60494999999997,"fee_open":0.0005,"fee_close":0.0005,"trade_duration":150,"profit_ratio":-0.03196901549287867,"profit_abs":-12.79180423,"exit_reason":"stop_loss","initial_stop_loss_abs":135.60494999999997,"initial_stop_loss_ratio":-0.03,"stop_loss_abs":135.60494999999997,"stop_loss_ratio":-0.03,"min_rate":135.29,"max_rate":139.25,"is_open":false,"enter_tag":"","leverage":2,"is_short":false,"open_timestamp":1765197000000,"close_timestamp":1765206000000,"orders":[{"amount":5.81,"safe_price":137.67,"ft_order_side":"buy","order_filled_timestamp":1765197000000,"ft_is_entry":true,"ft_order_tag":"","cost":800.2626313499999},{"amount":5.81,"safe_price":135.60494999999997,"ft_order_side":"sell","order_filled_timestamp":1765206000000,"ft_is_entry":false,"ft_order_tag":"stop_loss","cost":788.2586918797497}],"funding_fees":0.0,"weekday":0},{"pair":"DOGE/USDT:USDT","stake_amount":399.384,"max_stake_amount":399.384,"amount":5400.0,"open_date":"2025-12-09 22:00:00+00:00","close_date":"2025-12-10 09:00:00+00:00","open_rate":0.14792,"close_rate":0.14571,"fee_open":0.0005,"fee_close":0.0005,"trade_duration":660,"profit_ratio":-0.03210319979725299,"profit_abs":-12.8279151,"exit_reason":"stop_loss","initial_stop_loss_abs":0.14571,"initial_stop_loss_ratio":-0.03,"stop_loss_abs":0.14571,"stop_loss_ratio":-0.03,"min_rate":0.14563,"max_rate":0.1492,"is_open":false,"enter_tag":"","leverage":2,"is_short":false,"open_timestamp":1765317600000,"close_timestamp":1765357200000,"orders":[{"amount":5400.0,"safe_price":0.14792,"ft_order_side":"buy","order_filled_timestamp":1765317600000,"ft_is_entry":true,"ft_order_tag":"","cost":799.167384},{"amount":5400.0,"safe_price":0.14571,"ft_order_side":"sell","order_filled_timestamp":1765357200000,"ft_is_entry":false,"ft_order_tag":"stop_loss","cost":787.2274170000001}],"funding_fees":-0.10111409851239755,"weekday":2},{"pair":"BTC/USDT:USDT","stake_amount":395.395775,"max_stake_amount":395.395775,"amount":0.0085,"open_date":"2025-12-09 20:30:00+00:00","close_date":"2025-12-10 14:30:00+00:00","open_rate":93034.3,"close_rate":91638.7855,"fee_open":0.0005,"fee_close":0.0005,"trade_duration":1080,"profit_ratio":-0.03198826784889517,"profit_abs":-12.65434997,"exit_reason":"stop_loss","initial_stop_loss_abs":91638.7855,"initial_stop_loss_ratio":-0.03,"stop_loss_abs":91638.7855,"stop_loss_ratio":-0.03,"min_rate":91553.6,"max_rate":93236.7,"is_open":false,"enter_tag":"","leverage":2,"is_short":false,"open_timestamp":1765312200000,"close_timestamp":1765377000000,"orders":[{"amount":0.0085,"safe_price":93034.3,"ft_order_side":"buy","order_filled_timestamp":1765312200000,"ft_is_entry":true,"ft_order_tag":"","cost":791.186945775},{"amount":0.0085,"safe_price":91638.7855,"ft_order_side":"sell","order_filled_timestamp":1765377000000,"ft_is_entry":false,"ft_order_tag":"stop_loss","cost":779.3191415883749}],"funding_fees":-0.0076161020211169585,"weekday":2},{"pair":"SOL/USDT:USDT","stake_amount":399.888,"max_stake_amount":399.888,"amount":5.76,"open_date":"2025-12-12 06:00:00+00:00","close_date":"2025-12-12 06:30:00+00:00","open_rate":138.85,"close_rate":139.31,"fee_open":0.0005,"fee_close":0.0005,"trade_duration":30,"profit_ratio":0.004620232195749443,"profit_abs":1.8484992,"exit_reason":"rsi_overbought_exit","initial_stop_loss_abs":136.76725,"initial_stop_loss_ratio":-0.03,"stop_loss_abs":136.76725,"stop_loss_ratio":-0.03,"min_rate":138.63,"max_rate":140.13,"is_open":false,"enter_tag":"","leverage":2,"is_short":false,"open_timestamp":1765519200000,"close_timestamp":1765521000000,"orders":[{"amount":5.76,"safe_price":138.85,"ft_order_side":"buy","order_filled_timestamp":1765519200000,"ft_is_entry":true,"ft_order_tag":"","cost":800.1758879999999},{"amount":5.76,"safe_price":139.31,"ft_order_side":"sell","order_filled_timestamp":1765521000000,"ft_is_entry":false,"ft_order_tag":"rsi_overbought_exit","cost":802.8268128}],"funding_fees":0.0,"weekday":4},{"pair":"SOL/USDT:USDT","stake_amount":399.88375,"max_stake_amount":399.88375,"amount":5.75,"open_date":"2025-12-12 07:00:00+00:00","close_date":"2025-12-12 15:00:00+00:00","open_rate":139.09,"close_rate":137.00365,"fee_open":0.0005,"fee_close":0.0005,"trade_duration":480,"profit_ratio":-0.032168858044884036,"profit_abs":-12.87023549,"exit_reason":"stop_loss","initial_stop_loss_abs":137.00365,"initial_stop_loss_ratio":-0.03,"stop_loss_abs":137.00365,"stop_loss_ratio":-0.03,"min_rate":135.5,"max_rate":139.82,"is_open":false,"enter_tag":"","leverage":2,"is_short":false,"open_timestamp":1765522800000,"close_timestamp":1765551600000,"orders":[{"amount":5.75,"safe_price":139.09,"ft_order_side":"buy","order_filled_timestamp":1765522800000,"ft_is_entry":true,"ft_order_tag":"","cost":800.16738375},{"amount":5.75,"safe_price":137.00365,"ft_order_side":"sell","order_filled_timestamp":1765551600000,"ft_is_entry":false,"ft_order_tag":"stop_loss","cost":788.1648729937499}],"funding_fees":-0.07995375000000002,"weekday":4},{"pair":"ETH/USDT:USDT","stake_amount":398.575955,"max_stake_amount":398.575955,"amount":0.269,"open_date":"2025-12-19 16:00:00+00:00","close_date":"2025-12-21 10:00:00+00:00","open_rate":2963.39,"close_rate":3001.8,"fee_open":0.0005,"fee_close":0.0005,"trade_duration":2520,"profit_ratio":0.024006652114409596,"profit_abs":9.57325853,"exit_reason":"rsi_overbought_exit","initial_stop_loss_abs":2918.9391499999997,"initial_stop_loss_ratio":-0.03,"stop_loss_abs":2983.4145000000003,"stop_loss_ratio":-0.02,"min_rate":2933.09,"max_rate":3013.55,"is_open":false,"enter_tag":"","leverage":2,"is_short":false,"open_timestamp":1766160000000,"close_timestamp":1766311200000,"orders":[{"amount":0.269,"safe_price":2963.39,"ft_order_side":"buy","order_filled_timestamp":1766160000000,"ft_is_entry":true,"ft_order_tag":"","cost":797.550485955},{"amount":0.269,"safe_price":3001.8,"ft_order_side":"sell","order_filled_timestamp":1766311200000,"ft_is_entry":false,"ft_order_tag":"rsi_overbought_exit","cost":807.8879421}],"funding_fees":0.04328658542337001,"weekday":6},{"pair":"ETH/USDT:USDT","stake_amount":399.083355,"max_stake_amount":399.083355,"amount":0.261,"open_date":"2025-12-22 14:30:00+00:00","close_date":"2025-12-22 18:30:00+00:00","open_rate":3058.11,"close_rate":3012.23835,"fee_open":0.0005,"fee_close":0.0005,"trade_duration":240,"profit_ratio":-0.032008865734919914,"profit_abs":-12.78059263,"exit_reason":"stop_loss","initial_stop_loss_abs":3012.23835,"initial_stop_loss_ratio":-0.03,"stop_loss_abs":3012.23835,"stop_loss_ratio":-0.03,"min_rate":3005.6,"max_rate":3073.72,"is_open":false,"enter_tag":"","leverage":2,"is_short":false,"open_timestamp":1766413800000,"close_timestamp":1766428200000,"orders":[{"amount":0.261,"safe_price":3058.11,"ft_order_side":"buy","order_filled_timestamp":1766413800000,"ft_is_entry":true,"ft_order_tag":"","cost":798.565793355},{"amount":0.261,"safe_price":3012.23835,"ft_order_side":"sell","order_filled_timestamp":1766428200000,"ft_is_entry":false,"ft_order_tag":"stop_loss","cost":786.5873064546751}],"funding_fees":-0.01591152322114195,"weekday":0},{"pair":"DOGE/USDT:USDT","stake_amount":399.3796,"max_stake_amount":399.3796,"amount":5960.0,"open_date":"2025-12-22 15:00:00+00:00","close_date":"2025-12-22 19:30:00+00:00","open_rate":0.13402,"close_rate":0.13201,"fee_open":0.0005,"fee_close":0.0005,"trade_duration":270,"profit_ratio":-0.03203436906454004,"profit_abs":-12.80027044,"exit_reason":"stop_loss","initial_stop_loss_abs":0.13201,"initial_stop_loss_ratio":-0.03,"stop_loss_abs":0.13201,"stop_loss_ratio":-0.03,"min_rate":0.1316,"max_rate":0.13537,"is_open":false,"enter_tag":"","leverage":2,"is_short":false,"open_timestamp":1766415600000,"close_timestamp":1766431800000,"orders":[{"amount":5960.0,"safe_price":0.13402,"ft_order_side":"buy","order_filled_timestamp":1766415600000,"ft_is_entry":true,"ft_order_tag":"","cost":799.1585795999999},{"amount":5960.0,"safe_price":0.13201,"ft_order_side":"sell","order_filled_timestamp":1766431800000,"ft_is_entry":false,"ft_order_tag":"stop_loss","cost":787.1729897999999}],"funding_fees":-0.027901036251891678,"weekday":0},{"pair":"BTC/USDT:USDT","stake_amount":398.23317,"max_stake_amount":398.23317,"amount":0.0089,"open_date":"2025-12-29 07:30:00+00:00","close_date":"2025-12-29 09:30:00+00:00","open_rate":89490.6,"close_rate":88148.24100000001,"fee_open":0.0005,"fee_close":0.0005,"trade_duration":120,"profit_ratio":-0.03216912170913043,"profit_abs":-12.81721672,"exit_reason":"stop_loss","initial_stop_loss_abs":88148.24100000001,"initial_stop_loss_ratio":-0.03,"stop_loss_abs":88148.24100000001,"stop_loss_ratio":-0.03,"min_rate":87728.1,"max_rate":89794.0,"is_open":false,"enter_tag":"","leverage":2,"is_short":false,"open_timestamp":1766993400000,"close_timestamp":1767000600000,"orders":[{"amount":0.0089,"safe_price":89490.6,"ft_order_side":"buy","order_filled_timestamp":1766993400000,"ft_is_entry":true,"ft_order_tag":"","cost":796.86457317},{"amount":0.0089,"safe_price":88148.24100000001,"ft_order_side":"sell","order_filled_timestamp":1767000600000,"ft_is_entry":false,"ft_order_tag":"stop_loss","cost":784.9116045724501}],"funding_fees":-0.079728781,"weekday":0},{"pair":"DOGE/USDT:USDT","stake_amount":399.59375,"max_stake_amount":399.59375,"amount":6250.0,"open_date":"2026-01-02 04:30:00+00:00","close_date":"2026-01-02 05:00:00+00:00","open_rate":0.12787,"close_rate":0.12825,"fee_open":0.0005,"fee_close":0.0005,"trade_duration":30,"profit_ratio":0.00393859533828925,"profit_abs":1.574625,"exit_reason":"rsi_overbought_exit","initial_stop_loss_abs":0.12596,"initial_stop_loss_ratio":-0.03,"stop_loss_abs":0.12596,"stop_loss_ratio":-0.03,"min_rate":0.12745,"max_rate":0.12846,"is_open":false,"enter_tag":"","leverage":2,"is_short":false,"open_timestamp":1767328200000,"close_timestamp":1767330000000,"orders":[{"amount":6250.0,"safe_price":0.12787,"ft_order_side":"buy","order_filled_timestamp":1767328200000,"ft_is_entry":true,"ft_order_tag":"","cost":799.5870937500001},{"amount":6250.0,"safe_price":0.12825,"ft_order_side":"sell","order_filled_timestamp":1767330000000,"ft_is_entry":false,"ft_order_tag":"rsi_overbought_exit","cost":801.9632812499999}],"funding_fees":0.0,"weekday":4},{"pair":"DOGE/USDT:USDT","stake_amount":399.7125,"max_stake_amount":399.7125,"amount":6270.0,"open_date":"2026-01-02 05:30:00+00:00","close_date":"2026-01-02 09:30:00+00:00","open_rate":0.1275,"close_rate":0.1314544772386193,"fee_open":0.0005,"fee_close":0.0005,"trade_duration":240,"profit_ratio":0.05976955051885821,"profit_abs":23.90258178,"exit_reason":"roi","initial_stop_loss_abs":0.12559,"initial_stop_loss_ratio":-0.03,"stop_loss_abs":0.1335,"stop_loss_ratio":-0.02,"min_rate":0.12749,"max_rate":0.13484,"is_open":false,"enter_tag":"","leverage":2,"is_short":false,"open_timestamp":1767331800000,"close_timestamp":1767346200000,"orders":[{"amount":6270.0,"safe_price":0.1275,"ft_order_side":"buy","order_filled_timestamp":1767331800000,"ft_is_entry":true,"ft_order_tag":"","cost":799.8247125},{"amount":6270.0,"safe_price":0.1314544772386193,"ft_order_side":"sell","order_filled_timestamp":1767346200000,"ft_is_entry":false,"ft_order_tag":"roi","cost":824.631682072286}],"funding_fees":-0.08016822000000001,"weekday":4},{"pair":"SOL/USDT:USDT","stake_amount":399.6592,"max_stake_amount":399.6592,"amount":6.28,"open_date":"2026-01-02 07:00:00+00:00","close_date":"2026-01-02 09:30:00+00:00","open_rate":127.28,"close_rate":128.36,"fee_open":0.0005,"fee_close":0.0005,"trade_duration":150,"profit_ratio":0.014754910414057585,"profit_abs":5.89988416,"exit_reason":"rsi_overbought_exit","initial_stop_loss_abs":125.3708,"initial_stop_loss_ratio":-0.03,"stop_loss_abs":128.5515,"stop_loss_ratio":-0.02,"min_rate":126.85,"max_rate":129.85,"is_open":false,"enter_tag":"","leverage":2,"is_short":false,"open_timestamp":1767337200000,"close_timestamp":1767346200000,"orders":[{"amount":6.28,"safe_price":127.28,"ft_order_side":"buy","order_filled_timestamp":1767337200000,"ft_is_entry":true,"ft_order_tag":"","cost":799.7180592},{"amount":6.28,"safe_price":128.36,"ft_order_side":"sell","order_filled_timestamp":1767346200000,"ft_is_entry":false,"ft_order_tag":"rsi_overbought_exit","cost":806.5038504000001}],"funding_fees":-0.07980624,"weekday":4},{"pair":"DOGE/USDT:USDT","stake_amount":399.8769,"max_stake_amount":399.8769,"amount":6180.0,"open_date":"2026-01-02 12:00:00+00:00","close_date":"2026-01-02 12:30:00+00:00","open_rate":0.12941,"close_rate":0.13056,"fee_open":0.0005,"fee_close":0.0005,"trade_duration":30,"profit_ratio":0.01575620504406633,"profit_abs":6.3036927,"exit_reason":"trailing_stop_loss","initial_stop_loss_abs":0.12747,"initial_stop_loss_ratio":-0.03,"stop_loss_abs":0.13056,"stop_loss_ratio":-0.02,"min_rate":0.12923,"max_rate":0.13187,"is_open":false,"enter_tag":"","leverage":2,"is_short":false,"open_timestamp":1767355200000,"close_timestamp":1767357000000,"orders":[{"amount":6180.0,"safe_price":0.12941,"ft_order_side":"buy","order_filled_timestamp":1767355200000,"ft_is_entry":true,"ft_order_tag":"","cost":800.1536768999999},{"amount":6180.0,"safe_price":0.13056,"ft_order_side":"sell","order_filled_timestamp":1767357000000,"ft_is_entry":false,"ft_order_tag":"trailing_stop_loss","cost":807.2642304}],"funding_fees":0.0,"weekday":4},{"pair":"DOGE/USDT:USDT","stake_amount":399.83895,"max_stake_amount":399.83895,"amount":6090.0,"open_date":"2026-01-02 13:00:00+00:00","close_date":"2026-01-02 14:30:00+00:00","open_rate":0.13131,"close_rate":0.13397,"fee_open":0.0005,"fee_close":0.0005,"trade_duration":90,"profit_ratio":0.038475317211548815,"profit_abs":15.3916224,"exit_reason":"trailing_stop_loss","initial_stop_loss_abs":0.12935,"initial_stop_loss_ratio":-0.03,"stop_loss_abs":0.13397,"stop_loss_ratio":-0.02,"min_rate":0.1295,"max_rate":0.13532,"is_open":false,"enter_tag":"","leverage":2,"is_short":false,"open_timestamp":1767358800000,"close_timestamp":1767364200000,"orders":[{"amount":6090.0,"safe_price":0.13131,"ft_order_side":"buy","order_filled_timestamp":1767358800000,"ft_is_entry":true,"ft_order_tag":"","cost":800.07773895},{"amount":6090.0,"safe_price":0.13397,"ft_order_side":"sell","order_filled_timestamp":1767364200000,"ft_is_entry":false,"ft_order_tag":"trailing_stop_loss","cost":816.28523865}],"funding_fees":0.0,"weekday":4},{"pair":"DOGE/USDT:USDT","stake_amount":399.7512,"max_stake_amount":399.7512,"amount":5970.0,"open_date":"2026-01-02 15:00:00+00:00","close_date":"2026-01-02 15:30:00+00:00","open_rate":0.13392,"close_rate":0.13487,"fee_open":0.0005,"fee_close":0.0005,"trade_duration":30,"profit_ratio":0.012174393687266282,"profit_abs":4.86916185,"exit_reason":"trailing_stop_loss","initial_stop_loss_abs":0.13192,"initial_stop_loss_ratio":-0.03,"stop_loss_abs":0.13487,"stop_loss_ratio":-0.02,"min_rate":0.13298,"max_rate":0.13623,"is_open":false,"enter_tag":"","leverage":2,"is_short":false,"open_timestamp":1767366000000,"close_timestamp":1767367800000,"orders":[{"amount":5970.0,"safe_price":0.13392,"ft_order_side":"buy","order_filled_timestamp":1767366000000,"ft_is_entry":true,"ft_order_tag":"","cost":799.9021512},{"amount":5970.0,"safe_price":0.13487,"ft_order_side":"sell","order_filled_timestamp":1767367800000,"ft_is_entry":false,"ft_order_tag":"trailing_stop_loss","cost":805.5764869499999}],"funding_fees":0.0,"weekday":4},{"pair":"SOL/USDT:USDT","stake_amount":399.99465,"max_stake_amount":399.99465,"amount":6.27,"open_date":"2026-01-02 14:30:00+00:00","close_date":"2026-01-02 16:00:00+00:00","open_rate":127.59,"close_rate":129.2643,"fee_open":0.0005,"fee_close":0.0005,"trade_duration":90,"profit_ratio":0.024209687597675066,"profit_abs":9.68858739,"exit_reason":"trailing_stop_loss","initial_stop_loss_abs":125.67615,"initial_stop_loss_ratio":-0.03,"stop_loss_abs":129.2643,"stop_loss_ratio":-0.02,"min_rate":126.74,"max_rate":130.57,"is_open":false,"enter_tag":"","leverage":2,"is_short":false,"open_timestamp":1767364200000,"close_timestamp":1767369600000,"orders":[{"amount":6.27,"safe_price":127.59,"ft_order_side":"buy","order_filled_timestamp":1767364200000,"ft_is_entry":true,"ft_order_tag":"","cost":800.3892946499999},{"amount":6.27,"safe_price":129.2643,"ft_order_side":"sell","order_filled_timestamp":1767369600000,"ft_is_entry":false,"ft_order_tag":"trailing_stop_loss","cost":810.8924045804998}],"funding_fees":-0.004035381336208005,"weekday":4},{"pair":"ETH/USDT:USDT","stake_amount":399.0532,"max_stake_amount":399.0532,"amount":0.26,"open_date":"2026-01-02 15:30:00+00:00","close_date":"2026-01-02 16:30:00+00:00","open_rate":3069.64,"close_rate":3104.26,"fee_open":0.0005,"fee_close":0.0005,"trade_duration":60,"profit_ratio":0.02076455216874654,"profit_abs":8.29030407,"exit_reason":"rsi_overbought_exit","initial_stop_loss_abs":3023.5953999999997,"initial_stop_loss_ratio":-0.03,"stop_loss_abs":3114.045,"stop_loss_ratio":-0.02,"min_rate":3066.29,"max_rate":3145.5,"is_open":false,"enter_tag":"","leverage":2,"is_short":false,"open_timestamp":1767367800000,"close_timestamp":1767371400000,"orders":[{"amount":0.26,"safe_price":3069.64,"ft_order_side":"buy","order_filled_timestamp":1767367800000,"ft_is_entry":true,"ft_order_tag":"","cost":798.5054531999999},{"amount":0.26,"safe_price":3104.26,"ft_order_side":"sell","order_filled_timestamp":1767371400000,"ft_is_entry":false,"ft_order_tag":"rsi_overbought_exit","cost":807.5111538}],"funding_fees":0.09171107280154775,"weekday":4},{"pair":"DOGE/USDT:USDT","stake_amount":399.4569,"max_stake_amount":399.4569,"amount":5910.0,"open_date":"2026-01-02 16:00:00+00:00","close_date":"2026-01-02 16:30:00+00:00","open_rate":0.13518,"close_rate":0.13715,"fee_open":0.0005,"fee_close":0.0005,"trade_duration":30,"profit_ratio":0.027031489436066175,"profit_abs":10.80331393,"exit_reason":"rsi_overbought_exit","initial_stop_loss_abs":0.13316,"initial_stop_loss_ratio":-0.03,"stop_loss_abs":0.13715,"stop_loss_ratio":-0.02,"min_rate":0.1347,"max_rate":0.13853,"is_open":false,"enter_tag":"","leverage":2,"is_short":false,"open_timestamp":1767369600000,"close_timestamp":1767371400000,"orders":[{"amount":5910.0,"safe_price":0.13518,"ft_order_side":"buy","order_filled_timestamp":1767369600000,"ft_is_entry":true,"ft_order_tag":"","cost":799.3132568999998},{"amount":5910.0,"safe_price":0.13715,"ft_order_side":"sell","order_filled_timestamp":1767371400000,"ft_is_entry":false,"ft_order_tag":"rsi_overbought_exit","cost":810.9617782499998}],"funding_fees":-0.03465092293943703,"weekday":4},{"pair":"SOL/USDT:USDT","stake_amount":399.5912,"max_stake_amount":399.5912,"amount":6.14,"open_date":"2026-01-02 16:30:00+00:00","close_date":"2026-01-02 17:00:00+00:00","open_rate":130.16,"close_rate":130.84,"fee_open":0.0005,"fee_close":0.0005,"trade_duration":30,"profit_ratio":0.008439234592906375,"profit_abs":3.37393,"exit_reason":"rsi_overbought_exit","initial_stop_loss_abs":128.20759999999999,"initial_stop_loss_ratio":-0.03,"stop_loss_abs":130.9374,"stop_loss_ratio":-0.02,"min_rate":130.15,"max_rate":132.26,"is_open":false,"enter_tag":"","leverage":2,"is_short":false,"open_timestamp":1767371400000,"close_timestamp":1767373200000,"orders":[{"amount":6.14,"safe_price":130.16,"ft_order_side":"buy","order_filled_timestamp":1767371400000,"ft_is_entry":true,"ft_order_tag":"","cost":799.5819911999998},{"amount":6.14,"safe_price":130.84,"ft_order_side":"sell","order_filled_timestamp":1767373200000,"ft_is_entry":false,"ft_order_tag":"rsi_overbought_exit","cost":803.7592787999998}],"funding_fees":0.0,"weekday":4},{"pair":"DOGE/USDT:USDT","stake_amount":399.5611,"max_stake_amount":399.5611,"amount":5630.0,"open_date":"2026-01-03 07:00:00+00:00","close_date":"2026-01-03 07:00:00+00:00","open_rate":0.14194,"close_rate":0.13982,"fee_open":0.0005,"fee_close":0.0005,"trade_duration":0,"profit_ratio":-0.031840920458468806,"profit_abs":-12.7287544,"exit_reason":"stop_loss","initial_stop_loss_abs":0.13982,"initial_stop_loss_ratio":-0.03,"stop_loss_abs":0.13982,"stop_loss_ratio":-0.03,"min_rate":0.139,"max_rate":0.14215,"is_open":false,"enter_tag":"","leverage":2,"is_short":false,"open_timestamp":1767423600000,"close_timestamp":1767423600000,"orders":[{"amount":5630.0,"safe_price":0.14194,"ft_order_side":"buy","order_filled_timestamp":1767423600000,"ft_is_entry":true,"ft_order_tag":"","cost":799.5217610999999},{"amount":5630.0,"safe_price":0.13982,"ft_order_side":"sell","order_filled_timestamp":1767423600000,"ft_is_entry":false,"ft_order_tag":"stop_loss","cost":787.5801932999999}],"funding_fees":0.0,"weekday":5},{"pair":"ETH/USDT:USDT","stake_amount":399.7706,"max_stake_amount":399.7706,"amount":0.254,"open_date":"2026-01-04 06:30:00+00:00","close_date":"2026-01-05 01:00:00+00:00","open_rate":3147.8,"close_rate":3166.91,"fee_open":0.0005,"fee_close":0.0005,"trade_duration":1110,"profit_ratio":0.010001843778546427,"profit_abs":4.00044231,"exit_reason":"rsi_overbought_exit","initial_stop_loss_abs":3100.583,"initial_stop_loss_ratio":-0.03,"stop_loss_abs":3100.583,"stop_loss_ratio":-0.03,"min_rate":3116.14,"max_rate":3197.56,"is_open":false,"enter_tag":"","leverage":2,"is_short":false,"open_timestamp":1767508200000,"close_timestamp":1767574800000,"orders":[{"amount":0.254,"safe_price":3147.8,"ft_order_side":"buy","order_filled_timestamp":1767508200000,"ft_is_entry":true,"ft_order_tag":"","cost":799.9409706},{"amount":0.254,"safe_price":3166.91,"ft_order_side":"sell","order_filled_timestamp":1767574800000,"ft_is_entry":false,"ft_order_tag":"rsi_overbought_exit","cost":804.79733757}],"funding_fees":-0.05152952376345006,"weekday":0},{"pair":"SOL/USDT:USDT","stake_amount":399.6615,"max_stake_amount":399.6615,"amount":5.95,"open_date":"2026-01-04 06:30:00+00:00","close_date":"2026-01-05 01:00:00+00:00","open_rate":134.34,"close_rate":135.2835,"fee_open":0.0005,"fee_close":0.0005,"trade_duration":1110,"profit_ratio":0.01223820635724226,"profit_abs":4.89358548,"exit_reason":"trailing_stop_loss","initial_stop_loss_abs":132.3249,"initial_stop_loss_ratio":-0.03,"stop_loss_abs":135.2835,"stop_loss_ratio":-0.02,"min_rate":132.95,"max_rate":136.65,"is_open":false,"enter_tag":"","leverage":2,"is_short":false,"open_timestamp":1767508200000,"close_timestamp":1767574800000,"orders":[{"amount":5.95,"safe_price":134.34,"ft_order_side":"buy","order_filled_timestamp":1767508200000,"ft_is_entry":true,"ft_order_tag":"","cost":799.7226615000001},{"amount":5.95,"safe_price":135.2835,"ft_order_side":"sell","order_filled_timestamp":1767574800000,"ft_is_entry":false,"ft_order_tag":"trailing_stop_loss","cost":805.3392934125}],"funding_fees":0.08189039495362317,"weekday":0},{"pair":"BTC/USDT:USDT","stake_amount":397.52038,"max_stake_amount":397.52038,"amount":0.0086,"open_date":"2026-01-05 04:30:00+00:00","close_date":"2026-01-05 16:00:00+00:00","open_rate":92446.6,"close_rate":93909.0,"fee_open":0.0005,"fee_close":0.0005,"trade_duration":690,"profit_ratio":0.02933101339912157,"profit_abs":11.66550543,"exit_reason":"rsi_overbought_exit","initial_stop_loss_abs":91059.901,"initial_stop_loss_ratio":-0.03,"stop_loss_abs":93100.29299999999,"stop_loss_ratio":-0.02,"min_rate":92112.3,"max_rate":94040.7,"is_open":false,"enter_tag":"","leverage":2,"is_short":false,"open_timestamp":1767587400000,"close_timestamp":1767628800000,"orders":[{"amount":0.0086,"safe_price":92446.6,"ft_order_side":"buy","order_filled_timestamp":1767587400000,"ft_is_entry":true,"ft_order_tag":"","cost":795.43828038},{"amount":0.0086,"safe_price":93909.0,"ft_order_side":"sell","order_filled_timestamp":1767628800000,"ft_is_entry":false,"ft_order_tag":"rsi_overbought_exit","cost":808.0212086999999}],"funding_fees":-0.10980548698226733,"weekday":0},{"pair":"ETH/USDT:USDT","stake_amount":398.67912,"max_stake_amount":398.67912,"amount":0.252,"open_date":"2026-01-05 04:30:00+00:00","close_date":"2026-01-05 17:30:00+00:00","open_rate":3164.12,"close_rate":3196.6605,"fee_open":0.0005,"fee_close":0.0005,"trade_duration":780,"profit_ratio":0.018341282199269834,"profit_abs":7.31594239,"exit_reason":"trailing_stop_loss","initial_stop_loss_abs":3116.6582,"initial_stop_loss_ratio":-0.03,"stop_loss_abs":3196.6605,"stop_loss_ratio":-0.02,"min_rate":3132.02,"max_rate":3228.95,"is_open":false,"enter_tag":"","leverage":2,"is_short":false,"open_timestamp":1767587400000,"close_timestamp":1767634200000,"orders":[{"amount":0.252,"safe_price":3164.12,"ft_order_side":"buy","order_filled_timestamp":1767587400000,"ft_is_entry":true,"ft_order_tag":"","cost":797.75691912},{"amount":0.252,"safe_price":3196.6605,"ft_order_side":"sell","order_filled_timestamp":1767634200000,"ft_is_entry":false,"ft_order_tag":"trailing_stop_loss","cost":805.9612252229999}],"funding_fees":-0.08280526367712304,"weekday":0},{"pair":"DOGE/USDT:USDT","stake_amount":399.931,"max_stake_amount":399.931,"amount":5320.0,"open_date":"2026-01-05 17:00:00+00:00","close_date":"2026-01-05 17:30:00+00:00","open_rate":0.15035,"close_rate":0.1523,"fee_open":0.0005,"fee_close":0.0005,"trade_duration":30,"profit_ratio":0.023914547548307654,"profit_abs":9.568951,"exit_reason":"trailing_stop_loss","initial_stop_loss_abs":0.1481,"initial_stop_loss_ratio":-0.03,"stop_loss_abs":0.1523,"stop_loss_ratio":-0.02,"min_rate":0.14858,"max_rate":0.15383,"is_open":false,"enter_tag":"","leverage":2,"is_short":false,"open_timestamp":1767632400000,"close_timestamp":1767634200000,"orders":[{"amount":5320.0,"safe_price":0.15035,"ft_order_side":"buy","order_filled_timestamp":1767632400000,"ft_is_entry":true,"ft_order_tag":"","cost":800.261931},{"amount":5320.0,"safe_price":0.1523,"ft_order_side":"sell","order_filled_timestamp":1767634200000,"ft_is_entry":false,"ft_order_tag":"trailing_stop_loss","cost":810.6411179999999}],"funding_fees":0.0,"weekday":0},{"pair":"BTC/USDT:USDT","stake_amount":397.69128,"max_stake_amount":397.69128,"amount":0.0084,"open_date":"2026-01-05 20:30:00+00:00","close_date":"2026-01-06 07:00:00+00:00","open_rate":94688.4,"close_rate":93268.074,"fee_open":0.0005,"fee_close":0.0005,"trade_duration":630,"profit_ratio":-0.03186682941579721,"profit_abs":-12.67949676,"exit_reason":"stop_loss","initial_stop_loss_abs":93268.074,"initial_stop_loss_ratio":-0.03,"stop_loss_abs":93268.074,"stop_loss_ratio":-0.03,"min_rate":93257.6,"max_rate":94688.4,"is_open":false,"enter_tag":"","leverage":2,"is_short":false,"open_timestamp":1767645000000,"close_timestamp":1767682800000,"orders":[{"amount":0.0084,"safe_price":94688.4,"ft_order_side":"buy","order_filled_timestamp":1767645000000,"ft_is_entry":true,"ft_order_tag":"","cost":795.7802512799999},{"amount":0.0084,"safe_price":93268.074,"ft_order_side":"sell","order_filled_timestamp":1767682800000,"ft_is_entry":false,"ft_order_tag":"stop_loss","cost":783.8435475107999}],"funding_fees":0.04065883273545115,"weekday":1},{"pair":"ETH/USDT:USDT","stake_amount":398.47695,"max_stake_amount":398.47695,"amount":0.246,"open_date":"2026-01-06 11:30:00+00:00","close_date":"2026-01-06 14:00:00+00:00","open_rate":3239.65,"close_rate":3275.5635,"fee_open":0.0005,"fee_close":0.0005,"trade_duration":150,"profit_ratio":0.020150061559304166,"profit_abs":8.03334974,"exit_reason":"trailing_stop_loss","initial_stop_loss_abs":3191.05525,"initial_stop_loss_ratio":-0.03,"stop_loss_abs":3275.5635,"stop_loss_ratio":-0.02,"min_rate":3227.66,"max_rate":3308.65,"is_open":false,"enter_tag":"","leverage":2,"is_short":false,"open_timestamp":1767699000000,"close_timestamp":1767708000000,"orders":[{"amount":0.246,"safe_price":3239.65,"ft_order_side":"buy","order_filled_timestamp":1767699000000,"ft_is_entry":true,"ft_order_tag":"","cost":797.3523769499999},{"amount":0.246,"safe_price":3275.5635,"ft_order_side":"sell","order_filled_timestamp":1767708000000,"ft_is_entry":false,"ft_order_tag":"trailing_stop_loss","cost":806.1915153105}],"funding_fees":0.0,"weekday":1},{"pair":"ETH/USDT:USDT","stake_amount":399.72202,"max_stake_amount":399.72202,"amount":0.244,"open_date":"2026-01-06 15:00:00+00:00","close_date":"2026-01-06 17:30:00+00:00","open_rate":3276.41,"close_rate":3227.26385,"fee_open":0.0005,"fee_close":0.0005,"trade_duration":150,"profit_ratio":-0.03196238549818277,"profit_abs":-12.78245733,"exit_reason":"stop_loss","initial_stop_loss_abs":3227.26385,"initial_stop_loss_ratio":-0.03,"stop_loss_abs":3227.26385,"stop_loss_ratio":-0.03,"min_rate":3188.13,"max_rate":3300.9,"is_open":false,"enter_tag":"","leverage":2,"is_short":false,"open_timestamp":1767711600000,"close_timestamp":1767720600000,"orders":[{"amount":0.244,"safe_price":3276.41,"ft_order_side":"buy","order_filled_timestamp":1767711600000,"ft_is_entry":true,"ft_order_tag":"","cost":799.8437620199999},{"amount":0.244,"safe_price":3227.26385,"ft_order_side":"sell","order_filled_timestamp":1767720600000,"ft_is_entry":false,"ft_order_tag":"stop_loss","cost":787.8461055896998}],"funding_fees":0.002651478961388237,"weekday":1},{"pair":"SOL/USDT:USDT","stake_amount":399.5529,"max_stake_amount":399.5529,"amount":5.73,"open_date":"2026-01-11 17:30:00+00:00","close_date":"2026-01-11 19:00:00+00:00","open_rate":139.46,"close_rate":139.95,"fee_open":0.0005,"fee_close":0.0005,"trade_duration":90,"profit_ratio":0.005021080453606554,"profit_abs":2.00719035,"exit_reason":"rsi_overbought_exit","initial_stop_loss_abs":137.3681,"initial_stop_loss_ratio":-0.03,"stop_loss_abs":137.3681,"stop_loss_ratio":-0.03,"min_rate":138.69,"max_rate":140.14,"is_open":false,"enter_tag":"","leverage":2,"is_short":false,"open_timestamp":1768152600000,"close_timestamp":1768158000000,"orders":[{"amount":5.73,"safe_price":139.46,"ft_order_side":"buy","order_filled_timestamp":1768152600000,"ft_is_entry":true,"ft_order_tag":"","cost":799.5053529000002},{"amount":5.73,"safe_price":139.95,"ft_order_side":"sell","order_filled_timestamp":1768158000000,"ft_is_entry":false,"ft_order_tag":"rsi_overbought_exit","cost":802.31445675}],"funding_fees":0.0,"weekday":6},{"pair":"SOL/USDT:USDT","stake_amount":399.88635,"max_stake_amount":399.88635,"amount":5.79,"open_date":"2026-01-11 20:30:00+00:00","close_date":"2026-01-12 00:00:00+00:00","open_rate":138.13,"close_rate":139.3425,"fee_open":0.0005,"fee_close":0.0005,"trade_duration":210,"profit_ratio":0.015337321559566573,"profit_abs":6.13625213,"exit_reason":"trailing_stop_loss","initial_stop_loss_abs":136.05804999999998,"initial_stop_loss_ratio":-0.03,"stop_loss_abs":139.3425,"stop_loss_ratio":-0.02,"min_rate":137.46,"max_rate":140.75,"is_open":false,"enter_tag":"","leverage":2,"is_short":false,"open_timestamp":1768163400000,"close_timestamp":1768176000000,"orders":[{"amount":5.79,"safe_price":138.13,"ft_order_side":"buy","order_filled_timestamp":1768163400000,"ft_is_entry":true,"ft_order_tag":"","cost":800.17258635},{"amount":5.79,"safe_price":139.3425,"ft_order_side":"sell","order_filled_timestamp":1768176000000,"ft_is_entry":false,"ft_order_tag":"trailing_stop_loss","cost":807.1964715375}],"funding_fees":-0.08083998,"weekday":0},{"pair":"SOL/USDT:USDT","stake_amount":399.7863,"max_stake_amount":399.7863,"amount":5.63,"open_date":"2026-01-12 02:30:00+00:00","close_date":"2026-01-12 03:00:00+00:00","open_rate":142.02,"close_rate":142.32,"fee_open":0.0005,"fee_close":0.0005,"trade_duration":30,"profit_ratio":0.0022215339309643867,"profit_abs":0.8885829,"exit_reason":"rsi_overbought_exit","initial_stop_loss_abs":139.8897,"initial_stop_loss_ratio":-0.03,"stop_loss_abs":142.9164,"stop_loss_ratio":-0.02,"min_rate":141.67,"max_rate":144.36,"is_open":false,"enter_tag":"","leverage":2,"is_short":false,"open_timestamp":1768185000000,"close_timestamp":1768186800000,"orders":[{"amount":5.63,"safe_price":142.02,"ft_order_side":"buy","order_filled_timestamp":1768185000000,"ft_is_entry":true,"ft_order_tag":"","cost":799.9723863},{"amount":5.63,"safe_price":142.32,"ft_order_side":"sell","order_filled_timestamp":1768186800000,"ft_is_entry":false,"ft_order_tag":"rsi_overbought_exit","cost":801.6622307999999}],"funding_fees":0.0,"weekday":0},{"pair":"SOL/USDT:USDT","stake_amount":399.6564,"max_stake_amount":399.6564,"amount":5.61,"open_date":"2026-01-12 04:00:00+00:00","close_date":"2026-01-12 08:30:00+00:00","open_rate":142.48,"close_rate":140.34279999999998,"fee_open":0.0005,"fee_close":0.0005,"trade_duration":270,"profit_ratio":-0.03216258713261178,"profit_abs":-12.86041078,"exit_reason":"stop_loss","initial_stop_loss_abs":140.34279999999998,"initial_stop_loss_ratio":-0.03,"stop_loss_abs":140.34279999999998,"stop_loss_ratio":-0.03,"min_rate":138.94,"max_rate":143.29,"is_open":false,"enter_tag":"","leverage":2,"is_short":false,"open_timestamp":1768190400000,"close_timestamp":1768206600000,"orders":[{"amount":5.61,"safe_price":142.48,"ft_order_side":"buy","order_filled_timestamp":1768190400000,"ft_is_entry":true,"ft_order_tag":"","cost":799.7124564},{"amount":5.61,"safe_price":140.34279999999998,"ft_order_side":"sell","order_filled_timestamp":1768206600000,"ft_is_entry":false,"ft_order_tag":"stop_loss","cost":787.7167695539999}],"funding_fees":-0.07740082501279494,"weekday":0},{"pair":"BTC/USDT:USDT","stake_amount":397.6035,"max_stake_amount":397.6035,"amount":0.0084,"open_date":"2026-01-14 06:30:00+00:00","close_date":"2026-01-14 14:30:00+00:00","open_rate":94667.5,"close_rate":95809.23,"fee_open":0.0005,"fee_close":0.0005,"trade_duration":480,"profit_ratio":0.021896747182408676,"profit_abs":8.71057643,"exit_reason":"trailing_stop_loss","initial_stop_loss_abs":93247.4875,"initial_stop_loss_ratio":-0.03,"stop_loss_abs":95809.23,"stop_loss_ratio":-0.02,"min_rate":94505.0,"max_rate":96777.0,"is_open":false,"enter_tag":"","leverage":2,"is_short":false,"open_timestamp":1768372200000,"close_timestamp":1768401000000,"orders":[{"amount":0.0084,"safe_price":94667.5,"ft_order_side":"buy","order_filled_timestamp":1768372200000,"ft_is_entry":true,"ft_order_tag":"","cost":795.6046034999999},{"amount":0.0084,"safe_price":95809.23,"ft_order_side":"sell","order_filled_timestamp":1768401000000,"ft_is_entry":false,"ft_order_tag":"trailing_stop_loss","cost":805.1999307659999}],"funding_fees":-0.07995329999999999,"weekday":2},{"pair":"SOL/USDT:USDT","stake_amount":399.2877,"max_stake_amount":399.2877,"amount":5.49,"open_date":"2026-01-14 00:00:00+00:00","close_date":"2026-01-14 16:30:00+00:00","open_rate":145.46,"close_rate":146.7675,"fee_open":0.0005,"fee_close":0.0005,"trade_duration":990,"profit_ratio":0.015451046710299931,"profit_abs":6.17249761,"exit_reason":"trailing_stop_loss","initial_stop_loss_abs":143.2781,"initial_stop_loss_ratio":-0.03,"stop_loss_abs":146.7675,"stop_loss_ratio":-0.02,"min_rate":143.28,"max_rate":148.36,"is_open":false,"enter_tag":"","leverage":2,"is_short":false,"open_timestamp":1768348800000,"close_timestamp":1768408200000,"orders":[{"amount":5.49,"safe_price":145.46,"ft_order_side":"buy","order_filled_timestamp":1768348800000,"ft_is_entry":true,"ft_order_tag":"","cost":798.9746877},{"amount":5.49,"safe_price":146.7675,"ft_order_side":"sell","order_filled_timestamp":1768408200000,"ft_is_entry":false,"ft_order_tag":"trailing_stop_loss","cost":806.1564517875}],"funding_fees":-0.20351290671172195,"weekday":2},{"pair":"ETH/USDT:USDT","stake_amount":399.514135,"max_stake_amount":399.514135,"amount":0.241,"open_date":"2026-01-14 14:30:00+00:00","close_date":"2026-01-14 16:30:00+00:00","open_rate":3315.47,"close_rate":3373.99,"fee_open":0.0005,"fee_close":0.0005,"trade_duration":120,"profit_ratio":0.03306526150901979,"profit_abs":13.21664437,"exit_reason":"profit_3pct","initial_stop_loss_abs":3265.7379499999997,"initial_stop_loss_ratio":-0.03,"stop_loss_abs":3369.4056,"stop_loss_ratio":-0.02,"min_rate":3307.01,"max_rate":3403.44,"is_open":false,"enter_tag":"","leverage":2,"is_short":false,"open_timestamp":1768401000000,"close_timestamp":1768408200000,"orders":[{"amount":0.241,"safe_price":3315.47,"ft_order_side":"buy","order_filled_timestamp":1768401000000,"ft_is_entry":true,"ft_order_tag":"","cost":799.4277841349999},{"amount":0.241,"safe_price":3373.99,"ft_order_side":"sell","order_filled_timestamp":1768408200000,"ft_is_entry":false,"ft_order_tag":"profit_3pct","cost":813.538155795}],"funding_fees":-0.08059570199999999,"weekday":2},{"pair":"ETH/USDT:USDT","stake_amount":399.20043,"max_stake_amount":399.20043,"amount":0.237,"open_date":"2026-01-14 17:00:00+00:00","close_date":"2026-01-14 18:30:00+00:00","open_rate":3368.78,"close_rate":3318.2483,"fee_open":0.0005,"fee_close":0.0005,"trade_duration":90,"profit_ratio":-0.03196901548336554,"profit_abs":-12.76842575,"exit_reason":"stop_loss","initial_stop_loss_abs":3318.2483,"initial_stop_loss_ratio":-0.03,"stop_loss_abs":3318.2483,"stop_loss_ratio":-0.03,"min_rate":3313.57,"max_rate":3379.99,"is_open":false,"enter_tag":"","leverage":2,"is_short":false,"open_timestamp":1768410000000,"close_timestamp":1768415400000,"orders":[{"amount":0.237,"safe_price":3368.78,"ft_order_side":"buy","order_filled_timestamp":1768410000000,"ft_is_entry":true,"ft_order_tag":"","cost":798.8000604299999},{"amount":0.237,"safe_price":3318.2483,"ft_order_side":"sell","order_filled_timestamp":1768415400000,"ft_is_entry":false,"ft_order_tag":"stop_loss","cost":786.8180595235499}],"funding_fees":0.0,"weekday":2},{"pair":"BTC/USDT:USDT","stake_amount":397.27155,"max_stake_amount":397.27155,"amount":0.0082,"open_date":"2026-01-14 18:00:00+00:00","close_date":"2026-01-14 19:30:00+00:00","open_rate":96895.5,"close_rate":97504.3,"fee_open":0.0005,"fee_close":0.0005,"trade_duration":90,"profit_ratio":0.010554554706588167,"profit_abs":4.19512082,"exit_reason":"rsi_overbought_exit","initial_stop_loss_abs":95442.0675,"initial_stop_loss_ratio":-0.03,"stop_loss_abs":95442.0675,"stop_loss_ratio":-0.03,"min_rate":96176.2,"max_rate":97618.7,"is_open":false,"enter_tag":"","leverage":2,"is_short":false,"open_timestamp":1768413600000,"close_timestamp":1768419000000,"orders":[{"amount":0.0082,"safe_price":96895.5,"ft_order_side":"buy","order_filled_timestamp":1768413600000,"ft_is_entry":true,"ft_order_tag":"","cost":794.94037155},{"amount":0.0082,"safe_price":97504.3,"ft_order_side":"sell","order_filled_timestamp":1768419000000,"ft_is_entry":false,"ft_order_tag":"rsi_overbought_exit","cost":799.93502763}],"funding_fees":0.0,"weekday":2},{"pair":"ETH/USDT:USDT","stake_amount":398.830055,"max_stake_amount":398.830055,"amount":0.239,"open_date":"2026-01-14 19:00:00+00:00","close_date":"2026-01-14 19:30:00+00:00","open_rate":3337.49,"close_rate":3366.0,"fee_open":0.0005,"fee_close":0.0005,"trade_duration":30,"profit_ratio":0.015068618740329163,"profit_abs":6.01282295,"exit_reason":"trailing_stop_loss","initial_stop_loss_abs":3287.4276499999996,"initial_stop_loss_ratio":-0.03,"stop_loss_abs":3366.0,"stop_loss_ratio":-0.02,"min_rate":3330.58,"max_rate":3400.0,"is_open":false,"enter_tag":"","leverage":2,"is_short":false,"open_timestamp":1768417200000,"close_timestamp":1768419000000,"orders":[{"amount":0.239,"safe_price":3337.49,"ft_order_side":"buy","order_filled_timestamp":1768417200000,"ft_is_entry":true,"ft_order_tag":"","cost":798.0589400549999},{"amount":0.239,"safe_price":3366.0,"ft_order_side":"sell","order_filled_timestamp":1768419000000,"ft_is_entry":false,"ft_order_tag":"trailing_stop_loss","cost":804.8762369999998}],"funding_fees":0.0,"weekday":2},{"pair":"DOGE/USDT:USDT","stake_amount":399.4834,"max_stake_amount":399.4834,"amount":6340.0,"open_date":"2026-01-28 14:00:00+00:00","close_date":"2026-01-28 15:00:00+00:00","open_rate":0.12602,"close_rate":0.12413,"fee_open":0.0005,"fee_close":0.0005,"trade_duration":60,"profit_ratio":-0.03196425910199955,"profit_abs":-12.7755755,"exit_reason":"stop_loss","initial_stop_loss_abs":0.12413,"initial_stop_loss_ratio":-0.03,"stop_loss_abs":0.12413,"stop_loss_ratio":-0.03,"min_rate":0.12368,"max_rate":0.12602,"is_open":false,"enter_tag":"","leverage":2,"is_short":false,"open_timestamp":1769608800000,"close_timestamp":1769612400000,"orders":[{"amount":6340.0,"safe_price":0.12602,"ft_order_side":"buy","order_filled_timestamp":1769608800000,"ft_is_entry":true,"ft_order_tag":"","cost":799.3662833999999},{"amount":6340.0,"safe_price":0.12413,"ft_order_side":"sell","order_filled_timestamp":1769612400000,"ft_is_entry":false,"ft_order_tag":"stop_loss","cost":787.3776921}],"funding_fees":0.0,"weekday":2},{"pair":"ETH/USDT:USDT","stake_amount":399.92745,"max_stake_amount":399.92745,"amount":0.39,"open_date":"2026-02-14 06:30:00+00:00","close_date":"2026-02-14 08:00:00+00:00","open_rate":2050.91,"close_rate":2070.9117,"fee_open":0.0005,"fee_close":0.0005,"trade_duration":90,"profit_ratio":0.017405397933535453,"profit_abs":6.96437686,"exit_reason":"trailing_stop_loss","initial_stop_loss_abs":2020.1463499999998,"initial_stop_loss_ratio":-0.03,"stop_loss_abs":2070.9117,"stop_loss_ratio":-0.02,"min_rate":2049.55,"max_rate":2091.83,"is_open":false,"enter_tag":"","leverage":2,"is_short":false,"open_timestamp":1771050600000,"close_timestamp":1771056000000,"orders":[{"amount":0.39,"safe_price":2050.91,"ft_order_side":"buy","order_filled_timestamp":1771050600000,"ft_is_entry":true,"ft_order_tag":"","cost":800.2548274499999},{"amount":0.39,"safe_price":2070.9117,"ft_order_side":"sell","order_filled_timestamp":1771056000000,"ft_is_entry":false,"ft_order_tag":"trailing_stop_loss","cost":808.0593907814999}],"funding_fees":-0.03253091282458306,"weekday":5},{"pair":"SOL/USDT:USDT","stake_amount":399.6896,"max_stake_amount":399.6896,"amount":9.44,"open_date":"2026-02-14 06:30:00+00:00","close_date":"2026-02-14 08:00:00+00:00","open_rate":84.68,"close_rate":85.2291,"fee_open":0.0005,"fee_close":0.0005,"trade_duration":90,"profit_ratio":0.011001810868502323,"profit_abs":4.39950804,"exit_reason":"trailing_stop_loss","initial_stop_loss_abs":83.4098,"initial_stop_loss_ratio":-0.03,"stop_loss_abs":85.2291,"stop_loss_ratio":-0.02,"min_rate":84.62,"max_rate":86.09,"is_open":false,"enter_tag":"","leverage":2,"is_short":false,"open_timestamp":1771050600000,"close_timestamp":1771056000000,"orders":[{"amount":9.44,"safe_price":84.68,"ft_order_side":"buy","order_filled_timestamp":1771050600000,"ft_is_entry":true,"ft_order_tag":"","cost":799.7788896},{"amount":9.44,"safe_price":85.2291,"ft_order_side":"sell","order_filled_timestamp":1771056000000,"ft_is_entry":false,"ft_order_tag":"trailing_stop_loss","cost":804.9649853519999}],"funding_fees":0.01797499015963269,"weekday":5},{"pair":"BTC/USDT:USDT","stake_amount":397.784425,"max_stake_amount":397.784425,"amount":0.0115,"open_date":"2026-02-14 08:00:00+00:00","close_date":"2026-02-14 08:30:00+00:00","open_rate":69179.9,"close_rate":69457.5,"fee_open":0.0005,"fee_close":0.0005,"trade_duration":30,"profit_ratio":0.006031725693462316,"profit_abs":2.4005262,"exit_reason":"rsi_overbought_exit","initial_stop_loss_abs":68142.2015,"initial_stop_loss_ratio":-0.03,"stop_loss_abs":68142.2015,"stop_loss_ratio":-0.03,"min_rate":69171.4,"max_rate":69846.6,"is_open":false,"enter_tag":"","leverage":2,"is_short":false,"open_timestamp":1771056000000,"close_timestamp":1771057800000,"orders":[{"amount":0.0115,"safe_price":69179.9,"ft_order_side":"buy","order_filled_timestamp":1771056000000,"ft_is_entry":true,"ft_order_tag":"","cost":795.9666344249998},{"amount":0.0115,"safe_price":69457.5,"ft_order_side":"sell","order_filled_timestamp":1771057800000,"ft_is_entry":false,"ft_order_tag":"rsi_overbought_exit","cost":799.160630625}],"funding_fees":0.005291246665423755,"weekday":5},{"pair":"SOL/USDT:USDT","stake_amount":399.7188,"max_stake_amount":399.7188,"amount":9.36,"open_date":"2026-02-14 08:30:00+00:00","close_date":"2026-02-14 09:00:00+00:00","open_rate":85.41,"close_rate":86.13,"fee_open":0.0005,"fee_close":0.0005,"trade_duration":30,"profit_ratio":0.014844000549777797,"profit_abs":5.9363928,"exit_reason":"rsi_overbought_exit","initial_stop_loss_abs":84.12885,"initial_stop_loss_ratio":-0.03,"stop_loss_abs":84.12885,"stop_loss_ratio":-0.03,"min_rate":85.39,"max_rate":86.35,"is_open":false,"enter_tag":"","leverage":2,"is_short":false,"open_timestamp":1771057800000,"close_timestamp":1771059600000,"orders":[{"amount":9.36,"safe_price":85.41,"ft_order_side":"buy","order_filled_timestamp":1771057800000,"ft_is_entry":true,"ft_order_tag":"","cost":799.8373187999999},{"amount":9.36,"safe_price":86.13,"ft_order_side":"sell","order_filled_timestamp":1771059600000,"ft_is_entry":false,"ft_order_tag":"rsi_overbought_exit","cost":806.5798884}],"funding_fees":0.0,"weekday":5},{"pair":"DOGE/USDT:USDT","stake_amount":399.7539,"max_stake_amount":399.7539,"amount":8190.0,"open_date":"2026-02-14 09:00:00+00:00","close_date":"2026-02-14 10:00:00+00:00","open_rate":0.09762,"close_rate":0.09815,"fee_open":0.0005,"fee_close":0.0005,"trade_duration":60,"profit_ratio":0.00884857714555957,"profit_abs":3.53902185,"exit_reason":"rsi_overbought_exit","initial_stop_loss_abs":0.09616,"initial_stop_loss_ratio":-0.03,"stop_loss_abs":0.09616,"stop_loss_ratio":-0.03,"min_rate":0.09735,"max_rate":0.09828,"is_open":false,"enter_tag":"","leverage":2,"is_short":false,"open_timestamp":1771059600000,"close_timestamp":1771063200000,"orders":[{"amount":8190.0,"safe_price":0.09762,"ft_order_side":"buy","order_filled_timestamp":1771059600000,"ft_is_entry":true,"ft_order_tag":"","cost":799.9075538999999},{"amount":8190.0,"safe_price":0.09815,"ft_order_side":"sell","order_filled_timestamp":1771063200000,"ft_is_entry":false,"ft_order_tag":"rsi_overbought_exit","cost":804.25042425}],"funding_fees":0.0,"weekday":5},{"pair":"BTC/USDT:USDT","stake_amount":399.8964,"max_stake_amount":399.8964,"amount":0.0115,"open_date":"2026-02-14 09:30:00+00:00","close_date":"2026-02-14 10:00:00+00:00","open_rate":69547.2,"close_rate":69672.2,"fee_open":0.0005,"fee_close":0.0005,"trade_duration":30,"profit_ratio":0.001592087638054578,"profit_abs":0.63698845,"exit_reason":"rsi_overbought_exit","initial_stop_loss_abs":68503.992,"initial_stop_loss_ratio":-0.03,"stop_loss_abs":68503.992,"stop_loss_ratio":-0.03,"min_rate":69541.0,"max_rate":69720.0,"is_open":false,"enter_tag":"","leverage":2,"is_short":false,"open_timestamp":1771061400000,"close_timestamp":1771063200000,"orders":[{"amount":0.0115,"safe_price":69547.2,"ft_order_side":"buy","order_filled_timestamp":1771061400000,"ft_is_entry":true,"ft_order_tag":"","cost":800.1926963999999},{"amount":0.0115,"safe_price":69672.2,"ft_order_side":"sell","order_filled_timestamp":1771063200000,"ft_is_entry":false,"ft_order_tag":"rsi_overbought_exit","cost":801.6309151499999}],"funding_fees":0.0,"weekday":5},{"pair":"DOGE/USDT:USDT","stake_amount":399.7176,"max_stake_amount":399.7176,"amount":8160.0,"open_date":"2026-02-14 10:30:00+00:00","close_date":"2026-02-14 11:00:00+00:00","open_rate":0.09797,"close_rate":0.09925,"fee_open":0.0005,"fee_close":0.0005,"trade_duration":30,"profit_ratio":0.024105330207204248,"profit_abs":9.6401424,"exit_reason":"trailing_stop_loss","initial_stop_loss_abs":0.09651,"initial_stop_loss_ratio":-0.03,"stop_loss_abs":0.09925,"stop_loss_ratio":-0.02,"min_rate":0.09786,"max_rate":0.10025,"is_open":false,"enter_tag":"","leverage":2,"is_short":false,"open_timestamp":1771065000000,"close_timestamp":1771066800000,"orders":[{"amount":8160.0,"safe_price":0.09797,"ft_order_side":"buy","order_filled_timestamp":1771065000000,"ft_is_entry":true,"ft_order_tag":"","cost":799.8349175999999},{"amount":8160.0,"safe_price":0.09925,"ft_order_side":"sell","order_filled_timestamp":1771066800000,"ft_is_entry":false,"ft_order_tag":"trailing_stop_loss","cost":810.28494}],"funding_fees":0.0,"weekday":5},{"pair":"ETH/USDT:USDT","stake_amount":399.56597,"max_stake_amount":399.56597,"amount":0.386,"open_date":"2026-02-14 13:00:00+00:00","close_date":"2026-02-15 03:30:00+00:00","open_rate":2070.29,"close_rate":2039.2356499999999,"fee_open":0.0005,"fee_close":0.0005,"trade_duration":870,"profit_ratio":-0.0322797044610377,"profit_abs":-12.90432036,"exit_reason":"stop_loss","initial_stop_loss_abs":2039.2356499999999,"initial_stop_loss_ratio":-0.03,"stop_loss_abs":2039.2356499999999,"stop_loss_ratio":-0.03,"min_rate":2035.12,"max_rate":2098.87,"is_open":false,"enter_tag":"","leverage":2,"is_short":false,"open_timestamp":1771074000000,"close_timestamp":1771126200000,"orders":[{"amount":0.386,"safe_price":2070.29,"ft_order_side":"buy","order_filled_timestamp":1771074000000,"ft_is_entry":true,"ft_order_tag":"","cost":799.5315059699999},{"amount":0.386,"safe_price":2039.2356499999999,"ft_order_side":"sell","order_filled_timestamp":1771126200000,"ft_is_entry":false,"ft_order_tag":"stop_loss","cost":787.53853338045}],"funding_fees":-0.12420281215750925,"weekday":6},{"pair":"DOGE/USDT:USDT","stake_amount":399.86295,"max_stake_amount":399.86295,"amount":6990.0,"open_date":"2026-02-15 06:30:00+00:00","close_date":"2026-02-15 07:30:00+00:00","open_rate":0.11441,"close_rate":0.11514,"fee_open":0.0005,"fee_close":0.0005,"trade_duration":60,"profit_ratio":0.01074936703486383,"profit_abs":4.30042275,"exit_reason":"rsi_overbought_exit","initial_stop_loss_abs":0.1127,"initial_stop_loss_ratio":-0.03,"stop_loss_abs":0.11547,"stop_loss_ratio":-0.02,"min_rate":0.11408,"max_rate":0.11663,"is_open":false,"enter_tag":"","leverage":2,"is_short":false,"open_timestamp":1771137000000,"close_timestamp":1771140600000,"orders":[{"amount":6990.0,"safe_price":0.11441,"ft_order_side":"buy","order_filled_timestamp":1771137000000,"ft_is_entry":true,"ft_order_tag":"","cost":800.12576295},{"amount":6990.0,"safe_price":0.11514,"ft_order_side":"sell","order_filled_timestamp":1771140600000,"ft_is_entry":false,"ft_order_tag":"rsi_overbought_exit","cost":805.2310143}],"funding_fees":0.0,"weekday":6},{"pair":"BTC/USDT:USDT","stake_amount":396.80037,"max_stake_amount":396.80037,"amount":0.0114,"open_date":"2026-02-14 13:00:00+00:00","close_date":"2026-02-15 08:00:00+00:00","open_rate":69614.1,"close_rate":70776.9,"fee_open":0.0005,"fee_close":0.0005,"trade_duration":1140,"profit_ratio":0.031104870587497283,"profit_abs":12.34859537,"exit_reason":"profit_3pct","initial_stop_loss_abs":68569.8885,"initial_stop_loss_ratio":-0.03,"stop_loss_abs":70219.71,"stop_loss_ratio":-0.02,"min_rate":69194.0,"max_rate":70929.0,"is_open":false,"enter_tag":"","leverage":2,"is_short":false,"open_timestamp":1771074000000,"close_timestamp":1771142400000,"orders":[{"amount":0.0114,"safe_price":69614.1,"ft_order_side":"buy","order_filled_timestamp":1771074000000,"ft_is_entry":true,"ft_order_tag":"","cost":793.99754037},{"amount":0.0114,"safe_price":70776.9,"ft_order_side":"sell","order_filled_timestamp":1771142400000,"ft_is_entry":false,"ft_order_tag":"profit_3pct","cost":807.2600883299999}],"funding_fees":-0.10709592821741874,"weekday":6},{"pair":"DOGE/USDT:USDT","stake_amount":399.8241,"max_stake_amount":399.8241,"amount":7020.0,"open_date":"2026-02-15 09:00:00+00:00","close_date":"2026-02-15 10:00:00+00:00","open_rate":0.11391,"close_rate":0.11221,"fee_open":0.0005,"fee_close":0.0005,"trade_duration":60,"profit_ratio":-0.03181729300392381,"profit_abs":-12.7276812,"exit_reason":"stop_loss","initial_stop_loss_abs":0.11221,"initial_stop_loss_ratio":-0.03,"stop_loss_abs":0.11221,"stop_loss_ratio":-0.03,"min_rate":0.11209,"max_rate":0.11528,"is_open":false,"enter_tag":"","leverage":2,"is_short":false,"open_timestamp":1771146000000,"close_timestamp":1771149600000,"orders":[{"amount":7020.0,"safe_price":0.11391,"ft_order_side":"buy","order_filled_timestamp":1771146000000,"ft_is_entry":true,"ft_order_tag":"","cost":800.0480240999999},{"amount":7020.0,"safe_price":0.11221,"ft_order_side":"sell","order_filled_timestamp":1771149600000,"ft_is_entry":false,"ft_order_tag":"stop_loss","cost":788.1080571}],"funding_fees":0.0,"weekday":6},{"pair":"SOL/USDT:USDT","stake_amount":399.7833,"max_stake_amount":399.7833,"amount":8.89,"open_date":"2026-02-15 08:30:00+00:00","close_date":"2026-02-15 12:30:00+00:00","open_rate":89.94,"close_rate":88.59089999999999,"fee_open":0.0005,"fee_close":0.0005,"trade_duration":240,"profit_ratio":-0.031969015491003824,"profit_abs":-12.78706885,"exit_reason":"stop_loss","initial_stop_loss_abs":88.59089999999999,"initial_stop_loss_ratio":-0.03,"stop_loss_abs":88.59089999999999,"stop_loss_ratio":-0.03,"min_rate":87.23,"max_rate":90.47,"is_open":false,"enter_tag":"","leverage":2,"is_short":false,"open_timestamp":1771144200000,"close_timestamp":1771158600000,"orders":[{"amount":8.89,"safe_price":89.94,"ft_order_side":"buy","order_filled_timestamp":1771144200000,"ft_is_entry":true,"ft_order_tag":"","cost":799.9663833},{"amount":8.89,"safe_price":88.59089999999999,"ft_order_side":"sell","order_filled_timestamp":1771158600000,"ft_is_entry":false,"ft_order_tag":"stop_loss","cost":787.9668875504999}],"funding_fees":0.0,"weekday":6},{"pair":"DOGE/USDT:USDT","stake_amount":399.7722,"max_stake_amount":399.7722,"amount":7080.0,"open_date":"2026-02-15 10:30:00+00:00","close_date":"2026-02-15 12:30:00+00:00","open_rate":0.11293,"close_rate":0.11124,"fee_open":0.0005,"fee_close":0.0005,"trade_duration":120,"profit_ratio":-0.03189913057285224,"profit_abs":-12.7587618,"exit_reason":"stop_loss","initial_stop_loss_abs":0.11124,"initial_stop_loss_ratio":-0.03,"stop_loss_abs":0.11124,"stop_loss_ratio":-0.03,"min_rate":0.10856,"max_rate":0.11391,"is_open":false,"enter_tag":"","leverage":2,"is_short":false,"open_timestamp":1771151400000,"close_timestamp":1771158600000,"orders":[{"amount":7080.0,"safe_price":0.11293,"ft_order_side":"buy","order_filled_timestamp":1771151400000,"ft_is_entry":true,"ft_order_tag":"","cost":799.9441721999999},{"amount":7080.0,"safe_price":0.11124,"ft_order_side":"sell","order_filled_timestamp":1771158600000,"ft_is_entry":false,"ft_order_tag":"stop_loss","cost":787.9729896}],"funding_fees":0.0,"weekday":6},{"pair":"SOL/USDT:USDT","stake_amount":399.70225,"max_stake_amount":399.70225,"amount":9.29,"open_date":"2026-02-21 16:30:00+00:00","close_date":"2026-02-21 19:00:00+00:00","open_rate":86.05,"close_rate":86.53,"fee_open":0.0005,"fee_close":0.0005,"trade_duration":150,"profit_ratio":0.009146153245283227,"profit_abs":3.6575659,"exit_reason":"rsi_overbought_exit","initial_stop_loss_abs":84.75925,"initial_stop_loss_ratio":-0.03,"stop_loss_abs":84.75925,"stop_loss_ratio":-0.03,"min_rate":85.75,"max_rate":86.67,"is_open":false,"enter_tag":"","leverage":2,"is_short":false,"open_timestamp":1771691400000,"close_timestamp":1771700400000,"orders":[{"amount":9.29,"safe_price":86.05,"ft_order_side":"buy","order_filled_timestamp":1771691400000,"ft_is_entry":true,"ft_order_tag":"","cost":799.8042022499998},{"amount":9.29,"safe_price":86.53,"ft_order_side":"sell","order_filled_timestamp":1771700400000,"ft_is_entry":false,"ft_order_tag":"rsi_overbought_exit","cost":804.2656318499999}],"funding_fees":0.0,"weekday":5}],"locks":[],"best_pair":{"key":"ETH/USDT:USDT","trades":16,"profit_mean":0.0036599450674188096,"profit_mean_pct":0.37,"profit_total_abs":23.355988800000006,"profit_total":0.023355988800000005,"profit_total_pct":2.34,"duration_avg":"7:49:00","wins":11,"draws":0,"losses":5,"winrate":0.6875,"cagr":0.10422094755298317,"expectancy":1.4597493000000004,"expectancy_ratio":0.11404679263353912,"sortino":99.19017951960544,"sharpe":0.5329680968072764,"calmar":33.66011160468751,"sqn":0.574,"profit_factor":1.3649497364273255,"max_drawdown_account":0.01559589178988805,"max_drawdown_abs":15.969361479999998},"worst_pair":{"key":"SOL/USDT:USDT","trades":17,"profit_mean":-0.0013479169932110017,"profit_mean_pct":-0.13,"profit_total_abs":-9.169093620000007,"profit_total":-0.009169093620000008,"profit_total_pct":-0.92,"duration_avg":"4:07:00","wins":12,"draws":0,"losses":5,"winrate":0.7058823529411765,"cagr":-0.03878270859512134,"expectancy":-0.5393584482352938,"expectancy_ratio":-0.04209031023985199,"sortino":-47.95970849487325,"sharpe":-0.252546962743231,"calmar":-5.6345931664813085,"sqn":-0.2644,"profit_factor":0.8568929451845029,"max_drawdown_account":0.03657559074999995,"max_drawdown_abs":36.57559075},"results_per_pair":[{"key":"ETH/USDT:USDT","trades":16,"profit_mean":0.0036599450674188096,"profit_mean_pct":0.37,"profit_total_abs":23.355988800000006,"profit_total":0.023355988800000005,"profit_total_pct":2.34,"duration_avg":"7:49:00","wins":11,"draws":0,"losses":5,"winrate":0.6875,"cagr":0.10422094755298317,"expectancy":1.4597493000000004,"expectancy_ratio":0.11404679263353912,"sortino":99.19017951960544,"sharpe":0.5329680968072764,"calmar":33.66011160468751,"sqn":0.574,"profit_factor":1.3649497364273255,"max_drawdown_account":0.01559589178988805,"max_drawdown_abs":15.969361479999998},{"key":"DOGE/USDT:USDT","trades":18,"profit_mean":0.003014966426989661,"profit_mean_pct":0.3,"profit_total_abs":21.73203607,"profit_total":0.02173203607,"profit_total_pct":2.17,"duration_avg":"1:43:00","wins":12,"draws":0,"losses":6,"winrate":0.6666666666666666,"cagr":0.09671610911367479,"expectancy":1.2073353372222222,"expectancy_ratio":0.09454594751514511,"sortino":134.44605179565366,"sharpe":0.4415585659142744,"calmar":19.220631245816712,"sqn":0.45,"profit_factor":1.2836378425454356,"max_drawdown_account":0.02541325399013385,"max_drawdown_abs":25.628185540000004},{"key":"BTC/USDT:USDT","trades":9,"profit_mean":0.0004985311370344193,"profit_mean_pct":0.05,"profit_total_abs":1.8062492500000005,"profit_total":0.0018062492500000005,"profit_total_pct":0.18,"duration_avg":"7:57:00","wins":6,"draws":0,"losses":3,"winrate":0.6666666666666666,"cagr":0.0077793534947145915,"expectancy":0.20069436111111116,"expectancy_ratio":0.015781554402078735,"sortino":5.670998574716688,"sharpe":0.04122027198483593,"calmar":1.5328372960055239,"sqn":0.0576,"profit_factor":1.0473446632062364,"max_drawdown_account":0.026485558019999984,"max_drawdown_abs":26.48555802},{"key":"SOL/USDT:USDT","trades":17,"profit_mean":-0.0013479169932110017,"profit_mean_pct":-0.13,"profit_total_abs":-9.169093620000007,"profit_total":-0.009169093620000008,"profit_total_pct":-0.92,"duration_avg":"4:07:00","wins":12,"draws":0,"losses":5,"winrate":0.7058823529411765,"cagr":-0.03878270859512134,"expectancy":-0.5393584482352938,"expectancy_ratio":-0.04209031023985199,"sortino":-47.95970849487325,"sharpe":-0.252546962743231,"calmar":-5.6345931664813085,"sqn":-0.2644,"profit_factor":0.8568929451845029,"max_drawdown_account":0.03657559074999995,"max_drawdown_abs":36.57559075},{"key":"TOTAL","trades":60,"profit_mean":0.001573345135220626,"profit_mean_pct":0.16,"profit_total_abs":37.725180500000015,"profit_total":0.03772518050000002,"profit_total_pct":3.77,"duration_avg":"4:58:00","wins":41,"draws":0,"losses":19,"winrate":0.6833333333333333,"cagr":0.1723560383632361,"expectancy":0.6287530083333337,"expectancy_ratio":0.04919426758736378,"sortino":142.96780162951202,"sharpe":0.8622761036291645,"calmar":8.44620170291868,"sqn":0.4911,"profit_factor":1.155350318696938,"max_drawdown_account":0.10039160195150222,"max_drawdown_abs":103.64470445999999}],"results_per_enter_tag":[{"key":"","trades":60,"profit_mean":0.001573345135220626,"profit_mean_pct":0.16,"profit_total_abs":37.725180500000015,"profit_total":0.03772518050000002,"profit_total_pct":3.77,"duration_avg":"4:58:00","wins":41,"draws":0,"losses":19,"winrate":0.6833333333333333,"cagr":0.1723560383632361,"expectancy":0.6287530083333337,"expectancy_ratio":0.04919426758736378,"sortino":142.96780162951202,"sharpe":0.8622761036291645,"calmar":8.44620170291868,"sqn":0.4911,"profit_factor":1.155350318696938,"max_drawdown_account":0.10039160195150222,"max_drawdown_abs":103.64470445999999},{"key":"TOTAL","trades":60,"profit_mean":0.001573345135220626,"profit_mean_pct":0.16,"profit_total_abs":37.725180500000015,"profit_total":0.03772518050000002,"profit_total_pct":3.77,"duration_avg":"4:58:00","wins":41,"draws":0,"losses":19,"winrate":0.6833333333333333,"cagr":0.1723560383632361,"expectancy":0.6287530083333337,"expectancy_ratio":0.04919426758736378,"sortino":142.96780162951202,"sharpe":0.8622761036291645,"calmar":8.44620170291868,"sqn":0.4911,"profit_factor":1.155350318696938,"max_drawdown_account":0.10039160195150222,"max_drawdown_abs":103.64470445999999}],"exit_reason_summary":[{"key":"trailing_stop_loss","trades":17,"profit_mean":0.019427613830286877,"profit_mean_pct":1.94,"profit_total_abs":131.96051816000002,"profit_total":0.13196051816,"profit_total_pct":13.2,"duration_avg":"4:44:00","wins":17,"draws":0,"losses":0,"winrate":1.0,"cagr":0.7027772782588233,"expectancy":7.762383421176472,"expectancy_ratio":100.0,"sortino":-100,"sharpe":10.791716085639116,"calmar":-100,"sqn":11.2973,"profit_factor":0.0,"max_drawdown_account":0.0,"max_drawdown_abs":0.0},{"key":"rsi_overbought_exit","trades":21,"profit_mean":0.01182277787036582,"profit_mean_pct":1.18,"profit_total_abs":99.13625573999998,"profit_total":0.09913625573999998,"profit_total_pct":9.91,"duration_avg":"4:17:00","wins":21,"draws":0,"losses":0,"winrate":1.0,"cagr":0.5006524266546679,"expectancy":4.720774082857142,"expectancy_ratio":100.0,"sortino":-100,"sharpe":7.172847194276536,"calmar":-100,"sqn":6.7961,"profit_factor":0.0,"max_drawdown_account":0.0,"max_drawdown_abs":0.0},{"key":"profit_3pct","trades":2,"profit_mean":0.03208506604825854,"profit_mean_pct":3.21,"profit_total_abs":25.56523974,"profit_total":0.02556523974,"profit_total_pct":2.56,"duration_avg":"10:30:00","wins":2,"draws":0,"losses":0,"winrate":1.0,"cagr":0.11449382874910796,"expectancy":12.78261987,"expectancy_ratio":100.0,"sortino":-100,"sharpe":13.239242307165934,"calmar":-100,"sqn":29.4514,"profit_factor":0.0,"max_drawdown_account":0.0,"max_drawdown_abs":0.0},{"key":"roi","trades":1,"profit_mean":0.05976955051885821,"profit_mean_pct":5.98,"profit_total_abs":23.90258178,"profit_total":0.023902581779999998,"profit_total_pct":2.39,"duration_avg":"4:00:00","wins":1,"draws":0,"losses":0,"winrate":1.0,"cagr":0.10675578014116693,"expectancy":23.90258178,"expectancy_ratio":100.0,"sortino":-100,"sharpe":-100,"calmar":-100,"sqn":-100.0,"profit_factor":0.0,"max_drawdown_account":0.0,"max_drawdown_abs":0.0},{"key":"stop_loss","trades":19,"profit_mean":-0.03200456552077352,"profit_mean_pct":-3.2,"profit_total_abs":-242.83941492,"profit_total":-0.24283941492,"profit_total_pct":-24.28,"duration_avg":"5:22:00","wins":0,"draws":0,"losses":19,"winrate":0.0,"cagr":-0.6971559462256884,"expectancy":-12.781021837894736,"expectancy_ratio":-1.0,"sortino":-920.2929406821346,"sharpe":-920.2929406821346,"calmar":-22.476439028873887,"sqn":-914.2842,"profit_factor":0.0,"max_drawdown_account":0.24283941491999997,"max_drawdown_abs":242.83941492},{"key":"TOTAL","trades":60,"profit_mean":0.001573345135220626,"profit_mean_pct":0.16,"profit_total_abs":37.725180500000015,"profit_total":0.03772518050000002,"profit_total_pct":3.77,"duration_avg":"4:58:00","wins":41,"draws":0,"losses":19,"winrate":0.6833333333333333,"cagr":0.1723560383632361,"expectancy":0.6287530083333337,"expectancy_ratio":0.04919426758736378,"sortino":142.96780162951202,"sharpe":0.8622761036291645,"calmar":8.44620170291868,"sqn":0.4911,"profit_factor":1.155350318696938,"max_drawdown_account":0.10039160195150222,"max_drawdown_abs":103.64470445999999}],"mix_tag_stats":[{"key":["","trailing_stop_loss"],"trades":17,"profit_mean":0.019427613830286877,"profit_mean_pct":1.94,"profit_total_abs":131.96051816000002,"profit_total":0.13196051816,"profit_total_pct":13.2,"duration_avg":"4:44:00","wins":17,"draws":0,"losses":0,"winrate":1.0,"cagr":0.7027772782588233,"expectancy":7.762383421176472,"expectancy_ratio":100.0,"sortino":-100,"sharpe":10.791716085639116,"calmar":-100,"sqn":11.2973,"profit_factor":0.0,"max_drawdown_account":0.0,"max_drawdown_abs":0.0},{"key":["","rsi_overbought_exit"],"trades":21,"profit_mean":0.01182277787036582,"profit_mean_pct":1.18,"profit_total_abs":99.13625573999998,"profit_total":0.09913625573999998,"profit_total_pct":9.91,"duration_avg":"4:17:00","wins":21,"draws":0,"losses":0,"winrate":1.0,"cagr":0.5006524266546679,"expectancy":4.720774082857142,"expectancy_ratio":100.0,"sortino":-100,"sharpe":7.172847194276536,"calmar":-100,"sqn":6.7961,"profit_factor":0.0,"max_drawdown_account":0.0,"max_drawdown_abs":0.0},{"key":["","profit_3pct"],"trades":2,"profit_mean":0.03208506604825854,"profit_mean_pct":3.21,"profit_total_abs":25.56523974,"profit_total":0.02556523974,"profit_total_pct":2.56,"duration_avg":"10:30:00","wins":2,"draws":0,"losses":0,"winrate":1.0,"cagr":0.11449382874910796,"expectancy":12.78261987,"expectancy_ratio":100.0,"sortino":-100,"sharpe":13.239242307165934,"calmar":-100,"sqn":29.4514,"profit_factor":0.0,"max_drawdown_account":0.0,"max_drawdown_abs":0.0},{"key":["","roi"],"trades":1,"profit_mean":0.05976955051885821,"profit_mean_pct":5.98,"profit_total_abs":23.90258178,"profit_total":0.023902581779999998,"profit_total_pct":2.39,"duration_avg":"4:00:00","wins":1,"draws":0,"losses":0,"winrate":1.0,"cagr":0.10675578014116693,"expectancy":23.90258178,"expectancy_ratio":100.0,"sortino":-100,"sharpe":-100,"calmar":-100,"sqn":-100.0,"profit_factor":0.0,"max_drawdown_account":0.0,"max_drawdown_abs":0.0},{"key":["","stop_loss"],"trades":19,"profit_mean":-0.03200456552077352,"profit_mean_pct":-3.2,"profit_total_abs":-242.83941492,"profit_total":-0.24283941492,"profit_total_pct":-24.28,"duration_avg":"5:22:00","wins":0,"draws":0,"losses":19,"winrate":0.0,"cagr":-0.6971559462256884,"expectancy":-12.781021837894736,"expectancy_ratio":-1.0,"sortino":-920.2929406821346,"sharpe":-920.2929406821346,"calmar":-22.476439028873887,"sqn":-914.2842,"profit_factor":0.0,"max_drawdown_account":0.24283941491999997,"max_drawdown_abs":242.83941492},{"key":"TOTAL","trades":60,"profit_mean":0.001573345135220626,"profit_mean_pct":0.16,"profit_total_abs":37.725180500000015,"profit_total":0.03772518050000002,"profit_total_pct":3.77,"duration_avg":"4:58:00","wins":41,"draws":0,"losses":19,"winrate":0.6833333333333333,"cagr":0.1723560383632361,"expectancy":0.6287530083333337,"expectancy_ratio":0.04919426758736378,"sortino":142.96780162951202,"sharpe":0.8622761036291645,"calmar":8.44620170291868,"sqn":0.4911,"profit_factor":1.155350318696938,"max_drawdown_account":0.10039160195150222,"max_drawdown_abs":103.64470445999999}],"left_open_trades":[{"key":"TOTAL","trades":0,"profit_mean":0.0,"profit_mean_pct":0.0,"profit_total_abs":0.0,"profit_total":0.0,"profit_total_pct":0.0,"duration_avg":"0:00","wins":0,"draws":0,"losses":0,"winrate":0.0,"cagr":0.0,"expectancy":0.0,"expectancy_ratio":100.0,"sortino":0,"sharpe":0,"calmar":0,"sqn":0.0,"profit_factor":0.0,"max_drawdown_account":0.0,"max_drawdown_abs":0.0}],"total_trades":60,"trade_count_long":60,"trade_count_short":0,"total_volume":95953.48178929853,"avg_stake_amount":399.24416116666663,"profit_mean":0.001573345135220626,"profit_median":0.010278199242567298,"profit_total":0.03772518050000002,"profit_total_long":0.03772518050000002,"profit_total_short":0.0,"profit_total_abs":37.725180500000015,"profit_total_long_abs":37.725180500000015,"profit_total_short_abs":0.0,"cagr":0.1723560383632361,"expectancy":0.6287530083333337,"expectancy_ratio":0.04919426758736378,"sortino":142.96780162951202,"sharpe":0.8622761036291645,"calmar":8.44620170291868,"sqn":0.4911,"profit_factor":1.155350318696938,"backtest_start":"2025-11-28 04:00:00","backtest_start_ts":1764302400000,"backtest_end":"2026-02-22 00:00:00","backtest_end_ts":1771718400000,"backtest_days":85,"backtest_run_start_ts":1771732404,"backtest_run_end_ts":1771732406,"trades_per_day":0.71,"market_change":-0.33705594140829076,"pairlist":["BTC/USDT:USDT","ETH/USDT:USDT","SOL/USDT:USDT","DOGE/USDT:USDT"],"stake_amount":400,"stake_currency":"USDT","stake_currency_decimals":3,"starting_balance":1000,"dry_run_wallet":1000,"final_balance":1037.7251805,"rejected_signals":26,"timedout_entry_orders":0,"timedout_exit_orders":2,"canceled_trade_entries":0,"canceled_entry_orders":0,"replaced_entry_orders":0,"max_open_trades":2,"max_open_trades_setting":2,"timeframe":"30m","timeframe_detail":"","timerange":"20251124-20260222","enable_protections":false,"strategy_name":"SupertrendFuturesStrategyV5","freqaimodel":null,"freqai_identifier":null,"stoploss":-0.03,"trailing_stop":true,"trailing_stop_positive":0.02,"trailing_stop_positive_offset":0.03,"trailing_only_offset_is_reached":true,"use_custom_stoploss":false,"minimal_roi":{"0":0.06},"use_exit_signal":true,"exit_profit_only":false,"exit_profit_offset":0.0,"ignore_roi_if_entry_signal":false,"trading_mode":"futures","margin_mode":"isolated","periodic_breakdown":{"day":[{"date":"03/12/2025","date_ts":1764720000000,"profit_abs":32.40412988,"wins":5,"draws":0,"losses":0,"trades":5,"profit_factor":0.0},{"date":"04/12/2025","date_ts":1764806400000,"profit_abs":-12.76202738,"wins":0,"draws":0,"losses":1,"trades":1,"profit_factor":0.0},{"date":"05/12/2025","date_ts":1764892800000,"profit_abs":-12.76205023,"wins":0,"draws":0,"losses":1,"trades":1,"profit_factor":0.0},{"date":"06/12/2025","date_ts":1764979200000,"profit_abs":0.0,"wins":0,"draws":0,"losses":0,"trades":0,"profit_factor":0.0},{"date":"07/12/2025","date_ts":1765065600000,"profit_abs":0.0,"wins":0,"draws":0,"losses":0,"trades":0,"profit_factor":0.0},{"date":"08/12/2025","date_ts":1765152000000,"profit_abs":-12.79180423,"wins":0,"draws":0,"losses":1,"trades":1,"profit_factor":0.0},{"date":"09/12/2025","date_ts":1765238400000,"profit_abs":0.0,"wins":0,"draws":0,"losses":0,"trades":0,"profit_factor":0.0},{"date":"10/12/2025","date_ts":1765324800000,"profit_abs":-25.48226507,"wins":0,"draws":0,"losses":2,"trades":2,"profit_factor":0.0},{"date":"11/12/2025","date_ts":1765411200000,"profit_abs":0.0,"wins":0,"draws":0,"losses":0,"trades":0,"profit_factor":0.0},{"date":"12/12/2025","date_ts":1765497600000,"profit_abs":-11.02173629,"wins":1,"draws":0,"losses":1,"trades":2,"profit_factor":0.1436259},{"date":"13/12/2025","date_ts":1765584000000,"profit_abs":0.0,"wins":0,"draws":0,"losses":0,"trades":0,"profit_factor":0.0},{"date":"14/12/2025","date_ts":1765670400000,"profit_abs":0.0,"wins":0,"draws":0,"losses":0,"trades":0,"profit_factor":0.0},{"date":"15/12/2025","date_ts":1765756800000,"profit_abs":0.0,"wins":0,"draws":0,"losses":0,"trades":0,"profit_factor":0.0},{"date":"16/12/2025","date_ts":1765843200000,"profit_abs":0.0,"wins":0,"draws":0,"losses":0,"trades":0,"profit_factor":0.0},{"date":"17/12/2025","date_ts":1765929600000,"profit_abs":0.0,"wins":0,"draws":0,"losses":0,"trades":0,"profit_factor":0.0},{"date":"18/12/2025","date_ts":1766016000000,"profit_abs":0.0,"wins":0,"draws":0,"losses":0,"trades":0,"profit_factor":0.0},{"date":"19/12/2025","date_ts":1766102400000,"profit_abs":0.0,"wins":0,"draws":0,"losses":0,"trades":0,"profit_factor":0.0},{"date":"20/12/2025","date_ts":1766188800000,"profit_abs":0.0,"wins":0,"draws":0,"losses":0,"trades":0,"profit_factor":0.0},{"date":"21/12/2025","date_ts":1766275200000,"profit_abs":9.57325853,"wins":1,"draws":0,"losses":0,"trades":1,"profit_factor":0.0},{"date":"22/12/2025","date_ts":1766361600000,"profit_abs":-25.58086307,"wins":0,"draws":0,"losses":2,"trades":2,"profit_factor":0.0},{"date":"23/12/2025","date_ts":1766448000000,"profit_abs":0.0,"wins":0,"draws":0,"losses":0,"trades":0,"profit_factor":0.0},{"date":"24/12/2025","date_ts":1766534400000,"profit_abs":0.0,"wins":0,"draws":0,"losses":0,"trades":0,"profit_factor":0.0},{"date":"25/12/2025","date_ts":1766620800000,"profit_abs":0.0,"wins":0,"draws":0,"losses":0,"trades":0,"profit_factor":0.0},{"date":"26/12/2025","date_ts":1766707200000,"profit_abs":0.0,"wins":0,"draws":0,"losses":0,"trades":0,"profit_factor":0.0},{"date":"27/12/2025","date_ts":1766793600000,"profit_abs":0.0,"wins":0,"draws":0,"losses":0,"trades":0,"profit_factor":0.0},{"date":"28/12/2025","date_ts":1766880000000,"profit_abs":0.0,"wins":0,"draws":0,"losses":0,"trades":0,"profit_factor":0.0},{"date":"29/12/2025","date_ts":1766966400000,"profit_abs":-12.81721672,"wins":0,"draws":0,"losses":1,"trades":1,"profit_factor":0.0},{"date":"30/12/2025","date_ts":1767052800000,"profit_abs":0.0,"wins":0,"draws":0,"losses":0,"trades":0,"profit_factor":0.0},{"date":"31/12/2025","date_ts":1767139200000,"profit_abs":0.0,"wins":0,"draws":0,"losses":0,"trades":0,"profit_factor":0.0},{"date":"01/01/2026","date_ts":1767225600000,"profit_abs":0.0,"wins":0,"draws":0,"losses":0,"trades":0,"profit_factor":0.0},{"date":"02/01/2026","date_ts":1767312000000,"profit_abs":90.09770328,"wins":10,"draws":0,"losses":0,"trades":10,"profit_factor":0.0},{"date":"03/01/2026","date_ts":1767398400000,"profit_abs":-12.7287544,"wins":0,"draws":0,"losses":1,"trades":1,"profit_factor":0.0},{"date":"04/01/2026","date_ts":1767484800000,"profit_abs":0.0,"wins":0,"draws":0,"losses":0,"trades":0,"profit_factor":0.0},{"date":"05/01/2026","date_ts":1767571200000,"profit_abs":37.44442661,"wins":5,"draws":0,"losses":0,"trades":5,"profit_factor":0.0},{"date":"06/01/2026","date_ts":1767657600000,"profit_abs":-17.42860435,"wins":1,"draws":0,"losses":2,"trades":3,"profit_factor":0.31550405},{"date":"07/01/2026","date_ts":1767744000000,"profit_abs":0.0,"wins":0,"draws":0,"losses":0,"trades":0,"profit_factor":0.0},{"date":"08/01/2026","date_ts":1767830400000,"profit_abs":0.0,"wins":0,"draws":0,"losses":0,"trades":0,"profit_factor":0.0},{"date":"09/01/2026","date_ts":1767916800000,"profit_abs":0.0,"wins":0,"draws":0,"losses":0,"trades":0,"profit_factor":0.0},{"date":"10/01/2026","date_ts":1768003200000,"profit_abs":0.0,"wins":0,"draws":0,"losses":0,"trades":0,"profit_factor":0.0},{"date":"11/01/2026","date_ts":1768089600000,"profit_abs":2.00719035,"wins":1,"draws":0,"losses":0,"trades":1,"profit_factor":0.0},{"date":"12/01/2026","date_ts":1768176000000,"profit_abs":-5.83557575,"wins":2,"draws":0,"losses":1,"trades":3,"profit_factor":0.54623722},{"date":"13/01/2026","date_ts":1768262400000,"profit_abs":0.0,"wins":0,"draws":0,"losses":0,"trades":0,"profit_factor":0.0},{"date":"14/01/2026","date_ts":1768348800000,"profit_abs":25.53923643,"wins":5,"draws":0,"losses":1,"trades":6,"profit_factor":3.00018678},{"date":"15/01/2026","date_ts":1768435200000,"profit_abs":0.0,"wins":0,"draws":0,"losses":0,"trades":0,"profit_factor":0.0},{"date":"16/01/2026","date_ts":1768521600000,"profit_abs":0.0,"wins":0,"draws":0,"losses":0,"trades":0,"profit_factor":0.0},{"date":"17/01/2026","date_ts":1768608000000,"profit_abs":0.0,"wins":0,"draws":0,"losses":0,"trades":0,"profit_factor":0.0},{"date":"18/01/2026","date_ts":1768694400000,"profit_abs":0.0,"wins":0,"draws":0,"losses":0,"trades":0,"profit_factor":0.0},{"date":"19/01/2026","date_ts":1768780800000,"profit_abs":0.0,"wins":0,"draws":0,"losses":0,"trades":0,"profit_factor":0.0},{"date":"20/01/2026","date_ts":1768867200000,"profit_abs":0.0,"wins":0,"draws":0,"losses":0,"trades":0,"profit_factor":0.0},{"date":"21/01/2026","date_ts":1768953600000,"profit_abs":0.0,"wins":0,"draws":0,"losses":0,"trades":0,"profit_factor":0.0},{"date":"22/01/2026","date_ts":1769040000000,"profit_abs":0.0,"wins":0,"draws":0,"losses":0,"trades":0,"profit_factor":0.0},{"date":"23/01/2026","date_ts":1769126400000,"profit_abs":0.0,"wins":0,"draws":0,"losses":0,"trades":0,"profit_factor":0.0},{"date":"24/01/2026","date_ts":1769212800000,"profit_abs":0.0,"wins":0,"draws":0,"losses":0,"trades":0,"profit_factor":0.0},{"date":"25/01/2026","date_ts":1769299200000,"profit_abs":0.0,"wins":0,"draws":0,"losses":0,"trades":0,"profit_factor":0.0},{"date":"26/01/2026","date_ts":1769385600000,"profit_abs":0.0,"wins":0,"draws":0,"losses":0,"trades":0,"profit_factor":0.0},{"date":"27/01/2026","date_ts":1769472000000,"profit_abs":0.0,"wins":0,"draws":0,"losses":0,"trades":0,"profit_factor":0.0},{"date":"28/01/2026","date_ts":1769558400000,"profit_abs":-12.7755755,"wins":0,"draws":0,"losses":1,"trades":1,"profit_factor":0.0},{"date":"29/01/2026","date_ts":1769644800000,"profit_abs":0.0,"wins":0,"draws":0,"losses":0,"trades":0,"profit_factor":0.0},{"date":"30/01/2026","date_ts":1769731200000,"profit_abs":0.0,"wins":0,"draws":0,"losses":0,"trades":0,"profit_factor":0.0},{"date":"31/01/2026","date_ts":1769817600000,"profit_abs":0.0,"wins":0,"draws":0,"losses":0,"trades":0,"profit_factor":0.0},{"date":"01/02/2026","date_ts":1769904000000,"profit_abs":0.0,"wins":0,"draws":0,"losses":0,"trades":0,"profit_factor":0.0},{"date":"02/02/2026","date_ts":1769990400000,"profit_abs":0.0,"wins":0,"draws":0,"losses":0,"trades":0,"profit_factor":0.0},{"date":"03/02/2026","date_ts":1770076800000,"profit_abs":0.0,"wins":0,"draws":0,"losses":0,"trades":0,"profit_factor":0.0},{"date":"04/02/2026","date_ts":1770163200000,"profit_abs":0.0,"wins":0,"draws":0,"losses":0,"trades":0,"profit_factor":0.0},{"date":"05/02/2026","date_ts":1770249600000,"profit_abs":0.0,"wins":0,"draws":0,"losses":0,"trades":0,"profit_factor":0.0},{"date":"06/02/2026","date_ts":1770336000000,"profit_abs":0.0,"wins":0,"draws":0,"losses":0,"trades":0,"profit_factor":0.0},{"date":"07/02/2026","date_ts":1770422400000,"profit_abs":0.0,"wins":0,"draws":0,"losses":0,"trades":0,"profit_factor":0.0},{"date":"08/02/2026","date_ts":1770508800000,"profit_abs":0.0,"wins":0,"draws":0,"losses":0,"trades":0,"profit_factor":0.0},{"date":"09/02/2026","date_ts":1770595200000,"profit_abs":0.0,"wins":0,"draws":0,"losses":0,"trades":0,"profit_factor":0.0},{"date":"10/02/2026","date_ts":1770681600000,"profit_abs":0.0,"wins":0,"draws":0,"losses":0,"trades":0,"profit_factor":0.0},{"date":"11/02/2026","date_ts":1770768000000,"profit_abs":0.0,"wins":0,"draws":0,"losses":0,"trades":0,"profit_factor":0.0},{"date":"12/02/2026","date_ts":1770854400000,"profit_abs":0.0,"wins":0,"draws":0,"losses":0,"trades":0,"profit_factor":0.0},{"date":"13/02/2026","date_ts":1770940800000,"profit_abs":0.0,"wins":0,"draws":0,"losses":0,"trades":0,"profit_factor":0.0},{"date":"14/02/2026","date_ts":1771027200000,"profit_abs":33.5169566,"wins":7,"draws":0,"losses":0,"trades":7,"profit_factor":0.0},{"date":"15/02/2026","date_ts":1771113600000,"profit_abs":-34.52881409,"wins":2,"draws":0,"losses":4,"trades":6,"profit_factor":0.32531699},{"date":"16/02/2026","date_ts":1771200000000,"profit_abs":0.0,"wins":0,"draws":0,"losses":0,"trades":0,"profit_factor":0.0},{"date":"17/02/2026","date_ts":1771286400000,"profit_abs":0.0,"wins":0,"draws":0,"losses":0,"trades":0,"profit_factor":0.0},{"date":"18/02/2026","date_ts":1771372800000,"profit_abs":0.0,"wins":0,"draws":0,"losses":0,"trades":0,"profit_factor":0.0},{"date":"19/02/2026","date_ts":1771459200000,"profit_abs":0.0,"wins":0,"draws":0,"losses":0,"trades":0,"profit_factor":0.0},{"date":"20/02/2026","date_ts":1771545600000,"profit_abs":0.0,"wins":0,"draws":0,"losses":0,"trades":0,"profit_factor":0.0},{"date":"21/02/2026","date_ts":1771632000000,"profit_abs":3.6575659,"wins":1,"draws":0,"losses":0,"trades":1,"profit_factor":0.0}],"week":[{"date":"08/12/2025","date_ts":1765152000000,"profit_abs":-5.91175196,"wins":5,"draws":0,"losses":3,"trades":8,"profit_factor":0.84571014},{"date":"15/12/2025","date_ts":1765756800000,"profit_abs":-36.50400136,"wins":1,"draws":0,"losses":3,"trades":4,"profit_factor":0.04819762},{"date":"22/12/2025","date_ts":1766361600000,"profit_abs":-16.00760454,"wins":1,"draws":0,"losses":2,"trades":3,"profit_factor":0.37423517},{"date":"29/12/2025","date_ts":1766966400000,"profit_abs":-12.81721672,"wins":0,"draws":0,"losses":1,"trades":1,"profit_factor":0.0},{"date":"05/01/2026","date_ts":1767571200000,"profit_abs":114.81337549,"wins":15,"draws":0,"losses":1,"trades":16,"profit_factor":10.02000085},{"date":"12/01/2026","date_ts":1768176000000,"profit_abs":-21.25698975,"wins":4,"draws":0,"losses":3,"trades":7,"profit_factor":0.44531112},{"date":"19/01/2026","date_ts":1768780800000,"profit_abs":25.53923643,"wins":5,"draws":0,"losses":1,"trades":6,"profit_factor":3.00018678},{"date":"26/01/2026","date_ts":1769385600000,"profit_abs":0.0,"wins":0,"draws":0,"losses":0,"trades":0,"profit_factor":0.0},{"date":"02/02/2026","date_ts":1769990400000,"profit_abs":-12.7755755,"wins":0,"draws":0,"losses":1,"trades":1,"profit_factor":0.0},{"date":"09/02/2026","date_ts":1770595200000,"profit_abs":0.0,"wins":0,"draws":0,"losses":0,"trades":0,"profit_factor":0.0},{"date":"16/02/2026","date_ts":1771200000000,"profit_abs":-1.01185749,"wins":9,"draws":0,"losses":4,"trades":13,"profit_factor":0.9802286},{"date":"23/02/2026","date_ts":1771804800000,"profit_abs":3.6575659,"wins":1,"draws":0,"losses":0,"trades":1,"profit_factor":0.0}],"month":[{"date":"31/12/2025","date_ts":1767139200000,"profit_abs":-71.24057458,"wins":7,"draws":0,"losses":9,"trades":16,"profit_factor":0.38087456},{"date":"31/01/2026","date_ts":1769817600000,"profit_abs":106.32004667,"wins":24,"draws":0,"losses":6,"trades":30,"profit_factor":2.38807859},{"date":"28/02/2026","date_ts":1772236800000,"profit_abs":2.64570841,"wins":10,"draws":0,"losses":4,"trades":14,"profit_factor":1.05169638}],"year":[{"date":"31/12/2025","date_ts":1767139200000,"profit_abs":-71.24057458,"wins":7,"draws":0,"losses":9,"trades":16,"profit_factor":0.38087456},{"date":"31/12/2026","date_ts":1798675200000,"profit_abs":108.96575508,"wins":34,"draws":0,"losses":10,"trades":44,"profit_factor":1.85280768}],"weekday":[{"date":"Monday","date_ts":0,"profit_abs":-19.58103316,"wins":7,"draws":0,"losses":5,"trades":12,"profit_factor":0.6942866},{"date":"Tuesday","date_ts":1,"profit_abs":-17.42860435,"wins":1,"draws":0,"losses":2,"trades":3,"profit_factor":0.31550405},{"date":"Wednesday","date_ts":2,"profit_abs":19.68552574,"wins":10,"draws":0,"losses":4,"trades":14,"profit_factor":1.38579201},{"date":"Thursday","date_ts":3,"profit_abs":-12.76202738,"wins":0,"draws":0,"losses":1,"trades":1,"profit_factor":0.0},{"date":"Friday","date_ts":4,"profit_abs":66.31391676,"wins":11,"draws":0,"losses":2,"trades":13,"profit_factor":3.58712459},{"date":"Saturday","date_ts":5,"profit_abs":24.4457681,"wins":8,"draws":0,"losses":1,"trades":9,"profit_factor":2.92051534},{"date":"Sunday","date_ts":6,"profit_abs":-22.94836521,"wins":4,"draws":0,"losses":4,"trades":8,"profit_factor":0.5515956}]},"backtest_best_day":0.22531393600948063,"backtest_worst_day":-0.08611090590645645,"backtest_best_day_abs":90.09770328,"backtest_worst_day_abs":-34.52881409,"winning_days":8,"draw_days":61,"losing_days":12,"daily_profit":[["2025-12-03",32.40412988],["2025-12-04",-12.76202738],["2025-12-05",-12.76205023],["2025-12-06",0.0],["2025-12-07",0.0],["2025-12-08",-12.79180423],["2025-12-09",0.0],["2025-12-10",-25.48226507],["2025-12-11",0.0],["2025-12-12",-11.02173629],["2025-12-13",0.0],["2025-12-14",0.0],["2025-12-15",0.0],["2025-12-16",0.0],["2025-12-17",0.0],["2025-12-18",0.0],["2025-12-19",0.0],["2025-12-20",0.0],["2025-12-21",9.57325853],["2025-12-22",-25.58086307],["2025-12-23",0.0],["2025-12-24",0.0],["2025-12-25",0.0],["2025-12-26",0.0],["2025-12-27",0.0],["2025-12-28",0.0],["2025-12-29",-12.81721672],["2025-12-30",0.0],["2025-12-31",0.0],["2026-01-01",0.0],["2026-01-02",90.09770328],["2026-01-03",-12.7287544],["2026-01-04",0.0],["2026-01-05",37.44442661],["2026-01-06",-17.42860435],["2026-01-07",0.0],["2026-01-08",0.0],["2026-01-09",0.0],["2026-01-10",0.0],["2026-01-11",2.00719035],["2026-01-12",-5.83557575],["2026-01-13",0.0],["2026-01-14",25.53923643],["2026-01-15",0.0],["2026-01-16",0.0],["2026-01-17",0.0],["2026-01-18",0.0],["2026-01-19",0.0],["2026-01-20",0.0],["2026-01-21",0.0],["2026-01-22",0.0],["2026-01-23",0.0],["2026-01-24",0.0],["2026-01-25",0.0],["2026-01-26",0.0],["2026-01-27",0.0],["2026-01-28",-12.7755755],["2026-01-29",0.0],["2026-01-30",0.0],["2026-01-31",0.0],["2026-02-01",0.0],["2026-02-02",0.0],["2026-02-03",0.0],["2026-02-04",0.0],["2026-02-05",0.0],["2026-02-06",0.0],["2026-02-07",0.0],["2026-02-08",0.0],["2026-02-09",0.0],["2026-02-10",0.0],["2026-02-11",0.0],["2026-02-12",0.0],["2026-02-13",0.0],["2026-02-14",33.5169566],["2026-02-15",-34.52881409],["2026-02-16",0.0],["2026-02-17",0.0],["2026-02-18",0.0],["2026-02-19",0.0],["2026-02-20",0.0],["2026-02-21",3.6575659]],"wins":41,"losses":19,"draws":0,"winrate":0.6833333333333333,"holding_avg":"4:58:00","holding_avg_s":17880.0,"winner_holding_min":"0d 00:30","winner_holding_min_s":1800.0,"winner_holding_max":"1d 18:00","winner_holding_max_s":151200.0,"winner_holding_avg":"0d 04:46","winner_holding_avg_s":17160.0,"loser_holding_min":"0d 00:00","loser_holding_min_s":0.0,"loser_holding_max":"0d 18:00","loser_holding_max_s":64800.0,"loser_holding_avg":"0d 05:22","loser_holding_avg_s":19320.0,"max_consecutive_wins":10,"max_consecutive_losses":5,"max_drawdown_account":0.10039160195150222,"max_relative_drawdown":0.10039160195150222,"max_drawdown_abs":103.64470445999999,"drawdown_start":"2025-12-03 17:30:00","drawdown_start_ts":1764783000000.0,"drawdown_end":"2025-12-29 09:30:00","drawdown_end_ts":1767000600000.0,"drawdown_duration":"25 days 16:00:00","drawdown_duration_s":2217600.0,"max_drawdown_low":-71.24057457999999,"max_drawdown_high":32.404129880000006,"csum_min":928.7594254200001,"csum_max":1072.34112645}},"strategy_comparison":[{"key":"SupertrendFuturesStrategyV5","trades":60,"profit_mean":0.001573345135220626,"profit_mean_pct":0.16,"profit_total_abs":37.725180500000015,"profit_total":0.03772518050000002,"profit_total_pct":3.77,"duration_avg":"4:58:00","wins":41,"draws":0,"losses":19,"winrate":0.6833333333333333,"cagr":0.1723560383632361,"expectancy":0.6287530083333337,"expectancy_ratio":0.04919426758736378,"sortino":142.96780162951202,"sharpe":0.8622761036291645,"calmar":8.44620170291868,"sqn":0.4911,"profit_factor":1.155350318696938,"max_drawdown_account":0.10039160195150222,"max_drawdown_abs":"103.645"}]}