{"strategy":{"SupertrendFuturesStrategyV4":{"trades":[{"pair":"SOL/USDT:USDT","stake_amount":399.89315,"max_stake_amount":399.89315,"amount":4.79,"open_date":"2025-11-10 02:00:00+00:00","close_date":"2025-11-10 09:00:00+00:00","open_rate":166.97,"close_rate":168.04260000000002,"fee_open":0.0005,"fee_close":0.0005,"trade_duration":420,"profit_ratio":0.01083597506958559,"profit_abs":4.33539882,"exit_reason":"trailing_stop_loss","initial_stop_loss_abs":165.3003,"initial_stop_loss_ratio":-0.02,"stop_loss_abs":168.04260000000002,"stop_loss_ratio":-0.02,"min_rate":166.04,"max_rate":169.74,"is_open":false,"enter_tag":"","leverage":2,"is_short":false,"open_timestamp":1762740000000,"close_timestamp":1762765200000,"orders":[{"amount":4.79,"safe_price":166.97,"ft_order_side":"buy","order_filled_timestamp":1762740000000,"ft_is_entry":true,"ft_order_tag":"","cost":800.1861931499999},{"amount":4.79,"safe_price":168.04260000000002,"ft_order_side":"sell","order_filled_timestamp":1762765200000,"ft_is_entry":false,"ft_order_tag":"trailing_stop_loss","cost":805.326516027}],"funding_fees":0.0,"weekday":0},{"pair":"SOL/USDT:USDT","stake_amount":399.7604,"max_stake_amount":399.7604,"amount":4.72,"open_date":"2025-11-10 10:00:00+00:00","close_date":"2025-11-10 12:00:00+00:00","open_rate":169.39,"close_rate":167.69609999999997,"fee_open":0.0005,"fee_close":0.0005,"trade_duration":120,"profit_ratio":-0.021979010504753618,"profit_abs":-8.7907312,"exit_reason":"stop_loss","initial_stop_loss_abs":167.69609999999997,"initial_stop_loss_ratio":-0.02,"stop_loss_abs":167.69609999999997,"stop_loss_ratio":-0.02,"min_rate":166.8,"max_rate":169.56,"is_open":false,"enter_tag":"","leverage":2,"is_short":false,"open_timestamp":1762768800000,"close_timestamp":1762776000000,"orders":[{"amount":4.72,"safe_price":169.39,"ft_order_side":"buy","order_filled_timestamp":1762768800000,"ft_is_entry":true,"ft_order_tag":"","cost":799.9205603999999},{"amount":4.72,"safe_price":167.69609999999997,"ft_order_side":"sell","order_filled_timestamp":1762776000000,"ft_is_entry":false,"ft_order_tag":"stop_loss","cost":791.9213547959998}],"funding_fees":0.0,"weekday":0},{"pair":"BTC/USDT:USDT","stake_amount":399.380625,"max_stake_amount":399.380625,"amount":0.0075,"open_date":"2025-11-10 14:00:00+00:00","close_date":"2025-11-10 14:00:00+00:00","open_rate":106501.5,"close_rate":105436.485,"fee_open":0.0005,"fee_close":0.0005,"trade_duration":0,"profit_ratio":-0.021979010485367777,"profit_abs":-8.78237994,"exit_reason":"stop_loss","initial_stop_loss_abs":105436.485,"initial_stop_loss_ratio":-0.02,"stop_loss_abs":105436.485,"stop_loss_ratio":-0.02,"min_rate":104650.0,"max_rate":106501.5,"is_open":false,"enter_tag":"","leverage":2,"is_short":false,"open_timestamp":1762783200000,"close_timestamp":1762783200000,"orders":[{"amount":0.0075,"safe_price":106501.5,"ft_order_side":"buy","order_filled_timestamp":1762783200000,"ft_is_entry":true,"ft_order_tag":"","cost":799.160630625},{"amount":0.0075,"safe_price":105436.485,"ft_order_side":"sell","order_filled_timestamp":1762783200000,"ft_is_entry":false,"ft_order_tag":"stop_loss","cost":791.16902431875}],"funding_fees":0.0,"weekday":0},{"pair":"SOL/USDT:USDT","stake_amount":399.4551,"max_stake_amount":399.4551,"amount":4.71,"open_date":"2025-11-10 14:00:00+00:00","close_date":"2025-11-10 14:00:00+00:00","open_rate":169.62,"close_rate":167.9238,"fee_open":0.0005,"fee_close":0.0005,"trade_duration":0,"profit_ratio":-0.021979010497254783,"profit_abs":-8.78401765,"exit_reason":"stop_loss","initial_stop_loss_abs":167.9238,"initial_stop_loss_ratio":-0.02,"stop_loss_abs":167.9238,"stop_loss_ratio":-0.02,"min_rate":165.2,"max_rate":169.65,"is_open":false,"enter_tag":"","leverage":2,"is_short":false,"open_timestamp":1762783200000,"close_timestamp":1762783200000,"orders":[{"amount":4.71,"safe_price":169.62,"ft_order_side":"buy","order_filled_timestamp":1762783200000,"ft_is_entry":true,"ft_order_tag":"","cost":799.3096551},{"amount":4.71,"safe_price":167.9238,"ft_order_side":"sell","order_filled_timestamp":1762783200000,"ft_is_entry":false,"ft_order_tag":"stop_loss","cost":791.316558549}],"funding_fees":0.0,"weekday":0},{"pair":"BTC/USDT:USDT","stake_amount":399.13262,"max_stake_amount":399.13262,"amount":0.0076,"open_date":"2025-11-10 16:00:00+00:00","close_date":"2025-11-11 01:00:00+00:00","open_rate":105034.9,"close_rate":106424.802,"fee_open":0.0005,"fee_close":0.0005,"trade_duration":540,"profit_ratio":0.02444007436561494,"profit_abs":9.75970833,"exit_reason":"trailing_stop_loss","initial_stop_loss_abs":103984.55099999999,"initial_stop_loss_ratio":-0.02,"stop_loss_abs":106424.802,"stop_loss_ratio":-0.02,"min_rate":104747.5,"max_rate":107499.8,"is_open":false,"enter_tag":"","leverage":2,"is_short":false,"open_timestamp":1762790400000,"close_timestamp":1762822800000,"orders":[{"amount":0.0076,"safe_price":105034.9,"ft_order_side":"buy","order_filled_timestamp":1762790400000,"ft_is_entry":true,"ft_order_tag":"","cost":798.6643726199999},{"amount":0.0076,"safe_price":106424.802,"ft_order_side":"sell","order_filled_timestamp":1762822800000,"ft_is_entry":false,"ft_order_tag":"trailing_stop_loss","cost":809.2329094475999}],"funding_fees":0.0,"weekday":1},{"pair":"BTC/USDT:USDT","stake_amount":398.80772,"max_stake_amount":398.80772,"amount":0.0076,"open_date":"2025-11-12 13:00:00+00:00","close_date":"2025-11-12 14:00:00+00:00","open_rate":104949.4,"close_rate":103899.90599999999,"fee_open":0.0005,"fee_close":0.0005,"trade_duration":60,"profit_ratio":-0.021979010487735207,"profit_abs":-8.76978176,"exit_reason":"stop_loss","initial_stop_loss_abs":103899.90599999999,"initial_stop_loss_ratio":-0.02,"stop_loss_abs":103899.90599999999,"stop_loss_ratio":-0.02,"min_rate":103542.6,"max_rate":105146.9,"is_open":false,"enter_tag":"","leverage":2,"is_short":false,"open_timestamp":1762952400000,"close_timestamp":1762956000000,"orders":[{"amount":0.0076,"safe_price":104949.4,"ft_order_side":"buy","order_filled_timestamp":1762952400000,"ft_is_entry":true,"ft_order_tag":"","cost":798.0142477199998},{"amount":0.0076,"safe_price":103899.90599999999,"ft_order_side":"sell","order_filled_timestamp":1762956000000,"ft_is_entry":false,"ft_order_tag":"stop_loss","cost":790.0341052427998}],"funding_fees":0.0,"weekday":2},{"pair":"BTC/USDT:USDT","stake_amount":399.586,"max_stake_amount":399.586,"amount":0.0088,"open_date":"2025-11-27 14:00:00+00:00","close_date":"2025-11-28 13:00:00+00:00","open_rate":90815.0,"close_rate":91706.175,"fee_open":0.0005,"fee_close":0.0005,"trade_duration":1380,"profit_ratio":0.017607546224135084,"profit_abs":7.03924683,"exit_reason":"trailing_stop_loss","initial_stop_loss_abs":89906.85,"initial_stop_loss_ratio":-0.02,"stop_loss_abs":91706.175,"stop_loss_ratio":-0.02,"min_rate":90534.7,"max_rate":92632.5,"is_open":false,"enter_tag":"","leverage":2,"is_short":false,"open_timestamp":1764252000000,"close_timestamp":1764334800000,"orders":[{"amount":0.0088,"safe_price":90815.0,"ft_order_side":"buy","order_filled_timestamp":1764252000000,"ft_is_entry":true,"ft_order_tag":"","cost":799.571586},{"amount":0.0088,"safe_price":91706.175,"ft_order_side":"sell","order_filled_timestamp":1764334800000,"ft_is_entry":false,"ft_order_tag":"trailing_stop_loss","cost":807.4178471700001}],"funding_fees":0.0,"weekday":4},{"pair":"ETH/USDT:USDT","stake_amount":399.1659,"max_stake_amount":399.1659,"amount":0.268,"open_date":"2025-12-02 21:00:00+00:00","close_date":"2025-12-03 02:00:00+00:00","open_rate":2978.85,"close_rate":3018.3912,"fee_open":0.0005,"fee_close":0.0005,"trade_duration":300,"profit_ratio":0.024522427946598785,"profit_abs":9.79341128,"exit_reason":"trailing_stop_loss","initial_stop_loss_abs":2949.0615,"initial_stop_loss_ratio":-0.02,"stop_loss_abs":3018.3912,"stop_loss_ratio":-0.02,"min_rate":2976.3,"max_rate":3048.88,"is_open":false,"enter_tag":"","leverage":2,"is_short":false,"open_timestamp":1764709200000,"close_timestamp":1764727200000,"orders":[{"amount":0.268,"safe_price":2978.85,"ft_order_side":"buy","order_filled_timestamp":1764709200000,"ft_is_entry":true,"ft_order_tag":"","cost":798.7309659},{"amount":0.268,"safe_price":3018.3912,"ft_order_side":"sell","order_filled_timestamp":1764727200000,"ft_is_entry":false,"ft_order_tag":"trailing_stop_loss","cost":809.3333060208}],"funding_fees":0.0,"weekday":2},{"pair":"ETH/USDT:USDT","stake_amount":399.7643,"max_stake_amount":399.7643,"amount":0.26,"open_date":"2025-12-03 15:00:00+00:00","close_date":"2025-12-03 17:00:00+00:00","open_rate":3075.11,"close_rate":3101.3433,"fee_open":0.0005,"fee_close":0.0005,"trade_duration":120,"profit_ratio":0.015045644931633287,"profit_abs":6.01771907,"exit_reason":"trailing_stop_loss","initial_stop_loss_abs":3044.3589,"initial_stop_loss_ratio":-0.02,"stop_loss_abs":3101.3433,"stop_loss_ratio":-0.02,"min_rate":3054.0,"max_rate":3132.67,"is_open":false,"enter_tag":"","leverage":2,"is_short":false,"open_timestamp":1764774000000,"close_timestamp":1764781200000,"orders":[{"amount":0.26,"safe_price":3075.11,"ft_order_side":"buy","order_filled_timestamp":1764774000000,"ft_is_entry":true,"ft_order_tag":"","cost":799.9283643},{"amount":0.26,"safe_price":3101.3433,"ft_order_side":"sell","order_filled_timestamp":1764781200000,"ft_is_entry":false,"ft_order_tag":"trailing_stop_loss","cost":806.752432629}],"funding_fees":0.0,"weekday":2},{"pair":"ETH/USDT:USDT","stake_amount":399.3255,"max_stake_amount":399.3255,"amount":0.252,"open_date":"2025-12-04 14:00:00+00:00","close_date":"2025-12-04 14:00:00+00:00","open_rate":3169.25,"close_rate":3137.5575,"fee_open":0.0005,"fee_close":0.0005,"trade_duration":0,"profit_ratio":-0.02197901048223777,"profit_abs":-8.78116774,"exit_reason":"stop_loss","initial_stop_loss_abs":3137.5575,"initial_stop_loss_ratio":-0.02,"stop_loss_abs":3137.5575,"stop_loss_ratio":-0.02,"min_rate":3137.53,"max_rate":3187.14,"is_open":false,"enter_tag":"","leverage":2,"is_short":false,"open_timestamp":1764856800000,"close_timestamp":1764856800000,"orders":[{"amount":0.252,"safe_price":3169.25,"ft_order_side":"buy","order_filled_timestamp":1764856800000,"ft_is_entry":true,"ft_order_tag":"","cost":799.0503254999999},{"amount":0.252,"safe_price":3137.5575,"ft_order_side":"sell","order_filled_timestamp":1764856800000,"ft_is_entry":false,"ft_order_tag":"stop_loss","cost":791.059822245}],"funding_fees":0.0,"weekday":3},{"pair":"ETH/USDT:USDT","stake_amount":399.161,"max_stake_amount":399.161,"amount":0.254,"open_date":"2025-12-04 15:00:00+00:00","close_date":"2025-12-04 15:00:00+00:00","open_rate":3143.0,"close_rate":3205.86,"fee_open":0.0005,"fee_close":0.0005,"trade_duration":0,"profit_ratio":0.03796101949025487,"profit_abs":15.16013478,"exit_reason":"trailing_stop_loss","initial_stop_loss_abs":3111.57,"initial_stop_loss_ratio":-0.02,"stop_loss_abs":3191.1462,"stop_loss_ratio":-0.02,"min_rate":3142.36,"max_rate":3223.38,"is_open":false,"enter_tag":"","leverage":2,"is_short":false,"open_timestamp":1764860400000,"close_timestamp":1764860400000,"orders":[{"amount":0.254,"safe_price":3143.0,"ft_order_side":"buy","order_filled_timestamp":1764860400000,"ft_is_entry":true,"ft_order_tag":"","cost":798.7211609999999},{"amount":0.254,"safe_price":3205.86,"ft_order_side":"sell","order_filled_timestamp":1764860400000,"ft_is_entry":false,"ft_order_tag":"trailing_stop_loss","cost":814.69558422}],"funding_fees":0.0,"weekday":3},{"pair":"ETH/USDT:USDT","stake_amount":399.16194,"max_stake_amount":399.16194,"amount":0.249,"open_date":"2025-12-04 16:00:00+00:00","close_date":"2025-12-04 16:00:00+00:00","open_rate":3206.12,"close_rate":3174.0588,"fee_open":0.0005,"fee_close":0.0005,"trade_duration":0,"profit_ratio":-0.021979010493250222,"profit_abs":-8.77757106,"exit_reason":"stop_loss","initial_stop_loss_abs":3174.0588,"initial_stop_loss_ratio":-0.02,"stop_loss_abs":3174.0588,"stop_loss_ratio":-0.02,"min_rate":3158.2,"max_rate":3224.0,"is_open":false,"enter_tag":"","leverage":2,"is_short":false,"open_timestamp":1764864000000,"close_timestamp":1764864000000,"orders":[{"amount":0.249,"safe_price":3206.12,"ft_order_side":"buy","order_filled_timestamp":1764864000000,"ft_is_entry":true,"ft_order_tag":"","cost":798.7230419399999},{"amount":0.249,"safe_price":3174.0588,"ft_order_side":"sell","order_filled_timestamp":1764864000000,"ft_is_entry":false,"ft_order_tag":"stop_loss","cost":790.7358115205999}],"funding_fees":0.0,"weekday":3},{"pair":"ETH/USDT:USDT","stake_amount":399.0672,"max_stake_amount":399.0672,"amount":0.252,"open_date":"2025-12-04 17:00:00+00:00","close_date":"2025-12-04 17:00:00+00:00","open_rate":3167.2,"close_rate":3135.528,"fee_open":0.0005,"fee_close":0.0005,"trade_duration":0,"profit_ratio":-0.021979010499761805,"profit_abs":-8.77548773,"exit_reason":"stop_loss","initial_stop_loss_abs":3135.528,"initial_stop_loss_ratio":-0.02,"stop_loss_abs":3135.528,"stop_loss_ratio":-0.02,"min_rate":3133.39,"max_rate":3173.91,"is_open":false,"enter_tag":"","leverage":2,"is_short":false,"open_timestamp":1764867600000,"close_timestamp":1764867600000,"orders":[{"amount":0.252,"safe_price":3167.2,"ft_order_side":"buy","order_filled_timestamp":1764867600000,"ft_is_entry":true,"ft_order_tag":"","cost":798.5334671999999},{"amount":0.252,"safe_price":3135.528,"ft_order_side":"sell","order_filled_timestamp":1764867600000,"ft_is_entry":false,"ft_order_tag":"stop_loss","cost":790.548132528}],"funding_fees":0.0,"weekday":3},{"pair":"ETH/USDT:USDT","stake_amount":399.640065,"max_stake_amount":399.640065,"amount":0.253,"open_date":"2025-12-04 18:00:00+00:00","close_date":"2025-12-04 19:00:00+00:00","open_rate":3159.21,"close_rate":3127.6179,"fee_open":0.0005,"fee_close":0.0005,"trade_duration":60,"profit_ratio":-0.021979010496378276,"profit_abs":-8.78808503,"exit_reason":"stop_loss","initial_stop_loss_abs":3127.6179,"initial_stop_loss_ratio":-0.02,"stop_loss_abs":3127.6179,"stop_loss_ratio":-0.02,"min_rate":3065.0,"max_rate":3164.97,"is_open":false,"enter_tag":"","leverage":2,"is_short":false,"open_timestamp":1764871200000,"close_timestamp":1764874800000,"orders":[{"amount":0.253,"safe_price":3159.21,"ft_order_side":"buy","order_filled_timestamp":1764871200000,"ft_is_entry":true,"ft_order_tag":"","cost":799.679770065},{"amount":0.253,"safe_price":3127.6179,"ft_order_side":"sell","order_filled_timestamp":1764874800000,"ft_is_entry":false,"ft_order_tag":"stop_loss","cost":791.68297236435}],"funding_fees":0.0,"weekday":3},{"pair":"ETH/USDT:USDT","stake_amount":398.60716,"max_stake_amount":398.60716,"amount":0.238,"open_date":"2025-12-10 17:00:00+00:00","close_date":"2025-12-10 18:00:00+00:00","open_rate":3349.64,"close_rate":3393.9774,"fee_open":0.0005,"fee_close":0.0005,"trade_duration":60,"profit_ratio":0.02444747420209302,"profit_abs":9.74981073,"exit_reason":"trailing_stop_loss","initial_stop_loss_abs":3316.1436,"initial_stop_loss_ratio":-0.02,"stop_loss_abs":3393.9774,"stop_loss_ratio":-0.02,"min_rate":3344.63,"max_rate":3428.26,"is_open":false,"enter_tag":"","leverage":2,"is_short":false,"open_timestamp":1765386000000,"close_timestamp":1765389600000,"orders":[{"amount":0.238,"safe_price":3349.64,"ft_order_side":"buy","order_filled_timestamp":1765386000000,"ft_is_entry":true,"ft_order_tag":"","cost":797.6129271599999},{"amount":0.238,"safe_price":3393.9774,"ft_order_side":"sell","order_filled_timestamp":1765389600000,"ft_is_entry":false,"ft_order_tag":"trailing_stop_loss","cost":808.1705045106}],"funding_fees":0.0,"weekday":2},{"pair":"ETH/USDT:USDT","stake_amount":398.7987,"max_stake_amount":398.7987,"amount":0.236,"open_date":"2025-12-10 19:00:00+00:00","close_date":"2025-12-10 19:00:00+00:00","open_rate":3379.65,"close_rate":3345.8535,"fee_open":0.0005,"fee_close":0.0005,"trade_duration":0,"profit_ratio":-0.021979010487233788,"profit_abs":-8.76958341,"exit_reason":"stop_loss","initial_stop_loss_abs":3345.8535,"initial_stop_loss_ratio":-0.02,"stop_loss_abs":3345.8535,"stop_loss_ratio":-0.02,"min_rate":3343.0,"max_rate":3434.72,"is_open":false,"enter_tag":"","leverage":2,"is_short":false,"open_timestamp":1765393200000,"close_timestamp":1765393200000,"orders":[{"amount":0.236,"safe_price":3379.65,"ft_order_side":"buy","order_filled_timestamp":1765393200000,"ft_is_entry":true,"ft_order_tag":"","cost":797.9961986999999},{"amount":0.236,"safe_price":3345.8535,"ft_order_side":"sell","order_filled_timestamp":1765393200000,"ft_is_entry":false,"ft_order_tag":"stop_loss","cost":790.016236713}],"funding_fees":0.0,"weekday":2},{"pair":"ETH/USDT:USDT","stake_amount":399.14504,"max_stake_amount":399.14504,"amount":0.238,"open_date":"2025-12-10 21:00:00+00:00","close_date":"2025-12-10 22:00:00+00:00","open_rate":3354.16,"close_rate":3320.6184,"fee_open":0.0005,"fee_close":0.0005,"trade_duration":60,"profit_ratio":-0.021979010495754264,"profit_abs":-8.77719943,"exit_reason":"stop_loss","initial_stop_loss_abs":3320.6184,"initial_stop_loss_ratio":-0.02,"stop_loss_abs":3320.6184,"stop_loss_ratio":-0.02,"min_rate":3316.48,"max_rate":3367.94,"is_open":false,"enter_tag":"","leverage":2,"is_short":false,"open_timestamp":1765400400000,"close_timestamp":1765404000000,"orders":[{"amount":0.238,"safe_price":3354.16,"ft_order_side":"buy","order_filled_timestamp":1765400400000,"ft_is_entry":true,"ft_order_tag":"","cost":798.6892250399999},{"amount":0.238,"safe_price":3320.6184,"ft_order_side":"sell","order_filled_timestamp":1765404000000,"ft_is_entry":false,"ft_order_tag":"stop_loss","cost":790.7023327896}],"funding_fees":0.0,"weekday":2},{"pair":"SOL/USDT:USDT","stake_amount":399.88375,"max_stake_amount":399.88375,"amount":5.75,"open_date":"2025-12-12 07:00:00+00:00","close_date":"2025-12-12 08:00:00+00:00","open_rate":139.09,"close_rate":137.69910000000002,"fee_open":0.0005,"fee_close":0.0005,"trade_duration":60,"profit_ratio":-0.02197901048850393,"profit_abs":-8.79344366,"exit_reason":"stop_loss","initial_stop_loss_abs":137.69910000000002,"initial_stop_loss_ratio":-0.02,"stop_loss_abs":137.69910000000002,"stop_loss_ratio":-0.02,"min_rate":137.48,"max_rate":139.38,"is_open":false,"enter_tag":"","leverage":2,"is_short":false,"open_timestamp":1765522800000,"close_timestamp":1765526400000,"orders":[{"amount":5.75,"safe_price":139.09,"ft_order_side":"buy","order_filled_timestamp":1765522800000,"ft_is_entry":true,"ft_order_tag":"","cost":800.16738375},{"amount":5.75,"safe_price":137.69910000000002,"ft_order_side":"sell","order_filled_timestamp":1765526400000,"ft_is_entry":false,"ft_order_tag":"stop_loss","cost":792.1657099125}],"funding_fees":0.0,"weekday":4},{"pair":"SOL/USDT:USDT","stake_amount":399.3417,"max_stake_amount":399.3417,"amount":5.77,"open_date":"2025-12-12 15:00:00+00:00","close_date":"2025-12-12 15:00:00+00:00","open_rate":138.42,"close_rate":137.0358,"fee_open":0.0005,"fee_close":0.0005,"trade_duration":0,"profit_ratio":-0.021979010487244013,"profit_abs":-8.78152398,"exit_reason":"stop_loss","initial_stop_loss_abs":137.0358,"initial_stop_loss_ratio":-0.02,"stop_loss_abs":137.0358,"stop_loss_ratio":-0.02,"min_rate":132.71,"max_rate":138.46,"is_open":false,"enter_tag":"","leverage":2,"is_short":false,"open_timestamp":1765551600000,"close_timestamp":1765551600000,"orders":[{"amount":5.77,"safe_price":138.42,"ft_order_side":"buy","order_filled_timestamp":1765551600000,"ft_is_entry":true,"ft_order_tag":"","cost":799.0827416999998},{"amount":5.77,"safe_price":137.0358,"ft_order_side":"sell","order_filled_timestamp":1765551600000,"ft_is_entry":false,"ft_order_tag":"stop_loss","cost":791.0919142829999}],"funding_fees":0.0,"weekday":4},{"pair":"ETH/USDT:USDT","stake_amount":399.95125,"max_stake_amount":399.95125,"amount":0.265,"open_date":"2025-12-29 08:00:00+00:00","close_date":"2025-12-29 09:00:00+00:00","open_rate":3018.5,"close_rate":2988.315,"fee_open":0.0005,"fee_close":0.0005,"trade_duration":60,"profit_ratio":-0.02201854340502996,"profit_abs":-8.81074713,"exit_reason":"stop_loss","initial_stop_loss_abs":2988.315,"initial_stop_loss_ratio":-0.02,"stop_loss_abs":2988.315,"stop_loss_ratio":-0.02,"min_rate":2955.52,"max_rate":3025.79,"is_open":false,"enter_tag":"","leverage":2,"is_short":false,"open_timestamp":1766995200000,"close_timestamp":1766998800000,"orders":[{"amount":0.265,"safe_price":3018.5,"ft_order_side":"buy","order_filled_timestamp":1766995200000,"ft_is_entry":true,"ft_order_tag":"","cost":800.30245125},{"amount":0.265,"safe_price":2988.315,"ft_order_side":"sell","order_filled_timestamp":1766998800000,"ft_is_entry":false,"ft_order_tag":"stop_loss","cost":792.2994267375001}],"funding_fees":-0.015819145927711487,"weekday":0},{"pair":"SOL/USDT:USDT","stake_amount":399.5151,"max_stake_amount":399.5151,"amount":6.34,"open_date":"2025-12-29 10:00:00+00:00","close_date":"2025-12-29 12:00:00+00:00","open_rate":126.03,"close_rate":124.7697,"fee_open":0.0005,"fee_close":0.0005,"trade_duration":120,"profit_ratio":-0.02197901049725441,"profit_abs":-8.78533705,"exit_reason":"stop_loss","initial_stop_loss_abs":124.7697,"initial_stop_loss_ratio":-0.02,"stop_loss_abs":124.7697,"stop_loss_ratio":-0.02,"min_rate":122.82,"max_rate":126.34,"is_open":false,"enter_tag":"","leverage":2,"is_short":false,"open_timestamp":1767002400000,"close_timestamp":1767009600000,"orders":[{"amount":6.34,"safe_price":126.03,"ft_order_side":"buy","order_filled_timestamp":1767002400000,"ft_is_entry":true,"ft_order_tag":"","cost":799.4297151},{"amount":6.34,"safe_price":124.7697,"ft_order_side":"sell","order_filled_timestamp":1767009600000,"ft_is_entry":false,"ft_order_tag":"stop_loss","cost":791.435417949}],"funding_fees":0.0,"weekday":0},{"pair":"SOL/USDT:USDT","stake_amount":399.8532,"max_stake_amount":399.8532,"amount":6.36,"open_date":"2025-12-31 15:00:00+00:00","close_date":"2025-12-31 16:00:00+00:00","open_rate":125.74,"close_rate":124.48259999999999,"fee_open":0.0005,"fee_close":0.0005,"trade_duration":60,"profit_ratio":-0.02217859259195701,"profit_abs":-8.87261531,"exit_reason":"stop_loss","initial_stop_loss_abs":124.48259999999999,"initial_stop_loss_ratio":-0.02,"stop_loss_abs":124.48259999999999,"stop_loss_ratio":-0.02,"min_rate":124.24,"max_rate":125.8,"is_open":false,"enter_tag":"","leverage":2,"is_short":false,"open_timestamp":1767193200000,"close_timestamp":1767196800000,"orders":[{"amount":6.36,"safe_price":125.74,"ft_order_side":"buy","order_filled_timestamp":1767193200000,"ft_is_entry":true,"ft_order_tag":"","cost":800.1062532},{"amount":6.36,"safe_price":124.48259999999999,"ft_order_side":"sell","order_filled_timestamp":1767196800000,"ft_is_entry":false,"ft_order_tag":"stop_loss","cost":792.105190668}],"funding_fees":-0.07984344000000002,"weekday":2},{"pair":"SOL/USDT:USDT","stake_amount":399.392,"max_stake_amount":399.392,"amount":6.4,"open_date":"2025-12-31 17:00:00+00:00","close_date":"2025-12-31 20:00:00+00:00","open_rate":124.81,"close_rate":123.5619,"fee_open":0.0005,"fee_close":0.0005,"trade_duration":180,"profit_ratio":-0.021979010494752624,"profit_abs":-8.78263008,"exit_reason":"stop_loss","initial_stop_loss_abs":123.5619,"initial_stop_loss_ratio":-0.02,"stop_loss_abs":123.5619,"stop_loss_ratio":-0.02,"min_rate":123.4,"max_rate":125.47,"is_open":false,"enter_tag":"","leverage":2,"is_short":false,"open_timestamp":1767200400000,"close_timestamp":1767211200000,"orders":[{"amount":6.4,"safe_price":124.81,"ft_order_side":"buy","order_filled_timestamp":1767200400000,"ft_is_entry":true,"ft_order_tag":"","cost":799.183392},{"amount":6.4,"safe_price":123.5619,"ft_order_side":"sell","order_filled_timestamp":1767211200000,"ft_is_entry":false,"ft_order_tag":"stop_loss","cost":791.1915580799999}],"funding_fees":0.0,"weekday":2},{"pair":"ETH/USDT:USDT","stake_amount":399.55461,"max_stake_amount":399.55461,"amount":0.266,"open_date":"2026-01-02 01:00:00+00:00","close_date":"2026-01-02 14:00:00+00:00","open_rate":3004.17,"close_rate":3097.345857928964,"fee_open":0.0005,"fee_close":0.0005,"trade_duration":780,"profit_ratio":0.06003090295464493,"profit_abs":23.99761683,"exit_reason":"roi","initial_stop_loss_abs":2974.1283,"initial_stop_loss_ratio":-0.02,"stop_loss_abs":3037.1319,"stop_loss_ratio":-0.02,"min_rate":2990.52,"max_rate":3109.99,"is_open":false,"enter_tag":"","leverage":2,"is_short":false,"open_timestamp":1767315600000,"close_timestamp":1767362400000,"orders":[{"amount":0.266,"safe_price":3004.17,"ft_order_side":"buy","order_filled_timestamp":1767315600000,"ft_is_entry":true,"ft_order_tag":"","cost":799.50877461},{"amount":0.266,"safe_price":3097.345857928964,"ft_order_side":"sell","order_filled_timestamp":1767362400000,"ft_is_entry":false,"ft_order_tag":"roi","cost":824.305945208209}],"funding_fees":0.024340229073058477,"weekday":4},{"pair":"SOL/USDT:USDT","stake_amount":399.39615,"max_stake_amount":399.39615,"amount":6.21,"open_date":"2026-01-02 15:00:00+00:00","close_date":"2026-01-02 15:00:00+00:00","open_rate":128.63,"close_rate":127.3437,"fee_open":0.0005,"fee_close":0.0005,"trade_duration":0,"profit_ratio":-0.021979010498506417,"profit_abs":-8.78272134,"exit_reason":"stop_loss","initial_stop_loss_abs":127.3437,"initial_stop_loss_ratio":-0.02,"stop_loss_abs":127.3437,"stop_loss_ratio":-0.02,"min_rate":127.33,"max_rate":129.47,"is_open":false,"enter_tag":"","leverage":2,"is_short":false,"open_timestamp":1767366000000,"close_timestamp":1767366000000,"orders":[{"amount":6.21,"safe_price":128.63,"ft_order_side":"buy","order_filled_timestamp":1767366000000,"ft_is_entry":true,"ft_order_tag":"","cost":799.1916961499999},{"amount":6.21,"safe_price":127.3437,"ft_order_side":"sell","order_filled_timestamp":1767366000000,"ft_is_entry":false,"ft_order_tag":"stop_loss","cost":791.1997791884999}],"funding_fees":0.0,"weekday":4},{"pair":"BTC/USDT:USDT","stake_amount":395.604555,"max_stake_amount":395.604555,"amount":0.0089,"open_date":"2026-01-02 07:00:00+00:00","close_date":"2026-01-02 16:00:00+00:00","open_rate":88899.9,"close_rate":89869.23,"fee_open":0.0005,"fee_close":0.0005,"trade_duration":540,"profit_ratio":0.019693554034431984,"profit_abs":7.79475511,"exit_reason":"trailing_stop_loss","initial_stop_loss_abs":88010.901,"initial_stop_loss_ratio":-0.02,"stop_loss_abs":89869.23,"stop_loss_ratio":-0.02,"min_rate":88404.5,"max_rate":90777.0,"is_open":false,"enter_tag":"","leverage":2,"is_short":false,"open_timestamp":1767337200000,"close_timestamp":1767369600000,"orders":[{"amount":0.0089,"safe_price":88899.9,"ft_order_side":"buy","order_filled_timestamp":1767337200000,"ft_is_entry":true,"ft_order_tag":"","cost":791.6047145549999},{"amount":0.0089,"safe_price":89869.23,"ft_order_side":"sell","order_filled_timestamp":1767369600000,"ft_is_entry":false,"ft_order_tag":"trailing_stop_loss","cost":800.2360650735}],"funding_fees":-0.0367592616578311,"weekday":4},{"pair":"DOGE/USDT:USDT","stake_amount":399.50015,"max_stake_amount":399.50015,"amount":5710.0,"open_date":"2026-01-03 08:00:00+00:00","close_date":"2026-01-03 09:00:00+00:00","open_rate":0.13993,"close_rate":0.1417,"fee_open":0.0005,"fee_close":0.0005,"trade_duration":60,"profit_ratio":0.023074162911397873,"profit_abs":9.22274061,"exit_reason":"trailing_stop_loss","initial_stop_loss_abs":0.13854,"initial_stop_loss_ratio":-0.02,"stop_loss_abs":0.1417,"stop_loss_ratio":-0.02,"min_rate":0.1393,"max_rate":0.14313,"is_open":false,"enter_tag":"","leverage":2,"is_short":false,"open_timestamp":1767427200000,"close_timestamp":1767430800000,"orders":[{"amount":5710.0,"safe_price":0.13993,"ft_order_side":"buy","order_filled_timestamp":1767427200000,"ft_is_entry":true,"ft_order_tag":"","cost":799.39980015},{"amount":5710.0,"safe_price":0.1417,"ft_order_side":"sell","order_filled_timestamp":1767430800000,"ft_is_entry":false,"ft_order_tag":"trailing_stop_loss","cost":809.5115534999999}],"funding_fees":-0.07990574000000002,"weekday":5},{"pair":"ETH/USDT:USDT","stake_amount":398.47584,"max_stake_amount":398.47584,"amount":0.258,"open_date":"2026-01-03 08:00:00+00:00","close_date":"2026-01-04 00:00:00+00:00","open_rate":3088.96,"close_rate":3135.3201,"fee_open":0.0005,"fee_close":0.0005,"trade_duration":960,"profit_ratio":0.02815404832567017,"profit_abs":11.22431741,"exit_reason":"trailing_stop_loss","initial_stop_loss_abs":3058.0704,"initial_stop_loss_ratio":-0.02,"stop_loss_abs":3135.3201,"stop_loss_ratio":-0.02,"min_rate":3082.0,"max_rate":3166.99,"is_open":false,"enter_tag":"","leverage":2,"is_short":false,"open_timestamp":1767427200000,"close_timestamp":1767484800000,"orders":[{"amount":0.258,"safe_price":3088.96,"ft_order_side":"buy","order_filled_timestamp":1767427200000,"ft_is_entry":true,"ft_order_tag":"","cost":797.35015584},{"amount":0.258,"safe_price":3135.3201,"ft_order_side":"sell","order_filled_timestamp":1767484800000,"ft_is_entry":false,"ft_order_tag":"trailing_stop_loss","cost":809.3170420928999}],"funding_fees":0.06634374392858483,"weekday":6},{"pair":"DOGE/USDT:USDT","stake_amount":399.3979,"max_stake_amount":399.3979,"amount":5660.0,"open_date":"2026-01-03 17:00:00+00:00","close_date":"2026-01-04 00:00:00+00:00","open_rate":0.14113,"close_rate":0.14550721860930466,"fee_open":0.0005,"fee_close":0.0005,"trade_duration":420,"profit_ratio":0.05976739540666852,"profit_abs":23.8829077,"exit_reason":"roi","initial_stop_loss_abs":0.13972,"initial_stop_loss_ratio":-0.02,"stop_loss_abs":0.14573,"stop_loss_ratio":-0.02,"min_rate":0.14051,"max_rate":0.1472,"is_open":false,"enter_tag":"","leverage":2,"is_short":false,"open_timestamp":1767459600000,"close_timestamp":1767484800000,"orders":[{"amount":5660.0,"safe_price":0.14113,"ft_order_side":"buy","order_filled_timestamp":1767459600000,"ft_is_entry":true,"ft_order_tag":"","cost":799.1951978999999},{"amount":5660.0,"safe_price":0.14550721860930466,"ft_order_side":"sell","order_filled_timestamp":1767484800000,"ft_is_entry":false,"ft_order_tag":"roi","cost":823.9826427573287}],"funding_fees":-0.0809663,"weekday":6},{"pair":"SOL/USDT:USDT","stake_amount":399.33425,"max_stake_amount":399.33425,"amount":5.95,"open_date":"2026-01-04 05:00:00+00:00","close_date":"2026-01-05 01:00:00+00:00","open_rate":134.23,"close_rate":136.3329,"fee_open":0.0005,"fee_close":0.0005,"trade_duration":1200,"profit_ratio":0.02950743419941384,"profit_abs":11.78922077,"exit_reason":"trailing_stop_loss","initial_stop_loss_abs":132.8877,"initial_stop_loss_ratio":-0.02,"stop_loss_abs":136.3329,"stop_loss_ratio":-0.02,"min_rate":132.95,"max_rate":137.71,"is_open":false,"enter_tag":"","leverage":2,"is_short":false,"open_timestamp":1767502800000,"close_timestamp":1767574800000,"orders":[{"amount":5.95,"safe_price":134.23,"ft_order_side":"buy","order_filled_timestamp":1767502800000,"ft_is_entry":true,"ft_order_tag":"","cost":799.0678342499999},{"amount":5.95,"safe_price":136.3329,"ft_order_side":"sell","order_filled_timestamp":1767574800000,"ft_is_entry":false,"ft_order_tag":"trailing_stop_loss","cost":811.5863453774999}],"funding_fees":0.08189039495362317,"weekday":0},{"pair":"BTC/USDT:USDT","stake_amount":396.67824,"max_stake_amount":396.67824,"amount":0.0087,"open_date":"2026-01-04 07:00:00+00:00","close_date":"2026-01-05 01:00:00+00:00","open_rate":91190.4,"close_rate":92461.05,"fee_open":0.0005,"fee_close":0.0005,"trade_duration":1080,"profit_ratio":0.02550471373857371,"profit_abs":10.12222354,"exit_reason":"trailing_stop_loss","initial_stop_loss_abs":90278.496,"initial_stop_loss_ratio":-0.02,"stop_loss_abs":92461.05,"stop_loss_ratio":-0.02,"min_rate":90811.1,"max_rate":93395.0,"is_open":false,"enter_tag":"","leverage":2,"is_short":false,"open_timestamp":1767510000000,"close_timestamp":1767574800000,"orders":[{"amount":0.0087,"safe_price":91190.4,"ft_order_side":"buy","order_filled_timestamp":1767510000000,"ft_is_entry":true,"ft_order_tag":"","cost":793.7531582399998},{"amount":0.0087,"safe_price":92461.05,"ft_order_side":"sell","order_filled_timestamp":1767574800000,"ft_is_entry":false,"ft_order_tag":"trailing_stop_loss","cost":804.8133405675}],"funding_fees":-0.13354765564672044,"weekday":0},{"pair":"DOGE/USDT:USDT","stake_amount":399.33855,"max_stake_amount":399.33855,"amount":5310.0,"open_date":"2026-01-05 01:00:00+00:00","close_date":"2026-01-05 04:00:00+00:00","open_rate":0.15041,"close_rate":0.14891,"fee_open":0.0005,"fee_close":0.0005,"trade_duration":180,"profit_ratio":-0.02192454733340729,"profit_abs":-8.7596946,"exit_reason":"stop_loss","initial_stop_loss_abs":0.14891,"initial_stop_loss_ratio":-0.02,"stop_loss_abs":0.14891,"stop_loss_ratio":-0.02,"min_rate":0.14864,"max_rate":0.15243,"is_open":false,"enter_tag":"","leverage":2,"is_short":false,"open_timestamp":1767574800000,"close_timestamp":1767585600000,"orders":[{"amount":5310.0,"safe_price":0.15041,"ft_order_side":"buy","order_filled_timestamp":1767574800000,"ft_is_entry":true,"ft_order_tag":"","cost":799.0764385499998},{"amount":5310.0,"safe_price":0.14891,"ft_order_side":"sell","order_filled_timestamp":1767585600000,"ft_is_entry":false,"ft_order_tag":"stop_loss","cost":791.1074560499999}],"funding_fees":0.0,"weekday":0},{"pair":"ETH/USDT:USDT","stake_amount":398.89206,"max_stake_amount":398.89206,"amount":0.252,"open_date":"2026-01-05 05:00:00+00:00","close_date":"2026-01-05 06:00:00+00:00","open_rate":3165.81,"close_rate":3134.1519,"fee_open":0.0005,"fee_close":0.0005,"trade_duration":60,"profit_ratio":-0.02197901049625604,"profit_abs":-8.7716364,"exit_reason":"stop_loss","initial_stop_loss_abs":3134.1519,"initial_stop_loss_ratio":-0.02,"stop_loss_abs":3134.1519,"stop_loss_ratio":-0.02,"min_rate":3132.02,"max_rate":3168.68,"is_open":false,"enter_tag":"","leverage":2,"is_short":false,"open_timestamp":1767589200000,"close_timestamp":1767592800000,"orders":[{"amount":0.252,"safe_price":3165.81,"ft_order_side":"buy","order_filled_timestamp":1767589200000,"ft_is_entry":true,"ft_order_tag":"","cost":798.18301206},{"amount":0.252,"safe_price":3134.1519,"ft_order_side":"sell","order_filled_timestamp":1767592800000,"ft_is_entry":false,"ft_order_tag":"stop_loss","cost":790.2011819393999}],"funding_fees":0.0,"weekday":0},{"pair":"BTC/USDT:USDT","stake_amount":398.05143,"max_stake_amount":398.05143,"amount":0.0086,"open_date":"2026-01-05 05:00:00+00:00","close_date":"2026-01-05 17:00:00+00:00","open_rate":92570.1,"close_rate":93524.11200000001,"fee_open":0.0005,"fee_close":0.0005,"trade_duration":720,"profit_ratio":0.018316344640218463,"profit_abs":7.2944926,"exit_reason":"trailing_stop_loss","initial_stop_loss_abs":91644.399,"initial_stop_loss_ratio":-0.02,"stop_loss_abs":93524.11200000001,"stop_loss_ratio":-0.02,"min_rate":92112.3,"max_rate":94468.8,"is_open":false,"enter_tag":"","leverage":2,"is_short":false,"open_timestamp":1767589200000,"close_timestamp":1767632400000,"orders":[{"amount":0.0086,"safe_price":92570.1,"ft_order_side":"buy","order_filled_timestamp":1767589200000,"ft_is_entry":true,"ft_order_tag":"","cost":796.5009114300001},{"amount":0.0086,"safe_price":93524.11200000001,"ft_order_side":"sell","order_filled_timestamp":1767632400000,"ft_is_entry":false,"ft_order_tag":"trailing_stop_loss","cost":804.7095168816}],"funding_fees":-0.10980548698226733,"weekday":0},{"pair":"BTC/USDT:USDT","stake_amount":395.346,"max_stake_amount":395.346,"amount":0.0084,"open_date":"2026-01-05 21:00:00+00:00","close_date":"2026-01-06 07:00:00+00:00","open_rate":94130.0,"close_rate":93188.7,"fee_open":0.0005,"fee_close":0.0005,"trade_duration":600,"profit_ratio":-0.021876218229889367,"profit_abs":-8.65299971,"exit_reason":"stop_loss","initial_stop_loss_abs":93188.7,"initial_stop_loss_ratio":-0.02,"stop_loss_abs":93188.7,"stop_loss_ratio":-0.02,"min_rate":93088.3,"max_rate":94350.0,"is_open":false,"enter_tag":"","leverage":2,"is_short":false,"open_timestamp":1767646800000,"close_timestamp":1767682800000,"orders":[{"amount":0.0084,"safe_price":94130.0,"ft_order_side":"buy","order_filled_timestamp":1767646800000,"ft_is_entry":true,"ft_order_tag":"","cost":791.0873459999999},{"amount":0.0084,"safe_price":93188.7,"ft_order_side":"sell","order_filled_timestamp":1767682800000,"ft_is_entry":false,"ft_order_tag":"stop_loss","cost":783.1764725399998}],"funding_fees":0.04065883273545115,"weekday":1},{"pair":"BTC/USDT:USDT","stake_amount":396.20625,"max_stake_amount":396.20625,"amount":0.0085,"open_date":"2026-01-06 08:00:00+00:00","close_date":"2026-01-06 16:00:00+00:00","open_rate":93225.0,"close_rate":92292.75,"fee_open":0.0005,"fee_close":0.0005,"trade_duration":480,"profit_ratio":-0.022106564725934478,"profit_abs":-8.76313849,"exit_reason":"stop_loss","initial_stop_loss_abs":92292.75,"initial_stop_loss_ratio":-0.02,"stop_loss_abs":92292.75,"stop_loss_ratio":-0.02,"min_rate":92288.0,"max_rate":94421.9,"is_open":false,"enter_tag":"","leverage":2,"is_short":false,"open_timestamp":1767686400000,"close_timestamp":1767715200000,"orders":[{"amount":0.0085,"safe_price":93225.0,"ft_order_side":"buy","order_filled_timestamp":1767686400000,"ft_is_entry":true,"ft_order_tag":"","cost":792.80870625},{"amount":0.0085,"safe_price":92292.75,"ft_order_side":"sell","order_filled_timestamp":1767715200000,"ft_is_entry":false,"ft_order_tag":"stop_loss","cost":784.8806191875}],"funding_fees":-0.05056305573288543,"weekday":1},{"pair":"ETH/USDT:USDT","stake_amount":399.062,"max_stake_amount":399.062,"amount":0.244,"open_date":"2026-01-06 16:00:00+00:00","close_date":"2026-01-06 16:00:00+00:00","open_rate":3271.0,"close_rate":3238.29,"fee_open":0.0005,"fee_close":0.0005,"trade_duration":0,"profit_ratio":-0.02197236953439424,"profit_abs":-8.7727219,"exit_reason":"stop_loss","initial_stop_loss_abs":3238.29,"initial_stop_loss_ratio":-0.02,"stop_loss_abs":3238.29,"stop_loss_ratio":-0.02,"min_rate":3232.55,"max_rate":3278.0,"is_open":false,"enter_tag":"","leverage":2,"is_short":false,"open_timestamp":1767715200000,"close_timestamp":1767715200000,"orders":[{"amount":0.244,"safe_price":3271.0,"ft_order_side":"buy","order_filled_timestamp":1767715200000,"ft_is_entry":true,"ft_order_tag":"","cost":798.523062},{"amount":0.244,"safe_price":3238.29,"ft_order_side":"sell","order_filled_timestamp":1767715200000,"ft_is_entry":false,"ft_order_tag":"stop_loss","cost":790.53783138}],"funding_fees":0.002651478961388237,"weekday":1},{"pair":"ETH/USDT:USDT","stake_amount":399.8115,"max_stake_amount":399.8115,"amount":0.246,"open_date":"2026-01-06 17:00:00+00:00","close_date":"2026-01-06 17:00:00+00:00","open_rate":3250.5,"close_rate":3217.995,"fee_open":0.0005,"fee_close":0.0005,"trade_duration":0,"profit_ratio":-0.021979010507252268,"profit_abs":-8.79185489,"exit_reason":"stop_loss","initial_stop_loss_abs":3217.995,"initial_stop_loss_ratio":-0.02,"stop_loss_abs":3217.995,"stop_loss_ratio":-0.02,"min_rate":3188.13,"max_rate":3259.0,"is_open":false,"enter_tag":"","leverage":2,"is_short":false,"open_timestamp":1767718800000,"close_timestamp":1767718800000,"orders":[{"amount":0.246,"safe_price":3250.5,"ft_order_side":"buy","order_filled_timestamp":1767718800000,"ft_is_entry":true,"ft_order_tag":"","cost":800.0228114999999},{"amount":0.246,"safe_price":3217.995,"ft_order_side":"sell","order_filled_timestamp":1767718800000,"ft_is_entry":false,"ft_order_tag":"stop_loss","cost":792.022583385}],"funding_fees":0.0,"weekday":1},{"pair":"ETH/USDT:USDT","stake_amount":399.39375,"max_stake_amount":399.39375,"amount":0.25,"open_date":"2026-01-06 18:00:00+00:00","close_date":"2026-01-06 21:00:00+00:00","open_rate":3195.15,"close_rate":3294.2491995997993,"fee_open":0.0005,"fee_close":0.0005,"trade_duration":180,"profit_ratio":0.059970014992503755,"profit_abs":23.963625,"exit_reason":"roi","initial_stop_loss_abs":3163.1985,"initial_stop_loss_ratio":-0.02,"stop_loss_abs":3266.7227999999996,"stop_loss_ratio":-0.02,"min_rate":3181.03,"max_rate":3299.72,"is_open":false,"enter_tag":"","leverage":2,"is_short":false,"open_timestamp":1767722400000,"close_timestamp":1767733200000,"orders":[{"amount":0.25,"safe_price":3195.15,"ft_order_side":"buy","order_filled_timestamp":1767722400000,"ft_is_entry":true,"ft_order_tag":"","cost":799.18689375},{"amount":0.25,"safe_price":3294.2491995997993,"ft_order_side":"sell","order_filled_timestamp":1767733200000,"ft_is_entry":false,"ft_order_tag":"roi","cost":823.9740810498997}],"funding_fees":0.0,"weekday":1},{"pair":"SOL/USDT:USDT","stake_amount":399.5725,"max_stake_amount":399.5725,"amount":5.77,"open_date":"2026-01-11 21:00:00+00:00","close_date":"2026-01-12 00:00:00+00:00","open_rate":138.5,"close_rate":139.8375,"fee_open":0.0005,"fee_close":0.0005,"trade_duration":180,"profit_ratio":0.01709425791893547,"profit_abs":6.83381057,"exit_reason":"trailing_stop_loss","initial_stop_loss_abs":137.115,"initial_stop_loss_ratio":-0.02,"stop_loss_abs":139.8375,"stop_loss_ratio":-0.02,"min_rate":137.46,"max_rate":141.25,"is_open":false,"enter_tag":"","leverage":2,"is_short":false,"open_timestamp":1768165200000,"close_timestamp":1768176000000,"orders":[{"amount":5.77,"safe_price":138.5,"ft_order_side":"buy","order_filled_timestamp":1768165200000,"ft_is_entry":true,"ft_order_tag":"","cost":799.5445725},{"amount":5.77,"safe_price":139.8375,"ft_order_side":"sell","order_filled_timestamp":1768176000000,"ft_is_entry":false,"ft_order_tag":"trailing_stop_loss","cost":807.2658061874998}],"funding_fees":-0.08056073999999999,"weekday":0},{"pair":"ETH/USDT:USDT","stake_amount":398.54464,"max_stake_amount":398.54464,"amount":0.256,"open_date":"2026-01-11 21:00:00+00:00","close_date":"2026-01-12 02:00:00+00:00","open_rate":3113.63,"close_rate":3135.7854,"fee_open":0.0005,"fee_close":0.0005,"trade_duration":300,"profit_ratio":0.012127122272199909,"profit_abs":4.83561618,"exit_reason":"trailing_stop_loss","initial_stop_loss_abs":3082.4937,"initial_stop_loss_ratio":-0.02,"stop_loss_abs":3135.7854,"stop_loss_ratio":-0.02,"min_rate":3091.0,"max_rate":3167.46,"is_open":false,"enter_tag":"","leverage":2,"is_short":false,"open_timestamp":1768165200000,"close_timestamp":1768183200000,"orders":[{"amount":0.256,"safe_price":3113.63,"ft_order_side":"buy","order_filled_timestamp":1768165200000,"ft_is_entry":true,"ft_order_tag":"","cost":797.48782464},{"amount":0.256,"safe_price":3135.7854,"ft_order_side":"sell","order_filled_timestamp":1768183200000,"ft_is_entry":false,"ft_order_tag":"trailing_stop_loss","cost":803.1624429312}],"funding_fees":-0.03624105147732082,"weekday":0},{"pair":"SOL/USDT:USDT","stake_amount":399.596,"max_stake_amount":399.596,"amount":5.66,"open_date":"2026-01-12 01:00:00+00:00","close_date":"2026-01-12 03:00:00+00:00","open_rate":141.2,"close_rate":142.9164,"fee_open":0.0005,"fee_close":0.0005,"trade_duration":120,"profit_ratio":0.022288314771132238,"profit_abs":8.91077459,"exit_reason":"trailing_stop_loss","initial_stop_loss_abs":139.78799999999998,"initial_stop_loss_ratio":-0.02,"stop_loss_abs":142.9164,"stop_loss_ratio":-0.02,"min_rate":140.6,"max_rate":144.36,"is_open":false,"enter_tag":"","leverage":2,"is_short":false,"open_timestamp":1768179600000,"close_timestamp":1768186800000,"orders":[{"amount":5.66,"safe_price":141.2,"ft_order_side":"buy","order_filled_timestamp":1768179600000,"ft_is_entry":true,"ft_order_tag":"","cost":799.591596},{"amount":5.66,"safe_price":142.9164,"ft_order_side":"sell","order_filled_timestamp":1768186800000,"ft_is_entry":false,"ft_order_tag":"trailing_stop_loss","cost":809.311277412}],"funding_fees":0.0,"weekday":0},{"pair":"SOL/USDT:USDT","stake_amount":399.7,"max_stake_amount":399.7,"amount":5.71,"open_date":"2026-01-12 09:00:00+00:00","close_date":"2026-01-12 14:00:00+00:00","open_rate":140.0,"close_rate":138.6,"fee_open":0.0005,"fee_close":0.0005,"trade_duration":300,"profit_ratio":-0.021979010494752624,"profit_abs":-8.789403,"exit_reason":"stop_loss","initial_stop_loss_abs":138.6,"initial_stop_loss_ratio":-0.02,"stop_loss_abs":138.6,"stop_loss_ratio":-0.02,"min_rate":138.6,"max_rate":140.77,"is_open":false,"enter_tag":"","leverage":2,"is_short":false,"open_timestamp":1768208400000,"close_timestamp":1768226400000,"orders":[{"amount":5.71,"safe_price":140.0,"ft_order_side":"buy","order_filled_timestamp":1768208400000,"ft_is_entry":true,"ft_order_tag":"","cost":799.7996999999999},{"amount":5.71,"safe_price":138.6,"ft_order_side":"sell","order_filled_timestamp":1768226400000,"ft_is_entry":false,"ft_order_tag":"stop_loss","cost":791.8017029999999}],"funding_fees":0.0,"weekday":0},{"pair":"SOL/USDT:USDT","stake_amount":399.3242,"max_stake_amount":399.3242,"amount":5.69,"open_date":"2026-01-12 15:00:00+00:00","close_date":"2026-01-12 16:00:00+00:00","open_rate":140.36,"close_rate":142.8075,"fee_open":0.0005,"fee_close":0.0005,"trade_duration":60,"profit_ratio":0.03298809277805086,"profit_abs":13.17953023,"exit_reason":"trailing_stop_loss","initial_stop_loss_abs":138.9564,"initial_stop_loss_ratio":-0.02,"stop_loss_abs":142.8075,"stop_loss_ratio":-0.02,"min_rate":139.95,"max_rate":144.25,"is_open":false,"enter_tag":"","leverage":2,"is_short":false,"open_timestamp":1768230000000,"close_timestamp":1768233600000,"orders":[{"amount":5.69,"safe_price":140.36,"ft_order_side":"buy","order_filled_timestamp":1768230000000,"ft_is_entry":true,"ft_order_tag":"","cost":799.0477242000001},{"amount":5.69,"safe_price":142.8075,"ft_order_side":"sell","order_filled_timestamp":1768233600000,"ft_is_entry":false,"ft_order_tag":"trailing_stop_loss","cost":812.9809623375}],"funding_fees":0.0588667663349944,"weekday":0},{"pair":"SOL/USDT:USDT","stake_amount":399.4055,"max_stake_amount":399.4055,"amount":5.59,"open_date":"2026-01-12 17:00:00+00:00","close_date":"2026-01-12 17:00:00+00:00","open_rate":142.9,"close_rate":141.471,"fee_open":0.0005,"fee_close":0.0005,"trade_duration":0,"profit_ratio":-0.021979010482240272,"profit_abs":-8.78292694,"exit_reason":"stop_loss","initial_stop_loss_abs":141.471,"initial_stop_loss_ratio":-0.02,"stop_loss_abs":141.471,"stop_loss_ratio":-0.02,"min_rate":141.1,"max_rate":143.65,"is_open":false,"enter_tag":"","leverage":2,"is_short":false,"open_timestamp":1768237200000,"close_timestamp":1768237200000,"orders":[{"amount":5.59,"safe_price":142.9,"ft_order_side":"buy","order_filled_timestamp":1768237200000,"ft_is_entry":true,"ft_order_tag":"","cost":799.2104055},{"amount":5.59,"safe_price":141.471,"ft_order_side":"sell","order_filled_timestamp":1768237200000,"ft_is_entry":false,"ft_order_tag":"stop_loss","cost":791.218301445}],"funding_fees":0.0,"weekday":0},{"pair":"SOL/USDT:USDT","stake_amount":399.42035,"max_stake_amount":399.42035,"amount":5.63,"open_date":"2026-01-12 18:00:00+00:00","close_date":"2026-01-12 20:00:00+00:00","open_rate":141.89,"close_rate":140.47109999999998,"fee_open":0.0005,"fee_close":0.0005,"trade_duration":120,"profit_ratio":-0.021979010503510945,"profit_abs":-8.7832535,"exit_reason":"stop_loss","initial_stop_loss_abs":140.47109999999998,"initial_stop_loss_ratio":-0.02,"stop_loss_abs":140.47109999999998,"stop_loss_ratio":-0.02,"min_rate":139.91,"max_rate":142.8,"is_open":false,"enter_tag":"","leverage":2,"is_short":false,"open_timestamp":1768240800000,"close_timestamp":1768248000000,"orders":[{"amount":5.63,"safe_price":141.89,"ft_order_side":"buy","order_filled_timestamp":1768240800000,"ft_is_entry":true,"ft_order_tag":"","cost":799.2401203499998},{"amount":5.63,"safe_price":140.47109999999998,"ft_order_side":"sell","order_filled_timestamp":1768248000000,"ft_is_entry":false,"ft_order_tag":"stop_loss","cost":791.2477191464999}],"funding_fees":0.0,"weekday":0},{"pair":"SOL/USDT:USDT","stake_amount":399.2877,"max_stake_amount":399.2877,"amount":5.49,"open_date":"2026-01-14 00:00:00+00:00","close_date":"2026-01-14 06:00:00+00:00","open_rate":145.46,"close_rate":144.0054,"fee_open":0.0005,"fee_close":0.0005,"trade_duration":360,"profit_ratio":-0.02217891053721801,"profit_abs":-8.86019406,"exit_reason":"stop_loss","initial_stop_loss_abs":144.0054,"initial_stop_loss_ratio":-0.02,"stop_loss_abs":144.0054,"stop_loss_ratio":-0.02,"min_rate":143.87,"max_rate":146.56,"is_open":false,"enter_tag":"","leverage":2,"is_short":false,"open_timestamp":1768348800000,"close_timestamp":1768370400000,"orders":[{"amount":5.49,"safe_price":145.46,"ft_order_side":"buy","order_filled_timestamp":1768348800000,"ft_is_entry":true,"ft_order_tag":"","cost":798.9746877},{"amount":5.49,"safe_price":144.0054,"ft_order_side":"sell","order_filled_timestamp":1768370400000,"ft_is_entry":false,"ft_order_tag":"stop_loss","cost":790.9849408230001}],"funding_fees":-0.07985754000000002,"weekday":2},{"pair":"ETH/USDT:USDT","stake_amount":399.194325,"max_stake_amount":399.194325,"amount":0.243,"open_date":"2026-01-14 12:00:00+00:00","close_date":"2026-01-14 14:00:00+00:00","open_rate":3285.55,"close_rate":3323.7567,"fee_open":0.0005,"fee_close":0.0005,"trade_duration":120,"profit_ratio":0.021235168762906924,"profit_abs":8.48119734,"exit_reason":"trailing_stop_loss","initial_stop_loss_abs":3252.6945,"initial_stop_loss_ratio":-0.02,"stop_loss_abs":3323.7567,"stop_loss_ratio":-0.02,"min_rate":3278.15,"max_rate":3357.33,"is_open":false,"enter_tag":"","leverage":2,"is_short":false,"open_timestamp":1768392000000,"close_timestamp":1768399200000,"orders":[{"amount":0.243,"safe_price":3285.55,"ft_order_side":"buy","order_filled_timestamp":1768392000000,"ft_is_entry":true,"ft_order_tag":"","cost":798.7878443249999},{"amount":0.243,"safe_price":3323.7567,"ft_order_side":"sell","order_filled_timestamp":1768399200000,"ft_is_entry":false,"ft_order_tag":"trailing_stop_loss","cost":808.0767145390499}],"funding_fees":0.0,"weekday":2},{"pair":"SOL/USDT:USDT","stake_amount":399.4304,"max_stake_amount":399.4304,"amount":5.56,"open_date":"2026-01-14 12:00:00+00:00","close_date":"2026-01-14 14:00:00+00:00","open_rate":143.68,"close_rate":146.01510000000002,"fee_open":0.0005,"fee_close":0.0005,"trade_duration":120,"profit_ratio":0.030472687509812576,"profit_abs":12.17780362,"exit_reason":"trailing_stop_loss","initial_stop_loss_abs":142.2432,"initial_stop_loss_ratio":-0.02,"stop_loss_abs":146.01510000000002,"stop_loss_ratio":-0.02,"min_rate":143.28,"max_rate":147.49,"is_open":false,"enter_tag":"","leverage":2,"is_short":false,"open_timestamp":1768392000000,"close_timestamp":1768399200000,"orders":[{"amount":5.56,"safe_price":143.68,"ft_order_side":"buy","order_filled_timestamp":1768392000000,"ft_is_entry":true,"ft_order_tag":"","cost":799.2602303999998},{"amount":5.56,"safe_price":146.01510000000002,"ft_order_side":"sell","order_filled_timestamp":1768399200000,"ft_is_entry":false,"ft_order_tag":"trailing_stop_loss","cost":812.249877978}],"funding_fees":0.0,"weekday":2},{"pair":"ETH/USDT:USDT","stake_amount":398.34298,"max_stake_amount":398.34298,"amount":0.238,"open_date":"2026-01-14 15:00:00+00:00","close_date":"2026-01-14 16:00:00+00:00","open_rate":3347.42,"close_rate":3369.4056,"fee_open":0.0005,"fee_close":0.0005,"trade_duration":60,"profit_ratio":0.010924009176252063,"profit_abs":4.35367812,"exit_reason":"trailing_stop_loss","initial_stop_loss_abs":3313.9458,"initial_stop_loss_ratio":-0.02,"stop_loss_abs":3369.4056,"stop_loss_ratio":-0.02,"min_rate":3326.01,"max_rate":3403.44,"is_open":false,"enter_tag":"","leverage":2,"is_short":false,"open_timestamp":1768402800000,"close_timestamp":1768406400000,"orders":[{"amount":0.238,"safe_price":3347.42,"ft_order_side":"buy","order_filled_timestamp":1768402800000,"ft_is_entry":true,"ft_order_tag":"","cost":797.08430298},{"amount":0.238,"safe_price":3369.4056,"ft_order_side":"sell","order_filled_timestamp":1768406400000,"ft_is_entry":false,"ft_order_tag":"trailing_stop_loss","cost":802.3194920663999}],"funding_fees":-0.079592436,"weekday":2},{"pair":"DOGE/USDT:USDT","stake_amount":399.7965,"max_stake_amount":399.7965,"amount":5370.0,"open_date":"2026-01-14 16:00:00+00:00","close_date":"2026-01-14 18:00:00+00:00","open_rate":0.1489,"close_rate":0.14742,"fee_open":0.0005,"fee_close":0.0005,"trade_duration":120,"profit_ratio":-0.022058131444687327,"profit_abs":-8.82317313,"exit_reason":"stop_loss","initial_stop_loss_abs":0.14742,"initial_stop_loss_ratio":-0.02,"stop_loss_abs":0.14742,"stop_loss_ratio":-0.02,"min_rate":0.14617,"max_rate":0.15127,"is_open":false,"enter_tag":"","leverage":2,"is_short":false,"open_timestamp":1768406400000,"close_timestamp":1768413600000,"orders":[{"amount":5370.0,"safe_price":0.1489,"ft_order_side":"buy","order_filled_timestamp":1768406400000,"ft_is_entry":true,"ft_order_tag":"","cost":799.9927965},{"amount":5370.0,"safe_price":0.14742,"ft_order_side":"sell","order_filled_timestamp":1768413600000,"ft_is_entry":false,"ft_order_tag":"stop_loss","cost":792.0412226999999}],"funding_fees":-0.07995393,"weekday":2},{"pair":"ETH/USDT:USDT","stake_amount":399.18736,"max_stake_amount":399.18736,"amount":0.239,"open_date":"2026-01-14 18:00:00+00:00","close_date":"2026-01-14 19:00:00+00:00","open_rate":3340.48,"close_rate":3366.0,"fee_open":0.0005,"fee_close":0.0005,"trade_duration":60,"profit_ratio":0.013264969201384556,"profit_abs":5.29785564,"exit_reason":"trailing_stop_loss","initial_stop_loss_abs":3307.0751999999998,"initial_stop_loss_ratio":-0.02,"stop_loss_abs":3366.0,"stop_loss_ratio":-0.02,"min_rate":3313.57,"max_rate":3400.0,"is_open":false,"enter_tag":"","leverage":2,"is_short":false,"open_timestamp":1768413600000,"close_timestamp":1768417200000,"orders":[{"amount":0.239,"safe_price":3340.48,"ft_order_side":"buy","order_filled_timestamp":1768413600000,"ft_is_entry":true,"ft_order_tag":"","cost":798.77390736},{"amount":0.239,"safe_price":3366.0,"ft_order_side":"sell","order_filled_timestamp":1768417200000,"ft_is_entry":false,"ft_order_tag":"trailing_stop_loss","cost":804.8762369999998}],"funding_fees":0.0,"weekday":2},{"pair":"SOL/USDT:USDT","stake_amount":399.4305,"max_stake_amount":399.4305,"amount":5.45,"open_date":"2026-01-14 15:00:00+00:00","close_date":"2026-01-15 01:00:00+00:00","open_rate":146.58,"close_rate":145.1142,"fee_open":0.0005,"fee_close":0.0005,"trade_duration":600,"profit_ratio":-0.022205151941398407,"profit_abs":-8.87384965,"exit_reason":"stop_loss","initial_stop_loss_abs":145.1142,"initial_stop_loss_ratio":-0.02,"stop_loss_abs":145.1142,"stop_loss_ratio":-0.02,"min_rate":144.69,"max_rate":148.36,"is_open":false,"enter_tag":"","leverage":2,"is_short":false,"open_timestamp":1768402800000,"close_timestamp":1768438800000,"orders":[{"amount":5.45,"safe_price":146.58,"ft_order_side":"buy","order_filled_timestamp":1768402800000,"ft_is_entry":true,"ft_order_tag":"","cost":799.2604305000001},{"amount":5.45,"safe_price":145.1142,"ft_order_side":"sell","order_filled_timestamp":1768438800000,"ft_is_entry":false,"ft_order_tag":"stop_loss","cost":791.2678261950001}],"funding_fees":-0.0903729545549023,"weekday":3},{"pair":"BTC/USDT:USDT","stake_amount":396.73158,"max_stake_amount":396.73158,"amount":0.0082,"open_date":"2026-01-14 19:00:00+00:00","close_date":"2026-01-15 03:00:00+00:00","open_rate":96763.8,"close_rate":95796.162,"fee_open":0.0005,"fee_close":0.0005,"trade_duration":480,"profit_ratio":-0.0219385043692498,"profit_abs":-8.70804935,"exit_reason":"stop_loss","initial_stop_loss_abs":95796.162,"initial_stop_loss_ratio":-0.02,"stop_loss_abs":95796.162,"stop_loss_ratio":-0.02,"min_rate":95717.7,"max_rate":97900.0,"is_open":false,"enter_tag":"","leverage":2,"is_short":false,"open_timestamp":1768417200000,"close_timestamp":1768446000000,"orders":[{"amount":0.0082,"safe_price":96763.8,"ft_order_side":"buy","order_filled_timestamp":1768417200000,"ft_is_entry":true,"ft_order_tag":"","cost":793.8598915800001},{"amount":0.0082,"safe_price":95796.162,"ft_order_side":"sell","order_filled_timestamp":1768446000000,"ft_is_entry":false,"ft_order_tag":"stop_loss","cost":785.9212926642}],"funding_fees":0.016078094990996245,"weekday":3},{"pair":"ETH/USDT:USDT","stake_amount":398.78805,"max_stake_amount":398.78805,"amount":0.237,"open_date":"2026-01-15 10:00:00+00:00","close_date":"2026-01-15 14:00:00+00:00","open_rate":3365.3,"close_rate":3331.647,"fee_open":0.0005,"fee_close":0.0005,"trade_duration":240,"profit_ratio":-0.021979010496005796,"profit_abs":-8.76934922,"exit_reason":"stop_loss","initial_stop_loss_abs":3331.647,"initial_stop_loss_ratio":-0.02,"stop_loss_abs":3331.647,"stop_loss_ratio":-0.02,"min_rate":3320.58,"max_rate":3383.22,"is_open":false,"enter_tag":"","leverage":2,"is_short":false,"open_timestamp":1768471200000,"close_timestamp":1768485600000,"orders":[{"amount":0.237,"safe_price":3365.3,"ft_order_side":"buy","order_filled_timestamp":1768471200000,"ft_is_entry":true,"ft_order_tag":"","cost":797.97488805},{"amount":0.237,"safe_price":3331.647,"ft_order_side":"sell","order_filled_timestamp":1768485600000,"ft_is_entry":false,"ft_order_tag":"stop_loss","cost":789.9951391694999}],"funding_fees":0.0,"weekday":3},{"pair":"BTC/USDT:USDT","stake_amount":398.179635,"max_stake_amount":398.179635,"amount":0.0083,"open_date":"2026-01-15 04:00:00+00:00","close_date":"2026-01-16 15:00:00+00:00","open_rate":95946.9,"close_rate":94987.431,"fee_open":0.0005,"fee_close":0.0005,"trade_duration":2100,"profit_ratio":-0.022429263897296076,"profit_abs":-8.93534155,"exit_reason":"stop_loss","initial_stop_loss_abs":94987.431,"initial_stop_loss_ratio":-0.02,"stop_loss_abs":94987.431,"stop_loss_ratio":-0.02,"min_rate":94262.0,"max_rate":97162.1,"is_open":false,"enter_tag":"","leverage":2,"is_short":false,"open_timestamp":1768449600000,"close_timestamp":1768575600000,"orders":[{"amount":0.0083,"safe_price":95946.9,"ft_order_side":"buy","order_filled_timestamp":1768449600000,"ft_is_entry":true,"ft_order_tag":"","cost":796.7574496349998},{"amount":0.0083,"safe_price":94987.431,"ft_order_side":"sell","order_filled_timestamp":1768575600000,"ft_is_entry":false,"ft_order_tag":"stop_loss","cost":788.7898751386499}],"funding_fees":-0.1793713751439543,"weekday":4}],"locks":[],"best_pair":{"key":"ETH/USDT:USDT","trades":22,"profit_mean":0.0029945815846630823,"profit_mean_pct":0.3,"profit_total_abs":26.28957844,"profit_total":0.02628957844,"profit_total_pct":2.63,"duration_avg":"2:35:00","wins":11,"draws":0,"losses":11,"winrate":0.5,"cagr":0.09631937922499478,"expectancy":1.1949808381818183,"expectancy_ratio":0.13609498623793836,"sortino":413.60879172211264,"sharpe":0.44081499005103086,"calmar":11.605739742135498,"sqn":0.495,"profit_factor":1.2721899724758765,"max_drawdown_account":0.04201651255442907,"max_drawdown_abs":42.948863059999994},"worst_pair":{"key":"SOL/USDT:USDT","trades":19,"profit_mean":-0.007535052514337709,"profit_mean_pct":-0.75,"profit_total_abs":-57.23610882,"profit_total":-0.05723610882,"profit_total_pct":-5.72,"duration_avg":"3:32:00","wins":6,"draws":0,"losses":13,"winrate":0.3157894736842105,"cagr":-0.18849355616912122,"expectancy":-3.012426780000001,"expectancy_ratio":-0.34213386657311695,"sortino":-300.06282206989664,"sharpe":-1.2189292435612449,"calmar":-15.151369440560913,"sqn":-1.4674,"profit_factor":0.4999581950085215,"max_drawdown_account":0.07006924216022027,"max_drawdown_abs":70.37302026999998},"results_per_pair":[{"key":"ETH/USDT:USDT","trades":22,"profit_mean":0.0029945815846630823,"profit_mean_pct":0.3,"profit_total_abs":26.28957844,"profit_total":0.02628957844,"profit_total_pct":2.63,"duration_avg":"2:35:00","wins":11,"draws":0,"losses":11,"winrate":0.5,"cagr":0.09631937922499478,"expectancy":1.1949808381818183,"expectancy_ratio":0.13609498623793836,"sortino":413.60879172211264,"sharpe":0.44081499005103086,"calmar":11.605739742135498,"sqn":0.495,"profit_factor":1.2721899724758765,"max_drawdown_account":0.04201651255442907,"max_drawdown_abs":42.948863059999994},{"key":"DOGE/USDT:USDT","trades":4,"profit_mean":0.009714719884992944,"profit_mean_pct":0.97,"profit_total_abs":15.52278058,"profit_total":0.01552278058,"profit_total_pct":1.55,"duration_avg":"3:15:00","wins":2,"draws":0,"losses":2,"winrate":0.5,"cagr":0.056102601695676935,"expectancy":3.880695145,"expectancy_ratio":0.44141777150251027,"sortino":90.71557564124264,"sharpe":0.21029930353865933,"calmar":16.917405260368074,"sqn":0.4909,"profit_factor":1.8828355430050203,"max_drawdown_account":0.017019428515140655,"max_drawdown_abs":17.58286773},{"key":"BTC/USDT:USDT","trades":11,"profit_mean":-0.0024314853811362295,"profit_mean_pct":-0.24,"profit_total_abs":-10.60126439,"profit_total":-0.01060126439,"profit_total_pct":-1.06,"duration_avg":"12:05:00","wins":5,"draws":0,"losses":6,"winrate":0.45454545454545453,"cagr":-0.03706381669797165,"expectancy":-0.9637513081818194,"expectancy_ratio":-0.10990918104253211,"sortino":-22.692244088200937,"sharpe":-0.2288131411857183,"calmar":-5.745860331201728,"sqn":-0.3546,"profit_factor":0.798499834755358,"max_drawdown_account":0.034222505989470055,"max_drawdown_abs":35.0595291},{"key":"SOL/USDT:USDT","trades":19,"profit_mean":-0.007535052514337709,"profit_mean_pct":-0.75,"profit_total_abs":-57.23610882,"profit_total":-0.05723610882,"profit_total_pct":-5.72,"duration_avg":"3:32:00","wins":6,"draws":0,"losses":13,"winrate":0.3157894736842105,"cagr":-0.18849355616912122,"expectancy":-3.012426780000001,"expectancy_ratio":-0.34213386657311695,"sortino":-300.06282206989664,"sharpe":-1.2189292435612449,"calmar":-15.151369440560913,"sqn":-1.4674,"profit_factor":0.4999581950085215,"max_drawdown_account":0.07006924216022027,"max_drawdown_abs":70.37302026999998},{"key":"TOTAL","trades":56,"profit_mean":-0.001163797545756346,"profit_mean_pct":-0.12,"profit_total_abs":-26.025014189999997,"profit_total":-0.026025014189999997,"profit_total_pct":-2.6,"duration_avg":"4:49:00","wins":24,"draws":0,"losses":32,"winrate":0.42857142857142855,"cagr":-0.08921268661695536,"expectancy":-0.46473239624999874,"expectancy_ratio":-0.05287760871589309,"sortino":-102.17663482232525,"sharpe":-0.46800538796791175,"calmar":-5.596341984089272,"sqn":-0.3341,"profit_factor":0.9074641847471872,"max_drawdown_account":0.08625731527699317,"max_drawdown_abs":86.96441313999999}],"results_per_enter_tag":[{"key":"","trades":56,"profit_mean":-0.001163797545756346,"profit_mean_pct":-0.12,"profit_total_abs":-26.025014189999997,"profit_total":-0.026025014189999997,"profit_total_pct":-2.6,"duration_avg":"4:49:00","wins":24,"draws":0,"losses":32,"winrate":0.42857142857142855,"cagr":-0.08921268661695536,"expectancy":-0.46473239624999874,"expectancy_ratio":-0.05287760871589309,"sortino":-102.17663482232525,"sharpe":-0.46800538796791175,"calmar":-5.596341984089272,"sqn":-0.3341,"profit_factor":0.9074641847471872,"max_drawdown_account":0.08625731527699317,"max_drawdown_abs":86.96441313999999},{"key":"TOTAL","trades":56,"profit_mean":-0.001163797545756346,"profit_mean_pct":-0.12,"profit_total_abs":-26.025014189999997,"profit_total":-0.026025014189999997,"profit_total_pct":-2.6,"duration_avg":"4:49:00","wins":24,"draws":0,"losses":32,"winrate":0.42857142857142855,"cagr":-0.08921268661695536,"expectancy":-0.46473239624999874,"expectancy_ratio":-0.05287760871589309,"sortino":-102.17663482232525,"sharpe":-0.46800538796791175,"calmar":-5.596341984089272,"sqn":-0.3341,"profit_factor":0.9074641847471872,"max_drawdown_account":0.08625731527699317,"max_drawdown_abs":86.96441313999999}],"exit_reason_summary":[{"key":"trailing_stop_loss","trades":21,"profit_mean":0.021881192498585535,"profit_mean_pct":2.19,"profit_total_abs":183.37344617,"profit_total":0.18337344616999998,"profit_total_pct":18.34,"duration_avg":"6:40:00","wins":21,"draws":0,"losses":0,"winrate":1.0,"cagr":0.8160216100627777,"expectancy":8.732068865238094,"expectancy_ratio":100.0,"sortino":-100,"sharpe":11.739744601181965,"calmar":-100,"sqn":13.4786,"profit_factor":0.0,"max_drawdown_account":0.0,"max_drawdown_abs":0.0},{"key":"roi","trades":3,"profit_mean":0.05992277111793907,"profit_mean_pct":5.99,"profit_total_abs":71.84414953000001,"profit_total":0.07184414953000001,"profit_total_pct":7.18,"duration_avg":"7:40:00","wins":3,"draws":0,"losses":0,"winrate":1.0,"cagr":0.2787250622206354,"expectancy":23.948049843333337,"expectancy_ratio":100.0,"sortino":-100,"sharpe":277.00562150908667,"calmar":-100,"sqn":704.0007,"profit_factor":0.0,"max_drawdown_account":0.0,"max_drawdown_abs":0.0},{"key":"stop_loss","trades":32,"profit_mean":-0.022013938074577147,"profit_mean_pct":-2.2,"profit_total_abs":-281.24260989,"profit_total":-0.28124260989,"profit_total_pct":-28.12,"duration_avg":"3:21:00","wins":0,"draws":0,"losses":32,"winrate":0.0,"cagr":-0.6897067631438958,"expectancy":-8.7888315590625,"expectancy_ratio":-1.0,"sortino":-1104.1847369385898,"sharpe":-1104.1847369385898,"calmar":-18.548517645187186,"sqn":-1035.7702,"profit_factor":0.0,"max_drawdown_account":0.28124260988999994,"max_drawdown_abs":281.2426098899999},{"key":"TOTAL","trades":56,"profit_mean":-0.001163797545756346,"profit_mean_pct":-0.12,"profit_total_abs":-26.025014189999997,"profit_total":-0.026025014189999997,"profit_total_pct":-2.6,"duration_avg":"4:49:00","wins":24,"draws":0,"losses":32,"winrate":0.42857142857142855,"cagr":-0.08921268661695536,"expectancy":-0.46473239624999874,"expectancy_ratio":-0.05287760871589309,"sortino":-102.17663482232525,"sharpe":-0.46800538796791175,"calmar":-5.596341984089272,"sqn":-0.3341,"profit_factor":0.9074641847471872,"max_drawdown_account":0.08625731527699317,"max_drawdown_abs":86.96441313999999}],"mix_tag_stats":[{"key":["","trailing_stop_loss"],"trades":21,"profit_mean":0.021881192498585535,"profit_mean_pct":2.19,"profit_total_abs":183.37344617,"profit_total":0.18337344616999998,"profit_total_pct":18.34,"duration_avg":"6:40:00","wins":21,"draws":0,"losses":0,"winrate":1.0,"cagr":0.8160216100627777,"expectancy":8.732068865238094,"expectancy_ratio":100.0,"sortino":-100,"sharpe":11.739744601181965,"calmar":-100,"sqn":13.4786,"profit_factor":0.0,"max_drawdown_account":0.0,"max_drawdown_abs":0.0},{"key":["","roi"],"trades":3,"profit_mean":0.05992277111793907,"profit_mean_pct":5.99,"profit_total_abs":71.84414953000001,"profit_total":0.07184414953000001,"profit_total_pct":7.18,"duration_avg":"7:40:00","wins":3,"draws":0,"losses":0,"winrate":1.0,"cagr":0.2787250622206354,"expectancy":23.948049843333337,"expectancy_ratio":100.0,"sortino":-100,"sharpe":277.00562150908667,"calmar":-100,"sqn":704.0007,"profit_factor":0.0,"max_drawdown_account":0.0,"max_drawdown_abs":0.0},{"key":["","stop_loss"],"trades":32,"profit_mean":-0.022013938074577147,"profit_mean_pct":-2.2,"profit_total_abs":-281.24260989,"profit_total":-0.28124260989,"profit_total_pct":-28.12,"duration_avg":"3:21:00","wins":0,"draws":0,"losses":32,"winrate":0.0,"cagr":-0.6897067631438958,"expectancy":-8.7888315590625,"expectancy_ratio":-1.0,"sortino":-1104.1847369385898,"sharpe":-1104.1847369385898,"calmar":-18.548517645187186,"sqn":-1035.7702,"profit_factor":0.0,"max_drawdown_account":0.28124260988999994,"max_drawdown_abs":281.2426098899999},{"key":"TOTAL","trades":56,"profit_mean":-0.001163797545756346,"profit_mean_pct":-0.12,"profit_total_abs":-26.025014189999997,"profit_total":-0.026025014189999997,"profit_total_pct":-2.6,"duration_avg":"4:49:00","wins":24,"draws":0,"losses":32,"winrate":0.42857142857142855,"cagr":-0.08921268661695536,"expectancy":-0.46473239624999874,"expectancy_ratio":-0.05287760871589309,"sortino":-102.17663482232525,"sharpe":-0.46800538796791175,"calmar":-5.596341984089272,"sqn":-0.3341,"profit_factor":0.9074641847471872,"max_drawdown_account":0.08625731527699317,"max_drawdown_abs":86.96441313999999}],"left_open_trades":[{"key":"TOTAL","trades":0,"profit_mean":0.0,"profit_mean_pct":0.0,"profit_total_abs":0.0,"profit_total":0.0,"profit_total_pct":0.0,"duration_avg":"0:00","wins":0,"draws":0,"losses":0,"winrate":0.0,"cagr":0.0,"expectancy":0.0,"expectancy_ratio":100.0,"sortino":0,"sharpe":0,"calmar":0,"sqn":0.0,"profit_factor":0.0,"max_drawdown_account":0.0,"max_drawdown_abs":0.0}],"total_trades":56,"trade_count_long":56,"trade_count_short":0,"total_volume":89439.35147050943,"avg_stake_amount":398.9958013392857,"profit_mean":-0.001163797545756346,"profit_median":-0.021975690008316007,"profit_total":-0.026025014189999997,"profit_total_long":-0.026025014189999997,"profit_total_short":0.0,"profit_total_abs":-26.025014189999997,"profit_total_long_abs":-26.025014189999997,"profit_total_short_abs":0.0,"cagr":-0.08921268661695536,"expectancy":-0.46473239624999874,"expectancy_ratio":-0.05287760871589309,"sortino":-102.17663482232525,"sharpe":-0.46800538796791175,"calmar":-5.596341984089272,"sqn":-0.3341,"profit_factor":0.9074641847471872,"backtest_start":"2025-11-09 08:00:00","backtest_start_ts":1762675200000,"backtest_end":"2026-02-21 00:00:00","backtest_end_ts":1771632000000,"backtest_days":103,"backtest_run_start_ts":1771667101,"backtest_run_end_ts":1771667102,"trades_per_day":0.54,"market_change":-0.4152370334918748,"pairlist":["BTC/USDT:USDT","ETH/USDT:USDT","SOL/USDT:USDT","DOGE/USDT:USDT"],"stake_amount":400,"stake_currency":"USDT","stake_currency_decimals":3,"starting_balance":1000,"dry_run_wallet":1000,"final_balance":973.97498581,"rejected_signals":14,"timedout_entry_orders":0,"timedout_exit_orders":1,"canceled_trade_entries":0,"canceled_entry_orders":0,"replaced_entry_orders":0,"max_open_trades":2,"max_open_trades_setting":2,"timeframe":"1h","timeframe_detail":"","timerange":"20251109-20260221","enable_protections":false,"strategy_name":"SupertrendFuturesStrategyV4","freqaimodel":null,"freqai_identifier":null,"stoploss":-0.02,"trailing_stop":true,"trailing_stop_positive":0.02,"trailing_stop_positive_offset":0.03,"trailing_only_offset_is_reached":true,"use_custom_stoploss":false,"minimal_roi":{"0":0.06},"use_exit_signal":true,"exit_profit_only":false,"exit_profit_offset":0.0,"ignore_roi_if_entry_signal":false,"trading_mode":"futures","margin_mode":"isolated","periodic_breakdown":{"day":[{"date":"10/11/2025","date_ts":1762732800000,"profit_abs":-22.02172997,"wins":1,"draws":0,"losses":3,"trades":4,"profit_factor":0.16448676},{"date":"11/11/2025","date_ts":1762819200000,"profit_abs":9.75970833,"wins":1,"draws":0,"losses":0,"trades":1,"profit_factor":0.0},{"date":"12/11/2025","date_ts":1762905600000,"profit_abs":-8.76978176,"wins":0,"draws":0,"losses":1,"trades":1,"profit_factor":0.0},{"date":"13/11/2025","date_ts":1762992000000,"profit_abs":0.0,"wins":0,"draws":0,"losses":0,"trades":0,"profit_factor":0.0},{"date":"14/11/2025","date_ts":1763078400000,"profit_abs":0.0,"wins":0,"draws":0,"losses":0,"trades":0,"profit_factor":0.0},{"date":"15/11/2025","date_ts":1763164800000,"profit_abs":0.0,"wins":0,"draws":0,"losses":0,"trades":0,"profit_factor":0.0},{"date":"16/11/2025","date_ts":1763251200000,"profit_abs":0.0,"wins":0,"draws":0,"losses":0,"trades":0,"profit_factor":0.0},{"date":"17/11/2025","date_ts":1763337600000,"profit_abs":0.0,"wins":0,"draws":0,"losses":0,"trades":0,"profit_factor":0.0},{"date":"18/11/2025","date_ts":1763424000000,"profit_abs":0.0,"wins":0,"draws":0,"losses":0,"trades":0,"profit_factor":0.0},{"date":"19/11/2025","date_ts":1763510400000,"profit_abs":0.0,"wins":0,"draws":0,"losses":0,"trades":0,"profit_factor":0.0},{"date":"20/11/2025","date_ts":1763596800000,"profit_abs":0.0,"wins":0,"draws":0,"losses":0,"trades":0,"profit_factor":0.0},{"date":"21/11/2025","date_ts":1763683200000,"profit_abs":0.0,"wins":0,"draws":0,"losses":0,"trades":0,"profit_factor":0.0},{"date":"22/11/2025","date_ts":1763769600000,"profit_abs":0.0,"wins":0,"draws":0,"losses":0,"trades":0,"profit_factor":0.0},{"date":"23/11/2025","date_ts":1763856000000,"profit_abs":0.0,"wins":0,"draws":0,"losses":0,"trades":0,"profit_factor":0.0},{"date":"24/11/2025","date_ts":1763942400000,"profit_abs":0.0,"wins":0,"draws":0,"losses":0,"trades":0,"profit_factor":0.0},{"date":"25/11/2025","date_ts":1764028800000,"profit_abs":0.0,"wins":0,"draws":0,"losses":0,"trades":0,"profit_factor":0.0},{"date":"26/11/2025","date_ts":1764115200000,"profit_abs":0.0,"wins":0,"draws":0,"losses":0,"trades":0,"profit_factor":0.0},{"date":"27/11/2025","date_ts":1764201600000,"profit_abs":0.0,"wins":0,"draws":0,"losses":0,"trades":0,"profit_factor":0.0},{"date":"28/11/2025","date_ts":1764288000000,"profit_abs":7.03924683,"wins":1,"draws":0,"losses":0,"trades":1,"profit_factor":0.0},{"date":"29/11/2025","date_ts":1764374400000,"profit_abs":0.0,"wins":0,"draws":0,"losses":0,"trades":0,"profit_factor":0.0},{"date":"30/11/2025","date_ts":1764460800000,"profit_abs":0.0,"wins":0,"draws":0,"losses":0,"trades":0,"profit_factor":0.0},{"date":"01/12/2025","date_ts":1764547200000,"profit_abs":0.0,"wins":0,"draws":0,"losses":0,"trades":0,"profit_factor":0.0},{"date":"02/12/2025","date_ts":1764633600000,"profit_abs":0.0,"wins":0,"draws":0,"losses":0,"trades":0,"profit_factor":0.0},{"date":"03/12/2025","date_ts":1764720000000,"profit_abs":15.81113035,"wins":2,"draws":0,"losses":0,"trades":2,"profit_factor":0.0},{"date":"04/12/2025","date_ts":1764806400000,"profit_abs":-19.96217678,"wins":1,"draws":0,"losses":4,"trades":5,"profit_factor":0.4316383},{"date":"05/12/2025","date_ts":1764892800000,"profit_abs":0.0,"wins":0,"draws":0,"losses":0,"trades":0,"profit_factor":0.0},{"date":"06/12/2025","date_ts":1764979200000,"profit_abs":0.0,"wins":0,"draws":0,"losses":0,"trades":0,"profit_factor":0.0},{"date":"07/12/2025","date_ts":1765065600000,"profit_abs":0.0,"wins":0,"draws":0,"losses":0,"trades":0,"profit_factor":0.0},{"date":"08/12/2025","date_ts":1765152000000,"profit_abs":0.0,"wins":0,"draws":0,"losses":0,"trades":0,"profit_factor":0.0},{"date":"09/12/2025","date_ts":1765238400000,"profit_abs":0.0,"wins":0,"draws":0,"losses":0,"trades":0,"profit_factor":0.0},{"date":"10/12/2025","date_ts":1765324800000,"profit_abs":-7.79697211,"wins":1,"draws":0,"losses":2,"trades":3,"profit_factor":0.55564663},{"date":"11/12/2025","date_ts":1765411200000,"profit_abs":0.0,"wins":0,"draws":0,"losses":0,"trades":0,"profit_factor":0.0},{"date":"12/12/2025","date_ts":1765497600000,"profit_abs":-17.57496764,"wins":0,"draws":0,"losses":2,"trades":2,"profit_factor":0.0},{"date":"13/12/2025","date_ts":1765584000000,"profit_abs":0.0,"wins":0,"draws":0,"losses":0,"trades":0,"profit_factor":0.0},{"date":"14/12/2025","date_ts":1765670400000,"profit_abs":0.0,"wins":0,"draws":0,"losses":0,"trades":0,"profit_factor":0.0},{"date":"15/12/2025","date_ts":1765756800000,"profit_abs":0.0,"wins":0,"draws":0,"losses":0,"trades":0,"profit_factor":0.0},{"date":"16/12/2025","date_ts":1765843200000,"profit_abs":0.0,"wins":0,"draws":0,"losses":0,"trades":0,"profit_factor":0.0},{"date":"17/12/2025","date_ts":1765929600000,"profit_abs":0.0,"wins":0,"draws":0,"losses":0,"trades":0,"profit_factor":0.0},{"date":"18/12/2025","date_ts":1766016000000,"profit_abs":0.0,"wins":0,"draws":0,"losses":0,"trades":0,"profit_factor":0.0},{"date":"19/12/2025","date_ts":1766102400000,"profit_abs":0.0,"wins":0,"draws":0,"losses":0,"trades":0,"profit_factor":0.0},{"date":"20/12/2025","date_ts":1766188800000,"profit_abs":0.0,"wins":0,"draws":0,"losses":0,"trades":0,"profit_factor":0.0},{"date":"21/12/2025","date_ts":1766275200000,"profit_abs":0.0,"wins":0,"draws":0,"losses":0,"trades":0,"profit_factor":0.0},{"date":"22/12/2025","date_ts":1766361600000,"profit_abs":0.0,"wins":0,"draws":0,"losses":0,"trades":0,"profit_factor":0.0},{"date":"23/12/2025","date_ts":1766448000000,"profit_abs":0.0,"wins":0,"draws":0,"losses":0,"trades":0,"profit_factor":0.0},{"date":"24/12/2025","date_ts":1766534400000,"profit_abs":0.0,"wins":0,"draws":0,"losses":0,"trades":0,"profit_factor":0.0},{"date":"25/12/2025","date_ts":1766620800000,"profit_abs":0.0,"wins":0,"draws":0,"losses":0,"trades":0,"profit_factor":0.0},{"date":"26/12/2025","date_ts":1766707200000,"profit_abs":0.0,"wins":0,"draws":0,"losses":0,"trades":0,"profit_factor":0.0},{"date":"27/12/2025","date_ts":1766793600000,"profit_abs":0.0,"wins":0,"draws":0,"losses":0,"trades":0,"profit_factor":0.0},{"date":"28/12/2025","date_ts":1766880000000,"profit_abs":0.0,"wins":0,"draws":0,"losses":0,"trades":0,"profit_factor":0.0},{"date":"29/12/2025","date_ts":1766966400000,"profit_abs":-17.59608418,"wins":0,"draws":0,"losses":2,"trades":2,"profit_factor":0.0},{"date":"30/12/2025","date_ts":1767052800000,"profit_abs":0.0,"wins":0,"draws":0,"losses":0,"trades":0,"profit_factor":0.0},{"date":"31/12/2025","date_ts":1767139200000,"profit_abs":-17.65524539,"wins":0,"draws":0,"losses":2,"trades":2,"profit_factor":0.0},{"date":"01/01/2026","date_ts":1767225600000,"profit_abs":0.0,"wins":0,"draws":0,"losses":0,"trades":0,"profit_factor":0.0},{"date":"02/01/2026","date_ts":1767312000000,"profit_abs":23.0096506,"wins":2,"draws":0,"losses":1,"trades":3,"profit_factor":3.61987711},{"date":"03/01/2026","date_ts":1767398400000,"profit_abs":9.22274061,"wins":1,"draws":0,"losses":0,"trades":1,"profit_factor":0.0},{"date":"04/01/2026","date_ts":1767484800000,"profit_abs":35.10722511,"wins":2,"draws":0,"losses":0,"trades":2,"profit_factor":0.0},{"date":"05/01/2026","date_ts":1767571200000,"profit_abs":11.67460591,"wins":3,"draws":0,"losses":2,"trades":5,"profit_factor":1.6659281},{"date":"06/01/2026","date_ts":1767657600000,"profit_abs":-11.01708999,"wins":1,"draws":0,"losses":4,"trades":5,"profit_factor":0.68505246},{"date":"07/01/2026","date_ts":1767744000000,"profit_abs":0.0,"wins":0,"draws":0,"losses":0,"trades":0,"profit_factor":0.0},{"date":"08/01/2026","date_ts":1767830400000,"profit_abs":0.0,"wins":0,"draws":0,"losses":0,"trades":0,"profit_factor":0.0},{"date":"09/01/2026","date_ts":1767916800000,"profit_abs":0.0,"wins":0,"draws":0,"losses":0,"trades":0,"profit_factor":0.0},{"date":"10/01/2026","date_ts":1768003200000,"profit_abs":0.0,"wins":0,"draws":0,"losses":0,"trades":0,"profit_factor":0.0},{"date":"11/01/2026","date_ts":1768089600000,"profit_abs":0.0,"wins":0,"draws":0,"losses":0,"trades":0,"profit_factor":0.0},{"date":"12/01/2026","date_ts":1768176000000,"profit_abs":7.40414813,"wins":4,"draws":0,"losses":3,"trades":7,"profit_factor":1.28093281},{"date":"13/01/2026","date_ts":1768262400000,"profit_abs":0.0,"wins":0,"draws":0,"losses":0,"trades":0,"profit_factor":0.0},{"date":"14/01/2026","date_ts":1768348800000,"profit_abs":12.62716753,"wins":4,"draws":0,"losses":2,"trades":6,"profit_factor":1.71407031},{"date":"15/01/2026","date_ts":1768435200000,"profit_abs":-26.35124822,"wins":0,"draws":0,"losses":3,"trades":3,"profit_factor":0.0},{"date":"16/01/2026","date_ts":1768521600000,"profit_abs":-8.93534155,"wins":0,"draws":0,"losses":1,"trades":1,"profit_factor":0.0}],"week":[{"date":"10/11/2025","date_ts":1762732800000,"profit_abs":-22.02172997,"wins":1,"draws":0,"losses":3,"trades":4,"profit_factor":0.16448676},{"date":"17/11/2025","date_ts":1763337600000,"profit_abs":0.98992657,"wins":1,"draws":0,"losses":1,"trades":2,"profit_factor":1.11287927},{"date":"24/11/2025","date_ts":1763942400000,"profit_abs":0.0,"wins":0,"draws":0,"losses":0,"trades":0,"profit_factor":0.0},{"date":"01/12/2025","date_ts":1764547200000,"profit_abs":7.03924683,"wins":1,"draws":0,"losses":0,"trades":1,"profit_factor":0.0},{"date":"08/12/2025","date_ts":1765152000000,"profit_abs":-4.15104643,"wins":3,"draws":0,"losses":4,"trades":7,"profit_factor":0.8818117},{"date":"15/12/2025","date_ts":1765756800000,"profit_abs":-25.37193975,"wins":1,"draws":0,"losses":4,"trades":5,"profit_factor":0.27760036},{"date":"22/12/2025","date_ts":1766361600000,"profit_abs":0.0,"wins":0,"draws":0,"losses":0,"trades":0,"profit_factor":0.0},{"date":"29/12/2025","date_ts":1766966400000,"profit_abs":-17.59608418,"wins":0,"draws":0,"losses":2,"trades":2,"profit_factor":0.0},{"date":"05/01/2026","date_ts":1767571200000,"profit_abs":61.35897684,"wins":8,"draws":0,"losses":5,"trades":13,"profit_factor":2.39549595},{"date":"12/01/2026","date_ts":1768176000000,"profit_abs":-3.61294186,"wins":5,"draws":0,"losses":7,"trades":12,"profit_factor":0.94109619},{"date":"19/01/2026","date_ts":1768780800000,"profit_abs":-22.65942224,"wins":4,"draws":0,"losses":6,"trades":10,"profit_factor":0.57222125}],"month":[{"date":"30/11/2025","date_ts":1764460800000,"profit_abs":-13.99255657,"wins":3,"draws":0,"losses":4,"trades":7,"profit_factor":0.60165707},{"date":"31/12/2025","date_ts":1767139200000,"profit_abs":-64.77431575,"wins":4,"draws":0,"losses":12,"trades":16,"profit_factor":0.38599862},{"date":"31/01/2026","date_ts":1769817600000,"profit_abs":52.74185813,"wins":17,"draws":0,"losses":16,"trades":33,"profit_factor":1.37506573}],"year":[{"date":"31/12/2025","date_ts":1767139200000,"profit_abs":-78.76687232,"wins":7,"draws":0,"losses":16,"trades":23,"profit_factor":0.43986927},{"date":"31/12/2026","date_ts":1798675200000,"profit_abs":52.74185813,"wins":17,"draws":0,"losses":16,"trades":33,"profit_factor":1.37506573}],"weekday":[{"date":"Monday","date_ts":0,"profit_abs":-20.53906011,"wins":8,"draws":0,"losses":10,"trades":18,"profit_factor":0.7661768},{"date":"Tuesday","date_ts":1,"profit_abs":-1.25738166,"wins":2,"draws":0,"losses":4,"trades":6,"profit_factor":0.964055},{"date":"Wednesday","date_ts":2,"profit_abs":-5.78370138,"wins":7,"draws":0,"losses":7,"trades":14,"profit_factor":0.90619277},{"date":"Thursday","date_ts":3,"profit_abs":-46.313425,"wins":1,"draws":0,"losses":7,"trades":8,"profit_factor":0.24661228},{"date":"Friday","date_ts":4,"profit_abs":3.53858824,"wins":3,"draws":0,"losses":4,"trades":7,"profit_factor":1.10026309},{"date":"Saturday","date_ts":5,"profit_abs":9.22274061,"wins":1,"draws":0,"losses":0,"trades":1,"profit_factor":0.0},{"date":"Sunday","date_ts":6,"profit_abs":35.10722511,"wins":2,"draws":0,"losses":0,"trades":2,"profit_factor":0.0}]},"backtest_best_day":0.08792144373233869,"backtest_worst_day":-0.066122666806654,"backtest_best_day_abs":35.10722511,"backtest_worst_day_abs":-26.35124822,"winning_days":9,"draw_days":49,"losing_days":10,"daily_profit":[["2025-11-10",-22.02172997],["2025-11-11",9.75970833],["2025-11-12",-8.76978176],["2025-11-13",0.0],["2025-11-14",0.0],["2025-11-15",0.0],["2025-11-16",0.0],["2025-11-17",0.0],["2025-11-18",0.0],["2025-11-19",0.0],["2025-11-20",0.0],["2025-11-21",0.0],["2025-11-22",0.0],["2025-11-23",0.0],["2025-11-24",0.0],["2025-11-25",0.0],["2025-11-26",0.0],["2025-11-27",0.0],["2025-11-28",7.03924683],["2025-11-29",0.0],["2025-11-30",0.0],["2025-12-01",0.0],["2025-12-02",0.0],["2025-12-03",15.81113035],["2025-12-04",-19.96217678],["2025-12-05",0.0],["2025-12-06",0.0],["2025-12-07",0.0],["2025-12-08",0.0],["2025-12-09",0.0],["2025-12-10",-7.79697211],["2025-12-11",0.0],["2025-12-12",-17.57496764],["2025-12-13",0.0],["2025-12-14",0.0],["2025-12-15",0.0],["2025-12-16",0.0],["2025-12-17",0.0],["2025-12-18",0.0],["2025-12-19",0.0],["2025-12-20",0.0],["2025-12-21",0.0],["2025-12-22",0.0],["2025-12-23",0.0],["2025-12-24",0.0],["2025-12-25",0.0],["2025-12-26",0.0],["2025-12-27",0.0],["2025-12-28",0.0],["2025-12-29",-17.59608418],["2025-12-30",0.0],["2025-12-31",-17.65524539],["2026-01-01",0.0],["2026-01-02",23.0096506],["2026-01-03",9.22274061],["2026-01-04",35.10722511],["2026-01-05",11.67460591],["2026-01-06",-11.01708999],["2026-01-07",0.0],["2026-01-08",0.0],["2026-01-09",0.0],["2026-01-10",0.0],["2026-01-11",0.0],["2026-01-12",7.40414813],["2026-01-13",0.0],["2026-01-14",12.62716753],["2026-01-15",-26.35124822],["2026-01-16",-8.93534155]],"wins":24,"losses":32,"draws":0,"winrate":0.42857142857142855,"holding_avg":"4:49:00","holding_avg_s":17340.0,"winner_holding_min":"0d 00:00","winner_holding_min_s":0.0,"winner_holding_max":"0d 23:00","winner_holding_max_s":82800.0,"winner_holding_avg":"0d 06:48","winner_holding_avg_s":24480.0,"loser_holding_min":"0d 00:00","loser_holding_min_s":0.0,"loser_holding_max":"1d 11:00","loser_holding_max_s":126000.0,"loser_holding_avg":"0d 03:21","loser_holding_avg_s":12060.0,"max_consecutive_wins":6,"max_consecutive_losses":8,"max_drawdown_account":0.08625731527699317,"max_relative_drawdown":0.08625731527699317,"max_drawdown_abs":86.96441313999999,"drawdown_start":"2025-12-04 15:00:00","drawdown_start_ts":1764860400000.0,"drawdown_end":"2025-12-31 20:00:00","drawdown_end_ts":1767211200000.0,"drawdown_duration":"27 days 05:00:00","drawdown_duration_s":2350800.0,"max_drawdown_low":-78.76687231999999,"max_drawdown_high":8.197540819999999,"csum_min":921.23312768,"csum_max":1014.20058849}},"strategy_comparison":[{"key":"SupertrendFuturesStrategyV4","trades":56,"profit_mean":-0.001163797545756346,"profit_mean_pct":-0.12,"profit_total_abs":-26.025014189999997,"profit_total":-0.026025014189999997,"profit_total_pct":-2.6,"duration_avg":"4:49:00","wins":24,"draws":0,"losses":32,"winrate":0.42857142857142855,"cagr":-0.08921268661695536,"expectancy":-0.46473239624999874,"expectancy_ratio":-0.05287760871589309,"sortino":-102.17663482232525,"sharpe":-0.46800538796791175,"calmar":-5.596341984089272,"sqn":-0.3341,"profit_factor":0.9074641847471872,"max_drawdown_account":0.08625731527699317,"max_drawdown_abs":"86.964"}]}