{"strategy":{"SupertrendStrategy_Optimized":{"trades":[{"pair":"ETH/USDT","stake_amount":329.99884525,"max_stake_amount":329.99884525,"amount":0.112975,"open_date":"2025-11-25 12:30:00+00:00","close_date":"2025-11-26 17:30:00+00:00","open_rate":2920.99,"close_rate":2988.273695543315,"fee_open":0.0015,"fee_close":0.0015,"trade_duration":1740,"profit_ratio":0.01997004494772997,"profit_abs":6.59997691,"exit_reason":"roi","initial_stop_loss_abs":29.209900000000022,"initial_stop_loss_ratio":-0.99,"stop_loss_abs":29.209900000000022,"stop_loss_ratio":-0.99,"min_rate":2856.65,"max_rate":3015.21,"is_open":false,"enter_tag":"","leverage":1.0,"is_short":false,"open_timestamp":1764073800000,"close_timestamp":1764178200000,"orders":[{"amount":0.112975,"safe_price":2920.99,"ft_order_side":"buy","order_filled_timestamp":1764073800000,"ft_is_entry":true,"ft_order_tag":"","cost":330.493843517875},{"amount":0.112975,"safe_price":2988.273695543315,"ft_order_side":"sell","order_filled_timestamp":1764178200000,"ft_is_entry":false,"ft_order_tag":"roi","cost":338.1066210851371}],"funding_fees":0.0,"weekday":2},{"pair":"ETH/USDT","stake_amount":332.17669287,"max_stake_amount":332.17669287,"amount":0.110121,"open_date":"2025-11-26 18:45:00+00:00","close_date":"2025-11-28 13:45:00+00:00","open_rate":3016.47,"close_rate":3085.953034551828,"fee_open":0.0015,"fee_close":0.0015,"trade_duration":2580,"profit_ratio":0.019970044940416532,"profit_abs":6.64353386,"exit_reason":"roi","initial_stop_loss_abs":30.164700000000025,"initial_stop_loss_ratio":-0.99,"stop_loss_abs":30.164700000000025,"stop_loss_ratio":-0.99,"min_rate":2986.19,"max_rate":3087.28,"is_open":false,"enter_tag":"","leverage":1.0,"is_short":false,"open_timestamp":1764182700000,"close_timestamp":1764337500000,"orders":[{"amount":0.110121,"safe_price":3016.47,"ft_order_side":"buy","order_filled_timestamp":1764182700000,"ft_is_entry":true,"ft_order_tag":"","cost":332.67495790930496},{"amount":0.110121,"safe_price":3085.953034551828,"ft_order_side":"sell","order_filled_timestamp":1764337500000,"ft_is_entry":false,"ft_order_tag":"roi","cost":340.3379764690587}],"funding_fees":0.0,"weekday":4},{"pair":"ETH/USDT","stake_amount":334.36980968,"max_stake_amount":334.36980968,"amount":0.108776,"open_date":"2025-11-28 14:00:00+00:00","close_date":"2025-12-03 14:30:00+00:00","open_rate":3073.93,"close_rate":3144.73659989985,"fee_open":0.0015,"fee_close":0.0015,"trade_duration":7230,"profit_ratio":0.019970044921850703,"profit_abs":6.68739619,"exit_reason":"roi","initial_stop_loss_abs":30.739300000000025,"initial_stop_loss_ratio":-0.99,"stop_loss_abs":30.739300000000025,"stop_loss_ratio":-0.99,"min_rate":2719.43,"max_rate":3146.0,"is_open":false,"enter_tag":"","leverage":1.0,"is_short":false,"open_timestamp":1764338400000,"close_timestamp":1764772200000,"orders":[{"amount":0.108776,"safe_price":3073.93,"ft_order_side":"buy","order_filled_timestamp":1764338400000,"ft_is_entry":true,"ft_order_tag":"","cost":334.87136439452},{"amount":0.108776,"safe_price":3144.73659989985,"ft_order_side":"sell","order_filled_timestamp":1764772200000,"ft_is_entry":false,"ft_order_tag":"roi","cost":342.58497619329216}],"funding_fees":0.0,"weekday":2},{"pair":"BTC/USDT","stake_amount":334.36958054,"max_stake_amount":334.36958054,"amount":0.00364032,"open_date":"2025-12-02 22:15:00+00:00","close_date":"2025-12-03 22:45:00+00:00","open_rate":91851.7,"close_rate":93967.46274411617,"fee_open":0.0015,"fee_close":0.0015,"trade_duration":1470,"profit_ratio":0.01997004492997322,"profit_abs":6.68739161,"exit_reason":"roi","initial_stop_loss_abs":918.5170000000007,"initial_stop_loss_ratio":-0.99,"stop_loss_abs":918.5170000000007,"stop_loss_ratio":-0.99,"min_rate":91004.0,"max_rate":94162.8,"is_open":false,"enter_tag":"","leverage":1.0,"is_short":false,"open_timestamp":1764713700000,"close_timestamp":1764801900000,"orders":[{"amount":0.00364032,"safe_price":91851.7,"ft_order_side":"buy","order_filled_timestamp":1764713700000,"ft_is_entry":true,"ft_order_tag":"","cost":334.87113491481597},{"amount":0.00364032,"safe_price":93967.46274411617,"ft_order_side":"sell","order_filled_timestamp":1764801900000,"ft_is_entry":false,"ft_order_tag":"roi","cost":342.584741427626}],"funding_fees":0.0,"weekday":2},{"pair":"ETH/USDT","stake_amount":336.57641829,"max_stake_amount":336.57641829,"amount":0.107473,"open_date":"2025-12-03 14:45:00+00:00","close_date":"2025-12-03 23:00:00+00:00","open_rate":3131.73,"close_rate":3203.867996995493,"fee_open":0.0015,"fee_close":0.0015,"trade_duration":495,"profit_ratio":0.019970044945061004,"profit_abs":6.73152837,"exit_reason":"roi","initial_stop_loss_abs":31.317300000000028,"initial_stop_loss_ratio":-0.99,"stop_loss_abs":31.317300000000028,"stop_loss_ratio":-0.99,"min_rate":3056.72,"max_rate":3218.05,"is_open":false,"enter_tag":"","leverage":1.0,"is_short":false,"open_timestamp":1764773100000,"close_timestamp":1764802800000,"orders":[{"amount":0.107473,"safe_price":3131.73,"ft_order_side":"buy","order_filled_timestamp":1764773100000,"ft_is_entry":true,"ft_order_tag":"","cost":337.08128291743503},{"amount":0.107473,"safe_price":3203.867996995493,"ft_order_side":"sell","order_filled_timestamp":1764802800000,"ft_is_entry":false,"ft_order_tag":"roi","cost":344.8457991989583}],"funding_fees":0.0,"weekday":2},{"pair":"ETH/USDT","stake_amount":341.0027089,"max_stake_amount":341.0027089,"amount":0.106807,"open_date":"2025-12-03 23:15:00+00:00","close_date":"2025-12-09 16:00:00+00:00","open_rate":3192.7,"close_rate":3266.2424136204304,"fee_open":0.0015,"fee_close":0.0015,"trade_duration":8205,"profit_ratio":0.019970044938457367,"profit_abs":6.82005418,"exit_reason":"roi","initial_stop_loss_abs":31.927000000000028,"initial_stop_loss_ratio":-0.99,"stop_loss_abs":3232.824,"stop_loss_ratio":-0.02,"min_rate":2908.0,"max_rate":3298.8,"is_open":false,"enter_tag":"","leverage":1.0,"is_short":false,"open_timestamp":1764803700000,"close_timestamp":1765296000000,"orders":[{"amount":0.106807,"safe_price":3192.7,"ft_order_side":"buy","order_filled_timestamp":1764803700000,"ft_is_entry":true,"ft_order_tag":"","cost":341.51421296334996},{"amount":0.106807,"safe_price":3266.2424136204304,"ft_order_side":"sell","order_filled_timestamp":1765296000000,"ft_is_entry":false,"ft_order_tag":"roi","cost":349.3808398017647}],"funding_fees":0.0,"weekday":1},{"pair":"BTC/USDT","stake_amount":341.00518888,"max_stake_amount":341.00518888,"amount":0.00363607,"open_date":"2025-12-03 23:00:00+00:00","close_date":"2025-12-09 18:15:00+00:00","open_rate":93784.0,"close_rate":93963.6,"fee_open":0.0015,"fee_close":0.0015,"trade_duration":8355,"profit_ratio":-0.0010862044334122361,"profit_abs":-0.37095695,"exit_reason":"exit_signal","initial_stop_loss_abs":937.8400000000008,"initial_stop_loss_ratio":-0.99,"stop_loss_abs":937.8400000000008,"stop_loss_ratio":-0.99,"min_rate":87731.7,"max_rate":94600.0,"is_open":false,"enter_tag":"","leverage":1.0,"is_short":false,"open_timestamp":1764802800000,"close_timestamp":1765304100000,"orders":[{"amount":0.00363607,"safe_price":93784.0,"ft_order_side":"buy","order_filled_timestamp":1764802800000,"ft_is_entry":true,"ft_order_tag":"","cost":341.51669666332003},{"amount":0.00363607,"safe_price":93963.6,"ft_order_side":"sell","order_filled_timestamp":1765304100000,"ft_is_entry":false,"ft_order_tag":"exit_signal","cost":342.1707143925781}],"funding_fees":0.0,"weekday":1},{"pair":"ETH/USDT","stake_amount":343.1329,"max_stake_amount":343.1329,"amount":0.1034,"open_date":"2025-12-10 05:30:00+00:00","close_date":"2025-12-10 18:30:00+00:00","open_rate":3318.5,"close_rate":3394.9401602403605,"fee_open":0.0015,"fee_close":0.0015,"trade_duration":780,"profit_ratio":0.019970044932601096,"profit_abs":6.862658,"exit_reason":"roi","initial_stop_loss_abs":33.18500000000003,"initial_stop_loss_ratio":-0.99,"stop_loss_abs":3361.4,"stop_loss_ratio":-0.02,"min_rate":3297.26,"max_rate":3430.0,"is_open":false,"enter_tag":"","leverage":1.0,"is_short":false,"open_timestamp":1765344600000,"close_timestamp":1765391400000,"orders":[{"amount":0.1034,"safe_price":3318.5,"ft_order_side":"buy","order_filled_timestamp":1765344600000,"ft_is_entry":true,"ft_order_tag":"","cost":343.64759935},{"amount":0.1034,"safe_price":3394.9401602403605,"ft_order_side":"sell","order_filled_timestamp":1765391400000,"ft_is_entry":false,"ft_order_tag":"roi","cost":351.56336778770657}],"funding_fees":0.0,"weekday":2},{"pair":"BTC/USDT","stake_amount":345.39832173,"max_stake_amount":345.39832173,"amount":0.00396374,"open_date":"2025-12-16 10:45:00+00:00","close_date":"2025-12-17 14:45:00+00:00","open_rate":87139.5,"close_rate":89146.71932899348,"fee_open":0.0015,"fee_close":0.0015,"trade_duration":1680,"profit_ratio":0.01997004491930309,"profit_abs":6.90796643,"exit_reason":"roi","initial_stop_loss_abs":871.3950000000008,"initial_stop_loss_ratio":-0.99,"stop_loss_abs":871.3950000000008,"stop_loss_ratio":-0.99,"min_rate":86109.0,"max_rate":89693.9,"is_open":false,"enter_tag":"","leverage":1.0,"is_short":false,"open_timestamp":1765881900000,"close_timestamp":1765982700000,"orders":[{"amount":0.00396374,"safe_price":87139.5,"ft_order_side":"buy","order_filled_timestamp":1765881900000,"ft_is_entry":true,"ft_order_tag":"","cost":345.91641921259503},{"amount":0.00396374,"safe_price":89146.71932899348,"ft_order_side":"sell","order_filled_timestamp":1765982700000,"ft_is_entry":false,"ft_order_tag":"roi","cost":353.88444889901433}],"funding_fees":0.0,"weekday":2},{"pair":"SOL/USDT","stake_amount":347.67783744,"max_stake_amount":347.67783744,"amount":2.811108,"open_date":"2025-12-25 16:00:00+00:00","close_date":"2025-12-29 00:15:00+00:00","open_rate":123.68,"close_rate":126.5289133700551,"fee_open":0.0015,"fee_close":0.0015,"trade_duration":4815,"profit_ratio":0.0199700449360474,"profit_abs":6.95355675,"exit_reason":"roi","initial_stop_loss_abs":1.2368,"initial_stop_loss_ratio":-0.99,"stop_loss_abs":1.2368,"stop_loss_ratio":-0.99,"min_rate":119.24,"max_rate":126.86,"is_open":false,"enter_tag":"","leverage":1.0,"is_short":false,"open_timestamp":1766678400000,"close_timestamp":1766967300000,"orders":[{"amount":2.811108,"safe_price":123.68,"ft_order_side":"buy","order_filled_timestamp":1766678400000,"ft_is_entry":true,"ft_order_tag":"","cost":348.19935419616},{"amount":2.811108,"safe_price":126.5289133700551,"ft_order_side":"sell","order_filled_timestamp":1766967300000,"ft_is_entry":false,"ft_order_tag":"roi","cost":356.21997026677764}],"funding_fees":0.0,"weekday":0},{"pair":"SOL/USDT","stake_amount":349.9725712,"max_stake_amount":349.9725712,"amount":2.76527,"open_date":"2025-12-29 01:15:00+00:00","close_date":"2026-01-02 09:45:00+00:00","open_rate":126.56,"close_rate":129.475252879319,"fee_open":0.0015,"fee_close":0.0015,"trade_duration":6270,"profit_ratio":0.01997004492118875,"profit_abs":6.99945142,"exit_reason":"roi","initial_stop_loss_abs":1.2656,"initial_stop_loss_ratio":-0.99,"stop_loss_abs":1.2656,"stop_loss_ratio":-0.99,"min_rate":122.3,"max_rate":130.16,"is_open":false,"enter_tag":"","leverage":1.0,"is_short":false,"open_timestamp":1766970900000,"close_timestamp":1767347100000,"orders":[{"amount":2.76527,"safe_price":126.56,"ft_order_side":"buy","order_filled_timestamp":1766970900000,"ft_is_entry":true,"ft_order_tag":"","cost":350.49753005680003},{"amount":2.76527,"safe_price":129.475252879319,"ft_order_side":"sell","order_filled_timestamp":1767347100000,"ft_is_entry":false,"ft_order_tag":"roi","cost":358.5710835783888}],"funding_fees":0.0,"weekday":4},{"pair":"DOGE/USDT","stake_amount":352.28244371,"max_stake_amount":352.28244371,"amount":2698.448439,"open_date":"2026-01-02 09:45:00+00:00","close_date":"2026-01-02 14:30:00+00:00","open_rate":0.13055,"close_rate":0.13355716074111168,"fee_open":0.0015,"fee_close":0.0015,"trade_duration":285,"profit_ratio":0.019970044920614504,"profit_abs":7.04564887,"exit_reason":"roi","initial_stop_loss_abs":0.00131,"initial_stop_loss_ratio":-0.99,"stop_loss_abs":0.00131,"stop_loss_ratio":-0.99,"min_rate":0.12852,"max_rate":0.13482,"is_open":false,"enter_tag":"","leverage":1.0,"is_short":false,"open_timestamp":1767347100000,"close_timestamp":1767364200000,"orders":[{"amount":2698.448439,"safe_price":0.13055,"ft_order_side":"buy","order_filled_timestamp":1767347100000,"ft_is_entry":true,"ft_order_tag":"","cost":352.81086737701713},{"amount":2698.448439,"safe_price":0.13355716074111168,"ft_order_side":"sell","order_filled_timestamp":1767364200000,"ft_is_entry":false,"ft_order_tag":"roi","cost":360.9377075870036}],"funding_fees":0.0,"weekday":4},{"pair":"BTC/USDT","stake_amount":347.67759053,"max_stake_amount":347.67759053,"amount":0.00391896,"open_date":"2025-12-17 15:45:00+00:00","close_date":"2026-01-02 16:30:00+00:00","open_rate":88716.8,"close_rate":90760.35172759139,"fee_open":0.0015,"fee_close":0.0015,"trade_duration":23085,"profit_ratio":0.019970044930992827,"profit_abs":6.95355181,"exit_reason":"roi","initial_stop_loss_abs":887.1680000000008,"initial_stop_loss_ratio":-0.99,"stop_loss_abs":887.1680000000008,"stop_loss_ratio":-0.99,"min_rate":84456.2,"max_rate":90818.0,"is_open":false,"enter_tag":"","leverage":1.0,"is_short":false,"open_timestamp":1765986300000,"close_timestamp":1767371400000,"orders":[{"amount":0.00391896,"safe_price":88716.8,"ft_order_side":"buy","order_filled_timestamp":1765986300000,"ft_is_entry":true,"ft_order_tag":"","cost":348.19910691379204},{"amount":0.00391896,"safe_price":90760.35172759139,"ft_order_side":"sell","order_filled_timestamp":1767371400000,"ft_is_entry":false,"ft_order_tag":"roi","cost":356.2197172883711}],"funding_fees":0.0,"weekday":4},{"pair":"DOGE/USDT","stake_amount":354.6075078,"max_stake_amount":354.6075078,"amount":2662.218527,"open_date":"2026-01-02 14:45:00+00:00","close_date":"2026-01-02 16:45:00+00:00","open_rate":0.1332,"close_rate":0.13760220330495745,"fee_open":0.0015,"fee_close":0.0015,"trade_duration":120,"profit_ratio":0.029955067387942572,"profit_abs":10.63822523,"exit_reason":"roi","initial_stop_loss_abs":0.00134,"initial_stop_loss_ratio":-0.99,"stop_loss_abs":0.13577,"stop_loss_ratio":-0.02,"min_rate":0.13265,"max_rate":0.13854,"is_open":false,"enter_tag":"","leverage":1.0,"is_short":false,"open_timestamp":1767365100000,"close_timestamp":1767372300000,"orders":[{"amount":2662.218527,"safe_price":0.1332,"ft_order_side":"buy","order_filled_timestamp":1767365100000,"ft_is_entry":true,"ft_order_tag":"","cost":355.1394190580947},{"amount":2662.218527,"safe_price":0.13760220330495745,"ft_order_side":"sell","order_filled_timestamp":1767372300000,"ft_is_entry":false,"ft_order_tag":"roi","cost":366.8766256969701}],"funding_fees":0.0,"weekday":4},{"pair":"DOGE/USDT","stake_amount":360.41279416,"max_stake_amount":360.41279416,"amount":2526.730189,"open_date":"2026-01-03 13:00:00+00:00","close_date":"2026-01-04 00:15:00+00:00","open_rate":0.14264,"close_rate":0.14592564847270906,"fee_open":0.0015,"fee_close":0.0015,"trade_duration":675,"profit_ratio":0.019970044923793315,"profit_abs":7.20825588,"exit_reason":"roi","initial_stop_loss_abs":0.00143,"initial_stop_loss_ratio":-0.99,"stop_loss_abs":0.00143,"stop_loss_ratio":-0.99,"min_rate":0.14062,"max_rate":0.14593,"is_open":false,"enter_tag":"","leverage":1.0,"is_short":false,"open_timestamp":1767445200000,"close_timestamp":1767485700000,"orders":[{"amount":2526.730189,"safe_price":0.14264,"ft_order_side":"buy","order_filled_timestamp":1767445200000,"ft_is_entry":true,"ft_order_tag":"","cost":360.95341335019845},{"amount":2526.730189,"safe_price":0.14592564847270906,"ft_order_side":"sell","order_filled_timestamp":1767485700000,"ft_is_entry":false,"ft_order_tag":"roi","cost":369.2678134574138}],"funding_fees":0.0,"weekday":6},{"pair":"DOGE/USDT","stake_amount":362.79151859,"max_stake_amount":362.79151859,"amount":2508.584695,"open_date":"2026-01-04 00:30:00+00:00","close_date":"2026-01-04 03:30:00+00:00","open_rate":0.14462,"close_rate":0.14939962944416624,"fee_open":0.0015,"fee_close":0.0015,"trade_duration":180,"profit_ratio":0.02995506740515757,"profit_abs":10.88374556,"exit_reason":"roi","initial_stop_loss_abs":0.00145,"initial_stop_loss_ratio":-0.99,"stop_loss_abs":0.14773,"stop_loss_ratio":-0.02,"min_rate":0.14459,"max_rate":0.15074,"is_open":false,"enter_tag":"","leverage":1.0,"is_short":false,"open_timestamp":1767486600000,"close_timestamp":1767497400000,"orders":[{"amount":2508.584695,"safe_price":0.14462,"ft_order_side":"buy","order_filled_timestamp":1767486600000,"ft_is_entry":true,"ft_order_tag":"","cost":363.33570586878636},{"amount":2508.584695,"safe_price":0.14939962944416624,"ft_order_side":"sell","order_filled_timestamp":1767497400000,"ft_is_entry":false,"ft_order_tag":"roi","cost":375.34379629810024}],"funding_fees":0.0,"weekday":6},{"pair":"BTC/USDT","stake_amount":360.4127453,"max_stake_amount":360.4127453,"amount":0.00399881,"open_date":"2026-01-02 16:45:00+00:00","close_date":"2026-01-05 00:45:00+00:00","open_rate":90130.0,"close_rate":92206.10415623436,"fee_open":0.0015,"fee_close":0.0015,"trade_duration":3360,"profit_ratio":0.01997004494368286,"profit_abs":7.20825491,"exit_reason":"roi","initial_stop_loss_abs":901.3000000000008,"initial_stop_loss_ratio":-0.99,"stop_loss_abs":901.3000000000008,"stop_loss_ratio":-0.99,"min_rate":89321.2,"max_rate":92423.1,"is_open":false,"enter_tag":"","leverage":1.0,"is_short":false,"open_timestamp":1767372300000,"close_timestamp":1767573900000,"orders":[{"amount":0.00399881,"safe_price":90130.0,"ft_order_side":"buy","order_filled_timestamp":1767372300000,"ft_is_entry":true,"ft_order_tag":"","cost":360.95336441795007},{"amount":0.00399881,"safe_price":92206.10415623436,"ft_order_side":"sell","order_filled_timestamp":1767573900000,"ft_is_entry":false,"ft_order_tag":"roi","cost":369.267763398033}],"funding_fees":0.0,"weekday":0},{"pair":"DOGE/USDT","stake_amount":366.38315475,"max_stake_amount":366.38315475,"amount":2414.70477,"open_date":"2026-01-04 09:30:00+00:00","close_date":"2026-01-06 14:15:00+00:00","open_rate":0.15173,"close_rate":0.15522503254882322,"fee_open":0.0015,"fee_close":0.0015,"trade_duration":3165,"profit_ratio":0.01997004494611311,"profit_abs":7.3276631,"exit_reason":"roi","initial_stop_loss_abs":0.00152,"initial_stop_loss_ratio":-0.99,"stop_loss_abs":0.00152,"stop_loss_ratio":-0.99,"min_rate":0.14587,"max_rate":0.15662,"is_open":false,"enter_tag":"","leverage":1.0,"is_short":false,"open_timestamp":1767519000000,"close_timestamp":1767708900000,"orders":[{"amount":2414.70477,"safe_price":0.15173,"ft_order_side":"buy","order_filled_timestamp":1767519000000,"ft_is_entry":true,"ft_order_tag":"","cost":366.93272948422816},{"amount":2414.70477,"safe_price":0.15522503254882322,"ft_order_side":"sell","order_filled_timestamp":1767708900000,"ft_is_entry":false,"ft_order_tag":"roi","cost":375.38486045882723}],"funding_fees":0.0,"weekday":1},{"pair":"SOL/USDT","stake_amount":371.1798979,"max_stake_amount":371.1798979,"amount":2.632855,"open_date":"2026-01-06 14:15:00+00:00","close_date":"2026-01-12 03:15:00+00:00","open_rate":140.98,"close_rate":144.22741111667503,"fee_open":0.0015,"fee_close":0.0015,"trade_duration":7980,"profit_ratio":0.01997004493798125,"profit_abs":7.42359796,"exit_reason":"roi","initial_stop_loss_abs":1.409800000000001,"initial_stop_loss_ratio":-0.99,"stop_loss_abs":1.409800000000001,"stop_loss_ratio":-0.99,"min_rate":132.69,"max_rate":144.38,"is_open":false,"enter_tag":"","leverage":1.0,"is_short":false,"open_timestamp":1767708900000,"close_timestamp":1768187700000,"orders":[{"amount":2.632855,"safe_price":140.98,"ft_order_side":"buy","order_filled_timestamp":1767708900000,"ft_is_entry":true,"ft_order_tag":"","cost":371.73666774685006},{"amount":2.632855,"safe_price":144.22741111667503,"ft_order_side":"sell","order_filled_timestamp":1768187700000,"ft_is_entry":false,"ft_order_tag":"roi","cost":380.29945528633687}],"funding_fees":0.0,"weekday":0},{"pair":"BTC/USDT","stake_amount":368.76182366,"max_stake_amount":368.76182366,"amount":0.00396429,"open_date":"2026-01-05 03:15:00+00:00","close_date":"2026-01-13 22:00:00+00:00","open_rate":93020.9,"close_rate":95163.59474211317,"fee_open":0.0015,"fee_close":0.0015,"trade_duration":12645,"profit_ratio":0.01997004492388225,"profit_abs":7.37523647,"exit_reason":"roi","initial_stop_loss_abs":930.2090000000007,"initial_stop_loss_ratio":-0.99,"stop_loss_abs":94612.14,"stop_loss_ratio":-0.02,"min_rate":89327.8,"max_rate":96543.0,"is_open":false,"enter_tag":"","leverage":1.0,"is_short":false,"open_timestamp":1767582900000,"close_timestamp":1768341600000,"orders":[{"amount":0.00396429,"safe_price":93020.9,"ft_order_side":"buy","order_filled_timestamp":1767582900000,"ft_is_entry":true,"ft_order_tag":"","cost":369.31496639649146},{"amount":0.00396429,"safe_price":95163.59474211317,"ft_order_side":"sell","order_filled_timestamp":1768341600000,"ft_is_entry":false,"ft_order_tag":"roi","cost":377.82197113071214}],"funding_fees":0.0,"weekday":1},{"pair":"SOL/USDT","stake_amount":373.62968891,"max_stake_amount":373.62968891,"amount":2.603147,"open_date":"2026-01-12 03:30:00+00:00","close_date":"2026-01-13 22:00:00+00:00","open_rate":143.53,"close_rate":146.83614922383575,"fee_open":0.0015,"fee_close":0.0015,"trade_duration":2550,"profit_ratio":0.019970044937411488,"profit_abs":7.47259378,"exit_reason":"roi","initial_stop_loss_abs":1.4353,"initial_stop_loss_ratio":-0.99,"stop_loss_abs":145.7358,"stop_loss_ratio":-0.02,"min_rate":137.86,"max_rate":148.71,"is_open":false,"enter_tag":"","leverage":1.0,"is_short":false,"open_timestamp":1768188600000,"close_timestamp":1768341600000,"orders":[{"amount":2.603147,"safe_price":143.53,"ft_order_side":"buy","order_filled_timestamp":1768188600000,"ft_is_entry":true,"ft_order_tag":"","cost":374.19013344336497},{"amount":2.603147,"safe_price":146.83614922383575,"ft_order_side":"sell","order_filled_timestamp":1768341600000,"ft_is_entry":false,"ft_order_tag":"roi","cost":382.80943546559575}],"funding_fees":0.0,"weekday":1},{"pair":"BTC/USDT","stake_amount":378.52914028,"max_stake_amount":378.52914028,"amount":0.00397092,"open_date":"2026-01-13 22:30:00+00:00","close_date":"2026-01-14 16:30:00+00:00","open_rate":95325.3,"close_rate":97521.07556334502,"fee_open":0.0015,"fee_close":0.0015,"trade_duration":1080,"profit_ratio":0.019970044944418657,"profit_abs":7.57058281,"exit_reason":"roi","initial_stop_loss_abs":953.2530000000008,"initial_stop_loss_ratio":-0.99,"stop_loss_abs":953.2530000000008,"stop_loss_ratio":-0.99,"min_rate":94521.7,"max_rate":97535.1,"is_open":false,"enter_tag":"","leverage":1.0,"is_short":false,"open_timestamp":1768343400000,"close_timestamp":1768408200000,"orders":[{"amount":0.00397092,"safe_price":95325.3,"ft_order_side":"buy","order_filled_timestamp":1768343400000,"ft_is_entry":true,"ft_order_tag":"","cost":379.09693398641406},{"amount":0.00397092,"safe_price":97521.07556334502,"ft_order_side":"sell","order_filled_timestamp":1768408200000,"ft_is_entry":false,"ft_order_tag":"roi","cost":387.829261960062}],"funding_fees":0.0,"weekday":2},{"pair":"SOL/USDT","stake_amount":378.52950135,"max_stake_amount":378.52950135,"amount":2.573805,"open_date":"2026-01-13 22:15:00+00:00","close_date":"2026-02-13 18:00:00+00:00","open_rate":147.07,"close_rate":84.35,"fee_open":0.0015,"fee_close":0.0015,"trade_duration":44385,"profit_ratio":-0.4281816209535971,"profit_abs":-162.32249453,"exit_reason":"exit_signal","initial_stop_loss_abs":1.4707,"initial_stop_loss_ratio":-0.99,"stop_loss_abs":1.4707,"stop_loss_ratio":-0.99,"min_rate":67.44,"max_rate":148.42,"is_open":false,"enter_tag":"","leverage":1.0,"is_short":false,"open_timestamp":1768342500000,"close_timestamp":1771005600000,"orders":[{"amount":2.573805,"safe_price":147.07,"ft_order_side":"buy","order_filled_timestamp":1768342500000,"ft_is_entry":true,"ft_order_tag":"","cost":379.097295602025},{"amount":2.573805,"safe_price":84.35,"ft_order_side":"sell","order_filled_timestamp":1771005600000,"ft_is_entry":false,"ft_order_tag":"exit_signal","cost":217.426102427625}],"funding_fees":0.0,"weekday":4},{"pair":"BTC/USDT","stake_amount":255.96079435,"max_stake_amount":255.96079435,"amount":0.00371761,"open_date":"2026-02-14 00:00:00+00:00","close_date":"2026-02-14 11:15:00+00:00","open_rate":68850.9,"close_rate":70436.84962443664,"fee_open":0.0015,"fee_close":0.0015,"trade_duration":675,"profit_ratio":0.01997004494438211,"profit_abs":5.11921589,"exit_reason":"roi","initial_stop_loss_abs":688.5090000000006,"initial_stop_loss_ratio":-0.99,"stop_loss_abs":688.5090000000006,"stop_loss_ratio":-0.99,"min_rate":68730.0,"max_rate":70479.9,"is_open":false,"enter_tag":"","leverage":1.0,"is_short":false,"open_timestamp":1771027200000,"close_timestamp":1771067700000,"orders":[{"amount":0.00371761,"safe_price":68850.9,"ft_order_side":"buy","order_filled_timestamp":1771027200000,"ft_is_entry":true,"ft_order_tag":"","cost":256.3447355405235},{"amount":0.00371761,"safe_price":70436.84962443664,"ft_order_side":"sell","order_filled_timestamp":1771067700000,"ft_is_entry":false,"ft_order_tag":"roi","cost":262.2495216371004}],"funding_fees":0.0,"weekday":5},{"pair":"BTC/USDT","stake_amount":261.0287791,"max_stake_amount":261.0287791,"amount":0.00372446,"open_date":"2026-02-14 12:45:00+00:00","close_date":"2026-02-21 00:00:00+00:00","open_rate":70085.0,"close_rate":68014.1,"fee_open":0.0015,"fee_close":0.0015,"trade_duration":9315,"profit_ratio":-0.03245539978059111,"profit_abs":-8.48450107,"exit_reason":"force_exit","initial_stop_loss_abs":700.8500000000006,"initial_stop_loss_ratio":-0.99,"stop_loss_abs":700.8500000000006,"stop_loss_ratio":-0.99,"min_rate":65641.2,"max_rate":70969.2,"is_open":false,"enter_tag":"","leverage":1.0,"is_short":false,"open_timestamp":1771073100000,"close_timestamp":1771632000000,"orders":[{"amount":0.00372446,"safe_price":70085.0,"ft_order_side":"buy","order_filled_timestamp":1771073100000,"ft_is_entry":true,"ft_order_tag":"","cost":261.42032226865},{"amount":0.00372446,"safe_price":68014.1,"ft_order_side":"sell","order_filled_timestamp":1771632000000,"ft_is_entry":false,"ft_order_tag":"force_exit","cost":253.69576857832902}],"funding_fees":0.0,"weekday":5},{"pair":"ETH/USDT","stake_amount":345.39535392,"max_stake_amount":345.39535392,"amount":0.102136,"open_date":"2025-12-10 19:00:00+00:00","close_date":"2026-02-21 00:00:00+00:00","open_rate":3381.72,"close_rate":1968.85,"fee_open":0.0015,"fee_close":0.0015,"trade_duration":103980,"profit_ratio":-0.4195402645639498,"profit_abs":-145.12461905,"exit_reason":"force_exit","initial_stop_loss_abs":33.81720000000003,"initial_stop_loss_ratio":-0.99,"stop_loss_abs":33.81720000000003,"stop_loss_ratio":-0.99,"min_rate":1744.0,"max_rate":3448.0,"is_open":false,"enter_tag":"","leverage":1.0,"is_short":false,"open_timestamp":1765393200000,"close_timestamp":1771632000000,"orders":[{"amount":0.102136,"safe_price":3381.72,"ft_order_side":"buy","order_filled_timestamp":1765393200000,"ft_is_entry":true,"ft_order_tag":"","cost":345.91344695088003},{"amount":0.102136,"safe_price":1968.85,"ft_order_side":"sell","order_filled_timestamp":1771632000000,"ft_is_entry":false,"ft_order_tag":"force_exit","cost":201.39209929540002}],"funding_fees":0.0,"weekday":5},{"pair":"DOGE/USDT","stake_amount":381.02787123,"max_stake_amount":381.02787123,"amount":2537.31019,"open_date":"2026-01-14 16:30:00+00:00","close_date":"2026-02-21 00:00:00+00:00","open_rate":0.15017,"close_rate":0.10012,"fee_open":0.0015,"fee_close":0.0015,"trade_duration":53730,"profit_ratio":-0.3352860766766276,"profit_abs":-127.94497006,"exit_reason":"force_exit","initial_stop_loss_abs":0.00151,"initial_stop_loss_ratio":-0.99,"stop_loss_abs":0.00151,"stop_loss_ratio":-0.99,"min_rate":0.08,"max_rate":0.1513,"is_open":false,"enter_tag":"","leverage":1.0,"is_short":false,"open_timestamp":1768408200000,"close_timestamp":1771632000000,"orders":[{"amount":2537.31019,"safe_price":0.15017,"ft_order_side":"buy","order_filled_timestamp":1768408200000,"ft_is_entry":true,"ft_order_tag":"","cost":381.5994130391485},{"amount":2537.31019,"safe_price":0.10012,"ft_order_side":"sell","order_filled_timestamp":1771632000000,"ft_is_entry":false,"ft_order_tag":"force_exit","cost":254.41654946713425}],"funding_fees":0.0,"weekday":5}],"locks":[],"best_pair":{"key":"BTC/USDT","trades":9,"profit_mean":0.011805412258070185,"profit_mean_pct":1.18,"profit_total_abs":38.96674191,"profit_total":0.038966741910000005,"profit_total_pct":3.9,"duration_avg":"4 days, 18:12:00","wins":7,"draws":0,"losses":2,"winrate":0.7777777777777778,"cagr":0.17395265540789984,"expectancy":4.329637989999999,"expectancy_ratio":0.9778462006643898,"sortino":2.1093112462840136,"sharpe":1.6778825760735385,"calmar":105.64009482009543,"sqn":2.4012,"profit_factor":5.400307902989754,"max_drawdown_account":0.008100139387740317,"max_drawdown_abs":8.48450107},"worst_pair":{"key":"SOL/USDT","trades":5,"profit_mean":-0.06966028824419364,"profit_mean_pct":-6.97,"profit_total_abs":-133.47329462,"profit_total":-0.13347329462,"profit_total_pct":-13.35,"duration_avg":"9 days, 4:00:00","wins":4,"draws":0,"losses":1,"winrate":0.8,"cagr":-0.4517605826773403,"expectancy":-26.694658924000002,"expectancy_ratio":-0.1644544645601559,"sortino":-100,"sharpe":-0.43221576447703575,"calmar":-18.577812535724355,"sqn":-0.7873,"profit_factor":0.17772767719922003,"max_drawdown_account":0.15777092944641377,"max_drawdown_abs":162.32249453},"results_per_pair":[{"key":"BTC/USDT","trades":9,"profit_mean":0.011805412258070185,"profit_mean_pct":1.18,"profit_total_abs":38.96674191,"profit_total":0.038966741910000005,"profit_total_pct":3.9,"duration_avg":"4 days, 18:12:00","wins":7,"draws":0,"losses":2,"winrate":0.7777777777777778,"cagr":0.17395265540789984,"expectancy":4.329637989999999,"expectancy_ratio":0.9778462006643898,"sortino":2.1093112462840136,"sharpe":1.6778825760735385,"calmar":105.64009482009543,"sqn":2.4012,"profit_factor":5.400307902989754,"max_drawdown_account":0.008100139387740317,"max_drawdown_abs":8.48450107},{"key":"DOGE/USDT","trades":6,"profit_mean":-0.035910967848834414,"profit_mean_pct":-3.59,"profit_total_abs":-84.84143141999999,"profit_total":-0.08484143141999999,"profit_total_pct":-8.48,"duration_avg":"6 days, 17:32:00","wins":5,"draws":0,"losses":1,"winrate":0.8333333333333334,"cagr":-0.3106152061259586,"expectancy":-14.140238569999998,"expectancy_ratio":-0.11051812793710392,"sortino":-100,"sharpe":-0.365885867997619,"calmar":-15.189356263193142,"sqn":-0.6209,"profit_factor":0.336891232377377,"max_drawdown_account":0.12265797720024485,"max_drawdown_abs":127.94497006},{"key":"ETH/USDT","trades":7,"profit_mean":-0.04281714213397617,"profit_mean_pct":-4.28,"profit_total_abs":-104.77947154,"profit_total":-0.10477947154,"profit_total_pct":-10.48,"duration_avg":"12 days, 9:39:00","wins":6,"draws":0,"losses":1,"winrate":0.8571428571428571,"cagr":-0.37146835542825685,"expectancy":-14.968495934285713,"expectancy_ratio":-0.10314236159426948,"sortino":-100,"sharpe":-0.4330258635059177,"calmar":-16.494522073489584,"sqn":-0.69,"profit_factor":0.2780034688401134,"max_drawdown_account":0.1394966078299559,"max_drawdown_abs":145.12461905},{"key":"SOL/USDT","trades":5,"profit_mean":-0.06966028824419364,"profit_mean_pct":-6.97,"profit_total_abs":-133.47329462,"profit_total":-0.13347329462,"profit_total_pct":-13.35,"duration_avg":"9 days, 4:00:00","wins":4,"draws":0,"losses":1,"winrate":0.8,"cagr":-0.4517605826773403,"expectancy":-26.694658924000002,"expectancy_ratio":-0.1644544645601559,"sortino":-100,"sharpe":-0.43221576447703575,"calmar":-18.577812535724355,"sqn":-0.7873,"profit_factor":0.17772767719922003,"max_drawdown_account":0.15777092944641377,"max_drawdown_abs":162.32249453},{"key":"TOTAL","trades":27,"profit_mean":-0.02804587158996949,"profit_mean_pct":-2.8,"profit_total_abs":-284.12745567,"profit_total":-0.28412745567000003,"profit_total_pct":-28.41,"duration_avg":"7 days, 23:52:00","wins":22,"draws":0,"losses":5,"winrate":0.8148148148148148,"cagr":-0.7539760489985822,"expectancy":-10.52323909888889,"expectancy_ratio":-0.11843891200351031,"sortino":-0.893517552309816,"sharpe":-1.3014264754102618,"calmar":-16.419455958574538,"sqn":-1.1192,"profit_factor":0.36042987518104525,"max_drawdown_account":0.379998269422109,"max_drawdown_abs":438.75736882}],"results_per_enter_tag":[{"key":"","trades":27,"profit_mean":-0.02804587158996949,"profit_mean_pct":-2.8,"profit_total_abs":-284.12745567,"profit_total":-0.28412745567000003,"profit_total_pct":-28.41,"duration_avg":"7 days, 23:52:00","wins":22,"draws":0,"losses":5,"winrate":0.8148148148148148,"cagr":-0.7539760489985822,"expectancy":-10.52323909888889,"expectancy_ratio":-0.11843891200351031,"sortino":-0.893517552309816,"sharpe":-1.3014264754102618,"calmar":-16.419455958574538,"sqn":-1.1192,"profit_factor":0.36042987518104525,"max_drawdown_account":0.379998269422109,"max_drawdown_abs":438.75736882},{"key":"TOTAL","trades":27,"profit_mean":-0.02804587158996949,"profit_mean_pct":-2.8,"profit_total_abs":-284.12745567,"profit_total":-0.28412745567000003,"profit_total_pct":-28.41,"duration_avg":"7 days, 23:52:00","wins":22,"draws":0,"losses":5,"winrate":0.8148148148148148,"cagr":-0.7539760489985822,"expectancy":-10.52323909888889,"expectancy_ratio":-0.11843891200351031,"sortino":-0.893517552309816,"sharpe":-1.3014264754102618,"calmar":-16.419455958574538,"sqn":-1.1192,"profit_factor":0.36042987518104525,"max_drawdown_account":0.379998269422109,"max_drawdown_abs":438.75736882}],"exit_reason_summary":[{"key":"roi","trades":22,"profit_mean":0.020877774249045532,"profit_mean_pct":2.09,"profit_total_abs":160.12008598999998,"profit_total":0.16012008598999997,"profit_total_pct":16.01,"duration_avg":"2 days, 20:59:00","wins":22,"draws":0,"losses":0,"winrate":1.0,"cagr":0.8647293582134903,"expectancy":7.27818572681818,"expectancy_ratio":100.0,"sortino":-100,"sharpe":29.228389166859483,"calmar":-100,"sqn":27.7246,"profit_factor":0.0,"max_drawdown_account":0.0,"max_drawdown_abs":0.0},{"key":"exit_signal","trades":2,"profit_mean":-0.21463391269350465,"profit_mean_pct":-21.46,"profit_total_abs":-162.69345148,"profit_total":-0.16269345148,"profit_total_pct":-16.27,"duration_avg":"18 days, 7:30:00","wins":0,"draws":0,"losses":2,"winrate":0.0,"cagr":-0.5252451578859163,"expectancy":-81.34672574,"expectancy_ratio":-1.0,"sortino":-0.44120677464708974,"sharpe":-0.44120677464708974,"calmar":-21.959739281083674,"sqn":-1.0046,"profit_factor":0.0,"max_drawdown_account":0.16269345148000003,"max_drawdown_abs":162.69345148},{"key":"force_exit","trades":3,"profit_mean":-0.26242724700705616,"profit_mean_pct":-26.24,"profit_total_abs":-281.55409018,"profit_total":-0.28155409018,"profit_total_pct":-28.16,"duration_avg":"38 days, 15:55:00","wins":0,"draws":0,"losses":3,"winrate":0.0,"cagr":-0.7502443170145249,"expectancy":-93.85136339333333,"expectancy_ratio":-1.0,"sortino":-1.0174260580520906,"sharpe":-1.0174260580520906,"calmar":-21.959739281083674,"sqn":-2.1841,"profit_factor":0.0,"max_drawdown_account":0.28155409018,"max_drawdown_abs":281.55409018},{"key":"TOTAL","trades":27,"profit_mean":-0.02804587158996949,"profit_mean_pct":-2.8,"profit_total_abs":-284.12745567,"profit_total":-0.28412745567000003,"profit_total_pct":-28.41,"duration_avg":"7 days, 23:52:00","wins":22,"draws":0,"losses":5,"winrate":0.8148148148148148,"cagr":-0.7539760489985822,"expectancy":-10.52323909888889,"expectancy_ratio":-0.11843891200351031,"sortino":-0.893517552309816,"sharpe":-1.3014264754102618,"calmar":-16.419455958574538,"sqn":-1.1192,"profit_factor":0.36042987518104525,"max_drawdown_account":0.379998269422109,"max_drawdown_abs":438.75736882}],"mix_tag_stats":[{"key":["","roi"],"trades":22,"profit_mean":0.020877774249045532,"profit_mean_pct":2.09,"profit_total_abs":160.12008598999998,"profit_total":0.16012008598999997,"profit_total_pct":16.01,"duration_avg":"2 days, 20:59:00","wins":22,"draws":0,"losses":0,"winrate":1.0,"cagr":0.8647293582134903,"expectancy":7.27818572681818,"expectancy_ratio":100.0,"sortino":-100,"sharpe":29.228389166859483,"calmar":-100,"sqn":27.7246,"profit_factor":0.0,"max_drawdown_account":0.0,"max_drawdown_abs":0.0},{"key":["","exit_signal"],"trades":2,"profit_mean":-0.21463391269350465,"profit_mean_pct":-21.46,"profit_total_abs":-162.69345148,"profit_total":-0.16269345148,"profit_total_pct":-16.27,"duration_avg":"18 days, 7:30:00","wins":0,"draws":0,"losses":2,"winrate":0.0,"cagr":-0.5252451578859163,"expectancy":-81.34672574,"expectancy_ratio":-1.0,"sortino":-0.44120677464708974,"sharpe":-0.44120677464708974,"calmar":-21.959739281083674,"sqn":-1.0046,"profit_factor":0.0,"max_drawdown_account":0.16269345148000003,"max_drawdown_abs":162.69345148},{"key":["","force_exit"],"trades":3,"profit_mean":-0.26242724700705616,"profit_mean_pct":-26.24,"profit_total_abs":-281.55409018,"profit_total":-0.28155409018,"profit_total_pct":-28.16,"duration_avg":"38 days, 15:55:00","wins":0,"draws":0,"losses":3,"winrate":0.0,"cagr":-0.7502443170145249,"expectancy":-93.85136339333333,"expectancy_ratio":-1.0,"sortino":-1.0174260580520906,"sharpe":-1.0174260580520906,"calmar":-21.959739281083674,"sqn":-2.1841,"profit_factor":0.0,"max_drawdown_account":0.28155409018,"max_drawdown_abs":281.55409018},{"key":"TOTAL","trades":27,"profit_mean":-0.02804587158996949,"profit_mean_pct":-2.8,"profit_total_abs":-284.12745567,"profit_total":-0.28412745567000003,"profit_total_pct":-28.41,"duration_avg":"7 days, 23:52:00","wins":22,"draws":0,"losses":5,"winrate":0.8148148148148148,"cagr":-0.7539760489985822,"expectancy":-10.52323909888889,"expectancy_ratio":-0.11843891200351031,"sortino":-0.893517552309816,"sharpe":-1.3014264754102618,"calmar":-16.419455958574538,"sqn":-1.1192,"profit_factor":0.36042987518104525,"max_drawdown_account":0.379998269422109,"max_drawdown_abs":438.75736882}],"left_open_trades":[{"key":"BTC/USDT","trades":1,"profit_mean":-0.03245539978059111,"profit_mean_pct":-3.25,"profit_total_abs":-8.48450107,"profit_total":-0.00848450107,"profit_total_pct":-0.85,"duration_avg":"6 days, 11:15:00","wins":0,"draws":0,"losses":1,"winrate":0.0,"cagr":-0.035116356518581804,"expectancy":-8.48450107,"expectancy_ratio":-1.0,"sortino":-100,"sharpe":-100,"calmar":-21.959739281083774,"sqn":-100.0,"profit_factor":0.0,"max_drawdown_account":0.008484501069999964,"max_drawdown_abs":8.48450107},{"key":"DOGE/USDT","trades":1,"profit_mean":-0.3352860766766276,"profit_mean_pct":-33.53,"profit_total_abs":-127.94497006,"profit_total":-0.12794497006,"profit_total_pct":-12.79,"duration_avg":"37 days, 7:30:00","wins":0,"draws":0,"losses":1,"winrate":0.0,"cagr":-0.4369360724706658,"expectancy":-127.94497006,"expectancy_ratio":-1.0,"sortino":-100,"sharpe":-100,"calmar":-21.959739281083667,"sqn":-100.0,"profit_factor":0.0,"max_drawdown_account":0.12794497006000005,"max_drawdown_abs":127.94497006},{"key":"ETH/USDT","trades":1,"profit_mean":-0.4195402645639498,"profit_mean_pct":-41.95,"profit_total_abs":-145.12461905,"profit_total":-0.14512461905000001,"profit_total_pct":-14.51,"duration_avg":"72 days, 5:00:00","wins":0,"draws":0,"losses":1,"winrate":0.0,"cagr":-0.48202965789245,"expectancy":-145.12461905,"expectancy_ratio":-1.0,"sortino":-100,"sharpe":-100,"calmar":-21.95973928108368,"sqn":-100.0,"profit_factor":0.0,"max_drawdown_account":0.14512461905,"max_drawdown_abs":145.12461905},{"key":"TOTAL","trades":3,"profit_mean":-0.26242724700705616,"profit_mean_pct":-26.24,"profit_total_abs":-281.55409018,"profit_total":-0.28155409018,"profit_total_pct":-28.16,"duration_avg":"38 days, 15:55:00","wins":0,"draws":0,"losses":3,"winrate":0.0,"cagr":-0.7502443170145249,"expectancy":-93.85136339333333,"expectancy_ratio":-1.0,"sortino":-1.0174260580520906,"sharpe":-1.0174260580520906,"calmar":-21.959739281083674,"sqn":-2.1841,"profit_factor":0.0,"max_drawdown_account":0.28155409018,"max_drawdown_abs":281.55409018}],"total_trades":27,"trade_count_long":27,"trade_count_short":0,"total_volume":18479.811906073908,"avg_stake_amount":346.4552400118518,"profit_mean":-0.02804587158996949,"profit_median":0.019970044932601096,"profit_total":-0.28412745567000003,"profit_total_long":-0.28412745567000003,"profit_total_short":0.0,"profit_total_abs":-284.12745567,"profit_total_long_abs":-284.12745567,"profit_total_short_abs":0.0,"cagr":-0.7539760489985822,"expectancy":-10.52323909888889,"expectancy_ratio":-0.11843891200351031,"sortino":-0.893517552309816,"sharpe":-1.3014264754102618,"calmar":-16.419455958574538,"sqn":-1.1192,"profit_factor":0.36042987518104525,"backtest_start":"2025-11-25 02:00:00","backtest_start_ts":1764036000000,"backtest_end":"2026-02-21 00:00:00","backtest_end_ts":1771632000000,"backtest_days":87,"backtest_run_start_ts":1771636174,"backtest_run_end_ts":1771636177,"trades_per_day":0.31,"market_change":-0.2841111918622262,"pairlist":["BTC/USDT","ETH/USDT","SOL/USDT","DOGE/USDT"],"stake_amount":"unlimited","stake_currency":"USDT","stake_currency_decimals":3,"starting_balance":1000,"dry_run_wallet":1000,"final_balance":715.87254433,"rejected_signals":117,"timedout_entry_orders":0,"timedout_exit_orders":0,"canceled_trade_entries":0,"canceled_entry_orders":0,"replaced_entry_orders":0,"max_open_trades":3,"max_open_trades_setting":3,"timeframe":"15m","timeframe_detail":"","timerange":"20251123-20260221","enable_protections":false,"strategy_name":"SupertrendStrategy_Optimized","freqaimodel":null,"freqai_identifier":null,"stoploss":-0.99,"trailing_stop":true,"trailing_stop_positive":0.02,"trailing_stop_positive_offset":0.03,"trailing_only_offset_is_reached":true,"use_custom_stoploss":false,"minimal_roi":{"240":0.02,"120":0.03,"60":0.05,"30":0.08,"0":0.12},"use_exit_signal":true,"exit_profit_only":false,"exit_profit_offset":0.0,"ignore_roi_if_entry_signal":false,"trading_mode":"spot","margin_mode":"","periodic_breakdown":{"day":[{"date":"26/11/2025","date_ts":1764115200000,"profit_abs":6.59997691,"wins":1,"draws":0,"losses":0,"trades":1,"profit_factor":0.0},{"date":"27/11/2025","date_ts":1764201600000,"profit_abs":0.0,"wins":0,"draws":0,"losses":0,"trades":0,"profit_factor":0.0},{"date":"28/11/2025","date_ts":1764288000000,"profit_abs":6.64353386,"wins":1,"draws":0,"losses":0,"trades":1,"profit_factor":0.0},{"date":"29/11/2025","date_ts":1764374400000,"profit_abs":0.0,"wins":0,"draws":0,"losses":0,"trades":0,"profit_factor":0.0},{"date":"30/11/2025","date_ts":1764460800000,"profit_abs":0.0,"wins":0,"draws":0,"losses":0,"trades":0,"profit_factor":0.0},{"date":"01/12/2025","date_ts":1764547200000,"profit_abs":0.0,"wins":0,"draws":0,"losses":0,"trades":0,"profit_factor":0.0},{"date":"02/12/2025","date_ts":1764633600000,"profit_abs":0.0,"wins":0,"draws":0,"losses":0,"trades":0,"profit_factor":0.0},{"date":"03/12/2025","date_ts":1764720000000,"profit_abs":20.10631617,"wins":3,"draws":0,"losses":0,"trades":3,"profit_factor":0.0},{"date":"04/12/2025","date_ts":1764806400000,"profit_abs":0.0,"wins":0,"draws":0,"losses":0,"trades":0,"profit_factor":0.0},{"date":"05/12/2025","date_ts":1764892800000,"profit_abs":0.0,"wins":0,"draws":0,"losses":0,"trades":0,"profit_factor":0.0},{"date":"06/12/2025","date_ts":1764979200000,"profit_abs":0.0,"wins":0,"draws":0,"losses":0,"trades":0,"profit_factor":0.0},{"date":"07/12/2025","date_ts":1765065600000,"profit_abs":0.0,"wins":0,"draws":0,"losses":0,"trades":0,"profit_factor":0.0},{"date":"08/12/2025","date_ts":1765152000000,"profit_abs":0.0,"wins":0,"draws":0,"losses":0,"trades":0,"profit_factor":0.0},{"date":"09/12/2025","date_ts":1765238400000,"profit_abs":6.44909723,"wins":1,"draws":0,"losses":1,"trades":2,"profit_factor":18.38502872},{"date":"10/12/2025","date_ts":1765324800000,"profit_abs":6.862658,"wins":1,"draws":0,"losses":0,"trades":1,"profit_factor":0.0},{"date":"11/12/2025","date_ts":1765411200000,"profit_abs":0.0,"wins":0,"draws":0,"losses":0,"trades":0,"profit_factor":0.0},{"date":"12/12/2025","date_ts":1765497600000,"profit_abs":0.0,"wins":0,"draws":0,"losses":0,"trades":0,"profit_factor":0.0},{"date":"13/12/2025","date_ts":1765584000000,"profit_abs":0.0,"wins":0,"draws":0,"losses":0,"trades":0,"profit_factor":0.0},{"date":"14/12/2025","date_ts":1765670400000,"profit_abs":0.0,"wins":0,"draws":0,"losses":0,"trades":0,"profit_factor":0.0},{"date":"15/12/2025","date_ts":1765756800000,"profit_abs":0.0,"wins":0,"draws":0,"losses":0,"trades":0,"profit_factor":0.0},{"date":"16/12/2025","date_ts":1765843200000,"profit_abs":0.0,"wins":0,"draws":0,"losses":0,"trades":0,"profit_factor":0.0},{"date":"17/12/2025","date_ts":1765929600000,"profit_abs":6.90796643,"wins":1,"draws":0,"losses":0,"trades":1,"profit_factor":0.0},{"date":"18/12/2025","date_ts":1766016000000,"profit_abs":0.0,"wins":0,"draws":0,"losses":0,"trades":0,"profit_factor":0.0},{"date":"19/12/2025","date_ts":1766102400000,"profit_abs":0.0,"wins":0,"draws":0,"losses":0,"trades":0,"profit_factor":0.0},{"date":"20/12/2025","date_ts":1766188800000,"profit_abs":0.0,"wins":0,"draws":0,"losses":0,"trades":0,"profit_factor":0.0},{"date":"21/12/2025","date_ts":1766275200000,"profit_abs":0.0,"wins":0,"draws":0,"losses":0,"trades":0,"profit_factor":0.0},{"date":"22/12/2025","date_ts":1766361600000,"profit_abs":0.0,"wins":0,"draws":0,"losses":0,"trades":0,"profit_factor":0.0},{"date":"23/12/2025","date_ts":1766448000000,"profit_abs":0.0,"wins":0,"draws":0,"losses":0,"trades":0,"profit_factor":0.0},{"date":"24/12/2025","date_ts":1766534400000,"profit_abs":0.0,"wins":0,"draws":0,"losses":0,"trades":0,"profit_factor":0.0},{"date":"25/12/2025","date_ts":1766620800000,"profit_abs":0.0,"wins":0,"draws":0,"losses":0,"trades":0,"profit_factor":0.0},{"date":"26/12/2025","date_ts":1766707200000,"profit_abs":0.0,"wins":0,"draws":0,"losses":0,"trades":0,"profit_factor":0.0},{"date":"27/12/2025","date_ts":1766793600000,"profit_abs":0.0,"wins":0,"draws":0,"losses":0,"trades":0,"profit_factor":0.0},{"date":"28/12/2025","date_ts":1766880000000,"profit_abs":0.0,"wins":0,"draws":0,"losses":0,"trades":0,"profit_factor":0.0},{"date":"29/12/2025","date_ts":1766966400000,"profit_abs":6.95355675,"wins":1,"draws":0,"losses":0,"trades":1,"profit_factor":0.0},{"date":"30/12/2025","date_ts":1767052800000,"profit_abs":0.0,"wins":0,"draws":0,"losses":0,"trades":0,"profit_factor":0.0},{"date":"31/12/2025","date_ts":1767139200000,"profit_abs":0.0,"wins":0,"draws":0,"losses":0,"trades":0,"profit_factor":0.0},{"date":"01/01/2026","date_ts":1767225600000,"profit_abs":0.0,"wins":0,"draws":0,"losses":0,"trades":0,"profit_factor":0.0},{"date":"02/01/2026","date_ts":1767312000000,"profit_abs":31.63687733,"wins":4,"draws":0,"losses":0,"trades":4,"profit_factor":0.0},{"date":"03/01/2026","date_ts":1767398400000,"profit_abs":0.0,"wins":0,"draws":0,"losses":0,"trades":0,"profit_factor":0.0},{"date":"04/01/2026","date_ts":1767484800000,"profit_abs":18.09200144,"wins":2,"draws":0,"losses":0,"trades":2,"profit_factor":0.0},{"date":"05/01/2026","date_ts":1767571200000,"profit_abs":7.20825491,"wins":1,"draws":0,"losses":0,"trades":1,"profit_factor":0.0},{"date":"06/01/2026","date_ts":1767657600000,"profit_abs":7.3276631,"wins":1,"draws":0,"losses":0,"trades":1,"profit_factor":0.0},{"date":"07/01/2026","date_ts":1767744000000,"profit_abs":0.0,"wins":0,"draws":0,"losses":0,"trades":0,"profit_factor":0.0},{"date":"08/01/2026","date_ts":1767830400000,"profit_abs":0.0,"wins":0,"draws":0,"losses":0,"trades":0,"profit_factor":0.0},{"date":"09/01/2026","date_ts":1767916800000,"profit_abs":0.0,"wins":0,"draws":0,"losses":0,"trades":0,"profit_factor":0.0},{"date":"10/01/2026","date_ts":1768003200000,"profit_abs":0.0,"wins":0,"draws":0,"losses":0,"trades":0,"profit_factor":0.0},{"date":"11/01/2026","date_ts":1768089600000,"profit_abs":0.0,"wins":0,"draws":0,"losses":0,"trades":0,"profit_factor":0.0},{"date":"12/01/2026","date_ts":1768176000000,"profit_abs":7.42359796,"wins":1,"draws":0,"losses":0,"trades":1,"profit_factor":0.0},{"date":"13/01/2026","date_ts":1768262400000,"profit_abs":14.84783025,"wins":2,"draws":0,"losses":0,"trades":2,"profit_factor":0.0},{"date":"14/01/2026","date_ts":1768348800000,"profit_abs":7.57058281,"wins":1,"draws":0,"losses":0,"trades":1,"profit_factor":0.0},{"date":"15/01/2026","date_ts":1768435200000,"profit_abs":0.0,"wins":0,"draws":0,"losses":0,"trades":0,"profit_factor":0.0},{"date":"16/01/2026","date_ts":1768521600000,"profit_abs":0.0,"wins":0,"draws":0,"losses":0,"trades":0,"profit_factor":0.0},{"date":"17/01/2026","date_ts":1768608000000,"profit_abs":0.0,"wins":0,"draws":0,"losses":0,"trades":0,"profit_factor":0.0},{"date":"18/01/2026","date_ts":1768694400000,"profit_abs":0.0,"wins":0,"draws":0,"losses":0,"trades":0,"profit_factor":0.0},{"date":"19/01/2026","date_ts":1768780800000,"profit_abs":0.0,"wins":0,"draws":0,"losses":0,"trades":0,"profit_factor":0.0},{"date":"20/01/2026","date_ts":1768867200000,"profit_abs":0.0,"wins":0,"draws":0,"losses":0,"trades":0,"profit_factor":0.0},{"date":"21/01/2026","date_ts":1768953600000,"profit_abs":0.0,"wins":0,"draws":0,"losses":0,"trades":0,"profit_factor":0.0},{"date":"22/01/2026","date_ts":1769040000000,"profit_abs":0.0,"wins":0,"draws":0,"losses":0,"trades":0,"profit_factor":0.0},{"date":"23/01/2026","date_ts":1769126400000,"profit_abs":0.0,"wins":0,"draws":0,"losses":0,"trades":0,"profit_factor":0.0},{"date":"24/01/2026","date_ts":1769212800000,"profit_abs":0.0,"wins":0,"draws":0,"losses":0,"trades":0,"profit_factor":0.0},{"date":"25/01/2026","date_ts":1769299200000,"profit_abs":0.0,"wins":0,"draws":0,"losses":0,"trades":0,"profit_factor":0.0},{"date":"26/01/2026","date_ts":1769385600000,"profit_abs":0.0,"wins":0,"draws":0,"losses":0,"trades":0,"profit_factor":0.0},{"date":"27/01/2026","date_ts":1769472000000,"profit_abs":0.0,"wins":0,"draws":0,"losses":0,"trades":0,"profit_factor":0.0},{"date":"28/01/2026","date_ts":1769558400000,"profit_abs":0.0,"wins":0,"draws":0,"losses":0,"trades":0,"profit_factor":0.0},{"date":"29/01/2026","date_ts":1769644800000,"profit_abs":0.0,"wins":0,"draws":0,"losses":0,"trades":0,"profit_factor":0.0},{"date":"30/01/2026","date_ts":1769731200000,"profit_abs":0.0,"wins":0,"draws":0,"losses":0,"trades":0,"profit_factor":0.0},{"date":"31/01/2026","date_ts":1769817600000,"profit_abs":0.0,"wins":0,"draws":0,"losses":0,"trades":0,"profit_factor":0.0},{"date":"01/02/2026","date_ts":1769904000000,"profit_abs":0.0,"wins":0,"draws":0,"losses":0,"trades":0,"profit_factor":0.0},{"date":"02/02/2026","date_ts":1769990400000,"profit_abs":0.0,"wins":0,"draws":0,"losses":0,"trades":0,"profit_factor":0.0},{"date":"03/02/2026","date_ts":1770076800000,"profit_abs":0.0,"wins":0,"draws":0,"losses":0,"trades":0,"profit_factor":0.0},{"date":"04/02/2026","date_ts":1770163200000,"profit_abs":0.0,"wins":0,"draws":0,"losses":0,"trades":0,"profit_factor":0.0},{"date":"05/02/2026","date_ts":1770249600000,"profit_abs":0.0,"wins":0,"draws":0,"losses":0,"trades":0,"profit_factor":0.0},{"date":"06/02/2026","date_ts":1770336000000,"profit_abs":0.0,"wins":0,"draws":0,"losses":0,"trades":0,"profit_factor":0.0},{"date":"07/02/2026","date_ts":1770422400000,"profit_abs":0.0,"wins":0,"draws":0,"losses":0,"trades":0,"profit_factor":0.0},{"date":"08/02/2026","date_ts":1770508800000,"profit_abs":0.0,"wins":0,"draws":0,"losses":0,"trades":0,"profit_factor":0.0},{"date":"09/02/2026","date_ts":1770595200000,"profit_abs":0.0,"wins":0,"draws":0,"losses":0,"trades":0,"profit_factor":0.0},{"date":"10/02/2026","date_ts":1770681600000,"profit_abs":0.0,"wins":0,"draws":0,"losses":0,"trades":0,"profit_factor":0.0},{"date":"11/02/2026","date_ts":1770768000000,"profit_abs":0.0,"wins":0,"draws":0,"losses":0,"trades":0,"profit_factor":0.0},{"date":"12/02/2026","date_ts":1770854400000,"profit_abs":0.0,"wins":0,"draws":0,"losses":0,"trades":0,"profit_factor":0.0},{"date":"13/02/2026","date_ts":1770940800000,"profit_abs":-162.32249453,"wins":0,"draws":0,"losses":1,"trades":1,"profit_factor":0.0},{"date":"14/02/2026","date_ts":1771027200000,"profit_abs":5.11921589,"wins":1,"draws":0,"losses":0,"trades":1,"profit_factor":0.0},{"date":"15/02/2026","date_ts":1771113600000,"profit_abs":0.0,"wins":0,"draws":0,"losses":0,"trades":0,"profit_factor":0.0},{"date":"16/02/2026","date_ts":1771200000000,"profit_abs":0.0,"wins":0,"draws":0,"losses":0,"trades":0,"profit_factor":0.0},{"date":"17/02/2026","date_ts":1771286400000,"profit_abs":0.0,"wins":0,"draws":0,"losses":0,"trades":0,"profit_factor":0.0},{"date":"18/02/2026","date_ts":1771372800000,"profit_abs":0.0,"wins":0,"draws":0,"losses":0,"trades":0,"profit_factor":0.0},{"date":"19/02/2026","date_ts":1771459200000,"profit_abs":0.0,"wins":0,"draws":0,"losses":0,"trades":0,"profit_factor":0.0},{"date":"20/02/2026","date_ts":1771545600000,"profit_abs":0.0,"wins":0,"draws":0,"losses":0,"trades":0,"profit_factor":0.0},{"date":"21/02/2026","date_ts":1771632000000,"profit_abs":-281.55409018,"wins":0,"draws":0,"losses":3,"trades":3,"profit_factor":0.0}],"week":[{"date":"01/12/2025","date_ts":1764547200000,"profit_abs":13.24351077,"wins":2,"draws":0,"losses":0,"trades":2,"profit_factor":0.0},{"date":"08/12/2025","date_ts":1765152000000,"profit_abs":20.10631617,"wins":3,"draws":0,"losses":0,"trades":3,"profit_factor":0.0},{"date":"15/12/2025","date_ts":1765756800000,"profit_abs":13.31175523,"wins":2,"draws":0,"losses":1,"trades":3,"profit_factor":36.88490586},{"date":"22/12/2025","date_ts":1766361600000,"profit_abs":6.90796643,"wins":1,"draws":0,"losses":0,"trades":1,"profit_factor":0.0},{"date":"29/12/2025","date_ts":1766966400000,"profit_abs":6.95355675,"wins":1,"draws":0,"losses":0,"trades":1,"profit_factor":0.0},{"date":"05/01/2026","date_ts":1767571200000,"profit_abs":56.93713368,"wins":7,"draws":0,"losses":0,"trades":7,"profit_factor":0.0},{"date":"12/01/2026","date_ts":1768176000000,"profit_abs":14.75126106,"wins":2,"draws":0,"losses":0,"trades":2,"profit_factor":0.0},{"date":"19/01/2026","date_ts":1768780800000,"profit_abs":22.41841306,"wins":3,"draws":0,"losses":0,"trades":3,"profit_factor":0.0},{"date":"26/01/2026","date_ts":1769385600000,"profit_abs":0.0,"wins":0,"draws":0,"losses":0,"trades":0,"profit_factor":0.0},{"date":"02/02/2026","date_ts":1769990400000,"profit_abs":0.0,"wins":0,"draws":0,"losses":0,"trades":0,"profit_factor":0.0},{"date":"09/02/2026","date_ts":1770595200000,"profit_abs":0.0,"wins":0,"draws":0,"losses":0,"trades":0,"profit_factor":0.0},{"date":"16/02/2026","date_ts":1771200000000,"profit_abs":-157.20327864,"wins":1,"draws":0,"losses":1,"trades":2,"profit_factor":0.03153732},{"date":"23/02/2026","date_ts":1771804800000,"profit_abs":-281.55409018,"wins":0,"draws":0,"losses":3,"trades":3,"profit_factor":0.0}],"month":[{"date":"30/11/2025","date_ts":1764460800000,"profit_abs":13.24351077,"wins":2,"draws":0,"losses":0,"trades":2,"profit_factor":0.0},{"date":"31/12/2025","date_ts":1767139200000,"profit_abs":47.27959458,"wins":7,"draws":0,"losses":1,"trades":8,"profit_factor":128.45304969},{"date":"31/01/2026","date_ts":1769817600000,"profit_abs":94.1068078,"wins":12,"draws":0,"losses":0,"trades":12,"profit_factor":0.0},{"date":"28/02/2026","date_ts":1772236800000,"profit_abs":-438.75736882,"wins":1,"draws":0,"losses":4,"trades":5,"profit_factor":0.01153297}],"year":[{"date":"31/12/2025","date_ts":1767139200000,"profit_abs":60.52310535,"wins":9,"draws":0,"losses":1,"trades":10,"profit_factor":164.15398687},{"date":"31/12/2026","date_ts":1798675200000,"profit_abs":-344.65056102,"wins":13,"draws":0,"losses":4,"trades":17,"profit_factor":0.22354417}],"weekday":[{"date":"Monday","date_ts":0,"profit_abs":21.58540962,"wins":3,"draws":0,"losses":0,"trades":3,"profit_factor":0.0},{"date":"Tuesday","date_ts":1,"profit_abs":28.62459058,"wins":4,"draws":0,"losses":1,"trades":5,"profit_factor":78.16418463},{"date":"Wednesday","date_ts":2,"profit_abs":48.04750032,"wins":7,"draws":0,"losses":0,"trades":7,"profit_factor":0.0},{"date":"Friday","date_ts":4,"profit_abs":-124.04208334,"wins":5,"draws":0,"losses":1,"trades":6,"profit_factor":0.23582937},{"date":"Saturday","date_ts":5,"profit_abs":-276.43487429,"wins":1,"draws":0,"losses":3,"trades":4,"profit_factor":0.018182},{"date":"Sunday","date_ts":6,"profit_abs":18.09200144,"wins":2,"draws":0,"losses":0,"trades":2,"profit_factor":0.0}]},"backtest_best_day":0.08986520216073865,"backtest_worst_day":-0.7872817410211685,"backtest_best_day_abs":31.63687733,"backtest_worst_day_abs":-281.55409018,"winning_days":15,"draw_days":71,"losing_days":2,"daily_profit":[["2025-11-26",6.59997691],["2025-11-27",0.0],["2025-11-28",6.64353386],["2025-11-29",0.0],["2025-11-30",0.0],["2025-12-01",0.0],["2025-12-02",0.0],["2025-12-03",20.10631617],["2025-12-04",0.0],["2025-12-05",0.0],["2025-12-06",0.0],["2025-12-07",0.0],["2025-12-08",0.0],["2025-12-09",6.44909723],["2025-12-10",6.862658],["2025-12-11",0.0],["2025-12-12",0.0],["2025-12-13",0.0],["2025-12-14",0.0],["2025-12-15",0.0],["2025-12-16",0.0],["2025-12-17",6.90796643],["2025-12-18",0.0],["2025-12-19",0.0],["2025-12-20",0.0],["2025-12-21",0.0],["2025-12-22",0.0],["2025-12-23",0.0],["2025-12-24",0.0],["2025-12-25",0.0],["2025-12-26",0.0],["2025-12-27",0.0],["2025-12-28",0.0],["2025-12-29",6.95355675],["2025-12-30",0.0],["2025-12-31",0.0],["2026-01-01",0.0],["2026-01-02",31.63687733],["2026-01-03",0.0],["2026-01-04",18.09200144],["2026-01-05",7.20825491],["2026-01-06",7.3276631],["2026-01-07",0.0],["2026-01-08",0.0],["2026-01-09",0.0],["2026-01-10",0.0],["2026-01-11",0.0],["2026-01-12",7.42359796],["2026-01-13",14.84783025],["2026-01-14",7.57058281],["2026-01-15",0.0],["2026-01-16",0.0],["2026-01-17",0.0],["2026-01-18",0.0],["2026-01-19",0.0],["2026-01-20",0.0],["2026-01-21",0.0],["2026-01-22",0.0],["2026-01-23",0.0],["2026-01-24",0.0],["2026-01-25",0.0],["2026-01-26",0.0],["2026-01-27",0.0],["2026-01-28",0.0],["2026-01-29",0.0],["2026-01-30",0.0],["2026-01-31",0.0],["2026-02-01",0.0],["2026-02-02",0.0],["2026-02-03",0.0],["2026-02-04",0.0],["2026-02-05",0.0],["2026-02-06",0.0],["2026-02-07",0.0],["2026-02-08",0.0],["2026-02-09",0.0],["2026-02-10",0.0],["2026-02-11",0.0],["2026-02-12",0.0],["2026-02-13",-162.32249453],["2026-02-14",5.11921589],["2026-02-15",0.0],["2026-02-16",0.0],["2026-02-17",0.0],["2026-02-18",0.0],["2026-02-19",0.0],["2026-02-20",0.0],["2026-02-21",-281.55409018]],"wins":22,"losses":5,"draws":0,"winrate":0.8148148148148148,"holding_avg":"7 days, 23:52:00","holding_avg_s":690720.0,"winner_holding_min":"0d 02:00","winner_holding_min_s":7200.0,"winner_holding_max":"16d 00:45","winner_holding_max_s":1385100.0,"winner_holding_avg":"2d 20:59","winner_holding_avg_s":248340.0,"loser_holding_min":"5d 19:15","loser_holding_min_s":501300.0,"loser_holding_max":"72d 05:00","loser_holding_max_s":6238800.0,"loser_holding_avg":"30d 12:33","loser_holding_avg_s":2637180.0,"max_consecutive_wins":15,"max_consecutive_losses":3,"max_drawdown_account":0.379998269422109,"max_relative_drawdown":0.379998269422109,"max_drawdown_abs":438.75736882,"drawdown_start":"2026-01-14 16:30:00","drawdown_start_ts":1768408200000.0,"drawdown_end":"2026-02-21 00:00:00","drawdown_end_ts":1771632000000.0,"drawdown_duration":"37 days 07:30:00","drawdown_duration_s":3223800.0,"max_drawdown_low":-284.12745567,"max_drawdown_high":154.62991315,"csum_min":715.87254433,"csum_max":1154.62991315}},"strategy_comparison":[{"key":"SupertrendStrategy_Optimized","trades":27,"profit_mean":-0.02804587158996949,"profit_mean_pct":-2.8,"profit_total_abs":-284.12745567,"profit_total":-0.28412745567000003,"profit_total_pct":-28.41,"duration_avg":"7 days, 23:52:00","wins":22,"draws":0,"losses":5,"winrate":0.8148148148148148,"cagr":-0.7539760489985822,"expectancy":-10.52323909888889,"expectancy_ratio":-0.11843891200351031,"sortino":-0.893517552309816,"sharpe":-1.3014264754102618,"calmar":-16.419455958574538,"sqn":-1.1192,"profit_factor":0.36042987518104525,"max_drawdown_account":0.379998269422109,"max_drawdown_abs":"438.757"}]}