{"strategy":{"SupertrendFuturesStrategyV3":{"trades":[{"pair":"SOL/USDT:USDT","stake_amount":329.5142,"max_stake_amount":329.5142,"amount":5.08,"open_date":"2026-01-22 03:00:00+00:00","close_date":"2026-01-23 14:30:00+00:00","open_rate":129.73,"close_rate":126.48674999999999,"fee_open":0.0005,"fee_close":0.0005,"trade_duration":2130,"profit_ratio":-0.05167990468627942,"profit_abs":-17.03777708,"exit_reason":"stop_loss","initial_stop_loss_abs":126.48674999999999,"initial_stop_loss_ratio":-0.05,"stop_loss_abs":126.48674999999999,"stop_loss_ratio":-0.05,"min_rate":125.46,"max_rate":130.89,"is_open":false,"enter_tag":"","leverage":2,"is_short":false,"open_timestamp":1769050800000,"close_timestamp":1769178600000,"orders":[{"amount":5.08,"safe_price":129.73,"ft_order_side":"buy","order_filled_timestamp":1769050800000,"ft_is_entry":true,"ft_order_tag":"","cost":659.3579141999999},{"amount":5.08,"safe_price":126.48674999999999,"ft_order_side":"sell","order_filled_timestamp":1769178600000,"ft_is_entry":false,"ft_order_tag":"stop_loss","cost":642.873966345}],"funding_fees":0.08872346271922651,"weekday":4},{"pair":"DOGE/USDT:USDT","stake_amount":324.23675,"max_stake_amount":324.23675,"amount":5270.0,"open_date":"2026-01-27 17:15:00+00:00","close_date":"2026-01-28 01:15:00+00:00","open_rate":0.12305,"close_rate":0.12502,"fee_open":0.0005,"fee_close":0.0005,"trade_duration":480,"profit_ratio":0.029863087126436403,"profit_abs":9.68755167,"exit_reason":"trailing_stop_loss","initial_stop_loss_abs":0.11998,"initial_stop_loss_ratio":-0.05,"stop_loss_abs":0.12502,"stop_loss_ratio":-0.025,"min_rate":0.1217,"max_rate":0.1266,"is_open":false,"enter_tag":"","leverage":2,"is_short":false,"open_timestamp":1769534100000,"close_timestamp":1769562900000,"orders":[{"amount":5270.0,"safe_price":0.12305,"ft_order_side":"buy","order_filled_timestamp":1769534100000,"ft_is_entry":true,"ft_order_tag":"","cost":648.79773675},{"amount":5270.0,"safe_price":0.12502,"ft_order_side":"sell","order_filled_timestamp":1769562900000,"ft_is_entry":false,"ft_order_tag":"trailing_stop_loss","cost":659.1848276999999}],"funding_fees":-0.04068388121723784,"weekday":2},{"pair":"ETH/USDT:USDT","stake_amount":323.976555,"max_stake_amount":323.976555,"amount":0.219,"open_date":"2026-01-27 17:15:00+00:00","close_date":"2026-01-28 03:15:00+00:00","open_rate":2958.69,"close_rate":2995.7491250000003,"fee_open":0.0005,"fee_close":0.0005,"trade_duration":600,"profit_ratio":0.023016619450939187,"profit_abs":7.4605735,"exit_reason":"trailing_stop_loss","initial_stop_loss_abs":2884.72275,"initial_stop_loss_ratio":-0.05,"stop_loss_abs":2995.7491250000003,"stop_loss_ratio":-0.025,"min_rate":2916.51,"max_rate":3033.67,"is_open":false,"enter_tag":"","leverage":2,"is_short":false,"open_timestamp":1769534100000,"close_timestamp":1769570100000,"orders":[{"amount":0.219,"safe_price":2958.69,"ft_order_side":"buy","order_filled_timestamp":1769534100000,"ft_is_entry":true,"ft_order_tag":"","cost":648.277086555},{"amount":0.219,"safe_price":2995.7491250000003,"ft_order_side":"sell","order_filled_timestamp":1769570100000,"ft_is_entry":false,"ft_order_tag":"trailing_stop_loss","cost":656.3970929041875}],"funding_fees":-0.0033637941294598034,"weekday":2},{"pair":"SOL/USDT:USDT","stake_amount":323.856,"max_stake_amount":323.856,"amount":5.19,"open_date":"2026-01-27 17:15:00+00:00","close_date":"2026-01-28 09:15:00+00:00","open_rate":124.8,"close_rate":126.18275000000001,"fee_open":0.0005,"fee_close":0.0005,"trade_duration":960,"profit_ratio":0.019931629647357046,"profit_abs":6.45820534,"exit_reason":"trailing_stop_loss","initial_stop_loss_abs":121.67999999999999,"initial_stop_loss_ratio":-0.05,"stop_loss_abs":126.18275000000001,"stop_loss_ratio":-0.025,"min_rate":123.45,"max_rate":127.78,"is_open":false,"enter_tag":"","leverage":2,"is_short":false,"open_timestamp":1769534100000,"close_timestamp":1769591700000,"orders":[{"amount":5.19,"safe_price":124.8,"ft_order_side":"buy","order_filled_timestamp":1769534100000,"ft_is_entry":true,"ft_order_tag":"","cost":648.035856},{"amount":5.19,"safe_price":126.18275000000001,"ft_order_side":"sell","order_filled_timestamp":1769591700000,"ft_is_entry":false,"ft_order_tag":"trailing_stop_loss","cost":655.2159167362502}],"funding_fees":-0.06696692485548854,"weekday":2},{"pair":"DOGE/USDT:USDT","stake_amount":331.9575,"max_stake_amount":331.9575,"amount":5250.0,"open_date":"2026-01-28 10:30:00+00:00","close_date":"2026-01-29 01:15:00+00:00","open_rate":0.12646,"close_rate":0.1233,"fee_open":0.0005,"fee_close":0.0005,"trade_duration":885,"profit_ratio":-0.05231970445269221,"profit_abs":-17.37660225,"exit_reason":"stop_loss","initial_stop_loss_abs":0.1233,"initial_stop_loss_ratio":-0.05,"stop_loss_abs":0.1233,"stop_loss_ratio":-0.05,"min_rate":0.12325,"max_rate":0.12722,"is_open":false,"enter_tag":"","leverage":2,"is_short":false,"open_timestamp":1769596200000,"close_timestamp":1769649300000,"orders":[{"amount":5250.0,"safe_price":0.12646,"ft_order_side":"buy","order_filled_timestamp":1769596200000,"ft_is_entry":true,"ft_order_tag":"","cost":664.2469574999999},{"amount":5250.0,"safe_price":0.1233,"ft_order_side":"sell","order_filled_timestamp":1769649300000,"ft_is_entry":false,"ft_order_tag":"stop_loss","cost":647.6486625}],"funding_fees":-0.13098225,"weekday":3},{"pair":"SOL/USDT:USDT","stake_amount":331.656,"max_stake_amount":331.656,"amount":5.2,"open_date":"2026-01-28 12:15:00+00:00","close_date":"2026-01-29 01:15:00+00:00","open_rate":127.56,"close_rate":124.371,"fee_open":0.0005,"fee_close":0.0005,"trade_duration":780,"profit_ratio":-0.052007635645958776,"profit_abs":-17.25726873,"exit_reason":"stop_loss","initial_stop_loss_abs":124.371,"initial_stop_loss_ratio":-0.05,"stop_loss_abs":124.371,"stop_loss_ratio":-0.05,"min_rate":124.03,"max_rate":127.78,"is_open":false,"enter_tag":"","leverage":2,"is_short":false,"open_timestamp":1769602500000,"close_timestamp":1769649300000,"orders":[{"amount":5.2,"safe_price":127.56,"ft_order_side":"buy","order_filled_timestamp":1769602500000,"ft_is_entry":true,"ft_order_tag":"","cost":663.643656},{"amount":5.2,"safe_price":124.371,"ft_order_side":"sell","order_filled_timestamp":1769649300000,"ft_is_entry":false,"ft_order_tag":"stop_loss","cost":647.0525646}],"funding_fees":-0.019448126370982734,"weekday":3},{"pair":"ETH/USDT:USDT","stake_amount":331.16489,"max_stake_amount":331.16489,"amount":0.218,"open_date":"2026-01-28 12:00:00+00:00","close_date":"2026-01-29 02:30:00+00:00","open_rate":3038.21,"close_rate":2962.25475,"fee_open":0.0005,"fee_close":0.0005,"trade_duration":870,"profit_ratio":-0.05215395008036416,"profit_abs":-17.28019292,"exit_reason":"stop_loss","initial_stop_loss_abs":2962.25475,"initial_stop_loss_ratio":-0.05,"stop_loss_abs":2962.25475,"stop_loss_ratio":-0.05,"min_rate":2957.65,"max_rate":3045.47,"is_open":false,"enter_tag":"","leverage":2,"is_short":false,"open_timestamp":1769601600000,"close_timestamp":1769653800000,"orders":[{"amount":0.218,"safe_price":3038.21,"ft_order_side":"buy","order_filled_timestamp":1769601600000,"ft_is_entry":true,"ft_order_tag":"","cost":662.66094489},{"amount":0.218,"safe_price":2962.25475,"ft_order_side":"sell","order_filled_timestamp":1769653800000,"ft_is_entry":false,"ft_order_tag":"stop_loss","cost":646.09442126775}],"funding_fees":-0.06789776473287804,"weekday":3},{"pair":"DOGE/USDT:USDT","stake_amount":314.963,"max_stake_amount":314.963,"amount":6850.0,"open_date":"2026-02-11 14:15:00+00:00","close_date":"2026-02-11 14:30:00+00:00","open_rate":0.09196,"close_rate":0.08967,"fee_open":0.0005,"fee_close":0.0005,"trade_duration":15,"profit_ratio":-0.05175348384963673,"profit_abs":-16.30858275,"exit_reason":"stop_loss","initial_stop_loss_abs":0.08967,"initial_stop_loss_ratio":-0.05,"stop_loss_abs":0.08967,"stop_loss_ratio":-0.05,"min_rate":0.08955,"max_rate":0.09206,"is_open":false,"enter_tag":"","leverage":2,"is_short":false,"open_timestamp":1770819300000,"close_timestamp":1770820200000,"orders":[{"amount":6850.0,"safe_price":0.09196,"ft_order_side":"buy","order_filled_timestamp":1770819300000,"ft_is_entry":true,"ft_order_tag":"","cost":630.240963},{"amount":6850.0,"safe_price":0.08967,"ft_order_side":"sell","order_filled_timestamp":1770820200000,"ft_is_entry":false,"ft_order_tag":"stop_loss","cost":614.54661975}],"funding_fees":0.0,"weekday":2},{"pair":"ETH/USDT:USDT","stake_amount":308.93807,"max_stake_amount":308.93807,"amount":0.311,"open_date":"2026-02-11 14:30:00+00:00","close_date":"2026-02-11 14:45:00+00:00","open_rate":1986.74,"close_rate":1937.0715,"fee_open":0.0005,"fee_close":0.0005,"trade_duration":15,"profit_ratio":-0.051949025492918105,"profit_abs":-16.05705619,"exit_reason":"stop_loss","initial_stop_loss_abs":1937.0715,"initial_stop_loss_ratio":-0.05,"stop_loss_abs":1937.0715,"stop_loss_ratio":-0.05,"min_rate":1936.24,"max_rate":1995.94,"is_open":false,"enter_tag":"","leverage":2,"is_short":false,"open_timestamp":1770820200000,"close_timestamp":1770821100000,"orders":[{"amount":0.311,"safe_price":1986.74,"ft_order_side":"buy","order_filled_timestamp":1770820200000,"ft_is_entry":true,"ft_order_tag":"","cost":618.1850780699999},{"amount":0.311,"safe_price":1937.0715,"ft_order_side":"sell","order_filled_timestamp":1770821100000,"ft_is_entry":false,"ft_order_tag":"stop_loss","cost":602.73045111825}],"funding_fees":0.0,"weekday":2},{"pair":"BTC/USDT:USDT","stake_amount":309.2817,"max_stake_amount":309.2817,"amount":0.0091,"open_date":"2026-02-11 14:30:00+00:00","close_date":"2026-02-11 15:00:00+00:00","open_rate":67974.0,"close_rate":66274.65,"fee_open":0.0005,"fee_close":0.0005,"trade_duration":30,"profit_ratio":-0.051949025495335574,"profit_abs":-16.07491636,"exit_reason":"stop_loss","initial_stop_loss_abs":66274.65,"initial_stop_loss_ratio":-0.05,"stop_loss_abs":66274.65,"stop_loss_ratio":-0.05,"min_rate":65721.5,"max_rate":68214.0,"is_open":false,"enter_tag":"","leverage":2,"is_short":false,"open_timestamp":1770820200000,"close_timestamp":1770822000000,"orders":[{"amount":0.0091,"safe_price":67974.0,"ft_order_side":"buy","order_filled_timestamp":1770820200000,"ft_is_entry":true,"ft_order_tag":"","cost":618.8726816999999},{"amount":0.0091,"safe_price":66274.65,"ft_order_side":"sell","order_filled_timestamp":1770822000000,"ft_is_entry":false,"ft_order_tag":"stop_loss","cost":603.4008646574999}],"funding_fees":0.0,"weekday":2},{"pair":"ETH/USDT:USDT","stake_amount":298.141515,"max_stake_amount":298.141515,"amount":0.307,"open_date":"2026-02-11 15:00:00+00:00","close_date":"2026-02-11 22:00:00+00:00","open_rate":1942.29,"close_rate":1962.4192500000001,"fee_open":0.0005,"fee_close":0.0005,"trade_duration":420,"profit_ratio":0.018859508943984676,"profit_abs":5.62561397,"exit_reason":"trailing_stop_loss","initial_stop_loss_abs":1893.73275,"initial_stop_loss_ratio":-0.05,"stop_loss_abs":1962.4192500000001,"stop_loss_ratio":-0.025,"min_rate":1901.33,"max_rate":1987.26,"is_open":false,"enter_tag":"","leverage":2,"is_short":false,"open_timestamp":1770822000000,"close_timestamp":1770847200000,"orders":[{"amount":0.307,"safe_price":1942.29,"ft_order_side":"buy","order_filled_timestamp":1770822000000,"ft_is_entry":true,"ft_order_tag":"","cost":596.5811715149999},{"amount":0.307,"safe_price":1962.4192500000001,"ft_order_side":"sell","order_filled_timestamp":1770847200000,"ft_is_entry":false,"ft_order_tag":"trailing_stop_loss","cost":602.763941104875}],"funding_fees":0.04530709457234619,"weekday":2},{"pair":"DOGE/USDT:USDT","stake_amount":304.0407,"max_stake_amount":304.0407,"amount":6770.0,"open_date":"2026-02-11 14:45:00+00:00","close_date":"2026-02-11 22:30:00+00:00","open_rate":0.08982,"close_rate":0.09108,"fee_open":0.0005,"fee_close":0.0005,"trade_duration":465,"profit_ratio":0.026232986347662936,"profit_abs":7.97988348,"exit_reason":"trailing_stop_loss","initial_stop_loss_abs":0.08758,"initial_stop_loss_ratio":-0.05,"stop_loss_abs":0.09108,"stop_loss_ratio":-0.025,"min_rate":0.08781,"max_rate":0.09223,"is_open":false,"enter_tag":"","leverage":2,"is_short":false,"open_timestamp":1770821100000,"close_timestamp":1770849000000,"orders":[{"amount":6770.0,"safe_price":0.08982,"ft_order_side":"buy","order_filled_timestamp":1770821100000,"ft_is_entry":true,"ft_order_tag":"","cost":608.3854407},{"amount":6770.0,"safe_price":0.09108,"ft_order_side":"sell","order_filled_timestamp":1770849000000,"ft_is_entry":false,"ft_order_tag":"trailing_stop_loss","cost":616.9199057999999}],"funding_fees":0.062029980458026504,"weekday":2},{"pair":"ETH/USDT:USDT","stake_amount":302.574285,"max_stake_amount":302.574285,"amount":0.303,"open_date":"2026-02-12 11:30:00+00:00","close_date":"2026-02-12 15:45:00+00:00","open_rate":1997.19,"close_rate":1947.26025,"fee_open":0.0005,"fee_close":0.0005,"trade_duration":255,"profit_ratio":-0.05194902547775932,"profit_abs":-15.72629846,"exit_reason":"stop_loss","initial_stop_loss_abs":1947.26025,"initial_stop_loss_ratio":-0.05,"stop_loss_abs":1947.26025,"stop_loss_ratio":-0.05,"min_rate":1944.03,"max_rate":2000.0,"is_open":false,"enter_tag":"","leverage":2,"is_short":false,"open_timestamp":1770895800000,"close_timestamp":1770911100000,"orders":[{"amount":0.303,"safe_price":1997.19,"ft_order_side":"buy","order_filled_timestamp":1770895800000,"ft_is_entry":true,"ft_order_tag":"","cost":605.4511442849999},{"amount":0.303,"safe_price":1947.26025,"ft_order_side":"sell","order_filled_timestamp":1770911100000,"ft_is_entry":false,"ft_order_tag":"stop_loss","cost":590.314865677875}],"funding_fees":0.0,"weekday":3},{"pair":"BTC/USDT:USDT","stake_amount":302.86611,"max_stake_amount":302.86611,"amount":0.0089,"open_date":"2026-02-12 11:45:00+00:00","close_date":"2026-02-12 16:15:00+00:00","open_rate":68059.8,"close_rate":66358.30500000001,"fee_open":0.0005,"fee_close":0.0005,"trade_duration":270,"profit_ratio":-0.05203282127179744,"profit_abs":-15.76685766,"exit_reason":"stop_loss","initial_stop_loss_abs":66358.30500000001,"initial_stop_loss_ratio":-0.05,"stop_loss_abs":66358.30500000001,"stop_loss_ratio":-0.05,"min_rate":65953.7,"max_rate":68390.0,"is_open":false,"enter_tag":"","leverage":2,"is_short":false,"open_timestamp":1770896700000,"close_timestamp":1770912900000,"orders":[{"amount":0.0089,"safe_price":68059.8,"ft_order_side":"buy","order_filled_timestamp":1770896700000,"ft_is_entry":true,"ft_order_tag":"","cost":606.03508611},{"amount":0.0089,"safe_price":66358.30500000001,"ft_order_side":"sell","order_filled_timestamp":1770912900000,"ft_is_entry":false,"ft_order_tag":"stop_loss","cost":590.88420895725}],"funding_fees":-0.025391592261046612,"weekday":3},{"pair":"DOGE/USDT:USDT","stake_amount":303.1148,"max_stake_amount":303.1148,"amount":6520.0,"open_date":"2026-02-12 08:15:00+00:00","close_date":"2026-02-12 20:45:00+00:00","open_rate":0.09298,"close_rate":0.09066,"fee_open":0.0005,"fee_close":0.0005,"trade_duration":750,"profit_ratio":-0.05186784101229159,"profit_abs":-15.72977121,"exit_reason":"stop_loss","initial_stop_loss_abs":0.09066,"initial_stop_loss_ratio":-0.05,"stop_loss_abs":0.09066,"stop_loss_ratio":-0.05,"min_rate":0.09063,"max_rate":0.09449,"is_open":false,"enter_tag":"","leverage":2,"is_short":false,"open_timestamp":1770884100000,"close_timestamp":1770929100000,"orders":[{"amount":6520.0,"safe_price":0.09298,"ft_order_side":"buy","order_filled_timestamp":1770884100000,"ft_is_entry":true,"ft_order_tag":"","cost":606.5327148},{"amount":6520.0,"safe_price":0.09066,"ft_order_side":"sell","order_filled_timestamp":1770929100000,"ft_is_entry":false,"ft_order_tag":"stop_loss","cost":591.3987516}],"funding_fees":-0.004704808746173075,"weekday":3},{"pair":"ETH/USDT:USDT","stake_amount":287.416,"max_stake_amount":287.416,"amount":0.296,"open_date":"2026-02-12 23:00:00+00:00","close_date":"2026-02-13 14:30:00+00:00","open_rate":1942.0,"close_rate":1966.0433750000002,"fee_open":0.0005,"fee_close":0.0005,"trade_duration":930,"profit_ratio":0.022514279677874758,"profit_abs":6.47419969,"exit_reason":"trailing_stop_loss","initial_stop_loss_abs":1893.45,"initial_stop_loss_ratio":-0.05,"stop_loss_abs":1966.0433750000002,"stop_loss_ratio":-0.025,"min_rate":1923.64,"max_rate":1990.93,"is_open":false,"enter_tag":"","leverage":2,"is_short":false,"open_timestamp":1770937200000,"close_timestamp":1770993000000,"orders":[{"amount":0.296,"safe_price":1942.0,"ft_order_side":"buy","order_filled_timestamp":1770937200000,"ft_is_entry":true,"ft_order_tag":"","cost":575.119416},{"amount":0.296,"safe_price":1966.0433750000002,"ft_order_side":"sell","order_filled_timestamp":1770993000000,"ft_is_entry":false,"ft_order_tag":"trailing_stop_loss","cost":582.2398134195}],"funding_fees":-0.06424889102720317,"weekday":4},{"pair":"BTC/USDT:USDT","stake_amount":285.00873,"max_stake_amount":285.00873,"amount":0.0086,"open_date":"2026-02-12 23:15:00+00:00","close_date":"2026-02-13 15:00:00+00:00","open_rate":66281.1,"close_rate":67717.0225,"fee_open":0.0005,"fee_close":0.0005,"trade_duration":945,"profit_ratio":0.040956597947076887,"profit_abs":11.67882446,"exit_reason":"trailing_stop_loss","initial_stop_loss_abs":64624.0725,"initial_stop_loss_ratio":-0.05,"stop_loss_abs":67717.0225,"stop_loss_ratio":-0.025,"min_rate":65836.0,"max_rate":68574.2,"is_open":false,"enter_tag":"","leverage":2,"is_short":false,"open_timestamp":1770938100000,"close_timestamp":1770994800000,"orders":[{"amount":0.0086,"safe_price":66281.1,"ft_order_side":"buy","order_filled_timestamp":1770938100000,"ft_is_entry":true,"ft_order_tag":"","cost":570.30246873},{"amount":0.0086,"safe_price":67717.0225,"ft_order_side":"sell","order_filled_timestamp":1770994800000,"ft_is_entry":false,"ft_order_tag":"trailing_stop_loss","cost":582.6575766967501}],"funding_fees":-0.09391711204104256,"weekday":4},{"pair":"DOGE/USDT:USDT","stake_amount":287.711,"max_stake_amount":287.711,"amount":6200.0,"open_date":"2026-02-12 23:15:00+00:00","close_date":"2026-02-13 15:00:00+00:00","open_rate":0.09281,"close_rate":0.0943,"fee_open":0.0005,"fee_close":0.0005,"trade_duration":945,"profit_ratio":0.03002790411503064,"profit_abs":8.643678,"exit_reason":"trailing_stop_loss","initial_stop_loss_abs":0.09049,"initial_stop_loss_ratio":-0.05,"stop_loss_abs":0.0943,"stop_loss_ratio":-0.025,"min_rate":0.09173,"max_rate":0.09549,"is_open":false,"enter_tag":"","leverage":2,"is_short":false,"open_timestamp":1770938100000,"close_timestamp":1770994800000,"orders":[{"amount":6200.0,"safe_price":0.09281,"ft_order_side":"buy","order_filled_timestamp":1770938100000,"ft_is_entry":true,"ft_order_tag":"","cost":575.709711},{"amount":6200.0,"safe_price":0.0943,"ft_order_side":"sell","order_filled_timestamp":1770994800000,"ft_is_entry":false,"ft_order_tag":"trailing_stop_loss","cost":584.95233}],"funding_fees":-0.014281001439168318,"weekday":4},{"pair":"DOGE/USDT:USDT","stake_amount":296.3519,"max_stake_amount":296.3519,"amount":6220.0,"open_date":"2026-02-13 16:00:00+00:00","close_date":"2026-02-13 23:15:00+00:00","open_rate":0.09529,"close_rate":0.09646,"fee_open":0.0005,"fee_close":0.0005,"trade_duration":435,"profit_ratio":0.022480342673247805,"profit_abs":6.66542331,"exit_reason":"trailing_stop_loss","initial_stop_loss_abs":0.09291,"initial_stop_loss_ratio":-0.05,"stop_loss_abs":0.09646,"stop_loss_ratio":-0.025,"min_rate":0.09494,"max_rate":0.09768,"is_open":false,"enter_tag":"","leverage":2,"is_short":false,"open_timestamp":1770998400000,"close_timestamp":1771024500000,"orders":[{"amount":6220.0,"safe_price":0.09529,"ft_order_side":"buy","order_filled_timestamp":1770998400000,"ft_is_entry":true,"ft_order_tag":"","cost":593.0001519},{"amount":6220.0,"safe_price":0.09646,"ft_order_side":"sell","order_filled_timestamp":1771024500000,"ft_is_entry":false,"ft_order_tag":"trailing_stop_loss","cost":600.2811906000001}],"funding_fees":-0.01563419477451318,"weekday":4},{"pair":"ETH/USDT:USDT","stake_amount":296.4989,"max_stake_amount":296.4989,"amount":0.29,"open_date":"2026-02-13 22:15:00+00:00","close_date":"2026-02-14 08:00:00+00:00","open_rate":2044.82,"close_rate":2065.682125,"fee_open":0.0005,"fee_close":0.0005,"trade_duration":585,"profit_ratio":0.018216125487869574,"profit_abs":5.4037617,"exit_reason":"trailing_stop_loss","initial_stop_loss_abs":1993.6995,"initial_stop_loss_ratio":-0.05,"stop_loss_abs":2065.682125,"stop_loss_ratio":-0.025,"min_rate":2041.05,"max_rate":2091.83,"is_open":false,"enter_tag":"","leverage":2,"is_short":false,"open_timestamp":1771020900000,"close_timestamp":1771056000000,"orders":[{"amount":0.29,"safe_price":2044.82,"ft_order_side":"buy","order_filled_timestamp":1771020900000,"ft_is_entry":true,"ft_order_tag":"","cost":593.2942989},{"amount":0.29,"safe_price":2065.682125,"ft_order_side":"sell","order_filled_timestamp":1771056000000,"ft_is_entry":false,"ft_order_tag":"trailing_stop_loss","cost":599.3473401581248}],"funding_fees":-0.05023174381671344,"weekday":5},{"pair":"DOGE/USDT:USDT","stake_amount":298.7721,"max_stake_amount":298.7721,"amount":6180.0,"open_date":"2026-02-13 23:30:00+00:00","close_date":"2026-02-14 11:15:00+00:00","open_rate":0.09669,"close_rate":0.099,"fee_open":0.0005,"fee_close":0.0005,"trade_duration":705,"profit_ratio":0.04541379145870201,"profit_abs":13.57515803,"exit_reason":"trailing_stop_loss","initial_stop_loss_abs":0.09428,"initial_stop_loss_ratio":-0.05,"stop_loss_abs":0.099,"stop_loss_ratio":-0.025,"min_rate":0.09624,"max_rate":0.10025,"is_open":false,"enter_tag":"","leverage":2,"is_short":false,"open_timestamp":1771025400000,"close_timestamp":1771067700000,"orders":[{"amount":6180.0,"safe_price":0.09669,"ft_order_side":"buy","order_filled_timestamp":1771025400000,"ft_is_entry":true,"ft_order_tag":"","cost":597.8429720999999},{"amount":6180.0,"safe_price":0.099,"ft_order_side":"sell","order_filled_timestamp":1771067700000,"ft_is_entry":false,"ft_order_tag":"trailing_stop_loss","cost":612.12591}],"funding_fees":-0.09595987331207224,"weekday":5},{"pair":"DOGE/USDT:USDT","stake_amount":304.9902,"max_stake_amount":304.9902,"amount":6120.0,"open_date":"2026-02-14 13:45:00+00:00","close_date":"2026-02-14 14:45:00+00:00","open_rate":0.09967,"close_rate":0.10215,"fee_open":0.0005,"fee_close":0.0005,"trade_duration":60,"profit_ratio":0.047715482080370464,"profit_abs":14.5600308,"exit_reason":"trailing_stop_loss","initial_stop_loss_abs":0.09718,"initial_stop_loss_ratio":-0.05,"stop_loss_abs":0.10215,"stop_loss_ratio":-0.025,"min_rate":0.09963,"max_rate":0.10344,"is_open":false,"enter_tag":"","leverage":2,"is_short":false,"open_timestamp":1771076700000,"close_timestamp":1771080300000,"orders":[{"amount":6120.0,"safe_price":0.09967,"ft_order_side":"buy","order_filled_timestamp":1771076700000,"ft_is_entry":true,"ft_order_tag":"","cost":610.2853901999999},{"amount":6120.0,"safe_price":0.10215,"ft_order_side":"sell","order_filled_timestamp":1771080300000,"ft_is_entry":false,"ft_order_tag":"trailing_stop_loss","cost":625.4705789999999}],"funding_fees":0.0,"weekday":5},{"pair":"DOGE/USDT:USDT","stake_amount":309.848,"max_stake_amount":309.848,"amount":5600.0,"open_date":"2026-02-14 23:30:00+00:00","close_date":"2026-02-15 01:00:00+00:00","open_rate":0.11066,"close_rate":0.11184,"fee_open":0.0005,"fee_close":0.0005,"trade_duration":90,"profit_ratio":0.019105845595185418,"profit_abs":5.922868,"exit_reason":"trailing_stop_loss","initial_stop_loss_abs":0.1079,"initial_stop_loss_ratio":-0.05,"stop_loss_abs":0.11184,"stop_loss_ratio":-0.025,"min_rate":0.11042,"max_rate":0.11325,"is_open":false,"enter_tag":"","leverage":2,"is_short":false,"open_timestamp":1771111800000,"close_timestamp":1771117200000,"orders":[{"amount":5600.0,"safe_price":0.11066,"ft_order_side":"buy","order_filled_timestamp":1771111800000,"ft_is_entry":true,"ft_order_tag":"","cost":620.0058479999999},{"amount":5600.0,"safe_price":0.11184,"ft_order_side":"sell","order_filled_timestamp":1771117200000,"ft_is_entry":false,"ft_order_tag":"trailing_stop_loss","cost":626.6171519999999}],"funding_fees":-0.062132,"weekday":6},{"pair":"DOGE/USDT:USDT","stake_amount":311.5301,"max_stake_amount":311.5301,"amount":5570.0,"open_date":"2026-02-15 01:30:00+00:00","close_date":"2026-02-15 02:00:00+00:00","open_rate":0.11186,"close_rate":0.11314,"fee_open":0.0005,"fee_close":0.0005,"trade_duration":30,"profit_ratio":0.02086387523206035,"profit_abs":6.502975,"exit_reason":"trailing_stop_loss","initial_stop_loss_abs":0.10907,"initial_stop_loss_ratio":-0.05,"stop_loss_abs":0.11314,"stop_loss_ratio":-0.025,"min_rate":0.11166,"max_rate":0.11457,"is_open":false,"enter_tag":"","leverage":2,"is_short":false,"open_timestamp":1771119000000,"close_timestamp":1771120800000,"orders":[{"amount":5570.0,"safe_price":0.11186,"ft_order_side":"buy","order_filled_timestamp":1771119000000,"ft_is_entry":true,"ft_order_tag":"","cost":623.3717300999999},{"amount":5570.0,"safe_price":0.11314,"ft_order_side":"sell","order_filled_timestamp":1771120800000,"ft_is_entry":false,"ft_order_tag":"trailing_stop_loss","cost":630.5048949}],"funding_fees":0.0,"weekday":6},{"pair":"DOGE/USDT:USDT","stake_amount":314.0288,"max_stake_amount":314.0288,"amount":5560.0,"open_date":"2026-02-15 02:15:00+00:00","close_date":"2026-02-15 03:00:00+00:00","open_rate":0.11296,"close_rate":0.11402,"fee_open":0.0005,"fee_close":0.0005,"trade_duration":45,"profit_ratio":0.01674994655646681,"profit_abs":5.2625956,"exit_reason":"trailing_stop_loss","initial_stop_loss_abs":0.11014,"initial_stop_loss_ratio":-0.05,"stop_loss_abs":0.11402,"stop_loss_ratio":-0.025,"min_rate":0.11186,"max_rate":0.11546,"is_open":false,"enter_tag":"","leverage":2,"is_short":false,"open_timestamp":1771121700000,"close_timestamp":1771124400000,"orders":[{"amount":5560.0,"safe_price":0.11296,"ft_order_side":"buy","order_filled_timestamp":1771121700000,"ft_is_entry":true,"ft_order_tag":"","cost":628.3716287999999},{"amount":5560.0,"safe_price":0.11402,"ft_order_side":"sell","order_filled_timestamp":1771124400000,"ft_is_entry":false,"ft_order_tag":"trailing_stop_loss","cost":634.2681756}],"funding_fees":0.0,"weekday":6},{"pair":"DOGE/USDT:USDT","stake_amount":315.6692,"max_stake_amount":315.6692,"amount":5540.0,"open_date":"2026-02-15 03:15:00+00:00","close_date":"2026-02-15 04:00:00+00:00","open_rate":0.11396,"close_rate":0.11608,"fee_open":0.0005,"fee_close":0.0005,"trade_duration":45,"profit_ratio":0.03516984926280278,"profit_abs":11.1075892,"exit_reason":"trailing_stop_loss","initial_stop_loss_abs":0.11112,"initial_stop_loss_ratio":-0.05,"stop_loss_abs":0.11608,"stop_loss_ratio":-0.025,"min_rate":0.11262,"max_rate":0.11754,"is_open":false,"enter_tag":"","leverage":2,"is_short":false,"open_timestamp":1771125300000,"close_timestamp":1771128000000,"orders":[{"amount":5540.0,"safe_price":0.11396,"ft_order_side":"buy","order_filled_timestamp":1771125300000,"ft_is_entry":true,"ft_order_tag":"","cost":631.6540692},{"amount":5540.0,"safe_price":0.11608,"ft_order_side":"sell","order_filled_timestamp":1771128000000,"ft_is_entry":false,"ft_order_tag":"trailing_stop_loss","cost":643.4047416}],"funding_fees":0.0,"weekday":6},{"pair":"DOGE/USDT:USDT","stake_amount":319.2876,"max_stake_amount":319.2876,"amount":5580.0,"open_date":"2026-02-15 04:30:00+00:00","close_date":"2026-02-15 06:00:00+00:00","open_rate":0.11444,"close_rate":0.11535,"fee_open":0.0005,"fee_close":0.0005,"trade_duration":90,"profit_ratio":0.013888634151990762,"profit_abs":4.4366859,"exit_reason":"trailing_stop_loss","initial_stop_loss_abs":0.11158,"initial_stop_loss_ratio":-0.05,"stop_loss_abs":0.11535,"stop_loss_ratio":-0.025,"min_rate":0.11429,"max_rate":0.1168,"is_open":false,"enter_tag":"","leverage":2,"is_short":false,"open_timestamp":1771129800000,"close_timestamp":1771135200000,"orders":[{"amount":5580.0,"safe_price":0.11444,"ft_order_side":"buy","order_filled_timestamp":1771129800000,"ft_is_entry":true,"ft_order_tag":"","cost":638.8944875999999},{"amount":5580.0,"safe_price":0.11535,"ft_order_side":"sell","order_filled_timestamp":1771135200000,"ft_is_entry":false,"ft_order_tag":"trailing_stop_loss","cost":643.9748265}],"funding_fees":0.0,"weekday":6},{"pair":"DOGE/USDT:USDT","stake_amount":320.6424,"max_stake_amount":320.6424,"amount":5590.0,"open_date":"2026-02-15 06:15:00+00:00","close_date":"2026-02-15 12:00:00+00:00","open_rate":0.11472,"close_rate":0.11186,"fee_open":0.0005,"fee_close":0.0005,"trade_duration":345,"profit_ratio":-0.051877810037728574,"profit_abs":-16.64254263,"exit_reason":"stop_loss","initial_stop_loss_abs":0.11186,"initial_stop_loss_ratio":-0.05,"stop_loss_abs":0.11186,"stop_loss_ratio":-0.05,"min_rate":0.11158,"max_rate":0.11663,"is_open":false,"enter_tag":"","leverage":2,"is_short":false,"open_timestamp":1771136100000,"close_timestamp":1771156800000,"orders":[{"amount":5590.0,"safe_price":0.11472,"ft_order_side":"buy","order_filled_timestamp":1771136100000,"ft_is_entry":true,"ft_order_tag":"","cost":641.6054424},{"amount":5590.0,"safe_price":0.11186,"ft_order_side":"sell","order_filled_timestamp":1771156800000,"ft_is_entry":false,"ft_order_tag":"stop_loss","cost":625.6100487}],"funding_fees":-0.021851532288040418,"weekday":6},{"pair":"ETH/USDT:USDT","stake_amount":304.375725,"max_stake_amount":304.375725,"amount":0.293,"open_date":"2026-02-14 12:45:00+00:00","close_date":"2026-02-15 12:45:00+00:00","open_rate":2077.65,"close_rate":2025.70875,"fee_open":0.0005,"fee_close":0.0005,"trade_duration":1440,"profit_ratio":-0.05244833010500304,"profit_abs":-15.9719805,"exit_reason":"stop_loss","initial_stop_loss_abs":2025.70875,"initial_stop_loss_ratio":-0.05,"stop_loss_abs":2025.70875,"stop_loss_ratio":-0.05,"min_rate":2009.13,"max_rate":2102.8,"is_open":false,"enter_tag":"","leverage":2,"is_short":false,"open_timestamp":1771073100000,"close_timestamp":1771159500000,"orders":[{"amount":0.293,"safe_price":2077.65,"ft_order_side":"buy","order_filled_timestamp":1771073100000,"ft_is_entry":true,"ft_order_tag":"","cost":609.055825725},{"amount":0.293,"safe_price":2025.70875,"ft_order_side":"sell","order_filled_timestamp":1771159500000,"ft_is_entry":false,"ft_order_tag":"stop_loss","cost":593.829430081875}],"funding_fees":-0.1520521916558123,"weekday":6},{"pair":"BTC/USDT:USDT","stake_amount":304.7523,"max_stake_amount":304.7523,"amount":0.0087,"open_date":"2026-02-14 12:45:00+00:00","close_date":"2026-02-15 13:00:00+00:00","open_rate":70058.0,"close_rate":69282.0,"fee_open":0.0005,"fee_close":0.0005,"trade_duration":1455,"profit_ratio":-0.024397986262238568,"profit_abs":-7.4390601,"exit_reason":"exit_signal","initial_stop_loss_abs":68306.55,"initial_stop_loss_ratio":-0.05,"stop_loss_abs":68306.55,"stop_loss_ratio":-0.05,"min_rate":69194.0,"max_rate":70929.0,"is_open":false,"enter_tag":"","leverage":2,"is_short":false,"open_timestamp":1771073100000,"close_timestamp":1771160400000,"orders":[{"amount":0.0087,"safe_price":70058.0,"ft_order_side":"buy","order_filled_timestamp":1771073100000,"ft_is_entry":true,"ft_order_tag":"","cost":609.8093523},{"amount":0.0087,"safe_price":69282.0,"ft_order_side":"sell","order_filled_timestamp":1771160400000,"ft_is_entry":false,"ft_order_tag":"exit_signal","cost":603.0547766999999}],"funding_fees":-0.08173110311329325,"weekday":6},{"pair":"DOGE/USDT:USDT","stake_amount":307.52575,"max_stake_amount":307.52575,"amount":5950.0,"open_date":"2026-02-16 05:00:00+00:00","close_date":"2026-02-16 11:15:00+00:00","open_rate":0.10337,"close_rate":0.10079,"fee_open":0.0005,"fee_close":0.0005,"trade_duration":375,"profit_ratio":-0.05196811208062467,"profit_abs":-15.98952341,"exit_reason":"stop_loss","initial_stop_loss_abs":0.10079,"initial_stop_loss_ratio":-0.05,"stop_loss_abs":0.10079,"stop_loss_ratio":-0.05,"min_rate":0.10057,"max_rate":0.10355,"is_open":false,"enter_tag":"","leverage":2,"is_short":false,"open_timestamp":1771218000000,"close_timestamp":1771240500000,"orders":[{"amount":5950.0,"safe_price":0.10337,"ft_order_side":"buy","order_filled_timestamp":1771218000000,"ft_is_entry":true,"ft_order_tag":"","cost":615.35902575},{"amount":5950.0,"safe_price":0.10079,"ft_order_side":"sell","order_filled_timestamp":1771240500000,"ft_is_entry":false,"ft_order_tag":"stop_loss","cost":600.00035025}],"funding_fees":-0.031147408491882127,"weekday":0}],"locks":[],"best_pair":{"key":"DOGE/USDT:USDT","trades":16,"profit_mean":0.0029827995729364122,"profit_mean_pct":0.3,"profit_total_abs":12.297416739999996,"profit_total":0.012297416739999996,"profit_total_pct":1.23,"duration_avg":"6:00:00","wins":11,"draws":0,"losses":5,"winrate":0.6875,"cagr":0.17272247284140452,"expectancy":0.7685885462500002,"expectancy_ratio":0.046838296209464,"sortino":14.65902102903738,"sharpe":0.706067384255877,"calmar":20.44660410815902,"sqn":0.2505,"profit_factor":1.1498825478702854,"max_drawdown_account":0.0410375196380973,"max_drawdown_abs":41.43507273},"worst_pair":{"key":"ETH/USDT:USDT","trades":8,"profit_mean":-0.015736724699422056,"profit_mean_pct":-1.57,"profit_total_abs":-40.07137921,"profit_total":-0.04007137921,"profit_total_pct":-4.01,"duration_avg":"10:39:00","wins":4,"draws":0,"losses":4,"winrate":0.5,"cagr":-0.4132245919242844,"expectancy":-5.00892240125,"expectancy_ratio":-0.3080729902498045,"sortino":-45.415440364963935,"sharpe":-2.425494765874012,"calmar":-57.95155507671807,"sqn":-1.1756,"profit_factor":0.3838540195003909,"max_drawdown_account":0.04717996312736107,"max_drawdown_abs":47.531952710000006},"results_per_pair":[{"key":"DOGE/USDT:USDT","trades":16,"profit_mean":0.0029827995729364122,"profit_mean_pct":0.3,"profit_total_abs":12.297416739999996,"profit_total":0.012297416739999996,"profit_total_pct":1.23,"duration_avg":"6:00:00","wins":11,"draws":0,"losses":5,"winrate":0.6875,"cagr":0.17272247284140452,"expectancy":0.7685885462500002,"expectancy_ratio":0.046838296209464,"sortino":14.65902102903738,"sharpe":0.706067384255877,"calmar":20.44660410815902,"sqn":0.2505,"profit_factor":1.1498825478702854,"max_drawdown_account":0.0410375196380973,"max_drawdown_abs":41.43507273},{"key":"BTC/USDT:USDT","trades":4,"profit_mean":-0.02185580877057367,"profit_mean_pct":-2.19,"profit_total_abs":-27.60200966,"profit_total":-0.02760200966,"profit_total_pct":-2.76,"duration_avg":"11:15:00","wins":1,"draws":0,"losses":3,"winrate":0.25,"cagr":-0.3057137841369352,"expectancy":-6.900502415,"expectancy_ratio":-0.5270129239556993,"sortino":-4.70794334197534,"sharpe":-1.6707620954969784,"calmar":-59.146881096079795,"sqn":-1.0603,"profit_factor":0.29731610139240083,"max_drawdown_account":0.031841774020000005,"max_drawdown_abs":31.84177402},{"key":"SOL/USDT:USDT","trades":3,"profit_mean":-0.02791863689496038,"profit_mean_pct":-2.79,"profit_total_abs":-27.836840470000002,"profit_total":-0.027836840470000002,"profit_total_pct":-2.78,"duration_avg":"21:30:00","wins":1,"draws":0,"losses":2,"winrate":0.3333333333333333,"cagr":-0.30789627957699295,"expectancy":-9.278946823333333,"expectancy_ratio":-0.5411246204329438,"sortino":-173.06941824222866,"sharpe":-1.706801890464542,"calmar":-68.23204705193864,"sqn":-1.1792,"profit_factor":0.1883130693505844,"max_drawdown_account":0.02783684046999997,"max_drawdown_abs":27.836840470000002},{"key":"ETH/USDT:USDT","trades":8,"profit_mean":-0.015736724699422056,"profit_mean_pct":-1.57,"profit_total_abs":-40.07137921,"profit_total":-0.04007137921,"profit_total_pct":-4.01,"duration_avg":"10:39:00","wins":4,"draws":0,"losses":4,"winrate":0.5,"cagr":-0.4132245919242844,"expectancy":-5.00892240125,"expectancy_ratio":-0.3080729902498045,"sortino":-45.415440364963935,"sharpe":-2.425494765874012,"calmar":-57.95155507671807,"sqn":-1.1756,"profit_factor":0.3838540195003909,"max_drawdown_account":0.04717996312736107,"max_drawdown_abs":47.531952710000006},{"key":"TOTAL","trades":31,"profit_mean":-0.00804348871598612,"profit_mean_pct":-0.8,"profit_total_abs":-83.21281260000002,"profit_total":-0.08321281260000002,"profit_total_pct":-8.32,"duration_avg":"9:23:00","wins":17,"draws":0,"losses":14,"winrate":0.5483870967741935,"cagr":-0.6777867430413134,"expectancy":-2.684284277419356,"expectancy_ratio":-0.1703083804289458,"sortino":-23.840850289985283,"sharpe":-4.665324824598513,"calmar":-42.65871417780573,"sqn":-1.2081,"profit_factor":0.6228885861930488,"max_drawdown_account":0.13309778914061493,"max_drawdown_abs":133.97204908}],"results_per_enter_tag":[{"key":"","trades":31,"profit_mean":-0.00804348871598612,"profit_mean_pct":-0.8,"profit_total_abs":-83.21281260000002,"profit_total":-0.08321281260000002,"profit_total_pct":-8.32,"duration_avg":"9:23:00","wins":17,"draws":0,"losses":14,"winrate":0.5483870967741935,"cagr":-0.6777867430413134,"expectancy":-2.684284277419356,"expectancy_ratio":-0.1703083804289458,"sortino":-23.840850289985283,"sharpe":-4.665324824598513,"calmar":-42.65871417780573,"sqn":-1.2081,"profit_factor":0.6228885861930488,"max_drawdown_account":0.13309778914061493,"max_drawdown_abs":133.97204908},{"key":"TOTAL","trades":31,"profit_mean":-0.00804348871598612,"profit_mean_pct":-0.8,"profit_total_abs":-83.21281260000002,"profit_total":-0.08321281260000002,"profit_total_pct":-8.32,"duration_avg":"9:23:00","wins":17,"draws":0,"losses":14,"winrate":0.5483870967741935,"cagr":-0.6777867430413134,"expectancy":-2.684284277419356,"expectancy_ratio":-0.1703083804289458,"sortino":-23.840850289985283,"sharpe":-4.665324824598513,"calmar":-42.65871417780573,"sqn":-1.2081,"profit_factor":0.6228885861930488,"max_drawdown_account":0.13309778914061493,"max_drawdown_abs":133.97204908}],"exit_reason_summary":[{"key":"trailing_stop_loss","trades":17,"profit_mean":0.026529794456179912,"profit_mean_pct":2.65,"profit_total_abs":137.44561764999997,"profit_total":0.13744561764999996,"profit_total_pct":13.74,"duration_avg":"7:41:00","wins":17,"draws":0,"losses":0,"winrate":1.0,"cagr":4.359149424500275,"expectancy":8.08503633235294,"expectancy_ratio":100.0,"sortino":-100,"sharpe":31.963157383332696,"calmar":-100,"sqn":11.0223,"profit_factor":0.0,"max_drawdown_account":0.0,"max_drawdown_abs":0.0},{"key":"exit_signal","trades":1,"profit_mean":-0.024397986262238568,"profit_mean_pct":-2.44,"profit_total_abs":-7.4390601,"profit_total":-0.0074390600999999995,"profit_total_pct":-0.74,"duration_avg":"1 day, 0:15:00","wins":0,"draws":0,"losses":1,"winrate":0.0,"cagr":-0.09274884207587342,"expectancy":-7.4390601,"expectancy_ratio":-1.0,"sortino":-100,"sharpe":-100,"calmar":-68.23204705193851,"sqn":-100.0,"profit_factor":0.0,"max_drawdown_account":0.0074390601000000065,"max_drawdown_abs":7.4390601},{"key":"stop_loss","trades":13,"profit_mean":-0.0519966668991069,"profit_mean_pct":-5.2,"profit_total_abs":-213.21937015,"profit_total":-0.21321937015,"profit_total_pct":-21.32,"duration_avg":"10:28:00","wins":0,"draws":0,"losses":13,"winrate":0.0,"cagr":-0.9561087390088875,"expectancy":-16.401490011538463,"expectancy_ratio":-1.0,"sortino":-239.01895874831104,"sharpe":-239.01895874831104,"calmar":-68.23204705193855,"sqn":-93.345,"profit_factor":0.0,"max_drawdown_account":0.21321937015000003,"max_drawdown_abs":213.21937015},{"key":"TOTAL","trades":31,"profit_mean":-0.00804348871598612,"profit_mean_pct":-0.8,"profit_total_abs":-83.21281260000002,"profit_total":-0.08321281260000002,"profit_total_pct":-8.32,"duration_avg":"9:23:00","wins":17,"draws":0,"losses":14,"winrate":0.5483870967741935,"cagr":-0.6777867430413134,"expectancy":-2.684284277419356,"expectancy_ratio":-0.1703083804289458,"sortino":-23.840850289985283,"sharpe":-4.665324824598513,"calmar":-42.65871417780573,"sqn":-1.2081,"profit_factor":0.6228885861930488,"max_drawdown_account":0.13309778914061493,"max_drawdown_abs":133.97204908}],"mix_tag_stats":[{"key":["","trailing_stop_loss"],"trades":17,"profit_mean":0.026529794456179912,"profit_mean_pct":2.65,"profit_total_abs":137.44561764999997,"profit_total":0.13744561764999996,"profit_total_pct":13.74,"duration_avg":"7:41:00","wins":17,"draws":0,"losses":0,"winrate":1.0,"cagr":4.359149424500275,"expectancy":8.08503633235294,"expectancy_ratio":100.0,"sortino":-100,"sharpe":31.963157383332696,"calmar":-100,"sqn":11.0223,"profit_factor":0.0,"max_drawdown_account":0.0,"max_drawdown_abs":0.0},{"key":["","exit_signal"],"trades":1,"profit_mean":-0.024397986262238568,"profit_mean_pct":-2.44,"profit_total_abs":-7.4390601,"profit_total":-0.0074390600999999995,"profit_total_pct":-0.74,"duration_avg":"1 day, 0:15:00","wins":0,"draws":0,"losses":1,"winrate":0.0,"cagr":-0.09274884207587342,"expectancy":-7.4390601,"expectancy_ratio":-1.0,"sortino":-100,"sharpe":-100,"calmar":-68.23204705193851,"sqn":-100.0,"profit_factor":0.0,"max_drawdown_account":0.0074390601000000065,"max_drawdown_abs":7.4390601},{"key":["","stop_loss"],"trades":13,"profit_mean":-0.0519966668991069,"profit_mean_pct":-5.2,"profit_total_abs":-213.21937015,"profit_total":-0.21321937015,"profit_total_pct":-21.32,"duration_avg":"10:28:00","wins":0,"draws":0,"losses":13,"winrate":0.0,"cagr":-0.9561087390088875,"expectancy":-16.401490011538463,"expectancy_ratio":-1.0,"sortino":-239.01895874831104,"sharpe":-239.01895874831104,"calmar":-68.23204705193855,"sqn":-93.345,"profit_factor":0.0,"max_drawdown_account":0.21321937015000003,"max_drawdown_abs":213.21937015},{"key":"TOTAL","trades":31,"profit_mean":-0.00804348871598612,"profit_mean_pct":-0.8,"profit_total_abs":-83.21281260000002,"profit_total":-0.08321281260000002,"profit_total_pct":-8.32,"duration_avg":"9:23:00","wins":17,"draws":0,"losses":14,"winrate":0.5483870967741935,"cagr":-0.6777867430413134,"expectancy":-2.684284277419356,"expectancy_ratio":-0.1703083804289458,"sortino":-23.840850289985283,"sharpe":-4.665324824598513,"calmar":-42.65871417780573,"sqn":-1.2081,"profit_factor":0.6228885861930488,"max_drawdown_account":0.13309778914061493,"max_drawdown_abs":133.97204908}],"left_open_trades":[{"key":"TOTAL","trades":0,"profit_mean":0.0,"profit_mean_pct":0.0,"profit_total_abs":0.0,"profit_total":0.0,"profit_total_pct":0.0,"duration_avg":"0:00","wins":0,"draws":0,"losses":0,"winrate":0.0,"cagr":0.0,"expectancy":0.0,"expectancy_ratio":100.0,"sortino":0,"sharpe":0,"calmar":0,"sqn":0.0,"profit_factor":0.0,"max_drawdown_account":0.0,"max_drawdown_abs":0.0}],"total_trades":31,"trade_count_long":31,"trade_count_short":0,"total_volume":38374.752447705185,"avg_stake_amount":309.8287348387097,"profit_mean":-0.00804348871598612,"profit_median":0.01674994655646681,"profit_total":-0.08321281260000002,"profit_total_long":-0.08321281260000002,"profit_total_short":0.0,"profit_total_abs":-83.21281260000002,"profit_total_long_abs":-83.21281260000002,"profit_total_short_abs":0.0,"cagr":-0.6777867430413134,"expectancy":-2.684284277419356,"expectancy_ratio":-0.1703083804289458,"sortino":-23.840850289985283,"sharpe":-4.665324824598513,"calmar":-42.65871417780573,"sqn":-1.2081,"profit_factor":0.6228885861930488,"backtest_start":"2026-01-22 02:00:00","backtest_start_ts":1769047200000,"backtest_end":"2026-02-20 00:00:00","backtest_end_ts":1771545600000,"backtest_days":28,"backtest_run_start_ts":1771594934,"backtest_run_end_ts":1771594935,"trades_per_day":1.11,"market_change":-0.3004948512428234,"pairlist":["BTC/USDT:USDT","ETH/USDT:USDT","SOL/USDT:USDT","DOGE/USDT:USDT"],"stake_amount":"unlimited","stake_currency":"USDT","stake_currency_decimals":3,"starting_balance":1000,"dry_run_wallet":1000,"final_balance":916.7871874,"rejected_signals":0,"timedout_entry_orders":0,"timedout_exit_orders":0,"canceled_trade_entries":0,"canceled_entry_orders":0,"replaced_entry_orders":0,"max_open_trades":3,"max_open_trades_setting":3,"timeframe":"15m","timeframe_detail":"","timerange":"20260120-20260220","enable_protections":false,"strategy_name":"SupertrendFuturesStrategyV3","freqaimodel":null,"freqai_identifier":null,"stoploss":-0.05,"trailing_stop":true,"trailing_stop_positive":0.025,"trailing_stop_positive_offset":0.035,"trailing_only_offset_is_reached":true,"use_custom_stoploss":false,"minimal_roi":{"0":0.08},"use_exit_signal":true,"exit_profit_only":false,"exit_profit_offset":0.0,"ignore_roi_if_entry_signal":false,"trading_mode":"futures","margin_mode":"isolated","periodic_breakdown":{"day":[{"date":"23/01/2026","date_ts":1769126400000,"profit_abs":-17.03777708,"wins":0,"draws":0,"losses":1,"trades":1,"profit_factor":0.0},{"date":"24/01/2026","date_ts":1769212800000,"profit_abs":0.0,"wins":0,"draws":0,"losses":0,"trades":0,"profit_factor":0.0},{"date":"25/01/2026","date_ts":1769299200000,"profit_abs":0.0,"wins":0,"draws":0,"losses":0,"trades":0,"profit_factor":0.0},{"date":"26/01/2026","date_ts":1769385600000,"profit_abs":0.0,"wins":0,"draws":0,"losses":0,"trades":0,"profit_factor":0.0},{"date":"27/01/2026","date_ts":1769472000000,"profit_abs":0.0,"wins":0,"draws":0,"losses":0,"trades":0,"profit_factor":0.0},{"date":"28/01/2026","date_ts":1769558400000,"profit_abs":23.60633051,"wins":3,"draws":0,"losses":0,"trades":3,"profit_factor":0.0},{"date":"29/01/2026","date_ts":1769644800000,"profit_abs":-51.9140639,"wins":0,"draws":0,"losses":3,"trades":3,"profit_factor":0.0},{"date":"30/01/2026","date_ts":1769731200000,"profit_abs":0.0,"wins":0,"draws":0,"losses":0,"trades":0,"profit_factor":0.0},{"date":"31/01/2026","date_ts":1769817600000,"profit_abs":0.0,"wins":0,"draws":0,"losses":0,"trades":0,"profit_factor":0.0},{"date":"01/02/2026","date_ts":1769904000000,"profit_abs":0.0,"wins":0,"draws":0,"losses":0,"trades":0,"profit_factor":0.0},{"date":"02/02/2026","date_ts":1769990400000,"profit_abs":0.0,"wins":0,"draws":0,"losses":0,"trades":0,"profit_factor":0.0},{"date":"03/02/2026","date_ts":1770076800000,"profit_abs":0.0,"wins":0,"draws":0,"losses":0,"trades":0,"profit_factor":0.0},{"date":"04/02/2026","date_ts":1770163200000,"profit_abs":0.0,"wins":0,"draws":0,"losses":0,"trades":0,"profit_factor":0.0},{"date":"05/02/2026","date_ts":1770249600000,"profit_abs":0.0,"wins":0,"draws":0,"losses":0,"trades":0,"profit_factor":0.0},{"date":"06/02/2026","date_ts":1770336000000,"profit_abs":0.0,"wins":0,"draws":0,"losses":0,"trades":0,"profit_factor":0.0},{"date":"07/02/2026","date_ts":1770422400000,"profit_abs":0.0,"wins":0,"draws":0,"losses":0,"trades":0,"profit_factor":0.0},{"date":"08/02/2026","date_ts":1770508800000,"profit_abs":0.0,"wins":0,"draws":0,"losses":0,"trades":0,"profit_factor":0.0},{"date":"09/02/2026","date_ts":1770595200000,"profit_abs":0.0,"wins":0,"draws":0,"losses":0,"trades":0,"profit_factor":0.0},{"date":"10/02/2026","date_ts":1770681600000,"profit_abs":0.0,"wins":0,"draws":0,"losses":0,"trades":0,"profit_factor":0.0},{"date":"11/02/2026","date_ts":1770768000000,"profit_abs":-34.83505785,"wins":2,"draws":0,"losses":3,"trades":5,"profit_factor":0.28086997},{"date":"12/02/2026","date_ts":1770854400000,"profit_abs":-47.22292733,"wins":0,"draws":0,"losses":3,"trades":3,"profit_factor":0.0},{"date":"13/02/2026","date_ts":1770940800000,"profit_abs":33.46212546,"wins":4,"draws":0,"losses":0,"trades":4,"profit_factor":0.0},{"date":"14/02/2026","date_ts":1771027200000,"profit_abs":33.53895053,"wins":3,"draws":0,"losses":0,"trades":3,"profit_factor":0.0},{"date":"15/02/2026","date_ts":1771113600000,"profit_abs":-6.82086953,"wins":5,"draws":0,"losses":3,"trades":8,"profit_factor":0.82970638},{"date":"16/02/2026","date_ts":1771200000000,"profit_abs":-15.98952341,"wins":0,"draws":0,"losses":1,"trades":1,"profit_factor":0.0}],"week":[{"date":"26/01/2026","date_ts":1769385600000,"profit_abs":-17.03777708,"wins":0,"draws":0,"losses":1,"trades":1,"profit_factor":0.0},{"date":"02/02/2026","date_ts":1769990400000,"profit_abs":-28.30773339,"wins":3,"draws":0,"losses":3,"trades":6,"profit_factor":0.45471937},{"date":"09/02/2026","date_ts":1770595200000,"profit_abs":0.0,"wins":0,"draws":0,"losses":0,"trades":0,"profit_factor":0.0},{"date":"16/02/2026","date_ts":1771200000000,"profit_abs":-37.86730213,"wins":14,"draws":0,"losses":10,"trades":24,"profit_factor":0.75039118}],"month":[{"date":"31/01/2026","date_ts":1769817600000,"profit_abs":-45.34551047,"wins":3,"draws":0,"losses":4,"trades":7,"profit_factor":0.34235968},{"date":"28/02/2026","date_ts":1772236800000,"profit_abs":-37.86730213,"wins":14,"draws":0,"losses":10,"trades":24,"profit_factor":0.75039118}],"year":[{"date":"31/12/2026","date_ts":1798675200000,"profit_abs":-83.2128126,"wins":17,"draws":0,"losses":14,"trades":31,"profit_factor":0.62288859}],"weekday":[{"date":"Monday","date_ts":0,"profit_abs":-15.98952341,"wins":0,"draws":0,"losses":1,"trades":1,"profit_factor":0.0},{"date":"Wednesday","date_ts":2,"profit_abs":-11.22872734,"wins":5,"draws":0,"losses":3,"trades":8,"profit_factor":0.76819573},{"date":"Thursday","date_ts":3,"profit_abs":-99.13699123,"wins":0,"draws":0,"losses":6,"trades":6,"profit_factor":0.0},{"date":"Friday","date_ts":4,"profit_abs":16.42434838,"wins":4,"draws":0,"losses":1,"trades":5,"profit_factor":1.96399597},{"date":"Saturday","date_ts":5,"profit_abs":33.53895053,"wins":3,"draws":0,"losses":0,"trades":3,"profit_factor":0.0},{"date":"Sunday","date_ts":6,"profit_abs":-6.82086953,"wins":5,"draws":0,"losses":3,"trades":8,"profit_factor":0.82970638}]},"backtest_best_day":0.11597912441323008,"backtest_worst_day":-0.15648129017901513,"backtest_best_day_abs":33.53895053,"backtest_worst_day_abs":-51.9140639,"winning_days":3,"draw_days":16,"losing_days":6,"daily_profit":[["2026-01-23",-17.03777708],["2026-01-24",0.0],["2026-01-25",0.0],["2026-01-26",0.0],["2026-01-27",0.0],["2026-01-28",23.60633051],["2026-01-29",-51.9140639],["2026-01-30",0.0],["2026-01-31",0.0],["2026-02-01",0.0],["2026-02-02",0.0],["2026-02-03",0.0],["2026-02-04",0.0],["2026-02-05",0.0],["2026-02-06",0.0],["2026-02-07",0.0],["2026-02-08",0.0],["2026-02-09",0.0],["2026-02-10",0.0],["2026-02-11",-34.83505785],["2026-02-12",-47.22292733],["2026-02-13",33.46212546],["2026-02-14",33.53895053],["2026-02-15",-6.82086953],["2026-02-16",-15.98952341]],"wins":17,"losses":14,"draws":0,"winrate":0.5483870967741935,"holding_avg":"9:23:00","holding_avg_s":33780.0,"winner_holding_min":"0d 00:30","winner_holding_min_s":1800.0,"winner_holding_max":"0d 16:00","winner_holding_max_s":57600.0,"winner_holding_avg":"0d 07:41","winner_holding_avg_s":27660.0,"loser_holding_min":"0d 00:15","loser_holding_min_s":900.0,"loser_holding_max":"1d 11:30","loser_holding_max_s":127800.0,"loser_holding_avg":"0d 11:27","loser_holding_avg_s":41220.0,"max_consecutive_wins":12,"max_consecutive_losses":6,"max_drawdown_account":0.13309778914061493,"max_relative_drawdown":0.13309778914061493,"max_drawdown_abs":133.97204908,"drawdown_start":"2026-01-28 09:15:00","drawdown_start_ts":1769591700000.0,"drawdown_end":"2026-02-12 20:45:00","drawdown_end_ts":1770929100000.0,"drawdown_duration":"15 days 11:30:00","drawdown_duration_s":1337400.0,"max_drawdown_low":-127.40349565,"max_drawdown_high":6.568553429999998,"csum_min":872.59650435,"csum_max":1006.56855343}},"strategy_comparison":[{"key":"SupertrendFuturesStrategyV3","trades":31,"profit_mean":-0.00804348871598612,"profit_mean_pct":-0.8,"profit_total_abs":-83.21281260000002,"profit_total":-0.08321281260000002,"profit_total_pct":-8.32,"duration_avg":"9:23:00","wins":17,"draws":0,"losses":14,"winrate":0.5483870967741935,"cagr":-0.6777867430413134,"expectancy":-2.684284277419356,"expectancy_ratio":-0.1703083804289458,"sortino":-23.840850289985283,"sharpe":-4.665324824598513,"calmar":-42.65871417780573,"sqn":-1.2081,"profit_factor":0.6228885861930488,"max_drawdown_account":0.13309778914061493,"max_drawdown_abs":"133.972"}]}