{"strategy":{"SupertrendFuturesStrategyV4":{"trades":[{"pair":"ETH/USDT:USDT","stake_amount":399.38839,"max_stake_amount":399.38839,"amount":0.178,"open_date":"2025-08-31 13:00:00+00:00","close_date":"2025-08-31 23:00:00+00:00","open_rate":4487.51,"close_rate":4420.19735,"fee_open":0.0005,"fee_close":0.0005,"trade_duration":600,"profit_ratio":-0.031969015481868174,"profit_abs":-12.77443765,"exit_reason":"stop_loss","initial_stop_loss_abs":4420.19735,"initial_stop_loss_ratio":-0.03,"stop_loss_abs":4420.19735,"stop_loss_ratio":-0.03,"min_rate":4401.28,"max_rate":4496.8,"is_open":false,"enter_tag":"","leverage":2,"is_short":false,"open_timestamp":1756645200000,"close_timestamp":1756681200000,"orders":[{"amount":0.178,"safe_price":4487.51,"ft_order_side":"buy","order_filled_timestamp":1756645200000,"ft_is_entry":true,"ft_order_tag":"","cost":799.17616839},{"amount":0.178,"safe_price":4420.19735,"ft_order_side":"sell","order_filled_timestamp":1756681200000,"ft_is_entry":false,"ft_order_tag":"stop_loss","cost":787.1885258641499}],"funding_fees":0.0,"weekday":6},{"pair":"DOGE/USDT:USDT","stake_amount":399.456,"max_stake_amount":399.456,"amount":3650.0,"open_date":"2025-09-04 01:30:00+00:00","close_date":"2025-09-04 05:00:00+00:00","open_rate":0.21888,"close_rate":0.2156,"fee_open":0.0005,"fee_close":0.0005,"trade_duration":210,"profit_ratio":-0.03193980495132551,"profit_abs":-12.764926,"exit_reason":"stop_loss","initial_stop_loss_abs":0.2156,"initial_stop_loss_ratio":-0.03,"stop_loss_abs":0.2156,"stop_loss_ratio":-0.03,"min_rate":0.21438,"max_rate":0.21943,"is_open":false,"enter_tag":"","leverage":2,"is_short":false,"open_timestamp":1756949400000,"close_timestamp":1756962000000,"orders":[{"amount":3650.0,"safe_price":0.21888,"ft_order_side":"buy","order_filled_timestamp":1756949400000,"ft_is_entry":true,"ft_order_tag":"","cost":799.3114559999999},{"amount":3650.0,"safe_price":0.2156,"ft_order_side":"sell","order_filled_timestamp":1756962000000,"ft_is_entry":false,"ft_order_tag":"stop_loss","cost":787.33347}],"funding_fees":0.0,"weekday":3},{"pair":"ETH/USDT:USDT","stake_amount":399.7377,"max_stake_amount":399.7377,"amount":0.18,"open_date":"2025-09-05 14:00:00+00:00","close_date":"2025-09-05 14:00:00+00:00","open_rate":4441.53,"close_rate":4374.90705,"fee_open":0.0005,"fee_close":0.0005,"trade_duration":0,"profit_ratio":-0.03196901548100212,"profit_abs":-12.78561033,"exit_reason":"stop_loss","initial_stop_loss_abs":4374.90705,"initial_stop_loss_ratio":-0.03,"stop_loss_abs":4374.90705,"stop_loss_ratio":-0.03,"min_rate":4313.57,"max_rate":4441.54,"is_open":false,"enter_tag":"","leverage":2,"is_short":false,"open_timestamp":1757080800000,"close_timestamp":1757080800000,"orders":[{"amount":0.18,"safe_price":4441.53,"ft_order_side":"buy","order_filled_timestamp":1757080800000,"ft_is_entry":true,"ft_order_tag":"","cost":799.8751376999999},{"amount":0.18,"safe_price":4374.90705,"ft_order_side":"sell","order_filled_timestamp":1757080800000,"ft_is_entry":false,"ft_order_tag":"stop_loss","cost":787.8770106344999}],"funding_fees":0.0,"weekday":4},{"pair":"BTC/USDT:USDT","stake_amount":398.26172,"max_stake_amount":398.26172,"amount":0.0071,"open_date":"2025-09-05 09:30:00+00:00","close_date":"2025-09-05 14:30:00+00:00","open_rate":112186.4,"close_rate":110954.9,"fee_open":0.0005,"fee_close":0.0005,"trade_duration":300,"profit_ratio":-0.023931589739415636,"profit_abs":-9.53580161,"exit_reason":"exit_signal","initial_stop_loss_abs":110503.60399999999,"initial_stop_loss_ratio":-0.03,"stop_loss_abs":110503.60399999999,"stop_loss_ratio":-0.03,"min_rate":110456.0,"max_rate":113350.0,"is_open":false,"enter_tag":"","leverage":2,"is_short":false,"open_timestamp":1757064600000,"close_timestamp":1757082600000,"orders":[{"amount":0.0071,"safe_price":112186.4,"ft_order_side":"buy","order_filled_timestamp":1757064600000,"ft_is_entry":true,"ft_order_tag":"","cost":796.92170172},{"amount":0.0071,"safe_price":110954.9,"ft_order_side":"sell","order_filled_timestamp":1757082600000,"ft_is_entry":false,"ft_order_tag":"exit_signal","cost":788.173679895}],"funding_fees":0.0,"weekday":4},{"pair":"DOGE/USDT:USDT","stake_amount":399.72855,"max_stake_amount":399.72855,"amount":3590.0,"open_date":"2025-09-07 16:30:00+00:00","close_date":"2025-09-07 22:30:00+00:00","open_rate":0.22269,"close_rate":0.22582,"fee_open":0.0005,"fee_close":0.0005,"trade_duration":360,"profit_ratio":0.026083729431705182,"profit_abs":10.43162455,"exit_reason":"trailing_stop_loss","initial_stop_loss_abs":0.21935,"initial_stop_loss_ratio":-0.03,"stop_loss_abs":0.22582,"stop_loss_ratio":-0.02,"min_rate":0.22013,"max_rate":0.2281,"is_open":false,"enter_tag":"","leverage":2,"is_short":false,"open_timestamp":1757262600000,"close_timestamp":1757284200000,"orders":[{"amount":3590.0,"safe_price":0.22269,"ft_order_side":"buy","order_filled_timestamp":1757262600000,"ft_is_entry":true,"ft_order_tag":"","cost":799.8568285499999},{"amount":3590.0,"safe_price":0.22582,"ft_order_side":"sell","order_filled_timestamp":1757284200000,"ft_is_entry":false,"ft_order_tag":"trailing_stop_loss","cost":811.0991468999999}],"funding_fees":0.0,"weekday":6},{"pair":"DOGE/USDT:USDT","stake_amount":399.7488,"max_stake_amount":399.7488,"amount":3520.0,"open_date":"2025-09-08 01:00:00+00:00","close_date":"2025-09-08 02:30:00+00:00","open_rate":0.22713,"close_rate":0.23013,"fee_open":0.0005,"fee_close":0.0005,"trade_duration":90,"profit_ratio":0.024391185730605836,"profit_abs":9.7552224,"exit_reason":"trailing_stop_loss","initial_stop_loss_abs":0.22373,"initial_stop_loss_ratio":-0.03,"stop_loss_abs":0.23013,"stop_loss_ratio":-0.02,"min_rate":0.22675,"max_rate":0.23245,"is_open":false,"enter_tag":"","leverage":2,"is_short":false,"open_timestamp":1757293200000,"close_timestamp":1757298600000,"orders":[{"amount":3520.0,"safe_price":0.22713,"ft_order_side":"buy","order_filled_timestamp":1757293200000,"ft_is_entry":true,"ft_order_tag":"","cost":799.8973488},{"amount":3520.0,"safe_price":0.23013,"ft_order_side":"sell","order_filled_timestamp":1757298600000,"ft_is_entry":false,"ft_order_tag":"trailing_stop_loss","cost":810.4626288}],"funding_fees":0.0,"weekday":0},{"pair":"SOL/USDT:USDT","stake_amount":399.553,"max_stake_amount":399.553,"amount":3.85,"open_date":"2025-09-08 04:00:00+00:00","close_date":"2025-09-08 10:00:00+00:00","open_rate":207.56,"close_rate":213.99757878939468,"fee_open":0.0005,"fee_close":0.0005,"trade_duration":360,"profit_ratio":0.05997001499250375,"profit_abs":23.97318,"exit_reason":"roi","initial_stop_loss_abs":204.4466,"initial_stop_loss_ratio":-0.03,"stop_loss_abs":212.256,"stop_loss_ratio":-0.02,"min_rate":206.57,"max_rate":214.4,"is_open":false,"enter_tag":"","leverage":2,"is_short":false,"open_timestamp":1757304000000,"close_timestamp":1757325600000,"orders":[{"amount":3.85,"safe_price":207.56,"ft_order_side":"buy","order_filled_timestamp":1757304000000,"ft_is_entry":true,"ft_order_tag":"","cost":799.505553},{"amount":3.85,"safe_price":213.99757878939468,"ft_order_side":"sell","order_filled_timestamp":1757325600000,"ft_is_entry":false,"ft_order_tag":"roi","cost":824.302623678339}],"funding_fees":0.0,"weekday":0},{"pair":"SOL/USDT:USDT","stake_amount":399.7875,"max_stake_amount":399.7875,"amount":3.75,"open_date":"2025-09-08 14:00:00+00:00","close_date":"2025-09-08 16:00:00+00:00","open_rate":213.22,"close_rate":214.47359999999998,"fee_open":0.0005,"fee_close":0.0005,"trade_duration":120,"profit_ratio":0.009747993464106517,"profit_abs":3.8990745,"exit_reason":"trailing_stop_loss","initial_stop_loss_abs":210.0217,"initial_stop_loss_ratio":-0.03,"stop_loss_abs":214.47359999999998,"stop_loss_ratio":-0.02,"min_rate":212.94,"max_rate":216.64,"is_open":false,"enter_tag":"","leverage":2,"is_short":false,"open_timestamp":1757340000000,"close_timestamp":1757347200000,"orders":[{"amount":3.75,"safe_price":213.22,"ft_order_side":"buy","order_filled_timestamp":1757340000000,"ft_is_entry":true,"ft_order_tag":"","cost":799.9747875},{"amount":3.75,"safe_price":214.47359999999998,"ft_order_side":"sell","order_filled_timestamp":1757347200000,"ft_is_entry":false,"ft_order_tag":"trailing_stop_loss","cost":804.6781379999999}],"funding_fees":0.0,"weekday":0},{"pair":"DOGE/USDT:USDT","stake_amount":398.9921,"max_stake_amount":398.9921,"amount":3380.0,"open_date":"2025-09-08 14:00:00+00:00","close_date":"2025-09-08 21:00:00+00:00","open_rate":0.23609,"close_rate":0.24341245122561278,"fee_open":0.0005,"fee_close":0.0005,"trade_duration":420,"profit_ratio":0.059970014992503755,"profit_abs":23.939526,"exit_reason":"roi","initial_stop_loss_abs":0.23255,"initial_stop_loss_ratio":-0.03,"stop_loss_abs":0.24117,"stop_loss_ratio":-0.02,"min_rate":0.23601,"max_rate":0.2436,"is_open":false,"enter_tag":"","leverage":2,"is_short":false,"open_timestamp":1757340000000,"close_timestamp":1757365200000,"orders":[{"amount":3380.0,"safe_price":0.23609,"ft_order_side":"buy","order_filled_timestamp":1757340000000,"ft_is_entry":true,"ft_order_tag":"","cost":798.3831921},{"amount":3380.0,"safe_price":0.24341245122561278,"ft_order_side":"sell","order_filled_timestamp":1757365200000,"ft_is_entry":false,"ft_order_tag":"roi","cost":823.1454521851424}],"funding_fees":0.0,"weekday":0},{"pair":"SOL/USDT:USDT","stake_amount":399.7008,"max_stake_amount":399.7008,"amount":3.69,"open_date":"2025-09-08 17:30:00+00:00","close_date":"2025-09-09 00:00:00+00:00","open_rate":216.64,"close_rate":213.39039999999997,"fee_open":0.0005,"fee_close":0.0005,"trade_duration":390,"profit_ratio":-0.031969015497255115,"profit_abs":-12.78443009,"exit_reason":"stop_loss","initial_stop_loss_abs":213.39039999999997,"initial_stop_loss_ratio":-0.03,"stop_loss_abs":213.39039999999997,"stop_loss_ratio":-0.03,"min_rate":213.1,"max_rate":216.94,"is_open":false,"enter_tag":"","leverage":2,"is_short":false,"open_timestamp":1757352600000,"close_timestamp":1757376000000,"orders":[{"amount":3.69,"safe_price":216.64,"ft_order_side":"buy","order_filled_timestamp":1757352600000,"ft_is_entry":true,"ft_order_tag":"","cost":799.8013007999999},{"amount":3.69,"safe_price":213.39039999999997,"ft_order_side":"sell","order_filled_timestamp":1757376000000,"ft_is_entry":false,"ft_order_tag":"stop_loss","cost":787.8042812879999}],"funding_fees":0.0,"weekday":1},{"pair":"DOGE/USDT:USDT","stake_amount":399.20255,"max_stake_amount":399.20255,"amount":3310.0,"open_date":"2025-09-09 00:30:00+00:00","close_date":"2025-09-09 00:30:00+00:00","open_rate":0.24121,"close_rate":0.2376,"fee_open":0.0005,"fee_close":0.0005,"trade_duration":0,"profit_ratio":-0.031901507063308444,"profit_abs":-12.74153055,"exit_reason":"stop_loss","initial_stop_loss_abs":0.2376,"initial_stop_loss_ratio":-0.03,"stop_loss_abs":0.2376,"stop_loss_ratio":-0.03,"min_rate":0.23718,"max_rate":0.24131,"is_open":false,"enter_tag":"","leverage":2,"is_short":false,"open_timestamp":1757377800000,"close_timestamp":1757377800000,"orders":[{"amount":3310.0,"safe_price":0.24121,"ft_order_side":"buy","order_filled_timestamp":1757377800000,"ft_is_entry":true,"ft_order_tag":"","cost":798.80430255},{"amount":3310.0,"safe_price":0.2376,"ft_order_side":"sell","order_filled_timestamp":1757377800000,"ft_is_entry":false,"ft_order_tag":"stop_loss","cost":786.8492279999999}],"funding_fees":0.0,"weekday":1},{"pair":"DOGE/USDT:USDT","stake_amount":399.67175,"max_stake_amount":399.67175,"amount":3350.0,"open_date":"2025-09-09 01:00:00+00:00","close_date":"2025-09-09 02:30:00+00:00","open_rate":0.23861,"close_rate":0.23504,"fee_open":0.0005,"fee_close":0.0005,"trade_duration":90,"profit_ratio":-0.03189239796094576,"profit_abs":-12.75286375,"exit_reason":"stop_loss","initial_stop_loss_abs":0.23504,"initial_stop_loss_ratio":-0.03,"stop_loss_abs":0.23504,"stop_loss_ratio":-0.03,"min_rate":0.23344,"max_rate":0.23933,"is_open":false,"enter_tag":"","leverage":2,"is_short":false,"open_timestamp":1757379600000,"close_timestamp":1757385000000,"orders":[{"amount":3350.0,"safe_price":0.23861,"ft_order_side":"buy","order_filled_timestamp":1757379600000,"ft_is_entry":true,"ft_order_tag":"","cost":799.7431717499999},{"amount":3350.0,"safe_price":0.23504,"ft_order_side":"sell","order_filled_timestamp":1757385000000,"ft_is_entry":false,"ft_order_tag":"stop_loss","cost":787.777692}],"funding_fees":0.0,"weekday":1},{"pair":"SOL/USDT:USDT","stake_amount":399.61875,"max_stake_amount":399.61875,"amount":3.75,"open_date":"2025-09-09 01:00:00+00:00","close_date":"2025-09-09 06:00:00+00:00","open_rate":213.13,"close_rate":216.4932,"fee_open":0.0005,"fee_close":0.0005,"trade_duration":300,"profit_ratio":0.029529535893621246,"profit_abs":11.8064565,"exit_reason":"trailing_stop_loss","initial_stop_loss_abs":209.93304999999998,"initial_stop_loss_ratio":-0.03,"stop_loss_abs":216.4932,"stop_loss_ratio":-0.02,"min_rate":210.77,"max_rate":218.68,"is_open":false,"enter_tag":"","leverage":2,"is_short":false,"open_timestamp":1757379600000,"close_timestamp":1757397600000,"orders":[{"amount":3.75,"safe_price":213.13,"ft_order_side":"buy","order_filled_timestamp":1757379600000,"ft_is_entry":true,"ft_order_tag":"","cost":799.6371187499999},{"amount":3.75,"safe_price":216.4932,"ft_order_side":"sell","order_filled_timestamp":1757397600000,"ft_is_entry":false,"ft_order_tag":"trailing_stop_loss","cost":812.25542475}],"funding_fees":0.0,"weekday":1},{"pair":"DOGE/USDT:USDT","stake_amount":398.82425,"max_stake_amount":398.82425,"amount":3230.0,"open_date":"2025-09-09 14:00:00+00:00","close_date":"2025-09-09 14:00:00+00:00","open_rate":0.24695,"close_rate":0.24325,"fee_open":0.0005,"fee_close":0.0005,"trade_duration":0,"profit_ratio":-0.03193462997191423,"profit_abs":-12.742673,"exit_reason":"stop_loss","initial_stop_loss_abs":0.24325,"initial_stop_loss_ratio":-0.03,"stop_loss_abs":0.24325,"stop_loss_ratio":-0.03,"min_rate":0.24219,"max_rate":0.24788,"is_open":false,"enter_tag":"","leverage":2,"is_short":false,"open_timestamp":1757426400000,"close_timestamp":1757426400000,"orders":[{"amount":3230.0,"safe_price":0.24695,"ft_order_side":"buy","order_filled_timestamp":1757426400000,"ft_is_entry":true,"ft_order_tag":"","cost":798.04732425},{"amount":3230.0,"safe_price":0.24325,"ft_order_side":"sell","order_filled_timestamp":1757426400000,"ft_is_entry":false,"ft_order_tag":"stop_loss","cost":786.09034875}],"funding_fees":0.0,"weekday":1},{"pair":"SOL/USDT:USDT","stake_amount":399.2145,"max_stake_amount":399.2145,"amount":3.66,"open_date":"2025-09-09 12:30:00+00:00","close_date":"2025-09-09 14:30:00+00:00","open_rate":218.15,"close_rate":214.87775,"fee_open":0.0005,"fee_close":0.0005,"trade_duration":120,"profit_ratio":-0.031969015485994706,"profit_abs":-12.76887578,"exit_reason":"stop_loss","initial_stop_loss_abs":214.87775,"initial_stop_loss_ratio":-0.03,"stop_loss_abs":214.87775,"stop_loss_ratio":-0.03,"min_rate":213.11,"max_rate":218.45,"is_open":false,"enter_tag":"","leverage":2,"is_short":false,"open_timestamp":1757421000000,"close_timestamp":1757428200000,"orders":[{"amount":3.66,"safe_price":218.15,"ft_order_side":"buy","order_filled_timestamp":1757421000000,"ft_is_entry":true,"ft_order_tag":"","cost":798.8282145000001},{"amount":3.66,"safe_price":214.87775,"ft_order_side":"sell","order_filled_timestamp":1757428200000,"ft_is_entry":false,"ft_order_tag":"stop_loss","cost":786.8457912825}],"funding_fees":0.0,"weekday":1},{"pair":"DOGE/USDT:USDT","stake_amount":399.1104,"max_stake_amount":399.1104,"amount":3280.0,"open_date":"2025-09-09 14:30:00+00:00","close_date":"2025-09-09 14:30:00+00:00","open_rate":0.24336,"close_rate":0.23971,"fee_open":0.0005,"fee_close":0.0005,"trade_duration":0,"profit_ratio":-0.0319657314669424,"profit_abs":-12.7642348,"exit_reason":"stop_loss","initial_stop_loss_abs":0.23971,"initial_stop_loss_ratio":-0.03,"stop_loss_abs":0.23971,"stop_loss_ratio":-0.03,"min_rate":0.23743,"max_rate":0.24336,"is_open":false,"enter_tag":"","leverage":2,"is_short":false,"open_timestamp":1757428200000,"close_timestamp":1757428200000,"orders":[{"amount":3280.0,"safe_price":0.24336,"ft_order_side":"buy","order_filled_timestamp":1757428200000,"ft_is_entry":true,"ft_order_tag":"","cost":798.6199103999999},{"amount":3280.0,"safe_price":0.23971,"ft_order_side":"sell","order_filled_timestamp":1757428200000,"ft_is_entry":false,"ft_order_tag":"stop_loss","cost":786.6419244}],"funding_fees":0.0,"weekday":1},{"pair":"DOGE/USDT:USDT","stake_amount":398.8197,"max_stake_amount":398.8197,"amount":3180.0,"open_date":"2025-09-11 05:30:00+00:00","close_date":"2025-09-11 12:30:00+00:00","open_rate":0.25083,"close_rate":0.24707,"fee_open":0.0005,"fee_close":0.0005,"trade_duration":420,"profit_ratio":-0.031949499874310346,"profit_abs":-12.748461,"exit_reason":"stop_loss","initial_stop_loss_abs":0.24707,"initial_stop_loss_ratio":-0.03,"stop_loss_abs":0.24707,"stop_loss_ratio":-0.03,"min_rate":0.24176,"max_rate":0.25479,"is_open":false,"enter_tag":"","leverage":2,"is_short":false,"open_timestamp":1757568600000,"close_timestamp":1757593800000,"orders":[{"amount":3180.0,"safe_price":0.25083,"ft_order_side":"buy","order_filled_timestamp":1757568600000,"ft_is_entry":true,"ft_order_tag":"","cost":798.0382197},{"amount":3180.0,"safe_price":0.24707,"ft_order_side":"sell","order_filled_timestamp":1757593800000,"ft_is_entry":false,"ft_order_tag":"stop_loss","cost":786.0754413000001}],"funding_fees":0.0,"weekday":3},{"pair":"BTC/USDT:USDT","stake_amount":399.2394,"max_stake_amount":399.2394,"amount":0.007,"open_date":"2025-09-11 03:30:00+00:00","close_date":"2025-09-12 03:00:00+00:00","open_rate":114068.4,"close_rate":115117.497,"fee_open":0.0005,"fee_close":0.0005,"trade_duration":1410,"profit_ratio":0.01637678853936963,"profit_abs":6.54152836,"exit_reason":"trailing_stop_loss","initial_stop_loss_abs":112357.374,"initial_stop_loss_ratio":-0.03,"stop_loss_abs":115117.497,"stop_loss_ratio":-0.02,"min_rate":113333.3,"max_rate":116280.3,"is_open":false,"enter_tag":"","leverage":2,"is_short":false,"open_timestamp":1757561400000,"close_timestamp":1757646000000,"orders":[{"amount":0.007,"safe_price":114068.4,"ft_order_side":"buy","order_filled_timestamp":1757561400000,"ft_is_entry":true,"ft_order_tag":"","cost":798.8780393999999},{"amount":0.007,"safe_price":115117.497,"ft_order_side":"sell","order_filled_timestamp":1757646000000,"ft_is_entry":false,"ft_order_tag":"trailing_stop_loss","cost":806.2253902395}],"funding_fees":0.0,"weekday":4},{"pair":"SOL/USDT:USDT","stake_amount":399.8736,"max_stake_amount":399.8736,"amount":3.36,"open_date":"2025-09-12 12:30:00+00:00","close_date":"2025-09-12 22:00:00+00:00","open_rate":238.02,"close_rate":241.7184,"fee_open":0.0005,"fee_close":0.0005,"trade_duration":570,"profit_ratio":0.029046318791660704,"profit_abs":11.62066349,"exit_reason":"trailing_stop_loss","initial_stop_loss_abs":234.4497,"initial_stop_loss_ratio":-0.03,"stop_loss_abs":241.7184,"stop_loss_ratio":-0.02,"min_rate":237.73,"max_rate":244.16,"is_open":false,"enter_tag":"","leverage":2,"is_short":false,"open_timestamp":1757680200000,"close_timestamp":1757714400000,"orders":[{"amount":3.36,"safe_price":238.02,"ft_order_side":"buy","order_filled_timestamp":1757680200000,"ft_is_entry":true,"ft_order_tag":"","cost":800.1470736},{"amount":3.36,"safe_price":241.7184,"ft_order_side":"sell","order_filled_timestamp":1757714400000,"ft_is_entry":false,"ft_order_tag":"trailing_stop_loss","cost":812.579910912}],"funding_fees":0.0,"weekday":4},{"pair":"DOGE/USDT:USDT","stake_amount":399.6444,"max_stake_amount":399.6444,"amount":2960.0,"open_date":"2025-09-12 18:00:00+00:00","close_date":"2025-09-12 22:00:00+00:00","open_rate":0.27003,"close_rate":0.27522,"fee_open":0.0005,"fee_close":0.0005,"trade_duration":240,"profit_ratio":0.03640275185149343,"profit_abs":14.55543,"exit_reason":"trailing_stop_loss","initial_stop_loss_abs":0.26598,"initial_stop_loss_ratio":-0.03,"stop_loss_abs":0.27522,"stop_loss_ratio":-0.02,"min_rate":0.26945,"max_rate":0.278,"is_open":false,"enter_tag":"","leverage":2,"is_short":false,"open_timestamp":1757700000000,"close_timestamp":1757714400000,"orders":[{"amount":2960.0,"safe_price":0.27003,"ft_order_side":"buy","order_filled_timestamp":1757700000000,"ft_is_entry":true,"ft_order_tag":"","cost":799.6884443999999},{"amount":2960.0,"safe_price":0.27522,"ft_order_side":"sell","order_filled_timestamp":1757714400000,"ft_is_entry":false,"ft_order_tag":"trailing_stop_loss","cost":815.0585255999999}],"funding_fees":0.0,"weekday":4},{"pair":"DOGE/USDT:USDT","stake_amount":398.7552,"max_stake_amount":398.7552,"amount":2920.0,"open_date":"2025-09-13 00:30:00+00:00","close_date":"2025-09-13 01:00:00+00:00","open_rate":0.27312,"close_rate":0.2815909554777389,"fee_open":0.0005,"fee_close":0.0005,"trade_duration":30,"profit_ratio":0.059970014992503755,"profit_abs":23.925312,"exit_reason":"roi","initial_stop_loss_abs":0.26903,"initial_stop_loss_ratio":-0.03,"stop_loss_abs":0.28017,"stop_loss_ratio":-0.02,"min_rate":0.27301,"max_rate":0.28299,"is_open":false,"enter_tag":"","leverage":2,"is_short":false,"open_timestamp":1757723400000,"close_timestamp":1757725200000,"orders":[{"amount":2920.0,"safe_price":0.27312,"ft_order_side":"buy","order_filled_timestamp":1757723400000,"ft_is_entry":true,"ft_order_tag":"","cost":797.9091551999999},{"amount":2920.0,"safe_price":0.2815909554777389,"ft_order_side":"sell","order_filled_timestamp":1757725200000,"ft_is_entry":false,"ft_order_tag":"roi","cost":822.656712789995}],"funding_fees":0.0,"weekday":5},{"pair":"DOGE/USDT:USDT","stake_amount":399.7336,"max_stake_amount":399.7336,"amount":2870.0,"open_date":"2025-09-13 02:30:00+00:00","close_date":"2025-09-13 04:30:00+00:00","open_rate":0.27856,"close_rate":0.28311,"fee_open":0.0005,"fee_close":0.0005,"trade_duration":120,"profit_ratio":0.030636354711788275,"profit_abs":12.25250355,"exit_reason":"trailing_stop_loss","initial_stop_loss_abs":0.27439,"initial_stop_loss_ratio":-0.03,"stop_loss_abs":0.28311,"stop_loss_ratio":-0.02,"min_rate":0.27765,"max_rate":0.28596,"is_open":false,"enter_tag":"","leverage":2,"is_short":false,"open_timestamp":1757730600000,"close_timestamp":1757737800000,"orders":[{"amount":2870.0,"safe_price":0.27856,"ft_order_side":"buy","order_filled_timestamp":1757730600000,"ft_is_entry":true,"ft_order_tag":"","cost":799.8669335999999},{"amount":2870.0,"safe_price":0.28311,"ft_order_side":"sell","order_filled_timestamp":1757737800000,"ft_is_entry":false,"ft_order_tag":"trailing_stop_loss","cost":812.9319628499999}],"funding_fees":0.0,"weekday":5},{"pair":"DOGE/USDT:USDT","stake_amount":399.596,"max_stake_amount":399.596,"amount":2830.0,"open_date":"2025-09-13 05:30:00+00:00","close_date":"2025-09-13 09:00:00+00:00","open_rate":0.2824,"close_rate":0.2911587793896948,"fee_open":0.0005,"fee_close":0.0005,"trade_duration":210,"profit_ratio":0.059970014992503755,"profit_abs":23.97576,"exit_reason":"roi","initial_stop_loss_abs":0.27817,"initial_stop_loss_ratio":-0.03,"stop_loss_abs":0.28984,"stop_loss_ratio":-0.02,"min_rate":0.28111,"max_rate":0.29276,"is_open":false,"enter_tag":"","leverage":2,"is_short":false,"open_timestamp":1757741400000,"close_timestamp":1757754000000,"orders":[{"amount":2830.0,"safe_price":0.2824,"ft_order_side":"buy","order_filled_timestamp":1757741400000,"ft_is_entry":true,"ft_order_tag":"","cost":799.591596},{"amount":2830.0,"safe_price":0.2911587793896948,"ft_order_side":"sell","order_filled_timestamp":1757754000000,"ft_is_entry":false,"ft_order_tag":"roi","cost":824.3913353456727}],"funding_fees":0.0,"weekday":5},{"pair":"SOL/USDT:USDT","stake_amount":399.9982,"max_stake_amount":399.9982,"amount":3.29,"open_date":"2025-09-12 22:30:00+00:00","close_date":"2025-09-13 13:30:00+00:00","open_rate":243.16,"close_rate":239.5126,"fee_open":0.0005,"fee_close":0.0005,"trade_duration":900,"profit_ratio":-0.031969015499750154,"profit_abs":-12.79394243,"exit_reason":"stop_loss","initial_stop_loss_abs":239.5126,"initial_stop_loss_ratio":-0.03,"stop_loss_abs":239.5126,"stop_loss_ratio":-0.03,"min_rate":237.75,"max_rate":244.03,"is_open":false,"enter_tag":"","leverage":2,"is_short":false,"open_timestamp":1757716200000,"close_timestamp":1757770200000,"orders":[{"amount":3.29,"safe_price":243.16,"ft_order_side":"buy","order_filled_timestamp":1757716200000,"ft_is_entry":true,"ft_order_tag":"","cost":800.3963981999999},{"amount":3.29,"safe_price":239.5126,"ft_order_side":"sell","order_filled_timestamp":1757770200000,"ft_is_entry":false,"ft_order_tag":"stop_loss","cost":788.390452227}],"funding_fees":0.0,"weekday":5},{"pair":"DOGE/USDT:USDT","stake_amount":399.45155,"max_stake_amount":399.45155,"amount":2690.0,"open_date":"2025-09-13 14:00:00+00:00","close_date":"2025-09-13 15:00:00+00:00","open_rate":0.29699,"close_rate":0.3019,"fee_open":0.0005,"fee_close":0.0005,"trade_duration":60,"profit_ratio":0.031033037304708702,"profit_abs":12.40239295,"exit_reason":"trailing_stop_loss","initial_stop_loss_abs":0.29254,"initial_stop_loss_ratio":-0.03,"stop_loss_abs":0.3019,"stop_loss_ratio":-0.02,"min_rate":0.29255,"max_rate":0.30494,"is_open":false,"enter_tag":"","leverage":2,"is_short":false,"open_timestamp":1757772000000,"close_timestamp":1757775600000,"orders":[{"amount":2690.0,"safe_price":0.29699,"ft_order_side":"buy","order_filled_timestamp":1757772000000,"ft_is_entry":true,"ft_order_tag":"","cost":799.3025515499999},{"amount":2690.0,"safe_price":0.3019,"ft_order_side":"sell","order_filled_timestamp":1757775600000,"ft_is_entry":false,"ft_order_tag":"trailing_stop_loss","cost":812.5170555}],"funding_fees":0.0,"weekday":5},{"pair":"DOGE/USDT:USDT","stake_amount":398.6143,"max_stake_amount":398.6143,"amount":2660.0,"open_date":"2025-09-13 15:30:00+00:00","close_date":"2025-09-13 15:30:00+00:00","open_rate":0.29971,"close_rate":0.29522,"fee_open":0.0005,"fee_close":0.0005,"trade_duration":0,"profit_ratio":-0.0319313500635155,"profit_abs":-12.7346569,"exit_reason":"stop_loss","initial_stop_loss_abs":0.29522,"initial_stop_loss_ratio":-0.03,"stop_loss_abs":0.29522,"stop_loss_ratio":-0.03,"min_rate":0.2944,"max_rate":0.30002,"is_open":false,"enter_tag":"","leverage":2,"is_short":false,"open_timestamp":1757777400000,"close_timestamp":1757777400000,"orders":[{"amount":2660.0,"safe_price":0.29971,"ft_order_side":"buy","order_filled_timestamp":1757777400000,"ft_is_entry":true,"ft_order_tag":"","cost":797.6272142999999},{"amount":2660.0,"safe_price":0.29522,"ft_order_side":"sell","order_filled_timestamp":1757777400000,"ft_is_entry":false,"ft_order_tag":"stop_loss","cost":785.6778425999998}],"funding_fees":0.0,"weekday":5},{"pair":"DOGE/USDT:USDT","stake_amount":399.58605,"max_stake_amount":399.58605,"amount":2690.0,"open_date":"2025-09-13 16:00:00+00:00","close_date":"2025-09-13 17:00:00+00:00","open_rate":0.29709,"close_rate":0.29264,"fee_open":0.0005,"fee_close":0.0005,"trade_duration":60,"profit_ratio":-0.03192631023005445,"profit_abs":-12.76368685,"exit_reason":"stop_loss","initial_stop_loss_abs":0.29264,"initial_stop_loss_ratio":-0.03,"stop_loss_abs":0.29264,"stop_loss_ratio":-0.03,"min_rate":0.28071,"max_rate":0.30115,"is_open":false,"enter_tag":"","leverage":2,"is_short":false,"open_timestamp":1757779200000,"close_timestamp":1757782800000,"orders":[{"amount":2690.0,"safe_price":0.29709,"ft_order_side":"buy","order_filled_timestamp":1757779200000,"ft_is_entry":true,"ft_order_tag":"","cost":799.5716860499999},{"amount":2690.0,"safe_price":0.29264,"ft_order_side":"sell","order_filled_timestamp":1757782800000,"ft_is_entry":false,"ft_order_tag":"stop_loss","cost":787.5952007999999}],"funding_fees":0.0,"weekday":5},{"pair":"SOL/USDT:USDT","stake_amount":399.7998,"max_stake_amount":399.7998,"amount":3.24,"open_date":"2025-09-14 04:00:00+00:00","close_date":"2025-09-14 14:00:00+00:00","open_rate":246.79,"close_rate":243.08814999999998,"fee_open":0.0005,"fee_close":0.0005,"trade_duration":600,"profit_ratio":-0.03196901548475387,"profit_abs":-12.7875966,"exit_reason":"stop_loss","initial_stop_loss_abs":243.08814999999998,"initial_stop_loss_ratio":-0.03,"stop_loss_abs":243.08814999999998,"stop_loss_ratio":-0.03,"min_rate":242.65,"max_rate":248.21,"is_open":false,"enter_tag":"","leverage":2,"is_short":false,"open_timestamp":1757822400000,"close_timestamp":1757858400000,"orders":[{"amount":3.24,"safe_price":246.79,"ft_order_side":"buy","order_filled_timestamp":1757822400000,"ft_is_entry":true,"ft_order_tag":"","cost":799.9993998},{"amount":3.24,"safe_price":243.08814999999998,"ft_order_side":"sell","order_filled_timestamp":1757858400000,"ft_is_entry":false,"ft_order_tag":"stop_loss","cost":787.9994088029999}],"funding_fees":0.0,"weekday":6},{"pair":"SOL/USDT:USDT","stake_amount":399.4718,"max_stake_amount":399.4718,"amount":3.29,"open_date":"2025-09-18 06:30:00+00:00","close_date":"2025-09-18 13:30:00+00:00","open_rate":242.84,"close_rate":245.67839999999998,"fee_open":0.0005,"fee_close":0.0005,"trade_duration":420,"profit_ratio":0.02135434341297559,"profit_abs":8.53472323,"exit_reason":"trailing_stop_loss","initial_stop_loss_abs":239.1974,"initial_stop_loss_ratio":-0.03,"stop_loss_abs":245.67839999999998,"stop_loss_ratio":-0.02,"min_rate":242.5,"max_rate":248.16,"is_open":false,"enter_tag":"","leverage":2,"is_short":false,"open_timestamp":1758177000000,"close_timestamp":1758202200000,"orders":[{"amount":3.29,"safe_price":242.84,"ft_order_side":"buy","order_filled_timestamp":1758177000000,"ft_is_entry":true,"ft_order_tag":"","cost":799.3430718},{"amount":3.29,"safe_price":245.67839999999998,"ft_order_side":"sell","order_filled_timestamp":1758202200000,"ft_is_entry":false,"ft_order_tag":"trailing_stop_loss","cost":808.686076968}],"funding_fees":0.0,"weekday":3},{"pair":"SOL/USDT:USDT","stake_amount":399.616,"max_stake_amount":399.616,"amount":3.2,"open_date":"2025-09-18 17:00:00+00:00","close_date":"2025-09-18 23:00:00+00:00","open_rate":249.76,"close_rate":246.0136,"fee_open":0.0005,"fee_close":0.0005,"trade_duration":360,"profit_ratio":-0.03196901549225387,"profit_abs":-12.78171776,"exit_reason":"stop_loss","initial_stop_loss_abs":246.0136,"initial_stop_loss_ratio":-0.03,"stop_loss_abs":246.0136,"stop_loss_ratio":-0.03,"min_rate":245.8,"max_rate":253.47,"is_open":false,"enter_tag":"","leverage":2,"is_short":false,"open_timestamp":1758214800000,"close_timestamp":1758236400000,"orders":[{"amount":3.2,"safe_price":249.76,"ft_order_side":"buy","order_filled_timestamp":1758214800000,"ft_is_entry":true,"ft_order_tag":"","cost":799.6316159999999},{"amount":3.2,"safe_price":246.0136,"ft_order_side":"sell","order_filled_timestamp":1758236400000,"ft_is_entry":false,"ft_order_tag":"stop_loss","cost":787.63714176}],"funding_fees":0.0,"weekday":3},{"pair":"ETH/USDT:USDT","stake_amount":399.848475,"max_stake_amount":399.848475,"amount":0.195,"open_date":"2025-09-29 06:30:00+00:00","close_date":"2025-09-29 13:30:00+00:00","open_rate":4101.01,"close_rate":4144.130099999999,"fee_open":0.0005,"fee_close":0.0005,"trade_duration":420,"profit_ratio":0.01900899579774437,"profit_abs":7.60451834,"exit_reason":"trailing_stop_loss","initial_stop_loss_abs":4039.49485,"initial_stop_loss_ratio":-0.03,"stop_loss_abs":4144.130099999999,"stop_loss_ratio":-0.02,"min_rate":4080.08,"max_rate":4185.99,"is_open":false,"enter_tag":"","leverage":2,"is_short":false,"open_timestamp":1759127400000,"close_timestamp":1759152600000,"orders":[{"amount":0.195,"safe_price":4101.01,"ft_order_side":"buy","order_filled_timestamp":1759127400000,"ft_is_entry":true,"ft_order_tag":"","cost":800.096798475},{"amount":0.195,"safe_price":4144.130099999999,"ft_order_side":"sell","order_filled_timestamp":1759152600000,"ft_is_entry":false,"ft_order_tag":"trailing_stop_loss","cost":808.5094221847498}],"funding_fees":0.0,"weekday":0},{"pair":"BTC/USDT:USDT","stake_amount":396.573695,"max_stake_amount":396.573695,"amount":0.0071,"open_date":"2025-09-29 03:00:00+00:00","close_date":"2025-09-30 07:30:00+00:00","open_rate":111710.9,"close_rate":113638.33799999999,"fee_open":0.0005,"fee_close":0.0005,"trade_duration":1710,"profit_ratio":0.0324741176279738,"profit_abs":12.88482001,"exit_reason":"trailing_stop_loss","initial_stop_loss_abs":110035.2365,"initial_stop_loss_ratio":-0.03,"stop_loss_abs":113638.33799999999,"stop_loss_ratio":-0.02,"min_rate":111500.4,"max_rate":114786.2,"is_open":false,"enter_tag":"","leverage":2,"is_short":false,"open_timestamp":1759114800000,"close_timestamp":1759217400000,"orders":[{"amount":0.0071,"safe_price":111710.9,"ft_order_side":"buy","order_filled_timestamp":1759114800000,"ft_is_entry":true,"ft_order_tag":"","cost":793.5439636949999},{"amount":0.0071,"safe_price":113638.33799999999,"ft_order_side":"sell","order_filled_timestamp":1759217400000,"ft_is_entry":false,"ft_order_tag":"trailing_stop_loss","cost":807.2356158998999}],"funding_fees":0.0,"weekday":1},{"pair":"DOGE/USDT:USDT","stake_amount":399.1104,"max_stake_amount":399.1104,"amount":3280.0,"open_date":"2025-10-01 14:00:00+00:00","close_date":"2025-10-01 21:30:00+00:00","open_rate":0.24336,"close_rate":0.24488,"fee_open":0.0005,"fee_close":0.0005,"trade_duration":450,"profit_ratio":0.010480295683847753,"profit_abs":4.1848864,"exit_reason":"trailing_stop_loss","initial_stop_loss_abs":0.23971,"initial_stop_loss_ratio":-0.03,"stop_loss_abs":0.24488,"stop_loss_ratio":-0.02,"min_rate":0.24263,"max_rate":0.24735,"is_open":false,"enter_tag":"","leverage":2,"is_short":false,"open_timestamp":1759327200000,"close_timestamp":1759354200000,"orders":[{"amount":3280.0,"safe_price":0.24336,"ft_order_side":"buy","order_filled_timestamp":1759327200000,"ft_is_entry":true,"ft_order_tag":"","cost":798.6199103999999},{"amount":3280.0,"safe_price":0.24488,"ft_order_side":"sell","order_filled_timestamp":1759354200000,"ft_is_entry":false,"ft_order_tag":"trailing_stop_loss","cost":803.6080031999999}],"funding_fees":0.0,"weekday":2},{"pair":"ETH/USDT:USDT","stake_amount":398.988575,"max_stake_amount":398.988575,"amount":0.185,"open_date":"2025-10-01 14:30:00+00:00","close_date":"2025-10-02 01:30:00+00:00","open_rate":4313.39,"close_rate":4353.6834,"fee_open":0.0005,"fee_close":0.0005,"trade_duration":660,"profit_ratio":0.016665264374944873,"profit_abs":6.65257471,"exit_reason":"trailing_stop_loss","initial_stop_loss_abs":4248.68915,"initial_stop_loss_ratio":-0.03,"stop_loss_abs":4353.6834,"stop_loss_ratio":-0.02,"min_rate":4286.11,"max_rate":4397.66,"is_open":false,"enter_tag":"","leverage":2,"is_short":false,"open_timestamp":1759329000000,"close_timestamp":1759368600000,"orders":[{"amount":0.185,"safe_price":4313.39,"ft_order_side":"buy","order_filled_timestamp":1759329000000,"ft_is_entry":true,"ft_order_tag":"","cost":798.376138575},{"amount":0.185,"safe_price":4353.6834,"ft_order_side":"sell","order_filled_timestamp":1759368600000,"ft_is_entry":false,"ft_order_tag":"trailing_stop_loss","cost":805.8341447145}],"funding_fees":0.0,"weekday":3},{"pair":"DOGE/USDT:USDT","stake_amount":399.53265,"max_stake_amount":399.53265,"amount":3210.0,"open_date":"2025-10-02 00:00:00+00:00","close_date":"2025-10-02 01:30:00+00:00","open_rate":0.24893,"close_rate":0.25045,"fee_open":0.0005,"fee_close":0.0005,"trade_duration":90,"profit_ratio":0.010201061844042828,"profit_abs":4.0776951,"exit_reason":"trailing_stop_loss","initial_stop_loss_abs":0.2452,"initial_stop_loss_ratio":-0.03,"stop_loss_abs":0.25045,"stop_loss_ratio":-0.02,"min_rate":0.2466,"max_rate":0.25297,"is_open":false,"enter_tag":"","leverage":2,"is_short":false,"open_timestamp":1759363200000,"close_timestamp":1759368600000,"orders":[{"amount":3210.0,"safe_price":0.24893,"ft_order_side":"buy","order_filled_timestamp":1759363200000,"ft_is_entry":true,"ft_order_tag":"","cost":799.4648326500001},{"amount":3210.0,"safe_price":0.25045,"ft_order_side":"sell","order_filled_timestamp":1759368600000,"ft_is_entry":false,"ft_order_tag":"trailing_stop_loss","cost":804.34647225}],"funding_fees":0.0,"weekday":3},{"pair":"DOGE/USDT:USDT","stake_amount":399.34075,"max_stake_amount":399.34075,"amount":3170.0,"open_date":"2025-10-02 02:30:00+00:00","close_date":"2025-10-02 07:30:00+00:00","open_rate":0.25195,"close_rate":0.25526,"fee_open":0.0005,"fee_close":0.0005,"trade_duration":300,"profit_ratio":0.024249792150957662,"profit_abs":9.68877215,"exit_reason":"trailing_stop_loss","initial_stop_loss_abs":0.24818,"initial_stop_loss_ratio":-0.03,"stop_loss_abs":0.25526,"stop_loss_ratio":-0.02,"min_rate":0.25157,"max_rate":0.25783,"is_open":false,"enter_tag":"","leverage":2,"is_short":false,"open_timestamp":1759372200000,"close_timestamp":1759390200000,"orders":[{"amount":3170.0,"safe_price":0.25195,"ft_order_side":"buy","order_filled_timestamp":1759372200000,"ft_is_entry":true,"ft_order_tag":"","cost":799.08084075},{"amount":3170.0,"safe_price":0.25526,"ft_order_side":"sell","order_filled_timestamp":1759390200000,"ft_is_entry":false,"ft_order_tag":"trailing_stop_loss","cost":809.5787870999999}],"funding_fees":0.0,"weekday":3},{"pair":"SOL/USDT:USDT","stake_amount":399.97985,"max_stake_amount":399.97985,"amount":3.59,"open_date":"2025-10-02 08:00:00+00:00","close_date":"2025-10-02 13:00:00+00:00","open_rate":222.83,"close_rate":224.9676,"fee_open":0.0005,"fee_close":0.0005,"trade_duration":300,"profit_ratio":0.017167749657972728,"profit_abs":6.87018731,"exit_reason":"trailing_stop_loss","initial_stop_loss_abs":219.48755,"initial_stop_loss_ratio":-0.03,"stop_loss_abs":224.9676,"stop_loss_ratio":-0.02,"min_rate":222.6,"max_rate":227.26,"is_open":false,"enter_tag":"","leverage":2,"is_short":false,"open_timestamp":1759392000000,"close_timestamp":1759410000000,"orders":[{"amount":3.59,"safe_price":222.83,"ft_order_side":"buy","order_filled_timestamp":1759392000000,"ft_is_entry":true,"ft_order_tag":"","cost":800.3596798499999},{"amount":3.59,"safe_price":224.9676,"ft_order_side":"sell","order_filled_timestamp":1759410000000,"ft_is_entry":false,"ft_order_tag":"trailing_stop_loss","cost":808.037500842}],"funding_fees":0.0,"weekday":3},{"pair":"DOGE/USDT:USDT","stake_amount":399.09075,"max_stake_amount":399.09075,"amount":3110.0,"open_date":"2025-10-02 13:00:00+00:00","close_date":"2025-10-02 13:00:00+00:00","open_rate":0.25665,"close_rate":0.25281,"fee_open":0.0005,"fee_close":0.0005,"trade_duration":0,"profit_ratio":-0.031893112473570344,"profit_abs":-12.7346103,"exit_reason":"stop_loss","initial_stop_loss_abs":0.25281,"initial_stop_loss_ratio":-0.03,"stop_loss_abs":0.25281,"stop_loss_ratio":-0.03,"min_rate":0.2525,"max_rate":0.25712,"is_open":false,"enter_tag":"","leverage":2,"is_short":false,"open_timestamp":1759410000000,"close_timestamp":1759410000000,"orders":[{"amount":3110.0,"safe_price":0.25665,"ft_order_side":"buy","order_filled_timestamp":1759410000000,"ft_is_entry":true,"ft_order_tag":"","cost":798.5805907499998},{"amount":3110.0,"safe_price":0.25281,"ft_order_side":"sell","order_filled_timestamp":1759410000000,"ft_is_entry":false,"ft_order_tag":"stop_loss","cost":786.6322195499998}],"funding_fees":0.0,"weekday":3},{"pair":"ETH/USDT:USDT","stake_amount":399.6265,"max_stake_amount":399.6265,"amount":0.182,"open_date":"2025-10-02 02:00:00+00:00","close_date":"2025-10-02 16:30:00+00:00","open_rate":4391.5,"close_rate":4424.9337000000005,"fee_open":0.0005,"fee_close":0.0005,"trade_duration":870,"profit_ratio":0.01321233184244409,"profit_abs":5.28263793,"exit_reason":"trailing_stop_loss","initial_stop_loss_abs":4325.6275,"initial_stop_loss_ratio":-0.03,"stop_loss_abs":4424.9337000000005,"stop_loss_ratio":-0.02,"min_rate":4332.01,"max_rate":4469.63,"is_open":false,"enter_tag":"","leverage":2,"is_short":false,"open_timestamp":1759370400000,"close_timestamp":1759422600000,"orders":[{"amount":0.182,"safe_price":4391.5,"ft_order_side":"buy","order_filled_timestamp":1759370400000,"ft_is_entry":true,"ft_order_tag":"","cost":799.6526264999999},{"amount":0.182,"safe_price":4424.9337000000005,"ft_order_side":"sell","order_filled_timestamp":1759422600000,"ft_is_entry":false,"ft_order_tag":"trailing_stop_loss","cost":805.7406023667}],"funding_fees":0.0,"weekday":3},{"pair":"SOL/USDT:USDT","stake_amount":398.93,"max_stake_amount":398.93,"amount":3.5,"open_date":"2025-10-02 16:30:00+00:00","close_date":"2025-10-02 20:00:00+00:00","open_rate":227.96,"close_rate":231.2838,"fee_open":0.0005,"fee_close":0.0005,"trade_duration":210,"profit_ratio":0.02713310917799567,"profit_abs":10.82962335,"exit_reason":"trailing_stop_loss","initial_stop_loss_abs":224.5406,"initial_stop_loss_ratio":-0.03,"stop_loss_abs":231.2838,"stop_loss_ratio":-0.02,"min_rate":226.08,"max_rate":233.62,"is_open":false,"enter_tag":"","leverage":2,"is_short":false,"open_timestamp":1759422600000,"close_timestamp":1759435200000,"orders":[{"amount":3.5,"safe_price":227.96,"ft_order_side":"buy","order_filled_timestamp":1759422600000,"ft_is_entry":true,"ft_order_tag":"","cost":798.25893},{"amount":3.5,"safe_price":231.2838,"ft_order_side":"sell","order_filled_timestamp":1759435200000,"ft_is_entry":false,"ft_order_tag":"trailing_stop_loss","cost":809.8980466500001}],"funding_fees":0.0,"weekday":3},{"pair":"SOL/USDT:USDT","stake_amount":398.97525,"max_stake_amount":398.97525,"amount":3.45,"open_date":"2025-10-03 01:30:00+00:00","close_date":"2025-10-03 06:30:00+00:00","open_rate":231.29,"close_rate":227.82065,"fee_open":0.0005,"fee_close":0.0005,"trade_duration":300,"profit_ratio":-0.03196901548912241,"profit_abs":-12.76122337,"exit_reason":"stop_loss","initial_stop_loss_abs":227.82065,"initial_stop_loss_ratio":-0.03,"stop_loss_abs":227.82065,"stop_loss_ratio":-0.03,"min_rate":227.51,"max_rate":234.75,"is_open":false,"enter_tag":"","leverage":2,"is_short":false,"open_timestamp":1759455000000,"close_timestamp":1759473000000,"orders":[{"amount":3.45,"safe_price":231.29,"ft_order_side":"buy","order_filled_timestamp":1759455000000,"ft_is_entry":true,"ft_order_tag":"","cost":798.34947525},{"amount":3.45,"safe_price":227.82065,"ft_order_side":"sell","order_filled_timestamp":1759473000000,"ft_is_entry":false,"ft_order_tag":"stop_loss","cost":786.37423312125}],"funding_fees":0.0,"weekday":4},{"pair":"BTC/USDT:USDT","stake_amount":399.04932,"max_stake_amount":399.04932,"amount":0.0067,"open_date":"2025-10-02 13:30:00+00:00","close_date":"2025-10-03 16:00:00+00:00","open_rate":119119.2,"close_rate":122813.7424712356,"fee_open":0.0005,"fee_close":0.0005,"trade_duration":1590,"profit_ratio":0.059970014992503755,"profit_abs":23.9429592,"exit_reason":"roi","initial_stop_loss_abs":117332.412,"initial_stop_loss_ratio":-0.03,"stop_loss_abs":122544.18,"stop_loss_ratio":-0.02,"min_rate":118477.0,"max_rate":123782.0,"is_open":false,"enter_tag":"","leverage":2,"is_short":false,"open_timestamp":1759411800000,"close_timestamp":1759507200000,"orders":[{"amount":0.0067,"safe_price":119119.2,"ft_order_side":"buy","order_filled_timestamp":1759411800000,"ft_is_entry":true,"ft_order_tag":"","cost":798.49768932},{"amount":0.0067,"safe_price":122813.7424712356,"ft_order_side":"sell","order_filled_timestamp":1759507200000,"ft_is_entry":false,"ft_order_tag":"roi","cost":823.2635005945572}],"funding_fees":0.0,"weekday":4},{"pair":"ETH/USDT:USDT","stake_amount":399.91,"max_stake_amount":399.91,"amount":0.175,"open_date":"2025-10-05 07:30:00+00:00","close_date":"2025-10-05 16:30:00+00:00","open_rate":4570.4,"close_rate":4501.843999999999,"fee_open":0.0005,"fee_close":0.0005,"trade_duration":540,"profit_ratio":-0.03196901549225387,"profit_abs":-12.79112135,"exit_reason":"stop_loss","initial_stop_loss_abs":4501.843999999999,"initial_stop_loss_ratio":-0.03,"stop_loss_abs":4501.843999999999,"stop_loss_ratio":-0.03,"min_rate":4488.0,"max_rate":4618.0,"is_open":false,"enter_tag":"","leverage":2,"is_short":false,"open_timestamp":1759649400000,"close_timestamp":1759681800000,"orders":[{"amount":0.175,"safe_price":4570.4,"ft_order_side":"buy","order_filled_timestamp":1759649400000,"ft_is_entry":true,"ft_order_tag":"","cost":800.2199099999999},{"amount":0.175,"safe_price":4501.843999999999,"ft_order_side":"sell","order_filled_timestamp":1759681800000,"ft_is_entry":false,"ft_order_tag":"stop_loss","cost":788.2166113499998}],"funding_fees":0.0,"weekday":6},{"pair":"SOL/USDT:USDT","stake_amount":399.93485,"max_stake_amount":399.93485,"amount":3.47,"open_date":"2025-10-06 01:30:00+00:00","close_date":"2025-10-06 07:30:00+00:00","open_rate":230.51,"close_rate":232.48170000000002,"fee_open":0.0005,"fee_close":0.0005,"trade_duration":360,"profit_ratio":0.015091184613375564,"profit_abs":6.0385084,"exit_reason":"trailing_stop_loss","initial_stop_loss_abs":227.05235,"initial_stop_loss_ratio":-0.03,"stop_loss_abs":232.48170000000002,"stop_loss_ratio":-0.02,"min_rate":229.66,"max_rate":234.83,"is_open":false,"enter_tag":"","leverage":2,"is_short":false,"open_timestamp":1759714200000,"close_timestamp":1759735800000,"orders":[{"amount":3.47,"safe_price":230.51,"ft_order_side":"buy","order_filled_timestamp":1759714200000,"ft_is_entry":true,"ft_order_tag":"","cost":800.2696348499999},{"amount":3.47,"safe_price":232.48170000000002,"ft_order_side":"sell","order_filled_timestamp":1759735800000,"ft_is_entry":false,"ft_order_tag":"trailing_stop_loss","cost":807.1148547495001}],"funding_fees":0.0,"weekday":0},{"pair":"BTC/USDT:USDT","stake_amount":396.768,"max_stake_amount":396.768,"amount":0.0064,"open_date":"2025-10-05 09:30:00+00:00","close_date":"2025-10-06 21:00:00+00:00","open_rate":123990.0,"close_rate":124911.864,"fee_open":0.0005,"fee_close":0.0005,"trade_duration":2130,"profit_ratio":0.012856110355178085,"profit_abs":5.10344364,"exit_reason":"trailing_stop_loss","initial_stop_loss_abs":122130.15,"initial_stop_loss_ratio":-0.03,"stop_loss_abs":124911.864,"stop_loss_ratio":-0.02,"min_rate":122238.3,"max_rate":126173.6,"is_open":false,"enter_tag":"","leverage":2,"is_short":false,"open_timestamp":1759656600000,"close_timestamp":1759784400000,"orders":[{"amount":0.0064,"safe_price":123990.0,"ft_order_side":"buy","order_filled_timestamp":1759656600000,"ft_is_entry":true,"ft_order_tag":"","cost":793.932768},{"amount":0.0064,"safe_price":124911.864,"ft_order_side":"sell","order_filled_timestamp":1759784400000,"ft_is_entry":false,"ft_order_tag":"trailing_stop_loss","cost":799.8356475648}],"funding_fees":0.0,"weekday":0},{"pair":"ETH/USDT:USDT","stake_amount":399.38247,"max_stake_amount":399.38247,"amount":0.171,"open_date":"2025-10-06 16:00:00+00:00","close_date":"2025-10-07 12:30:00+00:00","open_rate":4671.14,"close_rate":4700.5199999999995,"fee_open":0.0005,"fee_close":0.0005,"trade_duration":1230,"profit_ratio":0.01056779676287042,"profit_abs":4.22270307,"exit_reason":"trailing_stop_loss","initial_stop_loss_abs":4601.0729,"initial_stop_loss_ratio":-0.03,"stop_loss_abs":4700.5199999999995,"stop_loss_ratio":-0.02,"min_rate":4637.12,"max_rate":4748.0,"is_open":false,"enter_tag":"","leverage":2,"is_short":false,"open_timestamp":1759766400000,"close_timestamp":1759840200000,"orders":[{"amount":0.171,"safe_price":4671.14,"ft_order_side":"buy","order_filled_timestamp":1759766400000,"ft_is_entry":true,"ft_order_tag":"","cost":799.1643224700001},{"amount":0.171,"safe_price":4700.5199999999995,"ft_order_side":"sell","order_filled_timestamp":1759840200000,"ft_is_entry":false,"ft_order_tag":"trailing_stop_loss","cost":804.19081446}],"funding_fees":0.0,"weekday":1},{"pair":"ETH/USDT:USDT","stake_amount":399.16704,"max_stake_amount":399.16704,"amount":0.192,"open_date":"2025-10-13 06:30:00+00:00","close_date":"2025-10-13 11:00:00+00:00","open_rate":4157.99,"close_rate":4095.6201499999997,"fee_open":0.0005,"fee_close":0.0005,"trade_duration":270,"profit_ratio":-0.03196901548123643,"profit_abs":-12.76735777,"exit_reason":"stop_loss","initial_stop_loss_abs":4095.6201499999997,"initial_stop_loss_ratio":-0.03,"stop_loss_abs":4095.6201499999997,"stop_loss_ratio":-0.03,"min_rate":4038.0,"max_rate":4196.0,"is_open":false,"enter_tag":"","leverage":2,"is_short":false,"open_timestamp":1760337000000,"close_timestamp":1760353200000,"orders":[{"amount":0.192,"safe_price":4157.99,"ft_order_side":"buy","order_filled_timestamp":1760337000000,"ft_is_entry":true,"ft_order_tag":"","cost":798.7332470399999},{"amount":0.192,"safe_price":4095.6201499999997,"ft_order_side":"sell","order_filled_timestamp":1760353200000,"ft_is_entry":false,"ft_order_tag":"stop_loss","cost":786.7522483343998}],"funding_fees":0.0,"weekday":0},{"pair":"SOL/USDT:USDT","stake_amount":399.72625,"max_stake_amount":399.72625,"amount":3.85,"open_date":"2025-10-14 02:30:00+00:00","close_date":"2025-10-14 04:00:00+00:00","open_rate":207.65,"close_rate":204.53525,"fee_open":0.0005,"fee_close":0.0005,"trade_duration":90,"profit_ratio":-0.03196901550163061,"profit_abs":-12.78524411,"exit_reason":"stop_loss","initial_stop_loss_abs":204.53525,"initial_stop_loss_ratio":-0.03,"stop_loss_abs":204.53525,"stop_loss_ratio":-0.03,"min_rate":203.66,"max_rate":208.17,"is_open":false,"enter_tag":"","leverage":2,"is_short":false,"open_timestamp":1760409000000,"close_timestamp":1760414400000,"orders":[{"amount":3.85,"safe_price":207.65,"ft_order_side":"buy","order_filled_timestamp":1760409000000,"ft_is_entry":true,"ft_order_tag":"","cost":799.85222625},{"amount":3.85,"safe_price":204.53525,"ft_order_side":"sell","order_filled_timestamp":1760414400000,"ft_is_entry":false,"ft_order_tag":"stop_loss","cost":787.85444285625}],"funding_fees":0.0,"weekday":1},{"pair":"SOL/USDT:USDT","stake_amount":399.3405,"max_stake_amount":399.3405,"amount":3.9,"open_date":"2025-10-14 04:30:00+00:00","close_date":"2025-10-14 04:30:00+00:00","open_rate":204.79,"close_rate":201.71814999999998,"fee_open":0.0005,"fee_close":0.0005,"trade_duration":0,"profit_ratio":-0.03196901548599668,"profit_abs":-12.77290589,"exit_reason":"stop_loss","initial_stop_loss_abs":201.71814999999998,"initial_stop_loss_ratio":-0.03,"stop_loss_abs":201.71814999999998,"stop_loss_ratio":-0.03,"min_rate":200.98,"max_rate":204.79,"is_open":false,"enter_tag":"","leverage":2,"is_short":false,"open_timestamp":1760416200000,"close_timestamp":1760416200000,"orders":[{"amount":3.9,"safe_price":204.79,"ft_order_side":"buy","order_filled_timestamp":1760416200000,"ft_is_entry":true,"ft_order_tag":"","cost":799.0803404999999},{"amount":3.9,"safe_price":201.71814999999998,"ft_order_side":"sell","order_filled_timestamp":1760416200000,"ft_is_entry":false,"ft_order_tag":"stop_loss","cost":787.0941353924999}],"funding_fees":0.0,"weekday":1},{"pair":"SOL/USDT:USDT","stake_amount":399.108,"max_stake_amount":399.108,"amount":3.95,"open_date":"2025-10-14 16:00:00+00:00","close_date":"2025-10-14 16:00:00+00:00","open_rate":202.08,"close_rate":206.12160000000003,"fee_open":0.0005,"fee_close":0.0005,"trade_duration":0,"profit_ratio":0.03796101949025488,"profit_abs":15.15812184,"exit_reason":"trailing_stop_loss","initial_stop_loss_abs":199.0488,"initial_stop_loss_ratio":-0.03,"stop_loss_abs":204.3558,"stop_loss_ratio":-0.02,"min_rate":199.76,"max_rate":206.42,"is_open":false,"enter_tag":"","leverage":2,"is_short":false,"open_timestamp":1760457600000,"close_timestamp":1760457600000,"orders":[{"amount":3.95,"safe_price":202.08,"ft_order_side":"buy","order_filled_timestamp":1760457600000,"ft_is_entry":true,"ft_order_tag":"","cost":798.6151080000001},{"amount":3.95,"safe_price":206.12160000000003,"ft_order_side":"sell","order_filled_timestamp":1760457600000,"ft_is_entry":false,"ft_order_tag":"trailing_stop_loss","cost":814.5874101600001}],"funding_fees":0.0,"weekday":1},{"pair":"SOL/USDT:USDT","stake_amount":399.1932,"max_stake_amount":399.1932,"amount":3.92,"open_date":"2025-10-14 16:30:00+00:00","close_date":"2025-10-14 17:00:00+00:00","open_rate":203.67,"close_rate":200.61495,"fee_open":0.0005,"fee_close":0.0005,"trade_duration":30,"profit_ratio":-0.031969015487246275,"profit_abs":-12.7681945,"exit_reason":"stop_loss","initial_stop_loss_abs":200.61495,"initial_stop_loss_ratio":-0.03,"stop_loss_abs":200.61495,"stop_loss_ratio":-0.03,"min_rate":199.03,"max_rate":204.93,"is_open":false,"enter_tag":"","leverage":2,"is_short":false,"open_timestamp":1760459400000,"close_timestamp":1760461200000,"orders":[{"amount":3.92,"safe_price":203.67,"ft_order_side":"buy","order_filled_timestamp":1760459400000,"ft_is_entry":true,"ft_order_tag":"","cost":798.7855931999999},{"amount":3.92,"safe_price":200.61495,"ft_order_side":"sell","order_filled_timestamp":1760461200000,"ft_is_entry":false,"ft_order_tag":"stop_loss","cost":786.8038093019999}],"funding_fees":0.0,"weekday":1},{"pair":"SOL/USDT:USDT","stake_amount":399.4766,"max_stake_amount":399.4766,"amount":3.94,"open_date":"2025-10-14 17:30:00+00:00","close_date":"2025-10-14 19:30:00+00:00","open_rate":202.78,"close_rate":199.7383,"fee_open":0.0005,"fee_close":0.0005,"trade_duration":120,"profit_ratio":-0.03196901548975185,"profit_abs":-12.77725905,"exit_reason":"stop_loss","initial_stop_loss_abs":199.7383,"initial_stop_loss_ratio":-0.03,"stop_loss_abs":199.7383,"stop_loss_ratio":-0.03,"min_rate":196.68,"max_rate":204.05,"is_open":false,"enter_tag":"","leverage":2,"is_short":false,"open_timestamp":1760463000000,"close_timestamp":1760470200000,"orders":[{"amount":3.94,"safe_price":202.78,"ft_order_side":"buy","order_filled_timestamp":1760463000000,"ft_is_entry":true,"ft_order_tag":"","cost":799.3526766},{"amount":3.94,"safe_price":199.7383,"ft_order_side":"sell","order_filled_timestamp":1760470200000,"ft_is_entry":false,"ft_order_tag":"stop_loss","cost":787.362386451}],"funding_fees":0.0,"weekday":1},{"pair":"DOGE/USDT:USDT","stake_amount":399.26925,"max_stake_amount":399.26925,"amount":4050.0,"open_date":"2025-10-19 17:30:00+00:00","close_date":"2025-10-20 00:00:00+00:00","open_rate":0.19717,"close_rate":0.19422,"fee_open":0.0005,"fee_close":0.0005,"trade_duration":390,"profit_ratio":-0.03189250837886833,"profit_abs":-12.74006475,"exit_reason":"stop_loss","initial_stop_loss_abs":0.19422,"initial_stop_loss_ratio":-0.03,"stop_loss_abs":0.19422,"stop_loss_ratio":-0.03,"min_rate":0.19221,"max_rate":0.19751,"is_open":false,"enter_tag":"","leverage":2,"is_short":false,"open_timestamp":1760895000000,"close_timestamp":1760918400000,"orders":[{"amount":4050.0,"safe_price":0.19717,"ft_order_side":"buy","order_filled_timestamp":1760895000000,"ft_is_entry":true,"ft_order_tag":"","cost":798.93776925},{"amount":4050.0,"safe_price":0.19422,"ft_order_side":"sell","order_filled_timestamp":1760918400000,"ft_is_entry":false,"ft_order_tag":"stop_loss","cost":786.9842954999999}],"funding_fees":0.0,"weekday":0},{"pair":"BTC/USDT:USDT","stake_amount":399.98628,"max_stake_amount":399.98628,"amount":0.0072,"open_date":"2025-10-20 14:00:00+00:00","close_date":"2025-10-21 02:00:00+00:00","open_rate":111107.3,"close_rate":109440.6905,"fee_open":0.0005,"fee_close":0.0005,"trade_duration":720,"profit_ratio":-0.031969015502748985,"profit_abs":-12.79356117,"exit_reason":"stop_loss","initial_stop_loss_abs":109440.6905,"initial_stop_loss_ratio":-0.03,"stop_loss_abs":109440.6905,"stop_loss_ratio":-0.03,"min_rate":109265.6,"max_rate":111694.0,"is_open":false,"enter_tag":"","leverage":2,"is_short":false,"open_timestamp":1760968800000,"close_timestamp":1761012000000,"orders":[{"amount":0.0072,"safe_price":111107.3,"ft_order_side":"buy","order_filled_timestamp":1760968800000,"ft_is_entry":true,"ft_order_tag":"","cost":800.37254628},{"amount":0.0072,"safe_price":109440.6905,"ft_order_side":"sell","order_filled_timestamp":1761012000000,"ft_is_entry":false,"ft_order_tag":"stop_loss","cost":788.3669580857999}],"funding_fees":0.0,"weekday":1},{"pair":"DOGE/USDT:USDT","stake_amount":399.7975,"max_stake_amount":399.7975,"amount":4090.0,"open_date":"2025-10-21 12:30:00+00:00","close_date":"2025-10-21 14:00:00+00:00","open_rate":0.1955,"close_rate":0.1974,"fee_open":0.0005,"fee_close":0.0005,"trade_duration":90,"profit_ratio":0.017418912027362277,"profit_abs":6.9675195,"exit_reason":"trailing_stop_loss","initial_stop_loss_abs":0.19257,"initial_stop_loss_ratio":-0.03,"stop_loss_abs":0.1974,"stop_loss_ratio":-0.02,"min_rate":0.19364,"max_rate":0.19939,"is_open":false,"enter_tag":"","leverage":2,"is_short":false,"open_timestamp":1761049800000,"close_timestamp":1761055200000,"orders":[{"amount":4090.0,"safe_price":0.1955,"ft_order_side":"buy","order_filled_timestamp":1761049800000,"ft_is_entry":true,"ft_order_tag":"","cost":799.9947975},{"amount":4090.0,"safe_price":0.1974,"ft_order_side":"sell","order_filled_timestamp":1761055200000,"ft_is_entry":false,"ft_order_tag":"trailing_stop_loss","cost":807.769683}],"funding_fees":0.0,"weekday":1},{"pair":"BTC/USDT:USDT","stake_amount":399.532265,"max_stake_amount":399.532265,"amount":0.0071,"open_date":"2025-10-21 17:00:00+00:00","close_date":"2025-10-21 20:00:00+00:00","open_rate":112544.3,"close_rate":110856.1355,"fee_open":0.0005,"fee_close":0.0005,"trade_duration":180,"profit_ratio":-0.03196901550219803,"profit_abs":-12.7790395,"exit_reason":"stop_loss","initial_stop_loss_abs":110856.1355,"initial_stop_loss_ratio":-0.03,"stop_loss_abs":110856.1355,"stop_loss_ratio":-0.03,"min_rate":110500.0,"max_rate":112975.0,"is_open":false,"enter_tag":"","leverage":2,"is_short":false,"open_timestamp":1761066000000,"close_timestamp":1761076800000,"orders":[{"amount":0.0071,"safe_price":112544.3,"ft_order_side":"buy","order_filled_timestamp":1761066000000,"ft_is_entry":true,"ft_order_tag":"","cost":799.464062265},{"amount":0.0071,"safe_price":110856.1355,"ft_order_side":"sell","order_filled_timestamp":1761076800000,"ft_is_entry":false,"ft_order_tag":"stop_loss","cost":787.472101331025}],"funding_fees":0.0,"weekday":1},{"pair":"DOGE/USDT:USDT","stake_amount":399.7313,"max_stake_amount":399.7313,"amount":3980.0,"open_date":"2025-10-21 17:00:00+00:00","close_date":"2025-10-21 21:00:00+00:00","open_rate":0.20087,"close_rate":0.19786,"fee_open":0.0005,"fee_close":0.0005,"trade_duration":240,"profit_ratio":-0.03193867794534056,"profit_abs":-12.7732727,"exit_reason":"stop_loss","initial_stop_loss_abs":0.19786,"initial_stop_loss_ratio":-0.03,"stop_loss_abs":0.19786,"stop_loss_ratio":-0.03,"min_rate":0.19528,"max_rate":0.20247,"is_open":false,"enter_tag":"","leverage":2,"is_short":false,"open_timestamp":1761066000000,"close_timestamp":1761080400000,"orders":[{"amount":3980.0,"safe_price":0.20087,"ft_order_side":"buy","order_filled_timestamp":1761066000000,"ft_is_entry":true,"ft_order_tag":"","cost":799.8623312999999},{"amount":3980.0,"safe_price":0.19786,"ft_order_side":"sell","order_filled_timestamp":1761080400000,"ft_is_entry":false,"ft_order_tag":"stop_loss","cost":787.8765414}],"funding_fees":0.0,"weekday":1},{"pair":"ETH/USDT:USDT","stake_amount":398.70053,"max_stake_amount":398.70053,"amount":0.202,"open_date":"2025-10-24 08:00:00+00:00","close_date":"2025-10-24 12:30:00+00:00","open_rate":3947.53,"close_rate":3989.7,"fee_open":0.0005,"fee_close":0.0005,"trade_duration":270,"profit_ratio":0.019344903700832403,"profit_abs":7.71667977,"exit_reason":"trailing_stop_loss","initial_stop_loss_abs":3888.31705,"initial_stop_loss_ratio":-0.03,"stop_loss_abs":3989.7,"stop_loss_ratio":-0.02,"min_rate":3923.4,"max_rate":4030.0,"is_open":false,"enter_tag":"","leverage":2,"is_short":false,"open_timestamp":1761292800000,"close_timestamp":1761309000000,"orders":[{"amount":0.202,"safe_price":3947.53,"ft_order_side":"buy","order_filled_timestamp":1761292800000,"ft_is_entry":true,"ft_order_tag":"","cost":797.7997605300001},{"amount":0.202,"safe_price":3989.7,"ft_order_side":"sell","order_filled_timestamp":1761309000000,"ft_is_entry":false,"ft_order_tag":"trailing_stop_loss","cost":806.3223597}],"funding_fees":0.0,"weekday":4},{"pair":"BTC/USDT:USDT","stake_amount":394.68261,"max_stake_amount":394.68261,"amount":0.0071,"open_date":"2025-10-24 07:30:00+00:00","close_date":"2025-10-25 00:00:00+00:00","open_rate":111178.2,"close_rate":110961.5,"fee_open":0.0005,"fee_close":0.0005,"trade_duration":990,"profit_ratio":-0.005893350453243264,"profit_abs":-2.32716594,"exit_reason":"force_exit","initial_stop_loss_abs":109510.527,"initial_stop_loss_ratio":-0.03,"stop_loss_abs":109510.527,"stop_loss_ratio":-0.03,"min_rate":109641.7,"max_rate":112178.3,"is_open":false,"enter_tag":"","leverage":2,"is_short":false,"open_timestamp":1761291000000,"close_timestamp":1761350400000,"orders":[{"amount":0.0071,"safe_price":111178.2,"ft_order_side":"buy","order_filled_timestamp":1761291000000,"ft_is_entry":true,"ft_order_tag":"","cost":789.7599026099999},{"amount":0.0071,"safe_price":110961.5,"ft_order_side":"sell","order_filled_timestamp":1761350400000,"ft_is_entry":false,"ft_order_tag":"force_exit","cost":788.2205633250001}],"funding_fees":0.0,"weekday":5}],"locks":[],"best_pair":{"key":"DOGE/USDT:USDT","trades":23,"profit_mean":0.001723549362344669,"profit_mean_pct":0.17,"profit_total_abs":15.895664000000004,"profit_total":0.015895664000000004,"profit_total_pct":1.59,"duration_avg":"2:48:00","wins":12,"draws":0,"losses":11,"winrate":0.5217391304347826,"cagr":0.1103327826893874,"expectancy":0.691115826086957,"expectancy_ratio":0.054200919275168236,"sortino":425.7274869145893,"sharpe":0.39947259526259704,"calmar":8.932946537087233,"sqn":0.2345,"profit_factor":1.113329194848079,"max_drawdown_account":0.06181127216702203,"max_drawdown_abs":63.7497631},"worst_pair":{"key":"SOL/USDT:USDT","trades":19,"profit_mean":-0.0038257308115415205,"profit_mean_pct":-0.38,"profit_total_abs":-29.050850960000005,"profit_total":-0.029050850960000006,"profit_total_pct":-2.91,"duration_avg":"4:52:00","wins":9,"draws":0,"losses":10,"winrate":0.47368421052631576,"cagr":-0.17769823655131822,"expectancy":-1.5289921557894735,"expectancy_ratio":-0.11965687341600073,"sortino":-1040.2403160840256,"sharpe":-0.8089946626308202,"calmar":-18.22187902941131,"sqn":-0.52,"profit_factor":0.7726519405095986,"max_drawdown_account":0.05537955247920363,"max_drawdown_abs":56.92310546},"results_per_pair":[{"key":"DOGE/USDT:USDT","trades":23,"profit_mean":0.001723549362344669,"profit_mean_pct":0.17,"profit_total_abs":15.895664000000004,"profit_total":0.015895664000000004,"profit_total_pct":1.59,"duration_avg":"2:48:00","wins":12,"draws":0,"losses":11,"winrate":0.5217391304347826,"cagr":0.1103327826893874,"expectancy":0.691115826086957,"expectancy_ratio":0.054200919275168236,"sortino":425.7274869145893,"sharpe":0.39947259526259704,"calmar":8.932946537087233,"sqn":0.2345,"profit_factor":1.113329194848079,"max_drawdown_account":0.06181127216702203,"max_drawdown_abs":63.7497631},{"key":"BTC/USDT:USDT","trades":8,"profit_mean":0.00348925753967742,"profit_mean_pct":0.35,"profit_total_abs":11.037182990000005,"profit_total":0.011037182990000005,"profit_total_pct":1.1,"duration_avg":"18:49:00","wins":4,"draws":0,"losses":4,"winrate":0.5,"cagr":0.07556433947234109,"expectancy":1.3796478737500006,"expectancy_ratio":0.14741572673796588,"sortino":0.8976299598176908,"sharpe":0.3109431583901987,"calmar":14.27679118700512,"sqn":0.296,"profit_factor":1.294831453475932,"max_drawdown_account":0.02685414800266905,"max_drawdown_abs":27.89976661},{"key":"ETH/USDT:USDT","trades":9,"profit_mean":-0.005452974384169382,"profit_mean_pct":-0.55,"profit_total_abs":-19.63941328,"profit_total":-0.01963941328,"profit_total_pct":-1.96,"duration_avg":"9:00:00","wins":5,"draws":0,"losses":4,"winrate":0.5555555555555556,"cagr":-0.12333569842030245,"expectancy":-2.18215703111111,"expectancy_ratio":-0.17075273134081437,"sortino":-734.1611516887759,"sharpe":-0.7156696225865161,"calmar":-24.937802418201485,"sqn":-0.6475,"profit_factor":0.6158063544831676,"max_drawdown_account":0.027356093050000026,"max_drawdown_abs":27.356093050000005},{"key":"SOL/USDT:USDT","trades":19,"profit_mean":-0.0038257308115415205,"profit_mean_pct":-0.38,"profit_total_abs":-29.050850960000005,"profit_total":-0.029050850960000006,"profit_total_pct":-2.91,"duration_avg":"4:52:00","wins":9,"draws":0,"losses":10,"winrate":0.47368421052631576,"cagr":-0.17769823655131822,"expectancy":-1.5289921557894735,"expectancy_ratio":-0.11965687341600073,"sortino":-1040.2403160840256,"sharpe":-0.8089946626308202,"calmar":-18.22187902941131,"sqn":-0.52,"profit_factor":0.7726519405095986,"max_drawdown_account":0.05537955247920363,"max_drawdown_abs":56.92310546},{"key":"TOTAL","trades":59,"profit_mean":-0.0009188128682282481,"profit_mean_pct":-0.09,"profit_total_abs":-21.757417250000017,"profit_total":-0.02175741725000002,"profit_total_pct":-2.18,"duration_avg":"6:35:00","wins":30,"draws":0,"losses":29,"winrate":0.5084745762711864,"cagr":-0.13582853350279833,"expectancy":-0.36876978389830484,"expectancy_ratio":-0.029989988033268467,"sortino":-3.828394113671289,"sharpe":-0.5959159317315977,"calmar":-8.676117511224183,"sqn":-0.2214,"profit_factor":0.9389858864150745,"max_drawdown_account":0.08710952741473293,"max_drawdown_abs":92.83125810000001}],"results_per_enter_tag":[{"key":"","trades":59,"profit_mean":-0.0009188128682282481,"profit_mean_pct":-0.09,"profit_total_abs":-21.757417250000017,"profit_total":-0.02175741725000002,"profit_total_pct":-2.18,"duration_avg":"6:35:00","wins":30,"draws":0,"losses":29,"winrate":0.5084745762711864,"cagr":-0.13582853350279833,"expectancy":-0.36876978389830484,"expectancy_ratio":-0.029989988033268467,"sortino":-3.828394113671289,"sharpe":-0.5959159317315977,"calmar":-8.676117511224183,"sqn":-0.2214,"profit_factor":0.9389858864150745,"max_drawdown_account":0.08710952741473293,"max_drawdown_abs":92.83125810000001},{"key":"TOTAL","trades":59,"profit_mean":-0.0009188128682282481,"profit_mean_pct":-0.09,"profit_total_abs":-21.757417250000017,"profit_total":-0.02175741725000002,"profit_total_pct":-2.18,"duration_avg":"6:35:00","wins":30,"draws":0,"losses":29,"winrate":0.5084745762711864,"cagr":-0.13582853350279833,"expectancy":-0.36876978389830484,"expectancy_ratio":-0.029989988033268467,"sortino":-3.828394113671289,"sharpe":-0.5959159317315977,"calmar":-8.676117511224183,"sqn":-0.2214,"profit_factor":0.9389858864150745,"max_drawdown_account":0.08710952741473293,"max_drawdown_abs":92.83125810000001}],"exit_reason_summary":[{"key":"trailing_stop_loss","trades":25,"profit_mean":0.021537387369593302,"profit_mean_pct":2.15,"profit_total_abs":215.08231105000002,"profit_total":0.21508231105,"profit_total_pct":21.51,"duration_avg":"8:31:00","wins":25,"draws":0,"losses":0,"winrate":1.0,"cagr":2.643125910093269,"expectancy":8.603292442,"expectancy_ratio":100.0,"sortino":-100,"sharpe":22.270964987154063,"calmar":-100,"sqn":12.5638,"profit_factor":0.0,"max_drawdown_account":0.0,"max_drawdown_abs":0.0},{"key":"roi","trades":5,"profit_mean":0.05997001499250375,"profit_mean_pct":6.0,"profit_total_abs":119.75673720000002,"profit_total":0.11975673720000002,"profit_total_pct":11.98,"duration_avg":"8:42:00","wins":5,"draws":0,"losses":0,"winrate":1.0,"cagr":1.118373968703969,"expectancy":23.951347440000003,"expectancy_ratio":100.0,"sortino":-100,"sharpe":2100.756182694032,"calmar":-100,"sqn":2419.0893,"profit_factor":0.0,"max_drawdown_account":0.0,"max_drawdown_abs":0.0},{"key":"force_exit","trades":1,"profit_mean":-0.005893350453243264,"profit_mean_pct":-0.59,"profit_total_abs":-2.32716594,"profit_total":-0.00232716594,"profit_total_pct":-0.23,"duration_avg":"16:30:00","wins":0,"draws":0,"losses":1,"winrate":0.0,"cagr":-0.015342995890171296,"expectancy":-2.32716594,"expectancy_ratio":-1.0,"sortino":-100,"sharpe":-100,"calmar":-34.736314862805294,"sqn":-100.0,"profit_factor":0.0,"max_drawdown_account":0.0023271659399999862,"max_drawdown_abs":2.32716594},{"key":"exit_signal","trades":1,"profit_mean":-0.023931589739415636,"profit_mean_pct":-2.39,"profit_total_abs":-9.53580161,"profit_total":-0.00953580161,"profit_total_pct":-0.95,"duration_avg":"5:00:00","wins":0,"draws":0,"losses":1,"winrate":0.0,"cagr":-0.061607248793962066,"expectancy":-9.53580161,"expectancy_ratio":-1.0,"sortino":-100,"sharpe":-100,"calmar":-34.73631486280502,"sqn":-100.0,"profit_factor":0.0,"max_drawdown_account":0.009535801610000021,"max_drawdown_abs":9.53580161},{"key":"stop_loss","trades":27,"profit_mean":-0.03195073252722811,"profit_mean_pct":-3.2,"profit_total_abs":-344.73349795,"profit_total":-0.34473349795,"profit_total_pct":-34.47,"duration_avg":"4:06:00","wins":0,"draws":0,"losses":27,"winrate":0.0,"cagr":-0.9395100993378241,"expectancy":-12.767907331481481,"expectancy_ratio":-1.0,"sortino":-6686.117313769015,"sharpe":-6686.117313769015,"calmar":-34.7363148628051,"sqn":-3635.0732,"profit_factor":0.0,"max_drawdown_account":0.3447334979499999,"max_drawdown_abs":344.73349794999996},{"key":"TOTAL","trades":59,"profit_mean":-0.0009188128682282481,"profit_mean_pct":-0.09,"profit_total_abs":-21.757417250000017,"profit_total":-0.02175741725000002,"profit_total_pct":-2.18,"duration_avg":"6:35:00","wins":30,"draws":0,"losses":29,"winrate":0.5084745762711864,"cagr":-0.13582853350279833,"expectancy":-0.36876978389830484,"expectancy_ratio":-0.029989988033268467,"sortino":-3.828394113671289,"sharpe":-0.5959159317315977,"calmar":-8.676117511224183,"sqn":-0.2214,"profit_factor":0.9389858864150745,"max_drawdown_account":0.08710952741473293,"max_drawdown_abs":92.83125810000001}],"mix_tag_stats":[{"key":["","trailing_stop_loss"],"trades":25,"profit_mean":0.021537387369593302,"profit_mean_pct":2.15,"profit_total_abs":215.08231105000002,"profit_total":0.21508231105,"profit_total_pct":21.51,"duration_avg":"8:31:00","wins":25,"draws":0,"losses":0,"winrate":1.0,"cagr":2.643125910093269,"expectancy":8.603292442,"expectancy_ratio":100.0,"sortino":-100,"sharpe":22.270964987154063,"calmar":-100,"sqn":12.5638,"profit_factor":0.0,"max_drawdown_account":0.0,"max_drawdown_abs":0.0},{"key":["","roi"],"trades":5,"profit_mean":0.05997001499250375,"profit_mean_pct":6.0,"profit_total_abs":119.75673720000002,"profit_total":0.11975673720000002,"profit_total_pct":11.98,"duration_avg":"8:42:00","wins":5,"draws":0,"losses":0,"winrate":1.0,"cagr":1.118373968703969,"expectancy":23.951347440000003,"expectancy_ratio":100.0,"sortino":-100,"sharpe":2100.756182694032,"calmar":-100,"sqn":2419.0893,"profit_factor":0.0,"max_drawdown_account":0.0,"max_drawdown_abs":0.0},{"key":["","force_exit"],"trades":1,"profit_mean":-0.005893350453243264,"profit_mean_pct":-0.59,"profit_total_abs":-2.32716594,"profit_total":-0.00232716594,"profit_total_pct":-0.23,"duration_avg":"16:30:00","wins":0,"draws":0,"losses":1,"winrate":0.0,"cagr":-0.015342995890171296,"expectancy":-2.32716594,"expectancy_ratio":-1.0,"sortino":-100,"sharpe":-100,"calmar":-34.736314862805294,"sqn":-100.0,"profit_factor":0.0,"max_drawdown_account":0.0023271659399999862,"max_drawdown_abs":2.32716594},{"key":["","exit_signal"],"trades":1,"profit_mean":-0.023931589739415636,"profit_mean_pct":-2.39,"profit_total_abs":-9.53580161,"profit_total":-0.00953580161,"profit_total_pct":-0.95,"duration_avg":"5:00:00","wins":0,"draws":0,"losses":1,"winrate":0.0,"cagr":-0.061607248793962066,"expectancy":-9.53580161,"expectancy_ratio":-1.0,"sortino":-100,"sharpe":-100,"calmar":-34.73631486280502,"sqn":-100.0,"profit_factor":0.0,"max_drawdown_account":0.009535801610000021,"max_drawdown_abs":9.53580161},{"key":["","stop_loss"],"trades":27,"profit_mean":-0.03195073252722811,"profit_mean_pct":-3.2,"profit_total_abs":-344.73349795,"profit_total":-0.34473349795,"profit_total_pct":-34.47,"duration_avg":"4:06:00","wins":0,"draws":0,"losses":27,"winrate":0.0,"cagr":-0.9395100993378241,"expectancy":-12.767907331481481,"expectancy_ratio":-1.0,"sortino":-6686.117313769015,"sharpe":-6686.117313769015,"calmar":-34.7363148628051,"sqn":-3635.0732,"profit_factor":0.0,"max_drawdown_account":0.3447334979499999,"max_drawdown_abs":344.73349794999996},{"key":"TOTAL","trades":59,"profit_mean":-0.0009188128682282481,"profit_mean_pct":-0.09,"profit_total_abs":-21.757417250000017,"profit_total":-0.02175741725000002,"profit_total_pct":-2.18,"duration_avg":"6:35:00","wins":30,"draws":0,"losses":29,"winrate":0.5084745762711864,"cagr":-0.13582853350279833,"expectancy":-0.36876978389830484,"expectancy_ratio":-0.029989988033268467,"sortino":-3.828394113671289,"sharpe":-0.5959159317315977,"calmar":-8.676117511224183,"sqn":-0.2214,"profit_factor":0.9389858864150745,"max_drawdown_account":0.08710952741473293,"max_drawdown_abs":92.83125810000001}],"left_open_trades":[{"key":"BTC/USDT:USDT","trades":1,"profit_mean":-0.005893350453243264,"profit_mean_pct":-0.59,"profit_total_abs":-2.32716594,"profit_total":-0.00232716594,"profit_total_pct":-0.23,"duration_avg":"16:30:00","wins":0,"draws":0,"losses":1,"winrate":0.0,"cagr":-0.015342995890171296,"expectancy":-2.32716594,"expectancy_ratio":-1.0,"sortino":-100,"sharpe":-100,"calmar":-34.736314862805294,"sqn":-100.0,"profit_factor":0.0,"max_drawdown_account":0.0023271659399999862,"max_drawdown_abs":2.32716594},{"key":"TOTAL","trades":1,"profit_mean":-0.005893350453243264,"profit_mean_pct":-0.59,"profit_total_abs":-2.32716594,"profit_total":-0.00232716594,"profit_total_pct":-0.23,"duration_avg":"16:30:00","wins":0,"draws":0,"losses":1,"winrate":0.0,"cagr":-0.015342995890171296,"expectancy":-2.32716594,"expectancy_ratio":-1.0,"sortino":-100,"sharpe":-100,"calmar":-34.736314862805294,"sqn":-100.0,"profit_factor":0.0,"max_drawdown_account":0.0023271659399999862,"max_drawdown_abs":2.32716594}],"total_trades":59,"trade_count_long":59,"trade_count_short":0,"total_volume":94292.28462477872,"avg_stake_amount":399.2364274576271,"profit_mean":-0.0009188128682282481,"profit_median":0.009747993464106517,"profit_total":-0.02175741725000002,"profit_total_long":-0.02175741725000002,"profit_total_short":0.0,"profit_total_abs":-21.757417250000017,"profit_total_long_abs":-21.757417250000017,"profit_total_short_abs":0.0,"cagr":-0.13582853350279833,"expectancy":-0.36876978389830484,"expectancy_ratio":-0.029989988033268467,"sortino":-3.828394113671289,"sharpe":-0.5959159317315977,"calmar":-8.676117511224183,"sqn":-0.2214,"profit_factor":0.9389858864150745,"backtest_start":"2025-08-30 04:00:00","backtest_start_ts":1756526400000,"backtest_end":"2025-10-25 00:00:00","backtest_end_ts":1761350400000,"backtest_days":55,"backtest_run_start_ts":1771741933,"backtest_run_end_ts":1771741934,"trades_per_day":1.07,"market_change":-0.05987355464165236,"pairlist":["BTC/USDT:USDT","ETH/USDT:USDT","SOL/USDT:USDT","DOGE/USDT:USDT"],"stake_amount":400,"stake_currency":"USDT","stake_currency_decimals":3,"starting_balance":1000,"dry_run_wallet":1000,"final_balance":978.24258275,"rejected_signals":26,"timedout_entry_orders":0,"timedout_exit_orders":1,"canceled_trade_entries":0,"canceled_entry_orders":0,"replaced_entry_orders":0,"max_open_trades":2,"max_open_trades_setting":2,"timeframe":"30m","timeframe_detail":"","timerange":"20250826-20251025","enable_protections":false,"strategy_name":"SupertrendFuturesStrategyV4","freqaimodel":null,"freqai_identifier":null,"stoploss":-0.03,"trailing_stop":true,"trailing_stop_positive":0.02,"trailing_stop_positive_offset":0.03,"trailing_only_offset_is_reached":true,"use_custom_stoploss":false,"minimal_roi":{"0":0.06},"use_exit_signal":true,"exit_profit_only":false,"exit_profit_offset":0.0,"ignore_roi_if_entry_signal":false,"trading_mode":"futures","margin_mode":"isolated","periodic_breakdown":{"day":[{"date":"31/08/2025","date_ts":1756598400000,"profit_abs":-12.77443765,"wins":0,"draws":0,"losses":1,"trades":1,"profit_factor":0.0},{"date":"01/09/2025","date_ts":1756684800000,"profit_abs":0.0,"wins":0,"draws":0,"losses":0,"trades":0,"profit_factor":0.0},{"date":"02/09/2025","date_ts":1756771200000,"profit_abs":0.0,"wins":0,"draws":0,"losses":0,"trades":0,"profit_factor":0.0},{"date":"03/09/2025","date_ts":1756857600000,"profit_abs":0.0,"wins":0,"draws":0,"losses":0,"trades":0,"profit_factor":0.0},{"date":"04/09/2025","date_ts":1756944000000,"profit_abs":-12.764926,"wins":0,"draws":0,"losses":1,"trades":1,"profit_factor":0.0},{"date":"05/09/2025","date_ts":1757030400000,"profit_abs":-22.32141194,"wins":0,"draws":0,"losses":2,"trades":2,"profit_factor":0.0},{"date":"06/09/2025","date_ts":1757116800000,"profit_abs":0.0,"wins":0,"draws":0,"losses":0,"trades":0,"profit_factor":0.0},{"date":"07/09/2025","date_ts":1757203200000,"profit_abs":10.43162455,"wins":1,"draws":0,"losses":0,"trades":1,"profit_factor":0.0},{"date":"08/09/2025","date_ts":1757289600000,"profit_abs":61.5670029,"wins":4,"draws":0,"losses":0,"trades":4,"profit_factor":0.0},{"date":"09/09/2025","date_ts":1757376000000,"profit_abs":-64.74815147,"wins":1,"draws":0,"losses":6,"trades":7,"profit_factor":0.15422268},{"date":"10/09/2025","date_ts":1757462400000,"profit_abs":0.0,"wins":0,"draws":0,"losses":0,"trades":0,"profit_factor":0.0},{"date":"11/09/2025","date_ts":1757548800000,"profit_abs":-12.748461,"wins":0,"draws":0,"losses":1,"trades":1,"profit_factor":0.0},{"date":"12/09/2025","date_ts":1757635200000,"profit_abs":32.71762185,"wins":3,"draws":0,"losses":0,"trades":3,"profit_factor":0.0},{"date":"13/09/2025","date_ts":1757721600000,"profit_abs":34.26368232,"wins":4,"draws":0,"losses":3,"trades":7,"profit_factor":1.89479333},{"date":"14/09/2025","date_ts":1757808000000,"profit_abs":-12.7875966,"wins":0,"draws":0,"losses":1,"trades":1,"profit_factor":0.0},{"date":"15/09/2025","date_ts":1757894400000,"profit_abs":0.0,"wins":0,"draws":0,"losses":0,"trades":0,"profit_factor":0.0},{"date":"16/09/2025","date_ts":1757980800000,"profit_abs":0.0,"wins":0,"draws":0,"losses":0,"trades":0,"profit_factor":0.0},{"date":"17/09/2025","date_ts":1758067200000,"profit_abs":0.0,"wins":0,"draws":0,"losses":0,"trades":0,"profit_factor":0.0},{"date":"18/09/2025","date_ts":1758153600000,"profit_abs":-4.24699453,"wins":1,"draws":0,"losses":1,"trades":2,"profit_factor":0.66772897},{"date":"19/09/2025","date_ts":1758240000000,"profit_abs":0.0,"wins":0,"draws":0,"losses":0,"trades":0,"profit_factor":0.0},{"date":"20/09/2025","date_ts":1758326400000,"profit_abs":0.0,"wins":0,"draws":0,"losses":0,"trades":0,"profit_factor":0.0},{"date":"21/09/2025","date_ts":1758412800000,"profit_abs":0.0,"wins":0,"draws":0,"losses":0,"trades":0,"profit_factor":0.0},{"date":"22/09/2025","date_ts":1758499200000,"profit_abs":0.0,"wins":0,"draws":0,"losses":0,"trades":0,"profit_factor":0.0},{"date":"23/09/2025","date_ts":1758585600000,"profit_abs":0.0,"wins":0,"draws":0,"losses":0,"trades":0,"profit_factor":0.0},{"date":"24/09/2025","date_ts":1758672000000,"profit_abs":0.0,"wins":0,"draws":0,"losses":0,"trades":0,"profit_factor":0.0},{"date":"25/09/2025","date_ts":1758758400000,"profit_abs":0.0,"wins":0,"draws":0,"losses":0,"trades":0,"profit_factor":0.0},{"date":"26/09/2025","date_ts":1758844800000,"profit_abs":0.0,"wins":0,"draws":0,"losses":0,"trades":0,"profit_factor":0.0},{"date":"27/09/2025","date_ts":1758931200000,"profit_abs":0.0,"wins":0,"draws":0,"losses":0,"trades":0,"profit_factor":0.0},{"date":"28/09/2025","date_ts":1759017600000,"profit_abs":0.0,"wins":0,"draws":0,"losses":0,"trades":0,"profit_factor":0.0},{"date":"29/09/2025","date_ts":1759104000000,"profit_abs":7.60451834,"wins":1,"draws":0,"losses":0,"trades":1,"profit_factor":0.0},{"date":"30/09/2025","date_ts":1759190400000,"profit_abs":12.88482001,"wins":1,"draws":0,"losses":0,"trades":1,"profit_factor":0.0},{"date":"01/10/2025","date_ts":1759276800000,"profit_abs":4.1848864,"wins":1,"draws":0,"losses":0,"trades":1,"profit_factor":0.0},{"date":"02/10/2025","date_ts":1759363200000,"profit_abs":30.66688025,"wins":6,"draws":0,"losses":1,"trades":7,"profit_factor":3.40815223},{"date":"03/10/2025","date_ts":1759449600000,"profit_abs":11.18173583,"wins":1,"draws":0,"losses":1,"trades":2,"profit_factor":1.87622758},{"date":"04/10/2025","date_ts":1759536000000,"profit_abs":0.0,"wins":0,"draws":0,"losses":0,"trades":0,"profit_factor":0.0},{"date":"05/10/2025","date_ts":1759622400000,"profit_abs":-12.79112135,"wins":0,"draws":0,"losses":1,"trades":1,"profit_factor":0.0},{"date":"06/10/2025","date_ts":1759708800000,"profit_abs":11.14195204,"wins":2,"draws":0,"losses":0,"trades":2,"profit_factor":0.0},{"date":"07/10/2025","date_ts":1759795200000,"profit_abs":4.22270307,"wins":1,"draws":0,"losses":0,"trades":1,"profit_factor":0.0},{"date":"08/10/2025","date_ts":1759881600000,"profit_abs":0.0,"wins":0,"draws":0,"losses":0,"trades":0,"profit_factor":0.0},{"date":"09/10/2025","date_ts":1759968000000,"profit_abs":0.0,"wins":0,"draws":0,"losses":0,"trades":0,"profit_factor":0.0},{"date":"10/10/2025","date_ts":1760054400000,"profit_abs":0.0,"wins":0,"draws":0,"losses":0,"trades":0,"profit_factor":0.0},{"date":"11/10/2025","date_ts":1760140800000,"profit_abs":0.0,"wins":0,"draws":0,"losses":0,"trades":0,"profit_factor":0.0},{"date":"12/10/2025","date_ts":1760227200000,"profit_abs":0.0,"wins":0,"draws":0,"losses":0,"trades":0,"profit_factor":0.0},{"date":"13/10/2025","date_ts":1760313600000,"profit_abs":-12.76735777,"wins":0,"draws":0,"losses":1,"trades":1,"profit_factor":0.0},{"date":"14/10/2025","date_ts":1760400000000,"profit_abs":-35.94548171,"wins":1,"draws":0,"losses":4,"trades":5,"profit_factor":0.29661552},{"date":"15/10/2025","date_ts":1760486400000,"profit_abs":0.0,"wins":0,"draws":0,"losses":0,"trades":0,"profit_factor":0.0},{"date":"16/10/2025","date_ts":1760572800000,"profit_abs":0.0,"wins":0,"draws":0,"losses":0,"trades":0,"profit_factor":0.0},{"date":"17/10/2025","date_ts":1760659200000,"profit_abs":0.0,"wins":0,"draws":0,"losses":0,"trades":0,"profit_factor":0.0},{"date":"18/10/2025","date_ts":1760745600000,"profit_abs":0.0,"wins":0,"draws":0,"losses":0,"trades":0,"profit_factor":0.0},{"date":"19/10/2025","date_ts":1760832000000,"profit_abs":0.0,"wins":0,"draws":0,"losses":0,"trades":0,"profit_factor":0.0},{"date":"20/10/2025","date_ts":1760918400000,"profit_abs":-12.74006475,"wins":0,"draws":0,"losses":1,"trades":1,"profit_factor":0.0},{"date":"21/10/2025","date_ts":1761004800000,"profit_abs":-31.37835387,"wins":1,"draws":0,"losses":3,"trades":4,"profit_factor":0.18170194},{"date":"22/10/2025","date_ts":1761091200000,"profit_abs":0.0,"wins":0,"draws":0,"losses":0,"trades":0,"profit_factor":0.0},{"date":"23/10/2025","date_ts":1761177600000,"profit_abs":0.0,"wins":0,"draws":0,"losses":0,"trades":0,"profit_factor":0.0},{"date":"24/10/2025","date_ts":1761264000000,"profit_abs":7.71667977,"wins":1,"draws":0,"losses":0,"trades":1,"profit_factor":0.0},{"date":"25/10/2025","date_ts":1761350400000,"profit_abs":-2.32716594,"wins":0,"draws":0,"losses":1,"trades":1,"profit_factor":0.0}],"week":[{"date":"01/09/2025","date_ts":1756684800000,"profit_abs":-12.77443765,"wins":0,"draws":0,"losses":1,"trades":1,"profit_factor":0.0},{"date":"08/09/2025","date_ts":1757289600000,"profit_abs":36.91228951,"wins":5,"draws":0,"losses":3,"trades":8,"profit_factor":2.05204167},{"date":"15/09/2025","date_ts":1757894400000,"profit_abs":-23.3029049,"wins":8,"draws":0,"losses":11,"trades":19,"profit_factor":0.83400474},{"date":"22/09/2025","date_ts":1758499200000,"profit_abs":-4.24699453,"wins":1,"draws":0,"losses":1,"trades":2,"profit_factor":0.66772897},{"date":"29/09/2025","date_ts":1759104000000,"profit_abs":7.60451834,"wins":1,"draws":0,"losses":0,"trades":1,"profit_factor":0.0},{"date":"06/10/2025","date_ts":1759708800000,"profit_abs":57.26915318,"wins":11,"draws":0,"losses":3,"trades":14,"profit_factor":2.49578762},{"date":"13/10/2025","date_ts":1760313600000,"profit_abs":-8.5446547,"wins":1,"draws":0,"losses":1,"trades":2,"profit_factor":0.33074213},{"date":"20/10/2025","date_ts":1760918400000,"profit_abs":-48.68554646,"wins":1,"draws":0,"losses":5,"trades":6,"profit_factor":0.23742561},{"date":"27/10/2025","date_ts":1761523200000,"profit_abs":-25.98884004,"wins":2,"draws":0,"losses":4,"trades":6,"profit_factor":0.36103029}],"month":[{"date":"31/08/2025","date_ts":1756598400000,"profit_abs":-12.77443765,"wins":0,"draws":0,"losses":1,"trades":1,"profit_factor":0.0},{"date":"30/09/2025","date_ts":1759190400000,"profit_abs":29.85172843,"wins":16,"draws":0,"losses":15,"trades":31,"profit_factor":1.15857407},{"date":"31/10/2025","date_ts":1761868800000,"profit_abs":-38.83470803,"wins":14,"draws":0,"losses":13,"trades":27,"profit_factor":0.75037312}],"year":[{"date":"31/12/2025","date_ts":1767139200000,"profit_abs":-21.75741725,"wins":30,"draws":0,"losses":29,"trades":59,"profit_factor":0.93898589}],"weekday":[{"date":"Monday","date_ts":0,"profit_abs":54.80605076,"wins":7,"draws":0,"losses":2,"trades":9,"profit_factor":3.14863147},{"date":"Tuesday","date_ts":1,"profit_abs":-114.96446397,"wins":5,"draws":0,"losses":13,"trades":18,"profit_factor":0.30746003},{"date":"Wednesday","date_ts":2,"profit_abs":4.1848864,"wins":1,"draws":0,"losses":0,"trades":1,"profit_factor":0.0},{"date":"Thursday","date_ts":3,"profit_abs":0.90649872,"wins":7,"draws":0,"losses":4,"trades":11,"profit_factor":1.01776413},{"date":"Friday","date_ts":4,"profit_abs":29.29462551,"wins":5,"draws":0,"losses":3,"trades":8,"profit_factor":1.83501782},{"date":"Saturday","date_ts":5,"profit_abs":31.93651638,"wins":4,"draws":0,"losses":4,"trades":8,"profit_factor":1.78623701},{"date":"Sunday","date_ts":6,"profit_abs":-27.92153105,"wins":1,"draws":0,"losses":3,"trades":4,"profit_factor":0.27198869}]},"backtest_best_day":0.15407920917971984,"backtest_worst_day":-0.1621027615527394,"backtest_best_day_abs":61.5670029,"backtest_worst_day_abs":-64.74815147,"winning_days":12,"draw_days":31,"losing_days":13,"daily_profit":[["2025-08-31",-12.77443765],["2025-09-01",0.0],["2025-09-02",0.0],["2025-09-03",0.0],["2025-09-04",-12.764926],["2025-09-05",-22.32141194],["2025-09-06",0.0],["2025-09-07",10.43162455],["2025-09-08",61.5670029],["2025-09-09",-64.74815147],["2025-09-10",0.0],["2025-09-11",-12.748461],["2025-09-12",32.71762185],["2025-09-13",34.26368232],["2025-09-14",-12.7875966],["2025-09-15",0.0],["2025-09-16",0.0],["2025-09-17",0.0],["2025-09-18",-4.24699453],["2025-09-19",0.0],["2025-09-20",0.0],["2025-09-21",0.0],["2025-09-22",0.0],["2025-09-23",0.0],["2025-09-24",0.0],["2025-09-25",0.0],["2025-09-26",0.0],["2025-09-27",0.0],["2025-09-28",0.0],["2025-09-29",7.60451834],["2025-09-30",12.88482001],["2025-10-01",4.1848864],["2025-10-02",30.66688025],["2025-10-03",11.18173583],["2025-10-04",0.0],["2025-10-05",-12.79112135],["2025-10-06",11.14195204],["2025-10-07",4.22270307],["2025-10-08",0.0],["2025-10-09",0.0],["2025-10-10",0.0],["2025-10-11",0.0],["2025-10-12",0.0],["2025-10-13",-12.76735777],["2025-10-14",-35.94548171],["2025-10-15",0.0],["2025-10-16",0.0],["2025-10-17",0.0],["2025-10-18",0.0],["2025-10-19",0.0],["2025-10-20",-12.74006475],["2025-10-21",-31.37835387],["2025-10-22",0.0],["2025-10-23",0.0],["2025-10-24",7.71667977],["2025-10-25",-2.32716594]],"wins":30,"losses":29,"draws":0,"winrate":0.5084745762711864,"holding_avg":"6:35:00","holding_avg_s":23700.0,"winner_holding_min":"0d 00:00","winner_holding_min_s":0.0,"winner_holding_max":"1d 11:30","winner_holding_max_s":127800.0,"winner_holding_avg":"0d 08:33","winner_holding_avg_s":30780.0,"loser_holding_min":"0d 00:00","loser_holding_min_s":0.0,"loser_holding_max":"0d 16:30","loser_holding_max_s":59400.0,"loser_holding_avg":"0d 04:33","loser_holding_avg_s":16380.0,"max_consecutive_wins":7,"max_consecutive_losses":4,"max_drawdown_account":0.08710952741473293,"max_relative_drawdown":0.08710952741473293,"max_drawdown_abs":92.83125810000001,"drawdown_start":"2025-10-07 12:30:00","drawdown_start_ts":1759840200000.0,"drawdown_end":"2025-10-21 21:00:00","drawdown_end_ts":1761080400000.0,"drawdown_duration":"14 days 08:30:00","drawdown_duration_s":1240200.0,"max_drawdown_low":-27.146931079999995,"max_drawdown_high":65.68432702000001,"csum_min":946.64123939,"csum_max":1065.68432702}},"strategy_comparison":[{"key":"SupertrendFuturesStrategyV4","trades":59,"profit_mean":-0.0009188128682282481,"profit_mean_pct":-0.09,"profit_total_abs":-21.757417250000017,"profit_total":-0.02175741725000002,"profit_total_pct":-2.18,"duration_avg":"6:35:00","wins":30,"draws":0,"losses":29,"winrate":0.5084745762711864,"cagr":-0.13582853350279833,"expectancy":-0.36876978389830484,"expectancy_ratio":-0.029989988033268467,"sortino":-3.828394113671289,"sharpe":-0.5959159317315977,"calmar":-8.676117511224183,"sqn":-0.2214,"profit_factor":0.9389858864150745,"max_drawdown_account":0.08710952741473293,"max_drawdown_abs":"92.831"}]}