{"strategy":{"SupertrendFuturesStrategyV8_1":{"trades":[{"pair":"ATOM/USDT:USDT","stake_amount":99.3095,"max_stake_amount":99.3095,"amount":83.0,"open_date":"2025-12-03 02:30:00+00:00","close_date":"2025-12-03 11:00:00+00:00","open_rate":2.393,"close_rate":2.358,"fee_open":0.0005,"fee_close":0.0005,"trade_duration":510,"profit_ratio":-0.031012010294904406,"profit_abs":-3.08132713,"exit_reason":"stop_loss","initial_stop_loss_abs":2.358,"initial_stop_loss_ratio":-0.03,"stop_loss_abs":2.358,"stop_loss_ratio":-0.03,"min_rate":2.357,"max_rate":2.407,"is_open":false,"enter_tag":"","leverage":2,"is_short":false,"open_timestamp":1764729000000,"close_timestamp":1764759600000,"orders":[{"amount":83.0,"safe_price":2.393,"ft_order_side":"buy","order_filled_timestamp":1764729000000,"ft_is_entry":true,"ft_order_tag":"","cost":198.71830949999995},{"amount":83.0,"safe_price":2.358,"ft_order_side":"sell","order_filled_timestamp":1764759600000,"ft_is_entry":false,"ft_order_tag":"stop_loss","cost":195.81185699999997}],"funding_fees":0.02083937219078045,"weekday":2},{"pair":"ATOM/USDT:USDT","stake_amount":99.535,"max_stake_amount":99.535,"amount":85.0,"open_date":"2025-12-10 20:30:00+00:00","close_date":"2025-12-10 20:30:00+00:00","open_rate":2.342,"close_rate":2.307,"fee_open":0.0005,"fee_close":0.0005,"trade_duration":0,"profit_ratio":-0.03185811022755061,"profit_abs":-3.1725825,"exit_reason":"stop_loss","initial_stop_loss_abs":2.307,"initial_stop_loss_ratio":-0.03,"stop_loss_abs":2.307,"stop_loss_ratio":-0.03,"min_rate":2.303,"max_rate":2.356,"is_open":false,"enter_tag":"","leverage":2,"is_short":false,"open_timestamp":1765398600000,"close_timestamp":1765398600000,"orders":[{"amount":85.0,"safe_price":2.342,"ft_order_side":"buy","order_filled_timestamp":1765398600000,"ft_is_entry":true,"ft_order_tag":"","cost":199.169535},{"amount":85.0,"safe_price":2.307,"ft_order_side":"sell","order_filled_timestamp":1765398600000,"ft_is_entry":false,"ft_order_tag":"stop_loss","cost":196.19304749999998}],"funding_fees":0.0,"weekday":2},{"pair":"ATOM/USDT:USDT","stake_amount":99.65,"max_stake_amount":99.65,"amount":100.0,"open_date":"2025-12-20 08:00:00+00:00","close_date":"2025-12-20 12:00:00+00:00","open_rate":1.993,"close_rate":1.964,"fee_open":0.0005,"fee_close":0.0005,"trade_duration":240,"profit_ratio":-0.031114732046921847,"profit_abs":-3.10213334,"exit_reason":"stop_loss","initial_stop_loss_abs":1.964,"initial_stop_loss_ratio":-0.03,"stop_loss_abs":1.964,"stop_loss_ratio":-0.03,"min_rate":1.963,"max_rate":2.001,"is_open":false,"enter_tag":"","leverage":2,"is_short":false,"open_timestamp":1766217600000,"close_timestamp":1766232000000,"orders":[{"amount":100.0,"safe_price":1.993,"ft_order_side":"buy","order_filled_timestamp":1766217600000,"ft_is_entry":true,"ft_order_tag":"","cost":199.39965},{"amount":100.0,"safe_price":1.964,"ft_order_side":"sell","order_filled_timestamp":1766232000000,"ft_is_entry":false,"ft_order_tag":"stop_loss","cost":196.4982}],"funding_fees":-0.00428333962116672,"weekday":5},{"pair":"ATOM/USDT:USDT","stake_amount":99.127,"max_stake_amount":99.127,"amount":98.0,"open_date":"2025-12-26 02:30:00+00:00","close_date":"2025-12-26 05:30:00+00:00","open_rate":2.023,"close_rate":2.037,"fee_open":0.0005,"fee_close":0.0005,"trade_duration":180,"profit_ratio":0.011827996036583785,"profit_abs":1.17306,"exit_reason":"trailing_stop_loss","initial_stop_loss_abs":1.993,"initial_stop_loss_ratio":-0.03,"stop_loss_abs":2.037,"stop_loss_ratio":-0.02,"min_rate":2.023,"max_rate":2.057,"is_open":false,"enter_tag":"","leverage":2,"is_short":false,"open_timestamp":1766716200000,"close_timestamp":1766727000000,"orders":[{"amount":98.0,"safe_price":2.023,"ft_order_side":"buy","order_filled_timestamp":1766716200000,"ft_is_entry":true,"ft_order_tag":"","cost":198.353127},{"amount":98.0,"safe_price":2.037,"ft_order_side":"sell","order_filled_timestamp":1766727000000,"ft_is_entry":false,"ft_order_tag":"trailing_stop_loss","cost":199.725813}],"funding_fees":0.0,"weekday":4},{"pair":"ATOM/USDT:USDT","stake_amount":99.84,"max_stake_amount":99.84,"amount":96.0,"open_date":"2025-12-27 23:30:00+00:00","close_date":"2025-12-29 09:30:00+00:00","open_rate":2.08,"close_rate":2.049,"fee_open":0.0005,"fee_close":0.0005,"trade_duration":2040,"profit_ratio":-0.03194534643735824,"profit_abs":-3.1910181,"exit_reason":"stop_loss","initial_stop_loss_abs":2.049,"initial_stop_loss_ratio":-0.03,"stop_loss_abs":2.049,"stop_loss_ratio":-0.03,"min_rate":2.027,"max_rate":2.11,"is_open":false,"enter_tag":"","leverage":2,"is_short":false,"open_timestamp":1766878200000,"close_timestamp":1767000600000,"orders":[{"amount":96.0,"safe_price":2.08,"ft_order_side":"buy","order_filled_timestamp":1766878200000,"ft_is_entry":true,"ft_order_tag":"","cost":199.77984},{"amount":96.0,"safe_price":2.049,"ft_order_side":"sell","order_filled_timestamp":1767000600000,"ft_is_entry":false,"ft_order_tag":"stop_loss","cost":196.80235199999998}],"funding_fees":-0.016826096731014595,"weekday":0},{"pair":"ATOM/USDT:USDT","stake_amount":99.123,"max_stake_amount":99.123,"amount":94.0,"open_date":"2026-01-02 10:00:00+00:00","close_date":"2026-01-02 18:30:00+00:00","open_rate":2.109,"close_rate":2.131,"fee_open":0.0005,"fee_close":0.0005,"trade_duration":510,"profit_ratio":0.01900258177762203,"profit_abs":1.88453471,"exit_reason":"trailing_stop_loss","initial_stop_loss_abs":2.078,"initial_stop_loss_ratio":-0.03,"stop_loss_abs":2.131,"stop_loss_ratio":-0.02,"min_rate":2.095,"max_rate":2.152,"is_open":false,"enter_tag":"","leverage":2,"is_short":false,"open_timestamp":1767348000000,"close_timestamp":1767378600000,"orders":[{"amount":94.0,"safe_price":2.109,"ft_order_side":"buy","order_filled_timestamp":1767348000000,"ft_is_entry":true,"ft_order_tag":"","cost":198.345123},{"amount":94.0,"safe_price":2.131,"ft_order_side":"sell","order_filled_timestamp":1767378600000,"ft_is_entry":false,"ft_order_tag":"trailing_stop_loss","cost":200.414157}],"funding_fees":0.0158147127535626,"weekday":4},{"pair":"ATOM/USDT:USDT","stake_amount":99.222,"max_stake_amount":99.222,"amount":92.0,"open_date":"2026-01-02 22:30:00+00:00","close_date":"2026-01-03 01:00:00+00:00","open_rate":2.157,"close_rate":2.178,"fee_open":0.0005,"fee_close":0.0005,"trade_duration":150,"profit_ratio":0.017552872391685074,"profit_abs":1.74250192,"exit_reason":"trailing_stop_loss","initial_stop_loss_abs":2.125,"initial_stop_loss_ratio":-0.03,"stop_loss_abs":2.178,"stop_loss_ratio":-0.02,"min_rate":2.154,"max_rate":2.199,"is_open":false,"enter_tag":"","leverage":2,"is_short":false,"open_timestamp":1767393000000,"close_timestamp":1767402000000,"orders":[{"amount":92.0,"safe_price":2.157,"ft_order_side":"buy","order_filled_timestamp":1767393000000,"ft_is_entry":true,"ft_order_tag":"","cost":198.54322200000001},{"amount":92.0,"safe_price":2.178,"ft_order_side":"sell","order_filled_timestamp":1767402000000,"ft_is_entry":false,"ft_order_tag":"trailing_stop_loss","cost":200.476188}],"funding_fees":0.009911924257993091,"weekday":5},{"pair":"ATOM/USDT:USDT","stake_amount":99.281,"max_stake_amount":99.281,"amount":91.0,"open_date":"2026-01-03 02:00:00+00:00","close_date":"2026-01-03 03:30:00+00:00","open_rate":2.182,"close_rate":2.219,"fee_open":0.0005,"fee_close":0.0005,"trade_duration":90,"profit_ratio":0.03188094312147318,"profit_abs":3.1667545,"exit_reason":"trailing_stop_loss","initial_stop_loss_abs":2.15,"initial_stop_loss_ratio":-0.03,"stop_loss_abs":2.219,"stop_loss_ratio":-0.02,"min_rate":2.179,"max_rate":2.241,"is_open":false,"enter_tag":"","leverage":2,"is_short":false,"open_timestamp":1767405600000,"close_timestamp":1767411000000,"orders":[{"amount":91.0,"safe_price":2.182,"ft_order_side":"buy","order_filled_timestamp":1767405600000,"ft_is_entry":true,"ft_order_tag":"","cost":198.66128099999997},{"amount":91.0,"safe_price":2.219,"ft_order_side":"sell","order_filled_timestamp":1767411000000,"ft_is_entry":false,"ft_order_tag":"trailing_stop_loss","cost":202.02996449999995}],"funding_fees":0.0,"weekday":5},{"pair":"ATOM/USDT:USDT","stake_amount":99.591,"max_stake_amount":99.591,"amount":89.0,"open_date":"2026-01-03 06:00:00+00:00","close_date":"2026-01-03 06:30:00+00:00","open_rate":2.238,"close_rate":2.205,"fee_open":0.0005,"fee_close":0.0005,"trade_duration":30,"profit_ratio":-0.0314601412430514,"profit_abs":-3.1347135,"exit_reason":"stop_loss","initial_stop_loss_abs":2.205,"initial_stop_loss_ratio":-0.03,"stop_loss_abs":2.205,"stop_loss_ratio":-0.03,"min_rate":2.205,"max_rate":2.254,"is_open":false,"enter_tag":"","leverage":2,"is_short":false,"open_timestamp":1767420000000,"close_timestamp":1767421800000,"orders":[{"amount":89.0,"safe_price":2.238,"ft_order_side":"buy","order_filled_timestamp":1767420000000,"ft_is_entry":true,"ft_order_tag":"","cost":199.28159099999996},{"amount":89.0,"safe_price":2.205,"ft_order_side":"sell","order_filled_timestamp":1767421800000,"ft_is_entry":false,"ft_order_tag":"stop_loss","cost":196.3431225}],"funding_fees":0.0,"weekday":5},{"pair":"ATOM/USDT:USDT","stake_amount":99.855,"max_stake_amount":99.855,"amount":90.0,"open_date":"2026-01-03 14:30:00+00:00","close_date":"2026-01-03 23:30:00+00:00","open_rate":2.219,"close_rate":2.235,"fee_open":0.0005,"fee_close":0.0005,"trade_duration":540,"profit_ratio":0.012735713861561034,"profit_abs":1.27236057,"exit_reason":"trailing_stop_loss","initial_stop_loss_abs":2.186,"initial_stop_loss_ratio":-0.03,"stop_loss_abs":2.235,"stop_loss_ratio":-0.02,"min_rate":2.205,"max_rate":2.257,"is_open":false,"enter_tag":"","leverage":2,"is_short":false,"open_timestamp":1767450600000,"close_timestamp":1767483000000,"orders":[{"amount":90.0,"safe_price":2.219,"ft_order_side":"buy","order_filled_timestamp":1767450600000,"ft_is_entry":true,"ft_order_tag":"","cost":199.80985499999997},{"amount":90.0,"safe_price":2.235,"ft_order_side":"sell","order_filled_timestamp":1767483000000,"ft_is_entry":false,"ft_order_tag":"trailing_stop_loss","cost":201.25057499999997}],"funding_fees":0.03279056635995,"weekday":5},{"pair":"ATOM/USDT:USDT","stake_amount":98.956,"max_stake_amount":98.956,"amount":88.0,"open_date":"2026-01-04 02:00:00+00:00","close_date":"2026-01-04 09:30:00+00:00","open_rate":2.249,"close_rate":2.267,"fee_open":0.0005,"fee_close":0.0005,"trade_duration":450,"profit_ratio":0.01440479818702557,"profit_abs":1.42615393,"exit_reason":"trailing_stop_loss","initial_stop_loss_abs":2.216,"initial_stop_loss_ratio":-0.03,"stop_loss_abs":2.267,"stop_loss_ratio":-0.02,"min_rate":2.237,"max_rate":2.289,"is_open":false,"enter_tag":"","leverage":2,"is_short":false,"open_timestamp":1767492000000,"close_timestamp":1767519000000,"orders":[{"amount":88.0,"safe_price":2.249,"ft_order_side":"buy","order_filled_timestamp":1767492000000,"ft_is_entry":true,"ft_order_tag":"","cost":198.010956},{"amount":88.0,"safe_price":2.267,"ft_order_side":"sell","order_filled_timestamp":1767519000000,"ft_is_entry":false,"ft_order_tag":"trailing_stop_loss","cost":199.59574799999996}],"funding_fees":0.04085793004589241,"weekday":6},{"pair":"ATOM/USDT:USDT","stake_amount":99.3975,"max_stake_amount":99.3975,"amount":87.0,"open_date":"2026-01-04 10:00:00+00:00","close_date":"2026-01-04 12:00:00+00:00","open_rate":2.285,"close_rate":2.322,"fee_open":0.0005,"fee_close":0.0005,"trade_duration":120,"profit_ratio":0.030353750914477118,"profit_abs":3.0185955,"exit_reason":"trailing_stop_loss","initial_stop_loss_abs":2.251,"initial_stop_loss_ratio":-0.03,"stop_loss_abs":2.322,"stop_loss_ratio":-0.02,"min_rate":2.282,"max_rate":2.345,"is_open":false,"enter_tag":"","leverage":2,"is_short":false,"open_timestamp":1767520800000,"close_timestamp":1767528000000,"orders":[{"amount":87.0,"safe_price":2.285,"ft_order_side":"buy","order_filled_timestamp":1767520800000,"ft_is_entry":true,"ft_order_tag":"","cost":198.8943975},{"amount":87.0,"safe_price":2.322,"ft_order_side":"sell","order_filled_timestamp":1767528000000,"ft_is_entry":false,"ft_order_tag":"trailing_stop_loss","cost":202.115007}],"funding_fees":0.0,"weekday":6},{"pair":"ATOM/USDT:USDT","stake_amount":98.9825,"max_stake_amount":98.9825,"amount":85.0,"open_date":"2026-01-04 12:30:00+00:00","close_date":"2026-01-04 12:30:00+00:00","open_rate":2.329,"close_rate":2.295,"fee_open":0.0005,"fee_close":0.0005,"trade_duration":0,"profit_ratio":-0.031166898302673482,"profit_abs":-3.08652,"exit_reason":"stop_loss","initial_stop_loss_abs":2.295,"initial_stop_loss_ratio":-0.03,"stop_loss_abs":2.295,"stop_loss_ratio":-0.03,"min_rate":2.294,"max_rate":2.329,"is_open":false,"enter_tag":"","leverage":2,"is_short":false,"open_timestamp":1767529800000,"close_timestamp":1767529800000,"orders":[{"amount":85.0,"safe_price":2.329,"ft_order_side":"buy","order_filled_timestamp":1767529800000,"ft_is_entry":true,"ft_order_tag":"","cost":198.06398249999998},{"amount":85.0,"safe_price":2.295,"ft_order_side":"sell","order_filled_timestamp":1767529800000,"ft_is_entry":false,"ft_order_tag":"stop_loss","cost":195.17253749999998}],"funding_fees":0.0,"weekday":6},{"pair":"ATOM/USDT:USDT","stake_amount":98.943,"max_stake_amount":98.943,"amount":86.0,"open_date":"2026-01-04 13:30:00+00:00","close_date":"2026-01-04 16:00:00+00:00","open_rate":2.301,"close_rate":2.321,"fee_open":0.0005,"fee_close":0.0005,"trade_duration":150,"profit_ratio":0.015635123121458788,"profit_abs":1.54775948,"exit_reason":"trailing_stop_loss","initial_stop_loss_abs":2.267,"initial_stop_loss_ratio":-0.03,"stop_loss_abs":2.321,"stop_loss_ratio":-0.02,"min_rate":2.294,"max_rate":2.344,"is_open":false,"enter_tag":"","leverage":2,"is_short":false,"open_timestamp":1767533400000,"close_timestamp":1767542400000,"orders":[{"amount":86.0,"safe_price":2.301,"ft_order_side":"buy","order_filled_timestamp":1767533400000,"ft_is_entry":true,"ft_order_tag":"","cost":197.98494300000002},{"amount":86.0,"safe_price":2.321,"ft_order_side":"sell","order_filled_timestamp":1767542400000,"ft_is_entry":false,"ft_order_tag":"trailing_stop_loss","cost":199.705803}],"funding_fees":0.026505480108870022,"weekday":6},{"pair":"ATOM/USDT:USDT","stake_amount":99.875,"max_stake_amount":99.875,"amount":85.0,"open_date":"2026-01-05 01:30:00+00:00","close_date":"2026-01-05 04:00:00+00:00","open_rate":2.35,"close_rate":2.315,"fee_open":0.0005,"fee_close":0.0005,"trade_duration":150,"profit_ratio":-0.0317564621944347,"profit_abs":-3.1732625,"exit_reason":"stop_loss","initial_stop_loss_abs":2.315,"initial_stop_loss_ratio":-0.03,"stop_loss_abs":2.315,"stop_loss_ratio":-0.03,"min_rate":2.312,"max_rate":2.385,"is_open":false,"enter_tag":"","leverage":2,"is_short":false,"open_timestamp":1767576600000,"close_timestamp":1767585600000,"orders":[{"amount":85.0,"safe_price":2.35,"ft_order_side":"buy","order_filled_timestamp":1767576600000,"ft_is_entry":true,"ft_order_tag":"","cost":199.849875},{"amount":85.0,"safe_price":2.315,"ft_order_side":"sell","order_filled_timestamp":1767585600000,"ft_is_entry":false,"ft_order_tag":"stop_loss","cost":196.8733875}],"funding_fees":0.0,"weekday":0},{"pair":"ATOM/USDT:USDT","stake_amount":98.901,"max_stake_amount":98.901,"amount":81.0,"open_date":"2026-01-06 12:30:00+00:00","close_date":"2026-01-06 14:00:00+00:00","open_rate":2.442,"close_rate":2.517739869934967,"fee_open":0.0005,"fee_close":0.0005,"trade_duration":90,"profit_ratio":0.05997001499250374,"profit_abs":5.93406,"exit_reason":"roi","initial_stop_loss_abs":2.406,"initial_stop_loss_ratio":-0.03,"stop_loss_abs":2.515,"stop_loss_ratio":-0.02,"min_rate":2.441,"max_rate":2.54,"is_open":false,"enter_tag":"","leverage":2,"is_short":false,"open_timestamp":1767702600000,"close_timestamp":1767708000000,"orders":[{"amount":81.0,"safe_price":2.442,"ft_order_side":"buy","order_filled_timestamp":1767702600000,"ft_is_entry":true,"ft_order_tag":"","cost":197.900901},{"amount":81.0,"safe_price":2.517739869934967,"ft_order_side":"sell","order_filled_timestamp":1767708000000,"ft_is_entry":false,"ft_order_tag":"roi","cost":204.03889792946467}],"funding_fees":0.0,"weekday":1},{"pair":"ATOM/USDT:USDT","stake_amount":99.96,"max_stake_amount":99.96,"amount":80.0,"open_date":"2026-01-09 14:00:00+00:00","close_date":"2026-01-09 15:00:00+00:00","open_rate":2.499,"close_rate":2.462,"fee_open":0.0005,"fee_close":0.0005,"trade_duration":60,"profit_ratio":-0.031581248191430496,"profit_abs":-3.15844,"exit_reason":"stop_loss","initial_stop_loss_abs":2.462,"initial_stop_loss_ratio":-0.03,"stop_loss_abs":2.462,"stop_loss_ratio":-0.03,"min_rate":2.453,"max_rate":2.524,"is_open":false,"enter_tag":"","leverage":2,"is_short":false,"open_timestamp":1767967200000,"close_timestamp":1767970800000,"orders":[{"amount":80.0,"safe_price":2.499,"ft_order_side":"buy","order_filled_timestamp":1767967200000,"ft_is_entry":true,"ft_order_tag":"","cost":200.01996},{"amount":80.0,"safe_price":2.462,"ft_order_side":"sell","order_filled_timestamp":1767970800000,"ft_is_entry":false,"ft_order_tag":"stop_loss","cost":197.05848}],"funding_fees":0.0,"weekday":4},{"pair":"ATOM/USDT:USDT","stake_amount":99.3425,"max_stake_amount":99.3425,"amount":79.0,"open_date":"2026-01-09 15:30:00+00:00","close_date":"2026-01-09 16:30:00+00:00","open_rate":2.515,"close_rate":2.54,"fee_open":0.0005,"fee_close":0.0005,"trade_duration":60,"profit_ratio":0.018326502148930567,"profit_abs":1.82151084,"exit_reason":"trailing_stop_loss","initial_stop_loss_abs":2.478,"initial_stop_loss_ratio":-0.03,"stop_loss_abs":2.54,"stop_loss_ratio":-0.02,"min_rate":2.487,"max_rate":2.565,"is_open":false,"enter_tag":"","leverage":2,"is_short":false,"open_timestamp":1767972600000,"close_timestamp":1767976200000,"orders":[{"amount":79.0,"safe_price":2.515,"ft_order_side":"buy","order_filled_timestamp":1767972600000,"ft_is_entry":true,"ft_order_tag":"","cost":198.78434249999998},{"amount":79.0,"safe_price":2.54,"ft_order_side":"sell","order_filled_timestamp":1767976200000,"ft_is_entry":false,"ft_order_tag":"trailing_stop_loss","cost":200.76032999999998}],"funding_fees":0.04618334381687875,"weekday":4},{"pair":"ATOM/USDT:USDT","stake_amount":99.684,"max_stake_amount":99.684,"amount":78.0,"open_date":"2026-01-09 17:00:00+00:00","close_date":"2026-01-09 19:00:00+00:00","open_rate":2.556,"close_rate":2.518,"fee_open":0.0005,"fee_close":0.0005,"trade_duration":120,"profit_ratio":-0.031703240711412686,"profit_abs":-3.161886,"exit_reason":"stop_loss","initial_stop_loss_abs":2.518,"initial_stop_loss_ratio":-0.03,"stop_loss_abs":2.518,"stop_loss_ratio":-0.03,"min_rate":2.513,"max_rate":2.586,"is_open":false,"enter_tag":"","leverage":2,"is_short":false,"open_timestamp":1767978000000,"close_timestamp":1767985200000,"orders":[{"amount":78.0,"safe_price":2.556,"ft_order_side":"buy","order_filled_timestamp":1767978000000,"ft_is_entry":true,"ft_order_tag":"","cost":199.467684},{"amount":78.0,"safe_price":2.518,"ft_order_side":"sell","order_filled_timestamp":1767985200000,"ft_is_entry":false,"ft_order_tag":"stop_loss","cost":196.50220199999998}],"funding_fees":0.0,"weekday":4},{"pair":"ATOM/USDT:USDT","stake_amount":99.408,"max_stake_amount":99.408,"amount":76.0,"open_date":"2026-01-09 20:30:00+00:00","close_date":"2026-01-09 23:30:00+00:00","open_rate":2.616,"close_rate":2.577,"fee_open":0.0005,"fee_close":0.0005,"trade_duration":180,"profit_ratio":-0.03178571264826302,"profit_abs":-3.161334,"exit_reason":"stop_loss","initial_stop_loss_abs":2.577,"initial_stop_loss_ratio":-0.03,"stop_loss_abs":2.577,"stop_loss_ratio":-0.03,"min_rate":2.574,"max_rate":2.649,"is_open":false,"enter_tag":"","leverage":2,"is_short":false,"open_timestamp":1767990600000,"close_timestamp":1768001400000,"orders":[{"amount":76.0,"safe_price":2.616,"ft_order_side":"buy","order_filled_timestamp":1767990600000,"ft_is_entry":true,"ft_order_tag":"","cost":198.91540799999999},{"amount":76.0,"safe_price":2.577,"ft_order_side":"sell","order_filled_timestamp":1768001400000,"ft_is_entry":false,"ft_order_tag":"stop_loss","cost":195.949926}],"funding_fees":0.0,"weekday":4},{"pair":"ATOM/USDT:USDT","stake_amount":99.674,"max_stake_amount":99.674,"amount":76.0,"open_date":"2026-01-13 16:00:00+00:00","close_date":"2026-01-13 21:00:00+00:00","open_rate":2.623,"close_rate":2.584,"fee_open":0.0005,"fee_close":0.0005,"trade_duration":300,"profit_ratio":-0.031569231737443075,"profit_abs":-3.14820492,"exit_reason":"stop_loss","initial_stop_loss_abs":2.584,"initial_stop_loss_ratio":-0.03,"stop_loss_abs":2.584,"stop_loss_ratio":-0.03,"min_rate":2.582,"max_rate":2.662,"is_open":false,"enter_tag":"","leverage":2,"is_short":false,"open_timestamp":1768320000000,"close_timestamp":1768338000000,"orders":[{"amount":76.0,"safe_price":2.623,"ft_order_side":"buy","order_filled_timestamp":1768320000000,"ft_is_entry":true,"ft_order_tag":"","cost":199.447674},{"amount":76.0,"safe_price":2.584,"ft_order_side":"sell","order_filled_timestamp":1768338000000,"ft_is_entry":false,"ft_order_tag":"stop_loss","cost":196.482192}],"funding_fees":0.0136610813685407,"weekday":1},{"pair":"ATOM/USDT:USDT","stake_amount":99.6,"max_stake_amount":99.6,"amount":75.0,"open_date":"2026-01-13 22:30:00+00:00","close_date":"2026-01-14 13:30:00+00:00","open_rate":2.656,"close_rate":2.617,"fee_open":0.0005,"fee_close":0.0005,"trade_duration":900,"profit_ratio":-0.03129756617675098,"profit_abs":-3.11879621,"exit_reason":"stop_loss","initial_stop_loss_abs":2.617,"initial_stop_loss_ratio":-0.03,"stop_loss_abs":2.617,"stop_loss_ratio":-0.03,"min_rate":2.612,"max_rate":2.695,"is_open":false,"enter_tag":"","leverage":2,"is_short":false,"open_timestamp":1768343400000,"close_timestamp":1768397400000,"orders":[{"amount":75.0,"safe_price":2.656,"ft_order_side":"buy","order_filled_timestamp":1768343400000,"ft_is_entry":true,"ft_order_tag":"","cost":199.2996},{"amount":75.0,"safe_price":2.617,"ft_order_side":"sell","order_filled_timestamp":1768397400000,"ft_is_entry":false,"ft_order_tag":"stop_loss","cost":196.37313749999998}],"funding_fees":0.003941288569108568,"weekday":2},{"pair":"ATOM/USDT:USDT","stake_amount":99.9585,"max_stake_amount":99.9585,"amount":97.0,"open_date":"2026-02-13 15:30:00+00:00","close_date":"2026-02-13 17:30:00+00:00","open_rate":2.061,"close_rate":2.076,"fee_open":0.0005,"fee_close":0.0005,"trade_duration":120,"profit_ratio":0.012343411171308258,"profit_abs":1.23444578,"exit_reason":"trailing_stop_loss","initial_stop_loss_abs":2.031,"initial_stop_loss_ratio":-0.03,"stop_loss_abs":2.076,"stop_loss_ratio":-0.02,"min_rate":2.048,"max_rate":2.096,"is_open":false,"enter_tag":"","leverage":2,"is_short":false,"open_timestamp":1770996600000,"close_timestamp":1771003800000,"orders":[{"amount":97.0,"safe_price":2.061,"ft_order_side":"buy","order_filled_timestamp":1770996600000,"ft_is_entry":true,"ft_order_tag":"","cost":200.0169585},{"amount":97.0,"safe_price":2.076,"ft_order_side":"sell","order_filled_timestamp":1771003800000,"ft_is_entry":false,"ft_order_tag":"trailing_stop_loss","cost":201.472686}],"funding_fees":-0.019909721480256014,"weekday":4},{"pair":"ATOM/USDT:USDT","stake_amount":99.311,"max_stake_amount":99.311,"amount":94.0,"open_date":"2026-02-13 22:30:00+00:00","close_date":"2026-02-14 14:30:00+00:00","open_rate":2.113,"close_rate":2.148,"fee_open":0.0005,"fee_close":0.0005,"trade_duration":960,"profit_ratio":0.030804624271022447,"profit_abs":3.06076766,"exit_reason":"trailing_stop_loss","initial_stop_loss_abs":2.082,"initial_stop_loss_ratio":-0.03,"stop_loss_abs":2.148,"stop_loss_ratio":-0.02,"min_rate":2.1,"max_rate":2.169,"is_open":false,"enter_tag":"","leverage":2,"is_short":false,"open_timestamp":1771021800000,"close_timestamp":1771079400000,"orders":[{"amount":94.0,"safe_price":2.113,"ft_order_side":"buy","order_filled_timestamp":1771021800000,"ft_is_entry":true,"ft_order_tag":"","cost":198.721311},{"amount":94.0,"safe_price":2.148,"ft_order_side":"sell","order_filled_timestamp":1771079400000,"ft_is_entry":false,"ft_order_tag":"trailing_stop_loss","cost":202.012956}],"funding_fees":-0.028965341735910505,"weekday":5},{"pair":"ATOM/USDT:USDT","stake_amount":99.544,"max_stake_amount":99.544,"amount":92.0,"open_date":"2026-02-14 15:00:00+00:00","close_date":"2026-02-14 19:30:00+00:00","open_rate":2.164,"close_rate":2.196,"fee_open":0.0005,"fee_close":0.0005,"trade_duration":270,"profit_ratio":0.027554214132988152,"profit_abs":2.74422812,"exit_reason":"trailing_stop_loss","initial_stop_loss_abs":2.132,"initial_stop_loss_ratio":-0.03,"stop_loss_abs":2.196,"stop_loss_ratio":-0.02,"min_rate":2.155,"max_rate":2.218,"is_open":false,"enter_tag":"","leverage":2,"is_short":false,"open_timestamp":1771081200000,"close_timestamp":1771097400000,"orders":[{"amount":92.0,"safe_price":2.164,"ft_order_side":"buy","order_filled_timestamp":1771081200000,"ft_is_entry":true,"ft_order_tag":"","cost":199.187544},{"amount":92.0,"safe_price":2.196,"ft_order_side":"sell","order_filled_timestamp":1771097400000,"ft_is_entry":false,"ft_order_tag":"trailing_stop_loss","cost":202.133016}],"funding_fees":0.0007881155403931007,"weekday":5},{"pair":"ATOM/USDT:USDT","stake_amount":99.36,"max_stake_amount":99.36,"amount":90.0,"open_date":"2026-02-14 20:00:00+00:00","close_date":"2026-02-14 23:30:00+00:00","open_rate":2.208,"close_rate":2.175,"fee_open":0.0005,"fee_close":0.0005,"trade_duration":210,"profit_ratio":-0.03186042848141147,"profit_abs":-3.167235,"exit_reason":"stop_loss","initial_stop_loss_abs":2.175,"initial_stop_loss_ratio":-0.03,"stop_loss_abs":2.175,"stop_loss_ratio":-0.03,"min_rate":2.173,"max_rate":2.212,"is_open":false,"enter_tag":"","leverage":2,"is_short":false,"open_timestamp":1771099200000,"close_timestamp":1771111800000,"orders":[{"amount":90.0,"safe_price":2.208,"ft_order_side":"buy","order_filled_timestamp":1771099200000,"ft_is_entry":true,"ft_order_tag":"","cost":198.81936000000002},{"amount":90.0,"safe_price":2.175,"ft_order_side":"sell","order_filled_timestamp":1771111800000,"ft_is_entry":false,"ft_order_tag":"stop_loss","cost":195.84787499999996}],"funding_fees":0.0,"weekday":5},{"pair":"ATOM/USDT:USDT","stake_amount":99.544,"max_stake_amount":99.544,"amount":92.0,"open_date":"2026-02-15 01:00:00+00:00","close_date":"2026-02-15 08:00:00+00:00","open_rate":2.164,"close_rate":2.2,"fee_open":0.0005,"fee_close":0.0005,"trade_duration":420,"profit_ratio":0.031183156814263445,"profit_abs":3.10564821,"exit_reason":"trailing_stop_loss","initial_stop_loss_abs":2.132,"initial_stop_loss_ratio":-0.03,"stop_loss_abs":2.2,"stop_loss_ratio":-0.02,"min_rate":2.139,"max_rate":2.222,"is_open":false,"enter_tag":"","leverage":2,"is_short":false,"open_timestamp":1771117200000,"close_timestamp":1771142400000,"orders":[{"amount":92.0,"safe_price":2.164,"ft_order_side":"buy","order_filled_timestamp":1771117200000,"ft_is_entry":true,"ft_order_tag":"","cost":199.187544},{"amount":92.0,"safe_price":2.2,"ft_order_side":"sell","order_filled_timestamp":1771142400000,"ft_is_entry":false,"ft_order_tag":"trailing_stop_loss","cost":202.50119999999998}],"funding_fees":-0.005607794350477721,"weekday":6},{"pair":"ATOM/USDT:USDT","stake_amount":98.955,"max_stake_amount":98.955,"amount":90.0,"open_date":"2026-02-16 15:30:00+00:00","close_date":"2026-02-16 15:30:00+00:00","open_rate":2.199,"close_rate":2.167,"fee_open":0.0005,"fee_close":0.0005,"trade_duration":0,"profit_ratio":-0.031074049150958856,"profit_abs":-3.07647,"exit_reason":"stop_loss","initial_stop_loss_abs":2.167,"initial_stop_loss_ratio":-0.03,"stop_loss_abs":2.167,"stop_loss_ratio":-0.03,"min_rate":2.161,"max_rate":2.203,"is_open":false,"enter_tag":"","leverage":2,"is_short":false,"open_timestamp":1771255800000,"close_timestamp":1771255800000,"orders":[{"amount":90.0,"safe_price":2.199,"ft_order_side":"buy","order_filled_timestamp":1771255800000,"ft_is_entry":true,"ft_order_tag":"","cost":198.008955},{"amount":90.0,"safe_price":2.167,"ft_order_side":"sell","order_filled_timestamp":1771255800000,"ft_is_entry":false,"ft_order_tag":"stop_loss","cost":195.12751499999996}],"funding_fees":0.0,"weekday":0},{"pair":"ATOM/USDT:USDT","stake_amount":99.765,"max_stake_amount":99.765,"amount":90.0,"open_date":"2026-02-16 16:30:00+00:00","close_date":"2026-02-16 19:30:00+00:00","open_rate":2.217,"close_rate":2.24,"fee_open":0.0005,"fee_close":0.0005,"trade_duration":180,"profit_ratio":0.018729020694884854,"profit_abs":1.869435,"exit_reason":"trailing_stop_loss","initial_stop_loss_abs":2.184,"initial_stop_loss_ratio":-0.03,"stop_loss_abs":2.24,"stop_loss_ratio":-0.02,"min_rate":2.198,"max_rate":2.262,"is_open":false,"enter_tag":"","leverage":2,"is_short":false,"open_timestamp":1771259400000,"close_timestamp":1771270200000,"orders":[{"amount":90.0,"safe_price":2.217,"ft_order_side":"buy","order_filled_timestamp":1771259400000,"ft_is_entry":true,"ft_order_tag":"","cost":199.629765},{"amount":90.0,"safe_price":2.24,"ft_order_side":"sell","order_filled_timestamp":1771270200000,"ft_is_entry":false,"ft_order_tag":"trailing_stop_loss","cost":201.70080000000002}],"funding_fees":0.0,"weekday":0},{"pair":"ATOM/USDT:USDT","stake_amount":98.986,"max_stake_amount":98.986,"amount":86.0,"open_date":"2026-02-16 22:30:00+00:00","close_date":"2026-02-17 00:30:00+00:00","open_rate":2.302,"close_rate":2.268,"fee_open":0.0005,"fee_close":0.0005,"trade_duration":120,"profit_ratio":-0.031050410785555437,"profit_abs":-3.07509274,"exit_reason":"stop_loss","initial_stop_loss_abs":2.268,"initial_stop_loss_ratio":-0.03,"stop_loss_abs":2.268,"stop_loss_ratio":-0.03,"min_rate":2.266,"max_rate":2.319,"is_open":false,"enter_tag":"","leverage":2,"is_short":false,"open_timestamp":1771281000000,"close_timestamp":1771288200000,"orders":[{"amount":86.0,"safe_price":2.302,"ft_order_side":"buy","order_filled_timestamp":1771281000000,"ft_is_entry":true,"ft_order_tag":"","cost":198.070986},{"amount":86.0,"safe_price":2.268,"ft_order_side":"sell","order_filled_timestamp":1771288200000,"ft_is_entry":false,"ft_order_tag":"stop_loss","cost":195.14552399999997}],"funding_fees":0.045417261744937286,"weekday":1},{"pair":"ATOM/USDT:USDT","stake_amount":98.9,"max_stake_amount":98.9,"amount":86.0,"open_date":"2026-02-17 14:00:00+00:00","close_date":"2026-02-17 14:30:00+00:00","open_rate":2.3,"close_rate":2.266,"fee_open":0.0005,"fee_close":0.0005,"trade_duration":30,"profit_ratio":-0.03153466744888425,"profit_abs":-3.120338,"exit_reason":"stop_loss","initial_stop_loss_abs":2.266,"initial_stop_loss_ratio":-0.03,"stop_loss_abs":2.266,"stop_loss_ratio":-0.03,"min_rate":2.248,"max_rate":2.3,"is_open":false,"enter_tag":"","leverage":2,"is_short":false,"open_timestamp":1771336800000,"close_timestamp":1771338600000,"orders":[{"amount":86.0,"safe_price":2.3,"ft_order_side":"buy","order_filled_timestamp":1771336800000,"ft_is_entry":true,"ft_order_tag":"","cost":197.89889999999997},{"amount":86.0,"safe_price":2.266,"ft_order_side":"sell","order_filled_timestamp":1771338600000,"ft_is_entry":false,"ft_order_tag":"stop_loss","cost":194.973438}],"funding_fees":0.0,"weekday":1},{"pair":"ATOM/USDT:USDT","stake_amount":99.158,"max_stake_amount":99.158,"amount":86.0,"open_date":"2026-02-18 07:30:00+00:00","close_date":"2026-02-18 13:30:00+00:00","open_rate":2.306,"close_rate":2.334,"fee_open":0.0005,"fee_close":0.0005,"trade_duration":360,"profit_ratio":0.02216610648265089,"profit_abs":2.19904576,"exit_reason":"trailing_stop_loss","initial_stop_loss_abs":2.272,"initial_stop_loss_ratio":-0.03,"stop_loss_abs":2.334,"stop_loss_ratio":-0.02,"min_rate":2.273,"max_rate":2.357,"is_open":false,"enter_tag":"","leverage":2,"is_short":false,"open_timestamp":1771399800000,"close_timestamp":1771421400000,"orders":[{"amount":86.0,"safe_price":2.306,"ft_order_side":"buy","order_filled_timestamp":1771399800000,"ft_is_entry":true,"ft_order_tag":"","cost":198.415158},{"amount":86.0,"safe_price":2.334,"ft_order_side":"sell","order_filled_timestamp":1771421400000,"ft_is_entry":false,"ft_order_tag":"trailing_stop_loss","cost":200.824362}],"funding_fees":-0.00943424041991314,"weekday":2},{"pair":"ATOM/USDT:USDT","stake_amount":99.96,"max_stake_amount":99.96,"amount":85.0,"open_date":"2026-02-18 14:00:00+00:00","close_date":"2026-02-18 15:00:00+00:00","open_rate":2.352,"close_rate":2.424948474237118,"fee_open":0.0005,"fee_close":0.0005,"trade_duration":60,"profit_ratio":0.059970014992503755,"profit_abs":5.9976,"exit_reason":"roi","initial_stop_loss_abs":2.317,"initial_stop_loss_ratio":-0.03,"stop_loss_abs":2.403,"stop_loss_ratio":-0.02,"min_rate":2.328,"max_rate":2.427,"is_open":false,"enter_tag":"","leverage":2,"is_short":false,"open_timestamp":1771423200000,"close_timestamp":1771426800000,"orders":[{"amount":85.0,"safe_price":2.352,"ft_order_side":"buy","order_filled_timestamp":1771423200000,"ft_is_entry":true,"ft_order_tag":"","cost":200.01995999999997},{"amount":85.0,"safe_price":2.424948474237118,"ft_order_side":"sell","order_filled_timestamp":1771426800000,"ft_is_entry":false,"ft_order_tag":"roi","cost":206.2236806203101}],"funding_fees":0.0,"weekday":2},{"pair":"ATOM/USDT:USDT","stake_amount":98.974,"max_stake_amount":98.974,"amount":82.0,"open_date":"2026-02-18 15:30:00+00:00","close_date":"2026-02-18 16:00:00+00:00","open_rate":2.414,"close_rate":2.448,"fee_open":0.0005,"fee_close":0.0005,"trade_duration":30,"profit_ratio":0.026479927433781438,"profit_abs":2.62213475,"exit_reason":"trailing_stop_loss","initial_stop_loss_abs":2.378,"initial_stop_loss_ratio":-0.03,"stop_loss_abs":2.448,"stop_loss_ratio":-0.02,"min_rate":2.399,"max_rate":2.472,"is_open":false,"enter_tag":"","leverage":2,"is_short":false,"open_timestamp":1771428600000,"close_timestamp":1771430400000,"orders":[{"amount":82.0,"safe_price":2.414,"ft_order_side":"buy","order_filled_timestamp":1771428600000,"ft_is_entry":true,"ft_order_tag":"","cost":198.046974},{"amount":82.0,"safe_price":2.448,"ft_order_side":"sell","order_filled_timestamp":1771430400000,"ft_is_entry":false,"ft_order_tag":"trailing_stop_loss","cost":200.836368}],"funding_fees":0.03347675478564823,"weekday":2},{"pair":"ATOM/USDT:USDT","stake_amount":99.204,"max_stake_amount":99.204,"amount":84.0,"open_date":"2026-02-20 13:30:00+00:00","close_date":"2026-02-20 13:30:00+00:00","open_rate":2.362,"close_rate":2.327,"fee_open":0.0005,"fee_close":0.0005,"trade_duration":0,"profit_ratio":-0.03160528118667169,"profit_abs":-3.136938,"exit_reason":"stop_loss","initial_stop_loss_abs":2.327,"initial_stop_loss_ratio":-0.03,"stop_loss_abs":2.327,"stop_loss_ratio":-0.03,"min_rate":2.326,"max_rate":2.369,"is_open":false,"enter_tag":"","leverage":2,"is_short":false,"open_timestamp":1771594200000,"close_timestamp":1771594200000,"orders":[{"amount":84.0,"safe_price":2.362,"ft_order_side":"buy","order_filled_timestamp":1771594200000,"ft_is_entry":true,"ft_order_tag":"","cost":198.507204},{"amount":84.0,"safe_price":2.327,"ft_order_side":"sell","order_filled_timestamp":1771594200000,"ft_is_entry":false,"ft_order_tag":"stop_loss","cost":195.565734}],"funding_fees":0.0,"weekday":4},{"pair":"ATOM/USDT:USDT","stake_amount":99.12,"max_stake_amount":99.12,"amount":84.0,"open_date":"2026-02-20 15:00:00+00:00","close_date":"2026-02-21 02:30:00+00:00","open_rate":2.36,"close_rate":2.383,"fee_open":0.0005,"fee_close":0.0005,"trade_duration":690,"profit_ratio":0.017590927498317022,"profit_abs":1.74448454,"exit_reason":"trailing_stop_loss","initial_stop_loss_abs":2.325,"initial_stop_loss_ratio":-0.03,"stop_loss_abs":2.383,"stop_loss_ratio":-0.02,"min_rate":2.328,"max_rate":2.407,"is_open":false,"enter_tag":"","leverage":2,"is_short":false,"open_timestamp":1771599600000,"close_timestamp":1771641000000,"orders":[{"amount":84.0,"safe_price":2.36,"ft_order_side":"buy","order_filled_timestamp":1771599600000,"ft_is_entry":true,"ft_order_tag":"","cost":198.33911999999998},{"amount":84.0,"safe_price":2.383,"ft_order_side":"sell","order_filled_timestamp":1771641000000,"ft_is_entry":false,"ft_order_tag":"trailing_stop_loss","cost":200.27208599999997}],"funding_fees":0.011690537465000437,"weekday":5},{"pair":"ATOM/USDT:USDT","stake_amount":99.7245,"max_stake_amount":99.7245,"amount":83.0,"open_date":"2026-02-21 05:30:00+00:00","close_date":"2026-02-21 06:30:00+00:00","open_rate":2.403,"close_rate":2.367,"fee_open":0.0005,"fee_close":0.0005,"trade_duration":60,"profit_ratio":-0.03193159974319956,"profit_abs":-3.185955,"exit_reason":"stop_loss","initial_stop_loss_abs":2.367,"initial_stop_loss_ratio":-0.03,"stop_loss_abs":2.367,"stop_loss_ratio":-0.03,"min_rate":2.358,"max_rate":2.409,"is_open":false,"enter_tag":"","leverage":2,"is_short":false,"open_timestamp":1771651800000,"close_timestamp":1771655400000,"orders":[{"amount":83.0,"safe_price":2.403,"ft_order_side":"buy","order_filled_timestamp":1771651800000,"ft_is_entry":true,"ft_order_tag":"","cost":199.5487245},{"amount":83.0,"safe_price":2.367,"ft_order_side":"sell","order_filled_timestamp":1771655400000,"ft_is_entry":false,"ft_order_tag":"stop_loss","cost":196.5592305}],"funding_fees":0.0,"weekday":5}],"locks":[],"best_pair":{"key":"ATOM/USDT:USDT","trades":37,"profit_mean":-0.002399876674698244,"profit_mean_pct":-0.24,"profit_total_abs":-8.88716567,"profit_total":-0.00888716567,"profit_total_pct":-0.89,"duration_avg":"4:41:00","wins":19,"draws":0,"losses":18,"winrate":0.5135135135135135,"cagr":-0.03717864264244242,"expectancy":-0.2401936667567568,"expectancy_ratio":-0.07658660613131707,"sortino":-52.38204674318923,"sharpe":-0.6621756630269945,"calmar":-13.05097664885884,"sqn":-0.4834,"profit_factor":0.8425719762856263,"max_drawdown_account":0.015127537719999964,"max_drawdown_abs":15.127537720000007},"worst_pair":{"key":"ATOM/USDT:USDT","trades":37,"profit_mean":-0.002399876674698244,"profit_mean_pct":-0.24,"profit_total_abs":-8.88716567,"profit_total":-0.00888716567,"profit_total_pct":-0.89,"duration_avg":"4:41:00","wins":19,"draws":0,"losses":18,"winrate":0.5135135135135135,"cagr":-0.03717864264244242,"expectancy":-0.2401936667567568,"expectancy_ratio":-0.07658660613131707,"sortino":-52.38204674318923,"sharpe":-0.6621756630269945,"calmar":-13.05097664885884,"sqn":-0.4834,"profit_factor":0.8425719762856263,"max_drawdown_account":0.015127537719999964,"max_drawdown_abs":15.127537720000007},"results_per_pair":[{"key":"ATOM/USDT:USDT","trades":37,"profit_mean":-0.002399876674698244,"profit_mean_pct":-0.24,"profit_total_abs":-8.88716567,"profit_total":-0.00888716567,"profit_total_pct":-0.89,"duration_avg":"4:41:00","wins":19,"draws":0,"losses":18,"winrate":0.5135135135135135,"cagr":-0.03717864264244242,"expectancy":-0.2401936667567568,"expectancy_ratio":-0.07658660613131707,"sortino":-52.38204674318923,"sharpe":-0.6621756630269945,"calmar":-13.05097664885884,"sqn":-0.4834,"profit_factor":0.8425719762856263,"max_drawdown_account":0.015127537719999964,"max_drawdown_abs":15.127537720000007},{"key":"TOTAL","trades":37,"profit_mean":-0.002399876674698244,"profit_mean_pct":-0.24,"profit_total_abs":-8.88716567,"profit_total":-0.00888716567,"profit_total_pct":-0.89,"duration_avg":"4:41:00","wins":19,"draws":0,"losses":18,"winrate":0.5135135135135135,"cagr":-0.03717864264244242,"expectancy":-0.2401936667567568,"expectancy_ratio":-0.07658660613131707,"sortino":-52.38204674318923,"sharpe":-0.6621756630269945,"calmar":-13.05097664885884,"sqn":-0.4834,"profit_factor":0.8425719762856263,"max_drawdown_account":0.015127537719999964,"max_drawdown_abs":15.127537720000007}],"results_per_enter_tag":[{"key":"","trades":37,"profit_mean":-0.002399876674698244,"profit_mean_pct":-0.24,"profit_total_abs":-8.88716567,"profit_total":-0.00888716567,"profit_total_pct":-0.89,"duration_avg":"4:41:00","wins":19,"draws":0,"losses":18,"winrate":0.5135135135135135,"cagr":-0.03717864264244242,"expectancy":-0.2401936667567568,"expectancy_ratio":-0.07658660613131707,"sortino":-52.38204674318923,"sharpe":-0.6621756630269945,"calmar":-13.05097664885884,"sqn":-0.4834,"profit_factor":0.8425719762856263,"max_drawdown_account":0.015127537719999964,"max_drawdown_abs":15.127537720000007},{"key":"TOTAL","trades":37,"profit_mean":-0.002399876674698244,"profit_mean_pct":-0.24,"profit_total_abs":-8.88716567,"profit_total":-0.00888716567,"profit_total_pct":-0.89,"duration_avg":"4:41:00","wins":19,"draws":0,"losses":18,"winrate":0.5135135135135135,"cagr":-0.03717864264244242,"expectancy":-0.2401936667567568,"expectancy_ratio":-0.07658660613131707,"sortino":-52.38204674318923,"sharpe":-0.6621756630269945,"calmar":-13.05097664885884,"sqn":-0.4834,"profit_factor":0.8425719762856263,"max_drawdown_account":0.015127537719999964,"max_drawdown_abs":15.127537720000007}],"exit_reason_summary":[{"key":"trailing_stop_loss","trades":17,"profit_mean":0.02109245118000198,"profit_mean_pct":2.11,"profit_total_abs":35.63342127,"profit_total":0.03563342127,"profit_total_pct":3.56,"duration_avg":"5:11:00","wins":17,"draws":0,"losses":0,"winrate":1.0,"cagr":0.16021195450252268,"expectancy":2.096083604117647,"expectancy_ratio":100.0,"sortino":-100,"sharpe":11.470008855853996,"calmar":-100,"sqn":12.1486,"profit_factor":0.0,"max_drawdown_account":0.0,"max_drawdown_abs":0.0},{"key":"roi","trades":2,"profit_mean":0.05997001499250375,"profit_mean_pct":6.0,"profit_total_abs":11.93166,"profit_total":0.01193166,"profit_total_pct":1.19,"duration_avg":"1:15:00","wins":2,"draws":0,"losses":0,"winrate":1.0,"cagr":0.051629068829895264,"expectancy":5.96583,"expectancy_ratio":100.0,"sortino":-100,"sharpe":83.43180425725689,"calmar":-100,"sqn":187.7819,"profit_factor":0.0,"max_drawdown_account":0.0,"max_drawdown_abs":0.0},{"key":"stop_loss","trades":18,"profit_mean":-0.03151706316715979,"profit_mean_pct":-3.15,"profit_total_abs":-56.45224694,"profit_total":-0.05645224694,"profit_total_pct":-5.65,"duration_avg":"4:35:00","wins":0,"draws":0,"losses":18,"winrate":0.0,"cagr":-0.21856432942930648,"expectancy":-3.1362359411111114,"expectancy_ratio":-1.0,"sortino":-332.7364817729499,"sharpe":-332.7364817729499,"calmar":-22.21508508667767,"sqn":-343.0871,"profit_factor":0.0,"max_drawdown_account":0.056452246940000006,"max_drawdown_abs":56.452246939999995},{"key":"TOTAL","trades":37,"profit_mean":-0.002399876674698244,"profit_mean_pct":-0.24,"profit_total_abs":-8.88716567,"profit_total":-0.00888716567,"profit_total_pct":-0.89,"duration_avg":"4:41:00","wins":19,"draws":0,"losses":18,"winrate":0.5135135135135135,"cagr":-0.03717864264244242,"expectancy":-0.2401936667567568,"expectancy_ratio":-0.07658660613131707,"sortino":-52.38204674318923,"sharpe":-0.6621756630269945,"calmar":-13.05097664885884,"sqn":-0.4834,"profit_factor":0.8425719762856263,"max_drawdown_account":0.015127537719999964,"max_drawdown_abs":15.127537720000007}],"mix_tag_stats":[{"key":["","trailing_stop_loss"],"trades":17,"profit_mean":0.02109245118000198,"profit_mean_pct":2.11,"profit_total_abs":35.63342127,"profit_total":0.03563342127,"profit_total_pct":3.56,"duration_avg":"5:11:00","wins":17,"draws":0,"losses":0,"winrate":1.0,"cagr":0.16021195450252268,"expectancy":2.096083604117647,"expectancy_ratio":100.0,"sortino":-100,"sharpe":11.470008855853996,"calmar":-100,"sqn":12.1486,"profit_factor":0.0,"max_drawdown_account":0.0,"max_drawdown_abs":0.0},{"key":["","roi"],"trades":2,"profit_mean":0.05997001499250375,"profit_mean_pct":6.0,"profit_total_abs":11.93166,"profit_total":0.01193166,"profit_total_pct":1.19,"duration_avg":"1:15:00","wins":2,"draws":0,"losses":0,"winrate":1.0,"cagr":0.051629068829895264,"expectancy":5.96583,"expectancy_ratio":100.0,"sortino":-100,"sharpe":83.43180425725689,"calmar":-100,"sqn":187.7819,"profit_factor":0.0,"max_drawdown_account":0.0,"max_drawdown_abs":0.0},{"key":["","stop_loss"],"trades":18,"profit_mean":-0.03151706316715979,"profit_mean_pct":-3.15,"profit_total_abs":-56.45224694,"profit_total":-0.05645224694,"profit_total_pct":-5.65,"duration_avg":"4:35:00","wins":0,"draws":0,"losses":18,"winrate":0.0,"cagr":-0.21856432942930648,"expectancy":-3.1362359411111114,"expectancy_ratio":-1.0,"sortino":-332.7364817729499,"sharpe":-332.7364817729499,"calmar":-22.21508508667767,"sqn":-343.0871,"profit_factor":0.0,"max_drawdown_account":0.056452246940000006,"max_drawdown_abs":56.452246939999995},{"key":"TOTAL","trades":37,"profit_mean":-0.002399876674698244,"profit_mean_pct":-0.24,"profit_total_abs":-8.88716567,"profit_total":-0.00888716567,"profit_total_pct":-0.89,"duration_avg":"4:41:00","wins":19,"draws":0,"losses":18,"winrate":0.5135135135135135,"cagr":-0.03717864264244242,"expectancy":-0.2401936667567568,"expectancy_ratio":-0.07658660613131707,"sortino":-52.38204674318923,"sharpe":-0.6621756630269945,"calmar":-13.05097664885884,"sqn":-0.4834,"profit_factor":0.8425719762856263,"max_drawdown_account":0.015127537719999964,"max_drawdown_abs":15.127537720000007}],"left_open_trades":[{"key":"TOTAL","trades":0,"profit_mean":0.0,"profit_mean_pct":0.0,"profit_total_abs":0.0,"profit_total":0.0,"profit_total_pct":0.0,"duration_avg":"0:00","wins":0,"draws":0,"losses":0,"winrate":0.0,"cagr":0.0,"expectancy":0.0,"expectancy_ratio":100.0,"sortino":0,"sharpe":0,"calmar":0,"sqn":0.0,"profit_factor":0.0,"max_drawdown_account":0.0,"max_drawdown_abs":0.0}],"total_trades":37,"trade_count_long":37,"trade_count_short":0,"total_volume":14716.489117049774,"avg_stake_amount":99.39786486486487,"profit_mean":-0.002399876674698244,"profit_median":0.011827996036583785,"profit_total":-0.00888716567,"profit_total_long":-0.00888716567,"profit_total_short":0.0,"profit_total_abs":-8.88716567,"profit_total_long_abs":-8.88716567,"profit_total_short_abs":0.0,"cagr":-0.03717864264244286,"expectancy":-0.2401936667567568,"expectancy_ratio":-0.07658660613131707,"sortino":-52.38204674318923,"sharpe":-0.6621756630269945,"calmar":-13.05097664885884,"sqn":-0.4834,"profit_factor":0.8425719762856263,"backtest_start":"2025-11-28 04:00:00","backtest_start_ts":1764302400000,"backtest_end":"2026-02-22 04:00:00","backtest_end_ts":1771732800000,"backtest_days":86,"backtest_run_start_ts":1771816742,"backtest_run_end_ts":1771816742,"trades_per_day":0.43,"market_change":-0.08360128617363352,"pairlist":["ATOM/USDT:USDT"],"stake_amount":100.0,"stake_currency":"USDT","stake_currency_decimals":3,"starting_balance":1000,"dry_run_wallet":1000,"final_balance":991.1128343299999,"rejected_signals":0,"timedout_entry_orders":0,"timedout_exit_orders":0,"canceled_trade_entries":0,"canceled_entry_orders":0,"replaced_entry_orders":0,"max_open_trades":1,"max_open_trades_setting":1,"timeframe":"30m","timeframe_detail":"","timerange":"20251125-20260223","enable_protections":false,"strategy_name":"SupertrendFuturesStrategyV8_1","freqaimodel":null,"freqai_identifier":null,"stoploss":-0.03,"trailing_stop":true,"trailing_stop_positive":0.02,"trailing_stop_positive_offset":0.03,"trailing_only_offset_is_reached":true,"use_custom_stoploss":false,"minimal_roi":{"0":0.06},"use_exit_signal":true,"exit_profit_only":false,"exit_profit_offset":0.0,"ignore_roi_if_entry_signal":false,"trading_mode":"futures","margin_mode":"isolated","periodic_breakdown":{"day":[{"date":"03/12/2025","date_ts":1764720000000,"profit_abs":-3.08132713,"wins":0,"draws":0,"losses":1,"trades":1,"profit_factor":0.0},{"date":"04/12/2025","date_ts":1764806400000,"profit_abs":0.0,"wins":0,"draws":0,"losses":0,"trades":0,"profit_factor":0.0},{"date":"05/12/2025","date_ts":1764892800000,"profit_abs":0.0,"wins":0,"draws":0,"losses":0,"trades":0,"profit_factor":0.0},{"date":"06/12/2025","date_ts":1764979200000,"profit_abs":0.0,"wins":0,"draws":0,"losses":0,"trades":0,"profit_factor":0.0},{"date":"07/12/2025","date_ts":1765065600000,"profit_abs":0.0,"wins":0,"draws":0,"losses":0,"trades":0,"profit_factor":0.0},{"date":"08/12/2025","date_ts":1765152000000,"profit_abs":0.0,"wins":0,"draws":0,"losses":0,"trades":0,"profit_factor":0.0},{"date":"09/12/2025","date_ts":1765238400000,"profit_abs":0.0,"wins":0,"draws":0,"losses":0,"trades":0,"profit_factor":0.0},{"date":"10/12/2025","date_ts":1765324800000,"profit_abs":-3.1725825,"wins":0,"draws":0,"losses":1,"trades":1,"profit_factor":0.0},{"date":"11/12/2025","date_ts":1765411200000,"profit_abs":0.0,"wins":0,"draws":0,"losses":0,"trades":0,"profit_factor":0.0},{"date":"12/12/2025","date_ts":1765497600000,"profit_abs":0.0,"wins":0,"draws":0,"losses":0,"trades":0,"profit_factor":0.0},{"date":"13/12/2025","date_ts":1765584000000,"profit_abs":0.0,"wins":0,"draws":0,"losses":0,"trades":0,"profit_factor":0.0},{"date":"14/12/2025","date_ts":1765670400000,"profit_abs":0.0,"wins":0,"draws":0,"losses":0,"trades":0,"profit_factor":0.0},{"date":"15/12/2025","date_ts":1765756800000,"profit_abs":0.0,"wins":0,"draws":0,"losses":0,"trades":0,"profit_factor":0.0},{"date":"16/12/2025","date_ts":1765843200000,"profit_abs":0.0,"wins":0,"draws":0,"losses":0,"trades":0,"profit_factor":0.0},{"date":"17/12/2025","date_ts":1765929600000,"profit_abs":0.0,"wins":0,"draws":0,"losses":0,"trades":0,"profit_factor":0.0},{"date":"18/12/2025","date_ts":1766016000000,"profit_abs":0.0,"wins":0,"draws":0,"losses":0,"trades":0,"profit_factor":0.0},{"date":"19/12/2025","date_ts":1766102400000,"profit_abs":0.0,"wins":0,"draws":0,"losses":0,"trades":0,"profit_factor":0.0},{"date":"20/12/2025","date_ts":1766188800000,"profit_abs":-3.10213334,"wins":0,"draws":0,"losses":1,"trades":1,"profit_factor":0.0},{"date":"21/12/2025","date_ts":1766275200000,"profit_abs":0.0,"wins":0,"draws":0,"losses":0,"trades":0,"profit_factor":0.0},{"date":"22/12/2025","date_ts":1766361600000,"profit_abs":0.0,"wins":0,"draws":0,"losses":0,"trades":0,"profit_factor":0.0},{"date":"23/12/2025","date_ts":1766448000000,"profit_abs":0.0,"wins":0,"draws":0,"losses":0,"trades":0,"profit_factor":0.0},{"date":"24/12/2025","date_ts":1766534400000,"profit_abs":0.0,"wins":0,"draws":0,"losses":0,"trades":0,"profit_factor":0.0},{"date":"25/12/2025","date_ts":1766620800000,"profit_abs":0.0,"wins":0,"draws":0,"losses":0,"trades":0,"profit_factor":0.0},{"date":"26/12/2025","date_ts":1766707200000,"profit_abs":1.17306,"wins":1,"draws":0,"losses":0,"trades":1,"profit_factor":0.0},{"date":"27/12/2025","date_ts":1766793600000,"profit_abs":0.0,"wins":0,"draws":0,"losses":0,"trades":0,"profit_factor":0.0},{"date":"28/12/2025","date_ts":1766880000000,"profit_abs":0.0,"wins":0,"draws":0,"losses":0,"trades":0,"profit_factor":0.0},{"date":"29/12/2025","date_ts":1766966400000,"profit_abs":-3.1910181,"wins":0,"draws":0,"losses":1,"trades":1,"profit_factor":0.0},{"date":"30/12/2025","date_ts":1767052800000,"profit_abs":0.0,"wins":0,"draws":0,"losses":0,"trades":0,"profit_factor":0.0},{"date":"31/12/2025","date_ts":1767139200000,"profit_abs":0.0,"wins":0,"draws":0,"losses":0,"trades":0,"profit_factor":0.0},{"date":"01/01/2026","date_ts":1767225600000,"profit_abs":0.0,"wins":0,"draws":0,"losses":0,"trades":0,"profit_factor":0.0},{"date":"02/01/2026","date_ts":1767312000000,"profit_abs":1.88453471,"wins":1,"draws":0,"losses":0,"trades":1,"profit_factor":0.0},{"date":"03/01/2026","date_ts":1767398400000,"profit_abs":3.04690349,"wins":3,"draws":0,"losses":1,"trades":4,"profit_factor":1.97198787},{"date":"04/01/2026","date_ts":1767484800000,"profit_abs":2.90598891,"wins":3,"draws":0,"losses":1,"trades":4,"profit_factor":1.94150983},{"date":"05/01/2026","date_ts":1767571200000,"profit_abs":-3.1732625,"wins":0,"draws":0,"losses":1,"trades":1,"profit_factor":0.0},{"date":"06/01/2026","date_ts":1767657600000,"profit_abs":5.93406,"wins":1,"draws":0,"losses":0,"trades":1,"profit_factor":0.0},{"date":"07/01/2026","date_ts":1767744000000,"profit_abs":0.0,"wins":0,"draws":0,"losses":0,"trades":0,"profit_factor":0.0},{"date":"08/01/2026","date_ts":1767830400000,"profit_abs":0.0,"wins":0,"draws":0,"losses":0,"trades":0,"profit_factor":0.0},{"date":"09/01/2026","date_ts":1767916800000,"profit_abs":-7.66014916,"wins":1,"draws":0,"losses":3,"trades":4,"profit_factor":0.19210885},{"date":"10/01/2026","date_ts":1768003200000,"profit_abs":0.0,"wins":0,"draws":0,"losses":0,"trades":0,"profit_factor":0.0},{"date":"11/01/2026","date_ts":1768089600000,"profit_abs":0.0,"wins":0,"draws":0,"losses":0,"trades":0,"profit_factor":0.0},{"date":"12/01/2026","date_ts":1768176000000,"profit_abs":0.0,"wins":0,"draws":0,"losses":0,"trades":0,"profit_factor":0.0},{"date":"13/01/2026","date_ts":1768262400000,"profit_abs":-3.14820492,"wins":0,"draws":0,"losses":1,"trades":1,"profit_factor":0.0},{"date":"14/01/2026","date_ts":1768348800000,"profit_abs":-3.11879621,"wins":0,"draws":0,"losses":1,"trades":1,"profit_factor":0.0},{"date":"15/01/2026","date_ts":1768435200000,"profit_abs":0.0,"wins":0,"draws":0,"losses":0,"trades":0,"profit_factor":0.0},{"date":"16/01/2026","date_ts":1768521600000,"profit_abs":0.0,"wins":0,"draws":0,"losses":0,"trades":0,"profit_factor":0.0},{"date":"17/01/2026","date_ts":1768608000000,"profit_abs":0.0,"wins":0,"draws":0,"losses":0,"trades":0,"profit_factor":0.0},{"date":"18/01/2026","date_ts":1768694400000,"profit_abs":0.0,"wins":0,"draws":0,"losses":0,"trades":0,"profit_factor":0.0},{"date":"19/01/2026","date_ts":1768780800000,"profit_abs":0.0,"wins":0,"draws":0,"losses":0,"trades":0,"profit_factor":0.0},{"date":"20/01/2026","date_ts":1768867200000,"profit_abs":0.0,"wins":0,"draws":0,"losses":0,"trades":0,"profit_factor":0.0},{"date":"21/01/2026","date_ts":1768953600000,"profit_abs":0.0,"wins":0,"draws":0,"losses":0,"trades":0,"profit_factor":0.0},{"date":"22/01/2026","date_ts":1769040000000,"profit_abs":0.0,"wins":0,"draws":0,"losses":0,"trades":0,"profit_factor":0.0},{"date":"23/01/2026","date_ts":1769126400000,"profit_abs":0.0,"wins":0,"draws":0,"losses":0,"trades":0,"profit_factor":0.0},{"date":"24/01/2026","date_ts":1769212800000,"profit_abs":0.0,"wins":0,"draws":0,"losses":0,"trades":0,"profit_factor":0.0},{"date":"25/01/2026","date_ts":1769299200000,"profit_abs":0.0,"wins":0,"draws":0,"losses":0,"trades":0,"profit_factor":0.0},{"date":"26/01/2026","date_ts":1769385600000,"profit_abs":0.0,"wins":0,"draws":0,"losses":0,"trades":0,"profit_factor":0.0},{"date":"27/01/2026","date_ts":1769472000000,"profit_abs":0.0,"wins":0,"draws":0,"losses":0,"trades":0,"profit_factor":0.0},{"date":"28/01/2026","date_ts":1769558400000,"profit_abs":0.0,"wins":0,"draws":0,"losses":0,"trades":0,"profit_factor":0.0},{"date":"29/01/2026","date_ts":1769644800000,"profit_abs":0.0,"wins":0,"draws":0,"losses":0,"trades":0,"profit_factor":0.0},{"date":"30/01/2026","date_ts":1769731200000,"profit_abs":0.0,"wins":0,"draws":0,"losses":0,"trades":0,"profit_factor":0.0},{"date":"31/01/2026","date_ts":1769817600000,"profit_abs":0.0,"wins":0,"draws":0,"losses":0,"trades":0,"profit_factor":0.0},{"date":"01/02/2026","date_ts":1769904000000,"profit_abs":0.0,"wins":0,"draws":0,"losses":0,"trades":0,"profit_factor":0.0},{"date":"02/02/2026","date_ts":1769990400000,"profit_abs":0.0,"wins":0,"draws":0,"losses":0,"trades":0,"profit_factor":0.0},{"date":"03/02/2026","date_ts":1770076800000,"profit_abs":0.0,"wins":0,"draws":0,"losses":0,"trades":0,"profit_factor":0.0},{"date":"04/02/2026","date_ts":1770163200000,"profit_abs":0.0,"wins":0,"draws":0,"losses":0,"trades":0,"profit_factor":0.0},{"date":"05/02/2026","date_ts":1770249600000,"profit_abs":0.0,"wins":0,"draws":0,"losses":0,"trades":0,"profit_factor":0.0},{"date":"06/02/2026","date_ts":1770336000000,"profit_abs":0.0,"wins":0,"draws":0,"losses":0,"trades":0,"profit_factor":0.0},{"date":"07/02/2026","date_ts":1770422400000,"profit_abs":0.0,"wins":0,"draws":0,"losses":0,"trades":0,"profit_factor":0.0},{"date":"08/02/2026","date_ts":1770508800000,"profit_abs":0.0,"wins":0,"draws":0,"losses":0,"trades":0,"profit_factor":0.0},{"date":"09/02/2026","date_ts":1770595200000,"profit_abs":0.0,"wins":0,"draws":0,"losses":0,"trades":0,"profit_factor":0.0},{"date":"10/02/2026","date_ts":1770681600000,"profit_abs":0.0,"wins":0,"draws":0,"losses":0,"trades":0,"profit_factor":0.0},{"date":"11/02/2026","date_ts":1770768000000,"profit_abs":0.0,"wins":0,"draws":0,"losses":0,"trades":0,"profit_factor":0.0},{"date":"12/02/2026","date_ts":1770854400000,"profit_abs":0.0,"wins":0,"draws":0,"losses":0,"trades":0,"profit_factor":0.0},{"date":"13/02/2026","date_ts":1770940800000,"profit_abs":1.23444578,"wins":1,"draws":0,"losses":0,"trades":1,"profit_factor":0.0},{"date":"14/02/2026","date_ts":1771027200000,"profit_abs":2.63776078,"wins":2,"draws":0,"losses":1,"trades":3,"profit_factor":1.83282762},{"date":"15/02/2026","date_ts":1771113600000,"profit_abs":3.10564821,"wins":1,"draws":0,"losses":0,"trades":1,"profit_factor":0.0},{"date":"16/02/2026","date_ts":1771200000000,"profit_abs":-1.207035,"wins":1,"draws":0,"losses":1,"trades":2,"profit_factor":0.60765585},{"date":"17/02/2026","date_ts":1771286400000,"profit_abs":-6.19543074,"wins":0,"draws":0,"losses":2,"trades":2,"profit_factor":0.0},{"date":"18/02/2026","date_ts":1771372800000,"profit_abs":10.81878051,"wins":3,"draws":0,"losses":0,"trades":3,"profit_factor":0.0},{"date":"19/02/2026","date_ts":1771459200000,"profit_abs":0.0,"wins":0,"draws":0,"losses":0,"trades":0,"profit_factor":0.0},{"date":"20/02/2026","date_ts":1771545600000,"profit_abs":-3.136938,"wins":0,"draws":0,"losses":1,"trades":1,"profit_factor":0.0},{"date":"21/02/2026","date_ts":1771632000000,"profit_abs":-1.44147046,"wins":1,"draws":0,"losses":1,"trades":2,"profit_factor":0.54755467}],"week":[{"date":"08/12/2025","date_ts":1765152000000,"profit_abs":-3.08132713,"wins":0,"draws":0,"losses":1,"trades":1,"profit_factor":0.0},{"date":"15/12/2025","date_ts":1765756800000,"profit_abs":-3.1725825,"wins":0,"draws":0,"losses":1,"trades":1,"profit_factor":0.0},{"date":"22/12/2025","date_ts":1766361600000,"profit_abs":-3.10213334,"wins":0,"draws":0,"losses":1,"trades":1,"profit_factor":0.0},{"date":"29/12/2025","date_ts":1766966400000,"profit_abs":-2.0179581,"wins":1,"draws":0,"losses":1,"trades":2,"profit_factor":0.36761308},{"date":"05/01/2026","date_ts":1767571200000,"profit_abs":4.66416461,"wins":7,"draws":0,"losses":3,"trades":10,"profit_factor":1.49647843},{"date":"12/01/2026","date_ts":1768176000000,"profit_abs":-1.72608916,"wins":2,"draws":0,"losses":3,"trades":5,"profit_factor":0.81795496},{"date":"19/01/2026","date_ts":1768780800000,"profit_abs":-6.26700113,"wins":0,"draws":0,"losses":2,"trades":2,"profit_factor":0.0},{"date":"26/01/2026","date_ts":1769385600000,"profit_abs":0.0,"wins":0,"draws":0,"losses":0,"trades":0,"profit_factor":0.0},{"date":"02/02/2026","date_ts":1769990400000,"profit_abs":0.0,"wins":0,"draws":0,"losses":0,"trades":0,"profit_factor":0.0},{"date":"09/02/2026","date_ts":1770595200000,"profit_abs":0.0,"wins":0,"draws":0,"losses":0,"trades":0,"profit_factor":0.0},{"date":"16/02/2026","date_ts":1771200000000,"profit_abs":5.77081977,"wins":5,"draws":0,"losses":2,"trades":7,"profit_factor":1.92426208},{"date":"23/02/2026","date_ts":1771804800000,"profit_abs":0.04494131,"wins":4,"draws":0,"losses":4,"trades":8,"profit_factor":1.00359004}],"month":[{"date":"31/12/2025","date_ts":1767139200000,"profit_abs":-11.37400107,"wins":1,"draws":0,"losses":4,"trades":5,"profit_factor":0.09349281},{"date":"31/01/2026","date_ts":1769817600000,"profit_abs":-3.32892568,"wins":9,"draws":0,"losses":8,"trades":17,"profit_factor":0.86760113},{"date":"28/02/2026","date_ts":1772236800000,"profit_abs":5.81576108,"wins":9,"draws":0,"losses":6,"trades":15,"profit_factor":1.30997507}],"year":[{"date":"31/12/2025","date_ts":1767139200000,"profit_abs":-11.37400107,"wins":1,"draws":0,"losses":4,"trades":5,"profit_factor":0.09349281},{"date":"31/12/2026","date_ts":1798675200000,"profit_abs":2.4868354,"wins":18,"draws":0,"losses":14,"trades":32,"profit_factor":1.05664104}],"weekday":[{"date":"Monday","date_ts":0,"profit_abs":-7.5713156,"wins":1,"draws":0,"losses":3,"trades":4,"profit_factor":0.19801762},{"date":"Tuesday","date_ts":1,"profit_abs":-3.40957566,"wins":1,"draws":0,"losses":3,"trades":4,"profit_factor":0.63509112},{"date":"Wednesday","date_ts":2,"profit_abs":1.44607467,"wins":3,"draws":0,"losses":3,"trades":6,"profit_factor":1.15428572},{"date":"Friday","date_ts":4,"profit_abs":-6.50504667,"wins":4,"draws":0,"losses":4,"trades":8,"profit_factor":0.48448737},{"date":"Saturday","date_ts":5,"profit_abs":1.14106047,"wins":6,"draws":0,"losses":4,"trades":10,"profit_factor":1.09063202},{"date":"Sunday","date_ts":6,"profit_abs":6.01163712,"wins":4,"draws":0,"losses":1,"trades":5,"profit_factor":2.94770717}]},"backtest_best_day":0.10861604890893609,"backtest_worst_day":-0.07674369940217564,"backtest_best_day_abs":10.81878051,"backtest_worst_day_abs":-7.66014916,"winning_days":9,"draw_days":60,"losing_days":12,"daily_profit":[["2025-12-03",-3.08132713],["2025-12-04",0.0],["2025-12-05",0.0],["2025-12-06",0.0],["2025-12-07",0.0],["2025-12-08",0.0],["2025-12-09",0.0],["2025-12-10",-3.1725825],["2025-12-11",0.0],["2025-12-12",0.0],["2025-12-13",0.0],["2025-12-14",0.0],["2025-12-15",0.0],["2025-12-16",0.0],["2025-12-17",0.0],["2025-12-18",0.0],["2025-12-19",0.0],["2025-12-20",-3.10213334],["2025-12-21",0.0],["2025-12-22",0.0],["2025-12-23",0.0],["2025-12-24",0.0],["2025-12-25",0.0],["2025-12-26",1.17306],["2025-12-27",0.0],["2025-12-28",0.0],["2025-12-29",-3.1910181],["2025-12-30",0.0],["2025-12-31",0.0],["2026-01-01",0.0],["2026-01-02",1.88453471],["2026-01-03",3.04690349],["2026-01-04",2.90598891],["2026-01-05",-3.1732625],["2026-01-06",5.93406],["2026-01-07",0.0],["2026-01-08",0.0],["2026-01-09",-7.66014916],["2026-01-10",0.0],["2026-01-11",0.0],["2026-01-12",0.0],["2026-01-13",-3.14820492],["2026-01-14",-3.11879621],["2026-01-15",0.0],["2026-01-16",0.0],["2026-01-17",0.0],["2026-01-18",0.0],["2026-01-19",0.0],["2026-01-20",0.0],["2026-01-21",0.0],["2026-01-22",0.0],["2026-01-23",0.0],["2026-01-24",0.0],["2026-01-25",0.0],["2026-01-26",0.0],["2026-01-27",0.0],["2026-01-28",0.0],["2026-01-29",0.0],["2026-01-30",0.0],["2026-01-31",0.0],["2026-02-01",0.0],["2026-02-02",0.0],["2026-02-03",0.0],["2026-02-04",0.0],["2026-02-05",0.0],["2026-02-06",0.0],["2026-02-07",0.0],["2026-02-08",0.0],["2026-02-09",0.0],["2026-02-10",0.0],["2026-02-11",0.0],["2026-02-12",0.0],["2026-02-13",1.23444578],["2026-02-14",2.63776078],["2026-02-15",3.10564821],["2026-02-16",-1.207035],["2026-02-17",-6.19543074],["2026-02-18",10.81878051],["2026-02-19",0.0],["2026-02-20",-3.136938],["2026-02-21",-1.44147046]],"wins":19,"losses":18,"draws":0,"winrate":0.5135135135135135,"holding_avg":"4:41:00","holding_avg_s":16860.0,"winner_holding_min":"0d 00:30","winner_holding_min_s":1800.0,"winner_holding_max":"0d 16:00","winner_holding_max_s":57600.0,"winner_holding_avg":"0d 04:46","winner_holding_avg_s":17160.0,"loser_holding_min":"0d 00:00","loser_holding_min_s":0.0,"loser_holding_max":"1d 10:00","loser_holding_max_s":122400.0,"loser_holding_avg":"0d 04:35","loser_holding_avg_s":16500.0,"max_consecutive_wins":3,"max_consecutive_losses":4,"max_drawdown_account":0.015127537719999964,"max_relative_drawdown":0.015127537719999964,"max_drawdown_abs":15.127537720000007,"drawdown_start":"2025-12-03 11:00:00","drawdown_start_ts":1764759600000.0,"drawdown_end":"2026-02-17 14:30:00","drawdown_end_ts":1771338600000.0,"drawdown_duration":"76 days 03:30:00","drawdown_duration_s":6579000.0,"max_drawdown_low":-15.127537720000007,"max_drawdown_high":0.0,"csum_min":984.87246228,"csum_max":999.22422354}},"strategy_comparison":[{"key":"SupertrendFuturesStrategyV8_1","trades":37,"profit_mean":-0.002399876674698244,"profit_mean_pct":-0.24,"profit_total_abs":-8.88716567,"profit_total":-0.00888716567,"profit_total_pct":-0.89,"duration_avg":"4:41:00","wins":19,"draws":0,"losses":18,"winrate":0.5135135135135135,"cagr":-0.03717864264244242,"expectancy":-0.2401936667567568,"expectancy_ratio":-0.07658660613131707,"sortino":-52.38204674318923,"sharpe":-0.6621756630269945,"calmar":-13.05097664885884,"sqn":-0.4834,"profit_factor":0.8425719762856263,"max_drawdown_account":0.015127537719999964,"max_drawdown_abs":"15.128"}]}