{"strategy":{"SupertrendFuturesStrategyV5_1":{"trades":[{"pair":"DOGE/USDT:USDT","stake_amount":399.4269,"max_stake_amount":399.4269,"amount":5420.0,"open_date":"2025-12-03 02:30:00+00:00","close_date":"2025-12-03 05:30:00+00:00","open_rate":0.14739,"close_rate":0.14986,"fee_open":0.0005,"fee_close":0.0005,"trade_duration":180,"profit_ratio":0.031484020524509444,"profit_abs":12.5818525,"exit_reason":"rsi_overbought_exit","initial_stop_loss_abs":0.14518,"initial_stop_loss_ratio":-0.03,"stop_loss_abs":0.14935,"stop_loss_ratio":-0.02,"min_rate":0.14675,"max_rate":0.15085,"is_open":false,"enter_tag":"","leverage":2,"is_short":false,"open_timestamp":1764729000000,"close_timestamp":1764739800000,"orders":[{"amount":5420.0,"safe_price":0.14739,"ft_order_side":"buy","order_filled_timestamp":1764729000000,"ft_is_entry":true,"ft_order_tag":"","cost":799.2532269},{"amount":5420.0,"safe_price":0.14986,"ft_order_side":"sell","order_filled_timestamp":1764739800000,"ft_is_entry":false,"ft_order_tag":"rsi_overbought_exit","cost":812.6473206}],"funding_fees":0.0,"weekday":2},{"pair":"ETH/USDT:USDT","stake_amount":399.779725,"max_stake_amount":399.779725,"amount":0.263,"open_date":"2025-12-03 02:30:00+00:00","close_date":"2025-12-03 06:30:00+00:00","open_rate":3040.15,"close_rate":3082.35,"fee_open":0.0005,"fee_close":0.0005,"trade_duration":240,"profit_ratio":0.02573503965580488,"profit_abs":10.29349125,"exit_reason":"rsi_overbought_exit","initial_stop_loss_abs":2994.54775,"initial_stop_loss_ratio":-0.03,"stop_loss_abs":2994.54775,"stop_loss_ratio":-0.03,"min_rate":3017.51,"max_rate":3085.0,"is_open":false,"enter_tag":"","leverage":2,"is_short":false,"open_timestamp":1764729000000,"close_timestamp":1764743400000,"orders":[{"amount":0.263,"safe_price":3040.15,"ft_order_side":"buy","order_filled_timestamp":1764729000000,"ft_is_entry":true,"ft_order_tag":"","cost":799.959229725},{"amount":0.263,"safe_price":3082.35,"ft_order_side":"sell","order_filled_timestamp":1764743400000,"ft_is_entry":false,"ft_order_tag":"rsi_overbought_exit","cost":811.0633790249999}],"funding_fees":0.0,"weekday":2},{"pair":"DOGE/USDT:USDT","stake_amount":399.4182,"max_stake_amount":399.4182,"amount":5310.0,"open_date":"2025-12-03 07:00:00+00:00","close_date":"2025-12-03 14:00:00+00:00","open_rate":0.15044,"close_rate":0.14819,"fee_open":0.0005,"fee_close":0.0005,"trade_duration":420,"profit_ratio":-0.03208123404397243,"profit_abs":-12.82023567,"exit_reason":"stop_loss","initial_stop_loss_abs":0.14819,"initial_stop_loss_ratio":-0.03,"stop_loss_abs":0.14819,"stop_loss_ratio":-0.03,"min_rate":0.1463,"max_rate":0.15086,"is_open":false,"enter_tag":"","leverage":2,"is_short":false,"open_timestamp":1764745200000,"close_timestamp":1764770400000,"orders":[{"amount":5310.0,"safe_price":0.15044,"ft_order_side":"buy","order_filled_timestamp":1764745200000,"ft_is_entry":true,"ft_order_tag":"","cost":799.2358181999998},{"amount":5310.0,"safe_price":0.14819,"ft_order_side":"sell","order_filled_timestamp":1764770400000,"ft_is_entry":false,"ft_order_tag":"stop_loss","cost":787.2823444499999}],"funding_fees":-0.07987302,"weekday":2},{"pair":"ETH/USDT:USDT","stake_amount":398.541,"max_stake_amount":398.541,"amount":0.26,"open_date":"2025-12-03 07:00:00+00:00","close_date":"2025-12-03 14:30:00+00:00","open_rate":3065.7,"close_rate":3114.3519,"fee_open":0.0005,"fee_close":0.0005,"trade_duration":450,"profit_ratio":0.029685867256791162,"profit_abs":11.83695074,"exit_reason":"trailing_stop_loss","initial_stop_loss_abs":3019.7144999999996,"initial_stop_loss_ratio":-0.03,"stop_loss_abs":3114.3519,"stop_loss_ratio":-0.02,"min_rate":3027.89,"max_rate":3145.81,"is_open":false,"enter_tag":"","leverage":2,"is_short":false,"open_timestamp":1764745200000,"close_timestamp":1764772200000,"orders":[{"amount":0.26,"safe_price":3065.7,"ft_order_side":"buy","order_filled_timestamp":1764745200000,"ft_is_entry":true,"ft_order_tag":"","cost":797.4805409999999},{"amount":0.26,"safe_price":3114.3519,"ft_order_side":"sell","order_filled_timestamp":1764772200000,"ft_is_entry":false,"ft_order_tag":"trailing_stop_loss","cost":810.136359747}],"funding_fees":-0.009136513274178583,"weekday":2},{"pair":"ETH/USDT:USDT","stake_amount":399.7643,"max_stake_amount":399.7643,"amount":0.26,"open_date":"2025-12-03 15:00:00+00:00","close_date":"2025-12-03 17:30:00+00:00","open_rate":3075.11,"close_rate":3101.3433,"fee_open":0.0005,"fee_close":0.0005,"trade_duration":150,"profit_ratio":0.015057593451559024,"profit_abs":6.02249805,"exit_reason":"trailing_stop_loss","initial_stop_loss_abs":3028.98335,"initial_stop_loss_ratio":-0.03,"stop_loss_abs":3101.3433,"stop_loss_ratio":-0.02,"min_rate":3054.0,"max_rate":3132.67,"is_open":false,"enter_tag":"","leverage":2,"is_short":false,"open_timestamp":1764774000000,"close_timestamp":1764783000000,"orders":[{"amount":0.26,"safe_price":3075.11,"ft_order_side":"buy","order_filled_timestamp":1764774000000,"ft_is_entry":true,"ft_order_tag":"","cost":799.9283643},{"amount":0.26,"safe_price":3101.3433,"ft_order_side":"sell","order_filled_timestamp":1764783000000,"ft_is_entry":false,"ft_order_tag":"trailing_stop_loss","cost":806.752432629}],"funding_fees":0.004778981317308709,"weekday":2},{"pair":"ETH/USDT:USDT","stake_amount":398.81875,"max_stake_amount":398.81875,"amount":0.25,"open_date":"2025-12-04 05:00:00+00:00","close_date":"2025-12-04 14:30:00+00:00","open_rate":3190.55,"close_rate":3142.69175,"fee_open":0.0005,"fee_close":0.0005,"trade_duration":570,"profit_ratio":-0.03198357538411218,"profit_abs":-12.76202738,"exit_reason":"stop_loss","initial_stop_loss_abs":3142.69175,"initial_stop_loss_ratio":-0.03,"stop_loss_abs":3142.69175,"stop_loss_ratio":-0.03,"min_rate":3137.53,"max_rate":3219.9,"is_open":false,"enter_tag":"","leverage":2,"is_short":false,"open_timestamp":1764824400000,"close_timestamp":1764858600000,"orders":[{"amount":0.25,"safe_price":3190.55,"ft_order_side":"buy","order_filled_timestamp":1764824400000,"ft_is_entry":true,"ft_order_tag":"","cost":798.03631875},{"amount":0.25,"safe_price":3142.69175,"ft_order_side":"sell","order_filled_timestamp":1764858600000,"ft_is_entry":false,"ft_order_tag":"stop_loss","cost":786.0657739687499}],"funding_fees":-0.005809661618161937,"weekday":3},{"pair":"SOL/USDT:USDT","stake_amount":399.4845,"max_stake_amount":399.4845,"amount":5.7,"open_date":"2025-12-05 07:30:00+00:00","close_date":"2025-12-05 08:30:00+00:00","open_rate":140.17,"close_rate":138.06744999999998,"fee_open":0.0005,"fee_close":0.0005,"trade_duration":60,"profit_ratio":-0.03193033119884025,"profit_abs":-12.76205023,"exit_reason":"stop_loss","initial_stop_loss_abs":138.06744999999998,"initial_stop_loss_ratio":-0.03,"stop_loss_abs":138.06744999999998,"stop_loss_ratio":-0.03,"min_rate":137.74,"max_rate":140.34,"is_open":false,"enter_tag":"","leverage":2,"is_short":false,"open_timestamp":1764919800000,"close_timestamp":1764923400000,"orders":[{"amount":5.7,"safe_price":140.17,"ft_order_side":"buy","order_filled_timestamp":1764919800000,"ft_is_entry":true,"ft_order_tag":"","cost":799.3684844999999},{"amount":5.7,"safe_price":138.06744999999998,"ft_order_side":"sell","order_filled_timestamp":1764923400000,"ft_is_entry":false,"ft_order_tag":"stop_loss","cost":787.3779572324999}],"funding_fees":0.015461501416634117,"weekday":4},{"pair":"SOL/USDT:USDT","stake_amount":399.7737,"max_stake_amount":399.7737,"amount":5.78,"open_date":"2025-12-08 12:00:00+00:00","close_date":"2025-12-08 15:00:00+00:00","open_rate":138.33,"close_rate":136.25505,"fee_open":0.0005,"fee_close":0.0005,"trade_duration":180,"profit_ratio":-0.03196901548100313,"profit_abs":-12.78676179,"exit_reason":"stop_loss","initial_stop_loss_abs":136.25505,"initial_stop_loss_ratio":-0.03,"stop_loss_abs":136.25505,"stop_loss_ratio":-0.03,"min_rate":135.29,"max_rate":139.25,"is_open":false,"enter_tag":"","leverage":2,"is_short":false,"open_timestamp":1765195200000,"close_timestamp":1765206000000,"orders":[{"amount":5.78,"safe_price":138.33,"ft_order_side":"buy","order_filled_timestamp":1765195200000,"ft_is_entry":true,"ft_order_tag":"","cost":799.9471737000001},{"amount":5.78,"safe_price":136.25505,"ft_order_side":"sell","order_filled_timestamp":1765206000000,"ft_is_entry":false,"ft_order_tag":"stop_loss","cost":787.9479660945}],"funding_fees":0.0,"weekday":0},{"pair":"DOGE/USDT:USDT","stake_amount":399.384,"max_stake_amount":399.384,"amount":5400.0,"open_date":"2025-12-09 22:00:00+00:00","close_date":"2025-12-10 09:00:00+00:00","open_rate":0.14792,"close_rate":0.14571,"fee_open":0.0005,"fee_close":0.0005,"trade_duration":660,"profit_ratio":-0.03210319979725299,"profit_abs":-12.8279151,"exit_reason":"stop_loss","initial_stop_loss_abs":0.14571,"initial_stop_loss_ratio":-0.03,"stop_loss_abs":0.14571,"stop_loss_ratio":-0.03,"min_rate":0.14563,"max_rate":0.1492,"is_open":false,"enter_tag":"","leverage":2,"is_short":false,"open_timestamp":1765317600000,"close_timestamp":1765357200000,"orders":[{"amount":5400.0,"safe_price":0.14792,"ft_order_side":"buy","order_filled_timestamp":1765317600000,"ft_is_entry":true,"ft_order_tag":"","cost":799.167384},{"amount":5400.0,"safe_price":0.14571,"ft_order_side":"sell","order_filled_timestamp":1765357200000,"ft_is_entry":false,"ft_order_tag":"stop_loss","cost":787.2274170000001}],"funding_fees":-0.10111409851239755,"weekday":2},{"pair":"BTC/USDT:USDT","stake_amount":395.395775,"max_stake_amount":395.395775,"amount":0.0085,"open_date":"2025-12-09 20:30:00+00:00","close_date":"2025-12-10 14:30:00+00:00","open_rate":93034.3,"close_rate":91638.7855,"fee_open":0.0005,"fee_close":0.0005,"trade_duration":1080,"profit_ratio":-0.03198826784889517,"profit_abs":-12.65434997,"exit_reason":"stop_loss","initial_stop_loss_abs":91638.7855,"initial_stop_loss_ratio":-0.03,"stop_loss_abs":91638.7855,"stop_loss_ratio":-0.03,"min_rate":91553.6,"max_rate":93236.7,"is_open":false,"enter_tag":"","leverage":2,"is_short":false,"open_timestamp":1765312200000,"close_timestamp":1765377000000,"orders":[{"amount":0.0085,"safe_price":93034.3,"ft_order_side":"buy","order_filled_timestamp":1765312200000,"ft_is_entry":true,"ft_order_tag":"","cost":791.186945775},{"amount":0.0085,"safe_price":91638.7855,"ft_order_side":"sell","order_filled_timestamp":1765377000000,"ft_is_entry":false,"ft_order_tag":"stop_loss","cost":779.3191415883749}],"funding_fees":-0.0076161020211169585,"weekday":2},{"pair":"SOL/USDT:USDT","stake_amount":399.888,"max_stake_amount":399.888,"amount":5.76,"open_date":"2025-12-12 06:00:00+00:00","close_date":"2025-12-12 15:00:00+00:00","open_rate":138.85,"close_rate":136.76725,"fee_open":0.0005,"fee_close":0.0005,"trade_duration":540,"profit_ratio":-0.032169203478923124,"profit_abs":-12.87051048,"exit_reason":"stop_loss","initial_stop_loss_abs":136.76725,"initial_stop_loss_ratio":-0.03,"stop_loss_abs":136.76725,"stop_loss_ratio":-0.03,"min_rate":135.5,"max_rate":140.13,"is_open":false,"enter_tag":"","leverage":2,"is_short":false,"open_timestamp":1765519200000,"close_timestamp":1765551600000,"orders":[{"amount":5.76,"safe_price":138.85,"ft_order_side":"buy","order_filled_timestamp":1765519200000,"ft_is_entry":true,"ft_order_tag":"","cost":800.1758879999999},{"amount":5.76,"safe_price":136.76725,"ft_order_side":"sell","order_filled_timestamp":1765551600000,"ft_is_entry":false,"ft_order_tag":"stop_loss","cost":788.1732496799998}],"funding_fees":-0.0800928,"weekday":4},{"pair":"ETH/USDT:USDT","stake_amount":398.575955,"max_stake_amount":398.575955,"amount":0.269,"open_date":"2025-12-19 16:00:00+00:00","close_date":"2025-12-21 12:30:00+00:00","open_rate":2963.39,"close_rate":2983.4145000000003,"fee_open":0.0005,"fee_close":0.0005,"trade_duration":2670,"profit_ratio":0.011610630202189455,"profit_abs":4.63003188,"exit_reason":"trailing_stop_loss","initial_stop_loss_abs":2918.9391499999997,"initial_stop_loss_ratio":-0.03,"stop_loss_abs":2983.4145000000003,"stop_loss_ratio":-0.02,"min_rate":2933.09,"max_rate":3013.55,"is_open":false,"enter_tag":"","leverage":2,"is_short":false,"open_timestamp":1766160000000,"close_timestamp":1766320200000,"orders":[{"amount":0.269,"safe_price":2963.39,"ft_order_side":"buy","order_filled_timestamp":1766160000000,"ft_is_entry":true,"ft_order_tag":"","cost":797.550485955},{"amount":0.269,"safe_price":2983.4145000000003,"ft_order_side":"sell","order_filled_timestamp":1766320200000,"ft_is_entry":false,"ft_order_tag":"trailing_stop_loss","cost":802.9397697502501}],"funding_fees":0.04328658542337001,"weekday":6},{"pair":"ETH/USDT:USDT","stake_amount":399.083355,"max_stake_amount":399.083355,"amount":0.261,"open_date":"2025-12-22 14:30:00+00:00","close_date":"2025-12-22 18:30:00+00:00","open_rate":3058.11,"close_rate":3012.23835,"fee_open":0.0005,"fee_close":0.0005,"trade_duration":240,"profit_ratio":-0.032008865734919914,"profit_abs":-12.78059263,"exit_reason":"stop_loss","initial_stop_loss_abs":3012.23835,"initial_stop_loss_ratio":-0.03,"stop_loss_abs":3012.23835,"stop_loss_ratio":-0.03,"min_rate":3005.6,"max_rate":3073.72,"is_open":false,"enter_tag":"","leverage":2,"is_short":false,"open_timestamp":1766413800000,"close_timestamp":1766428200000,"orders":[{"amount":0.261,"safe_price":3058.11,"ft_order_side":"buy","order_filled_timestamp":1766413800000,"ft_is_entry":true,"ft_order_tag":"","cost":798.565793355},{"amount":0.261,"safe_price":3012.23835,"ft_order_side":"sell","order_filled_timestamp":1766428200000,"ft_is_entry":false,"ft_order_tag":"stop_loss","cost":786.5873064546751}],"funding_fees":-0.01591152322114195,"weekday":0},{"pair":"DOGE/USDT:USDT","stake_amount":399.3796,"max_stake_amount":399.3796,"amount":5960.0,"open_date":"2025-12-22 15:00:00+00:00","close_date":"2025-12-22 19:30:00+00:00","open_rate":0.13402,"close_rate":0.13201,"fee_open":0.0005,"fee_close":0.0005,"trade_duration":270,"profit_ratio":-0.03203436906454004,"profit_abs":-12.80027044,"exit_reason":"stop_loss","initial_stop_loss_abs":0.13201,"initial_stop_loss_ratio":-0.03,"stop_loss_abs":0.13201,"stop_loss_ratio":-0.03,"min_rate":0.1316,"max_rate":0.13537,"is_open":false,"enter_tag":"","leverage":2,"is_short":false,"open_timestamp":1766415600000,"close_timestamp":1766431800000,"orders":[{"amount":5960.0,"safe_price":0.13402,"ft_order_side":"buy","order_filled_timestamp":1766415600000,"ft_is_entry":true,"ft_order_tag":"","cost":799.1585795999999},{"amount":5960.0,"safe_price":0.13201,"ft_order_side":"sell","order_filled_timestamp":1766431800000,"ft_is_entry":false,"ft_order_tag":"stop_loss","cost":787.1729897999999}],"funding_fees":-0.027901036251891678,"weekday":0},{"pair":"BTC/USDT:USDT","stake_amount":398.23317,"max_stake_amount":398.23317,"amount":0.0089,"open_date":"2025-12-29 07:30:00+00:00","close_date":"2025-12-29 09:30:00+00:00","open_rate":89490.6,"close_rate":88148.24100000001,"fee_open":0.0005,"fee_close":0.0005,"trade_duration":120,"profit_ratio":-0.03216912170913043,"profit_abs":-12.81721672,"exit_reason":"stop_loss","initial_stop_loss_abs":88148.24100000001,"initial_stop_loss_ratio":-0.03,"stop_loss_abs":88148.24100000001,"stop_loss_ratio":-0.03,"min_rate":87728.1,"max_rate":89794.0,"is_open":false,"enter_tag":"","leverage":2,"is_short":false,"open_timestamp":1766993400000,"close_timestamp":1767000600000,"orders":[{"amount":0.0089,"safe_price":89490.6,"ft_order_side":"buy","order_filled_timestamp":1766993400000,"ft_is_entry":true,"ft_order_tag":"","cost":796.86457317},{"amount":0.0089,"safe_price":88148.24100000001,"ft_order_side":"sell","order_filled_timestamp":1767000600000,"ft_is_entry":false,"ft_order_tag":"stop_loss","cost":784.9116045724501}],"funding_fees":-0.079728781,"weekday":0},{"pair":"DOGE/USDT:USDT","stake_amount":399.4779,"max_stake_amount":399.4779,"amount":6290.0,"open_date":"2026-01-02 03:30:00+00:00","close_date":"2026-01-02 04:00:00+00:00","open_rate":0.12702,"close_rate":0.12861,"fee_open":0.0005,"fee_close":0.0005,"trade_duration":30,"profit_ratio":0.023011404075949742,"profit_abs":9.19714365,"exit_reason":"rsi_overbought_exit","initial_stop_loss_abs":0.12512,"initial_stop_loss_ratio":-0.03,"stop_loss_abs":0.12815,"stop_loss_ratio":-0.02,"min_rate":0.12702,"max_rate":0.12944,"is_open":false,"enter_tag":"","leverage":2,"is_short":false,"open_timestamp":1767324600000,"close_timestamp":1767326400000,"orders":[{"amount":6290.0,"safe_price":0.12702,"ft_order_side":"buy","order_filled_timestamp":1767324600000,"ft_is_entry":true,"ft_order_tag":"","cost":799.3552778999999},{"amount":6290.0,"safe_price":0.12861,"ft_order_side":"sell","order_filled_timestamp":1767326400000,"ft_is_entry":false,"ft_order_tag":"rsi_overbought_exit","cost":809.36137845}],"funding_fees":0.0,"weekday":4},{"pair":"DOGE/USDT:USDT","stake_amount":399.59375,"max_stake_amount":399.59375,"amount":6250.0,"open_date":"2026-01-02 04:30:00+00:00","close_date":"2026-01-02 09:30:00+00:00","open_rate":0.12787,"close_rate":0.13183595297648826,"fee_open":0.0005,"fee_close":0.0005,"trade_duration":300,"profit_ratio":0.05977013057559747,"profit_abs":23.8957125,"exit_reason":"roi","initial_stop_loss_abs":0.12596,"initial_stop_loss_ratio":-0.03,"stop_loss_abs":0.1335,"stop_loss_ratio":-0.02,"min_rate":0.12745,"max_rate":0.13484,"is_open":false,"enter_tag":"","leverage":2,"is_short":false,"open_timestamp":1767328200000,"close_timestamp":1767346200000,"orders":[{"amount":6250.0,"safe_price":0.12787,"ft_order_side":"buy","order_filled_timestamp":1767328200000,"ft_is_entry":true,"ft_order_tag":"","cost":799.5870937500001},{"amount":6250.0,"safe_price":0.13183595297648826,"ft_order_side":"sell","order_filled_timestamp":1767346200000,"ft_is_entry":false,"ft_order_tag":"roi","cost":824.3866934561031}],"funding_fees":-0.07991250000000001,"weekday":4},{"pair":"SOL/USDT:USDT","stake_amount":399.6592,"max_stake_amount":399.6592,"amount":6.28,"open_date":"2026-01-02 07:00:00+00:00","close_date":"2026-01-02 09:30:00+00:00","open_rate":127.28,"close_rate":128.5515,"fee_open":0.0005,"fee_close":0.0005,"trade_duration":150,"profit_ratio":0.017761016569025356,"profit_abs":7.10190285,"exit_reason":"trailing_stop_loss","initial_stop_loss_abs":125.3708,"initial_stop_loss_ratio":-0.03,"stop_loss_abs":128.5515,"stop_loss_ratio":-0.02,"min_rate":126.85,"max_rate":129.85,"is_open":false,"enter_tag":"","leverage":2,"is_short":false,"open_timestamp":1767337200000,"close_timestamp":1767346200000,"orders":[{"amount":6.28,"safe_price":127.28,"ft_order_side":"buy","order_filled_timestamp":1767337200000,"ft_is_entry":true,"ft_order_tag":"","cost":799.7180592},{"amount":6.28,"safe_price":128.5515,"ft_order_side":"sell","order_filled_timestamp":1767346200000,"ft_is_entry":false,"ft_order_tag":"trailing_stop_loss","cost":807.70707171}],"funding_fees":-0.07980624,"weekday":4},{"pair":"DOGE/USDT:USDT","stake_amount":399.8769,"max_stake_amount":399.8769,"amount":6180.0,"open_date":"2026-01-02 12:00:00+00:00","close_date":"2026-01-02 12:30:00+00:00","open_rate":0.12941,"close_rate":0.13056,"fee_open":0.0005,"fee_close":0.0005,"trade_duration":30,"profit_ratio":0.01575620504406633,"profit_abs":6.3036927,"exit_reason":"trailing_stop_loss","initial_stop_loss_abs":0.12747,"initial_stop_loss_ratio":-0.03,"stop_loss_abs":0.13056,"stop_loss_ratio":-0.02,"min_rate":0.12923,"max_rate":0.13187,"is_open":false,"enter_tag":"","leverage":2,"is_short":false,"open_timestamp":1767355200000,"close_timestamp":1767357000000,"orders":[{"amount":6180.0,"safe_price":0.12941,"ft_order_side":"buy","order_filled_timestamp":1767355200000,"ft_is_entry":true,"ft_order_tag":"","cost":800.1536768999999},{"amount":6180.0,"safe_price":0.13056,"ft_order_side":"sell","order_filled_timestamp":1767357000000,"ft_is_entry":false,"ft_order_tag":"trailing_stop_loss","cost":807.2642304}],"funding_fees":0.0,"weekday":4},{"pair":"SOL/USDT:USDT","stake_amount":399.683,"max_stake_amount":399.683,"amount":6.2,"open_date":"2026-01-02 10:30:00+00:00","close_date":"2026-01-02 14:30:00+00:00","open_rate":128.93,"close_rate":126.99605000000001,"fee_open":0.0005,"fee_close":0.0005,"trade_duration":240,"profit_ratio":-0.031969015479750215,"profit_abs":-12.78386075,"exit_reason":"stop_loss","initial_stop_loss_abs":126.99605000000001,"initial_stop_loss_ratio":-0.03,"stop_loss_abs":126.99605000000001,"stop_loss_ratio":-0.03,"min_rate":126.74,"max_rate":129.59,"is_open":false,"enter_tag":"","leverage":2,"is_short":false,"open_timestamp":1767349800000,"close_timestamp":1767364200000,"orders":[{"amount":6.2,"safe_price":128.93,"ft_order_side":"buy","order_filled_timestamp":1767349800000,"ft_is_entry":true,"ft_order_tag":"","cost":799.7656830000001},{"amount":6.2,"safe_price":126.99605000000001,"ft_order_side":"sell","order_filled_timestamp":1767364200000,"ft_is_entry":false,"ft_order_tag":"stop_loss","cost":787.769197755}],"funding_fees":0.0,"weekday":4},{"pair":"DOGE/USDT:USDT","stake_amount":399.83895,"max_stake_amount":399.83895,"amount":6090.0,"open_date":"2026-01-02 13:00:00+00:00","close_date":"2026-01-02 14:30:00+00:00","open_rate":0.13131,"close_rate":0.13397,"fee_open":0.0005,"fee_close":0.0005,"trade_duration":90,"profit_ratio":0.038475317211548815,"profit_abs":15.3916224,"exit_reason":"trailing_stop_loss","initial_stop_loss_abs":0.12935,"initial_stop_loss_ratio":-0.03,"stop_loss_abs":0.13397,"stop_loss_ratio":-0.02,"min_rate":0.1295,"max_rate":0.13532,"is_open":false,"enter_tag":"","leverage":2,"is_short":false,"open_timestamp":1767358800000,"close_timestamp":1767364200000,"orders":[{"amount":6090.0,"safe_price":0.13131,"ft_order_side":"buy","order_filled_timestamp":1767358800000,"ft_is_entry":true,"ft_order_tag":"","cost":800.07773895},{"amount":6090.0,"safe_price":0.13397,"ft_order_side":"sell","order_filled_timestamp":1767364200000,"ft_is_entry":false,"ft_order_tag":"trailing_stop_loss","cost":816.28523865}],"funding_fees":0.0,"weekday":4},{"pair":"ETH/USDT:USDT","stake_amount":398.95583,"max_stake_amount":398.95583,"amount":0.259,"open_date":"2026-01-02 15:00:00+00:00","close_date":"2026-01-02 16:30:00+00:00","open_rate":3080.74,"close_rate":3114.045,"fee_open":0.0005,"fee_close":0.0005,"trade_duration":90,"profit_ratio":0.019829696669561823,"profit_abs":7.91512868,"exit_reason":"trailing_stop_loss","initial_stop_loss_abs":3034.5289,"initial_stop_loss_ratio":-0.03,"stop_loss_abs":3114.045,"stop_loss_ratio":-0.02,"min_rate":3053.05,"max_rate":3145.5,"is_open":false,"enter_tag":"","leverage":2,"is_short":false,"open_timestamp":1767366000000,"close_timestamp":1767371400000,"orders":[{"amount":0.259,"safe_price":3080.74,"ft_order_side":"buy","order_filled_timestamp":1767366000000,"ft_is_entry":true,"ft_order_tag":"","cost":798.31061583},{"amount":0.259,"safe_price":3114.045,"ft_order_side":"sell","order_filled_timestamp":1767371400000,"ft_is_entry":false,"ft_order_tag":"trailing_stop_loss","cost":806.9409238275}],"funding_fees":0.09135833790615717,"weekday":4},{"pair":"SOL/USDT:USDT","stake_amount":399.39615,"max_stake_amount":399.39615,"amount":6.21,"open_date":"2026-01-02 15:00:00+00:00","close_date":"2026-01-02 16:30:00+00:00","open_rate":128.63,"close_rate":130.4523,"fee_open":0.0005,"fee_close":0.0005,"trade_duration":90,"profit_ratio":0.026296658838226343,"profit_abs":10.50803569,"exit_reason":"trailing_stop_loss","initial_stop_loss_abs":126.70054999999999,"initial_stop_loss_ratio":-0.03,"stop_loss_abs":130.4523,"stop_loss_ratio":-0.02,"min_rate":127.33,"max_rate":131.77,"is_open":false,"enter_tag":"","leverage":2,"is_short":false,"open_timestamp":1767366000000,"close_timestamp":1767371400000,"orders":[{"amount":6.21,"safe_price":128.63,"ft_order_side":"buy","order_filled_timestamp":1767366000000,"ft_is_entry":true,"ft_order_tag":"","cost":799.1916961499999},{"amount":6.21,"safe_price":130.4523,"ft_order_side":"sell","order_filled_timestamp":1767371400000,"ft_is_entry":false,"ft_order_tag":"trailing_stop_loss","cost":810.5138373914999}],"funding_fees":-0.003996765246866303,"weekday":4},{"pair":"DOGE/USDT:USDT","stake_amount":399.79225,"max_stake_amount":399.79225,"amount":5830.0,"open_date":"2026-01-02 16:30:00+00:00","close_date":"2026-01-02 17:00:00+00:00","open_rate":0.13715,"close_rate":0.1383,"fee_open":0.0005,"fee_close":0.0005,"trade_duration":30,"profit_ratio":0.01475419781906349,"profit_abs":5.90156325,"exit_reason":"rsi_overbought_exit","initial_stop_loss_abs":0.1351,"initial_stop_loss_ratio":-0.03,"stop_loss_abs":0.13806,"stop_loss_ratio":-0.02,"min_rate":0.13681,"max_rate":0.13945,"is_open":false,"enter_tag":"","leverage":2,"is_short":false,"open_timestamp":1767371400000,"close_timestamp":1767373200000,"orders":[{"amount":5830.0,"safe_price":0.13715,"ft_order_side":"buy","order_filled_timestamp":1767371400000,"ft_is_entry":true,"ft_order_tag":"","cost":799.9842922499998},{"amount":5830.0,"safe_price":0.1383,"ft_order_side":"sell","order_filled_timestamp":1767373200000,"ft_is_entry":false,"ft_order_tag":"rsi_overbought_exit","cost":806.6921444999999}],"funding_fees":0.0,"weekday":4},{"pair":"SOL/USDT:USDT","stake_amount":399.7162,"max_stake_amount":399.7162,"amount":6.11,"open_date":"2026-01-02 17:00:00+00:00","close_date":"2026-01-02 18:30:00+00:00","open_rate":130.84,"close_rate":131.71,"fee_open":0.0005,"fee_close":0.0005,"trade_duration":90,"profit_ratio":0.011286392878155846,"profit_abs":4.51360975,"exit_reason":"rsi_overbought_exit","initial_stop_loss_abs":128.8774,"initial_stop_loss_ratio":-0.03,"stop_loss_abs":128.8774,"stop_loss_ratio":-0.03,"min_rate":130.28,"max_rate":132.26,"is_open":false,"enter_tag":"","leverage":2,"is_short":false,"open_timestamp":1767373200000,"close_timestamp":1767378600000,"orders":[{"amount":6.11,"safe_price":130.84,"ft_order_side":"buy","order_filled_timestamp":1767373200000,"ft_is_entry":true,"ft_order_tag":"","cost":799.8321162},{"amount":6.11,"safe_price":131.71,"ft_order_side":"sell","order_filled_timestamp":1767378600000,"ft_is_entry":false,"ft_order_tag":"rsi_overbought_exit","cost":805.1504740500001}],"funding_fees":0.0,"weekday":4},{"pair":"SOL/USDT:USDT","stake_amount":399.3669,"max_stake_amount":399.3669,"amount":6.03,"open_date":"2026-01-02 22:30:00+00:00","close_date":"2026-01-03 07:00:00+00:00","open_rate":132.46,"close_rate":130.47310000000002,"fee_open":0.0005,"fee_close":0.0005,"trade_duration":510,"profit_ratio":-0.03201041087961882,"profit_abs":-12.79029051,"exit_reason":"stop_loss","initial_stop_loss_abs":130.47310000000002,"initial_stop_loss_ratio":-0.03,"stop_loss_abs":130.47310000000002,"stop_loss_ratio":-0.03,"min_rate":129.93,"max_rate":133.16,"is_open":false,"enter_tag":"","leverage":2,"is_short":false,"open_timestamp":1767393000000,"close_timestamp":1767423600000,"orders":[{"amount":6.03,"safe_price":132.46,"ft_order_side":"buy","order_filled_timestamp":1767393000000,"ft_is_entry":true,"ft_order_tag":"","cost":799.1331669},{"amount":6.03,"safe_price":130.47310000000002,"ft_order_side":"sell","order_filled_timestamp":1767423600000,"ft_is_entry":false,"ft_order_tag":"stop_loss","cost":787.1461693965001}],"funding_fees":-0.01654021093952985,"weekday":5},{"pair":"DOGE/USDT:USDT","stake_amount":399.5611,"max_stake_amount":399.5611,"amount":5630.0,"open_date":"2026-01-03 07:00:00+00:00","close_date":"2026-01-03 07:00:00+00:00","open_rate":0.14194,"close_rate":0.13982,"fee_open":0.0005,"fee_close":0.0005,"trade_duration":0,"profit_ratio":-0.031840920458468806,"profit_abs":-12.7287544,"exit_reason":"stop_loss","initial_stop_loss_abs":0.13982,"initial_stop_loss_ratio":-0.03,"stop_loss_abs":0.13982,"stop_loss_ratio":-0.03,"min_rate":0.139,"max_rate":0.14215,"is_open":false,"enter_tag":"","leverage":2,"is_short":false,"open_timestamp":1767423600000,"close_timestamp":1767423600000,"orders":[{"amount":5630.0,"safe_price":0.14194,"ft_order_side":"buy","order_filled_timestamp":1767423600000,"ft_is_entry":true,"ft_order_tag":"","cost":799.5217610999999},{"amount":5630.0,"safe_price":0.13982,"ft_order_side":"sell","order_filled_timestamp":1767423600000,"ft_is_entry":false,"ft_order_tag":"stop_loss","cost":787.5801932999999}],"funding_fees":0.0,"weekday":5},{"pair":"SOL/USDT:USDT","stake_amount":399.6615,"max_stake_amount":399.6615,"amount":5.95,"open_date":"2026-01-04 06:30:00+00:00","close_date":"2026-01-05 01:00:00+00:00","open_rate":134.34,"close_rate":135.2835,"fee_open":0.0005,"fee_close":0.0005,"trade_duration":1110,"profit_ratio":0.01223820635724226,"profit_abs":4.89358548,"exit_reason":"trailing_stop_loss","initial_stop_loss_abs":132.3249,"initial_stop_loss_ratio":-0.03,"stop_loss_abs":135.2835,"stop_loss_ratio":-0.02,"min_rate":132.95,"max_rate":136.65,"is_open":false,"enter_tag":"","leverage":2,"is_short":false,"open_timestamp":1767508200000,"close_timestamp":1767574800000,"orders":[{"amount":5.95,"safe_price":134.34,"ft_order_side":"buy","order_filled_timestamp":1767508200000,"ft_is_entry":true,"ft_order_tag":"","cost":799.7226615000001},{"amount":5.95,"safe_price":135.2835,"ft_order_side":"sell","order_filled_timestamp":1767574800000,"ft_is_entry":false,"ft_order_tag":"trailing_stop_loss","cost":805.3392934125}],"funding_fees":0.08189039495362317,"weekday":0},{"pair":"ETH/USDT:USDT","stake_amount":399.80362,"max_stake_amount":399.80362,"amount":0.254,"open_date":"2026-01-04 02:00:00+00:00","close_date":"2026-01-05 01:30:00+00:00","open_rate":3148.06,"close_rate":3185.23,"fee_open":0.0005,"fee_close":0.0005,"trade_duration":1410,"profit_ratio":0.02146311765244405,"profit_abs":8.58532265,"exit_reason":"rsi_overbought_exit","initial_stop_loss_abs":3100.8390999999997,"initial_stop_loss_ratio":-0.03,"stop_loss_abs":3189.7799999999997,"stop_loss_ratio":-0.02,"min_rate":3116.14,"max_rate":3222.0,"is_open":false,"enter_tag":"","leverage":2,"is_short":false,"open_timestamp":1767492000000,"close_timestamp":1767576600000,"orders":[{"amount":0.254,"safe_price":3148.06,"ft_order_side":"buy","order_filled_timestamp":1767492000000,"ft_is_entry":true,"ft_order_tag":"","cost":800.00704362},{"amount":0.254,"safe_price":3185.23,"ft_order_side":"sell","order_filled_timestamp":1767576600000,"ft_is_entry":false,"ft_order_tag":"rsi_overbought_exit","cost":809.4529442099999}],"funding_fees":-0.05152952376345006,"weekday":0},{"pair":"BTC/USDT:USDT","stake_amount":397.52038,"max_stake_amount":397.52038,"amount":0.0086,"open_date":"2026-01-05 04:30:00+00:00","close_date":"2026-01-05 17:30:00+00:00","open_rate":92446.6,"close_rate":93524.11200000001,"fee_open":0.0005,"fee_close":0.0005,"trade_duration":780,"profit_ratio":0.021012626261858056,"profit_abs":8.35712365,"exit_reason":"trailing_stop_loss","initial_stop_loss_abs":91059.901,"initial_stop_loss_ratio":-0.03,"stop_loss_abs":93524.11200000001,"stop_loss_ratio":-0.02,"min_rate":92112.3,"max_rate":94468.8,"is_open":false,"enter_tag":"","leverage":2,"is_short":false,"open_timestamp":1767587400000,"close_timestamp":1767634200000,"orders":[{"amount":0.0086,"safe_price":92446.6,"ft_order_side":"buy","order_filled_timestamp":1767587400000,"ft_is_entry":true,"ft_order_tag":"","cost":795.43828038},{"amount":0.0086,"safe_price":93524.11200000001,"ft_order_side":"sell","order_filled_timestamp":1767634200000,"ft_is_entry":false,"ft_order_tag":"trailing_stop_loss","cost":804.7095168816}],"funding_fees":-0.10980548698226733,"weekday":0},{"pair":"ETH/USDT:USDT","stake_amount":398.67912,"max_stake_amount":398.67912,"amount":0.252,"open_date":"2026-01-05 04:30:00+00:00","close_date":"2026-01-05 17:30:00+00:00","open_rate":3164.12,"close_rate":3196.6605,"fee_open":0.0005,"fee_close":0.0005,"trade_duration":780,"profit_ratio":0.018341282199269834,"profit_abs":7.31594239,"exit_reason":"trailing_stop_loss","initial_stop_loss_abs":3116.6582,"initial_stop_loss_ratio":-0.03,"stop_loss_abs":3196.6605,"stop_loss_ratio":-0.02,"min_rate":3132.02,"max_rate":3228.95,"is_open":false,"enter_tag":"","leverage":2,"is_short":false,"open_timestamp":1767587400000,"close_timestamp":1767634200000,"orders":[{"amount":0.252,"safe_price":3164.12,"ft_order_side":"buy","order_filled_timestamp":1767587400000,"ft_is_entry":true,"ft_order_tag":"","cost":797.75691912},{"amount":0.252,"safe_price":3196.6605,"ft_order_side":"sell","order_filled_timestamp":1767634200000,"ft_is_entry":false,"ft_order_tag":"trailing_stop_loss","cost":805.9612252229999}],"funding_fees":-0.08280526367712304,"weekday":0},{"pair":"BTC/USDT:USDT","stake_amount":397.69128,"max_stake_amount":397.69128,"amount":0.0084,"open_date":"2026-01-05 20:30:00+00:00","close_date":"2026-01-06 07:00:00+00:00","open_rate":94688.4,"close_rate":93268.074,"fee_open":0.0005,"fee_close":0.0005,"trade_duration":630,"profit_ratio":-0.03186682941579721,"profit_abs":-12.67949676,"exit_reason":"stop_loss","initial_stop_loss_abs":93268.074,"initial_stop_loss_ratio":-0.03,"stop_loss_abs":93268.074,"stop_loss_ratio":-0.03,"min_rate":93257.6,"max_rate":94688.4,"is_open":false,"enter_tag":"","leverage":2,"is_short":false,"open_timestamp":1767645000000,"close_timestamp":1767682800000,"orders":[{"amount":0.0084,"safe_price":94688.4,"ft_order_side":"buy","order_filled_timestamp":1767645000000,"ft_is_entry":true,"ft_order_tag":"","cost":795.7802512799999},{"amount":0.0084,"safe_price":93268.074,"ft_order_side":"sell","order_filled_timestamp":1767682800000,"ft_is_entry":false,"ft_order_tag":"stop_loss","cost":783.8435475107999}],"funding_fees":0.04065883273545115,"weekday":1},{"pair":"ETH/USDT:USDT","stake_amount":398.47695,"max_stake_amount":398.47695,"amount":0.246,"open_date":"2026-01-06 11:30:00+00:00","close_date":"2026-01-06 14:00:00+00:00","open_rate":3239.65,"close_rate":3275.5635,"fee_open":0.0005,"fee_close":0.0005,"trade_duration":150,"profit_ratio":0.020150061559304166,"profit_abs":8.03334974,"exit_reason":"trailing_stop_loss","initial_stop_loss_abs":3191.05525,"initial_stop_loss_ratio":-0.03,"stop_loss_abs":3275.5635,"stop_loss_ratio":-0.02,"min_rate":3227.66,"max_rate":3308.65,"is_open":false,"enter_tag":"","leverage":2,"is_short":false,"open_timestamp":1767699000000,"close_timestamp":1767708000000,"orders":[{"amount":0.246,"safe_price":3239.65,"ft_order_side":"buy","order_filled_timestamp":1767699000000,"ft_is_entry":true,"ft_order_tag":"","cost":797.3523769499999},{"amount":0.246,"safe_price":3275.5635,"ft_order_side":"sell","order_filled_timestamp":1767708000000,"ft_is_entry":false,"ft_order_tag":"trailing_stop_loss","cost":806.1915153105}],"funding_fees":0.0,"weekday":1},{"pair":"ETH/USDT:USDT","stake_amount":399.72202,"max_stake_amount":399.72202,"amount":0.244,"open_date":"2026-01-06 15:00:00+00:00","close_date":"2026-01-06 17:30:00+00:00","open_rate":3276.41,"close_rate":3227.26385,"fee_open":0.0005,"fee_close":0.0005,"trade_duration":150,"profit_ratio":-0.03196238549818277,"profit_abs":-12.78245733,"exit_reason":"stop_loss","initial_stop_loss_abs":3227.26385,"initial_stop_loss_ratio":-0.03,"stop_loss_abs":3227.26385,"stop_loss_ratio":-0.03,"min_rate":3188.13,"max_rate":3300.9,"is_open":false,"enter_tag":"","leverage":2,"is_short":false,"open_timestamp":1767711600000,"close_timestamp":1767720600000,"orders":[{"amount":0.244,"safe_price":3276.41,"ft_order_side":"buy","order_filled_timestamp":1767711600000,"ft_is_entry":true,"ft_order_tag":"","cost":799.8437620199999},{"amount":0.244,"safe_price":3227.26385,"ft_order_side":"sell","order_filled_timestamp":1767720600000,"ft_is_entry":false,"ft_order_tag":"stop_loss","cost":787.8461055896998}],"funding_fees":0.002651478961388237,"weekday":1},{"pair":"SOL/USDT:USDT","stake_amount":399.5529,"max_stake_amount":399.5529,"amount":5.73,"open_date":"2026-01-11 17:30:00+00:00","close_date":"2026-01-12 02:00:00+00:00","open_rate":139.46,"close_rate":141.2631,"fee_open":0.0005,"fee_close":0.0005,"trade_duration":510,"profit_ratio":0.02363333535099337,"profit_abs":9.44748906,"exit_reason":"trailing_stop_loss","initial_stop_loss_abs":137.3681,"initial_stop_loss_ratio":-0.03,"stop_loss_abs":141.2631,"stop_loss_ratio":-0.02,"min_rate":137.46,"max_rate":142.69,"is_open":false,"enter_tag":"","leverage":2,"is_short":false,"open_timestamp":1768152600000,"close_timestamp":1768183200000,"orders":[{"amount":5.73,"safe_price":139.46,"ft_order_side":"buy","order_filled_timestamp":1768152600000,"ft_is_entry":true,"ft_order_tag":"","cost":799.5053529000002},{"amount":5.73,"safe_price":141.2631,"ft_order_side":"sell","order_filled_timestamp":1768183200000,"ft_is_entry":false,"ft_order_tag":"trailing_stop_loss","cost":809.8422817815}],"funding_fees":-0.08000226,"weekday":0},{"pair":"SOL/USDT:USDT","stake_amount":399.7863,"max_stake_amount":399.7863,"amount":5.63,"open_date":"2026-01-12 02:30:00+00:00","close_date":"2026-01-12 03:00:00+00:00","open_rate":142.02,"close_rate":142.9164,"fee_open":0.0005,"fee_close":0.0005,"trade_duration":30,"profit_ratio":0.01061195636922449,"profit_abs":4.24463603,"exit_reason":"trailing_stop_loss","initial_stop_loss_abs":139.8897,"initial_stop_loss_ratio":-0.03,"stop_loss_abs":142.9164,"stop_loss_ratio":-0.02,"min_rate":141.67,"max_rate":144.36,"is_open":false,"enter_tag":"","leverage":2,"is_short":false,"open_timestamp":1768185000000,"close_timestamp":1768186800000,"orders":[{"amount":5.63,"safe_price":142.02,"ft_order_side":"buy","order_filled_timestamp":1768185000000,"ft_is_entry":true,"ft_order_tag":"","cost":799.9723863},{"amount":5.63,"safe_price":142.9164,"ft_order_side":"sell","order_filled_timestamp":1768186800000,"ft_is_entry":false,"ft_order_tag":"trailing_stop_loss","cost":805.0216416659999}],"funding_fees":0.0,"weekday":0},{"pair":"SOL/USDT:USDT","stake_amount":399.4804,"max_stake_amount":399.4804,"amount":5.57,"open_date":"2026-01-12 03:30:00+00:00","close_date":"2026-01-12 08:00:00+00:00","open_rate":143.44,"close_rate":141.2884,"fee_open":0.0005,"fee_close":0.0005,"trade_duration":270,"profit_ratio":-0.0321612916107559,"profit_abs":-12.85422954,"exit_reason":"stop_loss","initial_stop_loss_abs":141.2884,"initial_stop_loss_ratio":-0.03,"stop_loss_abs":141.2884,"stop_loss_ratio":-0.03,"min_rate":141.08,"max_rate":143.56,"is_open":false,"enter_tag":"","leverage":2,"is_short":false,"open_timestamp":1768188600000,"close_timestamp":1768204800000,"orders":[{"amount":5.57,"safe_price":143.44,"ft_order_side":"buy","order_filled_timestamp":1768188600000,"ft_is_entry":true,"ft_order_tag":"","cost":799.3602804},{"amount":5.57,"safe_price":141.2884,"ft_order_side":"sell","order_filled_timestamp":1768204800000,"ft_is_entry":false,"ft_order_tag":"stop_loss","cost":787.369876194}],"funding_fees":-0.07684894747259675,"weekday":0},{"pair":"ETH/USDT:USDT","stake_amount":399.875,"max_stake_amount":399.875,"amount":0.25,"open_date":"2026-01-13 19:00:00+00:00","close_date":"2026-01-13 20:00:00+00:00","open_rate":3199.0,"close_rate":3214.39,"fee_open":0.0005,"fee_close":0.0005,"trade_duration":60,"profit_ratio":0.0076131393509247264,"profit_abs":3.04582625,"exit_reason":"rsi_overbought_exit","initial_stop_loss_abs":3151.015,"initial_stop_loss_ratio":-0.03,"stop_loss_abs":3151.015,"stop_loss_ratio":-0.03,"min_rate":3189.04,"max_rate":3219.99,"is_open":false,"enter_tag":"","leverage":2,"is_short":false,"open_timestamp":1768330800000,"close_timestamp":1768334400000,"orders":[{"amount":0.25,"safe_price":3199.0,"ft_order_side":"buy","order_filled_timestamp":1768330800000,"ft_is_entry":true,"ft_order_tag":"","cost":800.149875},{"amount":0.25,"safe_price":3214.39,"ft_order_side":"sell","order_filled_timestamp":1768334400000,"ft_is_entry":false,"ft_order_tag":"rsi_overbought_exit","cost":803.99929875}],"funding_fees":0.0,"weekday":1},{"pair":"SOL/USDT:USDT","stake_amount":399.34875,"max_stake_amount":399.34875,"amount":5.45,"open_date":"2026-01-13 22:30:00+00:00","close_date":"2026-01-14 00:30:00+00:00","open_rate":146.55,"close_rate":144.35175,"fee_open":0.0005,"fee_close":0.0005,"trade_duration":120,"profit_ratio":-0.03216742874184685,"profit_abs":-12.85244547,"exit_reason":"stop_loss","initial_stop_loss_abs":144.35175,"initial_stop_loss_ratio":-0.03,"stop_loss_abs":144.35175,"stop_loss_ratio":-0.03,"min_rate":144.3,"max_rate":147.66,"is_open":false,"enter_tag":"","leverage":2,"is_short":false,"open_timestamp":1768343400000,"close_timestamp":1768350600000,"orders":[{"amount":5.45,"safe_price":146.55,"ft_order_side":"buy","order_filled_timestamp":1768343400000,"ft_is_entry":true,"ft_order_tag":"","cost":799.09684875},{"amount":5.45,"safe_price":144.35175,"ft_order_side":"sell","order_filled_timestamp":1768350600000,"ft_is_entry":false,"ft_order_tag":"stop_loss","cost":787.1103960187501}],"funding_fees":-0.07927570000000002,"weekday":2},{"pair":"BTC/USDT:USDT","stake_amount":397.6035,"max_stake_amount":397.6035,"amount":0.0084,"open_date":"2026-01-14 06:30:00+00:00","close_date":"2026-01-14 14:30:00+00:00","open_rate":94667.5,"close_rate":95809.23,"fee_open":0.0005,"fee_close":0.0005,"trade_duration":480,"profit_ratio":0.021896747182408676,"profit_abs":8.71057643,"exit_reason":"trailing_stop_loss","initial_stop_loss_abs":93247.4875,"initial_stop_loss_ratio":-0.03,"stop_loss_abs":95809.23,"stop_loss_ratio":-0.02,"min_rate":94505.0,"max_rate":96777.0,"is_open":false,"enter_tag":"","leverage":2,"is_short":false,"open_timestamp":1768372200000,"close_timestamp":1768401000000,"orders":[{"amount":0.0084,"safe_price":94667.5,"ft_order_side":"buy","order_filled_timestamp":1768372200000,"ft_is_entry":true,"ft_order_tag":"","cost":795.6046034999999},{"amount":0.0084,"safe_price":95809.23,"ft_order_side":"sell","order_filled_timestamp":1768401000000,"ft_is_entry":false,"ft_order_tag":"trailing_stop_loss","cost":805.1999307659999}],"funding_fees":-0.07995329999999999,"weekday":2},{"pair":"ETH/USDT:USDT","stake_amount":399.400865,"max_stake_amount":399.400865,"amount":0.241,"open_date":"2026-01-14 10:30:00+00:00","close_date":"2026-01-14 16:30:00+00:00","open_rate":3314.53,"close_rate":3369.4056,"fee_open":0.0005,"fee_close":0.0005,"trade_duration":360,"profit_ratio":0.030878358859790678,"profit_abs":12.33900966,"exit_reason":"trailing_stop_loss","initial_stop_loss_abs":3264.81205,"initial_stop_loss_ratio":-0.03,"stop_loss_abs":3369.4056,"stop_loss_ratio":-0.02,"min_rate":3278.15,"max_rate":3403.44,"is_open":false,"enter_tag":"","leverage":2,"is_short":false,"open_timestamp":1768386600000,"close_timestamp":1768408200000,"orders":[{"amount":0.241,"safe_price":3314.53,"ft_order_side":"buy","order_filled_timestamp":1768386600000,"ft_is_entry":true,"ft_order_tag":"","cost":799.201130865},{"amount":0.241,"safe_price":3369.4056,"ft_order_side":"sell","order_filled_timestamp":1768408200000,"ft_is_entry":false,"ft_order_tag":"trailing_stop_loss","cost":812.4327629748}],"funding_fees":-0.08059570199999999,"weekday":2},{"pair":"ETH/USDT:USDT","stake_amount":399.20043,"max_stake_amount":399.20043,"amount":0.237,"open_date":"2026-01-14 17:00:00+00:00","close_date":"2026-01-14 18:30:00+00:00","open_rate":3368.78,"close_rate":3318.2483,"fee_open":0.0005,"fee_close":0.0005,"trade_duration":90,"profit_ratio":-0.03196901548336554,"profit_abs":-12.76842575,"exit_reason":"stop_loss","initial_stop_loss_abs":3318.2483,"initial_stop_loss_ratio":-0.03,"stop_loss_abs":3318.2483,"stop_loss_ratio":-0.03,"min_rate":3313.57,"max_rate":3379.99,"is_open":false,"enter_tag":"","leverage":2,"is_short":false,"open_timestamp":1768410000000,"close_timestamp":1768415400000,"orders":[{"amount":0.237,"safe_price":3368.78,"ft_order_side":"buy","order_filled_timestamp":1768410000000,"ft_is_entry":true,"ft_order_tag":"","cost":798.8000604299999},{"amount":0.237,"safe_price":3318.2483,"ft_order_side":"sell","order_filled_timestamp":1768415400000,"ft_is_entry":false,"ft_order_tag":"stop_loss","cost":786.8180595235499}],"funding_fees":0.0,"weekday":2},{"pair":"ETH/USDT:USDT","stake_amount":398.830055,"max_stake_amount":398.830055,"amount":0.239,"open_date":"2026-01-14 19:00:00+00:00","close_date":"2026-01-14 19:30:00+00:00","open_rate":3337.49,"close_rate":3366.0,"fee_open":0.0005,"fee_close":0.0005,"trade_duration":30,"profit_ratio":0.015068618740329163,"profit_abs":6.01282295,"exit_reason":"trailing_stop_loss","initial_stop_loss_abs":3287.4276499999996,"initial_stop_loss_ratio":-0.03,"stop_loss_abs":3366.0,"stop_loss_ratio":-0.02,"min_rate":3330.58,"max_rate":3400.0,"is_open":false,"enter_tag":"","leverage":2,"is_short":false,"open_timestamp":1768417200000,"close_timestamp":1768419000000,"orders":[{"amount":0.239,"safe_price":3337.49,"ft_order_side":"buy","order_filled_timestamp":1768417200000,"ft_is_entry":true,"ft_order_tag":"","cost":798.0589400549999},{"amount":0.239,"safe_price":3366.0,"ft_order_side":"sell","order_filled_timestamp":1768419000000,"ft_is_entry":false,"ft_order_tag":"trailing_stop_loss","cost":804.8762369999998}],"funding_fees":0.0,"weekday":2},{"pair":"BTC/USDT:USDT","stake_amount":397.27155,"max_stake_amount":397.27155,"amount":0.0082,"open_date":"2026-01-14 18:00:00+00:00","close_date":"2026-01-15 15:30:00+00:00","open_rate":96895.5,"close_rate":95442.0675,"fee_open":0.0005,"fee_close":0.0005,"trade_duration":1290,"profit_ratio":-0.032079014040106595,"profit_abs":-12.75045167,"exit_reason":"stop_loss","initial_stop_loss_abs":95442.0675,"initial_stop_loss_ratio":-0.03,"stop_loss_abs":95442.0675,"stop_loss_ratio":-0.03,"min_rate":95380.6,"max_rate":97900.0,"is_open":false,"enter_tag":"","leverage":2,"is_short":false,"open_timestamp":1768413600000,"close_timestamp":1768491000000,"orders":[{"amount":0.0082,"safe_price":96895.5,"ft_order_side":"buy","order_filled_timestamp":1768413600000,"ft_is_entry":true,"ft_order_tag":"","cost":794.94037155},{"amount":0.0082,"safe_price":95442.0675,"ft_order_side":"sell","order_filled_timestamp":1768491000000,"ft_is_entry":false,"ft_order_tag":"stop_loss","cost":783.01626597675}],"funding_fees":-0.043721138949735255,"weekday":3},{"pair":"DOGE/USDT:USDT","stake_amount":399.4834,"max_stake_amount":399.4834,"amount":6340.0,"open_date":"2026-01-28 14:00:00+00:00","close_date":"2026-01-28 15:00:00+00:00","open_rate":0.12602,"close_rate":0.12413,"fee_open":0.0005,"fee_close":0.0005,"trade_duration":60,"profit_ratio":-0.03196425910199955,"profit_abs":-12.7755755,"exit_reason":"stop_loss","initial_stop_loss_abs":0.12413,"initial_stop_loss_ratio":-0.03,"stop_loss_abs":0.12413,"stop_loss_ratio":-0.03,"min_rate":0.12368,"max_rate":0.12602,"is_open":false,"enter_tag":"","leverage":2,"is_short":false,"open_timestamp":1769608800000,"close_timestamp":1769612400000,"orders":[{"amount":6340.0,"safe_price":0.12602,"ft_order_side":"buy","order_filled_timestamp":1769608800000,"ft_is_entry":true,"ft_order_tag":"","cost":799.3662833999999},{"amount":6340.0,"safe_price":0.12413,"ft_order_side":"sell","order_filled_timestamp":1769612400000,"ft_is_entry":false,"ft_order_tag":"stop_loss","cost":787.3776921}],"funding_fees":0.0,"weekday":2},{"pair":"ETH/USDT:USDT","stake_amount":399.92745,"max_stake_amount":399.92745,"amount":0.39,"open_date":"2026-02-14 06:30:00+00:00","close_date":"2026-02-14 08:00:00+00:00","open_rate":2050.91,"close_rate":2070.9117,"fee_open":0.0005,"fee_close":0.0005,"trade_duration":90,"profit_ratio":0.017405397933535453,"profit_abs":6.96437686,"exit_reason":"trailing_stop_loss","initial_stop_loss_abs":2020.1463499999998,"initial_stop_loss_ratio":-0.03,"stop_loss_abs":2070.9117,"stop_loss_ratio":-0.02,"min_rate":2049.55,"max_rate":2091.83,"is_open":false,"enter_tag":"","leverage":2,"is_short":false,"open_timestamp":1771050600000,"close_timestamp":1771056000000,"orders":[{"amount":0.39,"safe_price":2050.91,"ft_order_side":"buy","order_filled_timestamp":1771050600000,"ft_is_entry":true,"ft_order_tag":"","cost":800.2548274499999},{"amount":0.39,"safe_price":2070.9117,"ft_order_side":"sell","order_filled_timestamp":1771056000000,"ft_is_entry":false,"ft_order_tag":"trailing_stop_loss","cost":808.0593907814999}],"funding_fees":-0.03253091282458306,"weekday":5},{"pair":"BTC/USDT:USDT","stake_amount":397.784425,"max_stake_amount":397.784425,"amount":0.0115,"open_date":"2026-02-14 08:00:00+00:00","close_date":"2026-02-14 09:00:00+00:00","open_rate":69179.9,"close_rate":69706.5,"fee_open":0.0005,"fee_close":0.0005,"trade_duration":60,"profit_ratio":0.013223153389593161,"profit_abs":5.26259445,"exit_reason":"rsi_overbought_exit","initial_stop_loss_abs":68142.2015,"initial_stop_loss_ratio":-0.03,"stop_loss_abs":68142.2015,"stop_loss_ratio":-0.03,"min_rate":69171.4,"max_rate":69874.8,"is_open":false,"enter_tag":"","leverage":2,"is_short":false,"open_timestamp":1771056000000,"close_timestamp":1771059600000,"orders":[{"amount":0.0115,"safe_price":69179.9,"ft_order_side":"buy","order_filled_timestamp":1771056000000,"ft_is_entry":true,"ft_order_tag":"","cost":795.9666344249998},{"amount":0.0115,"safe_price":69706.5,"ft_order_side":"sell","order_filled_timestamp":1771059600000,"ft_is_entry":false,"ft_order_tag":"rsi_overbought_exit","cost":802.0255623749999}],"funding_fees":0.005291246665423755,"weekday":5},{"pair":"DOGE/USDT:USDT","stake_amount":399.8619,"max_stake_amount":399.8619,"amount":8220.0,"open_date":"2026-02-13 21:30:00+00:00","close_date":"2026-02-14 11:00:00+00:00","open_rate":0.09729,"close_rate":0.09925,"fee_open":0.0005,"fee_close":0.0005,"trade_duration":810,"profit_ratio":0.03793359794900474,"profit_abs":15.17578465,"exit_reason":"trailing_stop_loss","initial_stop_loss_abs":0.09584,"initial_stop_loss_ratio":-0.03,"stop_loss_abs":0.09925,"stop_loss_ratio":-0.02,"min_rate":0.09624,"max_rate":0.10025,"is_open":false,"enter_tag":"","leverage":2,"is_short":false,"open_timestamp":1771018200000,"close_timestamp":1771066800000,"orders":[{"amount":8220.0,"safe_price":0.09729,"ft_order_side":"buy","order_filled_timestamp":1771018200000,"ft_is_entry":true,"ft_order_tag":"","cost":800.1236618999999},{"amount":8220.0,"safe_price":0.09925,"ft_order_side":"sell","order_filled_timestamp":1771066800000,"ft_is_entry":false,"ft_order_tag":"trailing_stop_loss","cost":816.2429175}],"funding_fees":-0.12763594799761066,"weekday":5},{"pair":"BTC/USDT:USDT","stake_amount":399.8964,"max_stake_amount":399.8964,"amount":0.0115,"open_date":"2026-02-14 09:30:00+00:00","close_date":"2026-02-14 11:30:00+00:00","open_rate":69547.2,"close_rate":70161.6,"fee_open":0.0005,"fee_close":0.0005,"trade_duration":120,"profit_ratio":0.01565191591518755,"profit_abs":6.2622744,"exit_reason":"rsi_overbought_exit","initial_stop_loss_abs":68503.992,"initial_stop_loss_ratio":-0.03,"stop_loss_abs":68503.992,"stop_loss_ratio":-0.03,"min_rate":69541.0,"max_rate":70563.8,"is_open":false,"enter_tag":"","leverage":2,"is_short":false,"open_timestamp":1771061400000,"close_timestamp":1771068600000,"orders":[{"amount":0.0115,"safe_price":69547.2,"ft_order_side":"buy","order_filled_timestamp":1771061400000,"ft_is_entry":true,"ft_order_tag":"","cost":800.1926963999999},{"amount":0.0115,"safe_price":70161.6,"ft_order_side":"sell","order_filled_timestamp":1771068600000,"ft_is_entry":false,"ft_order_tag":"rsi_overbought_exit","cost":807.2618292000001}],"funding_fees":0.0,"weekday":5},{"pair":"SOL/USDT:USDT","stake_amount":399.7792,"max_stake_amount":399.7792,"amount":9.22,"open_date":"2026-02-14 11:30:00+00:00","close_date":"2026-02-14 12:00:00+00:00","open_rate":86.72,"close_rate":87.21,"fee_open":0.0005,"fee_close":0.0005,"trade_duration":30,"profit_ratio":0.0092904424171678,"profit_abs":3.7159827,"exit_reason":"rsi_overbought_exit","initial_stop_loss_abs":85.4192,"initial_stop_loss_ratio":-0.03,"stop_loss_abs":85.4192,"stop_loss_ratio":-0.03,"min_rate":86.47,"max_rate":87.26,"is_open":false,"enter_tag":"","leverage":2,"is_short":false,"open_timestamp":1771068600000,"close_timestamp":1771070400000,"orders":[{"amount":9.22,"safe_price":86.72,"ft_order_side":"buy","order_filled_timestamp":1771068600000,"ft_is_entry":true,"ft_order_tag":"","cost":799.9581792},{"amount":9.22,"safe_price":87.21,"ft_order_side":"sell","order_filled_timestamp":1771070400000,"ft_is_entry":false,"ft_order_tag":"rsi_overbought_exit","cost":804.4782380999999}],"funding_fees":0.0,"weekday":5},{"pair":"BTC/USDT:USDT","stake_amount":397.307435,"max_stake_amount":397.307435,"amount":0.0113,"open_date":"2026-02-14 12:30:00+00:00","close_date":"2026-02-14 13:00:00+00:00","open_rate":70319.9,"close_rate":69265.10149999999,"fee_open":0.0005,"fee_close":0.0005,"trade_duration":30,"profit_ratio":-0.03196901549609029,"profit_abs":-12.70787831,"exit_reason":"stop_loss","initial_stop_loss_abs":69265.10149999999,"initial_stop_loss_ratio":-0.03,"stop_loss_abs":69265.10149999999,"stop_loss_ratio":-0.03,"min_rate":69194.0,"max_rate":70330.0,"is_open":false,"enter_tag":"","leverage":2,"is_short":false,"open_timestamp":1771072200000,"close_timestamp":1771074000000,"orders":[{"amount":0.0113,"safe_price":70319.9,"ft_order_side":"buy","order_filled_timestamp":1771072200000,"ft_is_entry":true,"ft_order_tag":"","cost":795.0121774349998},{"amount":0.0113,"safe_price":69265.10149999999,"ft_order_side":"sell","order_filled_timestamp":1771074000000,"ft_is_entry":false,"ft_order_tag":"stop_loss","cost":783.0869947734748}],"funding_fees":0.0,"weekday":5},{"pair":"SOL/USDT:USDT","stake_amount":399.7542,"max_stake_amount":399.7542,"amount":9.26,"open_date":"2026-02-14 13:00:00+00:00","close_date":"2026-02-14 16:30:00+00:00","open_rate":86.34,"close_rate":87.3081,"fee_open":0.0005,"fee_close":0.0005,"trade_duration":210,"profit_ratio":0.02048496557256373,"profit_abs":8.1930455,"exit_reason":"trailing_stop_loss","initial_stop_loss_abs":85.0449,"initial_stop_loss_ratio":-0.03,"stop_loss_abs":87.3081,"stop_loss_ratio":-0.02,"min_rate":85.95,"max_rate":88.19,"is_open":false,"enter_tag":"","leverage":2,"is_short":false,"open_timestamp":1771074000000,"close_timestamp":1771086600000,"orders":[{"amount":9.26,"safe_price":86.34,"ft_order_side":"buy","order_filled_timestamp":1771074000000,"ft_is_entry":true,"ft_order_tag":"","cost":799.9081542},{"amount":9.26,"safe_price":87.3081,"ft_order_side":"sell","order_filled_timestamp":1771086600000,"ft_is_entry":false,"ft_order_tag":"trailing_stop_loss","cost":808.8772425029999}],"funding_fees":0.03243020570671814,"weekday":5},{"pair":"DOGE/USDT:USDT","stake_amount":399.64,"max_stake_amount":399.64,"amount":7760.0,"open_date":"2026-02-14 16:30:00+00:00","close_date":"2026-02-14 16:30:00+00:00","open_rate":0.103,"close_rate":0.10506,"fee_open":0.0005,"fee_close":0.0005,"trade_duration":0,"profit_ratio":0.03796101949025488,"profit_abs":15.1783272,"exit_reason":"trailing_stop_loss","initial_stop_loss_abs":0.10146,"initial_stop_loss_ratio":-0.03,"stop_loss_abs":0.10439,"stop_loss_ratio":-0.02,"min_rate":0.10241,"max_rate":0.10544,"is_open":false,"enter_tag":"","leverage":2,"is_short":false,"open_timestamp":1771086600000,"close_timestamp":1771086600000,"orders":[{"amount":7760.0,"safe_price":0.103,"ft_order_side":"buy","order_filled_timestamp":1771086600000,"ft_is_entry":true,"ft_order_tag":"","cost":799.67964},{"amount":7760.0,"safe_price":0.10506,"ft_order_side":"sell","order_filled_timestamp":1771086600000,"ft_is_entry":false,"ft_order_tag":"trailing_stop_loss","cost":815.6732327999999}],"funding_fees":0.0,"weekday":5},{"pair":"ETH/USDT:USDT","stake_amount":399.3619,"max_stake_amount":399.3619,"amount":0.382,"open_date":"2026-02-14 12:30:00+00:00","close_date":"2026-02-15 01:00:00+00:00","open_rate":2090.9,"close_rate":2059.5365,"fee_open":0.0005,"fee_close":0.0005,"trade_duration":750,"profit_ratio":-0.03227664201182003,"profit_abs":-12.89650611,"exit_reason":"stop_loss","initial_stop_loss_abs":2059.5365,"initial_stop_loss_ratio":-0.03,"stop_loss_abs":2059.5365,"stop_loss_ratio":-0.03,"min_rate":2055.78,"max_rate":2098.87,"is_open":false,"enter_tag":"","leverage":2,"is_short":false,"open_timestamp":1771072200000,"close_timestamp":1771117200000,"orders":[{"amount":0.382,"safe_price":2090.9,"ft_order_side":"buy","order_filled_timestamp":1771072200000,"ft_is_entry":true,"ft_order_tag":"","cost":799.1231619},{"amount":0.382,"safe_price":2059.5365,"ft_order_side":"sell","order_filled_timestamp":1771117200000,"ft_is_entry":false,"ft_order_tag":"stop_loss","cost":787.1363144715}],"funding_fees":-0.12291573638385629,"weekday":6},{"pair":"DOGE/USDT:USDT","stake_amount":399.8592,"max_stake_amount":399.8592,"amount":7120.0,"open_date":"2026-02-15 02:30:00+00:00","close_date":"2026-02-15 03:00:00+00:00","open_rate":0.11232,"close_rate":0.11338,"fee_open":0.0005,"fee_close":0.0005,"trade_duration":30,"profit_ratio":0.016856778163624738,"profit_abs":6.743708,"exit_reason":"rsi_overbought_exit","initial_stop_loss_abs":0.11064,"initial_stop_loss_ratio":-0.03,"stop_loss_abs":0.11431,"stop_loss_ratio":-0.02,"min_rate":0.11186,"max_rate":0.11546,"is_open":false,"enter_tag":"","leverage":2,"is_short":false,"open_timestamp":1771122600000,"close_timestamp":1771124400000,"orders":[{"amount":7120.0,"safe_price":0.11232,"ft_order_side":"buy","order_filled_timestamp":1771122600000,"ft_is_entry":true,"ft_order_tag":"","cost":800.1182591999999},{"amount":7120.0,"safe_price":0.11338,"ft_order_side":"sell","order_filled_timestamp":1771124400000,"ft_is_entry":false,"ft_order_tag":"rsi_overbought_exit","cost":807.6692327999999}],"funding_fees":0.0,"weekday":6},{"pair":"SOL/USDT:USDT","stake_amount":399.7924,"max_stake_amount":399.7924,"amount":9.08,"open_date":"2026-02-14 17:00:00+00:00","close_date":"2026-02-15 04:00:00+00:00","open_rate":88.06,"close_rate":88.8525,"fee_open":0.0005,"fee_close":0.0005,"trade_duration":660,"profit_ratio":0.01611120074367072,"profit_abs":6.44435618,"exit_reason":"trailing_stop_loss","initial_stop_loss_abs":86.73910000000001,"initial_stop_loss_ratio":-0.03,"stop_loss_abs":88.8525,"stop_loss_ratio":-0.02,"min_rate":87.15,"max_rate":89.75,"is_open":false,"enter_tag":"","leverage":2,"is_short":false,"open_timestamp":1771088400000,"close_timestamp":1771128000000,"orders":[{"amount":9.08,"safe_price":88.06,"ft_order_side":"buy","order_filled_timestamp":1771088400000,"ft_is_entry":true,"ft_order_tag":"","cost":799.9845923999999},{"amount":9.08,"safe_price":88.8525,"ft_order_side":"sell","order_filled_timestamp":1771128000000,"ft_is_entry":false,"ft_order_tag":"trailing_stop_loss","cost":807.18409035}],"funding_fees":0.05163893235872765,"weekday":6},{"pair":"DOGE/USDT:USDT","stake_amount":399.86295,"max_stake_amount":399.86295,"amount":6990.0,"open_date":"2026-02-15 06:30:00+00:00","close_date":"2026-02-15 07:30:00+00:00","open_rate":0.11441,"close_rate":0.11547,"fee_open":0.0005,"fee_close":0.0005,"trade_duration":60,"profit_ratio":0.016512327701196164,"profit_abs":6.6059694,"exit_reason":"trailing_stop_loss","initial_stop_loss_abs":0.1127,"initial_stop_loss_ratio":-0.03,"stop_loss_abs":0.11547,"stop_loss_ratio":-0.02,"min_rate":0.11408,"max_rate":0.11663,"is_open":false,"enter_tag":"","leverage":2,"is_short":false,"open_timestamp":1771137000000,"close_timestamp":1771140600000,"orders":[{"amount":6990.0,"safe_price":0.11441,"ft_order_side":"buy","order_filled_timestamp":1771137000000,"ft_is_entry":true,"ft_order_tag":"","cost":800.12576295},{"amount":6990.0,"safe_price":0.11547,"ft_order_side":"sell","order_filled_timestamp":1771140600000,"ft_is_entry":false,"ft_order_tag":"trailing_stop_loss","cost":807.5388676499999}],"funding_fees":0.0,"weekday":6},{"pair":"DOGE/USDT:USDT","stake_amount":399.8241,"max_stake_amount":399.8241,"amount":7020.0,"open_date":"2026-02-15 09:00:00+00:00","close_date":"2026-02-15 10:00:00+00:00","open_rate":0.11391,"close_rate":0.11221,"fee_open":0.0005,"fee_close":0.0005,"trade_duration":60,"profit_ratio":-0.03181729300392381,"profit_abs":-12.7276812,"exit_reason":"stop_loss","initial_stop_loss_abs":0.11221,"initial_stop_loss_ratio":-0.03,"stop_loss_abs":0.11221,"stop_loss_ratio":-0.03,"min_rate":0.11209,"max_rate":0.11528,"is_open":false,"enter_tag":"","leverage":2,"is_short":false,"open_timestamp":1771146000000,"close_timestamp":1771149600000,"orders":[{"amount":7020.0,"safe_price":0.11391,"ft_order_side":"buy","order_filled_timestamp":1771146000000,"ft_is_entry":true,"ft_order_tag":"","cost":800.0480240999999},{"amount":7020.0,"safe_price":0.11221,"ft_order_side":"sell","order_filled_timestamp":1771149600000,"ft_is_entry":false,"ft_order_tag":"stop_loss","cost":788.1080571}],"funding_fees":0.0,"weekday":6},{"pair":"SOL/USDT:USDT","stake_amount":399.7833,"max_stake_amount":399.7833,"amount":8.89,"open_date":"2026-02-15 08:30:00+00:00","close_date":"2026-02-15 12:30:00+00:00","open_rate":89.94,"close_rate":88.59089999999999,"fee_open":0.0005,"fee_close":0.0005,"trade_duration":240,"profit_ratio":-0.031969015491003824,"profit_abs":-12.78706885,"exit_reason":"stop_loss","initial_stop_loss_abs":88.59089999999999,"initial_stop_loss_ratio":-0.03,"stop_loss_abs":88.59089999999999,"stop_loss_ratio":-0.03,"min_rate":87.23,"max_rate":90.47,"is_open":false,"enter_tag":"","leverage":2,"is_short":false,"open_timestamp":1771144200000,"close_timestamp":1771158600000,"orders":[{"amount":8.89,"safe_price":89.94,"ft_order_side":"buy","order_filled_timestamp":1771144200000,"ft_is_entry":true,"ft_order_tag":"","cost":799.9663833},{"amount":8.89,"safe_price":88.59089999999999,"ft_order_side":"sell","order_filled_timestamp":1771158600000,"ft_is_entry":false,"ft_order_tag":"stop_loss","cost":787.9668875504999}],"funding_fees":0.0,"weekday":6},{"pair":"DOGE/USDT:USDT","stake_amount":399.7722,"max_stake_amount":399.7722,"amount":7080.0,"open_date":"2026-02-15 10:30:00+00:00","close_date":"2026-02-15 12:30:00+00:00","open_rate":0.11293,"close_rate":0.11124,"fee_open":0.0005,"fee_close":0.0005,"trade_duration":120,"profit_ratio":-0.03189913057285224,"profit_abs":-12.7587618,"exit_reason":"stop_loss","initial_stop_loss_abs":0.11124,"initial_stop_loss_ratio":-0.03,"stop_loss_abs":0.11124,"stop_loss_ratio":-0.03,"min_rate":0.10856,"max_rate":0.11391,"is_open":false,"enter_tag":"","leverage":2,"is_short":false,"open_timestamp":1771151400000,"close_timestamp":1771158600000,"orders":[{"amount":7080.0,"safe_price":0.11293,"ft_order_side":"buy","order_filled_timestamp":1771151400000,"ft_is_entry":true,"ft_order_tag":"","cost":799.9441721999999},{"amount":7080.0,"safe_price":0.11124,"ft_order_side":"sell","order_filled_timestamp":1771158600000,"ft_is_entry":false,"ft_order_tag":"stop_loss","cost":787.9729896}],"funding_fees":0.0,"weekday":6},{"pair":"SOL/USDT:USDT","stake_amount":399.70225,"max_stake_amount":399.70225,"amount":9.29,"open_date":"2026-02-21 16:30:00+00:00","close_date":"2026-02-22 00:00:00+00:00","open_rate":86.05,"close_rate":85.11,"fee_open":0.0005,"fee_close":0.0005,"trade_duration":450,"profit_ratio":-0.023824926583773772,"profit_abs":-9.5276382,"exit_reason":"force_exit","initial_stop_loss_abs":84.75925,"initial_stop_loss_ratio":-0.03,"stop_loss_abs":84.75925,"stop_loss_ratio":-0.03,"min_rate":84.77,"max_rate":86.67,"is_open":false,"enter_tag":"","leverage":2,"is_short":false,"open_timestamp":1771691400000,"close_timestamp":1771718400000,"orders":[{"amount":9.29,"safe_price":86.05,"ft_order_side":"buy","order_filled_timestamp":1771691400000,"ft_is_entry":true,"ft_order_tag":"","cost":799.8042022499998},{"amount":9.29,"safe_price":85.11,"ft_order_side":"sell","order_filled_timestamp":1771718400000,"ft_is_entry":false,"ft_order_tag":"force_exit","cost":791.0672359499999}],"funding_fees":0.0,"weekday":6}],"locks":[],"best_pair":{"key":"ETH/USDT:USDT","trades":17,"profit_mean":0.004272842318770822,"profit_mean_pct":0.43,"profit_total_abs":29.004741900000003,"profit_total":0.029004741900000002,"profit_total_pct":2.9,"duration_avg":"8:07:00","wins":12,"draws":0,"losses":5,"winrate":0.7058823529411765,"cagr":0.13063304346651305,"expectancy":1.706161288235295,"expectancy_ratio":0.13331466189532093,"sortino":130.82123261210867,"sharpe":0.6775475613949156,"calmar":32.05135904913456,"sqn":0.7093,"profit_factor":1.453269850444091,"max_drawdown_account":0.020339958497990016,"max_drawdown_abs":20.912588129999996},"worst_pair":{"key":"SOL/USDT:USDT","trades":18,"profit_mean":-0.007358692436069219,"profit_mean_pct":-0.74,"profit_total_abs":-52.95221258,"profit_total":-0.05295221258,"profit_total_pct":-5.3,"duration_avg":"5:05:00","wins":9,"draws":0,"losses":9,"winrate":0.5,"cagr":-0.20834103887684652,"expectancy":-2.941789587777778,"expectancy_ratio":-0.23636245474926332,"sortino":-11.52749547175213,"sharpe":-1.2308961408015664,"calmar":-22.476439028873866,"sqn":-1.2544,"profit_factor":0.5272750905014735,"max_drawdown_account":0.05295221258000004,"max_drawdown_abs":52.952212579999994},"results_per_pair":[{"key":"ETH/USDT:USDT","trades":17,"profit_mean":0.004272842318770822,"profit_mean_pct":0.43,"profit_total_abs":29.004741900000003,"profit_total":0.029004741900000002,"profit_total_pct":2.9,"duration_avg":"8:07:00","wins":12,"draws":0,"losses":5,"winrate":0.7058823529411765,"cagr":0.13063304346651305,"expectancy":1.706161288235295,"expectancy_ratio":0.13331466189532093,"sortino":130.82123261210867,"sharpe":0.6775475613949156,"calmar":32.05135904913456,"sqn":0.7093,"profit_factor":1.453269850444091,"max_drawdown_account":0.020339958497990016,"max_drawdown_abs":20.912588129999996},{"key":"DOGE/USDT:USDT","trades":17,"profit_mean":0.004045564265400349,"profit_mean_pct":0.4,"profit_total_abs":27.536182139999994,"profit_total":0.027536182139999994,"profit_total_pct":2.75,"duration_avg":"3:05:00","wins":10,"draws":0,"losses":7,"winrate":0.5882352941176471,"cagr":0.12372032433666691,"expectancy":1.6197754199999999,"expectancy_ratio":0.12677247433664296,"sortino":162.95451730180008,"sharpe":0.4845673541325523,"calmar":16.299821955960926,"sqn":0.5073,"profit_factor":1.3078760091032755,"max_drawdown_account":0.03797067971845762,"max_drawdown_abs":38.44842121000001},{"key":"BTC/USDT:USDT","trades":9,"profit_mean":-0.009809756195663584,"profit_mean_pct":-0.98,"profit_total_abs":-35.0168245,"profit_total":-0.0350168245,"profit_total_pct":-3.5,"duration_avg":"8:30:00","wins":4,"draws":0,"losses":5,"winrate":0.4444444444444444,"cagr":-0.14192361753318528,"expectancy":-3.890758277777778,"expectancy_ratio":-0.30583205309601225,"sortino":-137.1826323508179,"sharpe":-0.7934121562647981,"calmar":-22.476439028873894,"sqn":-1.1094,"profit_factor":0.4495023044271781,"max_drawdown_account":0.03501682449999998,"max_drawdown_abs":35.0168245},{"key":"SOL/USDT:USDT","trades":18,"profit_mean":-0.007358692436069219,"profit_mean_pct":-0.74,"profit_total_abs":-52.95221258,"profit_total":-0.05295221258,"profit_total_pct":-5.3,"duration_avg":"5:05:00","wins":9,"draws":0,"losses":9,"winrate":0.5,"cagr":-0.20834103887684652,"expectancy":-2.941789587777778,"expectancy_ratio":-0.23636245474926332,"sortino":-11.52749547175213,"sharpe":-1.2308961408015664,"calmar":-22.476439028873866,"sqn":-1.2544,"profit_factor":0.5272750905014735,"max_drawdown_account":0.05295221258000004,"max_drawdown_abs":52.952212579999994},{"key":"TOTAL","trades":61,"profit_mean":-0.0013005140603165293,"profit_mean_pct":-0.13,"profit_total_abs":-31.428113039999985,"profit_total":-0.03142811303999998,"profit_total_pct":-3.14,"duration_avg":"5:53:00","wins":35,"draws":0,"losses":26,"winrate":0.5737704918032787,"cagr":-0.12813634726807965,"expectancy":-0.5152149678688538,"expectancy_ratio":-0.04070946243041662,"sortino":-11.248007232098727,"sharpe":-0.6463648773739676,"calmar":-6.575203788885105,"sqn":-0.3652,"profit_factor":0.9044893381440227,"max_drawdown_account":0.1074327259225363,"max_drawdown_abs":110.43166286}],"results_per_enter_tag":[{"key":"","trades":61,"profit_mean":-0.0013005140603165293,"profit_mean_pct":-0.13,"profit_total_abs":-31.428113039999985,"profit_total":-0.03142811303999998,"profit_total_pct":-3.14,"duration_avg":"5:53:00","wins":35,"draws":0,"losses":26,"winrate":0.5737704918032787,"cagr":-0.12813634726807965,"expectancy":-0.5152149678688538,"expectancy_ratio":-0.04070946243041662,"sortino":-11.248007232098727,"sharpe":-0.6463648773739676,"calmar":-6.575203788885105,"sqn":-0.3652,"profit_factor":0.9044893381440227,"max_drawdown_account":0.1074327259225363,"max_drawdown_abs":110.43166286},{"key":"TOTAL","trades":61,"profit_mean":-0.0013005140603165293,"profit_mean_pct":-0.13,"profit_total_abs":-31.428113039999985,"profit_total":-0.03142811303999998,"profit_total_pct":-3.14,"duration_avg":"5:53:00","wins":35,"draws":0,"losses":26,"winrate":0.5737704918032787,"cagr":-0.12813634726807965,"expectancy":-0.5152149678688538,"expectancy_ratio":-0.04070946243041662,"sortino":-11.248007232098727,"sharpe":-0.6463648773739676,"calmar":-6.575203788885105,"sqn":-0.3652,"profit_factor":0.9044893381440227,"max_drawdown_account":0.1074327259225363,"max_drawdown_abs":110.43166286}],"exit_reason_summary":[{"key":"trailing_stop_loss","trades":23,"profit_mean":0.02150924728320064,"profit_mean_pct":2.15,"profit_total_abs":197.62625817,"profit_total":0.19762625817,"profit_total_pct":19.76,"duration_avg":"7:05:00","wins":23,"draws":0,"losses":0,"winrate":1.0,"cagr":1.1693064969191247,"expectancy":8.592446007391304,"expectancy_ratio":100.0,"sortino":-100,"sharpe":13.616714195961958,"calmar":-100,"sqn":12.3546,"profit_factor":0.0,"max_drawdown_account":0.0,"max_drawdown_abs":0.0},{"key":"rsi_overbought_exit","trades":11,"profit_mean":0.017306327440220495,"profit_mean_pct":1.73,"profit_total_abs":76.10336884999998,"profit_total":0.07610336884999998,"profit_total_pct":7.61,"duration_avg":"3:27:00","wins":11,"draws":0,"losses":0,"winrate":1.0,"cagr":0.37020259246966347,"expectancy":6.918488077272726,"expectancy_ratio":100.0,"sortino":-100,"sharpe":6.0924935226721955,"calmar":-100,"sqn":7.7925,"profit_factor":0.0,"max_drawdown_account":0.0,"max_drawdown_abs":0.0},{"key":"roi","trades":1,"profit_mean":0.05977013057559747,"profit_mean_pct":5.98,"profit_total_abs":23.8957125,"profit_total":0.0238957125,"profit_total_pct":2.39,"duration_avg":"5:00:00","wins":1,"draws":0,"losses":0,"winrate":1.0,"cagr":0.10672389608836896,"expectancy":23.8957125,"expectancy_ratio":100.0,"sortino":-100,"sharpe":-100,"calmar":-100,"sqn":-100.0,"profit_factor":0.0,"max_drawdown_account":0.0,"max_drawdown_abs":0.0},{"key":"force_exit","trades":1,"profit_mean":-0.023824926583773772,"profit_mean_pct":-2.38,"profit_total_abs":-9.5276382,"profit_total":-0.0095276382,"profit_total_pct":-0.95,"duration_avg":"7:30:00","wins":0,"draws":0,"losses":1,"winrate":0.0,"cagr":-0.04027543522852828,"expectancy":-9.5276382,"expectancy_ratio":-1.0,"sortino":-100,"sharpe":-100,"calmar":-22.476439028873987,"sqn":-100.0,"profit_factor":0.0,"max_drawdown_account":0.009527638199999956,"max_drawdown_abs":9.5276382},{"key":"stop_loss","trades":25,"profit_mean":-0.032014354041086886,"profit_mean_pct":-3.2,"profit_total_abs":-319.52581436,"profit_total":-0.31952581436000005,"profit_total_pct":-31.95,"duration_avg":"5:48:00","wins":0,"draws":0,"losses":25,"winrate":0.0,"cagr":-0.8085419746850508,"expectancy":-12.781032574400001,"expectancy_ratio":-1.0,"sortino":-1294.0053694784774,"sharpe":-1294.0053694784774,"calmar":-22.476439028873884,"sqn":-1128.1691,"profit_factor":0.0,"max_drawdown_account":0.31952581436000005,"max_drawdown_abs":319.52581436},{"key":"TOTAL","trades":61,"profit_mean":-0.0013005140603165293,"profit_mean_pct":-0.13,"profit_total_abs":-31.428113039999985,"profit_total":-0.03142811303999998,"profit_total_pct":-3.14,"duration_avg":"5:53:00","wins":35,"draws":0,"losses":26,"winrate":0.5737704918032787,"cagr":-0.12813634726807965,"expectancy":-0.5152149678688538,"expectancy_ratio":-0.04070946243041662,"sortino":-11.248007232098727,"sharpe":-0.6463648773739676,"calmar":-6.575203788885105,"sqn":-0.3652,"profit_factor":0.9044893381440227,"max_drawdown_account":0.1074327259225363,"max_drawdown_abs":110.43166286}],"mix_tag_stats":[{"key":["","trailing_stop_loss"],"trades":23,"profit_mean":0.02150924728320064,"profit_mean_pct":2.15,"profit_total_abs":197.62625817,"profit_total":0.19762625817,"profit_total_pct":19.76,"duration_avg":"7:05:00","wins":23,"draws":0,"losses":0,"winrate":1.0,"cagr":1.1693064969191247,"expectancy":8.592446007391304,"expectancy_ratio":100.0,"sortino":-100,"sharpe":13.616714195961958,"calmar":-100,"sqn":12.3546,"profit_factor":0.0,"max_drawdown_account":0.0,"max_drawdown_abs":0.0},{"key":["","rsi_overbought_exit"],"trades":11,"profit_mean":0.017306327440220495,"profit_mean_pct":1.73,"profit_total_abs":76.10336884999998,"profit_total":0.07610336884999998,"profit_total_pct":7.61,"duration_avg":"3:27:00","wins":11,"draws":0,"losses":0,"winrate":1.0,"cagr":0.37020259246966347,"expectancy":6.918488077272726,"expectancy_ratio":100.0,"sortino":-100,"sharpe":6.0924935226721955,"calmar":-100,"sqn":7.7925,"profit_factor":0.0,"max_drawdown_account":0.0,"max_drawdown_abs":0.0},{"key":["","roi"],"trades":1,"profit_mean":0.05977013057559747,"profit_mean_pct":5.98,"profit_total_abs":23.8957125,"profit_total":0.0238957125,"profit_total_pct":2.39,"duration_avg":"5:00:00","wins":1,"draws":0,"losses":0,"winrate":1.0,"cagr":0.10672389608836896,"expectancy":23.8957125,"expectancy_ratio":100.0,"sortino":-100,"sharpe":-100,"calmar":-100,"sqn":-100.0,"profit_factor":0.0,"max_drawdown_account":0.0,"max_drawdown_abs":0.0},{"key":["","force_exit"],"trades":1,"profit_mean":-0.023824926583773772,"profit_mean_pct":-2.38,"profit_total_abs":-9.5276382,"profit_total":-0.0095276382,"profit_total_pct":-0.95,"duration_avg":"7:30:00","wins":0,"draws":0,"losses":1,"winrate":0.0,"cagr":-0.04027543522852828,"expectancy":-9.5276382,"expectancy_ratio":-1.0,"sortino":-100,"sharpe":-100,"calmar":-22.476439028873987,"sqn":-100.0,"profit_factor":0.0,"max_drawdown_account":0.009527638199999956,"max_drawdown_abs":9.5276382},{"key":["","stop_loss"],"trades":25,"profit_mean":-0.032014354041086886,"profit_mean_pct":-3.2,"profit_total_abs":-319.52581436,"profit_total":-0.31952581436000005,"profit_total_pct":-31.95,"duration_avg":"5:48:00","wins":0,"draws":0,"losses":25,"winrate":0.0,"cagr":-0.8085419746850508,"expectancy":-12.781032574400001,"expectancy_ratio":-1.0,"sortino":-1294.0053694784774,"sharpe":-1294.0053694784774,"calmar":-22.476439028873884,"sqn":-1128.1691,"profit_factor":0.0,"max_drawdown_account":0.31952581436000005,"max_drawdown_abs":319.52581436},{"key":"TOTAL","trades":61,"profit_mean":-0.0013005140603165293,"profit_mean_pct":-0.13,"profit_total_abs":-31.428113039999985,"profit_total":-0.03142811303999998,"profit_total_pct":-3.14,"duration_avg":"5:53:00","wins":35,"draws":0,"losses":26,"winrate":0.5737704918032787,"cagr":-0.12813634726807965,"expectancy":-0.5152149678688538,"expectancy_ratio":-0.04070946243041662,"sortino":-11.248007232098727,"sharpe":-0.6463648773739676,"calmar":-6.575203788885105,"sqn":-0.3652,"profit_factor":0.9044893381440227,"max_drawdown_account":0.1074327259225363,"max_drawdown_abs":110.43166286}],"left_open_trades":[{"key":"SOL/USDT:USDT","trades":1,"profit_mean":-0.023824926583773772,"profit_mean_pct":-2.38,"profit_total_abs":-9.5276382,"profit_total":-0.0095276382,"profit_total_pct":-0.95,"duration_avg":"7:30:00","wins":0,"draws":0,"losses":1,"winrate":0.0,"cagr":-0.04027543522852828,"expectancy":-9.5276382,"expectancy_ratio":-1.0,"sortino":-100,"sharpe":-100,"calmar":-22.476439028873987,"sqn":-100.0,"profit_factor":0.0,"max_drawdown_account":0.009527638199999956,"max_drawdown_abs":9.5276382},{"key":"TOTAL","trades":1,"profit_mean":-0.023824926583773772,"profit_mean_pct":-2.38,"profit_total_abs":-9.5276382,"profit_total":-0.0095276382,"profit_total_pct":-0.95,"duration_avg":"7:30:00","wins":0,"draws":0,"losses":1,"winrate":0.0,"cagr":-0.04027543522852828,"expectancy":-9.5276382,"expectancy_ratio":-1.0,"sortino":-100,"sharpe":-100,"calmar":-22.476439028873987,"sqn":-100.0,"profit_factor":0.0,"max_drawdown_account":0.009527638199999956,"max_drawdown_abs":9.5276382}],"total_trades":61,"trade_count_long":61,"trade_count_short":0,"total_volume":97479.83818226353,"avg_stake_amount":399.2321703278688,"profit_mean":-0.0013005140603165293,"profit_median":0.011610630202189455,"profit_total":-0.03142811303999998,"profit_total_long":-0.03142811303999998,"profit_total_short":0.0,"profit_total_abs":-31.428113039999985,"profit_total_long_abs":-31.428113039999985,"profit_total_short_abs":0.0,"cagr":-0.12813634726807965,"expectancy":-0.5152149678688538,"expectancy_ratio":-0.04070946243041662,"sortino":-11.248007232098727,"sharpe":-0.6463648773739676,"calmar":-6.575203788885105,"sqn":-0.3652,"profit_factor":0.9044893381440227,"backtest_start":"2025-11-28 04:00:00","backtest_start_ts":1764302400000,"backtest_end":"2026-02-22 00:00:00","backtest_end_ts":1771718400000,"backtest_days":85,"backtest_run_start_ts":1771732973,"backtest_run_end_ts":1771732975,"trades_per_day":0.72,"market_change":-0.33705594140829076,"pairlist":["BTC/USDT:USDT","ETH/USDT:USDT","SOL/USDT:USDT","DOGE/USDT:USDT"],"stake_amount":400,"stake_currency":"USDT","stake_currency_decimals":3,"starting_balance":1000,"dry_run_wallet":1000,"final_balance":968.57188696,"rejected_signals":24,"timedout_entry_orders":0,"timedout_exit_orders":2,"canceled_trade_entries":0,"canceled_entry_orders":0,"replaced_entry_orders":0,"max_open_trades":2,"max_open_trades_setting":2,"timeframe":"30m","timeframe_detail":"","timerange":"20251124-20260222","enable_protections":false,"strategy_name":"SupertrendFuturesStrategyV5_1","freqaimodel":null,"freqai_identifier":null,"stoploss":-0.03,"trailing_stop":true,"trailing_stop_positive":0.02,"trailing_stop_positive_offset":0.03,"trailing_only_offset_is_reached":true,"use_custom_stoploss":false,"minimal_roi":{"0":0.06},"use_exit_signal":true,"exit_profit_only":false,"exit_profit_offset":0.0,"ignore_roi_if_entry_signal":false,"trading_mode":"futures","margin_mode":"isolated","periodic_breakdown":{"day":[{"date":"03/12/2025","date_ts":1764720000000,"profit_abs":27.91455687,"wins":4,"draws":0,"losses":1,"trades":5,"profit_factor":3.17738251},{"date":"04/12/2025","date_ts":1764806400000,"profit_abs":-12.76202738,"wins":0,"draws":0,"losses":1,"trades":1,"profit_factor":0.0},{"date":"05/12/2025","date_ts":1764892800000,"profit_abs":-12.76205023,"wins":0,"draws":0,"losses":1,"trades":1,"profit_factor":0.0},{"date":"06/12/2025","date_ts":1764979200000,"profit_abs":0.0,"wins":0,"draws":0,"losses":0,"trades":0,"profit_factor":0.0},{"date":"07/12/2025","date_ts":1765065600000,"profit_abs":0.0,"wins":0,"draws":0,"losses":0,"trades":0,"profit_factor":0.0},{"date":"08/12/2025","date_ts":1765152000000,"profit_abs":-12.78676179,"wins":0,"draws":0,"losses":1,"trades":1,"profit_factor":0.0},{"date":"09/12/2025","date_ts":1765238400000,"profit_abs":0.0,"wins":0,"draws":0,"losses":0,"trades":0,"profit_factor":0.0},{"date":"10/12/2025","date_ts":1765324800000,"profit_abs":-25.48226507,"wins":0,"draws":0,"losses":2,"trades":2,"profit_factor":0.0},{"date":"11/12/2025","date_ts":1765411200000,"profit_abs":0.0,"wins":0,"draws":0,"losses":0,"trades":0,"profit_factor":0.0},{"date":"12/12/2025","date_ts":1765497600000,"profit_abs":-12.87051048,"wins":0,"draws":0,"losses":1,"trades":1,"profit_factor":0.0},{"date":"13/12/2025","date_ts":1765584000000,"profit_abs":0.0,"wins":0,"draws":0,"losses":0,"trades":0,"profit_factor":0.0},{"date":"14/12/2025","date_ts":1765670400000,"profit_abs":0.0,"wins":0,"draws":0,"losses":0,"trades":0,"profit_factor":0.0},{"date":"15/12/2025","date_ts":1765756800000,"profit_abs":0.0,"wins":0,"draws":0,"losses":0,"trades":0,"profit_factor":0.0},{"date":"16/12/2025","date_ts":1765843200000,"profit_abs":0.0,"wins":0,"draws":0,"losses":0,"trades":0,"profit_factor":0.0},{"date":"17/12/2025","date_ts":1765929600000,"profit_abs":0.0,"wins":0,"draws":0,"losses":0,"trades":0,"profit_factor":0.0},{"date":"18/12/2025","date_ts":1766016000000,"profit_abs":0.0,"wins":0,"draws":0,"losses":0,"trades":0,"profit_factor":0.0},{"date":"19/12/2025","date_ts":1766102400000,"profit_abs":0.0,"wins":0,"draws":0,"losses":0,"trades":0,"profit_factor":0.0},{"date":"20/12/2025","date_ts":1766188800000,"profit_abs":0.0,"wins":0,"draws":0,"losses":0,"trades":0,"profit_factor":0.0},{"date":"21/12/2025","date_ts":1766275200000,"profit_abs":4.63003188,"wins":1,"draws":0,"losses":0,"trades":1,"profit_factor":0.0},{"date":"22/12/2025","date_ts":1766361600000,"profit_abs":-25.58086307,"wins":0,"draws":0,"losses":2,"trades":2,"profit_factor":0.0},{"date":"23/12/2025","date_ts":1766448000000,"profit_abs":0.0,"wins":0,"draws":0,"losses":0,"trades":0,"profit_factor":0.0},{"date":"24/12/2025","date_ts":1766534400000,"profit_abs":0.0,"wins":0,"draws":0,"losses":0,"trades":0,"profit_factor":0.0},{"date":"25/12/2025","date_ts":1766620800000,"profit_abs":0.0,"wins":0,"draws":0,"losses":0,"trades":0,"profit_factor":0.0},{"date":"26/12/2025","date_ts":1766707200000,"profit_abs":0.0,"wins":0,"draws":0,"losses":0,"trades":0,"profit_factor":0.0},{"date":"27/12/2025","date_ts":1766793600000,"profit_abs":0.0,"wins":0,"draws":0,"losses":0,"trades":0,"profit_factor":0.0},{"date":"28/12/2025","date_ts":1766880000000,"profit_abs":0.0,"wins":0,"draws":0,"losses":0,"trades":0,"profit_factor":0.0},{"date":"29/12/2025","date_ts":1766966400000,"profit_abs":-12.81721672,"wins":0,"draws":0,"losses":1,"trades":1,"profit_factor":0.0},{"date":"30/12/2025","date_ts":1767052800000,"profit_abs":0.0,"wins":0,"draws":0,"losses":0,"trades":0,"profit_factor":0.0},{"date":"31/12/2025","date_ts":1767139200000,"profit_abs":0.0,"wins":0,"draws":0,"losses":0,"trades":0,"profit_factor":0.0},{"date":"01/01/2026","date_ts":1767225600000,"profit_abs":0.0,"wins":0,"draws":0,"losses":0,"trades":0,"profit_factor":0.0},{"date":"02/01/2026","date_ts":1767312000000,"profit_abs":77.94455072,"wins":9,"draws":0,"losses":1,"trades":10,"profit_factor":7.09710574},{"date":"03/01/2026","date_ts":1767398400000,"profit_abs":-25.51904491,"wins":0,"draws":0,"losses":2,"trades":2,"profit_factor":0.0},{"date":"04/01/2026","date_ts":1767484800000,"profit_abs":0.0,"wins":0,"draws":0,"losses":0,"trades":0,"profit_factor":0.0},{"date":"05/01/2026","date_ts":1767571200000,"profit_abs":29.15197417,"wins":4,"draws":0,"losses":0,"trades":4,"profit_factor":0.0},{"date":"06/01/2026","date_ts":1767657600000,"profit_abs":-17.42860435,"wins":1,"draws":0,"losses":2,"trades":3,"profit_factor":0.31550405},{"date":"07/01/2026","date_ts":1767744000000,"profit_abs":0.0,"wins":0,"draws":0,"losses":0,"trades":0,"profit_factor":0.0},{"date":"08/01/2026","date_ts":1767830400000,"profit_abs":0.0,"wins":0,"draws":0,"losses":0,"trades":0,"profit_factor":0.0},{"date":"09/01/2026","date_ts":1767916800000,"profit_abs":0.0,"wins":0,"draws":0,"losses":0,"trades":0,"profit_factor":0.0},{"date":"10/01/2026","date_ts":1768003200000,"profit_abs":0.0,"wins":0,"draws":0,"losses":0,"trades":0,"profit_factor":0.0},{"date":"11/01/2026","date_ts":1768089600000,"profit_abs":0.0,"wins":0,"draws":0,"losses":0,"trades":0,"profit_factor":0.0},{"date":"12/01/2026","date_ts":1768176000000,"profit_abs":0.83789555,"wins":2,"draws":0,"losses":1,"trades":3,"profit_factor":1.06518442},{"date":"13/01/2026","date_ts":1768262400000,"profit_abs":3.04582625,"wins":1,"draws":0,"losses":0,"trades":1,"profit_factor":0.0},{"date":"14/01/2026","date_ts":1768348800000,"profit_abs":1.44153782,"wins":3,"draws":0,"losses":2,"trades":5,"profit_factor":1.0562642},{"date":"15/01/2026","date_ts":1768435200000,"profit_abs":-12.75045167,"wins":0,"draws":0,"losses":1,"trades":1,"profit_factor":0.0},{"date":"16/01/2026","date_ts":1768521600000,"profit_abs":0.0,"wins":0,"draws":0,"losses":0,"trades":0,"profit_factor":0.0},{"date":"17/01/2026","date_ts":1768608000000,"profit_abs":0.0,"wins":0,"draws":0,"losses":0,"trades":0,"profit_factor":0.0},{"date":"18/01/2026","date_ts":1768694400000,"profit_abs":0.0,"wins":0,"draws":0,"losses":0,"trades":0,"profit_factor":0.0},{"date":"19/01/2026","date_ts":1768780800000,"profit_abs":0.0,"wins":0,"draws":0,"losses":0,"trades":0,"profit_factor":0.0},{"date":"20/01/2026","date_ts":1768867200000,"profit_abs":0.0,"wins":0,"draws":0,"losses":0,"trades":0,"profit_factor":0.0},{"date":"21/01/2026","date_ts":1768953600000,"profit_abs":0.0,"wins":0,"draws":0,"losses":0,"trades":0,"profit_factor":0.0},{"date":"22/01/2026","date_ts":1769040000000,"profit_abs":0.0,"wins":0,"draws":0,"losses":0,"trades":0,"profit_factor":0.0},{"date":"23/01/2026","date_ts":1769126400000,"profit_abs":0.0,"wins":0,"draws":0,"losses":0,"trades":0,"profit_factor":0.0},{"date":"24/01/2026","date_ts":1769212800000,"profit_abs":0.0,"wins":0,"draws":0,"losses":0,"trades":0,"profit_factor":0.0},{"date":"25/01/2026","date_ts":1769299200000,"profit_abs":0.0,"wins":0,"draws":0,"losses":0,"trades":0,"profit_factor":0.0},{"date":"26/01/2026","date_ts":1769385600000,"profit_abs":0.0,"wins":0,"draws":0,"losses":0,"trades":0,"profit_factor":0.0},{"date":"27/01/2026","date_ts":1769472000000,"profit_abs":0.0,"wins":0,"draws":0,"losses":0,"trades":0,"profit_factor":0.0},{"date":"28/01/2026","date_ts":1769558400000,"profit_abs":-12.7755755,"wins":0,"draws":0,"losses":1,"trades":1,"profit_factor":0.0},{"date":"29/01/2026","date_ts":1769644800000,"profit_abs":0.0,"wins":0,"draws":0,"losses":0,"trades":0,"profit_factor":0.0},{"date":"30/01/2026","date_ts":1769731200000,"profit_abs":0.0,"wins":0,"draws":0,"losses":0,"trades":0,"profit_factor":0.0},{"date":"31/01/2026","date_ts":1769817600000,"profit_abs":0.0,"wins":0,"draws":0,"losses":0,"trades":0,"profit_factor":0.0},{"date":"01/02/2026","date_ts":1769904000000,"profit_abs":0.0,"wins":0,"draws":0,"losses":0,"trades":0,"profit_factor":0.0},{"date":"02/02/2026","date_ts":1769990400000,"profit_abs":0.0,"wins":0,"draws":0,"losses":0,"trades":0,"profit_factor":0.0},{"date":"03/02/2026","date_ts":1770076800000,"profit_abs":0.0,"wins":0,"draws":0,"losses":0,"trades":0,"profit_factor":0.0},{"date":"04/02/2026","date_ts":1770163200000,"profit_abs":0.0,"wins":0,"draws":0,"losses":0,"trades":0,"profit_factor":0.0},{"date":"05/02/2026","date_ts":1770249600000,"profit_abs":0.0,"wins":0,"draws":0,"losses":0,"trades":0,"profit_factor":0.0},{"date":"06/02/2026","date_ts":1770336000000,"profit_abs":0.0,"wins":0,"draws":0,"losses":0,"trades":0,"profit_factor":0.0},{"date":"07/02/2026","date_ts":1770422400000,"profit_abs":0.0,"wins":0,"draws":0,"losses":0,"trades":0,"profit_factor":0.0},{"date":"08/02/2026","date_ts":1770508800000,"profit_abs":0.0,"wins":0,"draws":0,"losses":0,"trades":0,"profit_factor":0.0},{"date":"09/02/2026","date_ts":1770595200000,"profit_abs":0.0,"wins":0,"draws":0,"losses":0,"trades":0,"profit_factor":0.0},{"date":"10/02/2026","date_ts":1770681600000,"profit_abs":0.0,"wins":0,"draws":0,"losses":0,"trades":0,"profit_factor":0.0},{"date":"11/02/2026","date_ts":1770768000000,"profit_abs":0.0,"wins":0,"draws":0,"losses":0,"trades":0,"profit_factor":0.0},{"date":"12/02/2026","date_ts":1770854400000,"profit_abs":0.0,"wins":0,"draws":0,"losses":0,"trades":0,"profit_factor":0.0},{"date":"13/02/2026","date_ts":1770940800000,"profit_abs":0.0,"wins":0,"draws":0,"losses":0,"trades":0,"profit_factor":0.0},{"date":"14/02/2026","date_ts":1771027200000,"profit_abs":48.04450745,"wins":7,"draws":0,"losses":1,"trades":8,"profit_factor":4.78068677},{"date":"15/02/2026","date_ts":1771113600000,"profit_abs":-31.37598438,"wins":3,"draws":0,"losses":4,"trades":7,"profit_factor":0.38682874},{"date":"16/02/2026","date_ts":1771200000000,"profit_abs":0.0,"wins":0,"draws":0,"losses":0,"trades":0,"profit_factor":0.0},{"date":"17/02/2026","date_ts":1771286400000,"profit_abs":0.0,"wins":0,"draws":0,"losses":0,"trades":0,"profit_factor":0.0},{"date":"18/02/2026","date_ts":1771372800000,"profit_abs":0.0,"wins":0,"draws":0,"losses":0,"trades":0,"profit_factor":0.0},{"date":"19/02/2026","date_ts":1771459200000,"profit_abs":0.0,"wins":0,"draws":0,"losses":0,"trades":0,"profit_factor":0.0},{"date":"20/02/2026","date_ts":1771545600000,"profit_abs":0.0,"wins":0,"draws":0,"losses":0,"trades":0,"profit_factor":0.0},{"date":"21/02/2026","date_ts":1771632000000,"profit_abs":0.0,"wins":0,"draws":0,"losses":0,"trades":0,"profit_factor":0.0},{"date":"22/02/2026","date_ts":1771718400000,"profit_abs":-9.5276382,"wins":0,"draws":0,"losses":1,"trades":1,"profit_factor":0.0}],"week":[{"date":"08/12/2025","date_ts":1765152000000,"profit_abs":-10.39628253,"wins":4,"draws":0,"losses":4,"trades":8,"profit_factor":0.79667389},{"date":"15/12/2025","date_ts":1765756800000,"profit_abs":-38.35277555,"wins":0,"draws":0,"losses":3,"trades":3,"profit_factor":0.0},{"date":"22/12/2025","date_ts":1766361600000,"profit_abs":-20.95083119,"wins":1,"draws":0,"losses":2,"trades":3,"profit_factor":0.18099592},{"date":"29/12/2025","date_ts":1766966400000,"profit_abs":-12.81721672,"wins":0,"draws":0,"losses":1,"trades":1,"profit_factor":0.0},{"date":"05/01/2026","date_ts":1767571200000,"profit_abs":81.57747998,"wins":13,"draws":0,"losses":3,"trades":16,"profit_factor":3.12979873},{"date":"12/01/2026","date_ts":1768176000000,"profit_abs":-16.5907088,"wins":3,"draws":0,"losses":3,"trades":6,"profit_factor":0.56700519},{"date":"19/01/2026","date_ts":1768780800000,"profit_abs":-8.2630876,"wins":4,"draws":0,"losses":3,"trades":7,"profit_factor":0.78465461},{"date":"26/01/2026","date_ts":1769385600000,"profit_abs":0.0,"wins":0,"draws":0,"losses":0,"trades":0,"profit_factor":0.0},{"date":"02/02/2026","date_ts":1769990400000,"profit_abs":-12.7755755,"wins":0,"draws":0,"losses":1,"trades":1,"profit_factor":0.0},{"date":"09/02/2026","date_ts":1770595200000,"profit_abs":0.0,"wins":0,"draws":0,"losses":0,"trades":0,"profit_factor":0.0},{"date":"16/02/2026","date_ts":1771200000000,"profit_abs":16.66852307,"wins":10,"draws":0,"losses":5,"trades":15,"profit_factor":1.26094352},{"date":"23/02/2026","date_ts":1771804800000,"profit_abs":-9.5276382,"wins":0,"draws":0,"losses":1,"trades":1,"profit_factor":0.0}],"month":[{"date":"31/12/2025","date_ts":1767139200000,"profit_abs":-82.51710599,"wins":5,"draws":0,"losses":10,"trades":15,"profit_factor":0.35473991},{"date":"31/01/2026","date_ts":1769817600000,"profit_abs":43.94810808,"wins":20,"draws":0,"losses":10,"trades":30,"profit_factor":1.34397345},{"date":"28/02/2026","date_ts":1772236800000,"profit_abs":7.14088487,"wins":10,"draws":0,"losses":6,"trades":16,"profit_factor":1.09727992}],"year":[{"date":"31/12/2025","date_ts":1767139200000,"profit_abs":-82.51710599,"wins":5,"draws":0,"losses":10,"trades":15,"profit_factor":0.35473991},{"date":"31/12/2026","date_ts":1798675200000,"profit_abs":51.08899295,"wins":30,"draws":0,"losses":16,"trades":46,"profit_factor":1.25395738}],"weekday":[{"date":"Monday","date_ts":0,"profit_abs":-21.19497186,"wins":6,"draws":0,"losses":5,"trades":11,"profit_factor":0.66903062},{"date":"Tuesday","date_ts":1,"profit_abs":-14.3827781,"wins":2,"draws":0,"losses":2,"trades":4,"profit_factor":0.4351267},{"date":"Wednesday","date_ts":2,"profit_abs":-8.90174588,"wins":7,"draws":0,"losses":6,"trades":13,"profit_factor":0.88393914},{"date":"Thursday","date_ts":3,"profit_abs":-25.51247905,"wins":0,"draws":0,"losses":2,"trades":2,"profit_factor":0.0},{"date":"Friday","date_ts":4,"profit_abs":52.31199001,"wins":9,"draws":0,"losses":3,"trades":12,"profit_factor":2.36170908},{"date":"Saturday","date_ts":5,"profit_abs":22.52546254,"wins":7,"draws":0,"losses":3,"trades":10,"profit_factor":1.58925649},{"date":"Sunday","date_ts":6,"profit_abs":-36.2735907,"wins":4,"draws":0,"losses":5,"trades":9,"profit_factor":0.40238894}]},"backtest_best_day":0.194972004201445,"backtest_worst_day":-0.0784817744711083,"backtest_best_day_abs":77.94455072,"backtest_worst_day_abs":-31.37598438,"winning_days":8,"draw_days":61,"losing_days":13,"daily_profit":[["2025-12-03",27.91455687],["2025-12-04",-12.76202738],["2025-12-05",-12.76205023],["2025-12-06",0.0],["2025-12-07",0.0],["2025-12-08",-12.78676179],["2025-12-09",0.0],["2025-12-10",-25.48226507],["2025-12-11",0.0],["2025-12-12",-12.87051048],["2025-12-13",0.0],["2025-12-14",0.0],["2025-12-15",0.0],["2025-12-16",0.0],["2025-12-17",0.0],["2025-12-18",0.0],["2025-12-19",0.0],["2025-12-20",0.0],["2025-12-21",4.63003188],["2025-12-22",-25.58086307],["2025-12-23",0.0],["2025-12-24",0.0],["2025-12-25",0.0],["2025-12-26",0.0],["2025-12-27",0.0],["2025-12-28",0.0],["2025-12-29",-12.81721672],["2025-12-30",0.0],["2025-12-31",0.0],["2026-01-01",0.0],["2026-01-02",77.94455072],["2026-01-03",-25.51904491],["2026-01-04",0.0],["2026-01-05",29.15197417],["2026-01-06",-17.42860435],["2026-01-07",0.0],["2026-01-08",0.0],["2026-01-09",0.0],["2026-01-10",0.0],["2026-01-11",0.0],["2026-01-12",0.83789555],["2026-01-13",3.04582625],["2026-01-14",1.44153782],["2026-01-15",-12.75045167],["2026-01-16",0.0],["2026-01-17",0.0],["2026-01-18",0.0],["2026-01-19",0.0],["2026-01-20",0.0],["2026-01-21",0.0],["2026-01-22",0.0],["2026-01-23",0.0],["2026-01-24",0.0],["2026-01-25",0.0],["2026-01-26",0.0],["2026-01-27",0.0],["2026-01-28",-12.7755755],["2026-01-29",0.0],["2026-01-30",0.0],["2026-01-31",0.0],["2026-02-01",0.0],["2026-02-02",0.0],["2026-02-03",0.0],["2026-02-04",0.0],["2026-02-05",0.0],["2026-02-06",0.0],["2026-02-07",0.0],["2026-02-08",0.0],["2026-02-09",0.0],["2026-02-10",0.0],["2026-02-11",0.0],["2026-02-12",0.0],["2026-02-13",0.0],["2026-02-14",48.04450745],["2026-02-15",-31.37598438],["2026-02-16",0.0],["2026-02-17",0.0],["2026-02-18",0.0],["2026-02-19",0.0],["2026-02-20",0.0],["2026-02-21",0.0],["2026-02-22",-9.5276382]],"wins":35,"losses":26,"draws":0,"winrate":0.5737704918032787,"holding_avg":"5:53:00","holding_avg_s":21180.0,"winner_holding_min":"0d 00:00","winner_holding_min_s":0.0,"winner_holding_max":"1d 20:30","winner_holding_max_s":160200.0,"winner_holding_avg":"0d 05:53","winner_holding_avg_s":21180.0,"loser_holding_min":"0d 00:00","loser_holding_min_s":0.0,"loser_holding_max":"0d 21:30","loser_holding_max_s":77400.0,"loser_holding_avg":"0d 05:52","loser_holding_avg_s":21120.0,"max_consecutive_wins":5,"max_consecutive_losses":6,"max_drawdown_account":0.1074327259225363,"max_relative_drawdown":0.1074327259225363,"max_drawdown_abs":110.43166286,"drawdown_start":"2025-12-03 17:30:00","drawdown_start_ts":1764783000000.0,"drawdown_end":"2025-12-29 09:30:00","drawdown_end_ts":1767000600000.0,"drawdown_duration":"25 days 16:00:00","drawdown_duration_s":2217600.0,"max_drawdown_low":-82.51710599,"max_drawdown_high":27.91455687,"csum_min":917.48289401,"csum_max":1027.91455687}},"strategy_comparison":[{"key":"SupertrendFuturesStrategyV5_1","trades":61,"profit_mean":-0.0013005140603165293,"profit_mean_pct":-0.13,"profit_total_abs":-31.428113039999985,"profit_total":-0.03142811303999998,"profit_total_pct":-3.14,"duration_avg":"5:53:00","wins":35,"draws":0,"losses":26,"winrate":0.5737704918032787,"cagr":-0.12813634726807965,"expectancy":-0.5152149678688538,"expectancy_ratio":-0.04070946243041662,"sortino":-11.248007232098727,"sharpe":-0.6463648773739676,"calmar":-6.575203788885105,"sqn":-0.3652,"profit_factor":0.9044893381440227,"max_drawdown_account":0.1074327259225363,"max_drawdown_abs":"110.432"}]}