{"strategy":{"SupertrendFuturesStrategy":{"trades":[{"pair":"DOGE/USDT:USDT","stake_amount":329.91795,"max_stake_amount":329.91795,"amount":6910.0,"open_date":"2026-02-13 15:45:00+00:00","close_date":"2026-02-13 16:45:00+00:00","open_rate":0.09549,"close_rate":0.09656,"fee_open":0.0005,"fee_close":0.0005,"trade_duration":60,"profit_ratio":0.020336704923151348,"profit_abs":6.71279872,"exit_reason":"roi","initial_stop_loss_abs":0.09359,"initial_stop_loss_ratio":-0.04,"stop_loss_abs":0.09359,"stop_loss_ratio":-0.04,"min_rate":0.0949,"max_rate":0.09686,"is_open":false,"enter_tag":"","leverage":2.0,"is_short":false,"open_timestamp":1770997500000,"close_timestamp":1771001100000,"orders":[{"amount":6910.0,"safe_price":0.09549,"ft_order_side":"buy","order_filled_timestamp":1770997500000,"ft_is_entry":true,"ft_order_tag":"","cost":660.16581795},{"amount":6910.0,"safe_price":0.09656,"ft_order_side":"sell","order_filled_timestamp":1771001100000,"ft_is_entry":false,"ft_order_tag":"roi","cost":667.5632148}],"funding_fees":-0.01736853470930644,"weekday":4},{"pair":"DOGE/USDT:USDT","stake_amount":332.11245,"max_stake_amount":332.11245,"amount":5910.0,"open_date":"2026-02-15 01:45:00+00:00","close_date":"2026-02-15 02:00:00+00:00","open_rate":0.11239,"close_rate":0.11343,"fee_open":0.0005,"fee_close":0.0005,"trade_duration":15,"profit_ratio":0.01648948637168203,"profit_abs":5.4791019,"exit_reason":"trailing_stop_loss","initial_stop_loss_abs":0.11015,"initial_stop_loss_ratio":-0.04,"stop_loss_abs":0.11343,"stop_loss_ratio":-0.02,"min_rate":0.11186,"max_rate":0.11457,"is_open":false,"enter_tag":"","leverage":2.0,"is_short":false,"open_timestamp":1771119900000,"close_timestamp":1771120800000,"orders":[{"amount":5910.0,"safe_price":0.11239,"ft_order_side":"buy","order_filled_timestamp":1771119900000,"ft_is_entry":true,"ft_order_tag":"","cost":664.55701245},{"amount":5910.0,"safe_price":0.11343,"ft_order_side":"sell","order_filled_timestamp":1771120800000,"ft_is_entry":false,"ft_order_tag":"trailing_stop_loss","cost":670.70648565}],"funding_fees":0.0,"weekday":6},{"pair":"DOGE/USDT:USDT","stake_amount":333.7968,"max_stake_amount":333.7968,"amount":5910.0,"open_date":"2026-02-15 02:15:00+00:00","close_date":"2026-02-15 02:30:00+00:00","open_rate":0.11296,"close_rate":0.11232,"fee_open":0.0005,"fee_close":0.0005,"trade_duration":15,"profit_ratio":-0.01331911947708865,"profit_abs":-4.4481024,"exit_reason":"exit_signal","initial_stop_loss_abs":0.11071,"initial_stop_loss_ratio":-0.04,"stop_loss_abs":0.11071,"stop_loss_ratio":-0.04,"min_rate":0.11186,"max_rate":0.11355,"is_open":false,"enter_tag":"","leverage":2.0,"is_short":false,"open_timestamp":1771121700000,"close_timestamp":1771122600000,"orders":[{"amount":5910.0,"safe_price":0.11296,"ft_order_side":"buy","order_filled_timestamp":1771121700000,"ft_is_entry":true,"ft_order_tag":"","cost":667.9273968},{"amount":5910.0,"safe_price":0.11232,"ft_order_side":"sell","order_filled_timestamp":1771122600000,"ft_is_entry":false,"ft_order_tag":"exit_signal","cost":664.1431055999999}],"funding_fees":0.0,"weekday":6},{"pair":"DOGE/USDT:USDT","stake_amount":332.1934,"max_stake_amount":332.1934,"amount":5830.0,"open_date":"2026-02-15 03:15:00+00:00","close_date":"2026-02-15 04:00:00+00:00","open_rate":0.11396,"close_rate":0.11578427213606803,"fee_open":0.0005,"fee_close":0.0005,"trade_duration":45,"profit_ratio":0.02998500749625187,"profit_abs":9.965802,"exit_reason":"roi","initial_stop_loss_abs":0.11169,"initial_stop_loss_ratio":-0.04,"stop_loss_abs":0.11637,"stop_loss_ratio":-0.02,"min_rate":0.11262,"max_rate":0.11754,"is_open":false,"enter_tag":"","leverage":2.0,"is_short":false,"open_timestamp":1771125300000,"close_timestamp":1771128000000,"orders":[{"amount":5830.0,"safe_price":0.11396,"ft_order_side":"buy","order_filled_timestamp":1771125300000,"ft_is_entry":true,"ft_order_tag":"","cost":664.7189933999999},{"amount":5830.0,"safe_price":0.11578427213606803,"ft_order_side":"sell","order_filled_timestamp":1771128000000,"ft_is_entry":false,"ft_order_tag":"roi","cost":675.3598177065533}],"funding_fees":0.0,"weekday":6}],"locks":[],"best_pair":{"key":"DOGE/USDT:USDT","trades":4,"profit_mean":0.013373019828499148,"profit_mean_pct":1.34,"profit_total_abs":17.70960022,"profit_total":0.01770960022,"profit_total_pct":1.77,"duration_avg":"0:34:00","wins":3,"draws":0,"losses":1,"winrate":0.75,"cagr":0.2571369982547811,"expectancy":4.427400055000001,"expectancy_ratio":0.9953458029653275,"sortino":-100,"sharpe":2.2460268858541834,"calmar":274.96995308779685,"sqn":1.4254,"profit_factor":4.98138321186131,"max_drawdown_account":0.00439452479048224,"max_drawdown_abs":4.4481024},"worst_pair":{"key":"BTC/USDT:USDT","trades":0,"profit_mean":0.0,"profit_mean_pct":0.0,"profit_total_abs":0.0,"profit_total":0.0,"profit_total_pct":0.0,"duration_avg":"0:00","wins":0,"draws":0,"losses":0,"winrate":0.0,"cagr":0.0,"expectancy":0.0,"expectancy_ratio":100.0,"sortino":0,"sharpe":0,"calmar":0,"sqn":0.0,"profit_factor":0.0,"max_drawdown_account":0.0,"max_drawdown_abs":0.0},"results_per_pair":[{"key":"DOGE/USDT:USDT","trades":4,"profit_mean":0.013373019828499148,"profit_mean_pct":1.34,"profit_total_abs":17.70960022,"profit_total":0.01770960022,"profit_total_pct":1.77,"duration_avg":"0:34:00","wins":3,"draws":0,"losses":1,"winrate":0.75,"cagr":0.2571369982547811,"expectancy":4.427400055000001,"expectancy_ratio":0.9953458029653275,"sortino":-100,"sharpe":2.2460268858541834,"calmar":274.96995308779685,"sqn":1.4254,"profit_factor":4.98138321186131,"max_drawdown_account":0.00439452479048224,"max_drawdown_abs":4.4481024},{"key":"BTC/USDT:USDT","trades":0,"profit_mean":0.0,"profit_mean_pct":0.0,"profit_total_abs":0.0,"profit_total":0.0,"profit_total_pct":0.0,"duration_avg":"0:00","wins":0,"draws":0,"losses":0,"winrate":0.0,"cagr":0.0,"expectancy":0.0,"expectancy_ratio":100.0,"sortino":0,"sharpe":0,"calmar":0,"sqn":0.0,"profit_factor":0.0,"max_drawdown_account":0.0,"max_drawdown_abs":0.0},{"key":"ETH/USDT:USDT","trades":0,"profit_mean":0.0,"profit_mean_pct":0.0,"profit_total_abs":0.0,"profit_total":0.0,"profit_total_pct":0.0,"duration_avg":"0:00","wins":0,"draws":0,"losses":0,"winrate":0.0,"cagr":0.0,"expectancy":0.0,"expectancy_ratio":100.0,"sortino":0,"sharpe":0,"calmar":0,"sqn":0.0,"profit_factor":0.0,"max_drawdown_account":0.0,"max_drawdown_abs":0.0},{"key":"SOL/USDT:USDT","trades":0,"profit_mean":0.0,"profit_mean_pct":0.0,"profit_total_abs":0.0,"profit_total":0.0,"profit_total_pct":0.0,"duration_avg":"0:00","wins":0,"draws":0,"losses":0,"winrate":0.0,"cagr":0.0,"expectancy":0.0,"expectancy_ratio":100.0,"sortino":0,"sharpe":0,"calmar":0,"sqn":0.0,"profit_factor":0.0,"max_drawdown_account":0.0,"max_drawdown_abs":0.0},{"key":"TOTAL","trades":4,"profit_mean":0.013373019828499148,"profit_mean_pct":1.34,"profit_total_abs":17.70960022,"profit_total":0.01770960022,"profit_total_pct":1.77,"duration_avg":"0:34:00","wins":3,"draws":0,"losses":1,"winrate":0.75,"cagr":0.2571369982547811,"expectancy":4.427400055000001,"expectancy_ratio":0.9953458029653275,"sortino":-100,"sharpe":2.2460268858541834,"calmar":274.96995308779685,"sqn":1.4254,"profit_factor":4.98138321186131,"max_drawdown_account":0.00439452479048224,"max_drawdown_abs":4.4481024}],"results_per_enter_tag":[{"key":"","trades":4,"profit_mean":0.013373019828499148,"profit_mean_pct":1.34,"profit_total_abs":17.70960022,"profit_total":0.01770960022,"profit_total_pct":1.77,"duration_avg":"0:34:00","wins":3,"draws":0,"losses":1,"winrate":0.75,"cagr":0.2571369982547811,"expectancy":4.427400055000001,"expectancy_ratio":0.9953458029653275,"sortino":-100,"sharpe":2.2460268858541834,"calmar":274.96995308779685,"sqn":1.4254,"profit_factor":4.98138321186131,"max_drawdown_account":0.00439452479048224,"max_drawdown_abs":4.4481024},{"key":"TOTAL","trades":4,"profit_mean":0.013373019828499148,"profit_mean_pct":1.34,"profit_total_abs":17.70960022,"profit_total":0.01770960022,"profit_total_pct":1.77,"duration_avg":"0:34:00","wins":3,"draws":0,"losses":1,"winrate":0.75,"cagr":0.2571369982547811,"expectancy":4.427400055000001,"expectancy_ratio":0.9953458029653275,"sortino":-100,"sharpe":2.2460268858541834,"calmar":274.96995308779685,"sqn":1.4254,"profit_factor":4.98138321186131,"max_drawdown_account":0.00439452479048224,"max_drawdown_abs":4.4481024}],"exit_reason_summary":[{"key":"roi","trades":2,"profit_mean":0.02516085620970161,"profit_mean_pct":2.52,"profit_total_abs":16.67860072,"profit_total":0.01667860072,"profit_total_pct":1.67,"duration_avg":"0:52:00","wins":2,"draws":0,"losses":0,"winrate":1.0,"cagr":0.24063615374814473,"expectancy":8.33930036,"expectancy_ratio":100.0,"sortino":-100,"sharpe":6.996704098543281,"calmar":-100,"sqn":5.1271,"profit_factor":0.0,"max_drawdown_account":0.0,"max_drawdown_abs":0.0},{"key":"trailing_stop_loss","trades":1,"profit_mean":0.01648948637168203,"profit_mean_pct":1.65,"profit_total_abs":5.4791019,"profit_total":0.0054791019,"profit_total_pct":0.55,"duration_avg":"0:15:00","wins":1,"draws":0,"losses":0,"winrate":1.0,"cagr":0.07382715674932694,"expectancy":5.4791019,"expectancy_ratio":100.0,"sortino":-100,"sharpe":-100,"calmar":-100,"sqn":-100.0,"profit_factor":0.0,"max_drawdown_account":0.0,"max_drawdown_abs":0.0},{"key":"exit_signal","trades":1,"profit_mean":-0.01331911947708865,"profit_mean_pct":-1.33,"profit_total_abs":-4.4481024,"profit_total":-0.0044481024,"profit_total_pct":-0.44,"duration_avg":"0:15:00","wins":0,"draws":0,"losses":1,"winrate":0.0,"cagr":-0.05645718425928037,"expectancy":-4.4481024,"expectancy_ratio":-1.0,"sortino":-100,"sharpe":-100,"calmar":-68.23204705193797,"sqn":-100.0,"profit_factor":0.0,"max_drawdown_account":0.004448102400000039,"max_drawdown_abs":4.4481024},{"key":"TOTAL","trades":4,"profit_mean":0.013373019828499148,"profit_mean_pct":1.34,"profit_total_abs":17.70960022,"profit_total":0.01770960022,"profit_total_pct":1.77,"duration_avg":"0:34:00","wins":3,"draws":0,"losses":1,"winrate":0.75,"cagr":0.2571369982547811,"expectancy":4.427400055000001,"expectancy_ratio":0.9953458029653275,"sortino":-100,"sharpe":2.2460268858541834,"calmar":274.96995308779685,"sqn":1.4254,"profit_factor":4.98138321186131,"max_drawdown_account":0.00439452479048224,"max_drawdown_abs":4.4481024}],"mix_tag_stats":[{"key":["","roi"],"trades":2,"profit_mean":0.02516085620970161,"profit_mean_pct":2.52,"profit_total_abs":16.67860072,"profit_total":0.01667860072,"profit_total_pct":1.67,"duration_avg":"0:52:00","wins":2,"draws":0,"losses":0,"winrate":1.0,"cagr":0.24063615374814473,"expectancy":8.33930036,"expectancy_ratio":100.0,"sortino":-100,"sharpe":6.996704098543281,"calmar":-100,"sqn":5.1271,"profit_factor":0.0,"max_drawdown_account":0.0,"max_drawdown_abs":0.0},{"key":["","trailing_stop_loss"],"trades":1,"profit_mean":0.01648948637168203,"profit_mean_pct":1.65,"profit_total_abs":5.4791019,"profit_total":0.0054791019,"profit_total_pct":0.55,"duration_avg":"0:15:00","wins":1,"draws":0,"losses":0,"winrate":1.0,"cagr":0.07382715674932694,"expectancy":5.4791019,"expectancy_ratio":100.0,"sortino":-100,"sharpe":-100,"calmar":-100,"sqn":-100.0,"profit_factor":0.0,"max_drawdown_account":0.0,"max_drawdown_abs":0.0},{"key":["","exit_signal"],"trades":1,"profit_mean":-0.01331911947708865,"profit_mean_pct":-1.33,"profit_total_abs":-4.4481024,"profit_total":-0.0044481024,"profit_total_pct":-0.44,"duration_avg":"0:15:00","wins":0,"draws":0,"losses":1,"winrate":0.0,"cagr":-0.05645718425928037,"expectancy":-4.4481024,"expectancy_ratio":-1.0,"sortino":-100,"sharpe":-100,"calmar":-68.23204705193797,"sqn":-100.0,"profit_factor":0.0,"max_drawdown_account":0.004448102400000039,"max_drawdown_abs":4.4481024},{"key":"TOTAL","trades":4,"profit_mean":0.013373019828499148,"profit_mean_pct":1.34,"profit_total_abs":17.70960022,"profit_total":0.01770960022,"profit_total_pct":1.77,"duration_avg":"0:34:00","wins":3,"draws":0,"losses":1,"winrate":0.75,"cagr":0.2571369982547811,"expectancy":4.427400055000001,"expectancy_ratio":0.9953458029653275,"sortino":-100,"sharpe":2.2460268858541834,"calmar":274.96995308779685,"sqn":1.4254,"profit_factor":4.98138321186131,"max_drawdown_account":0.00439452479048224,"max_drawdown_abs":4.4481024}],"left_open_trades":[{"key":"TOTAL","trades":0,"profit_mean":0.0,"profit_mean_pct":0.0,"profit_total_abs":0.0,"profit_total":0.0,"profit_total_pct":0.0,"duration_avg":"0:00","wins":0,"draws":0,"losses":0,"winrate":0.0,"cagr":0.0,"expectancy":0.0,"expectancy_ratio":100.0,"sortino":0,"sharpe":0,"calmar":0,"sqn":0.0,"profit_factor":0.0,"max_drawdown_account":0.0,"max_drawdown_abs":0.0}],"total_trades":4,"trade_count_long":4,"trade_count_short":0,"total_volume":5335.141844356553,"avg_stake_amount":332.00515000000007,"profit_mean":0.013373019828499148,"profit_median":0.018413095647416687,"profit_total":0.01770960022,"profit_total_long":0.01770960022,"profit_total_short":0.0,"profit_total_abs":17.70960022,"profit_total_long_abs":17.70960022,"profit_total_short_abs":0.0,"cagr":0.2571369982547811,"expectancy":4.427400055000001,"expectancy_ratio":0.9953458029653275,"sortino":-100,"sharpe":2.2460268858541834,"calmar":274.96995308779685,"sqn":1.4254,"profit_factor":4.98138321186131,"backtest_start":"2026-01-22 02:00:00","backtest_start_ts":1769047200000,"backtest_end":"2026-02-20 01:45:00","backtest_end_ts":1771551900000,"backtest_days":28,"backtest_run_start_ts":1771637056,"backtest_run_end_ts":1771637057,"trades_per_day":0.14,"market_change":-0.29961127587577524,"pairlist":["BTC/USDT:USDT","ETH/USDT:USDT","SOL/USDT:USDT","DOGE/USDT:USDT"],"stake_amount":"unlimited","stake_currency":"USDT","stake_currency_decimals":3,"starting_balance":1000,"dry_run_wallet":1000,"final_balance":1017.70960022,"rejected_signals":0,"timedout_entry_orders":0,"timedout_exit_orders":0,"canceled_trade_entries":0,"canceled_entry_orders":0,"replaced_entry_orders":0,"max_open_trades":3,"max_open_trades_setting":3,"timeframe":"15m","timeframe_detail":"","timerange":"20251123-20260221","enable_protections":false,"strategy_name":"SupertrendFuturesStrategy","freqaimodel":null,"freqai_identifier":null,"stoploss":-0.04,"trailing_stop":true,"trailing_stop_positive":0.02,"trailing_stop_positive_offset":0.03,"trailing_only_offset_is_reached":true,"use_custom_stoploss":false,"minimal_roi":{"60":0.02,"30":0.03,"15":0.04,"0":0.05},"use_exit_signal":true,"exit_profit_only":false,"exit_profit_offset":0.0,"ignore_roi_if_entry_signal":false,"trading_mode":"futures","margin_mode":"isolated","periodic_breakdown":{"day":[{"date":"13/02/2026","date_ts":1770940800000,"profit_abs":6.71279872,"wins":1,"draws":0,"losses":0,"trades":1,"profit_factor":0.0},{"date":"14/02/2026","date_ts":1771027200000,"profit_abs":0.0,"wins":0,"draws":0,"losses":0,"trades":0,"profit_factor":0.0},{"date":"15/02/2026","date_ts":1771113600000,"profit_abs":10.9968015,"wins":2,"draws":0,"losses":1,"trades":3,"profit_factor":3.47224558}],"week":[{"date":"16/02/2026","date_ts":1771200000000,"profit_abs":17.70960022,"wins":3,"draws":0,"losses":1,"trades":4,"profit_factor":4.98138321}],"month":[{"date":"28/02/2026","date_ts":1772236800000,"profit_abs":17.70960022,"wins":3,"draws":0,"losses":1,"trades":4,"profit_factor":4.98138321}],"year":[{"date":"31/12/2026","date_ts":1798675200000,"profit_abs":17.70960022,"wins":3,"draws":0,"losses":1,"trades":4,"profit_factor":4.98138321}],"weekday":[{"date":"Friday","date_ts":4,"profit_abs":6.71279872,"wins":1,"draws":0,"losses":0,"trades":1,"profit_factor":0.0},{"date":"Sunday","date_ts":6,"profit_abs":10.9968015,"wins":2,"draws":0,"losses":1,"trades":3,"profit_factor":3.47224558}]},"backtest_best_day":0.033155374390845246,"backtest_worst_day":0.0,"backtest_best_day_abs":10.9968015,"backtest_worst_day_abs":0.0,"winning_days":2,"draw_days":1,"losing_days":0,"daily_profit":[["2026-02-13",6.71279872],["2026-02-14",0.0],["2026-02-15",10.9968015]],"wins":3,"losses":1,"draws":0,"winrate":0.75,"holding_avg":"0:34:00","holding_avg_s":2040.0,"winner_holding_min":"0d 00:15","winner_holding_min_s":900.0,"winner_holding_max":"0d 01:00","winner_holding_max_s":3600.0,"winner_holding_avg":"0d 00:40","winner_holding_avg_s":2400.0,"loser_holding_min":"0d 00:15","loser_holding_min_s":900.0,"loser_holding_max":"0d 00:15","loser_holding_max_s":900.0,"loser_holding_avg":"0d 00:15","loser_holding_avg_s":900.0,"max_consecutive_wins":2,"max_consecutive_losses":1,"max_drawdown_account":0.00439452479048224,"max_relative_drawdown":0.00439452479048224,"max_drawdown_abs":4.4481024,"drawdown_start":"2026-02-15 02:00:00","drawdown_start_ts":1771120800000.0,"drawdown_end":"2026-02-15 02:30:00","drawdown_end_ts":1771122600000.0,"drawdown_duration":"0 days 00:30:00","drawdown_duration_s":1800.0,"max_drawdown_low":7.74379822,"max_drawdown_high":12.19190062,"csum_min":1006.71279872,"csum_max":1017.70960022}},"strategy_comparison":[{"key":"SupertrendFuturesStrategy","trades":4,"profit_mean":0.013373019828499148,"profit_mean_pct":1.34,"profit_total_abs":17.70960022,"profit_total":0.01770960022,"profit_total_pct":1.77,"duration_avg":"0:34:00","wins":3,"draws":0,"losses":1,"winrate":0.75,"cagr":0.2571369982547811,"expectancy":4.427400055000001,"expectancy_ratio":0.9953458029653275,"sortino":-100,"sharpe":2.2460268858541834,"calmar":274.96995308779685,"sqn":1.4254,"profit_factor":4.98138321186131,"max_drawdown_account":0.00439452479048224,"max_drawdown_abs":"4.448"}]}