{"strategy":{"SupertrendFuturesStrategyV8_1":{"trades":[{"pair":"BTC/USDT:USDT","stake_amount":398.92424,"max_stake_amount":398.92424,"amount":0.0088,"open_date":"2025-11-27 01:30:00+00:00","close_date":"2025-11-28 13:30:00+00:00","open_rate":90664.6,"close_rate":91706.175,"fee_open":0.0005,"fee_close":0.0005,"trade_duration":2160,"profit_ratio":0.020980674701905625,"profit_abs":8.37388456,"exit_reason":"trailing_stop_loss","initial_stop_loss_abs":89304.63100000001,"initial_stop_loss_ratio":-0.03,"stop_loss_abs":91706.175,"stop_loss_ratio":-0.02,"min_rate":90415.1,"max_rate":92632.5,"is_open":false,"enter_tag":"","leverage":2,"is_short":false,"open_timestamp":1764207000000,"close_timestamp":1764336600000,"orders":[{"amount":0.0088,"safe_price":90664.6,"ft_order_side":"buy","order_filled_timestamp":1764207000000,"ft_is_entry":true,"ft_order_tag":"","cost":798.24740424},{"amount":0.0088,"safe_price":91706.175,"ft_order_side":"sell","order_filled_timestamp":1764336600000,"ft_is_entry":false,"ft_order_tag":"trailing_stop_loss","cost":807.4178471700001}],"funding_fees":0.01045597157454941,"weekday":4},{"pair":"DOGE/USDT:USDT","stake_amount":399.4269,"max_stake_amount":399.4269,"amount":5420.0,"open_date":"2025-12-03 02:30:00+00:00","close_date":"2025-12-03 06:30:00+00:00","open_rate":0.14739,"close_rate":0.1519613756878439,"fee_open":0.0005,"fee_close":0.0005,"trade_duration":240,"profit_ratio":0.05997001499250375,"profit_abs":23.965614,"exit_reason":"roi","initial_stop_loss_abs":0.14518,"initial_stop_loss_ratio":-0.03,"stop_loss_abs":0.15015,"stop_loss_ratio":-0.02,"min_rate":0.14675,"max_rate":0.15199,"is_open":false,"enter_tag":"","leverage":2,"is_short":false,"open_timestamp":1764729000000,"close_timestamp":1764743400000,"orders":[{"amount":5420.0,"safe_price":0.14739,"ft_order_side":"buy","order_filled_timestamp":1764729000000,"ft_is_entry":true,"ft_order_tag":"","cost":799.2532269},{"amount":5420.0,"safe_price":0.1519613756878439,"ft_order_side":"sell","order_filled_timestamp":1764743400000,"ft_is_entry":false,"ft_order_tag":"roi","cost":824.042471556228}],"funding_fees":0.0,"weekday":2},{"pair":"ETH/USDT:USDT","stake_amount":399.779725,"max_stake_amount":399.779725,"amount":0.263,"open_date":"2025-12-03 02:30:00+00:00","close_date":"2025-12-03 14:00:00+00:00","open_rate":3040.15,"close_rate":3062.7135,"fee_open":0.0005,"fee_close":0.0005,"trade_duration":690,"profit_ratio":0.01280673271751843,"profit_abs":5.12243202,"exit_reason":"trailing_stop_loss","initial_stop_loss_abs":2994.54775,"initial_stop_loss_ratio":-0.03,"stop_loss_abs":3062.7135,"stop_loss_ratio":-0.02,"min_rate":3017.51,"max_rate":3093.65,"is_open":false,"enter_tag":"","leverage":2,"is_short":false,"open_timestamp":1764729000000,"close_timestamp":1764770400000,"orders":[{"amount":0.263,"safe_price":3040.15,"ft_order_side":"buy","order_filled_timestamp":1764729000000,"ft_is_entry":true,"ft_order_tag":"","cost":799.959229725},{"amount":0.263,"safe_price":3062.7135,"ft_order_side":"sell","order_filled_timestamp":1764770400000,"ft_is_entry":false,"ft_order_tag":"trailing_stop_loss","cost":805.89639732525}],"funding_fees":-0.009241934581188336,"weekday":2},{"pair":"ETH/USDT:USDT","stake_amount":399.42588,"max_stake_amount":399.42588,"amount":0.249,"open_date":"2025-12-04 01:30:00+00:00","close_date":"2025-12-04 13:00:00+00:00","open_rate":3208.24,"close_rate":3160.1164,"fee_open":0.0005,"fee_close":0.0005,"trade_duration":690,"profit_ratio":-0.031983495090913784,"profit_abs":-12.78142319,"exit_reason":"stop_loss","initial_stop_loss_abs":3160.1164,"initial_stop_loss_ratio":-0.03,"stop_loss_abs":3160.1164,"stop_loss_ratio":-0.03,"min_rate":3155.0,"max_rate":3227.37,"is_open":false,"enter_tag":"","leverage":2,"is_short":false,"open_timestamp":1764811800000,"close_timestamp":1764853200000,"orders":[{"amount":0.249,"safe_price":3208.24,"ft_order_side":"buy","order_filled_timestamp":1764811800000,"ft_is_entry":true,"ft_order_tag":"","cost":799.2511858799999},{"amount":0.249,"safe_price":3160.1164,"ft_order_side":"sell","order_filled_timestamp":1764853200000,"ft_is_entry":false,"ft_order_tag":"stop_loss","cost":787.2624180918}],"funding_fees":-0.005786422971689289,"weekday":3},{"pair":"SOL/USDT:USDT","stake_amount":399.4845,"max_stake_amount":399.4845,"amount":5.7,"open_date":"2025-12-05 07:30:00+00:00","close_date":"2025-12-05 08:30:00+00:00","open_rate":140.17,"close_rate":138.06744999999998,"fee_open":0.0005,"fee_close":0.0005,"trade_duration":60,"profit_ratio":-0.03193033119884025,"profit_abs":-12.76205023,"exit_reason":"stop_loss","initial_stop_loss_abs":138.06744999999998,"initial_stop_loss_ratio":-0.03,"stop_loss_abs":138.06744999999998,"stop_loss_ratio":-0.03,"min_rate":137.74,"max_rate":140.34,"is_open":false,"enter_tag":"","leverage":2,"is_short":false,"open_timestamp":1764919800000,"close_timestamp":1764923400000,"orders":[{"amount":5.7,"safe_price":140.17,"ft_order_side":"buy","order_filled_timestamp":1764919800000,"ft_is_entry":true,"ft_order_tag":"","cost":799.3684844999999},{"amount":5.7,"safe_price":138.06744999999998,"ft_order_side":"sell","order_filled_timestamp":1764923400000,"ft_is_entry":false,"ft_order_tag":"stop_loss","cost":787.3779572324999}],"funding_fees":0.015461501416634117,"weekday":4},{"pair":"SOL/USDT:USDT","stake_amount":399.88635,"max_stake_amount":399.88635,"amount":5.79,"open_date":"2025-12-08 13:30:00+00:00","close_date":"2025-12-08 15:00:00+00:00","open_rate":138.13,"close_rate":136.05804999999998,"fee_open":0.0005,"fee_close":0.0005,"trade_duration":90,"profit_ratio":-0.03196901548038144,"profit_abs":-12.7903649,"exit_reason":"stop_loss","initial_stop_loss_abs":136.05804999999998,"initial_stop_loss_ratio":-0.03,"stop_loss_abs":136.05804999999998,"stop_loss_ratio":-0.03,"min_rate":135.29,"max_rate":139.25,"is_open":false,"enter_tag":"","leverage":2,"is_short":false,"open_timestamp":1765200600000,"close_timestamp":1765206000000,"orders":[{"amount":5.79,"safe_price":138.13,"ft_order_side":"buy","order_filled_timestamp":1765200600000,"ft_is_entry":true,"ft_order_tag":"","cost":800.17258635},{"amount":5.79,"safe_price":136.05804999999998,"ft_order_side":"sell","order_filled_timestamp":1765206000000,"ft_is_entry":false,"ft_order_tag":"stop_loss","cost":788.1699975547498}],"funding_fees":0.0,"weekday":0},{"pair":"SOL/USDT:USDT","stake_amount":399.888,"max_stake_amount":399.888,"amount":5.76,"open_date":"2025-12-12 06:00:00+00:00","close_date":"2025-12-12 15:00:00+00:00","open_rate":138.85,"close_rate":136.76725,"fee_open":0.0005,"fee_close":0.0005,"trade_duration":540,"profit_ratio":-0.032169203478923124,"profit_abs":-12.87051048,"exit_reason":"stop_loss","initial_stop_loss_abs":136.76725,"initial_stop_loss_ratio":-0.03,"stop_loss_abs":136.76725,"stop_loss_ratio":-0.03,"min_rate":135.5,"max_rate":140.13,"is_open":false,"enter_tag":"","leverage":2,"is_short":false,"open_timestamp":1765519200000,"close_timestamp":1765551600000,"orders":[{"amount":5.76,"safe_price":138.85,"ft_order_side":"buy","order_filled_timestamp":1765519200000,"ft_is_entry":true,"ft_order_tag":"","cost":800.1758879999999},{"amount":5.76,"safe_price":136.76725,"ft_order_side":"sell","order_filled_timestamp":1765551600000,"ft_is_entry":false,"ft_order_tag":"stop_loss","cost":788.1732496799998}],"funding_fees":-0.0800928,"weekday":4},{"pair":"ETH/USDT:USDT","stake_amount":398.979455,"max_stake_amount":398.979455,"amount":0.269,"open_date":"2025-12-19 18:30:00+00:00","close_date":"2025-12-22 00:00:00+00:00","open_rate":2966.39,"close_rate":3058.3940920460227,"fee_open":0.0005,"fee_close":0.0005,"trade_duration":3210,"profit_ratio":0.06007467875433749,"profit_abs":23.98054687,"exit_reason":"roi","initial_stop_loss_abs":2921.8941499999996,"initial_stop_loss_ratio":-0.03,"stop_loss_abs":3031.38,"stop_loss_ratio":-0.02,"min_rate":2942.43,"max_rate":3062.0,"is_open":false,"enter_tag":"","leverage":2,"is_short":false,"open_timestamp":1766169000000,"close_timestamp":1766361600000,"orders":[{"amount":0.269,"safe_price":2966.39,"ft_order_side":"buy","order_filled_timestamp":1766169000000,"ft_is_entry":true,"ft_order_tag":"","cost":798.357889455},{"amount":0.269,"safe_price":3058.3940920460227,"ft_order_side":"sell","order_filled_timestamp":1766361600000,"ft_is_entry":false,"ft_order_tag":"roi","cost":823.1193647657603}],"funding_fees":0.04177956895987976,"weekday":0},{"pair":"DOGE/USDT:USDT","stake_amount":399.3796,"max_stake_amount":399.3796,"amount":5960.0,"open_date":"2025-12-22 15:00:00+00:00","close_date":"2025-12-22 19:30:00+00:00","open_rate":0.13402,"close_rate":0.13201,"fee_open":0.0005,"fee_close":0.0005,"trade_duration":270,"profit_ratio":-0.03203436906454004,"profit_abs":-12.80027044,"exit_reason":"stop_loss","initial_stop_loss_abs":0.13201,"initial_stop_loss_ratio":-0.03,"stop_loss_abs":0.13201,"stop_loss_ratio":-0.03,"min_rate":0.1316,"max_rate":0.13537,"is_open":false,"enter_tag":"","leverage":2,"is_short":false,"open_timestamp":1766415600000,"close_timestamp":1766431800000,"orders":[{"amount":5960.0,"safe_price":0.13402,"ft_order_side":"buy","order_filled_timestamp":1766415600000,"ft_is_entry":true,"ft_order_tag":"","cost":799.1585795999999},{"amount":5960.0,"safe_price":0.13201,"ft_order_side":"sell","order_filled_timestamp":1766431800000,"ft_is_entry":false,"ft_order_tag":"stop_loss","cost":787.1729897999999}],"funding_fees":-0.027901036251891678,"weekday":0},{"pair":"BTC/USDT:USDT","stake_amount":398.028915,"max_stake_amount":398.028915,"amount":0.0089,"open_date":"2025-12-29 03:30:00+00:00","close_date":"2025-12-29 09:30:00+00:00","open_rate":89444.7,"close_rate":88103.02949999999,"fee_open":0.0005,"fee_close":0.0005,"trade_duration":360,"profit_ratio":-0.03216922441239067,"profit_abs":-12.81068363,"exit_reason":"stop_loss","initial_stop_loss_abs":88103.02949999999,"initial_stop_loss_ratio":-0.03,"stop_loss_abs":88103.02949999999,"stop_loss_ratio":-0.03,"min_rate":87728.1,"max_rate":90368.0,"is_open":false,"enter_tag":"","leverage":2,"is_short":false,"open_timestamp":1766979000000,"close_timestamp":1767000600000,"orders":[{"amount":0.0089,"safe_price":89444.7,"ft_order_side":"buy","order_filled_timestamp":1766979000000,"ft_is_entry":true,"ft_order_tag":"","cost":796.4558589149999},{"amount":0.0089,"safe_price":88103.02949999999,"ft_order_side":"sell","order_filled_timestamp":1767000600000,"ft_is_entry":false,"ft_order_tag":"stop_loss","cost":784.5090210312749}],"funding_fees":-0.079728781,"weekday":0},{"pair":"DOGE/USDT:USDT","stake_amount":399.4779,"max_stake_amount":399.4779,"amount":6290.0,"open_date":"2026-01-02 03:30:00+00:00","close_date":"2026-01-02 04:00:00+00:00","open_rate":0.12702,"close_rate":0.12815,"fee_open":0.0005,"fee_close":0.0005,"trade_duration":30,"profit_ratio":0.01577568954461519,"profit_abs":6.30519035,"exit_reason":"trailing_stop_loss","initial_stop_loss_abs":0.12512,"initial_stop_loss_ratio":-0.03,"stop_loss_abs":0.12815,"stop_loss_ratio":-0.02,"min_rate":0.12702,"max_rate":0.12944,"is_open":false,"enter_tag":"","leverage":2,"is_short":false,"open_timestamp":1767324600000,"close_timestamp":1767326400000,"orders":[{"amount":6290.0,"safe_price":0.12702,"ft_order_side":"buy","order_filled_timestamp":1767324600000,"ft_is_entry":true,"ft_order_tag":"","cost":799.3552778999999},{"amount":6290.0,"safe_price":0.12815,"ft_order_side":"sell","order_filled_timestamp":1767326400000,"ft_is_entry":false,"ft_order_tag":"trailing_stop_loss","cost":806.4665317499998}],"funding_fees":0.0,"weekday":4},{"pair":"DOGE/USDT:USDT","stake_amount":399.6096,"max_stake_amount":399.6096,"amount":6240.0,"open_date":"2026-01-02 08:30:00+00:00","close_date":"2026-01-02 09:30:00+00:00","open_rate":0.12808,"close_rate":0.13205246623311653,"fee_open":0.0005,"fee_close":0.0005,"trade_duration":60,"profit_ratio":0.059970014992503755,"profit_abs":23.976576,"exit_reason":"roi","initial_stop_loss_abs":0.12616,"initial_stop_loss_ratio":-0.03,"stop_loss_abs":0.1335,"stop_loss_ratio":-0.02,"min_rate":0.12799,"max_rate":0.13484,"is_open":false,"enter_tag":"","leverage":2,"is_short":false,"open_timestamp":1767342600000,"close_timestamp":1767346200000,"orders":[{"amount":6240.0,"safe_price":0.12808,"ft_order_side":"buy","order_filled_timestamp":1767342600000,"ft_is_entry":true,"ft_order_tag":"","cost":799.6188096},{"amount":6240.0,"safe_price":0.13205246623311653,"ft_order_side":"sell","order_filled_timestamp":1767346200000,"ft_is_entry":false,"ft_order_tag":"roi","cost":824.4193929892945}],"funding_fees":0.0,"weekday":4},{"pair":"DOGE/USDT:USDT","stake_amount":399.83895,"max_stake_amount":399.83895,"amount":6090.0,"open_date":"2026-01-02 13:00:00+00:00","close_date":"2026-01-02 14:30:00+00:00","open_rate":0.13131,"close_rate":0.13397,"fee_open":0.0005,"fee_close":0.0005,"trade_duration":90,"profit_ratio":0.038475317211548815,"profit_abs":15.3916224,"exit_reason":"trailing_stop_loss","initial_stop_loss_abs":0.12935,"initial_stop_loss_ratio":-0.03,"stop_loss_abs":0.13397,"stop_loss_ratio":-0.02,"min_rate":0.1295,"max_rate":0.13532,"is_open":false,"enter_tag":"","leverage":2,"is_short":false,"open_timestamp":1767358800000,"close_timestamp":1767364200000,"orders":[{"amount":6090.0,"safe_price":0.13131,"ft_order_side":"buy","order_filled_timestamp":1767358800000,"ft_is_entry":true,"ft_order_tag":"","cost":800.07773895},{"amount":6090.0,"safe_price":0.13397,"ft_order_side":"sell","order_filled_timestamp":1767364200000,"ft_is_entry":false,"ft_order_tag":"trailing_stop_loss","cost":816.28523865}],"funding_fees":0.0,"weekday":4},{"pair":"SOL/USDT:USDT","stake_amount":399.8414,"max_stake_amount":399.8414,"amount":6.23,"open_date":"2026-01-02 09:30:00+00:00","close_date":"2026-01-02 16:00:00+00:00","open_rate":128.36,"close_rate":129.2643,"fee_open":0.0005,"fee_close":0.0005,"trade_duration":390,"profit_ratio":0.012066952637675361,"profit_abs":4.82727967,"exit_reason":"trailing_stop_loss","initial_stop_loss_abs":126.43460000000002,"initial_stop_loss_ratio":-0.03,"stop_loss_abs":129.2643,"stop_loss_ratio":-0.02,"min_rate":126.74,"max_rate":130.57,"is_open":false,"enter_tag":"","leverage":2,"is_short":false,"open_timestamp":1767346200000,"close_timestamp":1767369600000,"orders":[{"amount":6.23,"safe_price":128.36,"ft_order_side":"buy","order_filled_timestamp":1767346200000,"ft_is_entry":true,"ft_order_tag":"","cost":800.0826414},{"amount":6.23,"safe_price":129.2643,"ft_order_side":"sell","order_filled_timestamp":1767369600000,"ft_is_entry":false,"ft_order_tag":"trailing_stop_loss","cost":805.7192472945}],"funding_fees":-0.00400963727664687,"weekday":4},{"pair":"ETH/USDT:USDT","stake_amount":398.95583,"max_stake_amount":398.95583,"amount":0.259,"open_date":"2026-01-02 15:00:00+00:00","close_date":"2026-01-02 16:30:00+00:00","open_rate":3080.74,"close_rate":3114.045,"fee_open":0.0005,"fee_close":0.0005,"trade_duration":90,"profit_ratio":0.019829696669561823,"profit_abs":7.91512868,"exit_reason":"trailing_stop_loss","initial_stop_loss_abs":3034.5289,"initial_stop_loss_ratio":-0.03,"stop_loss_abs":3114.045,"stop_loss_ratio":-0.02,"min_rate":3053.05,"max_rate":3145.5,"is_open":false,"enter_tag":"","leverage":2,"is_short":false,"open_timestamp":1767366000000,"close_timestamp":1767371400000,"orders":[{"amount":0.259,"safe_price":3080.74,"ft_order_side":"buy","order_filled_timestamp":1767366000000,"ft_is_entry":true,"ft_order_tag":"","cost":798.31061583},{"amount":0.259,"safe_price":3114.045,"ft_order_side":"sell","order_filled_timestamp":1767371400000,"ft_is_entry":false,"ft_order_tag":"trailing_stop_loss","cost":806.9409238275}],"funding_fees":0.09135833790615717,"weekday":4},{"pair":"DOGE/USDT:USDT","stake_amount":399.4569,"max_stake_amount":399.4569,"amount":5910.0,"open_date":"2026-01-02 16:00:00+00:00","close_date":"2026-01-02 16:30:00+00:00","open_rate":0.13518,"close_rate":0.13715,"fee_open":0.0005,"fee_close":0.0005,"trade_duration":30,"profit_ratio":0.027031489436066175,"profit_abs":10.80331393,"exit_reason":"trailing_stop_loss","initial_stop_loss_abs":0.13316,"initial_stop_loss_ratio":-0.03,"stop_loss_abs":0.13715,"stop_loss_ratio":-0.02,"min_rate":0.1347,"max_rate":0.13853,"is_open":false,"enter_tag":"","leverage":2,"is_short":false,"open_timestamp":1767369600000,"close_timestamp":1767371400000,"orders":[{"amount":5910.0,"safe_price":0.13518,"ft_order_side":"buy","order_filled_timestamp":1767369600000,"ft_is_entry":true,"ft_order_tag":"","cost":799.3132568999998},{"amount":5910.0,"safe_price":0.13715,"ft_order_side":"sell","order_filled_timestamp":1767371400000,"ft_is_entry":false,"ft_order_tag":"trailing_stop_loss","cost":810.9617782499998}],"funding_fees":-0.03465092293943703,"weekday":4},{"pair":"SOL/USDT:USDT","stake_amount":399.5912,"max_stake_amount":399.5912,"amount":6.14,"open_date":"2026-01-02 16:30:00+00:00","close_date":"2026-01-02 17:00:00+00:00","open_rate":130.16,"close_rate":130.9374,"fee_open":0.0005,"fee_close":0.0005,"trade_duration":30,"profit_ratio":0.00993435826146956,"profit_abs":3.97166698,"exit_reason":"trailing_stop_loss","initial_stop_loss_abs":128.20759999999999,"initial_stop_loss_ratio":-0.03,"stop_loss_abs":130.9374,"stop_loss_ratio":-0.02,"min_rate":130.15,"max_rate":132.26,"is_open":false,"enter_tag":"","leverage":2,"is_short":false,"open_timestamp":1767371400000,"close_timestamp":1767373200000,"orders":[{"amount":6.14,"safe_price":130.16,"ft_order_side":"buy","order_filled_timestamp":1767371400000,"ft_is_entry":true,"ft_order_tag":"","cost":799.5819911999998},{"amount":6.14,"safe_price":130.9374,"ft_order_side":"sell","order_filled_timestamp":1767373200000,"ft_is_entry":false,"ft_order_tag":"trailing_stop_loss","cost":804.3576138179999}],"funding_fees":0.0,"weekday":4},{"pair":"DOGE/USDT:USDT","stake_amount":399.687,"max_stake_amount":399.687,"amount":5780.0,"open_date":"2026-01-02 17:00:00+00:00","close_date":"2026-01-02 20:30:00+00:00","open_rate":0.1383,"close_rate":0.13916,"fee_open":0.0005,"fee_close":0.0005,"trade_duration":210,"profit_ratio":0.010425300726354104,"profit_abs":4.1689406,"exit_reason":"trailing_stop_loss","initial_stop_loss_abs":0.13623,"initial_stop_loss_ratio":-0.03,"stop_loss_abs":0.13916,"stop_loss_ratio":-0.02,"min_rate":0.13726,"max_rate":0.14056,"is_open":false,"enter_tag":"","leverage":2,"is_short":false,"open_timestamp":1767373200000,"close_timestamp":1767385800000,"orders":[{"amount":5780.0,"safe_price":0.1383,"ft_order_side":"buy","order_filled_timestamp":1767373200000,"ft_is_entry":true,"ft_order_tag":"","cost":799.773687},{"amount":5780.0,"safe_price":0.13916,"ft_order_side":"sell","order_filled_timestamp":1767385800000,"ft_is_entry":false,"ft_order_tag":"trailing_stop_loss","cost":804.7469724}],"funding_fees":0.0,"weekday":4},{"pair":"ETH/USDT:USDT","stake_amount":399.127275,"max_stake_amount":399.127275,"amount":0.255,"open_date":"2026-01-02 17:00:00+00:00","close_date":"2026-01-03 07:00:00+00:00","open_rate":3130.41,"close_rate":3083.45385,"fee_open":0.0005,"fee_close":0.0005,"trade_duration":840,"profit_ratio":-0.03193903466022203,"profit_abs":-12.75411374,"exit_reason":"stop_loss","initial_stop_loss_abs":3083.45385,"initial_stop_loss_ratio":-0.03,"stop_loss_abs":3083.45385,"stop_loss_ratio":-0.03,"min_rate":3075.0,"max_rate":3148.59,"is_open":false,"enter_tag":"","leverage":2,"is_short":false,"open_timestamp":1767373200000,"close_timestamp":1767423600000,"orders":[{"amount":0.255,"safe_price":3130.41,"ft_order_side":"buy","order_filled_timestamp":1767373200000,"ft_is_entry":true,"ft_order_tag":"","cost":798.653677275},{"amount":0.255,"safe_price":3083.45385,"ft_order_side":"sell","order_filled_timestamp":1767423600000,"ft_is_entry":false,"ft_order_tag":"stop_loss","cost":786.6738721158749}],"funding_fees":0.011972150254264069,"weekday":5},{"pair":"SOL/USDT:USDT","stake_amount":399.3669,"max_stake_amount":399.3669,"amount":6.03,"open_date":"2026-01-02 22:30:00+00:00","close_date":"2026-01-03 07:00:00+00:00","open_rate":132.46,"close_rate":130.47310000000002,"fee_open":0.0005,"fee_close":0.0005,"trade_duration":510,"profit_ratio":-0.03201041087961882,"profit_abs":-12.79029051,"exit_reason":"stop_loss","initial_stop_loss_abs":130.47310000000002,"initial_stop_loss_ratio":-0.03,"stop_loss_abs":130.47310000000002,"stop_loss_ratio":-0.03,"min_rate":129.93,"max_rate":133.16,"is_open":false,"enter_tag":"","leverage":2,"is_short":false,"open_timestamp":1767393000000,"close_timestamp":1767423600000,"orders":[{"amount":6.03,"safe_price":132.46,"ft_order_side":"buy","order_filled_timestamp":1767393000000,"ft_is_entry":true,"ft_order_tag":"","cost":799.1331669},{"amount":6.03,"safe_price":130.47310000000002,"ft_order_side":"sell","order_filled_timestamp":1767423600000,"ft_is_entry":false,"ft_order_tag":"stop_loss","cost":787.1461693965001}],"funding_fees":-0.01654021093952985,"weekday":5},{"pair":"DOGE/USDT:USDT","stake_amount":399.3132,"max_stake_amount":399.3132,"amount":5370.0,"open_date":"2026-01-04 03:30:00+00:00","close_date":"2026-01-04 03:30:00+00:00","open_rate":0.14872,"close_rate":0.1516944,"fee_open":0.0005,"fee_close":0.0005,"trade_duration":0,"profit_ratio":0.03796101950026706,"profit_abs":15.16591534,"exit_reason":"trailing_stop_loss","initial_stop_loss_abs":0.14649,"initial_stop_loss_ratio":-0.03,"stop_loss_abs":0.1504,"stop_loss_ratio":-0.02,"min_rate":0.14851,"max_rate":0.15191,"is_open":false,"enter_tag":"","leverage":2,"is_short":false,"open_timestamp":1767497400000,"close_timestamp":1767497400000,"orders":[{"amount":5370.0,"safe_price":0.14872,"ft_order_side":"buy","order_filled_timestamp":1767497400000,"ft_is_entry":true,"ft_order_tag":"","cost":799.0257131999999},{"amount":5370.0,"safe_price":0.1516944,"ft_order_side":"sell","order_filled_timestamp":1767497400000,"ft_is_entry":false,"ft_order_tag":"trailing_stop_loss","cost":815.006227464}],"funding_fees":0.0,"weekday":6},{"pair":"DOGE/USDT:USDT","stake_amount":399.5028,"max_stake_amount":399.5028,"amount":5210.0,"open_date":"2026-01-04 12:30:00+00:00","close_date":"2026-01-04 14:30:00+00:00","open_rate":0.15336,"close_rate":0.15106,"fee_open":0.0005,"fee_close":0.0005,"trade_duration":120,"profit_ratio":-0.0319638042220413,"profit_abs":-12.7760141,"exit_reason":"stop_loss","initial_stop_loss_abs":0.15106,"initial_stop_loss_ratio":-0.03,"stop_loss_abs":0.15106,"stop_loss_ratio":-0.03,"min_rate":0.15036,"max_rate":0.15404,"is_open":false,"enter_tag":"","leverage":2,"is_short":false,"open_timestamp":1767529800000,"close_timestamp":1767537000000,"orders":[{"amount":5210.0,"safe_price":0.15336,"ft_order_side":"buy","order_filled_timestamp":1767529800000,"ft_is_entry":true,"ft_order_tag":"","cost":799.4051027999999},{"amount":5210.0,"safe_price":0.15106,"ft_order_side":"sell","order_filled_timestamp":1767537000000,"ft_is_entry":false,"ft_order_tag":"stop_loss","cost":787.4161113}],"funding_fees":0.0,"weekday":6},{"pair":"ETH/USDT:USDT","stake_amount":399.80362,"max_stake_amount":399.80362,"amount":0.254,"open_date":"2026-01-04 02:00:00+00:00","close_date":"2026-01-05 01:30:00+00:00","open_rate":3148.06,"close_rate":3189.7799999999997,"fee_open":0.0005,"fee_close":0.0005,"trade_duration":1410,"profit_ratio":0.024350897601913293,"profit_abs":9.7404448,"exit_reason":"trailing_stop_loss","initial_stop_loss_abs":3100.8390999999997,"initial_stop_loss_ratio":-0.03,"stop_loss_abs":3189.7799999999997,"stop_loss_ratio":-0.02,"min_rate":3116.14,"max_rate":3222.0,"is_open":false,"enter_tag":"","leverage":2,"is_short":false,"open_timestamp":1767492000000,"close_timestamp":1767576600000,"orders":[{"amount":0.254,"safe_price":3148.06,"ft_order_side":"buy","order_filled_timestamp":1767492000000,"ft_is_entry":true,"ft_order_tag":"","cost":800.00704362},{"amount":0.254,"safe_price":3189.7799999999997,"ft_order_side":"sell","order_filled_timestamp":1767576600000,"ft_is_entry":false,"ft_order_tag":"trailing_stop_loss","cost":810.60922206}],"funding_fees":-0.05152952376345006,"weekday":0},{"pair":"ETH/USDT:USDT","stake_amount":398.89206,"max_stake_amount":398.89206,"amount":0.252,"open_date":"2026-01-05 05:00:00+00:00","close_date":"2026-01-05 17:30:00+00:00","open_rate":3165.81,"close_rate":3196.6605,"fee_open":0.0005,"fee_close":0.0005,"trade_duration":750,"profit_ratio":0.017263833847373553,"profit_abs":6.88984945,"exit_reason":"trailing_stop_loss","initial_stop_loss_abs":3118.32285,"initial_stop_loss_ratio":-0.03,"stop_loss_abs":3196.6605,"stop_loss_ratio":-0.02,"min_rate":3132.02,"max_rate":3228.95,"is_open":false,"enter_tag":"","leverage":2,"is_short":false,"open_timestamp":1767589200000,"close_timestamp":1767634200000,"orders":[{"amount":0.252,"safe_price":3165.81,"ft_order_side":"buy","order_filled_timestamp":1767589200000,"ft_is_entry":true,"ft_order_tag":"","cost":798.18301206},{"amount":0.252,"safe_price":3196.6605,"ft_order_side":"sell","order_filled_timestamp":1767634200000,"ft_is_entry":false,"ft_order_tag":"trailing_stop_loss","cost":805.9612252229999}],"funding_fees":-0.08280526367712304,"weekday":0},{"pair":"DOGE/USDT:USDT","stake_amount":399.931,"max_stake_amount":399.931,"amount":5320.0,"open_date":"2026-01-05 17:00:00+00:00","close_date":"2026-01-05 17:30:00+00:00","open_rate":0.15035,"close_rate":0.1523,"fee_open":0.0005,"fee_close":0.0005,"trade_duration":30,"profit_ratio":0.023914547548307654,"profit_abs":9.568951,"exit_reason":"trailing_stop_loss","initial_stop_loss_abs":0.1481,"initial_stop_loss_ratio":-0.03,"stop_loss_abs":0.1523,"stop_loss_ratio":-0.02,"min_rate":0.14858,"max_rate":0.15383,"is_open":false,"enter_tag":"","leverage":2,"is_short":false,"open_timestamp":1767632400000,"close_timestamp":1767634200000,"orders":[{"amount":5320.0,"safe_price":0.15035,"ft_order_side":"buy","order_filled_timestamp":1767632400000,"ft_is_entry":true,"ft_order_tag":"","cost":800.261931},{"amount":5320.0,"safe_price":0.1523,"ft_order_side":"sell","order_filled_timestamp":1767634200000,"ft_is_entry":false,"ft_order_tag":"trailing_stop_loss","cost":810.6411179999999}],"funding_fees":0.0,"weekday":0},{"pair":"BTC/USDT:USDT","stake_amount":397.69128,"max_stake_amount":397.69128,"amount":0.0084,"open_date":"2026-01-05 20:30:00+00:00","close_date":"2026-01-06 07:00:00+00:00","open_rate":94688.4,"close_rate":93268.074,"fee_open":0.0005,"fee_close":0.0005,"trade_duration":630,"profit_ratio":-0.03186682941579721,"profit_abs":-12.67949676,"exit_reason":"stop_loss","initial_stop_loss_abs":93268.074,"initial_stop_loss_ratio":-0.03,"stop_loss_abs":93268.074,"stop_loss_ratio":-0.03,"min_rate":93257.6,"max_rate":94688.4,"is_open":false,"enter_tag":"","leverage":2,"is_short":false,"open_timestamp":1767645000000,"close_timestamp":1767682800000,"orders":[{"amount":0.0084,"safe_price":94688.4,"ft_order_side":"buy","order_filled_timestamp":1767645000000,"ft_is_entry":true,"ft_order_tag":"","cost":795.7802512799999},{"amount":0.0084,"safe_price":93268.074,"ft_order_side":"sell","order_filled_timestamp":1767682800000,"ft_is_entry":false,"ft_order_tag":"stop_loss","cost":783.8435475107999}],"funding_fees":0.04065883273545115,"weekday":1},{"pair":"ETH/USDT:USDT","stake_amount":398.47695,"max_stake_amount":398.47695,"amount":0.246,"open_date":"2026-01-06 11:30:00+00:00","close_date":"2026-01-06 14:00:00+00:00","open_rate":3239.65,"close_rate":3275.5635,"fee_open":0.0005,"fee_close":0.0005,"trade_duration":150,"profit_ratio":0.020150061559304166,"profit_abs":8.03334974,"exit_reason":"trailing_stop_loss","initial_stop_loss_abs":3191.05525,"initial_stop_loss_ratio":-0.03,"stop_loss_abs":3275.5635,"stop_loss_ratio":-0.02,"min_rate":3227.66,"max_rate":3308.65,"is_open":false,"enter_tag":"","leverage":2,"is_short":false,"open_timestamp":1767699000000,"close_timestamp":1767708000000,"orders":[{"amount":0.246,"safe_price":3239.65,"ft_order_side":"buy","order_filled_timestamp":1767699000000,"ft_is_entry":true,"ft_order_tag":"","cost":797.3523769499999},{"amount":0.246,"safe_price":3275.5635,"ft_order_side":"sell","order_filled_timestamp":1767708000000,"ft_is_entry":false,"ft_order_tag":"trailing_stop_loss","cost":806.1915153105}],"funding_fees":0.0,"weekday":1},{"pair":"ETH/USDT:USDT","stake_amount":399.88685,"max_stake_amount":399.88685,"amount":0.242,"open_date":"2026-01-06 14:30:00+00:00","close_date":"2026-01-06 16:00:00+00:00","open_rate":3304.85,"close_rate":3255.2772499999996,"fee_open":0.0005,"fee_close":0.0005,"trade_duration":90,"profit_ratio":-0.031962442550349225,"profit_abs":-12.78775115,"exit_reason":"stop_loss","initial_stop_loss_abs":3255.2772499999996,"initial_stop_loss_ratio":-0.03,"stop_loss_abs":3255.2772499999996,"stop_loss_ratio":-0.03,"min_rate":3245.8,"max_rate":3305.0,"is_open":false,"enter_tag":"","leverage":2,"is_short":false,"open_timestamp":1767709800000,"close_timestamp":1767715200000,"orders":[{"amount":0.242,"safe_price":3304.85,"ft_order_side":"buy","order_filled_timestamp":1767709800000,"ft_is_entry":true,"ft_order_tag":"","cost":800.1735868499999},{"amount":0.242,"safe_price":3255.2772499999996,"ft_order_side":"sell","order_filled_timestamp":1767715200000,"ft_is_entry":false,"ft_order_tag":"stop_loss","cost":788.1709830472498}],"funding_fees":0.002629745527278497,"weekday":1},{"pair":"ETH/USDT:USDT","stake_amount":399.8115,"max_stake_amount":399.8115,"amount":0.246,"open_date":"2026-01-06 17:00:00+00:00","close_date":"2026-01-06 17:30:00+00:00","open_rate":3250.5,"close_rate":3201.7425,"fee_open":0.0005,"fee_close":0.0005,"trade_duration":30,"profit_ratio":-0.0319690154985037,"profit_abs":-12.78797083,"exit_reason":"stop_loss","initial_stop_loss_abs":3201.7425,"initial_stop_loss_ratio":-0.03,"stop_loss_abs":3201.7425,"stop_loss_ratio":-0.03,"min_rate":3188.13,"max_rate":3259.0,"is_open":false,"enter_tag":"","leverage":2,"is_short":false,"open_timestamp":1767718800000,"close_timestamp":1767720600000,"orders":[{"amount":0.246,"safe_price":3250.5,"ft_order_side":"buy","order_filled_timestamp":1767718800000,"ft_is_entry":true,"ft_order_tag":"","cost":800.0228114999999},{"amount":0.246,"safe_price":3201.7425,"ft_order_side":"sell","order_filled_timestamp":1767720600000,"ft_is_entry":false,"ft_order_tag":"stop_loss","cost":788.0224693275}],"funding_fees":0.0,"weekday":1},{"pair":"SOL/USDT:USDT","stake_amount":399.513,"max_stake_amount":399.513,"amount":5.7,"open_date":"2026-01-11 16:30:00+00:00","close_date":"2026-01-11 20:00:00+00:00","open_rate":140.18,"close_rate":138.0773,"fee_open":0.0005,"fee_close":0.0005,"trade_duration":210,"profit_ratio":-0.03196901550476286,"profit_abs":-12.77842331,"exit_reason":"stop_loss","initial_stop_loss_abs":138.0773,"initial_stop_loss_ratio":-0.03,"stop_loss_abs":138.0773,"stop_loss_ratio":-0.03,"min_rate":137.91,"max_rate":141.55,"is_open":false,"enter_tag":"","leverage":2,"is_short":false,"open_timestamp":1768149000000,"close_timestamp":1768161600000,"orders":[{"amount":5.7,"safe_price":140.18,"ft_order_side":"buy","order_filled_timestamp":1768149000000,"ft_is_entry":true,"ft_order_tag":"","cost":799.425513},{"amount":5.7,"safe_price":138.0773,"ft_order_side":"sell","order_filled_timestamp":1768161600000,"ft_is_entry":false,"ft_order_tag":"stop_loss","cost":787.4341303049999}],"funding_fees":0.0,"weekday":6},{"pair":"SOL/USDT:USDT","stake_amount":399.7863,"max_stake_amount":399.7863,"amount":5.63,"open_date":"2026-01-12 02:30:00+00:00","close_date":"2026-01-12 03:00:00+00:00","open_rate":142.02,"close_rate":142.9164,"fee_open":0.0005,"fee_close":0.0005,"trade_duration":30,"profit_ratio":0.01061195636922449,"profit_abs":4.24463603,"exit_reason":"trailing_stop_loss","initial_stop_loss_abs":139.8897,"initial_stop_loss_ratio":-0.03,"stop_loss_abs":142.9164,"stop_loss_ratio":-0.02,"min_rate":141.67,"max_rate":144.36,"is_open":false,"enter_tag":"","leverage":2,"is_short":false,"open_timestamp":1768185000000,"close_timestamp":1768186800000,"orders":[{"amount":5.63,"safe_price":142.02,"ft_order_side":"buy","order_filled_timestamp":1768185000000,"ft_is_entry":true,"ft_order_tag":"","cost":799.9723863},{"amount":5.63,"safe_price":142.9164,"ft_order_side":"sell","order_filled_timestamp":1768186800000,"ft_is_entry":false,"ft_order_tag":"trailing_stop_loss","cost":805.0216416659999}],"funding_fees":0.0,"weekday":0},{"pair":"SOL/USDT:USDT","stake_amount":399.4804,"max_stake_amount":399.4804,"amount":5.57,"open_date":"2026-01-12 03:30:00+00:00","close_date":"2026-01-12 08:00:00+00:00","open_rate":143.44,"close_rate":141.2884,"fee_open":0.0005,"fee_close":0.0005,"trade_duration":270,"profit_ratio":-0.0321612916107559,"profit_abs":-12.85422954,"exit_reason":"stop_loss","initial_stop_loss_abs":141.2884,"initial_stop_loss_ratio":-0.03,"stop_loss_abs":141.2884,"stop_loss_ratio":-0.03,"min_rate":141.08,"max_rate":143.56,"is_open":false,"enter_tag":"","leverage":2,"is_short":false,"open_timestamp":1768188600000,"close_timestamp":1768204800000,"orders":[{"amount":5.57,"safe_price":143.44,"ft_order_side":"buy","order_filled_timestamp":1768188600000,"ft_is_entry":true,"ft_order_tag":"","cost":799.3602804},{"amount":5.57,"safe_price":141.2884,"ft_order_side":"sell","order_filled_timestamp":1768204800000,"ft_is_entry":false,"ft_order_tag":"stop_loss","cost":787.369876194}],"funding_fees":-0.07684894747259675,"weekday":0},{"pair":"ETH/USDT:USDT","stake_amount":399.875,"max_stake_amount":399.875,"amount":0.25,"open_date":"2026-01-13 19:00:00+00:00","close_date":"2026-01-13 22:00:00+00:00","open_rate":3199.0,"close_rate":3298.2186093046516,"fee_open":0.0005,"fee_close":0.0005,"trade_duration":180,"profit_ratio":0.05997001499250375,"profit_abs":23.9925,"exit_reason":"roi","initial_stop_loss_abs":3151.015,"initial_stop_loss_ratio":-0.03,"stop_loss_abs":3364.02,"stop_loss_ratio":-0.02,"min_rate":3188.52,"max_rate":3398.0,"is_open":false,"enter_tag":"","leverage":2,"is_short":false,"open_timestamp":1768330800000,"close_timestamp":1768341600000,"orders":[{"amount":0.25,"safe_price":3199.0,"ft_order_side":"buy","order_filled_timestamp":1768330800000,"ft_is_entry":true,"ft_order_tag":"","cost":800.149875},{"amount":0.25,"safe_price":3298.2186093046516,"ft_order_side":"sell","order_filled_timestamp":1768341600000,"ft_is_entry":false,"ft_order_tag":"roi","cost":824.9669296523259}],"funding_fees":0.0,"weekday":1},{"pair":"BTC/USDT:USDT","stake_amount":395.5602,"max_stake_amount":395.5602,"amount":0.0084,"open_date":"2026-01-13 20:00:00+00:00","close_date":"2026-01-13 22:00:00+00:00","open_rate":94181.0,"close_rate":95809.23,"fee_open":0.0005,"fee_close":0.0005,"trade_duration":120,"profit_ratio":0.032543053273987536,"profit_abs":12.87917303,"exit_reason":"trailing_stop_loss","initial_stop_loss_abs":92768.285,"initial_stop_loss_ratio":-0.03,"stop_loss_abs":95809.23,"stop_loss_ratio":-0.02,"min_rate":94014.9,"max_rate":96777.0,"is_open":false,"enter_tag":"","leverage":2,"is_short":false,"open_timestamp":1768334400000,"close_timestamp":1768341600000,"orders":[{"amount":0.0084,"safe_price":94181.0,"ft_order_side":"buy","order_filled_timestamp":1768334400000,"ft_is_entry":true,"ft_order_tag":"","cost":791.5159601999999},{"amount":0.0084,"safe_price":95809.23,"ft_order_side":"sell","order_filled_timestamp":1768341600000,"ft_is_entry":false,"ft_order_tag":"trailing_stop_loss","cost":805.1999307659999}],"funding_fees":0.0,"weekday":1},{"pair":"SOL/USDT:USDT","stake_amount":399.34875,"max_stake_amount":399.34875,"amount":5.45,"open_date":"2026-01-13 22:30:00+00:00","close_date":"2026-01-14 00:30:00+00:00","open_rate":146.55,"close_rate":144.35175,"fee_open":0.0005,"fee_close":0.0005,"trade_duration":120,"profit_ratio":-0.03216742874184685,"profit_abs":-12.85244547,"exit_reason":"stop_loss","initial_stop_loss_abs":144.35175,"initial_stop_loss_ratio":-0.03,"stop_loss_abs":144.35175,"stop_loss_ratio":-0.03,"min_rate":144.3,"max_rate":147.66,"is_open":false,"enter_tag":"","leverage":2,"is_short":false,"open_timestamp":1768343400000,"close_timestamp":1768350600000,"orders":[{"amount":5.45,"safe_price":146.55,"ft_order_side":"buy","order_filled_timestamp":1768343400000,"ft_is_entry":true,"ft_order_tag":"","cost":799.09684875},{"amount":5.45,"safe_price":144.35175,"ft_order_side":"sell","order_filled_timestamp":1768350600000,"ft_is_entry":false,"ft_order_tag":"stop_loss","cost":787.1103960187501}],"funding_fees":-0.07927570000000002,"weekday":2},{"pair":"ETH/USDT:USDT","stake_amount":398.50019,"max_stake_amount":398.50019,"amount":0.242,"open_date":"2026-01-14 12:30:00+00:00","close_date":"2026-01-14 14:30:00+00:00","open_rate":3293.39,"close_rate":3323.7567,"fee_open":0.0005,"fee_close":0.0005,"trade_duration":120,"profit_ratio":0.016423566204255922,"profit_abs":6.54806665,"exit_reason":"trailing_stop_loss","initial_stop_loss_abs":3243.98915,"initial_stop_loss_ratio":-0.03,"stop_loss_abs":3323.7567,"stop_loss_ratio":-0.02,"min_rate":3288.2,"max_rate":3357.33,"is_open":false,"enter_tag":"","leverage":2,"is_short":false,"open_timestamp":1768393800000,"close_timestamp":1768401000000,"orders":[{"amount":0.242,"safe_price":3293.39,"ft_order_side":"buy","order_filled_timestamp":1768393800000,"ft_is_entry":true,"ft_order_tag":"","cost":797.3988801899999},{"amount":0.242,"safe_price":3323.7567,"ft_order_side":"sell","order_filled_timestamp":1768401000000,"ft_is_entry":false,"ft_order_tag":"trailing_stop_loss","cost":804.7512959606998}],"funding_fees":0.0,"weekday":2},{"pair":"ETH/USDT:USDT","stake_amount":398.34298,"max_stake_amount":398.34298,"amount":0.238,"open_date":"2026-01-14 15:00:00+00:00","close_date":"2026-01-14 16:30:00+00:00","open_rate":3347.42,"close_rate":3369.4056,"fee_open":0.0005,"fee_close":0.0005,"trade_duration":90,"profit_ratio":0.010924009176252063,"profit_abs":4.35367812,"exit_reason":"trailing_stop_loss","initial_stop_loss_abs":3297.2087,"initial_stop_loss_ratio":-0.03,"stop_loss_abs":3369.4056,"stop_loss_ratio":-0.02,"min_rate":3326.01,"max_rate":3403.44,"is_open":false,"enter_tag":"","leverage":2,"is_short":false,"open_timestamp":1768402800000,"close_timestamp":1768408200000,"orders":[{"amount":0.238,"safe_price":3347.42,"ft_order_side":"buy","order_filled_timestamp":1768402800000,"ft_is_entry":true,"ft_order_tag":"","cost":797.08430298},{"amount":0.238,"safe_price":3369.4056,"ft_order_side":"sell","order_filled_timestamp":1768408200000,"ft_is_entry":false,"ft_order_tag":"trailing_stop_loss","cost":802.3194920663999}],"funding_fees":-0.079592436,"weekday":2},{"pair":"BTC/USDT:USDT","stake_amount":395.494585,"max_stake_amount":395.494585,"amount":0.0083,"open_date":"2026-01-13 22:30:00+00:00","close_date":"2026-01-14 17:30:00+00:00","open_rate":95299.9,"close_rate":96745.37400000001,"fee_open":0.0005,"fee_close":0.0005,"trade_duration":1140,"profit_ratio":0.02781338363631617,"profit_abs":11.00554264,"exit_reason":"trailing_stop_loss","initial_stop_loss_abs":93870.40149999999,"initial_stop_loss_ratio":-0.03,"stop_loss_abs":96745.37400000001,"stop_loss_ratio":-0.02,"min_rate":94505.0,"max_rate":97722.6,"is_open":false,"enter_tag":"","leverage":2,"is_short":false,"open_timestamp":1768343400000,"close_timestamp":1768411800000,"orders":[{"amount":0.0083,"safe_price":95299.9,"ft_order_side":"buy","order_filled_timestamp":1768343400000,"ft_is_entry":true,"ft_order_tag":"","cost":791.3846645849999},{"amount":0.0083,"safe_price":96745.37400000001,"ft_order_side":"sell","order_filled_timestamp":1768411800000,"ft_is_entry":false,"ft_order_tag":"trailing_stop_loss","cost":803.3880975021001}],"funding_fees":-0.19490366834693024,"weekday":2},{"pair":"ETH/USDT:USDT","stake_amount":399.90318,"max_stake_amount":399.90318,"amount":0.236,"open_date":"2026-01-14 19:30:00+00:00","close_date":"2026-01-15 00:00:00+00:00","open_rate":3389.01,"close_rate":3338.1748500000003,"fee_open":0.0005,"fee_close":0.0005,"trade_duration":270,"profit_ratio":-0.031994057180031184,"profit_abs":-12.80092247,"exit_reason":"stop_loss","initial_stop_loss_abs":3338.1748500000003,"initial_stop_loss_ratio":-0.03,"stop_loss_abs":3338.1748500000003,"stop_loss_ratio":-0.03,"min_rate":3335.24,"max_rate":3400.0,"is_open":false,"enter_tag":"","leverage":2,"is_short":false,"open_timestamp":1768419000000,"close_timestamp":1768435200000,"orders":[{"amount":0.236,"safe_price":3389.01,"ft_order_side":"buy","order_filled_timestamp":1768419000000,"ft_is_entry":true,"ft_order_tag":"","cost":800.20626318},{"amount":0.236,"safe_price":3338.1748500000003,"ft_order_side":"sell","order_filled_timestamp":1768435200000,"ft_is_entry":false,"ft_order_tag":"stop_loss","cost":788.2031692323}],"funding_fees":-0.010019257890813312,"weekday":3},{"pair":"ETH/USDT:USDT","stake_amount":399.92745,"max_stake_amount":399.92745,"amount":0.39,"open_date":"2026-02-14 06:30:00+00:00","close_date":"2026-02-14 08:00:00+00:00","open_rate":2050.91,"close_rate":2070.9117,"fee_open":0.0005,"fee_close":0.0005,"trade_duration":90,"profit_ratio":0.017405397933535453,"profit_abs":6.96437686,"exit_reason":"trailing_stop_loss","initial_stop_loss_abs":2020.1463499999998,"initial_stop_loss_ratio":-0.03,"stop_loss_abs":2070.9117,"stop_loss_ratio":-0.02,"min_rate":2049.55,"max_rate":2091.83,"is_open":false,"enter_tag":"","leverage":2,"is_short":false,"open_timestamp":1771050600000,"close_timestamp":1771056000000,"orders":[{"amount":0.39,"safe_price":2050.91,"ft_order_side":"buy","order_filled_timestamp":1771050600000,"ft_is_entry":true,"ft_order_tag":"","cost":800.2548274499999},{"amount":0.39,"safe_price":2070.9117,"ft_order_side":"sell","order_filled_timestamp":1771056000000,"ft_is_entry":false,"ft_order_tag":"trailing_stop_loss","cost":808.0593907814999}],"funding_fees":-0.03253091282458306,"weekday":5},{"pair":"DOGE/USDT:USDT","stake_amount":399.8619,"max_stake_amount":399.8619,"amount":8220.0,"open_date":"2026-02-13 21:30:00+00:00","close_date":"2026-02-14 11:00:00+00:00","open_rate":0.09729,"close_rate":0.09925,"fee_open":0.0005,"fee_close":0.0005,"trade_duration":810,"profit_ratio":0.03793359794900474,"profit_abs":15.17578465,"exit_reason":"trailing_stop_loss","initial_stop_loss_abs":0.09584,"initial_stop_loss_ratio":-0.03,"stop_loss_abs":0.09925,"stop_loss_ratio":-0.02,"min_rate":0.09624,"max_rate":0.10025,"is_open":false,"enter_tag":"","leverage":2,"is_short":false,"open_timestamp":1771018200000,"close_timestamp":1771066800000,"orders":[{"amount":8220.0,"safe_price":0.09729,"ft_order_side":"buy","order_filled_timestamp":1771018200000,"ft_is_entry":true,"ft_order_tag":"","cost":800.1236618999999},{"amount":8220.0,"safe_price":0.09925,"ft_order_side":"sell","order_filled_timestamp":1771066800000,"ft_is_entry":false,"ft_order_tag":"trailing_stop_loss","cost":816.2429175}],"funding_fees":-0.12763594799761066,"weekday":5},{"pair":"BTC/USDT:USDT","stake_amount":397.784425,"max_stake_amount":397.784425,"amount":0.0115,"open_date":"2026-02-14 08:00:00+00:00","close_date":"2026-02-14 11:00:00+00:00","open_rate":69179.9,"close_rate":69757.28099999999,"fee_open":0.0005,"fee_close":0.0005,"trade_duration":180,"profit_ratio":0.014689771422952443,"profit_abs":5.84628396,"exit_reason":"trailing_stop_loss","initial_stop_loss_abs":68142.2015,"initial_stop_loss_ratio":-0.03,"stop_loss_abs":69757.28099999999,"stop_loss_ratio":-0.02,"min_rate":69171.4,"max_rate":70461.9,"is_open":false,"enter_tag":"","leverage":2,"is_short":false,"open_timestamp":1771056000000,"close_timestamp":1771066800000,"orders":[{"amount":0.0115,"safe_price":69179.9,"ft_order_side":"buy","order_filled_timestamp":1771056000000,"ft_is_entry":true,"ft_order_tag":"","cost":795.9666344249998},{"amount":0.0115,"safe_price":69757.28099999999,"ft_order_side":"sell","order_filled_timestamp":1771066800000,"ft_is_entry":false,"ft_order_tag":"trailing_stop_loss","cost":802.6098358657498}],"funding_fees":0.005291246665423755,"weekday":5},{"pair":"ETH/USDT:USDT","stake_amount":399.1737,"max_stake_amount":399.1737,"amount":0.381,"open_date":"2026-02-14 11:30:00+00:00","close_date":"2026-02-14 13:00:00+00:00","open_rate":2095.4,"close_rate":2063.969,"fee_open":0.0005,"fee_close":0.0005,"trade_duration":90,"profit_ratio":-0.03196901548098622,"profit_abs":-12.76757079,"exit_reason":"stop_loss","initial_stop_loss_abs":2063.969,"initial_stop_loss_ratio":-0.03,"stop_loss_abs":2063.969,"stop_loss_ratio":-0.03,"min_rate":2063.19,"max_rate":2102.22,"is_open":false,"enter_tag":"","leverage":2,"is_short":false,"open_timestamp":1771068600000,"close_timestamp":1771074000000,"orders":[{"amount":0.381,"safe_price":2095.4,"ft_order_side":"buy","order_filled_timestamp":1771068600000,"ft_is_entry":true,"ft_order_tag":"","cost":798.7465737},{"amount":0.381,"safe_price":2063.969,"ft_order_side":"sell","order_filled_timestamp":1771074000000,"ft_is_entry":false,"ft_order_tag":"stop_loss","cost":786.7653750945}],"funding_fees":0.0,"weekday":5},{"pair":"DOGE/USDT:USDT","stake_amount":399.6598,"max_stake_amount":399.6598,"amount":7990.0,"open_date":"2026-02-14 14:00:00+00:00","close_date":"2026-02-14 14:30:00+00:00","open_rate":0.10004,"close_rate":0.10314279139569785,"fee_open":0.0005,"fee_close":0.0005,"trade_duration":30,"profit_ratio":0.05997001499250375,"profit_abs":23.979588,"exit_reason":"roi","initial_stop_loss_abs":0.09854,"initial_stop_loss_ratio":-0.03,"stop_loss_abs":0.10241,"stop_loss_ratio":-0.02,"min_rate":0.09987,"max_rate":0.10344,"is_open":false,"enter_tag":"","leverage":2,"is_short":false,"open_timestamp":1771077600000,"close_timestamp":1771079400000,"orders":[{"amount":7990.0,"safe_price":0.10004,"ft_order_side":"buy","order_filled_timestamp":1771077600000,"ft_is_entry":true,"ft_order_tag":"","cost":799.7192598},{"amount":7990.0,"safe_price":0.10314279139569785,"ft_order_side":"sell","order_filled_timestamp":1771079400000,"ft_is_entry":false,"ft_order_tag":"roi","cost":824.5229587032516}],"funding_fees":0.0,"weekday":5},{"pair":"ETH/USDT:USDT","stake_amount":399.149195,"max_stake_amount":399.149195,"amount":0.383,"open_date":"2026-02-14 15:00:00+00:00","close_date":"2026-02-15 01:30:00+00:00","open_rate":2084.33,"close_rate":2053.0650499999997,"fee_open":0.0005,"fee_close":0.0005,"trade_duration":630,"profit_ratio":-0.03227761168011545,"profit_abs":-12.89002451,"exit_reason":"stop_loss","initial_stop_loss_abs":2053.0650499999997,"initial_stop_loss_ratio":-0.03,"stop_loss_abs":2053.0650499999997,"stop_loss_ratio":-0.03,"min_rate":2052.49,"max_rate":2098.87,"is_open":false,"enter_tag":"","leverage":2,"is_short":false,"open_timestamp":1771081200000,"close_timestamp":1771119000000,"orders":[{"amount":0.383,"safe_price":2084.33,"ft_order_side":"buy","order_filled_timestamp":1771081200000,"ft_is_entry":true,"ft_order_tag":"","cost":798.697539195},{"amount":0.383,"safe_price":2053.0650499999997,"ft_order_side":"sell","order_filled_timestamp":1771119000000,"ft_is_entry":false,"ft_order_tag":"stop_loss","cost":786.717076107075}],"funding_fees":-0.12323750532726953,"weekday":6},{"pair":"DOGE/USDT:USDT","stake_amount":399.525,"max_stake_amount":399.525,"amount":7000.0,"open_date":"2026-02-15 03:30:00+00:00","close_date":"2026-02-15 04:00:00+00:00","open_rate":0.11415,"close_rate":0.11637,"fee_open":0.0005,"fee_close":0.0005,"trade_duration":30,"profit_ratio":0.03685831197410493,"profit_abs":14.73318,"exit_reason":"trailing_stop_loss","initial_stop_loss_abs":0.11244,"initial_stop_loss_ratio":-0.03,"stop_loss_abs":0.11637,"stop_loss_ratio":-0.02,"min_rate":0.11262,"max_rate":0.11754,"is_open":false,"enter_tag":"","leverage":2,"is_short":false,"open_timestamp":1771126200000,"close_timestamp":1771128000000,"orders":[{"amount":7000.0,"safe_price":0.11415,"ft_order_side":"buy","order_filled_timestamp":1771126200000,"ft_is_entry":true,"ft_order_tag":"","cost":799.4495249999999},{"amount":7000.0,"safe_price":0.11637,"ft_order_side":"sell","order_filled_timestamp":1771128000000,"ft_is_entry":false,"ft_order_tag":"trailing_stop_loss","cost":814.997295}],"funding_fees":0.0,"weekday":6},{"pair":"SOL/USDT:USDT","stake_amount":399.8988,"max_stake_amount":399.8988,"amount":8.82,"open_date":"2026-02-15 08:00:00+00:00","close_date":"2026-02-15 08:30:00+00:00","open_rate":90.68,"close_rate":89.3198,"fee_open":0.0005,"fee_close":0.0005,"trade_duration":30,"profit_ratio":-0.03205257056971946,"profit_abs":-12.8241934,"exit_reason":"stop_loss","initial_stop_loss_abs":89.3198,"initial_stop_loss_ratio":-0.03,"stop_loss_abs":89.3198,"stop_loss_ratio":-0.03,"min_rate":89.16,"max_rate":91.18,"is_open":false,"enter_tag":"","leverage":2,"is_short":false,"open_timestamp":1771142400000,"close_timestamp":1771144200000,"orders":[{"amount":8.82,"safe_price":90.68,"ft_order_side":"buy","order_filled_timestamp":1771142400000,"ft_is_entry":true,"ft_order_tag":"","cost":800.1974988000001},{"amount":8.82,"safe_price":89.3198,"ft_order_side":"sell","order_filled_timestamp":1771144200000,"ft_is_entry":false,"ft_order_tag":"stop_loss","cost":788.194536318}],"funding_fees":-0.03343028176777234,"weekday":6},{"pair":"BTC/USDT:USDT","stake_amount":399.92112,"max_stake_amount":399.92112,"amount":0.0114,"open_date":"2026-02-14 11:30:00+00:00","close_date":"2026-02-15 13:00:00+00:00","open_rate":70161.6,"close_rate":69282.0,"fee_open":0.0005,"fee_close":0.0005,"trade_duration":1530,"profit_ratio":-0.027315142793035346,"profit_abs":-10.92936445,"exit_reason":"exit_signal","initial_stop_loss_abs":69109.176,"initial_stop_loss_ratio":-0.03,"stop_loss_abs":69109.176,"stop_loss_ratio":-0.03,"min_rate":68959.0,"max_rate":70929.0,"is_open":false,"enter_tag":"","leverage":2,"is_short":false,"open_timestamp":1771068600000,"close_timestamp":1771160400000,"orders":[{"amount":0.0114,"safe_price":70161.6,"ft_order_side":"buy","order_filled_timestamp":1771068600000,"ft_is_entry":true,"ft_order_tag":"","cost":800.24216112},{"amount":0.0114,"safe_price":69282.0,"ft_order_side":"sell","order_filled_timestamp":1771160400000,"ft_is_entry":false,"ft_order_tag":"exit_signal","cost":790.2097074}],"funding_fees":-0.10709592821741874,"weekday":6}],"locks":[],"best_pair":{"key":"DOGE/USDT:USDT","trades":13,"profit_mean":0.02648362658316912,"profit_mean_pct":2.65,"profit_total_abs":137.65839173,"profit_total":0.13765839173,"profit_total_pct":13.77,"duration_avg":"2:30:00","wins":11,"draws":0,"losses":2,"winrate":0.8461538461538461,"cagr":0.6871716509124945,"expectancy":10.589107056153845,"expectancy_ratio":0.8280410737214801,"sortino":2409.4134942335654,"sharpe":2.5019770951488454,"calmar":233.76142257002897,"sqn":3.1407,"profit_factor":6.3822669791896205,"max_drawdown_account":0.01250068387550362,"max_drawdown_abs":12.80027044},"worst_pair":{"key":"SOL/USDT:USDT","trades":11,"profit_mean":-0.020346909108770846,"profit_mean_pct":-2.03,"profit_total_abs":-89.47892516,"profit_total":-0.08947892516,"profit_total_pct":-8.95,"duration_avg":"3:27:00","wins":3,"draws":0,"losses":8,"winrate":0.2727272727272727,"cagr":-0.31624841981215057,"expectancy":-8.134447741818182,"expectancy_ratio":-0.6347443435162994,"sortino":-501.7391609770207,"sharpe":-2.484169513177995,"calmar":-21.22774797171422,"sqn":-3.3642,"profit_factor":0.12722652766508838,"max_drawdown_account":0.08947892516000001,"max_drawdown_abs":89.47892515999999},"results_per_pair":[{"key":"DOGE/USDT:USDT","trades":13,"profit_mean":0.02648362658316912,"profit_mean_pct":2.65,"profit_total_abs":137.65839173,"profit_total":0.13765839173,"profit_total_pct":13.77,"duration_avg":"2:30:00","wins":11,"draws":0,"losses":2,"winrate":0.8461538461538461,"cagr":0.6871716509124945,"expectancy":10.589107056153845,"expectancy_ratio":0.8280410737214801,"sortino":2409.4134942335654,"sharpe":2.5019770951488454,"calmar":233.76142257002897,"sqn":3.1407,"profit_factor":6.3822669791896205,"max_drawdown_account":0.01250068387550362,"max_drawdown_abs":12.80027044},{"key":"ETH/USDT:USDT","trades":17,"profit_mean":0.0020649539597314332,"profit_mean_pct":0.21,"profit_total_abs":13.970596509999996,"profit_total":0.013970596509999997,"profit_total_pct":1.4,"duration_avg":"9:14:00","wins":10,"draws":0,"losses":7,"winrate":0.5882352941176471,"cagr":0.05787946689827339,"expectancy":0.8217997947058828,"expectancy_ratio":0.06422477286610984,"sortino":72.31798875997617,"sharpe":0.23569499777828193,"calmar":9.844609532962043,"sqn":0.2613,"profit_factor":1.1559744483891237,"max_drawdown_account":0.03012453675646799,"max_drawdown_abs":31.494140910000002},{"key":"BTC/USDT:USDT","trades":7,"profit_mean":0.0006679552019912212,"profit_mean_pct":0.07,"profit_total_abs":1.6853393500000013,"profit_total":0.0016853393500000013,"profit_total_pct":0.17,"duration_avg":"14:34:00","wins":4,"draws":0,"losses":3,"winrate":0.5714285714285714,"cagr":0.0068526065851410856,"expectancy":0.24076276428571397,"expectancy_ratio":0.019832436018361266,"sortino":0.4171562921287367,"sharpe":0.0327520645349116,"calmar":1.4152721623418525,"sqn":0.054,"profit_factor":1.046275684042843,"max_drawdown_account":0.02527850113960708,"max_drawdown_abs":25.49018039},{"key":"SOL/USDT:USDT","trades":11,"profit_mean":-0.020346909108770846,"profit_mean_pct":-2.03,"profit_total_abs":-89.47892516,"profit_total":-0.08947892516,"profit_total_pct":-8.95,"duration_avg":"3:27:00","wins":3,"draws":0,"losses":8,"winrate":0.2727272727272727,"cagr":-0.31624841981215057,"expectancy":-8.134447741818182,"expectancy_ratio":-0.6347443435162994,"sortino":-501.7391609770207,"sharpe":-2.484169513177995,"calmar":-21.22774797171422,"sqn":-3.3642,"profit_factor":0.12722652766508838,"max_drawdown_account":0.08947892516000001,"max_drawdown_abs":89.47892515999999},{"key":"TOTAL","trades":48,"profit_mean":0.0033385635232102535,"profit_mean_pct":0.33,"profit_total_abs":63.83540243000002,"profit_total":0.06383540243000002,"profit_total_pct":6.38,"duration_avg":"6:52:00","wins":28,"draws":0,"losses":20,"winrate":0.5833333333333334,"cagr":0.28525937164785775,"expectancy":1.3299042172916664,"expectancy_ratio":0.10468055328358017,"sortino":33.07554776670857,"sharpe":1.046010794813313,"calmar":26.608352578928194,"sqn":0.7038,"profit_factor":1.2512333278805923,"max_drawdown_account":0.05092693470734136,"max_drawdown_abs":52.834756}],"results_per_enter_tag":[{"key":"","trades":48,"profit_mean":0.0033385635232102535,"profit_mean_pct":0.33,"profit_total_abs":63.83540243000002,"profit_total":0.06383540243000002,"profit_total_pct":6.38,"duration_avg":"6:52:00","wins":28,"draws":0,"losses":20,"winrate":0.5833333333333334,"cagr":0.28525937164785775,"expectancy":1.3299042172916664,"expectancy_ratio":0.10468055328358017,"sortino":33.07554776670857,"sharpe":1.046010794813313,"calmar":26.608352578928194,"sqn":0.7038,"profit_factor":1.2512333278805923,"max_drawdown_account":0.05092693470734136,"max_drawdown_abs":52.834756},{"key":"TOTAL","trades":48,"profit_mean":0.0033385635232102535,"profit_mean_pct":0.33,"profit_total_abs":63.83540243000002,"profit_total":0.06383540243000002,"profit_total_pct":6.38,"duration_avg":"6:52:00","wins":28,"draws":0,"losses":20,"winrate":0.5833333333333334,"cagr":0.28525937164785775,"expectancy":1.3299042172916664,"expectancy_ratio":0.10468055328358017,"sortino":33.07554776670857,"sharpe":1.046010794813313,"calmar":26.608352578928194,"sqn":0.7038,"profit_factor":1.2512333278805923,"max_drawdown_account":0.05092693470734136,"max_drawdown_abs":52.834756}],"exit_reason_summary":[{"key":"trailing_stop_loss","trades":23,"profit_mean":0.02157259216971803,"profit_mean_pct":2.16,"profit_total_abs":198.02869145999998,"profit_total":0.19802869146,"profit_total_pct":19.8,"duration_avg":"6:17:00","wins":23,"draws":0,"losses":0,"winrate":1.0,"cagr":1.080789588504274,"expectancy":8.609943106956521,"expectancy_ratio":100.0,"sortino":-100,"sharpe":11.111874220217842,"calmar":-100,"sqn":10.675,"profit_factor":0.0,"max_drawdown_account":0.0,"max_drawdown_abs":0.0},{"key":"roi","trades":5,"profit_mean":0.0599909477448705,"profit_mean_pct":6.0,"profit_total_abs":119.89482487000001,"profit_total":0.11989482487000001,"profit_total_pct":11.99,"duration_avg":"12:24:00","wins":5,"draws":0,"losses":0,"winrate":1.0,"cagr":0.582854589187165,"expectancy":23.978964974,"expectancy_ratio":100.0,"sortino":-100,"sharpe":2958.442653231961,"calmar":-100,"sqn":5574.6708,"profit_factor":0.0,"max_drawdown_account":0.0,"max_drawdown_abs":0.0},{"key":"exit_signal","trades":1,"profit_mean":-0.027315142793035346,"profit_mean_pct":-2.73,"profit_total_abs":-10.92936445,"profit_total":-0.01092936445,"profit_total_pct":-1.09,"duration_avg":"1 day, 1:30:00","wins":0,"draws":0,"losses":1,"winrate":0.0,"cagr":-0.04359005423266826,"expectancy":-10.92936445,"expectancy_ratio":-1.0,"sortino":-100,"sharpe":-100,"calmar":-21.227747971714262,"sqn":-100.0,"profit_factor":0.0,"max_drawdown_account":0.01092936444999998,"max_drawdown_abs":10.92936445},{"key":"stop_loss","trades":19,"profit_mean":-0.03202937719582839,"profit_mean_pct":-3.2,"profit_total_abs":-243.15874945,"profit_total":-0.24315874945,"profit_total_pct":-24.32,"duration_avg":"5:08:00","wins":0,"draws":0,"losses":19,"winrate":0.0,"cagr":-0.6769295603425898,"expectancy":-12.797828918421052,"expectancy_ratio":-1.0,"sortino":-1119.8772805716799,"sharpe":-1119.8772805716799,"calmar":-21.227747971714226,"sqn":-1178.0105,"profit_factor":0.0,"max_drawdown_account":0.24315874944999996,"max_drawdown_abs":243.15874945},{"key":"TOTAL","trades":48,"profit_mean":0.0033385635232102535,"profit_mean_pct":0.33,"profit_total_abs":63.83540243000002,"profit_total":0.06383540243000002,"profit_total_pct":6.38,"duration_avg":"6:52:00","wins":28,"draws":0,"losses":20,"winrate":0.5833333333333334,"cagr":0.28525937164785775,"expectancy":1.3299042172916664,"expectancy_ratio":0.10468055328358017,"sortino":33.07554776670857,"sharpe":1.046010794813313,"calmar":26.608352578928194,"sqn":0.7038,"profit_factor":1.2512333278805923,"max_drawdown_account":0.05092693470734136,"max_drawdown_abs":52.834756}],"mix_tag_stats":[{"key":["","trailing_stop_loss"],"trades":23,"profit_mean":0.02157259216971803,"profit_mean_pct":2.16,"profit_total_abs":198.02869145999998,"profit_total":0.19802869146,"profit_total_pct":19.8,"duration_avg":"6:17:00","wins":23,"draws":0,"losses":0,"winrate":1.0,"cagr":1.080789588504274,"expectancy":8.609943106956521,"expectancy_ratio":100.0,"sortino":-100,"sharpe":11.111874220217842,"calmar":-100,"sqn":10.675,"profit_factor":0.0,"max_drawdown_account":0.0,"max_drawdown_abs":0.0},{"key":["","roi"],"trades":5,"profit_mean":0.0599909477448705,"profit_mean_pct":6.0,"profit_total_abs":119.89482487000001,"profit_total":0.11989482487000001,"profit_total_pct":11.99,"duration_avg":"12:24:00","wins":5,"draws":0,"losses":0,"winrate":1.0,"cagr":0.582854589187165,"expectancy":23.978964974,"expectancy_ratio":100.0,"sortino":-100,"sharpe":2958.442653231961,"calmar":-100,"sqn":5574.6708,"profit_factor":0.0,"max_drawdown_account":0.0,"max_drawdown_abs":0.0},{"key":["","exit_signal"],"trades":1,"profit_mean":-0.027315142793035346,"profit_mean_pct":-2.73,"profit_total_abs":-10.92936445,"profit_total":-0.01092936445,"profit_total_pct":-1.09,"duration_avg":"1 day, 1:30:00","wins":0,"draws":0,"losses":1,"winrate":0.0,"cagr":-0.04359005423266826,"expectancy":-10.92936445,"expectancy_ratio":-1.0,"sortino":-100,"sharpe":-100,"calmar":-21.227747971714262,"sqn":-100.0,"profit_factor":0.0,"max_drawdown_account":0.01092936444999998,"max_drawdown_abs":10.92936445},{"key":["","stop_loss"],"trades":19,"profit_mean":-0.03202937719582839,"profit_mean_pct":-3.2,"profit_total_abs":-243.15874945,"profit_total":-0.24315874945,"profit_total_pct":-24.32,"duration_avg":"5:08:00","wins":0,"draws":0,"losses":19,"winrate":0.0,"cagr":-0.6769295603425898,"expectancy":-12.797828918421052,"expectancy_ratio":-1.0,"sortino":-1119.8772805716799,"sharpe":-1119.8772805716799,"calmar":-21.227747971714226,"sqn":-1178.0105,"profit_factor":0.0,"max_drawdown_account":0.24315874944999996,"max_drawdown_abs":243.15874945},{"key":"TOTAL","trades":48,"profit_mean":0.0033385635232102535,"profit_mean_pct":0.33,"profit_total_abs":63.83540243000002,"profit_total":0.06383540243000002,"profit_total_pct":6.38,"duration_avg":"6:52:00","wins":28,"draws":0,"losses":20,"winrate":0.5833333333333334,"cagr":0.28525937164785775,"expectancy":1.3299042172916664,"expectancy_ratio":0.10468055328358017,"sortino":33.07554776670857,"sharpe":1.046010794813313,"calmar":26.608352578928194,"sqn":0.7038,"profit_factor":1.2512333278805923,"max_drawdown_account":0.05092693470734136,"max_drawdown_abs":52.834756}],"left_open_trades":[{"key":"TOTAL","trades":0,"profit_mean":0.0,"profit_mean_pct":0.0,"profit_total_abs":0.0,"profit_total":0.0,"profit_total_pct":0.0,"duration_avg":"0:00","wins":0,"draws":0,"losses":0,"winrate":0.0,"cagr":0.0,"expectancy":0.0,"expectancy_ratio":100.0,"sortino":0,"sharpe":0,"calmar":0,"sqn":0.0,"profit_factor":0.0,"max_drawdown_account":0.0,"max_drawdown_abs":0.0}],"total_trades":48,"trade_count_long":48,"trade_count_short":0,"total_volume":76790.31160783092,"avg_stake_amount":399.2119115625,"profit_mean":0.0033385635232102535,"profit_median":0.011495480906963711,"profit_total":0.06383540243000002,"profit_total_long":0.06383540243000002,"profit_total_short":0.0,"profit_total_abs":63.83540243000002,"profit_total_long_abs":63.83540243000002,"profit_total_short_abs":0.0,"cagr":0.28525937164785775,"expectancy":1.3299042172916664,"expectancy_ratio":0.10468055328358017,"sortino":33.07554776670857,"sharpe":1.046010794813313,"calmar":26.608352578928194,"sqn":0.7038,"profit_factor":1.2512333278805923,"backtest_start":"2025-11-24 00:00:00","backtest_start_ts":1763942400000,"backtest_end":"2026-02-22 00:00:00","backtest_end_ts":1771718400000,"backtest_days":90,"backtest_run_start_ts":1771744926,"backtest_run_end_ts":1771744928,"trades_per_day":0.53,"market_change":-0.29549559812362014,"pairlist":["BTC/USDT:USDT","ETH/USDT:USDT","SOL/USDT:USDT","DOGE/USDT:USDT"],"stake_amount":400,"stake_currency":"USDT","stake_currency_decimals":3,"starting_balance":1000,"dry_run_wallet":1000,"final_balance":1063.83540243,"rejected_signals":17,"timedout_entry_orders":0,"timedout_exit_orders":2,"canceled_trade_entries":0,"canceled_entry_orders":0,"replaced_entry_orders":0,"max_open_trades":2,"max_open_trades_setting":2,"timeframe":"30m","timeframe_detail":"","timerange":"20251124-20260222","enable_protections":false,"strategy_name":"SupertrendFuturesStrategyV8_1","freqaimodel":null,"freqai_identifier":null,"stoploss":-0.03,"trailing_stop":true,"trailing_stop_positive":0.02,"trailing_stop_positive_offset":0.03,"trailing_only_offset_is_reached":true,"use_custom_stoploss":false,"minimal_roi":{"0":0.06},"use_exit_signal":true,"exit_profit_only":false,"exit_profit_offset":0.0,"ignore_roi_if_entry_signal":false,"trading_mode":"futures","margin_mode":"isolated","periodic_breakdown":{"day":[{"date":"28/11/2025","date_ts":1764288000000,"profit_abs":8.37388456,"wins":1,"draws":0,"losses":0,"trades":1,"profit_factor":0.0},{"date":"29/11/2025","date_ts":1764374400000,"profit_abs":0.0,"wins":0,"draws":0,"losses":0,"trades":0,"profit_factor":0.0},{"date":"30/11/2025","date_ts":1764460800000,"profit_abs":0.0,"wins":0,"draws":0,"losses":0,"trades":0,"profit_factor":0.0},{"date":"01/12/2025","date_ts":1764547200000,"profit_abs":0.0,"wins":0,"draws":0,"losses":0,"trades":0,"profit_factor":0.0},{"date":"02/12/2025","date_ts":1764633600000,"profit_abs":0.0,"wins":0,"draws":0,"losses":0,"trades":0,"profit_factor":0.0},{"date":"03/12/2025","date_ts":1764720000000,"profit_abs":29.08804602,"wins":2,"draws":0,"losses":0,"trades":2,"profit_factor":0.0},{"date":"04/12/2025","date_ts":1764806400000,"profit_abs":-12.78142319,"wins":0,"draws":0,"losses":1,"trades":1,"profit_factor":0.0},{"date":"05/12/2025","date_ts":1764892800000,"profit_abs":-12.76205023,"wins":0,"draws":0,"losses":1,"trades":1,"profit_factor":0.0},{"date":"06/12/2025","date_ts":1764979200000,"profit_abs":0.0,"wins":0,"draws":0,"losses":0,"trades":0,"profit_factor":0.0},{"date":"07/12/2025","date_ts":1765065600000,"profit_abs":0.0,"wins":0,"draws":0,"losses":0,"trades":0,"profit_factor":0.0},{"date":"08/12/2025","date_ts":1765152000000,"profit_abs":-12.7903649,"wins":0,"draws":0,"losses":1,"trades":1,"profit_factor":0.0},{"date":"09/12/2025","date_ts":1765238400000,"profit_abs":0.0,"wins":0,"draws":0,"losses":0,"trades":0,"profit_factor":0.0},{"date":"10/12/2025","date_ts":1765324800000,"profit_abs":0.0,"wins":0,"draws":0,"losses":0,"trades":0,"profit_factor":0.0},{"date":"11/12/2025","date_ts":1765411200000,"profit_abs":0.0,"wins":0,"draws":0,"losses":0,"trades":0,"profit_factor":0.0},{"date":"12/12/2025","date_ts":1765497600000,"profit_abs":-12.87051048,"wins":0,"draws":0,"losses":1,"trades":1,"profit_factor":0.0},{"date":"13/12/2025","date_ts":1765584000000,"profit_abs":0.0,"wins":0,"draws":0,"losses":0,"trades":0,"profit_factor":0.0},{"date":"14/12/2025","date_ts":1765670400000,"profit_abs":0.0,"wins":0,"draws":0,"losses":0,"trades":0,"profit_factor":0.0},{"date":"15/12/2025","date_ts":1765756800000,"profit_abs":0.0,"wins":0,"draws":0,"losses":0,"trades":0,"profit_factor":0.0},{"date":"16/12/2025","date_ts":1765843200000,"profit_abs":0.0,"wins":0,"draws":0,"losses":0,"trades":0,"profit_factor":0.0},{"date":"17/12/2025","date_ts":1765929600000,"profit_abs":0.0,"wins":0,"draws":0,"losses":0,"trades":0,"profit_factor":0.0},{"date":"18/12/2025","date_ts":1766016000000,"profit_abs":0.0,"wins":0,"draws":0,"losses":0,"trades":0,"profit_factor":0.0},{"date":"19/12/2025","date_ts":1766102400000,"profit_abs":0.0,"wins":0,"draws":0,"losses":0,"trades":0,"profit_factor":0.0},{"date":"20/12/2025","date_ts":1766188800000,"profit_abs":0.0,"wins":0,"draws":0,"losses":0,"trades":0,"profit_factor":0.0},{"date":"21/12/2025","date_ts":1766275200000,"profit_abs":0.0,"wins":0,"draws":0,"losses":0,"trades":0,"profit_factor":0.0},{"date":"22/12/2025","date_ts":1766361600000,"profit_abs":11.18027643,"wins":1,"draws":0,"losses":1,"trades":2,"profit_factor":1.87344064},{"date":"23/12/2025","date_ts":1766448000000,"profit_abs":0.0,"wins":0,"draws":0,"losses":0,"trades":0,"profit_factor":0.0},{"date":"24/12/2025","date_ts":1766534400000,"profit_abs":0.0,"wins":0,"draws":0,"losses":0,"trades":0,"profit_factor":0.0},{"date":"25/12/2025","date_ts":1766620800000,"profit_abs":0.0,"wins":0,"draws":0,"losses":0,"trades":0,"profit_factor":0.0},{"date":"26/12/2025","date_ts":1766707200000,"profit_abs":0.0,"wins":0,"draws":0,"losses":0,"trades":0,"profit_factor":0.0},{"date":"27/12/2025","date_ts":1766793600000,"profit_abs":0.0,"wins":0,"draws":0,"losses":0,"trades":0,"profit_factor":0.0},{"date":"28/12/2025","date_ts":1766880000000,"profit_abs":0.0,"wins":0,"draws":0,"losses":0,"trades":0,"profit_factor":0.0},{"date":"29/12/2025","date_ts":1766966400000,"profit_abs":-12.81068363,"wins":0,"draws":0,"losses":1,"trades":1,"profit_factor":0.0},{"date":"30/12/2025","date_ts":1767052800000,"profit_abs":0.0,"wins":0,"draws":0,"losses":0,"trades":0,"profit_factor":0.0},{"date":"31/12/2025","date_ts":1767139200000,"profit_abs":0.0,"wins":0,"draws":0,"losses":0,"trades":0,"profit_factor":0.0},{"date":"01/01/2026","date_ts":1767225600000,"profit_abs":0.0,"wins":0,"draws":0,"losses":0,"trades":0,"profit_factor":0.0},{"date":"02/01/2026","date_ts":1767312000000,"profit_abs":77.35971861,"wins":8,"draws":0,"losses":0,"trades":8,"profit_factor":0.0},{"date":"03/01/2026","date_ts":1767398400000,"profit_abs":-25.54440425,"wins":0,"draws":0,"losses":2,"trades":2,"profit_factor":0.0},{"date":"04/01/2026","date_ts":1767484800000,"profit_abs":2.38990124,"wins":1,"draws":0,"losses":1,"trades":2,"profit_factor":1.18706157},{"date":"05/01/2026","date_ts":1767571200000,"profit_abs":26.19924525,"wins":3,"draws":0,"losses":0,"trades":3,"profit_factor":0.0},{"date":"06/01/2026","date_ts":1767657600000,"profit_abs":-30.221869,"wins":1,"draws":0,"losses":3,"trades":4,"profit_factor":0.20999356},{"date":"07/01/2026","date_ts":1767744000000,"profit_abs":0.0,"wins":0,"draws":0,"losses":0,"trades":0,"profit_factor":0.0},{"date":"08/01/2026","date_ts":1767830400000,"profit_abs":0.0,"wins":0,"draws":0,"losses":0,"trades":0,"profit_factor":0.0},{"date":"09/01/2026","date_ts":1767916800000,"profit_abs":0.0,"wins":0,"draws":0,"losses":0,"trades":0,"profit_factor":0.0},{"date":"10/01/2026","date_ts":1768003200000,"profit_abs":0.0,"wins":0,"draws":0,"losses":0,"trades":0,"profit_factor":0.0},{"date":"11/01/2026","date_ts":1768089600000,"profit_abs":-12.77842331,"wins":0,"draws":0,"losses":1,"trades":1,"profit_factor":0.0},{"date":"12/01/2026","date_ts":1768176000000,"profit_abs":-8.60959351,"wins":1,"draws":0,"losses":1,"trades":2,"profit_factor":0.33021318},{"date":"13/01/2026","date_ts":1768262400000,"profit_abs":36.87167303,"wins":2,"draws":0,"losses":0,"trades":2,"profit_factor":0.0},{"date":"14/01/2026","date_ts":1768348800000,"profit_abs":9.05484194,"wins":3,"draws":0,"losses":1,"trades":4,"profit_factor":1.70452288},{"date":"15/01/2026","date_ts":1768435200000,"profit_abs":-12.80092247,"wins":0,"draws":0,"losses":1,"trades":1,"profit_factor":0.0},{"date":"16/01/2026","date_ts":1768521600000,"profit_abs":0.0,"wins":0,"draws":0,"losses":0,"trades":0,"profit_factor":0.0},{"date":"17/01/2026","date_ts":1768608000000,"profit_abs":0.0,"wins":0,"draws":0,"losses":0,"trades":0,"profit_factor":0.0},{"date":"18/01/2026","date_ts":1768694400000,"profit_abs":0.0,"wins":0,"draws":0,"losses":0,"trades":0,"profit_factor":0.0},{"date":"19/01/2026","date_ts":1768780800000,"profit_abs":0.0,"wins":0,"draws":0,"losses":0,"trades":0,"profit_factor":0.0},{"date":"20/01/2026","date_ts":1768867200000,"profit_abs":0.0,"wins":0,"draws":0,"losses":0,"trades":0,"profit_factor":0.0},{"date":"21/01/2026","date_ts":1768953600000,"profit_abs":0.0,"wins":0,"draws":0,"losses":0,"trades":0,"profit_factor":0.0},{"date":"22/01/2026","date_ts":1769040000000,"profit_abs":0.0,"wins":0,"draws":0,"losses":0,"trades":0,"profit_factor":0.0},{"date":"23/01/2026","date_ts":1769126400000,"profit_abs":0.0,"wins":0,"draws":0,"losses":0,"trades":0,"profit_factor":0.0},{"date":"24/01/2026","date_ts":1769212800000,"profit_abs":0.0,"wins":0,"draws":0,"losses":0,"trades":0,"profit_factor":0.0},{"date":"25/01/2026","date_ts":1769299200000,"profit_abs":0.0,"wins":0,"draws":0,"losses":0,"trades":0,"profit_factor":0.0},{"date":"26/01/2026","date_ts":1769385600000,"profit_abs":0.0,"wins":0,"draws":0,"losses":0,"trades":0,"profit_factor":0.0},{"date":"27/01/2026","date_ts":1769472000000,"profit_abs":0.0,"wins":0,"draws":0,"losses":0,"trades":0,"profit_factor":0.0},{"date":"28/01/2026","date_ts":1769558400000,"profit_abs":0.0,"wins":0,"draws":0,"losses":0,"trades":0,"profit_factor":0.0},{"date":"29/01/2026","date_ts":1769644800000,"profit_abs":0.0,"wins":0,"draws":0,"losses":0,"trades":0,"profit_factor":0.0},{"date":"30/01/2026","date_ts":1769731200000,"profit_abs":0.0,"wins":0,"draws":0,"losses":0,"trades":0,"profit_factor":0.0},{"date":"31/01/2026","date_ts":1769817600000,"profit_abs":0.0,"wins":0,"draws":0,"losses":0,"trades":0,"profit_factor":0.0},{"date":"01/02/2026","date_ts":1769904000000,"profit_abs":0.0,"wins":0,"draws":0,"losses":0,"trades":0,"profit_factor":0.0},{"date":"02/02/2026","date_ts":1769990400000,"profit_abs":0.0,"wins":0,"draws":0,"losses":0,"trades":0,"profit_factor":0.0},{"date":"03/02/2026","date_ts":1770076800000,"profit_abs":0.0,"wins":0,"draws":0,"losses":0,"trades":0,"profit_factor":0.0},{"date":"04/02/2026","date_ts":1770163200000,"profit_abs":0.0,"wins":0,"draws":0,"losses":0,"trades":0,"profit_factor":0.0},{"date":"05/02/2026","date_ts":1770249600000,"profit_abs":0.0,"wins":0,"draws":0,"losses":0,"trades":0,"profit_factor":0.0},{"date":"06/02/2026","date_ts":1770336000000,"profit_abs":0.0,"wins":0,"draws":0,"losses":0,"trades":0,"profit_factor":0.0},{"date":"07/02/2026","date_ts":1770422400000,"profit_abs":0.0,"wins":0,"draws":0,"losses":0,"trades":0,"profit_factor":0.0},{"date":"08/02/2026","date_ts":1770508800000,"profit_abs":0.0,"wins":0,"draws":0,"losses":0,"trades":0,"profit_factor":0.0},{"date":"09/02/2026","date_ts":1770595200000,"profit_abs":0.0,"wins":0,"draws":0,"losses":0,"trades":0,"profit_factor":0.0},{"date":"10/02/2026","date_ts":1770681600000,"profit_abs":0.0,"wins":0,"draws":0,"losses":0,"trades":0,"profit_factor":0.0},{"date":"11/02/2026","date_ts":1770768000000,"profit_abs":0.0,"wins":0,"draws":0,"losses":0,"trades":0,"profit_factor":0.0},{"date":"12/02/2026","date_ts":1770854400000,"profit_abs":0.0,"wins":0,"draws":0,"losses":0,"trades":0,"profit_factor":0.0},{"date":"13/02/2026","date_ts":1770940800000,"profit_abs":0.0,"wins":0,"draws":0,"losses":0,"trades":0,"profit_factor":0.0},{"date":"14/02/2026","date_ts":1771027200000,"profit_abs":39.19846268,"wins":4,"draws":0,"losses":1,"trades":5,"profit_factor":4.07015824},{"date":"15/02/2026","date_ts":1771113600000,"profit_abs":-21.91040236,"wins":1,"draws":0,"losses":3,"trades":4,"profit_factor":0.40206713}],"week":[{"date":"01/12/2025","date_ts":1764547200000,"profit_abs":8.37388456,"wins":1,"draws":0,"losses":0,"trades":1,"profit_factor":0.0},{"date":"08/12/2025","date_ts":1765152000000,"profit_abs":-9.2457923,"wins":2,"draws":0,"losses":3,"trades":5,"profit_factor":0.7588086},{"date":"15/12/2025","date_ts":1765756800000,"profit_abs":-12.87051048,"wins":0,"draws":0,"losses":1,"trades":1,"profit_factor":0.0},{"date":"22/12/2025","date_ts":1766361600000,"profit_abs":11.18027643,"wins":1,"draws":0,"losses":1,"trades":2,"profit_factor":1.87344064},{"date":"29/12/2025","date_ts":1766966400000,"profit_abs":-12.81068363,"wins":0,"draws":0,"losses":1,"trades":1,"profit_factor":0.0},{"date":"05/01/2026","date_ts":1767571200000,"profit_abs":80.40446085,"wins":12,"draws":0,"losses":3,"trades":15,"profit_factor":3.09821459},{"date":"12/01/2026","date_ts":1768176000000,"profit_abs":-51.60988582,"wins":2,"draws":0,"losses":5,"trades":7,"profit_factor":0.19218023},{"date":"19/01/2026","date_ts":1768780800000,"profit_abs":33.1255925,"wins":5,"draws":0,"losses":2,"trades":7,"profit_factor":2.29127655},{"date":"26/01/2026","date_ts":1769385600000,"profit_abs":0.0,"wins":0,"draws":0,"losses":0,"trades":0,"profit_factor":0.0},{"date":"02/02/2026","date_ts":1769990400000,"profit_abs":0.0,"wins":0,"draws":0,"losses":0,"trades":0,"profit_factor":0.0},{"date":"09/02/2026","date_ts":1770595200000,"profit_abs":0.0,"wins":0,"draws":0,"losses":0,"trades":0,"profit_factor":0.0},{"date":"16/02/2026","date_ts":1771200000000,"profit_abs":17.28806032,"wins":5,"draws":0,"losses":4,"trades":9,"profit_factor":1.34988174}],"month":[{"date":"30/11/2025","date_ts":1764460800000,"profit_abs":8.37388456,"wins":1,"draws":0,"losses":0,"trades":1,"profit_factor":0.0},{"date":"31/12/2025","date_ts":1767139200000,"profit_abs":-23.74670998,"wins":3,"draws":0,"losses":6,"trades":9,"profit_factor":0.69085965},{"date":"31/01/2026","date_ts":1769817600000,"profit_abs":61.92016753,"wins":19,"draws":0,"losses":10,"trades":29,"profit_factor":1.48427471},{"date":"28/02/2026","date_ts":1772236800000,"profit_abs":17.28806032,"wins":5,"draws":0,"losses":4,"trades":9,"profit_factor":1.34988174}],"year":[{"date":"31/12/2025","date_ts":1767139200000,"profit_abs":-15.37282542,"wins":4,"draws":0,"losses":6,"trades":10,"profit_factor":0.79987288},{"date":"31/12/2026","date_ts":1798675200000,"profit_abs":79.20822785,"wins":24,"draws":0,"losses":14,"trades":38,"profit_factor":1.44681543}],"weekday":[{"date":"Monday","date_ts":0,"profit_abs":3.16887964,"wins":5,"draws":0,"losses":4,"trades":9,"profit_factor":1.0618251},{"date":"Tuesday","date_ts":1,"profit_abs":6.64980403,"wins":3,"draws":0,"losses":3,"trades":6,"profit_factor":1.17382737},{"date":"Wednesday","date_ts":2,"profit_abs":38.14288796,"wins":5,"draws":0,"losses":1,"trades":6,"profit_factor":3.96775334},{"date":"Thursday","date_ts":3,"profit_abs":-25.58234566,"wins":0,"draws":0,"losses":2,"trades":2,"profit_factor":0.0},{"date":"Friday","date_ts":4,"profit_abs":60.10104246,"wins":9,"draws":0,"losses":2,"trades":11,"profit_factor":3.34471472},{"date":"Saturday","date_ts":5,"profit_abs":13.65405843,"wins":4,"draws":0,"losses":3,"trades":7,"profit_factor":1.3563914},{"date":"Sunday","date_ts":6,"profit_abs":-32.29892443,"wins":2,"draws":0,"losses":5,"trades":7,"profit_factor":0.48070816}]},"backtest_best_day":0.19350881947979479,"backtest_worst_day":-0.07564822590534598,"backtest_best_day_abs":77.35971861,"backtest_worst_day_abs":-30.221869,"winning_days":9,"draw_days":60,"losing_days":11,"daily_profit":[["2025-11-28",8.37388456],["2025-11-29",0.0],["2025-11-30",0.0],["2025-12-01",0.0],["2025-12-02",0.0],["2025-12-03",29.08804602],["2025-12-04",-12.78142319],["2025-12-05",-12.76205023],["2025-12-06",0.0],["2025-12-07",0.0],["2025-12-08",-12.7903649],["2025-12-09",0.0],["2025-12-10",0.0],["2025-12-11",0.0],["2025-12-12",-12.87051048],["2025-12-13",0.0],["2025-12-14",0.0],["2025-12-15",0.0],["2025-12-16",0.0],["2025-12-17",0.0],["2025-12-18",0.0],["2025-12-19",0.0],["2025-12-20",0.0],["2025-12-21",0.0],["2025-12-22",11.18027643],["2025-12-23",0.0],["2025-12-24",0.0],["2025-12-25",0.0],["2025-12-26",0.0],["2025-12-27",0.0],["2025-12-28",0.0],["2025-12-29",-12.81068363],["2025-12-30",0.0],["2025-12-31",0.0],["2026-01-01",0.0],["2026-01-02",77.35971861],["2026-01-03",-25.54440425],["2026-01-04",2.38990124],["2026-01-05",26.19924525],["2026-01-06",-30.221869],["2026-01-07",0.0],["2026-01-08",0.0],["2026-01-09",0.0],["2026-01-10",0.0],["2026-01-11",-12.77842331],["2026-01-12",-8.60959351],["2026-01-13",36.87167303],["2026-01-14",9.05484194],["2026-01-15",-12.80092247],["2026-01-16",0.0],["2026-01-17",0.0],["2026-01-18",0.0],["2026-01-19",0.0],["2026-01-20",0.0],["2026-01-21",0.0],["2026-01-22",0.0],["2026-01-23",0.0],["2026-01-24",0.0],["2026-01-25",0.0],["2026-01-26",0.0],["2026-01-27",0.0],["2026-01-28",0.0],["2026-01-29",0.0],["2026-01-30",0.0],["2026-01-31",0.0],["2026-02-01",0.0],["2026-02-02",0.0],["2026-02-03",0.0],["2026-02-04",0.0],["2026-02-05",0.0],["2026-02-06",0.0],["2026-02-07",0.0],["2026-02-08",0.0],["2026-02-09",0.0],["2026-02-10",0.0],["2026-02-11",0.0],["2026-02-12",0.0],["2026-02-13",0.0],["2026-02-14",39.19846268],["2026-02-15",-21.91040236]],"wins":28,"losses":20,"draws":0,"winrate":0.5833333333333334,"holding_avg":"6:52:00","holding_avg_s":24720.0,"winner_holding_min":"0d 00:00","winner_holding_min_s":0.0,"winner_holding_max":"2d 05:30","winner_holding_max_s":192600.0,"winner_holding_avg":"0d 07:22","winner_holding_avg_s":26520.0,"loser_holding_min":"0d 00:30","loser_holding_min_s":1800.0,"loser_holding_max":"1d 01:30","loser_holding_max_s":91800.0,"loser_holding_avg":"0d 06:09","loser_holding_avg_s":22140.0,"max_consecutive_wins":8,"max_consecutive_losses":4,"max_drawdown_account":0.05092693470734136,"max_relative_drawdown":0.05092693470734136,"max_drawdown_abs":52.834756,"drawdown_start":"2025-12-03 14:00:00","drawdown_start_ts":1764770400000.0,"drawdown_end":"2025-12-29 09:30:00","drawdown_end_ts":1767000600000.0,"drawdown_duration":"25 days 19:30:00","drawdown_duration_s":2230200.0,"max_drawdown_low":-15.372825420000003,"max_drawdown_high":37.46193057999999,"csum_min":984.62717458,"csum_max":1087.58896028}},"strategy_comparison":[{"key":"SupertrendFuturesStrategyV8_1","trades":48,"profit_mean":0.0033385635232102535,"profit_mean_pct":0.33,"profit_total_abs":63.83540243000002,"profit_total":0.06383540243000002,"profit_total_pct":6.38,"duration_avg":"6:52:00","wins":28,"draws":0,"losses":20,"winrate":0.5833333333333334,"cagr":0.28525937164785775,"expectancy":1.3299042172916664,"expectancy_ratio":0.10468055328358017,"sortino":33.07554776670857,"sharpe":1.046010794813313,"calmar":26.608352578928194,"sqn":0.7038,"profit_factor":1.2512333278805923,"max_drawdown_account":0.05092693470734136,"max_drawdown_abs":"52.835"}]}