{"strategy":{"SupertrendFuturesStrategyV8_1":{"trades":[{"pair":"ETH/USDT:USDT","stake_amount":99.1455,"max_stake_amount":99.1455,"amount":0.06,"open_date":"2026-01-06 14:30:00+00:00","close_date":"2026-01-06 16:00:00+00:00","open_rate":3304.85,"close_rate":3255.2772499999996,"fee_open":0.0005,"fee_close":0.0005,"trade_duration":90,"profit_ratio":-0.03196244250952475,"profit_abs":-3.17051681,"exit_reason":"stop_loss","initial_stop_loss_abs":3255.2772499999996,"initial_stop_loss_ratio":-0.03,"stop_loss_abs":3255.2772499999996,"stop_loss_ratio":-0.03,"min_rate":3245.8,"max_rate":3305.0,"is_open":false,"enter_tag":"","leverage":2,"is_short":false,"open_timestamp":1767709800000,"close_timestamp":1767715200000,"orders":[{"amount":0.06,"safe_price":3304.85,"ft_order_side":"buy","order_filled_timestamp":1767709800000,"ft_is_entry":true,"ft_order_tag":"","cost":198.3901455},{"amount":0.06,"safe_price":3255.2772499999996,"ft_order_side":"sell","order_filled_timestamp":1767715200000,"ft_is_entry":false,"ft_order_tag":"stop_loss","cost":195.41429331749995}],"funding_fees":0.0006520030232921894,"weekday":1},{"pair":"ETH/USDT:USDT","stake_amount":99.14025,"max_stake_amount":99.14025,"amount":0.061,"open_date":"2026-01-06 17:00:00+00:00","close_date":"2026-01-06 17:30:00+00:00","open_rate":3250.5,"close_rate":3201.7425,"fee_open":0.0005,"fee_close":0.0005,"trade_duration":30,"profit_ratio":-0.03196901553006017,"profit_abs":-3.1710009,"exit_reason":"stop_loss","initial_stop_loss_abs":3201.7425,"initial_stop_loss_ratio":-0.03,"stop_loss_abs":3201.7425,"stop_loss_ratio":-0.03,"min_rate":3188.13,"max_rate":3259.0,"is_open":false,"enter_tag":"","leverage":2,"is_short":false,"open_timestamp":1767718800000,"close_timestamp":1767720600000,"orders":[{"amount":0.061,"safe_price":3250.5,"ft_order_side":"buy","order_filled_timestamp":1767718800000,"ft_is_entry":true,"ft_order_tag":"","cost":198.37964024999997},{"amount":0.061,"safe_price":3201.7425,"ft_order_side":"sell","order_filled_timestamp":1767720600000,"ft_is_entry":false,"ft_order_tag":"stop_loss","cost":195.40394564624998}],"funding_fees":0.0,"weekday":1},{"pair":"ETH/USDT:USDT","stake_amount":98.540505,"max_stake_amount":98.540505,"amount":0.063,"open_date":"2026-01-11 17:00:00+00:00","close_date":"2026-01-12 14:00:00+00:00","open_rate":3128.27,"close_rate":3081.34595,"fee_open":0.0005,"fee_close":0.0005,"trade_duration":1260,"profit_ratio":-0.03222248982578387,"profit_abs":-3.17680803,"exit_reason":"stop_loss","initial_stop_loss_abs":3081.34595,"initial_stop_loss_ratio":-0.03,"stop_loss_abs":3081.34595,"stop_loss_ratio":-0.03,"min_rate":3063.06,"max_rate":3170.85,"is_open":false,"enter_tag":"","leverage":2,"is_short":false,"open_timestamp":1768150800000,"close_timestamp":1768226400000,"orders":[{"amount":0.063,"safe_price":3128.27,"ft_order_side":"buy","order_filled_timestamp":1768150800000,"ft_is_entry":true,"ft_order_tag":"","cost":197.17955050499998},{"amount":0.063,"safe_price":3081.34595,"ft_order_side":"sell","order_filled_timestamp":1768226400000,"ft_is_entry":false,"ft_order_tag":"stop_loss","cost":194.221857247425}],"funding_fees":-0.024989980147097725,"weekday":0},{"pair":"ETH/USDT:USDT","stake_amount":99.169,"max_stake_amount":99.169,"amount":0.062,"open_date":"2026-01-13 19:00:00+00:00","close_date":"2026-01-13 22:00:00+00:00","open_rate":3199.0,"close_rate":3298.2186093046516,"fee_open":0.0005,"fee_close":0.0005,"trade_duration":180,"profit_ratio":0.05997001499250375,"profit_abs":5.95014,"exit_reason":"roi","initial_stop_loss_abs":3151.015,"initial_stop_loss_ratio":-0.03,"stop_loss_abs":3364.02,"stop_loss_ratio":-0.02,"min_rate":3188.52,"max_rate":3398.0,"is_open":false,"enter_tag":"","leverage":2,"is_short":false,"open_timestamp":1768330800000,"close_timestamp":1768341600000,"orders":[{"amount":0.062,"safe_price":3199.0,"ft_order_side":"buy","order_filled_timestamp":1768330800000,"ft_is_entry":true,"ft_order_tag":"","cost":198.43716899999998},{"amount":0.062,"safe_price":3298.2186093046516,"ft_order_side":"sell","order_filled_timestamp":1768341600000,"ft_is_entry":false,"ft_order_tag":"roi","cost":204.59179855377684}],"funding_fees":0.0,"weekday":1},{"pair":"ETH/USDT:USDT","stake_amount":98.8017,"max_stake_amount":98.8017,"amount":0.06,"open_date":"2026-01-14 12:30:00+00:00","close_date":"2026-01-14 14:30:00+00:00","open_rate":3293.39,"close_rate":3323.7567,"fee_open":0.0005,"fee_close":0.0005,"trade_duration":120,"profit_ratio":0.01642356621261644,"profit_abs":1.6234876,"exit_reason":"trailing_stop_loss","initial_stop_loss_abs":3243.98915,"initial_stop_loss_ratio":-0.03,"stop_loss_abs":3323.7567,"stop_loss_ratio":-0.02,"min_rate":3288.2,"max_rate":3357.33,"is_open":false,"enter_tag":"","leverage":2,"is_short":false,"open_timestamp":1768393800000,"close_timestamp":1768401000000,"orders":[{"amount":0.06,"safe_price":3293.39,"ft_order_side":"buy","order_filled_timestamp":1768393800000,"ft_is_entry":true,"ft_order_tag":"","cost":197.7022017},{"amount":0.06,"safe_price":3323.7567,"ft_order_side":"sell","order_filled_timestamp":1768401000000,"ft_is_entry":false,"ft_order_tag":"trailing_stop_loss","cost":199.52511470099998}],"funding_fees":0.0,"weekday":2},{"pair":"ETH/USDT:USDT","stake_amount":98.74889,"max_stake_amount":98.74889,"amount":0.059,"open_date":"2026-01-14 15:00:00+00:00","close_date":"2026-01-14 16:30:00+00:00","open_rate":3347.42,"close_rate":3369.4056,"fee_open":0.0005,"fee_close":0.0005,"trade_duration":90,"profit_ratio":0.010924009202619347,"profit_abs":1.07927315,"exit_reason":"trailing_stop_loss","initial_stop_loss_abs":3297.2087,"initial_stop_loss_ratio":-0.03,"stop_loss_abs":3369.4056,"stop_loss_ratio":-0.02,"min_rate":3326.01,"max_rate":3403.44,"is_open":false,"enter_tag":"","leverage":2,"is_short":false,"open_timestamp":1768402800000,"close_timestamp":1768408200000,"orders":[{"amount":0.059,"safe_price":3347.42,"ft_order_side":"buy","order_filled_timestamp":1768402800000,"ft_is_entry":true,"ft_order_tag":"","cost":197.59652889},{"amount":0.059,"safe_price":3369.4056,"ft_order_side":"sell","order_filled_timestamp":1768408200000,"ft_is_entry":false,"ft_order_tag":"trailing_stop_loss","cost":198.89432786519998}],"funding_fees":-0.019730898,"weekday":2},{"pair":"ETH/USDT:USDT","stake_amount":99.975795,"max_stake_amount":99.975795,"amount":0.059,"open_date":"2026-01-14 19:30:00+00:00","close_date":"2026-01-15 00:00:00+00:00","open_rate":3389.01,"close_rate":3338.1748500000003,"fee_open":0.0005,"fee_close":0.0005,"trade_duration":270,"profit_ratio":-0.03199405720502474,"profit_abs":-3.20023062,"exit_reason":"stop_loss","initial_stop_loss_abs":3338.1748500000003,"initial_stop_loss_ratio":-0.03,"stop_loss_abs":3338.1748500000003,"stop_loss_ratio":-0.03,"min_rate":3335.24,"max_rate":3400.0,"is_open":false,"enter_tag":"","leverage":2,"is_short":false,"open_timestamp":1768419000000,"close_timestamp":1768435200000,"orders":[{"amount":0.059,"safe_price":3389.01,"ft_order_side":"buy","order_filled_timestamp":1768419000000,"ft_is_entry":true,"ft_order_tag":"","cost":200.051565795},{"amount":0.059,"safe_price":3338.1748500000003,"ft_order_side":"sell","order_filled_timestamp":1768435200000,"ft_is_entry":false,"ft_order_tag":"stop_loss","cost":197.050792308075}],"funding_fees":-0.002504814472703328,"weekday":3}],"locks":[],"best_pair":{"key":"ETH/USDT:USDT","trades":7,"profit_mean":-0.005832916380379143,"profit_mean_pct":-0.58,"profit_total_abs":-4.06565561,"profit_total":-0.004065655610000001,"profit_total_pct":-0.41,"duration_avg":"4:51:00","wins":3,"draws":0,"losses":4,"winrate":0.42857142857142855,"cagr":-0.01656894292646005,"expectancy":-0.5808079442857141,"expectancy_ratio":-0.1826647389360514,"sortino":-71.86913461953138,"sharpe":-0.2626577670511739,"calmar":-9.169094532490785,"sqn":-0.4282,"profit_factor":0.68033670686191,"max_drawdown_account":0.009518325740000022,"max_drawdown_abs":9.51832574},"worst_pair":{"key":"ETH/USDT:USDT","trades":7,"profit_mean":-0.005832916380379143,"profit_mean_pct":-0.58,"profit_total_abs":-4.06565561,"profit_total":-0.004065655610000001,"profit_total_pct":-0.41,"duration_avg":"4:51:00","wins":3,"draws":0,"losses":4,"winrate":0.42857142857142855,"cagr":-0.01656894292646005,"expectancy":-0.5808079442857141,"expectancy_ratio":-0.1826647389360514,"sortino":-71.86913461953138,"sharpe":-0.2626577670511739,"calmar":-9.169094532490785,"sqn":-0.4282,"profit_factor":0.68033670686191,"max_drawdown_account":0.009518325740000022,"max_drawdown_abs":9.51832574},"results_per_pair":[{"key":"ETH/USDT:USDT","trades":7,"profit_mean":-0.005832916380379143,"profit_mean_pct":-0.58,"profit_total_abs":-4.06565561,"profit_total":-0.004065655610000001,"profit_total_pct":-0.41,"duration_avg":"4:51:00","wins":3,"draws":0,"losses":4,"winrate":0.42857142857142855,"cagr":-0.01656894292646005,"expectancy":-0.5808079442857141,"expectancy_ratio":-0.1826647389360514,"sortino":-71.86913461953138,"sharpe":-0.2626577670511739,"calmar":-9.169094532490785,"sqn":-0.4282,"profit_factor":0.68033670686191,"max_drawdown_account":0.009518325740000022,"max_drawdown_abs":9.51832574},{"key":"TOTAL","trades":7,"profit_mean":-0.005832916380379143,"profit_mean_pct":-0.58,"profit_total_abs":-4.06565561,"profit_total":-0.004065655610000001,"profit_total_pct":-0.41,"duration_avg":"4:51:00","wins":3,"draws":0,"losses":4,"winrate":0.42857142857142855,"cagr":-0.01656894292646005,"expectancy":-0.5808079442857141,"expectancy_ratio":-0.1826647389360514,"sortino":-71.86913461953138,"sharpe":-0.2626577670511739,"calmar":-9.169094532490785,"sqn":-0.4282,"profit_factor":0.68033670686191,"max_drawdown_account":0.009518325740000022,"max_drawdown_abs":9.51832574}],"results_per_enter_tag":[{"key":"","trades":7,"profit_mean":-0.005832916380379143,"profit_mean_pct":-0.58,"profit_total_abs":-4.06565561,"profit_total":-0.004065655610000001,"profit_total_pct":-0.41,"duration_avg":"4:51:00","wins":3,"draws":0,"losses":4,"winrate":0.42857142857142855,"cagr":-0.01656894292646005,"expectancy":-0.5808079442857141,"expectancy_ratio":-0.1826647389360514,"sortino":-71.86913461953138,"sharpe":-0.2626577670511739,"calmar":-9.169094532490785,"sqn":-0.4282,"profit_factor":0.68033670686191,"max_drawdown_account":0.009518325740000022,"max_drawdown_abs":9.51832574},{"key":"TOTAL","trades":7,"profit_mean":-0.005832916380379143,"profit_mean_pct":-0.58,"profit_total_abs":-4.06565561,"profit_total":-0.004065655610000001,"profit_total_pct":-0.41,"duration_avg":"4:51:00","wins":3,"draws":0,"losses":4,"winrate":0.42857142857142855,"cagr":-0.01656894292646005,"expectancy":-0.5808079442857141,"expectancy_ratio":-0.1826647389360514,"sortino":-71.86913461953138,"sharpe":-0.2626577670511739,"calmar":-9.169094532490785,"sqn":-0.4282,"profit_factor":0.68033670686191,"max_drawdown_account":0.009518325740000022,"max_drawdown_abs":9.51832574}],"exit_reason_summary":[{"key":"roi","trades":1,"profit_mean":0.05997001499250375,"profit_mean_pct":6.0,"profit_total_abs":5.95014,"profit_total":0.0059501400000000005,"profit_total_pct":0.6,"duration_avg":"3:00:00","wins":1,"draws":0,"losses":0,"winrate":1.0,"cagr":0.02462833601093717,"expectancy":5.95014,"expectancy_ratio":100.0,"sortino":-100,"sharpe":-100,"calmar":-100,"sqn":-100.0,"profit_factor":0.0,"max_drawdown_account":0.0,"max_drawdown_abs":0.0},{"key":"trailing_stop_loss","trades":2,"profit_mean":0.013673787707617893,"profit_mean_pct":1.37,"profit_total_abs":2.70276075,"profit_total":0.00270276075,"profit_total_pct":0.27,"duration_avg":"1:45:00","wins":2,"draws":0,"losses":0,"winrate":1.0,"cagr":0.011130896173560334,"expectancy":1.351380375,"expectancy_ratio":100.0,"sortino":-100,"sharpe":2.132180443435267,"calmar":-100,"sqn":4.9664,"profit_factor":0.0,"max_drawdown_account":0.0,"max_drawdown_abs":0.0},{"key":"stop_loss","trades":4,"profit_mean":-0.03203700126759838,"profit_mean_pct":-3.2,"profit_total_abs":-12.718556360000001,"profit_total":-0.012718556360000001,"profit_total_pct":-1.27,"duration_avg":"6:52:00","wins":0,"draws":0,"losses":4,"winrate":0.0,"cagr":-0.05114085260558321,"expectancy":-3.1796390900000002,"expectancy_ratio":-1.0,"sortino":-224.827611309394,"sharpe":-224.827611309394,"calmar":-21.46626199386835,"sqn":-453.5173,"profit_factor":0.0,"max_drawdown_account":0.01271855635999998,"max_drawdown_abs":12.718556360000001},{"key":"TOTAL","trades":7,"profit_mean":-0.005832916380379143,"profit_mean_pct":-0.58,"profit_total_abs":-4.06565561,"profit_total":-0.004065655610000001,"profit_total_pct":-0.41,"duration_avg":"4:51:00","wins":3,"draws":0,"losses":4,"winrate":0.42857142857142855,"cagr":-0.01656894292646005,"expectancy":-0.5808079442857141,"expectancy_ratio":-0.1826647389360514,"sortino":-71.86913461953138,"sharpe":-0.2626577670511739,"calmar":-9.169094532490785,"sqn":-0.4282,"profit_factor":0.68033670686191,"max_drawdown_account":0.009518325740000022,"max_drawdown_abs":9.51832574}],"mix_tag_stats":[{"key":["","roi"],"trades":1,"profit_mean":0.05997001499250375,"profit_mean_pct":6.0,"profit_total_abs":5.95014,"profit_total":0.0059501400000000005,"profit_total_pct":0.6,"duration_avg":"3:00:00","wins":1,"draws":0,"losses":0,"winrate":1.0,"cagr":0.02462833601093717,"expectancy":5.95014,"expectancy_ratio":100.0,"sortino":-100,"sharpe":-100,"calmar":-100,"sqn":-100.0,"profit_factor":0.0,"max_drawdown_account":0.0,"max_drawdown_abs":0.0},{"key":["","trailing_stop_loss"],"trades":2,"profit_mean":0.013673787707617893,"profit_mean_pct":1.37,"profit_total_abs":2.70276075,"profit_total":0.00270276075,"profit_total_pct":0.27,"duration_avg":"1:45:00","wins":2,"draws":0,"losses":0,"winrate":1.0,"cagr":0.011130896173560334,"expectancy":1.351380375,"expectancy_ratio":100.0,"sortino":-100,"sharpe":2.132180443435267,"calmar":-100,"sqn":4.9664,"profit_factor":0.0,"max_drawdown_account":0.0,"max_drawdown_abs":0.0},{"key":["","stop_loss"],"trades":4,"profit_mean":-0.03203700126759838,"profit_mean_pct":-3.2,"profit_total_abs":-12.718556360000001,"profit_total":-0.012718556360000001,"profit_total_pct":-1.27,"duration_avg":"6:52:00","wins":0,"draws":0,"losses":4,"winrate":0.0,"cagr":-0.05114085260558321,"expectancy":-3.1796390900000002,"expectancy_ratio":-1.0,"sortino":-224.827611309394,"sharpe":-224.827611309394,"calmar":-21.46626199386835,"sqn":-453.5173,"profit_factor":0.0,"max_drawdown_account":0.01271855635999998,"max_drawdown_abs":12.718556360000001},{"key":"TOTAL","trades":7,"profit_mean":-0.005832916380379143,"profit_mean_pct":-0.58,"profit_total_abs":-4.06565561,"profit_total":-0.004065655610000001,"profit_total_pct":-0.41,"duration_avg":"4:51:00","wins":3,"draws":0,"losses":4,"winrate":0.42857142857142855,"cagr":-0.01656894292646005,"expectancy":-0.5808079442857141,"expectancy_ratio":-0.1826647389360514,"sortino":-71.86913461953138,"sharpe":-0.2626577670511739,"calmar":-9.169094532490785,"sqn":-0.4282,"profit_factor":0.68033670686191,"max_drawdown_account":0.009518325740000022,"max_drawdown_abs":9.51832574}],"left_open_trades":[{"key":"TOTAL","trades":0,"profit_mean":0.0,"profit_mean_pct":0.0,"profit_total_abs":0.0,"profit_total":0.0,"profit_total_pct":0.0,"duration_avg":"0:00","wins":0,"draws":0,"losses":0,"winrate":0.0,"cagr":0.0,"expectancy":0.0,"expectancy_ratio":100.0,"sortino":0,"sharpe":0,"calmar":0,"sqn":0.0,"profit_factor":0.0,"max_drawdown_account":0.0,"max_drawdown_abs":0.0}],"total_trades":7,"trade_count_long":7,"trade_count_short":0,"total_volume":2772.8389312792265,"avg_stake_amount":99.07451999999999,"profit_mean":-0.005832916380379143,"profit_median":-0.03196244250952475,"profit_total":-0.004065655610000001,"profit_total_long":-0.004065655610000001,"profit_total_short":0.0,"profit_total_abs":-4.06565561,"profit_total_long_abs":-4.06565561,"profit_total_short_abs":0.0,"cagr":-0.01656894292646005,"expectancy":-0.5808079442857141,"expectancy_ratio":-0.1826647389360514,"sortino":-71.86913461953138,"sharpe":-0.2626577670511739,"calmar":-9.169094532490785,"sqn":-0.4282,"profit_factor":0.68033670686191,"backtest_start":"2025-11-25 00:00:00","backtest_start_ts":1764028800000,"backtest_end":"2026-02-22 14:00:00","backtest_end_ts":1771768800000,"backtest_days":89,"backtest_run_start_ts":1771813558,"backtest_run_end_ts":1771813558,"trades_per_day":0.08,"market_change":-0.33525995792115504,"pairlist":["ETH/USDT:USDT"],"stake_amount":100.0,"stake_currency":"USDT","stake_currency_decimals":3,"starting_balance":1000,"dry_run_wallet":1000,"final_balance":995.93434439,"rejected_signals":0,"timedout_entry_orders":0,"timedout_exit_orders":0,"canceled_trade_entries":0,"canceled_entry_orders":0,"replaced_entry_orders":0,"max_open_trades":1,"max_open_trades_setting":3,"timeframe":"30m","timeframe_detail":"","timerange":"20251125-20260223","enable_protections":false,"strategy_name":"SupertrendFuturesStrategyV8_1","freqaimodel":null,"freqai_identifier":null,"stoploss":-0.03,"trailing_stop":true,"trailing_stop_positive":0.02,"trailing_stop_positive_offset":0.03,"trailing_only_offset_is_reached":true,"use_custom_stoploss":false,"minimal_roi":{"0":0.06},"use_exit_signal":true,"exit_profit_only":false,"exit_profit_offset":0.0,"ignore_roi_if_entry_signal":false,"trading_mode":"futures","margin_mode":"isolated","periodic_breakdown":{"day":[{"date":"06/01/2026","date_ts":1767657600000,"profit_abs":-6.34151771,"wins":0,"draws":0,"losses":2,"trades":2,"profit_factor":0.0},{"date":"07/01/2026","date_ts":1767744000000,"profit_abs":0.0,"wins":0,"draws":0,"losses":0,"trades":0,"profit_factor":0.0},{"date":"08/01/2026","date_ts":1767830400000,"profit_abs":0.0,"wins":0,"draws":0,"losses":0,"trades":0,"profit_factor":0.0},{"date":"09/01/2026","date_ts":1767916800000,"profit_abs":0.0,"wins":0,"draws":0,"losses":0,"trades":0,"profit_factor":0.0},{"date":"10/01/2026","date_ts":1768003200000,"profit_abs":0.0,"wins":0,"draws":0,"losses":0,"trades":0,"profit_factor":0.0},{"date":"11/01/2026","date_ts":1768089600000,"profit_abs":0.0,"wins":0,"draws":0,"losses":0,"trades":0,"profit_factor":0.0},{"date":"12/01/2026","date_ts":1768176000000,"profit_abs":-3.17680803,"wins":0,"draws":0,"losses":1,"trades":1,"profit_factor":0.0},{"date":"13/01/2026","date_ts":1768262400000,"profit_abs":5.95014,"wins":1,"draws":0,"losses":0,"trades":1,"profit_factor":0.0},{"date":"14/01/2026","date_ts":1768348800000,"profit_abs":2.70276075,"wins":2,"draws":0,"losses":0,"trades":2,"profit_factor":0.0},{"date":"15/01/2026","date_ts":1768435200000,"profit_abs":-3.20023062,"wins":0,"draws":0,"losses":1,"trades":1,"profit_factor":0.0}],"week":[{"date":"12/01/2026","date_ts":1768176000000,"profit_abs":-9.51832574,"wins":0,"draws":0,"losses":3,"trades":3,"profit_factor":0.0},{"date":"19/01/2026","date_ts":1768780800000,"profit_abs":5.45267013,"wins":3,"draws":0,"losses":1,"trades":4,"profit_factor":2.70383662}],"month":[{"date":"31/01/2026","date_ts":1769817600000,"profit_abs":-4.06565561,"wins":3,"draws":0,"losses":4,"trades":7,"profit_factor":0.68033671}],"year":[{"date":"31/12/2026","date_ts":1798675200000,"profit_abs":-4.06565561,"wins":3,"draws":0,"losses":4,"trades":7,"profit_factor":0.68033671}],"weekday":[{"date":"Monday","date_ts":0,"profit_abs":-3.17680803,"wins":0,"draws":0,"losses":1,"trades":1,"profit_factor":0.0},{"date":"Tuesday","date_ts":1,"profit_abs":-0.39137771,"wins":1,"draws":0,"losses":2,"trades":3,"profit_factor":0.93828327},{"date":"Wednesday","date_ts":2,"profit_abs":2.70276075,"wins":2,"draws":0,"losses":0,"trades":2,"profit_factor":0.0},{"date":"Thursday","date_ts":3,"profit_abs":-3.20023062,"wins":0,"draws":0,"losses":1,"trades":1,"profit_factor":0.0}]},"backtest_best_day":0.05997001499250375,"backtest_worst_day":-0.06393145803958492,"backtest_best_day_abs":5.95014,"backtest_worst_day_abs":-6.34151771,"winning_days":2,"draw_days":5,"losing_days":3,"daily_profit":[["2026-01-06",-6.34151771],["2026-01-07",0.0],["2026-01-08",0.0],["2026-01-09",0.0],["2026-01-10",0.0],["2026-01-11",0.0],["2026-01-12",-3.17680803],["2026-01-13",5.95014],["2026-01-14",2.70276075],["2026-01-15",-3.20023062]],"wins":3,"losses":4,"draws":0,"winrate":0.42857142857142855,"holding_avg":"4:51:00","holding_avg_s":17460.0,"winner_holding_min":"0d 01:30","winner_holding_min_s":5400.0,"winner_holding_max":"0d 03:00","winner_holding_max_s":10800.0,"winner_holding_avg":"0d 02:10","winner_holding_avg_s":7800.0,"loser_holding_min":"0d 00:30","loser_holding_min_s":1800.0,"loser_holding_max":"0d 21:00","loser_holding_max_s":75600.0,"loser_holding_avg":"0d 06:52","loser_holding_avg_s":24720.0,"max_consecutive_wins":3,"max_consecutive_losses":3,"max_drawdown_account":0.009518325740000022,"max_relative_drawdown":0.009518325740000022,"max_drawdown_abs":9.51832574,"drawdown_start":"2026-01-06 16:00:00","drawdown_start_ts":1767715200000.0,"drawdown_end":"2026-01-12 14:00:00","drawdown_end_ts":1768226400000.0,"drawdown_duration":"5 days 22:00:00","drawdown_duration_s":511200.0,"max_drawdown_low":-9.51832574,"max_drawdown_high":0.0,"csum_min":990.48167426,"csum_max":999.13457501}},"strategy_comparison":[{"key":"SupertrendFuturesStrategyV8_1","trades":7,"profit_mean":-0.005832916380379143,"profit_mean_pct":-0.58,"profit_total_abs":-4.06565561,"profit_total":-0.004065655610000001,"profit_total_pct":-0.41,"duration_avg":"4:51:00","wins":3,"draws":0,"losses":4,"winrate":0.42857142857142855,"cagr":-0.01656894292646005,"expectancy":-0.5808079442857141,"expectancy_ratio":-0.1826647389360514,"sortino":-71.86913461953138,"sharpe":-0.2626577670511739,"calmar":-9.169094532490785,"sqn":-0.4282,"profit_factor":0.68033670686191,"max_drawdown_account":0.009518325740000022,"max_drawdown_abs":"9.518"}]}