{"strategy":{"MultiPairFuturesStrategy":{"trades":[{"pair":"SEI/USDT:USDT","stake_amount":199.206,"max_stake_amount":199.206,"amount":3720.0,"open_date":"2025-12-21 13:30:00+00:00","close_date":"2025-12-21 14:00:00+00:00","open_rate":0.1071,"close_rate":0.1062,"fee_open":0.0005,"fee_close":0.0005,"trade_duration":30,"profit_ratio":0.014822537319079707,"profit_abs":2.951262,"exit_reason":"trailing_stop_loss","initial_stop_loss_abs":0.1087,"initial_stop_loss_ratio":-0.03,"stop_loss_abs":0.1062,"stop_loss_ratio":-0.02,"min_rate":0.1052,"max_rate":0.1074,"is_open":false,"enter_tag":"","leverage":2.0,"is_short":true,"open_timestamp":1766323800000,"close_timestamp":1766325600000,"orders":[{"amount":3720.0,"safe_price":0.1071,"ft_order_side":"sell","order_filled_timestamp":1766323800000,"ft_is_entry":true,"ft_order_tag":"","cost":398.611206},{"amount":3720.0,"safe_price":0.1062,"ft_order_side":"buy","order_filled_timestamp":1766325600000,"ft_is_entry":false,"ft_order_tag":"trailing_stop_loss","cost":395.261532}],"funding_fees":0.0,"weekday":6},{"pair":"SEI/USDT:USDT","stake_amount":199.07,"max_stake_amount":199.07,"amount":3400.0,"open_date":"2026-01-18 23:30:00+00:00","close_date":"2026-01-18 23:30:00+00:00","open_rate":0.1171,"close_rate":0.114758,"fee_open":0.0005,"fee_close":0.0005,"trade_duration":0,"profit_ratio":0.03803901950975488,"profit_abs":7.5686414,"exit_reason":"trailing_stop_loss","initial_stop_loss_abs":0.1188,"initial_stop_loss_ratio":-0.03,"stop_loss_abs":0.1152,"stop_loss_ratio":-0.02,"min_rate":0.1141,"max_rate":0.1176,"is_open":false,"enter_tag":"","leverage":2.0,"is_short":true,"open_timestamp":1768779000000,"close_timestamp":1768779000000,"orders":[{"amount":3400.0,"safe_price":0.1171,"ft_order_side":"sell","order_filled_timestamp":1768779000000,"ft_is_entry":true,"ft_order_tag":"","cost":398.33907},{"amount":3400.0,"safe_price":0.114758,"ft_order_side":"buy","order_filled_timestamp":1768779000000,"ft_is_entry":false,"ft_order_tag":"trailing_stop_loss","cost":390.37228859999993}],"funding_fees":0.0,"weekday":6},{"pair":"SEI/USDT:USDT","stake_amount":199.056,"max_stake_amount":199.056,"amount":3480.0,"open_date":"2026-01-19 00:00:00+00:00","close_date":"2026-01-19 00:00:00+00:00","open_rate":0.1144,"close_rate":0.112112,"fee_open":0.0005,"fee_close":0.0005,"trade_duration":0,"profit_ratio":0.038138982078451816,"profit_abs":7.58799732,"exit_reason":"trailing_stop_loss","initial_stop_loss_abs":0.1161,"initial_stop_loss_ratio":-0.03,"stop_loss_abs":0.1022,"stop_loss_ratio":-0.02,"min_rate":0.1012,"max_rate":0.1144,"is_open":false,"enter_tag":"","leverage":2.0,"is_short":true,"open_timestamp":1768780800000,"close_timestamp":1768780800000,"orders":[{"amount":3480.0,"safe_price":0.1144,"ft_order_side":"sell","order_filled_timestamp":1768780800000,"ft_is_entry":true,"ft_order_tag":"","cost":398.311056},{"amount":3480.0,"safe_price":0.112112,"ft_order_side":"buy","order_filled_timestamp":1768780800000,"ft_is_entry":false,"ft_order_tag":"trailing_stop_loss","cost":390.34483488}],"funding_fees":0.0198882,"weekday":0},{"pair":"SEI/USDT:USDT","stake_amount":199.0975,"max_stake_amount":199.0975,"amount":3670.0,"open_date":"2026-01-19 00:30:00+00:00","close_date":"2026-01-19 00:30:00+00:00","open_rate":0.1085,"close_rate":0.1101,"fee_open":0.0005,"fee_close":0.0005,"trade_duration":0,"profit_ratio":-0.03152359589933216,"profit_abs":-6.273131,"exit_reason":"stop_loss","initial_stop_loss_abs":0.1101,"initial_stop_loss_ratio":-0.03,"stop_loss_abs":0.1101,"stop_loss_ratio":-0.03,"min_rate":0.1077,"max_rate":0.1105,"is_open":false,"enter_tag":"","leverage":2.0,"is_short":true,"open_timestamp":1768782600000,"close_timestamp":1768782600000,"orders":[{"amount":3670.0,"safe_price":0.1085,"ft_order_side":"sell","order_filled_timestamp":1768782600000,"ft_is_entry":true,"ft_order_tag":"","cost":398.3940975},{"amount":3670.0,"safe_price":0.1101,"ft_order_side":"buy","order_filled_timestamp":1768782600000,"ft_is_entry":false,"ft_order_tag":"stop_loss","cost":404.2690335}],"funding_fees":0.0,"weekday":0},{"pair":"SEI/USDT:USDT","stake_amount":199.174,"max_stake_amount":199.174,"amount":5300.0,"open_date":"2026-02-05 15:30:00+00:00","close_date":"2026-02-05 15:30:00+00:00","open_rate":0.07516,"close_rate":0.07628,"fee_open":0.0005,"fee_close":0.0005,"trade_duration":0,"profit_ratio":-0.03183390524426663,"profit_abs":-6.337316,"exit_reason":"stop_loss","initial_stop_loss_abs":0.07628,"initial_stop_loss_ratio":-0.03,"stop_loss_abs":0.07628,"stop_loss_ratio":-0.03,"min_rate":0.07456,"max_rate":0.0775,"is_open":false,"enter_tag":"","leverage":2.0,"is_short":true,"open_timestamp":1770305400000,"close_timestamp":1770305400000,"orders":[{"amount":5300.0,"safe_price":0.07516,"ft_order_side":"sell","order_filled_timestamp":1770305400000,"ft_is_entry":true,"ft_order_tag":"","cost":398.547174},{"amount":5300.0,"safe_price":0.07628,"ft_order_side":"buy","order_filled_timestamp":1770305400000,"ft_is_entry":false,"ft_order_tag":"stop_loss","cost":404.486142}],"funding_fees":0.0,"weekday":3}],"locks":[],"best_pair":{"key":"SEI/USDT:USDT","trades":5,"profit_mean":0.005528607552737523,"profit_mean_pct":0.55,"profit_total_abs":5.49745372,"profit_total":0.00549745372,"profit_total_pct":0.55,"duration_avg":"0:06:00","wins":3,"draws":0,"losses":2,"winrate":0.6,"cagr":0.02021230954032638,"expectancy":1.0994907439999992,"expectancy_ratio":0.17437775901203167,"sortino":32.72686947071426,"sharpe":0.16730709198277918,"calmar":8.479521402147926,"sqn":0.3503,"profit_factor":1.4359443975300796,"max_drawdown_account":0.012386159650742311,"max_drawdown_abs":12.610447},"worst_pair":{"key":"SEI/USDT:USDT","trades":5,"profit_mean":0.005528607552737523,"profit_mean_pct":0.55,"profit_total_abs":5.49745372,"profit_total":0.00549745372,"profit_total_pct":0.55,"duration_avg":"0:06:00","wins":3,"draws":0,"losses":2,"winrate":0.6,"cagr":0.02021230954032638,"expectancy":1.0994907439999992,"expectancy_ratio":0.17437775901203167,"sortino":32.72686947071426,"sharpe":0.16730709198277918,"calmar":8.479521402147926,"sqn":0.3503,"profit_factor":1.4359443975300796,"max_drawdown_account":0.012386159650742311,"max_drawdown_abs":12.610447},"results_per_pair":[{"key":"SEI/USDT:USDT","trades":5,"profit_mean":0.005528607552737523,"profit_mean_pct":0.55,"profit_total_abs":5.49745372,"profit_total":0.00549745372,"profit_total_pct":0.55,"duration_avg":"0:06:00","wins":3,"draws":0,"losses":2,"winrate":0.6,"cagr":0.02021230954032638,"expectancy":1.0994907439999992,"expectancy_ratio":0.17437775901203167,"sortino":32.72686947071426,"sharpe":0.16730709198277918,"calmar":8.479521402147926,"sqn":0.3503,"profit_factor":1.4359443975300796,"max_drawdown_account":0.012386159650742311,"max_drawdown_abs":12.610447},{"key":"TOTAL","trades":5,"profit_mean":0.005528607552737523,"profit_mean_pct":0.55,"profit_total_abs":5.49745372,"profit_total":0.00549745372,"profit_total_pct":0.55,"duration_avg":"0:06:00","wins":3,"draws":0,"losses":2,"winrate":0.6,"cagr":0.02021230954032638,"expectancy":1.0994907439999992,"expectancy_ratio":0.17437775901203167,"sortino":32.72686947071426,"sharpe":0.16730709198277918,"calmar":8.479521402147926,"sqn":0.3503,"profit_factor":1.4359443975300796,"max_drawdown_account":0.012386159650742311,"max_drawdown_abs":12.610447}],"results_per_enter_tag":[{"key":"","trades":5,"profit_mean":0.005528607552737523,"profit_mean_pct":0.55,"profit_total_abs":5.49745372,"profit_total":0.00549745372,"profit_total_pct":0.55,"duration_avg":"0:06:00","wins":3,"draws":0,"losses":2,"winrate":0.6,"cagr":0.02021230954032638,"expectancy":1.0994907439999992,"expectancy_ratio":0.17437775901203167,"sortino":32.72686947071426,"sharpe":0.16730709198277918,"calmar":8.479521402147926,"sqn":0.3503,"profit_factor":1.4359443975300796,"max_drawdown_account":0.012386159650742311,"max_drawdown_abs":12.610447},{"key":"TOTAL","trades":5,"profit_mean":0.005528607552737523,"profit_mean_pct":0.55,"profit_total_abs":5.49745372,"profit_total":0.00549745372,"profit_total_pct":0.55,"duration_avg":"0:06:00","wins":3,"draws":0,"losses":2,"winrate":0.6,"cagr":0.02021230954032638,"expectancy":1.0994907439999992,"expectancy_ratio":0.17437775901203167,"sortino":32.72686947071426,"sharpe":0.16730709198277918,"calmar":8.479521402147926,"sqn":0.3503,"profit_factor":1.4359443975300796,"max_drawdown_account":0.012386159650742311,"max_drawdown_abs":12.610447}],"exit_reason_summary":[{"key":"trailing_stop_loss","trades":3,"profit_mean":0.030333512969095467,"profit_mean_pct":3.03,"profit_total_abs":18.10790072,"profit_total":0.01810790072,"profit_total_pct":1.81,"duration_avg":"0:10:00","wins":3,"draws":0,"losses":0,"winrate":1.0,"cagr":0.06769546480722566,"expectancy":6.035966906666666,"expectancy_ratio":100.0,"sortino":-100,"sharpe":1.5860360725151947,"calmar":-100,"sqn":3.9135,"profit_factor":0.0,"max_drawdown_account":0.0,"max_drawdown_abs":0.0},{"key":"stop_loss","trades":2,"profit_mean":-0.03167875057179939,"profit_mean_pct":-3.17,"profit_total_abs":-12.610447,"profit_total":-0.012610447,"profit_total_pct":-1.26,"duration_avg":"0:00:00","wins":0,"draws":0,"losses":2,"winrate":0.0,"cagr":-0.045264377940529954,"expectancy":-6.3052235,"expectancy_ratio":-1.0,"sortino":-75.07120095162172,"sharpe":-75.07120095162172,"calmar":-19.104973174542767,"sqn":-196.4703,"profit_factor":0.0,"max_drawdown_account":0.012610447000000021,"max_drawdown_abs":12.610447},{"key":"TOTAL","trades":5,"profit_mean":0.005528607552737523,"profit_mean_pct":0.55,"profit_total_abs":5.49745372,"profit_total":0.00549745372,"profit_total_pct":0.55,"duration_avg":"0:06:00","wins":3,"draws":0,"losses":2,"winrate":0.6,"cagr":0.02021230954032638,"expectancy":1.0994907439999992,"expectancy_ratio":0.17437775901203167,"sortino":32.72686947071426,"sharpe":0.16730709198277918,"calmar":8.479521402147926,"sqn":0.3503,"profit_factor":1.4359443975300796,"max_drawdown_account":0.012386159650742311,"max_drawdown_abs":12.610447}],"mix_tag_stats":[{"key":["","trailing_stop_loss"],"trades":3,"profit_mean":0.030333512969095467,"profit_mean_pct":3.03,"profit_total_abs":18.10790072,"profit_total":0.01810790072,"profit_total_pct":1.81,"duration_avg":"0:10:00","wins":3,"draws":0,"losses":0,"winrate":1.0,"cagr":0.06769546480722566,"expectancy":6.035966906666666,"expectancy_ratio":100.0,"sortino":-100,"sharpe":1.5860360725151947,"calmar":-100,"sqn":3.9135,"profit_factor":0.0,"max_drawdown_account":0.0,"max_drawdown_abs":0.0},{"key":["","stop_loss"],"trades":2,"profit_mean":-0.03167875057179939,"profit_mean_pct":-3.17,"profit_total_abs":-12.610447,"profit_total":-0.012610447,"profit_total_pct":-1.26,"duration_avg":"0:00:00","wins":0,"draws":0,"losses":2,"winrate":0.0,"cagr":-0.045264377940529954,"expectancy":-6.3052235,"expectancy_ratio":-1.0,"sortino":-75.07120095162172,"sharpe":-75.07120095162172,"calmar":-19.104973174542767,"sqn":-196.4703,"profit_factor":0.0,"max_drawdown_account":0.012610447000000021,"max_drawdown_abs":12.610447},{"key":"TOTAL","trades":5,"profit_mean":0.005528607552737523,"profit_mean_pct":0.55,"profit_total_abs":5.49745372,"profit_total":0.00549745372,"profit_total_pct":0.55,"duration_avg":"0:06:00","wins":3,"draws":0,"losses":2,"winrate":0.6,"cagr":0.02021230954032638,"expectancy":1.0994907439999992,"expectancy_ratio":0.17437775901203167,"sortino":32.72686947071426,"sharpe":0.16730709198277918,"calmar":8.479521402147926,"sqn":0.3503,"profit_factor":1.4359443975300796,"max_drawdown_account":0.012386159650742311,"max_drawdown_abs":12.610447}],"left_open_trades":[{"key":"TOTAL","trades":0,"profit_mean":0.0,"profit_mean_pct":0.0,"profit_total_abs":0.0,"profit_total":0.0,"profit_total_pct":0.0,"duration_avg":"0:00","wins":0,"draws":0,"losses":0,"winrate":0.0,"cagr":0.0,"expectancy":0.0,"expectancy_ratio":100.0,"sortino":0,"sharpe":0,"calmar":0,"sqn":0.0,"profit_factor":0.0,"max_drawdown_account":0.0,"max_drawdown_abs":0.0}],"total_trades":5,"trade_count_long":0,"trade_count_short":5,"total_volume":3976.93643448,"avg_stake_amount":199.1207,"profit_mean":0.005528607552737523,"profit_median":0.014822537319079707,"profit_total":0.00549745372,"profit_total_long":0.0,"profit_total_short":0.00549745372,"profit_total_abs":5.49745372,"profit_total_long_abs":0.0,"profit_total_short_abs":5.49745372,"cagr":0.02021230954032638,"expectancy":1.0994907439999992,"expectancy_ratio":0.17437775901203167,"sortino":32.72686947071426,"sharpe":0.16730709198277918,"calmar":8.479521402147926,"sqn":0.3503,"profit_factor":1.4359443975300796,"backtest_start":"2025-11-14 07:30:00","backtest_start_ts":1763105400000,"backtest_end":"2026-02-23 00:00:00","backtest_end_ts":1771804800000,"backtest_days":100,"backtest_run_start_ts":1771821906,"backtest_run_end_ts":1771821906,"trades_per_day":0.05,"market_change":-0.5870325693606755,"pairlist":["SEI/USDT:USDT"],"stake_amount":150,"stake_currency":"USDT","stake_currency_decimals":3,"starting_balance":1000,"dry_run_wallet":1000,"final_balance":1005.49745372,"rejected_signals":0,"timedout_entry_orders":0,"timedout_exit_orders":1,"canceled_trade_entries":0,"canceled_entry_orders":0,"replaced_entry_orders":0,"max_open_trades":1,"max_open_trades_setting":2,"timeframe":"30m","timeframe_detail":"","timerange":"20250101-20260223","enable_protections":false,"strategy_name":"MultiPairFuturesStrategy","freqaimodel":null,"freqai_identifier":null,"stoploss":-0.03,"trailing_stop":true,"trailing_stop_positive":0.02,"trailing_stop_positive_offset":0.03,"trailing_only_offset_is_reached":true,"use_custom_stoploss":false,"minimal_roi":{},"use_exit_signal":true,"exit_profit_only":false,"exit_profit_offset":0.0,"ignore_roi_if_entry_signal":false,"trading_mode":"futures","margin_mode":"isolated","periodic_breakdown":{"day":[{"date":"21/12/2025","date_ts":1766275200000,"profit_abs":2.951262,"wins":1,"draws":0,"losses":0,"trades":1,"profit_factor":0.0},{"date":"22/12/2025","date_ts":1766361600000,"profit_abs":0.0,"wins":0,"draws":0,"losses":0,"trades":0,"profit_factor":0.0},{"date":"23/12/2025","date_ts":1766448000000,"profit_abs":0.0,"wins":0,"draws":0,"losses":0,"trades":0,"profit_factor":0.0},{"date":"24/12/2025","date_ts":1766534400000,"profit_abs":0.0,"wins":0,"draws":0,"losses":0,"trades":0,"profit_factor":0.0},{"date":"25/12/2025","date_ts":1766620800000,"profit_abs":0.0,"wins":0,"draws":0,"losses":0,"trades":0,"profit_factor":0.0},{"date":"26/12/2025","date_ts":1766707200000,"profit_abs":0.0,"wins":0,"draws":0,"losses":0,"trades":0,"profit_factor":0.0},{"date":"27/12/2025","date_ts":1766793600000,"profit_abs":0.0,"wins":0,"draws":0,"losses":0,"trades":0,"profit_factor":0.0},{"date":"28/12/2025","date_ts":1766880000000,"profit_abs":0.0,"wins":0,"draws":0,"losses":0,"trades":0,"profit_factor":0.0},{"date":"29/12/2025","date_ts":1766966400000,"profit_abs":0.0,"wins":0,"draws":0,"losses":0,"trades":0,"profit_factor":0.0},{"date":"30/12/2025","date_ts":1767052800000,"profit_abs":0.0,"wins":0,"draws":0,"losses":0,"trades":0,"profit_factor":0.0},{"date":"31/12/2025","date_ts":1767139200000,"profit_abs":0.0,"wins":0,"draws":0,"losses":0,"trades":0,"profit_factor":0.0},{"date":"01/01/2026","date_ts":1767225600000,"profit_abs":0.0,"wins":0,"draws":0,"losses":0,"trades":0,"profit_factor":0.0},{"date":"02/01/2026","date_ts":1767312000000,"profit_abs":0.0,"wins":0,"draws":0,"losses":0,"trades":0,"profit_factor":0.0},{"date":"03/01/2026","date_ts":1767398400000,"profit_abs":0.0,"wins":0,"draws":0,"losses":0,"trades":0,"profit_factor":0.0},{"date":"04/01/2026","date_ts":1767484800000,"profit_abs":0.0,"wins":0,"draws":0,"losses":0,"trades":0,"profit_factor":0.0},{"date":"05/01/2026","date_ts":1767571200000,"profit_abs":0.0,"wins":0,"draws":0,"losses":0,"trades":0,"profit_factor":0.0},{"date":"06/01/2026","date_ts":1767657600000,"profit_abs":0.0,"wins":0,"draws":0,"losses":0,"trades":0,"profit_factor":0.0},{"date":"07/01/2026","date_ts":1767744000000,"profit_abs":0.0,"wins":0,"draws":0,"losses":0,"trades":0,"profit_factor":0.0},{"date":"08/01/2026","date_ts":1767830400000,"profit_abs":0.0,"wins":0,"draws":0,"losses":0,"trades":0,"profit_factor":0.0},{"date":"09/01/2026","date_ts":1767916800000,"profit_abs":0.0,"wins":0,"draws":0,"losses":0,"trades":0,"profit_factor":0.0},{"date":"10/01/2026","date_ts":1768003200000,"profit_abs":0.0,"wins":0,"draws":0,"losses":0,"trades":0,"profit_factor":0.0},{"date":"11/01/2026","date_ts":1768089600000,"profit_abs":0.0,"wins":0,"draws":0,"losses":0,"trades":0,"profit_factor":0.0},{"date":"12/01/2026","date_ts":1768176000000,"profit_abs":0.0,"wins":0,"draws":0,"losses":0,"trades":0,"profit_factor":0.0},{"date":"13/01/2026","date_ts":1768262400000,"profit_abs":0.0,"wins":0,"draws":0,"losses":0,"trades":0,"profit_factor":0.0},{"date":"14/01/2026","date_ts":1768348800000,"profit_abs":0.0,"wins":0,"draws":0,"losses":0,"trades":0,"profit_factor":0.0},{"date":"15/01/2026","date_ts":1768435200000,"profit_abs":0.0,"wins":0,"draws":0,"losses":0,"trades":0,"profit_factor":0.0},{"date":"16/01/2026","date_ts":1768521600000,"profit_abs":0.0,"wins":0,"draws":0,"losses":0,"trades":0,"profit_factor":0.0},{"date":"17/01/2026","date_ts":1768608000000,"profit_abs":0.0,"wins":0,"draws":0,"losses":0,"trades":0,"profit_factor":0.0},{"date":"18/01/2026","date_ts":1768694400000,"profit_abs":7.5686414,"wins":1,"draws":0,"losses":0,"trades":1,"profit_factor":0.0},{"date":"19/01/2026","date_ts":1768780800000,"profit_abs":1.31486632,"wins":1,"draws":0,"losses":1,"trades":2,"profit_factor":1.20960288},{"date":"20/01/2026","date_ts":1768867200000,"profit_abs":0.0,"wins":0,"draws":0,"losses":0,"trades":0,"profit_factor":0.0},{"date":"21/01/2026","date_ts":1768953600000,"profit_abs":0.0,"wins":0,"draws":0,"losses":0,"trades":0,"profit_factor":0.0},{"date":"22/01/2026","date_ts":1769040000000,"profit_abs":0.0,"wins":0,"draws":0,"losses":0,"trades":0,"profit_factor":0.0},{"date":"23/01/2026","date_ts":1769126400000,"profit_abs":0.0,"wins":0,"draws":0,"losses":0,"trades":0,"profit_factor":0.0},{"date":"24/01/2026","date_ts":1769212800000,"profit_abs":0.0,"wins":0,"draws":0,"losses":0,"trades":0,"profit_factor":0.0},{"date":"25/01/2026","date_ts":1769299200000,"profit_abs":0.0,"wins":0,"draws":0,"losses":0,"trades":0,"profit_factor":0.0},{"date":"26/01/2026","date_ts":1769385600000,"profit_abs":0.0,"wins":0,"draws":0,"losses":0,"trades":0,"profit_factor":0.0},{"date":"27/01/2026","date_ts":1769472000000,"profit_abs":0.0,"wins":0,"draws":0,"losses":0,"trades":0,"profit_factor":0.0},{"date":"28/01/2026","date_ts":1769558400000,"profit_abs":0.0,"wins":0,"draws":0,"losses":0,"trades":0,"profit_factor":0.0},{"date":"29/01/2026","date_ts":1769644800000,"profit_abs":0.0,"wins":0,"draws":0,"losses":0,"trades":0,"profit_factor":0.0},{"date":"30/01/2026","date_ts":1769731200000,"profit_abs":0.0,"wins":0,"draws":0,"losses":0,"trades":0,"profit_factor":0.0},{"date":"31/01/2026","date_ts":1769817600000,"profit_abs":0.0,"wins":0,"draws":0,"losses":0,"trades":0,"profit_factor":0.0},{"date":"01/02/2026","date_ts":1769904000000,"profit_abs":0.0,"wins":0,"draws":0,"losses":0,"trades":0,"profit_factor":0.0},{"date":"02/02/2026","date_ts":1769990400000,"profit_abs":0.0,"wins":0,"draws":0,"losses":0,"trades":0,"profit_factor":0.0},{"date":"03/02/2026","date_ts":1770076800000,"profit_abs":0.0,"wins":0,"draws":0,"losses":0,"trades":0,"profit_factor":0.0},{"date":"04/02/2026","date_ts":1770163200000,"profit_abs":0.0,"wins":0,"draws":0,"losses":0,"trades":0,"profit_factor":0.0},{"date":"05/02/2026","date_ts":1770249600000,"profit_abs":-6.337316,"wins":0,"draws":0,"losses":1,"trades":1,"profit_factor":0.0}],"week":[{"date":"22/12/2025","date_ts":1766361600000,"profit_abs":2.951262,"wins":1,"draws":0,"losses":0,"trades":1,"profit_factor":0.0},{"date":"29/12/2025","date_ts":1766966400000,"profit_abs":0.0,"wins":0,"draws":0,"losses":0,"trades":0,"profit_factor":0.0},{"date":"05/01/2026","date_ts":1767571200000,"profit_abs":0.0,"wins":0,"draws":0,"losses":0,"trades":0,"profit_factor":0.0},{"date":"12/01/2026","date_ts":1768176000000,"profit_abs":0.0,"wins":0,"draws":0,"losses":0,"trades":0,"profit_factor":0.0},{"date":"19/01/2026","date_ts":1768780800000,"profit_abs":8.88350772,"wins":2,"draws":0,"losses":1,"trades":3,"profit_factor":2.41612023},{"date":"26/01/2026","date_ts":1769385600000,"profit_abs":0.0,"wins":0,"draws":0,"losses":0,"trades":0,"profit_factor":0.0},{"date":"02/02/2026","date_ts":1769990400000,"profit_abs":0.0,"wins":0,"draws":0,"losses":0,"trades":0,"profit_factor":0.0},{"date":"09/02/2026","date_ts":1770595200000,"profit_abs":-6.337316,"wins":0,"draws":0,"losses":1,"trades":1,"profit_factor":0.0}],"month":[{"date":"31/12/2025","date_ts":1767139200000,"profit_abs":2.951262,"wins":1,"draws":0,"losses":0,"trades":1,"profit_factor":0.0},{"date":"31/01/2026","date_ts":1769817600000,"profit_abs":8.88350772,"wins":2,"draws":0,"losses":1,"trades":3,"profit_factor":2.41612023},{"date":"28/02/2026","date_ts":1772236800000,"profit_abs":-6.337316,"wins":0,"draws":0,"losses":1,"trades":1,"profit_factor":0.0}],"year":[{"date":"31/12/2025","date_ts":1767139200000,"profit_abs":2.951262,"wins":1,"draws":0,"losses":0,"trades":1,"profit_factor":0.0},{"date":"31/12/2026","date_ts":1798675200000,"profit_abs":2.54619172,"wins":2,"draws":0,"losses":2,"trades":4,"profit_factor":1.2019113}],"weekday":[{"date":"Monday","date_ts":0,"profit_abs":1.31486632,"wins":1,"draws":0,"losses":1,"trades":2,"profit_factor":1.20960288},{"date":"Thursday","date_ts":3,"profit_abs":-6.337316,"wins":0,"draws":0,"losses":1,"trades":1,"profit_factor":0.0},{"date":"Sunday","date_ts":6,"profit_abs":10.5199034,"wins":2,"draws":0,"losses":0,"trades":2,"profit_factor":0.0}]},"backtest_best_day":0.03803901950975488,"backtest_worst_day":-0.03183390524426663,"backtest_best_day_abs":7.5686414,"backtest_worst_day_abs":-6.337316,"winning_days":3,"draw_days":43,"losing_days":1,"daily_profit":[["2025-12-21",2.951262],["2025-12-22",0.0],["2025-12-23",0.0],["2025-12-24",0.0],["2025-12-25",0.0],["2025-12-26",0.0],["2025-12-27",0.0],["2025-12-28",0.0],["2025-12-29",0.0],["2025-12-30",0.0],["2025-12-31",0.0],["2026-01-01",0.0],["2026-01-02",0.0],["2026-01-03",0.0],["2026-01-04",0.0],["2026-01-05",0.0],["2026-01-06",0.0],["2026-01-07",0.0],["2026-01-08",0.0],["2026-01-09",0.0],["2026-01-10",0.0],["2026-01-11",0.0],["2026-01-12",0.0],["2026-01-13",0.0],["2026-01-14",0.0],["2026-01-15",0.0],["2026-01-16",0.0],["2026-01-17",0.0],["2026-01-18",7.5686414],["2026-01-19",1.31486632],["2026-01-20",0.0],["2026-01-21",0.0],["2026-01-22",0.0],["2026-01-23",0.0],["2026-01-24",0.0],["2026-01-25",0.0],["2026-01-26",0.0],["2026-01-27",0.0],["2026-01-28",0.0],["2026-01-29",0.0],["2026-01-30",0.0],["2026-01-31",0.0],["2026-02-01",0.0],["2026-02-02",0.0],["2026-02-03",0.0],["2026-02-04",0.0],["2026-02-05",-6.337316]],"wins":3,"losses":2,"draws":0,"winrate":0.6,"holding_avg":"0:06:00","holding_avg_s":360.0,"winner_holding_min":"0d 00:00","winner_holding_min_s":0.0,"winner_holding_max":"0d 00:30","winner_holding_max_s":1800.0,"winner_holding_avg":"0d 00:10","winner_holding_avg_s":600.0,"loser_holding_min":"0d 00:00","loser_holding_min_s":0.0,"loser_holding_max":"0d 00:00","loser_holding_max_s":0.0,"loser_holding_avg":"0d 00:00","loser_holding_avg_s":0.0,"max_consecutive_wins":3,"max_consecutive_losses":2,"max_drawdown_account":0.012386159650742311,"max_relative_drawdown":0.012386159650742311,"max_drawdown_abs":12.610447,"drawdown_start":"2026-01-19 00:00:00","drawdown_start_ts":1768780800000.0,"drawdown_end":"2026-02-05 15:30:00","drawdown_end_ts":1770305400000.0,"drawdown_duration":"17 days 15:30:00","drawdown_duration_s":1524600.0,"max_drawdown_low":5.49745372,"max_drawdown_high":18.10790072,"csum_min":1002.951262,"csum_max":1018.10790072}},"strategy_comparison":[{"key":"MultiPairFuturesStrategy","trades":5,"profit_mean":0.005528607552737523,"profit_mean_pct":0.55,"profit_total_abs":5.49745372,"profit_total":0.00549745372,"profit_total_pct":0.55,"duration_avg":"0:06:00","wins":3,"draws":0,"losses":2,"winrate":0.6,"cagr":0.02021230954032638,"expectancy":1.0994907439999992,"expectancy_ratio":0.17437775901203167,"sortino":32.72686947071426,"sharpe":0.16730709198277918,"calmar":8.479521402147926,"sqn":0.3503,"profit_factor":1.4359443975300796,"max_drawdown_account":0.012386159650742311,"max_drawdown_abs":"12.61"}]}