{
  "strategy_name": "MultiPairFuturesStrategy",
  "params": {
    "roi": {},
    "stoploss": {
      "stoploss": -0.03
    },
    "trailing": {
      "trailing_stop": true,
      "trailing_stop_positive": 0.02,
      "trailing_stop_positive_offset": 0.03,
      "trailing_only_offset_is_reached": true
    },
    "max_open_trades": {
      "max_open_trades": 2
    },
    "buy": {
      "uni_adx_threshold_long": 32.12,
      "uni_alpha_threshold": 0.01,
      "uni_atr_multiplier": 3.72,
      "uni_ema_fast": 47.031,
      "uni_ema_slow": 129.224
    },
    "sell": {
      "uni_adx_threshold_short": 28.852
    }
  },
  "ft_stratparam_v": 1,
  "export_time": "2026-02-23 03:59:05.053046+00:00"
}