{"strategy":{"SupertrendFuturesStrategy":{"trades":[{"pair":"SOL/USDT:USDT","stake_amount":399.6661,"max_stake_amount":399.6661,"amount":6.22,"open_date":"2025-12-29 02:05:00+00:00","close_date":"2025-12-29 02:20:00+00:00","open_rate":128.51,"close_rate":128.51,"fee_open":0.0005,"fee_close":0.0005,"trade_duration":15,"profit_ratio":-0.001999000499750125,"profit_abs":-0.7993322,"exit_reason":"exit_signal","initial_stop_loss_abs":125.93979999999999,"initial_stop_loss_ratio":-0.04,"stop_loss_abs":125.93979999999999,"stop_loss_ratio":-0.04,"min_rate":128.09,"max_rate":129.44,"is_open":false,"enter_tag":"","leverage":2.0,"is_short":false,"open_timestamp":1766973900000,"close_timestamp":1766974800000,"orders":[{"amount":6.22,"safe_price":128.51,"ft_order_side":"buy","order_filled_timestamp":1766973900000,"ft_is_entry":true,"ft_order_tag":"","cost":799.7318660999999},{"amount":6.22,"safe_price":128.51,"ft_order_side":"sell","order_filled_timestamp":1766974800000,"ft_is_entry":false,"ft_order_tag":"exit_signal","cost":799.7318660999999}],"funding_fees":0.0,"weekday":0},{"pair":"DOGE/USDT:USDT","stake_amount":399.4872,"max_stake_amount":399.4872,"amount":6020.0,"open_date":"2026-01-02 10:10:00+00:00","close_date":"2026-01-02 10:25:00+00:00","open_rate":0.13272,"close_rate":0.13209,"fee_open":0.0005,"fee_close":0.0005,"trade_duration":15,"profit_ratio":-0.011483182459403211,"profit_abs":-4.5896781,"exit_reason":"exit_signal","initial_stop_loss_abs":0.13007,"initial_stop_loss_ratio":-0.04,"stop_loss_abs":0.13007,"stop_loss_ratio":-0.04,"min_rate":0.13193,"max_rate":0.13319,"is_open":false,"enter_tag":"","leverage":2.0,"is_short":false,"open_timestamp":1767348600000,"close_timestamp":1767349500000,"orders":[{"amount":6020.0,"safe_price":0.13272,"ft_order_side":"buy","order_filled_timestamp":1767348600000,"ft_is_entry":true,"ft_order_tag":"","cost":799.3738872},{"amount":6020.0,"safe_price":0.13209,"ft_order_side":"sell","order_filled_timestamp":1767349500000,"ft_is_entry":false,"ft_order_tag":"exit_signal","cost":795.5793909}],"funding_fees":0.0,"weekday":4},{"pair":"SOL/USDT:USDT","stake_amount":399.7635,"max_stake_amount":399.7635,"amount":6.1,"open_date":"2026-01-02 16:40:00+00:00","close_date":"2026-01-02 16:55:00+00:00","open_rate":131.07,"close_rate":130.57,"fee_open":0.0005,"fee_close":0.0005,"trade_duration":15,"profit_ratio":-0.009620885749999038,"profit_abs":-3.848002,"exit_reason":"exit_signal","initial_stop_loss_abs":128.4486,"initial_stop_loss_ratio":-0.04,"stop_loss_abs":128.4486,"stop_loss_ratio":-0.04,"min_rate":130.18,"max_rate":131.19,"is_open":false,"enter_tag":"","leverage":2.0,"is_short":false,"open_timestamp":1767372000000,"close_timestamp":1767372900000,"orders":[{"amount":6.1,"safe_price":131.07,"ft_order_side":"buy","order_filled_timestamp":1767372000000,"ft_is_entry":true,"ft_order_tag":"","cost":799.9267634999999},{"amount":6.1,"safe_price":130.57,"ft_order_side":"sell","order_filled_timestamp":1767372900000,"ft_is_entry":false,"ft_order_tag":"exit_signal","cost":796.8752384999998}],"funding_fees":0.0,"weekday":4},{"pair":"SOL/USDT:USDT","stake_amount":399.80055,"max_stake_amount":399.80055,"amount":6.07,"open_date":"2026-01-02 17:20:00+00:00","close_date":"2026-01-02 17:25:00+00:00","open_rate":131.73,"close_rate":131.33,"fee_open":0.0005,"fee_close":0.0005,"trade_duration":5,"profit_ratio":-0.00806595867025115,"profit_abs":-3.2263871,"exit_reason":"exit_signal","initial_stop_loss_abs":129.09539999999998,"initial_stop_loss_ratio":-0.04,"stop_loss_abs":129.09539999999998,"stop_loss_ratio":-0.04,"min_rate":131.23,"max_rate":131.9,"is_open":false,"enter_tag":"","leverage":2.0,"is_short":false,"open_timestamp":1767374400000,"close_timestamp":1767374700000,"orders":[{"amount":6.07,"safe_price":131.73,"ft_order_side":"buy","order_filled_timestamp":1767374400000,"ft_is_entry":true,"ft_order_tag":"","cost":800.00090055},{"amount":6.07,"safe_price":131.33,"ft_order_side":"sell","order_filled_timestamp":1767374700000,"ft_is_entry":false,"ft_order_tag":"exit_signal","cost":797.5716865500001}],"funding_fees":0.0,"weekday":4},{"pair":"DOGE/USDT:USDT","stake_amount":399.3975,"max_stake_amount":399.3975,"amount":5490.0,"open_date":"2026-01-04 00:40:00+00:00","close_date":"2026-01-04 01:05:00+00:00","open_rate":0.1455,"close_rate":0.14613,"fee_open":0.0005,"fee_close":0.0005,"trade_duration":25,"profit_ratio":0.006652137848601472,"profit_abs":2.65817565,"exit_reason":"exit_signal","initial_stop_loss_abs":0.14259,"initial_stop_loss_ratio":-0.04,"stop_loss_abs":0.14259,"stop_loss_ratio":-0.04,"min_rate":0.14519,"max_rate":0.14669,"is_open":false,"enter_tag":"","leverage":2.0,"is_short":false,"open_timestamp":1767487200000,"close_timestamp":1767488700000,"orders":[{"amount":5490.0,"safe_price":0.1455,"ft_order_side":"buy","order_filled_timestamp":1767487200000,"ft_is_entry":true,"ft_order_tag":"","cost":799.1943974999999},{"amount":5490.0,"safe_price":0.14613,"ft_order_side":"sell","order_filled_timestamp":1767488700000,"ft_is_entry":false,"ft_order_tag":"exit_signal","cost":802.6548268500001}],"funding_fees":0.0,"weekday":6},{"pair":"SOL/USDT:USDT","stake_amount":399.5714,"max_stake_amount":399.5714,"amount":5.78,"open_date":"2026-01-05 19:40:00+00:00","close_date":"2026-01-05 19:55:00+00:00","open_rate":138.26,"close_rate":138.02,"fee_open":0.0005,"fee_close":0.0005,"trade_duration":15,"profit_ratio":-0.005467250462718879,"profit_abs":-2.1856492,"exit_reason":"exit_signal","initial_stop_loss_abs":135.4948,"initial_stop_loss_ratio":-0.04,"stop_loss_abs":135.4948,"stop_loss_ratio":-0.04,"min_rate":138.0,"max_rate":138.52,"is_open":false,"enter_tag":"","leverage":2.0,"is_short":false,"open_timestamp":1767642000000,"close_timestamp":1767642900000,"orders":[{"amount":5.78,"safe_price":138.26,"ft_order_side":"buy","order_filled_timestamp":1767642000000,"ft_is_entry":true,"ft_order_tag":"","cost":799.5423713999999},{"amount":5.78,"safe_price":138.02,"ft_order_side":"sell","order_filled_timestamp":1767642900000,"ft_is_entry":false,"ft_order_tag":"exit_signal","cost":798.1544778}],"funding_fees":0.0,"weekday":0},{"pair":"DOGE/USDT:USDT","stake_amount":399.51175,"max_stake_amount":399.51175,"amount":5170.0,"open_date":"2026-01-06 14:40:00+00:00","close_date":"2026-01-06 14:45:00+00:00","open_rate":0.15455,"close_rate":0.15354,"fee_open":0.0005,"fee_close":0.0005,"trade_duration":5,"profit_ratio":-0.015056140645303358,"profit_abs":-6.01811265,"exit_reason":"exit_signal","initial_stop_loss_abs":0.15146,"initial_stop_loss_ratio":-0.04,"stop_loss_abs":0.15146,"stop_loss_ratio":-0.04,"min_rate":0.15189,"max_rate":0.15488,"is_open":false,"enter_tag":"","leverage":2.0,"is_short":false,"open_timestamp":1767710400000,"close_timestamp":1767710700000,"orders":[{"amount":5170.0,"safe_price":0.15455,"ft_order_side":"buy","order_filled_timestamp":1767710400000,"ft_is_entry":true,"ft_order_tag":"","cost":799.42301175},{"amount":5170.0,"safe_price":0.15354,"ft_order_side":"sell","order_filled_timestamp":1767710700000,"ft_is_entry":false,"ft_order_tag":"exit_signal","cost":794.1987009000001}],"funding_fees":0.0,"weekday":1},{"pair":"ETH/USDT:USDT","stake_amount":399.760515,"max_stake_amount":399.760515,"amount":0.243,"open_date":"2026-01-06 14:45:00+00:00","close_date":"2026-01-06 14:55:00+00:00","open_rate":3290.21,"close_rate":3274.19,"fee_open":0.0005,"fee_close":0.0005,"trade_duration":10,"profit_ratio":-0.011727247636557197,"profit_abs":-4.6904346,"exit_reason":"exit_signal","initial_stop_loss_abs":3224.4058,"initial_stop_loss_ratio":-0.04,"stop_loss_abs":3224.4058,"stop_loss_ratio":-0.04,"min_rate":3263.22,"max_rate":3291.91,"is_open":false,"enter_tag":"","leverage":2.0,"is_short":false,"open_timestamp":1767710700000,"close_timestamp":1767711300000,"orders":[{"amount":0.243,"safe_price":3290.21,"ft_order_side":"buy","order_filled_timestamp":1767710700000,"ft_is_entry":true,"ft_order_tag":"","cost":799.9207905149999},{"amount":0.243,"safe_price":3274.19,"ft_order_side":"sell","order_filled_timestamp":1767711300000,"ft_is_entry":false,"ft_order_tag":"exit_signal","cost":796.0259840849999}],"funding_fees":0.0,"weekday":1},{"pair":"SOL/USDT:USDT","stake_amount":399.76335,"max_stake_amount":399.76335,"amount":5.67,"open_date":"2026-01-06 21:40:00+00:00","close_date":"2026-01-06 21:50:00+00:00","open_rate":141.01,"close_rate":140.62,"fee_open":0.0005,"fee_close":0.0005,"trade_duration":10,"profit_ratio":-0.0075249943285927426,"profit_abs":-3.00972105,"exit_reason":"exit_signal","initial_stop_loss_abs":138.1898,"initial_stop_loss_ratio":-0.04,"stop_loss_abs":138.1898,"stop_loss_ratio":-0.04,"min_rate":140.21,"max_rate":141.31,"is_open":false,"enter_tag":"","leverage":2.0,"is_short":false,"open_timestamp":1767735600000,"close_timestamp":1767736200000,"orders":[{"amount":5.67,"safe_price":141.01,"ft_order_side":"buy","order_filled_timestamp":1767735600000,"ft_is_entry":true,"ft_order_tag":"","cost":799.9264633499998},{"amount":5.67,"safe_price":140.62,"ft_order_side":"sell","order_filled_timestamp":1767736200000,"ft_is_entry":false,"ft_order_tag":"exit_signal","cost":797.7140577}],"funding_fees":0.0,"weekday":1},{"pair":"DOGE/USDT:USDT","stake_amount":399.2625,"max_stake_amount":399.2625,"amount":5250.0,"open_date":"2026-01-07 09:05:00+00:00","close_date":"2026-01-07 09:15:00+00:00","open_rate":0.1521,"close_rate":0.15079,"fee_open":0.0005,"fee_close":0.0005,"trade_duration":10,"profit_ratio":-0.019207293131869304,"profit_abs":-7.67258625,"exit_reason":"exit_signal","initial_stop_loss_abs":0.14906,"initial_stop_loss_ratio":-0.04,"stop_loss_abs":0.14906,"stop_loss_ratio":-0.04,"min_rate":0.1504,"max_rate":0.1522,"is_open":false,"enter_tag":"","leverage":2.0,"is_short":false,"open_timestamp":1767776700000,"close_timestamp":1767777300000,"orders":[{"amount":5250.0,"safe_price":0.1521,"ft_order_side":"buy","order_filled_timestamp":1767776700000,"ft_is_entry":true,"ft_order_tag":"","cost":798.9242625},{"amount":5250.0,"safe_price":0.15079,"ft_order_side":"sell","order_filled_timestamp":1767777300000,"ft_is_entry":false,"ft_order_tag":"exit_signal","cost":792.04332375}],"funding_fees":0.0,"weekday":2},{"pair":"DOGE/USDT:USDT","stake_amount":399.5442,"max_stake_amount":399.5442,"amount":5610.0,"open_date":"2026-01-09 15:45:00+00:00","close_date":"2026-01-09 15:55:00+00:00","open_rate":0.14244,"close_rate":0.14134,"fee_open":0.0005,"fee_close":0.0005,"trade_duration":10,"profit_ratio":-0.017428662809847534,"profit_abs":-6.9670029,"exit_reason":"exit_signal","initial_stop_loss_abs":0.1396,"initial_stop_loss_ratio":-0.04,"stop_loss_abs":0.1396,"stop_loss_ratio":-0.04,"min_rate":0.14085,"max_rate":0.14325,"is_open":false,"enter_tag":"","leverage":2.0,"is_short":false,"open_timestamp":1767973500000,"close_timestamp":1767974100000,"orders":[{"amount":5610.0,"safe_price":0.14244,"ft_order_side":"buy","order_filled_timestamp":1767973500000,"ft_is_entry":true,"ft_order_tag":"","cost":799.4879442},{"amount":5610.0,"safe_price":0.14134,"ft_order_side":"sell","order_filled_timestamp":1767974100000,"ft_is_entry":false,"ft_order_tag":"exit_signal","cost":793.3138586999999}],"funding_fees":0.0,"weekday":4},{"pair":"SOL/USDT:USDT","stake_amount":399.9186,"max_stake_amount":399.9186,"amount":5.58,"open_date":"2026-01-12 16:35:00+00:00","close_date":"2026-01-12 16:50:00+00:00","open_rate":143.34,"close_rate":142.81,"fee_open":0.0005,"fee_close":0.0005,"trade_duration":15,"profit_ratio":-0.009386614074015037,"profit_abs":-3.7557585,"exit_reason":"exit_signal","initial_stop_loss_abs":140.4732,"initial_stop_loss_ratio":-0.04,"stop_loss_abs":140.4732,"stop_loss_ratio":-0.04,"min_rate":142.61,"max_rate":143.75,"is_open":false,"enter_tag":"","leverage":2.0,"is_short":false,"open_timestamp":1768235700000,"close_timestamp":1768236600000,"orders":[{"amount":5.58,"safe_price":143.34,"ft_order_side":"buy","order_filled_timestamp":1768235700000,"ft_is_entry":true,"ft_order_tag":"","cost":800.2371186},{"amount":5.58,"safe_price":142.81,"ft_order_side":"sell","order_filled_timestamp":1768236600000,"ft_is_entry":false,"ft_order_tag":"exit_signal","cost":797.2782399}],"funding_fees":0.0,"weekday":0},{"pair":"DOGE/USDT:USDT","stake_amount":399.8862,"max_stake_amount":399.8862,"amount":6390.0,"open_date":"2026-01-21 14:30:00+00:00","close_date":"2026-01-21 15:05:00+00:00","open_rate":0.12516,"close_rate":0.12529,"fee_open":0.0005,"fee_close":0.0005,"trade_duration":35,"profit_ratio":7.626420091328576e-05,"profit_abs":0.03051225,"exit_reason":"exit_signal","initial_stop_loss_abs":0.12266,"initial_stop_loss_ratio":-0.04,"stop_loss_abs":0.12266,"stop_loss_ratio":-0.04,"min_rate":0.12502,"max_rate":0.1262,"is_open":false,"enter_tag":"","leverage":2.0,"is_short":false,"open_timestamp":1769005800000,"close_timestamp":1769007900000,"orders":[{"amount":6390.0,"safe_price":0.12516,"ft_order_side":"buy","order_filled_timestamp":1769005800000,"ft_is_entry":true,"ft_order_tag":"","cost":800.1722861999999},{"amount":6390.0,"safe_price":0.12529,"ft_order_side":"sell","order_filled_timestamp":1769007900000,"ft_is_entry":false,"ft_order_tag":"exit_signal","cost":801.00340155}],"funding_fees":0.0,"weekday":2},{"pair":"BTC/USDT:USDT","stake_amount":396.57613,"max_stake_amount":396.57613,"amount":0.0094,"open_date":"2026-01-30 19:25:00+00:00","close_date":"2026-01-30 19:45:00+00:00","open_rate":84377.9,"close_rate":84208.8,"fee_open":0.0005,"fee_close":0.0005,"trade_duration":20,"profit_ratio":-0.006003152878696416,"profit_abs":-2.38189749,"exit_reason":"exit_signal","initial_stop_loss_abs":82690.34199999999,"initial_stop_loss_ratio":-0.04,"stop_loss_abs":82690.34199999999,"stop_loss_ratio":-0.04,"min_rate":84080.0,"max_rate":84544.0,"is_open":false,"enter_tag":"","leverage":2.0,"is_short":false,"open_timestamp":1769801100000,"close_timestamp":1769802300000,"orders":[{"amount":0.0094,"safe_price":84377.9,"ft_order_side":"buy","order_filled_timestamp":1769801100000,"ft_is_entry":true,"ft_order_tag":"","cost":793.5488361299999},{"amount":0.0094,"safe_price":84208.8,"ft_order_side":"sell","order_filled_timestamp":1769802300000,"ft_is_entry":false,"ft_order_tag":"exit_signal","cost":791.95850136}],"funding_fees":0.0,"weekday":4},{"pair":"ETH/USDT:USDT","stake_amount":399.87975,"max_stake_amount":399.87975,"amount":0.326,"open_date":"2026-01-31 23:30:00+00:00","close_date":"2026-01-31 23:45:00+00:00","open_rate":2453.25,"close_rate":2445.91,"fee_open":0.0005,"fee_close":0.0005,"trade_duration":15,"profit_ratio":-0.007976918500904446,"profit_abs":-3.19140308,"exit_reason":"exit_signal","initial_stop_loss_abs":2404.185,"initial_stop_loss_ratio":-0.04,"stop_loss_abs":2404.185,"stop_loss_ratio":-0.04,"min_rate":2433.11,"max_rate":2461.41,"is_open":false,"enter_tag":"","leverage":2.0,"is_short":false,"open_timestamp":1769902200000,"close_timestamp":1769903100000,"orders":[{"amount":0.326,"safe_price":2453.25,"ft_order_side":"buy","order_filled_timestamp":1769902200000,"ft_is_entry":true,"ft_order_tag":"","cost":800.15937975},{"amount":0.326,"safe_price":2445.91,"ft_order_side":"sell","order_filled_timestamp":1769903100000,"ft_is_entry":false,"ft_order_tag":"exit_signal","cost":797.76534333}],"funding_fees":0.0,"weekday":5},{"pair":"SOL/USDT:USDT","stake_amount":399.9966,"max_stake_amount":399.9966,"amount":7.58,"open_date":"2026-01-31 23:30:00+00:00","close_date":"2026-01-31 23:50:00+00:00","open_rate":105.54,"close_rate":105.15,"fee_open":0.0005,"fee_close":0.0005,"trade_duration":20,"profit_ratio":-0.009382176450149,"profit_abs":-3.7547151,"exit_reason":"exit_signal","initial_stop_loss_abs":103.42920000000001,"initial_stop_loss_ratio":-0.04,"stop_loss_abs":103.42920000000001,"stop_loss_ratio":-0.04,"min_rate":104.76,"max_rate":105.87,"is_open":false,"enter_tag":"","leverage":2.0,"is_short":false,"open_timestamp":1769902200000,"close_timestamp":1769903400000,"orders":[{"amount":7.58,"safe_price":105.54,"ft_order_side":"buy","order_filled_timestamp":1769902200000,"ft_is_entry":true,"ft_order_tag":"","cost":800.3931966},{"amount":7.58,"safe_price":105.15,"ft_order_side":"sell","order_filled_timestamp":1769903400000,"ft_is_entry":false,"ft_order_tag":"exit_signal","cost":797.4355185}],"funding_fees":0.0,"weekday":5},{"pair":"DOGE/USDT:USDT","stake_amount":399.6866,"max_stake_amount":399.6866,"amount":7640.0,"open_date":"2026-02-01 00:10:00+00:00","close_date":"2026-02-01 00:40:00+00:00","open_rate":0.10463,"close_rate":0.10446,"fee_open":0.0005,"fee_close":0.0005,"trade_duration":30,"profit_ratio":-0.005245298596997974,"profit_abs":-2.0975238,"exit_reason":"exit_signal","initial_stop_loss_abs":0.10254,"initial_stop_loss_ratio":-0.04,"stop_loss_abs":0.10254,"stop_loss_ratio":-0.04,"min_rate":0.10436,"max_rate":0.10516,"is_open":false,"enter_tag":"","leverage":2.0,"is_short":false,"open_timestamp":1769904600000,"close_timestamp":1769906400000,"orders":[{"amount":7640.0,"safe_price":0.10463,"ft_order_side":"buy","order_filled_timestamp":1769904600000,"ft_is_entry":true,"ft_order_tag":"","cost":799.7728866},{"amount":7640.0,"safe_price":0.10446,"ft_order_side":"sell","order_filled_timestamp":1769906400000,"ft_is_entry":false,"ft_order_tag":"exit_signal","cost":798.4734371999999}],"funding_fees":0.0,"weekday":6},{"pair":"SOL/USDT:USDT","stake_amount":399.8829,"max_stake_amount":399.8829,"amount":7.58,"open_date":"2026-02-02 15:45:00+00:00","close_date":"2026-02-02 15:50:00+00:00","open_rate":105.51,"close_rate":105.25,"fee_open":0.0005,"fee_close":0.0005,"trade_duration":5,"profit_ratio":-0.006922517321568579,"profit_abs":-2.7695804,"exit_reason":"exit_signal","initial_stop_loss_abs":103.3998,"initial_stop_loss_ratio":-0.04,"stop_loss_abs":103.3998,"stop_loss_ratio":-0.04,"min_rate":104.61,"max_rate":105.66,"is_open":false,"enter_tag":"","leverage":2.0,"is_short":false,"open_timestamp":1770047100000,"close_timestamp":1770047400000,"orders":[{"amount":7.58,"safe_price":105.51,"ft_order_side":"buy","order_filled_timestamp":1770047100000,"ft_is_entry":true,"ft_order_tag":"","cost":800.1656829},{"amount":7.58,"safe_price":105.25,"ft_order_side":"sell","order_filled_timestamp":1770047400000,"ft_is_entry":false,"ft_order_tag":"exit_signal","cost":798.1938974999999}],"funding_fees":0.0,"weekday":0},{"pair":"DOGE/USDT:USDT","stake_amount":399.916,"max_stake_amount":399.916,"amount":7450.0,"open_date":"2026-02-03 20:30:00+00:00","close_date":"2026-02-03 20:30:00+00:00","open_rate":0.10736,"close_rate":0.1101527563781891,"fee_open":0.0005,"fee_close":0.0005,"trade_duration":0,"profit_ratio":0.04997501249375312,"profit_abs":19.9958,"exit_reason":"roi","initial_stop_loss_abs":0.10522,"initial_stop_loss_ratio":-0.04,"stop_loss_abs":0.10938,"stop_loss_ratio":-0.02,"min_rate":0.10733,"max_rate":0.11048,"is_open":false,"enter_tag":"","leverage":2.0,"is_short":false,"open_timestamp":1770150600000,"close_timestamp":1770150600000,"orders":[{"amount":7450.0,"safe_price":0.10736,"ft_order_side":"buy","order_filled_timestamp":1770150600000,"ft_is_entry":true,"ft_order_tag":"","cost":800.231916},{"amount":7450.0,"safe_price":0.1101527563781891,"ft_order_side":"sell","order_filled_timestamp":1770150600000,"ft_is_entry":false,"ft_order_tag":"roi","cost":821.0483540350175}],"funding_fees":0.0,"weekday":1},{"pair":"BTC/USDT:USDT","stake_amount":398.1996,"max_stake_amount":398.1996,"amount":0.012,"open_date":"2026-02-06 06:00:00+00:00","close_date":"2026-02-06 06:15:00+00:00","open_rate":66366.6,"close_rate":66136.0,"fee_open":0.0005,"fee_close":0.0005,"trade_duration":15,"profit_ratio":-0.008941333397393784,"profit_abs":-3.5622156,"exit_reason":"exit_signal","initial_stop_loss_abs":65039.268000000004,"initial_stop_loss_ratio":-0.04,"stop_loss_abs":65039.268000000004,"stop_loss_ratio":-0.04,"min_rate":65726.0,"max_rate":66745.9,"is_open":false,"enter_tag":"","leverage":2.0,"is_short":false,"open_timestamp":1770357600000,"close_timestamp":1770358500000,"orders":[{"amount":0.012,"safe_price":66366.6,"ft_order_side":"buy","order_filled_timestamp":1770357600000,"ft_is_entry":true,"ft_order_tag":"","cost":796.7973996000001},{"amount":0.012,"safe_price":66136.0,"ft_order_side":"sell","order_filled_timestamp":1770358500000,"ft_is_entry":false,"ft_order_tag":"exit_signal","cost":794.028816}],"funding_fees":0.0,"weekday":4},{"pair":"ETH/USDT:USDT","stake_amount":399.36876,"max_stake_amount":399.36876,"amount":0.408,"open_date":"2026-02-06 06:00:00+00:00","close_date":"2026-02-06 06:20:00+00:00","open_rate":1957.69,"close_rate":1938.34,"fee_open":0.0005,"fee_close":0.0005,"trade_duration":20,"profit_ratio":-0.021747438373126315,"profit_abs":-8.68959012,"exit_reason":"exit_signal","initial_stop_loss_abs":1918.5362,"initial_stop_loss_ratio":-0.04,"stop_loss_abs":1918.5362,"stop_loss_ratio":-0.04,"min_rate":1936.0,"max_rate":1966.59,"is_open":false,"enter_tag":"","leverage":2.0,"is_short":false,"open_timestamp":1770357600000,"close_timestamp":1770358800000,"orders":[{"amount":0.408,"safe_price":1957.69,"ft_order_side":"buy","order_filled_timestamp":1770357600000,"ft_is_entry":true,"ft_order_tag":"","cost":799.1368887599999},{"amount":0.408,"safe_price":1938.34,"ft_order_side":"sell","order_filled_timestamp":1770358800000,"ft_is_entry":false,"ft_order_tag":"exit_signal","cost":791.2381413599999}],"funding_fees":0.0,"weekday":4},{"pair":"ETH/USDT:USDT","stake_amount":399.54994,"max_stake_amount":399.54994,"amount":0.404,"open_date":"2026-02-06 15:00:00+00:00","close_date":"2026-02-06 15:10:00+00:00","open_rate":1977.97,"close_rate":1975.32,"fee_open":0.0005,"fee_close":0.0005,"trade_duration":10,"profit_ratio":-0.004675837180122255,"profit_abs":-1.86916458,"exit_reason":"exit_signal","initial_stop_loss_abs":1938.4106,"initial_stop_loss_ratio":-0.04,"stop_loss_abs":1938.4106,"stop_loss_ratio":-0.04,"min_rate":1961.76,"max_rate":1986.18,"is_open":false,"enter_tag":"","leverage":2.0,"is_short":false,"open_timestamp":1770390000000,"close_timestamp":1770390600000,"orders":[{"amount":0.404,"safe_price":1977.97,"ft_order_side":"buy","order_filled_timestamp":1770390000000,"ft_is_entry":true,"ft_order_tag":"","cost":799.49942994},{"amount":0.404,"safe_price":1975.32,"ft_order_side":"sell","order_filled_timestamp":1770390600000,"ft_is_entry":false,"ft_order_tag":"exit_signal","cost":798.4282946399999}],"funding_fees":0.0,"weekday":4},{"pair":"BTC/USDT:USDT","stake_amount":399.00744,"max_stake_amount":399.00744,"amount":0.0117,"open_date":"2026-02-06 14:50:00+00:00","close_date":"2026-02-06 15:20:00+00:00","open_rate":68206.4,"close_rate":68147.5,"fee_open":0.0005,"fee_close":0.0005,"trade_duration":30,"profit_ratio":-0.003724384917119146,"profit_abs":-1.48680032,"exit_reason":"exit_signal","initial_stop_loss_abs":66842.272,"initial_stop_loss_ratio":-0.04,"stop_loss_abs":66842.272,"stop_loss_ratio":-0.04,"min_rate":67728.0,"max_rate":68567.8,"is_open":false,"enter_tag":"","leverage":2.0,"is_short":false,"open_timestamp":1770389400000,"close_timestamp":1770391200000,"orders":[{"amount":0.0117,"safe_price":68206.4,"ft_order_side":"buy","order_filled_timestamp":1770389400000,"ft_is_entry":true,"ft_order_tag":"","cost":798.4138874399999},{"amount":0.0117,"safe_price":68147.5,"ft_order_side":"sell","order_filled_timestamp":1770391200000,"ft_is_entry":false,"ft_order_tag":"exit_signal","cost":797.7244128749999}],"funding_fees":0.0,"weekday":4},{"pair":"ETH/USDT:USDT","stake_amount":399.520505,"max_stake_amount":399.520505,"amount":0.389,"open_date":"2026-02-07 12:25:00+00:00","close_date":"2026-02-07 12:40:00+00:00","open_rate":2054.09,"close_rate":2046.3,"fee_open":0.0005,"fee_close":0.0005,"trade_duration":15,"profit_ratio":-0.009576286675337784,"profit_abs":-3.82783585,"exit_reason":"exit_signal","initial_stop_loss_abs":2013.0082000000002,"initial_stop_loss_ratio":-0.04,"stop_loss_abs":2013.0082000000002,"stop_loss_ratio":-0.04,"min_rate":2037.79,"max_rate":2069.81,"is_open":false,"enter_tag":"","leverage":2.0,"is_short":false,"open_timestamp":1770467100000,"close_timestamp":1770468000000,"orders":[{"amount":0.389,"safe_price":2054.09,"ft_order_side":"buy","order_filled_timestamp":1770467100000,"ft_is_entry":true,"ft_order_tag":"","cost":799.440530505},{"amount":0.389,"safe_price":2046.3,"ft_order_side":"sell","order_filled_timestamp":1770468000000,"ft_is_entry":false,"ft_order_tag":"exit_signal","cost":796.40870535}],"funding_fees":0.0,"weekday":5},{"pair":"BTC/USDT:USDT","stake_amount":398.10125,"max_stake_amount":398.10125,"amount":0.0115,"open_date":"2026-02-07 12:25:00+00:00","close_date":"2026-02-07 12:50:00+00:00","open_rate":69235.0,"close_rate":69210.3,"fee_open":0.0005,"fee_close":0.0005,"trade_duration":25,"profit_ratio":-0.0027117992838697974,"profit_abs":-1.08011047,"exit_reason":"exit_signal","initial_stop_loss_abs":67850.3,"initial_stop_loss_ratio":-0.04,"stop_loss_abs":67850.3,"stop_loss_ratio":-0.04,"min_rate":68780.7,"max_rate":69966.2,"is_open":false,"enter_tag":"","leverage":2.0,"is_short":false,"open_timestamp":1770467100000,"close_timestamp":1770468600000,"orders":[{"amount":0.0115,"safe_price":69235.0,"ft_order_side":"buy","order_filled_timestamp":1770467100000,"ft_is_entry":true,"ft_order_tag":"","cost":796.60060125},{"amount":0.0115,"safe_price":69210.3,"ft_order_side":"sell","order_filled_timestamp":1770468600000,"ft_is_entry":false,"ft_order_tag":"exit_signal","cost":796.3164092249999}],"funding_fees":0.0,"weekday":5},{"pair":"ETH/USDT:USDT","stake_amount":399.86304,"max_stake_amount":399.86304,"amount":0.384,"open_date":"2026-02-09 17:10:00+00:00","close_date":"2026-02-09 17:15:00+00:00","open_rate":2082.62,"close_rate":2082.83,"fee_open":0.0005,"fee_close":0.0005,"trade_duration":5,"profit_ratio":-0.0017975330165342467,"profit_abs":-0.7191264,"exit_reason":"exit_signal","initial_stop_loss_abs":2040.9676,"initial_stop_loss_ratio":-0.04,"stop_loss_abs":2040.9676,"stop_loss_ratio":-0.04,"min_rate":2078.97,"max_rate":2089.98,"is_open":false,"enter_tag":"","leverage":2.0,"is_short":false,"open_timestamp":1770657000000,"close_timestamp":1770657300000,"orders":[{"amount":0.384,"safe_price":2082.62,"ft_order_side":"buy","order_filled_timestamp":1770657000000,"ft_is_entry":true,"ft_order_tag":"","cost":800.1259430399999},{"amount":0.384,"safe_price":2082.83,"ft_order_side":"sell","order_filled_timestamp":1770657300000,"ft_is_entry":false,"ft_order_tag":"exit_signal","cost":800.20662336}],"funding_fees":0.0,"weekday":0},{"pair":"ETH/USDT:USDT","stake_amount":398.9867,"max_stake_amount":398.9867,"amount":0.38,"open_date":"2026-02-09 17:35:00+00:00","close_date":"2026-02-09 17:40:00+00:00","open_rate":2099.93,"close_rate":2126.75,"fee_open":0.0005,"fee_close":0.0005,"trade_duration":5,"profit_ratio":0.023519177156932098,"profit_abs":9.3885308,"exit_reason":"exit_signal","initial_stop_loss_abs":2057.9314,"initial_stop_loss_ratio":-0.04,"stop_loss_abs":2116.62,"stop_loss_ratio":-0.02,"min_rate":2098.66,"max_rate":2138.0,"is_open":false,"enter_tag":"","leverage":2.0,"is_short":false,"open_timestamp":1770658500000,"close_timestamp":1770658800000,"orders":[{"amount":0.38,"safe_price":2099.93,"ft_order_side":"buy","order_filled_timestamp":1770658500000,"ft_is_entry":true,"ft_order_tag":"","cost":798.3723866999999},{"amount":0.38,"safe_price":2126.75,"ft_order_side":"sell","order_filled_timestamp":1770658800000,"ft_is_entry":false,"ft_order_tag":"exit_signal","cost":808.5690824999999}],"funding_fees":0.0,"weekday":0},{"pair":"ETH/USDT:USDT","stake_amount":399.5745,"max_stake_amount":399.5745,"amount":0.403,"open_date":"2026-02-11 14:25:00+00:00","close_date":"2026-02-11 14:35:00+00:00","open_rate":1983.0,"close_rate":1972.03,"fee_open":0.0005,"fee_close":0.0005,"trade_duration":10,"profit_ratio":-0.013051986349329676,"profit_abs":-5.21784854,"exit_reason":"exit_signal","initial_stop_loss_abs":1943.34,"initial_stop_loss_ratio":-0.04,"stop_loss_abs":1943.34,"stop_loss_ratio":-0.04,"min_rate":1960.07,"max_rate":1995.94,"is_open":false,"enter_tag":"","leverage":2.0,"is_short":false,"open_timestamp":1770819900000,"close_timestamp":1770820500000,"orders":[{"amount":0.403,"safe_price":1983.0,"ft_order_side":"buy","order_filled_timestamp":1770819900000,"ft_is_entry":true,"ft_order_tag":"","cost":799.5485745},{"amount":0.403,"safe_price":1972.03,"ft_order_side":"sell","order_filled_timestamp":1770820500000,"ft_is_entry":false,"ft_order_tag":"exit_signal","cost":795.125454045}],"funding_fees":0.0,"weekday":2},{"pair":"DOGE/USDT:USDT","stake_amount":399.971,"max_stake_amount":399.971,"amount":7150.0,"open_date":"2026-02-14 22:20:00+00:00","close_date":"2026-02-14 22:40:00+00:00","open_rate":0.11188,"close_rate":0.11326,"fee_open":0.0005,"fee_close":0.0005,"trade_duration":20,"profit_ratio":0.022645631063624428,"profit_abs":9.0621245,"exit_reason":"exit_signal","initial_stop_loss_abs":0.10965,"initial_stop_loss_ratio":-0.04,"stop_loss_abs":0.10965,"stop_loss_ratio":-0.04,"min_rate":0.11132,"max_rate":0.11355,"is_open":false,"enter_tag":"","leverage":2.0,"is_short":false,"open_timestamp":1771107600000,"close_timestamp":1771108800000,"orders":[{"amount":7150.0,"safe_price":0.11188,"ft_order_side":"buy","order_filled_timestamp":1771107600000,"ft_is_entry":true,"ft_order_tag":"","cost":800.341971},{"amount":7150.0,"safe_price":0.11326,"ft_order_side":"sell","order_filled_timestamp":1771108800000,"ft_is_entry":false,"ft_order_tag":"exit_signal","cost":810.2139044999999}],"funding_fees":0.0,"weekday":5},{"pair":"DOGE/USDT:USDT","stake_amount":399.9996,"max_stake_amount":399.9996,"amount":7020.0,"open_date":"2026-02-15 03:15:00+00:00","close_date":"2026-02-15 03:30:00+00:00","open_rate":0.11396,"close_rate":0.11415,"fee_open":0.0005,"fee_close":0.0005,"trade_duration":15,"profit_ratio":0.0013321699978371645,"profit_abs":0.5331339,"exit_reason":"exit_signal","initial_stop_loss_abs":0.11169,"initial_stop_loss_ratio":-0.04,"stop_loss_abs":0.11169,"stop_loss_ratio":-0.04,"min_rate":0.1137,"max_rate":0.11494,"is_open":false,"enter_tag":"","leverage":2.0,"is_short":false,"open_timestamp":1771125300000,"close_timestamp":1771126200000,"orders":[{"amount":7020.0,"safe_price":0.11396,"ft_order_side":"buy","order_filled_timestamp":1771125300000,"ft_is_entry":true,"ft_order_tag":"","cost":800.3991996000001},{"amount":7020.0,"safe_price":0.11415,"ft_order_side":"sell","order_filled_timestamp":1771126200000,"ft_is_entry":false,"ft_order_tag":"exit_signal","cost":801.7336664999999}],"funding_fees":0.0,"weekday":6},{"pair":"DOGE/USDT:USDT","stake_amount":399.7338,"max_stake_amount":399.7338,"amount":6920.0,"open_date":"2026-02-15 04:20:00+00:00","close_date":"2026-02-15 04:25:00+00:00","open_rate":0.11553,"close_rate":0.11415,"fee_open":0.0005,"fee_close":0.0005,"trade_duration":5,"profit_ratio":-0.025865021267605617,"profit_abs":-10.3442928,"exit_reason":"exit_signal","initial_stop_loss_abs":0.11322,"initial_stop_loss_ratio":-0.04,"stop_loss_abs":0.11322,"stop_loss_ratio":-0.04,"min_rate":0.11372,"max_rate":0.11554,"is_open":false,"enter_tag":"","leverage":2.0,"is_short":false,"open_timestamp":1771129200000,"close_timestamp":1771129500000,"orders":[{"amount":6920.0,"safe_price":0.11553,"ft_order_side":"buy","order_filled_timestamp":1771129200000,"ft_is_entry":true,"ft_order_tag":"","cost":799.8673337999999},{"amount":6920.0,"safe_price":0.11415,"ft_order_side":"sell","order_filled_timestamp":1771129500000,"ft_is_entry":false,"ft_order_tag":"exit_signal","cost":790.312959}],"funding_fees":0.0,"weekday":6},{"pair":"DOGE/USDT:USDT","stake_amount":399.9576,"max_stake_amount":399.9576,"amount":7980.0,"open_date":"2026-02-20 16:00:00+00:00","close_date":"2026-02-20 16:05:00+00:00","open_rate":0.10024,"close_rate":0.10122,"fee_open":0.0005,"fee_close":0.0005,"trade_duration":5,"profit_ratio":0.017412832316947235,"profit_abs":6.96787682,"exit_reason":"trailing_stop_loss","initial_stop_loss_abs":0.09824,"initial_stop_loss_ratio":-0.04,"stop_loss_abs":0.10122,"stop_loss_ratio":-0.02,"min_rate":0.1001,"max_rate":0.10224,"is_open":false,"enter_tag":"","leverage":2.0,"is_short":false,"open_timestamp":1771603200000,"close_timestamp":1771603500000,"orders":[{"amount":7980.0,"safe_price":0.10024,"ft_order_side":"buy","order_filled_timestamp":1771603200000,"ft_is_entry":true,"ft_order_tag":"","cost":800.3151575999999},{"amount":7980.0,"safe_price":0.10122,"ft_order_side":"sell","order_filled_timestamp":1771603500000,"ft_is_entry":false,"ft_order_tag":"trailing_stop_loss","cost":808.1394678}],"funding_fees":-0.04869777823433795,"weekday":4},{"pair":"DOGE/USDT:USDT","stake_amount":399.722,"max_stake_amount":399.722,"amount":7850.0,"open_date":"2026-02-20 16:25:00+00:00","close_date":"2026-02-20 16:30:00+00:00","open_rate":0.10184,"close_rate":0.10097,"fee_open":0.0005,"fee_close":0.0005,"trade_duration":5,"profit_ratio":-0.019067547922817854,"profit_abs":-7.62552925,"exit_reason":"exit_signal","initial_stop_loss_abs":0.09981,"initial_stop_loss_ratio":-0.04,"stop_loss_abs":0.09981,"stop_loss_ratio":-0.04,"min_rate":0.10021,"max_rate":0.10189,"is_open":false,"enter_tag":"","leverage":2.0,"is_short":false,"open_timestamp":1771604700000,"close_timestamp":1771605000000,"orders":[{"amount":7850.0,"safe_price":0.10184,"ft_order_side":"buy","order_filled_timestamp":1771604700000,"ft_is_entry":true,"ft_order_tag":"","cost":799.843722},{"amount":7850.0,"safe_price":0.10097,"ft_order_side":"sell","order_filled_timestamp":1771605000000,"ft_is_entry":false,"ft_order_tag":"exit_signal","cost":793.01080725}],"funding_fees":0.0,"weekday":4}],"locks":[],"best_pair":{"key":"DOGE/USDT:USDT","trades":13,"profit_mean":-0.0011737768393975498,"profit_mean_pct":-0.12,"profit_total_abs":-6.067102630000003,"profit_total":-0.006067102630000002,"profit_total_pct":-0.61,"duration_avg":"0:14:00","wins":6,"draws":0,"losses":7,"winrate":0.46153846153846156,"cagr":-0.036343740785572454,"expectancy":-0.4667002023076918,"expectancy_ratio":-0.07209359346401534,"sortino":-0.7992458566081668,"sharpe":-0.23624972070976857,"calmar":-7.835200254949364,"sqn":-0.1977,"profit_factor":0.866111897852543,"max_drawdown_account":0.02465621580000004,"max_drawdown_abs":24.656215800000002},"worst_pair":{"key":"SOL/USDT:USDT","trades":8,"profit_mean":-0.007296174694630569,"profit_mean_pct":-0.73,"profit_total_abs":-23.34914555,"profit_total":-0.02334914555,"profit_total_pct":-2.33,"duration_avg":"0:12:00","wins":0,"draws":0,"losses":8,"winrate":0.0,"cagr":-0.13387424947083904,"expectancy":-2.91864319375,"expectancy_ratio":-1.0,"sortino":-7.7211745339098705,"sharpe":-7.7211745339098705,"calmar":-31.841621957571324,"sqn":-8.0195,"profit_factor":0.0,"max_drawdown_account":0.023349145550000002,"max_drawdown_abs":23.349145549999996},"results_per_pair":[{"key":"DOGE/USDT:USDT","trades":13,"profit_mean":-0.0011737768393975498,"profit_mean_pct":-0.12,"profit_total_abs":-6.067102630000003,"profit_total":-0.006067102630000002,"profit_total_pct":-0.61,"duration_avg":"0:14:00","wins":6,"draws":0,"losses":7,"winrate":0.46153846153846156,"cagr":-0.036343740785572454,"expectancy":-0.4667002023076918,"expectancy_ratio":-0.07209359346401534,"sortino":-0.7992458566081668,"sharpe":-0.23624972070976857,"calmar":-7.835200254949364,"sqn":-0.1977,"profit_factor":0.866111897852543,"max_drawdown_account":0.02465621580000004,"max_drawdown_abs":24.656215800000002},{"key":"BTC/USDT:USDT","trades":4,"profit_mean":-0.005345167619269785,"profit_mean_pct":-0.53,"profit_total_abs":-8.51102388,"profit_total":-0.00851102388,"profit_total_pct":-0.85,"duration_avg":"0:22:00","wins":0,"draws":0,"losses":4,"winrate":0.0,"cagr":-0.05066827024097953,"expectancy":-2.12775597,"expectancy_ratio":-1.0,"sortino":-2.844558954276906,"sharpe":-2.844558954276906,"calmar":-31.84162195757118,"sqn":-3.8683,"profit_factor":0.0,"max_drawdown_account":0.00851102388000004,"max_drawdown_abs":8.51102388},{"key":"ETH/USDT:USDT","trades":8,"profit_mean":-0.005879258821872478,"profit_mean_pct":-0.59,"profit_total_abs":-18.81687237,"profit_total":-0.018816872369999998,"profit_total_pct":-1.88,"duration_avg":"0:11:00","wins":1,"draws":0,"losses":7,"winrate":0.125,"cagr":-0.10913287061042709,"expectancy":-2.3521090462500007,"expectancy_ratio":-0.5837450088734186,"sortino":-2.5085308804446815,"sharpe":-1.205975881804248,"calmar":-26.064526917859894,"sqn":-1.2526,"profit_factor":0.33286284700180724,"max_drawdown_account":0.022987554629999976,"max_drawdown_abs":22.98755463},{"key":"SOL/USDT:USDT","trades":8,"profit_mean":-0.007296174694630569,"profit_mean_pct":-0.73,"profit_total_abs":-23.34914555,"profit_total":-0.02334914555,"profit_total_pct":-2.33,"duration_avg":"0:12:00","wins":0,"draws":0,"losses":8,"winrate":0.0,"cagr":-0.13387424947083904,"expectancy":-2.91864319375,"expectancy_ratio":-1.0,"sortino":-7.7211745339098705,"sharpe":-7.7211745339098705,"calmar":-31.841621957571324,"sqn":-8.0195,"profit_factor":0.0,"max_drawdown_account":0.023349145550000002,"max_drawdown_abs":23.349145549999996},{"key":"TOTAL","trades":33,"profit_mean":-0.004304340530947626,"profit_mean_pct":-0.43,"profit_total_abs":-56.744144430000006,"profit_total":-0.056744144430000004,"profit_total_pct":-5.67,"duration_avg":"0:14:00","wins":7,"draws":0,"losses":26,"winrate":0.21212121212121213,"cagr":-0.29908903851004476,"expectancy":-1.7195195281818179,"expectancy_ratio":-0.42424920438391667,"sortino":-7.329122618946012,"sharpe":-3.1104006812935365,"calmar":-30.362662981848512,"sqn":-1.6745,"profit_factor":0.46152985597425955,"max_drawdown_account":0.05950813986000003,"max_drawdown_abs":59.50813985999999}],"results_per_enter_tag":[{"key":"","trades":33,"profit_mean":-0.004304340530947626,"profit_mean_pct":-0.43,"profit_total_abs":-56.744144430000006,"profit_total":-0.056744144430000004,"profit_total_pct":-5.67,"duration_avg":"0:14:00","wins":7,"draws":0,"losses":26,"winrate":0.21212121212121213,"cagr":-0.29908903851004476,"expectancy":-1.7195195281818179,"expectancy_ratio":-0.42424920438391667,"sortino":-7.329122618946012,"sharpe":-3.1104006812935365,"calmar":-30.362662981848512,"sqn":-1.6745,"profit_factor":0.46152985597425955,"max_drawdown_account":0.05950813986000003,"max_drawdown_abs":59.50813985999999},{"key":"TOTAL","trades":33,"profit_mean":-0.004304340530947626,"profit_mean_pct":-0.43,"profit_total_abs":-56.744144430000006,"profit_total":-0.056744144430000004,"profit_total_pct":-5.67,"duration_avg":"0:14:00","wins":7,"draws":0,"losses":26,"winrate":0.21212121212121213,"cagr":-0.29908903851004476,"expectancy":-1.7195195281818179,"expectancy_ratio":-0.42424920438391667,"sortino":-7.329122618946012,"sharpe":-3.1104006812935365,"calmar":-30.362662981848512,"sqn":-1.6745,"profit_factor":0.46152985597425955,"max_drawdown_account":0.05950813986000003,"max_drawdown_abs":59.50813985999999}],"exit_reason_summary":[{"key":"roi","trades":1,"profit_mean":0.04997501249375312,"profit_mean_pct":5.0,"profit_total_abs":19.9958,"profit_total":0.019995799999999998,"profit_total_pct":2.0,"duration_avg":"0:00:00","wins":1,"draws":0,"losses":0,"winrate":1.0,"cagr":0.12799411249988135,"expectancy":19.9958,"expectancy_ratio":100.0,"sortino":-100,"sharpe":-100,"calmar":-100,"sqn":-100.0,"profit_factor":0.0,"max_drawdown_account":0.0,"max_drawdown_abs":0.0},{"key":"trailing_stop_loss","trades":1,"profit_mean":0.017412832316947235,"profit_mean_pct":1.74,"profit_total_abs":6.96787682,"profit_total":0.00696787682,"profit_total_pct":0.7,"duration_avg":"0:05:00","wins":1,"draws":0,"losses":0,"winrate":1.0,"cagr":0.04314576614003984,"expectancy":6.96787682,"expectancy_ratio":100.0,"sortino":-100,"sharpe":-100,"calmar":-100,"sqn":-100.0,"profit_factor":0.0,"max_drawdown_account":0.0,"max_drawdown_abs":0.0},{"key":"exit_signal","trades":31,"profit_mean":-0.006755841365547482,"profit_mean_pct":-0.68,"profit_total_abs":-83.70782125000002,"profit_total":-0.08370782125000002,"profit_total_pct":-8.37,"duration_avg":"0:15:00","wins":5,"draws":0,"losses":26,"winrate":0.16129032258064516,"cagr":-0.4124564780548342,"expectancy":-2.700252298387097,"expectancy_ratio":-0.6662209241891421,"sortino":-10.81177436489308,"sharpe":-6.405738959048369,"calmar":-31.84162195757132,"sqn":-3.5545,"profit_factor":0.20565966731294605,"max_drawdown_account":0.08370782125000005,"max_drawdown_abs":83.70782125000001},{"key":"TOTAL","trades":33,"profit_mean":-0.004304340530947626,"profit_mean_pct":-0.43,"profit_total_abs":-56.744144430000006,"profit_total":-0.056744144430000004,"profit_total_pct":-5.67,"duration_avg":"0:14:00","wins":7,"draws":0,"losses":26,"winrate":0.21212121212121213,"cagr":-0.29908903851004476,"expectancy":-1.7195195281818179,"expectancy_ratio":-0.42424920438391667,"sortino":-7.329122618946012,"sharpe":-3.1104006812935365,"calmar":-30.362662981848512,"sqn":-1.6745,"profit_factor":0.46152985597425955,"max_drawdown_account":0.05950813986000003,"max_drawdown_abs":59.50813985999999}],"mix_tag_stats":[{"key":["","roi"],"trades":1,"profit_mean":0.04997501249375312,"profit_mean_pct":5.0,"profit_total_abs":19.9958,"profit_total":0.019995799999999998,"profit_total_pct":2.0,"duration_avg":"0:00:00","wins":1,"draws":0,"losses":0,"winrate":1.0,"cagr":0.12799411249988135,"expectancy":19.9958,"expectancy_ratio":100.0,"sortino":-100,"sharpe":-100,"calmar":-100,"sqn":-100.0,"profit_factor":0.0,"max_drawdown_account":0.0,"max_drawdown_abs":0.0},{"key":["","trailing_stop_loss"],"trades":1,"profit_mean":0.017412832316947235,"profit_mean_pct":1.74,"profit_total_abs":6.96787682,"profit_total":0.00696787682,"profit_total_pct":0.7,"duration_avg":"0:05:00","wins":1,"draws":0,"losses":0,"winrate":1.0,"cagr":0.04314576614003984,"expectancy":6.96787682,"expectancy_ratio":100.0,"sortino":-100,"sharpe":-100,"calmar":-100,"sqn":-100.0,"profit_factor":0.0,"max_drawdown_account":0.0,"max_drawdown_abs":0.0},{"key":["","exit_signal"],"trades":31,"profit_mean":-0.006755841365547482,"profit_mean_pct":-0.68,"profit_total_abs":-83.70782125000002,"profit_total":-0.08370782125000002,"profit_total_pct":-8.37,"duration_avg":"0:15:00","wins":5,"draws":0,"losses":26,"winrate":0.16129032258064516,"cagr":-0.4124564780548342,"expectancy":-2.700252298387097,"expectancy_ratio":-0.6662209241891421,"sortino":-10.81177436489308,"sharpe":-6.405738959048369,"calmar":-31.84162195757132,"sqn":-3.5545,"profit_factor":0.20565966731294605,"max_drawdown_account":0.08370782125000005,"max_drawdown_abs":83.70782125000001},{"key":"TOTAL","trades":33,"profit_mean":-0.004304340530947626,"profit_mean_pct":-0.43,"profit_total_abs":-56.744144430000006,"profit_total":-0.056744144430000004,"profit_total_pct":-5.67,"duration_avg":"0:14:00","wins":7,"draws":0,"losses":26,"winrate":0.21212121212121213,"cagr":-0.29908903851004476,"expectancy":-1.7195195281818179,"expectancy_ratio":-0.42424920438391667,"sortino":-7.329122618946012,"sharpe":-3.1104006812935365,"calmar":-30.362662981848512,"sqn":-1.6745,"profit_factor":0.46152985597425955,"max_drawdown_account":0.05950813986000003,"max_drawdown_abs":59.50813985999999}],"left_open_trades":[{"key":"TOTAL","trades":0,"profit_mean":0.0,"profit_mean_pct":0.0,"profit_total_abs":0.0,"profit_total":0.0,"profit_total_pct":0.0,"duration_avg":"0:00","wins":0,"draws":0,"losses":0,"winrate":0.0,"cagr":0.0,"expectancy":0.0,"expectancy_ratio":100.0,"sortino":0,"sharpe":0,"calmar":0,"sqn":0.0,"profit_factor":0.0,"max_drawdown_account":0.0,"max_drawdown_abs":0.0}],"total_trades":33,"trade_count_long":33,"trade_count_short":0,"total_volume":52727.313836695015,"avg_stake_amount":399.47960848484854,"profit_mean":-0.004304340530947626,"profit_median":-0.0075249943285927426,"profit_total":-0.056744144430000004,"profit_total_long":-0.056744144430000004,"profit_total_short":0.0,"profit_total_abs":-56.744144430000006,"profit_total_long_abs":-56.744144430000006,"profit_total_short_abs":0.0,"cagr":-0.29908903851004476,"expectancy":-1.7195195281818179,"expectancy_ratio":-0.42424920438391667,"sortino":-7.329122618946012,"sharpe":-3.1104006812935365,"calmar":-30.362662981848512,"sqn":-1.6745,"profit_factor":0.46152985597425955,"backtest_start":"2025-12-23 16:40:00","backtest_start_ts":1766508000000,"backtest_end":"2026-02-22 00:00:00","backtest_end_ts":1771718400000,"backtest_days":60,"backtest_run_start_ts":1771721623,"backtest_run_end_ts":1771721626,"trades_per_day":0.55,"market_change":-0.27928315394562875,"pairlist":["BTC/USDT:USDT","ETH/USDT:USDT","SOL/USDT:USDT","DOGE/USDT:USDT"],"stake_amount":400,"stake_currency":"USDT","stake_currency_decimals":3,"starting_balance":1000,"dry_run_wallet":1000,"final_balance":943.25585557,"rejected_signals":3,"timedout_entry_orders":0,"timedout_exit_orders":0,"canceled_trade_entries":0,"canceled_entry_orders":0,"replaced_entry_orders":0,"max_open_trades":2,"max_open_trades_setting":2,"timeframe":"5m","timeframe_detail":"","timerange":"20251124-20260222","enable_protections":false,"strategy_name":"SupertrendFuturesStrategy","freqaimodel":null,"freqai_identifier":null,"stoploss":-0.04,"trailing_stop":true,"trailing_stop_positive":0.02,"trailing_stop_positive_offset":0.03,"trailing_only_offset_is_reached":true,"use_custom_stoploss":false,"minimal_roi":{"60":0.02,"30":0.03,"15":0.04,"0":0.05},"use_exit_signal":true,"exit_profit_only":false,"exit_profit_offset":0.0,"ignore_roi_if_entry_signal":false,"trading_mode":"futures","margin_mode":"isolated","periodic_breakdown":{"day":[{"date":"29/12/2025","date_ts":1766966400000,"profit_abs":-0.7993322,"wins":0,"draws":0,"losses":1,"trades":1,"profit_factor":0.0},{"date":"30/12/2025","date_ts":1767052800000,"profit_abs":0.0,"wins":0,"draws":0,"losses":0,"trades":0,"profit_factor":0.0},{"date":"31/12/2025","date_ts":1767139200000,"profit_abs":0.0,"wins":0,"draws":0,"losses":0,"trades":0,"profit_factor":0.0},{"date":"01/01/2026","date_ts":1767225600000,"profit_abs":0.0,"wins":0,"draws":0,"losses":0,"trades":0,"profit_factor":0.0},{"date":"02/01/2026","date_ts":1767312000000,"profit_abs":-11.6640672,"wins":0,"draws":0,"losses":3,"trades":3,"profit_factor":0.0},{"date":"03/01/2026","date_ts":1767398400000,"profit_abs":0.0,"wins":0,"draws":0,"losses":0,"trades":0,"profit_factor":0.0},{"date":"04/01/2026","date_ts":1767484800000,"profit_abs":2.65817565,"wins":1,"draws":0,"losses":0,"trades":1,"profit_factor":0.0},{"date":"05/01/2026","date_ts":1767571200000,"profit_abs":-2.1856492,"wins":0,"draws":0,"losses":1,"trades":1,"profit_factor":0.0},{"date":"06/01/2026","date_ts":1767657600000,"profit_abs":-13.7182683,"wins":0,"draws":0,"losses":3,"trades":3,"profit_factor":0.0},{"date":"07/01/2026","date_ts":1767744000000,"profit_abs":-7.67258625,"wins":0,"draws":0,"losses":1,"trades":1,"profit_factor":0.0},{"date":"08/01/2026","date_ts":1767830400000,"profit_abs":0.0,"wins":0,"draws":0,"losses":0,"trades":0,"profit_factor":0.0},{"date":"09/01/2026","date_ts":1767916800000,"profit_abs":-6.9670029,"wins":0,"draws":0,"losses":1,"trades":1,"profit_factor":0.0},{"date":"10/01/2026","date_ts":1768003200000,"profit_abs":0.0,"wins":0,"draws":0,"losses":0,"trades":0,"profit_factor":0.0},{"date":"11/01/2026","date_ts":1768089600000,"profit_abs":0.0,"wins":0,"draws":0,"losses":0,"trades":0,"profit_factor":0.0},{"date":"12/01/2026","date_ts":1768176000000,"profit_abs":-3.7557585,"wins":0,"draws":0,"losses":1,"trades":1,"profit_factor":0.0},{"date":"13/01/2026","date_ts":1768262400000,"profit_abs":0.0,"wins":0,"draws":0,"losses":0,"trades":0,"profit_factor":0.0},{"date":"14/01/2026","date_ts":1768348800000,"profit_abs":0.0,"wins":0,"draws":0,"losses":0,"trades":0,"profit_factor":0.0},{"date":"15/01/2026","date_ts":1768435200000,"profit_abs":0.0,"wins":0,"draws":0,"losses":0,"trades":0,"profit_factor":0.0},{"date":"16/01/2026","date_ts":1768521600000,"profit_abs":0.0,"wins":0,"draws":0,"losses":0,"trades":0,"profit_factor":0.0},{"date":"17/01/2026","date_ts":1768608000000,"profit_abs":0.0,"wins":0,"draws":0,"losses":0,"trades":0,"profit_factor":0.0},{"date":"18/01/2026","date_ts":1768694400000,"profit_abs":0.0,"wins":0,"draws":0,"losses":0,"trades":0,"profit_factor":0.0},{"date":"19/01/2026","date_ts":1768780800000,"profit_abs":0.0,"wins":0,"draws":0,"losses":0,"trades":0,"profit_factor":0.0},{"date":"20/01/2026","date_ts":1768867200000,"profit_abs":0.0,"wins":0,"draws":0,"losses":0,"trades":0,"profit_factor":0.0},{"date":"21/01/2026","date_ts":1768953600000,"profit_abs":0.03051225,"wins":1,"draws":0,"losses":0,"trades":1,"profit_factor":0.0},{"date":"22/01/2026","date_ts":1769040000000,"profit_abs":0.0,"wins":0,"draws":0,"losses":0,"trades":0,"profit_factor":0.0},{"date":"23/01/2026","date_ts":1769126400000,"profit_abs":0.0,"wins":0,"draws":0,"losses":0,"trades":0,"profit_factor":0.0},{"date":"24/01/2026","date_ts":1769212800000,"profit_abs":0.0,"wins":0,"draws":0,"losses":0,"trades":0,"profit_factor":0.0},{"date":"25/01/2026","date_ts":1769299200000,"profit_abs":0.0,"wins":0,"draws":0,"losses":0,"trades":0,"profit_factor":0.0},{"date":"26/01/2026","date_ts":1769385600000,"profit_abs":0.0,"wins":0,"draws":0,"losses":0,"trades":0,"profit_factor":0.0},{"date":"27/01/2026","date_ts":1769472000000,"profit_abs":0.0,"wins":0,"draws":0,"losses":0,"trades":0,"profit_factor":0.0},{"date":"28/01/2026","date_ts":1769558400000,"profit_abs":0.0,"wins":0,"draws":0,"losses":0,"trades":0,"profit_factor":0.0},{"date":"29/01/2026","date_ts":1769644800000,"profit_abs":0.0,"wins":0,"draws":0,"losses":0,"trades":0,"profit_factor":0.0},{"date":"30/01/2026","date_ts":1769731200000,"profit_abs":-2.38189749,"wins":0,"draws":0,"losses":1,"trades":1,"profit_factor":0.0},{"date":"31/01/2026","date_ts":1769817600000,"profit_abs":-6.94611818,"wins":0,"draws":0,"losses":2,"trades":2,"profit_factor":0.0},{"date":"01/02/2026","date_ts":1769904000000,"profit_abs":-2.0975238,"wins":0,"draws":0,"losses":1,"trades":1,"profit_factor":0.0},{"date":"02/02/2026","date_ts":1769990400000,"profit_abs":-2.7695804,"wins":0,"draws":0,"losses":1,"trades":1,"profit_factor":0.0},{"date":"03/02/2026","date_ts":1770076800000,"profit_abs":19.9958,"wins":1,"draws":0,"losses":0,"trades":1,"profit_factor":0.0},{"date":"04/02/2026","date_ts":1770163200000,"profit_abs":0.0,"wins":0,"draws":0,"losses":0,"trades":0,"profit_factor":0.0},{"date":"05/02/2026","date_ts":1770249600000,"profit_abs":0.0,"wins":0,"draws":0,"losses":0,"trades":0,"profit_factor":0.0},{"date":"06/02/2026","date_ts":1770336000000,"profit_abs":-15.60777062,"wins":0,"draws":0,"losses":4,"trades":4,"profit_factor":0.0},{"date":"07/02/2026","date_ts":1770422400000,"profit_abs":-4.90794632,"wins":0,"draws":0,"losses":2,"trades":2,"profit_factor":0.0},{"date":"08/02/2026","date_ts":1770508800000,"profit_abs":0.0,"wins":0,"draws":0,"losses":0,"trades":0,"profit_factor":0.0},{"date":"09/02/2026","date_ts":1770595200000,"profit_abs":8.6694044,"wins":1,"draws":0,"losses":1,"trades":2,"profit_factor":13.05546674},{"date":"10/02/2026","date_ts":1770681600000,"profit_abs":0.0,"wins":0,"draws":0,"losses":0,"trades":0,"profit_factor":0.0},{"date":"11/02/2026","date_ts":1770768000000,"profit_abs":-5.21784854,"wins":0,"draws":0,"losses":1,"trades":1,"profit_factor":0.0},{"date":"12/02/2026","date_ts":1770854400000,"profit_abs":0.0,"wins":0,"draws":0,"losses":0,"trades":0,"profit_factor":0.0},{"date":"13/02/2026","date_ts":1770940800000,"profit_abs":0.0,"wins":0,"draws":0,"losses":0,"trades":0,"profit_factor":0.0},{"date":"14/02/2026","date_ts":1771027200000,"profit_abs":9.0621245,"wins":1,"draws":0,"losses":0,"trades":1,"profit_factor":0.0},{"date":"15/02/2026","date_ts":1771113600000,"profit_abs":-9.8111589,"wins":1,"draws":0,"losses":1,"trades":2,"profit_factor":0.05153894},{"date":"16/02/2026","date_ts":1771200000000,"profit_abs":0.0,"wins":0,"draws":0,"losses":0,"trades":0,"profit_factor":0.0},{"date":"17/02/2026","date_ts":1771286400000,"profit_abs":0.0,"wins":0,"draws":0,"losses":0,"trades":0,"profit_factor":0.0},{"date":"18/02/2026","date_ts":1771372800000,"profit_abs":0.0,"wins":0,"draws":0,"losses":0,"trades":0,"profit_factor":0.0},{"date":"19/02/2026","date_ts":1771459200000,"profit_abs":0.0,"wins":0,"draws":0,"losses":0,"trades":0,"profit_factor":0.0},{"date":"20/02/2026","date_ts":1771545600000,"profit_abs":-0.65765243,"wins":1,"draws":0,"losses":1,"trades":2,"profit_factor":0.91375649}],"week":[{"date":"29/12/2025","date_ts":1766966400000,"profit_abs":-0.7993322,"wins":0,"draws":0,"losses":1,"trades":1,"profit_factor":0.0},{"date":"05/01/2026","date_ts":1767571200000,"profit_abs":-11.19154075,"wins":1,"draws":0,"losses":4,"trades":5,"profit_factor":0.19192997},{"date":"12/01/2026","date_ts":1768176000000,"profit_abs":-32.11361595,"wins":0,"draws":0,"losses":6,"trades":6,"profit_factor":0.0},{"date":"19/01/2026","date_ts":1768780800000,"profit_abs":0.0,"wins":0,"draws":0,"losses":0,"trades":0,"profit_factor":0.0},{"date":"26/01/2026","date_ts":1769385600000,"profit_abs":0.03051225,"wins":1,"draws":0,"losses":0,"trades":1,"profit_factor":0.0},{"date":"02/02/2026","date_ts":1769990400000,"profit_abs":-14.19511987,"wins":0,"draws":0,"losses":5,"trades":5,"profit_factor":0.0},{"date":"09/02/2026","date_ts":1770595200000,"profit_abs":8.14948746,"wins":2,"draws":0,"losses":7,"trades":9,"profit_factor":1.38377902},{"date":"16/02/2026","date_ts":1771200000000,"profit_abs":-5.96688294,"wins":2,"draws":0,"losses":2,"trades":4,"profit_factor":0.616577},{"date":"23/02/2026","date_ts":1771804800000,"profit_abs":-0.65765243,"wins":1,"draws":0,"losses":1,"trades":2,"profit_factor":0.91375649}],"month":[{"date":"31/12/2025","date_ts":1767139200000,"profit_abs":-0.7993322,"wins":0,"draws":0,"losses":1,"trades":1,"profit_factor":0.0},{"date":"31/01/2026","date_ts":1769817600000,"profit_abs":-52.60266012,"wins":2,"draws":0,"losses":13,"trades":15,"profit_factor":0.04862764},{"date":"28/02/2026","date_ts":1772236800000,"profit_abs":-3.34215211,"wins":5,"draws":0,"losses":12,"trades":17,"profit_factor":0.93219359}],"year":[{"date":"31/12/2025","date_ts":1767139200000,"profit_abs":-0.7993322,"wins":0,"draws":0,"losses":1,"trades":1,"profit_factor":0.0},{"date":"31/12/2026","date_ts":1798675200000,"profit_abs":-55.94481223,"wins":7,"draws":0,"losses":25,"trades":32,"profit_factor":0.46505742}],"weekday":[{"date":"Monday","date_ts":0,"profit_abs":-0.8409159,"wins":1,"draws":0,"losses":5,"trades":6,"profit_factor":0.91779459},{"date":"Tuesday","date_ts":1,"profit_abs":6.2775317,"wins":1,"draws":0,"losses":3,"trades":4,"profit_factor":1.4576038},{"date":"Wednesday","date_ts":2,"profit_abs":-12.85992254,"wins":1,"draws":0,"losses":2,"trades":3,"profit_factor":0.00236705},{"date":"Friday","date_ts":4,"profit_abs":-37.27839064,"wins":1,"draws":0,"losses":10,"trades":11,"profit_factor":0.15747943},{"date":"Saturday","date_ts":5,"profit_abs":-2.79194,"wins":1,"draws":0,"losses":4,"trades":5,"profit_factor":0.76447403},{"date":"Sunday","date_ts":6,"profit_abs":-9.25050705,"wins":2,"draws":0,"losses":2,"trades":4,"profit_factor":0.25649868}]},"backtest_best_day":0.04997501249375312,"backtest_worst_day":-0.039088993867761504,"backtest_best_day_abs":19.9958,"backtest_worst_day_abs":-15.60777062,"winning_days":5,"draw_days":33,"losing_days":16,"daily_profit":[["2025-12-29",-0.7993322],["2025-12-30",0.0],["2025-12-31",0.0],["2026-01-01",0.0],["2026-01-02",-11.6640672],["2026-01-03",0.0],["2026-01-04",2.65817565],["2026-01-05",-2.1856492],["2026-01-06",-13.7182683],["2026-01-07",-7.67258625],["2026-01-08",0.0],["2026-01-09",-6.9670029],["2026-01-10",0.0],["2026-01-11",0.0],["2026-01-12",-3.7557585],["2026-01-13",0.0],["2026-01-14",0.0],["2026-01-15",0.0],["2026-01-16",0.0],["2026-01-17",0.0],["2026-01-18",0.0],["2026-01-19",0.0],["2026-01-20",0.0],["2026-01-21",0.03051225],["2026-01-22",0.0],["2026-01-23",0.0],["2026-01-24",0.0],["2026-01-25",0.0],["2026-01-26",0.0],["2026-01-27",0.0],["2026-01-28",0.0],["2026-01-29",0.0],["2026-01-30",-2.38189749],["2026-01-31",-6.94611818],["2026-02-01",-2.0975238],["2026-02-02",-2.7695804],["2026-02-03",19.9958],["2026-02-04",0.0],["2026-02-05",0.0],["2026-02-06",-15.60777062],["2026-02-07",-4.90794632],["2026-02-08",0.0],["2026-02-09",8.6694044],["2026-02-10",0.0],["2026-02-11",-5.21784854],["2026-02-12",0.0],["2026-02-13",0.0],["2026-02-14",9.0621245],["2026-02-15",-9.8111589],["2026-02-16",0.0],["2026-02-17",0.0],["2026-02-18",0.0],["2026-02-19",0.0],["2026-02-20",-0.65765243]],"wins":7,"losses":26,"draws":0,"winrate":0.21212121212121213,"holding_avg":"0:14:00","holding_avg_s":840.0,"winner_holding_min":"0d 00:00","winner_holding_min_s":0.0,"winner_holding_max":"0d 00:35","winner_holding_max_s":2100.0,"winner_holding_avg":"0d 00:15","winner_holding_avg_s":900.0,"loser_holding_min":"0d 00:05","loser_holding_min_s":300.0,"loser_holding_max":"0d 00:30","loser_holding_max_s":1800.0,"loser_holding_avg":"0d 00:14","loser_holding_avg_s":840.0,"max_consecutive_wins":2,"max_consecutive_losses":7,"max_drawdown_account":0.05950813986000003,"max_relative_drawdown":0.05950813986000003,"max_drawdown_abs":59.50813985999999,"drawdown_start":"2025-12-29 02:20:00","drawdown_start_ts":1766974800000.0,"drawdown_end":"2026-02-09 17:15:00","drawdown_end_ts":1770657300000.0,"drawdown_duration":"42 days 14:55:00","drawdown_duration_s":3682500.0,"max_drawdown_low":-59.50813985999999,"max_drawdown_high":0.0,"csum_min":940.49186014,"csum_max":999.2006678}},"strategy_comparison":[{"key":"SupertrendFuturesStrategy","trades":33,"profit_mean":-0.004304340530947626,"profit_mean_pct":-0.43,"profit_total_abs":-56.744144430000006,"profit_total":-0.056744144430000004,"profit_total_pct":-5.67,"duration_avg":"0:14:00","wins":7,"draws":0,"losses":26,"winrate":0.21212121212121213,"cagr":-0.29908903851004476,"expectancy":-1.7195195281818179,"expectancy_ratio":-0.42424920438391667,"sortino":-7.329122618946012,"sharpe":-3.1104006812935365,"calmar":-30.362662981848512,"sqn":-1.6745,"profit_factor":0.46152985597425955,"max_drawdown_account":0.05950813986000003,"max_drawdown_abs":"59.508"}]}