{"strategy":{"SupertrendFuturesStrategyV8":{"trades":[{"pair":"BTC/USDT:USDT","stake_amount":398.92424,"max_stake_amount":398.92424,"amount":0.0088,"open_date":"2025-11-27 01:30:00+00:00","close_date":"2025-11-28 13:30:00+00:00","open_rate":90664.6,"close_rate":91706.175,"fee_open":0.0005,"fee_close":0.0005,"trade_duration":2160,"profit_ratio":0.020980674701905625,"profit_abs":8.37388456,"exit_reason":"trailing_stop_loss","initial_stop_loss_abs":89304.63100000001,"initial_stop_loss_ratio":-0.03,"stop_loss_abs":91706.175,"stop_loss_ratio":-0.02,"min_rate":90415.1,"max_rate":92632.5,"is_open":false,"enter_tag":"","leverage":2,"is_short":false,"open_timestamp":1764207000000,"close_timestamp":1764336600000,"orders":[{"amount":0.0088,"safe_price":90664.6,"ft_order_side":"buy","order_filled_timestamp":1764207000000,"ft_is_entry":true,"ft_order_tag":"","cost":798.24740424},{"amount":0.0088,"safe_price":91706.175,"ft_order_side":"sell","order_filled_timestamp":1764336600000,"ft_is_entry":false,"ft_order_tag":"trailing_stop_loss","cost":807.4178471700001}],"funding_fees":0.01045597157454941,"weekday":4},{"pair":"ETH/USDT:USDT","stake_amount":399.779725,"max_stake_amount":399.779725,"amount":0.263,"open_date":"2025-12-03 02:30:00+00:00","close_date":"2025-12-03 14:00:00+00:00","open_rate":3040.15,"close_rate":3062.7135,"fee_open":0.0005,"fee_close":0.0005,"trade_duration":690,"profit_ratio":0.01280673271751843,"profit_abs":5.12243202,"exit_reason":"trailing_stop_loss","initial_stop_loss_abs":2994.54775,"initial_stop_loss_ratio":-0.03,"stop_loss_abs":3062.7135,"stop_loss_ratio":-0.02,"min_rate":3017.51,"max_rate":3093.65,"is_open":false,"enter_tag":"","leverage":2,"is_short":false,"open_timestamp":1764729000000,"close_timestamp":1764770400000,"orders":[{"amount":0.263,"safe_price":3040.15,"ft_order_side":"buy","order_filled_timestamp":1764729000000,"ft_is_entry":true,"ft_order_tag":"","cost":799.959229725},{"amount":0.263,"safe_price":3062.7135,"ft_order_side":"sell","order_filled_timestamp":1764770400000,"ft_is_entry":false,"ft_order_tag":"trailing_stop_loss","cost":805.89639732525}],"funding_fees":-0.009241934581188336,"weekday":2},{"pair":"LINK/USDT:USDT","stake_amount":399.764,"max_stake_amount":399.764,"amount":55.6,"open_date":"2025-12-03 15:30:00+00:00","close_date":"2025-12-03 22:30:00+00:00","open_rate":14.38,"close_rate":14.55696,"fee_open":0.0005,"fee_close":0.0005,"trade_duration":420,"profit_ratio":0.022443787436786603,"profit_abs":8.97670435,"exit_reason":"trailing_stop_loss","initial_stop_loss_abs":14.1643,"initial_stop_loss_ratio":-0.03,"stop_loss_abs":14.55696,"stop_loss_ratio":-0.02,"min_rate":14.28,"max_rate":14.704,"is_open":false,"enter_tag":"","leverage":2,"is_short":false,"open_timestamp":1764775800000,"close_timestamp":1764801000000,"orders":[{"amount":55.6,"safe_price":14.38,"ft_order_side":"buy","order_filled_timestamp":1764775800000,"ft_is_entry":true,"ft_order_tag":"","cost":799.927764},{"amount":55.6,"safe_price":14.55696,"ft_order_side":"sell","order_filled_timestamp":1764801000000,"ft_is_entry":false,"ft_order_tag":"trailing_stop_loss","cost":809.771659488}],"funding_fees":-0.0578241660968657,"weekday":2},{"pair":"LINK/USDT:USDT","stake_amount":399.7521,"max_stake_amount":399.7521,"amount":54.2,"open_date":"2025-12-04 01:00:00+00:00","close_date":"2025-12-04 04:30:00+00:00","open_rate":14.751,"close_rate":14.529734999999999,"fee_open":0.0005,"fee_close":0.0005,"trade_duration":210,"profit_ratio":-0.031969015496004324,"profit_abs":-12.78607092,"exit_reason":"stop_loss","initial_stop_loss_abs":14.529734999999999,"initial_stop_loss_ratio":-0.03,"stop_loss_abs":14.529734999999999,"stop_loss_ratio":-0.03,"min_rate":14.418,"max_rate":14.923,"is_open":false,"enter_tag":"","leverage":2,"is_short":false,"open_timestamp":1764810000000,"close_timestamp":1764822600000,"orders":[{"amount":54.2,"safe_price":14.751,"ft_order_side":"buy","order_filled_timestamp":1764810000000,"ft_is_entry":true,"ft_order_tag":"","cost":799.9039521},{"amount":54.2,"safe_price":14.529734999999999,"ft_order_side":"sell","order_filled_timestamp":1764822600000,"ft_is_entry":false,"ft_order_tag":"stop_loss","cost":787.9053928184999}],"funding_fees":0.0,"weekday":3},{"pair":"SOL/USDT:USDT","stake_amount":399.4845,"max_stake_amount":399.4845,"amount":5.7,"open_date":"2025-12-05 07:30:00+00:00","close_date":"2025-12-05 08:30:00+00:00","open_rate":140.17,"close_rate":138.06744999999998,"fee_open":0.0005,"fee_close":0.0005,"trade_duration":60,"profit_ratio":-0.03193033119884025,"profit_abs":-12.76205023,"exit_reason":"stop_loss","initial_stop_loss_abs":138.06744999999998,"initial_stop_loss_ratio":-0.03,"stop_loss_abs":138.06744999999998,"stop_loss_ratio":-0.03,"min_rate":137.74,"max_rate":140.34,"is_open":false,"enter_tag":"","leverage":2,"is_short":false,"open_timestamp":1764919800000,"close_timestamp":1764923400000,"orders":[{"amount":5.7,"safe_price":140.17,"ft_order_side":"buy","order_filled_timestamp":1764919800000,"ft_is_entry":true,"ft_order_tag":"","cost":799.3684844999999},{"amount":5.7,"safe_price":138.06744999999998,"ft_order_side":"sell","order_filled_timestamp":1764923400000,"ft_is_entry":false,"ft_order_tag":"stop_loss","cost":787.3779572324999}],"funding_fees":0.015461501416634117,"weekday":4},{"pair":"SOL/USDT:USDT","stake_amount":399.88635,"max_stake_amount":399.88635,"amount":5.79,"open_date":"2025-12-08 13:30:00+00:00","close_date":"2025-12-08 15:00:00+00:00","open_rate":138.13,"close_rate":136.05804999999998,"fee_open":0.0005,"fee_close":0.0005,"trade_duration":90,"profit_ratio":-0.03196901548038144,"profit_abs":-12.7903649,"exit_reason":"stop_loss","initial_stop_loss_abs":136.05804999999998,"initial_stop_loss_ratio":-0.03,"stop_loss_abs":136.05804999999998,"stop_loss_ratio":-0.03,"min_rate":135.29,"max_rate":139.25,"is_open":false,"enter_tag":"","leverage":2,"is_short":false,"open_timestamp":1765200600000,"close_timestamp":1765206000000,"orders":[{"amount":5.79,"safe_price":138.13,"ft_order_side":"buy","order_filled_timestamp":1765200600000,"ft_is_entry":true,"ft_order_tag":"","cost":800.17258635},{"amount":5.79,"safe_price":136.05804999999998,"ft_order_side":"sell","order_filled_timestamp":1765206000000,"ft_is_entry":false,"ft_order_tag":"stop_loss","cost":788.1699975547498}],"funding_fees":0.0,"weekday":0},{"pair":"SOL/USDT:USDT","stake_amount":399.888,"max_stake_amount":399.888,"amount":5.76,"open_date":"2025-12-12 06:00:00+00:00","close_date":"2025-12-12 15:00:00+00:00","open_rate":138.85,"close_rate":136.76725,"fee_open":0.0005,"fee_close":0.0005,"trade_duration":540,"profit_ratio":-0.032169203478923124,"profit_abs":-12.87051048,"exit_reason":"stop_loss","initial_stop_loss_abs":136.76725,"initial_stop_loss_ratio":-0.03,"stop_loss_abs":136.76725,"stop_loss_ratio":-0.03,"min_rate":135.5,"max_rate":140.13,"is_open":false,"enter_tag":"","leverage":2,"is_short":false,"open_timestamp":1765519200000,"close_timestamp":1765551600000,"orders":[{"amount":5.76,"safe_price":138.85,"ft_order_side":"buy","order_filled_timestamp":1765519200000,"ft_is_entry":true,"ft_order_tag":"","cost":800.1758879999999},{"amount":5.76,"safe_price":136.76725,"ft_order_side":"sell","order_filled_timestamp":1765551600000,"ft_is_entry":false,"ft_order_tag":"stop_loss","cost":788.1732496799998}],"funding_fees":-0.0800928,"weekday":4},{"pair":"SOL/USDT:USDT","stake_amount":399.8414,"max_stake_amount":399.8414,"amount":6.23,"open_date":"2026-01-02 09:30:00+00:00","close_date":"2026-01-02 16:00:00+00:00","open_rate":128.36,"close_rate":129.2643,"fee_open":0.0005,"fee_close":0.0005,"trade_duration":390,"profit_ratio":0.012066952637675361,"profit_abs":4.82727967,"exit_reason":"trailing_stop_loss","initial_stop_loss_abs":126.43460000000002,"initial_stop_loss_ratio":-0.03,"stop_loss_abs":129.2643,"stop_loss_ratio":-0.02,"min_rate":126.74,"max_rate":130.57,"is_open":false,"enter_tag":"","leverage":2,"is_short":false,"open_timestamp":1767346200000,"close_timestamp":1767369600000,"orders":[{"amount":6.23,"safe_price":128.36,"ft_order_side":"buy","order_filled_timestamp":1767346200000,"ft_is_entry":true,"ft_order_tag":"","cost":800.0826414},{"amount":6.23,"safe_price":129.2643,"ft_order_side":"sell","order_filled_timestamp":1767369600000,"ft_is_entry":false,"ft_order_tag":"trailing_stop_loss","cost":805.7192472945}],"funding_fees":-0.00400963727664687,"weekday":4},{"pair":"ETH/USDT:USDT","stake_amount":398.95583,"max_stake_amount":398.95583,"amount":0.259,"open_date":"2026-01-02 15:00:00+00:00","close_date":"2026-01-02 16:30:00+00:00","open_rate":3080.74,"close_rate":3114.045,"fee_open":0.0005,"fee_close":0.0005,"trade_duration":90,"profit_ratio":0.019829696669561823,"profit_abs":7.91512868,"exit_reason":"trailing_stop_loss","initial_stop_loss_abs":3034.5289,"initial_stop_loss_ratio":-0.03,"stop_loss_abs":3114.045,"stop_loss_ratio":-0.02,"min_rate":3053.05,"max_rate":3145.5,"is_open":false,"enter_tag":"","leverage":2,"is_short":false,"open_timestamp":1767366000000,"close_timestamp":1767371400000,"orders":[{"amount":0.259,"safe_price":3080.74,"ft_order_side":"buy","order_filled_timestamp":1767366000000,"ft_is_entry":true,"ft_order_tag":"","cost":798.31061583},{"amount":0.259,"safe_price":3114.045,"ft_order_side":"sell","order_filled_timestamp":1767371400000,"ft_is_entry":false,"ft_order_tag":"trailing_stop_loss","cost":806.9409238275}],"funding_fees":0.09135833790615717,"weekday":4},{"pair":"LINK/USDT:USDT","stake_amount":399.38015,"max_stake_amount":399.38015,"amount":61.1,"open_date":"2026-01-02 16:00:00+00:00","close_date":"2026-01-02 16:30:00+00:00","open_rate":13.073,"close_rate":13.20561,"fee_open":0.0005,"fee_close":0.0005,"trade_duration":30,"profit_ratio":0.01806840707640523,"profit_abs":7.21977121,"exit_reason":"trailing_stop_loss","initial_stop_loss_abs":12.876905,"initial_stop_loss_ratio":-0.03,"stop_loss_abs":13.20561,"stop_loss_ratio":-0.02,"min_rate":13.053,"max_rate":13.339,"is_open":false,"enter_tag":"","leverage":2,"is_short":false,"open_timestamp":1767369600000,"close_timestamp":1767371400000,"orders":[{"amount":61.1,"safe_price":13.073,"ft_order_side":"buy","order_filled_timestamp":1767369600000,"ft_is_entry":true,"ft_order_tag":"","cost":799.15968015},{"amount":61.1,"safe_price":13.20561,"ft_order_side":"sell","order_filled_timestamp":1767371400000,"ft_is_entry":false,"ft_order_tag":"trailing_stop_loss","cost":807.2662023855}],"funding_fees":-0.07988825000000001,"weekday":4},{"pair":"SOL/USDT:USDT","stake_amount":399.5912,"max_stake_amount":399.5912,"amount":6.14,"open_date":"2026-01-02 16:30:00+00:00","close_date":"2026-01-02 17:00:00+00:00","open_rate":130.16,"close_rate":130.9374,"fee_open":0.0005,"fee_close":0.0005,"trade_duration":30,"profit_ratio":0.00993435826146956,"profit_abs":3.97166698,"exit_reason":"trailing_stop_loss","initial_stop_loss_abs":128.20759999999999,"initial_stop_loss_ratio":-0.03,"stop_loss_abs":130.9374,"stop_loss_ratio":-0.02,"min_rate":130.15,"max_rate":132.26,"is_open":false,"enter_tag":"","leverage":2,"is_short":false,"open_timestamp":1767371400000,"close_timestamp":1767373200000,"orders":[{"amount":6.14,"safe_price":130.16,"ft_order_side":"buy","order_filled_timestamp":1767371400000,"ft_is_entry":true,"ft_order_tag":"","cost":799.5819911999998},{"amount":6.14,"safe_price":130.9374,"ft_order_side":"sell","order_filled_timestamp":1767373200000,"ft_is_entry":false,"ft_order_tag":"trailing_stop_loss","cost":804.3576138179999}],"funding_fees":0.0,"weekday":4},{"pair":"LINK/USDT:USDT","stake_amount":399.665,"max_stake_amount":399.665,"amount":60.1,"open_date":"2026-01-02 17:00:00+00:00","close_date":"2026-01-03 06:30:00+00:00","open_rate":13.3,"close_rate":13.1005,"fee_open":0.0005,"fee_close":0.0005,"trade_duration":810,"profit_ratio":-0.03216850971759313,"profit_abs":-12.86305575,"exit_reason":"stop_loss","initial_stop_loss_abs":13.1005,"initial_stop_loss_ratio":-0.03,"stop_loss_abs":13.1005,"stop_loss_ratio":-0.03,"min_rate":13.088,"max_rate":13.44,"is_open":false,"enter_tag":"","leverage":2,"is_short":false,"open_timestamp":1767373200000,"close_timestamp":1767421800000,"orders":[{"amount":60.1,"safe_price":13.3,"ft_order_side":"buy","order_filled_timestamp":1767373200000,"ft_is_entry":true,"ft_order_tag":"","cost":799.729665},{"amount":60.1,"safe_price":13.1005,"ft_order_side":"sell","order_filled_timestamp":1767421800000,"ft_is_entry":false,"ft_order_tag":"stop_loss","cost":787.733720025}],"funding_fees":-0.07977073,"weekday":5},{"pair":"SOL/USDT:USDT","stake_amount":399.9303,"max_stake_amount":399.9303,"amount":6.09,"open_date":"2026-01-02 17:30:00+00:00","close_date":"2026-01-04 00:00:00+00:00","open_rate":131.34,"close_rate":133.5708,"fee_open":0.0005,"fee_close":0.0005,"trade_duration":1830,"profit_ratio":0.03195650222860929,"profit_abs":12.78676371,"exit_reason":"trailing_stop_loss","initial_stop_loss_abs":129.3699,"initial_stop_loss_ratio":-0.03,"stop_loss_abs":133.5708,"stop_loss_ratio":-0.02,"min_rate":129.53,"max_rate":134.92,"is_open":false,"enter_tag":"","leverage":2,"is_short":false,"open_timestamp":1767375000000,"close_timestamp":1767484800000,"orders":[{"amount":6.09,"safe_price":131.34,"ft_order_side":"buy","order_filled_timestamp":1767375000000,"ft_is_entry":true,"ft_order_tag":"","cost":800.2605302999999},{"amount":6.09,"safe_price":133.5708,"ft_order_side":"sell","order_filled_timestamp":1767484800000,"ft_is_entry":false,"ft_order_tag":"trailing_stop_loss","cost":813.8528950859999}],"funding_fees":0.007845091034354702,"weekday":6},{"pair":"ETH/USDT:USDT","stake_amount":399.80362,"max_stake_amount":399.80362,"amount":0.254,"open_date":"2026-01-04 02:00:00+00:00","close_date":"2026-01-05 01:30:00+00:00","open_rate":3148.06,"close_rate":3189.7799999999997,"fee_open":0.0005,"fee_close":0.0005,"trade_duration":1410,"profit_ratio":0.024350897601913293,"profit_abs":9.7404448,"exit_reason":"trailing_stop_loss","initial_stop_loss_abs":3100.8390999999997,"initial_stop_loss_ratio":-0.03,"stop_loss_abs":3189.7799999999997,"stop_loss_ratio":-0.02,"min_rate":3116.14,"max_rate":3222.0,"is_open":false,"enter_tag":"","leverage":2,"is_short":false,"open_timestamp":1767492000000,"close_timestamp":1767576600000,"orders":[{"amount":0.254,"safe_price":3148.06,"ft_order_side":"buy","order_filled_timestamp":1767492000000,"ft_is_entry":true,"ft_order_tag":"","cost":800.00704362},{"amount":0.254,"safe_price":3189.7799999999997,"ft_order_side":"sell","order_filled_timestamp":1767576600000,"ft_is_entry":false,"ft_order_tag":"trailing_stop_loss","cost":810.60922206}],"funding_fees":-0.05152952376345006,"weekday":0},{"pair":"ETH/USDT:USDT","stake_amount":398.89206,"max_stake_amount":398.89206,"amount":0.252,"open_date":"2026-01-05 05:00:00+00:00","close_date":"2026-01-05 17:30:00+00:00","open_rate":3165.81,"close_rate":3196.6605,"fee_open":0.0005,"fee_close":0.0005,"trade_duration":750,"profit_ratio":0.017263833847373553,"profit_abs":6.88984945,"exit_reason":"trailing_stop_loss","initial_stop_loss_abs":3118.32285,"initial_stop_loss_ratio":-0.03,"stop_loss_abs":3196.6605,"stop_loss_ratio":-0.02,"min_rate":3132.02,"max_rate":3228.95,"is_open":false,"enter_tag":"","leverage":2,"is_short":false,"open_timestamp":1767589200000,"close_timestamp":1767634200000,"orders":[{"amount":0.252,"safe_price":3165.81,"ft_order_side":"buy","order_filled_timestamp":1767589200000,"ft_is_entry":true,"ft_order_tag":"","cost":798.18301206},{"amount":0.252,"safe_price":3196.6605,"ft_order_side":"sell","order_filled_timestamp":1767634200000,"ft_is_entry":false,"ft_order_tag":"trailing_stop_loss","cost":805.9612252229999}],"funding_fees":-0.08280526367712304,"weekday":0},{"pair":"BTC/USDT:USDT","stake_amount":397.69128,"max_stake_amount":397.69128,"amount":0.0084,"open_date":"2026-01-05 20:30:00+00:00","close_date":"2026-01-06 07:00:00+00:00","open_rate":94688.4,"close_rate":93268.074,"fee_open":0.0005,"fee_close":0.0005,"trade_duration":630,"profit_ratio":-0.03186682941579721,"profit_abs":-12.67949676,"exit_reason":"stop_loss","initial_stop_loss_abs":93268.074,"initial_stop_loss_ratio":-0.03,"stop_loss_abs":93268.074,"stop_loss_ratio":-0.03,"min_rate":93257.6,"max_rate":94688.4,"is_open":false,"enter_tag":"","leverage":2,"is_short":false,"open_timestamp":1767645000000,"close_timestamp":1767682800000,"orders":[{"amount":0.0084,"safe_price":94688.4,"ft_order_side":"buy","order_filled_timestamp":1767645000000,"ft_is_entry":true,"ft_order_tag":"","cost":795.7802512799999},{"amount":0.0084,"safe_price":93268.074,"ft_order_side":"sell","order_filled_timestamp":1767682800000,"ft_is_entry":false,"ft_order_tag":"stop_loss","cost":783.8435475107999}],"funding_fees":0.04065883273545115,"weekday":1},{"pair":"ETH/USDT:USDT","stake_amount":398.47695,"max_stake_amount":398.47695,"amount":0.246,"open_date":"2026-01-06 11:30:00+00:00","close_date":"2026-01-06 14:00:00+00:00","open_rate":3239.65,"close_rate":3275.5635,"fee_open":0.0005,"fee_close":0.0005,"trade_duration":150,"profit_ratio":0.020150061559304166,"profit_abs":8.03334974,"exit_reason":"trailing_stop_loss","initial_stop_loss_abs":3191.05525,"initial_stop_loss_ratio":-0.03,"stop_loss_abs":3275.5635,"stop_loss_ratio":-0.02,"min_rate":3227.66,"max_rate":3308.65,"is_open":false,"enter_tag":"","leverage":2,"is_short":false,"open_timestamp":1767699000000,"close_timestamp":1767708000000,"orders":[{"amount":0.246,"safe_price":3239.65,"ft_order_side":"buy","order_filled_timestamp":1767699000000,"ft_is_entry":true,"ft_order_tag":"","cost":797.3523769499999},{"amount":0.246,"safe_price":3275.5635,"ft_order_side":"sell","order_filled_timestamp":1767708000000,"ft_is_entry":false,"ft_order_tag":"trailing_stop_loss","cost":806.1915153105}],"funding_fees":0.0,"weekday":1},{"pair":"ETH/USDT:USDT","stake_amount":398.78212,"max_stake_amount":398.78212,"amount":0.242,"open_date":"2026-01-06 15:30:00+00:00","close_date":"2026-01-06 16:00:00+00:00","open_rate":3295.72,"close_rate":3246.2841999999996,"fee_open":0.0005,"fee_close":0.0005,"trade_duration":30,"profit_ratio":-0.03196242433921269,"profit_abs":-12.75241636,"exit_reason":"stop_loss","initial_stop_loss_abs":3246.2841999999996,"initial_stop_loss_ratio":-0.03,"stop_loss_abs":3246.2841999999996,"stop_loss_ratio":-0.03,"min_rate":3245.8,"max_rate":3298.23,"is_open":false,"enter_tag":"","leverage":2,"is_short":false,"open_timestamp":1767713400000,"close_timestamp":1767715200000,"orders":[{"amount":0.242,"safe_price":3295.72,"ft_order_side":"buy","order_filled_timestamp":1767713400000,"ft_is_entry":true,"ft_order_tag":"","cost":797.9630221199999},{"amount":0.242,"safe_price":3246.2841999999996,"ft_order_side":"sell","order_filled_timestamp":1767715200000,"ft_is_entry":false,"ft_order_tag":"stop_loss","cost":785.9935767881998}],"funding_fees":0.002629745527278497,"weekday":1},{"pair":"ETH/USDT:USDT","stake_amount":399.8115,"max_stake_amount":399.8115,"amount":0.246,"open_date":"2026-01-06 17:00:00+00:00","close_date":"2026-01-06 17:30:00+00:00","open_rate":3250.5,"close_rate":3201.7425,"fee_open":0.0005,"fee_close":0.0005,"trade_duration":30,"profit_ratio":-0.0319690154985037,"profit_abs":-12.78797083,"exit_reason":"stop_loss","initial_stop_loss_abs":3201.7425,"initial_stop_loss_ratio":-0.03,"stop_loss_abs":3201.7425,"stop_loss_ratio":-0.03,"min_rate":3188.13,"max_rate":3259.0,"is_open":false,"enter_tag":"","leverage":2,"is_short":false,"open_timestamp":1767718800000,"close_timestamp":1767720600000,"orders":[{"amount":0.246,"safe_price":3250.5,"ft_order_side":"buy","order_filled_timestamp":1767718800000,"ft_is_entry":true,"ft_order_tag":"","cost":800.0228114999999},{"amount":0.246,"safe_price":3201.7425,"ft_order_side":"sell","order_filled_timestamp":1767720600000,"ft_is_entry":false,"ft_order_tag":"stop_loss","cost":788.0224693275}],"funding_fees":0.0,"weekday":1},{"pair":"SOL/USDT:USDT","stake_amount":399.7863,"max_stake_amount":399.7863,"amount":5.63,"open_date":"2026-01-12 02:30:00+00:00","close_date":"2026-01-12 03:00:00+00:00","open_rate":142.02,"close_rate":142.9164,"fee_open":0.0005,"fee_close":0.0005,"trade_duration":30,"profit_ratio":0.01061195636922449,"profit_abs":4.24463603,"exit_reason":"trailing_stop_loss","initial_stop_loss_abs":139.8897,"initial_stop_loss_ratio":-0.03,"stop_loss_abs":142.9164,"stop_loss_ratio":-0.02,"min_rate":141.67,"max_rate":144.36,"is_open":false,"enter_tag":"","leverage":2,"is_short":false,"open_timestamp":1768185000000,"close_timestamp":1768186800000,"orders":[{"amount":5.63,"safe_price":142.02,"ft_order_side":"buy","order_filled_timestamp":1768185000000,"ft_is_entry":true,"ft_order_tag":"","cost":799.9723863},{"amount":5.63,"safe_price":142.9164,"ft_order_side":"sell","order_filled_timestamp":1768186800000,"ft_is_entry":false,"ft_order_tag":"trailing_stop_loss","cost":805.0216416659999}],"funding_fees":0.0,"weekday":0},{"pair":"SOL/USDT:USDT","stake_amount":399.4804,"max_stake_amount":399.4804,"amount":5.57,"open_date":"2026-01-12 03:30:00+00:00","close_date":"2026-01-12 08:00:00+00:00","open_rate":143.44,"close_rate":141.2884,"fee_open":0.0005,"fee_close":0.0005,"trade_duration":270,"profit_ratio":-0.0321612916107559,"profit_abs":-12.85422954,"exit_reason":"stop_loss","initial_stop_loss_abs":141.2884,"initial_stop_loss_ratio":-0.03,"stop_loss_abs":141.2884,"stop_loss_ratio":-0.03,"min_rate":141.08,"max_rate":143.56,"is_open":false,"enter_tag":"","leverage":2,"is_short":false,"open_timestamp":1768188600000,"close_timestamp":1768204800000,"orders":[{"amount":5.57,"safe_price":143.44,"ft_order_side":"buy","order_filled_timestamp":1768188600000,"ft_is_entry":true,"ft_order_tag":"","cost":799.3602804},{"amount":5.57,"safe_price":141.2884,"ft_order_side":"sell","order_filled_timestamp":1768204800000,"ft_is_entry":false,"ft_order_tag":"stop_loss","cost":787.369876194}],"funding_fees":-0.07684894747259675,"weekday":0},{"pair":"ETH/USDT:USDT","stake_amount":399.875,"max_stake_amount":399.875,"amount":0.25,"open_date":"2026-01-13 19:00:00+00:00","close_date":"2026-01-13 22:00:00+00:00","open_rate":3199.0,"close_rate":3298.2186093046516,"fee_open":0.0005,"fee_close":0.0005,"trade_duration":180,"profit_ratio":0.05997001499250375,"profit_abs":23.9925,"exit_reason":"roi","initial_stop_loss_abs":3151.015,"initial_stop_loss_ratio":-0.03,"stop_loss_abs":3364.02,"stop_loss_ratio":-0.02,"min_rate":3188.52,"max_rate":3398.0,"is_open":false,"enter_tag":"","leverage":2,"is_short":false,"open_timestamp":1768330800000,"close_timestamp":1768341600000,"orders":[{"amount":0.25,"safe_price":3199.0,"ft_order_side":"buy","order_filled_timestamp":1768330800000,"ft_is_entry":true,"ft_order_tag":"","cost":800.149875},{"amount":0.25,"safe_price":3298.2186093046516,"ft_order_side":"sell","order_filled_timestamp":1768341600000,"ft_is_entry":false,"ft_order_tag":"roi","cost":824.9669296523259}],"funding_fees":0.0,"weekday":1},{"pair":"SOL/USDT:USDT","stake_amount":399.34875,"max_stake_amount":399.34875,"amount":5.45,"open_date":"2026-01-13 22:30:00+00:00","close_date":"2026-01-14 00:30:00+00:00","open_rate":146.55,"close_rate":144.35175,"fee_open":0.0005,"fee_close":0.0005,"trade_duration":120,"profit_ratio":-0.03216742874184685,"profit_abs":-12.85244547,"exit_reason":"stop_loss","initial_stop_loss_abs":144.35175,"initial_stop_loss_ratio":-0.03,"stop_loss_abs":144.35175,"stop_loss_ratio":-0.03,"min_rate":144.3,"max_rate":147.66,"is_open":false,"enter_tag":"","leverage":2,"is_short":false,"open_timestamp":1768343400000,"close_timestamp":1768350600000,"orders":[{"amount":5.45,"safe_price":146.55,"ft_order_side":"buy","order_filled_timestamp":1768343400000,"ft_is_entry":true,"ft_order_tag":"","cost":799.09684875},{"amount":5.45,"safe_price":144.35175,"ft_order_side":"sell","order_filled_timestamp":1768350600000,"ft_is_entry":false,"ft_order_tag":"stop_loss","cost":787.1103960187501}],"funding_fees":-0.07927570000000002,"weekday":2},{"pair":"ETH/USDT:USDT","stake_amount":398.50019,"max_stake_amount":398.50019,"amount":0.242,"open_date":"2026-01-14 12:30:00+00:00","close_date":"2026-01-14 14:30:00+00:00","open_rate":3293.39,"close_rate":3323.7567,"fee_open":0.0005,"fee_close":0.0005,"trade_duration":120,"profit_ratio":0.016423566204255922,"profit_abs":6.54806665,"exit_reason":"trailing_stop_loss","initial_stop_loss_abs":3243.98915,"initial_stop_loss_ratio":-0.03,"stop_loss_abs":3323.7567,"stop_loss_ratio":-0.02,"min_rate":3288.2,"max_rate":3357.33,"is_open":false,"enter_tag":"","leverage":2,"is_short":false,"open_timestamp":1768393800000,"close_timestamp":1768401000000,"orders":[{"amount":0.242,"safe_price":3293.39,"ft_order_side":"buy","order_filled_timestamp":1768393800000,"ft_is_entry":true,"ft_order_tag":"","cost":797.3988801899999},{"amount":0.242,"safe_price":3323.7567,"ft_order_side":"sell","order_filled_timestamp":1768401000000,"ft_is_entry":false,"ft_order_tag":"trailing_stop_loss","cost":804.7512959606998}],"funding_fees":0.0,"weekday":2},{"pair":"ETH/USDT:USDT","stake_amount":398.34298,"max_stake_amount":398.34298,"amount":0.238,"open_date":"2026-01-14 15:00:00+00:00","close_date":"2026-01-14 16:30:00+00:00","open_rate":3347.42,"close_rate":3369.4056,"fee_open":0.0005,"fee_close":0.0005,"trade_duration":90,"profit_ratio":0.010924009176252063,"profit_abs":4.35367812,"exit_reason":"trailing_stop_loss","initial_stop_loss_abs":3297.2087,"initial_stop_loss_ratio":-0.03,"stop_loss_abs":3369.4056,"stop_loss_ratio":-0.02,"min_rate":3326.01,"max_rate":3403.44,"is_open":false,"enter_tag":"","leverage":2,"is_short":false,"open_timestamp":1768402800000,"close_timestamp":1768408200000,"orders":[{"amount":0.238,"safe_price":3347.42,"ft_order_side":"buy","order_filled_timestamp":1768402800000,"ft_is_entry":true,"ft_order_tag":"","cost":797.08430298},{"amount":0.238,"safe_price":3369.4056,"ft_order_side":"sell","order_filled_timestamp":1768408200000,"ft_is_entry":false,"ft_order_tag":"trailing_stop_loss","cost":802.3194920663999}],"funding_fees":-0.079592436,"weekday":2},{"pair":"SOL/USDT:USDT","stake_amount":399.6896,"max_stake_amount":399.6896,"amount":9.44,"open_date":"2026-02-14 06:30:00+00:00","close_date":"2026-02-14 08:00:00+00:00","open_rate":84.68,"close_rate":85.2291,"fee_open":0.0005,"fee_close":0.0005,"trade_duration":90,"profit_ratio":0.011001810868502323,"profit_abs":4.39950804,"exit_reason":"trailing_stop_loss","initial_stop_loss_abs":83.4098,"initial_stop_loss_ratio":-0.03,"stop_loss_abs":85.2291,"stop_loss_ratio":-0.02,"min_rate":84.62,"max_rate":86.09,"is_open":false,"enter_tag":"","leverage":2,"is_short":false,"open_timestamp":1771050600000,"close_timestamp":1771056000000,"orders":[{"amount":9.44,"safe_price":84.68,"ft_order_side":"buy","order_filled_timestamp":1771050600000,"ft_is_entry":true,"ft_order_tag":"","cost":799.7788896},{"amount":9.44,"safe_price":85.2291,"ft_order_side":"sell","order_filled_timestamp":1771056000000,"ft_is_entry":false,"ft_order_tag":"trailing_stop_loss","cost":804.9649853519999}],"funding_fees":0.01797499015963269,"weekday":5},{"pair":"LINK/USDT:USDT","stake_amount":399.9468,"max_stake_amount":399.9468,"amount":90.2,"open_date":"2026-02-14 02:00:00+00:00","close_date":"2026-02-14 11:00:00+00:00","open_rate":8.868,"close_rate":8.943660000000001,"fee_open":0.0005,"fee_close":0.0005,"trade_duration":540,"profit_ratio":0.01505946845153294,"profit_abs":6.02599771,"exit_reason":"trailing_stop_loss","initial_stop_loss_abs":8.73498,"initial_stop_loss_ratio":-0.03,"stop_loss_abs":8.943660000000001,"stop_loss_ratio":-0.02,"min_rate":8.787,"max_rate":9.034,"is_open":false,"enter_tag":"","leverage":2,"is_short":false,"open_timestamp":1771034400000,"close_timestamp":1771066800000,"orders":[{"amount":90.2,"safe_price":8.868,"ft_order_side":"buy","order_filled_timestamp":1771034400000,"ft_is_entry":true,"ft_order_tag":"","cost":800.2935468000001},{"amount":90.2,"safe_price":8.943660000000001,"ft_order_side":"sell","order_filled_timestamp":1771066800000,"ft_is_entry":false,"ft_order_tag":"trailing_stop_loss","cost":807.1214910660002}],"funding_fees":0.004771577886278077,"weekday":5},{"pair":"BTC/USDT:USDT","stake_amount":397.784425,"max_stake_amount":397.784425,"amount":0.0115,"open_date":"2026-02-14 08:00:00+00:00","close_date":"2026-02-14 11:00:00+00:00","open_rate":69179.9,"close_rate":69757.28099999999,"fee_open":0.0005,"fee_close":0.0005,"trade_duration":180,"profit_ratio":0.014689771422952443,"profit_abs":5.84628396,"exit_reason":"trailing_stop_loss","initial_stop_loss_abs":68142.2015,"initial_stop_loss_ratio":-0.03,"stop_loss_abs":69757.28099999999,"stop_loss_ratio":-0.02,"min_rate":69171.4,"max_rate":70461.9,"is_open":false,"enter_tag":"","leverage":2,"is_short":false,"open_timestamp":1771056000000,"close_timestamp":1771066800000,"orders":[{"amount":0.0115,"safe_price":69179.9,"ft_order_side":"buy","order_filled_timestamp":1771056000000,"ft_is_entry":true,"ft_order_tag":"","cost":795.9666344249998},{"amount":0.0115,"safe_price":69757.28099999999,"ft_order_side":"sell","order_filled_timestamp":1771066800000,"ft_is_entry":false,"ft_order_tag":"trailing_stop_loss","cost":802.6098358657498}],"funding_fees":0.005291246665423755,"weekday":5},{"pair":"SOL/USDT:USDT","stake_amount":399.7792,"max_stake_amount":399.7792,"amount":9.22,"open_date":"2026-02-14 11:30:00+00:00","close_date":"2026-02-14 16:30:00+00:00","open_rate":86.72,"close_rate":87.3081,"fee_open":0.0005,"fee_close":0.0005,"trade_duration":300,"profit_ratio":0.011631364491210142,"profit_abs":4.65230258,"exit_reason":"trailing_stop_loss","initial_stop_loss_abs":85.4192,"initial_stop_loss_ratio":-0.03,"stop_loss_abs":87.3081,"stop_loss_ratio":-0.02,"min_rate":85.95,"max_rate":88.19,"is_open":false,"enter_tag":"","leverage":2,"is_short":false,"open_timestamp":1771068600000,"close_timestamp":1771086600000,"orders":[{"amount":9.22,"safe_price":86.72,"ft_order_side":"buy","order_filled_timestamp":1771068600000,"ft_is_entry":true,"ft_order_tag":"","cost":799.9581792},{"amount":9.22,"safe_price":87.3081,"ft_order_side":"sell","order_filled_timestamp":1771086600000,"ft_is_entry":false,"ft_order_tag":"trailing_stop_loss","cost":805.383172341}],"funding_fees":0.03229011842504765,"weekday":5},{"pair":"LINK/USDT:USDT","stake_amount":399.6822,"max_stake_amount":399.6822,"amount":88.7,"open_date":"2026-02-14 11:30:00+00:00","close_date":"2026-02-14 20:00:00+00:00","open_rate":9.012,"close_rate":9.09117,"fee_open":0.0005,"fee_close":0.0005,"trade_duration":510,"profit_ratio":0.015420313307988666,"profit_abs":6.16630636,"exit_reason":"trailing_stop_loss","initial_stop_loss_abs":8.87682,"initial_stop_loss_ratio":-0.03,"stop_loss_abs":9.09117,"stop_loss_ratio":-0.02,"min_rate":8.901,"max_rate":9.188,"is_open":false,"enter_tag":"","leverage":2,"is_short":false,"open_timestamp":1771068600000,"close_timestamp":1771099200000,"orders":[{"amount":88.7,"safe_price":9.012,"ft_order_side":"buy","order_filled_timestamp":1771068600000,"ft_is_entry":true,"ft_order_tag":"","cost":799.7640822},{"amount":88.7,"safe_price":9.09117,"ft_order_side":"sell","order_filled_timestamp":1771099200000,"ft_is_entry":false,"ft_order_tag":"trailing_stop_loss","cost":806.7899723895}],"funding_fees":-0.05319705541665397,"weekday":5},{"pair":"SOL/USDT:USDT","stake_amount":399.7924,"max_stake_amount":399.7924,"amount":9.08,"open_date":"2026-02-14 17:00:00+00:00","close_date":"2026-02-15 04:00:00+00:00","open_rate":88.06,"close_rate":88.8525,"fee_open":0.0005,"fee_close":0.0005,"trade_duration":660,"profit_ratio":0.01611120074367072,"profit_abs":6.44435618,"exit_reason":"trailing_stop_loss","initial_stop_loss_abs":86.73910000000001,"initial_stop_loss_ratio":-0.03,"stop_loss_abs":88.8525,"stop_loss_ratio":-0.02,"min_rate":87.15,"max_rate":89.75,"is_open":false,"enter_tag":"","leverage":2,"is_short":false,"open_timestamp":1771088400000,"close_timestamp":1771128000000,"orders":[{"amount":9.08,"safe_price":88.06,"ft_order_side":"buy","order_filled_timestamp":1771088400000,"ft_is_entry":true,"ft_order_tag":"","cost":799.9845923999999},{"amount":9.08,"safe_price":88.8525,"ft_order_side":"sell","order_filled_timestamp":1771128000000,"ft_is_entry":false,"ft_order_tag":"trailing_stop_loss","cost":807.18409035}],"funding_fees":0.05163893235872765,"weekday":6}],"locks":[],"best_pair":{"key":"ETH/USDT:USDT","trades":10,"profit_mean":0.01177873729309666,"profit_mean_pct":1.18,"profit_total_abs":47.05506227,"profit_total":0.04705506227,"profit_total_pct":4.71,"duration_avg":"5:54:00","wins":8,"draws":0,"losses":2,"winrate":0.8,"cagr":0.20500126053708145,"expectancy":4.705506227,"expectancy_ratio":0.36847571589223027,"sortino":561.8832189937606,"sharpe":0.9804282918340945,"calmar":40.584025233546754,"sqn":1.3856,"profit_factor":2.8423785794611516,"max_drawdown_account":0.024612467514316706,"max_drawdown_abs":25.540387189999997},"worst_pair":{"key":"SOL/USDT:USDT","trades":12,"profit_mean":-0.004756927075865474,"profit_mean_pct":-0.48,"profit_total_abs":-22.803087429999994,"profit_total":-0.022803087429999994,"profit_total_pct":-2.28,"duration_avg":"6:08:00","wins":7,"draws":0,"losses":5,"winrate":0.5833333333333334,"cagr":-0.08930742888923948,"expectancy":-1.9002572858333324,"expectancy_ratio":-0.14815757992111234,"sortino":-115.14199054213029,"sharpe":-0.5096943715189425,"calmar":-12.598160740134347,"sqn":-0.6636,"profit_factor":0.6444218081893305,"max_drawdown_account":0.03842292560999999,"max_drawdown_abs":38.42292561},"results_per_pair":[{"key":"ETH/USDT:USDT","trades":10,"profit_mean":0.01177873729309666,"profit_mean_pct":1.18,"profit_total_abs":47.05506227,"profit_total":0.04705506227,"profit_total_pct":4.71,"duration_avg":"5:54:00","wins":8,"draws":0,"losses":2,"winrate":0.8,"cagr":0.20500126053708145,"expectancy":4.705506227,"expectancy_ratio":0.36847571589223027,"sortino":561.8832189937606,"sharpe":0.9804282918340945,"calmar":40.584025233546754,"sqn":1.3856,"profit_factor":2.8423785794611516,"max_drawdown_account":0.024612467514316706,"max_drawdown_abs":25.540387189999997},{"key":"LINK/USDT:USDT","trades":6,"profit_mean":0.0011424085098526646,"profit_mean_pct":0.11,"profit_total_abs":2.7396529600000026,"profit_total":0.0027396529600000026,"profit_total_pct":0.27,"duration_avg":"7:00:00","wins":4,"draws":0,"losses":2,"winrate":0.6666666666666666,"cagr":0.01115740735777293,"expectancy":0.4566088266666668,"expectancy_ratio":0.035604239671889415,"sortino":15.108603231270653,"sharpe":0.061603663718402174,"calmar":3.183981005631338,"sqn":0.1082,"profit_factor":1.1068127190156685,"max_drawdown_account":0.01826539243229854,"max_drawdown_abs":18.429355459999996},{"key":"BTC/USDT:USDT","trades":3,"profit_mean":0.0012678722363536198,"profit_mean_pct":0.13,"profit_total_abs":1.5406717600000013,"profit_total":0.0015406717600000013,"profit_total_pct":0.15,"duration_avg":"16:30:00","wins":2,"draws":0,"losses":1,"winrate":0.6666666666666666,"cagr":0.00626300267422919,"expectancy":0.5135572533333344,"expectancy_ratio":0.04050296814250953,"sortino":-100,"sharpe":0.03484520480219094,"calmar":2.600959665730795,"sqn":0.0774,"profit_factor":1.1215089044275288,"max_drawdown_account":0.012574201845313215,"max_drawdown_abs":12.67949676},{"key":"SOL/USDT:USDT","trades":12,"profit_mean":-0.004756927075865474,"profit_mean_pct":-0.48,"profit_total_abs":-22.803087429999994,"profit_total":-0.022803087429999994,"profit_total_pct":-2.28,"duration_avg":"6:08:00","wins":7,"draws":0,"losses":5,"winrate":0.5833333333333334,"cagr":-0.08930742888923948,"expectancy":-1.9002572858333324,"expectancy_ratio":-0.14815757992111234,"sortino":-115.14199054213029,"sharpe":-0.5096943715189425,"calmar":-12.598160740134347,"sqn":-0.6636,"profit_factor":0.6444218081893305,"max_drawdown_account":0.03842292560999999,"max_drawdown_abs":38.42292561},{"key":"TOTAL","trades":31,"profit_mean":0.0023020101867341223,"profit_mean_pct":0.23,"profit_total_abs":28.53229955999999,"profit_total":0.02853229955999999,"profit_total_pct":2.85,"duration_avg":"7:14:00","wins":21,"draws":0,"losses":10,"winrate":0.6774193548387096,"cagr":0.1208577852126691,"expectancy":0.92039676,"expectancy_ratio":0.07190677704105997,"sortino":104.96518450650453,"sharpe":0.5999134657950554,"calmar":12.093340739554543,"sqn":0.4993,"profit_factor":1.2229110088272859,"max_drawdown_account":0.05008346966790605,"max_drawdown_abs":51.20899653}],"results_per_enter_tag":[{"key":"","trades":31,"profit_mean":0.0023020101867341223,"profit_mean_pct":0.23,"profit_total_abs":28.53229955999999,"profit_total":0.02853229955999999,"profit_total_pct":2.85,"duration_avg":"7:14:00","wins":21,"draws":0,"losses":10,"winrate":0.6774193548387096,"cagr":0.1208577852126691,"expectancy":0.92039676,"expectancy_ratio":0.07190677704105997,"sortino":104.96518450650453,"sharpe":0.5999134657950554,"calmar":12.093340739554543,"sqn":0.4993,"profit_factor":1.2229110088272859,"max_drawdown_account":0.05008346966790605,"max_drawdown_abs":51.20899653},{"key":"TOTAL","trades":31,"profit_mean":0.0023020101867341223,"profit_mean_pct":0.23,"profit_total_abs":28.53229955999999,"profit_total":0.02853229955999999,"profit_total_pct":2.85,"duration_avg":"7:14:00","wins":21,"draws":0,"losses":10,"winrate":0.6774193548387096,"cagr":0.1208577852126691,"expectancy":0.92039676,"expectancy_ratio":0.07190677704105997,"sortino":104.96518450650453,"sharpe":0.5999134657950554,"calmar":12.093340739554543,"sqn":0.4993,"profit_factor":1.2229110088272859,"max_drawdown_account":0.05008346966790605,"max_drawdown_abs":51.20899653}],"exit_reason_summary":[{"key":"trailing_stop_loss","trades":20,"profit_mean":0.016586268288705634,"profit_mean_pct":1.66,"profit_total_abs":132.53841079999998,"profit_total":0.13253841079999998,"profit_total_pct":13.25,"duration_avg":"8:44:00","wins":20,"draws":0,"losses":0,"winrate":1.0,"cagr":0.6565887298261543,"expectancy":6.626920539999999,"expectancy_ratio":100.0,"sortino":-100,"sharpe":12.995145263614972,"calmar":-100,"sqn":13.3421,"profit_factor":0.0,"max_drawdown_account":0.0,"max_drawdown_abs":0.0},{"key":"roi","trades":1,"profit_mean":0.05997001499250375,"profit_mean_pct":6.0,"profit_total_abs":23.9925,"profit_total":0.0239925,"profit_total_pct":2.4,"duration_avg":"3:00:00","wins":1,"draws":0,"losses":0,"winrate":1.0,"cagr":0.10092858006776928,"expectancy":23.9925,"expectancy_ratio":100.0,"sortino":-100,"sharpe":-100,"calmar":-100,"sqn":-100.0,"profit_factor":0.0,"max_drawdown_account":0.0,"max_drawdown_abs":0.0},{"key":"stop_loss","trades":10,"profit_mean":-0.032033306497785866,"profit_mean_pct":-3.2,"profit_total_abs":-127.99861124,"profit_total":-0.12799861124,"profit_total_pct":-12.8,"duration_avg":"4:39:00","wins":0,"draws":0,"losses":10,"winrate":0.0,"cagr":-0.42619529487597874,"expectancy":-12.799861124,"expectancy_ratio":-1.0,"sortino":-470.88380721399307,"sharpe":-470.88380721399307,"calmar":-21.22774797171423,"sqn":-665.474,"profit_factor":0.0,"max_drawdown_account":0.12799861123999995,"max_drawdown_abs":127.99861124},{"key":"TOTAL","trades":31,"profit_mean":0.0023020101867341223,"profit_mean_pct":0.23,"profit_total_abs":28.53229955999999,"profit_total":0.02853229955999999,"profit_total_pct":2.85,"duration_avg":"7:14:00","wins":21,"draws":0,"losses":10,"winrate":0.6774193548387096,"cagr":0.1208577852126691,"expectancy":0.92039676,"expectancy_ratio":0.07190677704105997,"sortino":104.96518450650453,"sharpe":0.5999134657950554,"calmar":12.093340739554543,"sqn":0.4993,"profit_factor":1.2229110088272859,"max_drawdown_account":0.05008346966790605,"max_drawdown_abs":51.20899653}],"mix_tag_stats":[{"key":["","trailing_stop_loss"],"trades":20,"profit_mean":0.016586268288705634,"profit_mean_pct":1.66,"profit_total_abs":132.53841079999998,"profit_total":0.13253841079999998,"profit_total_pct":13.25,"duration_avg":"8:44:00","wins":20,"draws":0,"losses":0,"winrate":1.0,"cagr":0.6565887298261543,"expectancy":6.626920539999999,"expectancy_ratio":100.0,"sortino":-100,"sharpe":12.995145263614972,"calmar":-100,"sqn":13.3421,"profit_factor":0.0,"max_drawdown_account":0.0,"max_drawdown_abs":0.0},{"key":["","roi"],"trades":1,"profit_mean":0.05997001499250375,"profit_mean_pct":6.0,"profit_total_abs":23.9925,"profit_total":0.0239925,"profit_total_pct":2.4,"duration_avg":"3:00:00","wins":1,"draws":0,"losses":0,"winrate":1.0,"cagr":0.10092858006776928,"expectancy":23.9925,"expectancy_ratio":100.0,"sortino":-100,"sharpe":-100,"calmar":-100,"sqn":-100.0,"profit_factor":0.0,"max_drawdown_account":0.0,"max_drawdown_abs":0.0},{"key":["","stop_loss"],"trades":10,"profit_mean":-0.032033306497785866,"profit_mean_pct":-3.2,"profit_total_abs":-127.99861124,"profit_total":-0.12799861124,"profit_total_pct":-12.8,"duration_avg":"4:39:00","wins":0,"draws":0,"losses":10,"winrate":0.0,"cagr":-0.42619529487597874,"expectancy":-12.799861124,"expectancy_ratio":-1.0,"sortino":-470.88380721399307,"sharpe":-470.88380721399307,"calmar":-21.22774797171423,"sqn":-665.474,"profit_factor":0.0,"max_drawdown_account":0.12799861123999995,"max_drawdown_abs":127.99861124},{"key":"TOTAL","trades":31,"profit_mean":0.0023020101867341223,"profit_mean_pct":0.23,"profit_total_abs":28.53229955999999,"profit_total":0.02853229955999999,"profit_total_pct":2.85,"duration_avg":"7:14:00","wins":21,"draws":0,"losses":10,"winrate":0.6774193548387096,"cagr":0.1208577852126691,"expectancy":0.92039676,"expectancy_ratio":0.07190677704105997,"sortino":104.96518450650453,"sharpe":0.5999134657950554,"calmar":12.093340739554543,"sqn":0.4993,"profit_factor":1.2229110088272859,"max_drawdown_account":0.05008346966790605,"max_drawdown_abs":51.20899653}],"left_open_trades":[{"key":"TOTAL","trades":0,"profit_mean":0.0,"profit_mean_pct":0.0,"profit_total_abs":0.0,"profit_total":0.0,"profit_total_pct":0.0,"duration_avg":"0:00","wins":0,"draws":0,"losses":0,"winrate":0.0,"cagr":0.0,"expectancy":0.0,"expectancy_ratio":100.0,"sortino":0,"sharpe":0,"calmar":0,"sqn":0.0,"profit_factor":0.0,"max_drawdown_account":0.0,"max_drawdown_abs":0.0}],"total_trades":31,"trade_count_long":31,"trade_count_short":0,"total_volume":49599.795287417925,"avg_stake_amount":399.36479258064514,"profit_mean":0.0023020101867341223,"profit_median":0.012066952637675361,"profit_total":0.02853229955999999,"profit_total_long":0.02853229955999999,"profit_total_short":0.0,"profit_total_abs":28.53229955999999,"profit_total_long_abs":28.53229955999999,"profit_total_short_abs":0.0,"cagr":0.1208577852126691,"expectancy":0.92039676,"expectancy_ratio":0.07190677704105997,"sortino":104.96518450650453,"sharpe":0.5999134657950554,"calmar":12.093340739554543,"sqn":0.4993,"profit_factor":1.2229110088272859,"backtest_start":"2025-11-24 00:00:00","backtest_start_ts":1763942400000,"backtest_end":"2026-02-22 00:00:00","backtest_end_ts":1771718400000,"backtest_days":90,"backtest_run_start_ts":1771747959,"backtest_run_end_ts":1771747960,"trades_per_day":0.34,"market_change":-0.2870436923867905,"pairlist":["BTC/USDT:USDT","ETH/USDT:USDT","SOL/USDT:USDT","LINK/USDT:USDT"],"stake_amount":400,"stake_currency":"USDT","stake_currency_decimals":3,"starting_balance":1000,"dry_run_wallet":1000,"final_balance":1028.53229956,"rejected_signals":5,"timedout_entry_orders":0,"timedout_exit_orders":0,"canceled_trade_entries":0,"canceled_entry_orders":0,"replaced_entry_orders":0,"max_open_trades":2,"max_open_trades_setting":2,"timeframe":"30m","timeframe_detail":"","timerange":"20251124-20260222","enable_protections":false,"strategy_name":"SupertrendFuturesStrategyV8","freqaimodel":null,"freqai_identifier":null,"stoploss":-0.03,"trailing_stop":true,"trailing_stop_positive":0.02,"trailing_stop_positive_offset":0.03,"trailing_only_offset_is_reached":true,"use_custom_stoploss":false,"minimal_roi":{"0":0.06},"use_exit_signal":true,"exit_profit_only":false,"exit_profit_offset":0.0,"ignore_roi_if_entry_signal":false,"trading_mode":"futures","margin_mode":"isolated","periodic_breakdown":{"day":[{"date":"28/11/2025","date_ts":1764288000000,"profit_abs":8.37388456,"wins":1,"draws":0,"losses":0,"trades":1,"profit_factor":0.0},{"date":"29/11/2025","date_ts":1764374400000,"profit_abs":0.0,"wins":0,"draws":0,"losses":0,"trades":0,"profit_factor":0.0},{"date":"30/11/2025","date_ts":1764460800000,"profit_abs":0.0,"wins":0,"draws":0,"losses":0,"trades":0,"profit_factor":0.0},{"date":"01/12/2025","date_ts":1764547200000,"profit_abs":0.0,"wins":0,"draws":0,"losses":0,"trades":0,"profit_factor":0.0},{"date":"02/12/2025","date_ts":1764633600000,"profit_abs":0.0,"wins":0,"draws":0,"losses":0,"trades":0,"profit_factor":0.0},{"date":"03/12/2025","date_ts":1764720000000,"profit_abs":14.09913637,"wins":2,"draws":0,"losses":0,"trades":2,"profit_factor":0.0},{"date":"04/12/2025","date_ts":1764806400000,"profit_abs":-12.78607092,"wins":0,"draws":0,"losses":1,"trades":1,"profit_factor":0.0},{"date":"05/12/2025","date_ts":1764892800000,"profit_abs":-12.76205023,"wins":0,"draws":0,"losses":1,"trades":1,"profit_factor":0.0},{"date":"06/12/2025","date_ts":1764979200000,"profit_abs":0.0,"wins":0,"draws":0,"losses":0,"trades":0,"profit_factor":0.0},{"date":"07/12/2025","date_ts":1765065600000,"profit_abs":0.0,"wins":0,"draws":0,"losses":0,"trades":0,"profit_factor":0.0},{"date":"08/12/2025","date_ts":1765152000000,"profit_abs":-12.7903649,"wins":0,"draws":0,"losses":1,"trades":1,"profit_factor":0.0},{"date":"09/12/2025","date_ts":1765238400000,"profit_abs":0.0,"wins":0,"draws":0,"losses":0,"trades":0,"profit_factor":0.0},{"date":"10/12/2025","date_ts":1765324800000,"profit_abs":0.0,"wins":0,"draws":0,"losses":0,"trades":0,"profit_factor":0.0},{"date":"11/12/2025","date_ts":1765411200000,"profit_abs":0.0,"wins":0,"draws":0,"losses":0,"trades":0,"profit_factor":0.0},{"date":"12/12/2025","date_ts":1765497600000,"profit_abs":-12.87051048,"wins":0,"draws":0,"losses":1,"trades":1,"profit_factor":0.0},{"date":"13/12/2025","date_ts":1765584000000,"profit_abs":0.0,"wins":0,"draws":0,"losses":0,"trades":0,"profit_factor":0.0},{"date":"14/12/2025","date_ts":1765670400000,"profit_abs":0.0,"wins":0,"draws":0,"losses":0,"trades":0,"profit_factor":0.0},{"date":"15/12/2025","date_ts":1765756800000,"profit_abs":0.0,"wins":0,"draws":0,"losses":0,"trades":0,"profit_factor":0.0},{"date":"16/12/2025","date_ts":1765843200000,"profit_abs":0.0,"wins":0,"draws":0,"losses":0,"trades":0,"profit_factor":0.0},{"date":"17/12/2025","date_ts":1765929600000,"profit_abs":0.0,"wins":0,"draws":0,"losses":0,"trades":0,"profit_factor":0.0},{"date":"18/12/2025","date_ts":1766016000000,"profit_abs":0.0,"wins":0,"draws":0,"losses":0,"trades":0,"profit_factor":0.0},{"date":"19/12/2025","date_ts":1766102400000,"profit_abs":0.0,"wins":0,"draws":0,"losses":0,"trades":0,"profit_factor":0.0},{"date":"20/12/2025","date_ts":1766188800000,"profit_abs":0.0,"wins":0,"draws":0,"losses":0,"trades":0,"profit_factor":0.0},{"date":"21/12/2025","date_ts":1766275200000,"profit_abs":0.0,"wins":0,"draws":0,"losses":0,"trades":0,"profit_factor":0.0},{"date":"22/12/2025","date_ts":1766361600000,"profit_abs":0.0,"wins":0,"draws":0,"losses":0,"trades":0,"profit_factor":0.0},{"date":"23/12/2025","date_ts":1766448000000,"profit_abs":0.0,"wins":0,"draws":0,"losses":0,"trades":0,"profit_factor":0.0},{"date":"24/12/2025","date_ts":1766534400000,"profit_abs":0.0,"wins":0,"draws":0,"losses":0,"trades":0,"profit_factor":0.0},{"date":"25/12/2025","date_ts":1766620800000,"profit_abs":0.0,"wins":0,"draws":0,"losses":0,"trades":0,"profit_factor":0.0},{"date":"26/12/2025","date_ts":1766707200000,"profit_abs":0.0,"wins":0,"draws":0,"losses":0,"trades":0,"profit_factor":0.0},{"date":"27/12/2025","date_ts":1766793600000,"profit_abs":0.0,"wins":0,"draws":0,"losses":0,"trades":0,"profit_factor":0.0},{"date":"28/12/2025","date_ts":1766880000000,"profit_abs":0.0,"wins":0,"draws":0,"losses":0,"trades":0,"profit_factor":0.0},{"date":"29/12/2025","date_ts":1766966400000,"profit_abs":0.0,"wins":0,"draws":0,"losses":0,"trades":0,"profit_factor":0.0},{"date":"30/12/2025","date_ts":1767052800000,"profit_abs":0.0,"wins":0,"draws":0,"losses":0,"trades":0,"profit_factor":0.0},{"date":"31/12/2025","date_ts":1767139200000,"profit_abs":0.0,"wins":0,"draws":0,"losses":0,"trades":0,"profit_factor":0.0},{"date":"01/01/2026","date_ts":1767225600000,"profit_abs":0.0,"wins":0,"draws":0,"losses":0,"trades":0,"profit_factor":0.0},{"date":"02/01/2026","date_ts":1767312000000,"profit_abs":23.93384654,"wins":4,"draws":0,"losses":0,"trades":4,"profit_factor":0.0},{"date":"03/01/2026","date_ts":1767398400000,"profit_abs":-12.86305575,"wins":0,"draws":0,"losses":1,"trades":1,"profit_factor":0.0},{"date":"04/01/2026","date_ts":1767484800000,"profit_abs":12.78676371,"wins":1,"draws":0,"losses":0,"trades":1,"profit_factor":0.0},{"date":"05/01/2026","date_ts":1767571200000,"profit_abs":16.63029425,"wins":2,"draws":0,"losses":0,"trades":2,"profit_factor":0.0},{"date":"06/01/2026","date_ts":1767657600000,"profit_abs":-30.18653421,"wins":1,"draws":0,"losses":3,"trades":4,"profit_factor":0.21018771},{"date":"07/01/2026","date_ts":1767744000000,"profit_abs":0.0,"wins":0,"draws":0,"losses":0,"trades":0,"profit_factor":0.0},{"date":"08/01/2026","date_ts":1767830400000,"profit_abs":0.0,"wins":0,"draws":0,"losses":0,"trades":0,"profit_factor":0.0},{"date":"09/01/2026","date_ts":1767916800000,"profit_abs":0.0,"wins":0,"draws":0,"losses":0,"trades":0,"profit_factor":0.0},{"date":"10/01/2026","date_ts":1768003200000,"profit_abs":0.0,"wins":0,"draws":0,"losses":0,"trades":0,"profit_factor":0.0},{"date":"11/01/2026","date_ts":1768089600000,"profit_abs":0.0,"wins":0,"draws":0,"losses":0,"trades":0,"profit_factor":0.0},{"date":"12/01/2026","date_ts":1768176000000,"profit_abs":-8.60959351,"wins":1,"draws":0,"losses":1,"trades":2,"profit_factor":0.33021318},{"date":"13/01/2026","date_ts":1768262400000,"profit_abs":23.9925,"wins":1,"draws":0,"losses":0,"trades":1,"profit_factor":0.0},{"date":"14/01/2026","date_ts":1768348800000,"profit_abs":-1.9507007,"wins":2,"draws":0,"losses":1,"trades":3,"profit_factor":0.84822338},{"date":"15/01/2026","date_ts":1768435200000,"profit_abs":0.0,"wins":0,"draws":0,"losses":0,"trades":0,"profit_factor":0.0},{"date":"16/01/2026","date_ts":1768521600000,"profit_abs":0.0,"wins":0,"draws":0,"losses":0,"trades":0,"profit_factor":0.0},{"date":"17/01/2026","date_ts":1768608000000,"profit_abs":0.0,"wins":0,"draws":0,"losses":0,"trades":0,"profit_factor":0.0},{"date":"18/01/2026","date_ts":1768694400000,"profit_abs":0.0,"wins":0,"draws":0,"losses":0,"trades":0,"profit_factor":0.0},{"date":"19/01/2026","date_ts":1768780800000,"profit_abs":0.0,"wins":0,"draws":0,"losses":0,"trades":0,"profit_factor":0.0},{"date":"20/01/2026","date_ts":1768867200000,"profit_abs":0.0,"wins":0,"draws":0,"losses":0,"trades":0,"profit_factor":0.0},{"date":"21/01/2026","date_ts":1768953600000,"profit_abs":0.0,"wins":0,"draws":0,"losses":0,"trades":0,"profit_factor":0.0},{"date":"22/01/2026","date_ts":1769040000000,"profit_abs":0.0,"wins":0,"draws":0,"losses":0,"trades":0,"profit_factor":0.0},{"date":"23/01/2026","date_ts":1769126400000,"profit_abs":0.0,"wins":0,"draws":0,"losses":0,"trades":0,"profit_factor":0.0},{"date":"24/01/2026","date_ts":1769212800000,"profit_abs":0.0,"wins":0,"draws":0,"losses":0,"trades":0,"profit_factor":0.0},{"date":"25/01/2026","date_ts":1769299200000,"profit_abs":0.0,"wins":0,"draws":0,"losses":0,"trades":0,"profit_factor":0.0},{"date":"26/01/2026","date_ts":1769385600000,"profit_abs":0.0,"wins":0,"draws":0,"losses":0,"trades":0,"profit_factor":0.0},{"date":"27/01/2026","date_ts":1769472000000,"profit_abs":0.0,"wins":0,"draws":0,"losses":0,"trades":0,"profit_factor":0.0},{"date":"28/01/2026","date_ts":1769558400000,"profit_abs":0.0,"wins":0,"draws":0,"losses":0,"trades":0,"profit_factor":0.0},{"date":"29/01/2026","date_ts":1769644800000,"profit_abs":0.0,"wins":0,"draws":0,"losses":0,"trades":0,"profit_factor":0.0},{"date":"30/01/2026","date_ts":1769731200000,"profit_abs":0.0,"wins":0,"draws":0,"losses":0,"trades":0,"profit_factor":0.0},{"date":"31/01/2026","date_ts":1769817600000,"profit_abs":0.0,"wins":0,"draws":0,"losses":0,"trades":0,"profit_factor":0.0},{"date":"01/02/2026","date_ts":1769904000000,"profit_abs":0.0,"wins":0,"draws":0,"losses":0,"trades":0,"profit_factor":0.0},{"date":"02/02/2026","date_ts":1769990400000,"profit_abs":0.0,"wins":0,"draws":0,"losses":0,"trades":0,"profit_factor":0.0},{"date":"03/02/2026","date_ts":1770076800000,"profit_abs":0.0,"wins":0,"draws":0,"losses":0,"trades":0,"profit_factor":0.0},{"date":"04/02/2026","date_ts":1770163200000,"profit_abs":0.0,"wins":0,"draws":0,"losses":0,"trades":0,"profit_factor":0.0},{"date":"05/02/2026","date_ts":1770249600000,"profit_abs":0.0,"wins":0,"draws":0,"losses":0,"trades":0,"profit_factor":0.0},{"date":"06/02/2026","date_ts":1770336000000,"profit_abs":0.0,"wins":0,"draws":0,"losses":0,"trades":0,"profit_factor":0.0},{"date":"07/02/2026","date_ts":1770422400000,"profit_abs":0.0,"wins":0,"draws":0,"losses":0,"trades":0,"profit_factor":0.0},{"date":"08/02/2026","date_ts":1770508800000,"profit_abs":0.0,"wins":0,"draws":0,"losses":0,"trades":0,"profit_factor":0.0},{"date":"09/02/2026","date_ts":1770595200000,"profit_abs":0.0,"wins":0,"draws":0,"losses":0,"trades":0,"profit_factor":0.0},{"date":"10/02/2026","date_ts":1770681600000,"profit_abs":0.0,"wins":0,"draws":0,"losses":0,"trades":0,"profit_factor":0.0},{"date":"11/02/2026","date_ts":1770768000000,"profit_abs":0.0,"wins":0,"draws":0,"losses":0,"trades":0,"profit_factor":0.0},{"date":"12/02/2026","date_ts":1770854400000,"profit_abs":0.0,"wins":0,"draws":0,"losses":0,"trades":0,"profit_factor":0.0},{"date":"13/02/2026","date_ts":1770940800000,"profit_abs":0.0,"wins":0,"draws":0,"losses":0,"trades":0,"profit_factor":0.0},{"date":"14/02/2026","date_ts":1771027200000,"profit_abs":27.09039865,"wins":5,"draws":0,"losses":0,"trades":5,"profit_factor":0.0},{"date":"15/02/2026","date_ts":1771113600000,"profit_abs":6.44435618,"wins":1,"draws":0,"losses":0,"trades":1,"profit_factor":0.0}],"week":[{"date":"01/12/2025","date_ts":1764547200000,"profit_abs":8.37388456,"wins":1,"draws":0,"losses":0,"trades":1,"profit_factor":0.0},{"date":"08/12/2025","date_ts":1765152000000,"profit_abs":-24.23934968,"wins":2,"draws":0,"losses":3,"trades":5,"profit_factor":0.36775412},{"date":"15/12/2025","date_ts":1765756800000,"profit_abs":-12.87051048,"wins":0,"draws":0,"losses":1,"trades":1,"profit_factor":0.0},{"date":"22/12/2025","date_ts":1766361600000,"profit_abs":0.0,"wins":0,"draws":0,"losses":0,"trades":0,"profit_factor":0.0},{"date":"29/12/2025","date_ts":1766966400000,"profit_abs":0.0,"wins":0,"draws":0,"losses":0,"trades":0,"profit_factor":0.0},{"date":"05/01/2026","date_ts":1767571200000,"profit_abs":40.48784875,"wins":7,"draws":0,"losses":1,"trades":8,"profit_factor":4.14760734},{"date":"12/01/2026","date_ts":1768176000000,"profit_abs":-38.79612772,"wins":2,"draws":0,"losses":4,"trades":6,"profit_factor":0.24039547},{"date":"19/01/2026","date_ts":1768780800000,"profit_abs":22.0417993,"wins":3,"draws":0,"losses":1,"trades":4,"profit_factor":2.71498874},{"date":"26/01/2026","date_ts":1769385600000,"profit_abs":0.0,"wins":0,"draws":0,"losses":0,"trades":0,"profit_factor":0.0},{"date":"02/02/2026","date_ts":1769990400000,"profit_abs":0.0,"wins":0,"draws":0,"losses":0,"trades":0,"profit_factor":0.0},{"date":"09/02/2026","date_ts":1770595200000,"profit_abs":0.0,"wins":0,"draws":0,"losses":0,"trades":0,"profit_factor":0.0},{"date":"16/02/2026","date_ts":1771200000000,"profit_abs":33.53475483,"wins":6,"draws":0,"losses":0,"trades":6,"profit_factor":0.0}],"month":[{"date":"30/11/2025","date_ts":1764460800000,"profit_abs":8.37388456,"wins":1,"draws":0,"losses":0,"trades":1,"profit_factor":0.0},{"date":"31/12/2025","date_ts":1767139200000,"profit_abs":-37.10986016,"wins":2,"draws":0,"losses":4,"trades":6,"profit_factor":0.27532538},{"date":"31/01/2026","date_ts":1769817600000,"profit_abs":23.73352033,"wins":12,"draws":0,"losses":6,"trades":18,"profit_factor":1.30907201},{"date":"28/02/2026","date_ts":1772236800000,"profit_abs":33.53475483,"wins":6,"draws":0,"losses":0,"trades":6,"profit_factor":0.0}],"year":[{"date":"31/12/2025","date_ts":1767139200000,"profit_abs":-28.7359756,"wins":3,"draws":0,"losses":4,"trades":7,"profit_factor":0.43884908},{"date":"31/12/2026","date_ts":1798675200000,"profit_abs":57.26827516,"wins":18,"draws":0,"losses":6,"trades":24,"profit_factor":1.74578151}],"weekday":[{"date":"Monday","date_ts":0,"profit_abs":-4.76966416,"wins":3,"draws":0,"losses":2,"trades":5,"profit_factor":0.81400898},{"date":"Tuesday","date_ts":1,"profit_abs":-6.19403421,"wins":2,"draws":0,"losses":3,"trades":5,"profit_factor":0.83793687},{"date":"Wednesday","date_ts":2,"profit_abs":12.14843567,"wins":4,"draws":0,"losses":1,"trades":5,"profit_factor":1.94522367},{"date":"Thursday","date_ts":3,"profit_abs":-12.78607092,"wins":0,"draws":0,"losses":1,"trades":1,"profit_factor":0.0},{"date":"Friday","date_ts":4,"profit_abs":6.67517039,"wins":5,"draws":0,"losses":2,"trades":7,"profit_factor":1.26041762},{"date":"Saturday","date_ts":5,"profit_abs":14.2273429,"wins":5,"draws":0,"losses":1,"trades":6,"profit_factor":2.10606245},{"date":"Sunday","date_ts":6,"profit_abs":19.23111989,"wins":2,"draws":0,"losses":0,"trades":2,"profit_factor":0.0}]},"backtest_best_day":0.06780272854218651,"backtest_worst_day":-0.07564820769420944,"backtest_best_day_abs":27.09039865,"backtest_worst_day_abs":-30.18653421,"winning_days":8,"draw_days":64,"losing_days":8,"daily_profit":[["2025-11-28",8.37388456],["2025-11-29",0.0],["2025-11-30",0.0],["2025-12-01",0.0],["2025-12-02",0.0],["2025-12-03",14.09913637],["2025-12-04",-12.78607092],["2025-12-05",-12.76205023],["2025-12-06",0.0],["2025-12-07",0.0],["2025-12-08",-12.7903649],["2025-12-09",0.0],["2025-12-10",0.0],["2025-12-11",0.0],["2025-12-12",-12.87051048],["2025-12-13",0.0],["2025-12-14",0.0],["2025-12-15",0.0],["2025-12-16",0.0],["2025-12-17",0.0],["2025-12-18",0.0],["2025-12-19",0.0],["2025-12-20",0.0],["2025-12-21",0.0],["2025-12-22",0.0],["2025-12-23",0.0],["2025-12-24",0.0],["2025-12-25",0.0],["2025-12-26",0.0],["2025-12-27",0.0],["2025-12-28",0.0],["2025-12-29",0.0],["2025-12-30",0.0],["2025-12-31",0.0],["2026-01-01",0.0],["2026-01-02",23.93384654],["2026-01-03",-12.86305575],["2026-01-04",12.78676371],["2026-01-05",16.63029425],["2026-01-06",-30.18653421],["2026-01-07",0.0],["2026-01-08",0.0],["2026-01-09",0.0],["2026-01-10",0.0],["2026-01-11",0.0],["2026-01-12",-8.60959351],["2026-01-13",23.9925],["2026-01-14",-1.9507007],["2026-01-15",0.0],["2026-01-16",0.0],["2026-01-17",0.0],["2026-01-18",0.0],["2026-01-19",0.0],["2026-01-20",0.0],["2026-01-21",0.0],["2026-01-22",0.0],["2026-01-23",0.0],["2026-01-24",0.0],["2026-01-25",0.0],["2026-01-26",0.0],["2026-01-27",0.0],["2026-01-28",0.0],["2026-01-29",0.0],["2026-01-30",0.0],["2026-01-31",0.0],["2026-02-01",0.0],["2026-02-02",0.0],["2026-02-03",0.0],["2026-02-04",0.0],["2026-02-05",0.0],["2026-02-06",0.0],["2026-02-07",0.0],["2026-02-08",0.0],["2026-02-09",0.0],["2026-02-10",0.0],["2026-02-11",0.0],["2026-02-12",0.0],["2026-02-13",0.0],["2026-02-14",27.09039865],["2026-02-15",6.44435618]],"wins":21,"losses":10,"draws":0,"winrate":0.6774193548387096,"holding_avg":"7:14:00","holding_avg_s":26040.0,"winner_holding_min":"0d 00:30","winner_holding_min_s":1800.0,"winner_holding_max":"1d 12:00","winner_holding_max_s":129600.0,"winner_holding_avg":"0d 08:27","winner_holding_avg_s":30420.0,"loser_holding_min":"0d 00:30","loser_holding_min_s":1800.0,"loser_holding_max":"0d 13:30","loser_holding_max_s":48600.0,"loser_holding_avg":"0d 04:39","loser_holding_avg_s":16740.0,"max_consecutive_wins":8,"max_consecutive_losses":4,"max_drawdown_account":0.05008346966790605,"max_relative_drawdown":0.05008346966790605,"max_drawdown_abs":51.20899653,"drawdown_start":"2025-12-03 22:30:00","drawdown_start_ts":1764801000000.0,"drawdown_end":"2025-12-12 15:00:00","drawdown_end_ts":1765551600000.0,"drawdown_duration":"8 days 16:30:00","drawdown_duration_s":750600.0,"max_drawdown_low":-28.7359756,"max_drawdown_high":22.47302093,"csum_min":971.2640244,"csum_max":1028.53229956}},"strategy_comparison":[{"key":"SupertrendFuturesStrategyV8","trades":31,"profit_mean":0.0023020101867341223,"profit_mean_pct":0.23,"profit_total_abs":28.53229955999999,"profit_total":0.02853229955999999,"profit_total_pct":2.85,"duration_avg":"7:14:00","wins":21,"draws":0,"losses":10,"winrate":0.6774193548387096,"cagr":0.1208577852126691,"expectancy":0.92039676,"expectancy_ratio":0.07190677704105997,"sortino":104.96518450650453,"sharpe":0.5999134657950554,"calmar":12.093340739554543,"sqn":0.4993,"profit_factor":1.2229110088272859,"max_drawdown_account":0.05008346966790605,"max_drawdown_abs":"51.209"}]}