{"strategy":{"SupertrendFuturesStrategyV8":{"trades":[{"pair":"ADA/USDT:USDT","stake_amount":398.398,"max_stake_amount":398.398,"amount":1820.0,"open_date":"2025-12-03 02:30:00+00:00","close_date":"2025-12-03 06:00:00+00:00","open_rate":0.4378,"close_rate":0.4424,"fee_open":0.0005,"fee_close":0.0005,"trade_duration":210,"profit_ratio":0.018994157558041444,"profit_abs":7.571018,"exit_reason":"trailing_stop_loss","initial_stop_loss_abs":0.4313,"initial_stop_loss_ratio":-0.03,"stop_loss_abs":0.4424,"stop_loss_ratio":-0.02,"min_rate":0.4353,"max_rate":0.4468,"is_open":false,"enter_tag":"","leverage":2,"is_short":false,"open_timestamp":1764729000000,"close_timestamp":1764741600000,"orders":[{"amount":1820.0,"safe_price":0.4378,"ft_order_side":"buy","order_filled_timestamp":1764729000000,"ft_is_entry":true,"ft_order_tag":"","cost":797.194398},{"amount":1820.0,"safe_price":0.4424,"ft_order_side":"sell","order_filled_timestamp":1764741600000,"ft_is_entry":false,"ft_order_tag":"trailing_stop_loss","cost":805.5705839999999}],"funding_fees":0.0,"weekday":2},{"pair":"ADA/USDT:USDT","stake_amount":398.7225,"max_stake_amount":398.7225,"amount":1790.0,"open_date":"2025-12-03 06:30:00+00:00","close_date":"2025-12-03 10:30:00+00:00","open_rate":0.4455,"close_rate":0.4389,"fee_open":0.0005,"fee_close":0.0005,"trade_duration":240,"profit_ratio":-0.031788572529628446,"profit_abs":-12.68115652,"exit_reason":"stop_loss","initial_stop_loss_abs":0.4389,"initial_stop_loss_ratio":-0.03,"stop_loss_abs":0.4389,"stop_loss_ratio":-0.03,"min_rate":0.4368,"max_rate":0.4466,"is_open":false,"enter_tag":"","leverage":2,"is_short":false,"open_timestamp":1764743400000,"close_timestamp":1764757800000,"orders":[{"amount":1790.0,"safe_price":0.4455,"ft_order_side":"buy","order_filled_timestamp":1764743400000,"ft_is_entry":true,"ft_order_tag":"","cost":797.8437225},{"amount":1790.0,"safe_price":0.4389,"ft_order_side":"sell","order_filled_timestamp":1764757800000,"ft_is_entry":false,"ft_order_tag":"stop_loss","cost":786.0238155}],"funding_fees":-0.07561851695020942,"weekday":2},{"pair":"XRP/USDT:USDT","stake_amount":399.8367,"max_stake_amount":399.8367,"amount":366.0,"open_date":"2025-12-03 02:30:00+00:00","close_date":"2025-12-03 14:00:00+00:00","open_rate":2.1849,"close_rate":2.1522,"fee_open":0.0005,"fee_close":0.0005,"trade_duration":690,"profit_ratio":-0.032081619710052224,"profit_abs":-12.83382266,"exit_reason":"stop_loss","initial_stop_loss_abs":2.1522,"initial_stop_loss_ratio":-0.03,"stop_loss_abs":2.1522,"stop_loss_ratio":-0.03,"min_rate":2.1408,"max_rate":2.2185,"is_open":false,"enter_tag":"","leverage":2,"is_short":false,"open_timestamp":1764729000000,"close_timestamp":1764770400000,"orders":[{"amount":366.0,"safe_price":2.1849,"ft_order_side":"buy","order_filled_timestamp":1764729000000,"ft_is_entry":true,"ft_order_tag":"","cost":800.0732366999998},{"amount":366.0,"safe_price":2.1522,"ft_order_side":"sell","order_filled_timestamp":1764770400000,"ft_is_entry":false,"ft_order_tag":"stop_loss","cost":788.0990525999999}],"funding_fees":-0.07193335557073782,"weekday":2},{"pair":"ADA/USDT:USDT","stake_amount":398.025,"max_stake_amount":398.025,"amount":1830.0,"open_date":"2025-12-08 16:00:00+00:00","close_date":"2025-12-09 01:00:00+00:00","open_rate":0.435,"close_rate":0.4285,"fee_open":0.0005,"fee_close":0.0005,"trade_duration":540,"profit_ratio":-0.0322527012355891,"profit_abs":-12.8438001,"exit_reason":"stop_loss","initial_stop_loss_abs":0.4285,"initial_stop_loss_ratio":-0.03,"stop_loss_abs":0.4285,"stop_loss_ratio":-0.03,"min_rate":0.4285,"max_rate":0.4412,"is_open":false,"enter_tag":"","leverage":2,"is_short":false,"open_timestamp":1765209600000,"close_timestamp":1765242000000,"orders":[{"amount":1830.0,"safe_price":0.435,"ft_order_side":"buy","order_filled_timestamp":1765209600000,"ft_is_entry":true,"ft_order_tag":"","cost":796.4480249999999},{"amount":1830.0,"safe_price":0.4285,"ft_order_side":"sell","order_filled_timestamp":1765242000000,"ft_is_entry":false,"ft_order_tag":"stop_loss","cost":784.5470774999999}],"funding_fees":-0.15869760000000002,"weekday":1},{"pair":"XRP/USDT:USDT","stake_amount":399.1581,"max_stake_amount":399.1581,"amount":414.0,"open_date":"2025-12-20 09:00:00+00:00","close_date":"2025-12-21 13:30:00+00:00","open_rate":1.9283,"close_rate":1.9077,"fee_open":0.0005,"fee_close":0.0005,"trade_duration":1710,"profit_ratio":-0.023524734073847024,"profit_abs":-9.3947832,"exit_reason":"exit_signal","initial_stop_loss_abs":1.8994,"initial_stop_loss_ratio":-0.03,"stop_loss_abs":1.8994,"stop_loss_ratio":-0.03,"min_rate":1.8939,"max_rate":1.9575,"is_open":false,"enter_tag":"","leverage":2,"is_short":false,"open_timestamp":1766221200000,"close_timestamp":1766323800000,"orders":[{"amount":414.0,"safe_price":1.9283,"ft_order_side":"buy","order_filled_timestamp":1766221200000,"ft_is_entry":true,"ft_order_tag":"","cost":798.7153580999999},{"amount":414.0,"safe_price":1.9077,"ft_order_side":"sell","order_filled_timestamp":1766323800000,"ft_is_entry":false,"ft_order_tag":"exit_signal","cost":790.1826938999999}],"funding_fees":-0.07233119913664289,"weekday":6},{"pair":"ADA/USDT:USDT","stake_amount":399.456,"max_stake_amount":399.456,"amount":2190.0,"open_date":"2026-01-02 10:00:00+00:00","close_date":"2026-01-02 11:30:00+00:00","open_rate":0.3648,"close_rate":0.3594,"fee_open":0.0005,"fee_close":0.0005,"trade_duration":90,"profit_ratio":-0.03157467318972093,"profit_abs":-12.618999,"exit_reason":"stop_loss","initial_stop_loss_abs":0.3594,"initial_stop_loss_ratio":-0.03,"stop_loss_abs":0.3594,"stop_loss_ratio":-0.03,"min_rate":0.3593,"max_rate":0.3669,"is_open":false,"enter_tag":"","leverage":2,"is_short":false,"open_timestamp":1767348000000,"close_timestamp":1767353400000,"orders":[{"amount":2190.0,"safe_price":0.3648,"ft_order_side":"buy","order_filled_timestamp":1767348000000,"ft_is_entry":true,"ft_order_tag":"","cost":799.311456},{"amount":2190.0,"safe_price":0.3594,"ft_order_side":"sell","order_filled_timestamp":1767353400000,"ft_is_entry":false,"ft_order_tag":"stop_loss","cost":787.4795429999999}],"funding_fees":0.0,"weekday":4},{"pair":"XRP/USDT:USDT","stake_amount":399.22375,"max_stake_amount":399.22375,"amount":425.0,"open_date":"2026-01-01 23:30:00+00:00","close_date":"2026-01-02 14:30:00+00:00","open_rate":1.8787,"close_rate":1.9042,"fee_open":0.0005,"fee_close":0.0005,"trade_duration":900,"profit_ratio":0.0247895737082567,"profit_abs":9.90153487,"exit_reason":"trailing_stop_loss","initial_stop_loss_abs":1.8506,"initial_stop_loss_ratio":-0.03,"stop_loss_abs":1.9042,"stop_loss_ratio":-0.02,"min_rate":1.8681,"max_rate":1.9234,"is_open":false,"enter_tag":"","leverage":2,"is_short":false,"open_timestamp":1767310200000,"close_timestamp":1767364200000,"orders":[{"amount":425.0,"safe_price":1.8787,"ft_order_side":"buy","order_filled_timestamp":1767310200000,"ft_is_entry":true,"ft_order_tag":"","cost":798.8467237499999},{"amount":425.0,"safe_price":1.9042,"ft_order_side":"sell","order_filled_timestamp":1767364200000,"ft_is_entry":false,"ft_order_tag":"trailing_stop_loss","cost":809.6896424999999}],"funding_fees":-0.13209888357127464,"weekday":4},{"pair":"ADA/USDT:USDT","stake_amount":399.3885,"max_stake_amount":399.3885,"amount":2170.0,"open_date":"2026-01-02 15:00:00+00:00","close_date":"2026-01-02 15:30:00+00:00","open_rate":0.3681,"close_rate":0.3709,"fee_open":0.0005,"fee_close":0.0005,"trade_duration":30,"profit_ratio":0.013199051112857046,"profit_abs":5.274185,"exit_reason":"trailing_stop_loss","initial_stop_loss_abs":0.3626,"initial_stop_loss_ratio":-0.03,"stop_loss_abs":0.3709,"stop_loss_ratio":-0.02,"min_rate":0.3649,"max_rate":0.3746,"is_open":false,"enter_tag":"","leverage":2,"is_short":false,"open_timestamp":1767366000000,"close_timestamp":1767367800000,"orders":[{"amount":2170.0,"safe_price":0.3681,"ft_order_side":"buy","order_filled_timestamp":1767366000000,"ft_is_entry":true,"ft_order_tag":"","cost":799.1763884999999},{"amount":2170.0,"safe_price":0.3709,"ft_order_side":"sell","order_filled_timestamp":1767367800000,"ft_is_entry":false,"ft_order_tag":"trailing_stop_loss","cost":805.2554265}],"funding_fees":0.0,"weekday":4},{"pair":"XRP/USDT:USDT","stake_amount":399.50685,"max_stake_amount":399.50685,"amount":417.0,"open_date":"2026-01-02 15:00:00+00:00","close_date":"2026-01-02 16:00:00+00:00","open_rate":1.9161,"close_rate":1.9283,"fee_open":0.0005,"fee_close":0.0005,"trade_duration":60,"profit_ratio":0.010522425233810733,"profit_abs":4.20588285,"exit_reason":"trailing_stop_loss","initial_stop_loss_abs":1.8874,"initial_stop_loss_ratio":-0.03,"stop_loss_abs":1.9283,"stop_loss_ratio":-0.02,"min_rate":1.8979,"max_rate":1.9477,"is_open":false,"enter_tag":"","leverage":2,"is_short":false,"open_timestamp":1767366000000,"close_timestamp":1767369600000,"orders":[{"amount":417.0,"safe_price":1.9161,"ft_order_side":"buy","order_filled_timestamp":1767366000000,"ft_is_entry":true,"ft_order_tag":"","cost":799.4132068499999},{"amount":417.0,"safe_price":1.9283,"ft_order_side":"sell","order_filled_timestamp":1767369600000,"ft_is_entry":false,"ft_order_tag":"trailing_stop_loss","cost":804.5031505499999}],"funding_fees":-0.07995975,"weekday":4},{"pair":"ADA/USDT:USDT","stake_amount":399.3625,"max_stake_amount":399.3625,"amount":2150.0,"open_date":"2026-01-02 16:00:00+00:00","close_date":"2026-01-02 16:00:00+00:00","open_rate":0.3715,"close_rate":0.37893,"fee_open":0.0005,"fee_close":0.0005,"trade_duration":0,"profit_ratio":0.03776117324917622,"profit_abs":15.08793675,"exit_reason":"trailing_stop_loss","initial_stop_loss_abs":0.366,"initial_stop_loss_ratio":-0.03,"stop_loss_abs":0.3768,"stop_loss_ratio":-0.02,"min_rate":0.3714,"max_rate":0.3806,"is_open":false,"enter_tag":"","leverage":2,"is_short":false,"open_timestamp":1767369600000,"close_timestamp":1767369600000,"orders":[{"amount":2150.0,"safe_price":0.3715,"ft_order_side":"buy","order_filled_timestamp":1767369600000,"ft_is_entry":true,"ft_order_tag":"","cost":799.1243625},{"amount":2150.0,"safe_price":0.37893,"ft_order_side":"sell","order_filled_timestamp":1767369600000,"ft_is_entry":false,"ft_order_tag":"trailing_stop_loss","cost":815.1068497499999}],"funding_fees":-0.079851,"weekday":4},{"pair":"XRP/USDT:USDT","stake_amount":399.3085,"max_stake_amount":399.3085,"amount":389.0,"open_date":"2026-01-03 04:30:00+00:00","close_date":"2026-01-03 06:30:00+00:00","open_rate":2.053,"close_rate":2.0223,"fee_open":0.0005,"fee_close":0.0005,"trade_duration":120,"profit_ratio":-0.03187656050201884,"profit_abs":-12.73494585,"exit_reason":"stop_loss","initial_stop_loss_abs":2.0223,"initial_stop_loss_ratio":-0.03,"stop_loss_abs":2.0223,"stop_loss_ratio":-0.03,"min_rate":2.007,"max_rate":2.0546,"is_open":false,"enter_tag":"","leverage":2,"is_short":false,"open_timestamp":1767414600000,"close_timestamp":1767421800000,"orders":[{"amount":389.0,"safe_price":2.053,"ft_order_side":"buy","order_filled_timestamp":1767414600000,"ft_is_entry":true,"ft_order_tag":"","cost":799.0163084999999},{"amount":389.0,"safe_price":2.0223,"ft_order_side":"sell","order_filled_timestamp":1767421800000,"ft_is_entry":false,"ft_order_tag":"stop_loss","cost":787.0680373499999}],"funding_fees":0.0,"weekday":5},{"pair":"XRP/USDT:USDT","stake_amount":399.3158,"max_stake_amount":399.3158,"amount":383.0,"open_date":"2026-01-04 10:00:00+00:00","close_date":"2026-01-04 12:00:00+00:00","open_rate":2.0852,"close_rate":2.0983,"fee_open":0.0005,"fee_close":0.0005,"trade_duration":120,"profit_ratio":0.010553183028665985,"profit_abs":4.21615975,"exit_reason":"trailing_stop_loss","initial_stop_loss_abs":2.054,"initial_stop_loss_ratio":-0.03,"stop_loss_abs":2.0983,"stop_loss_ratio":-0.02,"min_rate":2.0771,"max_rate":2.1194,"is_open":false,"enter_tag":"","leverage":2,"is_short":false,"open_timestamp":1767520800000,"close_timestamp":1767528000000,"orders":[{"amount":383.0,"safe_price":2.0852,"ft_order_side":"buy","order_filled_timestamp":1767520800000,"ft_is_entry":true,"ft_order_tag":"","cost":799.0309157999999},{"amount":383.0,"safe_price":2.0983,"ft_order_side":"sell","order_filled_timestamp":1767528000000,"ft_is_entry":false,"ft_order_tag":"trailing_stop_loss","cost":804.05072445}],"funding_fees":0.0,"weekday":6},{"pair":"XRP/USDT:USDT","stake_amount":399.6322,"max_stake_amount":399.6322,"amount":373.0,"open_date":"2026-01-05 03:00:00+00:00","close_date":"2026-01-05 06:30:00+00:00","open_rate":2.1428,"close_rate":2.1107,"fee_open":0.0005,"fee_close":0.0005,"trade_duration":210,"profit_ratio":-0.0319298536283473,"profit_abs":-12.76657775,"exit_reason":"stop_loss","initial_stop_loss_abs":2.1107,"initial_stop_loss_ratio":-0.03,"stop_loss_abs":2.1107,"stop_loss_ratio":-0.03,"min_rate":2.1087,"max_rate":2.153,"is_open":false,"enter_tag":"","leverage":2,"is_short":false,"open_timestamp":1767582000000,"close_timestamp":1767594600000,"orders":[{"amount":373.0,"safe_price":2.1428,"ft_order_side":"buy","order_filled_timestamp":1767582000000,"ft_is_entry":true,"ft_order_tag":"","cost":799.6640321999998},{"amount":373.0,"safe_price":2.1107,"ft_order_side":"sell","order_filled_timestamp":1767594600000,"ft_is_entry":false,"ft_order_tag":"stop_loss","cost":787.68474555}],"funding_fees":0.0,"weekday":0},{"pair":"ADA/USDT:USDT","stake_amount":399.249,"max_stake_amount":399.249,"amount":1860.0,"open_date":"2026-01-06 01:30:00+00:00","close_date":"2026-01-06 01:30:00+00:00","open_rate":0.4293,"close_rate":0.4229,"fee_open":0.0005,"fee_close":0.0005,"trade_duration":0,"profit_ratio":-0.03178517892230218,"profit_abs":-12.696546,"exit_reason":"stop_loss","initial_stop_loss_abs":0.4229,"initial_stop_loss_ratio":-0.03,"stop_loss_abs":0.4229,"stop_loss_ratio":-0.03,"min_rate":0.4229,"max_rate":0.4306,"is_open":false,"enter_tag":"","leverage":2,"is_short":false,"open_timestamp":1767663000000,"close_timestamp":1767663000000,"orders":[{"amount":1860.0,"safe_price":0.4293,"ft_order_side":"buy","order_filled_timestamp":1767663000000,"ft_is_entry":true,"ft_order_tag":"","cost":798.897249},{"amount":1860.0,"safe_price":0.4229,"ft_order_side":"sell","order_filled_timestamp":1767663000000,"ft_is_entry":false,"ft_order_tag":"stop_loss","cost":786.987297}],"funding_fees":0.0,"weekday":1},{"pair":"ADA/USDT:USDT","stake_amount":399.688,"max_stake_amount":399.688,"amount":1880.0,"open_date":"2026-01-14 07:00:00+00:00","close_date":"2026-01-14 10:00:00+00:00","open_rate":0.4252,"close_rate":0.4189,"fee_open":0.0005,"fee_close":0.0005,"trade_duration":180,"profit_ratio":-0.03180169087610475,"profit_abs":-12.7171096,"exit_reason":"stop_loss","initial_stop_loss_abs":0.4189,"initial_stop_loss_ratio":-0.03,"stop_loss_abs":0.4189,"stop_loss_ratio":-0.03,"min_rate":0.4176,"max_rate":0.427,"is_open":false,"enter_tag":"","leverage":2,"is_short":false,"open_timestamp":1768374000000,"close_timestamp":1768384800000,"orders":[{"amount":1880.0,"safe_price":0.4252,"ft_order_side":"buy","order_filled_timestamp":1768374000000,"ft_is_entry":true,"ft_order_tag":"","cost":799.7756880000001},{"amount":1880.0,"safe_price":0.4189,"ft_order_side":"sell","order_filled_timestamp":1768384800000,"ft_is_entry":false,"ft_order_tag":"stop_loss","cost":787.925766}],"funding_fees":-0.07965560000000001,"weekday":2},{"pair":"ADA/USDT:USDT","stake_amount":399.304,"max_stake_amount":399.304,"amount":2840.0,"open_date":"2026-02-14 14:00:00+00:00","close_date":"2026-02-14 14:30:00+00:00","open_rate":0.2812,"close_rate":0.2841,"fee_open":0.0005,"fee_close":0.0005,"trade_duration":30,"profit_ratio":0.01860627296593524,"profit_abs":7.433274,"exit_reason":"trailing_stop_loss","initial_stop_loss_abs":0.277,"initial_stop_loss_ratio":-0.03,"stop_loss_abs":0.2841,"stop_loss_ratio":-0.02,"min_rate":0.2808,"max_rate":0.2869,"is_open":false,"enter_tag":"","leverage":2,"is_short":false,"open_timestamp":1771077600000,"close_timestamp":1771079400000,"orders":[{"amount":2840.0,"safe_price":0.2812,"ft_order_side":"buy","order_filled_timestamp":1771077600000,"ft_is_entry":true,"ft_order_tag":"","cost":799.007304},{"amount":2840.0,"safe_price":0.2841,"ft_order_side":"sell","order_filled_timestamp":1771079400000,"ft_is_entry":false,"ft_order_tag":"trailing_stop_loss","cost":807.247422}],"funding_fees":0.0,"weekday":5},{"pair":"ADA/USDT:USDT","stake_amount":399.51,"max_stake_amount":399.51,"amount":2760.0,"open_date":"2026-02-14 17:00:00+00:00","close_date":"2026-02-14 19:00:00+00:00","open_rate":0.2895,"close_rate":0.2927,"fee_open":0.0005,"fee_close":0.0005,"trade_duration":120,"profit_ratio":0.0200859846415307,"profit_abs":8.028564,"exit_reason":"trailing_stop_loss","initial_stop_loss_abs":0.2852,"initial_stop_loss_ratio":-0.03,"stop_loss_abs":0.2927,"stop_loss_ratio":-0.02,"min_rate":0.2889,"max_rate":0.2956,"is_open":false,"enter_tag":"","leverage":2,"is_short":false,"open_timestamp":1771088400000,"close_timestamp":1771095600000,"orders":[{"amount":2760.0,"safe_price":0.2895,"ft_order_side":"buy","order_filled_timestamp":1771088400000,"ft_is_entry":true,"ft_order_tag":"","cost":799.41951},{"amount":2760.0,"safe_price":0.2927,"ft_order_side":"sell","order_filled_timestamp":1771095600000,"ft_is_entry":false,"ft_order_tag":"trailing_stop_loss","cost":808.255926}],"funding_fees":0.0,"weekday":5},{"pair":"ADA/USDT:USDT","stake_amount":399.5995,"max_stake_amount":399.5995,"amount":2690.0,"open_date":"2026-02-15 04:00:00+00:00","close_date":"2026-02-15 10:00:00+00:00","open_rate":0.2971,"close_rate":0.2927,"fee_open":0.0005,"fee_close":0.0005,"trade_duration":360,"profit_ratio":-0.03178542380626068,"profit_abs":-12.70779018,"exit_reason":"stop_loss","initial_stop_loss_abs":0.2927,"initial_stop_loss_ratio":-0.03,"stop_loss_abs":0.2927,"stop_loss_ratio":-0.03,"min_rate":0.2912,"max_rate":0.3017,"is_open":false,"enter_tag":"","leverage":2,"is_short":false,"open_timestamp":1771128000000,"close_timestamp":1771149600000,"orders":[{"amount":2690.0,"safe_price":0.2971,"ft_order_side":"buy","order_filled_timestamp":1771128000000,"ft_is_entry":true,"ft_order_tag":"","cost":799.5985994999999},{"amount":2690.0,"safe_price":0.2927,"ft_order_side":"sell","order_filled_timestamp":1771149600000,"ft_is_entry":false,"ft_order_tag":"stop_loss","cost":787.7566815}],"funding_fees":-0.07850918330798391,"weekday":6}],"locks":[],"best_pair":{"key":"XRP/USDT:USDT","trades":7,"profit_mean":-0.01050679799193314,"profit_mean_pct":-1.05,"profit_total_abs":-29.406551989999997,"profit_total":-0.029406551989999998,"profit_total_pct":-2.94,"duration_avg":"9:04:00","wins":3,"draws":0,"losses":4,"winrate":0.42857142857142855,"cagr":-0.12029536827732401,"expectancy":-4.200935998571429,"expectancy_ratio":-0.35205737307643403,"sortino":-4.509772370900641,"sharpe":-0.7210967257101952,"calmar":-22.476439028873855,"sqn":-1.1226,"profit_factor":0.38389959711624044,"max_drawdown_account":0.029406551990000026,"max_drawdown_abs":29.406551989999997},"worst_pair":{"key":"ADA/USDT:USDT","trades":11,"profit_mean":-0.007485600093824132,"profit_mean_pct":-0.75,"profit_total_abs":-32.87042364999999,"profit_total":-0.032870423649999994,"profit_total_pct":-3.29,"duration_avg":"2:44:00","wins":5,"draws":0,"losses":6,"winrate":0.45454545454545453,"cagr":-0.13369774792395006,"expectancy":-2.9882203318181815,"expectancy_ratio":-0.23509116403744645,"sortino":-109.63461940723035,"sharpe":-0.6786414368221738,"calmar":-17.233364559994502,"sqn":-0.868,"profit_factor":0.568999532598015,"max_drawdown_account":0.04287091301588032,"max_drawdown_abs":43.19548947},"results_per_pair":[{"key":"XRP/USDT:USDT","trades":7,"profit_mean":-0.01050679799193314,"profit_mean_pct":-1.05,"profit_total_abs":-29.406551989999997,"profit_total":-0.029406551989999998,"profit_total_pct":-2.94,"duration_avg":"9:04:00","wins":3,"draws":0,"losses":4,"winrate":0.42857142857142855,"cagr":-0.12029536827732401,"expectancy":-4.200935998571429,"expectancy_ratio":-0.35205737307643403,"sortino":-4.509772370900641,"sharpe":-0.7210967257101952,"calmar":-22.476439028873855,"sqn":-1.1226,"profit_factor":0.38389959711624044,"max_drawdown_account":0.029406551990000026,"max_drawdown_abs":29.406551989999997},{"key":"ADA/USDT:USDT","trades":11,"profit_mean":-0.007485600093824132,"profit_mean_pct":-0.75,"profit_total_abs":-32.87042364999999,"profit_total":-0.032870423649999994,"profit_total_pct":-3.29,"duration_avg":"2:44:00","wins":5,"draws":0,"losses":6,"winrate":0.45454545454545453,"cagr":-0.13369774792395006,"expectancy":-2.9882203318181815,"expectancy_ratio":-0.23509116403744645,"sortino":-109.63461940723035,"sharpe":-0.6786414368221738,"calmar":-17.233364559994502,"sqn":-0.868,"profit_factor":0.568999532598015,"max_drawdown_account":0.04287091301588032,"max_drawdown_abs":43.19548947},{"key":"TOTAL","trades":18,"profit_mean":-0.00866051038753319,"profit_mean_pct":-0.87,"profit_total_abs":-62.27697564,"profit_total":-0.06227697564,"profit_total_pct":-6.23,"duration_avg":"5:12:00","wins":8,"draws":0,"losses":10,"winrate":0.4444444444444444,"cagr":-0.241274012830773,"expectancy":-3.459831980000001,"expectancy_ratio":-0.2790287646662365,"sortino":-13.946627485609225,"sharpe":-1.363114376521114,"calmar":-19.42593156945656,"sqn":-1.3892,"profit_factor":0.49774822360077436,"max_drawdown_account":0.07205650039846621,"max_drawdown_abs":72.60204146}],"results_per_enter_tag":[{"key":"","trades":18,"profit_mean":-0.00866051038753319,"profit_mean_pct":-0.87,"profit_total_abs":-62.27697564,"profit_total":-0.06227697564,"profit_total_pct":-6.23,"duration_avg":"5:12:00","wins":8,"draws":0,"losses":10,"winrate":0.4444444444444444,"cagr":-0.241274012830773,"expectancy":-3.459831980000001,"expectancy_ratio":-0.2790287646662365,"sortino":-13.946627485609225,"sharpe":-1.363114376521114,"calmar":-19.42593156945656,"sqn":-1.3892,"profit_factor":0.49774822360077436,"max_drawdown_account":0.07205650039846621,"max_drawdown_abs":72.60204146},{"key":"TOTAL","trades":18,"profit_mean":-0.00866051038753319,"profit_mean_pct":-0.87,"profit_total_abs":-62.27697564,"profit_total":-0.06227697564,"profit_total_pct":-6.23,"duration_avg":"5:12:00","wins":8,"draws":0,"losses":10,"winrate":0.4444444444444444,"cagr":-0.241274012830773,"expectancy":-3.459831980000001,"expectancy_ratio":-0.2790287646662365,"sortino":-13.946627485609225,"sharpe":-1.363114376521114,"calmar":-19.42593156945656,"sqn":-1.3892,"profit_factor":0.49774822360077436,"max_drawdown_account":0.07205650039846621,"max_drawdown_abs":72.60204146}],"exit_reason_summary":[{"key":"trailing_stop_loss","trades":8,"profit_mean":0.01931397768728426,"profit_mean_pct":1.93,"profit_total_abs":61.71855522,"profit_total":0.06171855522,"profit_total_pct":6.17,"duration_avg":"3:04:00","wins":8,"draws":0,"losses":0,"winrate":1.0,"cagr":0.29326479468436784,"expectancy":7.7148194025,"expectancy_ratio":100.0,"sortino":-100,"sharpe":4.139254781136076,"calmar":-100,"sqn":6.0905,"profit_factor":0.0,"max_drawdown_account":0.0,"max_drawdown_abs":0.0},{"key":"exit_signal","trades":1,"profit_mean":-0.023524734073847024,"profit_mean_pct":-2.35,"profit_total_abs":-9.3947832,"profit_total":-0.0093947832,"profit_total_pct":-0.94,"duration_avg":"1 day, 4:30:00","wins":0,"draws":0,"losses":1,"winrate":0.0,"cagr":-0.039722528292931214,"expectancy":-9.3947832,"expectancy_ratio":-1.0,"sortino":-100,"sharpe":-100,"calmar":-22.476439028873866,"sqn":-100.0,"profit_factor":0.0,"max_drawdown_account":0.009394783200000006,"max_drawdown_abs":9.3947832},{"key":"stop_loss","trades":9,"profit_mean":-0.031875141600002724,"profit_mean_pct":-3.19,"profit_total_abs":-114.60074766,"profit_total":-0.11460074766,"profit_total_pct":-11.46,"duration_avg":"4:30:00","wins":0,"draws":0,"losses":9,"winrate":0.0,"cagr":-0.4070619850649384,"expectancy":-12.733416406666667,"expectancy_ratio":-1.0,"sortino":-379.4514872899455,"sharpe":-379.4514872899455,"calmar":-22.476439028873873,"sqn":-530.556,"profit_factor":0.0,"max_drawdown_account":0.11460074766000003,"max_drawdown_abs":114.60074766},{"key":"TOTAL","trades":18,"profit_mean":-0.00866051038753319,"profit_mean_pct":-0.87,"profit_total_abs":-62.27697564,"profit_total":-0.06227697564,"profit_total_pct":-6.23,"duration_avg":"5:12:00","wins":8,"draws":0,"losses":10,"winrate":0.4444444444444444,"cagr":-0.241274012830773,"expectancy":-3.459831980000001,"expectancy_ratio":-0.2790287646662365,"sortino":-13.946627485609225,"sharpe":-1.363114376521114,"calmar":-19.42593156945656,"sqn":-1.3892,"profit_factor":0.49774822360077436,"max_drawdown_account":0.07205650039846621,"max_drawdown_abs":72.60204146}],"mix_tag_stats":[{"key":["","trailing_stop_loss"],"trades":8,"profit_mean":0.01931397768728426,"profit_mean_pct":1.93,"profit_total_abs":61.71855522,"profit_total":0.06171855522,"profit_total_pct":6.17,"duration_avg":"3:04:00","wins":8,"draws":0,"losses":0,"winrate":1.0,"cagr":0.29326479468436784,"expectancy":7.7148194025,"expectancy_ratio":100.0,"sortino":-100,"sharpe":4.139254781136076,"calmar":-100,"sqn":6.0905,"profit_factor":0.0,"max_drawdown_account":0.0,"max_drawdown_abs":0.0},{"key":["","exit_signal"],"trades":1,"profit_mean":-0.023524734073847024,"profit_mean_pct":-2.35,"profit_total_abs":-9.3947832,"profit_total":-0.0093947832,"profit_total_pct":-0.94,"duration_avg":"1 day, 4:30:00","wins":0,"draws":0,"losses":1,"winrate":0.0,"cagr":-0.039722528292931214,"expectancy":-9.3947832,"expectancy_ratio":-1.0,"sortino":-100,"sharpe":-100,"calmar":-22.476439028873866,"sqn":-100.0,"profit_factor":0.0,"max_drawdown_account":0.009394783200000006,"max_drawdown_abs":9.3947832},{"key":["","stop_loss"],"trades":9,"profit_mean":-0.031875141600002724,"profit_mean_pct":-3.19,"profit_total_abs":-114.60074766,"profit_total":-0.11460074766,"profit_total_pct":-11.46,"duration_avg":"4:30:00","wins":0,"draws":0,"losses":9,"winrate":0.0,"cagr":-0.4070619850649384,"expectancy":-12.733416406666667,"expectancy_ratio":-1.0,"sortino":-379.4514872899455,"sharpe":-379.4514872899455,"calmar":-22.476439028873873,"sqn":-530.556,"profit_factor":0.0,"max_drawdown_account":0.11460074766000003,"max_drawdown_abs":114.60074766},{"key":"TOTAL","trades":18,"profit_mean":-0.00866051038753319,"profit_mean_pct":-0.87,"profit_total_abs":-62.27697564,"profit_total":-0.06227697564,"profit_total_pct":-6.23,"duration_avg":"5:12:00","wins":8,"draws":0,"losses":10,"winrate":0.4444444444444444,"cagr":-0.241274012830773,"expectancy":-3.459831980000001,"expectancy_ratio":-0.2790287646662365,"sortino":-13.946627485609225,"sharpe":-1.363114376521114,"calmar":-19.42593156945656,"sqn":-1.3892,"profit_factor":0.49774822360077436,"max_drawdown_account":0.07205650039846621,"max_drawdown_abs":72.60204146}],"left_open_trades":[{"key":"TOTAL","trades":0,"profit_mean":0.0,"profit_mean_pct":0.0,"profit_total_abs":0.0,"profit_total":0.0,"profit_total_pct":0.0,"duration_avg":"0:00","wins":0,"draws":0,"losses":0,"winrate":0.0,"cagr":0.0,"expectancy":0.0,"expectancy_ratio":100.0,"sortino":0,"sharpe":0,"calmar":0,"sqn":0.0,"profit_factor":0.0,"max_drawdown_account":0.0,"max_drawdown_abs":0.0}],"total_trades":18,"trade_count_long":18,"trade_count_short":0,"total_volume":28713.990920549997,"avg_stake_amount":399.2602722222222,"profit_mean":-0.00866051038753319,"profit_median":-0.027549703631783978,"profit_total":-0.06227697564,"profit_total_long":-0.06227697564,"profit_total_short":0.0,"profit_total_abs":-62.27697564,"profit_total_long_abs":-62.27697564,"profit_total_short_abs":0.0,"cagr":-0.241274012830773,"expectancy":-3.459831980000001,"expectancy_ratio":-0.2790287646662365,"sortino":-13.946627485609225,"sharpe":-1.363114376521114,"calmar":-19.42593156945656,"sqn":-1.3892,"profit_factor":0.49774822360077436,"backtest_start":"2025-11-28 04:00:00","backtest_start_ts":1764302400000,"backtest_end":"2026-02-22 00:00:00","backtest_end_ts":1771718400000,"backtest_days":85,"backtest_run_start_ts":1771745860,"backtest_run_end_ts":1771745861,"trades_per_day":0.21,"market_change":-0.34661932080750263,"pairlist":["XRP/USDT:USDT","ADA/USDT:USDT"],"stake_amount":400,"stake_currency":"USDT","stake_currency_decimals":3,"starting_balance":1000,"dry_run_wallet":1000,"final_balance":937.72302436,"rejected_signals":0,"timedout_entry_orders":0,"timedout_exit_orders":0,"canceled_trade_entries":0,"canceled_entry_orders":0,"replaced_entry_orders":0,"max_open_trades":2,"max_open_trades_setting":2,"timeframe":"30m","timeframe_detail":"","timerange":"20251124-20260222","enable_protections":false,"strategy_name":"SupertrendFuturesStrategyV8","freqaimodel":null,"freqai_identifier":null,"stoploss":-0.03,"trailing_stop":true,"trailing_stop_positive":0.02,"trailing_stop_positive_offset":0.03,"trailing_only_offset_is_reached":true,"use_custom_stoploss":false,"minimal_roi":{"0":0.06},"use_exit_signal":true,"exit_profit_only":false,"exit_profit_offset":0.0,"ignore_roi_if_entry_signal":false,"trading_mode":"futures","margin_mode":"isolated","periodic_breakdown":{"day":[{"date":"03/12/2025","date_ts":1764720000000,"profit_abs":-17.94396118,"wins":1,"draws":0,"losses":2,"trades":3,"profit_factor":0.29672836},{"date":"04/12/2025","date_ts":1764806400000,"profit_abs":0.0,"wins":0,"draws":0,"losses":0,"trades":0,"profit_factor":0.0},{"date":"05/12/2025","date_ts":1764892800000,"profit_abs":0.0,"wins":0,"draws":0,"losses":0,"trades":0,"profit_factor":0.0},{"date":"06/12/2025","date_ts":1764979200000,"profit_abs":0.0,"wins":0,"draws":0,"losses":0,"trades":0,"profit_factor":0.0},{"date":"07/12/2025","date_ts":1765065600000,"profit_abs":0.0,"wins":0,"draws":0,"losses":0,"trades":0,"profit_factor":0.0},{"date":"08/12/2025","date_ts":1765152000000,"profit_abs":0.0,"wins":0,"draws":0,"losses":0,"trades":0,"profit_factor":0.0},{"date":"09/12/2025","date_ts":1765238400000,"profit_abs":-12.8438001,"wins":0,"draws":0,"losses":1,"trades":1,"profit_factor":0.0},{"date":"10/12/2025","date_ts":1765324800000,"profit_abs":0.0,"wins":0,"draws":0,"losses":0,"trades":0,"profit_factor":0.0},{"date":"11/12/2025","date_ts":1765411200000,"profit_abs":0.0,"wins":0,"draws":0,"losses":0,"trades":0,"profit_factor":0.0},{"date":"12/12/2025","date_ts":1765497600000,"profit_abs":0.0,"wins":0,"draws":0,"losses":0,"trades":0,"profit_factor":0.0},{"date":"13/12/2025","date_ts":1765584000000,"profit_abs":0.0,"wins":0,"draws":0,"losses":0,"trades":0,"profit_factor":0.0},{"date":"14/12/2025","date_ts":1765670400000,"profit_abs":0.0,"wins":0,"draws":0,"losses":0,"trades":0,"profit_factor":0.0},{"date":"15/12/2025","date_ts":1765756800000,"profit_abs":0.0,"wins":0,"draws":0,"losses":0,"trades":0,"profit_factor":0.0},{"date":"16/12/2025","date_ts":1765843200000,"profit_abs":0.0,"wins":0,"draws":0,"losses":0,"trades":0,"profit_factor":0.0},{"date":"17/12/2025","date_ts":1765929600000,"profit_abs":0.0,"wins":0,"draws":0,"losses":0,"trades":0,"profit_factor":0.0},{"date":"18/12/2025","date_ts":1766016000000,"profit_abs":0.0,"wins":0,"draws":0,"losses":0,"trades":0,"profit_factor":0.0},{"date":"19/12/2025","date_ts":1766102400000,"profit_abs":0.0,"wins":0,"draws":0,"losses":0,"trades":0,"profit_factor":0.0},{"date":"20/12/2025","date_ts":1766188800000,"profit_abs":0.0,"wins":0,"draws":0,"losses":0,"trades":0,"profit_factor":0.0},{"date":"21/12/2025","date_ts":1766275200000,"profit_abs":-9.3947832,"wins":0,"draws":0,"losses":1,"trades":1,"profit_factor":0.0},{"date":"22/12/2025","date_ts":1766361600000,"profit_abs":0.0,"wins":0,"draws":0,"losses":0,"trades":0,"profit_factor":0.0},{"date":"23/12/2025","date_ts":1766448000000,"profit_abs":0.0,"wins":0,"draws":0,"losses":0,"trades":0,"profit_factor":0.0},{"date":"24/12/2025","date_ts":1766534400000,"profit_abs":0.0,"wins":0,"draws":0,"losses":0,"trades":0,"profit_factor":0.0},{"date":"25/12/2025","date_ts":1766620800000,"profit_abs":0.0,"wins":0,"draws":0,"losses":0,"trades":0,"profit_factor":0.0},{"date":"26/12/2025","date_ts":1766707200000,"profit_abs":0.0,"wins":0,"draws":0,"losses":0,"trades":0,"profit_factor":0.0},{"date":"27/12/2025","date_ts":1766793600000,"profit_abs":0.0,"wins":0,"draws":0,"losses":0,"trades":0,"profit_factor":0.0},{"date":"28/12/2025","date_ts":1766880000000,"profit_abs":0.0,"wins":0,"draws":0,"losses":0,"trades":0,"profit_factor":0.0},{"date":"29/12/2025","date_ts":1766966400000,"profit_abs":0.0,"wins":0,"draws":0,"losses":0,"trades":0,"profit_factor":0.0},{"date":"30/12/2025","date_ts":1767052800000,"profit_abs":0.0,"wins":0,"draws":0,"losses":0,"trades":0,"profit_factor":0.0},{"date":"31/12/2025","date_ts":1767139200000,"profit_abs":0.0,"wins":0,"draws":0,"losses":0,"trades":0,"profit_factor":0.0},{"date":"01/01/2026","date_ts":1767225600000,"profit_abs":0.0,"wins":0,"draws":0,"losses":0,"trades":0,"profit_factor":0.0},{"date":"02/01/2026","date_ts":1767312000000,"profit_abs":21.85054047,"wins":4,"draws":0,"losses":1,"trades":5,"profit_factor":2.73155894},{"date":"03/01/2026","date_ts":1767398400000,"profit_abs":-12.73494585,"wins":0,"draws":0,"losses":1,"trades":1,"profit_factor":0.0},{"date":"04/01/2026","date_ts":1767484800000,"profit_abs":4.21615975,"wins":1,"draws":0,"losses":0,"trades":1,"profit_factor":0.0},{"date":"05/01/2026","date_ts":1767571200000,"profit_abs":-12.76657775,"wins":0,"draws":0,"losses":1,"trades":1,"profit_factor":0.0},{"date":"06/01/2026","date_ts":1767657600000,"profit_abs":-12.696546,"wins":0,"draws":0,"losses":1,"trades":1,"profit_factor":0.0},{"date":"07/01/2026","date_ts":1767744000000,"profit_abs":0.0,"wins":0,"draws":0,"losses":0,"trades":0,"profit_factor":0.0},{"date":"08/01/2026","date_ts":1767830400000,"profit_abs":0.0,"wins":0,"draws":0,"losses":0,"trades":0,"profit_factor":0.0},{"date":"09/01/2026","date_ts":1767916800000,"profit_abs":0.0,"wins":0,"draws":0,"losses":0,"trades":0,"profit_factor":0.0},{"date":"10/01/2026","date_ts":1768003200000,"profit_abs":0.0,"wins":0,"draws":0,"losses":0,"trades":0,"profit_factor":0.0},{"date":"11/01/2026","date_ts":1768089600000,"profit_abs":0.0,"wins":0,"draws":0,"losses":0,"trades":0,"profit_factor":0.0},{"date":"12/01/2026","date_ts":1768176000000,"profit_abs":0.0,"wins":0,"draws":0,"losses":0,"trades":0,"profit_factor":0.0},{"date":"13/01/2026","date_ts":1768262400000,"profit_abs":0.0,"wins":0,"draws":0,"losses":0,"trades":0,"profit_factor":0.0},{"date":"14/01/2026","date_ts":1768348800000,"profit_abs":-12.7171096,"wins":0,"draws":0,"losses":1,"trades":1,"profit_factor":0.0},{"date":"15/01/2026","date_ts":1768435200000,"profit_abs":0.0,"wins":0,"draws":0,"losses":0,"trades":0,"profit_factor":0.0},{"date":"16/01/2026","date_ts":1768521600000,"profit_abs":0.0,"wins":0,"draws":0,"losses":0,"trades":0,"profit_factor":0.0},{"date":"17/01/2026","date_ts":1768608000000,"profit_abs":0.0,"wins":0,"draws":0,"losses":0,"trades":0,"profit_factor":0.0},{"date":"18/01/2026","date_ts":1768694400000,"profit_abs":0.0,"wins":0,"draws":0,"losses":0,"trades":0,"profit_factor":0.0},{"date":"19/01/2026","date_ts":1768780800000,"profit_abs":0.0,"wins":0,"draws":0,"losses":0,"trades":0,"profit_factor":0.0},{"date":"20/01/2026","date_ts":1768867200000,"profit_abs":0.0,"wins":0,"draws":0,"losses":0,"trades":0,"profit_factor":0.0},{"date":"21/01/2026","date_ts":1768953600000,"profit_abs":0.0,"wins":0,"draws":0,"losses":0,"trades":0,"profit_factor":0.0},{"date":"22/01/2026","date_ts":1769040000000,"profit_abs":0.0,"wins":0,"draws":0,"losses":0,"trades":0,"profit_factor":0.0},{"date":"23/01/2026","date_ts":1769126400000,"profit_abs":0.0,"wins":0,"draws":0,"losses":0,"trades":0,"profit_factor":0.0},{"date":"24/01/2026","date_ts":1769212800000,"profit_abs":0.0,"wins":0,"draws":0,"losses":0,"trades":0,"profit_factor":0.0},{"date":"25/01/2026","date_ts":1769299200000,"profit_abs":0.0,"wins":0,"draws":0,"losses":0,"trades":0,"profit_factor":0.0},{"date":"26/01/2026","date_ts":1769385600000,"profit_abs":0.0,"wins":0,"draws":0,"losses":0,"trades":0,"profit_factor":0.0},{"date":"27/01/2026","date_ts":1769472000000,"profit_abs":0.0,"wins":0,"draws":0,"losses":0,"trades":0,"profit_factor":0.0},{"date":"28/01/2026","date_ts":1769558400000,"profit_abs":0.0,"wins":0,"draws":0,"losses":0,"trades":0,"profit_factor":0.0},{"date":"29/01/2026","date_ts":1769644800000,"profit_abs":0.0,"wins":0,"draws":0,"losses":0,"trades":0,"profit_factor":0.0},{"date":"30/01/2026","date_ts":1769731200000,"profit_abs":0.0,"wins":0,"draws":0,"losses":0,"trades":0,"profit_factor":0.0},{"date":"31/01/2026","date_ts":1769817600000,"profit_abs":0.0,"wins":0,"draws":0,"losses":0,"trades":0,"profit_factor":0.0},{"date":"01/02/2026","date_ts":1769904000000,"profit_abs":0.0,"wins":0,"draws":0,"losses":0,"trades":0,"profit_factor":0.0},{"date":"02/02/2026","date_ts":1769990400000,"profit_abs":0.0,"wins":0,"draws":0,"losses":0,"trades":0,"profit_factor":0.0},{"date":"03/02/2026","date_ts":1770076800000,"profit_abs":0.0,"wins":0,"draws":0,"losses":0,"trades":0,"profit_factor":0.0},{"date":"04/02/2026","date_ts":1770163200000,"profit_abs":0.0,"wins":0,"draws":0,"losses":0,"trades":0,"profit_factor":0.0},{"date":"05/02/2026","date_ts":1770249600000,"profit_abs":0.0,"wins":0,"draws":0,"losses":0,"trades":0,"profit_factor":0.0},{"date":"06/02/2026","date_ts":1770336000000,"profit_abs":0.0,"wins":0,"draws":0,"losses":0,"trades":0,"profit_factor":0.0},{"date":"07/02/2026","date_ts":1770422400000,"profit_abs":0.0,"wins":0,"draws":0,"losses":0,"trades":0,"profit_factor":0.0},{"date":"08/02/2026","date_ts":1770508800000,"profit_abs":0.0,"wins":0,"draws":0,"losses":0,"trades":0,"profit_factor":0.0},{"date":"09/02/2026","date_ts":1770595200000,"profit_abs":0.0,"wins":0,"draws":0,"losses":0,"trades":0,"profit_factor":0.0},{"date":"10/02/2026","date_ts":1770681600000,"profit_abs":0.0,"wins":0,"draws":0,"losses":0,"trades":0,"profit_factor":0.0},{"date":"11/02/2026","date_ts":1770768000000,"profit_abs":0.0,"wins":0,"draws":0,"losses":0,"trades":0,"profit_factor":0.0},{"date":"12/02/2026","date_ts":1770854400000,"profit_abs":0.0,"wins":0,"draws":0,"losses":0,"trades":0,"profit_factor":0.0},{"date":"13/02/2026","date_ts":1770940800000,"profit_abs":0.0,"wins":0,"draws":0,"losses":0,"trades":0,"profit_factor":0.0},{"date":"14/02/2026","date_ts":1771027200000,"profit_abs":15.461838,"wins":2,"draws":0,"losses":0,"trades":2,"profit_factor":0.0},{"date":"15/02/2026","date_ts":1771113600000,"profit_abs":-12.70779018,"wins":0,"draws":0,"losses":1,"trades":1,"profit_factor":0.0}],"week":[{"date":"08/12/2025","date_ts":1765152000000,"profit_abs":-17.94396118,"wins":1,"draws":0,"losses":2,"trades":3,"profit_factor":0.29672836},{"date":"15/12/2025","date_ts":1765756800000,"profit_abs":-12.8438001,"wins":0,"draws":0,"losses":1,"trades":1,"profit_factor":0.0},{"date":"22/12/2025","date_ts":1766361600000,"profit_abs":-9.3947832,"wins":0,"draws":0,"losses":1,"trades":1,"profit_factor":0.0},{"date":"29/12/2025","date_ts":1766966400000,"profit_abs":0.0,"wins":0,"draws":0,"losses":0,"trades":0,"profit_factor":0.0},{"date":"05/01/2026","date_ts":1767571200000,"profit_abs":0.56517662,"wins":5,"draws":0,"losses":3,"trades":8,"profit_factor":1.01482605},{"date":"12/01/2026","date_ts":1768176000000,"profit_abs":-12.696546,"wins":0,"draws":0,"losses":1,"trades":1,"profit_factor":0.0},{"date":"19/01/2026","date_ts":1768780800000,"profit_abs":-12.7171096,"wins":0,"draws":0,"losses":1,"trades":1,"profit_factor":0.0},{"date":"26/01/2026","date_ts":1769385600000,"profit_abs":0.0,"wins":0,"draws":0,"losses":0,"trades":0,"profit_factor":0.0},{"date":"02/02/2026","date_ts":1769990400000,"profit_abs":0.0,"wins":0,"draws":0,"losses":0,"trades":0,"profit_factor":0.0},{"date":"09/02/2026","date_ts":1770595200000,"profit_abs":0.0,"wins":0,"draws":0,"losses":0,"trades":0,"profit_factor":0.0},{"date":"16/02/2026","date_ts":1771200000000,"profit_abs":2.75404782,"wins":2,"draws":0,"losses":1,"trades":3,"profit_factor":1.21672122}],"month":[{"date":"31/12/2025","date_ts":1767139200000,"profit_abs":-40.18254448,"wins":1,"draws":0,"losses":4,"trades":5,"profit_factor":0.15854352},{"date":"31/01/2026","date_ts":1769817600000,"profit_abs":-24.84847898,"wins":5,"draws":0,"losses":5,"trades":10,"profit_factor":0.60889588},{"date":"28/02/2026","date_ts":1772236800000,"profit_abs":2.75404782,"wins":2,"draws":0,"losses":1,"trades":3,"profit_factor":1.21672122}],"year":[{"date":"31/12/2025","date_ts":1767139200000,"profit_abs":-40.18254448,"wins":1,"draws":0,"losses":4,"trades":5,"profit_factor":0.15854352},{"date":"31/12/2026","date_ts":1798675200000,"profit_abs":-22.09443116,"wins":7,"draws":0,"losses":6,"trades":13,"profit_factor":0.71020644}],"weekday":[{"date":"Monday","date_ts":0,"profit_abs":-12.76657775,"wins":0,"draws":0,"losses":1,"trades":1,"profit_factor":0.0},{"date":"Tuesday","date_ts":1,"profit_abs":-25.5403461,"wins":0,"draws":0,"losses":2,"trades":2,"profit_factor":0.0},{"date":"Wednesday","date_ts":2,"profit_abs":-30.66107078,"wins":1,"draws":0,"losses":3,"trades":4,"profit_factor":0.19802784},{"date":"Friday","date_ts":4,"profit_abs":21.85054047,"wins":4,"draws":0,"losses":1,"trades":5,"profit_factor":2.73155894},{"date":"Saturday","date_ts":5,"profit_abs":2.72689215,"wins":2,"draws":0,"losses":1,"trades":3,"profit_factor":1.21412672},{"date":"Sunday","date_ts":6,"profit_abs":-17.88641363,"wins":1,"draws":0,"losses":2,"trades":3,"profit_factor":0.19075425}]},"backtest_best_day":0.05469755011437977,"backtest_worst_day":-0.044876034681639226,"backtest_best_day_abs":21.85054047,"backtest_worst_day_abs":-17.94396118,"winning_days":3,"draw_days":64,"losing_days":8,"daily_profit":[["2025-12-03",-17.94396118],["2025-12-04",0.0],["2025-12-05",0.0],["2025-12-06",0.0],["2025-12-07",0.0],["2025-12-08",0.0],["2025-12-09",-12.8438001],["2025-12-10",0.0],["2025-12-11",0.0],["2025-12-12",0.0],["2025-12-13",0.0],["2025-12-14",0.0],["2025-12-15",0.0],["2025-12-16",0.0],["2025-12-17",0.0],["2025-12-18",0.0],["2025-12-19",0.0],["2025-12-20",0.0],["2025-12-21",-9.3947832],["2025-12-22",0.0],["2025-12-23",0.0],["2025-12-24",0.0],["2025-12-25",0.0],["2025-12-26",0.0],["2025-12-27",0.0],["2025-12-28",0.0],["2025-12-29",0.0],["2025-12-30",0.0],["2025-12-31",0.0],["2026-01-01",0.0],["2026-01-02",21.85054047],["2026-01-03",-12.73494585],["2026-01-04",4.21615975],["2026-01-05",-12.76657775],["2026-01-06",-12.696546],["2026-01-07",0.0],["2026-01-08",0.0],["2026-01-09",0.0],["2026-01-10",0.0],["2026-01-11",0.0],["2026-01-12",0.0],["2026-01-13",0.0],["2026-01-14",-12.7171096],["2026-01-15",0.0],["2026-01-16",0.0],["2026-01-17",0.0],["2026-01-18",0.0],["2026-01-19",0.0],["2026-01-20",0.0],["2026-01-21",0.0],["2026-01-22",0.0],["2026-01-23",0.0],["2026-01-24",0.0],["2026-01-25",0.0],["2026-01-26",0.0],["2026-01-27",0.0],["2026-01-28",0.0],["2026-01-29",0.0],["2026-01-30",0.0],["2026-01-31",0.0],["2026-02-01",0.0],["2026-02-02",0.0],["2026-02-03",0.0],["2026-02-04",0.0],["2026-02-05",0.0],["2026-02-06",0.0],["2026-02-07",0.0],["2026-02-08",0.0],["2026-02-09",0.0],["2026-02-10",0.0],["2026-02-11",0.0],["2026-02-12",0.0],["2026-02-13",0.0],["2026-02-14",15.461838],["2026-02-15",-12.70779018]],"wins":8,"losses":10,"draws":0,"winrate":0.4444444444444444,"holding_avg":"5:12:00","holding_avg_s":18720.0,"winner_holding_min":"0d 00:00","winner_holding_min_s":0.0,"winner_holding_max":"0d 15:00","winner_holding_max_s":54000.0,"winner_holding_avg":"0d 03:04","winner_holding_avg_s":11040.0,"loser_holding_min":"0d 00:00","loser_holding_min_s":0.0,"loser_holding_max":"1d 04:30","loser_holding_max_s":102600.0,"loser_holding_avg":"0d 06:54","loser_holding_avg_s":24840.0,"max_consecutive_wins":4,"max_consecutive_losses":5,"max_drawdown_account":0.07205650039846621,"max_relative_drawdown":0.07205650039846621,"max_drawdown_abs":72.60204146,"drawdown_start":"2025-12-03 06:00:00","drawdown_start_ts":1764741600000.0,"drawdown_end":"2026-01-14 10:00:00","drawdown_end_ts":1768384800000.0,"drawdown_duration":"42 days 04:00:00","drawdown_duration_s":3643200.0,"max_drawdown_low":-65.03102346,"max_drawdown_high":7.571018,"csum_min":934.96897654,"csum_max":1007.571018}},"strategy_comparison":[{"key":"SupertrendFuturesStrategyV8","trades":18,"profit_mean":-0.00866051038753319,"profit_mean_pct":-0.87,"profit_total_abs":-62.27697564,"profit_total":-0.06227697564,"profit_total_pct":-6.23,"duration_avg":"5:12:00","wins":8,"draws":0,"losses":10,"winrate":0.4444444444444444,"cagr":-0.241274012830773,"expectancy":-3.459831980000001,"expectancy_ratio":-0.2790287646662365,"sortino":-13.946627485609225,"sharpe":-1.363114376521114,"calmar":-19.42593156945656,"sqn":-1.3892,"profit_factor":0.49774822360077436,"max_drawdown_account":0.07205650039846621,"max_drawdown_abs":"72.602"}]}