{"strategy":{"SupertrendStrategy_Smart":{"trades":[{"pair":"ETH/USDT","stake_amount":329.99884525,"max_stake_amount":329.99884525,"amount":0.112975,"open_date":"2025-11-25 12:30:00+00:00","close_date":"2025-11-26 17:30:00+00:00","open_rate":2920.99,"close_rate":2988.273695543315,"fee_open":0.0015,"fee_close":0.0015,"trade_duration":1740,"profit_ratio":0.01997004494772997,"profit_abs":6.59997691,"exit_reason":"roi","initial_stop_loss_abs":2774.9404999999997,"initial_stop_loss_ratio":-0.05,"stop_loss_abs":2774.9404999999997,"stop_loss_ratio":-0.05,"min_rate":2856.65,"max_rate":3015.21,"is_open":false,"enter_tag":"","leverage":1.0,"is_short":false,"open_timestamp":1764073800000,"close_timestamp":1764178200000,"orders":[{"amount":0.112975,"safe_price":2920.99,"ft_order_side":"buy","order_filled_timestamp":1764073800000,"ft_is_entry":true,"ft_order_tag":"","cost":330.493843517875},{"amount":0.112975,"safe_price":2988.273695543315,"ft_order_side":"sell","order_filled_timestamp":1764178200000,"ft_is_entry":false,"ft_order_tag":"roi","cost":338.1066210851371}],"funding_fees":0.0,"weekday":2},{"pair":"ETH/USDT","stake_amount":332.17669287,"max_stake_amount":332.17669287,"amount":0.110121,"open_date":"2025-11-26 18:45:00+00:00","close_date":"2025-11-28 13:45:00+00:00","open_rate":3016.47,"close_rate":3085.953034551828,"fee_open":0.0015,"fee_close":0.0015,"trade_duration":2580,"profit_ratio":0.019970044940416532,"profit_abs":6.64353386,"exit_reason":"roi","initial_stop_loss_abs":2865.6465,"initial_stop_loss_ratio":-0.05,"stop_loss_abs":2865.6465,"stop_loss_ratio":-0.05,"min_rate":2986.19,"max_rate":3087.28,"is_open":false,"enter_tag":"","leverage":1.0,"is_short":false,"open_timestamp":1764182700000,"close_timestamp":1764337500000,"orders":[{"amount":0.110121,"safe_price":3016.47,"ft_order_side":"buy","order_filled_timestamp":1764182700000,"ft_is_entry":true,"ft_order_tag":"","cost":332.67495790930496},{"amount":0.110121,"safe_price":3085.953034551828,"ft_order_side":"sell","order_filled_timestamp":1764337500000,"ft_is_entry":false,"ft_order_tag":"roi","cost":340.3379764690587}],"funding_fees":0.0,"weekday":4},{"pair":"ETH/USDT","stake_amount":334.36980968,"max_stake_amount":334.36980968,"amount":0.108776,"open_date":"2025-11-28 14:00:00+00:00","close_date":"2025-12-01 00:00:00+00:00","open_rate":3073.93,"close_rate":2920.2335,"fee_open":0.0015,"fee_close":0.0015,"trade_duration":3480,"profit_ratio":-0.05284573141091664,"profit_abs":-17.69652218,"exit_reason":"stop_loss","initial_stop_loss_abs":2920.2335,"initial_stop_loss_ratio":-0.05,"stop_loss_abs":2920.2335,"stop_loss_ratio":-0.05,"min_rate":2905.0,"max_rate":3099.0,"is_open":false,"enter_tag":"","leverage":1.0,"is_short":false,"open_timestamp":1764338400000,"close_timestamp":1764547200000,"orders":[{"amount":0.108776,"safe_price":3073.93,"ft_order_side":"buy","order_filled_timestamp":1764338400000,"ft_is_entry":true,"ft_order_tag":"","cost":334.87136439452},{"amount":0.108776,"safe_price":2920.2335,"ft_order_side":"sell","order_filled_timestamp":1764547200000,"ft_is_entry":false,"ft_order_tag":"stop_loss","cost":318.127796174794}],"funding_fees":0.0,"weekday":0},{"pair":"ETH/USDT","stake_amount":328.529014,"max_stake_amount":328.529014,"amount":0.109001,"open_date":"2025-12-02 22:15:00+00:00","close_date":"2025-12-03 06:15:00+00:00","open_rate":3014.0,"close_rate":3083.4261392088133,"fee_open":0.0015,"fee_close":0.0015,"trade_duration":480,"profit_ratio":0.019970044932601096,"profit_abs":6.57058028,"exit_reason":"roi","initial_stop_loss_abs":2863.2999999999997,"initial_stop_loss_ratio":-0.05,"stop_loss_abs":2863.2999999999997,"stop_loss_ratio":-0.05,"min_rate":2985.55,"max_rate":3085.79,"is_open":false,"enter_tag":"","leverage":1.0,"is_short":false,"open_timestamp":1764713700000,"close_timestamp":1764742500000,"orders":[{"amount":0.109001,"safe_price":3014.0,"ft_order_side":"buy","order_filled_timestamp":1764713700000,"ft_is_entry":true,"ft_order_tag":"","cost":329.021807521},{"amount":0.109001,"safe_price":3083.4261392088133,"ft_order_side":"sell","order_filled_timestamp":1764742500000,"ft_is_entry":false,"ft_order_tag":"roi","cost":336.60067739879975}],"funding_fees":0.0,"weekday":2},{"pair":"ETH/USDT","stake_amount":330.6965083,"max_stake_amount":330.6965083,"amount":0.107942,"open_date":"2025-12-03 06:45:00+00:00","close_date":"2025-12-03 14:30:00+00:00","open_rate":3063.65,"close_rate":3134.2198047070606,"fee_open":0.0015,"fee_close":0.0015,"trade_duration":465,"profit_ratio":0.019970044944678664,"profit_abs":6.61393017,"exit_reason":"roi","initial_stop_loss_abs":2910.4674999999997,"initial_stop_loss_ratio":-0.05,"stop_loss_abs":2910.4674999999997,"stop_loss_ratio":-0.05,"min_rate":3028.87,"max_rate":3146.0,"is_open":false,"enter_tag":"","leverage":1.0,"is_short":false,"open_timestamp":1764744300000,"close_timestamp":1764772200000,"orders":[{"amount":0.107942,"safe_price":3063.65,"ft_order_side":"buy","order_filled_timestamp":1764744300000,"ft_is_entry":true,"ft_order_tag":"","cost":331.19255306245003},{"amount":0.107942,"safe_price":3134.2198047070606,"ft_order_side":"sell","order_filled_timestamp":1764772200000,"ft_is_entry":false,"ft_order_tag":"roi","cost":338.82142509092904}],"funding_fees":0.0,"weekday":2},{"pair":"BTC/USDT","stake_amount":328.52964946,"max_stake_amount":328.52964946,"amount":0.00357674,"open_date":"2025-12-02 22:15:00+00:00","close_date":"2025-12-03 22:45:00+00:00","open_rate":91851.7,"close_rate":93967.46274411617,"fee_open":0.0015,"fee_close":0.0015,"trade_duration":1470,"profit_ratio":0.019970044935154113,"profit_abs":6.57059299,"exit_reason":"roi","initial_stop_loss_abs":87259.11499999999,"initial_stop_loss_ratio":-0.05,"stop_loss_abs":87259.11499999999,"stop_loss_ratio":-0.05,"min_rate":91004.0,"max_rate":94162.8,"is_open":false,"enter_tag":"","leverage":1.0,"is_short":false,"open_timestamp":1764713700000,"close_timestamp":1764801900000,"orders":[{"amount":0.00357674,"safe_price":91851.7,"ft_order_side":"buy","order_filled_timestamp":1764713700000,"ft_is_entry":true,"ft_order_tag":"","cost":329.022443932187},{"amount":0.00357674,"safe_price":93967.46274411617,"ft_order_side":"sell","order_filled_timestamp":1764801900000,"ft_is_entry":false,"ft_order_tag":"roi","cost":336.60132846943316}],"funding_fees":0.0,"weekday":2},{"pair":"ETH/USDT","stake_amount":332.88097689,"max_stake_amount":332.88097689,"amount":0.106293,"open_date":"2025-12-03 14:45:00+00:00","close_date":"2025-12-03 23:00:00+00:00","open_rate":3131.73,"close_rate":3203.867996995493,"fee_open":0.0015,"fee_close":0.0015,"trade_duration":495,"profit_ratio":0.01997004493920017,"profit_abs":6.65761954,"exit_reason":"roi","initial_stop_loss_abs":2975.1434999999997,"initial_stop_loss_ratio":-0.05,"stop_loss_abs":2975.1434999999997,"stop_loss_ratio":-0.05,"min_rate":3056.72,"max_rate":3218.05,"is_open":false,"enter_tag":"","leverage":1.0,"is_short":false,"open_timestamp":1764773100000,"close_timestamp":1764802800000,"orders":[{"amount":0.106293,"safe_price":3131.73,"ft_order_side":"buy","order_filled_timestamp":1764773100000,"ft_is_entry":true,"ft_order_tag":"","cost":333.380298355335},{"amount":0.106293,"safe_price":3203.867996995493,"ft_order_side":"sell","order_filled_timestamp":1764802800000,"ft_is_entry":false,"ft_order_tag":"roi","cost":341.05956411614886}],"funding_fees":0.0,"weekday":2},{"pair":"BTC/USDT","stake_amount":337.24632616,"max_stake_amount":337.24632616,"amount":0.00359599,"open_date":"2025-12-03 23:00:00+00:00","close_date":"2025-12-05 16:15:00+00:00","open_rate":93784.0,"close_rate":89094.8,"fee_open":0.0015,"fee_close":0.0015,"trade_duration":2475,"profit_ratio":-0.052845731396920864,"profit_abs":-17.84876181,"exit_reason":"stop_loss","initial_stop_loss_abs":89094.8,"initial_stop_loss_ratio":-0.05,"stop_loss_abs":89094.8,"stop_loss_ratio":-0.05,"min_rate":88900.0,"max_rate":94097.0,"is_open":false,"enter_tag":"","leverage":1.0,"is_short":false,"open_timestamp":1764802800000,"close_timestamp":1764951300000,"orders":[{"amount":0.00359599,"safe_price":93784.0,"ft_order_side":"buy","order_filled_timestamp":1764802800000,"ft_is_entry":true,"ft_order_tag":"","cost":337.75219564924},{"amount":0.00359599,"safe_price":89094.8,"ft_order_side":"sell","order_filled_timestamp":1764951300000,"ft_is_entry":false,"ft_order_tag":"stop_loss","cost":320.86458586677804}],"funding_fees":0.0,"weekday":4},{"pair":"ETH/USDT","stake_amount":337.244901,"max_stake_amount":337.244901,"amount":0.10563,"open_date":"2025-12-03 23:15:00+00:00","close_date":"2025-12-05 16:30:00+00:00","open_rate":3192.7,"close_rate":3033.0649999999996,"fee_open":0.0015,"fee_close":0.0015,"trade_duration":2475,"profit_ratio":-0.052845731416441145,"profit_abs":-17.84868639,"exit_reason":"stop_loss","initial_stop_loss_abs":3033.0649999999996,"initial_stop_loss_ratio":-0.05,"stop_loss_abs":3033.0649999999996,"stop_loss_ratio":-0.05,"min_rate":3000.0,"max_rate":3240.74,"is_open":false,"enter_tag":"","leverage":1.0,"is_short":false,"open_timestamp":1764803700000,"close_timestamp":1764952200000,"orders":[{"amount":0.10563,"safe_price":3192.7,"ft_order_side":"buy","order_filled_timestamp":1764803700000,"ft_is_entry":true,"ft_order_tag":"","cost":337.75076835149997},{"amount":0.10563,"safe_price":3033.0649999999996,"ft_order_side":"sell","order_filled_timestamp":1764952200000,"ft_is_entry":false,"ft_order_tag":"stop_loss","cost":320.86322993392497}],"funding_fees":0.0,"weekday":4},{"pair":"ETH/USDT","stake_amount":325.465206,"max_stake_amount":325.465206,"amount":0.098076,"open_date":"2025-12-10 05:30:00+00:00","close_date":"2025-12-10 18:30:00+00:00","open_rate":3318.5,"close_rate":3394.9401602403605,"fee_open":0.0015,"fee_close":0.0015,"trade_duration":780,"profit_ratio":0.0199700449326011,"profit_abs":6.50930412,"exit_reason":"roi","initial_stop_loss_abs":3152.575,"initial_stop_loss_ratio":-0.05,"stop_loss_abs":3361.4,"stop_loss_ratio":-0.02,"min_rate":3297.26,"max_rate":3430.0,"is_open":false,"enter_tag":"","leverage":1.0,"is_short":false,"open_timestamp":1765344600000,"close_timestamp":1765391400000,"orders":[{"amount":0.098076,"safe_price":3318.5,"ft_order_side":"buy","order_filled_timestamp":1765344600000,"ft_is_entry":true,"ft_order_tag":"","cost":325.953403809},{"amount":0.098076,"safe_price":3394.9401602403605,"ft_order_side":"sell","order_filled_timestamp":1765391400000,"ft_is_entry":false,"ft_order_tag":"roi","cost":333.4615943824672}],"funding_fees":0.0,"weekday":2},{"pair":"ETH/USDT","stake_amount":327.61427016,"max_stake_amount":327.61427016,"amount":0.096878,"open_date":"2025-12-10 19:00:00+00:00","close_date":"2025-12-11 02:15:00+00:00","open_rate":3381.72,"close_rate":3212.6339999999996,"fee_open":0.0015,"fee_close":0.0015,"trade_duration":435,"profit_ratio":-0.05284573140832683,"profit_abs":-17.33898525,"exit_reason":"stop_loss","initial_stop_loss_abs":3212.6339999999996,"initial_stop_loss_ratio":-0.05,"stop_loss_abs":3212.6339999999996,"stop_loss_ratio":-0.05,"min_rate":3212.47,"max_rate":3448.0,"is_open":false,"enter_tag":"","leverage":1.0,"is_short":false,"open_timestamp":1765393200000,"close_timestamp":1765419300000,"orders":[{"amount":0.096878,"safe_price":3381.72,"ft_order_side":"buy","order_filled_timestamp":1765393200000,"ft_is_entry":true,"ft_order_tag":"","cost":328.10569156524},{"amount":0.096878,"safe_price":3212.6339999999996,"ft_order_side":"sell","order_filled_timestamp":1765419300000,"ft_is_entry":false,"ft_order_tag":"stop_loss","cost":311.700406986978}],"funding_fees":0.0,"weekday":3},{"pair":"ETH/USDT","stake_amount":321.89195668,"max_stake_amount":321.89195668,"amount":0.099538,"open_date":"2025-12-11 21:15:00+00:00","close_date":"2025-12-12 15:45:00+00:00","open_rate":3233.86,"close_rate":3072.167,"fee_open":0.0015,"fee_close":0.0015,"trade_duration":1110,"profit_ratio":-0.05284573141130513,"profit_abs":-17.03613181,"exit_reason":"stop_loss","initial_stop_loss_abs":3072.167,"initial_stop_loss_ratio":-0.05,"stop_loss_abs":3072.167,"stop_loss_ratio":-0.05,"min_rate":3057.23,"max_rate":3273.33,"is_open":false,"enter_tag":"","leverage":1.0,"is_short":false,"open_timestamp":1765487700000,"close_timestamp":1765554300000,"orders":[{"amount":0.099538,"safe_price":3233.86,"ft_order_side":"buy","order_filled_timestamp":1765487700000,"ft_is_entry":true,"ft_order_tag":"","cost":322.37479461502005},{"amount":0.099538,"safe_price":3072.167,"ft_order_side":"sell","order_filled_timestamp":1765554300000,"ft_is_entry":false,"ft_order_tag":"stop_loss","cost":306.256054884269}],"funding_fees":0.0,"weekday":4},{"pair":"BTC/USDT","stake_amount":316.27018773,"max_stake_amount":316.27018773,"amount":0.00359525,"open_date":"2025-12-16 16:00:00+00:00","close_date":"2025-12-17 15:00:00+00:00","open_rate":87968.9,"close_rate":89995.22418627942,"fee_open":0.0015,"fee_close":0.0015,"trade_duration":1380,"profit_ratio":0.019970044918394072,"profit_abs":6.32540375,"exit_reason":"roi","initial_stop_loss_abs":83570.45499999999,"initial_stop_loss_ratio":-0.05,"stop_loss_abs":83570.45499999999,"stop_loss_ratio":-0.05,"min_rate":86211.5,"max_rate":90375.0,"is_open":false,"enter_tag":"","leverage":1.0,"is_short":false,"open_timestamp":1765900800000,"close_timestamp":1765983600000,"orders":[{"amount":0.00359525,"safe_price":87968.9,"ft_order_side":"buy","order_filled_timestamp":1765900800000,"ft_is_entry":true,"ft_order_tag":"","cost":316.7445930065875},{"amount":0.00359525,"safe_price":89995.22418627942,"ft_order_side":"sell","order_filled_timestamp":1765983600000,"ft_is_entry":false,"ft_order_tag":"roi","cost":324.04066275035467}],"funding_fees":0.0,"weekday":2},{"pair":"ETH/USDT","stake_amount":318.35777518,"max_stake_amount":318.35777518,"amount":0.106273,"open_date":"2025-12-17 15:00:00+00:00","close_date":"2025-12-17 16:15:00+00:00","open_rate":2995.66,"close_rate":2845.877,"fee_open":0.0015,"fee_close":0.0015,"trade_duration":75,"profit_ratio":-0.052845731398499976,"profit_abs":-16.84908525,"exit_reason":"stop_loss","initial_stop_loss_abs":2845.877,"initial_stop_loss_ratio":-0.05,"stop_loss_abs":2845.877,"stop_loss_ratio":-0.05,"min_rate":2845.07,"max_rate":3031.03,"is_open":false,"enter_tag":"","leverage":1.0,"is_short":false,"open_timestamp":1765983600000,"close_timestamp":1765988100000,"orders":[{"amount":0.106273,"safe_price":2995.66,"ft_order_side":"buy","order_filled_timestamp":1765983600000,"ft_is_entry":true,"ft_order_tag":"","cost":318.83531184277},{"amount":0.106273,"safe_price":2845.877,"ft_order_side":"sell","order_filled_timestamp":1765988100000,"ft_is_entry":false,"ft_order_tag":"stop_loss","cost":302.8935462506316}],"funding_fees":0.0,"weekday":2},{"pair":"ETH/USDT","stake_amount":312.79530783,"max_stake_amount":312.79530783,"amount":0.106539,"open_date":"2025-12-18 14:15:00+00:00","close_date":"2025-12-18 19:30:00+00:00","open_rate":2935.97,"close_rate":2789.1714999999995,"fee_open":0.0015,"fee_close":0.0015,"trade_duration":315,"profit_ratio":-0.052845731412782676,"profit_abs":-16.55469167,"exit_reason":"stop_loss","initial_stop_loss_abs":2789.1714999999995,"initial_stop_loss_ratio":-0.05,"stop_loss_abs":2789.1714999999995,"stop_loss_ratio":-0.05,"min_rate":2787.14,"max_rate":2997.65,"is_open":false,"enter_tag":"","leverage":1.0,"is_short":false,"open_timestamp":1766067300000,"close_timestamp":1766086200000,"orders":[{"amount":0.106539,"safe_price":2935.97,"ft_order_side":"buy","order_filled_timestamp":1766067300000,"ft_is_entry":true,"ft_order_tag":"","cost":313.264500791745},{"amount":0.106539,"safe_price":2789.1714999999995,"ft_order_side":"sell","order_filled_timestamp":1766086200000,"ft_is_entry":false,"ft_order_tag":"stop_loss","cost":297.6012757521577}],"funding_fees":0.0,"weekday":3},{"pair":"ETH/USDT","stake_amount":307.3337784,"max_stake_amount":307.3337784,"amount":0.105864,"open_date":"2025-12-19 03:45:00+00:00","close_date":"2025-12-19 11:30:00+00:00","open_rate":2903.1,"close_rate":2969.9716074111166,"fee_open":0.0015,"fee_close":0.0015,"trade_duration":465,"profit_ratio":0.019970044939098933,"profit_abs":6.14667557,"exit_reason":"roi","initial_stop_loss_abs":2757.9449999999997,"initial_stop_loss_ratio":-0.05,"stop_loss_abs":2757.9449999999997,"stop_loss_ratio":-0.05,"min_rate":2900.16,"max_rate":2984.6,"is_open":false,"enter_tag":"","leverage":1.0,"is_short":false,"open_timestamp":1766115900000,"close_timestamp":1766143800000,"orders":[{"amount":0.105864,"safe_price":2903.1,"ft_order_side":"buy","order_filled_timestamp":1766115900000,"ft_is_entry":true,"ft_order_tag":"","cost":307.79477906759996},{"amount":0.105864,"safe_price":2969.9716074111166,"ft_order_side":"sell","order_filled_timestamp":1766143800000,"ft_is_entry":false,"ft_order_tag":"roi","cost":314.88469385834094}],"funding_fees":0.0,"weekday":4},{"pair":"ETH/USDT","stake_amount":309.36041344,"max_stake_amount":309.36041344,"amount":0.104336,"open_date":"2025-12-19 12:15:00+00:00","close_date":"2025-12-22 00:00:00+00:00","open_rate":2965.04,"close_rate":3033.338367551327,"fee_open":0.0015,"fee_close":0.0015,"trade_duration":3585,"profit_ratio":0.01997004493647426,"profit_abs":6.18720827,"exit_reason":"roi","initial_stop_loss_abs":2816.788,"initial_stop_loss_ratio":-0.05,"stop_loss_abs":2816.788,"stop_loss_ratio":-0.05,"min_rate":2935.3,"max_rate":3047.19,"is_open":false,"enter_tag":"","leverage":1.0,"is_short":false,"open_timestamp":1766146500000,"close_timestamp":1766361600000,"orders":[{"amount":0.104336,"safe_price":2965.04,"ft_order_side":"buy","order_filled_timestamp":1766146500000,"ft_is_entry":true,"ft_order_tag":"","cost":309.82445406016},{"amount":0.104336,"safe_price":3033.338367551327,"ft_order_side":"sell","order_filled_timestamp":1766361600000,"ft_is_entry":false,"ft_order_tag":"roi","cost":316.96112150471055}],"funding_fees":0.0,"weekday":0},{"pair":"SOL/USDT","stake_amount":304.45427472,"max_stake_amount":304.45427472,"amount":2.461629,"open_date":"2025-12-25 16:00:00+00:00","close_date":"2025-12-29 00:15:00+00:00","open_rate":123.68,"close_rate":126.5289133700551,"fee_open":0.0015,"fee_close":0.0015,"trade_duration":4815,"profit_ratio":0.019970044918170657,"profit_abs":6.08908549,"exit_reason":"roi","initial_stop_loss_abs":117.496,"initial_stop_loss_ratio":-0.05,"stop_loss_abs":117.496,"stop_loss_ratio":-0.05,"min_rate":119.24,"max_rate":126.86,"is_open":false,"enter_tag":"","leverage":1.0,"is_short":false,"open_timestamp":1766678400000,"close_timestamp":1766967300000,"orders":[{"amount":2.461629,"safe_price":123.68,"ft_order_side":"buy","order_filled_timestamp":1766678400000,"ft_is_entry":true,"ft_order_tag":"","cost":304.91095613208},{"amount":2.461629,"safe_price":126.5289133700551,"ft_order_side":"sell","order_filled_timestamp":1766967300000,"ft_is_entry":false,"ft_order_tag":"roi","cost":311.93444335395066}],"funding_fees":0.0,"weekday":0},{"pair":"SOL/USDT","stake_amount":310.48243408,"max_stake_amount":310.48243408,"amount":2.453243,"open_date":"2025-12-29 01:15:00+00:00","close_date":"2026-01-02 09:45:00+00:00","open_rate":126.56,"close_rate":129.475252879319,"fee_open":0.0015,"fee_close":0.0015,"trade_duration":6270,"profit_ratio":0.019970044927455546,"profit_abs":6.20964868,"exit_reason":"roi","initial_stop_loss_abs":120.232,"initial_stop_loss_ratio":-0.05,"stop_loss_abs":120.232,"stop_loss_ratio":-0.05,"min_rate":122.3,"max_rate":130.16,"is_open":false,"enter_tag":"","leverage":1.0,"is_short":false,"open_timestamp":1766970900000,"close_timestamp":1767347100000,"orders":[{"amount":2.453243,"safe_price":126.56,"ft_order_side":"buy","order_filled_timestamp":1766970900000,"ft_is_entry":true,"ft_order_tag":"","cost":310.94815773112003},{"amount":2.453243,"safe_price":129.475252879319,"ft_order_side":"sell","order_filled_timestamp":1767347100000,"ft_is_entry":false,"ft_order_tag":"roi","cost":318.1107091861183}],"funding_fees":0.0,"weekday":4},{"pair":"DOGE/USDT","stake_amount":315.46372943,"max_stake_amount":315.46372943,"amount":2416.420754,"open_date":"2026-01-02 09:45:00+00:00","close_date":"2026-01-02 14:30:00+00:00","open_rate":0.13055,"close_rate":0.13355716074111168,"fee_open":0.0015,"fee_close":0.0015,"trade_duration":285,"profit_ratio":0.019970044936734835,"profit_abs":6.30927459,"exit_reason":"roi","initial_stop_loss_abs":0.12403,"initial_stop_loss_ratio":-0.05,"stop_loss_abs":0.12403,"stop_loss_ratio":-0.05,"min_rate":0.12852,"max_rate":0.13482,"is_open":false,"enter_tag":"","leverage":1.0,"is_short":false,"open_timestamp":1767347100000,"close_timestamp":1767364200000,"orders":[{"amount":2416.420754,"safe_price":0.13055,"ft_order_side":"buy","order_filled_timestamp":1767347100000,"ft_is_entry":true,"ft_order_tag":"","cost":315.9369250288521},{"amount":2416.420754,"safe_price":0.13355716074111168,"ft_order_side":"sell","order_filled_timestamp":1767364200000,"ft_is_entry":false,"ft_order_tag":"roi","cost":323.21439050272653}],"funding_fees":0.0,"weekday":4},{"pair":"ETH/USDT","stake_amount":311.40353573,"max_stake_amount":311.40353573,"amount":0.102767,"open_date":"2025-12-22 00:30:00+00:00","close_date":"2026-01-02 14:45:00+00:00","open_rate":3030.19,"close_rate":3099.9890686029044,"fee_open":0.0015,"fee_close":0.0015,"trade_duration":16695,"profit_ratio":0.01997004491785139,"profit_abs":6.22807071,"exit_reason":"roi","initial_stop_loss_abs":2878.6805,"initial_stop_loss_ratio":-0.05,"stop_loss_abs":2878.6805,"stop_loss_ratio":-0.05,"min_rate":2888.88,"max_rate":3109.54,"is_open":false,"enter_tag":"","leverage":1.0,"is_short":false,"open_timestamp":1766363400000,"close_timestamp":1767365100000,"orders":[{"amount":0.102767,"safe_price":3030.19,"ft_order_side":"buy","order_filled_timestamp":1766363400000,"ft_is_entry":true,"ft_order_tag":"","cost":311.870641033595},{"amount":0.102767,"safe_price":3099.9890686029044,"ft_order_side":"sell","order_filled_timestamp":1767365100000,"ft_is_entry":false,"ft_order_tag":"roi","cost":319.05444147803433}],"funding_fees":0.0,"weekday":4},{"pair":"BTC/USDT","stake_amount":318.3575753,"max_stake_amount":318.3575753,"amount":0.00358847,"open_date":"2025-12-17 15:45:00+00:00","close_date":"2026-01-02 16:30:00+00:00","open_rate":88716.8,"close_rate":90760.35172759139,"fee_open":0.0015,"fee_close":0.0015,"trade_duration":23085,"profit_ratio":0.01997004494539768,"profit_abs":6.36715151,"exit_reason":"roi","initial_stop_loss_abs":84280.95999999999,"initial_stop_loss_ratio":-0.05,"stop_loss_abs":84280.95999999999,"stop_loss_ratio":-0.05,"min_rate":84456.2,"max_rate":90818.0,"is_open":false,"enter_tag":"","leverage":1.0,"is_short":false,"open_timestamp":1765986300000,"close_timestamp":1767371400000,"orders":[{"amount":0.00358847,"safe_price":88716.8,"ft_order_side":"buy","order_filled_timestamp":1765986300000,"ft_is_entry":true,"ft_order_tag":"","cost":318.835111658944},{"amount":0.00358847,"safe_price":90760.35172759139,"ft_order_side":"sell","order_filled_timestamp":1767371400000,"ft_is_entry":false,"ft_order_tag":"roi","cost":326.17933556295577}],"funding_fees":0.0,"weekday":4},{"pair":"DOGE/USDT","stake_amount":319.60105329,"max_stake_amount":319.60105329,"amount":2399.407307,"open_date":"2026-01-02 14:45:00+00:00","close_date":"2026-01-02 16:45:00+00:00","open_rate":0.1332,"close_rate":0.13760220330495745,"fee_open":0.0015,"fee_close":0.0015,"trade_duration":120,"profit_ratio":0.02995506740273819,"profit_abs":9.5880316,"exit_reason":"roi","initial_stop_loss_abs":0.12654,"initial_stop_loss_ratio":-0.05,"stop_loss_abs":0.13577,"stop_loss_ratio":-0.02,"min_rate":0.13265,"max_rate":0.13854,"is_open":false,"enter_tag":"","leverage":1.0,"is_short":false,"open_timestamp":1767365100000,"close_timestamp":1767372300000,"orders":[{"amount":2399.407307,"safe_price":0.1332,"ft_order_side":"buy","order_filled_timestamp":1767365100000,"ft_is_entry":true,"ft_order_tag":"","cost":320.08045487233863},{"amount":2399.407307,"safe_price":0.13760220330495745,"ft_order_side":"sell","order_filled_timestamp":1767372300000,"ft_is_entry":false,"ft_order_tag":"roi","cost":330.6589776673183}],"funding_fees":0.0,"weekday":4},{"pair":"ETH/USDT","stake_amount":319.6007177,"max_stake_amount":319.6007177,"amount":0.103685,"open_date":"2026-01-02 15:00:00+00:00","close_date":"2026-01-04 00:00:00+00:00","open_rate":3082.42,"close_rate":3153.422163244867,"fee_open":0.0015,"fee_close":0.0015,"trade_duration":1980,"profit_ratio":0.019970044920104225,"profit_abs":6.39201435,"exit_reason":"roi","initial_stop_loss_abs":2928.299,"initial_stop_loss_ratio":-0.05,"stop_loss_abs":2928.299,"stop_loss_ratio":-0.05,"min_rate":3055.05,"max_rate":3159.16,"is_open":false,"enter_tag":"","leverage":1.0,"is_short":false,"open_timestamp":1767366000000,"close_timestamp":1767484800000,"orders":[{"amount":0.103685,"safe_price":3082.42,"ft_order_side":"buy","order_filled_timestamp":1767366000000,"ft_is_entry":true,"ft_order_tag":"","cost":320.08011877655},{"amount":0.103685,"safe_price":3153.422163244867,"ft_order_side":"sell","order_filled_timestamp":1767484800000,"ft_is_entry":false,"ft_order_tag":"roi","cost":327.4530208615381}],"funding_fees":0.0,"weekday":6},{"pair":"DOGE/USDT","stake_amount":324.86626371,"max_stake_amount":324.86626371,"amount":2277.525685,"open_date":"2026-01-03 13:00:00+00:00","close_date":"2026-01-04 00:15:00+00:00","open_rate":0.14264,"close_rate":0.14592564847270906,"fee_open":0.0015,"fee_close":0.0015,"trade_duration":675,"profit_ratio":0.01997004491979042,"profit_abs":6.49732527,"exit_reason":"roi","initial_stop_loss_abs":0.13551,"initial_stop_loss_ratio":-0.05,"stop_loss_abs":0.13551,"stop_loss_ratio":-0.05,"min_rate":0.14062,"max_rate":0.14593,"is_open":false,"enter_tag":"","leverage":1.0,"is_short":false,"open_timestamp":1767445200000,"close_timestamp":1767485700000,"orders":[{"amount":2277.525685,"safe_price":0.14264,"ft_order_side":"buy","order_filled_timestamp":1767445200000,"ft_is_entry":true,"ft_order_tag":"","cost":325.3535631039626},{"amount":2277.525685,"safe_price":0.14592564847270906,"ft_order_side":"sell","order_filled_timestamp":1767485700000,"ft_is_entry":false,"ft_order_tag":"roi","cost":332.8479366156212}],"funding_fees":0.0,"weekday":6},{"pair":"DOGE/USDT","stake_amount":329.1197458,"max_stake_amount":329.1197458,"amount":2275.755399,"open_date":"2026-01-04 00:30:00+00:00","close_date":"2026-01-04 03:30:00+00:00","open_rate":0.14462,"close_rate":0.14939962944416624,"fee_open":0.0015,"fee_close":0.0015,"trade_duration":180,"profit_ratio":0.02995506738645859,"profit_abs":9.87359237,"exit_reason":"roi","initial_stop_loss_abs":0.13739,"initial_stop_loss_ratio":-0.05,"stop_loss_abs":0.14773,"stop_loss_ratio":-0.02,"min_rate":0.14459,"max_rate":0.15074,"is_open":false,"enter_tag":"","leverage":1.0,"is_short":false,"open_timestamp":1767486600000,"close_timestamp":1767497400000,"orders":[{"amount":2275.755399,"safe_price":0.14462,"ft_order_side":"buy","order_filled_timestamp":1767486600000,"ft_is_entry":true,"ft_order_tag":"","cost":329.6134254220851},{"amount":2275.755399,"safe_price":0.14939962944416624,"ft_order_side":"sell","order_filled_timestamp":1767497400000,"ft_is_entry":false,"ft_order_tag":"roi","cost":340.50700883613496}],"funding_fees":0.0,"weekday":6},{"pair":"BTC/USDT","stake_amount":324.8654733,"max_stake_amount":324.8654733,"amount":0.00360441,"open_date":"2026-01-02 16:45:00+00:00","close_date":"2026-01-05 00:45:00+00:00","open_rate":90130.0,"close_rate":92206.10415623436,"fee_open":0.0015,"fee_close":0.0015,"trade_duration":3360,"profit_ratio":0.019970044944895446,"profit_abs":6.49730947,"exit_reason":"roi","initial_stop_loss_abs":85623.5,"initial_stop_loss_ratio":-0.05,"stop_loss_abs":85623.5,"stop_loss_ratio":-0.05,"min_rate":89321.2,"max_rate":92423.1,"is_open":false,"enter_tag":"","leverage":1.0,"is_short":false,"open_timestamp":1767372300000,"close_timestamp":1767573900000,"orders":[{"amount":0.00360441,"safe_price":90130.0,"ft_order_side":"buy","order_filled_timestamp":1767372300000,"ft_is_entry":true,"ft_order_tag":"","cost":325.35277150995006},{"amount":0.00360441,"safe_price":92206.10415623436,"ft_order_side":"sell","order_filled_timestamp":1767573900000,"ft_is_entry":false,"ft_order_tag":"roi","cost":332.84712678759536}],"funding_fees":0.0,"weekday":0},{"pair":"ETH/USDT","stake_amount":329.11801425,"max_stake_amount":329.11801425,"amount":0.104823,"open_date":"2026-01-04 00:30:00+00:00","close_date":"2026-01-05 01:30:00+00:00","open_rate":3139.75,"close_rate":3212.0727341011516,"fee_open":0.0015,"fee_close":0.0015,"trade_duration":1500,"profit_ratio":0.019970044917431734,"profit_abs":6.58236028,"exit_reason":"roi","initial_stop_loss_abs":2982.7625,"initial_stop_loss_ratio":-0.05,"stop_loss_abs":2982.7625,"stop_loss_ratio":-0.05,"min_rate":3118.2,"max_rate":3222.0,"is_open":false,"enter_tag":"","leverage":1.0,"is_short":false,"open_timestamp":1767486600000,"close_timestamp":1767576600000,"orders":[{"amount":0.104823,"safe_price":3139.75,"ft_order_side":"buy","order_filled_timestamp":1767486600000,"ft_is_entry":true,"ft_order_tag":"","cost":329.611691271375},{"amount":0.104823,"safe_price":3212.0727341011516,"ft_order_side":"sell","order_filled_timestamp":1767576600000,"ft_is_entry":false,"ft_order_tag":"roi","cost":337.20414885699506}],"funding_fees":0.0,"weekday":0},{"pair":"ETH/USDT","stake_amount":336.69390205,"max_stake_amount":336.69390205,"amount":0.105281,"open_date":"2026-01-05 02:00:00+00:00","close_date":"2026-01-06 14:00:00+00:00","open_rate":3198.05,"close_rate":3271.7156484727093,"fee_open":0.0015,"fee_close":0.0015,"trade_duration":2160,"profit_ratio":0.019970044929635486,"profit_abs":6.73387804,"exit_reason":"roi","initial_stop_loss_abs":3038.1475,"initial_stop_loss_ratio":-0.05,"stop_loss_abs":3038.1475,"stop_loss_ratio":-0.05,"min_rate":3135.23,"max_rate":3284.24,"is_open":false,"enter_tag":"","leverage":1.0,"is_short":false,"open_timestamp":1767578400000,"close_timestamp":1767708000000,"orders":[{"amount":0.105281,"safe_price":3198.05,"ft_order_side":"buy","order_filled_timestamp":1767578400000,"ft_is_entry":true,"ft_order_tag":"","cost":337.198942903075},{"amount":0.105281,"safe_price":3271.7156484727093,"ft_order_side":"sell","order_filled_timestamp":1767708000000,"ft_is_entry":false,"ft_order_tag":"roi","cost":344.9661694296356}],"funding_fees":0.0,"weekday":1},{"pair":"DOGE/USDT","stake_amount":332.37803134,"max_stake_amount":332.37803134,"amount":2190.588752,"open_date":"2026-01-04 09:30:00+00:00","close_date":"2026-01-06 14:15:00+00:00","open_rate":0.15173,"close_rate":0.15522503254882322,"fee_open":0.0015,"fee_close":0.0015,"trade_duration":3165,"profit_ratio":0.01997004494215659,"profit_abs":6.64756063,"exit_reason":"roi","initial_stop_loss_abs":0.14415,"initial_stop_loss_ratio":-0.05,"stop_loss_abs":0.14415,"stop_loss_ratio":-0.05,"min_rate":0.14587,"max_rate":0.15662,"is_open":false,"enter_tag":"","leverage":1.0,"is_short":false,"open_timestamp":1767519000000,"close_timestamp":1767708900000,"orders":[{"amount":2190.588752,"safe_price":0.15173,"ft_order_side":"buy","order_filled_timestamp":1767519000000,"ft_is_entry":true,"ft_order_tag":"","cost":332.8765983879715},{"amount":2190.588752,"safe_price":0.15522503254882322,"ft_order_side":"sell","order_filled_timestamp":1767708900000,"ft_is_entry":false,"ft_order_tag":"roi","cost":340.5442616457815}],"funding_fees":0.0,"weekday":1},{"pair":"ETH/USDT","stake_amount":341.10960312,"max_stake_amount":341.10960312,"amount":0.103636,"open_date":"2026-01-06 14:45:00+00:00","close_date":"2026-01-07 19:15:00+00:00","open_rate":3291.42,"close_rate":3126.8489999999997,"fee_open":0.0015,"fee_close":0.0015,"trade_duration":1710,"profit_ratio":-0.05284573141716292,"profit_abs":-18.05322575,"exit_reason":"stop_loss","initial_stop_loss_abs":3126.8489999999997,"initial_stop_loss_ratio":-0.05,"stop_loss_abs":3126.8489999999997,"stop_loss_ratio":-0.05,"min_rate":3125.27,"max_rate":3302.3,"is_open":false,"enter_tag":"","leverage":1.0,"is_short":false,"open_timestamp":1767710700000,"close_timestamp":1767813300000,"orders":[{"amount":0.103636,"safe_price":3291.42,"ft_order_side":"buy","order_filled_timestamp":1767710700000,"ft_is_entry":true,"ft_order_tag":"","cost":341.62126752468004},{"amount":0.103636,"safe_price":3126.8489999999997,"ft_order_side":"sell","order_filled_timestamp":1767813300000,"ft_is_entry":false,"ft_order_tag":"stop_loss","cost":324.540204148446}],"funding_fees":0.0,"weekday":2},{"pair":"SOL/USDT","stake_amount":341.11013272,"max_stake_amount":341.11013272,"amount":2.419564,"open_date":"2026-01-06 14:15:00+00:00","close_date":"2026-01-08 07:00:00+00:00","open_rate":140.98,"close_rate":133.93099999999998,"fee_open":0.0015,"fee_close":0.0015,"trade_duration":2445,"profit_ratio":-0.0528457313905838,"profit_abs":-18.05325377,"exit_reason":"stop_loss","initial_stop_loss_abs":133.93099999999998,"initial_stop_loss_ratio":-0.05,"stop_loss_abs":133.93099999999998,"stop_loss_ratio":-0.05,"min_rate":133.77,"max_rate":143.47,"is_open":false,"enter_tag":"","leverage":1.0,"is_short":false,"open_timestamp":1767708900000,"close_timestamp":1767855600000,"orders":[{"amount":2.419564,"safe_price":140.98,"ft_order_side":"buy","order_filled_timestamp":1767708900000,"ft_is_entry":true,"ft_order_tag":"","cost":341.62179791908},{"amount":2.419564,"safe_price":133.93099999999998,"ft_order_side":"sell","order_filled_timestamp":1767855600000,"ft_is_entry":false,"ft_order_tag":"stop_loss","cost":324.54070802312594}],"funding_fees":0.0,"weekday":3},{"pair":"SOL/USDT","stake_amount":329.1949458,"max_stake_amount":329.1949458,"amount":2.40798,"open_date":"2026-01-08 16:15:00+00:00","close_date":"2026-01-08 22:00:00+00:00","open_rate":136.71,"close_rate":139.85905358037056,"fee_open":0.0015,"fee_close":0.0015,"trade_duration":345,"profit_ratio":0.019970044944733756,"profit_abs":6.58389892,"exit_reason":"roi","initial_stop_loss_abs":129.8745,"initial_stop_loss_ratio":-0.05,"stop_loss_abs":129.8745,"stop_loss_ratio":-0.05,"min_rate":136.37,"max_rate":140.04,"is_open":false,"enter_tag":"","leverage":1.0,"is_short":false,"open_timestamp":1767888900000,"close_timestamp":1767909600000,"orders":[{"amount":2.40798,"safe_price":136.71,"ft_order_side":"buy","order_filled_timestamp":1767888900000,"ft_is_entry":true,"ft_order_tag":"","cost":329.6887382187},{"amount":2.40798,"safe_price":139.85905358037056,"ft_order_side":"sell","order_filled_timestamp":1767909600000,"ft_is_entry":false,"ft_order_tag":"roi","cost":337.28297054622135}],"funding_fees":0.0,"weekday":3},{"pair":"SOL/USDT","stake_amount":331.3677321,"max_stake_amount":331.3677321,"amount":2.367758,"open_date":"2026-01-08 22:15:00+00:00","close_date":"2026-01-12 03:00:00+00:00","open_rate":139.95,"close_rate":143.17368552829242,"fee_open":0.0015,"fee_close":0.0015,"trade_duration":4605,"profit_ratio":0.01997004492657455,"profit_abs":6.62735464,"exit_reason":"roi","initial_stop_loss_abs":132.9525,"initial_stop_loss_ratio":-0.05,"stop_loss_abs":132.9525,"stop_loss_ratio":-0.05,"min_rate":134.97,"max_rate":144.23,"is_open":false,"enter_tag":"","leverage":1.0,"is_short":false,"open_timestamp":1767910500000,"close_timestamp":1768186800000,"orders":[{"amount":2.367758,"safe_price":139.95,"ft_order_side":"buy","order_filled_timestamp":1767910500000,"ft_is_entry":true,"ft_order_tag":"","cost":331.86478369814995},{"amount":2.367758,"safe_price":143.17368552829242,"ft_order_side":"sell","order_filled_timestamp":1768186800000,"ft_is_entry":false,"ft_order_tag":"roi","cost":339.50914025804724}],"funding_fees":0.0,"weekday":0},{"pair":"ETH/USDT","stake_amount":326.04026571,"max_stake_amount":326.04026571,"amount":0.103739,"open_date":"2026-01-09 16:15:00+00:00","close_date":"2026-01-13 19:30:00+00:00","open_rate":3142.89,"close_rate":3215.2850625938904,"fee_open":0.0015,"fee_close":0.0015,"trade_duration":5955,"profit_ratio":0.01997004491973855,"profit_abs":6.52080531,"exit_reason":"roi","initial_stop_loss_abs":2985.7454999999995,"initial_stop_loss_ratio":-0.05,"stop_loss_abs":2985.7454999999995,"stop_loss_ratio":-0.05,"min_rate":3065.0,"max_rate":3218.75,"is_open":false,"enter_tag":"","leverage":1.0,"is_short":false,"open_timestamp":1767975300000,"close_timestamp":1768332600000,"orders":[{"amount":0.103739,"safe_price":3142.89,"ft_order_side":"buy","order_filled_timestamp":1767975300000,"ft_is_entry":true,"ft_order_tag":"","cost":326.529326108565},{"amount":0.103739,"safe_price":3215.2850625938904,"ft_order_side":"sell","order_filled_timestamp":1768332600000,"ft_is_entry":false,"ft_order_tag":"roi","cost":334.05078279409025}],"funding_fees":0.0,"weekday":1},{"pair":"BTC/USDT","stake_amount":336.69379859,"max_stake_amount":336.69379859,"amount":0.00361955,"open_date":"2026-01-05 03:15:00+00:00","close_date":"2026-01-13 22:00:00+00:00","open_rate":93020.9,"close_rate":95163.59474211317,"fee_open":0.0015,"fee_close":0.0015,"trade_duration":12645,"profit_ratio":0.01997004492696644,"profit_abs":6.73387597,"exit_reason":"roi","initial_stop_loss_abs":88369.855,"initial_stop_loss_ratio":-0.05,"stop_loss_abs":94612.14,"stop_loss_ratio":-0.02,"min_rate":89327.8,"max_rate":96543.0,"is_open":false,"enter_tag":"","leverage":1.0,"is_short":false,"open_timestamp":1767582900000,"close_timestamp":1768341600000,"orders":[{"amount":0.00361955,"safe_price":93020.9,"ft_order_side":"buy","order_filled_timestamp":1767582900000,"ft_is_entry":true,"ft_order_tag":"","cost":337.1988392928925},{"amount":0.00361955,"safe_price":95163.59474211317,"ft_order_side":"sell","order_filled_timestamp":1768341600000,"ft_is_entry":false,"ft_order_tag":"roi","cost":344.96606343283895}],"funding_fees":0.0,"weekday":1},{"pair":"SOL/USDT","stake_amount":333.55475015,"max_stake_amount":333.55475015,"amount":2.317157,"open_date":"2026-01-12 03:15:00+00:00","close_date":"2026-01-13 22:00:00+00:00","open_rate":143.95,"close_rate":147.26582373560336,"fee_open":0.0015,"fee_close":0.0015,"trade_duration":2565,"profit_ratio":0.019970044923620544,"profit_abs":6.671095,"exit_reason":"roi","initial_stop_loss_abs":136.75249999999997,"initial_stop_loss_ratio":-0.05,"stop_loss_abs":136.75249999999997,"stop_loss_ratio":-0.05,"min_rate":137.86,"max_rate":148.71,"is_open":false,"enter_tag":"","leverage":1.0,"is_short":false,"open_timestamp":1768187700000,"close_timestamp":1768341600000,"orders":[{"amount":2.317157,"safe_price":143.95,"ft_order_side":"buy","order_filled_timestamp":1768187700000,"ft_is_entry":true,"ft_order_tag":"","cost":334.055082275225},{"amount":2.317157,"safe_price":147.26582373560336,"ft_order_side":"sell","order_filled_timestamp":1768341600000,"ft_is_entry":false,"ft_order_tag":"roi","cost":341.74989138121407}],"funding_fees":0.0,"weekday":1},{"pair":"BTC/USDT","stake_amount":340.13020293,"max_stake_amount":340.13020293,"amount":0.0035681,"open_date":"2026-01-13 22:30:00+00:00","close_date":"2026-01-14 16:30:00+00:00","open_rate":95325.3,"close_rate":97521.07556334502,"fee_open":0.0015,"fee_close":0.0015,"trade_duration":1080,"profit_ratio":0.019970044936711007,"profit_abs":6.80260406,"exit_reason":"roi","initial_stop_loss_abs":90559.035,"initial_stop_loss_ratio":-0.05,"stop_loss_abs":90559.035,"stop_loss_ratio":-0.05,"min_rate":94521.7,"max_rate":97535.1,"is_open":false,"enter_tag":"","leverage":1.0,"is_short":false,"open_timestamp":1768343400000,"close_timestamp":1768408200000,"orders":[{"amount":0.0035681,"safe_price":95325.3,"ft_order_side":"buy","order_filled_timestamp":1768343400000,"ft_is_entry":true,"ft_order_tag":"","cost":340.64039823439504},{"amount":0.0035681,"safe_price":97521.07556334502,"ft_order_side":"sell","order_filled_timestamp":1768408200000,"ft_is_entry":false,"ft_order_tag":"roi","cost":348.4868971421477}],"funding_fees":0.0,"weekday":2},{"pair":"DOGE/USDT","stake_amount":340.13027873,"max_stake_amount":340.13027873,"amount":2298.177559,"open_date":"2026-01-13 23:45:00+00:00","close_date":"2026-01-15 15:45:00+00:00","open_rate":0.148,"close_rate":0.1406,"fee_open":0.0015,"fee_close":0.0015,"trade_duration":2400,"profit_ratio":-0.05284573139734405,"profit_abs":-18.001395,"exit_reason":"stop_loss","initial_stop_loss_abs":0.1406,"initial_stop_loss_ratio":-0.05,"stop_loss_abs":0.1406,"stop_loss_ratio":-0.05,"min_rate":0.1401,"max_rate":0.1513,"is_open":false,"enter_tag":"","leverage":1.0,"is_short":false,"open_timestamp":1768347900000,"close_timestamp":1768491900000,"orders":[{"amount":2298.177559,"safe_price":0.148,"ft_order_side":"buy","order_filled_timestamp":1768347900000,"ft_is_entry":true,"ft_order_tag":"","cost":340.64047415009804},{"amount":2298.177559,"safe_price":0.1406,"ft_order_side":"sell","order_filled_timestamp":1768491900000,"ft_is_entry":false,"ft_order_tag":"stop_loss","cost":323.60845044259315}],"funding_fees":0.0,"weekday":3},{"pair":"SOL/USDT","stake_amount":340.1302597,"max_stake_amount":340.1302597,"amount":2.31271,"open_date":"2026-01-13 22:15:00+00:00","close_date":"2026-01-18 23:30:00+00:00","open_rate":147.07,"close_rate":139.7165,"fee_open":0.0015,"fee_close":0.0015,"trade_duration":7275,"profit_ratio":-0.05284573138932563,"profit_abs":-18.00139399,"exit_reason":"stop_loss","initial_stop_loss_abs":139.7165,"initial_stop_loss_ratio":-0.05,"stop_loss_abs":139.7165,"stop_loss_ratio":-0.05,"min_rate":139.16,"max_rate":148.42,"is_open":false,"enter_tag":"","leverage":1.0,"is_short":false,"open_timestamp":1768342500000,"close_timestamp":1768779000000,"orders":[{"amount":2.31271,"safe_price":147.07,"ft_order_side":"buy","order_filled_timestamp":1768342500000,"ft_is_entry":true,"ft_order_tag":"","cost":340.64045508955},{"amount":2.31271,"safe_price":139.7165,"ft_order_side":"sell","order_filled_timestamp":1768779000000,"ft_is_entry":false,"ft_order_tag":"stop_loss","cost":323.6084323350725}],"funding_fees":0.0,"weekday":6},{"pair":"BTC/USDT","stake_amount":342.37495929,"max_stake_amount":342.37495929,"amount":0.00351143,"open_date":"2026-01-14 16:45:00+00:00","close_date":"2026-01-19 00:00:00+00:00","open_rate":97503.0,"close_rate":92627.84999999999,"fee_open":0.0015,"fee_close":0.0015,"trade_duration":6195,"profit_ratio":-0.05284573140166129,"profit_abs":-18.12019472,"exit_reason":"stop_loss","initial_stop_loss_abs":92627.84999999999,"initial_stop_loss_ratio":-0.05,"stop_loss_abs":92627.84999999999,"stop_loss_ratio":-0.05,"min_rate":91900.0,"max_rate":97925.4,"is_open":false,"enter_tag":"","leverage":1.0,"is_short":false,"open_timestamp":1768409100000,"close_timestamp":1768780800000,"orders":[{"amount":0.00351143,"safe_price":97503.0,"ft_order_side":"buy","order_filled_timestamp":1768409100000,"ft_is_entry":true,"ft_order_tag":"","cost":342.888521728935},{"amount":0.00351143,"safe_price":92627.84999999999,"ft_order_side":"sell","order_filled_timestamp":1768780800000,"ft_is_entry":false,"ft_order_tag":"stop_loss","cost":325.7440956424882}],"funding_fees":0.0,"weekday":0},{"pair":"ETH/USDT","stake_amount":326.79830327,"max_stake_amount":326.79830327,"amount":0.098909,"open_date":"2026-01-16 07:45:00+00:00","close_date":"2026-01-20 06:15:00+00:00","open_rate":3304.03,"close_rate":3138.8285,"fee_open":0.0015,"fee_close":0.0015,"trade_duration":5670,"profit_ratio":-0.052845731401170104,"profit_abs":-17.2958002,"exit_reason":"stop_loss","initial_stop_loss_abs":3138.8285,"initial_stop_loss_ratio":-0.05,"stop_loss_abs":3138.8285,"stop_loss_ratio":-0.05,"min_rate":3126.99,"max_rate":3369.0,"is_open":false,"enter_tag":"","leverage":1.0,"is_short":false,"open_timestamp":1768549500000,"close_timestamp":1768889700000,"orders":[{"amount":0.098909,"safe_price":3304.03,"ft_order_side":"buy","order_filled_timestamp":1768549500000,"ft_is_entry":true,"ft_order_tag":"","cost":327.288500724905},{"amount":0.098909,"safe_price":3138.8285,"ft_order_side":"sell","order_filled_timestamp":1768889700000,"ft_is_entry":false,"ft_order_tag":"stop_loss","cost":310.9240756886598}],"funding_fees":0.0,"weekday":1},{"pair":"ETH/USDT","stake_amount":318.80681625,"max_stake_amount":318.80681625,"amount":0.107207,"open_date":"2026-01-27 16:15:00+00:00","close_date":"2026-01-28 11:45:00+00:00","open_rate":2973.75,"close_rate":3042.2489984977465,"fee_open":0.0015,"fee_close":0.0015,"trade_duration":1170,"profit_ratio":0.019970044948261087,"profit_abs":6.37613633,"exit_reason":"roi","initial_stop_loss_abs":2825.0625,"initial_stop_loss_ratio":-0.05,"stop_loss_abs":2825.0625,"stop_loss_ratio":-0.05,"min_rate":2918.31,"max_rate":3045.79,"is_open":false,"enter_tag":"","leverage":1.0,"is_short":false,"open_timestamp":1769530500000,"close_timestamp":1769600700000,"orders":[{"amount":0.107207,"safe_price":2973.75,"ft_order_side":"buy","order_filled_timestamp":1769530500000,"ft_is_entry":true,"ft_order_tag":"","cost":319.285026474375},{"amount":0.107207,"safe_price":3042.2489984977465,"ft_order_side":"sell","order_filled_timestamp":1769600700000,"ft_is_entry":false,"ft_order_tag":"roi","cost":326.63961396452083}],"funding_fees":0.0,"weekday":2},{"pair":"DOGE/USDT","stake_amount":318.80693934,"max_stake_amount":318.80693934,"amount":2549.028059,"open_date":"2026-01-27 16:15:00+00:00","close_date":"2026-01-29 14:45:00+00:00","open_rate":0.12507,"close_rate":0.11882,"fee_open":0.0015,"fee_close":0.0015,"trade_duration":2790,"profit_ratio":-0.052817830905392146,"profit_abs":-16.86394905,"exit_reason":"stop_loss","initial_stop_loss_abs":0.11882,"initial_stop_loss_ratio":-0.05,"stop_loss_abs":0.11882,"stop_loss_ratio":-0.05,"min_rate":0.11867,"max_rate":0.1277,"is_open":false,"enter_tag":"","leverage":1.0,"is_short":false,"open_timestamp":1769530500000,"close_timestamp":1769697900000,"orders":[{"amount":2549.028059,"safe_price":0.12507,"ft_order_side":"buy","order_filled_timestamp":1769530500000,"ft_is_entry":true,"ft_order_tag":"","cost":319.28514974813874},{"amount":2549.028059,"safe_price":0.11882,"ft_order_side":"sell","order_filled_timestamp":1769697900000,"ft_is_entry":false,"ft_order_tag":"stop_loss","cost":303.32982724133564}],"funding_fees":0.0,"weekday":3},{"pair":"ETH/USDT","stake_amount":320.90970189,"max_stake_amount":320.90970189,"amount":0.105569,"open_date":"2026-01-28 12:00:00+00:00","close_date":"2026-01-29 14:45:00+00:00","open_rate":3039.81,"close_rate":2887.8194999999996,"fee_open":0.0015,"fee_close":0.0015,"trade_duration":1605,"profit_ratio":-0.05284573139502907,"profit_abs":-16.98414597,"exit_reason":"stop_loss","initial_stop_loss_abs":2887.8194999999996,"initial_stop_loss_ratio":-0.05,"stop_loss_abs":2887.8194999999996,"stop_loss_ratio":-0.05,"min_rate":2875.86,"max_rate":3046.0,"is_open":false,"enter_tag":"","leverage":1.0,"is_short":false,"open_timestamp":1769601600000,"close_timestamp":1769697900000,"orders":[{"amount":0.105569,"safe_price":3039.81,"ft_order_side":"buy","order_filled_timestamp":1769601600000,"ft_is_entry":true,"ft_order_tag":"","cost":321.39106644283504},{"amount":0.105569,"safe_price":2887.8194999999996,"ft_order_side":"sell","order_filled_timestamp":1769697900000,"ft_is_entry":false,"ft_order_tag":"stop_loss","cost":305.3215131206932}],"funding_fees":0.0,"weekday":3},{"pair":"SOL/USDT","stake_amount":318.80684094,"max_stake_amount":318.80684094,"amount":2.521807,"open_date":"2026-01-27 16:15:00+00:00","close_date":"2026-01-29 15:00:00+00:00","open_rate":126.42,"close_rate":120.09899999999999,"fee_open":0.0015,"fee_close":0.0015,"trade_duration":2805,"profit_ratio":-0.05284573141307621,"profit_abs":-16.87285206,"exit_reason":"stop_loss","initial_stop_loss_abs":120.09899999999999,"initial_stop_loss_ratio":-0.05,"stop_loss_abs":120.09899999999999,"stop_loss_ratio":-0.05,"min_rate":117.36,"max_rate":128.33,"is_open":false,"enter_tag":"","leverage":1.0,"is_short":false,"open_timestamp":1769530500000,"close_timestamp":1769698800000,"orders":[{"amount":2.521807,"safe_price":126.42,"ft_order_side":"buy","order_filled_timestamp":1769530500000,"ft_is_entry":true,"ft_order_tag":"","cost":319.28505120141},{"amount":2.521807,"safe_price":120.09899999999999,"ft_order_side":"sell","order_filled_timestamp":1769698800000,"ft_is_entry":false,"ft_order_tag":"stop_loss","cost":303.3207986413395}],"funding_fees":0.0,"weekday":3},{"pair":"DOGE/USDT","stake_amount":304.17315182,"max_stake_amount":304.17315182,"amount":3292.629918,"open_date":"2026-02-12 06:15:00+00:00","close_date":"2026-02-12 14:30:00+00:00","open_rate":0.09238,"close_rate":0.09450793189784677,"fee_open":0.0015,"fee_close":0.0015,"trade_duration":495,"profit_ratio":0.01997004494410097,"profit_abs":6.08346304,"exit_reason":"roi","initial_stop_loss_abs":0.08777,"initial_stop_loss_ratio":-0.05,"stop_loss_abs":0.08777,"stop_loss_ratio":-0.05,"min_rate":0.09225,"max_rate":0.09455,"is_open":false,"enter_tag":"","leverage":1.0,"is_short":false,"open_timestamp":1770876900000,"close_timestamp":1770906600000,"orders":[{"amount":3292.629918,"safe_price":0.09238,"ft_order_side":"buy","order_filled_timestamp":1770876900000,"ft_is_entry":true,"ft_order_tag":"","cost":304.6294115525773},{"amount":3292.629918,"safe_price":0.09450793189784677,"ft_order_side":"sell","order_filled_timestamp":1770906600000,"ft_is_entry":false,"ft_order_tag":"roi","cost":311.6464135212396}],"funding_fees":0.0,"weekday":3},{"pair":"DOGE/USDT","stake_amount":306.18069464,"max_stake_amount":306.18069464,"amount":3262.099879,"open_date":"2026-02-12 14:45:00+00:00","close_date":"2026-02-13 15:15:00+00:00","open_rate":0.09386,"close_rate":0.09602202303455182,"fee_open":0.0015,"fee_close":0.0015,"trade_duration":1470,"profit_ratio":0.019970044923278113,"profit_abs":6.12361389,"exit_reason":"roi","initial_stop_loss_abs":0.08917,"initial_stop_loss_ratio":-0.05,"stop_loss_abs":0.08917,"stop_loss_ratio":-0.05,"min_rate":0.09071,"max_rate":0.0961,"is_open":false,"enter_tag":"","leverage":1.0,"is_short":false,"open_timestamp":1770907500000,"close_timestamp":1770995700000,"orders":[{"amount":3262.099879,"safe_price":0.09386,"ft_order_side":"buy","order_filled_timestamp":1770907500000,"ft_is_entry":true,"ft_order_tag":"","cost":306.63996568490444},{"amount":3262.099879,"safe_price":0.09602202303455182,"ft_order_side":"sell","order_filled_timestamp":1770995700000,"ft_is_entry":false,"ft_order_tag":"roi","cost":313.7032798669302}],"funding_fees":0.0,"weekday":4},{"pair":"ETH/USDT","stake_amount":304.17215662,"max_stake_amount":304.17215662,"amount":0.152533,"open_date":"2026-02-12 11:00:00+00:00","close_date":"2026-02-13 15:30:00+00:00","open_rate":1994.14,"close_rate":2040.0741211817729,"fee_open":0.0015,"fee_close":0.0015,"trade_duration":1710,"profit_ratio":0.01997004492472265,"profit_abs":6.08344313,"exit_reason":"roi","initial_stop_loss_abs":1894.433,"initial_stop_loss_ratio":-0.05,"stop_loss_abs":1894.433,"stop_loss_ratio":-0.05,"min_rate":1896.4,"max_rate":2050.58,"is_open":false,"enter_tag":"","leverage":1.0,"is_short":false,"open_timestamp":1770894000000,"close_timestamp":1770996600000,"orders":[{"amount":0.152533,"safe_price":1994.14,"ft_order_side":"buy","order_filled_timestamp":1770894000000,"ft_is_entry":true,"ft_order_tag":"","cost":304.62841485493004},{"amount":0.152533,"safe_price":2040.0741211817729,"ft_order_side":"sell","order_filled_timestamp":1770996600000,"ft_is_entry":false,"ft_order_tag":"roi","cost":311.6453938651087}],"funding_fees":0.0,"weekday":4},{"pair":"BTC/USDT","stake_amount":304.17249951,"max_stake_amount":304.17249951,"amount":0.00447227,"open_date":"2026-02-12 11:00:00+00:00","close_date":"2026-02-14 08:00:00+00:00","open_rate":68013.0,"close_rate":69579.6489734602,"fee_open":0.0015,"fee_close":0.0015,"trade_duration":2700,"profit_ratio":0.019970044931944562,"profit_abs":6.08344999,"exit_reason":"roi","initial_stop_loss_abs":64612.35,"initial_stop_loss_ratio":-0.05,"stop_loss_abs":64612.35,"stop_loss_ratio":-0.05,"min_rate":65120.1,"max_rate":69795.5,"is_open":false,"enter_tag":"","leverage":1.0,"is_short":false,"open_timestamp":1770894000000,"close_timestamp":1771056000000,"orders":[{"amount":0.00447227,"safe_price":68013.0,"ft_order_side":"buy","order_filled_timestamp":1770894000000,"ft_is_entry":true,"ft_order_tag":"","cost":304.62875825926506},{"amount":0.00447227,"safe_price":69579.6489734602,"ft_order_side":"sell","order_filled_timestamp":1771056000000,"ft_is_entry":false,"ft_order_tag":"roi","cost":311.6457451796087}],"funding_fees":0.0,"weekday":5},{"pair":"DOGE/USDT","stake_amount":310.20902342,"max_stake_amount":310.20902342,"amount":3231.343994,"open_date":"2026-02-13 15:30:00+00:00","close_date":"2026-02-14 09:45:00+00:00","open_rate":0.096,"close_rate":0.0982113169754632,"fee_open":0.0015,"fee_close":0.0015,"trade_duration":1095,"profit_ratio":0.019970044937493683,"profit_abs":6.20418047,"exit_reason":"roi","initial_stop_loss_abs":0.0912,"initial_stop_loss_ratio":-0.05,"stop_loss_abs":0.0912,"stop_loss_ratio":-0.05,"min_rate":0.09498,"max_rate":0.09835,"is_open":false,"enter_tag":"","leverage":1.0,"is_short":false,"open_timestamp":1770996600000,"close_timestamp":1771062300000,"orders":[{"amount":3231.343994,"safe_price":0.096,"ft_order_side":"buy","order_filled_timestamp":1770996600000,"ft_is_entry":true,"ft_order_tag":"","cost":310.67433695913604},{"amount":3231.343994,"safe_price":0.0982113169754632,"ft_order_side":"sell","order_filled_timestamp":1771062300000,"ft_is_entry":false,"ft_order_tag":"roi","cost":317.8305810753705}],"funding_fees":0.0,"weekday":5},{"pair":"ETH/USDT","stake_amount":310.2086269,"max_stake_amount":310.2086269,"amount":0.15097,"open_date":"2026-02-13 19:30:00+00:00","close_date":"2026-02-14 11:15:00+00:00","open_rate":2054.77,"close_rate":2102.1007060590887,"fee_open":0.0015,"fee_close":0.0015,"trade_duration":945,"profit_ratio":0.019970044939038718,"profit_abs":6.20417254,"exit_reason":"roi","initial_stop_loss_abs":1952.0314999999998,"initial_stop_loss_ratio":-0.05,"stop_loss_abs":1952.0314999999998,"stop_loss_ratio":-0.05,"min_rate":2038.75,"max_rate":2107.95,"is_open":false,"enter_tag":"","leverage":1.0,"is_short":false,"open_timestamp":1771011000000,"close_timestamp":1771067700000,"orders":[{"amount":0.15097,"safe_price":2054.77,"ft_order_side":"buy","order_filled_timestamp":1771011000000,"ft_is_entry":true,"ft_order_tag":"","cost":310.67393984035},{"amount":0.15097,"safe_price":2102.1007060590887,"ft_order_side":"sell","order_filled_timestamp":1771067700000,"ft_is_entry":false,"ft_order_tag":"roi","cost":317.8301748091312}],"funding_fees":0.0,"weekday":5},{"pair":"DOGE/USDT","stake_amount":314.26394153,"max_stake_amount":314.26394153,"amount":3207.429491,"open_date":"2026-02-14 10:15:00+00:00","close_date":"2026-02-14 14:15:00+00:00","open_rate":0.09798,"close_rate":0.10069,"fee_open":0.0015,"fee_close":0.0015,"trade_duration":240,"profit_ratio":0.024580347294060084,"profit_abs":7.7363039,"exit_reason":"roi","initial_stop_loss_abs":0.09309,"initial_stop_loss_ratio":-0.05,"stop_loss_abs":0.09309,"stop_loss_ratio":-0.05,"min_rate":0.0979,"max_rate":0.10121,"is_open":false,"enter_tag":"","leverage":1.0,"is_short":false,"open_timestamp":1771064100000,"close_timestamp":1771078500000,"orders":[{"amount":3207.429491,"safe_price":0.09798,"ft_order_side":"buy","order_filled_timestamp":1771064100000,"ft_is_entry":true,"ft_order_tag":"","cost":314.7353374404723},{"amount":3207.429491,"safe_price":0.10069,"ft_order_side":"sell","order_filled_timestamp":1771078500000,"ft_is_entry":false,"ft_order_tag":"roi","cost":323.4405095619632}],"funding_fees":0.0,"weekday":5},{"pair":"DOGE/USDT","stake_amount":318.86429867,"max_stake_amount":318.86429867,"amount":3094.568116,"open_date":"2026-02-14 16:30:00+00:00","close_date":"2026-02-14 18:30:00+00:00","open_rate":0.10304,"close_rate":0.1068,"fee_open":0.0015,"fee_close":0.0015,"trade_duration":120,"profit_ratio":0.03338586841499183,"profit_abs":10.66152986,"exit_reason":"roi","initial_stop_loss_abs":0.09789,"initial_stop_loss_ratio":-0.05,"stop_loss_abs":0.10528,"stop_loss_ratio":-0.02,"min_rate":0.10247,"max_rate":0.10742,"is_open":false,"enter_tag":"","leverage":1.0,"is_short":false,"open_timestamp":1771086600000,"close_timestamp":1771093800000,"orders":[{"amount":3094.568116,"safe_price":0.10304,"ft_order_side":"buy","order_filled_timestamp":1771086600000,"ft_is_entry":true,"ft_order_tag":"","cost":319.342595120649},{"amount":3094.568116,"safe_price":0.1068,"ft_order_side":"sell","order_filled_timestamp":1771093800000,"ft_is_entry":false,"ft_order_tag":"roi","cost":330.9956246009832}],"funding_fees":0.0,"weekday":5},{"pair":"DOGE/USDT","stake_amount":322.38260358,"max_stake_amount":322.38260358,"amount":2912.481738,"open_date":"2026-02-14 23:30:00+00:00","close_date":"2026-02-15 02:00:00+00:00","open_rate":0.11069,"close_rate":0.11434825738607911,"fee_open":0.0015,"fee_close":0.0015,"trade_duration":150,"profit_ratio":0.029955067407026997,"profit_abs":9.67147811,"exit_reason":"roi","initial_stop_loss_abs":0.10516,"initial_stop_loss_ratio":-0.05,"stop_loss_abs":0.1123,"stop_loss_ratio":-0.02,"min_rate":0.11049,"max_rate":0.11459,"is_open":false,"enter_tag":"","leverage":1.0,"is_short":false,"open_timestamp":1771111800000,"close_timestamp":1771120800000,"orders":[{"amount":2912.481738,"safe_price":0.11069,"ft_order_side":"buy","order_filled_timestamp":1771111800000,"ft_is_entry":true,"ft_order_tag":"","cost":322.86617748458883},{"amount":2912.481738,"safe_price":0.11434825738607911,"ft_order_side":"sell","order_filled_timestamp":1771120800000,"ft_is_entry":false,"ft_order_tag":"roi","cost":333.53676722619264}],"funding_fees":0.0,"weekday":6},{"pair":"DOGE/USDT","stake_amount":325.57419134,"max_stake_amount":325.57419134,"amount":2881.187534,"open_date":"2026-02-15 02:15:00+00:00","close_date":"2026-02-15 04:00:00+00:00","open_rate":0.113,"close_rate":0.11523,"fee_open":0.0015,"fee_close":0.0015,"trade_duration":105,"profit_ratio":0.016679891653145533,"profit_abs":5.43868805,"exit_reason":"trailing_stop_loss","initial_stop_loss_abs":0.10735,"initial_stop_loss_ratio":-0.05,"stop_loss_abs":0.11523,"stop_loss_ratio":-0.02,"min_rate":0.11191,"max_rate":0.11758,"is_open":false,"enter_tag":"","leverage":1.0,"is_short":false,"open_timestamp":1771121700000,"close_timestamp":1771128000000,"orders":[{"amount":2881.187534,"safe_price":0.113,"ft_order_side":"buy","order_filled_timestamp":1771121700000,"ft_is_entry":true,"ft_order_tag":"","cost":326.062552629013},{"amount":2881.187534,"safe_price":0.11523,"ft_order_side":"sell","order_filled_timestamp":1771128000000,"ft_is_entry":false,"ft_order_tag":"trailing_stop_loss","cost":332.49723840213426}],"funding_fees":0.0,"weekday":6},{"pair":"DOGE/USDT","stake_amount":327.36895833,"max_stake_amount":327.36895833,"amount":2793.727243,"open_date":"2026-02-15 04:15:00+00:00","close_date":"2026-02-15 12:30:00+00:00","open_rate":0.11718,"close_rate":0.11133,"fee_open":0.0015,"fee_close":0.0015,"trade_duration":495,"profit_ratio":-0.05276915655703262,"profit_abs":-17.30089629,"exit_reason":"stop_loss","initial_stop_loss_abs":0.11133,"initial_stop_loss_ratio":-0.05,"stop_loss_abs":0.11133,"stop_loss_ratio":-0.05,"min_rate":0.11102,"max_rate":0.11748,"is_open":false,"enter_tag":"","leverage":1.0,"is_short":false,"open_timestamp":1771128900000,"close_timestamp":1771158600000,"orders":[{"amount":2793.727243,"safe_price":0.11718,"ft_order_side":"buy","order_filled_timestamp":1771128900000,"ft_is_entry":true,"ft_order_tag":"","cost":327.8600117722421},{"amount":2793.727243,"safe_price":0.11133,"ft_order_side":"sell","order_filled_timestamp":1771158600000,"ft_is_entry":false,"ft_order_tag":"stop_loss","cost":311.4921924441348}],"funding_fees":0.0,"weekday":6},{"pair":"ETH/USDT","stake_amount":316.311264,"max_stake_amount":316.311264,"amount":0.150768,"open_date":"2026-02-14 12:15:00+00:00","close_date":"2026-02-15 14:00:00+00:00","open_rate":2098.0,"close_rate":1993.1,"fee_open":0.0015,"fee_close":0.0015,"trade_duration":1545,"profit_ratio":-0.05284573141173444,"profit_abs":-16.74077365,"exit_reason":"stop_loss","initial_stop_loss_abs":1993.1,"initial_stop_loss_ratio":-0.05,"stop_loss_abs":1993.1,"stop_loss_ratio":-0.05,"min_rate":1993.0,"max_rate":2103.83,"is_open":false,"enter_tag":"","leverage":1.0,"is_short":false,"open_timestamp":1771071300000,"close_timestamp":1771164000000,"orders":[{"amount":0.150768,"safe_price":2098.0,"ft_order_side":"buy","order_filled_timestamp":1771071300000,"ft_is_entry":true,"ft_order_tag":"","cost":316.7857308960001},{"amount":0.150768,"safe_price":1993.1,"ft_order_side":"sell","order_filled_timestamp":1771164000000,"ft_is_entry":false,"ft_order_tag":"stop_loss","cost":300.9464443512}],"funding_fees":0.0,"weekday":6},{"pair":"BTC/USDT","stake_amount":316.31112625,"max_stake_amount":316.31112625,"amount":0.00451325,"open_date":"2026-02-14 12:45:00+00:00","close_date":"2026-02-18 18:30:00+00:00","open_rate":70085.0,"close_rate":66580.75,"fee_open":0.0015,"fee_close":0.0015,"trade_duration":6105,"profit_ratio":-0.052845731413056304,"profit_abs":-16.74076636,"exit_reason":"stop_loss","initial_stop_loss_abs":66580.75,"initial_stop_loss_ratio":-0.05,"stop_loss_abs":66580.75,"stop_loss_ratio":-0.05,"min_rate":66340.0,"max_rate":70969.2,"is_open":false,"enter_tag":"","leverage":1.0,"is_short":false,"open_timestamp":1771073100000,"close_timestamp":1771439400000,"orders":[{"amount":0.00451325,"safe_price":70085.0,"ft_order_side":"buy","order_filled_timestamp":1771073100000,"ft_is_entry":true,"ft_order_tag":"","cost":316.78559293937496},{"amount":0.00451325,"safe_price":66580.75,"ft_order_side":"sell","order_filled_timestamp":1771439400000,"ft_is_entry":false,"ft_order_tag":"stop_loss","cost":300.9463132924062}],"funding_fees":0.0,"weekday":2},{"pair":"BTC/USDT","stake_amount":310.61009361,"max_stake_amount":310.61009361,"amount":0.00457426,"open_date":"2026-02-20 05:45:00+00:00","close_date":"2026-02-21 00:00:00+00:00","open_rate":67903.9,"close_rate":68014.1,"fee_open":0.0015,"fee_close":0.0015,"trade_duration":1095,"profit_ratio":-0.0013774863311245633,"profit_abs":-0.42850295,"exit_reason":"force_exit","initial_stop_loss_abs":64508.704999999994,"initial_stop_loss_ratio":-0.05,"stop_loss_abs":64508.704999999994,"stop_loss_ratio":-0.05,"min_rate":66458.3,"max_rate":68333.3,"is_open":false,"enter_tag":"","leverage":1.0,"is_short":false,"open_timestamp":1771566300000,"close_timestamp":1771632000000,"orders":[{"amount":0.00457426,"safe_price":67903.9,"ft_order_side":"buy","order_filled_timestamp":1771566300000,"ft_is_entry":true,"ft_order_tag":"","cost":311.076008754421},{"amount":0.00457426,"safe_price":68014.1,"ft_order_side":"sell","order_filled_timestamp":1771632000000,"ft_is_entry":false,"ft_order_tag":"force_exit","cost":311.58084833159904}],"funding_fees":0.0,"weekday":5}],"locks":[],"best_pair":{"key":"DOGE/USDT","trades":15,"profit_mean":0.008393257353480467,"profit_mean_pct":0.84,"profit_total_abs":38.66880144000001,"profit_total":0.03866880144000001,"profit_total_pct":3.87,"duration_avg":"15:19:00","wins":12,"draws":0,"losses":3,"winrate":0.8,"cagr":0.1725409207908728,"expectancy":2.5779200959999997,"expectancy_ratio":0.1482522075118744,"sortino":18.125129265989788,"sharpe":0.8398732478055574,"calmar":25.30313194645078,"sqn":0.954,"profit_factor":1.7412610375593724,"max_drawdown_account":0.033559355408313514,"max_drawdown_abs":34.86534405},"worst_pair":{"key":"ETH/USDT","trades":26,"profit_mean":-0.008036022890530167,"profit_mean_pct":-0.8,"profit_total_abs":-69.34833871000001,"profit_total":-0.06934833871000001,"profit_total_pct":-6.93,"duration_avg":"1 day, 15:11:00","wins":16,"draws":0,"losses":10,"winrate":0.6153846153846154,"cagr":-0.26031030826252,"expectancy":-2.6672437965384614,"expectancy_ratio":-0.15471426884612338,"sortino":-32.23507280151829,"sharpe":-1.321311531305826,"calmar":-18.24821202141998,"sqn":-1.1571,"profit_factor":0.5977429010000789,"max_drawdown_account":0.0834531863099967,"max_drawdown_abs":84.73745729000002},"results_per_pair":[{"key":"DOGE/USDT","trades":15,"profit_mean":0.008393257353480467,"profit_mean_pct":0.84,"profit_total_abs":38.66880144000001,"profit_total":0.03866880144000001,"profit_total_pct":3.87,"duration_avg":"15:19:00","wins":12,"draws":0,"losses":3,"winrate":0.8,"cagr":0.1725409207908728,"expectancy":2.5779200959999997,"expectancy_ratio":0.1482522075118744,"sortino":18.125129265989788,"sharpe":0.8398732478055574,"calmar":25.30313194645078,"sqn":0.954,"profit_factor":1.7412610375593724,"max_drawdown_account":0.033559355408313514,"max_drawdown_abs":34.86534405},{"key":"BTC/USDT","trades":11,"profit_mean":-0.0018294878184817907,"profit_mean_pct":-0.18,"profit_total_abs":-7.757838099999997,"profit_total":-0.007757838099999997,"profit_total_pct":-0.78,"duration_avg":"3 days, 21:19:00","wins":7,"draws":0,"losses":4,"winrate":0.6363636363636364,"cagr":-0.03214612310251397,"expectancy":-0.7052580090909082,"expectancy_ratio":-0.053088562739332046,"sortino":-0.2289659816301227,"sharpe":-0.16200055952776132,"calmar":-5.958156948931435,"sqn":-0.2121,"profit_factor":0.8540064524668369,"max_drawdown_account":0.02859275167154009,"max_drawdown_abs":29.20601404},{"key":"SOL/USDT","trades":8,"profit_mean":-0.007335871194053823,"profit_mean_pct":-0.73,"profit_total_abs":-20.746417089999998,"profit_total":-0.020746417089999997,"profit_total_pct":-2.07,"duration_avg":"2 days, 16:51:00","wins":5,"draws":0,"losses":3,"winrate":0.625,"cagr":-0.08419803288464722,"expectancy":-2.59330213625,"expectancy_ratio":-0.14699176109222079,"sortino":-8.364978343054426,"sharpe":-0.39061299219174833,"calmar":-13.248239100799335,"sqn":-0.5883,"profit_factor":0.6080219704207445,"max_drawdown_account":0.034388412440830025,"max_drawdown_abs":34.874246049999996},{"key":"ETH/USDT","trades":26,"profit_mean":-0.008036022890530167,"profit_mean_pct":-0.8,"profit_total_abs":-69.34833871000001,"profit_total":-0.06934833871000001,"profit_total_pct":-6.93,"duration_avg":"1 day, 15:11:00","wins":16,"draws":0,"losses":10,"winrate":0.6153846153846154,"cagr":-0.26031030826252,"expectancy":-2.6672437965384614,"expectancy_ratio":-0.15471426884612338,"sortino":-32.23507280151829,"sharpe":-1.321311531305826,"calmar":-18.24821202141998,"sqn":-1.1571,"profit_factor":0.5977429010000789,"max_drawdown_account":0.0834531863099967,"max_drawdown_abs":84.73745729000002},{"key":"TOTAL","trades":60,"profit_mean":-0.00269748450678846,"profit_mean_pct":-0.27,"profit_total_abs":-59.183792459999985,"profit_total":-0.05918379245999999,"profit_total_pct":-5.92,"duration_avg":"1 day, 22:34:00","wins":40,"draws":0,"losses":20,"winrate":0.6666666666666666,"cagr":-0.2258200192199934,"expectancy":-0.9863965410000004,"expectancy_ratio":-0.05966769493842716,"sortino":-3.4839931413269603,"sharpe":-1.156503063551289,"calmar":-11.64786282224483,"sqn":-0.6742,"profit_factor":0.8209969151847187,"max_drawdown_account":0.11157932334207289,"max_drawdown_abs":115.76359466}],"results_per_enter_tag":[{"key":"","trades":60,"profit_mean":-0.00269748450678846,"profit_mean_pct":-0.27,"profit_total_abs":-59.183792459999985,"profit_total":-0.05918379245999999,"profit_total_pct":-5.92,"duration_avg":"1 day, 22:34:00","wins":40,"draws":0,"losses":20,"winrate":0.6666666666666666,"cagr":-0.2258200192199934,"expectancy":-0.9863965410000004,"expectancy_ratio":-0.05966769493842716,"sortino":-3.4839931413269603,"sharpe":-1.156503063551289,"calmar":-11.64786282224483,"sqn":-0.6742,"profit_factor":0.8209969151847187,"max_drawdown_account":0.11157932334207289,"max_drawdown_abs":115.76359466},{"key":"TOTAL","trades":60,"profit_mean":-0.00269748450678846,"profit_mean_pct":-0.27,"profit_total_abs":-59.183792459999985,"profit_total":-0.05918379245999999,"profit_total_pct":-5.92,"duration_avg":"1 day, 22:34:00","wins":40,"draws":0,"losses":20,"winrate":0.6666666666666666,"cagr":-0.2258200192199934,"expectancy":-0.9863965410000004,"expectancy_ratio":-0.05966769493842716,"sortino":-3.4839931413269603,"sharpe":-1.156503063551289,"calmar":-11.64786282224483,"sqn":-0.6742,"profit_factor":0.8209969151847187,"max_drawdown_account":0.11157932334207289,"max_drawdown_abs":115.76359466}],"exit_reason_summary":[{"key":"roi","trades":39,"profit_mean":0.021200331938934187,"profit_mean_pct":2.12,"profit_total_abs":266.00753361,"profit_total":0.26600753361,"profit_total_pct":26.6,"duration_avg":"2 days, 1:09:00","wins":39,"draws":0,"losses":0,"winrate":1.0,"cagr":1.690056778770182,"expectancy":6.8207059899999996,"expectancy_ratio":100.0,"sortino":-100,"sharpe":52.835908392392874,"calmar":-100,"sqn":38.0303,"profit_factor":0.0,"max_drawdown_account":0.0,"max_drawdown_abs":0.0},{"key":"trailing_stop_loss","trades":1,"profit_mean":0.016679891653145533,"profit_mean_pct":1.67,"profit_total_abs":5.43868805,"profit_total":0.0054386880499999995,"profit_total_pct":0.54,"duration_avg":"1:45:00","wins":1,"draws":0,"losses":0,"winrate":1.0,"cagr":0.02301654495940486,"expectancy":5.43868805,"expectancy_ratio":100.0,"sortino":-100,"sharpe":-100,"calmar":-100,"sqn":-100.0,"profit_factor":0.0,"max_drawdown_account":0.0,"max_drawdown_abs":0.0},{"key":"force_exit","trades":1,"profit_mean":-0.0013774863311245633,"profit_mean_pct":-0.14,"profit_total_abs":-0.42850295,"profit_total":-0.00042850295,"profit_total_pct":-0.04,"duration_avg":"18:15:00","wins":0,"draws":0,"losses":1,"winrate":0.0,"cagr":-0.0017965118777002465,"expectancy":-0.42850295,"expectancy_ratio":-1.0,"sortino":-100,"sharpe":-100,"calmar":-21.959739281081017,"sqn":-100.0,"profit_factor":0.0,"max_drawdown_account":0.0004285029500000519,"max_drawdown_abs":0.42850295},{"key":"stop_loss","trades":19,"profit_mean":-0.052840232702513784,"profit_mean_pct":-5.28,"profit_total_abs":-330.20151117,"profit_total":-0.33020151117,"profit_total_pct":-33.02,"duration_avg":"1 day, 21:06:00","wins":0,"draws":0,"losses":19,"winrate":0.0,"cagr":-0.8138916996673423,"expectancy":-17.37902690368421,"expectancy_ratio":-1.0,"sortino":-136.5220877995022,"sharpe":-136.5220877995022,"calmar":-21.959739281083674,"sqn":-138.822,"profit_factor":0.0,"max_drawdown_account":0.33020151117,"max_drawdown_abs":330.20151117000006},{"key":"TOTAL","trades":60,"profit_mean":-0.00269748450678846,"profit_mean_pct":-0.27,"profit_total_abs":-59.183792459999985,"profit_total":-0.05918379245999999,"profit_total_pct":-5.92,"duration_avg":"1 day, 22:34:00","wins":40,"draws":0,"losses":20,"winrate":0.6666666666666666,"cagr":-0.2258200192199934,"expectancy":-0.9863965410000004,"expectancy_ratio":-0.05966769493842716,"sortino":-3.4839931413269603,"sharpe":-1.156503063551289,"calmar":-11.64786282224483,"sqn":-0.6742,"profit_factor":0.8209969151847187,"max_drawdown_account":0.11157932334207289,"max_drawdown_abs":115.76359466}],"mix_tag_stats":[{"key":["","roi"],"trades":39,"profit_mean":0.021200331938934187,"profit_mean_pct":2.12,"profit_total_abs":266.00753361,"profit_total":0.26600753361,"profit_total_pct":26.6,"duration_avg":"2 days, 1:09:00","wins":39,"draws":0,"losses":0,"winrate":1.0,"cagr":1.690056778770182,"expectancy":6.8207059899999996,"expectancy_ratio":100.0,"sortino":-100,"sharpe":52.835908392392874,"calmar":-100,"sqn":38.0303,"profit_factor":0.0,"max_drawdown_account":0.0,"max_drawdown_abs":0.0},{"key":["","trailing_stop_loss"],"trades":1,"profit_mean":0.016679891653145533,"profit_mean_pct":1.67,"profit_total_abs":5.43868805,"profit_total":0.0054386880499999995,"profit_total_pct":0.54,"duration_avg":"1:45:00","wins":1,"draws":0,"losses":0,"winrate":1.0,"cagr":0.02301654495940486,"expectancy":5.43868805,"expectancy_ratio":100.0,"sortino":-100,"sharpe":-100,"calmar":-100,"sqn":-100.0,"profit_factor":0.0,"max_drawdown_account":0.0,"max_drawdown_abs":0.0},{"key":["","force_exit"],"trades":1,"profit_mean":-0.0013774863311245633,"profit_mean_pct":-0.14,"profit_total_abs":-0.42850295,"profit_total":-0.00042850295,"profit_total_pct":-0.04,"duration_avg":"18:15:00","wins":0,"draws":0,"losses":1,"winrate":0.0,"cagr":-0.0017965118777002465,"expectancy":-0.42850295,"expectancy_ratio":-1.0,"sortino":-100,"sharpe":-100,"calmar":-21.959739281081017,"sqn":-100.0,"profit_factor":0.0,"max_drawdown_account":0.0004285029500000519,"max_drawdown_abs":0.42850295},{"key":["","stop_loss"],"trades":19,"profit_mean":-0.052840232702513784,"profit_mean_pct":-5.28,"profit_total_abs":-330.20151117,"profit_total":-0.33020151117,"profit_total_pct":-33.02,"duration_avg":"1 day, 21:06:00","wins":0,"draws":0,"losses":19,"winrate":0.0,"cagr":-0.8138916996673423,"expectancy":-17.37902690368421,"expectancy_ratio":-1.0,"sortino":-136.5220877995022,"sharpe":-136.5220877995022,"calmar":-21.959739281083674,"sqn":-138.822,"profit_factor":0.0,"max_drawdown_account":0.33020151117,"max_drawdown_abs":330.20151117000006},{"key":"TOTAL","trades":60,"profit_mean":-0.00269748450678846,"profit_mean_pct":-0.27,"profit_total_abs":-59.183792459999985,"profit_total":-0.05918379245999999,"profit_total_pct":-5.92,"duration_avg":"1 day, 22:34:00","wins":40,"draws":0,"losses":20,"winrate":0.6666666666666666,"cagr":-0.2258200192199934,"expectancy":-0.9863965410000004,"expectancy_ratio":-0.05966769493842716,"sortino":-3.4839931413269603,"sharpe":-1.156503063551289,"calmar":-11.64786282224483,"sqn":-0.6742,"profit_factor":0.8209969151847187,"max_drawdown_account":0.11157932334207289,"max_drawdown_abs":115.76359466}],"left_open_trades":[{"key":"BTC/USDT","trades":1,"profit_mean":-0.0013774863311245633,"profit_mean_pct":-0.14,"profit_total_abs":-0.42850295,"profit_total":-0.00042850295,"profit_total_pct":-0.04,"duration_avg":"18:15:00","wins":0,"draws":0,"losses":1,"winrate":0.0,"cagr":-0.0017965118777002465,"expectancy":-0.42850295,"expectancy_ratio":-1.0,"sortino":-100,"sharpe":-100,"calmar":-21.959739281081017,"sqn":-100.0,"profit_factor":0.0,"max_drawdown_account":0.0004285029500000519,"max_drawdown_abs":0.42850295},{"key":"TOTAL","trades":1,"profit_mean":-0.0013774863311245633,"profit_mean_pct":-0.14,"profit_total_abs":-0.42850295,"profit_total":-0.00042850295,"profit_total_pct":-0.04,"duration_avg":"18:15:00","wins":0,"draws":0,"losses":1,"winrate":0.0,"cagr":-0.0017965118777002465,"expectancy":-0.42850295,"expectancy_ratio":-1.0,"sortino":-100,"sharpe":-100,"calmar":-21.959739281081017,"sqn":-100.0,"profit_factor":0.0,"max_drawdown_account":0.0004285029500000519,"max_drawdown_abs":0.42850295}],"total_trades":60,"trade_count_long":60,"trade_count_short":0,"total_volume":38865.10595539345,"avg_stake_amount":323.3989088413333,"profit_mean":-0.00269748450678846,"profit_median":0.019970044924171596,"profit_total":-0.05918379245999999,"profit_total_long":-0.05918379245999999,"profit_total_short":0.0,"profit_total_abs":-59.183792459999985,"profit_total_long_abs":-59.183792459999985,"profit_total_short_abs":0.0,"cagr":-0.2258200192199934,"expectancy":-0.9863965410000004,"expectancy_ratio":-0.05966769493842716,"sortino":-3.4839931413269603,"sharpe":-1.156503063551289,"calmar":-11.64786282224483,"sqn":-0.6742,"profit_factor":0.8209969151847187,"backtest_start":"2025-11-25 02:00:00","backtest_start_ts":1764036000000,"backtest_end":"2026-02-21 00:00:00","backtest_end_ts":1771632000000,"backtest_days":87,"backtest_run_start_ts":1771637235,"backtest_run_end_ts":1771637237,"trades_per_day":0.69,"market_change":-0.2841111918622262,"pairlist":["BTC/USDT","ETH/USDT","SOL/USDT","DOGE/USDT"],"stake_amount":"unlimited","stake_currency":"USDT","stake_currency_decimals":3,"starting_balance":1000,"dry_run_wallet":1000,"final_balance":940.81620754,"rejected_signals":48,"timedout_entry_orders":0,"timedout_exit_orders":0,"canceled_trade_entries":0,"canceled_entry_orders":0,"replaced_entry_orders":0,"max_open_trades":3,"max_open_trades_setting":3,"timeframe":"15m","timeframe_detail":"","timerange":"20251123-20260221","enable_protections":false,"strategy_name":"SupertrendStrategy_Smart","freqaimodel":null,"freqai_identifier":null,"stoploss":-0.05,"trailing_stop":true,"trailing_stop_positive":0.02,"trailing_stop_positive_offset":0.03,"trailing_only_offset_is_reached":true,"use_custom_stoploss":false,"minimal_roi":{"240":0.02,"120":0.03,"60":0.05,"30":0.08,"0":0.12},"use_exit_signal":true,"exit_profit_only":false,"exit_profit_offset":0.0,"ignore_roi_if_entry_signal":false,"trading_mode":"spot","margin_mode":"","periodic_breakdown":{"day":[{"date":"26/11/2025","date_ts":1764115200000,"profit_abs":6.59997691,"wins":1,"draws":0,"losses":0,"trades":1,"profit_factor":0.0},{"date":"27/11/2025","date_ts":1764201600000,"profit_abs":0.0,"wins":0,"draws":0,"losses":0,"trades":0,"profit_factor":0.0},{"date":"28/11/2025","date_ts":1764288000000,"profit_abs":6.64353386,"wins":1,"draws":0,"losses":0,"trades":1,"profit_factor":0.0},{"date":"29/11/2025","date_ts":1764374400000,"profit_abs":0.0,"wins":0,"draws":0,"losses":0,"trades":0,"profit_factor":0.0},{"date":"30/11/2025","date_ts":1764460800000,"profit_abs":0.0,"wins":0,"draws":0,"losses":0,"trades":0,"profit_factor":0.0},{"date":"01/12/2025","date_ts":1764547200000,"profit_abs":-17.69652218,"wins":0,"draws":0,"losses":1,"trades":1,"profit_factor":0.0},{"date":"02/12/2025","date_ts":1764633600000,"profit_abs":0.0,"wins":0,"draws":0,"losses":0,"trades":0,"profit_factor":0.0},{"date":"03/12/2025","date_ts":1764720000000,"profit_abs":26.41272298,"wins":4,"draws":0,"losses":0,"trades":4,"profit_factor":0.0},{"date":"04/12/2025","date_ts":1764806400000,"profit_abs":0.0,"wins":0,"draws":0,"losses":0,"trades":0,"profit_factor":0.0},{"date":"05/12/2025","date_ts":1764892800000,"profit_abs":-35.6974482,"wins":0,"draws":0,"losses":2,"trades":2,"profit_factor":0.0},{"date":"06/12/2025","date_ts":1764979200000,"profit_abs":0.0,"wins":0,"draws":0,"losses":0,"trades":0,"profit_factor":0.0},{"date":"07/12/2025","date_ts":1765065600000,"profit_abs":0.0,"wins":0,"draws":0,"losses":0,"trades":0,"profit_factor":0.0},{"date":"08/12/2025","date_ts":1765152000000,"profit_abs":0.0,"wins":0,"draws":0,"losses":0,"trades":0,"profit_factor":0.0},{"date":"09/12/2025","date_ts":1765238400000,"profit_abs":0.0,"wins":0,"draws":0,"losses":0,"trades":0,"profit_factor":0.0},{"date":"10/12/2025","date_ts":1765324800000,"profit_abs":6.50930412,"wins":1,"draws":0,"losses":0,"trades":1,"profit_factor":0.0},{"date":"11/12/2025","date_ts":1765411200000,"profit_abs":-17.33898525,"wins":0,"draws":0,"losses":1,"trades":1,"profit_factor":0.0},{"date":"12/12/2025","date_ts":1765497600000,"profit_abs":-17.03613181,"wins":0,"draws":0,"losses":1,"trades":1,"profit_factor":0.0},{"date":"13/12/2025","date_ts":1765584000000,"profit_abs":0.0,"wins":0,"draws":0,"losses":0,"trades":0,"profit_factor":0.0},{"date":"14/12/2025","date_ts":1765670400000,"profit_abs":0.0,"wins":0,"draws":0,"losses":0,"trades":0,"profit_factor":0.0},{"date":"15/12/2025","date_ts":1765756800000,"profit_abs":0.0,"wins":0,"draws":0,"losses":0,"trades":0,"profit_factor":0.0},{"date":"16/12/2025","date_ts":1765843200000,"profit_abs":0.0,"wins":0,"draws":0,"losses":0,"trades":0,"profit_factor":0.0},{"date":"17/12/2025","date_ts":1765929600000,"profit_abs":-10.5236815,"wins":1,"draws":0,"losses":1,"trades":2,"profit_factor":0.37541526},{"date":"18/12/2025","date_ts":1766016000000,"profit_abs":-16.55469167,"wins":0,"draws":0,"losses":1,"trades":1,"profit_factor":0.0},{"date":"19/12/2025","date_ts":1766102400000,"profit_abs":6.14667557,"wins":1,"draws":0,"losses":0,"trades":1,"profit_factor":0.0},{"date":"20/12/2025","date_ts":1766188800000,"profit_abs":0.0,"wins":0,"draws":0,"losses":0,"trades":0,"profit_factor":0.0},{"date":"21/12/2025","date_ts":1766275200000,"profit_abs":0.0,"wins":0,"draws":0,"losses":0,"trades":0,"profit_factor":0.0},{"date":"22/12/2025","date_ts":1766361600000,"profit_abs":6.18720827,"wins":1,"draws":0,"losses":0,"trades":1,"profit_factor":0.0},{"date":"23/12/2025","date_ts":1766448000000,"profit_abs":0.0,"wins":0,"draws":0,"losses":0,"trades":0,"profit_factor":0.0},{"date":"24/12/2025","date_ts":1766534400000,"profit_abs":0.0,"wins":0,"draws":0,"losses":0,"trades":0,"profit_factor":0.0},{"date":"25/12/2025","date_ts":1766620800000,"profit_abs":0.0,"wins":0,"draws":0,"losses":0,"trades":0,"profit_factor":0.0},{"date":"26/12/2025","date_ts":1766707200000,"profit_abs":0.0,"wins":0,"draws":0,"losses":0,"trades":0,"profit_factor":0.0},{"date":"27/12/2025","date_ts":1766793600000,"profit_abs":0.0,"wins":0,"draws":0,"losses":0,"trades":0,"profit_factor":0.0},{"date":"28/12/2025","date_ts":1766880000000,"profit_abs":0.0,"wins":0,"draws":0,"losses":0,"trades":0,"profit_factor":0.0},{"date":"29/12/2025","date_ts":1766966400000,"profit_abs":6.08908549,"wins":1,"draws":0,"losses":0,"trades":1,"profit_factor":0.0},{"date":"30/12/2025","date_ts":1767052800000,"profit_abs":0.0,"wins":0,"draws":0,"losses":0,"trades":0,"profit_factor":0.0},{"date":"31/12/2025","date_ts":1767139200000,"profit_abs":0.0,"wins":0,"draws":0,"losses":0,"trades":0,"profit_factor":0.0},{"date":"01/01/2026","date_ts":1767225600000,"profit_abs":0.0,"wins":0,"draws":0,"losses":0,"trades":0,"profit_factor":0.0},{"date":"02/01/2026","date_ts":1767312000000,"profit_abs":34.70217709,"wins":5,"draws":0,"losses":0,"trades":5,"profit_factor":0.0},{"date":"03/01/2026","date_ts":1767398400000,"profit_abs":0.0,"wins":0,"draws":0,"losses":0,"trades":0,"profit_factor":0.0},{"date":"04/01/2026","date_ts":1767484800000,"profit_abs":22.76293199,"wins":3,"draws":0,"losses":0,"trades":3,"profit_factor":0.0},{"date":"05/01/2026","date_ts":1767571200000,"profit_abs":13.07966975,"wins":2,"draws":0,"losses":0,"trades":2,"profit_factor":0.0},{"date":"06/01/2026","date_ts":1767657600000,"profit_abs":13.38143867,"wins":2,"draws":0,"losses":0,"trades":2,"profit_factor":0.0},{"date":"07/01/2026","date_ts":1767744000000,"profit_abs":-18.05322575,"wins":0,"draws":0,"losses":1,"trades":1,"profit_factor":0.0},{"date":"08/01/2026","date_ts":1767830400000,"profit_abs":-11.46935485,"wins":1,"draws":0,"losses":1,"trades":2,"profit_factor":0.3646932},{"date":"09/01/2026","date_ts":1767916800000,"profit_abs":0.0,"wins":0,"draws":0,"losses":0,"trades":0,"profit_factor":0.0},{"date":"10/01/2026","date_ts":1768003200000,"profit_abs":0.0,"wins":0,"draws":0,"losses":0,"trades":0,"profit_factor":0.0},{"date":"11/01/2026","date_ts":1768089600000,"profit_abs":0.0,"wins":0,"draws":0,"losses":0,"trades":0,"profit_factor":0.0},{"date":"12/01/2026","date_ts":1768176000000,"profit_abs":6.62735464,"wins":1,"draws":0,"losses":0,"trades":1,"profit_factor":0.0},{"date":"13/01/2026","date_ts":1768262400000,"profit_abs":19.92577628,"wins":3,"draws":0,"losses":0,"trades":3,"profit_factor":0.0},{"date":"14/01/2026","date_ts":1768348800000,"profit_abs":6.80260406,"wins":1,"draws":0,"losses":0,"trades":1,"profit_factor":0.0},{"date":"15/01/2026","date_ts":1768435200000,"profit_abs":-18.001395,"wins":0,"draws":0,"losses":1,"trades":1,"profit_factor":0.0},{"date":"16/01/2026","date_ts":1768521600000,"profit_abs":0.0,"wins":0,"draws":0,"losses":0,"trades":0,"profit_factor":0.0},{"date":"17/01/2026","date_ts":1768608000000,"profit_abs":0.0,"wins":0,"draws":0,"losses":0,"trades":0,"profit_factor":0.0},{"date":"18/01/2026","date_ts":1768694400000,"profit_abs":-18.00139399,"wins":0,"draws":0,"losses":1,"trades":1,"profit_factor":0.0},{"date":"19/01/2026","date_ts":1768780800000,"profit_abs":-18.12019472,"wins":0,"draws":0,"losses":1,"trades":1,"profit_factor":0.0},{"date":"20/01/2026","date_ts":1768867200000,"profit_abs":-17.2958002,"wins":0,"draws":0,"losses":1,"trades":1,"profit_factor":0.0},{"date":"21/01/2026","date_ts":1768953600000,"profit_abs":0.0,"wins":0,"draws":0,"losses":0,"trades":0,"profit_factor":0.0},{"date":"22/01/2026","date_ts":1769040000000,"profit_abs":0.0,"wins":0,"draws":0,"losses":0,"trades":0,"profit_factor":0.0},{"date":"23/01/2026","date_ts":1769126400000,"profit_abs":0.0,"wins":0,"draws":0,"losses":0,"trades":0,"profit_factor":0.0},{"date":"24/01/2026","date_ts":1769212800000,"profit_abs":0.0,"wins":0,"draws":0,"losses":0,"trades":0,"profit_factor":0.0},{"date":"25/01/2026","date_ts":1769299200000,"profit_abs":0.0,"wins":0,"draws":0,"losses":0,"trades":0,"profit_factor":0.0},{"date":"26/01/2026","date_ts":1769385600000,"profit_abs":0.0,"wins":0,"draws":0,"losses":0,"trades":0,"profit_factor":0.0},{"date":"27/01/2026","date_ts":1769472000000,"profit_abs":0.0,"wins":0,"draws":0,"losses":0,"trades":0,"profit_factor":0.0},{"date":"28/01/2026","date_ts":1769558400000,"profit_abs":6.37613633,"wins":1,"draws":0,"losses":0,"trades":1,"profit_factor":0.0},{"date":"29/01/2026","date_ts":1769644800000,"profit_abs":-50.72094708,"wins":0,"draws":0,"losses":3,"trades":3,"profit_factor":0.0},{"date":"30/01/2026","date_ts":1769731200000,"profit_abs":0.0,"wins":0,"draws":0,"losses":0,"trades":0,"profit_factor":0.0},{"date":"31/01/2026","date_ts":1769817600000,"profit_abs":0.0,"wins":0,"draws":0,"losses":0,"trades":0,"profit_factor":0.0},{"date":"01/02/2026","date_ts":1769904000000,"profit_abs":0.0,"wins":0,"draws":0,"losses":0,"trades":0,"profit_factor":0.0},{"date":"02/02/2026","date_ts":1769990400000,"profit_abs":0.0,"wins":0,"draws":0,"losses":0,"trades":0,"profit_factor":0.0},{"date":"03/02/2026","date_ts":1770076800000,"profit_abs":0.0,"wins":0,"draws":0,"losses":0,"trades":0,"profit_factor":0.0},{"date":"04/02/2026","date_ts":1770163200000,"profit_abs":0.0,"wins":0,"draws":0,"losses":0,"trades":0,"profit_factor":0.0},{"date":"05/02/2026","date_ts":1770249600000,"profit_abs":0.0,"wins":0,"draws":0,"losses":0,"trades":0,"profit_factor":0.0},{"date":"06/02/2026","date_ts":1770336000000,"profit_abs":0.0,"wins":0,"draws":0,"losses":0,"trades":0,"profit_factor":0.0},{"date":"07/02/2026","date_ts":1770422400000,"profit_abs":0.0,"wins":0,"draws":0,"losses":0,"trades":0,"profit_factor":0.0},{"date":"08/02/2026","date_ts":1770508800000,"profit_abs":0.0,"wins":0,"draws":0,"losses":0,"trades":0,"profit_factor":0.0},{"date":"09/02/2026","date_ts":1770595200000,"profit_abs":0.0,"wins":0,"draws":0,"losses":0,"trades":0,"profit_factor":0.0},{"date":"10/02/2026","date_ts":1770681600000,"profit_abs":0.0,"wins":0,"draws":0,"losses":0,"trades":0,"profit_factor":0.0},{"date":"11/02/2026","date_ts":1770768000000,"profit_abs":0.0,"wins":0,"draws":0,"losses":0,"trades":0,"profit_factor":0.0},{"date":"12/02/2026","date_ts":1770854400000,"profit_abs":6.08346304,"wins":1,"draws":0,"losses":0,"trades":1,"profit_factor":0.0},{"date":"13/02/2026","date_ts":1770940800000,"profit_abs":12.20705702,"wins":2,"draws":0,"losses":0,"trades":2,"profit_factor":0.0},{"date":"14/02/2026","date_ts":1771027200000,"profit_abs":36.88963676,"wins":5,"draws":0,"losses":0,"trades":5,"profit_factor":0.0},{"date":"15/02/2026","date_ts":1771113600000,"profit_abs":-18.93150378,"wins":2,"draws":0,"losses":2,"trades":4,"profit_factor":0.44387265},{"date":"16/02/2026","date_ts":1771200000000,"profit_abs":0.0,"wins":0,"draws":0,"losses":0,"trades":0,"profit_factor":0.0},{"date":"17/02/2026","date_ts":1771286400000,"profit_abs":0.0,"wins":0,"draws":0,"losses":0,"trades":0,"profit_factor":0.0},{"date":"18/02/2026","date_ts":1771372800000,"profit_abs":-16.74076636,"wins":0,"draws":0,"losses":1,"trades":1,"profit_factor":0.0},{"date":"19/02/2026","date_ts":1771459200000,"profit_abs":0.0,"wins":0,"draws":0,"losses":0,"trades":0,"profit_factor":0.0},{"date":"20/02/2026","date_ts":1771545600000,"profit_abs":0.0,"wins":0,"draws":0,"losses":0,"trades":0,"profit_factor":0.0},{"date":"21/02/2026","date_ts":1771632000000,"profit_abs":-0.42850295,"wins":0,"draws":0,"losses":1,"trades":1,"profit_factor":0.0}],"week":[{"date":"01/12/2025","date_ts":1764547200000,"profit_abs":-4.45301141,"wins":2,"draws":0,"losses":1,"trades":3,"profit_factor":0.74836799},{"date":"08/12/2025","date_ts":1765152000000,"profit_abs":-9.28472522,"wins":4,"draws":0,"losses":2,"trades":6,"profit_factor":0.73990507},{"date":"15/12/2025","date_ts":1765756800000,"profit_abs":-27.86581294,"wins":1,"draws":0,"losses":2,"trades":3,"profit_factor":0.18936093},{"date":"22/12/2025","date_ts":1766361600000,"profit_abs":-14.74448933,"wins":3,"draws":0,"losses":2,"trades":5,"profit_factor":0.55859814},{"date":"29/12/2025","date_ts":1766966400000,"profit_abs":6.08908549,"wins":1,"draws":0,"losses":0,"trades":1,"profit_factor":0.0},{"date":"05/01/2026","date_ts":1767571200000,"profit_abs":70.54477883,"wins":10,"draws":0,"losses":0,"trades":10,"profit_factor":0.0},{"date":"12/01/2026","date_ts":1768176000000,"profit_abs":-9.51378729,"wins":4,"draws":0,"losses":2,"trades":6,"profit_factor":0.73650748},{"date":"19/01/2026","date_ts":1768780800000,"profit_abs":-27.39460337,"wins":4,"draws":0,"losses":3,"trades":7,"profit_factor":0.49384529},{"date":"26/01/2026","date_ts":1769385600000,"profit_abs":-17.2958002,"wins":0,"draws":0,"losses":1,"trades":1,"profit_factor":0.0},{"date":"02/02/2026","date_ts":1769990400000,"profit_abs":-44.34481075,"wins":1,"draws":0,"losses":3,"trades":4,"profit_factor":0.12571012},{"date":"09/02/2026","date_ts":1770595200000,"profit_abs":0.0,"wins":0,"draws":0,"losses":0,"trades":0,"profit_factor":0.0},{"date":"16/02/2026","date_ts":1771200000000,"profit_abs":36.24865304,"wins":10,"draws":0,"losses":2,"trades":12,"profit_factor":2.06483181},{"date":"23/02/2026","date_ts":1771804800000,"profit_abs":-17.16926931,"wins":0,"draws":0,"losses":2,"trades":2,"profit_factor":0.0}],"month":[{"date":"30/11/2025","date_ts":1764460800000,"profit_abs":13.24351077,"wins":2,"draws":0,"losses":0,"trades":2,"profit_factor":0.0},{"date":"31/12/2025","date_ts":1767139200000,"profit_abs":-63.50246418,"wins":9,"draws":0,"losses":7,"trades":16,"profit_factor":0.47593494},{"date":"31/01/2026","date_ts":1769817600000,"profit_abs":-28.00422278,"wins":19,"draws":0,"losses":9,"trades":28,"profit_factor":0.82303385},{"date":"28/02/2026","date_ts":1772236800000,"profit_abs":19.07938373,"wins":10,"draws":0,"losses":4,"trades":14,"profit_factor":1.37256461}],"year":[{"date":"31/12/2025","date_ts":1767139200000,"profit_abs":-50.25895341,"wins":11,"draws":0,"losses":7,"trades":18,"profit_factor":0.5852293},{"date":"31/12/2026","date_ts":1798675200000,"profit_abs":-8.92483905,"wins":29,"draws":0,"losses":13,"trades":42,"profit_factor":0.95739062}],"weekday":[{"date":"Monday","date_ts":0,"profit_abs":-3.83339875,"wins":5,"draws":0,"losses":2,"trades":7,"profit_factor":0.8929718},{"date":"Tuesday","date_ts":1,"profit_abs":16.01141475,"wins":5,"draws":0,"losses":1,"trades":6,"profit_factor":1.92574004},{"date":"Wednesday","date_ts":2,"profit_abs":7.38307079,"wins":9,"draws":0,"losses":3,"trades":12,"profit_factor":1.14296342},{"date":"Thursday","date_ts":3,"profit_abs":-108.00191081,"wins":2,"draws":0,"losses":7,"trades":9,"profit_factor":0.10497587},{"date":"Friday","date_ts":4,"profit_abs":6.96586353,"wins":9,"draws":0,"losses":3,"trades":12,"profit_factor":1.1320954},{"date":"Saturday","date_ts":5,"profit_abs":36.46113381,"wins":5,"draws":0,"losses":1,"trades":6,"profit_factor":86.08957479},{"date":"Sunday","date_ts":6,"profit_abs":-14.16996578,"wins":5,"draws":0,"losses":3,"trades":8,"profit_factor":0.72772614}]},"backtest_best_day":0.11787635051752887,"backtest_worst_day":-0.15850929371349742,"backtest_best_day_abs":36.88963676,"backtest_worst_day_abs":-50.72094708,"winning_days":18,"draw_days":54,"losing_days":16,"daily_profit":[["2025-11-26",6.59997691],["2025-11-27",0.0],["2025-11-28",6.64353386],["2025-11-29",0.0],["2025-11-30",0.0],["2025-12-01",-17.69652218],["2025-12-02",0.0],["2025-12-03",26.41272298],["2025-12-04",0.0],["2025-12-05",-35.6974482],["2025-12-06",0.0],["2025-12-07",0.0],["2025-12-08",0.0],["2025-12-09",0.0],["2025-12-10",6.50930412],["2025-12-11",-17.33898525],["2025-12-12",-17.03613181],["2025-12-13",0.0],["2025-12-14",0.0],["2025-12-15",0.0],["2025-12-16",0.0],["2025-12-17",-10.5236815],["2025-12-18",-16.55469167],["2025-12-19",6.14667557],["2025-12-20",0.0],["2025-12-21",0.0],["2025-12-22",6.18720827],["2025-12-23",0.0],["2025-12-24",0.0],["2025-12-25",0.0],["2025-12-26",0.0],["2025-12-27",0.0],["2025-12-28",0.0],["2025-12-29",6.08908549],["2025-12-30",0.0],["2025-12-31",0.0],["2026-01-01",0.0],["2026-01-02",34.70217709],["2026-01-03",0.0],["2026-01-04",22.76293199],["2026-01-05",13.07966975],["2026-01-06",13.38143867],["2026-01-07",-18.05322575],["2026-01-08",-11.46935485],["2026-01-09",0.0],["2026-01-10",0.0],["2026-01-11",0.0],["2026-01-12",6.62735464],["2026-01-13",19.92577628],["2026-01-14",6.80260406],["2026-01-15",-18.001395],["2026-01-16",0.0],["2026-01-17",0.0],["2026-01-18",-18.00139399],["2026-01-19",-18.12019472],["2026-01-20",-17.2958002],["2026-01-21",0.0],["2026-01-22",0.0],["2026-01-23",0.0],["2026-01-24",0.0],["2026-01-25",0.0],["2026-01-26",0.0],["2026-01-27",0.0],["2026-01-28",6.37613633],["2026-01-29",-50.72094708],["2026-01-30",0.0],["2026-01-31",0.0],["2026-02-01",0.0],["2026-02-02",0.0],["2026-02-03",0.0],["2026-02-04",0.0],["2026-02-05",0.0],["2026-02-06",0.0],["2026-02-07",0.0],["2026-02-08",0.0],["2026-02-09",0.0],["2026-02-10",0.0],["2026-02-11",0.0],["2026-02-12",6.08346304],["2026-02-13",12.20705702],["2026-02-14",36.88963676],["2026-02-15",-18.93150378],["2026-02-16",0.0],["2026-02-17",0.0],["2026-02-18",-16.74076636],["2026-02-19",0.0],["2026-02-20",0.0],["2026-02-21",-0.42850295]],"wins":40,"losses":20,"draws":0,"winrate":0.6666666666666666,"holding_avg":"1 day, 22:34:00","holding_avg_s":167640.0,"winner_holding_min":"0d 01:45","winner_holding_min_s":6300.0,"winner_holding_max":"16d 00:45","winner_holding_max_s":1385100.0,"winner_holding_avg":"1d 23:58","winner_holding_avg_s":172680.0,"loser_holding_min":"0d 01:15","loser_holding_min_s":4500.0,"loser_holding_max":"5d 01:15","loser_holding_max_s":436500.0,"loser_holding_avg":"1d 19:45","loser_holding_avg_s":157500.0,"max_consecutive_wins":15,"max_consecutive_losses":4,"max_drawdown_account":0.11157932334207289,"max_relative_drawdown":0.11157932334207289,"max_drawdown_abs":115.76359466,"drawdown_start":"2026-01-14 16:30:00","drawdown_start_ts":1768408200000.0,"drawdown_end":"2026-01-29 15:00:00","drawdown_end_ts":1769698800000.0,"drawdown_duration":"14 days 22:30:00","drawdown_duration_s":1290600.0,"max_drawdown_low":-78.26317619,"max_drawdown_high":37.50041847,"csum_min":921.73682381,"csum_max":1037.50041847}},"strategy_comparison":[{"key":"SupertrendStrategy_Smart","trades":60,"profit_mean":-0.00269748450678846,"profit_mean_pct":-0.27,"profit_total_abs":-59.183792459999985,"profit_total":-0.05918379245999999,"profit_total_pct":-5.92,"duration_avg":"1 day, 22:34:00","wins":40,"draws":0,"losses":20,"winrate":0.6666666666666666,"cagr":-0.2258200192199934,"expectancy":-0.9863965410000004,"expectancy_ratio":-0.05966769493842716,"sortino":-3.4839931413269603,"sharpe":-1.156503063551289,"calmar":-11.64786282224483,"sqn":-0.6742,"profit_factor":0.8209969151847187,"max_drawdown_account":0.11157932334207289,"max_drawdown_abs":"115.764"}]}