{
  "strategy_name": "SupertrendFuturesStrategyV8_1",
  "params": {
    "roi": {
      "0": 0.06
    },
    "stoploss": {
      "stoploss": -0.03
    },
    "trailing": {
      "trailing_stop": true,
      "trailing_stop_positive": 0.02,
      "trailing_stop_positive_offset": 0.03,
      "trailing_only_offset_is_reached": true
    },
    "max_open_trades": {
      "max_open_trades": 1
    },
    "buy": {
      "adx_threshold_long": 28,
      "adx_threshold_short": 30,
      "alpha_threshold": 0.101,
      "atr_multiplier": 2.189,
      "atr_period": 24,
      "ema_fast": 22,
      "ema_slow": 195
    }
  },
  "ft_stratparam_v": 1,
  "export_time": "2026-02-23 02:46:44.069066+00:00"
}