{"strategy":{"SupertrendFuturesStrategyV8_1":{"trades":[{"pair":"ADA/USDT:USDT","stake_amount":98.233,"max_stake_amount":98.233,"amount":460.0,"open_date":"2025-11-30 16:30:00+00:00","close_date":"2025-11-30 23:00:00+00:00","open_rate":0.4271,"close_rate":0.4207,"fee_open":0.0005,"fee_close":0.0005,"trade_duration":390,"profit_ratio":-0.0319386080783069,"profit_abs":-3.138994,"exit_reason":"stop_loss","initial_stop_loss_abs":0.4207,"initial_stop_loss_ratio":-0.03,"stop_loss_abs":0.4207,"stop_loss_ratio":-0.03,"min_rate":0.4184,"max_rate":0.4272,"is_open":false,"enter_tag":"","leverage":2,"is_short":false,"open_timestamp":1764520200000,"close_timestamp":1764543600000,"orders":[{"amount":460.0,"safe_price":0.4271,"ft_order_side":"buy","order_filled_timestamp":1764520200000,"ft_is_entry":true,"ft_order_tag":"","cost":196.56423299999997},{"amount":460.0,"safe_price":0.4207,"ft_order_side":"sell","order_filled_timestamp":1764543600000,"ft_is_entry":false,"ft_order_tag":"stop_loss","cost":193.618761}],"funding_fees":0.0,"weekday":6},{"pair":"ADA/USDT:USDT","stake_amount":98.505,"max_stake_amount":98.505,"amount":450.0,"open_date":"2025-12-03 02:30:00+00:00","close_date":"2025-12-03 06:00:00+00:00","open_rate":0.4378,"close_rate":0.4424,"fee_open":0.0005,"fee_close":0.0005,"trade_duration":210,"profit_ratio":0.018994157558041444,"profit_abs":1.871955,"exit_reason":"trailing_stop_loss","initial_stop_loss_abs":0.4313,"initial_stop_loss_ratio":-0.03,"stop_loss_abs":0.4424,"stop_loss_ratio":-0.02,"min_rate":0.4353,"max_rate":0.4468,"is_open":false,"enter_tag":"","leverage":2,"is_short":false,"open_timestamp":1764729000000,"close_timestamp":1764741600000,"orders":[{"amount":450.0,"safe_price":0.4378,"ft_order_side":"buy","order_filled_timestamp":1764729000000,"ft_is_entry":true,"ft_order_tag":"","cost":197.108505},{"amount":450.0,"safe_price":0.4424,"ft_order_side":"sell","order_filled_timestamp":1764741600000,"ft_is_entry":false,"ft_order_tag":"trailing_stop_loss","cost":199.17954}],"funding_fees":0.0,"weekday":2},{"pair":"ADA/USDT:USDT","stake_amount":98.01,"max_stake_amount":98.01,"amount":440.0,"open_date":"2025-12-03 06:30:00+00:00","close_date":"2025-12-03 10:30:00+00:00","open_rate":0.4455,"close_rate":0.4389,"fee_open":0.0005,"fee_close":0.0005,"trade_duration":240,"profit_ratio":-0.03178857250285173,"profit_abs":-3.11715579,"exit_reason":"stop_loss","initial_stop_loss_abs":0.4389,"initial_stop_loss_ratio":-0.03,"stop_loss_abs":0.4389,"stop_loss_ratio":-0.03,"min_rate":0.4368,"max_rate":0.4466,"is_open":false,"enter_tag":"","leverage":2,"is_short":false,"open_timestamp":1764743400000,"close_timestamp":1764757800000,"orders":[{"amount":440.0,"safe_price":0.4455,"ft_order_side":"buy","order_filled_timestamp":1764743400000,"ft_is_entry":true,"ft_order_tag":"","cost":196.11801},{"amount":440.0,"safe_price":0.4389,"ft_order_side":"sell","order_filled_timestamp":1764757800000,"ft_is_entry":false,"ft_order_tag":"stop_loss","cost":193.212558}],"funding_fees":-0.01858779187602913,"weekday":2},{"pair":"ADA/USDT:USDT","stake_amount":98.406,"max_stake_amount":98.406,"amount":440.0,"open_date":"2025-12-04 06:00:00+00:00","close_date":"2025-12-04 14:30:00+00:00","open_rate":0.4473,"close_rate":0.4406,"fee_open":0.0005,"fee_close":0.0005,"trade_duration":510,"profit_ratio":-0.0321283579091295,"profit_abs":-3.163204,"exit_reason":"stop_loss","initial_stop_loss_abs":0.4406,"initial_stop_loss_ratio":-0.03,"stop_loss_abs":0.4406,"stop_loss_ratio":-0.03,"min_rate":0.4395,"max_rate":0.4537,"is_open":false,"enter_tag":"","leverage":2,"is_short":false,"open_timestamp":1764828000000,"close_timestamp":1764858600000,"orders":[{"amount":440.0,"safe_price":0.4473,"ft_order_side":"buy","order_filled_timestamp":1764828000000,"ft_is_entry":true,"ft_order_tag":"","cost":196.91040599999997},{"amount":440.0,"safe_price":0.4406,"ft_order_side":"sell","order_filled_timestamp":1764858600000,"ft_is_entry":false,"ft_order_tag":"stop_loss","cost":193.96093199999999}],"funding_fees":-0.019866,"weekday":3},{"pair":"ADA/USDT:USDT","stake_amount":99.308,"max_stake_amount":99.308,"amount":440.0,"open_date":"2025-12-09 15:00:00+00:00","close_date":"2025-12-09 15:00:00+00:00","open_rate":0.4514,"close_rate":0.46042800000000006,"fee_open":0.0005,"fee_close":0.0005,"trade_duration":0,"profit_ratio":0.03796101949025488,"profit_abs":3.77171784,"exit_reason":"trailing_stop_loss","initial_stop_loss_abs":0.4447,"initial_stop_loss_ratio":-0.03,"stop_loss_abs":0.4595,"stop_loss_ratio":-0.02,"min_rate":0.4509,"max_rate":0.4641,"is_open":false,"enter_tag":"","leverage":2,"is_short":false,"open_timestamp":1765292400000,"close_timestamp":1765292400000,"orders":[{"amount":440.0,"safe_price":0.4514,"ft_order_side":"buy","order_filled_timestamp":1765292400000,"ft_is_entry":true,"ft_order_tag":"","cost":198.715308},{"amount":440.0,"safe_price":0.46042800000000006,"ft_order_side":"sell","order_filled_timestamp":1765292400000,"ft_is_entry":false,"ft_order_tag":"trailing_stop_loss","cost":202.68961416000002}],"funding_fees":0.0,"weekday":1},{"pair":"ADA/USDT:USDT","stake_amount":98.384,"max_stake_amount":98.384,"amount":520.0,"open_date":"2025-12-20 11:30:00+00:00","close_date":"2025-12-20 22:00:00+00:00","open_rate":0.3784,"close_rate":0.3728,"fee_open":0.0005,"fee_close":0.0005,"trade_duration":630,"profit_ratio":-0.031585721511499895,"profit_abs":-3.10908339,"exit_reason":"stop_loss","initial_stop_loss_abs":0.3728,"initial_stop_loss_ratio":-0.03,"stop_loss_abs":0.3728,"stop_loss_ratio":-0.03,"min_rate":0.3727,"max_rate":0.3792,"is_open":false,"enter_tag":"","leverage":2,"is_short":false,"open_timestamp":1766230200000,"close_timestamp":1766268000000,"orders":[{"amount":520.0,"safe_price":0.3784,"ft_order_side":"buy","order_filled_timestamp":1766230200000,"ft_is_entry":true,"ft_order_tag":"","cost":196.86638399999998},{"amount":520.0,"safe_price":0.3728,"ft_order_side":"sell","order_filled_timestamp":1766268000000,"ft_is_entry":false,"ft_order_tag":"stop_loss","cost":193.952928}],"funding_fees":-0.0017713904868965915,"weekday":5},{"pair":"ADA/USDT:USDT","stake_amount":99.3025,"max_stake_amount":99.3025,"amount":550.0,"open_date":"2025-12-27 20:30:00+00:00","close_date":"2025-12-27 22:30:00+00:00","open_rate":0.3611,"close_rate":0.3634,"fee_open":0.0005,"fee_close":0.0005,"trade_duration":120,"profit_ratio":0.010727120516175033,"profit_abs":1.0657625,"exit_reason":"trailing_stop_loss","initial_stop_loss_abs":0.3557,"initial_stop_loss_ratio":-0.03,"stop_loss_abs":0.3634,"stop_loss_ratio":-0.02,"min_rate":0.361,"max_rate":0.367,"is_open":false,"enter_tag":"","leverage":2,"is_short":false,"open_timestamp":1766867400000,"close_timestamp":1766874600000,"orders":[{"amount":550.0,"safe_price":0.3611,"ft_order_side":"buy","order_filled_timestamp":1766867400000,"ft_is_entry":true,"ft_order_tag":"","cost":198.70430249999998},{"amount":550.0,"safe_price":0.3634,"ft_order_side":"sell","order_filled_timestamp":1766874600000,"ft_is_entry":false,"ft_order_tag":"trailing_stop_loss","cost":199.969935}],"funding_fees":0.0,"weekday":5},{"pair":"ADA/USDT:USDT","stake_amount":98.2355,"max_stake_amount":98.2355,"amount":530.0,"open_date":"2025-12-28 06:00:00+00:00","close_date":"2025-12-28 06:30:00+00:00","open_rate":0.3707,"close_rate":0.3732,"fee_open":0.0005,"fee_close":0.0005,"trade_duration":30,"profit_ratio":0.011475513929034944,"profit_abs":1.1278665,"exit_reason":"trailing_stop_loss","initial_stop_loss_abs":0.3652,"initial_stop_loss_ratio":-0.03,"stop_loss_abs":0.3732,"stop_loss_ratio":-0.02,"min_rate":0.3702,"max_rate":0.3769,"is_open":false,"enter_tag":"","leverage":2,"is_short":false,"open_timestamp":1766901600000,"close_timestamp":1766903400000,"orders":[{"amount":530.0,"safe_price":0.3707,"ft_order_side":"buy","order_filled_timestamp":1766901600000,"ft_is_entry":true,"ft_order_tag":"","cost":196.56923549999996},{"amount":530.0,"safe_price":0.3732,"ft_order_side":"sell","order_filled_timestamp":1766903400000,"ft_is_entry":false,"ft_order_tag":"trailing_stop_loss","cost":197.89489799999998}],"funding_fees":0.0,"weekday":6},{"pair":"ADA/USDT:USDT","stake_amount":99.468,"max_stake_amount":99.468,"amount":540.0,"open_date":"2025-12-29 00:00:00+00:00","close_date":"2025-12-29 01:30:00+00:00","open_rate":0.3684,"close_rate":0.3708,"fee_open":0.0005,"fee_close":0.0005,"trade_duration":90,"profit_ratio":0.01100439495537549,"profit_abs":1.09513245,"exit_reason":"trailing_stop_loss","initial_stop_loss_abs":0.3629,"initial_stop_loss_ratio":-0.03,"stop_loss_abs":0.3708,"stop_loss_ratio":-0.02,"min_rate":0.3666,"max_rate":0.3745,"is_open":false,"enter_tag":"","leverage":2,"is_short":false,"open_timestamp":1766966400000,"close_timestamp":1766971800000,"orders":[{"amount":540.0,"safe_price":0.3684,"ft_order_side":"buy","order_filled_timestamp":1766966400000,"ft_is_entry":true,"ft_order_tag":"","cost":199.035468},{"amount":540.0,"safe_price":0.3708,"ft_order_side":"sell","order_filled_timestamp":1766971800000,"ft_is_entry":false,"ft_order_tag":"trailing_stop_loss","cost":200.33211599999998}],"funding_fees":-0.001283547259369847,"weekday":0},{"pair":"ADA/USDT:USDT","stake_amount":99.004,"max_stake_amount":99.004,"amount":530.0,"open_date":"2025-12-29 02:00:00+00:00","close_date":"2025-12-29 02:30:00+00:00","open_rate":0.3736,"close_rate":0.3762,"fee_open":0.0005,"fee_close":0.0005,"trade_duration":30,"profit_ratio":0.01190571737685761,"profit_abs":1.179303,"exit_reason":"trailing_stop_loss","initial_stop_loss_abs":0.368,"initial_stop_loss_ratio":-0.03,"stop_loss_abs":0.3762,"stop_loss_ratio":-0.02,"min_rate":0.3736,"max_rate":0.3799,"is_open":false,"enter_tag":"","leverage":2,"is_short":false,"open_timestamp":1766973600000,"close_timestamp":1766975400000,"orders":[{"amount":530.0,"safe_price":0.3736,"ft_order_side":"buy","order_filled_timestamp":1766973600000,"ft_is_entry":true,"ft_order_tag":"","cost":198.10700399999996},{"amount":530.0,"safe_price":0.3762,"ft_order_side":"sell","order_filled_timestamp":1766975400000,"ft_is_entry":false,"ft_order_tag":"trailing_stop_loss","cost":199.485693}],"funding_fees":0.0,"weekday":0},{"pair":"ADA/USDT:USDT","stake_amount":99.06,"max_stake_amount":99.06,"amount":520.0,"open_date":"2025-12-29 04:00:00+00:00","close_date":"2025-12-29 07:00:00+00:00","open_rate":0.381,"close_rate":0.3753,"fee_open":0.0005,"fee_close":0.0005,"trade_duration":180,"profit_ratio":-0.03189035403558063,"profit_abs":-3.160638,"exit_reason":"stop_loss","initial_stop_loss_abs":0.3753,"initial_stop_loss_ratio":-0.03,"stop_loss_abs":0.3753,"stop_loss_ratio":-0.03,"min_rate":0.3734,"max_rate":0.3847,"is_open":false,"enter_tag":"","leverage":2,"is_short":false,"open_timestamp":1766980800000,"close_timestamp":1766991600000,"orders":[{"amount":520.0,"safe_price":0.381,"ft_order_side":"buy","order_filled_timestamp":1766980800000,"ft_is_entry":true,"ft_order_tag":"","cost":198.21905999999998},{"amount":520.0,"safe_price":0.3753,"ft_order_side":"sell","order_filled_timestamp":1766991600000,"ft_is_entry":false,"ft_order_tag":"stop_loss","cost":195.253578}],"funding_fees":0.0,"weekday":0},{"pair":"ADA/USDT:USDT","stake_amount":99.605,"max_stake_amount":99.605,"amount":550.0,"open_date":"2026-01-02 04:00:00+00:00","close_date":"2026-01-02 05:00:00+00:00","open_rate":0.3622,"close_rate":0.3568,"fee_open":0.0005,"fee_close":0.0005,"trade_duration":60,"profit_ratio":-0.03178697785287367,"profit_abs":-3.167725,"exit_reason":"stop_loss","initial_stop_loss_abs":0.3568,"initial_stop_loss_ratio":-0.03,"stop_loss_abs":0.3568,"stop_loss_ratio":-0.03,"min_rate":0.3566,"max_rate":0.3639,"is_open":false,"enter_tag":"","leverage":2,"is_short":false,"open_timestamp":1767326400000,"close_timestamp":1767330000000,"orders":[{"amount":550.0,"safe_price":0.3622,"ft_order_side":"buy","order_filled_timestamp":1767326400000,"ft_is_entry":true,"ft_order_tag":"","cost":199.309605},{"amount":550.0,"safe_price":0.3568,"ft_order_side":"sell","order_filled_timestamp":1767330000000,"ft_is_entry":false,"ft_order_tag":"stop_loss","cost":196.33812}],"funding_fees":0.0,"weekday":4},{"pair":"ADA/USDT:USDT","stake_amount":98.7525,"max_stake_amount":98.7525,"amount":550.0,"open_date":"2026-01-02 09:30:00+00:00","close_date":"2026-01-02 09:30:00+00:00","open_rate":0.3591,"close_rate":0.366282,"fee_open":0.0005,"fee_close":0.0005,"trade_duration":0,"profit_ratio":0.03796101949025487,"profit_abs":3.75061995,"exit_reason":"trailing_stop_loss","initial_stop_loss_abs":0.3538,"initial_stop_loss_ratio":-0.03,"stop_loss_abs":0.3641,"stop_loss_ratio":-0.02,"min_rate":0.3589,"max_rate":0.3677,"is_open":false,"enter_tag":"","leverage":2,"is_short":false,"open_timestamp":1767346200000,"close_timestamp":1767346200000,"orders":[{"amount":550.0,"safe_price":0.3591,"ft_order_side":"buy","order_filled_timestamp":1767346200000,"ft_is_entry":true,"ft_order_tag":"","cost":197.60375249999998},{"amount":550.0,"safe_price":0.366282,"ft_order_side":"sell","order_filled_timestamp":1767346200000,"ft_is_entry":false,"ft_order_tag":"trailing_stop_loss","cost":201.55582754999998}],"funding_fees":0.0,"weekday":4},{"pair":"ADA/USDT:USDT","stake_amount":98.496,"max_stake_amount":98.496,"amount":540.0,"open_date":"2026-01-02 10:00:00+00:00","close_date":"2026-01-02 11:30:00+00:00","open_rate":0.3648,"close_rate":0.3594,"fee_open":0.0005,"fee_close":0.0005,"trade_duration":90,"profit_ratio":-0.031574673189720924,"profit_abs":-3.111534,"exit_reason":"stop_loss","initial_stop_loss_abs":0.3594,"initial_stop_loss_ratio":-0.03,"stop_loss_abs":0.3594,"stop_loss_ratio":-0.03,"min_rate":0.3593,"max_rate":0.3669,"is_open":false,"enter_tag":"","leverage":2,"is_short":false,"open_timestamp":1767348000000,"close_timestamp":1767353400000,"orders":[{"amount":540.0,"safe_price":0.3648,"ft_order_side":"buy","order_filled_timestamp":1767348000000,"ft_is_entry":true,"ft_order_tag":"","cost":197.090496},{"amount":540.0,"safe_price":0.3594,"ft_order_side":"sell","order_filled_timestamp":1767353400000,"ft_is_entry":false,"ft_order_tag":"stop_loss","cost":194.173038}],"funding_fees":0.0,"weekday":4},{"pair":"ADA/USDT:USDT","stake_amount":98.361,"max_stake_amount":98.361,"amount":540.0,"open_date":"2026-01-02 13:00:00+00:00","close_date":"2026-01-02 14:30:00+00:00","open_rate":0.3643,"close_rate":0.3671,"fee_open":0.0005,"fee_close":0.0005,"trade_duration":90,"profit_ratio":0.013357581434372027,"profit_abs":1.314522,"exit_reason":"trailing_stop_loss","initial_stop_loss_abs":0.3589,"initial_stop_loss_ratio":-0.03,"stop_loss_abs":0.3671,"stop_loss_ratio":-0.02,"min_rate":0.3606,"max_rate":0.3708,"is_open":false,"enter_tag":"","leverage":2,"is_short":false,"open_timestamp":1767358800000,"close_timestamp":1767364200000,"orders":[{"amount":540.0,"safe_price":0.3643,"ft_order_side":"buy","order_filled_timestamp":1767358800000,"ft_is_entry":true,"ft_order_tag":"","cost":196.820361},{"amount":540.0,"safe_price":0.3671,"ft_order_side":"sell","order_filled_timestamp":1767364200000,"ft_is_entry":false,"ft_order_tag":"trailing_stop_loss","cost":198.33311699999996}],"funding_fees":0.0,"weekday":4},{"pair":"ADA/USDT:USDT","stake_amount":99.387,"max_stake_amount":99.387,"amount":540.0,"open_date":"2026-01-02 15:00:00+00:00","close_date":"2026-01-02 15:30:00+00:00","open_rate":0.3681,"close_rate":0.3709,"fee_open":0.0005,"fee_close":0.0005,"trade_duration":30,"profit_ratio":0.013199051112857046,"profit_abs":1.31247,"exit_reason":"trailing_stop_loss","initial_stop_loss_abs":0.3626,"initial_stop_loss_ratio":-0.03,"stop_loss_abs":0.3709,"stop_loss_ratio":-0.02,"min_rate":0.3649,"max_rate":0.3746,"is_open":false,"enter_tag":"","leverage":2,"is_short":false,"open_timestamp":1767366000000,"close_timestamp":1767367800000,"orders":[{"amount":540.0,"safe_price":0.3681,"ft_order_side":"buy","order_filled_timestamp":1767366000000,"ft_is_entry":true,"ft_order_tag":"","cost":198.87338699999998},{"amount":540.0,"safe_price":0.3709,"ft_order_side":"sell","order_filled_timestamp":1767367800000,"ft_is_entry":false,"ft_order_tag":"trailing_stop_loss","cost":200.386143}],"funding_fees":0.0,"weekday":4},{"pair":"ADA/USDT:USDT","stake_amount":98.4475,"max_stake_amount":98.4475,"amount":530.0,"open_date":"2026-01-02 16:00:00+00:00","close_date":"2026-01-02 16:00:00+00:00","open_rate":0.3715,"close_rate":0.37893,"fee_open":0.0005,"fee_close":0.0005,"trade_duration":0,"profit_ratio":0.037761173249176216,"profit_abs":3.71935185,"exit_reason":"trailing_stop_loss","initial_stop_loss_abs":0.366,"initial_stop_loss_ratio":-0.03,"stop_loss_abs":0.3768,"stop_loss_ratio":-0.02,"min_rate":0.3714,"max_rate":0.3806,"is_open":false,"enter_tag":"","leverage":2,"is_short":false,"open_timestamp":1767369600000,"close_timestamp":1767369600000,"orders":[{"amount":530.0,"safe_price":0.3715,"ft_order_side":"buy","order_filled_timestamp":1767369600000,"ft_is_entry":true,"ft_order_tag":"","cost":196.9934475},{"amount":530.0,"safe_price":0.37893,"ft_order_side":"sell","order_filled_timestamp":1767369600000,"ft_is_entry":false,"ft_order_tag":"trailing_stop_loss","cost":200.93331644999998}],"funding_fees":-0.0196842,"weekday":4},{"pair":"ADA/USDT:USDT","stake_amount":98.7105,"max_stake_amount":98.7105,"amount":490.0,"open_date":"2026-01-04 10:00:00+00:00","close_date":"2026-01-04 14:30:00+00:00","open_rate":0.4029,"close_rate":0.3969,"fee_open":0.0005,"fee_close":0.0005,"trade_duration":270,"profit_ratio":-0.0317532968437598,"profit_abs":-3.135951,"exit_reason":"stop_loss","initial_stop_loss_abs":0.3969,"initial_stop_loss_ratio":-0.03,"stop_loss_abs":0.3969,"stop_loss_ratio":-0.03,"min_rate":0.3958,"max_rate":0.4053,"is_open":false,"enter_tag":"","leverage":2,"is_short":false,"open_timestamp":1767520800000,"close_timestamp":1767537000000,"orders":[{"amount":490.0,"safe_price":0.4029,"ft_order_side":"buy","order_filled_timestamp":1767520800000,"ft_is_entry":true,"ft_order_tag":"","cost":197.51971049999997},{"amount":490.0,"safe_price":0.3969,"ft_order_side":"sell","order_filled_timestamp":1767537000000,"ft_is_entry":false,"ft_order_tag":"stop_loss","cost":194.5782405}],"funding_fees":0.0,"weekday":6},{"pair":"ADA/USDT:USDT","stake_amount":99.6165,"max_stake_amount":99.6165,"amount":470.0,"open_date":"2026-01-06 01:00:00+00:00","close_date":"2026-01-06 07:00:00+00:00","open_rate":0.4239,"close_rate":0.4176,"fee_open":0.0005,"fee_close":0.0005,"trade_duration":360,"profit_ratio":-0.03169328287024216,"profit_abs":-3.1587525,"exit_reason":"stop_loss","initial_stop_loss_abs":0.4176,"initial_stop_loss_ratio":-0.03,"stop_loss_abs":0.4176,"stop_loss_ratio":-0.03,"min_rate":0.4166,"max_rate":0.4306,"is_open":false,"enter_tag":"","leverage":2,"is_short":false,"open_timestamp":1767661200000,"close_timestamp":1767682800000,"orders":[{"amount":470.0,"safe_price":0.4239,"ft_order_side":"buy","order_filled_timestamp":1767661200000,"ft_is_entry":true,"ft_order_tag":"","cost":199.3326165},{"amount":470.0,"safe_price":0.4176,"ft_order_side":"sell","order_filled_timestamp":1767682800000,"ft_is_entry":false,"ft_order_tag":"stop_loss","cost":196.370136}],"funding_fees":0.0,"weekday":1},{"pair":"ADA/USDT:USDT","stake_amount":98.601,"max_stake_amount":98.601,"amount":460.0,"open_date":"2026-01-06 15:30:00+00:00","close_date":"2026-01-06 15:30:00+00:00","open_rate":0.4287,"close_rate":0.4223,"fee_open":0.0005,"fee_close":0.0005,"trade_duration":0,"profit_ratio":-0.03182686706565076,"profit_abs":-3.13973,"exit_reason":"stop_loss","initial_stop_loss_abs":0.4223,"initial_stop_loss_ratio":-0.03,"stop_loss_abs":0.4223,"stop_loss_ratio":-0.03,"min_rate":0.4172,"max_rate":0.4291,"is_open":false,"enter_tag":"","leverage":2,"is_short":false,"open_timestamp":1767713400000,"close_timestamp":1767713400000,"orders":[{"amount":460.0,"safe_price":0.4287,"ft_order_side":"buy","order_filled_timestamp":1767713400000,"ft_is_entry":true,"ft_order_tag":"","cost":197.300601},{"amount":460.0,"safe_price":0.4223,"ft_order_side":"sell","order_filled_timestamp":1767713400000,"ft_is_entry":false,"ft_order_tag":"stop_loss","cost":194.355129}],"funding_fees":0.0,"weekday":1},{"pair":"ADA/USDT:USDT","stake_amount":99.47,"max_stake_amount":99.47,"amount":490.0,"open_date":"2026-01-13 16:00:00+00:00","close_date":"2026-01-13 22:00:00+00:00","open_rate":0.406,"close_rate":0.41859229614807403,"fee_open":0.0005,"fee_close":0.0005,"trade_duration":360,"profit_ratio":0.05977016417899425,"profit_abs":5.9483109,"exit_reason":"roi","initial_stop_loss_abs":0.4,"initial_stop_loss_ratio":-0.03,"stop_loss_abs":0.421,"stop_loss_ratio":-0.02,"min_rate":0.4049,"max_rate":0.4252,"is_open":false,"enter_tag":"","leverage":2,"is_short":false,"open_timestamp":1768320000000,"close_timestamp":1768341600000,"orders":[{"amount":490.0,"safe_price":0.406,"ft_order_side":"buy","order_filled_timestamp":1768320000000,"ft_is_entry":true,"ft_order_tag":"","cost":199.03947000000002},{"amount":490.0,"safe_price":0.41859229614807403,"ft_order_side":"sell","order_filled_timestamp":1768341600000,"ft_is_entry":false,"ft_order_tag":"roi","cost":205.21278022511254}],"funding_fees":-0.0198891,"weekday":1},{"pair":"ADA/USDT:USDT","stake_amount":99.922,"max_stake_amount":99.922,"amount":470.0,"open_date":"2026-01-14 07:00:00+00:00","close_date":"2026-01-14 10:00:00+00:00","open_rate":0.4252,"close_rate":0.4189,"fee_open":0.0005,"fee_close":0.0005,"trade_duration":180,"profit_ratio":-0.03180169087610475,"profit_abs":-3.1792774,"exit_reason":"stop_loss","initial_stop_loss_abs":0.4189,"initial_stop_loss_ratio":-0.03,"stop_loss_abs":0.4189,"stop_loss_ratio":-0.03,"min_rate":0.4176,"max_rate":0.427,"is_open":false,"enter_tag":"","leverage":2,"is_short":false,"open_timestamp":1768374000000,"close_timestamp":1768384800000,"orders":[{"amount":470.0,"safe_price":0.4252,"ft_order_side":"buy","order_filled_timestamp":1768374000000,"ft_is_entry":true,"ft_order_tag":"","cost":199.94392200000001},{"amount":470.0,"safe_price":0.4189,"ft_order_side":"sell","order_filled_timestamp":1768384800000,"ft_is_entry":false,"ft_order_tag":"stop_loss","cost":196.9814415}],"funding_fees":-0.019913900000000002,"weekday":2},{"pair":"ADA/USDT:USDT","stake_amount":99.495,"max_stake_amount":99.495,"amount":550.0,"open_date":"2026-01-28 13:30:00+00:00","close_date":"2026-01-28 15:00:00+00:00","open_rate":0.3618,"close_rate":0.3564,"fee_open":0.0005,"fee_close":0.0005,"trade_duration":90,"profit_ratio":-0.03181991094005236,"profit_abs":-3.167505,"exit_reason":"stop_loss","initial_stop_loss_abs":0.3564,"initial_stop_loss_ratio":-0.03,"stop_loss_abs":0.3564,"stop_loss_ratio":-0.03,"min_rate":0.3543,"max_rate":0.3633,"is_open":false,"enter_tag":"","leverage":2,"is_short":false,"open_timestamp":1769607000000,"close_timestamp":1769612400000,"orders":[{"amount":550.0,"safe_price":0.3618,"ft_order_side":"buy","order_filled_timestamp":1769607000000,"ft_is_entry":true,"ft_order_tag":"","cost":199.089495},{"amount":550.0,"safe_price":0.3564,"ft_order_side":"sell","order_filled_timestamp":1769612400000,"ft_is_entry":false,"ft_order_tag":"stop_loss","cost":196.11801}],"funding_fees":0.0,"weekday":2},{"pair":"ADA/USDT:USDT","stake_amount":99.5355,"max_stake_amount":99.5355,"amount":730.0,"open_date":"2026-02-13 19:30:00+00:00","close_date":"2026-02-14 01:00:00+00:00","open_rate":0.2727,"close_rate":0.2745,"fee_open":0.0005,"fee_close":0.0005,"trade_duration":330,"profit_ratio":0.010989224859517435,"profit_abs":1.0943649,"exit_reason":"trailing_stop_loss","initial_stop_loss_abs":0.2687,"initial_stop_loss_ratio":-0.03,"stop_loss_abs":0.2745,"stop_loss_ratio":-0.02,"min_rate":0.2713,"max_rate":0.2772,"is_open":false,"enter_tag":"","leverage":2,"is_short":false,"open_timestamp":1771011000000,"close_timestamp":1771030800000,"orders":[{"amount":730.0,"safe_price":0.2727,"ft_order_side":"buy","order_filled_timestamp":1771011000000,"ft_is_entry":true,"ft_order_tag":"","cost":199.1705355},{"amount":730.0,"safe_price":0.2745,"ft_order_side":"sell","order_filled_timestamp":1771030800000,"ft_is_entry":false,"ft_order_tag":"trailing_stop_loss","cost":200.4851925}],"funding_fees":-0.0199071,"weekday":5},{"pair":"ADA/USDT:USDT","stake_amount":99.468,"max_stake_amount":99.468,"amount":720.0,"open_date":"2026-02-14 01:30:00+00:00","close_date":"2026-02-14 11:00:00+00:00","open_rate":0.2763,"close_rate":0.2814,"fee_open":0.0005,"fee_close":0.0005,"trade_duration":570,"profit_ratio":0.034681103169009055,"profit_abs":3.4513848,"exit_reason":"trailing_stop_loss","initial_stop_loss_abs":0.2722,"initial_stop_loss_ratio":-0.03,"stop_loss_abs":0.2814,"stop_loss_ratio":-0.02,"min_rate":0.2737,"max_rate":0.2842,"is_open":false,"enter_tag":"","leverage":2,"is_short":false,"open_timestamp":1771032600000,"close_timestamp":1771066800000,"orders":[{"amount":720.0,"safe_price":0.2763,"ft_order_side":"buy","order_filled_timestamp":1771032600000,"ft_is_entry":true,"ft_order_tag":"","cost":199.03546799999998},{"amount":720.0,"safe_price":0.2814,"ft_order_side":"sell","order_filled_timestamp":1771066800000,"ft_is_entry":false,"ft_order_tag":"trailing_stop_loss","cost":202.70930399999997}],"funding_fees":-0.019843200000000002,"weekday":5},{"pair":"ADA/USDT:USDT","stake_amount":98.945,"max_stake_amount":98.945,"amount":700.0,"open_date":"2026-02-14 11:30:00+00:00","close_date":"2026-02-14 16:30:00+00:00","open_rate":0.2827,"close_rate":0.2879,"fee_open":0.0005,"fee_close":0.0005,"trade_duration":300,"profit_ratio":0.03455011086603851,"profit_abs":3.42027,"exit_reason":"trailing_stop_loss","initial_stop_loss_abs":0.2785,"initial_stop_loss_ratio":-0.03,"stop_loss_abs":0.2879,"stop_loss_ratio":-0.02,"min_rate":0.2803,"max_rate":0.2908,"is_open":false,"enter_tag":"","leverage":2,"is_short":false,"open_timestamp":1771068600000,"close_timestamp":1771086600000,"orders":[{"amount":700.0,"safe_price":0.2827,"ft_order_side":"buy","order_filled_timestamp":1771068600000,"ft_is_entry":true,"ft_order_tag":"","cost":197.988945},{"amount":700.0,"safe_price":0.2879,"ft_order_side":"sell","order_filled_timestamp":1771086600000,"ft_is_entry":false,"ft_order_tag":"trailing_stop_loss","cost":201.630765}],"funding_fees":-0.02002,"weekday":5},{"pair":"ADA/USDT:USDT","stake_amount":99.8775,"max_stake_amount":99.8775,"amount":690.0,"open_date":"2026-02-14 17:00:00+00:00","close_date":"2026-02-14 19:00:00+00:00","open_rate":0.2895,"close_rate":0.2927,"fee_open":0.0005,"fee_close":0.0005,"trade_duration":120,"profit_ratio":0.0200859846415307,"profit_abs":2.007141,"exit_reason":"trailing_stop_loss","initial_stop_loss_abs":0.2852,"initial_stop_loss_ratio":-0.03,"stop_loss_abs":0.2927,"stop_loss_ratio":-0.02,"min_rate":0.2889,"max_rate":0.2956,"is_open":false,"enter_tag":"","leverage":2,"is_short":false,"open_timestamp":1771088400000,"close_timestamp":1771095600000,"orders":[{"amount":690.0,"safe_price":0.2895,"ft_order_side":"buy","order_filled_timestamp":1771088400000,"ft_is_entry":true,"ft_order_tag":"","cost":199.8548775},{"amount":690.0,"safe_price":0.2927,"ft_order_side":"sell","order_filled_timestamp":1771095600000,"ft_is_entry":false,"ft_order_tag":"trailing_stop_loss","cost":202.0639815}],"funding_fees":0.0,"weekday":5},{"pair":"ADA/USDT:USDT","stake_amount":98.557,"max_stake_amount":98.557,"amount":670.0,"open_date":"2026-02-14 19:30:00+00:00","close_date":"2026-02-14 20:00:00+00:00","open_rate":0.2942,"close_rate":0.2967,"fee_open":0.0005,"fee_close":0.0005,"trade_duration":30,"profit_ratio":0.014979254084718348,"profit_abs":1.4770485,"exit_reason":"trailing_stop_loss","initial_stop_loss_abs":0.2898,"initial_stop_loss_ratio":-0.03,"stop_loss_abs":0.2967,"stop_loss_ratio":-0.02,"min_rate":0.2941,"max_rate":0.3001,"is_open":false,"enter_tag":"","leverage":2,"is_short":false,"open_timestamp":1771097400000,"close_timestamp":1771099200000,"orders":[{"amount":670.0,"safe_price":0.2942,"ft_order_side":"buy","order_filled_timestamp":1771097400000,"ft_is_entry":true,"ft_order_tag":"","cost":197.212557},{"amount":670.0,"safe_price":0.2967,"ft_order_side":"sell","order_filled_timestamp":1771099200000,"ft_is_entry":false,"ft_order_tag":"trailing_stop_loss","cost":198.8883945}],"funding_fees":0.0,"weekday":5},{"pair":"ADA/USDT:USDT","stake_amount":99.5285,"max_stake_amount":99.5285,"amount":670.0,"open_date":"2026-02-15 04:00:00+00:00","close_date":"2026-02-15 10:00:00+00:00","open_rate":0.2971,"close_rate":0.2927,"fee_open":0.0005,"fee_close":0.0005,"trade_duration":360,"profit_ratio":-0.03178542379543435,"profit_abs":-3.16513733,"exit_reason":"stop_loss","initial_stop_loss_abs":0.2927,"initial_stop_loss_ratio":-0.03,"stop_loss_abs":0.2927,"stop_loss_ratio":-0.03,"min_rate":0.2912,"max_rate":0.3017,"is_open":false,"enter_tag":"","leverage":2,"is_short":false,"open_timestamp":1771128000000,"close_timestamp":1771149600000,"orders":[{"amount":670.0,"safe_price":0.2971,"ft_order_side":"buy","order_filled_timestamp":1771128000000,"ft_is_entry":true,"ft_order_tag":"","cost":199.15652849999998},{"amount":670.0,"safe_price":0.2927,"ft_order_side":"sell","order_filled_timestamp":1771149600000,"ft_is_entry":false,"ft_order_tag":"stop_loss","cost":196.2070545}],"funding_fees":-0.019554331901988558,"weekday":6}],"locks":[],"best_pair":{"key":"ADA/USDT:USDT","trades":29,"profit_mean":-0.0011714188468620534,"profit_mean_pct":-0.12,"profit_total_abs":-3.30746622,"profit_total":-0.0033074662199999998,"profit_total_pct":-0.33,"duration_avg":"3:16:00","wins":16,"draws":0,"losses":13,"winrate":0.5517241379310345,"cagr":-0.013962376674273358,"expectancy":-0.11405055931034447,"expectancy_ratio":-0.03623777584262078,"sortino":-32.531571382583465,"sharpe":-0.25081171650144723,"calmar":-6.338184349982369,"sqn":-0.206,"profit_factor":0.9191618846587689,"max_drawdown_account":0.011592538089999948,"max_drawdown_abs":11.59253809},"worst_pair":{"key":"ADA/USDT:USDT","trades":29,"profit_mean":-0.0011714188468620534,"profit_mean_pct":-0.12,"profit_total_abs":-3.30746622,"profit_total":-0.0033074662199999998,"profit_total_pct":-0.33,"duration_avg":"3:16:00","wins":16,"draws":0,"losses":13,"winrate":0.5517241379310345,"cagr":-0.013962376674273358,"expectancy":-0.11405055931034447,"expectancy_ratio":-0.03623777584262078,"sortino":-32.531571382583465,"sharpe":-0.25081171650144723,"calmar":-6.338184349982369,"sqn":-0.206,"profit_factor":0.9191618846587689,"max_drawdown_account":0.011592538089999948,"max_drawdown_abs":11.59253809},"results_per_pair":[{"key":"ADA/USDT:USDT","trades":29,"profit_mean":-0.0011714188468620534,"profit_mean_pct":-0.12,"profit_total_abs":-3.30746622,"profit_total":-0.0033074662199999998,"profit_total_pct":-0.33,"duration_avg":"3:16:00","wins":16,"draws":0,"losses":13,"winrate":0.5517241379310345,"cagr":-0.013962376674273358,"expectancy":-0.11405055931034447,"expectancy_ratio":-0.03623777584262078,"sortino":-32.531571382583465,"sharpe":-0.25081171650144723,"calmar":-6.338184349982369,"sqn":-0.206,"profit_factor":0.9191618846587689,"max_drawdown_account":0.011592538089999948,"max_drawdown_abs":11.59253809},{"key":"TOTAL","trades":29,"profit_mean":-0.0011714188468620534,"profit_mean_pct":-0.12,"profit_total_abs":-3.30746622,"profit_total":-0.0033074662199999998,"profit_total_pct":-0.33,"duration_avg":"3:16:00","wins":16,"draws":0,"losses":13,"winrate":0.5517241379310345,"cagr":-0.013962376674273358,"expectancy":-0.11405055931034447,"expectancy_ratio":-0.03623777584262078,"sortino":-32.531571382583465,"sharpe":-0.25081171650144723,"calmar":-6.338184349982369,"sqn":-0.206,"profit_factor":0.9191618846587689,"max_drawdown_account":0.011592538089999948,"max_drawdown_abs":11.59253809}],"results_per_enter_tag":[{"key":"","trades":29,"profit_mean":-0.0011714188468620534,"profit_mean_pct":-0.12,"profit_total_abs":-3.30746622,"profit_total":-0.0033074662199999998,"profit_total_pct":-0.33,"duration_avg":"3:16:00","wins":16,"draws":0,"losses":13,"winrate":0.5517241379310345,"cagr":-0.013962376674273358,"expectancy":-0.11405055931034447,"expectancy_ratio":-0.03623777584262078,"sortino":-32.531571382583465,"sharpe":-0.25081171650144723,"calmar":-6.338184349982369,"sqn":-0.206,"profit_factor":0.9191618846587689,"max_drawdown_account":0.011592538089999948,"max_drawdown_abs":11.59253809},{"key":"TOTAL","trades":29,"profit_mean":-0.0011714188468620534,"profit_mean_pct":-0.12,"profit_total_abs":-3.30746622,"profit_total":-0.0033074662199999998,"profit_total_pct":-0.33,"duration_avg":"3:16:00","wins":16,"draws":0,"losses":13,"winrate":0.5517241379310345,"cagr":-0.013962376674273358,"expectancy":-0.11405055931034447,"expectancy_ratio":-0.03623777584262078,"sortino":-32.531571382583465,"sharpe":-0.25081171650144723,"calmar":-6.338184349982369,"sqn":-0.206,"profit_factor":0.9191618846587689,"max_drawdown_account":0.011592538089999948,"max_drawdown_abs":11.59253809}],"exit_reason_summary":[{"key":"trailing_stop_loss","trades":15,"profit_mean":0.02130882844888091,"profit_mean_pct":2.13,"profit_total_abs":31.658910289999994,"profit_total":0.031658910289999995,"profit_total_pct":3.17,"duration_avg":"2:10:00","wins":15,"draws":0,"losses":0,"winrate":1.0,"cagr":0.14143154000947722,"expectancy":2.110594019333333,"expectancy_ratio":100.0,"sortino":-100,"sharpe":6.371177266536349,"calmar":-100,"sqn":7.1539,"profit_factor":0.0,"max_drawdown_account":0.0,"max_drawdown_abs":0.0},{"key":"roi","trades":1,"profit_mean":0.05977016417899425,"profit_mean_pct":5.98,"profit_total_abs":5.9483109,"profit_total":0.0059483109,"profit_total_pct":0.59,"duration_avg":"6:00:00","wins":1,"draws":0,"losses":0,"winrate":1.0,"cagr":0.02549041292398635,"expectancy":5.9483109,"expectancy_ratio":100.0,"sortino":-100,"sharpe":-100,"calmar":-100,"sqn":-100.0,"profit_factor":0.0,"max_drawdown_account":0.0,"max_drawdown_abs":0.0},{"key":"stop_loss","trades":13,"profit_mean":-0.031797979805477494,"profit_mean_pct":-3.18,"profit_total_abs":-40.91468741,"profit_total":-0.04091468741,"profit_total_pct":-4.09,"duration_avg":"4:18:00","wins":0,"draws":0,"losses":13,"winrate":0.0,"cagr":-0.1624731240469265,"expectancy":-3.1472836469230767,"expectancy_ratio":-1.0,"sortino":-402.4286222564969,"sharpe":-402.4286222564969,"calmar":-22.215085086677703,"sqn":-482.7121,"profit_factor":0.0,"max_drawdown_account":0.04091468740999994,"max_drawdown_abs":40.91468741},{"key":"TOTAL","trades":29,"profit_mean":-0.0011714188468620534,"profit_mean_pct":-0.12,"profit_total_abs":-3.30746622,"profit_total":-0.0033074662199999998,"profit_total_pct":-0.33,"duration_avg":"3:16:00","wins":16,"draws":0,"losses":13,"winrate":0.5517241379310345,"cagr":-0.013962376674273358,"expectancy":-0.11405055931034447,"expectancy_ratio":-0.03623777584262078,"sortino":-32.531571382583465,"sharpe":-0.25081171650144723,"calmar":-6.338184349982369,"sqn":-0.206,"profit_factor":0.9191618846587689,"max_drawdown_account":0.011592538089999948,"max_drawdown_abs":11.59253809}],"mix_tag_stats":[{"key":["","trailing_stop_loss"],"trades":15,"profit_mean":0.02130882844888091,"profit_mean_pct":2.13,"profit_total_abs":31.658910289999994,"profit_total":0.031658910289999995,"profit_total_pct":3.17,"duration_avg":"2:10:00","wins":15,"draws":0,"losses":0,"winrate":1.0,"cagr":0.14143154000947722,"expectancy":2.110594019333333,"expectancy_ratio":100.0,"sortino":-100,"sharpe":6.371177266536349,"calmar":-100,"sqn":7.1539,"profit_factor":0.0,"max_drawdown_account":0.0,"max_drawdown_abs":0.0},{"key":["","roi"],"trades":1,"profit_mean":0.05977016417899425,"profit_mean_pct":5.98,"profit_total_abs":5.9483109,"profit_total":0.0059483109,"profit_total_pct":0.59,"duration_avg":"6:00:00","wins":1,"draws":0,"losses":0,"winrate":1.0,"cagr":0.02549041292398635,"expectancy":5.9483109,"expectancy_ratio":100.0,"sortino":-100,"sharpe":-100,"calmar":-100,"sqn":-100.0,"profit_factor":0.0,"max_drawdown_account":0.0,"max_drawdown_abs":0.0},{"key":["","stop_loss"],"trades":13,"profit_mean":-0.031797979805477494,"profit_mean_pct":-3.18,"profit_total_abs":-40.91468741,"profit_total":-0.04091468741,"profit_total_pct":-4.09,"duration_avg":"4:18:00","wins":0,"draws":0,"losses":13,"winrate":0.0,"cagr":-0.1624731240469265,"expectancy":-3.1472836469230767,"expectancy_ratio":-1.0,"sortino":-402.4286222564969,"sharpe":-402.4286222564969,"calmar":-22.215085086677703,"sqn":-482.7121,"profit_factor":0.0,"max_drawdown_account":0.04091468740999994,"max_drawdown_abs":40.91468741},{"key":"TOTAL","trades":29,"profit_mean":-0.0011714188468620534,"profit_mean_pct":-0.12,"profit_total_abs":-3.30746622,"profit_total":-0.0033074662199999998,"profit_total_pct":-0.33,"duration_avg":"3:16:00","wins":16,"draws":0,"losses":13,"winrate":0.5517241379310345,"cagr":-0.013962376674273358,"expectancy":-0.11405055931034447,"expectancy_ratio":-0.03623777584262078,"sortino":-32.531571382583465,"sharpe":-0.25081171650144723,"calmar":-6.338184349982369,"sqn":-0.206,"profit_factor":0.9191618846587689,"max_drawdown_account":0.011592538089999948,"max_drawdown_abs":11.59253809}],"left_open_trades":[{"key":"TOTAL","trades":0,"profit_mean":0.0,"profit_mean_pct":0.0,"profit_total_abs":0.0,"profit_total":0.0,"profit_total_pct":0.0,"duration_avg":"0:00","wins":0,"draws":0,"losses":0,"winrate":0.0,"cagr":0.0,"expectancy":0.0,"expectancy_ratio":100.0,"sortino":0,"sharpe":0,"calmar":0,"sqn":0.0,"profit_factor":0.0,"max_drawdown_account":0.0,"max_drawdown_abs":0.0}],"total_trades":29,"trade_count_long":29,"trade_count_short":0,"total_volume":11491.124235885112,"avg_stake_amount":98.98936206896552,"profit_mean":-0.0011714188468620534,"profit_median":0.010989224859517435,"profit_total":-0.0033074662199999998,"profit_total_long":-0.0033074662199999998,"profit_total_short":0.0,"profit_total_abs":-3.30746622,"profit_total_long_abs":-3.30746622,"profit_total_short_abs":0.0,"cagr":-0.013962376674273358,"expectancy":-0.11405055931034447,"expectancy_ratio":-0.03623777584262078,"sortino":-32.531571382583465,"sharpe":-0.25081171650144723,"calmar":-6.338184349982369,"sqn":-0.206,"profit_factor":0.9191618846587689,"backtest_start":"2025-11-28 04:00:00","backtest_start_ts":1764302400000,"backtest_end":"2026-02-22 04:00:00","backtest_end_ts":1771732800000,"backtest_days":86,"backtest_run_start_ts":1771816691,"backtest_run_end_ts":1771816692,"trades_per_day":0.34,"market_change":-0.34954193093727987,"pairlist":["ADA/USDT:USDT"],"stake_amount":100.0,"stake_currency":"USDT","stake_currency_decimals":3,"starting_balance":1000,"dry_run_wallet":1000,"final_balance":996.69253378,"rejected_signals":0,"timedout_entry_orders":0,"timedout_exit_orders":2,"canceled_trade_entries":0,"canceled_entry_orders":0,"replaced_entry_orders":0,"max_open_trades":1,"max_open_trades_setting":1,"timeframe":"30m","timeframe_detail":"","timerange":"20251125-20260223","enable_protections":false,"strategy_name":"SupertrendFuturesStrategyV8_1","freqaimodel":null,"freqai_identifier":null,"stoploss":-0.03,"trailing_stop":true,"trailing_stop_positive":0.02,"trailing_stop_positive_offset":0.03,"trailing_only_offset_is_reached":true,"use_custom_stoploss":false,"minimal_roi":{"0":0.06},"use_exit_signal":true,"exit_profit_only":false,"exit_profit_offset":0.0,"ignore_roi_if_entry_signal":false,"trading_mode":"futures","margin_mode":"isolated","periodic_breakdown":{"day":[{"date":"30/11/2025","date_ts":1764460800000,"profit_abs":-3.138994,"wins":0,"draws":0,"losses":1,"trades":1,"profit_factor":0.0},{"date":"01/12/2025","date_ts":1764547200000,"profit_abs":0.0,"wins":0,"draws":0,"losses":0,"trades":0,"profit_factor":0.0},{"date":"02/12/2025","date_ts":1764633600000,"profit_abs":0.0,"wins":0,"draws":0,"losses":0,"trades":0,"profit_factor":0.0},{"date":"03/12/2025","date_ts":1764720000000,"profit_abs":-1.24520079,"wins":1,"draws":0,"losses":1,"trades":2,"profit_factor":0.60053303},{"date":"04/12/2025","date_ts":1764806400000,"profit_abs":-3.163204,"wins":0,"draws":0,"losses":1,"trades":1,"profit_factor":0.0},{"date":"05/12/2025","date_ts":1764892800000,"profit_abs":0.0,"wins":0,"draws":0,"losses":0,"trades":0,"profit_factor":0.0},{"date":"06/12/2025","date_ts":1764979200000,"profit_abs":0.0,"wins":0,"draws":0,"losses":0,"trades":0,"profit_factor":0.0},{"date":"07/12/2025","date_ts":1765065600000,"profit_abs":0.0,"wins":0,"draws":0,"losses":0,"trades":0,"profit_factor":0.0},{"date":"08/12/2025","date_ts":1765152000000,"profit_abs":0.0,"wins":0,"draws":0,"losses":0,"trades":0,"profit_factor":0.0},{"date":"09/12/2025","date_ts":1765238400000,"profit_abs":3.77171784,"wins":1,"draws":0,"losses":0,"trades":1,"profit_factor":0.0},{"date":"10/12/2025","date_ts":1765324800000,"profit_abs":0.0,"wins":0,"draws":0,"losses":0,"trades":0,"profit_factor":0.0},{"date":"11/12/2025","date_ts":1765411200000,"profit_abs":0.0,"wins":0,"draws":0,"losses":0,"trades":0,"profit_factor":0.0},{"date":"12/12/2025","date_ts":1765497600000,"profit_abs":0.0,"wins":0,"draws":0,"losses":0,"trades":0,"profit_factor":0.0},{"date":"13/12/2025","date_ts":1765584000000,"profit_abs":0.0,"wins":0,"draws":0,"losses":0,"trades":0,"profit_factor":0.0},{"date":"14/12/2025","date_ts":1765670400000,"profit_abs":0.0,"wins":0,"draws":0,"losses":0,"trades":0,"profit_factor":0.0},{"date":"15/12/2025","date_ts":1765756800000,"profit_abs":0.0,"wins":0,"draws":0,"losses":0,"trades":0,"profit_factor":0.0},{"date":"16/12/2025","date_ts":1765843200000,"profit_abs":0.0,"wins":0,"draws":0,"losses":0,"trades":0,"profit_factor":0.0},{"date":"17/12/2025","date_ts":1765929600000,"profit_abs":0.0,"wins":0,"draws":0,"losses":0,"trades":0,"profit_factor":0.0},{"date":"18/12/2025","date_ts":1766016000000,"profit_abs":0.0,"wins":0,"draws":0,"losses":0,"trades":0,"profit_factor":0.0},{"date":"19/12/2025","date_ts":1766102400000,"profit_abs":0.0,"wins":0,"draws":0,"losses":0,"trades":0,"profit_factor":0.0},{"date":"20/12/2025","date_ts":1766188800000,"profit_abs":-3.10908339,"wins":0,"draws":0,"losses":1,"trades":1,"profit_factor":0.0},{"date":"21/12/2025","date_ts":1766275200000,"profit_abs":0.0,"wins":0,"draws":0,"losses":0,"trades":0,"profit_factor":0.0},{"date":"22/12/2025","date_ts":1766361600000,"profit_abs":0.0,"wins":0,"draws":0,"losses":0,"trades":0,"profit_factor":0.0},{"date":"23/12/2025","date_ts":1766448000000,"profit_abs":0.0,"wins":0,"draws":0,"losses":0,"trades":0,"profit_factor":0.0},{"date":"24/12/2025","date_ts":1766534400000,"profit_abs":0.0,"wins":0,"draws":0,"losses":0,"trades":0,"profit_factor":0.0},{"date":"25/12/2025","date_ts":1766620800000,"profit_abs":0.0,"wins":0,"draws":0,"losses":0,"trades":0,"profit_factor":0.0},{"date":"26/12/2025","date_ts":1766707200000,"profit_abs":0.0,"wins":0,"draws":0,"losses":0,"trades":0,"profit_factor":0.0},{"date":"27/12/2025","date_ts":1766793600000,"profit_abs":1.0657625,"wins":1,"draws":0,"losses":0,"trades":1,"profit_factor":0.0},{"date":"28/12/2025","date_ts":1766880000000,"profit_abs":1.1278665,"wins":1,"draws":0,"losses":0,"trades":1,"profit_factor":0.0},{"date":"29/12/2025","date_ts":1766966400000,"profit_abs":-0.88620255,"wins":2,"draws":0,"losses":1,"trades":3,"profit_factor":0.71961276},{"date":"30/12/2025","date_ts":1767052800000,"profit_abs":0.0,"wins":0,"draws":0,"losses":0,"trades":0,"profit_factor":0.0},{"date":"31/12/2025","date_ts":1767139200000,"profit_abs":0.0,"wins":0,"draws":0,"losses":0,"trades":0,"profit_factor":0.0},{"date":"01/01/2026","date_ts":1767225600000,"profit_abs":0.0,"wins":0,"draws":0,"losses":0,"trades":0,"profit_factor":0.0},{"date":"02/01/2026","date_ts":1767312000000,"profit_abs":3.8177048,"wins":4,"draws":0,"losses":2,"trades":6,"profit_factor":1.60798652},{"date":"03/01/2026","date_ts":1767398400000,"profit_abs":0.0,"wins":0,"draws":0,"losses":0,"trades":0,"profit_factor":0.0},{"date":"04/01/2026","date_ts":1767484800000,"profit_abs":-3.135951,"wins":0,"draws":0,"losses":1,"trades":1,"profit_factor":0.0},{"date":"05/01/2026","date_ts":1767571200000,"profit_abs":0.0,"wins":0,"draws":0,"losses":0,"trades":0,"profit_factor":0.0},{"date":"06/01/2026","date_ts":1767657600000,"profit_abs":-6.2984825,"wins":0,"draws":0,"losses":2,"trades":2,"profit_factor":0.0},{"date":"07/01/2026","date_ts":1767744000000,"profit_abs":0.0,"wins":0,"draws":0,"losses":0,"trades":0,"profit_factor":0.0},{"date":"08/01/2026","date_ts":1767830400000,"profit_abs":0.0,"wins":0,"draws":0,"losses":0,"trades":0,"profit_factor":0.0},{"date":"09/01/2026","date_ts":1767916800000,"profit_abs":0.0,"wins":0,"draws":0,"losses":0,"trades":0,"profit_factor":0.0},{"date":"10/01/2026","date_ts":1768003200000,"profit_abs":0.0,"wins":0,"draws":0,"losses":0,"trades":0,"profit_factor":0.0},{"date":"11/01/2026","date_ts":1768089600000,"profit_abs":0.0,"wins":0,"draws":0,"losses":0,"trades":0,"profit_factor":0.0},{"date":"12/01/2026","date_ts":1768176000000,"profit_abs":0.0,"wins":0,"draws":0,"losses":0,"trades":0,"profit_factor":0.0},{"date":"13/01/2026","date_ts":1768262400000,"profit_abs":5.9483109,"wins":1,"draws":0,"losses":0,"trades":1,"profit_factor":0.0},{"date":"14/01/2026","date_ts":1768348800000,"profit_abs":-3.1792774,"wins":0,"draws":0,"losses":1,"trades":1,"profit_factor":0.0},{"date":"15/01/2026","date_ts":1768435200000,"profit_abs":0.0,"wins":0,"draws":0,"losses":0,"trades":0,"profit_factor":0.0},{"date":"16/01/2026","date_ts":1768521600000,"profit_abs":0.0,"wins":0,"draws":0,"losses":0,"trades":0,"profit_factor":0.0},{"date":"17/01/2026","date_ts":1768608000000,"profit_abs":0.0,"wins":0,"draws":0,"losses":0,"trades":0,"profit_factor":0.0},{"date":"18/01/2026","date_ts":1768694400000,"profit_abs":0.0,"wins":0,"draws":0,"losses":0,"trades":0,"profit_factor":0.0},{"date":"19/01/2026","date_ts":1768780800000,"profit_abs":0.0,"wins":0,"draws":0,"losses":0,"trades":0,"profit_factor":0.0},{"date":"20/01/2026","date_ts":1768867200000,"profit_abs":0.0,"wins":0,"draws":0,"losses":0,"trades":0,"profit_factor":0.0},{"date":"21/01/2026","date_ts":1768953600000,"profit_abs":0.0,"wins":0,"draws":0,"losses":0,"trades":0,"profit_factor":0.0},{"date":"22/01/2026","date_ts":1769040000000,"profit_abs":0.0,"wins":0,"draws":0,"losses":0,"trades":0,"profit_factor":0.0},{"date":"23/01/2026","date_ts":1769126400000,"profit_abs":0.0,"wins":0,"draws":0,"losses":0,"trades":0,"profit_factor":0.0},{"date":"24/01/2026","date_ts":1769212800000,"profit_abs":0.0,"wins":0,"draws":0,"losses":0,"trades":0,"profit_factor":0.0},{"date":"25/01/2026","date_ts":1769299200000,"profit_abs":0.0,"wins":0,"draws":0,"losses":0,"trades":0,"profit_factor":0.0},{"date":"26/01/2026","date_ts":1769385600000,"profit_abs":0.0,"wins":0,"draws":0,"losses":0,"trades":0,"profit_factor":0.0},{"date":"27/01/2026","date_ts":1769472000000,"profit_abs":0.0,"wins":0,"draws":0,"losses":0,"trades":0,"profit_factor":0.0},{"date":"28/01/2026","date_ts":1769558400000,"profit_abs":-3.167505,"wins":0,"draws":0,"losses":1,"trades":1,"profit_factor":0.0},{"date":"29/01/2026","date_ts":1769644800000,"profit_abs":0.0,"wins":0,"draws":0,"losses":0,"trades":0,"profit_factor":0.0},{"date":"30/01/2026","date_ts":1769731200000,"profit_abs":0.0,"wins":0,"draws":0,"losses":0,"trades":0,"profit_factor":0.0},{"date":"31/01/2026","date_ts":1769817600000,"profit_abs":0.0,"wins":0,"draws":0,"losses":0,"trades":0,"profit_factor":0.0},{"date":"01/02/2026","date_ts":1769904000000,"profit_abs":0.0,"wins":0,"draws":0,"losses":0,"trades":0,"profit_factor":0.0},{"date":"02/02/2026","date_ts":1769990400000,"profit_abs":0.0,"wins":0,"draws":0,"losses":0,"trades":0,"profit_factor":0.0},{"date":"03/02/2026","date_ts":1770076800000,"profit_abs":0.0,"wins":0,"draws":0,"losses":0,"trades":0,"profit_factor":0.0},{"date":"04/02/2026","date_ts":1770163200000,"profit_abs":0.0,"wins":0,"draws":0,"losses":0,"trades":0,"profit_factor":0.0},{"date":"05/02/2026","date_ts":1770249600000,"profit_abs":0.0,"wins":0,"draws":0,"losses":0,"trades":0,"profit_factor":0.0},{"date":"06/02/2026","date_ts":1770336000000,"profit_abs":0.0,"wins":0,"draws":0,"losses":0,"trades":0,"profit_factor":0.0},{"date":"07/02/2026","date_ts":1770422400000,"profit_abs":0.0,"wins":0,"draws":0,"losses":0,"trades":0,"profit_factor":0.0},{"date":"08/02/2026","date_ts":1770508800000,"profit_abs":0.0,"wins":0,"draws":0,"losses":0,"trades":0,"profit_factor":0.0},{"date":"09/02/2026","date_ts":1770595200000,"profit_abs":0.0,"wins":0,"draws":0,"losses":0,"trades":0,"profit_factor":0.0},{"date":"10/02/2026","date_ts":1770681600000,"profit_abs":0.0,"wins":0,"draws":0,"losses":0,"trades":0,"profit_factor":0.0},{"date":"11/02/2026","date_ts":1770768000000,"profit_abs":0.0,"wins":0,"draws":0,"losses":0,"trades":0,"profit_factor":0.0},{"date":"12/02/2026","date_ts":1770854400000,"profit_abs":0.0,"wins":0,"draws":0,"losses":0,"trades":0,"profit_factor":0.0},{"date":"13/02/2026","date_ts":1770940800000,"profit_abs":0.0,"wins":0,"draws":0,"losses":0,"trades":0,"profit_factor":0.0},{"date":"14/02/2026","date_ts":1771027200000,"profit_abs":11.4502092,"wins":5,"draws":0,"losses":0,"trades":5,"profit_factor":0.0},{"date":"15/02/2026","date_ts":1771113600000,"profit_abs":-3.16513733,"wins":0,"draws":0,"losses":1,"trades":1,"profit_factor":0.0}],"week":[{"date":"01/12/2025","date_ts":1764547200000,"profit_abs":-3.138994,"wins":0,"draws":0,"losses":1,"trades":1,"profit_factor":0.0},{"date":"08/12/2025","date_ts":1765152000000,"profit_abs":-4.40840479,"wins":1,"draws":0,"losses":2,"trades":3,"profit_factor":0.29806493},{"date":"15/12/2025","date_ts":1765756800000,"profit_abs":3.77171784,"wins":1,"draws":0,"losses":0,"trades":1,"profit_factor":0.0},{"date":"22/12/2025","date_ts":1766361600000,"profit_abs":-3.10908339,"wins":0,"draws":0,"losses":1,"trades":1,"profit_factor":0.0},{"date":"29/12/2025","date_ts":1766966400000,"profit_abs":1.30742645,"wins":4,"draws":0,"losses":1,"trades":5,"profit_factor":1.41365903},{"date":"05/01/2026","date_ts":1767571200000,"profit_abs":0.6817538,"wins":4,"draws":0,"losses":3,"trades":7,"profit_factor":1.07240983},{"date":"12/01/2026","date_ts":1768176000000,"profit_abs":-6.2984825,"wins":0,"draws":0,"losses":2,"trades":2,"profit_factor":0.0},{"date":"19/01/2026","date_ts":1768780800000,"profit_abs":2.7690335,"wins":1,"draws":0,"losses":1,"trades":2,"profit_factor":1.87096316},{"date":"26/01/2026","date_ts":1769385600000,"profit_abs":0.0,"wins":0,"draws":0,"losses":0,"trades":0,"profit_factor":0.0},{"date":"02/02/2026","date_ts":1769990400000,"profit_abs":-3.167505,"wins":0,"draws":0,"losses":1,"trades":1,"profit_factor":0.0},{"date":"09/02/2026","date_ts":1770595200000,"profit_abs":0.0,"wins":0,"draws":0,"losses":0,"trades":0,"profit_factor":0.0},{"date":"16/02/2026","date_ts":1771200000000,"profit_abs":8.28507187,"wins":5,"draws":0,"losses":1,"trades":6,"profit_factor":3.61760265}],"month":[{"date":"30/11/2025","date_ts":1764460800000,"profit_abs":-3.138994,"wins":0,"draws":0,"losses":1,"trades":1,"profit_factor":0.0},{"date":"31/12/2025","date_ts":1767139200000,"profit_abs":-2.43834389,"wins":6,"draws":0,"losses":4,"trades":10,"profit_factor":0.80571091},{"date":"31/01/2026","date_ts":1769817600000,"profit_abs":-6.0152002,"wins":5,"draws":0,"losses":7,"trades":12,"profit_factor":0.72733134},{"date":"28/02/2026","date_ts":1772236800000,"profit_abs":8.28507187,"wins":5,"draws":0,"losses":1,"trades":6,"profit_factor":3.61760265}],"year":[{"date":"31/12/2025","date_ts":1767139200000,"profit_abs":-5.57733789,"wins":6,"draws":0,"losses":5,"trades":11,"profit_factor":0.64450818},{"date":"31/12/2026","date_ts":1798675200000,"profit_abs":2.26987167,"wins":10,"draws":0,"losses":8,"trades":18,"profit_factor":1.08998282}],"weekday":[{"date":"Monday","date_ts":0,"profit_abs":-0.88620255,"wins":2,"draws":0,"losses":1,"trades":3,"profit_factor":0.71961276},{"date":"Tuesday","date_ts":1,"profit_abs":3.42154624,"wins":2,"draws":0,"losses":2,"trades":4,"profit_factor":1.54323343},{"date":"Wednesday","date_ts":2,"profit_abs":-7.59198319,"wins":1,"draws":0,"losses":3,"trades":4,"profit_factor":0.19779873},{"date":"Thursday","date_ts":3,"profit_abs":-3.163204,"wins":0,"draws":0,"losses":1,"trades":1,"profit_factor":0.0},{"date":"Friday","date_ts":4,"profit_abs":3.8177048,"wins":4,"draws":0,"losses":2,"trades":6,"profit_factor":1.60798652},{"date":"Saturday","date_ts":5,"profit_abs":9.40688831,"wins":6,"draws":0,"losses":1,"trades":7,"profit_factor":4.02561467},{"date":"Sunday","date_ts":6,"profit_abs":-8.31221583,"wins":1,"draws":0,"losses":3,"trades":4,"profit_factor":0.11947634}]},"backtest_best_day":0.11528567762081404,"backtest_worst_day":-0.06352014993589292,"backtest_best_day_abs":11.4502092,"backtest_worst_day_abs":-6.2984825,"winning_days":6,"draw_days":62,"losing_days":10,"daily_profit":[["2025-11-30",-3.138994],["2025-12-01",0.0],["2025-12-02",0.0],["2025-12-03",-1.24520079],["2025-12-04",-3.163204],["2025-12-05",0.0],["2025-12-06",0.0],["2025-12-07",0.0],["2025-12-08",0.0],["2025-12-09",3.77171784],["2025-12-10",0.0],["2025-12-11",0.0],["2025-12-12",0.0],["2025-12-13",0.0],["2025-12-14",0.0],["2025-12-15",0.0],["2025-12-16",0.0],["2025-12-17",0.0],["2025-12-18",0.0],["2025-12-19",0.0],["2025-12-20",-3.10908339],["2025-12-21",0.0],["2025-12-22",0.0],["2025-12-23",0.0],["2025-12-24",0.0],["2025-12-25",0.0],["2025-12-26",0.0],["2025-12-27",1.0657625],["2025-12-28",1.1278665],["2025-12-29",-0.88620255],["2025-12-30",0.0],["2025-12-31",0.0],["2026-01-01",0.0],["2026-01-02",3.8177048],["2026-01-03",0.0],["2026-01-04",-3.135951],["2026-01-05",0.0],["2026-01-06",-6.2984825],["2026-01-07",0.0],["2026-01-08",0.0],["2026-01-09",0.0],["2026-01-10",0.0],["2026-01-11",0.0],["2026-01-12",0.0],["2026-01-13",5.9483109],["2026-01-14",-3.1792774],["2026-01-15",0.0],["2026-01-16",0.0],["2026-01-17",0.0],["2026-01-18",0.0],["2026-01-19",0.0],["2026-01-20",0.0],["2026-01-21",0.0],["2026-01-22",0.0],["2026-01-23",0.0],["2026-01-24",0.0],["2026-01-25",0.0],["2026-01-26",0.0],["2026-01-27",0.0],["2026-01-28",-3.167505],["2026-01-29",0.0],["2026-01-30",0.0],["2026-01-31",0.0],["2026-02-01",0.0],["2026-02-02",0.0],["2026-02-03",0.0],["2026-02-04",0.0],["2026-02-05",0.0],["2026-02-06",0.0],["2026-02-07",0.0],["2026-02-08",0.0],["2026-02-09",0.0],["2026-02-10",0.0],["2026-02-11",0.0],["2026-02-12",0.0],["2026-02-13",0.0],["2026-02-14",11.4502092],["2026-02-15",-3.16513733]],"wins":16,"losses":13,"draws":0,"winrate":0.5517241379310345,"holding_avg":"3:16:00","holding_avg_s":11760.0,"winner_holding_min":"0d 00:00","winner_holding_min_s":0.0,"winner_holding_max":"0d 09:30","winner_holding_max_s":34200.0,"winner_holding_avg":"0d 02:24","winner_holding_avg_s":8640.0,"loser_holding_min":"0d 00:00","loser_holding_min_s":0.0,"loser_holding_max":"0d 10:30","loser_holding_max_s":37800.0,"loser_holding_avg":"0d 04:18","loser_holding_avg_s":15480.0,"max_consecutive_wins":5,"max_consecutive_losses":3,"max_drawdown_account":0.011592538089999948,"max_relative_drawdown":0.011592538089999948,"max_drawdown_abs":11.59253809,"drawdown_start":"2025-11-30 23:00:00","drawdown_start_ts":1764543600000.0,"drawdown_end":"2026-01-28 15:00:00","drawdown_end_ts":1769612400000.0,"drawdown_duration":"58 days 16:00:00","drawdown_duration_s":5068800.0,"max_drawdown_low":-11.59253809,"max_drawdown_high":0.0,"csum_min":988.40746191,"csum_max":999.85767111}},"strategy_comparison":[{"key":"SupertrendFuturesStrategyV8_1","trades":29,"profit_mean":-0.0011714188468620534,"profit_mean_pct":-0.12,"profit_total_abs":-3.30746622,"profit_total":-0.0033074662199999998,"profit_total_pct":-0.33,"duration_avg":"3:16:00","wins":16,"draws":0,"losses":13,"winrate":0.5517241379310345,"cagr":-0.013962376674273358,"expectancy":-0.11405055931034447,"expectancy_ratio":-0.03623777584262078,"sortino":-32.531571382583465,"sharpe":-0.25081171650144723,"calmar":-6.338184349982369,"sqn":-0.206,"profit_factor":0.9191618846587689,"max_drawdown_account":0.011592538089999948,"max_drawdown_abs":"11.593"}]}