{"strategy":{"SupertrendFuturesStrategyV4":{"trades":[{"pair":"SOL/USDT:USDT","stake_amount":329.5142,"max_stake_amount":329.5142,"amount":5.08,"open_date":"2026-01-22 03:00:00+00:00","close_date":"2026-01-23 14:45:00+00:00","open_rate":129.73,"close_rate":125.69,"fee_open":0.0005,"fee_close":0.0005,"trade_duration":2145,"profit_ratio":-0.06395083121306076,"profit_abs":-21.08324334,"exit_reason":"exit_signal","initial_stop_loss_abs":125.18944999999998,"initial_stop_loss_ratio":-0.07,"stop_loss_abs":125.18944999999998,"stop_loss_ratio":-0.07,"min_rate":125.22,"max_rate":130.89,"is_open":false,"enter_tag":"","leverage":2,"is_short":false,"open_timestamp":1769050800000,"close_timestamp":1769179500000,"orders":[{"amount":5.08,"safe_price":129.73,"ft_order_side":"buy","order_filled_timestamp":1769050800000,"ft_is_entry":true,"ft_order_tag":"","cost":659.3579141999999},{"amount":5.08,"safe_price":125.69,"ft_order_side":"sell","order_filled_timestamp":1769179500000,"ft_is_entry":false,"ft_order_tag":"exit_signal","cost":638.8244525999999}],"funding_fees":0.08872346271922651,"weekday":4},{"pair":"ETH/USDT:USDT","stake_amount":322.53578,"max_stake_amount":322.53578,"amount":0.217,"open_date":"2026-01-27 16:15:00+00:00","close_date":"2026-01-28 03:00:00+00:00","open_rate":2972.68,"close_rate":3003.3333000000002,"fee_open":0.0005,"fee_close":0.0005,"trade_duration":645,"profit_ratio":0.018593400897938407,"profit_abs":6.00003558,"exit_reason":"trailing_stop_loss","initial_stop_loss_abs":2868.6362,"initial_stop_loss_ratio":-0.07,"stop_loss_abs":3003.3333000000002,"stop_loss_ratio":-0.02,"min_rate":2916.51,"max_rate":3033.67,"is_open":false,"enter_tag":"","leverage":2,"is_short":false,"open_timestamp":1769530500000,"close_timestamp":1769569200000,"orders":[{"amount":0.217,"safe_price":2972.68,"ft_order_side":"buy","order_filled_timestamp":1769530500000,"ft_is_entry":true,"ft_order_tag":"","cost":645.3940957799999},{"amount":0.217,"safe_price":3003.3333000000002,"ft_order_side":"sell","order_filled_timestamp":1769569200000,"ft_is_entry":false,"ft_order_tag":"trailing_stop_loss","cost":652.04918776305}],"funding_fees":-0.0033330745483688465,"weekday":2},{"pair":"SOL/USDT:USDT","stake_amount":322.8691,"max_stake_amount":322.8691,"amount":5.14,"open_date":"2026-01-27 16:30:00+00:00","close_date":"2026-01-28 04:15:00+00:00","open_rate":125.63,"close_rate":126.5022,"fee_open":0.0005,"fee_close":0.0005,"trade_duration":705,"profit_ratio":0.011732906690322039,"profit_abs":3.79008712,"exit_reason":"trailing_stop_loss","initial_stop_loss_abs":121.23294999999999,"initial_stop_loss_ratio":-0.07,"stop_loss_abs":126.5022,"stop_loss_ratio":-0.02,"min_rate":123.45,"max_rate":127.78,"is_open":false,"enter_tag":"","leverage":2,"is_short":false,"open_timestamp":1769531400000,"close_timestamp":1769573700000,"orders":[{"amount":5.14,"safe_price":125.63,"ft_order_side":"buy","order_filled_timestamp":1769531400000,"ft_is_entry":true,"ft_order_tag":"","cost":646.0610690999998},{"amount":5.14,"safe_price":126.5022,"ft_order_side":"sell","order_filled_timestamp":1769573700000,"ft_is_entry":false,"ft_order_tag":"trailing_stop_loss","cost":650.546418654}],"funding_fees":-0.04504112792962649,"weekday":2},{"pair":"DOGE/USDT:USDT","stake_amount":322.8953,"max_stake_amount":322.8953,"amount":5180.0,"open_date":"2026-01-27 16:30:00+00:00","close_date":"2026-01-28 09:30:00+00:00","open_rate":0.12467,"close_rate":0.12589,"fee_open":0.0005,"fee_close":0.0005,"trade_duration":1020,"profit_ratio":0.017328729768755848,"profit_abs":5.59816308,"exit_reason":"trailing_stop_loss","initial_stop_loss_abs":0.12031,"initial_stop_loss_ratio":-0.07,"stop_loss_abs":0.12589,"stop_loss_ratio":-0.02,"min_rate":0.1217,"max_rate":0.12716,"is_open":false,"enter_tag":"","leverage":2,"is_short":false,"open_timestamp":1769531400000,"close_timestamp":1769592600000,"orders":[{"amount":5180.0,"safe_price":0.12467,"ft_order_side":"buy","order_filled_timestamp":1769531400000,"ft_is_entry":true,"ft_order_tag":"","cost":646.1134953},{"amount":5180.0,"safe_price":0.12589,"ft_order_side":"sell","order_filled_timestamp":1769592600000,"ft_is_entry":false,"ft_order_tag":"trailing_stop_loss","cost":652.4362550999999}],"funding_fees":-0.07248651557142374,"weekday":2},{"pair":"DOGE/USDT:USDT","stake_amount":327.5314,"max_stake_amount":327.5314,"amount":5180.0,"open_date":"2026-01-28 10:30:00+00:00","close_date":"2026-01-29 02:30:00+00:00","open_rate":0.12646,"close_rate":0.12204,"fee_open":0.0005,"fee_close":0.0005,"trade_duration":960,"profit_ratio":-0.07222703688484715,"profit_abs":-23.66845082,"exit_reason":"stop_loss","initial_stop_loss_abs":0.12204,"initial_stop_loss_ratio":-0.07,"stop_loss_abs":0.12204,"stop_loss_ratio":-0.07,"min_rate":0.12181,"max_rate":0.12722,"is_open":false,"enter_tag":"","leverage":2,"is_short":false,"open_timestamp":1769596200000,"close_timestamp":1769653800000,"orders":[{"amount":5180.0,"safe_price":0.12646,"ft_order_side":"buy","order_filled_timestamp":1769596200000,"ft_is_entry":true,"ft_order_tag":"","cost":655.3903313999999},{"amount":5180.0,"safe_price":0.12204,"ft_order_side":"sell","order_filled_timestamp":1769653800000,"ft_is_entry":false,"ft_order_tag":"stop_loss","cost":632.4832835999999}],"funding_fees":-0.12923582,"weekday":3},{"pair":"SOL/USDT:USDT","stake_amount":325.9648,"max_stake_amount":325.9648,"amount":5.12,"open_date":"2026-01-28 07:00:00+00:00","close_date":"2026-01-29 03:15:00+00:00","open_rate":127.33,"close_rate":122.87344999999999,"fee_open":0.0005,"fee_close":0.0005,"trade_duration":1215,"profit_ratio":-0.07205275008180352,"profit_abs":-23.4984036,"exit_reason":"stop_loss","initial_stop_loss_abs":122.87344999999999,"initial_stop_loss_ratio":-0.07,"stop_loss_abs":122.87344999999999,"stop_loss_ratio":-0.07,"min_rate":122.69,"max_rate":128.27,"is_open":false,"enter_tag":"","leverage":2,"is_short":false,"open_timestamp":1769583600000,"close_timestamp":1769656500000,"orders":[{"amount":5.12,"safe_price":127.33,"ft_order_side":"buy","order_filled_timestamp":1769583600000,"ft_is_entry":true,"ft_order_tag":"","cost":652.2555648},{"amount":5.12,"safe_price":122.87344999999999,"ft_order_side":"sell","order_filled_timestamp":1769656500000,"ft_is_entry":false,"ft_order_tag":"stop_loss","cost":629.4266200319998}],"funding_fees":-0.040346763873690135,"weekday":3},{"pair":"ETH/USDT:USDT","stake_amount":324.29268,"max_stake_amount":324.29268,"amount":0.216,"open_date":"2026-01-28 03:15:00+00:00","close_date":"2026-01-29 14:45:00+00:00","open_rate":3002.71,"close_rate":2897.61515,"fee_open":0.0005,"fee_close":0.0005,"trade_duration":2130,"profit_ratio":-0.07225156039267688,"profit_abs":-23.44236748,"exit_reason":"stop_loss","initial_stop_loss_abs":2897.61515,"initial_stop_loss_ratio":-0.07,"stop_loss_abs":2897.61515,"stop_loss_ratio":-0.07,"min_rate":2874.15,"max_rate":3045.47,"is_open":false,"enter_tag":"","leverage":2,"is_short":false,"open_timestamp":1769570100000,"close_timestamp":1769697900000,"orders":[{"amount":0.216,"safe_price":3002.71,"ft_order_side":"buy","order_filled_timestamp":1769570100000,"ft_is_entry":true,"ft_order_tag":"","cost":648.90965268},{"amount":0.216,"safe_price":2897.61515,"ft_order_side":"sell","order_filled_timestamp":1769697900000,"ft_is_entry":false,"ft_order_tag":"stop_loss","cost":626.1978148362}],"funding_fees":-0.10464476417542652,"weekday":3},{"pair":"DOGE/USDT:USDT","stake_amount":304.8185,"max_stake_amount":304.8185,"amount":6580.0,"open_date":"2026-02-12 06:45:00+00:00","close_date":"2026-02-12 12:45:00+00:00","open_rate":0.09265,"close_rate":0.09327,"fee_open":0.0005,"fee_close":0.0005,"trade_duration":360,"profit_ratio":0.011303569932219691,"profit_abs":3.44726,"exit_reason":"trailing_stop_loss","initial_stop_loss_abs":0.08941,"initial_stop_loss_ratio":-0.07,"stop_loss_abs":0.09327,"stop_loss_ratio":-0.02,"min_rate":0.09235,"max_rate":0.09421,"is_open":false,"enter_tag":"","leverage":2,"is_short":false,"open_timestamp":1770878700000,"close_timestamp":1770900300000,"orders":[{"amount":6580.0,"safe_price":0.09265,"ft_order_side":"buy","order_filled_timestamp":1770878700000,"ft_is_entry":true,"ft_order_tag":"","cost":609.9418185},{"amount":6580.0,"safe_price":0.09327,"ft_order_side":"sell","order_filled_timestamp":1770900300000,"ft_is_entry":false,"ft_order_tag":"trailing_stop_loss","cost":614.0234583}],"funding_fees":-0.020663203780961297,"weekday":3},{"pair":"ETH/USDT:USDT","stake_amount":304.1028,"max_stake_amount":304.1028,"amount":0.306,"open_date":"2026-02-12 11:15:00+00:00","close_date":"2026-02-12 16:00:00+00:00","open_rate":1987.6,"close_rate":1918.0339999999999,"fee_open":0.0005,"fee_close":0.0005,"trade_duration":285,"profit_ratio":-0.07195046540513438,"profit_abs":-21.89127816,"exit_reason":"stop_loss","initial_stop_loss_abs":1918.0339999999999,"initial_stop_loss_ratio":-0.07,"stop_loss_abs":1918.0339999999999,"stop_loss_ratio":-0.07,"min_rate":1916.81,"max_rate":2001.28,"is_open":false,"enter_tag":"","leverage":2,"is_short":false,"open_timestamp":1770894900000,"close_timestamp":1770912000000,"orders":[{"amount":0.306,"safe_price":1987.6,"ft_order_side":"buy","order_filled_timestamp":1770894900000,"ft_is_entry":true,"ft_order_tag":"","cost":608.5097028},{"amount":0.306,"safe_price":1918.0339999999999,"ft_order_side":"sell","order_filled_timestamp":1770912000000,"ft_is_entry":false,"ft_order_tag":"stop_loss","cost":587.2118632019999}],"funding_fees":-0.0065201543809004555,"weekday":3},{"pair":"BTC/USDT:USDT","stake_amount":302.86611,"max_stake_amount":302.86611,"amount":0.0089,"open_date":"2026-02-12 11:45:00+00:00","close_date":"2026-02-12 16:45:00+00:00","open_rate":68059.8,"close_rate":65677.707,"fee_open":0.0005,"fee_close":0.0005,"trade_duration":300,"profit_ratio":-0.0720128312704301,"profit_abs":-21.8211512,"exit_reason":"stop_loss","initial_stop_loss_abs":65677.707,"initial_stop_loss_ratio":-0.07,"stop_loss_abs":65677.707,"stop_loss_ratio":-0.07,"min_rate":65514.7,"max_rate":68390.0,"is_open":false,"enter_tag":"","leverage":2,"is_short":false,"open_timestamp":1770896700000,"close_timestamp":1770914700000,"orders":[{"amount":0.0089,"safe_price":68059.8,"ft_order_side":"buy","order_filled_timestamp":1770896700000,"ft_is_entry":true,"ft_order_tag":"","cost":606.03508611},{"amount":0.0089,"safe_price":65677.707,"ft_order_side":"sell","order_filled_timestamp":1770914700000,"ft_is_entry":false,"ft_order_tag":"stop_loss","cost":584.8238580961499}],"funding_fees":-0.025391592261046612,"weekday":3},{"pair":"DOGE/USDT:USDT","stake_amount":305.8431,"max_stake_amount":305.8431,"amount":6540.0,"open_date":"2026-02-12 13:00:00+00:00","close_date":"2026-02-13 15:00:00+00:00","open_rate":0.09353,"close_rate":0.09454,"fee_open":0.0005,"fee_close":0.0005,"trade_duration":1560,"profit_ratio":0.0195121089475485,"profit_abs":5.97062771,"exit_reason":"trailing_stop_loss","initial_stop_loss_abs":0.09026,"initial_stop_loss_ratio":-0.07,"stop_loss_abs":0.09454,"stop_loss_ratio":-0.02,"min_rate":0.09063,"max_rate":0.09549,"is_open":false,"enter_tag":"","leverage":2,"is_short":false,"open_timestamp":1770901200000,"close_timestamp":1770994800000,"orders":[{"amount":6540.0,"safe_price":0.09353,"ft_order_side":"buy","order_filled_timestamp":1770901200000,"ft_is_entry":true,"ft_order_tag":"","cost":611.9920430999999},{"amount":6540.0,"safe_price":0.09454,"ft_order_side":"sell","order_filled_timestamp":1770994800000,"ft_is_entry":false,"ft_order_tag":"trailing_stop_loss","cost":618.6007458}],"funding_fees":-0.019783393805835995,"weekday":4},{"pair":"BTC/USDT:USDT","stake_amount":291.45,"max_stake_amount":291.45,"amount":0.0087,"open_date":"2026-02-13 10:45:00+00:00","close_date":"2026-02-13 15:00:00+00:00","open_rate":67000.0,"close_rate":67888.458,"fee_open":0.0005,"fee_close":0.0005,"trade_duration":255,"profit_ratio":0.02449562595610755,"profit_abs":7.14281981,"exit_reason":"trailing_stop_loss","initial_stop_loss_abs":64655.0,"initial_stop_loss_ratio":-0.07,"stop_loss_abs":67888.458,"stop_loss_ratio":-0.02,"min_rate":66752.1,"max_rate":68574.2,"is_open":false,"enter_tag":"","leverage":2,"is_short":false,"open_timestamp":1770979500000,"close_timestamp":1770994800000,"orders":[{"amount":0.0087,"safe_price":67000.0,"ft_order_side":"buy","order_filled_timestamp":1770979500000,"ft_is_entry":true,"ft_order_tag":"","cost":583.1914499999999},{"amount":0.0087,"safe_price":67888.458,"ft_order_side":"sell","order_filled_timestamp":1770994800000,"ft_is_entry":false,"ft_order_tag":"trailing_stop_loss","cost":590.9248993923}],"funding_fees":0.0,"weekday":4},{"pair":"DOGE/USDT:USDT","stake_amount":295.3878,"max_stake_amount":295.3878,"amount":6220.0,"open_date":"2026-02-13 15:15:00+00:00","close_date":"2026-02-13 15:30:00+00:00","open_rate":0.09498,"close_rate":0.0957,"fee_open":0.0005,"fee_close":0.0005,"trade_duration":15,"profit_ratio":0.013146932534995926,"profit_abs":3.8853852,"exit_reason":"trailing_stop_loss","initial_stop_loss_abs":0.09166,"initial_stop_loss_ratio":-0.07,"stop_loss_abs":0.0957,"stop_loss_ratio":-0.02,"min_rate":0.09461,"max_rate":0.09666,"is_open":false,"enter_tag":"","leverage":2,"is_short":false,"open_timestamp":1770995700000,"close_timestamp":1770996600000,"orders":[{"amount":6220.0,"safe_price":0.09498,"ft_order_side":"buy","order_filled_timestamp":1770995700000,"ft_is_entry":true,"ft_order_tag":"","cost":591.0709877999999},{"amount":6220.0,"safe_price":0.0957,"ft_order_side":"sell","order_filled_timestamp":1770996600000,"ft_is_entry":false,"ft_order_tag":"trailing_stop_loss","cost":595.5516269999998}],"funding_fees":0.0,"weekday":4},{"pair":"DOGE/USDT:USDT","stake_amount":296.9739,"max_stake_amount":296.9739,"amount":6220.0,"open_date":"2026-02-13 15:45:00+00:00","close_date":"2026-02-13 23:00:00+00:00","open_rate":0.09549,"close_rate":0.09671,"fee_open":0.0005,"fee_close":0.0005,"trade_duration":435,"profit_ratio":0.02347525503412761,"profit_abs":6.97502381,"exit_reason":"trailing_stop_loss","initial_stop_loss_abs":0.09215,"initial_stop_loss_ratio":-0.07,"stop_loss_abs":0.09671,"stop_loss_ratio":-0.02,"min_rate":0.0949,"max_rate":0.09768,"is_open":false,"enter_tag":"","leverage":2,"is_short":false,"open_timestamp":1770997500000,"close_timestamp":1771023600000,"orders":[{"amount":6220.0,"safe_price":0.09549,"ft_order_side":"buy","order_filled_timestamp":1770997500000,"ft_is_entry":true,"ft_order_tag":"","cost":594.2447739},{"amount":6220.0,"safe_price":0.09671,"ft_order_side":"sell","order_filled_timestamp":1771023600000,"ft_is_entry":false,"ft_order_tag":"trailing_stop_loss","cost":601.8369680999999}],"funding_fees":-0.01563419477451318,"weekday":4},{"pair":"ETH/USDT:USDT","stake_amount":296.4989,"max_stake_amount":296.4989,"amount":0.29,"open_date":"2026-02-13 22:15:00+00:00","close_date":"2026-02-14 08:00:00+00:00","open_rate":2044.82,"close_rate":2070.9117,"fee_open":0.0005,"fee_close":0.0005,"trade_duration":585,"profit_ratio":0.023325962082660426,"profit_abs":6.91958016,"exit_reason":"trailing_stop_loss","initial_stop_loss_abs":1973.2513,"initial_stop_loss_ratio":-0.07,"stop_loss_abs":2070.9117,"stop_loss_ratio":-0.02,"min_rate":2041.05,"max_rate":2091.83,"is_open":false,"enter_tag":"","leverage":2,"is_short":false,"open_timestamp":1771020900000,"close_timestamp":1771056000000,"orders":[{"amount":0.29,"safe_price":2044.82,"ft_order_side":"buy","order_filled_timestamp":1771020900000,"ft_is_entry":true,"ft_order_tag":"","cost":593.2942989},{"amount":0.29,"safe_price":2070.9117,"ft_order_side":"sell","order_filled_timestamp":1771056000000,"ft_is_entry":false,"ft_order_tag":"trailing_stop_loss","cost":600.8646751965}],"funding_fees":-0.05023174381671344,"weekday":5},{"pair":"DOGE/USDT:USDT","stake_amount":299.25555,"max_stake_amount":299.25555,"amount":6190.0,"open_date":"2026-02-13 23:30:00+00:00","close_date":"2026-02-14 11:00:00+00:00","open_rate":0.09669,"close_rate":0.09806,"fee_open":0.0005,"fee_close":0.0005,"trade_duration":690,"profit_ratio":0.02598964272370623,"profit_abs":7.7814336,"exit_reason":"trailing_stop_loss","initial_stop_loss_abs":0.09331,"initial_stop_loss_ratio":-0.07,"stop_loss_abs":0.09806,"stop_loss_ratio":-0.02,"min_rate":0.09624,"max_rate":0.09905,"is_open":false,"enter_tag":"","leverage":2,"is_short":false,"open_timestamp":1771025400000,"close_timestamp":1771066800000,"orders":[{"amount":6190.0,"safe_price":0.09669,"ft_order_side":"buy","order_filled_timestamp":1771025400000,"ft_is_entry":true,"ft_order_tag":"","cost":598.8103555499999},{"amount":6190.0,"safe_price":0.09806,"ft_order_side":"sell","order_filled_timestamp":1771066800000,"ft_is_entry":false,"ft_order_tag":"trailing_stop_loss","cost":607.2948957}],"funding_fees":-0.09611514818798175,"weekday":5},{"pair":"ETH/USDT:USDT","stake_amount":300.749955,"max_stake_amount":300.749955,"amount":0.291,"open_date":"2026-02-14 08:30:00+00:00","close_date":"2026-02-14 12:30:00+00:00","open_rate":2067.01,"close_rate":2086.4745000000003,"fee_open":0.0005,"fee_close":0.0005,"trade_duration":240,"profit_ratio":0.016815659558692915,"profit_abs":5.05983751,"exit_reason":"trailing_stop_loss","initial_stop_loss_abs":1994.6646500000002,"initial_stop_loss_ratio":-0.07,"stop_loss_abs":2086.4745000000003,"stop_loss_ratio":-0.02,"min_rate":2067.01,"max_rate":2107.55,"is_open":false,"enter_tag":"","leverage":2,"is_short":false,"open_timestamp":1771057800000,"close_timestamp":1771072200000,"orders":[{"amount":0.291,"safe_price":2067.01,"ft_order_side":"buy","order_filled_timestamp":1771057800000,"ft_is_entry":true,"ft_order_tag":"","cost":601.800659955},{"amount":0.291,"safe_price":2086.4745000000003,"ft_order_side":"sell","order_filled_timestamp":1771072200000,"ft_is_entry":false,"ft_order_tag":"trailing_stop_loss","cost":607.46766153975}],"funding_fees":0.0,"weekday":5},{"pair":"BTC/USDT:USDT","stake_amount":296.91973,"max_stake_amount":296.91973,"amount":0.0086,"open_date":"2026-02-14 01:00:00+00:00","close_date":"2026-02-14 12:45:00+00:00","open_rate":69051.1,"close_rate":69858.162,"fee_open":0.0005,"fee_close":0.0005,"trade_duration":705,"profit_ratio":0.021366745166773022,"profit_abs":6.34738031,"exit_reason":"trailing_stop_loss","initial_stop_loss_abs":66634.31150000001,"initial_stop_loss_ratio":-0.07,"stop_loss_abs":69858.162,"stop_loss_ratio":-0.02,"min_rate":68690.1,"max_rate":70563.8,"is_open":false,"enter_tag":"","leverage":2,"is_short":false,"open_timestamp":1771030800000,"close_timestamp":1771073100000,"orders":[{"amount":0.0086,"safe_price":69051.1,"ft_order_side":"buy","order_filled_timestamp":1771030800000,"ft_is_entry":true,"ft_order_tag":"","cost":594.13637973},{"amount":0.0086,"safe_price":69858.162,"ft_order_side":"sell","order_filled_timestamp":1771073100000,"ft_is_entry":false,"ft_order_tag":"trailing_stop_loss","cost":601.0805832965999}],"funding_fees":0.00395693228892559,"weekday":5},{"pair":"DOGE/USDT:USDT","stake_amount":307.9803,"max_stake_amount":307.9803,"amount":6180.0,"open_date":"2026-02-14 13:45:00+00:00","close_date":"2026-02-14 14:45:00+00:00","open_rate":0.09967,"close_rate":0.1027613156578289,"fee_open":0.0005,"fee_close":0.0005,"trade_duration":60,"profit_ratio":0.05997001499250374,"profit_abs":18.478818,"exit_reason":"roi","initial_stop_loss_abs":0.09619,"initial_stop_loss_ratio":-0.07,"stop_loss_abs":0.10241,"stop_loss_ratio":-0.02,"min_rate":0.09963,"max_rate":0.10344,"is_open":false,"enter_tag":"","leverage":2,"is_short":false,"open_timestamp":1771076700000,"close_timestamp":1771080300000,"orders":[{"amount":6180.0,"safe_price":0.09967,"ft_order_side":"buy","order_filled_timestamp":1771076700000,"ft_is_entry":true,"ft_order_tag":"","cost":616.2685802999999},{"amount":6180.0,"safe_price":0.1027613156578289,"ft_order_side":"sell","order_filled_timestamp":1771080300000,"ft_is_entry":false,"ft_order_tag":"roi","cost":635.3824632307652}],"funding_fees":0.0,"weekday":5},{"pair":"DOGE/USDT:USDT","stake_amount":314.15,"max_stake_amount":314.15,"amount":6100.0,"open_date":"2026-02-14 16:30:00+00:00","close_date":"2026-02-14 16:45:00+00:00","open_rate":0.103,"close_rate":0.10439,"fee_open":0.0005,"fee_close":0.0005,"trade_duration":15,"profit_ratio":0.024964313959525093,"profit_abs":7.8464605,"exit_reason":"trailing_stop_loss","initial_stop_loss_abs":0.0994,"initial_stop_loss_ratio":-0.07,"stop_loss_abs":0.10439,"stop_loss_ratio":-0.02,"min_rate":0.10241,"max_rate":0.10544,"is_open":false,"enter_tag":"","leverage":2,"is_short":false,"open_timestamp":1771086600000,"close_timestamp":1771087500000,"orders":[{"amount":6100.0,"safe_price":0.103,"ft_order_side":"buy","order_filled_timestamp":1771086600000,"ft_is_entry":true,"ft_order_tag":"","cost":628.6141499999999},{"amount":6100.0,"safe_price":0.10439,"ft_order_side":"sell","order_filled_timestamp":1771087500000,"ft_is_entry":false,"ft_order_tag":"trailing_stop_loss","cost":637.0973895}],"funding_fees":0.0,"weekday":5},{"pair":"DOGE/USDT:USDT","stake_amount":316.4876,"max_stake_amount":316.4876,"amount":5720.0,"open_date":"2026-02-14 23:30:00+00:00","close_date":"2026-02-15 01:00:00+00:00","open_rate":0.11066,"close_rate":0.11212,"fee_open":0.0005,"fee_close":0.0005,"trade_duration":90,"profit_ratio":0.02416133339439082,"profit_abs":7.6505858,"exit_reason":"trailing_stop_loss","initial_stop_loss_abs":0.10679,"initial_stop_loss_ratio":-0.07,"stop_loss_abs":0.11212,"stop_loss_ratio":-0.02,"min_rate":0.11042,"max_rate":0.11325,"is_open":false,"enter_tag":"","leverage":2,"is_short":false,"open_timestamp":1771111800000,"close_timestamp":1771117200000,"orders":[{"amount":5720.0,"safe_price":0.11066,"ft_order_side":"buy","order_filled_timestamp":1771111800000,"ft_is_entry":true,"ft_order_tag":"","cost":633.2916875999999},{"amount":5720.0,"safe_price":0.11212,"ft_order_side":"sell","order_filled_timestamp":1771117200000,"ft_is_entry":false,"ft_order_tag":"trailing_stop_loss","cost":641.6470632}],"funding_fees":-0.0634634,"weekday":6},{"pair":"DOGE/USDT:USDT","stake_amount":318.801,"max_stake_amount":318.801,"amount":5700.0,"open_date":"2026-02-15 01:30:00+00:00","close_date":"2026-02-15 01:45:00+00:00","open_rate":0.11186,"close_rate":0.11254,"fee_open":0.0005,"fee_close":0.0005,"trade_duration":15,"profit_ratio":0.010146902232774192,"profit_abs":3.23646,"exit_reason":"trailing_stop_loss","initial_stop_loss_abs":0.10795,"initial_stop_loss_ratio":-0.07,"stop_loss_abs":0.11254,"stop_loss_ratio":-0.02,"min_rate":0.11166,"max_rate":0.11367,"is_open":false,"enter_tag":"","leverage":2,"is_short":false,"open_timestamp":1771119000000,"close_timestamp":1771119900000,"orders":[{"amount":5700.0,"safe_price":0.11186,"ft_order_side":"buy","order_filled_timestamp":1771119000000,"ft_is_entry":true,"ft_order_tag":"","cost":637.920801},{"amount":5700.0,"safe_price":0.11254,"ft_order_side":"sell","order_filled_timestamp":1771119900000,"ft_is_entry":false,"ft_order_tag":"trailing_stop_loss","cost":641.798739}],"funding_fees":0.0,"weekday":6},{"pair":"DOGE/USDT:USDT","stake_amount":320.2416,"max_stake_amount":320.2416,"amount":5670.0,"open_date":"2026-02-15 02:15:00+00:00","close_date":"2026-02-15 03:00:00+00:00","open_rate":0.11296,"close_rate":0.11431,"fee_open":0.0005,"fee_close":0.0005,"trade_duration":45,"profit_ratio":0.021879375468073326,"profit_abs":7.01018955,"exit_reason":"trailing_stop_loss","initial_stop_loss_abs":0.10901,"initial_stop_loss_ratio":-0.07,"stop_loss_abs":0.11431,"stop_loss_ratio":-0.02,"min_rate":0.11186,"max_rate":0.11546,"is_open":false,"enter_tag":"","leverage":2,"is_short":false,"open_timestamp":1771121700000,"close_timestamp":1771124400000,"orders":[{"amount":5670.0,"safe_price":0.11296,"ft_order_side":"buy","order_filled_timestamp":1771121700000,"ft_is_entry":true,"ft_order_tag":"","cost":640.8034415999999},{"amount":5670.0,"safe_price":0.11431,"ft_order_side":"sell","order_filled_timestamp":1771124400000,"ft_is_entry":false,"ft_order_tag":"trailing_stop_loss","cost":648.46176885}],"funding_fees":0.0,"weekday":6},{"pair":"DOGE/USDT:USDT","stake_amount":322.5068,"max_stake_amount":322.5068,"amount":5660.0,"open_date":"2026-02-15 03:15:00+00:00","close_date":"2026-02-15 04:00:00+00:00","open_rate":0.11396,"close_rate":0.11749452726363181,"fee_open":0.0005,"fee_close":0.0005,"trade_duration":45,"profit_ratio":0.05997001499250375,"profit_abs":19.350408,"exit_reason":"roi","initial_stop_loss_abs":0.10998,"initial_stop_loss_ratio":-0.07,"stop_loss_abs":0.11637,"stop_loss_ratio":-0.02,"min_rate":0.11262,"max_rate":0.11754,"is_open":false,"enter_tag":"","leverage":2,"is_short":false,"open_timestamp":1771125300000,"close_timestamp":1771128000000,"orders":[{"amount":5660.0,"safe_price":0.11396,"ft_order_side":"buy","order_filled_timestamp":1771125300000,"ft_is_entry":true,"ft_order_tag":"","cost":645.3361067999999},{"amount":5660.0,"safe_price":0.11749452726363181,"ft_order_side":"sell","order_filled_timestamp":1771128000000,"ft_is_entry":false,"ft_order_tag":"roi","cost":665.3515338243121}],"funding_fees":0.0,"weekday":6},{"pair":"DOGE/USDT:USDT","stake_amount":329.015,"max_stake_amount":329.015,"amount":5750.0,"open_date":"2026-02-15 04:30:00+00:00","close_date":"2026-02-15 05:30:00+00:00","open_rate":0.11444,"close_rate":0.11564,"fee_open":0.0005,"fee_close":0.0005,"trade_duration":60,"profit_ratio":0.018951726513534564,"profit_abs":6.23852,"exit_reason":"trailing_stop_loss","initial_stop_loss_abs":0.11044,"initial_stop_loss_ratio":-0.07,"stop_loss_abs":0.11564,"stop_loss_ratio":-0.02,"min_rate":0.11429,"max_rate":0.1168,"is_open":false,"enter_tag":"","leverage":2,"is_short":false,"open_timestamp":1771129800000,"close_timestamp":1771133400000,"orders":[{"amount":5750.0,"safe_price":0.11444,"ft_order_side":"buy","order_filled_timestamp":1771129800000,"ft_is_entry":true,"ft_order_tag":"","cost":658.3590149999999},{"amount":5750.0,"safe_price":0.11564,"ft_order_side":"sell","order_filled_timestamp":1771133400000,"ft_is_entry":false,"ft_order_tag":"trailing_stop_loss","cost":665.262465}],"funding_fees":0.0,"weekday":6},{"pair":"DOGE/USDT:USDT","stake_amount":330.9672,"max_stake_amount":330.9672,"amount":5770.0,"open_date":"2026-02-15 06:15:00+00:00","close_date":"2026-02-15 07:30:00+00:00","open_rate":0.11472,"close_rate":0.11547,"fee_open":0.0005,"fee_close":0.0005,"trade_duration":75,"profit_ratio":0.011063244528363433,"profit_abs":3.66340185,"exit_reason":"trailing_stop_loss","initial_stop_loss_abs":0.11071,"initial_stop_loss_ratio":-0.07,"stop_loss_abs":0.11547,"stop_loss_ratio":-0.02,"min_rate":0.11408,"max_rate":0.11663,"is_open":false,"enter_tag":"","leverage":2,"is_short":false,"open_timestamp":1771136100000,"close_timestamp":1771140600000,"orders":[{"amount":5770.0,"safe_price":0.11472,"ft_order_side":"buy","order_filled_timestamp":1771136100000,"ft_is_entry":true,"ft_order_tag":"","cost":662.2653671999999},{"amount":5770.0,"safe_price":0.11547,"ft_order_side":"sell","order_filled_timestamp":1771140600000,"ft_is_entry":false,"ft_order_tag":"trailing_stop_loss","cost":666.5950309499999}],"funding_fees":0.0,"weekday":6},{"pair":"BTC/USDT:USDT","stake_amount":306.30204,"max_stake_amount":306.30204,"amount":0.0088,"open_date":"2026-02-14 13:00:00+00:00","close_date":"2026-02-15 08:30:00+00:00","open_rate":69614.1,"close_rate":70219.71,"fee_open":0.0005,"fee_close":0.0005,"trade_duration":1170,"profit_ratio":0.015112906635990846,"profit_abs":4.63142869,"exit_reason":"trailing_stop_loss","initial_stop_loss_abs":67177.60650000001,"initial_stop_loss_ratio":-0.07,"stop_loss_abs":70219.71,"stop_loss_ratio":-0.02,"min_rate":69194.0,"max_rate":70929.0,"is_open":false,"enter_tag":"","leverage":2,"is_short":false,"open_timestamp":1771074000000,"close_timestamp":1771144200000,"orders":[{"amount":0.0088,"safe_price":69614.1,"ft_order_side":"buy","order_filled_timestamp":1771074000000,"ft_is_entry":true,"ft_order_tag":"","cost":612.9103820400001},{"amount":0.0088,"safe_price":70219.71,"ft_order_side":"sell","order_filled_timestamp":1771144200000,"ft_is_entry":false,"ft_order_tag":"trailing_stop_loss","cost":618.2424147240001}],"funding_fees":-0.08267054108011272,"weekday":6},{"pair":"DOGE/USDT:USDT","stake_amount":333.6684,"max_stake_amount":333.6684,"amount":5860.0,"open_date":"2026-02-15 08:45:00+00:00","close_date":"2026-02-15 12:45:00+00:00","open_rate":0.11388,"close_rate":0.1099,"fee_open":0.0005,"fee_close":0.0005,"trade_duration":240,"profit_ratio":-0.0718272756842513,"profit_abs":-23.9784754,"exit_reason":"stop_loss","initial_stop_loss_abs":0.1099,"initial_stop_loss_ratio":-0.07,"stop_loss_abs":0.1099,"stop_loss_ratio":-0.07,"min_rate":0.10856,"max_rate":0.11528,"is_open":false,"enter_tag":"","leverage":2,"is_short":false,"open_timestamp":1771145100000,"close_timestamp":1771159500000,"orders":[{"amount":5860.0,"safe_price":0.11388,"ft_order_side":"buy","order_filled_timestamp":1771145100000,"ft_is_entry":true,"ft_order_tag":"","cost":667.6704683999999},{"amount":5860.0,"safe_price":0.1099,"ft_order_side":"sell","order_filled_timestamp":1771159500000,"ft_is_entry":false,"ft_order_tag":"stop_loss","cost":644.336007}],"funding_fees":0.0,"weekday":6},{"pair":"ETH/USDT:USDT","stake_amount":307.4922,"max_stake_amount":307.4922,"amount":0.296,"open_date":"2026-02-14 12:45:00+00:00","close_date":"2026-02-15 13:00:00+00:00","open_rate":2077.65,"close_rate":2009.54,"fee_open":0.0005,"fee_close":0.0005,"trade_duration":1455,"profit_ratio":-0.06799723326502172,"profit_abs":-20.91907316,"exit_reason":"exit_signal","initial_stop_loss_abs":2004.93225,"initial_stop_loss_ratio":-0.07,"stop_loss_abs":2004.93225,"stop_loss_ratio":-0.07,"min_rate":2008.43,"max_rate":2102.8,"is_open":false,"enter_tag":"","leverage":2,"is_short":false,"open_timestamp":1771073100000,"close_timestamp":1771160400000,"orders":[{"amount":0.296,"safe_price":2077.65,"ft_order_side":"buy","order_filled_timestamp":1771073100000,"ft_is_entry":true,"ft_order_tag":"","cost":615.2918922},{"amount":0.296,"safe_price":2009.54,"ft_order_side":"sell","order_filled_timestamp":1771160400000,"ft_is_entry":false,"ft_order_tag":"exit_signal","cost":595.1212519199998}],"funding_fees":-0.15360904003454076,"weekday":6},{"pair":"BTC/USDT:USDT","stake_amount":330.3489,"max_stake_amount":330.3489,"amount":0.0094,"open_date":"2026-02-15 08:45:00+00:00","close_date":"2026-02-15 13:00:00+00:00","open_rate":70287.0,"close_rate":69282.0,"fee_open":0.0005,"fee_close":0.0005,"trade_duration":255,"profit_ratio":-0.030567455612327855,"profit_abs":-10.1029743,"exit_reason":"exit_signal","initial_stop_loss_abs":67826.955,"initial_stop_loss_ratio":-0.07,"stop_loss_abs":67826.955,"stop_loss_ratio":-0.07,"min_rate":69250.0,"max_rate":70632.7,"is_open":false,"enter_tag":"","leverage":2,"is_short":false,"open_timestamp":1771145100000,"close_timestamp":1771160400000,"orders":[{"amount":0.0094,"safe_price":70287.0,"ft_order_side":"buy","order_filled_timestamp":1771145100000,"ft_is_entry":true,"ft_order_tag":"","cost":661.0281489},{"amount":0.0094,"safe_price":69282.0,"ft_order_side":"sell","order_filled_timestamp":1771160400000,"ft_is_entry":false,"ft_order_tag":"exit_signal","cost":651.5764254}],"funding_fees":0.0,"weekday":6}],"locks":[],"best_pair":{"key":"DOGE/USDT:USDT","trades":16,"profit_mean":0.012363053278370267,"profit_mean_pct":1.24,"profit_total_abs":59.48581088,"profit_total":0.059485810880000003,"profit_total_pct":5.95,"duration_avg":"5:55:00","wins":14,"draws":0,"losses":2,"winrate":0.875,"cagr":1.1238954657958913,"expectancy":3.7178631799999993,"expectancy_ratio":0.1560588887868033,"sortino":261.83979650173893,"sharpe":3.572628131521942,"calmar":183.39809534658644,"sqn":1.2674,"profit_factor":2.248471110294426,"max_drawdown_account":0.02213130206841282,"max_drawdown_abs":23.9784754},"worst_pair":{"key":"ETH/USDT:USDT","trades":6,"profit_mean":-0.025577372753923536,"profit_mean_pct":-2.56,"profit_total_abs":-48.27326554999999,"profit_total":-0.04827326554999999,"profit_total_pct":-4.83,"duration_avg":"14:50:00","wins":3,"draws":0,"losses":3,"winrate":0.5,"cagr":-0.4753229376535273,"expectancy":-8.045544258333333,"expectancy_ratio":-0.3643115816554233,"sortino":-31.69758783700846,"sharpe":-2.341304056343402,"calmar":-61.052975900109885,"sqn":-1.2788,"profit_factor":0.27137683668915336,"max_drawdown_account":0.053949601600868015,"max_drawdown_abs":54.27330112999999},"results_per_pair":[{"key":"DOGE/USDT:USDT","trades":16,"profit_mean":0.012363053278370267,"profit_mean_pct":1.24,"profit_total_abs":59.48581088,"profit_total":0.059485810880000003,"profit_total_pct":5.95,"duration_avg":"5:55:00","wins":14,"draws":0,"losses":2,"winrate":0.875,"cagr":1.1238954657958913,"expectancy":3.7178631799999993,"expectancy_ratio":0.1560588887868033,"sortino":261.83979650173893,"sharpe":3.572628131521942,"calmar":183.39809534658644,"sqn":1.2674,"profit_factor":2.248471110294426,"max_drawdown_account":0.02213130206841282,"max_drawdown_abs":23.9784754},{"key":"BTC/USDT:USDT","trades":5,"profit_mean":-0.008321001824777307,"profit_mean_pct":-0.83,"profit_total_abs":-13.80249669,"profit_total":-0.01380249669,"profit_total_pct":-1.38,"duration_avg":"8:57:00","wins":3,"draws":0,"losses":2,"winrate":0.6,"cagr":-0.16571370701530708,"expectancy":-2.7604993380000002,"expectancy_ratio":-0.17294126587743175,"sortino":-1.6073705178256976,"sharpe":-0.8241589575474756,"calmar":-43.158703908632695,"sqn":-0.4832,"profit_factor":0.5676468353064206,"max_drawdown_account":0.02182115120000003,"max_drawdown_abs":21.8211512},{"key":"SOL/USDT:USDT","trades":3,"profit_mean":-0.04142355820151408,"profit_mean_pct":-4.14,"profit_total_abs":-40.79155982,"profit_total":-0.04079155982,"profit_total_pct":-4.08,"duration_avg":"22:35:00","wins":1,"draws":0,"losses":2,"winrate":0.3333333333333333,"cagr":-0.4189373972891861,"expectancy":-13.597186606666666,"expectancy_ratio":-0.6099903229221826,"sortino":-23.048504689789873,"sharpe":-2.2565768275756155,"calmar":-68.23204705193861,"sqn":-1.559,"profit_factor":0.08501451561672611,"max_drawdown_account":0.040791559819999976,"max_drawdown_abs":40.79155982},{"key":"ETH/USDT:USDT","trades":6,"profit_mean":-0.025577372753923536,"profit_mean_pct":-2.56,"profit_total_abs":-48.27326554999999,"profit_total":-0.04827326554999999,"profit_total_pct":-4.83,"duration_avg":"14:50:00","wins":3,"draws":0,"losses":3,"winrate":0.5,"cagr":-0.4753229376535273,"expectancy":-8.045544258333333,"expectancy_ratio":-0.3643115816554233,"sortino":-31.69758783700846,"sharpe":-2.341304056343402,"calmar":-61.052975900109885,"sqn":-1.2788,"profit_factor":0.27137683668915336,"max_drawdown_account":0.053949601600868015,"max_drawdown_abs":54.27330112999999},{"key":"TOTAL","trades":30,"profit_mean":-0.004051035593268191,"profit_mean_pct":-0.41,"profit_total_abs":-43.38151117999999,"profit_total":-0.04338151117999999,"profit_total_pct":-4.34,"duration_avg":"9:52:00","wins":21,"draws":0,"losses":9,"winrate":0.7,"cagr":-0.43906038332081143,"expectancy":-1.446050372666667,"expectancy_ratio":-0.06835127659502682,"sortino":-7.294239426651971,"sharpe":-2.1858218779942815,"calmar":-25.392689776354878,"sqn":-0.575,"profit_factor":0.7721624113499108,"max_drawdown_account":0.11656934881999996,"max_drawdown_abs":116.56934882}],"results_per_enter_tag":[{"key":"","trades":30,"profit_mean":-0.004051035593268191,"profit_mean_pct":-0.41,"profit_total_abs":-43.38151117999999,"profit_total":-0.04338151117999999,"profit_total_pct":-4.34,"duration_avg":"9:52:00","wins":21,"draws":0,"losses":9,"winrate":0.7,"cagr":-0.43906038332081143,"expectancy":-1.446050372666667,"expectancy_ratio":-0.06835127659502682,"sortino":-7.294239426651971,"sharpe":-2.1858218779942815,"calmar":-25.392689776354878,"sqn":-0.575,"profit_factor":0.7721624113499108,"max_drawdown_account":0.11656934881999996,"max_drawdown_abs":116.56934882},{"key":"TOTAL","trades":30,"profit_mean":-0.004051035593268191,"profit_mean_pct":-0.41,"profit_total_abs":-43.38151117999999,"profit_total":-0.04338151117999999,"profit_total_pct":-4.34,"duration_avg":"9:52:00","wins":21,"draws":0,"losses":9,"winrate":0.7,"cagr":-0.43906038332081143,"expectancy":-1.446050372666667,"expectancy_ratio":-0.06835127659502682,"sortino":-7.294239426651971,"sharpe":-2.1858218779942815,"calmar":-25.392689776354878,"sqn":-0.575,"profit_factor":0.7721624113499108,"max_drawdown_account":0.11656934881999996,"max_drawdown_abs":116.56934882}],"exit_reason_summary":[{"key":"trailing_stop_loss","trades":19,"profit_mean":0.01859822852771055,"profit_mean_pct":1.86,"profit_total_abs":109.19468028,"profit_total":0.10919468028,"profit_total_pct":10.92,"duration_avg":"7:37:00","wins":19,"draws":0,"losses":0,"winrate":1.0,"cagr":2.8610776427560904,"expectancy":5.747088435789474,"expectancy_ratio":100.0,"sortino":-100,"sharpe":48.80468176971241,"calmar":-100,"sqn":15.9719,"profit_factor":0.0,"max_drawdown_account":0.0,"max_drawdown_abs":0.0},{"key":"roi","trades":2,"profit_mean":0.05997001499250375,"profit_mean_pct":6.0,"profit_total_abs":37.829226000000006,"profit_total":0.03782922600000001,"profit_total_pct":3.78,"duration_avg":"0:52:00","wins":2,"draws":0,"losses":0,"winrate":1.0,"cagr":0.6226041420398138,"expectancy":18.914613000000003,"expectancy_ratio":100.0,"sortino":-100,"sharpe":59.2288926759236,"calmar":-100,"sqn":43.4025,"profit_factor":0.0,"max_drawdown_account":0.0,"max_drawdown_abs":0.0},{"key":"exit_signal","trades":3,"profit_mean":-0.05417184003013678,"profit_mean_pct":-5.42,"profit_total_abs":-52.1052908,"profit_total":-0.052105290799999995,"profit_total_pct":-5.21,"duration_avg":"21:25:00","wins":0,"draws":0,"losses":3,"winrate":0.0,"cagr":-0.5022041253722903,"expectancy":-17.368430266666667,"expectancy_ratio":-1.0,"sortino":-6.919670168477708,"sharpe":-6.919670168477708,"calmar":-68.23204705193851,"sqn":-4.7807,"profit_factor":0.0,"max_drawdown_account":0.05210529080000004,"max_drawdown_abs":52.1052908},{"key":"stop_loss","trades":6,"profit_mean":-0.0720536532865239,"profit_mean_pct":-7.21,"profit_total_abs":-138.30012666,"profit_total":-0.13830012666,"profit_total_pct":-13.83,"duration_avg":"14:15:00","wins":0,"draws":0,"losses":6,"winrate":0.0,"cagr":-0.8563453576700797,"expectancy":-23.05002111,"expectancy_ratio":-1.0,"sortino":-109.54581100903732,"sharpe":-109.54581100903732,"calmar":-68.2320470519386,"sqn":-59.833,"profit_factor":0.0,"max_drawdown_account":0.13830012665999994,"max_drawdown_abs":138.30012666},{"key":"TOTAL","trades":30,"profit_mean":-0.004051035593268191,"profit_mean_pct":-0.41,"profit_total_abs":-43.38151117999999,"profit_total":-0.04338151117999999,"profit_total_pct":-4.34,"duration_avg":"9:52:00","wins":21,"draws":0,"losses":9,"winrate":0.7,"cagr":-0.43906038332081143,"expectancy":-1.446050372666667,"expectancy_ratio":-0.06835127659502682,"sortino":-7.294239426651971,"sharpe":-2.1858218779942815,"calmar":-25.392689776354878,"sqn":-0.575,"profit_factor":0.7721624113499108,"max_drawdown_account":0.11656934881999996,"max_drawdown_abs":116.56934882}],"mix_tag_stats":[{"key":["","trailing_stop_loss"],"trades":19,"profit_mean":0.01859822852771055,"profit_mean_pct":1.86,"profit_total_abs":109.19468028,"profit_total":0.10919468028,"profit_total_pct":10.92,"duration_avg":"7:37:00","wins":19,"draws":0,"losses":0,"winrate":1.0,"cagr":2.8610776427560904,"expectancy":5.747088435789474,"expectancy_ratio":100.0,"sortino":-100,"sharpe":48.80468176971241,"calmar":-100,"sqn":15.9719,"profit_factor":0.0,"max_drawdown_account":0.0,"max_drawdown_abs":0.0},{"key":["","roi"],"trades":2,"profit_mean":0.05997001499250375,"profit_mean_pct":6.0,"profit_total_abs":37.829226000000006,"profit_total":0.03782922600000001,"profit_total_pct":3.78,"duration_avg":"0:52:00","wins":2,"draws":0,"losses":0,"winrate":1.0,"cagr":0.6226041420398138,"expectancy":18.914613000000003,"expectancy_ratio":100.0,"sortino":-100,"sharpe":59.2288926759236,"calmar":-100,"sqn":43.4025,"profit_factor":0.0,"max_drawdown_account":0.0,"max_drawdown_abs":0.0},{"key":["","exit_signal"],"trades":3,"profit_mean":-0.05417184003013678,"profit_mean_pct":-5.42,"profit_total_abs":-52.1052908,"profit_total":-0.052105290799999995,"profit_total_pct":-5.21,"duration_avg":"21:25:00","wins":0,"draws":0,"losses":3,"winrate":0.0,"cagr":-0.5022041253722903,"expectancy":-17.368430266666667,"expectancy_ratio":-1.0,"sortino":-6.919670168477708,"sharpe":-6.919670168477708,"calmar":-68.23204705193851,"sqn":-4.7807,"profit_factor":0.0,"max_drawdown_account":0.05210529080000004,"max_drawdown_abs":52.1052908},{"key":["","stop_loss"],"trades":6,"profit_mean":-0.0720536532865239,"profit_mean_pct":-7.21,"profit_total_abs":-138.30012666,"profit_total":-0.13830012666,"profit_total_pct":-13.83,"duration_avg":"14:15:00","wins":0,"draws":0,"losses":6,"winrate":0.0,"cagr":-0.8563453576700797,"expectancy":-23.05002111,"expectancy_ratio":-1.0,"sortino":-109.54581100903732,"sharpe":-109.54581100903732,"calmar":-68.2320470519386,"sqn":-59.833,"profit_factor":0.0,"max_drawdown_account":0.13830012665999994,"max_drawdown_abs":138.30012666},{"key":"TOTAL","trades":30,"profit_mean":-0.004051035593268191,"profit_mean_pct":-0.41,"profit_total_abs":-43.38151117999999,"profit_total":-0.04338151117999999,"profit_total_pct":-4.34,"duration_avg":"9:52:00","wins":21,"draws":0,"losses":9,"winrate":0.7,"cagr":-0.43906038332081143,"expectancy":-1.446050372666667,"expectancy_ratio":-0.06835127659502682,"sortino":-7.294239426651971,"sharpe":-2.1858218779942815,"calmar":-25.392689776354878,"sqn":-0.575,"profit_factor":0.7721624113499108,"max_drawdown_account":0.11656934881999996,"max_drawdown_abs":116.56934882}],"left_open_trades":[{"key":"TOTAL","trades":0,"profit_mean":0.0,"profit_mean_pct":0.0,"profit_total_abs":0.0,"profit_total":0.0,"profit_total_pct":0.0,"duration_avg":"0:00","wins":0,"draws":0,"losses":0,"winrate":0.0,"cagr":0.0,"expectancy":0.0,"expectancy_ratio":100.0,"sortino":0,"sharpe":0,"calmar":0,"sqn":0.0,"profit_factor":0.0,"max_drawdown_account":0.0,"max_drawdown_abs":0.0}],"total_trades":30,"trade_count_long":30,"trade_count_short":0,"total_volume":37628.78754145263,"avg_stake_amount":313.6143548333334,"profit_mean":-0.004051035593268191,"profit_median":0.01596428309734188,"profit_total":-0.04338151117999999,"profit_total_long":-0.04338151117999999,"profit_total_short":0.0,"profit_total_abs":-43.38151117999999,"profit_total_long_abs":-43.38151117999999,"profit_total_short_abs":0.0,"cagr":-0.43906038332081143,"expectancy":-1.446050372666667,"expectancy_ratio":-0.06835127659502682,"sortino":-7.294239426651971,"sharpe":-2.1858218779942815,"calmar":-25.392689776354878,"sqn":-0.575,"profit_factor":0.7721624113499108,"backtest_start":"2026-01-22 02:00:00","backtest_start_ts":1769047200000,"backtest_end":"2026-02-20 00:00:00","backtest_end_ts":1771545600000,"backtest_days":28,"backtest_run_start_ts":1771601764,"backtest_run_end_ts":1771601765,"trades_per_day":1.07,"market_change":-0.3004948512428234,"pairlist":["BTC/USDT:USDT","ETH/USDT:USDT","SOL/USDT:USDT","DOGE/USDT:USDT"],"stake_amount":"unlimited","stake_currency":"USDT","stake_currency_decimals":3,"starting_balance":1000,"dry_run_wallet":1000,"final_balance":956.61848882,"rejected_signals":0,"timedout_entry_orders":0,"timedout_exit_orders":0,"canceled_trade_entries":0,"canceled_entry_orders":0,"replaced_entry_orders":0,"max_open_trades":3,"max_open_trades_setting":3,"timeframe":"15m","timeframe_detail":"","timerange":"20260120-20260220","enable_protections":false,"strategy_name":"SupertrendFuturesStrategyV4","freqaimodel":null,"freqai_identifier":null,"stoploss":-0.07,"trailing_stop":true,"trailing_stop_positive":0.02,"trailing_stop_positive_offset":0.03,"trailing_only_offset_is_reached":true,"use_custom_stoploss":false,"minimal_roi":{"0":0.06},"use_exit_signal":true,"exit_profit_only":false,"exit_profit_offset":0.0,"ignore_roi_if_entry_signal":false,"trading_mode":"futures","margin_mode":"isolated","periodic_breakdown":{"day":[{"date":"23/01/2026","date_ts":1769126400000,"profit_abs":-21.08324334,"wins":0,"draws":0,"losses":1,"trades":1,"profit_factor":0.0},{"date":"24/01/2026","date_ts":1769212800000,"profit_abs":0.0,"wins":0,"draws":0,"losses":0,"trades":0,"profit_factor":0.0},{"date":"25/01/2026","date_ts":1769299200000,"profit_abs":0.0,"wins":0,"draws":0,"losses":0,"trades":0,"profit_factor":0.0},{"date":"26/01/2026","date_ts":1769385600000,"profit_abs":0.0,"wins":0,"draws":0,"losses":0,"trades":0,"profit_factor":0.0},{"date":"27/01/2026","date_ts":1769472000000,"profit_abs":0.0,"wins":0,"draws":0,"losses":0,"trades":0,"profit_factor":0.0},{"date":"28/01/2026","date_ts":1769558400000,"profit_abs":15.38828578,"wins":3,"draws":0,"losses":0,"trades":3,"profit_factor":0.0},{"date":"29/01/2026","date_ts":1769644800000,"profit_abs":-70.6092219,"wins":0,"draws":0,"losses":3,"trades":3,"profit_factor":0.0},{"date":"30/01/2026","date_ts":1769731200000,"profit_abs":0.0,"wins":0,"draws":0,"losses":0,"trades":0,"profit_factor":0.0},{"date":"31/01/2026","date_ts":1769817600000,"profit_abs":0.0,"wins":0,"draws":0,"losses":0,"trades":0,"profit_factor":0.0},{"date":"01/02/2026","date_ts":1769904000000,"profit_abs":0.0,"wins":0,"draws":0,"losses":0,"trades":0,"profit_factor":0.0},{"date":"02/02/2026","date_ts":1769990400000,"profit_abs":0.0,"wins":0,"draws":0,"losses":0,"trades":0,"profit_factor":0.0},{"date":"03/02/2026","date_ts":1770076800000,"profit_abs":0.0,"wins":0,"draws":0,"losses":0,"trades":0,"profit_factor":0.0},{"date":"04/02/2026","date_ts":1770163200000,"profit_abs":0.0,"wins":0,"draws":0,"losses":0,"trades":0,"profit_factor":0.0},{"date":"05/02/2026","date_ts":1770249600000,"profit_abs":0.0,"wins":0,"draws":0,"losses":0,"trades":0,"profit_factor":0.0},{"date":"06/02/2026","date_ts":1770336000000,"profit_abs":0.0,"wins":0,"draws":0,"losses":0,"trades":0,"profit_factor":0.0},{"date":"07/02/2026","date_ts":1770422400000,"profit_abs":0.0,"wins":0,"draws":0,"losses":0,"trades":0,"profit_factor":0.0},{"date":"08/02/2026","date_ts":1770508800000,"profit_abs":0.0,"wins":0,"draws":0,"losses":0,"trades":0,"profit_factor":0.0},{"date":"09/02/2026","date_ts":1770595200000,"profit_abs":0.0,"wins":0,"draws":0,"losses":0,"trades":0,"profit_factor":0.0},{"date":"10/02/2026","date_ts":1770681600000,"profit_abs":0.0,"wins":0,"draws":0,"losses":0,"trades":0,"profit_factor":0.0},{"date":"11/02/2026","date_ts":1770768000000,"profit_abs":0.0,"wins":0,"draws":0,"losses":0,"trades":0,"profit_factor":0.0},{"date":"12/02/2026","date_ts":1770854400000,"profit_abs":-40.26516936,"wins":1,"draws":0,"losses":2,"trades":3,"profit_factor":0.07886224},{"date":"13/02/2026","date_ts":1770940800000,"profit_abs":23.97385653,"wins":4,"draws":0,"losses":0,"trades":4,"profit_factor":0.0},{"date":"14/02/2026","date_ts":1771027200000,"profit_abs":52.43351008,"wins":6,"draws":0,"losses":0,"trades":6,"profit_factor":0.0},{"date":"15/02/2026","date_ts":1771113600000,"profit_abs":-3.21952897,"wins":7,"draws":0,"losses":3,"trades":10,"profit_factor":0.94146367}],"week":[{"date":"26/01/2026","date_ts":1769385600000,"profit_abs":-21.08324334,"wins":0,"draws":0,"losses":1,"trades":1,"profit_factor":0.0},{"date":"02/02/2026","date_ts":1769990400000,"profit_abs":-55.22093612,"wins":3,"draws":0,"losses":3,"trades":6,"profit_factor":0.21793592},{"date":"09/02/2026","date_ts":1770595200000,"profit_abs":0.0,"wins":0,"draws":0,"losses":0,"trades":0,"profit_factor":0.0},{"date":"16/02/2026","date_ts":1771200000000,"profit_abs":32.92266828,"wins":18,"draws":0,"losses":5,"trades":23,"profit_factor":1.33351923}],"month":[{"date":"31/01/2026","date_ts":1769817600000,"profit_abs":-76.30417946,"wins":3,"draws":0,"losses":4,"trades":7,"profit_factor":0.16782498},{"date":"28/02/2026","date_ts":1772236800000,"profit_abs":32.92266828,"wins":18,"draws":0,"losses":5,"trades":23,"profit_factor":1.33351923}],"year":[{"date":"31/12/2026","date_ts":1798675200000,"profit_abs":-43.38151118,"wins":21,"draws":0,"losses":9,"trades":30,"profit_factor":0.77216241}],"weekday":[{"date":"Wednesday","date_ts":2,"profit_abs":15.38828578,"wins":3,"draws":0,"losses":0,"trades":3,"profit_factor":0.0},{"date":"Thursday","date_ts":3,"profit_abs":-110.87439126,"wins":1,"draws":0,"losses":5,"trades":6,"profit_factor":0.03015404},{"date":"Friday","date_ts":4,"profit_abs":2.89061319,"wins":4,"draws":0,"losses":1,"trades":5,"profit_factor":1.13710477},{"date":"Saturday","date_ts":5,"profit_abs":52.43351008,"wins":6,"draws":0,"losses":0,"trades":6,"profit_factor":0.0},{"date":"Sunday","date_ts":6,"profit_abs":-3.21952897,"wins":7,"draws":0,"losses":3,"trades":10,"profit_factor":0.94146367}]},"backtest_best_day":0.1724323384838614,"backtest_worst_day":-0.21653134735932755,"backtest_best_day_abs":52.43351008,"backtest_worst_day_abs":-70.6092219,"winning_days":3,"draw_days":17,"losing_days":4,"daily_profit":[["2026-01-23",-21.08324334],["2026-01-24",0.0],["2026-01-25",0.0],["2026-01-26",0.0],["2026-01-27",0.0],["2026-01-28",15.38828578],["2026-01-29",-70.6092219],["2026-01-30",0.0],["2026-01-31",0.0],["2026-02-01",0.0],["2026-02-02",0.0],["2026-02-03",0.0],["2026-02-04",0.0],["2026-02-05",0.0],["2026-02-06",0.0],["2026-02-07",0.0],["2026-02-08",0.0],["2026-02-09",0.0],["2026-02-10",0.0],["2026-02-11",0.0],["2026-02-12",-40.26516936],["2026-02-13",23.97385653],["2026-02-14",52.43351008],["2026-02-15",-3.21952897]],"wins":21,"losses":9,"draws":0,"winrate":0.7,"holding_avg":"9:52:00","holding_avg_s":35520.0,"winner_holding_min":"0d 00:15","winner_holding_min_s":900.0,"winner_holding_max":"1d 02:00","winner_holding_max_s":93600.0,"winner_holding_avg":"0d 06:59","winner_holding_avg_s":25140.0,"loser_holding_min":"0d 04:00","loser_holding_min_s":14400.0,"loser_holding_max":"1d 11:45","loser_holding_max_s":128700.0,"loser_holding_avg":"0d 16:38","loser_holding_avg_s":59880.0,"max_consecutive_wins":17,"max_consecutive_losses":3,"max_drawdown_account":0.11656934881999996,"max_relative_drawdown":0.11656934881999996,"max_drawdown_abs":116.56934882,"drawdown_start":"2026-01-23 14:45:00","drawdown_start_ts":1769179500000.0,"drawdown_end":"2026-02-12 16:45:00","drawdown_end_ts":1770914700000.0,"drawdown_duration":"20 days 02:00:00","drawdown_duration_s":1735200.0,"max_drawdown_low":-116.56934882,"max_drawdown_high":0.0,"csum_min":883.43065118,"csum_max":1011.61901168}},"strategy_comparison":[{"key":"SupertrendFuturesStrategyV4","trades":30,"profit_mean":-0.004051035593268191,"profit_mean_pct":-0.41,"profit_total_abs":-43.38151117999999,"profit_total":-0.04338151117999999,"profit_total_pct":-4.34,"duration_avg":"9:52:00","wins":21,"draws":0,"losses":9,"winrate":0.7,"cagr":-0.43906038332081143,"expectancy":-1.446050372666667,"expectancy_ratio":-0.06835127659502682,"sortino":-7.294239426651971,"sharpe":-2.1858218779942815,"calmar":-25.392689776354878,"sqn":-0.575,"profit_factor":0.7721624113499108,"max_drawdown_account":0.11656934881999996,"max_drawdown_abs":"116.569"}]}