{
  "strategy_name": "SupertrendFuturesStrategyV8_1",
  "params": {
    "roi": {
      "0": 0.06
    },
    "stoploss": {
      "stoploss": -0.03
    },
    "trailing": {
      "trailing_stop": true,
      "trailing_stop_positive": 0.02,
      "trailing_stop_positive_offset": 0.03,
      "trailing_only_offset_is_reached": true
    },
    "max_open_trades": {
      "max_open_trades": 3
    },
    "buy": {
      "adx_threshold_long": 34,
      "adx_threshold_short": 23,
      "alpha_threshold": 0.118,
      "atr_multiplier": 4.622,
      "atr_period": 21,
      "ema_fast": 21,
      "ema_slow": 47
    }
  },
  "ft_stratparam_v": 1,
  "export_time": "2026-02-23 02:06:36.828147+00:00"
}