{"strategy":{"SupertrendStrategyV2_5":{"trades":[{"pair":"DOGE/USDT","stake_amount":329.99999992,"max_stake_amount":329.99999992,"amount":2630.530091,"open_date":"2026-01-21 16:15:00+00:00","close_date":"2026-01-21 16:45:00+00:00","open_rate":0.12545,"close_rate":0.1213,"fee_open":0.0015,"fee_close":0.0015,"trade_duration":30,"profit_ratio":-0.03597732139072733,"profit_abs":-11.89032483,"exit_reason":"exit_signal","initial_stop_loss_abs":0.11542,"initial_stop_loss_ratio":-0.08,"stop_loss_abs":0.11542,"stop_loss_ratio":-0.08,"min_rate":0.12039,"max_rate":0.1255,"is_open":false,"enter_tag":"","leverage":1.0,"is_short":false,"open_timestamp":1769012100000,"close_timestamp":1769013900000,"orders":[{"amount":2630.530091,"safe_price":0.12545,"ft_order_side":"buy","order_filled_timestamp":1769012100000,"ft_is_entry":true,"ft_order_tag":"","cost":330.49499991582394},{"amount":2630.530091,"safe_price":0.1213,"ft_order_side":"sell","order_filled_timestamp":1769013900000,"ft_is_entry":false,"ft_order_tag":"exit_signal","cost":319.5619249883575}],"funding_fees":0.0,"weekday":2},{"pair":"BTC/USDT","stake_amount":326.07604073,"max_stake_amount":326.07604073,"amount":0.00364081,"open_date":"2026-01-23 07:15:00+00:00","close_date":"2026-01-25 08:45:00+00:00","open_rate":89561.4,"close_rate":88316.0,"fee_open":0.0015,"fee_close":0.0015,"trade_duration":2970,"profit_ratio":-0.016859396721167246,"profit_abs":-5.5056915,"exit_reason":"exit_signal","initial_stop_loss_abs":82396.488,"initial_stop_loss_ratio":-0.08,"stop_loss_abs":82396.488,"stop_loss_ratio":-0.08,"min_rate":88133.5,"max_rate":91222.0,"is_open":false,"enter_tag":"","leverage":1.0,"is_short":false,"open_timestamp":1769152500000,"close_timestamp":1769330700000,"orders":[{"amount":0.00364081,"safe_price":89561.4,"ft_order_side":"buy","order_filled_timestamp":1769152500000,"ft_is_entry":true,"ft_order_tag":"","cost":326.565154795101},{"amount":0.00364081,"safe_price":88316.0,"ft_order_side":"sell","order_filled_timestamp":1769330700000,"ft_is_entry":false,"ft_order_tag":"exit_signal","cost":322.02408862394003}],"funding_fees":0.0,"weekday":6},{"pair":"SOL/USDT","stake_amount":324.2592396,"max_stake_amount":324.2592396,"amount":2.579628,"open_date":"2026-01-27 16:30:00+00:00","close_date":"2026-01-29 15:15:00+00:00","open_rate":125.7,"close_rate":117.77,"fee_open":0.0015,"fee_close":0.0015,"trade_duration":2805,"profit_ratio":-0.0658932444495562,"profit_abs":-21.39854308,"exit_reason":"exit_signal","initial_stop_loss_abs":115.644,"initial_stop_loss_ratio":-0.08,"stop_loss_abs":115.644,"stop_loss_ratio":-0.08,"min_rate":117.34,"max_rate":128.33,"is_open":false,"enter_tag":"","leverage":1.0,"is_short":false,"open_timestamp":1769531400000,"close_timestamp":1769699700000,"orders":[{"amount":2.579628,"safe_price":125.7,"ft_order_side":"buy","order_filled_timestamp":1769531400000,"ft_is_entry":true,"ft_order_tag":"","cost":324.7456284594},{"amount":2.579628,"safe_price":117.77,"ft_order_side":"sell","order_filled_timestamp":1769699700000,"ft_is_entry":false,"ft_order_tag":"exit_signal","cost":304.25849374434}],"funding_fees":0.0,"weekday":3},{"pair":"DOGE/USDT","stake_amount":324.25931454,"max_stake_amount":324.25931454,"amount":2600.106764,"open_date":"2026-01-27 16:30:00+00:00","close_date":"2026-01-29 15:15:00+00:00","open_rate":0.12471,"close_rate":0.11619,"fee_open":0.0015,"fee_close":0.0015,"trade_duration":2805,"profit_ratio":-0.07110935713818088,"profit_abs":-23.09245821,"exit_reason":"exit_signal","initial_stop_loss_abs":0.11474,"initial_stop_loss_ratio":-0.08,"stop_loss_abs":0.11474,"stop_loss_ratio":-0.08,"min_rate":0.11557,"max_rate":0.1277,"is_open":false,"enter_tag":"","leverage":1.0,"is_short":false,"open_timestamp":1769531400000,"close_timestamp":1769699700000,"orders":[{"amount":2600.106764,"safe_price":0.12471,"ft_order_side":"buy","order_filled_timestamp":1769531400000,"ft_is_entry":true,"ft_order_tag":"","cost":324.7457035102477},{"amount":2600.106764,"safe_price":0.11619,"ft_order_side":"sell","order_filled_timestamp":1769699700000,"ft_is_entry":false,"ft_order_tag":"exit_signal","cost":302.5595645165238}],"funding_fees":0.0,"weekday":3},{"pair":"DOGE/USDT","stake_amount":309.57728413,"max_stake_amount":309.57728413,"amount":3370.098891,"open_date":"2026-02-12 05:00:00+00:00","close_date":"2026-02-14 14:30:00+00:00","open_rate":0.09186,"close_rate":0.10133579369053579,"fee_open":0.0015,"fee_close":0.0015,"trade_duration":3450,"profit_ratio":0.09985022465421313,"profit_abs":30.95772841,"exit_reason":"roi","initial_stop_loss_abs":0.08452,"initial_stop_loss_ratio":-0.08,"stop_loss_abs":0.09888,"stop_loss_ratio":-0.03,"min_rate":0.09071,"max_rate":0.10193,"is_open":false,"enter_tag":"","leverage":1.0,"is_short":false,"open_timestamp":1770872400000,"close_timestamp":1771079400000,"orders":[{"amount":3370.098891,"safe_price":0.09186,"ft_order_side":"buy","order_filled_timestamp":1770872400000,"ft_is_entry":true,"ft_order_tag":"","cost":310.0416500534509},{"amount":3370.098891,"safe_price":0.10133579369053579,"ft_order_side":"sell","order_filled_timestamp":1771079400000,"ft_is_entry":false,"ft_order_tag":"roi","cost":342.0239134039821}],"funding_fees":0.0,"weekday":5},{"pair":"DOGE/USDT","stake_amount":319.79333452,"max_stake_amount":319.79333452,"amount":3103.58438,"open_date":"2026-02-14 16:30:00+00:00","close_date":"2026-02-14 23:15:00+00:00","open_rate":0.10304,"close_rate":0.11022,"fee_open":0.0015,"fee_close":0.0015,"trade_duration":405,"profit_ratio":0.06647743834220947,"profit_abs":21.29093024,"exit_reason":"trailing_stop_loss","initial_stop_loss_abs":0.0948,"initial_stop_loss_ratio":-0.08,"stop_loss_abs":0.11022,"stop_loss_ratio":-0.03,"min_rate":0.10247,"max_rate":0.11362,"is_open":false,"enter_tag":"","leverage":1.0,"is_short":false,"open_timestamp":1771086600000,"close_timestamp":1771110900000,"orders":[{"amount":3103.58438,"safe_price":0.10304,"ft_order_side":"buy","order_filled_timestamp":1771086600000,"ft_is_entry":true,"ft_order_tag":"","cost":320.27302451697284},{"amount":3103.58438,"safe_price":0.11022,"ft_order_side":"sell","order_filled_timestamp":1771110900000,"ft_is_entry":false,"ft_order_tag":"trailing_stop_loss","cost":342.59018596914535}],"funding_fees":0.0,"weekday":5},{"pair":"ETH/USDT","stake_amount":309.5769516,"max_stake_amount":309.5769516,"amount":0.155668,"open_date":"2026-02-12 11:15:00+00:00","close_date":"2026-02-15 03:30:00+00:00","open_rate":1988.7,"close_rate":2044.7114999999997,"fee_open":0.0015,"fee_close":0.0015,"trade_duration":3855,"profit_ratio":0.025085006748673665,"profit_abs":7.77738853,"exit_reason":"trailing_stop_loss","initial_stop_loss_abs":1829.604,"initial_stop_loss_ratio":-0.08,"stop_loss_abs":2044.7114999999997,"stop_loss_ratio":-0.03,"min_rate":1896.4,"max_rate":2107.95,"is_open":false,"enter_tag":"","leverage":1.0,"is_short":false,"open_timestamp":1770894900000,"close_timestamp":1771126200000,"orders":[{"amount":0.155668,"safe_price":1988.7,"ft_order_side":"buy","order_filled_timestamp":1770894900000,"ft_is_entry":true,"ft_order_tag":"","cost":310.04131702740005},{"amount":0.155668,"safe_price":2044.7114999999997,"ft_order_side":"sell","order_filled_timestamp":1771126200000,"ft_is_entry":false,"ft_order_tag":"trailing_stop_loss","cost":318.77359400667297}],"funding_fees":0.0,"weekday":6},{"pair":"DOGE/USDT","stake_amount":326.81934148,"max_stake_amount":326.81934148,"amount":2952.564292,"open_date":"2026-02-14 23:30:00+00:00","close_date":"2026-02-15 04:15:00+00:00","open_rate":0.11069,"close_rate":0.11406,"fee_open":0.0015,"fee_close":0.0015,"trade_duration":285,"profit_ratio":0.027358681924555272,"profit_abs":8.95475843,"exit_reason":"trailing_stop_loss","initial_stop_loss_abs":0.10184,"initial_stop_loss_ratio":-0.08,"stop_loss_abs":0.11406,"stop_loss_ratio":-0.03,"min_rate":0.11049,"max_rate":0.11758,"is_open":false,"enter_tag":"","leverage":1.0,"is_short":false,"open_timestamp":1771111800000,"close_timestamp":1771128900000,"orders":[{"amount":2952.564292,"safe_price":0.11069,"ft_order_side":"buy","order_filled_timestamp":1771111800000,"ft_is_entry":true,"ft_order_tag":"","cost":327.3095704937022},{"amount":2952.564292,"safe_price":0.11406,"ft_order_side":"sell","order_filled_timestamp":1771128900000,"ft_is_entry":false,"ft_order_tag":"trailing_stop_loss","cost":337.2746373702383}],"funding_fees":0.0,"weekday":6},{"pair":"DOGE/USDT","stake_amount":332.34095,"max_stake_amount":332.34095,"amount":2902.541048,"open_date":"2026-02-15 04:30:00+00:00","close_date":"2026-02-15 17:45:00+00:00","open_rate":0.1145,"close_rate":0.10534,"fee_open":0.0015,"fee_close":0.0015,"trade_duration":795,"profit_ratio":-0.0827558662137128,"profit_abs":-27.54441794,"exit_reason":"stop_loss","initial_stop_loss_abs":0.10534,"initial_stop_loss_ratio":-0.08,"stop_loss_abs":0.10534,"stop_loss_ratio":-0.08,"min_rate":0.10318,"max_rate":0.1169,"is_open":false,"enter_tag":"","leverage":1.0,"is_short":false,"open_timestamp":1771129800000,"close_timestamp":1771177500000,"orders":[{"amount":2902.541048,"safe_price":0.1145,"ft_order_side":"buy","order_filled_timestamp":1771129800000,"ft_is_entry":true,"ft_order_tag":"","cost":332.83946142099404},{"amount":2902.541048,"safe_price":0.10534,"ft_order_side":"sell","order_filled_timestamp":1771177500000,"ft_is_entry":false,"ft_order_tag":"stop_loss","cost":306.2123045073145}],"funding_fees":0.0,"weekday":6},{"pair":"DOGE/USDT","stake_amount":323.25129203,"max_stake_amount":323.25129203,"amount":3171.306701,"open_date":"2026-02-17 16:30:00+00:00","close_date":"2026-02-20 00:00:00+00:00","open_rate":0.10193,"close_rate":0.09836,"fee_open":0.0015,"fee_close":0.0015,"trade_duration":3330,"profit_ratio":-0.03791462810292385,"profit_abs":-12.27433645,"exit_reason":"force_exit","initial_stop_loss_abs":0.09378,"initial_stop_loss_ratio":-0.08,"stop_loss_abs":0.09378,"stop_loss_ratio":-0.08,"min_rate":0.09557,"max_rate":0.10339,"is_open":false,"enter_tag":"","leverage":1.0,"is_short":false,"open_timestamp":1771345800000,"close_timestamp":1771545600000,"orders":[{"amount":3171.306701,"safe_price":0.10193,"ft_order_side":"buy","order_filled_timestamp":1771345800000,"ft_is_entry":true,"ft_order_tag":"","cost":323.7361689709794},{"amount":3171.306701,"safe_price":0.09836,"ft_order_side":"sell","order_filled_timestamp":1771545600000,"ft_is_entry":false,"ft_order_tag":"force_exit","cost":312.39762170102557}],"funding_fees":0.0,"weekday":4}],"locks":[],"best_pair":{"key":"ETH/USDT","trades":1,"profit_mean":0.025085006748673665,"profit_mean_pct":2.51,"profit_total_abs":7.77738853,"profit_total":0.007777388529999999,"profit_total_pct":0.78,"duration_avg":"2 days, 16:15:00","wins":1,"draws":0,"losses":0,"winrate":1.0,"cagr":0.09550803668933239,"expectancy":7.77738853,"expectancy_ratio":100.0,"sortino":-100,"sharpe":-100,"calmar":-100,"sqn":-100.0,"profit_factor":0.0,"max_drawdown_account":0.0,"max_drawdown_abs":0.0},"worst_pair":{"key":"SOL/USDT","trades":1,"profit_mean":-0.0658932444495562,"profit_mean_pct":-6.59,"profit_total_abs":-21.39854308,"profit_total":-0.02139854308,"profit_total_pct":-2.14,"duration_avg":"1 day, 22:45:00","wins":0,"draws":0,"losses":1,"winrate":0.0,"cagr":-0.22483964350369923,"expectancy":-21.39854308,"expectancy_ratio":-1.0,"sortino":-100,"sharpe":-100,"calmar":-61.62894572433169,"sqn":-100.0,"profit_factor":0.0,"max_drawdown_account":0.021398543079999967,"max_drawdown_abs":21.39854308},"results_per_pair":[{"key":"ETH/USDT","trades":1,"profit_mean":0.025085006748673665,"profit_mean_pct":2.51,"profit_total_abs":7.77738853,"profit_total":0.007777388529999999,"profit_total_pct":0.78,"duration_avg":"2 days, 16:15:00","wins":1,"draws":0,"losses":0,"winrate":1.0,"cagr":0.09550803668933239,"expectancy":7.77738853,"expectancy_ratio":100.0,"sortino":-100,"sharpe":-100,"calmar":-100,"sqn":-100.0,"profit_factor":0.0,"max_drawdown_account":0.0,"max_drawdown_abs":0.0},{"key":"BTC/USDT","trades":1,"profit_mean":-0.016859396721167246,"profit_mean_pct":-1.69,"profit_total_abs":-5.5056915,"profit_total":-0.0055056915,"profit_total_pct":-0.55,"duration_avg":"2 days, 1:30:00","wins":0,"draws":0,"losses":1,"winrate":0.0,"cagr":-0.06293646152182886,"expectancy":-5.5056915,"expectancy_ratio":-1.0,"sortino":-100,"sharpe":-100,"calmar":-61.62894572433147,"sqn":-100.0,"profit_factor":0.0,"max_drawdown_account":0.005505691500000012,"max_drawdown_abs":5.5056915},{"key":"DOGE/USDT","trades":7,"profit_mean":-0.0048672611320809975,"profit_mean_pct":-0.49,"profit_total_abs":-13.598120349999999,"profit_total":-0.013598120349999998,"profit_total_pct":-1.36,"duration_avg":"1 day, 2:26:00","wins":3,"draws":0,"losses":4,"winrate":0.42857142857142855,"cagr":-0.14888280675221077,"expectancy":-1.9425886214285715,"expectancy_ratio":-0.10387960933270735,"sortino":-1.2316821073539594,"sharpe":-0.40151493019792933,"calmar":-21.59815687843966,"sqn":-0.228,"profit_factor":0.8182106836677622,"max_drawdown_account":0.03880135817698637,"max_drawdown_abs":39.818754389999995},{"key":"SOL/USDT","trades":1,"profit_mean":-0.0658932444495562,"profit_mean_pct":-6.59,"profit_total_abs":-21.39854308,"profit_total":-0.02139854308,"profit_total_pct":-2.14,"duration_avg":"1 day, 22:45:00","wins":0,"draws":0,"losses":1,"winrate":0.0,"cagr":-0.22483964350369923,"expectancy":-21.39854308,"expectancy_ratio":-1.0,"sortino":-100,"sharpe":-100,"calmar":-61.62894572433169,"sqn":-100.0,"profit_factor":0.0,"max_drawdown_account":0.021398543079999967,"max_drawdown_abs":21.39854308},{"key":"TOTAL","trades":10,"profit_mean":-0.009173846234661678,"profit_mean_pct":-0.92,"profit_total_abs":-32.7249664,"profit_total":-0.0327249664,"profit_total_pct":-3.27,"duration_avg":"1 day, 10:33:00","wins":4,"draws":0,"losses":6,"winrate":0.4,"cagr":-0.3241308121208124,"expectancy":-3.27249664,"expectancy_ratio":-0.19305669139475612,"sortino":-2.6474519524276108,"sharpe":-1.0753467106464285,"calmar":-32.58850168673185,"sqn":-0.5235,"profit_factor":0.6782388476754064,"max_drawdown_account":0.061887017620000054,"max_drawdown_abs":61.88701762000001}],"results_per_enter_tag":[{"key":"","trades":10,"profit_mean":-0.009173846234661678,"profit_mean_pct":-0.92,"profit_total_abs":-32.7249664,"profit_total":-0.0327249664,"profit_total_pct":-3.27,"duration_avg":"1 day, 10:33:00","wins":4,"draws":0,"losses":6,"winrate":0.4,"cagr":-0.3241308121208124,"expectancy":-3.27249664,"expectancy_ratio":-0.19305669139475612,"sortino":-2.6474519524276108,"sharpe":-1.0753467106464285,"calmar":-32.58850168673185,"sqn":-0.5235,"profit_factor":0.6782388476754064,"max_drawdown_account":0.061887017620000054,"max_drawdown_abs":61.88701762000001},{"key":"TOTAL","trades":10,"profit_mean":-0.009173846234661678,"profit_mean_pct":-0.92,"profit_total_abs":-32.7249664,"profit_total":-0.0327249664,"profit_total_pct":-3.27,"duration_avg":"1 day, 10:33:00","wins":4,"draws":0,"losses":6,"winrate":0.4,"cagr":-0.3241308121208124,"expectancy":-3.27249664,"expectancy_ratio":-0.19305669139475612,"sortino":-2.6474519524276108,"sharpe":-1.0753467106464285,"calmar":-32.58850168673185,"sqn":-0.5235,"profit_factor":0.6782388476754064,"max_drawdown_account":0.061887017620000054,"max_drawdown_abs":61.88701762000001}],"exit_reason_summary":[{"key":"trailing_stop_loss","trades":3,"profit_mean":0.0396403756718128,"profit_mean_pct":3.96,"profit_total_abs":38.0230772,"profit_total":0.038023077200000005,"profit_total_pct":3.8,"duration_avg":"1 day, 1:15:00","wins":3,"draws":0,"losses":0,"winrate":1.0,"cagr":0.551759662958214,"expectancy":12.674359066666668,"expectancy_ratio":100.0,"sortino":-100,"sharpe":3.8341163426155997,"calmar":-100,"sqn":2.9327,"profit_factor":0.0,"max_drawdown_account":0.0,"max_drawdown_abs":0.0},{"key":"roi","trades":1,"profit_mean":0.09985022465421313,"profit_mean_pct":9.99,"profit_total_abs":30.95772841,"profit_total":0.030957728410000003,"profit_total_pct":3.1,"duration_avg":"2 days, 9:30:00","wins":1,"draws":0,"losses":0,"winrate":1.0,"cagr":0.43185958761332244,"expectancy":30.95772841,"expectancy_ratio":100.0,"sortino":-100,"sharpe":-100,"calmar":-100,"sqn":-100.0,"profit_factor":0.0,"max_drawdown_account":0.0,"max_drawdown_abs":0.0},{"key":"force_exit","trades":1,"profit_mean":-0.03791462810292385,"profit_mean_pct":-3.79,"profit_total_abs":-12.27433645,"profit_total":-0.01227433645,"profit_total_pct":-1.23,"duration_avg":"2 days, 7:30:00","wins":0,"draws":0,"losses":1,"winrate":0.0,"cagr":-0.1353363437624272,"expectancy":-12.27433645,"expectancy_ratio":-1.0,"sortino":-100,"sharpe":-100,"calmar":-61.628945724331786,"sqn":-100.0,"profit_factor":0.0,"max_drawdown_account":0.012274336449999965,"max_drawdown_abs":12.27433645},{"key":"stop_loss","trades":1,"profit_mean":-0.0827558662137128,"profit_mean_pct":-8.28,"profit_total_abs":-27.54441794,"profit_total":-0.02754441794,"profit_total_pct":-2.75,"duration_avg":"13:15:00","wins":0,"draws":0,"losses":1,"winrate":0.0,"cagr":-0.28025879531074327,"expectancy":-27.54441794,"expectancy_ratio":-1.0,"sortino":-100,"sharpe":-100,"calmar":-61.62894572433157,"sqn":-100.0,"profit_factor":0.0,"max_drawdown_account":0.027544417940000017,"max_drawdown_abs":27.54441794},{"key":"exit_signal","trades":4,"profit_mean":-0.047459829924907916,"profit_mean_pct":-4.75,"profit_total_abs":-61.88701762000001,"profit_total":-0.06188701762000001,"profit_total_pct":-6.19,"duration_avg":"1 day, 11:52:00","wins":0,"draws":0,"losses":4,"winrate":0.0,"cagr":-0.5286682231708892,"expectancy":-15.471754405000002,"expectancy_ratio":-1.0,"sortino":-5.3231153741298955,"sharpe":-5.3231153741298955,"calmar":-61.62894572433157,"sqn":-3.7401,"profit_factor":0.0,"max_drawdown_account":0.061887017620000054,"max_drawdown_abs":61.88701762000001},{"key":"TOTAL","trades":10,"profit_mean":-0.009173846234661678,"profit_mean_pct":-0.92,"profit_total_abs":-32.7249664,"profit_total":-0.0327249664,"profit_total_pct":-3.27,"duration_avg":"1 day, 10:33:00","wins":4,"draws":0,"losses":6,"winrate":0.4,"cagr":-0.3241308121208124,"expectancy":-3.27249664,"expectancy_ratio":-0.19305669139475612,"sortino":-2.6474519524276108,"sharpe":-1.0753467106464285,"calmar":-32.58850168673185,"sqn":-0.5235,"profit_factor":0.6782388476754064,"max_drawdown_account":0.061887017620000054,"max_drawdown_abs":61.88701762000001}],"mix_tag_stats":[{"key":["","trailing_stop_loss"],"trades":3,"profit_mean":0.0396403756718128,"profit_mean_pct":3.96,"profit_total_abs":38.0230772,"profit_total":0.038023077200000005,"profit_total_pct":3.8,"duration_avg":"1 day, 1:15:00","wins":3,"draws":0,"losses":0,"winrate":1.0,"cagr":0.551759662958214,"expectancy":12.674359066666668,"expectancy_ratio":100.0,"sortino":-100,"sharpe":3.8341163426155997,"calmar":-100,"sqn":2.9327,"profit_factor":0.0,"max_drawdown_account":0.0,"max_drawdown_abs":0.0},{"key":["","roi"],"trades":1,"profit_mean":0.09985022465421313,"profit_mean_pct":9.99,"profit_total_abs":30.95772841,"profit_total":0.030957728410000003,"profit_total_pct":3.1,"duration_avg":"2 days, 9:30:00","wins":1,"draws":0,"losses":0,"winrate":1.0,"cagr":0.43185958761332244,"expectancy":30.95772841,"expectancy_ratio":100.0,"sortino":-100,"sharpe":-100,"calmar":-100,"sqn":-100.0,"profit_factor":0.0,"max_drawdown_account":0.0,"max_drawdown_abs":0.0},{"key":["","force_exit"],"trades":1,"profit_mean":-0.03791462810292385,"profit_mean_pct":-3.79,"profit_total_abs":-12.27433645,"profit_total":-0.01227433645,"profit_total_pct":-1.23,"duration_avg":"2 days, 7:30:00","wins":0,"draws":0,"losses":1,"winrate":0.0,"cagr":-0.1353363437624272,"expectancy":-12.27433645,"expectancy_ratio":-1.0,"sortino":-100,"sharpe":-100,"calmar":-61.628945724331786,"sqn":-100.0,"profit_factor":0.0,"max_drawdown_account":0.012274336449999965,"max_drawdown_abs":12.27433645},{"key":["","stop_loss"],"trades":1,"profit_mean":-0.0827558662137128,"profit_mean_pct":-8.28,"profit_total_abs":-27.54441794,"profit_total":-0.02754441794,"profit_total_pct":-2.75,"duration_avg":"13:15:00","wins":0,"draws":0,"losses":1,"winrate":0.0,"cagr":-0.28025879531074327,"expectancy":-27.54441794,"expectancy_ratio":-1.0,"sortino":-100,"sharpe":-100,"calmar":-61.62894572433157,"sqn":-100.0,"profit_factor":0.0,"max_drawdown_account":0.027544417940000017,"max_drawdown_abs":27.54441794},{"key":["","exit_signal"],"trades":4,"profit_mean":-0.047459829924907916,"profit_mean_pct":-4.75,"profit_total_abs":-61.88701762000001,"profit_total":-0.06188701762000001,"profit_total_pct":-6.19,"duration_avg":"1 day, 11:52:00","wins":0,"draws":0,"losses":4,"winrate":0.0,"cagr":-0.5286682231708892,"expectancy":-15.471754405000002,"expectancy_ratio":-1.0,"sortino":-5.3231153741298955,"sharpe":-5.3231153741298955,"calmar":-61.62894572433157,"sqn":-3.7401,"profit_factor":0.0,"max_drawdown_account":0.061887017620000054,"max_drawdown_abs":61.88701762000001},{"key":"TOTAL","trades":10,"profit_mean":-0.009173846234661678,"profit_mean_pct":-0.92,"profit_total_abs":-32.7249664,"profit_total":-0.0327249664,"profit_total_pct":-3.27,"duration_avg":"1 day, 10:33:00","wins":4,"draws":0,"losses":6,"winrate":0.4,"cagr":-0.3241308121208124,"expectancy":-3.27249664,"expectancy_ratio":-0.19305669139475612,"sortino":-2.6474519524276108,"sharpe":-1.0753467106464285,"calmar":-32.58850168673185,"sqn":-0.5235,"profit_factor":0.6782388476754064,"max_drawdown_account":0.061887017620000054,"max_drawdown_abs":61.88701762000001}],"left_open_trades":[{"key":"DOGE/USDT","trades":1,"profit_mean":-0.03791462810292385,"profit_mean_pct":-3.79,"profit_total_abs":-12.27433645,"profit_total":-0.01227433645,"profit_total_pct":-1.23,"duration_avg":"2 days, 7:30:00","wins":0,"draws":0,"losses":1,"winrate":0.0,"cagr":-0.1353363437624272,"expectancy":-12.27433645,"expectancy_ratio":-1.0,"sortino":-100,"sharpe":-100,"calmar":-61.628945724331786,"sqn":-100.0,"profit_factor":0.0,"max_drawdown_account":0.012274336449999965,"max_drawdown_abs":12.27433645},{"key":"TOTAL","trades":1,"profit_mean":-0.03791462810292385,"profit_mean_pct":-3.79,"profit_total_abs":-12.27433645,"profit_total":-0.01227433645,"profit_total_pct":-1.23,"duration_avg":"2 days, 7:30:00","wins":0,"draws":0,"losses":1,"winrate":0.0,"cagr":-0.1353363437624272,"expectancy":-12.27433645,"expectancy_ratio":-1.0,"sortino":-100,"sharpe":-100,"calmar":-61.628945724331786,"sqn":-100.0,"profit_factor":0.0,"max_drawdown_account":0.012274336449999965,"max_drawdown_abs":12.27433645}],"total_trades":10,"trade_count_long":10,"trade_count_short":0,"total_volume":6438.469007995613,"avg_stake_amount":322.595374855,"profit_mean":-0.009173846234661678,"profit_median":-0.02641835905594729,"profit_total":-0.0327249664,"profit_total_long":-0.0327249664,"profit_total_short":0.0,"profit_total_abs":-32.7249664,"profit_total_long_abs":-32.7249664,"profit_total_short_abs":0.0,"cagr":-0.3241308121208124,"expectancy":-3.27249664,"expectancy_ratio":-0.19305669139475612,"sortino":-2.6474519524276108,"sharpe":-1.0753467106464285,"calmar":-32.58850168673185,"sqn":-0.5235,"profit_factor":0.6782388476754064,"backtest_start":"2026-01-20 00:00:00","backtest_start_ts":1768867200000,"backtest_end":"2026-02-20 00:00:00","backtest_end_ts":1771545600000,"backtest_days":31,"backtest_run_start_ts":1771566730,"backtest_run_end_ts":1771566730,"trades_per_day":0.32,"market_change":-0.3195652300127002,"pairlist":["BTC/USDT","ETH/USDT","SOL/USDT","DOGE/USDT"],"stake_amount":"unlimited","stake_currency":"USDT","stake_currency_decimals":3,"starting_balance":1000,"dry_run_wallet":1000,"final_balance":967.2750336,"rejected_signals":0,"timedout_entry_orders":0,"timedout_exit_orders":0,"canceled_trade_entries":0,"canceled_entry_orders":0,"replaced_entry_orders":0,"max_open_trades":3,"max_open_trades_setting":3,"timeframe":"15m","timeframe_detail":"","timerange":"20260120-20260220","enable_protections":false,"strategy_name":"SupertrendStrategyV2_5","freqaimodel":null,"freqai_identifier":null,"stoploss":-0.08,"trailing_stop":true,"trailing_stop_positive":0.03,"trailing_stop_positive_offset":0.04,"trailing_only_offset_is_reached":true,"use_custom_stoploss":false,"minimal_roi":{"0":0.1},"use_exit_signal":true,"exit_profit_only":false,"exit_profit_offset":0.0,"ignore_roi_if_entry_signal":false,"trading_mode":"spot","margin_mode":"","periodic_breakdown":{"day":[{"date":"21/01/2026","date_ts":1768953600000,"profit_abs":-11.89032483,"wins":0,"draws":0,"losses":1,"trades":1,"profit_factor":0.0},{"date":"22/01/2026","date_ts":1769040000000,"profit_abs":0.0,"wins":0,"draws":0,"losses":0,"trades":0,"profit_factor":0.0},{"date":"23/01/2026","date_ts":1769126400000,"profit_abs":0.0,"wins":0,"draws":0,"losses":0,"trades":0,"profit_factor":0.0},{"date":"24/01/2026","date_ts":1769212800000,"profit_abs":0.0,"wins":0,"draws":0,"losses":0,"trades":0,"profit_factor":0.0},{"date":"25/01/2026","date_ts":1769299200000,"profit_abs":-5.5056915,"wins":0,"draws":0,"losses":1,"trades":1,"profit_factor":0.0},{"date":"26/01/2026","date_ts":1769385600000,"profit_abs":0.0,"wins":0,"draws":0,"losses":0,"trades":0,"profit_factor":0.0},{"date":"27/01/2026","date_ts":1769472000000,"profit_abs":0.0,"wins":0,"draws":0,"losses":0,"trades":0,"profit_factor":0.0},{"date":"28/01/2026","date_ts":1769558400000,"profit_abs":0.0,"wins":0,"draws":0,"losses":0,"trades":0,"profit_factor":0.0},{"date":"29/01/2026","date_ts":1769644800000,"profit_abs":-44.49100129,"wins":0,"draws":0,"losses":2,"trades":2,"profit_factor":0.0},{"date":"30/01/2026","date_ts":1769731200000,"profit_abs":0.0,"wins":0,"draws":0,"losses":0,"trades":0,"profit_factor":0.0},{"date":"31/01/2026","date_ts":1769817600000,"profit_abs":0.0,"wins":0,"draws":0,"losses":0,"trades":0,"profit_factor":0.0},{"date":"01/02/2026","date_ts":1769904000000,"profit_abs":0.0,"wins":0,"draws":0,"losses":0,"trades":0,"profit_factor":0.0},{"date":"02/02/2026","date_ts":1769990400000,"profit_abs":0.0,"wins":0,"draws":0,"losses":0,"trades":0,"profit_factor":0.0},{"date":"03/02/2026","date_ts":1770076800000,"profit_abs":0.0,"wins":0,"draws":0,"losses":0,"trades":0,"profit_factor":0.0},{"date":"04/02/2026","date_ts":1770163200000,"profit_abs":0.0,"wins":0,"draws":0,"losses":0,"trades":0,"profit_factor":0.0},{"date":"05/02/2026","date_ts":1770249600000,"profit_abs":0.0,"wins":0,"draws":0,"losses":0,"trades":0,"profit_factor":0.0},{"date":"06/02/2026","date_ts":1770336000000,"profit_abs":0.0,"wins":0,"draws":0,"losses":0,"trades":0,"profit_factor":0.0},{"date":"07/02/2026","date_ts":1770422400000,"profit_abs":0.0,"wins":0,"draws":0,"losses":0,"trades":0,"profit_factor":0.0},{"date":"08/02/2026","date_ts":1770508800000,"profit_abs":0.0,"wins":0,"draws":0,"losses":0,"trades":0,"profit_factor":0.0},{"date":"09/02/2026","date_ts":1770595200000,"profit_abs":0.0,"wins":0,"draws":0,"losses":0,"trades":0,"profit_factor":0.0},{"date":"10/02/2026","date_ts":1770681600000,"profit_abs":0.0,"wins":0,"draws":0,"losses":0,"trades":0,"profit_factor":0.0},{"date":"11/02/2026","date_ts":1770768000000,"profit_abs":0.0,"wins":0,"draws":0,"losses":0,"trades":0,"profit_factor":0.0},{"date":"12/02/2026","date_ts":1770854400000,"profit_abs":0.0,"wins":0,"draws":0,"losses":0,"trades":0,"profit_factor":0.0},{"date":"13/02/2026","date_ts":1770940800000,"profit_abs":0.0,"wins":0,"draws":0,"losses":0,"trades":0,"profit_factor":0.0},{"date":"14/02/2026","date_ts":1771027200000,"profit_abs":52.24865865,"wins":2,"draws":0,"losses":0,"trades":2,"profit_factor":0.0},{"date":"15/02/2026","date_ts":1771113600000,"profit_abs":-10.81227098,"wins":2,"draws":0,"losses":1,"trades":3,"profit_factor":0.60746054},{"date":"16/02/2026","date_ts":1771200000000,"profit_abs":0.0,"wins":0,"draws":0,"losses":0,"trades":0,"profit_factor":0.0},{"date":"17/02/2026","date_ts":1771286400000,"profit_abs":0.0,"wins":0,"draws":0,"losses":0,"trades":0,"profit_factor":0.0},{"date":"18/02/2026","date_ts":1771372800000,"profit_abs":0.0,"wins":0,"draws":0,"losses":0,"trades":0,"profit_factor":0.0},{"date":"19/02/2026","date_ts":1771459200000,"profit_abs":0.0,"wins":0,"draws":0,"losses":0,"trades":0,"profit_factor":0.0},{"date":"20/02/2026","date_ts":1771545600000,"profit_abs":-12.27433645,"wins":0,"draws":0,"losses":1,"trades":1,"profit_factor":0.0}],"week":[{"date":"26/01/2026","date_ts":1769385600000,"profit_abs":-17.39601633,"wins":0,"draws":0,"losses":2,"trades":2,"profit_factor":0.0},{"date":"02/02/2026","date_ts":1769990400000,"profit_abs":-44.49100129,"wins":0,"draws":0,"losses":2,"trades":2,"profit_factor":0.0},{"date":"09/02/2026","date_ts":1770595200000,"profit_abs":0.0,"wins":0,"draws":0,"losses":0,"trades":0,"profit_factor":0.0},{"date":"16/02/2026","date_ts":1771200000000,"profit_abs":41.43638767,"wins":4,"draws":0,"losses":1,"trades":5,"profit_factor":2.50434791},{"date":"23/02/2026","date_ts":1771804800000,"profit_abs":-12.27433645,"wins":0,"draws":0,"losses":1,"trades":1,"profit_factor":0.0}],"month":[{"date":"31/01/2026","date_ts":1769817600000,"profit_abs":-61.88701762,"wins":0,"draws":0,"losses":4,"trades":4,"profit_factor":0.0},{"date":"28/02/2026","date_ts":1772236800000,"profit_abs":29.16205122,"wins":4,"draws":0,"losses":2,"trades":6,"profit_factor":1.73236975}],"year":[{"date":"31/12/2026","date_ts":1798675200000,"profit_abs":-32.7249664,"wins":4,"draws":0,"losses":6,"trades":10,"profit_factor":0.67823885}],"weekday":[{"date":"Wednesday","date_ts":2,"profit_abs":-11.89032483,"wins":0,"draws":0,"losses":1,"trades":1,"profit_factor":0.0},{"date":"Thursday","date_ts":3,"profit_abs":-44.49100129,"wins":0,"draws":0,"losses":2,"trades":2,"profit_factor":0.0},{"date":"Friday","date_ts":4,"profit_abs":-12.27433645,"wins":0,"draws":0,"losses":1,"trades":1,"profit_factor":0.0},{"date":"Saturday","date_ts":5,"profit_abs":52.24865865,"wins":2,"draws":0,"losses":0,"trades":2,"profit_factor":0.0},{"date":"Sunday","date_ts":6,"profit_abs":-16.31796248,"wins":2,"draws":0,"losses":2,"trades":4,"profit_factor":0.50626601}]},"backtest_best_day":0.1663276629964226,"backtest_worst_day":-0.13700260158773708,"backtest_best_day_abs":52.24865865,"backtest_worst_day_abs":-44.49100129,"winning_days":1,"draw_days":25,"losing_days":5,"daily_profit":[["2026-01-21",-11.89032483],["2026-01-22",0.0],["2026-01-23",0.0],["2026-01-24",0.0],["2026-01-25",-5.5056915],["2026-01-26",0.0],["2026-01-27",0.0],["2026-01-28",0.0],["2026-01-29",-44.49100129],["2026-01-30",0.0],["2026-01-31",0.0],["2026-02-01",0.0],["2026-02-02",0.0],["2026-02-03",0.0],["2026-02-04",0.0],["2026-02-05",0.0],["2026-02-06",0.0],["2026-02-07",0.0],["2026-02-08",0.0],["2026-02-09",0.0],["2026-02-10",0.0],["2026-02-11",0.0],["2026-02-12",0.0],["2026-02-13",0.0],["2026-02-14",52.24865865],["2026-02-15",-10.81227098],["2026-02-16",0.0],["2026-02-17",0.0],["2026-02-18",0.0],["2026-02-19",0.0],["2026-02-20",-12.27433645]],"wins":4,"losses":6,"draws":0,"winrate":0.4,"holding_avg":"1 day, 10:33:00","holding_avg_s":124380.0,"winner_holding_min":"0d 04:45","winner_holding_min_s":17100.0,"winner_holding_max":"2d 16:15","winner_holding_max_s":231300.0,"winner_holding_avg":"1d 09:19","winner_holding_avg_s":119940.0,"loser_holding_min":"0d 00:30","loser_holding_min_s":1800.0,"loser_holding_max":"2d 07:30","loser_holding_max_s":199800.0,"loser_holding_avg":"1d 11:22","loser_holding_avg_s":127320.0,"max_consecutive_wins":4,"max_consecutive_losses":4,"max_drawdown_account":0.061887017620000054,"max_relative_drawdown":0.061887017620000054,"max_drawdown_abs":61.88701762000001,"drawdown_start":"2026-01-21 16:45:00","drawdown_start_ts":1769013900000.0,"drawdown_end":"2026-01-29 15:15:00","drawdown_end_ts":1769699700000.0,"drawdown_duration":"7 days 22:30:00","drawdown_duration_s":685800.0,"max_drawdown_low":-61.88701762000001,"max_drawdown_high":0.0,"csum_min":938.11298238,"csum_max":1007.09378799}},"strategy_comparison":[{"key":"SupertrendStrategyV2_5","trades":10,"profit_mean":-0.009173846234661678,"profit_mean_pct":-0.92,"profit_total_abs":-32.7249664,"profit_total":-0.0327249664,"profit_total_pct":-3.27,"duration_avg":"1 day, 10:33:00","wins":4,"draws":0,"losses":6,"winrate":0.4,"cagr":-0.3241308121208124,"expectancy":-3.27249664,"expectancy_ratio":-0.19305669139475612,"sortino":-2.6474519524276108,"sharpe":-1.0753467106464285,"calmar":-32.58850168673185,"sqn":-0.5235,"profit_factor":0.6782388476754064,"max_drawdown_account":0.061887017620000054,"max_drawdown_abs":"61.887"}]}