{"strategy":{"SupertrendFuturesStrategyV8":{"trades":[{"pair":"BTC/USDT:USDT","stake_amount":398.92424,"max_stake_amount":398.92424,"amount":0.0088,"open_date":"2025-11-27 01:30:00+00:00","close_date":"2025-11-28 13:30:00+00:00","open_rate":90664.6,"close_rate":91706.175,"fee_open":0.0005,"fee_close":0.0005,"trade_duration":2160,"profit_ratio":0.020980674701905625,"profit_abs":8.37388456,"exit_reason":"trailing_stop_loss","initial_stop_loss_abs":89304.63100000001,"initial_stop_loss_ratio":-0.03,"stop_loss_abs":91706.175,"stop_loss_ratio":-0.02,"min_rate":90415.1,"max_rate":92632.5,"is_open":false,"enter_tag":"","leverage":2,"is_short":false,"open_timestamp":1764207000000,"close_timestamp":1764336600000,"orders":[{"amount":0.0088,"safe_price":90664.6,"ft_order_side":"buy","order_filled_timestamp":1764207000000,"ft_is_entry":true,"ft_order_tag":"","cost":798.24740424},{"amount":0.0088,"safe_price":91706.175,"ft_order_side":"sell","order_filled_timestamp":1764336600000,"ft_is_entry":false,"ft_order_tag":"trailing_stop_loss","cost":807.4178471700001}],"funding_fees":0.01045597157454941,"weekday":4},{"pair":"DOGE/USDT:USDT","stake_amount":399.4269,"max_stake_amount":399.4269,"amount":5420.0,"open_date":"2025-12-03 02:30:00+00:00","close_date":"2025-12-03 06:30:00+00:00","open_rate":0.14739,"close_rate":0.1519613756878439,"fee_open":0.0005,"fee_close":0.0005,"trade_duration":240,"profit_ratio":0.05997001499250375,"profit_abs":23.965614,"exit_reason":"roi","initial_stop_loss_abs":0.14518,"initial_stop_loss_ratio":-0.03,"stop_loss_abs":0.15015,"stop_loss_ratio":-0.02,"min_rate":0.14675,"max_rate":0.15199,"is_open":false,"enter_tag":"","leverage":2,"is_short":false,"open_timestamp":1764729000000,"close_timestamp":1764743400000,"orders":[{"amount":5420.0,"safe_price":0.14739,"ft_order_side":"buy","order_filled_timestamp":1764729000000,"ft_is_entry":true,"ft_order_tag":"","cost":799.2532269},{"amount":5420.0,"safe_price":0.1519613756878439,"ft_order_side":"sell","order_filled_timestamp":1764743400000,"ft_is_entry":false,"ft_order_tag":"roi","cost":824.042471556228}],"funding_fees":0.0,"weekday":2},{"pair":"XRP/USDT:USDT","stake_amount":399.8367,"max_stake_amount":399.8367,"amount":366.0,"open_date":"2025-12-03 02:30:00+00:00","close_date":"2025-12-03 14:00:00+00:00","open_rate":2.1849,"close_rate":2.1522,"fee_open":0.0005,"fee_close":0.0005,"trade_duration":690,"profit_ratio":-0.032081619710052224,"profit_abs":-12.83382266,"exit_reason":"stop_loss","initial_stop_loss_abs":2.1522,"initial_stop_loss_ratio":-0.03,"stop_loss_abs":2.1522,"stop_loss_ratio":-0.03,"min_rate":2.1408,"max_rate":2.2185,"is_open":false,"enter_tag":"","leverage":2,"is_short":false,"open_timestamp":1764729000000,"close_timestamp":1764770400000,"orders":[{"amount":366.0,"safe_price":2.1849,"ft_order_side":"buy","order_filled_timestamp":1764729000000,"ft_is_entry":true,"ft_order_tag":"","cost":800.0732366999998},{"amount":366.0,"safe_price":2.1522,"ft_order_side":"sell","order_filled_timestamp":1764770400000,"ft_is_entry":false,"ft_order_tag":"stop_loss","cost":788.0990525999999}],"funding_fees":-0.07193335557073782,"weekday":2},{"pair":"SOL/USDT:USDT","stake_amount":399.4845,"max_stake_amount":399.4845,"amount":5.7,"open_date":"2025-12-05 07:30:00+00:00","close_date":"2025-12-05 08:30:00+00:00","open_rate":140.17,"close_rate":138.06744999999998,"fee_open":0.0005,"fee_close":0.0005,"trade_duration":60,"profit_ratio":-0.03193033119884025,"profit_abs":-12.76205023,"exit_reason":"stop_loss","initial_stop_loss_abs":138.06744999999998,"initial_stop_loss_ratio":-0.03,"stop_loss_abs":138.06744999999998,"stop_loss_ratio":-0.03,"min_rate":137.74,"max_rate":140.34,"is_open":false,"enter_tag":"","leverage":2,"is_short":false,"open_timestamp":1764919800000,"close_timestamp":1764923400000,"orders":[{"amount":5.7,"safe_price":140.17,"ft_order_side":"buy","order_filled_timestamp":1764919800000,"ft_is_entry":true,"ft_order_tag":"","cost":799.3684844999999},{"amount":5.7,"safe_price":138.06744999999998,"ft_order_side":"sell","order_filled_timestamp":1764923400000,"ft_is_entry":false,"ft_order_tag":"stop_loss","cost":787.3779572324999}],"funding_fees":0.015461501416634117,"weekday":4},{"pair":"SOL/USDT:USDT","stake_amount":399.88635,"max_stake_amount":399.88635,"amount":5.79,"open_date":"2025-12-08 13:30:00+00:00","close_date":"2025-12-08 15:00:00+00:00","open_rate":138.13,"close_rate":136.05804999999998,"fee_open":0.0005,"fee_close":0.0005,"trade_duration":90,"profit_ratio":-0.03196901548038144,"profit_abs":-12.7903649,"exit_reason":"stop_loss","initial_stop_loss_abs":136.05804999999998,"initial_stop_loss_ratio":-0.03,"stop_loss_abs":136.05804999999998,"stop_loss_ratio":-0.03,"min_rate":135.29,"max_rate":139.25,"is_open":false,"enter_tag":"","leverage":2,"is_short":false,"open_timestamp":1765200600000,"close_timestamp":1765206000000,"orders":[{"amount":5.79,"safe_price":138.13,"ft_order_side":"buy","order_filled_timestamp":1765200600000,"ft_is_entry":true,"ft_order_tag":"","cost":800.17258635},{"amount":5.79,"safe_price":136.05804999999998,"ft_order_side":"sell","order_filled_timestamp":1765206000000,"ft_is_entry":false,"ft_order_tag":"stop_loss","cost":788.1699975547498}],"funding_fees":0.0,"weekday":0},{"pair":"SOL/USDT:USDT","stake_amount":399.888,"max_stake_amount":399.888,"amount":5.76,"open_date":"2025-12-12 06:00:00+00:00","close_date":"2025-12-12 15:00:00+00:00","open_rate":138.85,"close_rate":136.76725,"fee_open":0.0005,"fee_close":0.0005,"trade_duration":540,"profit_ratio":-0.032169203478923124,"profit_abs":-12.87051048,"exit_reason":"stop_loss","initial_stop_loss_abs":136.76725,"initial_stop_loss_ratio":-0.03,"stop_loss_abs":136.76725,"stop_loss_ratio":-0.03,"min_rate":135.5,"max_rate":140.13,"is_open":false,"enter_tag":"","leverage":2,"is_short":false,"open_timestamp":1765519200000,"close_timestamp":1765551600000,"orders":[{"amount":5.76,"safe_price":138.85,"ft_order_side":"buy","order_filled_timestamp":1765519200000,"ft_is_entry":true,"ft_order_tag":"","cost":800.1758879999999},{"amount":5.76,"safe_price":136.76725,"ft_order_side":"sell","order_filled_timestamp":1765551600000,"ft_is_entry":false,"ft_order_tag":"stop_loss","cost":788.1732496799998}],"funding_fees":-0.0800928,"weekday":4},{"pair":"XRP/USDT:USDT","stake_amount":399.1581,"max_stake_amount":399.1581,"amount":414.0,"open_date":"2025-12-20 09:00:00+00:00","close_date":"2025-12-21 13:30:00+00:00","open_rate":1.9283,"close_rate":1.9077,"fee_open":0.0005,"fee_close":0.0005,"trade_duration":1710,"profit_ratio":-0.023524734073847024,"profit_abs":-9.3947832,"exit_reason":"exit_signal","initial_stop_loss_abs":1.8994,"initial_stop_loss_ratio":-0.03,"stop_loss_abs":1.8994,"stop_loss_ratio":-0.03,"min_rate":1.8939,"max_rate":1.9575,"is_open":false,"enter_tag":"","leverage":2,"is_short":false,"open_timestamp":1766221200000,"close_timestamp":1766323800000,"orders":[{"amount":414.0,"safe_price":1.9283,"ft_order_side":"buy","order_filled_timestamp":1766221200000,"ft_is_entry":true,"ft_order_tag":"","cost":798.7153580999999},{"amount":414.0,"safe_price":1.9077,"ft_order_side":"sell","order_filled_timestamp":1766323800000,"ft_is_entry":false,"ft_order_tag":"exit_signal","cost":790.1826938999999}],"funding_fees":-0.07233119913664289,"weekday":6},{"pair":"DOGE/USDT:USDT","stake_amount":399.3796,"max_stake_amount":399.3796,"amount":5960.0,"open_date":"2025-12-22 15:00:00+00:00","close_date":"2025-12-22 19:30:00+00:00","open_rate":0.13402,"close_rate":0.13201,"fee_open":0.0005,"fee_close":0.0005,"trade_duration":270,"profit_ratio":-0.03203436906454004,"profit_abs":-12.80027044,"exit_reason":"stop_loss","initial_stop_loss_abs":0.13201,"initial_stop_loss_ratio":-0.03,"stop_loss_abs":0.13201,"stop_loss_ratio":-0.03,"min_rate":0.1316,"max_rate":0.13537,"is_open":false,"enter_tag":"","leverage":2,"is_short":false,"open_timestamp":1766415600000,"close_timestamp":1766431800000,"orders":[{"amount":5960.0,"safe_price":0.13402,"ft_order_side":"buy","order_filled_timestamp":1766415600000,"ft_is_entry":true,"ft_order_tag":"","cost":799.1585795999999},{"amount":5960.0,"safe_price":0.13201,"ft_order_side":"sell","order_filled_timestamp":1766431800000,"ft_is_entry":false,"ft_order_tag":"stop_loss","cost":787.1729897999999}],"funding_fees":-0.027901036251891678,"weekday":0},{"pair":"DOGE/USDT:USDT","stake_amount":399.4779,"max_stake_amount":399.4779,"amount":6290.0,"open_date":"2026-01-02 03:30:00+00:00","close_date":"2026-01-02 04:00:00+00:00","open_rate":0.12702,"close_rate":0.12815,"fee_open":0.0005,"fee_close":0.0005,"trade_duration":30,"profit_ratio":0.01577568954461519,"profit_abs":6.30519035,"exit_reason":"trailing_stop_loss","initial_stop_loss_abs":0.12512,"initial_stop_loss_ratio":-0.03,"stop_loss_abs":0.12815,"stop_loss_ratio":-0.02,"min_rate":0.12702,"max_rate":0.12944,"is_open":false,"enter_tag":"","leverage":2,"is_short":false,"open_timestamp":1767324600000,"close_timestamp":1767326400000,"orders":[{"amount":6290.0,"safe_price":0.12702,"ft_order_side":"buy","order_filled_timestamp":1767324600000,"ft_is_entry":true,"ft_order_tag":"","cost":799.3552778999999},{"amount":6290.0,"safe_price":0.12815,"ft_order_side":"sell","order_filled_timestamp":1767326400000,"ft_is_entry":false,"ft_order_tag":"trailing_stop_loss","cost":806.4665317499998}],"funding_fees":0.0,"weekday":4},{"pair":"XRP/USDT:USDT","stake_amount":399.22375,"max_stake_amount":399.22375,"amount":425.0,"open_date":"2026-01-01 23:30:00+00:00","close_date":"2026-01-02 14:30:00+00:00","open_rate":1.8787,"close_rate":1.9042,"fee_open":0.0005,"fee_close":0.0005,"trade_duration":900,"profit_ratio":0.0247895737082567,"profit_abs":9.90153487,"exit_reason":"trailing_stop_loss","initial_stop_loss_abs":1.8506,"initial_stop_loss_ratio":-0.03,"stop_loss_abs":1.9042,"stop_loss_ratio":-0.02,"min_rate":1.8681,"max_rate":1.9234,"is_open":false,"enter_tag":"","leverage":2,"is_short":false,"open_timestamp":1767310200000,"close_timestamp":1767364200000,"orders":[{"amount":425.0,"safe_price":1.8787,"ft_order_side":"buy","order_filled_timestamp":1767310200000,"ft_is_entry":true,"ft_order_tag":"","cost":798.8467237499999},{"amount":425.0,"safe_price":1.9042,"ft_order_side":"sell","order_filled_timestamp":1767364200000,"ft_is_entry":false,"ft_order_tag":"trailing_stop_loss","cost":809.6896424999999}],"funding_fees":-0.13209888357127464,"weekday":4},{"pair":"DOGE/USDT:USDT","stake_amount":399.7512,"max_stake_amount":399.7512,"amount":5970.0,"open_date":"2026-01-02 15:00:00+00:00","close_date":"2026-01-02 15:30:00+00:00","open_rate":0.13392,"close_rate":0.13487,"fee_open":0.0005,"fee_close":0.0005,"trade_duration":30,"profit_ratio":0.012174393687266282,"profit_abs":4.86916185,"exit_reason":"trailing_stop_loss","initial_stop_loss_abs":0.13192,"initial_stop_loss_ratio":-0.03,"stop_loss_abs":0.13487,"stop_loss_ratio":-0.02,"min_rate":0.13298,"max_rate":0.13623,"is_open":false,"enter_tag":"","leverage":2,"is_short":false,"open_timestamp":1767366000000,"close_timestamp":1767367800000,"orders":[{"amount":5970.0,"safe_price":0.13392,"ft_order_side":"buy","order_filled_timestamp":1767366000000,"ft_is_entry":true,"ft_order_tag":"","cost":799.9021512},{"amount":5970.0,"safe_price":0.13487,"ft_order_side":"sell","order_filled_timestamp":1767367800000,"ft_is_entry":false,"ft_order_tag":"trailing_stop_loss","cost":805.5764869499999}],"funding_fees":0.0,"weekday":4},{"pair":"SOL/USDT:USDT","stake_amount":399.8414,"max_stake_amount":399.8414,"amount":6.23,"open_date":"2026-01-02 09:30:00+00:00","close_date":"2026-01-02 16:00:00+00:00","open_rate":128.36,"close_rate":129.2643,"fee_open":0.0005,"fee_close":0.0005,"trade_duration":390,"profit_ratio":0.012066952637675361,"profit_abs":4.82727967,"exit_reason":"trailing_stop_loss","initial_stop_loss_abs":126.43460000000002,"initial_stop_loss_ratio":-0.03,"stop_loss_abs":129.2643,"stop_loss_ratio":-0.02,"min_rate":126.74,"max_rate":130.57,"is_open":false,"enter_tag":"","leverage":2,"is_short":false,"open_timestamp":1767346200000,"close_timestamp":1767369600000,"orders":[{"amount":6.23,"safe_price":128.36,"ft_order_side":"buy","order_filled_timestamp":1767346200000,"ft_is_entry":true,"ft_order_tag":"","cost":800.0826414},{"amount":6.23,"safe_price":129.2643,"ft_order_side":"sell","order_filled_timestamp":1767369600000,"ft_is_entry":false,"ft_order_tag":"trailing_stop_loss","cost":805.7192472945}],"funding_fees":-0.00400963727664687,"weekday":4},{"pair":"DOGE/USDT:USDT","stake_amount":399.4569,"max_stake_amount":399.4569,"amount":5910.0,"open_date":"2026-01-02 16:00:00+00:00","close_date":"2026-01-02 16:30:00+00:00","open_rate":0.13518,"close_rate":0.13715,"fee_open":0.0005,"fee_close":0.0005,"trade_duration":30,"profit_ratio":0.027031489436066175,"profit_abs":10.80331393,"exit_reason":"trailing_stop_loss","initial_stop_loss_abs":0.13316,"initial_stop_loss_ratio":-0.03,"stop_loss_abs":0.13715,"stop_loss_ratio":-0.02,"min_rate":0.1347,"max_rate":0.13853,"is_open":false,"enter_tag":"","leverage":2,"is_short":false,"open_timestamp":1767369600000,"close_timestamp":1767371400000,"orders":[{"amount":5910.0,"safe_price":0.13518,"ft_order_side":"buy","order_filled_timestamp":1767369600000,"ft_is_entry":true,"ft_order_tag":"","cost":799.3132568999998},{"amount":5910.0,"safe_price":0.13715,"ft_order_side":"sell","order_filled_timestamp":1767371400000,"ft_is_entry":false,"ft_order_tag":"trailing_stop_loss","cost":810.9617782499998}],"funding_fees":-0.03465092293943703,"weekday":4},{"pair":"XRP/USDT:USDT","stake_amount":399.8196,"max_stake_amount":399.8196,"amount":417.0,"open_date":"2026-01-02 16:00:00+00:00","close_date":"2026-01-02 16:30:00+00:00","open_rate":1.9176,"close_rate":1.944,"fee_open":0.0005,"fee_close":0.0005,"trade_duration":30,"profit_ratio":0.02530800723960089,"profit_abs":10.12369665,"exit_reason":"trailing_stop_loss","initial_stop_loss_abs":1.8889,"initial_stop_loss_ratio":-0.03,"stop_loss_abs":1.944,"stop_loss_ratio":-0.02,"min_rate":1.9148,"max_rate":1.9636,"is_open":false,"enter_tag":"","leverage":2,"is_short":false,"open_timestamp":1767369600000,"close_timestamp":1767371400000,"orders":[{"amount":417.0,"safe_price":1.9176,"ft_order_side":"buy","order_filled_timestamp":1767369600000,"ft_is_entry":true,"ft_order_tag":"","cost":800.0390196},{"amount":417.0,"safe_price":1.944,"ft_order_side":"sell","order_filled_timestamp":1767371400000,"ft_is_entry":false,"ft_order_tag":"trailing_stop_loss","cost":811.053324}],"funding_fees":-0.07995975,"weekday":4},{"pair":"SOL/USDT:USDT","stake_amount":399.5912,"max_stake_amount":399.5912,"amount":6.14,"open_date":"2026-01-02 16:30:00+00:00","close_date":"2026-01-02 17:00:00+00:00","open_rate":130.16,"close_rate":130.9374,"fee_open":0.0005,"fee_close":0.0005,"trade_duration":30,"profit_ratio":0.00993435826146956,"profit_abs":3.97166698,"exit_reason":"trailing_stop_loss","initial_stop_loss_abs":128.20759999999999,"initial_stop_loss_ratio":-0.03,"stop_loss_abs":130.9374,"stop_loss_ratio":-0.02,"min_rate":130.15,"max_rate":132.26,"is_open":false,"enter_tag":"","leverage":2,"is_short":false,"open_timestamp":1767371400000,"close_timestamp":1767373200000,"orders":[{"amount":6.14,"safe_price":130.16,"ft_order_side":"buy","order_filled_timestamp":1767371400000,"ft_is_entry":true,"ft_order_tag":"","cost":799.5819911999998},{"amount":6.14,"safe_price":130.9374,"ft_order_side":"sell","order_filled_timestamp":1767373200000,"ft_is_entry":false,"ft_order_tag":"trailing_stop_loss","cost":804.3576138179999}],"funding_fees":0.0,"weekday":4},{"pair":"XRP/USDT:USDT","stake_amount":399.3085,"max_stake_amount":399.3085,"amount":389.0,"open_date":"2026-01-03 04:30:00+00:00","close_date":"2026-01-03 06:30:00+00:00","open_rate":2.053,"close_rate":2.0223,"fee_open":0.0005,"fee_close":0.0005,"trade_duration":120,"profit_ratio":-0.03187656050201884,"profit_abs":-12.73494585,"exit_reason":"stop_loss","initial_stop_loss_abs":2.0223,"initial_stop_loss_ratio":-0.03,"stop_loss_abs":2.0223,"stop_loss_ratio":-0.03,"min_rate":2.007,"max_rate":2.0546,"is_open":false,"enter_tag":"","leverage":2,"is_short":false,"open_timestamp":1767414600000,"close_timestamp":1767421800000,"orders":[{"amount":389.0,"safe_price":2.053,"ft_order_side":"buy","order_filled_timestamp":1767414600000,"ft_is_entry":true,"ft_order_tag":"","cost":799.0163084999999},{"amount":389.0,"safe_price":2.0223,"ft_order_side":"sell","order_filled_timestamp":1767421800000,"ft_is_entry":false,"ft_order_tag":"stop_loss","cost":787.0680373499999}],"funding_fees":0.0,"weekday":5},{"pair":"SOL/USDT:USDT","stake_amount":399.9303,"max_stake_amount":399.9303,"amount":6.09,"open_date":"2026-01-02 17:30:00+00:00","close_date":"2026-01-04 00:00:00+00:00","open_rate":131.34,"close_rate":133.5708,"fee_open":0.0005,"fee_close":0.0005,"trade_duration":1830,"profit_ratio":0.03195650222860929,"profit_abs":12.78676371,"exit_reason":"trailing_stop_loss","initial_stop_loss_abs":129.3699,"initial_stop_loss_ratio":-0.03,"stop_loss_abs":133.5708,"stop_loss_ratio":-0.02,"min_rate":129.53,"max_rate":134.92,"is_open":false,"enter_tag":"","leverage":2,"is_short":false,"open_timestamp":1767375000000,"close_timestamp":1767484800000,"orders":[{"amount":6.09,"safe_price":131.34,"ft_order_side":"buy","order_filled_timestamp":1767375000000,"ft_is_entry":true,"ft_order_tag":"","cost":800.2605302999999},{"amount":6.09,"safe_price":133.5708,"ft_order_side":"sell","order_filled_timestamp":1767484800000,"ft_is_entry":false,"ft_order_tag":"trailing_stop_loss","cost":813.8528950859999}],"funding_fees":0.007845091034354702,"weekday":6},{"pair":"XRP/USDT:USDT","stake_amount":399.3158,"max_stake_amount":399.3158,"amount":383.0,"open_date":"2026-01-04 10:00:00+00:00","close_date":"2026-01-04 12:00:00+00:00","open_rate":2.0852,"close_rate":2.0983,"fee_open":0.0005,"fee_close":0.0005,"trade_duration":120,"profit_ratio":0.010553183028665985,"profit_abs":4.21615975,"exit_reason":"trailing_stop_loss","initial_stop_loss_abs":2.054,"initial_stop_loss_ratio":-0.03,"stop_loss_abs":2.0983,"stop_loss_ratio":-0.02,"min_rate":2.0771,"max_rate":2.1194,"is_open":false,"enter_tag":"","leverage":2,"is_short":false,"open_timestamp":1767520800000,"close_timestamp":1767528000000,"orders":[{"amount":383.0,"safe_price":2.0852,"ft_order_side":"buy","order_filled_timestamp":1767520800000,"ft_is_entry":true,"ft_order_tag":"","cost":799.0309157999999},{"amount":383.0,"safe_price":2.0983,"ft_order_side":"sell","order_filled_timestamp":1767528000000,"ft_is_entry":false,"ft_order_tag":"trailing_stop_loss","cost":804.05072445}],"funding_fees":0.0,"weekday":6},{"pair":"DOGE/USDT:USDT","stake_amount":399.5028,"max_stake_amount":399.5028,"amount":5210.0,"open_date":"2026-01-04 12:30:00+00:00","close_date":"2026-01-04 14:30:00+00:00","open_rate":0.15336,"close_rate":0.15106,"fee_open":0.0005,"fee_close":0.0005,"trade_duration":120,"profit_ratio":-0.0319638042220413,"profit_abs":-12.7760141,"exit_reason":"stop_loss","initial_stop_loss_abs":0.15106,"initial_stop_loss_ratio":-0.03,"stop_loss_abs":0.15106,"stop_loss_ratio":-0.03,"min_rate":0.15036,"max_rate":0.15404,"is_open":false,"enter_tag":"","leverage":2,"is_short":false,"open_timestamp":1767529800000,"close_timestamp":1767537000000,"orders":[{"amount":5210.0,"safe_price":0.15336,"ft_order_side":"buy","order_filled_timestamp":1767529800000,"ft_is_entry":true,"ft_order_tag":"","cost":799.4051027999999},{"amount":5210.0,"safe_price":0.15106,"ft_order_side":"sell","order_filled_timestamp":1767537000000,"ft_is_entry":false,"ft_order_tag":"stop_loss","cost":787.4161113}],"funding_fees":0.0,"weekday":6},{"pair":"XRP/USDT:USDT","stake_amount":399.6322,"max_stake_amount":399.6322,"amount":373.0,"open_date":"2026-01-05 03:00:00+00:00","close_date":"2026-01-05 06:30:00+00:00","open_rate":2.1428,"close_rate":2.1107,"fee_open":0.0005,"fee_close":0.0005,"trade_duration":210,"profit_ratio":-0.0319298536283473,"profit_abs":-12.76657775,"exit_reason":"stop_loss","initial_stop_loss_abs":2.1107,"initial_stop_loss_ratio":-0.03,"stop_loss_abs":2.1107,"stop_loss_ratio":-0.03,"min_rate":2.1087,"max_rate":2.153,"is_open":false,"enter_tag":"","leverage":2,"is_short":false,"open_timestamp":1767582000000,"close_timestamp":1767594600000,"orders":[{"amount":373.0,"safe_price":2.1428,"ft_order_side":"buy","order_filled_timestamp":1767582000000,"ft_is_entry":true,"ft_order_tag":"","cost":799.6640321999998},{"amount":373.0,"safe_price":2.1107,"ft_order_side":"sell","order_filled_timestamp":1767594600000,"ft_is_entry":false,"ft_order_tag":"stop_loss","cost":787.68474555}],"funding_fees":0.0,"weekday":0},{"pair":"DOGE/USDT:USDT","stake_amount":399.931,"max_stake_amount":399.931,"amount":5320.0,"open_date":"2026-01-05 17:00:00+00:00","close_date":"2026-01-05 17:30:00+00:00","open_rate":0.15035,"close_rate":0.1523,"fee_open":0.0005,"fee_close":0.0005,"trade_duration":30,"profit_ratio":0.023914547548307654,"profit_abs":9.568951,"exit_reason":"trailing_stop_loss","initial_stop_loss_abs":0.1481,"initial_stop_loss_ratio":-0.03,"stop_loss_abs":0.1523,"stop_loss_ratio":-0.02,"min_rate":0.14858,"max_rate":0.15383,"is_open":false,"enter_tag":"","leverage":2,"is_short":false,"open_timestamp":1767632400000,"close_timestamp":1767634200000,"orders":[{"amount":5320.0,"safe_price":0.15035,"ft_order_side":"buy","order_filled_timestamp":1767632400000,"ft_is_entry":true,"ft_order_tag":"","cost":800.261931},{"amount":5320.0,"safe_price":0.1523,"ft_order_side":"sell","order_filled_timestamp":1767634200000,"ft_is_entry":false,"ft_order_tag":"trailing_stop_loss","cost":810.6411179999999}],"funding_fees":0.0,"weekday":0},{"pair":"BTC/USDT:USDT","stake_amount":397.69128,"max_stake_amount":397.69128,"amount":0.0084,"open_date":"2026-01-05 20:30:00+00:00","close_date":"2026-01-06 07:00:00+00:00","open_rate":94688.4,"close_rate":93268.074,"fee_open":0.0005,"fee_close":0.0005,"trade_duration":630,"profit_ratio":-0.03186682941579721,"profit_abs":-12.67949676,"exit_reason":"stop_loss","initial_stop_loss_abs":93268.074,"initial_stop_loss_ratio":-0.03,"stop_loss_abs":93268.074,"stop_loss_ratio":-0.03,"min_rate":93257.6,"max_rate":94688.4,"is_open":false,"enter_tag":"","leverage":2,"is_short":false,"open_timestamp":1767645000000,"close_timestamp":1767682800000,"orders":[{"amount":0.0084,"safe_price":94688.4,"ft_order_side":"buy","order_filled_timestamp":1767645000000,"ft_is_entry":true,"ft_order_tag":"","cost":795.7802512799999},{"amount":0.0084,"safe_price":93268.074,"ft_order_side":"sell","order_filled_timestamp":1767682800000,"ft_is_entry":false,"ft_order_tag":"stop_loss","cost":783.8435475107999}],"funding_fees":0.04065883273545115,"weekday":1},{"pair":"SOL/USDT:USDT","stake_amount":399.7863,"max_stake_amount":399.7863,"amount":5.63,"open_date":"2026-01-12 02:30:00+00:00","close_date":"2026-01-12 03:00:00+00:00","open_rate":142.02,"close_rate":142.9164,"fee_open":0.0005,"fee_close":0.0005,"trade_duration":30,"profit_ratio":0.01061195636922449,"profit_abs":4.24463603,"exit_reason":"trailing_stop_loss","initial_stop_loss_abs":139.8897,"initial_stop_loss_ratio":-0.03,"stop_loss_abs":142.9164,"stop_loss_ratio":-0.02,"min_rate":141.67,"max_rate":144.36,"is_open":false,"enter_tag":"","leverage":2,"is_short":false,"open_timestamp":1768185000000,"close_timestamp":1768186800000,"orders":[{"amount":5.63,"safe_price":142.02,"ft_order_side":"buy","order_filled_timestamp":1768185000000,"ft_is_entry":true,"ft_order_tag":"","cost":799.9723863},{"amount":5.63,"safe_price":142.9164,"ft_order_side":"sell","order_filled_timestamp":1768186800000,"ft_is_entry":false,"ft_order_tag":"trailing_stop_loss","cost":805.0216416659999}],"funding_fees":0.0,"weekday":0},{"pair":"SOL/USDT:USDT","stake_amount":399.4804,"max_stake_amount":399.4804,"amount":5.57,"open_date":"2026-01-12 03:30:00+00:00","close_date":"2026-01-12 08:00:00+00:00","open_rate":143.44,"close_rate":141.2884,"fee_open":0.0005,"fee_close":0.0005,"trade_duration":270,"profit_ratio":-0.0321612916107559,"profit_abs":-12.85422954,"exit_reason":"stop_loss","initial_stop_loss_abs":141.2884,"initial_stop_loss_ratio":-0.03,"stop_loss_abs":141.2884,"stop_loss_ratio":-0.03,"min_rate":141.08,"max_rate":143.56,"is_open":false,"enter_tag":"","leverage":2,"is_short":false,"open_timestamp":1768188600000,"close_timestamp":1768204800000,"orders":[{"amount":5.57,"safe_price":143.44,"ft_order_side":"buy","order_filled_timestamp":1768188600000,"ft_is_entry":true,"ft_order_tag":"","cost":799.3602804},{"amount":5.57,"safe_price":141.2884,"ft_order_side":"sell","order_filled_timestamp":1768204800000,"ft_is_entry":false,"ft_order_tag":"stop_loss","cost":787.369876194}],"funding_fees":-0.07684894747259675,"weekday":0},{"pair":"SOL/USDT:USDT","stake_amount":399.34875,"max_stake_amount":399.34875,"amount":5.45,"open_date":"2026-01-13 22:30:00+00:00","close_date":"2026-01-14 00:30:00+00:00","open_rate":146.55,"close_rate":144.35175,"fee_open":0.0005,"fee_close":0.0005,"trade_duration":120,"profit_ratio":-0.03216742874184685,"profit_abs":-12.85244547,"exit_reason":"stop_loss","initial_stop_loss_abs":144.35175,"initial_stop_loss_ratio":-0.03,"stop_loss_abs":144.35175,"stop_loss_ratio":-0.03,"min_rate":144.3,"max_rate":147.66,"is_open":false,"enter_tag":"","leverage":2,"is_short":false,"open_timestamp":1768343400000,"close_timestamp":1768350600000,"orders":[{"amount":5.45,"safe_price":146.55,"ft_order_side":"buy","order_filled_timestamp":1768343400000,"ft_is_entry":true,"ft_order_tag":"","cost":799.09684875},{"amount":5.45,"safe_price":144.35175,"ft_order_side":"sell","order_filled_timestamp":1768350600000,"ft_is_entry":false,"ft_order_tag":"stop_loss","cost":787.1103960187501}],"funding_fees":-0.07927570000000002,"weekday":2},{"pair":"SOL/USDT:USDT","stake_amount":399.6896,"max_stake_amount":399.6896,"amount":9.44,"open_date":"2026-02-14 06:30:00+00:00","close_date":"2026-02-14 08:00:00+00:00","open_rate":84.68,"close_rate":85.2291,"fee_open":0.0005,"fee_close":0.0005,"trade_duration":90,"profit_ratio":0.011001810868502323,"profit_abs":4.39950804,"exit_reason":"trailing_stop_loss","initial_stop_loss_abs":83.4098,"initial_stop_loss_ratio":-0.03,"stop_loss_abs":85.2291,"stop_loss_ratio":-0.02,"min_rate":84.62,"max_rate":86.09,"is_open":false,"enter_tag":"","leverage":2,"is_short":false,"open_timestamp":1771050600000,"close_timestamp":1771056000000,"orders":[{"amount":9.44,"safe_price":84.68,"ft_order_side":"buy","order_filled_timestamp":1771050600000,"ft_is_entry":true,"ft_order_tag":"","cost":799.7788896},{"amount":9.44,"safe_price":85.2291,"ft_order_side":"sell","order_filled_timestamp":1771056000000,"ft_is_entry":false,"ft_order_tag":"trailing_stop_loss","cost":804.9649853519999}],"funding_fees":0.01797499015963269,"weekday":5},{"pair":"BTC/USDT:USDT","stake_amount":397.784425,"max_stake_amount":397.784425,"amount":0.0115,"open_date":"2026-02-14 08:00:00+00:00","close_date":"2026-02-14 11:00:00+00:00","open_rate":69179.9,"close_rate":69757.28099999999,"fee_open":0.0005,"fee_close":0.0005,"trade_duration":180,"profit_ratio":0.014689771422952443,"profit_abs":5.84628396,"exit_reason":"trailing_stop_loss","initial_stop_loss_abs":68142.2015,"initial_stop_loss_ratio":-0.03,"stop_loss_abs":69757.28099999999,"stop_loss_ratio":-0.02,"min_rate":69171.4,"max_rate":70461.9,"is_open":false,"enter_tag":"","leverage":2,"is_short":false,"open_timestamp":1771056000000,"close_timestamp":1771066800000,"orders":[{"amount":0.0115,"safe_price":69179.9,"ft_order_side":"buy","order_filled_timestamp":1771056000000,"ft_is_entry":true,"ft_order_tag":"","cost":795.9666344249998},{"amount":0.0115,"safe_price":69757.28099999999,"ft_order_side":"sell","order_filled_timestamp":1771066800000,"ft_is_entry":false,"ft_order_tag":"trailing_stop_loss","cost":802.6098358657498}],"funding_fees":0.005291246665423755,"weekday":5},{"pair":"SOL/USDT:USDT","stake_amount":399.7188,"max_stake_amount":399.7188,"amount":9.36,"open_date":"2026-02-14 08:30:00+00:00","close_date":"2026-02-14 11:00:00+00:00","open_rate":85.41,"close_rate":86.2191,"fee_open":0.0005,"fee_close":0.0005,"trade_duration":150,"profit_ratio":0.016928321924655862,"profit_abs":6.76995181,"exit_reason":"trailing_stop_loss","initial_stop_loss_abs":84.12885,"initial_stop_loss_ratio":-0.03,"stop_loss_abs":86.2191,"stop_loss_ratio":-0.02,"min_rate":85.39,"max_rate":87.09,"is_open":false,"enter_tag":"","leverage":2,"is_short":false,"open_timestamp":1771057800000,"close_timestamp":1771066800000,"orders":[{"amount":9.36,"safe_price":85.41,"ft_order_side":"buy","order_filled_timestamp":1771057800000,"ft_is_entry":true,"ft_order_tag":"","cost":799.8373187999999},{"amount":9.36,"safe_price":86.2191,"ft_order_side":"sell","order_filled_timestamp":1771066800000,"ft_is_entry":false,"ft_order_tag":"trailing_stop_loss","cost":807.414281388}],"funding_fees":0.0,"weekday":5},{"pair":"DOGE/USDT:USDT","stake_amount":399.6598,"max_stake_amount":399.6598,"amount":7990.0,"open_date":"2026-02-14 14:00:00+00:00","close_date":"2026-02-14 14:30:00+00:00","open_rate":0.10004,"close_rate":0.10314279139569785,"fee_open":0.0005,"fee_close":0.0005,"trade_duration":30,"profit_ratio":0.05997001499250375,"profit_abs":23.979588,"exit_reason":"roi","initial_stop_loss_abs":0.09854,"initial_stop_loss_ratio":-0.03,"stop_loss_abs":0.10241,"stop_loss_ratio":-0.02,"min_rate":0.09987,"max_rate":0.10344,"is_open":false,"enter_tag":"","leverage":2,"is_short":false,"open_timestamp":1771077600000,"close_timestamp":1771079400000,"orders":[{"amount":7990.0,"safe_price":0.10004,"ft_order_side":"buy","order_filled_timestamp":1771077600000,"ft_is_entry":true,"ft_order_tag":"","cost":799.7192598},{"amount":7990.0,"safe_price":0.10314279139569785,"ft_order_side":"sell","order_filled_timestamp":1771079400000,"ft_is_entry":false,"ft_order_tag":"roi","cost":824.5229587032516}],"funding_fees":0.0,"weekday":5},{"pair":"SOL/USDT:USDT","stake_amount":399.7792,"max_stake_amount":399.7792,"amount":9.22,"open_date":"2026-02-14 11:30:00+00:00","close_date":"2026-02-14 16:30:00+00:00","open_rate":86.72,"close_rate":87.3081,"fee_open":0.0005,"fee_close":0.0005,"trade_duration":300,"profit_ratio":0.011631364491210142,"profit_abs":4.65230258,"exit_reason":"trailing_stop_loss","initial_stop_loss_abs":85.4192,"initial_stop_loss_ratio":-0.03,"stop_loss_abs":87.3081,"stop_loss_ratio":-0.02,"min_rate":85.95,"max_rate":88.19,"is_open":false,"enter_tag":"","leverage":2,"is_short":false,"open_timestamp":1771068600000,"close_timestamp":1771086600000,"orders":[{"amount":9.22,"safe_price":86.72,"ft_order_side":"buy","order_filled_timestamp":1771068600000,"ft_is_entry":true,"ft_order_tag":"","cost":799.9581792},{"amount":9.22,"safe_price":87.3081,"ft_order_side":"sell","order_filled_timestamp":1771086600000,"ft_is_entry":false,"ft_order_tag":"trailing_stop_loss","cost":805.383172341}],"funding_fees":0.03229011842504765,"weekday":5},{"pair":"SOL/USDT:USDT","stake_amount":399.7924,"max_stake_amount":399.7924,"amount":9.08,"open_date":"2026-02-14 17:00:00+00:00","close_date":"2026-02-15 04:00:00+00:00","open_rate":88.06,"close_rate":88.8525,"fee_open":0.0005,"fee_close":0.0005,"trade_duration":660,"profit_ratio":0.01611120074367072,"profit_abs":6.44435618,"exit_reason":"trailing_stop_loss","initial_stop_loss_abs":86.73910000000001,"initial_stop_loss_ratio":-0.03,"stop_loss_abs":88.8525,"stop_loss_ratio":-0.02,"min_rate":87.15,"max_rate":89.75,"is_open":false,"enter_tag":"","leverage":2,"is_short":false,"open_timestamp":1771088400000,"close_timestamp":1771128000000,"orders":[{"amount":9.08,"safe_price":88.06,"ft_order_side":"buy","order_filled_timestamp":1771088400000,"ft_is_entry":true,"ft_order_tag":"","cost":799.9845923999999},{"amount":9.08,"safe_price":88.8525,"ft_order_side":"sell","order_filled_timestamp":1771128000000,"ft_is_entry":false,"ft_order_tag":"trailing_stop_loss","cost":807.18409035}],"funding_fees":0.05163893235872765,"weekday":6}],"locks":[],"best_pair":{"key":"DOGE/USDT:USDT","trades":8,"profit_mean":0.016854747114335183,"profit_mean_pct":1.69,"profit_total_abs":53.91553458999999,"profit_total":0.053915534589999994,"profit_total_pct":5.39,"duration_avg":"1:38:00","wins":6,"draws":0,"losses":2,"winrate":0.75,"cagr":0.23734330632035405,"expectancy":6.739441823749999,"expectancy_ratio":0.5270071040388888,"sortino":943.6752453475914,"sharpe":0.869892182149199,"calmar":91.55542140214719,"sqn":1.3553,"profit_factor":3.1080284161555545,"max_drawdown_account":0.01250068387550362,"max_drawdown_abs":12.80027044},"worst_pair":{"key":"XRP/USDT:USDT","trades":7,"profit_mean":-0.008394571991105973,"profit_mean_pct":-0.84,"profit_total_abs":-23.48873819,"profit_total":-0.02348873819,"profit_total_pct":-2.35,"duration_avg":"9:00:00","wins":3,"draws":0,"losses":4,"winrate":0.42857142857142855,"cagr":-0.09189610341386045,"expectancy":-3.355534027142858,"expectancy_ratio":-0.28120887708506614,"sortino":-3.4020964356557344,"sharpe":-0.4924530768067363,"calmar":-21.227747971714177,"sqn":-0.8118,"profit_factor":0.5078844651011344,"max_drawdown_account":0.02348873819000005,"max_drawdown_abs":23.48873819},"results_per_pair":[{"key":"DOGE/USDT:USDT","trades":8,"profit_mean":0.016854747114335183,"profit_mean_pct":1.69,"profit_total_abs":53.91553458999999,"profit_total":0.053915534589999994,"profit_total_pct":5.39,"duration_avg":"1:38:00","wins":6,"draws":0,"losses":2,"winrate":0.75,"cagr":0.23734330632035405,"expectancy":6.739441823749999,"expectancy_ratio":0.5270071040388888,"sortino":943.6752453475914,"sharpe":0.869892182149199,"calmar":91.55542140214719,"sqn":1.3553,"profit_factor":3.1080284161555545,"max_drawdown_account":0.01250068387550362,"max_drawdown_abs":12.80027044},{"key":"BTC/USDT:USDT","trades":3,"profit_mean":0.0012678722363536198,"profit_mean_pct":0.13,"profit_total_abs":1.5406717600000013,"profit_total":0.0015406717600000013,"profit_total_pct":0.15,"duration_avg":"16:30:00","wins":2,"draws":0,"losses":1,"winrate":0.6666666666666666,"cagr":0.00626300267422919,"expectancy":0.5135572533333344,"expectancy_ratio":0.04050296814250953,"sortino":-100,"sharpe":0.03484520480219094,"calmar":2.600959665730795,"sqn":0.0774,"profit_factor":1.1215089044275288,"max_drawdown_account":0.012574201845313215,"max_drawdown_abs":12.67949676},{"key":"SOL/USDT:USDT","trades":13,"profit_mean":-0.003088830998902295,"profit_mean_pct":-0.31,"profit_total_abs":-16.033135619999992,"profit_total":-0.016033135619999993,"profit_total_pct":-1.6,"duration_avg":"5:51:00","wins":8,"draws":0,"losses":5,"winrate":0.6153846153846154,"cagr":-0.06344794613940896,"expectancy":-1.2333181246153835,"expectancy_ratio":-0.09615825708344972,"sortino":-80.95777186250662,"sharpe":-0.36159465685377085,"calmar":-8.857924188081471,"sqn":-0.4539,"profit_factor":0.7499885315830306,"max_drawdown_account":0.03842292560999999,"max_drawdown_abs":38.42292561},{"key":"XRP/USDT:USDT","trades":7,"profit_mean":-0.008394571991105973,"profit_mean_pct":-0.84,"profit_total_abs":-23.48873819,"profit_total":-0.02348873819,"profit_total_pct":-2.35,"duration_avg":"9:00:00","wins":3,"draws":0,"losses":4,"winrate":0.42857142857142855,"cagr":-0.09189610341386045,"expectancy":-3.355534027142858,"expectancy_ratio":-0.28120887708506614,"sortino":-3.4020964356557344,"sharpe":-0.4924530768067363,"calmar":-21.227747971714177,"sqn":-0.8118,"profit_factor":0.5078844651011344,"max_drawdown_account":0.02348873819000005,"max_drawdown_abs":23.48873819},{"key":"TOTAL","trades":31,"profit_mean":0.0012814447322667963,"profit_mean_pct":0.13,"profit_total_abs":15.934332540000003,"profit_total":0.015934332540000002,"profit_total_pct":1.59,"duration_avg":"6:30:00","wins":19,"draws":0,"losses":12,"winrate":0.6129032258064516,"cagr":0.06621299858269047,"expectancy":0.5140107270967755,"expectancy_ratio":0.04108921635384766,"sortino":3.595983214441707,"sharpe":0.29878573125588204,"calmar":4.753985898385232,"sqn":0.2487,"profit_factor":1.1061471422474398,"max_drawdown_account":0.07115082006690364,"max_drawdown_abs":73.45180191}],"results_per_enter_tag":[{"key":"","trades":31,"profit_mean":0.0012814447322667963,"profit_mean_pct":0.13,"profit_total_abs":15.934332540000003,"profit_total":0.015934332540000002,"profit_total_pct":1.59,"duration_avg":"6:30:00","wins":19,"draws":0,"losses":12,"winrate":0.6129032258064516,"cagr":0.06621299858269047,"expectancy":0.5140107270967755,"expectancy_ratio":0.04108921635384766,"sortino":3.595983214441707,"sharpe":0.29878573125588204,"calmar":4.753985898385232,"sqn":0.2487,"profit_factor":1.1061471422474398,"max_drawdown_account":0.07115082006690364,"max_drawdown_abs":73.45180191},{"key":"TOTAL","trades":31,"profit_mean":0.0012814447322667963,"profit_mean_pct":0.13,"profit_total_abs":15.934332540000003,"profit_total":0.015934332540000002,"profit_total_pct":1.59,"duration_avg":"6:30:00","wins":19,"draws":0,"losses":12,"winrate":0.6129032258064516,"cagr":0.06621299858269047,"expectancy":0.5140107270967755,"expectancy_ratio":0.04108921635384766,"sortino":3.595983214441707,"sharpe":0.29878573125588204,"calmar":4.753985898385232,"sqn":0.2487,"profit_factor":1.1061471422474398,"max_drawdown_account":0.07115082006690364,"max_drawdown_abs":73.45180191}],"exit_reason_summary":[{"key":"trailing_stop_loss","trades":17,"profit_mean":0.01737998810839145,"profit_mean_pct":1.74,"profit_total_abs":118.10464192,"profit_total":0.11810464192,"profit_total_pct":11.81,"duration_avg":"6:51:00","wins":17,"draws":0,"losses":0,"winrate":1.0,"cagr":0.5726181057415487,"expectancy":6.947331877647059,"expectancy_ratio":100.0,"sortino":-100,"sharpe":9.328481588988721,"calmar":-100,"sqn":10.3399,"profit_factor":0.0,"max_drawdown_account":0.0,"max_drawdown_abs":0.0},{"key":"roi","trades":2,"profit_mean":0.05997001499250375,"profit_mean_pct":6.0,"profit_total_abs":47.945201999999995,"profit_total":0.04794520199999999,"profit_total_pct":4.79,"duration_avg":"2:15:00","wins":2,"draws":0,"losses":0,"winrate":1.0,"cagr":0.2091612339343114,"expectancy":23.972600999999997,"expectancy_ratio":100.0,"sortino":-100,"sharpe":1456.6604615842757,"calmar":-100,"sqn":3431.0292,"profit_factor":0.0,"max_drawdown_account":0.0,"max_drawdown_abs":0.0},{"key":"exit_signal","trades":1,"profit_mean":-0.023524734073847024,"profit_mean_pct":-2.35,"profit_total_abs":-9.3947832,"profit_total":-0.0093947832,"profit_total_pct":-0.94,"duration_avg":"1 day, 4:30:00","wins":0,"draws":0,"losses":1,"winrate":0.0,"cagr":-0.03755770680527637,"expectancy":-9.3947832,"expectancy_ratio":-1.0,"sortino":-100,"sharpe":-100,"calmar":-21.227747971714205,"sqn":-100.0,"profit_factor":0.0,"max_drawdown_account":0.009394783200000006,"max_drawdown_abs":9.3947832},{"key":"stop_loss","trades":11,"profit_mean":-0.03201366427759496,"profit_mean_pct":-3.2,"profit_total_abs":-140.72072818,"profit_total":-0.14072072818,"profit_total_pct":-14.07,"duration_avg":"4:44:00","wins":0,"draws":0,"losses":11,"winrate":0.0,"cagr":-0.45939738942040664,"expectancy":-12.792793470909091,"expectancy_ratio":-1.0,"sortino":-543.6201851193622,"sharpe":-543.6201851193622,"calmar":-21.22774797171423,"sqn":-736.2053,"profit_factor":0.0,"max_drawdown_account":0.14072072817999992,"max_drawdown_abs":140.72072817999998},{"key":"TOTAL","trades":31,"profit_mean":0.0012814447322667963,"profit_mean_pct":0.13,"profit_total_abs":15.934332540000003,"profit_total":0.015934332540000002,"profit_total_pct":1.59,"duration_avg":"6:30:00","wins":19,"draws":0,"losses":12,"winrate":0.6129032258064516,"cagr":0.06621299858269047,"expectancy":0.5140107270967755,"expectancy_ratio":0.04108921635384766,"sortino":3.595983214441707,"sharpe":0.29878573125588204,"calmar":4.753985898385232,"sqn":0.2487,"profit_factor":1.1061471422474398,"max_drawdown_account":0.07115082006690364,"max_drawdown_abs":73.45180191}],"mix_tag_stats":[{"key":["","trailing_stop_loss"],"trades":17,"profit_mean":0.01737998810839145,"profit_mean_pct":1.74,"profit_total_abs":118.10464192,"profit_total":0.11810464192,"profit_total_pct":11.81,"duration_avg":"6:51:00","wins":17,"draws":0,"losses":0,"winrate":1.0,"cagr":0.5726181057415487,"expectancy":6.947331877647059,"expectancy_ratio":100.0,"sortino":-100,"sharpe":9.328481588988721,"calmar":-100,"sqn":10.3399,"profit_factor":0.0,"max_drawdown_account":0.0,"max_drawdown_abs":0.0},{"key":["","roi"],"trades":2,"profit_mean":0.05997001499250375,"profit_mean_pct":6.0,"profit_total_abs":47.945201999999995,"profit_total":0.04794520199999999,"profit_total_pct":4.79,"duration_avg":"2:15:00","wins":2,"draws":0,"losses":0,"winrate":1.0,"cagr":0.2091612339343114,"expectancy":23.972600999999997,"expectancy_ratio":100.0,"sortino":-100,"sharpe":1456.6604615842757,"calmar":-100,"sqn":3431.0292,"profit_factor":0.0,"max_drawdown_account":0.0,"max_drawdown_abs":0.0},{"key":["","exit_signal"],"trades":1,"profit_mean":-0.023524734073847024,"profit_mean_pct":-2.35,"profit_total_abs":-9.3947832,"profit_total":-0.0093947832,"profit_total_pct":-0.94,"duration_avg":"1 day, 4:30:00","wins":0,"draws":0,"losses":1,"winrate":0.0,"cagr":-0.03755770680527637,"expectancy":-9.3947832,"expectancy_ratio":-1.0,"sortino":-100,"sharpe":-100,"calmar":-21.227747971714205,"sqn":-100.0,"profit_factor":0.0,"max_drawdown_account":0.009394783200000006,"max_drawdown_abs":9.3947832},{"key":["","stop_loss"],"trades":11,"profit_mean":-0.03201366427759496,"profit_mean_pct":-3.2,"profit_total_abs":-140.72072818,"profit_total":-0.14072072818,"profit_total_pct":-14.07,"duration_avg":"4:44:00","wins":0,"draws":0,"losses":11,"winrate":0.0,"cagr":-0.45939738942040664,"expectancy":-12.792793470909091,"expectancy_ratio":-1.0,"sortino":-543.6201851193622,"sharpe":-543.6201851193622,"calmar":-21.22774797171423,"sqn":-736.2053,"profit_factor":0.0,"max_drawdown_account":0.14072072817999992,"max_drawdown_abs":140.72072817999998},{"key":"TOTAL","trades":31,"profit_mean":0.0012814447322667963,"profit_mean_pct":0.13,"profit_total_abs":15.934332540000003,"profit_total":0.015934332540000002,"profit_total_pct":1.59,"duration_avg":"6:30:00","wins":19,"draws":0,"losses":12,"winrate":0.6129032258064516,"cagr":0.06621299858269047,"expectancy":0.5140107270967755,"expectancy_ratio":0.04108921635384766,"sortino":3.595983214441707,"sharpe":0.29878573125588204,"calmar":4.753985898385232,"sqn":0.2487,"profit_factor":1.1061471422474398,"max_drawdown_account":0.07115082006690364,"max_drawdown_abs":73.45180191}],"left_open_trades":[{"key":"TOTAL","trades":0,"profit_mean":0.0,"profit_mean_pct":0.0,"profit_total_abs":0.0,"profit_total":0.0,"profit_total_pct":0.0,"duration_avg":"0:00","wins":0,"draws":0,"losses":0,"winrate":0.0,"cagr":0.0,"expectancy":0.0,"expectancy_ratio":100.0,"sortino":0,"sharpe":0,"calmar":0,"sqn":0.0,"profit_factor":0.0,"max_drawdown_account":0.0,"max_drawdown_abs":0.0}],"total_trades":31,"trade_count_long":31,"trade_count_short":0,"total_volume":49599.97858907653,"avg_stake_amount":399.46767403225806,"profit_mean":0.0012814447322667963,"profit_median":0.011001810868502323,"profit_total":0.015934332540000002,"profit_total_long":0.015934332540000002,"profit_total_short":0.0,"profit_total_abs":15.934332540000003,"profit_total_long_abs":15.934332540000003,"profit_total_short_abs":0.0,"cagr":0.06621299858269047,"expectancy":0.5140107270967755,"expectancy_ratio":0.04108921635384766,"sortino":3.595983214441707,"sharpe":0.29878573125588204,"calmar":4.753985898385232,"sqn":0.2487,"profit_factor":1.1061471422474398,"backtest_start":"2025-11-24 00:00:00","backtest_start_ts":1763942400000,"backtest_end":"2026-02-22 00:00:00","backtest_end_ts":1771718400000,"backtest_days":90,"backtest_run_start_ts":1771748225,"backtest_run_end_ts":1771748227,"trades_per_day":0.34,"market_change":-0.2978865478558633,"pairlist":["BTC/USDT:USDT","SOL/USDT:USDT","DOGE/USDT:USDT","XRP/USDT:USDT"],"stake_amount":400,"stake_currency":"USDT","stake_currency_decimals":3,"starting_balance":1000,"dry_run_wallet":1000,"final_balance":1015.93433254,"rejected_signals":4,"timedout_entry_orders":0,"timedout_exit_orders":2,"canceled_trade_entries":0,"canceled_entry_orders":0,"replaced_entry_orders":0,"max_open_trades":2,"max_open_trades_setting":2,"timeframe":"30m","timeframe_detail":"","timerange":"20251124-20260222","enable_protections":false,"strategy_name":"SupertrendFuturesStrategyV8","freqaimodel":null,"freqai_identifier":null,"stoploss":-0.03,"trailing_stop":true,"trailing_stop_positive":0.02,"trailing_stop_positive_offset":0.03,"trailing_only_offset_is_reached":true,"use_custom_stoploss":false,"minimal_roi":{"0":0.06},"use_exit_signal":true,"exit_profit_only":false,"exit_profit_offset":0.0,"ignore_roi_if_entry_signal":false,"trading_mode":"futures","margin_mode":"isolated","periodic_breakdown":{"day":[{"date":"28/11/2025","date_ts":1764288000000,"profit_abs":8.37388456,"wins":1,"draws":0,"losses":0,"trades":1,"profit_factor":0.0},{"date":"29/11/2025","date_ts":1764374400000,"profit_abs":0.0,"wins":0,"draws":0,"losses":0,"trades":0,"profit_factor":0.0},{"date":"30/11/2025","date_ts":1764460800000,"profit_abs":0.0,"wins":0,"draws":0,"losses":0,"trades":0,"profit_factor":0.0},{"date":"01/12/2025","date_ts":1764547200000,"profit_abs":0.0,"wins":0,"draws":0,"losses":0,"trades":0,"profit_factor":0.0},{"date":"02/12/2025","date_ts":1764633600000,"profit_abs":0.0,"wins":0,"draws":0,"losses":0,"trades":0,"profit_factor":0.0},{"date":"03/12/2025","date_ts":1764720000000,"profit_abs":11.13179134,"wins":1,"draws":0,"losses":1,"trades":2,"profit_factor":1.86737924},{"date":"04/12/2025","date_ts":1764806400000,"profit_abs":0.0,"wins":0,"draws":0,"losses":0,"trades":0,"profit_factor":0.0},{"date":"05/12/2025","date_ts":1764892800000,"profit_abs":-12.76205023,"wins":0,"draws":0,"losses":1,"trades":1,"profit_factor":0.0},{"date":"06/12/2025","date_ts":1764979200000,"profit_abs":0.0,"wins":0,"draws":0,"losses":0,"trades":0,"profit_factor":0.0},{"date":"07/12/2025","date_ts":1765065600000,"profit_abs":0.0,"wins":0,"draws":0,"losses":0,"trades":0,"profit_factor":0.0},{"date":"08/12/2025","date_ts":1765152000000,"profit_abs":-12.7903649,"wins":0,"draws":0,"losses":1,"trades":1,"profit_factor":0.0},{"date":"09/12/2025","date_ts":1765238400000,"profit_abs":0.0,"wins":0,"draws":0,"losses":0,"trades":0,"profit_factor":0.0},{"date":"10/12/2025","date_ts":1765324800000,"profit_abs":0.0,"wins":0,"draws":0,"losses":0,"trades":0,"profit_factor":0.0},{"date":"11/12/2025","date_ts":1765411200000,"profit_abs":0.0,"wins":0,"draws":0,"losses":0,"trades":0,"profit_factor":0.0},{"date":"12/12/2025","date_ts":1765497600000,"profit_abs":-12.87051048,"wins":0,"draws":0,"losses":1,"trades":1,"profit_factor":0.0},{"date":"13/12/2025","date_ts":1765584000000,"profit_abs":0.0,"wins":0,"draws":0,"losses":0,"trades":0,"profit_factor":0.0},{"date":"14/12/2025","date_ts":1765670400000,"profit_abs":0.0,"wins":0,"draws":0,"losses":0,"trades":0,"profit_factor":0.0},{"date":"15/12/2025","date_ts":1765756800000,"profit_abs":0.0,"wins":0,"draws":0,"losses":0,"trades":0,"profit_factor":0.0},{"date":"16/12/2025","date_ts":1765843200000,"profit_abs":0.0,"wins":0,"draws":0,"losses":0,"trades":0,"profit_factor":0.0},{"date":"17/12/2025","date_ts":1765929600000,"profit_abs":0.0,"wins":0,"draws":0,"losses":0,"trades":0,"profit_factor":0.0},{"date":"18/12/2025","date_ts":1766016000000,"profit_abs":0.0,"wins":0,"draws":0,"losses":0,"trades":0,"profit_factor":0.0},{"date":"19/12/2025","date_ts":1766102400000,"profit_abs":0.0,"wins":0,"draws":0,"losses":0,"trades":0,"profit_factor":0.0},{"date":"20/12/2025","date_ts":1766188800000,"profit_abs":0.0,"wins":0,"draws":0,"losses":0,"trades":0,"profit_factor":0.0},{"date":"21/12/2025","date_ts":1766275200000,"profit_abs":-9.3947832,"wins":0,"draws":0,"losses":1,"trades":1,"profit_factor":0.0},{"date":"22/12/2025","date_ts":1766361600000,"profit_abs":-12.80027044,"wins":0,"draws":0,"losses":1,"trades":1,"profit_factor":0.0},{"date":"23/12/2025","date_ts":1766448000000,"profit_abs":0.0,"wins":0,"draws":0,"losses":0,"trades":0,"profit_factor":0.0},{"date":"24/12/2025","date_ts":1766534400000,"profit_abs":0.0,"wins":0,"draws":0,"losses":0,"trades":0,"profit_factor":0.0},{"date":"25/12/2025","date_ts":1766620800000,"profit_abs":0.0,"wins":0,"draws":0,"losses":0,"trades":0,"profit_factor":0.0},{"date":"26/12/2025","date_ts":1766707200000,"profit_abs":0.0,"wins":0,"draws":0,"losses":0,"trades":0,"profit_factor":0.0},{"date":"27/12/2025","date_ts":1766793600000,"profit_abs":0.0,"wins":0,"draws":0,"losses":0,"trades":0,"profit_factor":0.0},{"date":"28/12/2025","date_ts":1766880000000,"profit_abs":0.0,"wins":0,"draws":0,"losses":0,"trades":0,"profit_factor":0.0},{"date":"29/12/2025","date_ts":1766966400000,"profit_abs":0.0,"wins":0,"draws":0,"losses":0,"trades":0,"profit_factor":0.0},{"date":"30/12/2025","date_ts":1767052800000,"profit_abs":0.0,"wins":0,"draws":0,"losses":0,"trades":0,"profit_factor":0.0},{"date":"31/12/2025","date_ts":1767139200000,"profit_abs":0.0,"wins":0,"draws":0,"losses":0,"trades":0,"profit_factor":0.0},{"date":"01/01/2026","date_ts":1767225600000,"profit_abs":0.0,"wins":0,"draws":0,"losses":0,"trades":0,"profit_factor":0.0},{"date":"02/01/2026","date_ts":1767312000000,"profit_abs":50.8018443,"wins":7,"draws":0,"losses":0,"trades":7,"profit_factor":0.0},{"date":"03/01/2026","date_ts":1767398400000,"profit_abs":-12.73494585,"wins":0,"draws":0,"losses":1,"trades":1,"profit_factor":0.0},{"date":"04/01/2026","date_ts":1767484800000,"profit_abs":4.22690936,"wins":2,"draws":0,"losses":1,"trades":3,"profit_factor":1.33084727},{"date":"05/01/2026","date_ts":1767571200000,"profit_abs":-3.19762675,"wins":1,"draws":0,"losses":1,"trades":2,"profit_factor":0.74953141},{"date":"06/01/2026","date_ts":1767657600000,"profit_abs":-12.67949676,"wins":0,"draws":0,"losses":1,"trades":1,"profit_factor":0.0},{"date":"07/01/2026","date_ts":1767744000000,"profit_abs":0.0,"wins":0,"draws":0,"losses":0,"trades":0,"profit_factor":0.0},{"date":"08/01/2026","date_ts":1767830400000,"profit_abs":0.0,"wins":0,"draws":0,"losses":0,"trades":0,"profit_factor":0.0},{"date":"09/01/2026","date_ts":1767916800000,"profit_abs":0.0,"wins":0,"draws":0,"losses":0,"trades":0,"profit_factor":0.0},{"date":"10/01/2026","date_ts":1768003200000,"profit_abs":0.0,"wins":0,"draws":0,"losses":0,"trades":0,"profit_factor":0.0},{"date":"11/01/2026","date_ts":1768089600000,"profit_abs":0.0,"wins":0,"draws":0,"losses":0,"trades":0,"profit_factor":0.0},{"date":"12/01/2026","date_ts":1768176000000,"profit_abs":-8.60959351,"wins":1,"draws":0,"losses":1,"trades":2,"profit_factor":0.33021318},{"date":"13/01/2026","date_ts":1768262400000,"profit_abs":0.0,"wins":0,"draws":0,"losses":0,"trades":0,"profit_factor":0.0},{"date":"14/01/2026","date_ts":1768348800000,"profit_abs":-12.85244547,"wins":0,"draws":0,"losses":1,"trades":1,"profit_factor":0.0},{"date":"15/01/2026","date_ts":1768435200000,"profit_abs":0.0,"wins":0,"draws":0,"losses":0,"trades":0,"profit_factor":0.0},{"date":"16/01/2026","date_ts":1768521600000,"profit_abs":0.0,"wins":0,"draws":0,"losses":0,"trades":0,"profit_factor":0.0},{"date":"17/01/2026","date_ts":1768608000000,"profit_abs":0.0,"wins":0,"draws":0,"losses":0,"trades":0,"profit_factor":0.0},{"date":"18/01/2026","date_ts":1768694400000,"profit_abs":0.0,"wins":0,"draws":0,"losses":0,"trades":0,"profit_factor":0.0},{"date":"19/01/2026","date_ts":1768780800000,"profit_abs":0.0,"wins":0,"draws":0,"losses":0,"trades":0,"profit_factor":0.0},{"date":"20/01/2026","date_ts":1768867200000,"profit_abs":0.0,"wins":0,"draws":0,"losses":0,"trades":0,"profit_factor":0.0},{"date":"21/01/2026","date_ts":1768953600000,"profit_abs":0.0,"wins":0,"draws":0,"losses":0,"trades":0,"profit_factor":0.0},{"date":"22/01/2026","date_ts":1769040000000,"profit_abs":0.0,"wins":0,"draws":0,"losses":0,"trades":0,"profit_factor":0.0},{"date":"23/01/2026","date_ts":1769126400000,"profit_abs":0.0,"wins":0,"draws":0,"losses":0,"trades":0,"profit_factor":0.0},{"date":"24/01/2026","date_ts":1769212800000,"profit_abs":0.0,"wins":0,"draws":0,"losses":0,"trades":0,"profit_factor":0.0},{"date":"25/01/2026","date_ts":1769299200000,"profit_abs":0.0,"wins":0,"draws":0,"losses":0,"trades":0,"profit_factor":0.0},{"date":"26/01/2026","date_ts":1769385600000,"profit_abs":0.0,"wins":0,"draws":0,"losses":0,"trades":0,"profit_factor":0.0},{"date":"27/01/2026","date_ts":1769472000000,"profit_abs":0.0,"wins":0,"draws":0,"losses":0,"trades":0,"profit_factor":0.0},{"date":"28/01/2026","date_ts":1769558400000,"profit_abs":0.0,"wins":0,"draws":0,"losses":0,"trades":0,"profit_factor":0.0},{"date":"29/01/2026","date_ts":1769644800000,"profit_abs":0.0,"wins":0,"draws":0,"losses":0,"trades":0,"profit_factor":0.0},{"date":"30/01/2026","date_ts":1769731200000,"profit_abs":0.0,"wins":0,"draws":0,"losses":0,"trades":0,"profit_factor":0.0},{"date":"31/01/2026","date_ts":1769817600000,"profit_abs":0.0,"wins":0,"draws":0,"losses":0,"trades":0,"profit_factor":0.0},{"date":"01/02/2026","date_ts":1769904000000,"profit_abs":0.0,"wins":0,"draws":0,"losses":0,"trades":0,"profit_factor":0.0},{"date":"02/02/2026","date_ts":1769990400000,"profit_abs":0.0,"wins":0,"draws":0,"losses":0,"trades":0,"profit_factor":0.0},{"date":"03/02/2026","date_ts":1770076800000,"profit_abs":0.0,"wins":0,"draws":0,"losses":0,"trades":0,"profit_factor":0.0},{"date":"04/02/2026","date_ts":1770163200000,"profit_abs":0.0,"wins":0,"draws":0,"losses":0,"trades":0,"profit_factor":0.0},{"date":"05/02/2026","date_ts":1770249600000,"profit_abs":0.0,"wins":0,"draws":0,"losses":0,"trades":0,"profit_factor":0.0},{"date":"06/02/2026","date_ts":1770336000000,"profit_abs":0.0,"wins":0,"draws":0,"losses":0,"trades":0,"profit_factor":0.0},{"date":"07/02/2026","date_ts":1770422400000,"profit_abs":0.0,"wins":0,"draws":0,"losses":0,"trades":0,"profit_factor":0.0},{"date":"08/02/2026","date_ts":1770508800000,"profit_abs":0.0,"wins":0,"draws":0,"losses":0,"trades":0,"profit_factor":0.0},{"date":"09/02/2026","date_ts":1770595200000,"profit_abs":0.0,"wins":0,"draws":0,"losses":0,"trades":0,"profit_factor":0.0},{"date":"10/02/2026","date_ts":1770681600000,"profit_abs":0.0,"wins":0,"draws":0,"losses":0,"trades":0,"profit_factor":0.0},{"date":"11/02/2026","date_ts":1770768000000,"profit_abs":0.0,"wins":0,"draws":0,"losses":0,"trades":0,"profit_factor":0.0},{"date":"12/02/2026","date_ts":1770854400000,"profit_abs":0.0,"wins":0,"draws":0,"losses":0,"trades":0,"profit_factor":0.0},{"date":"13/02/2026","date_ts":1770940800000,"profit_abs":0.0,"wins":0,"draws":0,"losses":0,"trades":0,"profit_factor":0.0},{"date":"14/02/2026","date_ts":1771027200000,"profit_abs":45.64763439,"wins":5,"draws":0,"losses":0,"trades":5,"profit_factor":0.0},{"date":"15/02/2026","date_ts":1771113600000,"profit_abs":6.44435618,"wins":1,"draws":0,"losses":0,"trades":1,"profit_factor":0.0}],"week":[{"date":"01/12/2025","date_ts":1764547200000,"profit_abs":8.37388456,"wins":1,"draws":0,"losses":0,"trades":1,"profit_factor":0.0},{"date":"08/12/2025","date_ts":1765152000000,"profit_abs":-14.42062379,"wins":1,"draws":0,"losses":3,"trades":4,"profit_factor":0.62432828},{"date":"15/12/2025","date_ts":1765756800000,"profit_abs":-12.87051048,"wins":0,"draws":0,"losses":1,"trades":1,"profit_factor":0.0},{"date":"22/12/2025","date_ts":1766361600000,"profit_abs":-22.19505364,"wins":0,"draws":0,"losses":2,"trades":2,"profit_factor":0.0},{"date":"29/12/2025","date_ts":1766966400000,"profit_abs":0.0,"wins":0,"draws":0,"losses":0,"trades":0,"profit_factor":0.0},{"date":"05/01/2026","date_ts":1767571200000,"profit_abs":39.09618106,"wins":10,"draws":0,"losses":3,"trades":13,"profit_factor":2.02138704},{"date":"12/01/2026","date_ts":1768176000000,"profit_abs":-21.28909027,"wins":1,"draws":0,"losses":2,"trades":3,"profit_factor":0.16623645},{"date":"19/01/2026","date_ts":1768780800000,"profit_abs":-12.85244547,"wins":0,"draws":0,"losses":1,"trades":1,"profit_factor":0.0},{"date":"26/01/2026","date_ts":1769385600000,"profit_abs":0.0,"wins":0,"draws":0,"losses":0,"trades":0,"profit_factor":0.0},{"date":"02/02/2026","date_ts":1769990400000,"profit_abs":0.0,"wins":0,"draws":0,"losses":0,"trades":0,"profit_factor":0.0},{"date":"09/02/2026","date_ts":1770595200000,"profit_abs":0.0,"wins":0,"draws":0,"losses":0,"trades":0,"profit_factor":0.0},{"date":"16/02/2026","date_ts":1771200000000,"profit_abs":52.09199057,"wins":6,"draws":0,"losses":0,"trades":6,"profit_factor":0.0}],"month":[{"date":"30/11/2025","date_ts":1764460800000,"profit_abs":8.37388456,"wins":1,"draws":0,"losses":0,"trades":1,"profit_factor":0.0},{"date":"31/12/2025","date_ts":1767139200000,"profit_abs":-49.48618791,"wins":1,"draws":0,"losses":6,"trades":7,"profit_factor":0.32627673},{"date":"31/01/2026","date_ts":1769817600000,"profit_abs":4.95464532,"wins":11,"draws":0,"losses":6,"trades":17,"profit_factor":1.0646283},{"date":"28/02/2026","date_ts":1772236800000,"profit_abs":52.09199057,"wins":6,"draws":0,"losses":0,"trades":6,"profit_factor":0.0}],"year":[{"date":"31/12/2025","date_ts":1767139200000,"profit_abs":-41.11230335,"wins":2,"draws":0,"losses":6,"trades":8,"profit_factor":0.4402819},{"date":"31/12/2026","date_ts":1798675200000,"profit_abs":57.04663589,"wins":17,"draws":0,"losses":6,"trades":23,"profit_factor":1.74411526}],"weekday":[{"date":"Monday","date_ts":0,"profit_abs":-37.3978556,"wins":2,"draws":0,"losses":4,"trades":6,"profit_factor":0.26973634},{"date":"Tuesday","date_ts":1,"profit_abs":-12.67949676,"wins":0,"draws":0,"losses":1,"trades":1,"profit_factor":0.0},{"date":"Wednesday","date_ts":2,"profit_abs":-1.72065413,"wins":1,"draws":0,"losses":2,"trades":3,"profit_factor":0.93301269},{"date":"Friday","date_ts":4,"profit_abs":33.54316815,"wins":8,"draws":0,"losses":2,"trades":10,"profit_factor":2.30861557},{"date":"Saturday","date_ts":5,"profit_abs":32.91268854,"wins":5,"draws":0,"losses":1,"trades":6,"profit_factor":3.58443883},{"date":"Sunday","date_ts":6,"profit_abs":1.27648234,"wins":3,"draws":0,"losses":2,"trades":5,"profit_factor":1.05757494}]},"backtest_best_day":0.12708046451495017,"backtest_worst_day":-0.032169203478923124,"backtest_best_day_abs":50.8018443,"backtest_worst_day_abs":-12.87051048,"winning_days":6,"draw_days":64,"losing_days":10,"daily_profit":[["2025-11-28",8.37388456],["2025-11-29",0.0],["2025-11-30",0.0],["2025-12-01",0.0],["2025-12-02",0.0],["2025-12-03",11.13179134],["2025-12-04",0.0],["2025-12-05",-12.76205023],["2025-12-06",0.0],["2025-12-07",0.0],["2025-12-08",-12.7903649],["2025-12-09",0.0],["2025-12-10",0.0],["2025-12-11",0.0],["2025-12-12",-12.87051048],["2025-12-13",0.0],["2025-12-14",0.0],["2025-12-15",0.0],["2025-12-16",0.0],["2025-12-17",0.0],["2025-12-18",0.0],["2025-12-19",0.0],["2025-12-20",0.0],["2025-12-21",-9.3947832],["2025-12-22",-12.80027044],["2025-12-23",0.0],["2025-12-24",0.0],["2025-12-25",0.0],["2025-12-26",0.0],["2025-12-27",0.0],["2025-12-28",0.0],["2025-12-29",0.0],["2025-12-30",0.0],["2025-12-31",0.0],["2026-01-01",0.0],["2026-01-02",50.8018443],["2026-01-03",-12.73494585],["2026-01-04",4.22690936],["2026-01-05",-3.19762675],["2026-01-06",-12.67949676],["2026-01-07",0.0],["2026-01-08",0.0],["2026-01-09",0.0],["2026-01-10",0.0],["2026-01-11",0.0],["2026-01-12",-8.60959351],["2026-01-13",0.0],["2026-01-14",-12.85244547],["2026-01-15",0.0],["2026-01-16",0.0],["2026-01-17",0.0],["2026-01-18",0.0],["2026-01-19",0.0],["2026-01-20",0.0],["2026-01-21",0.0],["2026-01-22",0.0],["2026-01-23",0.0],["2026-01-24",0.0],["2026-01-25",0.0],["2026-01-26",0.0],["2026-01-27",0.0],["2026-01-28",0.0],["2026-01-29",0.0],["2026-01-30",0.0],["2026-01-31",0.0],["2026-02-01",0.0],["2026-02-02",0.0],["2026-02-03",0.0],["2026-02-04",0.0],["2026-02-05",0.0],["2026-02-06",0.0],["2026-02-07",0.0],["2026-02-08",0.0],["2026-02-09",0.0],["2026-02-10",0.0],["2026-02-11",0.0],["2026-02-12",0.0],["2026-02-13",0.0],["2026-02-14",45.64763439],["2026-02-15",6.44435618]],"wins":19,"losses":12,"draws":0,"winrate":0.6129032258064516,"holding_avg":"6:30:00","holding_avg_s":23400.0,"winner_holding_min":"0d 00:30","winner_holding_min_s":1800.0,"winner_holding_max":"1d 12:00","winner_holding_max_s":129600.0,"winner_holding_avg":"0d 06:22","winner_holding_avg_s":22920.0,"loser_holding_min":"0d 01:00","loser_holding_min_s":3600.0,"loser_holding_max":"1d 04:30","loser_holding_max_s":102600.0,"loser_holding_avg":"0d 06:42","loser_holding_avg_s":24120.0,"max_consecutive_wins":7,"max_consecutive_losses":6,"max_drawdown_account":0.07115082006690364,"max_relative_drawdown":0.07115082006690364,"max_drawdown_abs":73.45180191,"drawdown_start":"2025-12-03 06:30:00","drawdown_start_ts":1764743400000.0,"drawdown_end":"2025-12-22 19:30:00","drawdown_end_ts":1766431800000.0,"drawdown_duration":"19 days 13:00:00","drawdown_duration_s":1688400.0,"max_drawdown_low":-41.112303350000005,"max_drawdown_high":32.339498559999996,"csum_min":958.88769665,"csum_max":1032.33949856}},"strategy_comparison":[{"key":"SupertrendFuturesStrategyV8","trades":31,"profit_mean":0.0012814447322667963,"profit_mean_pct":0.13,"profit_total_abs":15.934332540000003,"profit_total":0.015934332540000002,"profit_total_pct":1.59,"duration_avg":"6:30:00","wins":19,"draws":0,"losses":12,"winrate":0.6129032258064516,"cagr":0.06621299858269047,"expectancy":0.5140107270967755,"expectancy_ratio":0.04108921635384766,"sortino":3.595983214441707,"sharpe":0.29878573125588204,"calmar":4.753985898385232,"sqn":0.2487,"profit_factor":1.1061471422474398,"max_drawdown_account":0.07115082006690364,"max_drawdown_abs":"73.452"}]}