{"strategy":{"BreakoutStrategyV2":{"trades":[{"pair":"SOL/USDT:USDT","stake_amount":99.897,"max_stake_amount":99.897,"amount":1.42,"open_date":"2025-11-26 18:00:00+00:00","close_date":"2025-11-26 18:00:00+00:00","open_rate":140.7,"close_rate":142.95232616308152,"fee_open":0.0005,"fee_close":0.0005,"trade_duration":0,"profit_ratio":0.029985007496251874,"profit_abs":2.99691,"exit_reason":"roi","initial_stop_loss_abs":138.94125,"initial_stop_loss_ratio":-0.025,"stop_loss_abs":143.17804999999998,"stop_loss_ratio":-0.015,"min_rate":140.61,"max_rate":144.26,"is_open":false,"enter_tag":"","leverage":2,"is_short":false,"open_timestamp":1764180000000,"close_timestamp":1764180000000,"orders":[{"amount":1.42,"safe_price":140.7,"ft_order_side":"buy","order_filled_timestamp":1764180000000,"ft_is_entry":true,"ft_order_tag":"","cost":199.89389699999998},{"amount":1.42,"safe_price":142.95232616308152,"ft_order_side":"sell","order_filled_timestamp":1764180000000,"ft_is_entry":false,"ft_order_tag":"roi","cost":203.09379930315154}],"funding_fees":0.0,"weekday":2},{"pair":"ETH/USDT:USDT","stake_amount":99.544575,"max_stake_amount":99.544575,"amount":0.065,"open_date":"2025-11-28 09:00:00+00:00","close_date":"2025-11-28 11:00:00+00:00","open_rate":3062.91,"close_rate":3033.195125,"fee_open":0.0005,"fee_close":0.0005,"trade_duration":120,"profit_ratio":-0.02138264216795849,"profit_abs":-2.12959029,"exit_reason":"trailing_stop_loss","initial_stop_loss_abs":3024.623625,"initial_stop_loss_ratio":-0.025,"stop_loss_abs":3033.195125,"stop_loss_ratio":-0.025,"min_rate":3015.0,"max_rate":3071.59,"is_open":false,"enter_tag":"","leverage":2,"is_short":false,"open_timestamp":1764320400000,"close_timestamp":1764327600000,"orders":[{"amount":0.065,"safe_price":3062.91,"ft_order_side":"buy","order_filled_timestamp":1764320400000,"ft_is_entry":true,"ft_order_tag":"","cost":199.18869457499997},{"amount":0.065,"safe_price":3033.195125,"ft_order_side":"sell","order_filled_timestamp":1764327600000,"ft_is_entry":false,"ft_order_tag":"trailing_stop_loss","cost":197.2562619665625}],"funding_fees":0.0,"weekday":4},{"pair":"DOGE/USDT:USDT","stake_amount":99.515,"max_stake_amount":99.515,"amount":1300.0,"open_date":"2025-11-28 09:00:00+00:00","close_date":"2025-11-28 11:00:00+00:00","open_rate":0.1531,"close_rate":0.15153,"fee_open":0.0005,"fee_close":0.0005,"trade_duration":120,"profit_ratio":-0.0224879722124568,"profit_abs":-2.2390095,"exit_reason":"trailing_stop_loss","initial_stop_loss_abs":0.15119,"initial_stop_loss_ratio":-0.025,"stop_loss_abs":0.15153,"stop_loss_ratio":-0.025,"min_rate":0.1496,"max_rate":0.15344,"is_open":false,"enter_tag":"","leverage":2,"is_short":false,"open_timestamp":1764320400000,"close_timestamp":1764327600000,"orders":[{"amount":1300.0,"safe_price":0.1531,"ft_order_side":"buy","order_filled_timestamp":1764320400000,"ft_is_entry":true,"ft_order_tag":"","cost":199.12951500000003},{"amount":1300.0,"safe_price":0.15153,"ft_order_side":"sell","order_filled_timestamp":1764327600000,"ft_is_entry":false,"ft_order_tag":"trailing_stop_loss","cost":197.0874945}],"funding_fees":0.0,"weekday":4},{"pair":"ETH/USDT:USDT","stake_amount":99.38972,"max_stake_amount":99.38972,"amount":0.062,"open_date":"2025-12-04 16:00:00+00:00","close_date":"2025-12-04 16:30:00+00:00","open_rate":3206.12,"close_rate":3183.7000000000003,"fee_open":0.0005,"fee_close":0.0005,"trade_duration":30,"profit_ratio":-0.016015462502893492,"profit_abs":-1.59256822,"exit_reason":"trailing_stop_loss","initial_stop_loss_abs":3166.0435,"initial_stop_loss_ratio":-0.025,"stop_loss_abs":3183.7000000000003,"stop_loss_ratio":-0.025,"min_rate":3158.2,"max_rate":3224.0,"is_open":false,"enter_tag":"","leverage":2,"is_short":false,"open_timestamp":1764864000000,"close_timestamp":1764865800000,"orders":[{"amount":0.062,"safe_price":3206.12,"ft_order_side":"buy","order_filled_timestamp":1764864000000,"ft_is_entry":true,"ft_order_tag":"","cost":198.87882971999997},{"amount":0.062,"safe_price":3183.7000000000003,"ft_order_side":"sell","order_filled_timestamp":1764865800000,"ft_is_entry":false,"ft_order_tag":"trailing_stop_loss","cost":197.4880947}],"funding_fees":-0.004443800875613436,"weekday":3},{"pair":"SOL/USDT:USDT","stake_amount":99.60715,"max_stake_amount":99.60715,"amount":1.51,"open_date":"2025-12-07 16:00:00+00:00","close_date":"2025-12-07 16:30:00+00:00","open_rate":131.93,"close_rate":130.78,"fee_open":0.0005,"fee_close":0.0005,"trade_duration":30,"profit_ratio":-0.019307054259409713,"profit_abs":-1.92408221,"exit_reason":"exit_signal","initial_stop_loss_abs":130.280875,"initial_stop_loss_ratio":-0.025,"stop_loss_abs":130.29075,"stop_loss_ratio":-0.025,"min_rate":130.38,"max_rate":131.94,"is_open":false,"enter_tag":"","leverage":2,"is_short":false,"open_timestamp":1765123200000,"close_timestamp":1765125000000,"orders":[{"amount":1.51,"safe_price":131.93,"ft_order_side":"buy","order_filled_timestamp":1765123200000,"ft_is_entry":true,"ft_order_tag":"","cost":199.31390715},{"amount":1.51,"safe_price":130.78,"ft_order_side":"sell","order_filled_timestamp":1765125000000,"ft_is_entry":false,"ft_order_tag":"exit_signal","cost":197.5765389}],"funding_fees":0.010763840309647828,"weekday":6},{"pair":"ETH/USDT:USDT","stake_amount":99.82896,"max_stake_amount":99.82896,"amount":0.066,"open_date":"2025-12-07 16:00:00+00:00","close_date":"2025-12-07 17:00:00+00:00","open_rate":3025.12,"close_rate":3050.846383191595,"fee_open":0.0005,"fee_close":0.0005,"trade_duration":60,"profit_ratio":0.01501224926498591,"profit_abs":1.49940656,"exit_reason":"roi","initial_stop_loss_abs":2987.306,"initial_stop_loss_ratio":-0.025,"stop_loss_abs":3081.69265,"stop_loss_ratio":-0.015,"min_rate":2997.63,"max_rate":3104.98,"is_open":false,"enter_tag":"","leverage":2,"is_short":false,"open_timestamp":1765123200000,"close_timestamp":1765126800000,"orders":[{"amount":0.066,"safe_price":3025.12,"ft_order_side":"buy","order_filled_timestamp":1765123200000,"ft_is_entry":true,"ft_order_tag":"","cost":199.75774896},{"amount":0.066,"safe_price":3050.846383191595,"ft_order_side":"sell","order_filled_timestamp":1765126800000,"ft_is_entry":false,"ft_order_tag":"roi","cost":201.4565392212906}],"funding_fees":0.001972163546835189,"weekday":6},{"pair":"DOGE/USDT:USDT","stake_amount":99.528,"max_stake_amount":99.528,"amount":1430.0,"open_date":"2025-12-07 16:00:00+00:00","close_date":"2025-12-07 17:00:00+00:00","open_rate":0.1392,"close_rate":0.14038379189594796,"fee_open":0.0005,"fee_close":0.0005,"trade_duration":60,"profit_ratio":0.015014665121422088,"profit_abs":1.49512678,"exit_reason":"roi","initial_stop_loss_abs":0.13746,"initial_stop_loss_ratio":-0.025,"stop_loss_abs":0.13975,"stop_loss_ratio":-0.015,"min_rate":0.13809,"max_rate":0.1408,"is_open":false,"enter_tag":"","leverage":2,"is_short":false,"open_timestamp":1765123200000,"close_timestamp":1765126800000,"orders":[{"amount":1430.0,"safe_price":0.1392,"ft_order_side":"buy","order_filled_timestamp":1765123200000,"ft_is_entry":true,"ft_order_tag":"","cost":199.15552799999998},{"amount":1430.0,"safe_price":0.14038379189594796,"ft_order_side":"sell","order_filled_timestamp":1765126800000,"ft_is_entry":false,"ft_order_tag":"roi","cost":200.8491968224112}],"funding_fees":0.002206778330264907,"weekday":6},{"pair":"ETH/USDT:USDT","stake_amount":99.30112,"max_stake_amount":99.30112,"amount":0.064,"open_date":"2025-12-07 17:30:00+00:00","close_date":"2025-12-07 18:00:00+00:00","open_rate":3103.16,"close_rate":3125.36265,"fee_open":0.0005,"fee_close":0.0005,"trade_duration":30,"profit_ratio":0.01229640065310028,"profit_abs":1.22165688,"exit_reason":"trailing_stop_loss","initial_stop_loss_abs":3064.3705,"initial_stop_loss_ratio":-0.025,"stop_loss_abs":3125.36265,"stop_loss_ratio":-0.015,"min_rate":3103.02,"max_rate":3148.98,"is_open":false,"enter_tag":"","leverage":2,"is_short":false,"open_timestamp":1765128600000,"close_timestamp":1765130400000,"orders":[{"amount":0.064,"safe_price":3103.16,"ft_order_side":"buy","order_filled_timestamp":1765128600000,"ft_is_entry":true,"ft_order_tag":"","cost":198.70154111999997},{"amount":0.064,"safe_price":3125.36265,"ft_order_side":"sell","order_filled_timestamp":1765130400000,"ft_is_entry":false,"ft_order_tag":"trailing_stop_loss","cost":200.1232212048}],"funding_fees":0.0,"weekday":6},{"pair":"SOL/USDT:USDT","stake_amount":99.85235,"max_stake_amount":99.85235,"amount":1.49,"open_date":"2025-12-07 17:30:00+00:00","close_date":"2025-12-07 18:00:00+00:00","open_rate":134.03,"close_rate":135.109025,"fee_open":0.0005,"fee_close":0.0005,"trade_duration":30,"profit_ratio":0.014086152326849125,"profit_abs":1.40723868,"exit_reason":"trailing_stop_loss","initial_stop_loss_abs":132.354625,"initial_stop_loss_ratio":-0.025,"stop_loss_abs":135.109025,"stop_loss_ratio":-0.015,"min_rate":134.03,"max_rate":136.13,"is_open":false,"enter_tag":"","leverage":2,"is_short":false,"open_timestamp":1765128600000,"close_timestamp":1765130400000,"orders":[{"amount":1.49,"safe_price":134.03,"ft_order_side":"buy","order_filled_timestamp":1765128600000,"ft_is_entry":true,"ft_order_tag":"","cost":199.80455235},{"amount":1.49,"safe_price":135.109025,"ft_order_side":"sell","order_filled_timestamp":1765130400000,"ft_is_entry":false,"ft_order_tag":"trailing_stop_loss","cost":201.41310347362497}],"funding_fees":0.0,"weekday":6},{"pair":"SOL/USDT:USDT","stake_amount":99.7763,"max_stake_amount":99.7763,"amount":1.42,"open_date":"2025-12-10 20:30:00+00:00","close_date":"2025-12-10 20:30:00+00:00","open_rate":140.53,"close_rate":138.77337500000002,"fee_open":0.0005,"fee_close":0.0005,"trade_duration":0,"profit_ratio":-0.026974013031068545,"profit_abs":-2.6927129,"exit_reason":"stop_loss","initial_stop_loss_abs":138.77337500000002,"initial_stop_loss_ratio":-0.025,"stop_loss_abs":138.77337500000002,"stop_loss_ratio":-0.025,"min_rate":137.36,"max_rate":141.04,"is_open":false,"enter_tag":"","leverage":2,"is_short":false,"open_timestamp":1765398600000,"close_timestamp":1765398600000,"orders":[{"amount":1.42,"safe_price":140.53,"ft_order_side":"buy","order_filled_timestamp":1765398600000,"ft_is_entry":true,"ft_order_tag":"","cost":199.6523763},{"amount":1.42,"safe_price":138.77337500000002,"ft_order_side":"sell","order_filled_timestamp":1765398600000,"ft_is_entry":false,"ft_order_tag":"stop_loss","cost":197.15672159625}],"funding_fees":0.0,"weekday":2},{"pair":"SOL/USDT:USDT","stake_amount":99.5025,"max_stake_amount":99.5025,"amount":1.5,"open_date":"2025-12-15 02:30:00+00:00","close_date":"2025-12-15 03:00:00+00:00","open_rate":132.67,"close_rate":131.070875,"fee_open":0.0005,"fee_close":0.0005,"trade_duration":30,"profit_ratio":-0.026081712140085835,"profit_abs":-2.59649316,"exit_reason":"trailing_stop_loss","initial_stop_loss_abs":131.01162499999998,"initial_stop_loss_ratio":-0.025,"stop_loss_abs":131.070875,"stop_loss_ratio":-0.025,"min_rate":130.86,"max_rate":132.73,"is_open":false,"enter_tag":"","leverage":2,"is_short":false,"open_timestamp":1765765800000,"close_timestamp":1765767600000,"orders":[{"amount":1.5,"safe_price":132.67,"ft_order_side":"buy","order_filled_timestamp":1765765800000,"ft_is_entry":true,"ft_order_tag":"","cost":199.1045025},{"amount":1.5,"safe_price":131.070875,"ft_order_side":"sell","order_filled_timestamp":1765767600000,"ft_is_entry":false,"ft_order_tag":"trailing_stop_loss","cost":196.70461565624998}],"funding_fees":0.0,"weekday":0},{"pair":"SOL/USDT:USDT","stake_amount":99.358,"max_stake_amount":99.358,"amount":1.51,"open_date":"2025-12-17 15:30:00+00:00","close_date":"2025-12-17 15:30:00+00:00","open_rate":131.6,"close_rate":129.955,"fee_open":0.0005,"fee_close":0.0005,"trade_duration":0,"profit_ratio":-0.026974013043801173,"profit_abs":-2.68142403,"exit_reason":"stop_loss","initial_stop_loss_abs":129.955,"initial_stop_loss_ratio":-0.025,"stop_loss_abs":129.955,"stop_loss_ratio":-0.025,"min_rate":126.53,"max_rate":131.77,"is_open":false,"enter_tag":"","leverage":2,"is_short":false,"open_timestamp":1765985400000,"close_timestamp":1765985400000,"orders":[{"amount":1.51,"safe_price":131.6,"ft_order_side":"buy","order_filled_timestamp":1765985400000,"ft_is_entry":true,"ft_order_tag":"","cost":198.81535799999997},{"amount":1.51,"safe_price":129.955,"ft_order_side":"sell","order_filled_timestamp":1765985400000,"ft_is_entry":false,"ft_order_tag":"stop_loss","cost":196.330166025}],"funding_fees":0.0,"weekday":2},{"pair":"ETH/USDT:USDT","stake_amount":98.92708,"max_stake_amount":98.92708,"amount":0.068,"open_date":"2025-12-19 03:30:00+00:00","close_date":"2025-12-19 03:30:00+00:00","open_rate":2909.62,"close_rate":2882.83,"fee_open":0.0005,"fee_close":0.0005,"trade_duration":0,"profit_ratio":-0.020395370739373066,"profit_abs":-2.0186633,"exit_reason":"trailing_stop_loss","initial_stop_loss_abs":2873.24975,"initial_stop_loss_ratio":-0.025,"stop_loss_abs":2898.243375,"stop_loss_ratio":-0.025,"min_rate":2882.83,"max_rate":2934.93,"is_open":false,"enter_tag":"","leverage":2,"is_short":false,"open_timestamp":1766115000000,"close_timestamp":1766115000000,"orders":[{"amount":0.068,"safe_price":2909.62,"ft_order_side":"buy","order_filled_timestamp":1766115000000,"ft_is_entry":true,"ft_order_tag":"","cost":197.95308708},{"amount":0.068,"safe_price":2882.83,"ft_order_side":"sell","order_filled_timestamp":1766115000000,"ft_is_entry":false,"ft_order_tag":"trailing_stop_loss","cost":196.13045621999999}],"funding_fees":0.0,"weekday":4},{"pair":"SOL/USDT:USDT","stake_amount":99.8022,"max_stake_amount":99.8022,"amount":1.64,"open_date":"2025-12-19 03:30:00+00:00","close_date":"2025-12-19 03:30:00+00:00","open_rate":121.71,"close_rate":120.61,"fee_open":0.0005,"fee_close":0.0005,"trade_duration":0,"profit_ratio":-0.02005668762036696,"profit_abs":-2.0027024,"exit_reason":"trailing_stop_loss","initial_stop_loss_abs":120.188625,"initial_stop_loss_ratio":-0.025,"stop_loss_abs":120.919375,"stop_loss_ratio":-0.025,"min_rate":120.61,"max_rate":122.45,"is_open":false,"enter_tag":"","leverage":2,"is_short":false,"open_timestamp":1766115000000,"close_timestamp":1766115000000,"orders":[{"amount":1.64,"safe_price":121.71,"ft_order_side":"buy","order_filled_timestamp":1766115000000,"ft_is_entry":true,"ft_order_tag":"","cost":199.70420219999997},{"amount":1.64,"safe_price":120.61,"ft_order_side":"sell","order_filled_timestamp":1766115000000,"ft_is_entry":false,"ft_order_tag":"trailing_stop_loss","cost":197.8993002}],"funding_fees":0.0,"weekday":4},{"pair":"DOGE/USDT:USDT","stake_amount":99.73275,"max_stake_amount":99.73275,"amount":1590.0,"open_date":"2025-12-19 03:30:00+00:00","close_date":"2025-12-19 03:30:00+00:00","open_rate":0.12545,"close_rate":0.1245,"fee_open":0.0005,"fee_close":0.0005,"trade_duration":0,"profit_ratio":-0.017129338877791077,"profit_abs":-1.70921025,"exit_reason":"trailing_stop_loss","initial_stop_loss_abs":0.12389,"initial_stop_loss_ratio":-0.025,"stop_loss_abs":0.12468,"stop_loss_ratio":-0.025,"min_rate":0.1245,"max_rate":0.12625,"is_open":false,"enter_tag":"","leverage":2,"is_short":false,"open_timestamp":1766115000000,"close_timestamp":1766115000000,"orders":[{"amount":1590.0,"safe_price":0.12545,"ft_order_side":"buy","order_filled_timestamp":1766115000000,"ft_is_entry":true,"ft_order_tag":"","cost":199.56523275},{"amount":1590.0,"safe_price":0.1245,"ft_order_side":"sell","order_filled_timestamp":1766115000000,"ft_is_entry":false,"ft_order_tag":"trailing_stop_loss","cost":198.0539775}],"funding_fees":0.0,"weekday":4},{"pair":"SOL/USDT:USDT","stake_amount":99.6464,"max_stake_amount":99.6464,"amount":1.64,"open_date":"2025-12-19 04:00:00+00:00","close_date":"2025-12-19 04:30:00+00:00","open_rate":121.52,"close_rate":122.0775,"fee_open":0.0005,"fee_close":0.0005,"trade_duration":30,"profit_ratio":0.007167273012604955,"profit_abs":0.71455005,"exit_reason":"trailing_stop_loss","initial_stop_loss_abs":120.001,"initial_stop_loss_ratio":-0.025,"stop_loss_abs":122.0775,"stop_loss_ratio":-0.015,"min_rate":121.29,"max_rate":123.0,"is_open":false,"enter_tag":"","leverage":2,"is_short":false,"open_timestamp":1766116800000,"close_timestamp":1766118600000,"orders":[{"amount":1.64,"safe_price":121.52,"ft_order_side":"buy","order_filled_timestamp":1766116800000,"ft_is_entry":true,"ft_order_tag":"","cost":199.39244639999995},{"amount":1.64,"safe_price":122.0775,"ft_order_side":"sell","order_filled_timestamp":1766118600000,"ft_is_entry":false,"ft_order_tag":"trailing_stop_loss","cost":200.30720355}],"funding_fees":0.0,"weekday":4},{"pair":"ETH/USDT:USDT","stake_amount":98.85296,"max_stake_amount":98.85296,"amount":0.068,"open_date":"2025-12-19 04:00:00+00:00","close_date":"2025-12-19 06:30:00+00:00","open_rate":2907.44,"close_rate":2924.893366683342,"fee_open":0.0005,"fee_close":0.0005,"trade_duration":150,"profit_ratio":0.009995002498750623,"profit_abs":0.9885296,"exit_reason":"roi","initial_stop_loss_abs":2871.097,"initial_stop_loss_ratio":-0.025,"stop_loss_abs":2926.8825,"stop_loss_ratio":-0.015,"min_rate":2905.4,"max_rate":2949.0,"is_open":false,"enter_tag":"","leverage":2,"is_short":false,"open_timestamp":1766116800000,"close_timestamp":1766125800000,"orders":[{"amount":0.068,"safe_price":2907.44,"ft_order_side":"buy","order_filled_timestamp":1766116800000,"ft_is_entry":true,"ft_order_tag":"","cost":197.80477296},{"amount":0.068,"safe_price":2924.893366683342,"ft_order_side":"sell","order_filled_timestamp":1766125800000,"ft_is_entry":false,"ft_order_tag":"roi","cost":198.99219530893447}],"funding_fees":0.0,"weekday":4},{"pair":"DOGE/USDT:USDT","stake_amount":99.73275,"max_stake_amount":99.73275,"amount":1590.0,"open_date":"2025-12-19 04:00:00+00:00","close_date":"2025-12-19 06:30:00+00:00","open_rate":0.12545,"close_rate":0.12620307653826912,"fee_open":0.0005,"fee_close":0.0005,"trade_duration":150,"profit_ratio":0.009995002498750625,"profit_abs":0.9973275,"exit_reason":"roi","initial_stop_loss_abs":0.12389,"initial_stop_loss_ratio":-0.025,"stop_loss_abs":0.12507,"stop_loss_ratio":-0.025,"min_rate":0.12529,"max_rate":0.12665,"is_open":false,"enter_tag":"","leverage":2,"is_short":false,"open_timestamp":1766116800000,"close_timestamp":1766125800000,"orders":[{"amount":1590.0,"safe_price":0.12545,"ft_order_side":"buy","order_filled_timestamp":1766116800000,"ft_is_entry":true,"ft_order_tag":"","cost":199.56523275},{"amount":1590.0,"safe_price":0.12620307653826912,"ft_order_side":"sell","order_filled_timestamp":1766125800000,"ft_is_entry":false,"ft_order_tag":"roi","cost":200.7632231416958}],"funding_fees":0.0,"weekday":4},{"pair":"ETH/USDT:USDT","stake_amount":99.825645,"max_stake_amount":99.825645,"amount":0.067,"open_date":"2025-12-26 02:30:00+00:00","close_date":"2025-12-26 03:00:00+00:00","open_rate":2979.87,"close_rate":2956.98975,"fee_open":0.0005,"fee_close":0.0005,"trade_duration":30,"profit_ratio":-0.01734019401501501,"profit_abs":-1.73186155,"exit_reason":"trailing_stop_loss","initial_stop_loss_abs":2942.621625,"initial_stop_loss_ratio":-0.025,"stop_loss_abs":2956.98975,"stop_loss_ratio":-0.025,"min_rate":2955.56,"max_rate":2994.42,"is_open":false,"enter_tag":"","leverage":2,"is_short":false,"open_timestamp":1766716200000,"close_timestamp":1766718000000,"orders":[{"amount":0.067,"safe_price":2979.87,"ft_order_side":"buy","order_filled_timestamp":1766716200000,"ft_is_entry":true,"ft_order_tag":"","cost":199.751115645},{"amount":0.067,"safe_price":2956.98975,"ft_order_side":"sell","order_filled_timestamp":1766718000000,"ft_is_entry":false,"ft_order_tag":"trailing_stop_loss","cost":198.21737240662503}],"funding_fees":0.0,"weekday":4},{"pair":"SOL/USDT:USDT","stake_amount":99.4175,"max_stake_amount":99.4175,"amount":1.61,"open_date":"2025-12-26 02:30:00+00:00","close_date":"2025-12-26 03:00:00+00:00","open_rate":123.5,"close_rate":122.766,"fee_open":0.0005,"fee_close":0.0005,"trade_duration":30,"profit_ratio":-0.013873759476537035,"profit_abs":-1.37998413,"exit_reason":"trailing_stop_loss","initial_stop_loss_abs":121.95625000000001,"initial_stop_loss_ratio":-0.025,"stop_loss_abs":122.766,"stop_loss_ratio":-0.025,"min_rate":122.63,"max_rate":124.32,"is_open":false,"enter_tag":"","leverage":2,"is_short":false,"open_timestamp":1766716200000,"close_timestamp":1766718000000,"orders":[{"amount":1.61,"safe_price":123.5,"ft_order_side":"buy","order_filled_timestamp":1766716200000,"ft_is_entry":true,"ft_order_tag":"","cost":198.9344175},{"amount":1.61,"safe_price":122.766,"ft_order_side":"sell","order_filled_timestamp":1766718000000,"ft_is_entry":false,"ft_order_tag":"trailing_stop_loss","cost":197.75208663}],"funding_fees":0.0,"weekday":4},{"pair":"SOL/USDT:USDT","stake_amount":99.337,"max_stake_amount":99.337,"amount":1.4,"open_date":"2026-01-06 15:00:00+00:00","close_date":"2026-01-06 15:30:00+00:00","open_rate":141.91,"close_rate":143.0,"fee_open":0.0005,"fee_close":0.0005,"trade_duration":30,"profit_ratio":0.01334749438753951,"profit_abs":1.326563,"exit_reason":"exit_signal","initial_stop_loss_abs":140.136125,"initial_stop_loss_ratio":-0.025,"stop_loss_abs":141.281625,"stop_loss_ratio":-0.025,"min_rate":141.06,"max_rate":143.14,"is_open":false,"enter_tag":"","leverage":2,"is_short":false,"open_timestamp":1767711600000,"close_timestamp":1767713400000,"orders":[{"amount":1.4,"safe_price":141.91,"ft_order_side":"buy","order_filled_timestamp":1767711600000,"ft_is_entry":true,"ft_order_tag":"","cost":198.77333699999997},{"amount":1.4,"safe_price":143.0,"ft_order_side":"sell","order_filled_timestamp":1767713400000,"ft_is_entry":false,"ft_order_tag":"exit_signal","cost":200.3001}],"funding_fees":0.0,"weekday":1},{"pair":"DOGE/USDT:USDT","stake_amount":99.799,"max_stake_amount":99.799,"amount":1400.0,"open_date":"2026-01-09 15:30:00+00:00","close_date":"2026-01-09 15:30:00+00:00","open_rate":0.14257,"close_rate":0.14150072500000002,"fee_open":0.0005,"fee_close":0.0005,"trade_duration":0,"profit_ratio":-0.01698400802103983,"profit_abs":-1.69583451,"exit_reason":"trailing_stop_loss","initial_stop_loss_abs":0.14079,"initial_stop_loss_ratio":-0.025,"stop_loss_abs":0.14347,"stop_loss_ratio":-0.015,"min_rate":0.14085,"max_rate":0.14455,"is_open":false,"enter_tag":"","leverage":2,"is_short":false,"open_timestamp":1767972600000,"close_timestamp":1767972600000,"orders":[{"amount":1400.0,"safe_price":0.14257,"ft_order_side":"buy","order_filled_timestamp":1767972600000,"ft_is_entry":true,"ft_order_tag":"","cost":199.697799},{"amount":1400.0,"safe_price":0.14150072500000002,"ft_order_side":"sell","order_filled_timestamp":1767972600000,"ft_is_entry":false,"ft_order_tag":"trailing_stop_loss","cost":198.2000655075}],"funding_fees":0.0,"weekday":4},{"pair":"DOGE/USDT:USDT","stake_amount":99.435,"max_stake_amount":99.435,"amount":1400.0,"open_date":"2026-01-09 16:00:00+00:00","close_date":"2026-01-09 16:00:00+00:00","open_rate":0.14205,"close_rate":0.14197,"fee_open":0.0005,"fee_close":0.0005,"trade_duration":0,"profit_ratio":-0.00320966132310724,"profit_abs":-0.31931225,"exit_reason":"trailing_stop_loss","initial_stop_loss_abs":0.14028,"initial_stop_loss_ratio":-0.025,"stop_loss_abs":0.14309,"stop_loss_ratio":-0.015,"min_rate":0.14197,"max_rate":0.14417,"is_open":false,"enter_tag":"","leverage":2,"is_short":false,"open_timestamp":1767974400000,"close_timestamp":1767974400000,"orders":[{"amount":1400.0,"safe_price":0.14205,"ft_order_side":"buy","order_filled_timestamp":1767974400000,"ft_is_entry":true,"ft_order_tag":"","cost":198.969435},{"amount":1400.0,"safe_price":0.14197,"ft_order_side":"sell","order_filled_timestamp":1767974400000,"ft_is_entry":false,"ft_order_tag":"trailing_stop_loss","cost":198.857379}],"funding_fees":-0.008498246747239273,"weekday":4},{"pair":"DOGE/USDT:USDT","stake_amount":99.9633,"max_stake_amount":99.9633,"amount":1590.0,"open_date":"2026-01-21 15:00:00+00:00","close_date":"2026-01-21 15:30:00+00:00","open_rate":0.12574,"close_rate":0.125,"fee_open":0.0005,"fee_close":0.0005,"trade_duration":30,"profit_ratio":-0.01375755576959413,"profit_abs":-1.3759383,"exit_reason":"trailing_stop_loss","initial_stop_loss_abs":0.12417,"initial_stop_loss_ratio":-0.025,"stop_loss_abs":0.125,"stop_loss_ratio":-0.025,"min_rate":0.12494,"max_rate":0.12658,"is_open":false,"enter_tag":"","leverage":2,"is_short":false,"open_timestamp":1769007600000,"close_timestamp":1769009400000,"orders":[{"amount":1590.0,"safe_price":0.12574,"ft_order_side":"buy","order_filled_timestamp":1769007600000,"ft_is_entry":true,"ft_order_tag":"","cost":200.02656329999996},{"amount":1590.0,"safe_price":0.125,"ft_order_side":"sell","order_filled_timestamp":1769009400000,"ft_is_entry":false,"ft_order_tag":"trailing_stop_loss","cost":198.84937499999998}],"funding_fees":0.0,"weekday":2},{"pair":"ETH/USDT:USDT","stake_amount":99.255,"max_stake_amount":99.255,"amount":0.065,"open_date":"2026-01-21 20:00:00+00:00","close_date":"2026-01-21 20:00:00+00:00","open_rate":3054.0,"close_rate":3015.8250000000003,"fee_open":0.0005,"fee_close":0.0005,"trade_duration":0,"profit_ratio":-0.02697401296832819,"profit_abs":-2.67864431,"exit_reason":"stop_loss","initial_stop_loss_abs":3015.8250000000003,"initial_stop_loss_ratio":-0.025,"stop_loss_abs":3015.8250000000003,"stop_loss_ratio":-0.025,"min_rate":3001.59,"max_rate":3056.47,"is_open":false,"enter_tag":"","leverage":2,"is_short":false,"open_timestamp":1769025600000,"close_timestamp":1769025600000,"orders":[{"amount":0.065,"safe_price":3054.0,"ft_order_side":"buy","order_filled_timestamp":1769025600000,"ft_is_entry":true,"ft_order_tag":"","cost":198.60925500000002},{"amount":0.065,"safe_price":3015.8250000000003,"ft_order_side":"sell","order_filled_timestamp":1769025600000,"ft_is_entry":false,"ft_order_tag":"stop_loss","cost":196.12663931250003}],"funding_fees":0.0,"weekday":2},{"pair":"DOGE/USDT:USDT","stake_amount":99.8868,"max_stake_amount":99.8868,"amount":1560.0,"open_date":"2026-01-21 20:00:00+00:00","close_date":"2026-01-21 20:00:00+00:00","open_rate":0.12806,"close_rate":0.12646,"fee_open":0.0005,"fee_close":0.0005,"trade_duration":0,"profit_ratio":-0.026962311441499305,"profit_abs":-2.6945256,"exit_reason":"stop_loss","initial_stop_loss_abs":0.12646,"initial_stop_loss_ratio":-0.025,"stop_loss_abs":0.12646,"stop_loss_ratio":-0.025,"min_rate":0.1264,"max_rate":0.12828,"is_open":false,"enter_tag":"","leverage":2,"is_short":false,"open_timestamp":1769025600000,"close_timestamp":1769025600000,"orders":[{"amount":1560.0,"safe_price":0.12806,"ft_order_side":"buy","order_filled_timestamp":1769025600000,"ft_is_entry":true,"ft_order_tag":"","cost":199.8734868},{"amount":1560.0,"safe_price":0.12646,"ft_order_side":"sell","order_filled_timestamp":1769025600000,"ft_is_entry":false,"ft_order_tag":"stop_loss","cost":197.37623879999995}],"funding_fees":0.0,"weekday":2},{"pair":"SOL/USDT:USDT","stake_amount":99.9172,"max_stake_amount":99.9172,"amount":1.52,"open_date":"2026-01-21 20:00:00+00:00","close_date":"2026-01-21 23:00:00+00:00","open_rate":131.47,"close_rate":130.458625,"fee_open":0.0005,"fee_close":0.0005,"trade_duration":180,"profit_ratio":-0.01736926190878051,"profit_abs":-1.73635576,"exit_reason":"trailing_stop_loss","initial_stop_loss_abs":129.826625,"initial_stop_loss_ratio":-0.025,"stop_loss_abs":130.458625,"stop_loss_ratio":-0.025,"min_rate":129.96,"max_rate":132.11,"is_open":false,"enter_tag":"","leverage":2,"is_short":false,"open_timestamp":1769025600000,"close_timestamp":1769036400000,"orders":[{"amount":1.52,"safe_price":131.47,"ft_order_side":"buy","order_filled_timestamp":1769025600000,"ft_is_entry":true,"ft_order_tag":"","cost":199.93431719999998},{"amount":1.52,"safe_price":130.458625,"ft_order_side":"sell","order_filled_timestamp":1769036400000,"ft_is_entry":false,"ft_order_tag":"trailing_stop_loss","cost":198.39625855500003}],"funding_fees":0.0,"weekday":2},{"pair":"BTC/USDT:USDT","stake_amount":99.34661,"max_stake_amount":99.34661,"amount":0.0022,"open_date":"2026-01-21 20:00:00+00:00","close_date":"2026-01-22 00:00:00+00:00","open_rate":90315.1,"close_rate":89401.0,"fee_open":0.0005,"fee_close":0.0005,"trade_duration":240,"profit_ratio":-0.022271925432131728,"profit_abs":-2.21374661,"exit_reason":"exit_signal","initial_stop_loss_abs":89186.16125,"initial_stop_loss_ratio":-0.025,"stop_loss_abs":89218.8475,"stop_loss_ratio":-0.025,"min_rate":89303.7,"max_rate":90348.2,"is_open":false,"enter_tag":"","leverage":2,"is_short":false,"open_timestamp":1769025600000,"close_timestamp":1769040000000,"orders":[{"amount":0.0022,"safe_price":90315.1,"ft_order_side":"buy","order_filled_timestamp":1769025600000,"ft_is_entry":true,"ft_order_tag":"","cost":198.79256661000002},{"amount":0.0022,"safe_price":89401.0,"ft_order_side":"sell","order_filled_timestamp":1769040000000,"ft_is_entry":false,"ft_order_tag":"exit_signal","cost":196.78054110000002}],"funding_fees":-0.00503889654845316,"weekday":3},{"pair":"DOGE/USDT:USDT","stake_amount":99.7735,"max_stake_amount":99.7735,"amount":1570.0,"open_date":"2026-01-23 17:30:00+00:00","close_date":"2026-01-23 18:00:00+00:00","open_rate":0.1271,"close_rate":0.12623,"fee_open":0.0005,"fee_close":0.0005,"trade_duration":30,"profit_ratio":-0.01567532520128606,"profit_abs":-1.56476405,"exit_reason":"trailing_stop_loss","initial_stop_loss_abs":0.12552,"initial_stop_loss_ratio":-0.025,"stop_loss_abs":0.12623,"stop_loss_ratio":-0.025,"min_rate":0.12596,"max_rate":0.12782,"is_open":false,"enter_tag":"","leverage":2,"is_short":false,"open_timestamp":1769189400000,"close_timestamp":1769191200000,"orders":[{"amount":1570.0,"safe_price":0.1271,"ft_order_side":"buy","order_filled_timestamp":1769189400000,"ft_is_entry":true,"ft_order_tag":"","cost":199.6467735},{"amount":1570.0,"safe_price":0.12623,"ft_order_side":"sell","order_filled_timestamp":1769191200000,"ft_is_entry":false,"ft_order_tag":"trailing_stop_loss","cost":198.28019055000001}],"funding_fees":0.0,"weekday":4},{"pair":"BTC/USDT:USDT","stake_amount":96.90705,"max_stake_amount":96.90705,"amount":0.0023,"open_date":"2026-01-30 19:30:00+00:00","close_date":"2026-01-30 20:00:00+00:00","open_rate":84267.0,"close_rate":83539.34000000001,"fee_open":0.0005,"fee_close":0.0005,"trade_duration":30,"profit_ratio":-0.01925208185339059,"profit_abs":-1.86659529,"exit_reason":"trailing_stop_loss","initial_stop_loss_abs":83213.6625,"initial_stop_loss_ratio":-0.025,"stop_loss_abs":83539.34000000001,"stop_loss_ratio":-0.025,"min_rate":83508.7,"max_rate":84596.8,"is_open":false,"enter_tag":"","leverage":2,"is_short":false,"open_timestamp":1769801400000,"close_timestamp":1769803200000,"orders":[{"amount":0.0023,"safe_price":84267.0,"ft_order_side":"buy","order_filled_timestamp":1769801400000,"ft_is_entry":true,"ft_order_tag":"","cost":193.91100705},{"amount":0.0023,"safe_price":83539.34000000001,"ft_order_side":"sell","order_filled_timestamp":1769803200000,"ft_is_entry":false,"ft_order_tag":"trailing_stop_loss","cost":192.236552241}],"funding_fees":0.0,"weekday":4},{"pair":"SOL/USDT:USDT","stake_amount":99.5988,"max_stake_amount":99.5988,"amount":1.68,"open_date":"2026-01-30 19:30:00+00:00","close_date":"2026-01-30 20:00:00+00:00","open_rate":118.57,"close_rate":117.57175000000001,"fee_open":0.0005,"fee_close":0.0005,"trade_duration":30,"profit_ratio":-0.018820325436505834,"profit_abs":-1.87541907,"exit_reason":"trailing_stop_loss","initial_stop_loss_abs":117.087875,"initial_stop_loss_ratio":-0.025,"stop_loss_abs":117.57175000000001,"stop_loss_ratio":-0.025,"min_rate":117.01,"max_rate":119.06,"is_open":false,"enter_tag":"","leverage":2,"is_short":false,"open_timestamp":1769801400000,"close_timestamp":1769803200000,"orders":[{"amount":1.68,"safe_price":118.57,"ft_order_side":"buy","order_filled_timestamp":1769801400000,"ft_is_entry":true,"ft_order_tag":"","cost":199.2971988},{"amount":1.68,"safe_price":117.57175000000001,"ft_order_side":"sell","order_filled_timestamp":1769803200000,"ft_is_entry":false,"ft_order_tag":"trailing_stop_loss","cost":197.61930027}],"funding_fees":0.0,"weekday":4},{"pair":"SOL/USDT:USDT","stake_amount":99.6534,"max_stake_amount":99.6534,"amount":1.98,"open_date":"2026-02-02 07:00:00+00:00","close_date":"2026-02-02 07:30:00+00:00","open_rate":100.66,"close_rate":102.2713656828414,"fee_open":0.0005,"fee_close":0.0005,"trade_duration":30,"profit_ratio":0.029985007496251874,"profit_abs":2.989602,"exit_reason":"roi","initial_stop_loss_abs":99.40175,"initial_stop_loss_ratio":-0.025,"stop_loss_abs":101.602225,"stop_loss_ratio":-0.015,"min_rate":100.39,"max_rate":102.37,"is_open":false,"enter_tag":"","leverage":2,"is_short":false,"open_timestamp":1770015600000,"close_timestamp":1770017400000,"orders":[{"amount":1.98,"safe_price":100.66,"ft_order_side":"buy","order_filled_timestamp":1770015600000,"ft_is_entry":true,"ft_order_tag":"","cost":199.40645339999998},{"amount":1.98,"safe_price":102.2713656828414,"ft_order_side":"sell","order_filled_timestamp":1770017400000,"ft_is_entry":false,"ft_order_tag":"roi","cost":202.598552704052}],"funding_fees":0.0,"weekday":0},{"pair":"ETH/USDT:USDT","stake_amount":99.38292,"max_stake_amount":99.38292,"amount":0.084,"open_date":"2026-02-02 15:30:00+00:00","close_date":"2026-02-02 15:30:00+00:00","open_rate":2366.26,"close_rate":2359.46,"fee_open":0.0005,"fee_close":0.0005,"trade_duration":0,"profit_ratio":-0.0077407223716499576,"profit_abs":-0.76968024,"exit_reason":"trailing_stop_loss","initial_stop_loss_abs":2336.68175,"initial_stop_loss_ratio":-0.025,"stop_loss_abs":2377.9506,"stop_loss_ratio":-0.015,"min_rate":2359.46,"max_rate":2395.92,"is_open":false,"enter_tag":"","leverage":2,"is_short":false,"open_timestamp":1770046200000,"close_timestamp":1770046200000,"orders":[{"amount":0.084,"safe_price":2366.26,"ft_order_side":"buy","order_filled_timestamp":1770046200000,"ft_is_entry":true,"ft_order_tag":"","cost":198.86522292},{"amount":0.084,"safe_price":2359.46,"ft_order_side":"sell","order_filled_timestamp":1770046200000,"ft_is_entry":false,"ft_order_tag":"trailing_stop_loss","cost":198.29373732000002}],"funding_fees":0.0,"weekday":0},{"pair":"ETH/USDT:USDT","stake_amount":98.99202,"max_stake_amount":98.99202,"amount":0.086,"open_date":"2026-02-03 16:00:00+00:00","close_date":"2026-02-03 16:00:00+00:00","open_rate":2302.14,"close_rate":2273.36325,"fee_open":0.0005,"fee_close":0.0005,"trade_duration":0,"profit_ratio":-0.026961930285178397,"profit_abs":-2.67035045,"exit_reason":"stop_loss","initial_stop_loss_abs":2273.36325,"initial_stop_loss_ratio":-0.025,"stop_loss_abs":2273.36325,"stop_loss_ratio":-0.025,"min_rate":2251.57,"max_rate":2302.72,"is_open":false,"enter_tag":"","leverage":2,"is_short":false,"open_timestamp":1770134400000,"close_timestamp":1770134400000,"orders":[{"amount":0.086,"safe_price":2302.14,"ft_order_side":"buy","order_filled_timestamp":1770134400000,"ft_is_entry":true,"ft_order_tag":"","cost":198.08303201999996},{"amount":0.086,"safe_price":2273.36325,"ft_order_side":"sell","order_filled_timestamp":1770134400000,"ft_is_entry":false,"ft_order_tag":"stop_loss","cost":195.60699411974997}],"funding_fees":0.0011966864853388927,"weekday":1},{"pair":"DOGE/USDT:USDT","stake_amount":99.6586,"max_stake_amount":99.6586,"amount":1810.0,"open_date":"2026-02-03 16:00:00+00:00","close_date":"2026-02-03 16:00:00+00:00","open_rate":0.11012,"close_rate":0.10875,"fee_open":0.0005,"fee_close":0.0005,"trade_duration":0,"profit_ratio":-0.026640625759009922,"profit_abs":-2.65629495,"exit_reason":"stop_loss","initial_stop_loss_abs":0.10875,"initial_stop_loss_ratio":-0.025,"stop_loss_abs":0.10875,"stop_loss_ratio":-0.025,"min_rate":0.10662,"max_rate":0.11015,"is_open":false,"enter_tag":"","leverage":2,"is_short":false,"open_timestamp":1770134400000,"close_timestamp":1770134400000,"orders":[{"amount":1810.0,"safe_price":0.11012,"ft_order_side":"buy","order_filled_timestamp":1770134400000,"ft_is_entry":true,"ft_order_tag":"","cost":199.41685859999998},{"amount":1810.0,"safe_price":0.10875,"ft_order_side":"sell","order_filled_timestamp":1770134400000,"ft_is_entry":false,"ft_order_tag":"stop_loss","cost":196.93591874999998}],"funding_fees":0.021482397458401324,"weekday":1},{"pair":"ETH/USDT:USDT","stake_amount":99.97953,"max_stake_amount":99.97953,"amount":0.087,"open_date":"2026-02-03 21:00:00+00:00","close_date":"2026-02-03 21:00:00+00:00","open_rate":2298.38,"close_rate":2335.172476238119,"fee_open":0.0005,"fee_close":0.0005,"trade_duration":0,"profit_ratio":0.029985007496251874,"profit_abs":2.9993859,"exit_reason":"roi","initial_stop_loss_abs":2269.65025,"initial_stop_loss_ratio":-0.025,"stop_loss_abs":2320.752825,"stop_loss_ratio":-0.015,"min_rate":2296.36,"max_rate":2338.29,"is_open":false,"enter_tag":"","leverage":2,"is_short":false,"open_timestamp":1770152400000,"close_timestamp":1770152400000,"orders":[{"amount":0.087,"safe_price":2298.38,"ft_order_side":"buy","order_filled_timestamp":1770152400000,"ft_is_entry":true,"ft_order_tag":"","cost":200.05903952999998},{"amount":0.087,"safe_price":2335.172476238119,"ft_order_side":"sell","order_filled_timestamp":1770152400000,"ft_is_entry":false,"ft_order_tag":"roi","cost":203.26158543543272}],"funding_fees":0.0,"weekday":1},{"pair":"DOGE/USDT:USDT","stake_amount":99.90885,"max_stake_amount":99.90885,"amount":1830.0,"open_date":"2026-02-03 21:00:00+00:00","close_date":"2026-02-03 21:00:00+00:00","open_rate":0.10919,"close_rate":0.10825,"fee_open":0.0005,"fee_close":0.0005,"trade_duration":0,"profit_ratio":-0.019199485338382186,"profit_abs":-1.9191576,"exit_reason":"trailing_stop_loss","initial_stop_loss_abs":0.10783,"initial_stop_loss_ratio":-0.025,"stop_loss_abs":0.10831,"stop_loss_ratio":-0.025,"min_rate":0.10825,"max_rate":0.10968,"is_open":false,"enter_tag":"","leverage":2,"is_short":false,"open_timestamp":1770152400000,"close_timestamp":1770152400000,"orders":[{"amount":1830.0,"safe_price":0.10919,"ft_order_side":"buy","order_filled_timestamp":1770152400000,"ft_is_entry":true,"ft_order_tag":"","cost":199.91760885},{"amount":1830.0,"safe_price":0.10825,"ft_order_side":"sell","order_filled_timestamp":1770152400000,"ft_is_entry":false,"ft_order_tag":"trailing_stop_loss","cost":198.19654874999998}],"funding_fees":0.0,"weekday":1},{"pair":"SOL/USDT:USDT","stake_amount":99.5441,"max_stake_amount":99.5441,"amount":1.97,"open_date":"2026-02-03 21:00:00+00:00","close_date":"2026-02-03 21:30:00+00:00","open_rate":101.06,"close_rate":100.48800000000001,"fee_open":0.0005,"fee_close":0.0005,"trade_duration":30,"profit_ratio":-0.013307694065098857,"profit_abs":-1.32536478,"exit_reason":"trailing_stop_loss","initial_stop_loss_abs":99.79675,"initial_stop_loss_ratio":-0.025,"stop_loss_abs":100.48800000000001,"stop_loss_ratio":-0.025,"min_rate":99.9,"max_rate":101.76,"is_open":false,"enter_tag":"","leverage":2,"is_short":false,"open_timestamp":1770152400000,"close_timestamp":1770154200000,"orders":[{"amount":1.97,"safe_price":101.06,"ft_order_side":"buy","order_filled_timestamp":1770152400000,"ft_is_entry":true,"ft_order_tag":"","cost":199.1877441},{"amount":1.97,"safe_price":100.48800000000001,"ft_order_side":"sell","order_filled_timestamp":1770154200000,"ft_is_entry":false,"ft_order_tag":"trailing_stop_loss","cost":198.06034068}],"funding_fees":0.0,"weekday":1},{"pair":"BTC/USDT:USDT","stake_amount":99.36329,"max_stake_amount":99.36329,"amount":0.0026,"open_date":"2026-02-03 21:00:00+00:00","close_date":"2026-02-03 22:00:00+00:00","open_rate":76433.3,"close_rate":76199.0,"fee_open":0.0005,"fee_close":0.0005,"trade_duration":60,"profit_ratio":-0.008123708371618911,"profit_abs":-0.80760199,"exit_reason":"exit_signal","initial_stop_loss_abs":75477.88375000001,"initial_stop_loss_ratio":-0.025,"stop_loss_abs":75955.83375,"stop_loss_ratio":-0.025,"min_rate":75470.9,"max_rate":76917.3,"is_open":false,"enter_tag":"","leverage":2,"is_short":false,"open_timestamp":1770152400000,"close_timestamp":1770156000000,"orders":[{"amount":0.0026,"safe_price":76433.3,"ft_order_side":"buy","order_filled_timestamp":1770152400000,"ft_is_entry":true,"ft_order_tag":"","cost":198.82594328999997},{"amount":0.0026,"safe_price":76199.0,"ft_order_side":"sell","order_filled_timestamp":1770156000000,"ft_is_entry":false,"ft_order_tag":"exit_signal","cost":198.2164587}],"funding_fees":0.0,"weekday":1},{"pair":"BTC/USDT:USDT","stake_amount":97.00936,"max_stake_amount":97.00936,"amount":0.0028,"open_date":"2026-02-07 12:30:00+00:00","close_date":"2026-02-07 12:30:00+00:00","open_rate":69292.4,"close_rate":68780.0,"fee_open":0.0005,"fee_close":0.0005,"trade_duration":0,"profit_ratio":-0.01677371911454667,"profit_abs":-1.62802136,"exit_reason":"trailing_stop_loss","initial_stop_loss_abs":68426.245,"initial_stop_loss_ratio":-0.025,"stop_loss_abs":69091.6225,"stop_loss_ratio":-0.025,"min_rate":68780.0,"max_rate":69966.2,"is_open":false,"enter_tag":"","leverage":2,"is_short":false,"open_timestamp":1770467400000,"close_timestamp":1770467400000,"orders":[{"amount":0.0028,"safe_price":69292.4,"ft_order_side":"buy","order_filled_timestamp":1770467400000,"ft_is_entry":true,"ft_order_tag":"","cost":194.11572935999996},{"amount":0.0028,"safe_price":68780.0,"ft_order_side":"sell","order_filled_timestamp":1770467400000,"ft_is_entry":false,"ft_order_tag":"trailing_stop_loss","cost":192.68029199999998}],"funding_fees":0.0,"weekday":5},{"pair":"ETH/USDT:USDT","stake_amount":99.619,"max_stake_amount":99.619,"amount":0.097,"open_date":"2026-02-07 12:30:00+00:00","close_date":"2026-02-07 12:30:00+00:00","open_rate":2054.0,"close_rate":2036.0,"fee_open":0.0005,"fee_close":0.0005,"trade_duration":0,"profit_ratio":-0.01950825950218659,"profit_abs":-1.944365,"exit_reason":"trailing_stop_loss","initial_stop_loss_abs":2028.325,"initial_stop_loss_ratio":-0.025,"stop_loss_abs":2043.937375,"stop_loss_ratio":-0.025,"min_rate":2036.0,"max_rate":2069.81,"is_open":false,"enter_tag":"","leverage":2,"is_short":false,"open_timestamp":1770467400000,"close_timestamp":1770467400000,"orders":[{"amount":0.097,"safe_price":2054.0,"ft_order_side":"buy","order_filled_timestamp":1770467400000,"ft_is_entry":true,"ft_order_tag":"","cost":199.337619},{"amount":0.097,"safe_price":2036.0,"ft_order_side":"sell","order_filled_timestamp":1770467400000,"ft_is_entry":false,"ft_order_tag":"trailing_stop_loss","cost":197.590746}],"funding_fees":0.0,"weekday":5},{"pair":"ETH/USDT:USDT","stake_amount":99.337,"max_stake_amount":99.337,"amount":0.1,"open_date":"2026-02-11 14:30:00+00:00","close_date":"2026-02-11 14:30:00+00:00","open_rate":1986.74,"close_rate":1961.9057500000001,"fee_open":0.0005,"fee_close":0.0005,"trade_duration":0,"profit_ratio":-0.02697401301865753,"profit_abs":-2.68085729,"exit_reason":"stop_loss","initial_stop_loss_abs":1961.9057500000001,"initial_stop_loss_ratio":-0.025,"stop_loss_abs":1961.9057500000001,"stop_loss_ratio":-0.025,"min_rate":1936.24,"max_rate":1995.94,"is_open":false,"enter_tag":"","leverage":2,"is_short":false,"open_timestamp":1770820200000,"close_timestamp":1770820200000,"orders":[{"amount":0.1,"safe_price":1986.74,"ft_order_side":"buy","order_filled_timestamp":1770820200000,"ft_is_entry":true,"ft_order_tag":"","cost":198.773337},{"amount":0.1,"safe_price":1961.9057500000001,"ft_order_side":"sell","order_filled_timestamp":1770820200000,"ft_is_entry":false,"ft_order_tag":"stop_loss","cost":196.28867028750003}],"funding_fees":0.0,"weekday":2},{"pair":"DOGE/USDT:USDT","stake_amount":99.813,"max_stake_amount":99.813,"amount":1960.0,"open_date":"2026-02-17 16:30:00+00:00","close_date":"2026-02-17 16:30:00+00:00","open_rate":0.10185,"close_rate":0.10163,"fee_open":0.0005,"fee_close":0.0005,"trade_duration":0,"profit_ratio":-0.006314761127045707,"profit_abs":-0.6306104,"exit_reason":"trailing_stop_loss","initial_stop_loss_abs":0.10058,"initial_stop_loss_ratio":-0.025,"stop_loss_abs":0.1026,"stop_loss_ratio":-0.015,"min_rate":0.10163,"max_rate":0.10337,"is_open":false,"enter_tag":"","leverage":2,"is_short":false,"open_timestamp":1771345800000,"close_timestamp":1771345800000,"orders":[{"amount":1960.0,"safe_price":0.10185,"ft_order_side":"buy","order_filled_timestamp":1771345800000,"ft_is_entry":true,"ft_order_tag":"","cost":199.725813},{"amount":1960.0,"safe_price":0.10163,"ft_order_side":"sell","order_filled_timestamp":1771345800000,"ft_is_entry":false,"ft_order_tag":"trailing_stop_loss","cost":199.29439739999998}],"funding_fees":0.0,"weekday":1},{"pair":"DOGE/USDT:USDT","stake_amount":99.77,"max_stake_amount":99.77,"amount":2000.0,"open_date":"2026-02-20 15:30:00+00:00","close_date":"2026-02-20 15:30:00+00:00","open_rate":0.09977,"close_rate":0.09863,"fee_open":0.0005,"fee_close":0.0005,"trade_duration":0,"profit_ratio":-0.024828720249477347,"profit_abs":-2.4784,"exit_reason":"trailing_stop_loss","initial_stop_loss_abs":0.09853,"initial_stop_loss_ratio":-0.025,"stop_loss_abs":0.09899,"stop_loss_ratio":-0.025,"min_rate":0.09863,"max_rate":0.10024,"is_open":false,"enter_tag":"","leverage":2,"is_short":false,"open_timestamp":1771601400000,"close_timestamp":1771601400000,"orders":[{"amount":2000.0,"safe_price":0.09977,"ft_order_side":"buy","order_filled_timestamp":1771601400000,"ft_is_entry":true,"ft_order_tag":"","cost":199.63976999999997},{"amount":2000.0,"safe_price":0.09863,"ft_order_side":"sell","order_filled_timestamp":1771601400000,"ft_is_entry":false,"ft_order_tag":"trailing_stop_loss","cost":197.35862999999998}],"funding_fees":0.0,"weekday":4},{"pair":"DOGE/USDT:USDT","stake_amount":99.7388,"max_stake_amount":99.7388,"amount":1990.0,"open_date":"2026-02-20 16:00:00+00:00","close_date":"2026-02-20 16:00:00+00:00","open_rate":0.10024,"close_rate":0.10184464232116057,"fee_open":0.0005,"fee_close":0.0005,"trade_duration":0,"profit_ratio":0.029863311014346486,"profit_abs":2.98002007,"exit_reason":"roi","initial_stop_loss_abs":0.09899,"initial_stop_loss_ratio":-0.025,"stop_loss_abs":0.10161,"stop_loss_ratio":-0.015,"min_rate":0.1001,"max_rate":0.10237,"is_open":false,"enter_tag":"","leverage":2,"is_short":false,"open_timestamp":1771603200000,"close_timestamp":1771603200000,"orders":[{"amount":1990.0,"safe_price":0.10024,"ft_order_side":"buy","order_filled_timestamp":1771603200000,"ft_is_entry":true,"ft_order_tag":"","cost":199.57733879999998},{"amount":1990.0,"safe_price":0.10184464232116057,"ft_order_side":"sell","order_filled_timestamp":1771603200000,"ft_is_entry":false,"ft_order_tag":"roi","cost":202.77217363821907}],"funding_fees":-0.012143932166207082,"weekday":4}],"locks":[],"best_pair":{"key":"BTC/USDT:USDT","trades":4,"profit_mean":-0.016605358692921974,"profit_mean_pct":-1.66,"profit_total_abs":-6.51596525,"profit_total":-0.00651596525,"profit_total_pct":-0.65,"duration_avg":"1:22:00","wins":0,"draws":0,"losses":4,"winrate":0.0,"cagr":-0.026454017655032303,"expectancy":-1.6289913125,"expectancy_ratio":-1.0,"sortino":-2.700536098017265,"sharpe":-2.700536098017265,"calmar":-21.466261993868244,"sqn":-5.4475,"profit_factor":0.0,"max_drawdown_account":0.006515965250000022,"max_drawdown_abs":6.51596525},"worst_pair":{"key":"DOGE/USDT:USDT","trades":14,"profit_mean":-0.009879770477583602,"profit_mean_pct":-0.99,"profit_total_abs":-13.81058306,"profit_total":-0.013810583060000001,"profit_total_pct":-1.38,"duration_avg":"0:28:00","wins":3,"draws":0,"losses":11,"winrate":0.21428571428571427,"cagr":-0.05543772031470884,"expectancy":-0.9864702185714284,"expectancy_ratio":-0.5627309079450442,"sortino":-4.017309462618284,"sharpe":-1.7928464033805949,"calmar":-17.656399353775875,"sqn":-2.1509,"profit_factor":0.28379702625176184,"max_drawdown_account":0.016790603130000022,"max_drawdown_abs":16.79060313},"results_per_pair":[{"key":"BTC/USDT:USDT","trades":4,"profit_mean":-0.016605358692921974,"profit_mean_pct":-1.66,"profit_total_abs":-6.51596525,"profit_total":-0.00651596525,"profit_total_pct":-0.65,"duration_avg":"1:22:00","wins":0,"draws":0,"losses":4,"winrate":0.0,"cagr":-0.026454017655032303,"expectancy":-1.6289913125,"expectancy_ratio":-1.0,"sortino":-2.700536098017265,"sharpe":-2.700536098017265,"calmar":-21.466261993868244,"sqn":-5.4475,"profit_factor":0.0,"max_drawdown_account":0.006515965250000022,"max_drawdown_abs":6.51596525},{"key":"SOL/USDT:USDT","trades":14,"profit_mean":-0.006299541875868364,"profit_mean_pct":-0.63,"profit_total_abs":-8.779674709999998,"profit_total":-0.008779674709999997,"profit_total_pct":-0.88,"duration_avg":"0:32:00","wins":5,"draws":0,"losses":9,"winrate":0.35714285714285715,"cagr":-0.035519365603828956,"expectancy":-0.6271196221428573,"expectancy_ratio":-0.3098665726764205,"sortino":-3.7902554627863263,"sharpe":-0.9444236881832953,"calmar":-14.06399225884493,"sqn":-1.1331,"profit_factor":0.5179853313922348,"max_drawdown_account":0.013400661353981609,"max_drawdown_abs":13.44082193},{"key":"ETH/USDT:USDT","trades":13,"profit_mean":-0.008923380589088616,"profit_mean_pct":-0.89,"profit_total_abs":-11.50760171,"profit_total":-0.011507601709999999,"profit_total_pct":-1.15,"duration_avg":"0:32:00","wins":4,"draws":0,"losses":9,"winrate":0.3076923076923077,"cagr":-0.04635876643238912,"expectancy":-0.8852001315384616,"expectancy_ratio":-0.43733790313969556,"sortino":-4.18206126904,"sharpe":-1.3498089242187625,"calmar":-21.46626199386828,"sqn":-1.6756,"profit_factor":0.36828969546488405,"max_drawdown_account":0.011507601710000016,"max_drawdown_abs":11.50760171},{"key":"DOGE/USDT:USDT","trades":14,"profit_mean":-0.009879770477583602,"profit_mean_pct":-0.99,"profit_total_abs":-13.81058306,"profit_total":-0.013810583060000001,"profit_total_pct":-1.38,"duration_avg":"0:28:00","wins":3,"draws":0,"losses":11,"winrate":0.21428571428571427,"cagr":-0.05543772031470884,"expectancy":-0.9864702185714284,"expectancy_ratio":-0.5627309079450442,"sortino":-4.017309462618284,"sharpe":-1.7928464033805949,"calmar":-17.656399353775875,"sqn":-2.1509,"profit_factor":0.28379702625176184,"max_drawdown_account":0.016790603130000022,"max_drawdown_abs":16.79060313},{"key":"TOTAL","trades":45,"profit_mean":-0.009087461230625945,"profit_mean_pct":-0.91,"profit_total_abs":-40.61382472999999,"profit_total":-0.04061382472999999,"profit_total_pct":-4.06,"duration_avg":"0:35:00","wins":12,"draws":0,"losses":33,"winrate":0.26666666666666666,"cagr":-0.1563682081714497,"expectancy":-0.9025294384444442,"expectancy_ratio":-0.4786020187502893,"sortino":-13.769062963312747,"sharpe":-4.909230911782607,"calmar":-18.768525924127644,"sqn":-3.3711,"profit_factor":0.3473608835223327,"max_drawdown_account":0.04645154370415747,"max_drawdown_abs":46.59075479999999}],"results_per_enter_tag":[{"key":"","trades":45,"profit_mean":-0.009087461230625945,"profit_mean_pct":-0.91,"profit_total_abs":-40.61382472999999,"profit_total":-0.04061382472999999,"profit_total_pct":-4.06,"duration_avg":"0:35:00","wins":12,"draws":0,"losses":33,"winrate":0.26666666666666666,"cagr":-0.1563682081714497,"expectancy":-0.9025294384444442,"expectancy_ratio":-0.4786020187502893,"sortino":-13.769062963312747,"sharpe":-4.909230911782607,"calmar":-18.768525924127644,"sqn":-3.3711,"profit_factor":0.3473608835223327,"max_drawdown_account":0.04645154370415747,"max_drawdown_abs":46.59075479999999},{"key":"TOTAL","trades":45,"profit_mean":-0.009087461230625945,"profit_mean_pct":-0.91,"profit_total_abs":-40.61382472999999,"profit_total":-0.04061382472999999,"profit_total_pct":-4.06,"duration_avg":"0:35:00","wins":12,"draws":0,"losses":33,"winrate":0.26666666666666666,"cagr":-0.1563682081714497,"expectancy":-0.9025294384444442,"expectancy_ratio":-0.4786020187502893,"sortino":-13.769062963312747,"sharpe":-4.909230911782607,"calmar":-18.768525924127644,"sqn":-3.3711,"profit_factor":0.3473608835223327,"max_drawdown_account":0.04645154370415747,"max_drawdown_abs":46.59075479999999}],"exit_reason_summary":[{"key":"roi","trades":8,"profit_mean":0.021229406610876418,"profit_mean_pct":2.12,"profit_total_abs":16.94630841,"profit_total":0.01694630841,"profit_total_pct":1.69,"duration_avg":"0:56:00","wins":8,"draws":0,"losses":0,"winrate":1.0,"cagr":0.07134685482426528,"expectancy":2.11828855125,"expectancy_ratio":100.0,"sortino":-100,"sharpe":4.081704949904077,"calmar":-100,"sqn":6.2885,"profit_factor":0.0,"max_drawdown_account":0.0,"max_drawdown_abs":0.0},{"key":"exit_signal","trades":4,"profit_mean":-0.00908879841890521,"profit_mean_pct":-0.91,"profit_total_abs":-3.6188678100000002,"profit_total":-0.0036188678100000002,"profit_total_pct":-0.36,"duration_avg":"1:30:00","wins":1,"draws":0,"losses":3,"winrate":0.25,"cagr":-0.014758355671582013,"expectancy":-0.9047169524999998,"expectancy_ratio":-0.5488199030126558,"sortino":-1.281412343385533,"sharpe":-0.5584301554583453,"calmar":-21.46626199386841,"sqn":-1.1265,"profit_factor":0.2682401293164589,"max_drawdown_account":0.0036188678099999833,"max_drawdown_abs":3.6188678100000002},{"key":"stop_loss","trades":7,"profit_mean":-0.026922988506791867,"profit_mean_pct":-2.69,"profit_total_abs":-18.75480953,"profit_total":-0.01875480953,"profit_total_pct":-1.88,"duration_avg":"0:00:00","wins":0,"draws":0,"losses":7,"winrate":0.0,"cagr":-0.07470827182799578,"expectancy":-2.679258504285714,"expectancy_ratio":-1.0,"sortino":-332.15116866600016,"sharpe":-332.15116866600016,"calmar":-21.466261993868322,"sqn":-541.4482,"profit_factor":0.0,"max_drawdown_account":0.01875480952999999,"max_drawdown_abs":18.75480953},{"key":"trailing_stop_loss","trades":26,"profit_mean":-0.013613649809308266,"profit_mean_pct":-1.36,"profit_total_abs":-35.186455800000005,"profit_total":-0.0351864558,"profit_total_pct":-3.52,"duration_avg":"0:30:00","wins":3,"draws":0,"losses":23,"winrate":0.11538461538461539,"cagr":-0.13662309762979485,"expectancy":-1.3533252230769228,"expectancy_ratio":-0.80785257661445,"sortino":-14.174861050874942,"sharpe":-7.352217247763041,"calmar":-21.466261993868333,"sqn":-6.5866,"profit_factor":0.08677534817496955,"max_drawdown_account":0.035186455799999974,"max_drawdown_abs":35.1864558},{"key":"TOTAL","trades":45,"profit_mean":-0.009087461230625945,"profit_mean_pct":-0.91,"profit_total_abs":-40.61382472999999,"profit_total":-0.04061382472999999,"profit_total_pct":-4.06,"duration_avg":"0:35:00","wins":12,"draws":0,"losses":33,"winrate":0.26666666666666666,"cagr":-0.1563682081714497,"expectancy":-0.9025294384444442,"expectancy_ratio":-0.4786020187502893,"sortino":-13.769062963312747,"sharpe":-4.909230911782607,"calmar":-18.768525924127644,"sqn":-3.3711,"profit_factor":0.3473608835223327,"max_drawdown_account":0.04645154370415747,"max_drawdown_abs":46.59075479999999}],"mix_tag_stats":[{"key":["","roi"],"trades":8,"profit_mean":0.021229406610876418,"profit_mean_pct":2.12,"profit_total_abs":16.94630841,"profit_total":0.01694630841,"profit_total_pct":1.69,"duration_avg":"0:56:00","wins":8,"draws":0,"losses":0,"winrate":1.0,"cagr":0.07134685482426528,"expectancy":2.11828855125,"expectancy_ratio":100.0,"sortino":-100,"sharpe":4.081704949904077,"calmar":-100,"sqn":6.2885,"profit_factor":0.0,"max_drawdown_account":0.0,"max_drawdown_abs":0.0},{"key":["","exit_signal"],"trades":4,"profit_mean":-0.00908879841890521,"profit_mean_pct":-0.91,"profit_total_abs":-3.6188678100000002,"profit_total":-0.0036188678100000002,"profit_total_pct":-0.36,"duration_avg":"1:30:00","wins":1,"draws":0,"losses":3,"winrate":0.25,"cagr":-0.014758355671582013,"expectancy":-0.9047169524999998,"expectancy_ratio":-0.5488199030126558,"sortino":-1.281412343385533,"sharpe":-0.5584301554583453,"calmar":-21.46626199386841,"sqn":-1.1265,"profit_factor":0.2682401293164589,"max_drawdown_account":0.0036188678099999833,"max_drawdown_abs":3.6188678100000002},{"key":["","stop_loss"],"trades":7,"profit_mean":-0.026922988506791867,"profit_mean_pct":-2.69,"profit_total_abs":-18.75480953,"profit_total":-0.01875480953,"profit_total_pct":-1.88,"duration_avg":"0:00:00","wins":0,"draws":0,"losses":7,"winrate":0.0,"cagr":-0.07470827182799578,"expectancy":-2.679258504285714,"expectancy_ratio":-1.0,"sortino":-332.15116866600016,"sharpe":-332.15116866600016,"calmar":-21.466261993868322,"sqn":-541.4482,"profit_factor":0.0,"max_drawdown_account":0.01875480952999999,"max_drawdown_abs":18.75480953},{"key":["","trailing_stop_loss"],"trades":26,"profit_mean":-0.013613649809308266,"profit_mean_pct":-1.36,"profit_total_abs":-35.186455800000005,"profit_total":-0.0351864558,"profit_total_pct":-3.52,"duration_avg":"0:30:00","wins":3,"draws":0,"losses":23,"winrate":0.11538461538461539,"cagr":-0.13662309762979485,"expectancy":-1.3533252230769228,"expectancy_ratio":-0.80785257661445,"sortino":-14.174861050874942,"sharpe":-7.352217247763041,"calmar":-21.466261993868333,"sqn":-6.5866,"profit_factor":0.08677534817496955,"max_drawdown_account":0.035186455799999974,"max_drawdown_abs":35.1864558},{"key":"TOTAL","trades":45,"profit_mean":-0.009087461230625945,"profit_mean_pct":-0.91,"profit_total_abs":-40.61382472999999,"profit_total":-0.04061382472999999,"profit_total_pct":-4.06,"duration_avg":"0:35:00","wins":12,"draws":0,"losses":33,"winrate":0.26666666666666666,"cagr":-0.1563682081714497,"expectancy":-0.9025294384444442,"expectancy_ratio":-0.4786020187502893,"sortino":-13.769062963312747,"sharpe":-4.909230911782607,"calmar":-18.768525924127644,"sqn":-3.3711,"profit_factor":0.3473608835223327,"max_drawdown_account":0.04645154370415747,"max_drawdown_abs":46.59075479999999}],"left_open_trades":[{"key":"TOTAL","trades":0,"profit_mean":0.0,"profit_mean_pct":0.0,"profit_total_abs":0.0,"profit_total":0.0,"profit_total_pct":0.0,"duration_avg":"0:00","wins":0,"draws":0,"losses":0,"winrate":0.0,"cagr":0.0,"expectancy":0.0,"expectancy_ratio":100.0,"sortino":0,"sharpe":0,"calmar":0,"sqn":0.0,"profit_factor":0.0,"max_drawdown_account":0.0,"max_drawdown_abs":0.0}],"total_trades":45,"trade_count_long":45,"trade_count_short":0,"total_volume":17881.359461537548,"avg_stake_amount":99.4672686666667,"profit_mean":-0.009087461230625945,"profit_median":-0.01698400802103983,"profit_total":-0.04061382472999999,"profit_total_long":-0.04061382472999999,"profit_total_short":0.0,"profit_total_abs":-40.61382472999999,"profit_total_long_abs":-40.61382472999999,"profit_total_short_abs":0.0,"cagr":-0.1563682081714497,"expectancy":-0.9025294384444442,"expectancy_ratio":-0.4786020187502893,"sortino":-13.769062963312747,"sharpe":-4.909230911782607,"calmar":-18.768525924127644,"sqn":-3.3711,"profit_factor":0.3473608835223327,"backtest_start":"2025-11-25 00:00:00","backtest_start_ts":1764028800000,"backtest_end":"2026-02-22 14:00:00","backtest_end_ts":1771768800000,"backtest_days":89,"backtest_run_start_ts":1771811647,"backtest_run_end_ts":1771811647,"trades_per_day":0.51,"market_change":-0.32832693549618724,"pairlist":["BTC/USDT:USDT","ETH/USDT:USDT","SOL/USDT:USDT","DOGE/USDT:USDT"],"stake_amount":100.0,"stake_currency":"USDT","stake_currency_decimals":3,"starting_balance":1000,"dry_run_wallet":1000,"final_balance":959.38617527,"rejected_signals":0,"timedout_entry_orders":0,"timedout_exit_orders":0,"canceled_trade_entries":0,"canceled_entry_orders":0,"replaced_entry_orders":0,"max_open_trades":3,"max_open_trades_setting":3,"timeframe":"30m","timeframe_detail":"","timerange":"20251125-20260223","enable_protections":false,"strategy_name":"BreakoutStrategyV2","freqaimodel":null,"freqai_identifier":null,"stoploss":-0.025,"trailing_stop":true,"trailing_stop_positive":0.015,"trailing_stop_positive_offset":0.02,"trailing_only_offset_is_reached":false,"use_custom_stoploss":false,"minimal_roi":{"0":0.03,"60":0.015,"120":0.01},"use_exit_signal":true,"exit_profit_only":false,"exit_profit_offset":0.0,"ignore_roi_if_entry_signal":false,"trading_mode":"futures","margin_mode":"isolated","periodic_breakdown":{"day":[{"date":"26/11/2025","date_ts":1764115200000,"profit_abs":2.99691,"wins":1,"draws":0,"losses":0,"trades":1,"profit_factor":0.0},{"date":"27/11/2025","date_ts":1764201600000,"profit_abs":0.0,"wins":0,"draws":0,"losses":0,"trades":0,"profit_factor":0.0},{"date":"28/11/2025","date_ts":1764288000000,"profit_abs":-4.36859979,"wins":0,"draws":0,"losses":2,"trades":2,"profit_factor":0.0},{"date":"29/11/2025","date_ts":1764374400000,"profit_abs":0.0,"wins":0,"draws":0,"losses":0,"trades":0,"profit_factor":0.0},{"date":"30/11/2025","date_ts":1764460800000,"profit_abs":0.0,"wins":0,"draws":0,"losses":0,"trades":0,"profit_factor":0.0},{"date":"01/12/2025","date_ts":1764547200000,"profit_abs":0.0,"wins":0,"draws":0,"losses":0,"trades":0,"profit_factor":0.0},{"date":"02/12/2025","date_ts":1764633600000,"profit_abs":0.0,"wins":0,"draws":0,"losses":0,"trades":0,"profit_factor":0.0},{"date":"03/12/2025","date_ts":1764720000000,"profit_abs":0.0,"wins":0,"draws":0,"losses":0,"trades":0,"profit_factor":0.0},{"date":"04/12/2025","date_ts":1764806400000,"profit_abs":-1.59256822,"wins":0,"draws":0,"losses":1,"trades":1,"profit_factor":0.0},{"date":"05/12/2025","date_ts":1764892800000,"profit_abs":0.0,"wins":0,"draws":0,"losses":0,"trades":0,"profit_factor":0.0},{"date":"06/12/2025","date_ts":1764979200000,"profit_abs":0.0,"wins":0,"draws":0,"losses":0,"trades":0,"profit_factor":0.0},{"date":"07/12/2025","date_ts":1765065600000,"profit_abs":3.69934669,"wins":4,"draws":0,"losses":1,"trades":5,"profit_factor":2.92265521},{"date":"08/12/2025","date_ts":1765152000000,"profit_abs":0.0,"wins":0,"draws":0,"losses":0,"trades":0,"profit_factor":0.0},{"date":"09/12/2025","date_ts":1765238400000,"profit_abs":0.0,"wins":0,"draws":0,"losses":0,"trades":0,"profit_factor":0.0},{"date":"10/12/2025","date_ts":1765324800000,"profit_abs":-2.6927129,"wins":0,"draws":0,"losses":1,"trades":1,"profit_factor":0.0},{"date":"11/12/2025","date_ts":1765411200000,"profit_abs":0.0,"wins":0,"draws":0,"losses":0,"trades":0,"profit_factor":0.0},{"date":"12/12/2025","date_ts":1765497600000,"profit_abs":0.0,"wins":0,"draws":0,"losses":0,"trades":0,"profit_factor":0.0},{"date":"13/12/2025","date_ts":1765584000000,"profit_abs":0.0,"wins":0,"draws":0,"losses":0,"trades":0,"profit_factor":0.0},{"date":"14/12/2025","date_ts":1765670400000,"profit_abs":0.0,"wins":0,"draws":0,"losses":0,"trades":0,"profit_factor":0.0},{"date":"15/12/2025","date_ts":1765756800000,"profit_abs":-2.59649316,"wins":0,"draws":0,"losses":1,"trades":1,"profit_factor":0.0},{"date":"16/12/2025","date_ts":1765843200000,"profit_abs":0.0,"wins":0,"draws":0,"losses":0,"trades":0,"profit_factor":0.0},{"date":"17/12/2025","date_ts":1765929600000,"profit_abs":-2.68142403,"wins":0,"draws":0,"losses":1,"trades":1,"profit_factor":0.0},{"date":"18/12/2025","date_ts":1766016000000,"profit_abs":0.0,"wins":0,"draws":0,"losses":0,"trades":0,"profit_factor":0.0},{"date":"19/12/2025","date_ts":1766102400000,"profit_abs":-3.0301688,"wins":3,"draws":0,"losses":3,"trades":6,"profit_factor":0.47122788},{"date":"20/12/2025","date_ts":1766188800000,"profit_abs":0.0,"wins":0,"draws":0,"losses":0,"trades":0,"profit_factor":0.0},{"date":"21/12/2025","date_ts":1766275200000,"profit_abs":0.0,"wins":0,"draws":0,"losses":0,"trades":0,"profit_factor":0.0},{"date":"22/12/2025","date_ts":1766361600000,"profit_abs":0.0,"wins":0,"draws":0,"losses":0,"trades":0,"profit_factor":0.0},{"date":"23/12/2025","date_ts":1766448000000,"profit_abs":0.0,"wins":0,"draws":0,"losses":0,"trades":0,"profit_factor":0.0},{"date":"24/12/2025","date_ts":1766534400000,"profit_abs":0.0,"wins":0,"draws":0,"losses":0,"trades":0,"profit_factor":0.0},{"date":"25/12/2025","date_ts":1766620800000,"profit_abs":0.0,"wins":0,"draws":0,"losses":0,"trades":0,"profit_factor":0.0},{"date":"26/12/2025","date_ts":1766707200000,"profit_abs":-3.11184568,"wins":0,"draws":0,"losses":2,"trades":2,"profit_factor":0.0},{"date":"27/12/2025","date_ts":1766793600000,"profit_abs":0.0,"wins":0,"draws":0,"losses":0,"trades":0,"profit_factor":0.0},{"date":"28/12/2025","date_ts":1766880000000,"profit_abs":0.0,"wins":0,"draws":0,"losses":0,"trades":0,"profit_factor":0.0},{"date":"29/12/2025","date_ts":1766966400000,"profit_abs":0.0,"wins":0,"draws":0,"losses":0,"trades":0,"profit_factor":0.0},{"date":"30/12/2025","date_ts":1767052800000,"profit_abs":0.0,"wins":0,"draws":0,"losses":0,"trades":0,"profit_factor":0.0},{"date":"31/12/2025","date_ts":1767139200000,"profit_abs":0.0,"wins":0,"draws":0,"losses":0,"trades":0,"profit_factor":0.0},{"date":"01/01/2026","date_ts":1767225600000,"profit_abs":0.0,"wins":0,"draws":0,"losses":0,"trades":0,"profit_factor":0.0},{"date":"02/01/2026","date_ts":1767312000000,"profit_abs":0.0,"wins":0,"draws":0,"losses":0,"trades":0,"profit_factor":0.0},{"date":"03/01/2026","date_ts":1767398400000,"profit_abs":0.0,"wins":0,"draws":0,"losses":0,"trades":0,"profit_factor":0.0},{"date":"04/01/2026","date_ts":1767484800000,"profit_abs":0.0,"wins":0,"draws":0,"losses":0,"trades":0,"profit_factor":0.0},{"date":"05/01/2026","date_ts":1767571200000,"profit_abs":0.0,"wins":0,"draws":0,"losses":0,"trades":0,"profit_factor":0.0},{"date":"06/01/2026","date_ts":1767657600000,"profit_abs":1.326563,"wins":1,"draws":0,"losses":0,"trades":1,"profit_factor":0.0},{"date":"07/01/2026","date_ts":1767744000000,"profit_abs":0.0,"wins":0,"draws":0,"losses":0,"trades":0,"profit_factor":0.0},{"date":"08/01/2026","date_ts":1767830400000,"profit_abs":0.0,"wins":0,"draws":0,"losses":0,"trades":0,"profit_factor":0.0},{"date":"09/01/2026","date_ts":1767916800000,"profit_abs":-2.01514676,"wins":0,"draws":0,"losses":2,"trades":2,"profit_factor":0.0},{"date":"10/01/2026","date_ts":1768003200000,"profit_abs":0.0,"wins":0,"draws":0,"losses":0,"trades":0,"profit_factor":0.0},{"date":"11/01/2026","date_ts":1768089600000,"profit_abs":0.0,"wins":0,"draws":0,"losses":0,"trades":0,"profit_factor":0.0},{"date":"12/01/2026","date_ts":1768176000000,"profit_abs":0.0,"wins":0,"draws":0,"losses":0,"trades":0,"profit_factor":0.0},{"date":"13/01/2026","date_ts":1768262400000,"profit_abs":0.0,"wins":0,"draws":0,"losses":0,"trades":0,"profit_factor":0.0},{"date":"14/01/2026","date_ts":1768348800000,"profit_abs":0.0,"wins":0,"draws":0,"losses":0,"trades":0,"profit_factor":0.0},{"date":"15/01/2026","date_ts":1768435200000,"profit_abs":0.0,"wins":0,"draws":0,"losses":0,"trades":0,"profit_factor":0.0},{"date":"16/01/2026","date_ts":1768521600000,"profit_abs":0.0,"wins":0,"draws":0,"losses":0,"trades":0,"profit_factor":0.0},{"date":"17/01/2026","date_ts":1768608000000,"profit_abs":0.0,"wins":0,"draws":0,"losses":0,"trades":0,"profit_factor":0.0},{"date":"18/01/2026","date_ts":1768694400000,"profit_abs":0.0,"wins":0,"draws":0,"losses":0,"trades":0,"profit_factor":0.0},{"date":"19/01/2026","date_ts":1768780800000,"profit_abs":0.0,"wins":0,"draws":0,"losses":0,"trades":0,"profit_factor":0.0},{"date":"20/01/2026","date_ts":1768867200000,"profit_abs":0.0,"wins":0,"draws":0,"losses":0,"trades":0,"profit_factor":0.0},{"date":"21/01/2026","date_ts":1768953600000,"profit_abs":-8.48546397,"wins":0,"draws":0,"losses":4,"trades":4,"profit_factor":0.0},{"date":"22/01/2026","date_ts":1769040000000,"profit_abs":-2.21374661,"wins":0,"draws":0,"losses":1,"trades":1,"profit_factor":0.0},{"date":"23/01/2026","date_ts":1769126400000,"profit_abs":-1.56476405,"wins":0,"draws":0,"losses":1,"trades":1,"profit_factor":0.0},{"date":"24/01/2026","date_ts":1769212800000,"profit_abs":0.0,"wins":0,"draws":0,"losses":0,"trades":0,"profit_factor":0.0},{"date":"25/01/2026","date_ts":1769299200000,"profit_abs":0.0,"wins":0,"draws":0,"losses":0,"trades":0,"profit_factor":0.0},{"date":"26/01/2026","date_ts":1769385600000,"profit_abs":0.0,"wins":0,"draws":0,"losses":0,"trades":0,"profit_factor":0.0},{"date":"27/01/2026","date_ts":1769472000000,"profit_abs":0.0,"wins":0,"draws":0,"losses":0,"trades":0,"profit_factor":0.0},{"date":"28/01/2026","date_ts":1769558400000,"profit_abs":0.0,"wins":0,"draws":0,"losses":0,"trades":0,"profit_factor":0.0},{"date":"29/01/2026","date_ts":1769644800000,"profit_abs":0.0,"wins":0,"draws":0,"losses":0,"trades":0,"profit_factor":0.0},{"date":"30/01/2026","date_ts":1769731200000,"profit_abs":-3.74201436,"wins":0,"draws":0,"losses":2,"trades":2,"profit_factor":0.0},{"date":"31/01/2026","date_ts":1769817600000,"profit_abs":0.0,"wins":0,"draws":0,"losses":0,"trades":0,"profit_factor":0.0},{"date":"01/02/2026","date_ts":1769904000000,"profit_abs":0.0,"wins":0,"draws":0,"losses":0,"trades":0,"profit_factor":0.0},{"date":"02/02/2026","date_ts":1769990400000,"profit_abs":2.21992176,"wins":1,"draws":0,"losses":1,"trades":2,"profit_factor":3.88421301},{"date":"03/02/2026","date_ts":1770076800000,"profit_abs":-6.37938387,"wins":1,"draws":0,"losses":5,"trades":6,"profit_factor":0.3198059},{"date":"04/02/2026","date_ts":1770163200000,"profit_abs":0.0,"wins":0,"draws":0,"losses":0,"trades":0,"profit_factor":0.0},{"date":"05/02/2026","date_ts":1770249600000,"profit_abs":0.0,"wins":0,"draws":0,"losses":0,"trades":0,"profit_factor":0.0},{"date":"06/02/2026","date_ts":1770336000000,"profit_abs":0.0,"wins":0,"draws":0,"losses":0,"trades":0,"profit_factor":0.0},{"date":"07/02/2026","date_ts":1770422400000,"profit_abs":-3.57238636,"wins":0,"draws":0,"losses":2,"trades":2,"profit_factor":0.0},{"date":"08/02/2026","date_ts":1770508800000,"profit_abs":0.0,"wins":0,"draws":0,"losses":0,"trades":0,"profit_factor":0.0},{"date":"09/02/2026","date_ts":1770595200000,"profit_abs":0.0,"wins":0,"draws":0,"losses":0,"trades":0,"profit_factor":0.0},{"date":"10/02/2026","date_ts":1770681600000,"profit_abs":0.0,"wins":0,"draws":0,"losses":0,"trades":0,"profit_factor":0.0},{"date":"11/02/2026","date_ts":1770768000000,"profit_abs":-2.68085729,"wins":0,"draws":0,"losses":1,"trades":1,"profit_factor":0.0},{"date":"12/02/2026","date_ts":1770854400000,"profit_abs":0.0,"wins":0,"draws":0,"losses":0,"trades":0,"profit_factor":0.0},{"date":"13/02/2026","date_ts":1770940800000,"profit_abs":0.0,"wins":0,"draws":0,"losses":0,"trades":0,"profit_factor":0.0},{"date":"14/02/2026","date_ts":1771027200000,"profit_abs":0.0,"wins":0,"draws":0,"losses":0,"trades":0,"profit_factor":0.0},{"date":"15/02/2026","date_ts":1771113600000,"profit_abs":0.0,"wins":0,"draws":0,"losses":0,"trades":0,"profit_factor":0.0},{"date":"16/02/2026","date_ts":1771200000000,"profit_abs":0.0,"wins":0,"draws":0,"losses":0,"trades":0,"profit_factor":0.0},{"date":"17/02/2026","date_ts":1771286400000,"profit_abs":-0.6306104,"wins":0,"draws":0,"losses":1,"trades":1,"profit_factor":0.0},{"date":"18/02/2026","date_ts":1771372800000,"profit_abs":0.0,"wins":0,"draws":0,"losses":0,"trades":0,"profit_factor":0.0},{"date":"19/02/2026","date_ts":1771459200000,"profit_abs":0.0,"wins":0,"draws":0,"losses":0,"trades":0,"profit_factor":0.0},{"date":"20/02/2026","date_ts":1771545600000,"profit_abs":0.50162007,"wins":1,"draws":0,"losses":1,"trades":2,"profit_factor":1.20239674}],"week":[{"date":"01/12/2025","date_ts":1764547200000,"profit_abs":-1.37168979,"wins":1,"draws":0,"losses":2,"trades":3,"profit_factor":0.68601157},{"date":"08/12/2025","date_ts":1765152000000,"profit_abs":2.10677847,"wins":4,"draws":0,"losses":2,"trades":6,"profit_factor":1.59908669},{"date":"15/12/2025","date_ts":1765756800000,"profit_abs":-5.28920606,"wins":0,"draws":0,"losses":2,"trades":2,"profit_factor":0.0},{"date":"22/12/2025","date_ts":1766361600000,"profit_abs":-5.71159283,"wins":3,"draws":0,"losses":4,"trades":7,"profit_factor":0.32101844},{"date":"29/12/2025","date_ts":1766966400000,"profit_abs":-3.11184568,"wins":0,"draws":0,"losses":2,"trades":2,"profit_factor":0.0},{"date":"05/01/2026","date_ts":1767571200000,"profit_abs":0.0,"wins":0,"draws":0,"losses":0,"trades":0,"profit_factor":0.0},{"date":"12/01/2026","date_ts":1768176000000,"profit_abs":-0.68858376,"wins":1,"draws":0,"losses":2,"trades":3,"profit_factor":0.65829597},{"date":"19/01/2026","date_ts":1768780800000,"profit_abs":0.0,"wins":0,"draws":0,"losses":0,"trades":0,"profit_factor":0.0},{"date":"26/01/2026","date_ts":1769385600000,"profit_abs":-12.26397463,"wins":0,"draws":0,"losses":6,"trades":6,"profit_factor":0.0},{"date":"02/02/2026","date_ts":1769990400000,"profit_abs":-1.5220926,"wins":1,"draws":0,"losses":3,"trades":4,"profit_factor":0.66263395},{"date":"09/02/2026","date_ts":1770595200000,"profit_abs":-9.95177023,"wins":1,"draws":0,"losses":7,"trades":8,"profit_factor":0.23159214},{"date":"16/02/2026","date_ts":1771200000000,"profit_abs":-2.68085729,"wins":0,"draws":0,"losses":1,"trades":1,"profit_factor":0.0},{"date":"23/02/2026","date_ts":1771804800000,"profit_abs":-0.12899033,"wins":1,"draws":0,"losses":2,"trades":3,"profit_factor":0.95851081}],"month":[{"date":"30/11/2025","date_ts":1764460800000,"profit_abs":-1.37168979,"wins":1,"draws":0,"losses":2,"trades":3,"profit_factor":0.68601157},{"date":"31/12/2025","date_ts":1767139200000,"profit_abs":-12.0058661,"wins":7,"draws":0,"losses":10,"trades":17,"profit_factor":0.40944211},{"date":"31/01/2026","date_ts":1769817600000,"profit_abs":-16.69457275,"wins":1,"draws":0,"losses":10,"trades":11,"profit_factor":0.07361151},{"date":"28/02/2026","date_ts":1772236800000,"profit_abs":-10.54169609,"wins":3,"draws":0,"losses":11,"trades":14,"profit_factor":0.45969679}],"year":[{"date":"31/12/2025","date_ts":1767139200000,"profit_abs":-13.37755589,"wins":8,"draws":0,"losses":12,"trades":20,"profit_factor":0.45836131},{"date":"31/12/2026","date_ts":1798675200000,"profit_abs":-27.23626884,"wins":4,"draws":0,"losses":21,"trades":25,"profit_factor":0.27431565}],"weekday":[{"date":"Monday","date_ts":0,"profit_abs":-0.3765714,"wins":1,"draws":0,"losses":2,"trades":3,"profit_factor":0.88813072},{"date":"Tuesday","date_ts":1,"profit_abs":-5.68343127,"wins":2,"draws":0,"losses":6,"trades":8,"profit_factor":0.43218949},{"date":"Wednesday","date_ts":2,"profit_abs":-13.54354819,"wins":1,"draws":0,"losses":7,"trades":8,"profit_factor":0.18118664},{"date":"Thursday","date_ts":3,"profit_abs":-3.80631483,"wins":0,"draws":0,"losses":2,"trades":2,"profit_factor":0.0},{"date":"Friday","date_ts":4,"profit_abs":-17.33091937,"wins":4,"draws":0,"losses":13,"trades":17,"profit_factor":0.24685332},{"date":"Saturday","date_ts":5,"profit_abs":-3.57238636,"wins":0,"draws":0,"losses":2,"trades":2,"profit_factor":0.0},{"date":"Sunday","date_ts":6,"profit_abs":3.69934669,"wins":4,"draws":0,"losses":1,"trades":5,"profit_factor":2.92265521}]},"backtest_best_day":0.03710241310694769,"backtest_worst_day":-0.08506314208820213,"backtest_best_day_abs":3.69934669,"backtest_worst_day_abs":-8.48546397,"winning_days":5,"draw_days":66,"losing_days":16,"daily_profit":[["2025-11-26",2.99691],["2025-11-27",0.0],["2025-11-28",-4.36859979],["2025-11-29",0.0],["2025-11-30",0.0],["2025-12-01",0.0],["2025-12-02",0.0],["2025-12-03",0.0],["2025-12-04",-1.59256822],["2025-12-05",0.0],["2025-12-06",0.0],["2025-12-07",3.69934669],["2025-12-08",0.0],["2025-12-09",0.0],["2025-12-10",-2.6927129],["2025-12-11",0.0],["2025-12-12",0.0],["2025-12-13",0.0],["2025-12-14",0.0],["2025-12-15",-2.59649316],["2025-12-16",0.0],["2025-12-17",-2.68142403],["2025-12-18",0.0],["2025-12-19",-3.0301688],["2025-12-20",0.0],["2025-12-21",0.0],["2025-12-22",0.0],["2025-12-23",0.0],["2025-12-24",0.0],["2025-12-25",0.0],["2025-12-26",-3.11184568],["2025-12-27",0.0],["2025-12-28",0.0],["2025-12-29",0.0],["2025-12-30",0.0],["2025-12-31",0.0],["2026-01-01",0.0],["2026-01-02",0.0],["2026-01-03",0.0],["2026-01-04",0.0],["2026-01-05",0.0],["2026-01-06",1.326563],["2026-01-07",0.0],["2026-01-08",0.0],["2026-01-09",-2.01514676],["2026-01-10",0.0],["2026-01-11",0.0],["2026-01-12",0.0],["2026-01-13",0.0],["2026-01-14",0.0],["2026-01-15",0.0],["2026-01-16",0.0],["2026-01-17",0.0],["2026-01-18",0.0],["2026-01-19",0.0],["2026-01-20",0.0],["2026-01-21",-8.48546397],["2026-01-22",-2.21374661],["2026-01-23",-1.56476405],["2026-01-24",0.0],["2026-01-25",0.0],["2026-01-26",0.0],["2026-01-27",0.0],["2026-01-28",0.0],["2026-01-29",0.0],["2026-01-30",-3.74201436],["2026-01-31",0.0],["2026-02-01",0.0],["2026-02-02",2.21992176],["2026-02-03",-6.37938387],["2026-02-04",0.0],["2026-02-05",0.0],["2026-02-06",0.0],["2026-02-07",-3.57238636],["2026-02-08",0.0],["2026-02-09",0.0],["2026-02-10",0.0],["2026-02-11",-2.68085729],["2026-02-12",0.0],["2026-02-13",0.0],["2026-02-14",0.0],["2026-02-15",0.0],["2026-02-16",0.0],["2026-02-17",-0.6306104],["2026-02-18",0.0],["2026-02-19",0.0],["2026-02-20",0.50162007]],"wins":12,"losses":33,"draws":0,"winrate":0.26666666666666666,"holding_avg":"0:35:00","holding_avg_s":2100.0,"winner_holding_min":"0d 00:00","winner_holding_min_s":0.0,"winner_holding_max":"0d 02:30","winner_holding_max_s":9000.0,"winner_holding_avg":"0d 00:48","winner_holding_avg_s":2880.0,"loser_holding_min":"0d 00:00","loser_holding_min_s":0.0,"loser_holding_max":"0d 04:00","loser_holding_max_s":14400.0,"loser_holding_avg":"0d 00:31","loser_holding_avg_s":1860.0,"max_consecutive_wins":4,"max_consecutive_losses":10,"max_drawdown_account":0.04645154370415747,"max_relative_drawdown":0.04645154370415747,"max_drawdown_abs":46.59075479999999,"drawdown_start":"2025-11-26 18:00:00","drawdown_start_ts":1764180000000.0,"drawdown_end":"2026-02-20 15:30:00","drawdown_end_ts":1771601400000.0,"drawdown_duration":"85 days 21:30:00","drawdown_duration_s":7421400.0,"max_drawdown_low":-43.59384479999999,"max_drawdown_high":2.99691,"csum_min":956.4061552000001,"csum_max":1002.99691}},"strategy_comparison":[{"key":"BreakoutStrategyV2","trades":45,"profit_mean":-0.009087461230625945,"profit_mean_pct":-0.91,"profit_total_abs":-40.61382472999999,"profit_total":-0.04061382472999999,"profit_total_pct":-4.06,"duration_avg":"0:35:00","wins":12,"draws":0,"losses":33,"winrate":0.26666666666666666,"cagr":-0.1563682081714497,"expectancy":-0.9025294384444442,"expectancy_ratio":-0.4786020187502893,"sortino":-13.769062963312747,"sharpe":-4.909230911782607,"calmar":-18.768525924127644,"sqn":-3.3711,"profit_factor":0.3473608835223327,"max_drawdown_account":0.04645154370415747,"max_drawdown_abs":"46.591"}]}