{"strategy":{"SupertrendStrategy_Smart":{"trades":[{"pair":"ETH/USDT","stake_amount":99.997485,"max_stake_amount":99.997485,"amount":0.03171,"open_date":"2025-12-15 10:00:00+00:00","close_date":"2025-12-15 15:15:00+00:00","open_rate":3153.5,"close_rate":2995.825,"fee_open":0.0015,"fee_close":0.0015,"trade_duration":315,"profit_ratio":-0.052845731366699046,"profit_abs":-5.29236689,"exit_reason":"stop_loss","initial_stop_loss_abs":2995.825,"initial_stop_loss_ratio":-0.05,"stop_loss_abs":2995.825,"stop_loss_ratio":-0.05,"min_rate":2990.55,"max_rate":3177.78,"is_open":false,"enter_tag":"","leverage":1.0,"is_short":false,"open_timestamp":1765792800000,"close_timestamp":1765811700000,"orders":[{"amount":0.03171,"safe_price":3153.5,"ft_order_side":"buy","order_filled_timestamp":1765792800000,"ft_is_entry":true,"ft_order_tag":"","cost":100.14748122750002},{"amount":0.03171,"safe_price":2995.825,"ft_order_side":"sell","order_filled_timestamp":1765811700000,"ft_is_entry":false,"ft_order_tag":"stop_loss","cost":95.140107166125}],"funding_fees":0.0,"weekday":0},{"pair":"BTC/USDT","stake_amount":99.99953938,"max_stake_amount":99.99953938,"amount":0.00111205,"open_date":"2025-12-17 15:30:00+00:00","close_date":"2025-12-17 19:00:00+00:00","open_rate":89923.6,"close_rate":85427.42,"fee_open":0.0015,"fee_close":0.0015,"trade_duration":210,"profit_ratio":-0.05284573138605584,"profit_abs":-5.29247562,"exit_reason":"stop_loss","initial_stop_loss_abs":85427.42,"initial_stop_loss_ratio":-0.05,"stop_loss_abs":85427.42,"stop_loss_ratio":-0.05,"min_rate":85328.4,"max_rate":90075.5,"is_open":false,"enter_tag":"","leverage":1.0,"is_short":false,"open_timestamp":1765985400000,"close_timestamp":1765998000000,"orders":[{"amount":0.00111205,"safe_price":89923.6,"ft_order_side":"buy","order_filled_timestamp":1765985400000,"ft_is_entry":true,"ft_order_tag":"","cost":100.14953868907003},{"amount":0.00111205,"safe_price":85427.42,"ft_order_side":"sell","order_filled_timestamp":1765998000000,"ft_is_entry":false,"ft_order_tag":"stop_loss","cost":95.1420617546165}],"funding_fees":0.0,"weekday":2},{"pair":"BTC/USDT","stake_amount":99.99995141,"max_stake_amount":99.99995141,"amount":0.00112968,"open_date":"2025-12-18 14:30:00+00:00","close_date":"2025-12-22 12:30:00+00:00","open_rate":88520.6,"close_rate":90559.63234852278,"fee_open":0.0015,"fee_close":0.0015,"trade_duration":5640,"profit_ratio":0.01997004495097355,"profit_abs":1.99999903,"exit_reason":"roi","initial_stop_loss_abs":84094.57,"initial_stop_loss_ratio":-0.05,"stop_loss_abs":84094.57,"stop_loss_ratio":-0.05,"min_rate":84456.2,"max_rate":90598.0,"is_open":false,"enter_tag":"","leverage":1.0,"is_short":false,"open_timestamp":1766068200000,"close_timestamp":1766406600000,"orders":[{"amount":0.00112968,"safe_price":88520.6,"ft_order_side":"buy","order_filled_timestamp":1766068200000,"ft_is_entry":true,"ft_order_tag":"","cost":100.14995133511202},{"amount":0.00112968,"safe_price":90559.63234852278,"ft_order_side":"sell","order_filled_timestamp":1766406600000,"ft_is_entry":false,"ft_order_tag":"roi","cost":102.45686057968645}],"funding_fees":0.0,"weekday":0},{"pair":"ETH/USDT","stake_amount":99.9977076,"max_stake_amount":99.9977076,"amount":0.033276,"open_date":"2025-12-29 02:30:00+00:00","close_date":"2026-01-02 14:45:00+00:00","open_rate":3005.1,"close_rate":3074.3211316975458,"fee_open":0.0015,"fee_close":0.0015,"trade_duration":6495,"profit_ratio":0.019970044912630595,"profit_abs":1.99995415,"exit_reason":"roi","initial_stop_loss_abs":2854.845,"initial_stop_loss_ratio":-0.05,"stop_loss_abs":3047.3492,"stop_loss_ratio":-0.02,"min_rate":2910.74,"max_rate":3109.54,"is_open":false,"enter_tag":"","leverage":1.0,"is_short":false,"open_timestamp":1766975400000,"close_timestamp":1767365100000,"orders":[{"amount":0.033276,"safe_price":3005.1,"ft_order_side":"buy","order_filled_timestamp":1766975400000,"ft_is_entry":true,"ft_order_tag":"","cost":100.1477041614},{"amount":0.033276,"safe_price":3074.3211316975458,"ft_order_side":"sell","order_filled_timestamp":1767365100000,"ft_is_entry":false,"ft_order_tag":"roi","cost":102.4545616433351}],"funding_fees":0.0,"weekday":4},{"pair":"BTC/USDT","stake_amount":99.99946861,"max_stake_amount":99.99946861,"amount":0.00110959,"open_date":"2025-12-22 13:30:00+00:00","close_date":"2026-01-05 00:45:00+00:00","open_rate":90122.9,"close_rate":92198.84061091638,"fee_open":0.0015,"fee_close":0.0015,"trade_duration":19395,"profit_ratio":0.01997004491043423,"profit_abs":1.99998937,"exit_reason":"roi","initial_stop_loss_abs":85616.75499999999,"initial_stop_loss_ratio":-0.05,"stop_loss_abs":85616.75499999999,"stop_loss_ratio":-0.05,"min_rate":86400.0,"max_rate":92423.1,"is_open":false,"enter_tag":"","leverage":1.0,"is_short":false,"open_timestamp":1766410200000,"close_timestamp":1767573900000,"orders":[{"amount":0.00110959,"safe_price":90122.9,"ft_order_side":"buy","order_filled_timestamp":1766410200000,"ft_is_entry":true,"ft_order_tag":"","cost":100.14946781391649},{"amount":0.00110959,"safe_price":92198.84061091638,"ft_order_side":"sell","order_filled_timestamp":1767573900000,"ft_is_entry":false,"ft_order_tag":"roi","cost":102.45636592079691}],"funding_fees":0.0,"weekday":0},{"pair":"ETH/USDT","stake_amount":99.99931392,"max_stake_amount":99.99931392,"amount":0.031992,"open_date":"2026-01-02 16:45:00+00:00","close_date":"2026-01-05 01:00:00+00:00","open_rate":3125.76,"close_rate":3197.760480721082,"fee_open":0.0015,"fee_close":0.0015,"trade_duration":3375,"profit_ratio":0.019970044948577244,"profit_abs":1.99998628,"exit_reason":"roi","initial_stop_loss_abs":2969.472,"initial_stop_loss_ratio":-0.05,"stop_loss_abs":2969.472,"stop_loss_ratio":-0.05,"min_rate":3075.82,"max_rate":3198.45,"is_open":false,"enter_tag":"","leverage":1.0,"is_short":false,"open_timestamp":1767372300000,"close_timestamp":1767574800000,"orders":[{"amount":0.031992,"safe_price":3125.76,"ft_order_side":"buy","order_filled_timestamp":1767372300000,"ft_is_entry":true,"ft_order_tag":"","cost":100.14931289088001},{"amount":0.031992,"safe_price":3197.760480721082,"ft_order_side":"sell","order_filled_timestamp":1767574800000,"ft_is_entry":false,"ft_order_tag":"roi","cost":102.45620742917771}],"funding_fees":0.0,"weekday":0},{"pair":"ETH/USDT","stake_amount":99.99982545,"max_stake_amount":99.99982545,"amount":0.031269,"open_date":"2026-01-05 02:00:00+00:00","close_date":"2026-01-06 14:00:00+00:00","open_rate":3198.05,"close_rate":3271.7156484727093,"fee_open":0.0015,"fee_close":0.0015,"trade_duration":2160,"profit_ratio":0.019970044942586137,"profit_abs":1.99999651,"exit_reason":"roi","initial_stop_loss_abs":3038.1475,"initial_stop_loss_ratio":-0.05,"stop_loss_abs":3038.1475,"stop_loss_ratio":-0.05,"min_rate":3135.23,"max_rate":3284.24,"is_open":false,"enter_tag":"","leverage":1.0,"is_short":false,"open_timestamp":1767578400000,"close_timestamp":1767708000000,"orders":[{"amount":0.031269,"safe_price":3198.05,"ft_order_side":"buy","order_filled_timestamp":1767578400000,"ft_is_entry":true,"ft_order_tag":"","cost":100.14982518817502},{"amount":0.031269,"safe_price":3271.7156484727093,"ft_order_side":"sell","order_filled_timestamp":1767708000000,"ft_is_entry":false,"ft_order_tag":"roi","cost":102.45673152701129}],"funding_fees":0.0,"weekday":1},{"pair":"ETH/USDT","stake_amount":99.997387,"max_stake_amount":99.997387,"amount":0.032138,"open_date":"2026-01-11 12:45:00+00:00","close_date":"2026-01-13 15:45:00+00:00","open_rate":3111.5,"close_rate":3183.1720080120176,"fee_open":0.0015,"fee_close":0.0015,"trade_duration":3060,"profit_ratio":0.019970044932601096,"profit_abs":1.99994774,"exit_reason":"roi","initial_stop_loss_abs":2955.9249999999997,"initial_stop_loss_ratio":-0.05,"stop_loss_abs":2955.9249999999997,"stop_loss_ratio":-0.05,"min_rate":3066.0,"max_rate":3188.8,"is_open":false,"enter_tag":"","leverage":1.0,"is_short":false,"open_timestamp":1768135500000,"close_timestamp":1768319100000,"orders":[{"amount":0.032138,"safe_price":3111.5,"ft_order_side":"buy","order_filled_timestamp":1768135500000,"ft_is_entry":true,"ft_order_tag":"","cost":100.1473830805},{"amount":0.032138,"safe_price":3183.1720080120176,"ft_order_side":"sell","order_filled_timestamp":1768319100000,"ft_is_entry":false,"ft_order_tag":"roi","cost":102.45423316648046}],"funding_fees":0.0,"weekday":1},{"pair":"BTC/USDT","stake_amount":99.99951552,"max_stake_amount":99.99951552,"amount":0.00107568,"open_date":"2026-01-05 02:00:00+00:00","close_date":"2026-01-13 22:00:00+00:00","open_rate":92964.0,"close_rate":95105.38407611418,"fee_open":0.0015,"fee_close":0.0015,"trade_duration":12720,"profit_ratio":0.01997004492860707,"profit_abs":1.99999031,"exit_reason":"roi","initial_stop_loss_abs":88315.8,"initial_stop_loss_ratio":-0.05,"stop_loss_abs":94612.14,"stop_loss_ratio":-0.02,"min_rate":89327.8,"max_rate":96543.0,"is_open":false,"enter_tag":"","leverage":1.0,"is_short":false,"open_timestamp":1767578400000,"close_timestamp":1768341600000,"orders":[{"amount":0.00107568,"safe_price":92964.0,"ft_order_side":"buy","order_filled_timestamp":1767578400000,"ft_is_entry":true,"ft_order_tag":"","cost":100.14951479328},{"amount":0.00107568,"safe_price":95105.38407611418,"ft_order_side":"sell","order_filled_timestamp":1768341600000,"ft_is_entry":false,"ft_order_tag":"roi","cost":102.456413982309}],"funding_fees":0.0,"weekday":1},{"pair":"DOGE/USDT","stake_amount":99.99999991,"max_stake_amount":99.99999991,"amount":701.360639,"open_date":"2026-01-13 16:15:00+00:00","close_date":"2026-01-13 22:00:00+00:00","open_rate":0.14258,"close_rate":0.14586426639959943,"fee_open":0.0015,"fee_close":0.0015,"trade_duration":345,"profit_ratio":0.019970044950849725,"profit_abs":2.0,"exit_reason":"roi","initial_stop_loss_abs":0.13546,"initial_stop_loss_ratio":-0.05,"stop_loss_abs":0.14728,"stop_loss_ratio":-0.02,"min_rate":0.14194,"max_rate":0.15028,"is_open":false,"enter_tag":"","leverage":1.0,"is_short":false,"open_timestamp":1768320900000,"close_timestamp":1768341600000,"orders":[{"amount":701.360639,"safe_price":0.14258,"ft_order_side":"buy","order_filled_timestamp":1768320900000,"ft_is_entry":true,"ft_order_tag":"","cost":100.14999990848295},{"amount":701.360639,"safe_price":0.14586426639959943,"ft_order_side":"sell","order_filled_timestamp":1768341600000,"ft_is_entry":false,"ft_order_tag":"roi","cost":102.45691027192322}],"funding_fees":0.0,"weekday":1},{"pair":"ETH/USDT","stake_amount":99.9991552,"max_stake_amount":99.9991552,"amount":0.03008,"open_date":"2026-01-13 23:45:00+00:00","close_date":"2026-01-14 16:30:00+00:00","open_rate":3324.44,"close_rate":3401.0169854782175,"fee_open":0.0015,"fee_close":0.0015,"trade_duration":1005,"profit_ratio":0.01997004489266067,"profit_abs":1.9999831,"exit_reason":"roi","initial_stop_loss_abs":3158.218,"initial_stop_loss_ratio":-0.05,"stop_loss_abs":3158.218,"stop_loss_ratio":-0.05,"min_rate":3280.27,"max_rate":3403.36,"is_open":false,"enter_tag":"","leverage":1.0,"is_short":false,"open_timestamp":1768347900000,"close_timestamp":1768408200000,"orders":[{"amount":0.03008,"safe_price":3324.44,"ft_order_side":"buy","order_filled_timestamp":1768347900000,"ft_is_entry":true,"ft_order_tag":"","cost":100.1491539328},{"amount":0.03008,"safe_price":3401.0169854782175,"ft_order_side":"sell","order_filled_timestamp":1768408200000,"ft_is_entry":false,"ft_order_tag":"roi","cost":102.45604480956956}],"funding_fees":0.0,"weekday":2},{"pair":"BTC/USDT","stake_amount":99.99939477,"max_stake_amount":99.99939477,"amount":0.00104594,"open_date":"2026-01-13 22:15:00+00:00","close_date":"2026-01-14 20:00:00+00:00","open_rate":95607.2,"close_rate":97809.46900350526,"fee_open":0.0015,"fee_close":0.0015,"trade_duration":1305,"profit_ratio":0.019970044978931883,"profit_abs":1.9999879,"exit_reason":"roi","initial_stop_loss_abs":90826.84,"initial_stop_loss_ratio":-0.05,"stop_loss_abs":90826.84,"stop_loss_ratio":-0.05,"min_rate":94521.7,"max_rate":97925.4,"is_open":false,"enter_tag":"","leverage":1.0,"is_short":false,"open_timestamp":1768342500000,"close_timestamp":1768420800000,"orders":[{"amount":0.00104594,"safe_price":95607.2,"ft_order_side":"buy","order_filled_timestamp":1768342500000,"ft_is_entry":true,"ft_order_tag":"","cost":100.14939386015199},{"amount":0.00104594,"safe_price":97809.46900350526,"ft_order_side":"sell","order_filled_timestamp":1768420800000,"ft_is_entry":false,"ft_order_tag":"roi","cost":102.45629026354058}],"funding_fees":0.0,"weekday":2},{"pair":"ETH/USDT","stake_amount":99.9977836,"max_stake_amount":99.9977836,"amount":0.030118,"open_date":"2026-01-17 16:30:00+00:00","close_date":"2026-01-20 05:00:00+00:00","open_rate":3320.2,"close_rate":3154.1899999999996,"fee_open":0.0015,"fee_close":0.0015,"trade_duration":3630,"profit_ratio":-0.052845731432551835,"profit_abs":-5.2923827,"exit_reason":"stop_loss","initial_stop_loss_abs":3154.1899999999996,"initial_stop_loss_ratio":-0.05,"stop_loss_abs":3154.1899999999996,"stop_loss_ratio":-0.05,"min_rate":3152.46,"max_rate":3369.0,"is_open":false,"enter_tag":"","leverage":1.0,"is_short":false,"open_timestamp":1768667400000,"close_timestamp":1768885200000,"orders":[{"amount":0.030118,"safe_price":3320.2,"ft_order_side":"buy","order_filled_timestamp":1768667400000,"ft_is_entry":true,"ft_order_tag":"","cost":100.1477802754},{"amount":0.030118,"safe_price":3154.1899999999996,"ft_order_side":"sell","order_filled_timestamp":1768885200000,"ft_is_entry":false,"ft_order_tag":"stop_loss","cost":95.14039126162999}],"funding_fees":0.0,"weekday":1}],"locks":[],"best_pair":{"key":"BTC/USDT","trades":5,"profit_mean":0.005406889676578179,"profit_mean_pct":0.54,"profit_total_abs":2.7074909899999993,"profit_total":0.0027074909899999994,"profit_total_pct":0.27,"duration_avg":"5 days, 10:54:00","wins":4,"draws":0,"losses":1,"winrate":0.8,"cagr":0.011408247743157185,"expectancy":0.541498198,"expectancy_ratio":0.10231472695947907,"sortino":-100,"sharpe":0.20382606470665637,"calmar":11.234023643227113,"sqn":0.3713,"profit_factor":1.5115736347973954,"max_drawdown_account":0.005292475620000005,"max_drawdown_abs":5.29247562},"worst_pair":{"key":"ETH/USDT","trades":7,"profit_mean":-0.0008344625957421621,"profit_mean_pct":-0.08,"profit_total_abs":-0.5848818100000006,"profit_total":-0.0005848818100000007,"profit_total_pct":-0.06,"duration_avg":"1 day, 23:43:00","wins":5,"draws":0,"losses":2,"winrate":0.7142857142857143,"cagr":-0.0024515224644580114,"expectancy":-0.0835545442857144,"expectancy_ratio":-0.01578772243505,"sortino":-16247.757189672588,"sharpe":-0.03898754850193872,"calmar":-2.4382806826954857,"sqn":-0.0621,"profit_factor":0.944742971477325,"max_drawdown_account":0.0052675855363992115,"max_drawdown_abs":5.2923827},"results_per_pair":[{"key":"BTC/USDT","trades":5,"profit_mean":0.005406889676578179,"profit_mean_pct":0.54,"profit_total_abs":2.7074909899999993,"profit_total":0.0027074909899999994,"profit_total_pct":0.27,"duration_avg":"5 days, 10:54:00","wins":4,"draws":0,"losses":1,"winrate":0.8,"cagr":0.011408247743157185,"expectancy":0.541498198,"expectancy_ratio":0.10231472695947907,"sortino":-100,"sharpe":0.20382606470665637,"calmar":11.234023643227113,"sqn":0.3713,"profit_factor":1.5115736347973954,"max_drawdown_account":0.005292475620000005,"max_drawdown_abs":5.29247562},{"key":"DOGE/USDT","trades":1,"profit_mean":0.019970044950849725,"profit_mean_pct":2.0,"profit_total_abs":2.0,"profit_total":0.002,"profit_total_pct":0.2,"duration_avg":"5:45:00","wins":1,"draws":0,"losses":0,"winrate":1.0,"cagr":0.008417655859537687,"expectancy":2.0,"expectancy_ratio":100.0,"sortino":-100,"sharpe":-100,"calmar":-100,"sqn":-100.0,"profit_factor":0.0,"max_drawdown_account":0.0,"max_drawdown_abs":0.0},{"key":"SOL/USDT","trades":0,"profit_mean":0.0,"profit_mean_pct":0.0,"profit_total_abs":0.0,"profit_total":0.0,"profit_total_pct":0.0,"duration_avg":"0:00","wins":0,"draws":0,"losses":0,"winrate":0.0,"cagr":0.0,"expectancy":0.0,"expectancy_ratio":100.0,"sortino":0,"sharpe":0,"calmar":0,"sqn":0.0,"profit_factor":0.0,"max_drawdown_account":0.0,"max_drawdown_abs":0.0},{"key":"ETH/USDT","trades":7,"profit_mean":-0.0008344625957421621,"profit_mean_pct":-0.08,"profit_total_abs":-0.5848818100000006,"profit_total":-0.0005848818100000007,"profit_total_pct":-0.06,"duration_avg":"1 day, 23:43:00","wins":5,"draws":0,"losses":2,"winrate":0.7142857142857143,"cagr":-0.0024515224644580114,"expectancy":-0.0835545442857144,"expectancy_ratio":-0.01578772243505,"sortino":-16247.757189672588,"sharpe":-0.03898754850193872,"calmar":-2.4382806826954857,"sqn":-0.0621,"profit_factor":0.944742971477325,"max_drawdown_account":0.0052675855363992115,"max_drawdown_abs":5.2923827},{"key":"TOTAL","trades":13,"profit_mean":0.0031664042433496523,"profit_mean_pct":0.32,"profit_total_abs":4.122609179999999,"profit_total":0.004122609179999999,"profit_total_pct":0.41,"duration_avg":"3 days, 4:29:00","wins":10,"draws":0,"losses":3,"winrate":0.7692307692307693,"cagr":0.01741027169897502,"expectancy":0.3171237830769231,"expectancy_ratio":0.05992050478893285,"sortino":18874.23671739134,"sharpe":0.2946538187366302,"calmar":8.552930538652083,"sqn":0.3575,"profit_factor":1.259655520752042,"max_drawdown_account":0.010584842510000044,"max_drawdown_abs":10.584842510000001}],"results_per_enter_tag":[{"key":"","trades":13,"profit_mean":0.0031664042433496523,"profit_mean_pct":0.32,"profit_total_abs":4.122609179999999,"profit_total":0.004122609179999999,"profit_total_pct":0.41,"duration_avg":"3 days, 4:29:00","wins":10,"draws":0,"losses":3,"winrate":0.7692307692307693,"cagr":0.01741027169897502,"expectancy":0.3171237830769231,"expectancy_ratio":0.05992050478893285,"sortino":18874.23671739134,"sharpe":0.2946538187366302,"calmar":8.552930538652083,"sqn":0.3575,"profit_factor":1.259655520752042,"max_drawdown_account":0.010584842510000044,"max_drawdown_abs":10.584842510000001},{"key":"TOTAL","trades":13,"profit_mean":0.0031664042433496523,"profit_mean_pct":0.32,"profit_total_abs":4.122609179999999,"profit_total":0.004122609179999999,"profit_total_pct":0.41,"duration_avg":"3 days, 4:29:00","wins":10,"draws":0,"losses":3,"winrate":0.7692307692307693,"cagr":0.01741027169897502,"expectancy":0.3171237830769231,"expectancy_ratio":0.05992050478893285,"sortino":18874.23671739134,"sharpe":0.2946538187366302,"calmar":8.552930538652083,"sqn":0.3575,"profit_factor":1.259655520752042,"max_drawdown_account":0.010584842510000044,"max_drawdown_abs":10.584842510000001}],"exit_reason_summary":[{"key":"roi","trades":10,"profit_mean":0.019970044934885217,"profit_mean_pct":2.0,"profit_total_abs":19.99983439,"profit_total":0.01999983439,"profit_total_pct":2.0,"duration_avg":"3 days, 20:30:00","wins":10,"draws":0,"losses":0,"winrate":1.0,"cagr":0.08662798223281465,"expectancy":1.999983439,"expectancy_ratio":100.0,"sortino":-100,"sharpe":256537.26720286842,"calmar":-100,"sqn":350464.9084,"profit_factor":0.0,"max_drawdown_account":0.0,"max_drawdown_abs":0.0},{"key":"stop_loss","trades":3,"profit_mean":-0.052845731395102236,"profit_mean_pct":-5.28,"profit_total_abs":-15.877225210000002,"profit_total":-0.015877225210000002,"profit_total_pct":-1.59,"duration_avg":"23:05:00","wins":0,"draws":0,"losses":3,"winrate":0.0,"cagr":-0.06494115290474389,"expectancy":-5.292408403333334,"expectancy_ratio":-1.0,"sortino":-72689.52596396093,"sharpe":-72689.52596396093,"calmar":-21.95973928108367,"sqn":-156040.8833,"profit_factor":0.0,"max_drawdown_account":0.015877225210000005,"max_drawdown_abs":15.877225210000002},{"key":"TOTAL","trades":13,"profit_mean":0.0031664042433496523,"profit_mean_pct":0.32,"profit_total_abs":4.122609179999999,"profit_total":0.004122609179999999,"profit_total_pct":0.41,"duration_avg":"3 days, 4:29:00","wins":10,"draws":0,"losses":3,"winrate":0.7692307692307693,"cagr":0.01741027169897502,"expectancy":0.3171237830769231,"expectancy_ratio":0.05992050478893285,"sortino":18874.23671739134,"sharpe":0.2946538187366302,"calmar":8.552930538652083,"sqn":0.3575,"profit_factor":1.259655520752042,"max_drawdown_account":0.010584842510000044,"max_drawdown_abs":10.584842510000001}],"mix_tag_stats":[{"key":["","roi"],"trades":10,"profit_mean":0.019970044934885217,"profit_mean_pct":2.0,"profit_total_abs":19.99983439,"profit_total":0.01999983439,"profit_total_pct":2.0,"duration_avg":"3 days, 20:30:00","wins":10,"draws":0,"losses":0,"winrate":1.0,"cagr":0.08662798223281465,"expectancy":1.999983439,"expectancy_ratio":100.0,"sortino":-100,"sharpe":256537.26720286842,"calmar":-100,"sqn":350464.9084,"profit_factor":0.0,"max_drawdown_account":0.0,"max_drawdown_abs":0.0},{"key":["","stop_loss"],"trades":3,"profit_mean":-0.052845731395102236,"profit_mean_pct":-5.28,"profit_total_abs":-15.877225210000002,"profit_total":-0.015877225210000002,"profit_total_pct":-1.59,"duration_avg":"23:05:00","wins":0,"draws":0,"losses":3,"winrate":0.0,"cagr":-0.06494115290474389,"expectancy":-5.292408403333334,"expectancy_ratio":-1.0,"sortino":-72689.52596396093,"sharpe":-72689.52596396093,"calmar":-21.95973928108367,"sqn":-156040.8833,"profit_factor":0.0,"max_drawdown_account":0.015877225210000005,"max_drawdown_abs":15.877225210000002},{"key":"TOTAL","trades":13,"profit_mean":0.0031664042433496523,"profit_mean_pct":0.32,"profit_total_abs":4.122609179999999,"profit_total":0.004122609179999999,"profit_total_pct":0.41,"duration_avg":"3 days, 4:29:00","wins":10,"draws":0,"losses":3,"winrate":0.7692307692307693,"cagr":0.01741027169897502,"expectancy":0.3171237830769231,"expectancy_ratio":0.05992050478893285,"sortino":18874.23671739134,"sharpe":0.2946538187366302,"calmar":8.552930538652083,"sqn":0.3575,"profit_factor":1.259655520752042,"max_drawdown_account":0.010584842510000044,"max_drawdown_abs":10.584842510000001}],"left_open_trades":[{"key":"TOTAL","trades":0,"profit_mean":0.0,"profit_mean_pct":0.0,"profit_total_abs":0.0,"profit_total":0.0,"profit_total_pct":0.0,"duration_avg":"0:00","wins":0,"draws":0,"losses":0,"winrate":0.0,"cagr":0.0,"expectancy":0.0,"expectancy_ratio":100.0,"sortino":0,"sharpe":0,"calmar":0,"sqn":0.0,"profit_factor":0.0,"max_drawdown_account":0.0,"max_drawdown_abs":0.0}],"total_trades":13,"trade_count_long":13,"trade_count_short":0,"total_volume":2611.9196869328703,"avg_stake_amount":99.99896364384615,"profit_mean":0.0031664042433496523,"profit_median":0.01997004492860707,"profit_total":0.004122609179999999,"profit_total_long":0.004122609179999999,"profit_total_short":0.0,"profit_total_abs":4.122609179999999,"profit_total_long_abs":4.122609179999999,"profit_total_short_abs":0.0,"cagr":0.01741027169897502,"expectancy":0.3171237830769231,"expectancy_ratio":0.05992050478893285,"sortino":18874.23671739134,"sharpe":0.2946538187366302,"calmar":8.552930538652083,"sqn":0.3575,"profit_factor":1.259655520752042,"backtest_start":"2025-11-25 02:00:00","backtest_start_ts":1764036000000,"backtest_end":"2026-02-21 00:00:00","backtest_end_ts":1771632000000,"backtest_days":87,"backtest_run_start_ts":1771663675,"backtest_run_end_ts":1771663676,"trades_per_day":0.15,"market_change":-0.2841111918622262,"pairlist":["BTC/USDT","ETH/USDT","SOL/USDT","DOGE/USDT"],"stake_amount":100,"stake_currency":"USDT","stake_currency_decimals":3,"starting_balance":1000,"dry_run_wallet":1000,"final_balance":1004.12260918,"rejected_signals":31,"timedout_entry_orders":0,"timedout_exit_orders":0,"canceled_trade_entries":0,"canceled_entry_orders":0,"replaced_entry_orders":0,"max_open_trades":2,"max_open_trades_setting":2,"timeframe":"15m","timeframe_detail":"","timerange":"20251123-20260221","enable_protections":false,"strategy_name":"SupertrendStrategy_Smart","freqaimodel":null,"freqai_identifier":null,"stoploss":-0.05,"trailing_stop":true,"trailing_stop_positive":0.02,"trailing_stop_positive_offset":0.03,"trailing_only_offset_is_reached":true,"use_custom_stoploss":false,"minimal_roi":{"240":0.02,"120":0.03,"60":0.05,"30":0.08,"0":0.12},"use_exit_signal":true,"exit_profit_only":false,"exit_profit_offset":0.0,"ignore_roi_if_entry_signal":false,"trading_mode":"spot","margin_mode":"","periodic_breakdown":{"day":[{"date":"15/12/2025","date_ts":1765756800000,"profit_abs":-5.29236689,"wins":0,"draws":0,"losses":1,"trades":1,"profit_factor":0.0},{"date":"16/12/2025","date_ts":1765843200000,"profit_abs":0.0,"wins":0,"draws":0,"losses":0,"trades":0,"profit_factor":0.0},{"date":"17/12/2025","date_ts":1765929600000,"profit_abs":-5.29247562,"wins":0,"draws":0,"losses":1,"trades":1,"profit_factor":0.0},{"date":"18/12/2025","date_ts":1766016000000,"profit_abs":0.0,"wins":0,"draws":0,"losses":0,"trades":0,"profit_factor":0.0},{"date":"19/12/2025","date_ts":1766102400000,"profit_abs":0.0,"wins":0,"draws":0,"losses":0,"trades":0,"profit_factor":0.0},{"date":"20/12/2025","date_ts":1766188800000,"profit_abs":0.0,"wins":0,"draws":0,"losses":0,"trades":0,"profit_factor":0.0},{"date":"21/12/2025","date_ts":1766275200000,"profit_abs":0.0,"wins":0,"draws":0,"losses":0,"trades":0,"profit_factor":0.0},{"date":"22/12/2025","date_ts":1766361600000,"profit_abs":1.99999903,"wins":1,"draws":0,"losses":0,"trades":1,"profit_factor":0.0},{"date":"23/12/2025","date_ts":1766448000000,"profit_abs":0.0,"wins":0,"draws":0,"losses":0,"trades":0,"profit_factor":0.0},{"date":"24/12/2025","date_ts":1766534400000,"profit_abs":0.0,"wins":0,"draws":0,"losses":0,"trades":0,"profit_factor":0.0},{"date":"25/12/2025","date_ts":1766620800000,"profit_abs":0.0,"wins":0,"draws":0,"losses":0,"trades":0,"profit_factor":0.0},{"date":"26/12/2025","date_ts":1766707200000,"profit_abs":0.0,"wins":0,"draws":0,"losses":0,"trades":0,"profit_factor":0.0},{"date":"27/12/2025","date_ts":1766793600000,"profit_abs":0.0,"wins":0,"draws":0,"losses":0,"trades":0,"profit_factor":0.0},{"date":"28/12/2025","date_ts":1766880000000,"profit_abs":0.0,"wins":0,"draws":0,"losses":0,"trades":0,"profit_factor":0.0},{"date":"29/12/2025","date_ts":1766966400000,"profit_abs":0.0,"wins":0,"draws":0,"losses":0,"trades":0,"profit_factor":0.0},{"date":"30/12/2025","date_ts":1767052800000,"profit_abs":0.0,"wins":0,"draws":0,"losses":0,"trades":0,"profit_factor":0.0},{"date":"31/12/2025","date_ts":1767139200000,"profit_abs":0.0,"wins":0,"draws":0,"losses":0,"trades":0,"profit_factor":0.0},{"date":"01/01/2026","date_ts":1767225600000,"profit_abs":0.0,"wins":0,"draws":0,"losses":0,"trades":0,"profit_factor":0.0},{"date":"02/01/2026","date_ts":1767312000000,"profit_abs":1.99995415,"wins":1,"draws":0,"losses":0,"trades":1,"profit_factor":0.0},{"date":"03/01/2026","date_ts":1767398400000,"profit_abs":0.0,"wins":0,"draws":0,"losses":0,"trades":0,"profit_factor":0.0},{"date":"04/01/2026","date_ts":1767484800000,"profit_abs":0.0,"wins":0,"draws":0,"losses":0,"trades":0,"profit_factor":0.0},{"date":"05/01/2026","date_ts":1767571200000,"profit_abs":3.99997565,"wins":2,"draws":0,"losses":0,"trades":2,"profit_factor":0.0},{"date":"06/01/2026","date_ts":1767657600000,"profit_abs":1.99999651,"wins":1,"draws":0,"losses":0,"trades":1,"profit_factor":0.0},{"date":"07/01/2026","date_ts":1767744000000,"profit_abs":0.0,"wins":0,"draws":0,"losses":0,"trades":0,"profit_factor":0.0},{"date":"08/01/2026","date_ts":1767830400000,"profit_abs":0.0,"wins":0,"draws":0,"losses":0,"trades":0,"profit_factor":0.0},{"date":"09/01/2026","date_ts":1767916800000,"profit_abs":0.0,"wins":0,"draws":0,"losses":0,"trades":0,"profit_factor":0.0},{"date":"10/01/2026","date_ts":1768003200000,"profit_abs":0.0,"wins":0,"draws":0,"losses":0,"trades":0,"profit_factor":0.0},{"date":"11/01/2026","date_ts":1768089600000,"profit_abs":0.0,"wins":0,"draws":0,"losses":0,"trades":0,"profit_factor":0.0},{"date":"12/01/2026","date_ts":1768176000000,"profit_abs":0.0,"wins":0,"draws":0,"losses":0,"trades":0,"profit_factor":0.0},{"date":"13/01/2026","date_ts":1768262400000,"profit_abs":5.99993805,"wins":3,"draws":0,"losses":0,"trades":3,"profit_factor":0.0},{"date":"14/01/2026","date_ts":1768348800000,"profit_abs":3.999971,"wins":2,"draws":0,"losses":0,"trades":2,"profit_factor":0.0},{"date":"15/01/2026","date_ts":1768435200000,"profit_abs":0.0,"wins":0,"draws":0,"losses":0,"trades":0,"profit_factor":0.0},{"date":"16/01/2026","date_ts":1768521600000,"profit_abs":0.0,"wins":0,"draws":0,"losses":0,"trades":0,"profit_factor":0.0},{"date":"17/01/2026","date_ts":1768608000000,"profit_abs":0.0,"wins":0,"draws":0,"losses":0,"trades":0,"profit_factor":0.0},{"date":"18/01/2026","date_ts":1768694400000,"profit_abs":0.0,"wins":0,"draws":0,"losses":0,"trades":0,"profit_factor":0.0},{"date":"19/01/2026","date_ts":1768780800000,"profit_abs":0.0,"wins":0,"draws":0,"losses":0,"trades":0,"profit_factor":0.0},{"date":"20/01/2026","date_ts":1768867200000,"profit_abs":-5.2923827,"wins":0,"draws":0,"losses":1,"trades":1,"profit_factor":0.0}],"week":[{"date":"15/12/2025","date_ts":1765756800000,"profit_abs":-5.29236689,"wins":0,"draws":0,"losses":1,"trades":1,"profit_factor":0.0},{"date":"22/12/2025","date_ts":1766361600000,"profit_abs":-3.29247659,"wins":1,"draws":0,"losses":1,"trades":2,"profit_factor":0.3778948},{"date":"29/12/2025","date_ts":1766966400000,"profit_abs":0.0,"wins":0,"draws":0,"losses":0,"trades":0,"profit_factor":0.0},{"date":"05/01/2026","date_ts":1767571200000,"profit_abs":5.9999298,"wins":3,"draws":0,"losses":0,"trades":3,"profit_factor":0.0},{"date":"12/01/2026","date_ts":1768176000000,"profit_abs":1.99999651,"wins":1,"draws":0,"losses":0,"trades":1,"profit_factor":0.0},{"date":"19/01/2026","date_ts":1768780800000,"profit_abs":9.99990905,"wins":5,"draws":0,"losses":0,"trades":5,"profit_factor":0.0},{"date":"26/01/2026","date_ts":1769385600000,"profit_abs":-5.2923827,"wins":0,"draws":0,"losses":1,"trades":1,"profit_factor":0.0}],"month":[{"date":"31/12/2025","date_ts":1767139200000,"profit_abs":-8.58484348,"wins":1,"draws":0,"losses":2,"trades":3,"profit_factor":0.18894934},{"date":"31/01/2026","date_ts":1769817600000,"profit_abs":12.70745266,"wins":9,"draws":0,"losses":1,"trades":10,"profit_factor":3.40108348}],"year":[{"date":"31/12/2025","date_ts":1767139200000,"profit_abs":-8.58484348,"wins":1,"draws":0,"losses":2,"trades":3,"profit_factor":0.18894934},{"date":"31/12/2026","date_ts":1798675200000,"profit_abs":12.70745266,"wins":9,"draws":0,"losses":1,"trades":10,"profit_factor":3.40108348}],"weekday":[{"date":"Monday","date_ts":0,"profit_abs":0.70760779,"wins":3,"draws":0,"losses":1,"trades":4,"profit_factor":1.13370346},{"date":"Tuesday","date_ts":1,"profit_abs":2.70755186,"wins":4,"draws":0,"losses":1,"trades":5,"profit_factor":1.51159412},{"date":"Wednesday","date_ts":2,"profit_abs":-1.29250462,"wins":2,"draws":0,"losses":1,"trades":3,"profit_factor":0.75578449},{"date":"Friday","date_ts":4,"profit_abs":1.99995415,"wins":1,"draws":0,"losses":0,"trades":1,"profit_factor":0.0}]},"backtest_best_day":0.05991013481205789,"backtest_worst_day":-0.052845731432551835,"backtest_best_day_abs":5.99993805,"backtest_worst_day_abs":-5.29247562,"winning_days":6,"draw_days":28,"losing_days":3,"daily_profit":[["2025-12-15",-5.29236689],["2025-12-16",0.0],["2025-12-17",-5.29247562],["2025-12-18",0.0],["2025-12-19",0.0],["2025-12-20",0.0],["2025-12-21",0.0],["2025-12-22",1.99999903],["2025-12-23",0.0],["2025-12-24",0.0],["2025-12-25",0.0],["2025-12-26",0.0],["2025-12-27",0.0],["2025-12-28",0.0],["2025-12-29",0.0],["2025-12-30",0.0],["2025-12-31",0.0],["2026-01-01",0.0],["2026-01-02",1.99995415],["2026-01-03",0.0],["2026-01-04",0.0],["2026-01-05",3.99997565],["2026-01-06",1.99999651],["2026-01-07",0.0],["2026-01-08",0.0],["2026-01-09",0.0],["2026-01-10",0.0],["2026-01-11",0.0],["2026-01-12",0.0],["2026-01-13",5.99993805],["2026-01-14",3.999971],["2026-01-15",0.0],["2026-01-16",0.0],["2026-01-17",0.0],["2026-01-18",0.0],["2026-01-19",0.0],["2026-01-20",-5.2923827]],"wins":10,"losses":3,"draws":0,"winrate":0.7692307692307693,"holding_avg":"3 days, 4:29:00","holding_avg_s":275340.0,"winner_holding_min":"0d 05:45","winner_holding_min_s":20700.0,"winner_holding_max":"13d 11:15","winner_holding_max_s":1163700.0,"winner_holding_avg":"3d 20:30","winner_holding_avg_s":333000.0,"loser_holding_min":"0d 03:30","loser_holding_min_s":12600.0,"loser_holding_max":"2d 12:30","loser_holding_max_s":217800.0,"loser_holding_avg":"0d 23:05","loser_holding_avg_s":83100.0,"max_consecutive_wins":10,"max_consecutive_losses":2,"max_drawdown_account":0.010584842510000044,"max_relative_drawdown":0.010584842510000044,"max_drawdown_abs":10.584842510000001,"drawdown_start":"2025-12-15 15:15:00","drawdown_start_ts":1765811700000.0,"drawdown_end":"2025-12-17 19:00:00","drawdown_end_ts":1765998000000.0,"drawdown_duration":"2 days 03:45:00","drawdown_duration_s":186300.0,"max_drawdown_low":-10.584842510000001,"max_drawdown_high":0.0,"csum_min":989.41515749,"csum_max":1009.41499188}},"strategy_comparison":[{"key":"SupertrendStrategy_Smart","trades":13,"profit_mean":0.0031664042433496523,"profit_mean_pct":0.32,"profit_total_abs":4.122609179999999,"profit_total":0.004122609179999999,"profit_total_pct":0.41,"duration_avg":"3 days, 4:29:00","wins":10,"draws":0,"losses":3,"winrate":0.7692307692307693,"cagr":0.01741027169897502,"expectancy":0.3171237830769231,"expectancy_ratio":0.05992050478893285,"sortino":18874.23671739134,"sharpe":0.2946538187366302,"calmar":8.552930538652083,"sqn":0.3575,"profit_factor":1.259655520752042,"max_drawdown_account":0.010584842510000044,"max_drawdown_abs":"10.585"}]}