{"strategy":{"SupertrendFuturesStrategyV4":{"trades":[{"pair":"SOL/USDT:USDT","stake_amount":399.89315,"max_stake_amount":399.89315,"amount":4.79,"open_date":"2025-11-10 02:00:00+00:00","close_date":"2025-11-10 09:00:00+00:00","open_rate":166.97,"close_rate":168.04260000000002,"fee_open":0.0005,"fee_close":0.0005,"trade_duration":420,"profit_ratio":0.01083597506958559,"profit_abs":4.33539882,"exit_reason":"trailing_stop_loss","initial_stop_loss_abs":164.46545,"initial_stop_loss_ratio":-0.03,"stop_loss_abs":168.04260000000002,"stop_loss_ratio":-0.02,"min_rate":166.04,"max_rate":169.74,"is_open":false,"enter_tag":"","leverage":2,"is_short":false,"open_timestamp":1762740000000,"close_timestamp":1762765200000,"orders":[{"amount":4.79,"safe_price":166.97,"ft_order_side":"buy","order_filled_timestamp":1762740000000,"ft_is_entry":true,"ft_order_tag":"","cost":800.1861931499999},{"amount":4.79,"safe_price":168.04260000000002,"ft_order_side":"sell","order_filled_timestamp":1762765200000,"ft_is_entry":false,"ft_order_tag":"trailing_stop_loss","cost":805.326516027}],"funding_fees":0.0,"weekday":0},{"pair":"SOL/USDT:USDT","stake_amount":399.7604,"max_stake_amount":399.7604,"amount":4.72,"open_date":"2025-11-10 10:00:00+00:00","close_date":"2025-11-10 12:00:00+00:00","open_rate":169.39,"close_rate":166.84914999999998,"fee_open":0.0005,"fee_close":0.0005,"trade_duration":120,"profit_ratio":-0.03196901548225288,"profit_abs":-12.78633639,"exit_reason":"stop_loss","initial_stop_loss_abs":166.84914999999998,"initial_stop_loss_ratio":-0.03,"stop_loss_abs":166.84914999999998,"stop_loss_ratio":-0.03,"min_rate":166.8,"max_rate":169.56,"is_open":false,"enter_tag":"","leverage":2,"is_short":false,"open_timestamp":1762768800000,"close_timestamp":1762776000000,"orders":[{"amount":4.72,"safe_price":169.39,"ft_order_side":"buy","order_filled_timestamp":1762768800000,"ft_is_entry":true,"ft_order_tag":"","cost":799.9205603999999},{"amount":4.72,"safe_price":166.84914999999998,"ft_order_side":"sell","order_filled_timestamp":1762776000000,"ft_is_entry":false,"ft_order_tag":"stop_loss","cost":787.9217519939998}],"funding_fees":0.0,"weekday":0},{"pair":"DOGE/USDT:USDT","stake_amount":399.7574,"max_stake_amount":399.7574,"amount":4340.0,"open_date":"2025-11-10 10:00:00+00:00","close_date":"2025-11-10 12:00:00+00:00","open_rate":0.18422,"close_rate":0.18146,"fee_open":0.0005,"fee_close":0.0005,"trade_duration":120,"profit_ratio":-0.03193322457216728,"profit_abs":-12.7719256,"exit_reason":"stop_loss","initial_stop_loss_abs":0.18146,"initial_stop_loss_ratio":-0.03,"stop_loss_abs":0.18146,"stop_loss_ratio":-0.03,"min_rate":0.18126,"max_rate":0.18492,"is_open":false,"enter_tag":"","leverage":2,"is_short":false,"open_timestamp":1762768800000,"close_timestamp":1762776000000,"orders":[{"amount":4340.0,"safe_price":0.18422,"ft_order_side":"buy","order_filled_timestamp":1762768800000,"ft_is_entry":true,"ft_order_tag":"","cost":799.9145573999999},{"amount":4340.0,"safe_price":0.18146,"ft_order_side":"sell","order_filled_timestamp":1762776000000,"ft_is_entry":false,"ft_order_tag":"stop_loss","cost":787.9301682}],"funding_fees":0.0,"weekday":0},{"pair":"BTC/USDT:USDT","stake_amount":399.380625,"max_stake_amount":399.380625,"amount":0.0075,"open_date":"2025-11-10 14:00:00+00:00","close_date":"2025-11-10 14:00:00+00:00","open_rate":106501.5,"close_rate":104903.9775,"fee_open":0.0005,"fee_close":0.0005,"trade_duration":0,"profit_ratio":-0.031969015490689735,"profit_abs":-12.77418929,"exit_reason":"stop_loss","initial_stop_loss_abs":104903.9775,"initial_stop_loss_ratio":-0.03,"stop_loss_abs":104903.9775,"stop_loss_ratio":-0.03,"min_rate":104650.0,"max_rate":106501.5,"is_open":false,"enter_tag":"","leverage":2,"is_short":false,"open_timestamp":1762783200000,"close_timestamp":1762783200000,"orders":[{"amount":0.0075,"safe_price":106501.5,"ft_order_side":"buy","order_filled_timestamp":1762783200000,"ft_is_entry":true,"ft_order_tag":"","cost":799.160630625},{"amount":0.0075,"safe_price":104903.9775,"ft_order_side":"sell","order_filled_timestamp":1762783200000,"ft_is_entry":false,"ft_order_tag":"stop_loss","cost":787.1732211656249}],"funding_fees":0.0,"weekday":0},{"pair":"SOL/USDT:USDT","stake_amount":399.4551,"max_stake_amount":399.4551,"amount":4.71,"open_date":"2025-11-10 14:00:00+00:00","close_date":"2025-11-10 14:00:00+00:00","open_rate":169.62,"close_rate":167.0757,"fee_open":0.0005,"fee_close":0.0005,"trade_duration":0,"profit_ratio":-0.031969015483496316,"profit_abs":-12.77657137,"exit_reason":"stop_loss","initial_stop_loss_abs":167.0757,"initial_stop_loss_ratio":-0.03,"stop_loss_abs":167.0757,"stop_loss_ratio":-0.03,"min_rate":165.2,"max_rate":169.65,"is_open":false,"enter_tag":"","leverage":2,"is_short":false,"open_timestamp":1762783200000,"close_timestamp":1762783200000,"orders":[{"amount":4.71,"safe_price":169.62,"ft_order_side":"buy","order_filled_timestamp":1762783200000,"ft_is_entry":true,"ft_order_tag":"","cost":799.3096551},{"amount":4.71,"safe_price":167.0757,"ft_order_side":"sell","order_filled_timestamp":1762783200000,"ft_is_entry":false,"ft_order_tag":"stop_loss","cost":787.3200102735}],"funding_fees":0.0,"weekday":0},{"pair":"BTC/USDT:USDT","stake_amount":399.13262,"max_stake_amount":399.13262,"amount":0.0076,"open_date":"2025-11-10 16:00:00+00:00","close_date":"2025-11-11 01:00:00+00:00","open_rate":105034.9,"close_rate":106424.802,"fee_open":0.0005,"fee_close":0.0005,"trade_duration":540,"profit_ratio":0.02444007436561494,"profit_abs":9.75970833,"exit_reason":"trailing_stop_loss","initial_stop_loss_abs":103459.3765,"initial_stop_loss_ratio":-0.03,"stop_loss_abs":106424.802,"stop_loss_ratio":-0.02,"min_rate":104747.5,"max_rate":107499.8,"is_open":false,"enter_tag":"","leverage":2,"is_short":false,"open_timestamp":1762790400000,"close_timestamp":1762822800000,"orders":[{"amount":0.0076,"safe_price":105034.9,"ft_order_side":"buy","order_filled_timestamp":1762790400000,"ft_is_entry":true,"ft_order_tag":"","cost":798.6643726199999},{"amount":0.0076,"safe_price":106424.802,"ft_order_side":"sell","order_filled_timestamp":1762822800000,"ft_is_entry":false,"ft_order_tag":"trailing_stop_loss","cost":809.2329094475999}],"funding_fees":0.0,"weekday":1},{"pair":"BTC/USDT:USDT","stake_amount":397.704375,"max_stake_amount":397.704375,"amount":0.0075,"open_date":"2025-11-11 02:00:00+00:00","close_date":"2025-11-11 12:00:00+00:00","open_rate":106054.5,"close_rate":104463.6825,"fee_open":0.0005,"fee_close":0.0005,"trade_duration":600,"profit_ratio":-0.03196901548125873,"profit_abs":-12.72057443,"exit_reason":"stop_loss","initial_stop_loss_abs":104463.6825,"initial_stop_loss_ratio":-0.03,"stop_loss_abs":104463.6825,"stop_loss_ratio":-0.03,"min_rate":104343.4,"max_rate":107098.7,"is_open":false,"enter_tag":"","leverage":2,"is_short":false,"open_timestamp":1762826400000,"close_timestamp":1762862400000,"orders":[{"amount":0.0075,"safe_price":106054.5,"ft_order_side":"buy","order_filled_timestamp":1762826400000,"ft_is_entry":true,"ft_order_tag":"","cost":795.8064543749999},{"amount":0.0075,"safe_price":104463.6825,"ft_order_side":"sell","order_filled_timestamp":1762862400000,"ft_is_entry":false,"ft_order_tag":"stop_loss","cost":783.8693575593749}],"funding_fees":0.0,"weekday":1},{"pair":"ETH/USDT:USDT","stake_amount":398.582395,"max_stake_amount":398.582395,"amount":0.223,"open_date":"2025-11-12 14:00:00+00:00","close_date":"2025-11-12 14:00:00+00:00","open_rate":3574.73,"close_rate":3521.10905,"fee_open":0.0005,"fee_close":0.0005,"trade_duration":0,"profit_ratio":-0.03196901548203525,"profit_abs":-12.7486579,"exit_reason":"stop_loss","initial_stop_loss_abs":3521.10905,"initial_stop_loss_ratio":-0.03,"stop_loss_abs":3521.10905,"stop_loss_ratio":-0.03,"min_rate":3478.3,"max_rate":3579.89,"is_open":false,"enter_tag":"","leverage":2,"is_short":false,"open_timestamp":1762956000000,"close_timestamp":1762956000000,"orders":[{"amount":0.223,"safe_price":3574.73,"ft_order_side":"buy","order_filled_timestamp":1762956000000,"ft_is_entry":true,"ft_order_tag":"","cost":797.563372395},{"amount":0.223,"safe_price":3521.10905,"ft_order_side":"sell","order_filled_timestamp":1762956000000,"ft_is_entry":false,"ft_order_tag":"stop_loss","cost":785.599921809075}],"funding_fees":0.0,"weekday":2},{"pair":"BTC/USDT:USDT","stake_amount":398.80772,"max_stake_amount":398.80772,"amount":0.0076,"open_date":"2025-11-12 13:00:00+00:00","close_date":"2025-11-12 15:00:00+00:00","open_rate":104949.4,"close_rate":103375.159,"fee_open":0.0005,"fee_close":0.0005,"trade_duration":120,"profit_ratio":-0.03196901548172775,"profit_abs":-12.75586492,"exit_reason":"stop_loss","initial_stop_loss_abs":103375.159,"initial_stop_loss_ratio":-0.03,"stop_loss_abs":103375.159,"stop_loss_ratio":-0.03,"min_rate":101902.5,"max_rate":105146.9,"is_open":false,"enter_tag":"","leverage":2,"is_short":false,"open_timestamp":1762952400000,"close_timestamp":1762959600000,"orders":[{"amount":0.0076,"safe_price":104949.4,"ft_order_side":"buy","order_filled_timestamp":1762952400000,"ft_is_entry":true,"ft_order_tag":"","cost":798.0142477199998},{"amount":0.0076,"safe_price":103375.159,"ft_order_side":"sell","order_filled_timestamp":1762959600000,"ft_is_entry":false,"ft_order_tag":"stop_loss","cost":786.0440340042}],"funding_fees":0.0,"weekday":2},{"pair":"ETH/USDT:USDT","stake_amount":399.235315,"max_stake_amount":399.235315,"amount":0.263,"open_date":"2025-11-27 03:00:00+00:00","close_date":"2025-11-27 12:00:00+00:00","open_rate":3036.01,"close_rate":2990.46985,"fee_open":0.0005,"fee_close":0.0005,"trade_duration":540,"profit_ratio":-0.0319690154915654,"profit_abs":-12.76954155,"exit_reason":"stop_loss","initial_stop_loss_abs":2990.46985,"initial_stop_loss_ratio":-0.03,"stop_loss_abs":2990.46985,"stop_loss_ratio":-0.03,"min_rate":2986.73,"max_rate":3053.0,"is_open":false,"enter_tag":"","leverage":2,"is_short":false,"open_timestamp":1764212400000,"close_timestamp":1764244800000,"orders":[{"amount":0.263,"safe_price":3036.01,"ft_order_side":"buy","order_filled_timestamp":1764212400000,"ft_is_entry":true,"ft_order_tag":"","cost":798.8698653150001},{"amount":0.263,"safe_price":2990.46985,"ft_order_side":"sell","order_filled_timestamp":1764244800000,"ft_is_entry":false,"ft_order_tag":"stop_loss","cost":786.886817335275}],"funding_fees":0.0,"weekday":3},{"pair":"BTC/USDT:USDT","stake_amount":399.586,"max_stake_amount":399.586,"amount":0.0088,"open_date":"2025-11-27 14:00:00+00:00","close_date":"2025-11-28 13:00:00+00:00","open_rate":90815.0,"close_rate":91706.175,"fee_open":0.0005,"fee_close":0.0005,"trade_duration":1380,"profit_ratio":0.017607546224135084,"profit_abs":7.03924683,"exit_reason":"trailing_stop_loss","initial_stop_loss_abs":89452.775,"initial_stop_loss_ratio":-0.03,"stop_loss_abs":91706.175,"stop_loss_ratio":-0.02,"min_rate":90534.7,"max_rate":92632.5,"is_open":false,"enter_tag":"","leverage":2,"is_short":false,"open_timestamp":1764252000000,"close_timestamp":1764334800000,"orders":[{"amount":0.0088,"safe_price":90815.0,"ft_order_side":"buy","order_filled_timestamp":1764252000000,"ft_is_entry":true,"ft_order_tag":"","cost":799.571586},{"amount":0.0088,"safe_price":91706.175,"ft_order_side":"sell","order_filled_timestamp":1764334800000,"ft_is_entry":false,"ft_order_tag":"trailing_stop_loss","cost":807.4178471700001}],"funding_fees":0.0,"weekday":4},{"pair":"SOL/USDT:USDT","stake_amount":399.58155,"max_stake_amount":399.58155,"amount":5.73,"open_date":"2025-11-30 17:00:00+00:00","close_date":"2025-11-30 19:00:00+00:00","open_rate":139.47,"close_rate":137.37795,"fee_open":0.0005,"fee_close":0.0005,"trade_duration":120,"profit_ratio":-0.031969015500383315,"profit_abs":-12.78061588,"exit_reason":"stop_loss","initial_stop_loss_abs":137.37795,"initial_stop_loss_ratio":-0.03,"stop_loss_abs":137.37795,"stop_loss_ratio":-0.03,"min_rate":137.32,"max_rate":139.48,"is_open":false,"enter_tag":"","leverage":2,"is_short":false,"open_timestamp":1764522000000,"close_timestamp":1764529200000,"orders":[{"amount":5.73,"safe_price":139.47,"ft_order_side":"buy","order_filled_timestamp":1764522000000,"ft_is_entry":true,"ft_order_tag":"","cost":799.5626815500001},{"amount":5.73,"safe_price":137.37795,"ft_order_side":"sell","order_filled_timestamp":1764529200000,"ft_is_entry":false,"ft_order_tag":"stop_loss","cost":787.56924132675}],"funding_fees":0.0,"weekday":6},{"pair":"ETH/USDT:USDT","stake_amount":399.1659,"max_stake_amount":399.1659,"amount":0.268,"open_date":"2025-12-02 21:00:00+00:00","close_date":"2025-12-03 02:00:00+00:00","open_rate":2978.85,"close_rate":3018.3912,"fee_open":0.0005,"fee_close":0.0005,"trade_duration":300,"profit_ratio":0.024522427946598785,"profit_abs":9.79341128,"exit_reason":"trailing_stop_loss","initial_stop_loss_abs":2934.16725,"initial_stop_loss_ratio":-0.03,"stop_loss_abs":3018.3912,"stop_loss_ratio":-0.02,"min_rate":2976.3,"max_rate":3048.88,"is_open":false,"enter_tag":"","leverage":2,"is_short":false,"open_timestamp":1764709200000,"close_timestamp":1764727200000,"orders":[{"amount":0.268,"safe_price":2978.85,"ft_order_side":"buy","order_filled_timestamp":1764709200000,"ft_is_entry":true,"ft_order_tag":"","cost":798.7309659},{"amount":0.268,"safe_price":3018.3912,"ft_order_side":"sell","order_filled_timestamp":1764727200000,"ft_is_entry":false,"ft_order_tag":"trailing_stop_loss","cost":809.3333060208}],"funding_fees":0.0,"weekday":2},{"pair":"ETH/USDT:USDT","stake_amount":399.7643,"max_stake_amount":399.7643,"amount":0.26,"open_date":"2025-12-03 15:00:00+00:00","close_date":"2025-12-03 17:00:00+00:00","open_rate":3075.11,"close_rate":3101.3433,"fee_open":0.0005,"fee_close":0.0005,"trade_duration":120,"profit_ratio":0.015045644931633287,"profit_abs":6.01771907,"exit_reason":"trailing_stop_loss","initial_stop_loss_abs":3028.98335,"initial_stop_loss_ratio":-0.03,"stop_loss_abs":3101.3433,"stop_loss_ratio":-0.02,"min_rate":3054.0,"max_rate":3132.67,"is_open":false,"enter_tag":"","leverage":2,"is_short":false,"open_timestamp":1764774000000,"close_timestamp":1764781200000,"orders":[{"amount":0.26,"safe_price":3075.11,"ft_order_side":"buy","order_filled_timestamp":1764774000000,"ft_is_entry":true,"ft_order_tag":"","cost":799.9283643},{"amount":0.26,"safe_price":3101.3433,"ft_order_side":"sell","order_filled_timestamp":1764781200000,"ft_is_entry":false,"ft_order_tag":"trailing_stop_loss","cost":806.752432629}],"funding_fees":0.0,"weekday":2},{"pair":"ETH/USDT:USDT","stake_amount":399.3255,"max_stake_amount":399.3255,"amount":0.252,"open_date":"2025-12-04 14:00:00+00:00","close_date":"2025-12-04 15:00:00+00:00","open_rate":3169.25,"close_rate":3191.1462,"fee_open":0.0005,"fee_close":0.0005,"trade_duration":60,"profit_ratio":0.011805094947051618,"profit_abs":4.71643248,"exit_reason":"trailing_stop_loss","initial_stop_loss_abs":3121.71125,"initial_stop_loss_ratio":-0.03,"stop_loss_abs":3191.1462,"stop_loss_ratio":-0.02,"min_rate":3137.53,"max_rate":3223.38,"is_open":false,"enter_tag":"","leverage":2,"is_short":false,"open_timestamp":1764856800000,"close_timestamp":1764860400000,"orders":[{"amount":0.252,"safe_price":3169.25,"ft_order_side":"buy","order_filled_timestamp":1764856800000,"ft_is_entry":true,"ft_order_tag":"","cost":799.0503254999999},{"amount":0.252,"safe_price":3191.1462,"ft_order_side":"sell","order_filled_timestamp":1764860400000,"ft_is_entry":false,"ft_order_tag":"trailing_stop_loss","cost":804.5709268211999}],"funding_fees":0.0,"weekday":3},{"pair":"ETH/USDT:USDT","stake_amount":399.16194,"max_stake_amount":399.16194,"amount":0.249,"open_date":"2025-12-04 16:00:00+00:00","close_date":"2025-12-04 17:00:00+00:00","open_rate":3206.12,"close_rate":3158.0281999999997,"fee_open":0.0005,"fee_close":0.0005,"trade_duration":60,"profit_ratio":-0.03196901549000027,"profit_abs":-12.76719465,"exit_reason":"stop_loss","initial_stop_loss_abs":3158.0281999999997,"initial_stop_loss_ratio":-0.03,"stop_loss_abs":3158.0281999999997,"stop_loss_ratio":-0.03,"min_rate":3133.39,"max_rate":3224.0,"is_open":false,"enter_tag":"","leverage":2,"is_short":false,"open_timestamp":1764864000000,"close_timestamp":1764867600000,"orders":[{"amount":0.249,"safe_price":3206.12,"ft_order_side":"buy","order_filled_timestamp":1764864000000,"ft_is_entry":true,"ft_order_tag":"","cost":798.7230419399999},{"amount":0.249,"safe_price":3158.0281999999997,"ft_order_side":"sell","order_filled_timestamp":1764867600000,"ft_is_entry":false,"ft_order_tag":"stop_loss","cost":786.7421963108999}],"funding_fees":0.0,"weekday":3},{"pair":"ETH/USDT:USDT","stake_amount":399.640065,"max_stake_amount":399.640065,"amount":0.253,"open_date":"2025-12-04 18:00:00+00:00","close_date":"2025-12-04 19:00:00+00:00","open_rate":3159.21,"close_rate":3111.82185,"fee_open":0.0005,"fee_close":0.0005,"trade_duration":60,"profit_ratio":-0.03196901549469235,"profit_abs":-12.78248748,"exit_reason":"stop_loss","initial_stop_loss_abs":3111.82185,"initial_stop_loss_ratio":-0.03,"stop_loss_abs":3111.82185,"stop_loss_ratio":-0.03,"min_rate":3065.0,"max_rate":3164.97,"is_open":false,"enter_tag":"","leverage":2,"is_short":false,"open_timestamp":1764871200000,"close_timestamp":1764874800000,"orders":[{"amount":0.253,"safe_price":3159.21,"ft_order_side":"buy","order_filled_timestamp":1764871200000,"ft_is_entry":true,"ft_order_tag":"","cost":799.679770065},{"amount":0.253,"safe_price":3111.82185,"ft_order_side":"sell","order_filled_timestamp":1764874800000,"ft_is_entry":false,"ft_order_tag":"stop_loss","cost":787.6845735140249}],"funding_fees":0.0,"weekday":3},{"pair":"DOGE/USDT:USDT","stake_amount":399.6952,"max_stake_amount":399.6952,"amount":5360.0,"open_date":"2025-12-09 21:00:00+00:00","close_date":"2025-12-09 21:00:00+00:00","open_rate":0.14914,"close_rate":0.14691,"fee_open":0.0005,"fee_close":0.0005,"trade_duration":0,"profit_ratio":-0.03187389810525876,"profit_abs":-12.746214,"exit_reason":"stop_loss","initial_stop_loss_abs":0.14691,"initial_stop_loss_ratio":-0.03,"stop_loss_abs":0.14691,"stop_loss_ratio":-0.03,"min_rate":0.14673,"max_rate":0.14986,"is_open":false,"enter_tag":"","leverage":2,"is_short":false,"open_timestamp":1765314000000,"close_timestamp":1765314000000,"orders":[{"amount":5360.0,"safe_price":0.14914,"ft_order_side":"buy","order_filled_timestamp":1765314000000,"ft_is_entry":true,"ft_order_tag":"","cost":799.7900952},{"amount":5360.0,"safe_price":0.14691,"ft_order_side":"sell","order_filled_timestamp":1765314000000,"ft_is_entry":false,"ft_order_tag":"stop_loss","cost":787.8313188000001}],"funding_fees":0.0,"weekday":1},{"pair":"SOL/USDT:USDT","stake_amount":399.388,"max_stake_amount":399.388,"amount":5.8,"open_date":"2025-12-09 22:00:00+00:00","close_date":"2025-12-10 04:00:00+00:00","open_rate":137.72,"close_rate":138.7881,"fee_open":0.0005,"fee_close":0.0005,"trade_duration":360,"profit_ratio":0.013496678178482643,"profit_abs":5.39310651,"exit_reason":"trailing_stop_loss","initial_stop_loss_abs":135.6542,"initial_stop_loss_ratio":-0.03,"stop_loss_abs":138.7881,"stop_loss_ratio":-0.02,"min_rate":137.09,"max_rate":140.19,"is_open":false,"enter_tag":"","leverage":2,"is_short":false,"open_timestamp":1765317600000,"close_timestamp":1765339200000,"orders":[{"amount":5.8,"safe_price":137.72,"ft_order_side":"buy","order_filled_timestamp":1765317600000,"ft_is_entry":true,"ft_order_tag":"","cost":799.1753879999999},{"amount":5.8,"safe_price":138.7881,"ft_order_side":"sell","order_filled_timestamp":1765339200000,"ft_is_entry":false,"ft_order_tag":"trailing_stop_loss","cost":805.37346549}],"funding_fees":0.0,"weekday":2},{"pair":"BTC/USDT:USDT","stake_amount":395.523275,"max_stake_amount":395.523275,"amount":0.0085,"open_date":"2025-12-09 21:00:00+00:00","close_date":"2025-12-10 14:00:00+00:00","open_rate":93064.3,"close_rate":91668.3355,"fee_open":0.0005,"fee_close":0.0005,"trade_duration":1020,"profit_ratio":-0.03196901549004272,"profit_abs":-12.65081195,"exit_reason":"stop_loss","initial_stop_loss_abs":91668.3355,"initial_stop_loss_ratio":-0.03,"stop_loss_abs":91668.3355,"stop_loss_ratio":-0.03,"min_rate":91553.6,"max_rate":93236.7,"is_open":false,"enter_tag":"","leverage":2,"is_short":false,"open_timestamp":1765314000000,"close_timestamp":1765375200000,"orders":[{"amount":0.0085,"safe_price":93064.3,"ft_order_side":"buy","order_filled_timestamp":1765314000000,"ft_is_entry":true,"ft_order_tag":"","cost":791.442073275},{"amount":0.0085,"safe_price":91668.3355,"ft_order_side":"sell","order_filled_timestamp":1765375200000,"ft_is_entry":false,"ft_order_tag":"stop_loss","cost":779.5704421758751}],"funding_fees":0.0,"weekday":2},{"pair":"ETH/USDT:USDT","stake_amount":398.988755,"max_stake_amount":398.988755,"amount":0.241,"open_date":"2025-12-10 11:00:00+00:00","close_date":"2025-12-10 16:00:00+00:00","open_rate":3311.11,"close_rate":3335.31,"fee_open":0.0005,"fee_close":0.0005,"trade_duration":300,"profit_ratio":0.012603843920370636,"profit_abs":5.03130639,"exit_reason":"trailing_stop_loss","initial_stop_loss_abs":3261.44335,"initial_stop_loss_ratio":-0.03,"stop_loss_abs":3335.31,"stop_loss_ratio":-0.02,"min_rate":3296.0,"max_rate":3369.0,"is_open":false,"enter_tag":"","leverage":2,"is_short":false,"open_timestamp":1765364400000,"close_timestamp":1765382400000,"orders":[{"amount":0.241,"safe_price":3311.11,"ft_order_side":"buy","order_filled_timestamp":1765364400000,"ft_is_entry":true,"ft_order_tag":"","cost":798.3764987550001},{"amount":0.241,"safe_price":3335.31,"ft_order_side":"sell","order_filled_timestamp":1765382400000,"ft_is_entry":false,"ft_order_tag":"trailing_stop_loss","cost":804.211614855}],"funding_fees":0.0,"weekday":2},{"pair":"ETH/USDT:USDT","stake_amount":398.60716,"max_stake_amount":398.60716,"amount":0.238,"open_date":"2025-12-10 17:00:00+00:00","close_date":"2025-12-10 18:00:00+00:00","open_rate":3349.64,"close_rate":3393.9774,"fee_open":0.0005,"fee_close":0.0005,"trade_duration":60,"profit_ratio":0.02444747420209302,"profit_abs":9.74981073,"exit_reason":"trailing_stop_loss","initial_stop_loss_abs":3299.3954,"initial_stop_loss_ratio":-0.03,"stop_loss_abs":3393.9774,"stop_loss_ratio":-0.02,"min_rate":3344.63,"max_rate":3428.26,"is_open":false,"enter_tag":"","leverage":2,"is_short":false,"open_timestamp":1765386000000,"close_timestamp":1765389600000,"orders":[{"amount":0.238,"safe_price":3349.64,"ft_order_side":"buy","order_filled_timestamp":1765386000000,"ft_is_entry":true,"ft_order_tag":"","cost":797.6129271599999},{"amount":0.238,"safe_price":3393.9774,"ft_order_side":"sell","order_filled_timestamp":1765389600000,"ft_is_entry":false,"ft_order_tag":"trailing_stop_loss","cost":808.1705045106}],"funding_fees":0.0,"weekday":2},{"pair":"ETH/USDT:USDT","stake_amount":398.7987,"max_stake_amount":398.7987,"amount":0.236,"open_date":"2025-12-10 19:00:00+00:00","close_date":"2025-12-10 20:00:00+00:00","open_rate":3379.65,"close_rate":3400.3727999999996,"fee_open":0.0005,"fee_close":0.0005,"trade_duration":60,"profit_ratio":0.01025202404889601,"profit_abs":4.09053811,"exit_reason":"trailing_stop_loss","initial_stop_loss_abs":3328.95525,"initial_stop_loss_ratio":-0.03,"stop_loss_abs":3400.3727999999996,"stop_loss_ratio":-0.02,"min_rate":3343.0,"max_rate":3446.0,"is_open":false,"enter_tag":"","leverage":2,"is_short":false,"open_timestamp":1765393200000,"close_timestamp":1765396800000,"orders":[{"amount":0.236,"safe_price":3379.65,"ft_order_side":"buy","order_filled_timestamp":1765393200000,"ft_is_entry":true,"ft_order_tag":"","cost":797.9961986999999},{"amount":0.236,"safe_price":3400.3727999999996,"ft_order_side":"sell","order_filled_timestamp":1765396800000,"ft_is_entry":false,"ft_order_tag":"trailing_stop_loss","cost":802.8892247903998}],"funding_fees":0.0,"weekday":2},{"pair":"ETH/USDT:USDT","stake_amount":399.14504,"max_stake_amount":399.14504,"amount":0.238,"open_date":"2025-12-10 21:00:00+00:00","close_date":"2025-12-11 00:00:00+00:00","open_rate":3354.16,"close_rate":3303.8475999999996,"fee_open":0.0005,"fee_close":0.0005,"trade_duration":180,"profit_ratio":-0.03196901548123582,"profit_abs":-12.7666541,"exit_reason":"stop_loss","initial_stop_loss_abs":3303.8475999999996,"initial_stop_loss_ratio":-0.03,"stop_loss_abs":3303.8475999999996,"stop_loss_ratio":-0.03,"min_rate":3256.71,"max_rate":3367.94,"is_open":false,"enter_tag":"","leverage":2,"is_short":false,"open_timestamp":1765400400000,"close_timestamp":1765411200000,"orders":[{"amount":0.238,"safe_price":3354.16,"ft_order_side":"buy","order_filled_timestamp":1765400400000,"ft_is_entry":true,"ft_order_tag":"","cost":798.6892250399999},{"amount":0.238,"safe_price":3303.8475999999996,"ft_order_side":"sell","order_filled_timestamp":1765411200000,"ft_is_entry":false,"ft_order_tag":"stop_loss","cost":786.7088866643999}],"funding_fees":0.0,"weekday":3},{"pair":"SOL/USDT:USDT","stake_amount":399.789,"max_stake_amount":399.789,"amount":5.85,"open_date":"2025-12-12 02:00:00+00:00","close_date":"2025-12-12 05:00:00+00:00","open_rate":136.68,"close_rate":137.54070000000002,"fee_open":0.0005,"fee_close":0.0005,"trade_duration":180,"profit_ratio":0.01058279244300369,"profit_abs":4.23299945,"exit_reason":"trailing_stop_loss","initial_stop_loss_abs":134.62980000000002,"initial_stop_loss_ratio":-0.03,"stop_loss_abs":137.54070000000002,"stop_loss_ratio":-0.02,"min_rate":136.45,"max_rate":138.93,"is_open":false,"enter_tag":"","leverage":2,"is_short":false,"open_timestamp":1765504800000,"close_timestamp":1765515600000,"orders":[{"amount":5.85,"safe_price":136.68,"ft_order_side":"buy","order_filled_timestamp":1765504800000,"ft_is_entry":true,"ft_order_tag":"","cost":799.9777889999999},{"amount":5.85,"safe_price":137.54070000000002,"ft_order_side":"sell","order_filled_timestamp":1765515600000,"ft_is_entry":false,"ft_order_tag":"trailing_stop_loss","cost":805.0154015475}],"funding_fees":0.0,"weekday":4},{"pair":"SOL/USDT:USDT","stake_amount":399.88375,"max_stake_amount":399.88375,"amount":5.75,"open_date":"2025-12-12 07:00:00+00:00","close_date":"2025-12-12 15:00:00+00:00","open_rate":139.09,"close_rate":137.00365,"fee_open":0.0005,"fee_close":0.0005,"trade_duration":480,"profit_ratio":-0.03196901548288083,"profit_abs":-12.79028174,"exit_reason":"stop_loss","initial_stop_loss_abs":137.00365,"initial_stop_loss_ratio":-0.03,"stop_loss_abs":137.00365,"stop_loss_ratio":-0.03,"min_rate":132.71,"max_rate":139.82,"is_open":false,"enter_tag":"","leverage":2,"is_short":false,"open_timestamp":1765522800000,"close_timestamp":1765551600000,"orders":[{"amount":5.75,"safe_price":139.09,"ft_order_side":"buy","order_filled_timestamp":1765522800000,"ft_is_entry":true,"ft_order_tag":"","cost":800.16738375},{"amount":5.75,"safe_price":137.00365,"ft_order_side":"sell","order_filled_timestamp":1765551600000,"ft_is_entry":false,"ft_order_tag":"stop_loss","cost":788.1648729937499}],"funding_fees":0.0,"weekday":4},{"pair":"BTC/USDT:USDT","stake_amount":397.00755,"max_stake_amount":397.00755,"amount":0.009,"open_date":"2025-12-20 14:00:00+00:00","close_date":"2025-12-22 14:00:00+00:00","open_rate":88223.9,"close_rate":89668.26,"fee_open":0.0005,"fee_close":0.0005,"trade_duration":2880,"profit_ratio":0.030711327695196834,"profit_abs":12.19872528,"exit_reason":"trailing_stop_loss","initial_stop_loss_abs":86900.54149999999,"initial_stop_loss_ratio":-0.03,"stop_loss_abs":89668.26,"stop_loss_ratio":-0.02,"min_rate":87553.0,"max_rate":90574.0,"is_open":false,"enter_tag":"","leverage":2,"is_short":false,"open_timestamp":1766239200000,"close_timestamp":1766412000000,"orders":[{"amount":0.009,"safe_price":88223.9,"ft_order_side":"buy","order_filled_timestamp":1766239200000,"ft_is_entry":true,"ft_order_tag":"","cost":794.4121075499999},{"amount":0.009,"safe_price":89668.26,"ft_order_side":"sell","order_filled_timestamp":1766412000000,"ft_is_entry":false,"ft_order_tag":"trailing_stop_loss","cost":807.41784717}],"funding_fees":0.0,"weekday":0},{"pair":"BTC/USDT:USDT","stake_amount":399.06621,"max_stake_amount":399.06621,"amount":0.0089,"open_date":"2025-12-22 16:00:00+00:00","close_date":"2025-12-22 19:00:00+00:00","open_rate":89677.8,"close_rate":88332.633,"fee_open":0.0005,"fee_close":0.0005,"trade_duration":180,"profit_ratio":-0.031969015500143354,"profit_abs":-12.76413273,"exit_reason":"stop_loss","initial_stop_loss_abs":88332.633,"initial_stop_loss_ratio":-0.03,"stop_loss_abs":88332.633,"stop_loss_ratio":-0.03,"min_rate":87919.4,"max_rate":90084.8,"is_open":false,"enter_tag":"","leverage":2,"is_short":false,"open_timestamp":1766419200000,"close_timestamp":1766430000000,"orders":[{"amount":0.0089,"safe_price":89677.8,"ft_order_side":"buy","order_filled_timestamp":1766419200000,"ft_is_entry":true,"ft_order_tag":"","cost":798.53148621},{"amount":0.0089,"safe_price":88332.633,"ft_order_side":"sell","order_filled_timestamp":1766430000000,"ft_is_entry":false,"ft_order_tag":"stop_loss","cost":786.55351391685}],"funding_fees":0.0,"weekday":0},{"pair":"ETH/USDT:USDT","stake_amount":399.95125,"max_stake_amount":399.95125,"amount":0.265,"open_date":"2025-12-29 08:00:00+00:00","close_date":"2025-12-29 09:00:00+00:00","open_rate":3018.5,"close_rate":2973.2225,"fee_open":0.0005,"fee_close":0.0005,"trade_duration":60,"profit_ratio":-0.032008548418150304,"profit_abs":-12.80825988,"exit_reason":"stop_loss","initial_stop_loss_abs":2973.2225,"initial_stop_loss_ratio":-0.03,"stop_loss_abs":2973.2225,"stop_loss_ratio":-0.03,"min_rate":2955.52,"max_rate":3025.79,"is_open":false,"enter_tag":"","leverage":2,"is_short":false,"open_timestamp":1766995200000,"close_timestamp":1766998800000,"orders":[{"amount":0.265,"safe_price":3018.5,"ft_order_side":"buy","order_filled_timestamp":1766995200000,"ft_is_entry":true,"ft_order_tag":"","cost":800.30245125},{"amount":0.265,"safe_price":2973.2225,"ft_order_side":"sell","order_filled_timestamp":1766998800000,"ft_is_entry":false,"ft_order_tag":"stop_loss","cost":788.29791448125}],"funding_fees":-0.015819145927711487,"weekday":0},{"pair":"SOL/USDT:USDT","stake_amount":399.5151,"max_stake_amount":399.5151,"amount":6.34,"open_date":"2025-12-29 10:00:00+00:00","close_date":"2025-12-29 12:00:00+00:00","open_rate":126.03,"close_rate":124.13955,"fee_open":0.0005,"fee_close":0.0005,"trade_duration":120,"profit_ratio":-0.031969015483497634,"profit_abs":-12.77849047,"exit_reason":"stop_loss","initial_stop_loss_abs":124.13955,"initial_stop_loss_ratio":-0.03,"stop_loss_abs":124.13955,"stop_loss_ratio":-0.03,"min_rate":122.82,"max_rate":126.34,"is_open":false,"enter_tag":"","leverage":2,"is_short":false,"open_timestamp":1767002400000,"close_timestamp":1767009600000,"orders":[{"amount":6.34,"safe_price":126.03,"ft_order_side":"buy","order_filled_timestamp":1767002400000,"ft_is_entry":true,"ft_order_tag":"","cost":799.4297151},{"amount":6.34,"safe_price":124.13955,"ft_order_side":"sell","order_filled_timestamp":1767009600000,"ft_is_entry":false,"ft_order_tag":"stop_loss","cost":787.4382693735}],"funding_fees":0.0,"weekday":0},{"pair":"BTC/USDT:USDT","stake_amount":395.91205,"max_stake_amount":395.91205,"amount":0.0089,"open_date":"2025-12-31 12:00:00+00:00","close_date":"2025-12-31 16:00:00+00:00","open_rate":88969.0,"close_rate":87634.465,"fee_open":0.0005,"fee_close":0.0005,"trade_duration":240,"profit_ratio":-0.03204877303503103,"profit_abs":-12.69483968,"exit_reason":"stop_loss","initial_stop_loss_abs":87634.465,"initial_stop_loss_ratio":-0.03,"stop_loss_abs":87634.465,"stop_loss_ratio":-0.03,"min_rate":87333.1,"max_rate":89187.9,"is_open":false,"enter_tag":"","leverage":2,"is_short":false,"open_timestamp":1767182400000,"close_timestamp":1767196800000,"orders":[{"amount":0.0089,"safe_price":88969.0,"ft_order_side":"buy","order_filled_timestamp":1767182400000,"ft_is_entry":true,"ft_order_tag":"","cost":792.22001205},{"amount":0.0089,"safe_price":87634.465,"ft_order_side":"sell","order_filled_timestamp":1767196800000,"ft_is_entry":false,"ft_order_tag":"stop_loss","cost":780.3367118692498}],"funding_fees":-0.03159275834856948,"weekday":2},{"pair":"SOL/USDT:USDT","stake_amount":399.64385,"max_stake_amount":399.64385,"amount":6.31,"open_date":"2025-12-31 12:00:00+00:00","close_date":"2025-12-31 16:00:00+00:00","open_rate":126.67,"close_rate":124.76995,"fee_open":0.0005,"fee_close":0.0005,"trade_duration":240,"profit_ratio":-0.032167132264663015,"profit_abs":-12.86182428,"exit_reason":"stop_loss","initial_stop_loss_abs":124.76995,"initial_stop_loss_ratio":-0.03,"stop_loss_abs":124.76995,"stop_loss_ratio":-0.03,"min_rate":124.24,"max_rate":127.44,"is_open":false,"enter_tag":"","leverage":2,"is_short":false,"open_timestamp":1767182400000,"close_timestamp":1767196800000,"orders":[{"amount":6.31,"safe_price":126.67,"ft_order_side":"buy","order_filled_timestamp":1767182400000,"ft_is_entry":true,"ft_order_tag":"","cost":799.6873438499999},{"amount":6.31,"safe_price":124.76995,"ft_order_side":"sell","order_filled_timestamp":1767196800000,"ft_is_entry":false,"ft_order_tag":"stop_loss","cost":787.6920336922499}],"funding_fees":-0.07921574,"weekday":2},{"pair":"SOL/USDT:USDT","stake_amount":399.392,"max_stake_amount":399.392,"amount":6.4,"open_date":"2025-12-31 17:00:00+00:00","close_date":"2026-01-01 23:00:00+00:00","open_rate":124.81,"close_rate":125.928,"fee_open":0.0005,"fee_close":0.0005,"trade_duration":1800,"profit_ratio":0.015572704994350033,"profit_abs":6.2227236,"exit_reason":"trailing_stop_loss","initial_stop_loss_abs":122.93785,"initial_stop_loss_ratio":-0.03,"stop_loss_abs":125.928,"stop_loss_ratio":-0.02,"min_rate":123.4,"max_rate":127.2,"is_open":false,"enter_tag":"","leverage":2,"is_short":false,"open_timestamp":1767200400000,"close_timestamp":1767308400000,"orders":[{"amount":6.4,"safe_price":124.81,"ft_order_side":"buy","order_filled_timestamp":1767200400000,"ft_is_entry":true,"ft_order_tag":"","cost":799.183392},{"amount":6.4,"safe_price":125.928,"ft_order_side":"sell","order_filled_timestamp":1767308400000,"ft_is_entry":false,"ft_order_tag":"trailing_stop_loss","cost":806.3421696}],"funding_fees":-0.13011480437566345,"weekday":3},{"pair":"ETH/USDT:USDT","stake_amount":399.33117,"max_stake_amount":399.33117,"amount":0.266,"open_date":"2026-01-02 00:00:00+00:00","close_date":"2026-01-02 14:00:00+00:00","open_rate":3002.49,"close_rate":3095.613751875938,"fee_open":0.0005,"fee_close":0.0005,"trade_duration":840,"profit_ratio":0.05993693496757739,"profit_abs":23.94665371,"exit_reason":"roi","initial_stop_loss_abs":2957.4526499999997,"initial_stop_loss_ratio":-0.03,"stop_loss_abs":3037.1319,"stop_loss_ratio":-0.02,"min_rate":2990.52,"max_rate":3109.99,"is_open":false,"enter_tag":"","leverage":2,"is_short":false,"open_timestamp":1767312000000,"close_timestamp":1767362400000,"orders":[{"amount":0.266,"safe_price":3002.49,"ft_order_side":"buy","order_filled_timestamp":1767312000000,"ft_is_entry":true,"ft_order_tag":"","cost":799.06167117},{"amount":0.266,"safe_price":3095.613751875938,"ft_order_side":"sell","order_filled_timestamp":1767362400000,"ft_is_entry":false,"ft_order_tag":"roi","cost":823.8449746279989}],"funding_fees":-0.01321648886226275,"weekday":4},{"pair":"BTC/USDT:USDT","stake_amount":399.59505,"max_stake_amount":399.59505,"amount":0.009,"open_date":"2026-01-02 01:00:00+00:00","close_date":"2026-01-02 16:00:00+00:00","open_rate":88798.9,"close_rate":89869.23,"fee_open":0.0005,"fee_close":0.0005,"trade_duration":900,"profit_ratio":0.021990756470292507,"profit_abs":8.79179113,"exit_reason":"trailing_stop_loss","initial_stop_loss_abs":87466.91649999999,"initial_stop_loss_ratio":-0.03,"stop_loss_abs":89869.23,"stop_loss_ratio":-0.02,"min_rate":88329.1,"max_rate":90777.0,"is_open":false,"enter_tag":"","leverage":2,"is_short":false,"open_timestamp":1767315600000,"close_timestamp":1767369600000,"orders":[{"amount":0.009,"safe_price":88798.9,"ft_order_side":"buy","order_filled_timestamp":1767315600000,"ft_is_entry":true,"ft_order_tag":"","cost":799.5896950499998},{"amount":0.009,"safe_price":89869.23,"ft_order_side":"sell","order_filled_timestamp":1767369600000,"ft_is_entry":false,"ft_order_tag":"trailing_stop_loss","cost":809.2274815349999}],"funding_fees":-0.037172287069716835,"weekday":4},{"pair":"SOL/USDT:USDT","stake_amount":399.39615,"max_stake_amount":399.39615,"amount":6.21,"open_date":"2026-01-02 15:00:00+00:00","close_date":"2026-01-02 16:00:00+00:00","open_rate":128.63,"close_rate":130.4523,"fee_open":0.0005,"fee_close":0.0005,"trade_duration":60,"profit_ratio":0.026296658838226343,"profit_abs":10.50803569,"exit_reason":"trailing_stop_loss","initial_stop_loss_abs":126.70054999999999,"initial_stop_loss_ratio":-0.03,"stop_loss_abs":130.4523,"stop_loss_ratio":-0.02,"min_rate":127.33,"max_rate":131.77,"is_open":false,"enter_tag":"","leverage":2,"is_short":false,"open_timestamp":1767366000000,"close_timestamp":1767369600000,"orders":[{"amount":6.21,"safe_price":128.63,"ft_order_side":"buy","order_filled_timestamp":1767366000000,"ft_is_entry":true,"ft_order_tag":"","cost":799.1916961499999},{"amount":6.21,"safe_price":130.4523,"ft_order_side":"sell","order_filled_timestamp":1767369600000,"ft_is_entry":false,"ft_order_tag":"trailing_stop_loss","cost":810.5138373914999}],"funding_fees":-0.003996765246866303,"weekday":4},{"pair":"DOGE/USDT:USDT","stake_amount":399.50015,"max_stake_amount":399.50015,"amount":5710.0,"open_date":"2026-01-03 08:00:00+00:00","close_date":"2026-01-03 09:00:00+00:00","open_rate":0.13993,"close_rate":0.1417,"fee_open":0.0005,"fee_close":0.0005,"trade_duration":60,"profit_ratio":0.023074162911397873,"profit_abs":9.22274061,"exit_reason":"trailing_stop_loss","initial_stop_loss_abs":0.13784,"initial_stop_loss_ratio":-0.03,"stop_loss_abs":0.1417,"stop_loss_ratio":-0.02,"min_rate":0.1393,"max_rate":0.14313,"is_open":false,"enter_tag":"","leverage":2,"is_short":false,"open_timestamp":1767427200000,"close_timestamp":1767430800000,"orders":[{"amount":5710.0,"safe_price":0.13993,"ft_order_side":"buy","order_filled_timestamp":1767427200000,"ft_is_entry":true,"ft_order_tag":"","cost":799.39980015},{"amount":5710.0,"safe_price":0.1417,"ft_order_side":"sell","order_filled_timestamp":1767430800000,"ft_is_entry":false,"ft_order_tag":"trailing_stop_loss","cost":809.5115534999999}],"funding_fees":-0.07990574000000002,"weekday":5},{"pair":"ETH/USDT:USDT","stake_amount":398.47584,"max_stake_amount":398.47584,"amount":0.258,"open_date":"2026-01-03 08:00:00+00:00","close_date":"2026-01-04 00:00:00+00:00","open_rate":3088.96,"close_rate":3135.3201,"fee_open":0.0005,"fee_close":0.0005,"trade_duration":960,"profit_ratio":0.02815404832567017,"profit_abs":11.22431741,"exit_reason":"trailing_stop_loss","initial_stop_loss_abs":3042.6256,"initial_stop_loss_ratio":-0.03,"stop_loss_abs":3135.3201,"stop_loss_ratio":-0.02,"min_rate":3082.0,"max_rate":3166.99,"is_open":false,"enter_tag":"","leverage":2,"is_short":false,"open_timestamp":1767427200000,"close_timestamp":1767484800000,"orders":[{"amount":0.258,"safe_price":3088.96,"ft_order_side":"buy","order_filled_timestamp":1767427200000,"ft_is_entry":true,"ft_order_tag":"","cost":797.35015584},{"amount":0.258,"safe_price":3135.3201,"ft_order_side":"sell","order_filled_timestamp":1767484800000,"ft_is_entry":false,"ft_order_tag":"trailing_stop_loss","cost":809.3170420928999}],"funding_fees":0.06634374392858483,"weekday":6},{"pair":"DOGE/USDT:USDT","stake_amount":399.3979,"max_stake_amount":399.3979,"amount":5660.0,"open_date":"2026-01-03 17:00:00+00:00","close_date":"2026-01-04 00:00:00+00:00","open_rate":0.14113,"close_rate":0.14550721860930466,"fee_open":0.0005,"fee_close":0.0005,"trade_duration":420,"profit_ratio":0.05976739540666852,"profit_abs":23.8829077,"exit_reason":"roi","initial_stop_loss_abs":0.13902,"initial_stop_loss_ratio":-0.03,"stop_loss_abs":0.14573,"stop_loss_ratio":-0.02,"min_rate":0.14051,"max_rate":0.1472,"is_open":false,"enter_tag":"","leverage":2,"is_short":false,"open_timestamp":1767459600000,"close_timestamp":1767484800000,"orders":[{"amount":5660.0,"safe_price":0.14113,"ft_order_side":"buy","order_filled_timestamp":1767459600000,"ft_is_entry":true,"ft_order_tag":"","cost":799.1951978999999},{"amount":5660.0,"safe_price":0.14550721860930466,"ft_order_side":"sell","order_filled_timestamp":1767484800000,"ft_is_entry":false,"ft_order_tag":"roi","cost":823.9826427573287}],"funding_fees":-0.0809663,"weekday":6},{"pair":"SOL/USDT:USDT","stake_amount":399.6915,"max_stake_amount":399.6915,"amount":5.97,"open_date":"2026-01-04 02:00:00+00:00","close_date":"2026-01-05 01:00:00+00:00","open_rate":133.9,"close_rate":136.3329,"fee_open":0.0005,"fee_close":0.0005,"trade_duration":1380,"profit_ratio":0.0345092075551625,"profit_abs":13.79993345,"exit_reason":"trailing_stop_loss","initial_stop_loss_abs":131.8915,"initial_stop_loss_ratio":-0.03,"stop_loss_abs":136.3329,"stop_loss_ratio":-0.02,"min_rate":132.95,"max_rate":137.71,"is_open":false,"enter_tag":"","leverage":2,"is_short":false,"open_timestamp":1767492000000,"close_timestamp":1767574800000,"orders":[{"amount":5.97,"safe_price":133.9,"ft_order_side":"buy","order_filled_timestamp":1767492000000,"ft_is_entry":true,"ft_order_tag":"","cost":799.7826914999999},{"amount":5.97,"safe_price":136.3329,"ft_order_side":"sell","order_filled_timestamp":1767574800000,"ft_is_entry":false,"ft_order_tag":"trailing_stop_loss","cost":814.3143667064999}],"funding_fees":0.08216565678540005,"weekday":0},{"pair":"BTC/USDT:USDT","stake_amount":396.67824,"max_stake_amount":396.67824,"amount":0.0087,"open_date":"2026-01-04 07:00:00+00:00","close_date":"2026-01-05 01:00:00+00:00","open_rate":91190.4,"close_rate":92461.05,"fee_open":0.0005,"fee_close":0.0005,"trade_duration":1080,"profit_ratio":0.02550471373857371,"profit_abs":10.12222354,"exit_reason":"trailing_stop_loss","initial_stop_loss_abs":89822.544,"initial_stop_loss_ratio":-0.03,"stop_loss_abs":92461.05,"stop_loss_ratio":-0.02,"min_rate":90811.1,"max_rate":93395.0,"is_open":false,"enter_tag":"","leverage":2,"is_short":false,"open_timestamp":1767510000000,"close_timestamp":1767574800000,"orders":[{"amount":0.0087,"safe_price":91190.4,"ft_order_side":"buy","order_filled_timestamp":1767510000000,"ft_is_entry":true,"ft_order_tag":"","cost":793.7531582399998},{"amount":0.0087,"safe_price":92461.05,"ft_order_side":"sell","order_filled_timestamp":1767574800000,"ft_is_entry":false,"ft_order_tag":"trailing_stop_loss","cost":804.8133405675}],"funding_fees":-0.13354765564672044,"weekday":0},{"pair":"ETH/USDT:USDT","stake_amount":399.03066,"max_stake_amount":399.03066,"amount":0.252,"open_date":"2026-01-05 01:00:00+00:00","close_date":"2026-01-05 02:00:00+00:00","open_rate":3166.91,"close_rate":3189.7799999999997,"fee_open":0.0005,"fee_close":0.0005,"trade_duration":60,"profit_ratio":0.012429664305555588,"profit_abs":4.96229706,"exit_reason":"trailing_stop_loss","initial_stop_loss_abs":3119.4063499999997,"initial_stop_loss_ratio":-0.03,"stop_loss_abs":3189.7799999999997,"stop_loss_ratio":-0.02,"min_rate":3162.49,"max_rate":3222.0,"is_open":false,"enter_tag":"","leverage":2,"is_short":false,"open_timestamp":1767574800000,"close_timestamp":1767578400000,"orders":[{"amount":0.252,"safe_price":3166.91,"ft_order_side":"buy","order_filled_timestamp":1767574800000,"ft_is_entry":true,"ft_order_tag":"","cost":798.46035066},{"amount":0.252,"safe_price":3189.7799999999997,"ft_order_side":"sell","order_filled_timestamp":1767578400000,"ft_is_entry":false,"ft_order_tag":"trailing_stop_loss","cost":804.2264722799998}],"funding_fees":0.0,"weekday":0},{"pair":"DOGE/USDT:USDT","stake_amount":399.33855,"max_stake_amount":399.33855,"amount":5310.0,"open_date":"2026-01-05 01:00:00+00:00","close_date":"2026-01-05 09:00:00+00:00","open_rate":0.15041,"close_rate":0.14816,"fee_open":0.0005,"fee_close":0.0005,"trade_duration":480,"profit_ratio":-0.03190695711947794,"profit_abs":-12.74804883,"exit_reason":"stop_loss","initial_stop_loss_abs":0.14816,"initial_stop_loss_ratio":-0.03,"stop_loss_abs":0.14816,"stop_loss_ratio":-0.03,"min_rate":0.14621,"max_rate":0.15243,"is_open":false,"enter_tag":"","leverage":2,"is_short":false,"open_timestamp":1767574800000,"close_timestamp":1767603600000,"orders":[{"amount":5310.0,"safe_price":0.15041,"ft_order_side":"buy","order_filled_timestamp":1767574800000,"ft_is_entry":true,"ft_order_tag":"","cost":799.0764385499998},{"amount":5310.0,"safe_price":0.14816,"ft_order_side":"sell","order_filled_timestamp":1767603600000,"ft_is_entry":false,"ft_order_tag":"stop_loss","cost":787.1229647999999}],"funding_fees":-0.00784548375036725,"weekday":0},{"pair":"BTC/USDT:USDT","stake_amount":398.05143,"max_stake_amount":398.05143,"amount":0.0086,"open_date":"2026-01-05 05:00:00+00:00","close_date":"2026-01-05 17:00:00+00:00","open_rate":92570.1,"close_rate":93524.11200000001,"fee_open":0.0005,"fee_close":0.0005,"trade_duration":720,"profit_ratio":0.018316344640218463,"profit_abs":7.2944926,"exit_reason":"trailing_stop_loss","initial_stop_loss_abs":91181.5485,"initial_stop_loss_ratio":-0.03,"stop_loss_abs":93524.11200000001,"stop_loss_ratio":-0.02,"min_rate":92112.3,"max_rate":94468.8,"is_open":false,"enter_tag":"","leverage":2,"is_short":false,"open_timestamp":1767589200000,"close_timestamp":1767632400000,"orders":[{"amount":0.0086,"safe_price":92570.1,"ft_order_side":"buy","order_filled_timestamp":1767589200000,"ft_is_entry":true,"ft_order_tag":"","cost":796.5009114300001},{"amount":0.0086,"safe_price":93524.11200000001,"ft_order_side":"sell","order_filled_timestamp":1767632400000,"ft_is_entry":false,"ft_order_tag":"trailing_stop_loss","cost":804.7095168816}],"funding_fees":-0.10980548698226733,"weekday":0},{"pair":"DOGE/USDT:USDT","stake_amount":399.8858,"max_stake_amount":399.8858,"amount":5230.0,"open_date":"2026-01-05 18:00:00+00:00","close_date":"2026-01-06 00:00:00+00:00","open_rate":0.15292,"close_rate":0.15063,"fee_open":0.0005,"fee_close":0.0005,"trade_duration":360,"profit_ratio":-0.031988254835661124,"profit_abs":-12.7980447,"exit_reason":"stop_loss","initial_stop_loss_abs":0.15063,"initial_stop_loss_ratio":-0.03,"stop_loss_abs":0.15063,"stop_loss_ratio":-0.03,"min_rate":0.14911,"max_rate":0.15435,"is_open":false,"enter_tag":"","leverage":2,"is_short":false,"open_timestamp":1767636000000,"close_timestamp":1767657600000,"orders":[{"amount":5230.0,"safe_price":0.15292,"ft_order_side":"buy","order_filled_timestamp":1767636000000,"ft_is_entry":true,"ft_order_tag":"","cost":800.1714858},{"amount":5230.0,"safe_price":0.15063,"ft_order_side":"sell","order_filled_timestamp":1767657600000,"ft_is_entry":false,"ft_order_tag":"stop_loss","cost":788.1887974499999}],"funding_fees":-0.02756144563383255,"weekday":1},{"pair":"ETH/USDT:USDT","stake_amount":398.45358,"max_stake_amount":398.45358,"amount":0.246,"open_date":"2026-01-06 07:00:00+00:00","close_date":"2026-01-06 14:00:00+00:00","open_rate":3239.46,"close_rate":3275.5635,"fee_open":0.0005,"fee_close":0.0005,"trade_duration":420,"profit_ratio":0.020156683894195945,"profit_abs":8.03551861,"exit_reason":"trailing_stop_loss","initial_stop_loss_abs":3190.8681,"initial_stop_loss_ratio":-0.03,"stop_loss_abs":3275.5635,"stop_loss_ratio":-0.02,"min_rate":3210.12,"max_rate":3308.65,"is_open":false,"enter_tag":"","leverage":2,"is_short":false,"open_timestamp":1767682800000,"close_timestamp":1767708000000,"orders":[{"amount":0.246,"safe_price":3239.46,"ft_order_side":"buy","order_filled_timestamp":1767682800000,"ft_is_entry":true,"ft_order_tag":"","cost":797.3056135799999},{"amount":0.246,"safe_price":3275.5635,"ft_order_side":"sell","order_filled_timestamp":1767708000000,"ft_is_entry":false,"ft_order_tag":"trailing_stop_loss","cost":806.1915153105}],"funding_fees":-0.044594499335228924,"weekday":1},{"pair":"BTC/USDT:USDT","stake_amount":395.346,"max_stake_amount":395.346,"amount":0.0084,"open_date":"2026-01-05 21:00:00+00:00","close_date":"2026-01-06 16:00:00+00:00","open_rate":94130.0,"close_rate":92718.05,"fee_open":0.0005,"fee_close":0.0005,"trade_duration":1140,"profit_ratio":-0.03199255109814384,"profit_abs":-12.65445117,"exit_reason":"stop_loss","initial_stop_loss_abs":92718.05,"initial_stop_loss_ratio":-0.03,"stop_loss_abs":92718.05,"stop_loss_ratio":-0.03,"min_rate":92288.0,"max_rate":94421.9,"is_open":false,"enter_tag":"","leverage":2,"is_short":false,"open_timestamp":1767646800000,"close_timestamp":1767715200000,"orders":[{"amount":0.0084,"safe_price":94130.0,"ft_order_side":"buy","order_filled_timestamp":1767646800000,"ft_is_entry":true,"ft_order_tag":"","cost":791.0873459999999},{"amount":0.0084,"safe_price":92718.05,"ft_order_side":"sell","order_filled_timestamp":1767715200000,"ft_is_entry":false,"ft_order_tag":"stop_loss","cost":779.2210358099999}],"funding_fees":-0.009309363518223854,"weekday":1},{"pair":"ETH/USDT:USDT","stake_amount":399.062,"max_stake_amount":399.062,"amount":0.244,"open_date":"2026-01-06 16:00:00+00:00","close_date":"2026-01-06 17:00:00+00:00","open_rate":3271.0,"close_rate":3221.935,"fee_open":0.0005,"fee_close":0.0005,"trade_duration":60,"profit_ratio":-0.03196237453189549,"profit_abs":-12.76134659,"exit_reason":"stop_loss","initial_stop_loss_abs":3221.935,"initial_stop_loss_ratio":-0.03,"stop_loss_abs":3221.935,"stop_loss_ratio":-0.03,"min_rate":3188.13,"max_rate":3278.0,"is_open":false,"enter_tag":"","leverage":2,"is_short":false,"open_timestamp":1767715200000,"close_timestamp":1767718800000,"orders":[{"amount":0.244,"safe_price":3271.0,"ft_order_side":"buy","order_filled_timestamp":1767715200000,"ft_is_entry":true,"ft_order_tag":"","cost":798.523062},{"amount":0.244,"safe_price":3221.935,"ft_order_side":"sell","order_filled_timestamp":1767718800000,"ft_is_entry":false,"ft_order_tag":"stop_loss","cost":786.5452160699999}],"funding_fees":0.002651478961388237,"weekday":1},{"pair":"ETH/USDT:USDT","stake_amount":399.39375,"max_stake_amount":399.39375,"amount":0.25,"open_date":"2026-01-06 18:00:00+00:00","close_date":"2026-01-06 21:00:00+00:00","open_rate":3195.15,"close_rate":3294.2491995997993,"fee_open":0.0005,"fee_close":0.0005,"trade_duration":180,"profit_ratio":0.059970014992503755,"profit_abs":23.963625,"exit_reason":"roi","initial_stop_loss_abs":3147.22275,"initial_stop_loss_ratio":-0.03,"stop_loss_abs":3266.7227999999996,"stop_loss_ratio":-0.02,"min_rate":3181.03,"max_rate":3299.72,"is_open":false,"enter_tag":"","leverage":2,"is_short":false,"open_timestamp":1767722400000,"close_timestamp":1767733200000,"orders":[{"amount":0.25,"safe_price":3195.15,"ft_order_side":"buy","order_filled_timestamp":1767722400000,"ft_is_entry":true,"ft_order_tag":"","cost":799.18689375},{"amount":0.25,"safe_price":3294.2491995997993,"ft_order_side":"sell","order_filled_timestamp":1767733200000,"ft_is_entry":false,"ft_order_tag":"roi","cost":823.9740810498997}],"funding_fees":0.0,"weekday":1},{"pair":"ETH/USDT:USDT","stake_amount":399.5073,"max_stake_amount":399.5073,"amount":0.244,"open_date":"2026-01-06 22:00:00+00:00","close_date":"2026-01-07 09:00:00+00:00","open_rate":3274.65,"close_rate":3225.5302500000003,"fee_open":0.0005,"fee_close":0.0005,"trade_duration":660,"profit_ratio":-0.032236207998677636,"profit_abs":-12.88503972,"exit_reason":"stop_loss","initial_stop_loss_abs":3225.5302500000003,"initial_stop_loss_ratio":-0.03,"stop_loss_abs":3225.5302500000003,"stop_loss_ratio":-0.03,"min_rate":3196.28,"max_rate":3302.99,"is_open":false,"enter_tag":"","leverage":2,"is_short":false,"open_timestamp":1767736800000,"close_timestamp":1767776400000,"orders":[{"amount":0.244,"safe_price":3274.65,"ft_order_side":"buy","order_filled_timestamp":1767736800000,"ft_is_entry":true,"ft_order_tag":"","cost":799.4141073},{"amount":0.244,"safe_price":3225.5302500000003,"ft_order_side":"sell","order_filled_timestamp":1767776400000,"ft_is_entry":false,"ft_order_tag":"stop_loss","cost":787.4228956905}],"funding_fees":-0.1067987253778626,"weekday":2},{"pair":"SOL/USDT:USDT","stake_amount":399.5725,"max_stake_amount":399.5725,"amount":5.77,"open_date":"2026-01-11 21:00:00+00:00","close_date":"2026-01-12 00:00:00+00:00","open_rate":138.5,"close_rate":139.8375,"fee_open":0.0005,"fee_close":0.0005,"trade_duration":180,"profit_ratio":0.01709425791893547,"profit_abs":6.83381057,"exit_reason":"trailing_stop_loss","initial_stop_loss_abs":136.42249999999999,"initial_stop_loss_ratio":-0.03,"stop_loss_abs":139.8375,"stop_loss_ratio":-0.02,"min_rate":137.46,"max_rate":141.25,"is_open":false,"enter_tag":"","leverage":2,"is_short":false,"open_timestamp":1768165200000,"close_timestamp":1768176000000,"orders":[{"amount":5.77,"safe_price":138.5,"ft_order_side":"buy","order_filled_timestamp":1768165200000,"ft_is_entry":true,"ft_order_tag":"","cost":799.5445725},{"amount":5.77,"safe_price":139.8375,"ft_order_side":"sell","order_filled_timestamp":1768176000000,"ft_is_entry":false,"ft_order_tag":"trailing_stop_loss","cost":807.2658061874998}],"funding_fees":-0.08056073999999999,"weekday":0},{"pair":"ETH/USDT:USDT","stake_amount":398.54464,"max_stake_amount":398.54464,"amount":0.256,"open_date":"2026-01-11 21:00:00+00:00","close_date":"2026-01-12 02:00:00+00:00","open_rate":3113.63,"close_rate":3135.7854,"fee_open":0.0005,"fee_close":0.0005,"trade_duration":300,"profit_ratio":0.012127122272199909,"profit_abs":4.83561618,"exit_reason":"trailing_stop_loss","initial_stop_loss_abs":3066.92555,"initial_stop_loss_ratio":-0.03,"stop_loss_abs":3135.7854,"stop_loss_ratio":-0.02,"min_rate":3091.0,"max_rate":3167.46,"is_open":false,"enter_tag":"","leverage":2,"is_short":false,"open_timestamp":1768165200000,"close_timestamp":1768183200000,"orders":[{"amount":0.256,"safe_price":3113.63,"ft_order_side":"buy","order_filled_timestamp":1768165200000,"ft_is_entry":true,"ft_order_tag":"","cost":797.48782464},{"amount":0.256,"safe_price":3135.7854,"ft_order_side":"sell","order_filled_timestamp":1768183200000,"ft_is_entry":false,"ft_order_tag":"trailing_stop_loss","cost":803.1624429312}],"funding_fees":-0.03624105147732082,"weekday":0},{"pair":"SOL/USDT:USDT","stake_amount":399.596,"max_stake_amount":399.596,"amount":5.66,"open_date":"2026-01-12 01:00:00+00:00","close_date":"2026-01-12 03:00:00+00:00","open_rate":141.2,"close_rate":142.9164,"fee_open":0.0005,"fee_close":0.0005,"trade_duration":120,"profit_ratio":0.022288314771132238,"profit_abs":8.91077459,"exit_reason":"trailing_stop_loss","initial_stop_loss_abs":139.082,"initial_stop_loss_ratio":-0.03,"stop_loss_abs":142.9164,"stop_loss_ratio":-0.02,"min_rate":140.6,"max_rate":144.36,"is_open":false,"enter_tag":"","leverage":2,"is_short":false,"open_timestamp":1768179600000,"close_timestamp":1768186800000,"orders":[{"amount":5.66,"safe_price":141.2,"ft_order_side":"buy","order_filled_timestamp":1768179600000,"ft_is_entry":true,"ft_order_tag":"","cost":799.591596},{"amount":5.66,"safe_price":142.9164,"ft_order_side":"sell","order_filled_timestamp":1768186800000,"ft_is_entry":false,"ft_order_tag":"trailing_stop_loss","cost":809.311277412}],"funding_fees":0.0,"weekday":0},{"pair":"ETH/USDT:USDT","stake_amount":398.640715,"max_stake_amount":398.640715,"amount":0.253,"open_date":"2026-01-12 04:00:00+00:00","close_date":"2026-01-12 08:00:00+00:00","open_rate":3151.31,"close_rate":3104.0403499999998,"fee_open":0.0005,"fee_close":0.0005,"trade_duration":240,"profit_ratio":-0.03213083533229864,"profit_abs":-12.8150635,"exit_reason":"stop_loss","initial_stop_loss_abs":3104.0403499999998,"initial_stop_loss_ratio":-0.03,"stop_loss_abs":3104.0403499999998,"stop_loss_ratio":-0.03,"min_rate":3099.26,"max_rate":3165.96,"is_open":false,"enter_tag":"","leverage":2,"is_short":false,"open_timestamp":1768190400000,"close_timestamp":1768204800000,"orders":[{"amount":0.253,"safe_price":3151.31,"ft_order_side":"buy","order_filled_timestamp":1768190400000,"ft_is_entry":true,"ft_order_tag":"","cost":797.6800707149999},{"amount":0.253,"safe_price":3104.0403499999998,"ft_order_side":"sell","order_filled_timestamp":1768204800000,"ft_is_entry":false,"ft_order_tag":"stop_loss","cost":785.7148696542748}],"funding_fees":-0.06454023528461118,"weekday":0},{"pair":"SOL/USDT:USDT","stake_amount":399.7,"max_stake_amount":399.7,"amount":5.71,"open_date":"2026-01-12 09:00:00+00:00","close_date":"2026-01-12 15:00:00+00:00","open_rate":140.0,"close_rate":141.2532,"fee_open":0.0005,"fee_close":0.0005,"trade_duration":360,"profit_ratio":0.015885962722916747,"profit_abs":6.35279411,"exit_reason":"trailing_stop_loss","initial_stop_loss_abs":137.9,"initial_stop_loss_ratio":-0.03,"stop_loss_abs":141.2532,"stop_loss_ratio":-0.02,"min_rate":138.6,"max_rate":142.68,"is_open":false,"enter_tag":"","leverage":2,"is_short":false,"open_timestamp":1768208400000,"close_timestamp":1768230000000,"orders":[{"amount":5.71,"safe_price":140.0,"ft_order_side":"buy","order_filled_timestamp":1768208400000,"ft_is_entry":true,"ft_order_tag":"","cost":799.7996999999999},{"amount":5.71,"safe_price":141.2532,"ft_order_side":"sell","order_filled_timestamp":1768230000000,"ft_is_entry":false,"ft_order_tag":"trailing_stop_loss","cost":806.9590498859999}],"funding_fees":0.0,"weekday":0},{"pair":"SOL/USDT:USDT","stake_amount":399.74055,"max_stake_amount":399.74055,"amount":5.61,"open_date":"2026-01-12 16:00:00+00:00","close_date":"2026-01-12 20:00:00+00:00","open_rate":142.51,"close_rate":140.37234999999998,"fee_open":0.0005,"fee_close":0.0005,"trade_duration":240,"profit_ratio":-0.031823896097444786,"profit_abs":-12.72766238,"exit_reason":"stop_loss","initial_stop_loss_abs":140.37234999999998,"initial_stop_loss_ratio":-0.03,"stop_loss_abs":140.37234999999998,"stop_loss_ratio":-0.03,"min_rate":139.91,"max_rate":144.25,"is_open":false,"enter_tag":"","leverage":2,"is_short":false,"open_timestamp":1768233600000,"close_timestamp":1768248000000,"orders":[{"amount":5.61,"safe_price":142.51,"ft_order_side":"buy","order_filled_timestamp":1768233600000,"ft_is_entry":true,"ft_order_tag":"","cost":799.8808405499999},{"amount":5.61,"safe_price":140.37234999999998,"ft_order_side":"sell","order_filled_timestamp":1768248000000,"ft_is_entry":false,"ft_order_tag":"stop_loss","cost":787.8826279417499}],"funding_fees":0.05803911408423877,"weekday":0},{"pair":"BTC/USDT:USDT","stake_amount":397.503,"max_stake_amount":397.503,"amount":0.0087,"open_date":"2026-01-12 08:00:00+00:00","close_date":"2026-01-13 14:00:00+00:00","open_rate":91380.0,"close_rate":91959.12,"fee_open":0.0005,"fee_close":0.0005,"trade_duration":1800,"profit_ratio":0.0101944825857776,"profit_abs":4.05436358,"exit_reason":"trailing_stop_loss","initial_stop_loss_abs":90009.3,"initial_stop_loss_ratio":-0.03,"stop_loss_abs":91959.12,"stop_loss_ratio":-0.02,"min_rate":90064.4,"max_rate":92888.0,"is_open":false,"enter_tag":"","leverage":2,"is_short":false,"open_timestamp":1768204800000,"close_timestamp":1768312800000,"orders":[{"amount":0.0087,"safe_price":91380.0,"ft_order_side":"buy","order_filled_timestamp":1768204800000,"ft_is_entry":true,"ft_order_tag":"","cost":795.4035029999999},{"amount":0.0087,"safe_price":91959.12,"ft_order_side":"sell","order_filled_timestamp":1768312800000,"ft_is_entry":false,"ft_order_tag":"trailing_stop_loss","cost":800.4443661719998}],"funding_fees":-0.1864552477173338,"weekday":1},{"pair":"SOL/USDT:USDT","stake_amount":399.58925,"max_stake_amount":399.58925,"amount":5.63,"open_date":"2026-01-13 15:00:00+00:00","close_date":"2026-01-13 16:00:00+00:00","open_rate":141.95,"close_rate":143.03519999999997,"fee_open":0.0005,"fee_close":0.0005,"trade_duration":60,"profit_ratio":0.013162741052436863,"profit_abs":5.26231967,"exit_reason":"trailing_stop_loss","initial_stop_loss_abs":139.82074999999998,"initial_stop_loss_ratio":-0.03,"stop_loss_abs":143.03519999999997,"stop_loss_ratio":-0.02,"min_rate":141.11,"max_rate":144.48,"is_open":false,"enter_tag":"","leverage":2,"is_short":false,"open_timestamp":1768316400000,"close_timestamp":1768320000000,"orders":[{"amount":5.63,"safe_price":141.95,"ft_order_side":"buy","order_filled_timestamp":1768316400000,"ft_is_entry":true,"ft_order_tag":"","cost":799.5780892499998},{"amount":5.63,"safe_price":143.03519999999997,"ft_order_side":"sell","order_filled_timestamp":1768320000000,"ft_is_entry":false,"ft_order_tag":"trailing_stop_loss","cost":805.6908200879998}],"funding_fees":-0.04512299263917838,"weekday":1},{"pair":"SOL/USDT:USDT","stake_amount":399.9645,"max_stake_amount":399.9645,"amount":5.59,"open_date":"2026-01-13 17:00:00+00:00","close_date":"2026-01-13 22:00:00+00:00","open_rate":143.1,"close_rate":147.53831915957977,"fee_open":0.0005,"fee_close":0.0005,"trade_duration":300,"profit_ratio":0.05997001499250375,"profit_abs":23.99787,"exit_reason":"roi","initial_stop_loss_abs":140.9535,"initial_stop_loss_ratio":-0.03,"stop_loss_abs":147.3912,"stop_loss_ratio":-0.02,"min_rate":142.39,"max_rate":148.88,"is_open":false,"enter_tag":"","leverage":2,"is_short":false,"open_timestamp":1768323600000,"close_timestamp":1768341600000,"orders":[{"amount":5.59,"safe_price":143.1,"ft_order_side":"buy","order_filled_timestamp":1768323600000,"ft_is_entry":true,"ft_order_tag":"","cost":800.3289645},{"amount":5.59,"safe_price":147.53831915957977,"ft_order_side":"sell","order_filled_timestamp":1768341600000,"ft_is_entry":false,"ft_order_tag":"roi","cost":825.1515737041018}],"funding_fees":0.0,"weekday":1},{"pair":"ETH/USDT:USDT","stake_amount":399.194325,"max_stake_amount":399.194325,"amount":0.243,"open_date":"2026-01-14 12:00:00+00:00","close_date":"2026-01-14 14:00:00+00:00","open_rate":3285.55,"close_rate":3323.7567,"fee_open":0.0005,"fee_close":0.0005,"trade_duration":120,"profit_ratio":0.021235168762906924,"profit_abs":8.48119734,"exit_reason":"trailing_stop_loss","initial_stop_loss_abs":3236.2667500000002,"initial_stop_loss_ratio":-0.03,"stop_loss_abs":3323.7567,"stop_loss_ratio":-0.02,"min_rate":3278.15,"max_rate":3357.33,"is_open":false,"enter_tag":"","leverage":2,"is_short":false,"open_timestamp":1768392000000,"close_timestamp":1768399200000,"orders":[{"amount":0.243,"safe_price":3285.55,"ft_order_side":"buy","order_filled_timestamp":1768392000000,"ft_is_entry":true,"ft_order_tag":"","cost":798.7878443249999},{"amount":0.243,"safe_price":3323.7567,"ft_order_side":"sell","order_filled_timestamp":1768399200000,"ft_is_entry":false,"ft_order_tag":"trailing_stop_loss","cost":808.0767145390499}],"funding_fees":0.0,"weekday":2},{"pair":"SOL/USDT:USDT","stake_amount":399.2877,"max_stake_amount":399.2877,"amount":5.49,"open_date":"2026-01-14 00:00:00+00:00","close_date":"2026-01-14 16:00:00+00:00","open_rate":145.46,"close_rate":146.87640000000002,"fee_open":0.0005,"fee_close":0.0005,"trade_duration":960,"profit_ratio":0.01694686899152938,"profit_abs":6.77005968,"exit_reason":"trailing_stop_loss","initial_stop_loss_abs":143.2781,"initial_stop_loss_ratio":-0.03,"stop_loss_abs":146.87640000000002,"stop_loss_ratio":-0.02,"min_rate":143.28,"max_rate":148.36,"is_open":false,"enter_tag":"","leverage":2,"is_short":false,"open_timestamp":1768348800000,"close_timestamp":1768406400000,"orders":[{"amount":5.49,"safe_price":145.46,"ft_order_side":"buy","order_filled_timestamp":1768348800000,"ft_is_entry":true,"ft_order_tag":"","cost":798.9746877},{"amount":5.49,"safe_price":146.87640000000002,"ft_order_side":"sell","order_filled_timestamp":1768406400000,"ft_is_entry":false,"ft_order_tag":"trailing_stop_loss","cost":806.7546117180001}],"funding_fees":-0.20351290671172195,"weekday":2},{"pair":"ETH/USDT:USDT","stake_amount":398.34298,"max_stake_amount":398.34298,"amount":0.238,"open_date":"2026-01-14 15:00:00+00:00","close_date":"2026-01-14 16:00:00+00:00","open_rate":3347.42,"close_rate":3369.4056,"fee_open":0.0005,"fee_close":0.0005,"trade_duration":60,"profit_ratio":0.010924009176252063,"profit_abs":4.35367812,"exit_reason":"trailing_stop_loss","initial_stop_loss_abs":3297.2087,"initial_stop_loss_ratio":-0.03,"stop_loss_abs":3369.4056,"stop_loss_ratio":-0.02,"min_rate":3326.01,"max_rate":3403.44,"is_open":false,"enter_tag":"","leverage":2,"is_short":false,"open_timestamp":1768402800000,"close_timestamp":1768406400000,"orders":[{"amount":0.238,"safe_price":3347.42,"ft_order_side":"buy","order_filled_timestamp":1768402800000,"ft_is_entry":true,"ft_order_tag":"","cost":797.08430298},{"amount":0.238,"safe_price":3369.4056,"ft_order_side":"sell","order_filled_timestamp":1768406400000,"ft_is_entry":false,"ft_order_tag":"trailing_stop_loss","cost":802.3194920663999}],"funding_fees":-0.079592436,"weekday":2},{"pair":"DOGE/USDT:USDT","stake_amount":399.7965,"max_stake_amount":399.7965,"amount":5370.0,"open_date":"2026-01-14 16:00:00+00:00","close_date":"2026-01-14 18:00:00+00:00","open_rate":0.1489,"close_rate":0.14667,"fee_open":0.0005,"fee_close":0.0005,"trade_duration":120,"profit_ratio":-0.03212193768797267,"profit_abs":-12.84865938,"exit_reason":"stop_loss","initial_stop_loss_abs":0.14667,"initial_stop_loss_ratio":-0.03,"stop_loss_abs":0.14667,"stop_loss_ratio":-0.03,"min_rate":0.14617,"max_rate":0.15127,"is_open":false,"enter_tag":"","leverage":2,"is_short":false,"open_timestamp":1768406400000,"close_timestamp":1768413600000,"orders":[{"amount":5370.0,"safe_price":0.1489,"ft_order_side":"buy","order_filled_timestamp":1768406400000,"ft_is_entry":true,"ft_order_tag":"","cost":799.9927965},{"amount":5370.0,"safe_price":0.14667,"ft_order_side":"sell","order_filled_timestamp":1768413600000,"ft_is_entry":false,"ft_order_tag":"stop_loss","cost":788.01170895}],"funding_fees":-0.07995393,"weekday":2},{"pair":"ETH/USDT:USDT","stake_amount":399.18736,"max_stake_amount":399.18736,"amount":0.239,"open_date":"2026-01-14 18:00:00+00:00","close_date":"2026-01-14 19:00:00+00:00","open_rate":3340.48,"close_rate":3366.0,"fee_open":0.0005,"fee_close":0.0005,"trade_duration":60,"profit_ratio":0.013264969201384556,"profit_abs":5.29785564,"exit_reason":"trailing_stop_loss","initial_stop_loss_abs":3290.3728,"initial_stop_loss_ratio":-0.03,"stop_loss_abs":3366.0,"stop_loss_ratio":-0.02,"min_rate":3313.57,"max_rate":3400.0,"is_open":false,"enter_tag":"","leverage":2,"is_short":false,"open_timestamp":1768413600000,"close_timestamp":1768417200000,"orders":[{"amount":0.239,"safe_price":3340.48,"ft_order_side":"buy","order_filled_timestamp":1768413600000,"ft_is_entry":true,"ft_order_tag":"","cost":798.77390736},{"amount":0.239,"safe_price":3366.0,"ft_order_side":"sell","order_filled_timestamp":1768417200000,"ft_is_entry":false,"ft_order_tag":"trailing_stop_loss","cost":804.8762369999998}],"funding_fees":0.0,"weekday":2},{"pair":"SOL/USDT:USDT","stake_amount":399.8944,"max_stake_amount":399.8944,"amount":5.44,"open_date":"2026-01-14 17:00:00+00:00","close_date":"2026-01-15 01:00:00+00:00","open_rate":147.02,"close_rate":144.81470000000002,"fee_open":0.0005,"fee_close":0.0005,"trade_duration":480,"profit_ratio":-0.032085097402245924,"profit_abs":-12.8370661,"exit_reason":"stop_loss","initial_stop_loss_abs":144.81470000000002,"initial_stop_loss_ratio":-0.03,"stop_loss_abs":144.81470000000002,"stop_loss_ratio":-0.03,"min_rate":144.69,"max_rate":147.69,"is_open":false,"enter_tag":"","leverage":2,"is_short":false,"open_timestamp":1768410000000,"close_timestamp":1768438800000,"orders":[{"amount":5.44,"safe_price":147.02,"ft_order_side":"buy","order_filled_timestamp":1768410000000,"ft_is_entry":true,"ft_order_tag":"","cost":800.1886944000001},{"amount":5.44,"safe_price":144.81470000000002,"ft_order_side":"sell","order_filled_timestamp":1768438800000,"ft_is_entry":false,"ft_order_tag":"stop_loss","cost":788.1858639840001}],"funding_fees":-0.04644371321888868,"weekday":3},{"pair":"ETH/USDT:USDT","stake_amount":398.78805,"max_stake_amount":398.78805,"amount":0.237,"open_date":"2026-01-15 10:00:00+00:00","close_date":"2026-01-15 15:00:00+00:00","open_rate":3365.3,"close_rate":3314.8205000000003,"fee_open":0.0005,"fee_close":0.0005,"trade_duration":300,"profit_ratio":-0.03196901549413363,"profit_abs":-12.75523578,"exit_reason":"stop_loss","initial_stop_loss_abs":3314.8205000000003,"initial_stop_loss_ratio":-0.03,"stop_loss_abs":3314.8205000000003,"stop_loss_ratio":-0.03,"min_rate":3285.0,"max_rate":3383.22,"is_open":false,"enter_tag":"","leverage":2,"is_short":false,"open_timestamp":1768471200000,"close_timestamp":1768489200000,"orders":[{"amount":0.237,"safe_price":3365.3,"ft_order_side":"buy","order_filled_timestamp":1768471200000,"ft_is_entry":true,"ft_order_tag":"","cost":797.97488805},{"amount":0.237,"safe_price":3314.8205000000003,"ft_order_side":"sell","order_filled_timestamp":1768489200000,"ft_is_entry":false,"ft_order_tag":"stop_loss","cost":786.0052647292499}],"funding_fees":0.0,"weekday":3},{"pair":"BTC/USDT:USDT","stake_amount":396.73158,"max_stake_amount":396.73158,"amount":0.0082,"open_date":"2026-01-14 19:00:00+00:00","close_date":"2026-01-15 19:00:00+00:00","open_rate":96763.8,"close_rate":95312.34300000001,"fee_open":0.0005,"fee_close":0.0005,"trade_duration":1440,"profit_ratio":-0.03212847638547025,"profit_abs":-12.75275439,"exit_reason":"stop_loss","initial_stop_loss_abs":95312.34300000001,"initial_stop_loss_ratio":-0.03,"stop_loss_abs":95312.34300000001,"stop_loss_ratio":-0.03,"min_rate":95121.8,"max_rate":97900.0,"is_open":false,"enter_tag":"","leverage":2,"is_short":false,"open_timestamp":1768417200000,"close_timestamp":1768503600000,"orders":[{"amount":0.0082,"safe_price":96763.8,"ft_order_side":"buy","order_filled_timestamp":1768417200000,"ft_is_entry":true,"ft_order_tag":"","cost":793.8598915800001},{"amount":0.0082,"safe_price":95312.34300000001,"ft_order_side":"sell","order_filled_timestamp":1768503600000,"ft_is_entry":false,"ft_order_tag":"stop_loss","cost":781.9519932063}],"funding_fees":-0.0632948023746703,"weekday":3},{"pair":"ETH/USDT:USDT","stake_amount":399.82549,"max_stake_amount":399.82549,"amount":0.239,"open_date":"2026-01-18 20:00:00+00:00","close_date":"2026-01-18 23:00:00+00:00","open_rate":3345.82,"close_rate":3295.6327,"fee_open":0.0005,"fee_close":0.0005,"trade_duration":180,"profit_ratio":-0.0319690154981285,"profit_abs":-12.7884183,"exit_reason":"stop_loss","initial_stop_loss_abs":3295.6327,"initial_stop_loss_ratio":-0.03,"stop_loss_abs":3295.6327,"stop_loss_ratio":-0.03,"min_rate":3277.18,"max_rate":3355.85,"is_open":false,"enter_tag":"","leverage":2,"is_short":false,"open_timestamp":1768766400000,"close_timestamp":1768777200000,"orders":[{"amount":0.239,"safe_price":3345.82,"ft_order_side":"buy","order_filled_timestamp":1768766400000,"ft_is_entry":true,"ft_order_tag":"","cost":800.05080549},{"amount":0.239,"safe_price":3295.6327,"ft_order_side":"sell","order_filled_timestamp":1768777200000,"ft_is_entry":false,"ft_order_tag":"stop_loss","cost":788.0500434076499}],"funding_fees":0.0,"weekday":6}],"locks":[],"best_pair":{"key":"SOL/USDT:USDT","trades":20,"profit_mean":3.604871657002795e-05,"profit_mean_pct":0.0,"profit_total_abs":0.2809775299999995,"profit_total":0.00028097752999999947,"profit_total_pct":0.03,"duration_avg":"6:39:00","wins":12,"draws":0,"losses":8,"winrate":0.6,"cagr":0.0009960529458545864,"expectancy":0.01404887649999953,"expectancy_ratio":0.001098224315853935,"sortino":1.3669047640920535,"sharpe":0.004633391397114143,"calmar":0.07795184426704035,"sqn":0.0054,"profit_factor":1.0027455607896347,"max_drawdown_account":0.06685815739332959,"max_drawdown_abs":67.14801417},"worst_pair":{"key":"BTC/USDT:USDT","trades":15,"profit_mean":-0.007149975482846553,"profit_mean_pct":-0.71,"profit_total_abs":-42.50706727,"profit_total":-0.04250706727,"profit_total_pct":-4.25,"duration_avg":"15:36:00","wins":7,"draws":0,"losses":8,"winrate":0.4666666666666667,"cagr":-0.1426654100312693,"expectancy":-2.833804484666667,"expectancy_ratio":-0.22276669335607313,"sortino":-171.27388504649025,"sharpe":-0.7369044189560692,"calmar":-16.64690875476702,"sqn":-0.991,"profit_factor":0.5823124499573629,"max_drawdown_account":0.04736273256000004,"max_drawdown_abs":47.362732560000005},"results_per_pair":[{"key":"SOL/USDT:USDT","trades":20,"profit_mean":3.604871657002795e-05,"profit_mean_pct":0.0,"profit_total_abs":0.2809775299999995,"profit_total":0.00028097752999999947,"profit_total_pct":0.03,"duration_avg":"6:39:00","wins":12,"draws":0,"losses":8,"winrate":0.6,"cagr":0.0009960529458545864,"expectancy":0.01404887649999953,"expectancy_ratio":0.001098224315853935,"sortino":1.3669047640920535,"sharpe":0.004633391397114143,"calmar":0.07795184426704035,"sqn":0.0054,"profit_factor":1.0027455607896347,"max_drawdown_account":0.06685815739332959,"max_drawdown_abs":67.14801417},{"key":"ETH/USDT:USDT","trades":26,"profit_mean":-0.000586382646843217,"profit_mean_pct":-0.06,"profit_total_abs":-6.147922319999992,"profit_total":-0.006147922319999992,"profit_total_pct":-0.61,"duration_avg":"4:00:00","wins":15,"draws":0,"losses":11,"winrate":0.5769230769230769,"cagr":-0.021616513431091056,"expectancy":-0.23645855076923006,"expectancy_ratio":-0.018493301845479815,"sortino":-30.763734202750346,"sharpe":-0.09699729417816251,"calmar":-3.061866052845217,"sqn":-0.1006,"profit_factor":0.9562885592743205,"max_drawdown_account":0.037243577500000014,"max_drawdown_abs":37.243577499999994},{"key":"DOGE/USDT:USDT","trades":7,"profit_mean":-0.010997530571781627,"profit_mean_pct":-1.1,"profit_total_abs":-30.807244199999996,"profit_total":-0.030807244199999997,"profit_total_pct":-3.08,"duration_avg":"3:43:00","wins":2,"draws":0,"losses":5,"winrate":0.2857142857142857,"cagr":-0.10496127331331728,"expectancy":-4.401034885714287,"expectancy_ratio":-0.3442994607876405,"sortino":-150.22992450946467,"sharpe":-0.41349492365151136,"calmar":-14.995914528405699,"sqn":-0.7801,"profit_factor":0.5179807548973032,"max_drawdown_account":0.0381056261397645,"max_drawdown_abs":38.39475291},{"key":"BTC/USDT:USDT","trades":15,"profit_mean":-0.007149975482846553,"profit_mean_pct":-0.71,"profit_total_abs":-42.50706727,"profit_total":-0.04250706727,"profit_total_pct":-4.25,"duration_avg":"15:36:00","wins":7,"draws":0,"losses":8,"winrate":0.4666666666666667,"cagr":-0.1426654100312693,"expectancy":-2.833804484666667,"expectancy_ratio":-0.22276669335607313,"sortino":-171.27388504649025,"sharpe":-0.7369044189560692,"calmar":-16.64690875476702,"sqn":-0.991,"profit_factor":0.5823124499573629,"max_drawdown_account":0.04736273256000004,"max_drawdown_abs":47.362732560000005},{"key":"TOTAL","trades":68,"profit_mean":-0.0029229017754660693,"profit_mean_pct":-0.29,"profit_total_abs":-79.18125626000001,"profit_total":-0.07918125626000001,"profit_total_pct":-7.92,"duration_avg":"7:19:00","wins":36,"draws":0,"losses":32,"winrate":0.5294117647058824,"cagr":-0.2534750595959293,"expectancy":-1.1644302391176478,"expectancy_ratio":-0.09117874461264708,"sortino":-297.82471011455647,"sharpe":-1.252954776094306,"calmar":-8.320876662395625,"sqn":-0.8131,"profit_factor":0.8062451676981249,"max_drawdown_account":0.17650723457350864,"max_drawdown_abs":177.27246383000005}],"results_per_enter_tag":[{"key":"","trades":68,"profit_mean":-0.0029229017754660693,"profit_mean_pct":-0.29,"profit_total_abs":-79.18125626000001,"profit_total":-0.07918125626000001,"profit_total_pct":-7.92,"duration_avg":"7:19:00","wins":36,"draws":0,"losses":32,"winrate":0.5294117647058824,"cagr":-0.2534750595959293,"expectancy":-1.1644302391176478,"expectancy_ratio":-0.09117874461264708,"sortino":-297.82471011455647,"sharpe":-1.252954776094306,"calmar":-8.320876662395625,"sqn":-0.8131,"profit_factor":0.8062451676981249,"max_drawdown_account":0.17650723457350864,"max_drawdown_abs":177.27246383000005},{"key":"TOTAL","trades":68,"profit_mean":-0.0029229017754660693,"profit_mean_pct":-0.29,"profit_total_abs":-79.18125626000001,"profit_total":-0.07918125626000001,"profit_total_pct":-7.92,"duration_avg":"7:19:00","wins":36,"draws":0,"losses":32,"winrate":0.5294117647058824,"cagr":-0.2534750595959293,"expectancy":-1.1644302391176478,"expectancy_ratio":-0.09117874461264708,"sortino":-297.82471011455647,"sharpe":-1.252954776094306,"calmar":-8.320876662395625,"sqn":-0.8131,"profit_factor":0.8062451676981249,"max_drawdown_account":0.17650723457350864,"max_drawdown_abs":177.27246383000005}],"exit_reason_summary":[{"key":"trailing_stop_loss","trades":32,"profit_mean":0.01829624209693053,"profit_mean_pct":1.83,"profit_total_abs":233.69494645999998,"profit_total":0.23369494645999997,"profit_total_pct":23.37,"duration_avg":"9:26:00","wins":32,"draws":0,"losses":0,"winrate":1.0,"cagr":1.1048059186836823,"expectancy":7.3029670768749995,"expectancy_ratio":100.0,"sortino":-100,"sharpe":16.693485730542868,"calmar":-100,"sqn":15.6592,"profit_factor":0.0,"max_drawdown_account":0.0,"max_drawdown_abs":0.0},{"key":"roi","trades":4,"profit_mean":0.05991109008981335,"profit_mean_pct":5.99,"profit_total_abs":95.79105641000001,"profit_total":0.09579105641,"profit_total_pct":9.58,"duration_avg":"7:15:00","wins":4,"draws":0,"losses":0,"winrate":1.0,"cagr":0.38287462848748466,"expectancy":23.947764102500003,"expectancy_ratio":100.0,"sortino":-100,"sharpe":425.6527185527714,"calmar":-100,"sqn":993.6807,"profit_factor":0.0,"max_drawdown_account":0.0,"max_drawdown_abs":0.0},{"key":"stop_loss","trades":32,"profit_mean":-0.031996294631022604,"profit_mean_pct":-3.2,"profit_total_abs":-408.66725913,"profit_total":-0.40866725913,"profit_total_pct":-40.87,"duration_avg":"5:11:00","wins":0,"draws":0,"losses":32,"winrate":0.0,"cagr":-0.8446027848254747,"expectancy":-12.7708518478125,"expectancy_ratio":-1.0,"sortino":-1537.1214569272686,"sharpe":-1537.1214569272686,"calmar":-18.54851764518718,"sqn":-1441.8824,"profit_factor":0.0,"max_drawdown_account":0.4086672591300002,"max_drawdown_abs":408.66725913000016},{"key":"TOTAL","trades":68,"profit_mean":-0.0029229017754660693,"profit_mean_pct":-0.29,"profit_total_abs":-79.18125626000001,"profit_total":-0.07918125626000001,"profit_total_pct":-7.92,"duration_avg":"7:19:00","wins":36,"draws":0,"losses":32,"winrate":0.5294117647058824,"cagr":-0.2534750595959293,"expectancy":-1.1644302391176478,"expectancy_ratio":-0.09117874461264708,"sortino":-297.82471011455647,"sharpe":-1.252954776094306,"calmar":-8.320876662395625,"sqn":-0.8131,"profit_factor":0.8062451676981249,"max_drawdown_account":0.17650723457350864,"max_drawdown_abs":177.27246383000005}],"mix_tag_stats":[{"key":["","trailing_stop_loss"],"trades":32,"profit_mean":0.01829624209693053,"profit_mean_pct":1.83,"profit_total_abs":233.69494645999998,"profit_total":0.23369494645999997,"profit_total_pct":23.37,"duration_avg":"9:26:00","wins":32,"draws":0,"losses":0,"winrate":1.0,"cagr":1.1048059186836823,"expectancy":7.3029670768749995,"expectancy_ratio":100.0,"sortino":-100,"sharpe":16.693485730542868,"calmar":-100,"sqn":15.6592,"profit_factor":0.0,"max_drawdown_account":0.0,"max_drawdown_abs":0.0},{"key":["","roi"],"trades":4,"profit_mean":0.05991109008981335,"profit_mean_pct":5.99,"profit_total_abs":95.79105641000001,"profit_total":0.09579105641,"profit_total_pct":9.58,"duration_avg":"7:15:00","wins":4,"draws":0,"losses":0,"winrate":1.0,"cagr":0.38287462848748466,"expectancy":23.947764102500003,"expectancy_ratio":100.0,"sortino":-100,"sharpe":425.6527185527714,"calmar":-100,"sqn":993.6807,"profit_factor":0.0,"max_drawdown_account":0.0,"max_drawdown_abs":0.0},{"key":["","stop_loss"],"trades":32,"profit_mean":-0.031996294631022604,"profit_mean_pct":-3.2,"profit_total_abs":-408.66725913,"profit_total":-0.40866725913,"profit_total_pct":-40.87,"duration_avg":"5:11:00","wins":0,"draws":0,"losses":32,"winrate":0.0,"cagr":-0.8446027848254747,"expectancy":-12.7708518478125,"expectancy_ratio":-1.0,"sortino":-1537.1214569272686,"sharpe":-1537.1214569272686,"calmar":-18.54851764518718,"sqn":-1441.8824,"profit_factor":0.0,"max_drawdown_account":0.4086672591300002,"max_drawdown_abs":408.66725913000016},{"key":"TOTAL","trades":68,"profit_mean":-0.0029229017754660693,"profit_mean_pct":-0.29,"profit_total_abs":-79.18125626000001,"profit_total":-0.07918125626000001,"profit_total_pct":-7.92,"duration_avg":"7:19:00","wins":36,"draws":0,"losses":32,"winrate":0.5294117647058824,"cagr":-0.2534750595959293,"expectancy":-1.1644302391176478,"expectancy_ratio":-0.09117874461264708,"sortino":-297.82471011455647,"sharpe":-1.252954776094306,"calmar":-8.320876662395625,"sqn":-0.8131,"profit_factor":0.8062451676981249,"max_drawdown_account":0.17650723457350864,"max_drawdown_abs":177.27246383000005}],"left_open_trades":[{"key":"TOTAL","trades":0,"profit_mean":0.0,"profit_mean_pct":0.0,"profit_total_abs":0.0,"profit_total":0.0,"profit_total_pct":0.0,"duration_avg":"0:00","wins":0,"draws":0,"losses":0,"winrate":0.0,"cagr":0.0,"expectancy":0.0,"expectancy_ratio":100.0,"sortino":0,"sharpe":0,"calmar":0,"sqn":0.0,"profit_factor":0.0,"max_drawdown_account":0.0,"max_drawdown_abs":0.0}],"total_trades":68,"trade_count_long":68,"trade_count_short":0,"total_volume":108560.01590749265,"avg_stake_amount":399.0040566911764,"profit_mean":-0.0029229017754660693,"profit_median":0.01041740824594985,"profit_total":-0.07918125626000001,"profit_total_long":-0.07918125626000001,"profit_total_short":0.0,"profit_total_abs":-79.18125626000001,"profit_total_long_abs":-79.18125626000001,"profit_total_short_abs":0.0,"cagr":-0.2534750595959293,"expectancy":-1.1644302391176478,"expectancy_ratio":-0.09117874461264708,"sortino":-297.82471011455647,"sharpe":-1.252954776094306,"calmar":-8.320876662395625,"sqn":-0.8131,"profit_factor":0.8062451676981249,"backtest_start":"2025-11-09 08:00:00","backtest_start_ts":1762675200000,"backtest_end":"2026-02-21 00:00:00","backtest_end_ts":1771632000000,"backtest_days":103,"backtest_run_start_ts":1771667135,"backtest_run_end_ts":1771667137,"trades_per_day":0.66,"market_change":-0.4152370334918748,"pairlist":["BTC/USDT:USDT","ETH/USDT:USDT","SOL/USDT:USDT","DOGE/USDT:USDT"],"stake_amount":400,"stake_currency":"USDT","stake_currency_decimals":3,"starting_balance":1000,"dry_run_wallet":1000,"final_balance":920.81874374,"rejected_signals":22,"timedout_entry_orders":0,"timedout_exit_orders":2,"canceled_trade_entries":0,"canceled_entry_orders":0,"replaced_entry_orders":0,"max_open_trades":2,"max_open_trades_setting":2,"timeframe":"1h","timeframe_detail":"","timerange":"20251109-20260221","enable_protections":false,"strategy_name":"SupertrendFuturesStrategyV4","freqaimodel":null,"freqai_identifier":null,"stoploss":-0.03,"trailing_stop":true,"trailing_stop_positive":0.02,"trailing_stop_positive_offset":0.03,"trailing_only_offset_is_reached":true,"use_custom_stoploss":false,"minimal_roi":{"0":0.06},"use_exit_signal":true,"exit_profit_only":false,"exit_profit_offset":0.0,"ignore_roi_if_entry_signal":false,"trading_mode":"futures","margin_mode":"isolated","periodic_breakdown":{"day":[{"date":"10/11/2025","date_ts":1762732800000,"profit_abs":-46.77362383,"wins":1,"draws":0,"losses":4,"trades":5,"profit_factor":0.08482649},{"date":"11/11/2025","date_ts":1762819200000,"profit_abs":-2.9608661,"wins":1,"draws":0,"losses":1,"trades":2,"profit_factor":0.76723802},{"date":"12/11/2025","date_ts":1762905600000,"profit_abs":-25.50452282,"wins":0,"draws":0,"losses":2,"trades":2,"profit_factor":0.0},{"date":"13/11/2025","date_ts":1762992000000,"profit_abs":0.0,"wins":0,"draws":0,"losses":0,"trades":0,"profit_factor":0.0},{"date":"14/11/2025","date_ts":1763078400000,"profit_abs":0.0,"wins":0,"draws":0,"losses":0,"trades":0,"profit_factor":0.0},{"date":"15/11/2025","date_ts":1763164800000,"profit_abs":0.0,"wins":0,"draws":0,"losses":0,"trades":0,"profit_factor":0.0},{"date":"16/11/2025","date_ts":1763251200000,"profit_abs":0.0,"wins":0,"draws":0,"losses":0,"trades":0,"profit_factor":0.0},{"date":"17/11/2025","date_ts":1763337600000,"profit_abs":0.0,"wins":0,"draws":0,"losses":0,"trades":0,"profit_factor":0.0},{"date":"18/11/2025","date_ts":1763424000000,"profit_abs":0.0,"wins":0,"draws":0,"losses":0,"trades":0,"profit_factor":0.0},{"date":"19/11/2025","date_ts":1763510400000,"profit_abs":0.0,"wins":0,"draws":0,"losses":0,"trades":0,"profit_factor":0.0},{"date":"20/11/2025","date_ts":1763596800000,"profit_abs":0.0,"wins":0,"draws":0,"losses":0,"trades":0,"profit_factor":0.0},{"date":"21/11/2025","date_ts":1763683200000,"profit_abs":0.0,"wins":0,"draws":0,"losses":0,"trades":0,"profit_factor":0.0},{"date":"22/11/2025","date_ts":1763769600000,"profit_abs":0.0,"wins":0,"draws":0,"losses":0,"trades":0,"profit_factor":0.0},{"date":"23/11/2025","date_ts":1763856000000,"profit_abs":0.0,"wins":0,"draws":0,"losses":0,"trades":0,"profit_factor":0.0},{"date":"24/11/2025","date_ts":1763942400000,"profit_abs":0.0,"wins":0,"draws":0,"losses":0,"trades":0,"profit_factor":0.0},{"date":"25/11/2025","date_ts":1764028800000,"profit_abs":0.0,"wins":0,"draws":0,"losses":0,"trades":0,"profit_factor":0.0},{"date":"26/11/2025","date_ts":1764115200000,"profit_abs":0.0,"wins":0,"draws":0,"losses":0,"trades":0,"profit_factor":0.0},{"date":"27/11/2025","date_ts":1764201600000,"profit_abs":-12.76954155,"wins":0,"draws":0,"losses":1,"trades":1,"profit_factor":0.0},{"date":"28/11/2025","date_ts":1764288000000,"profit_abs":7.03924683,"wins":1,"draws":0,"losses":0,"trades":1,"profit_factor":0.0},{"date":"29/11/2025","date_ts":1764374400000,"profit_abs":0.0,"wins":0,"draws":0,"losses":0,"trades":0,"profit_factor":0.0},{"date":"30/11/2025","date_ts":1764460800000,"profit_abs":-12.78061588,"wins":0,"draws":0,"losses":1,"trades":1,"profit_factor":0.0},{"date":"01/12/2025","date_ts":1764547200000,"profit_abs":0.0,"wins":0,"draws":0,"losses":0,"trades":0,"profit_factor":0.0},{"date":"02/12/2025","date_ts":1764633600000,"profit_abs":0.0,"wins":0,"draws":0,"losses":0,"trades":0,"profit_factor":0.0},{"date":"03/12/2025","date_ts":1764720000000,"profit_abs":15.81113035,"wins":2,"draws":0,"losses":0,"trades":2,"profit_factor":0.0},{"date":"04/12/2025","date_ts":1764806400000,"profit_abs":-20.83324965,"wins":1,"draws":0,"losses":2,"trades":3,"profit_factor":0.18459848},{"date":"05/12/2025","date_ts":1764892800000,"profit_abs":0.0,"wins":0,"draws":0,"losses":0,"trades":0,"profit_factor":0.0},{"date":"06/12/2025","date_ts":1764979200000,"profit_abs":0.0,"wins":0,"draws":0,"losses":0,"trades":0,"profit_factor":0.0},{"date":"07/12/2025","date_ts":1765065600000,"profit_abs":0.0,"wins":0,"draws":0,"losses":0,"trades":0,"profit_factor":0.0},{"date":"08/12/2025","date_ts":1765152000000,"profit_abs":0.0,"wins":0,"draws":0,"losses":0,"trades":0,"profit_factor":0.0},{"date":"09/12/2025","date_ts":1765238400000,"profit_abs":-12.746214,"wins":0,"draws":0,"losses":1,"trades":1,"profit_factor":0.0},{"date":"10/12/2025","date_ts":1765324800000,"profit_abs":11.61394979,"wins":4,"draws":0,"losses":1,"trades":5,"profit_factor":1.91803987},{"date":"11/12/2025","date_ts":1765411200000,"profit_abs":-12.7666541,"wins":0,"draws":0,"losses":1,"trades":1,"profit_factor":0.0},{"date":"12/12/2025","date_ts":1765497600000,"profit_abs":-8.55728229,"wins":1,"draws":0,"losses":1,"trades":2,"profit_factor":0.33095436},{"date":"13/12/2025","date_ts":1765584000000,"profit_abs":0.0,"wins":0,"draws":0,"losses":0,"trades":0,"profit_factor":0.0},{"date":"14/12/2025","date_ts":1765670400000,"profit_abs":0.0,"wins":0,"draws":0,"losses":0,"trades":0,"profit_factor":0.0},{"date":"15/12/2025","date_ts":1765756800000,"profit_abs":0.0,"wins":0,"draws":0,"losses":0,"trades":0,"profit_factor":0.0},{"date":"16/12/2025","date_ts":1765843200000,"profit_abs":0.0,"wins":0,"draws":0,"losses":0,"trades":0,"profit_factor":0.0},{"date":"17/12/2025","date_ts":1765929600000,"profit_abs":0.0,"wins":0,"draws":0,"losses":0,"trades":0,"profit_factor":0.0},{"date":"18/12/2025","date_ts":1766016000000,"profit_abs":0.0,"wins":0,"draws":0,"losses":0,"trades":0,"profit_factor":0.0},{"date":"19/12/2025","date_ts":1766102400000,"profit_abs":0.0,"wins":0,"draws":0,"losses":0,"trades":0,"profit_factor":0.0},{"date":"20/12/2025","date_ts":1766188800000,"profit_abs":0.0,"wins":0,"draws":0,"losses":0,"trades":0,"profit_factor":0.0},{"date":"21/12/2025","date_ts":1766275200000,"profit_abs":0.0,"wins":0,"draws":0,"losses":0,"trades":0,"profit_factor":0.0},{"date":"22/12/2025","date_ts":1766361600000,"profit_abs":-0.56540745,"wins":1,"draws":0,"losses":1,"trades":2,"profit_factor":0.95570342},{"date":"23/12/2025","date_ts":1766448000000,"profit_abs":0.0,"wins":0,"draws":0,"losses":0,"trades":0,"profit_factor":0.0},{"date":"24/12/2025","date_ts":1766534400000,"profit_abs":0.0,"wins":0,"draws":0,"losses":0,"trades":0,"profit_factor":0.0},{"date":"25/12/2025","date_ts":1766620800000,"profit_abs":0.0,"wins":0,"draws":0,"losses":0,"trades":0,"profit_factor":0.0},{"date":"26/12/2025","date_ts":1766707200000,"profit_abs":0.0,"wins":0,"draws":0,"losses":0,"trades":0,"profit_factor":0.0},{"date":"27/12/2025","date_ts":1766793600000,"profit_abs":0.0,"wins":0,"draws":0,"losses":0,"trades":0,"profit_factor":0.0},{"date":"28/12/2025","date_ts":1766880000000,"profit_abs":0.0,"wins":0,"draws":0,"losses":0,"trades":0,"profit_factor":0.0},{"date":"29/12/2025","date_ts":1766966400000,"profit_abs":-25.58675035,"wins":0,"draws":0,"losses":2,"trades":2,"profit_factor":0.0},{"date":"30/12/2025","date_ts":1767052800000,"profit_abs":0.0,"wins":0,"draws":0,"losses":0,"trades":0,"profit_factor":0.0},{"date":"31/12/2025","date_ts":1767139200000,"profit_abs":-25.55666396,"wins":0,"draws":0,"losses":2,"trades":2,"profit_factor":0.0},{"date":"01/01/2026","date_ts":1767225600000,"profit_abs":6.2227236,"wins":1,"draws":0,"losses":0,"trades":1,"profit_factor":0.0},{"date":"02/01/2026","date_ts":1767312000000,"profit_abs":43.24648053,"wins":3,"draws":0,"losses":0,"trades":3,"profit_factor":0.0},{"date":"03/01/2026","date_ts":1767398400000,"profit_abs":9.22274061,"wins":1,"draws":0,"losses":0,"trades":1,"profit_factor":0.0},{"date":"04/01/2026","date_ts":1767484800000,"profit_abs":35.10722511,"wins":2,"draws":0,"losses":0,"trades":2,"profit_factor":0.0},{"date":"05/01/2026","date_ts":1767571200000,"profit_abs":23.43089782,"wins":4,"draws":0,"losses":1,"trades":5,"profit_factor":2.83799875},{"date":"06/01/2026","date_ts":1767657600000,"profit_abs":-6.21469885,"wins":2,"draws":0,"losses":3,"trades":5,"profit_factor":0.83737048},{"date":"07/01/2026","date_ts":1767744000000,"profit_abs":-12.88503972,"wins":0,"draws":0,"losses":1,"trades":1,"profit_factor":0.0},{"date":"08/01/2026","date_ts":1767830400000,"profit_abs":0.0,"wins":0,"draws":0,"losses":0,"trades":0,"profit_factor":0.0},{"date":"09/01/2026","date_ts":1767916800000,"profit_abs":0.0,"wins":0,"draws":0,"losses":0,"trades":0,"profit_factor":0.0},{"date":"10/01/2026","date_ts":1768003200000,"profit_abs":0.0,"wins":0,"draws":0,"losses":0,"trades":0,"profit_factor":0.0},{"date":"11/01/2026","date_ts":1768089600000,"profit_abs":0.0,"wins":0,"draws":0,"losses":0,"trades":0,"profit_factor":0.0},{"date":"12/01/2026","date_ts":1768176000000,"profit_abs":1.39026957,"wins":4,"draws":0,"losses":2,"trades":6,"profit_factor":1.05442918},{"date":"13/01/2026","date_ts":1768262400000,"profit_abs":33.31455325,"wins":3,"draws":0,"losses":0,"trades":3,"profit_factor":0.0},{"date":"14/01/2026","date_ts":1768348800000,"profit_abs":12.0541314,"wins":4,"draws":0,"losses":1,"trades":5,"profit_factor":1.93816258},{"date":"15/01/2026","date_ts":1768435200000,"profit_abs":-38.34505627,"wins":0,"draws":0,"losses":3,"trades":3,"profit_factor":0.0},{"date":"16/01/2026","date_ts":1768521600000,"profit_abs":0.0,"wins":0,"draws":0,"losses":0,"trades":0,"profit_factor":0.0},{"date":"17/01/2026","date_ts":1768608000000,"profit_abs":0.0,"wins":0,"draws":0,"losses":0,"trades":0,"profit_factor":0.0},{"date":"18/01/2026","date_ts":1768694400000,"profit_abs":-12.7884183,"wins":0,"draws":0,"losses":1,"trades":1,"profit_factor":0.0}],"week":[{"date":"10/11/2025","date_ts":1762732800000,"profit_abs":-46.77362383,"wins":1,"draws":0,"losses":4,"trades":5,"profit_factor":0.08482649},{"date":"17/11/2025","date_ts":1763337600000,"profit_abs":-28.46538892,"wins":1,"draws":0,"losses":3,"trades":4,"profit_factor":0.255322},{"date":"24/11/2025","date_ts":1763942400000,"profit_abs":0.0,"wins":0,"draws":0,"losses":0,"trades":0,"profit_factor":0.0},{"date":"01/12/2025","date_ts":1764547200000,"profit_abs":-18.5109106,"wins":1,"draws":0,"losses":2,"trades":3,"profit_factor":0.27550698},{"date":"08/12/2025","date_ts":1765152000000,"profit_abs":-5.0221193,"wins":3,"draws":0,"losses":2,"trades":5,"profit_factor":0.80343711},{"date":"15/12/2025","date_ts":1765756800000,"profit_abs":-22.4562006,"wins":5,"draws":0,"losses":4,"trades":9,"profit_factor":0.5592845},{"date":"22/12/2025","date_ts":1766361600000,"profit_abs":-0.56540745,"wins":1,"draws":0,"losses":1,"trades":2,"profit_factor":0.95570342},{"date":"29/12/2025","date_ts":1766966400000,"profit_abs":-25.58675035,"wins":0,"draws":0,"losses":2,"trades":2,"profit_factor":0.0},{"date":"05/01/2026","date_ts":1767571200000,"profit_abs":91.67340371,"wins":11,"draws":0,"losses":3,"trades":14,"profit_factor":3.39326696},{"date":"12/01/2026","date_ts":1768176000000,"profit_abs":-17.709469,"wins":6,"draws":0,"losses":6,"trades":12,"profit_factor":0.7689314},{"date":"19/01/2026","date_ts":1768780800000,"profit_abs":-5.76478992,"wins":7,"draws":0,"losses":5,"trades":12,"profit_factor":0.90990001}],"month":[{"date":"30/11/2025","date_ts":1764460800000,"profit_abs":-93.74992335,"wins":3,"draws":0,"losses":9,"trades":12,"profit_factor":0.18396211},{"date":"31/12/2025","date_ts":1767139200000,"profit_abs":-79.18714166,"wins":9,"draws":0,"losses":11,"trades":20,"profit_factor":0.43603397},{"date":"31/01/2026","date_ts":1769817600000,"profit_abs":93.75580875,"wins":24,"draws":0,"losses":12,"trades":36,"profit_factor":1.61129761}],"year":[{"date":"31/12/2025","date_ts":1767139200000,"profit_abs":-172.93706501,"wins":12,"draws":0,"losses":20,"trades":32,"profit_factor":0.32260033},{"date":"31/12/2026","date_ts":1798675200000,"profit_abs":93.75580875,"wins":24,"draws":0,"losses":12,"trades":36,"profit_factor":1.61129761}],"weekday":[{"date":"Monday","date_ts":0,"profit_abs":-48.10461424,"wins":10,"draws":0,"losses":10,"trades":20,"profit_factor":0.62344925},{"date":"Tuesday","date_ts":1,"profit_abs":11.3927743,"wins":6,"draws":0,"losses":5,"trades":11,"profit_factor":1.17890486},{"date":"Wednesday","date_ts":2,"profit_abs":-24.46701496,"wins":10,"draws":0,"losses":7,"trades":17,"profit_factor":0.72645957},{"date":"Thursday","date_ts":3,"profit_abs":-78.49177797,"wins":2,"draws":0,"losses":7,"trades":9,"profit_factor":0.1223196},{"date":"Friday","date_ts":4,"profit_abs":41.72844507,"wins":5,"draws":0,"losses":1,"trades":6,"profit_factor":4.2625118},{"date":"Saturday","date_ts":5,"profit_abs":9.22274061,"wins":1,"draws":0,"losses":0,"trades":1,"profit_factor":0.0},{"date":"Sunday","date_ts":6,"profit_abs":9.53819093,"wins":2,"draws":0,"losses":2,"trades":4,"profit_factor":1.37303681}]},"backtest_best_day":0.10822435027609624,"backtest_worst_day":-0.11700429595902062,"backtest_best_day_abs":43.24648053,"backtest_worst_day_abs":-46.77362383,"winning_days":11,"draw_days":43,"losing_days":16,"daily_profit":[["2025-11-10",-46.77362383],["2025-11-11",-2.9608661],["2025-11-12",-25.50452282],["2025-11-13",0.0],["2025-11-14",0.0],["2025-11-15",0.0],["2025-11-16",0.0],["2025-11-17",0.0],["2025-11-18",0.0],["2025-11-19",0.0],["2025-11-20",0.0],["2025-11-21",0.0],["2025-11-22",0.0],["2025-11-23",0.0],["2025-11-24",0.0],["2025-11-25",0.0],["2025-11-26",0.0],["2025-11-27",-12.76954155],["2025-11-28",7.03924683],["2025-11-29",0.0],["2025-11-30",-12.78061588],["2025-12-01",0.0],["2025-12-02",0.0],["2025-12-03",15.81113035],["2025-12-04",-20.83324965],["2025-12-05",0.0],["2025-12-06",0.0],["2025-12-07",0.0],["2025-12-08",0.0],["2025-12-09",-12.746214],["2025-12-10",11.61394979],["2025-12-11",-12.7666541],["2025-12-12",-8.55728229],["2025-12-13",0.0],["2025-12-14",0.0],["2025-12-15",0.0],["2025-12-16",0.0],["2025-12-17",0.0],["2025-12-18",0.0],["2025-12-19",0.0],["2025-12-20",0.0],["2025-12-21",0.0],["2025-12-22",-0.56540745],["2025-12-23",0.0],["2025-12-24",0.0],["2025-12-25",0.0],["2025-12-26",0.0],["2025-12-27",0.0],["2025-12-28",0.0],["2025-12-29",-25.58675035],["2025-12-30",0.0],["2025-12-31",-25.55666396],["2026-01-01",6.2227236],["2026-01-02",43.24648053],["2026-01-03",9.22274061],["2026-01-04",35.10722511],["2026-01-05",23.43089782],["2026-01-06",-6.21469885],["2026-01-07",-12.88503972],["2026-01-08",0.0],["2026-01-09",0.0],["2026-01-10",0.0],["2026-01-11",0.0],["2026-01-12",1.39026957],["2026-01-13",33.31455325],["2026-01-14",12.0541314],["2026-01-15",-38.34505627],["2026-01-16",0.0],["2026-01-17",0.0],["2026-01-18",-12.7884183]],"wins":36,"losses":32,"draws":0,"winrate":0.5294117647058824,"holding_avg":"7:19:00","holding_avg_s":26340.0,"winner_holding_min":"0d 01:00","winner_holding_min_s":3600.0,"winner_holding_max":"2d 00:00","winner_holding_max_s":172800.0,"winner_holding_avg":"0d 09:12","winner_holding_avg_s":33120.0,"loser_holding_min":"0d 00:00","loser_holding_min_s":0.0,"loser_holding_max":"1d 00:00","loser_holding_max_s":86400.0,"loser_holding_avg":"0d 05:11","loser_holding_avg_s":18660.0,"max_consecutive_wins":10,"max_consecutive_losses":5,"max_drawdown_account":0.17650723457350864,"max_relative_drawdown":0.17650723457350864,"max_drawdown_abs":177.27246383000005,"drawdown_start":"2025-11-10 09:00:00","drawdown_start_ts":1762765200000.0,"drawdown_end":"2025-12-31 16:00:00","drawdown_end_ts":1767196800000.0,"drawdown_duration":"51 days 07:00:00","drawdown_duration_s":4431600.0,"max_drawdown_low":-172.93706501000005,"max_drawdown_high":4.33539882,"csum_min":827.0629349899999,"csum_max":1004.33539882}},"strategy_comparison":[{"key":"SupertrendFuturesStrategyV4","trades":68,"profit_mean":-0.0029229017754660693,"profit_mean_pct":-0.29,"profit_total_abs":-79.18125626000001,"profit_total":-0.07918125626000001,"profit_total_pct":-7.92,"duration_avg":"7:19:00","wins":36,"draws":0,"losses":32,"winrate":0.5294117647058824,"cagr":-0.2534750595959293,"expectancy":-1.1644302391176478,"expectancy_ratio":-0.09117874461264708,"sortino":-297.82471011455647,"sharpe":-1.252954776094306,"calmar":-8.320876662395625,"sqn":-0.8131,"profit_factor":0.8062451676981249,"max_drawdown_account":0.17650723457350864,"max_drawdown_abs":"177.272"}]}