{"strategy":{"SupertrendStrategyV2":{"trades":[{"pair":"DOGE/USDT","stake_amount":329.99999998,"max_stake_amount":329.99999998,"amount":3426.791277,"open_date":"2026-02-13 20:15:00+00:00","close_date":"2026-02-14 18:00:00+00:00","open_rate":0.0963,"close_rate":0.10623380070105157,"fee_open":0.0015,"fee_close":0.0015,"trade_duration":1305,"profit_ratio":0.09985022467053965,"profit_abs":33.0,"exit_reason":"roi","initial_stop_loss_abs":0.09053,"initial_stop_loss_ratio":-0.06,"stop_loss_abs":0.10309,"stop_loss_ratio":-0.03,"min_rate":0.0962,"max_rate":0.10627,"is_open":false,"enter_tag":"","leverage":1.0,"is_short":false,"open_timestamp":1771013700000,"close_timestamp":1771092000000,"orders":[{"amount":3426.791277,"safe_price":0.0963,"ft_order_side":"buy","order_filled_timestamp":1771013700000,"ft_is_entry":true,"ft_order_tag":"","cost":330.4949999750626},{"amount":3426.791277,"safe_price":0.10623380070105157,"ft_order_side":"sell","order_filled_timestamp":1771092000000,"ft_is_entry":false,"ft_order_tag":"roi","cost":364.5871231572674}],"funding_fees":0.0,"weekday":5},{"pair":"DOGE/USDT","stake_amount":340.88999992,"max_stake_amount":340.88999992,"amount":3079.681994,"open_date":"2026-02-14 23:30:00+00:00","close_date":"2026-02-15 04:15:00+00:00","open_rate":0.11069,"close_rate":0.11406,"fee_open":0.0015,"fee_close":0.0015,"trade_duration":285,"profit_ratio":0.02735868192286188,"profit_abs":9.34029053,"exit_reason":"trailing_stop_loss","initial_stop_loss_abs":0.10405,"initial_stop_loss_ratio":-0.06,"stop_loss_abs":0.11406,"stop_loss_ratio":-0.03,"min_rate":0.11049,"max_rate":0.11758,"is_open":false,"enter_tag":"","leverage":1.0,"is_short":false,"open_timestamp":1771111800000,"close_timestamp":1771128900000,"orders":[{"amount":3079.681994,"safe_price":0.11069,"ft_order_side":"buy","order_filled_timestamp":1771111800000,"ft_is_entry":true,"ft_order_tag":"","cost":341.4013349157338},{"amount":3079.681994,"safe_price":0.11406,"ft_order_side":"sell","order_filled_timestamp":1771128900000,"ft_is_entry":false,"ft_order_tag":"trailing_stop_loss","cost":351.79543102799346}],"funding_fees":0.0,"weekday":6},{"pair":"ETH/USDT","stake_amount":329.99811677,"max_stake_amount":329.99811677,"amount":0.160601,"open_date":"2026-02-13 19:30:00+00:00","close_date":"2026-02-15 13:00:00+00:00","open_rate":2054.77,"close_rate":2010.82,"fee_open":0.0015,"fee_close":0.0015,"trade_duration":2490,"profit_ratio":-0.024320690328615644,"profit_abs":-8.03782068,"exit_reason":"exit_signal","initial_stop_loss_abs":1931.4838,"initial_stop_loss_ratio":-0.06,"stop_loss_abs":1931.4838,"stop_loss_ratio":-0.06,"min_rate":2010.5,"max_rate":2107.95,"is_open":false,"enter_tag":"","leverage":1.0,"is_short":false,"open_timestamp":1771011000000,"close_timestamp":1771160400000,"orders":[{"amount":0.160601,"safe_price":2054.77,"ft_order_side":"buy","order_filled_timestamp":1771011000000,"ft_is_entry":true,"ft_order_tag":"","cost":330.49311394515496},{"amount":0.160601,"safe_price":2010.82,"ft_order_side":"sell","order_filled_timestamp":1771160400000,"ft_is_entry":false,"ft_order_tag":"exit_signal","cost":323.42411237423}],"funding_fees":0.0,"weekday":6},{"pair":"DOGE/USDT","stake_amount":343.97229578,"max_stake_amount":343.97229578,"amount":3004.124854,"open_date":"2026-02-15 04:30:00+00:00","close_date":"2026-02-15 13:45:00+00:00","open_rate":0.1145,"close_rate":0.10763,"fee_open":0.0015,"fee_close":0.0015,"trade_duration":555,"profit_ratio":-0.06281577634214856,"profit_abs":-21.63929713,"exit_reason":"stop_loss","initial_stop_loss_abs":0.10763,"initial_stop_loss_ratio":-0.06,"stop_loss_abs":0.10763,"stop_loss_ratio":-0.06,"min_rate":0.10717,"max_rate":0.1169,"is_open":false,"enter_tag":"","leverage":1.0,"is_short":false,"open_timestamp":1771129800000,"close_timestamp":1771163100000,"orders":[{"amount":3004.124854,"safe_price":0.1145,"ft_order_side":"buy","order_filled_timestamp":1771129800000,"ft_is_entry":true,"ft_order_tag":"","cost":344.48825422667454},{"amount":3004.124854,"safe_price":0.10763,"ft_order_side":"sell","order_filled_timestamp":1771163100000,"ft_is_entry":false,"ft_order_tag":"stop_loss","cost":323.8189589730741}],"funding_fees":0.0,"weekday":6}],"locks":[],"best_pair":{"key":"DOGE/USDT","trades":3,"profit_mean":0.021464376750417655,"profit_mean_pct":2.15,"profit_total_abs":20.700993400000005,"profit_total":0.020700993400000006,"profit_total_pct":2.07,"duration_avg":"11:55:00","wins":2,"draws":0,"losses":1,"winrate":0.6666666666666666,"cagr":0.27283791128600954,"expectancy":6.900331133333335,"expectancy_ratio":0.31887963328378843,"sortino":-100,"sharpe":0.5702315635234056,"calmar":61.452888392465795,"sqn":0.4362,"profit_factor":1.9566388998513653,"max_drawdown_account":0.02076029999665174,"max_drawdown_abs":21.63929713},"worst_pair":{"key":"ETH/USDT","trades":1,"profit_mean":-0.024320690328615644,"profit_mean_pct":-2.43,"profit_total_abs":-8.03782068,"profit_total":-0.00803782068,"profit_total_pct":-0.8,"duration_avg":"1 day, 17:30:00","wins":0,"draws":0,"losses":1,"winrate":0.0,"cagr":-0.09064639126093554,"expectancy":-8.03782068,"expectancy_ratio":-1.0,"sortino":-100,"sharpe":-100,"calmar":-61.62894572433176,"sqn":-100.0,"profit_factor":0.0,"max_drawdown_account":0.008037820679999981,"max_drawdown_abs":8.03782068},"results_per_pair":[{"key":"DOGE/USDT","trades":3,"profit_mean":0.021464376750417655,"profit_mean_pct":2.15,"profit_total_abs":20.700993400000005,"profit_total":0.020700993400000006,"profit_total_pct":2.07,"duration_avg":"11:55:00","wins":2,"draws":0,"losses":1,"winrate":0.6666666666666666,"cagr":0.27283791128600954,"expectancy":6.900331133333335,"expectancy_ratio":0.31887963328378843,"sortino":-100,"sharpe":0.5702315635234056,"calmar":61.452888392465795,"sqn":0.4362,"profit_factor":1.9566388998513653,"max_drawdown_account":0.02076029999665174,"max_drawdown_abs":21.63929713},{"key":"BTC/USDT","trades":0,"profit_mean":0.0,"profit_mean_pct":0.0,"profit_total_abs":0.0,"profit_total":0.0,"profit_total_pct":0.0,"duration_avg":"0:00","wins":0,"draws":0,"losses":0,"winrate":0.0,"cagr":0.0,"expectancy":0.0,"expectancy_ratio":100.0,"sortino":0,"sharpe":0,"calmar":0,"sqn":0.0,"profit_factor":0.0,"max_drawdown_account":0.0,"max_drawdown_abs":0.0},{"key":"SOL/USDT","trades":0,"profit_mean":0.0,"profit_mean_pct":0.0,"profit_total_abs":0.0,"profit_total":0.0,"profit_total_pct":0.0,"duration_avg":"0:00","wins":0,"draws":0,"losses":0,"winrate":0.0,"cagr":0.0,"expectancy":0.0,"expectancy_ratio":100.0,"sortino":0,"sharpe":0,"calmar":0,"sqn":0.0,"profit_factor":0.0,"max_drawdown_account":0.0,"max_drawdown_abs":0.0},{"key":"ETH/USDT","trades":1,"profit_mean":-0.024320690328615644,"profit_mean_pct":-2.43,"profit_total_abs":-8.03782068,"profit_total":-0.00803782068,"profit_total_pct":-0.8,"duration_avg":"1 day, 17:30:00","wins":0,"draws":0,"losses":1,"winrate":0.0,"cagr":-0.09064639126093554,"expectancy":-8.03782068,"expectancy_ratio":-1.0,"sortino":-100,"sharpe":-100,"calmar":-61.62894572433176,"sqn":-100.0,"profit_factor":0.0,"max_drawdown_account":0.008037820679999981,"max_drawdown_abs":8.03782068},{"key":"TOTAL","trades":4,"profit_mean":0.010018109980659332,"profit_mean_pct":1.0,"profit_total_abs":12.66317272000001,"profit_total":0.01266317272000001,"profit_total_pct":1.27,"duration_avg":"19:19:00","wins":2,"draws":0,"losses":2,"winrate":0.5,"cagr":0.1597013444305604,"expectancy":3.1657931800000014,"expectancy_ratio":0.21334909948251468,"sortino":1.1475489254825963,"sharpe":0.3820557872032244,"calmar":27.41038107726778,"sqn":0.2684,"profit_factor":1.4266981989650296,"max_drawdown_account":0.02847162110073473,"max_drawdown_abs":29.677117809999995}],"results_per_enter_tag":[{"key":"","trades":4,"profit_mean":0.010018109980659332,"profit_mean_pct":1.0,"profit_total_abs":12.66317272000001,"profit_total":0.01266317272000001,"profit_total_pct":1.27,"duration_avg":"19:19:00","wins":2,"draws":0,"losses":2,"winrate":0.5,"cagr":0.1597013444305604,"expectancy":3.1657931800000014,"expectancy_ratio":0.21334909948251468,"sortino":1.1475489254825963,"sharpe":0.3820557872032244,"calmar":27.41038107726778,"sqn":0.2684,"profit_factor":1.4266981989650296,"max_drawdown_account":0.02847162110073473,"max_drawdown_abs":29.677117809999995},{"key":"TOTAL","trades":4,"profit_mean":0.010018109980659332,"profit_mean_pct":1.0,"profit_total_abs":12.66317272000001,"profit_total":0.01266317272000001,"profit_total_pct":1.27,"duration_avg":"19:19:00","wins":2,"draws":0,"losses":2,"winrate":0.5,"cagr":0.1597013444305604,"expectancy":3.1657931800000014,"expectancy_ratio":0.21334909948251468,"sortino":1.1475489254825963,"sharpe":0.3820557872032244,"calmar":27.41038107726778,"sqn":0.2684,"profit_factor":1.4266981989650296,"max_drawdown_account":0.02847162110073473,"max_drawdown_abs":29.677117809999995}],"exit_reason_summary":[{"key":"roi","trades":1,"profit_mean":0.09985022467053965,"profit_mean_pct":9.99,"profit_total_abs":33.0,"profit_total":0.033,"profit_total_pct":3.3,"duration_avg":"21:45:00","wins":1,"draws":0,"losses":0,"winrate":1.0,"cagr":0.46561504550692834,"expectancy":33.0,"expectancy_ratio":100.0,"sortino":-100,"sharpe":-100,"calmar":-100,"sqn":-100.0,"profit_factor":0.0,"max_drawdown_account":0.0,"max_drawdown_abs":0.0},{"key":"trailing_stop_loss","trades":1,"profit_mean":0.02735868192286188,"profit_mean_pct":2.74,"profit_total_abs":9.34029053,"profit_total":0.009340290530000002,"profit_total_pct":0.93,"duration_avg":"4:45:00","wins":1,"draws":0,"losses":0,"winrate":1.0,"cagr":0.11567987001631597,"expectancy":9.34029053,"expectancy_ratio":100.0,"sortino":-100,"sharpe":-100,"calmar":-100,"sqn":-100.0,"profit_factor":0.0,"max_drawdown_account":0.0,"max_drawdown_abs":0.0},{"key":"exit_signal","trades":1,"profit_mean":-0.024320690328615644,"profit_mean_pct":-2.43,"profit_total_abs":-8.03782068,"profit_total":-0.00803782068,"profit_total_pct":-0.8,"duration_avg":"1 day, 17:30:00","wins":0,"draws":0,"losses":1,"winrate":0.0,"cagr":-0.09064639126093554,"expectancy":-8.03782068,"expectancy_ratio":-1.0,"sortino":-100,"sharpe":-100,"calmar":-61.62894572433176,"sqn":-100.0,"profit_factor":0.0,"max_drawdown_account":0.008037820679999981,"max_drawdown_abs":8.03782068},{"key":"stop_loss","trades":1,"profit_mean":-0.06281577634214856,"profit_mean_pct":-6.28,"profit_total_abs":-21.63929713,"profit_total":-0.02163929713,"profit_total_pct":-2.16,"duration_avg":"9:15:00","wins":0,"draws":0,"losses":1,"winrate":0.0,"cagr":-0.2270820532197273,"expectancy":-21.63929713,"expectancy_ratio":-1.0,"sortino":-100,"sharpe":-100,"calmar":-61.62894572433148,"sqn":-100.0,"profit_factor":0.0,"max_drawdown_account":0.021639297130000044,"max_drawdown_abs":21.63929713},{"key":"TOTAL","trades":4,"profit_mean":0.010018109980659332,"profit_mean_pct":1.0,"profit_total_abs":12.66317272000001,"profit_total":0.01266317272000001,"profit_total_pct":1.27,"duration_avg":"19:19:00","wins":2,"draws":0,"losses":2,"winrate":0.5,"cagr":0.1597013444305604,"expectancy":3.1657931800000014,"expectancy_ratio":0.21334909948251468,"sortino":1.1475489254825963,"sharpe":0.3820557872032244,"calmar":27.41038107726778,"sqn":0.2684,"profit_factor":1.4266981989650296,"max_drawdown_account":0.02847162110073473,"max_drawdown_abs":29.677117809999995}],"mix_tag_stats":[{"key":["","roi"],"trades":1,"profit_mean":0.09985022467053965,"profit_mean_pct":9.99,"profit_total_abs":33.0,"profit_total":0.033,"profit_total_pct":3.3,"duration_avg":"21:45:00","wins":1,"draws":0,"losses":0,"winrate":1.0,"cagr":0.46561504550692834,"expectancy":33.0,"expectancy_ratio":100.0,"sortino":-100,"sharpe":-100,"calmar":-100,"sqn":-100.0,"profit_factor":0.0,"max_drawdown_account":0.0,"max_drawdown_abs":0.0},{"key":["","trailing_stop_loss"],"trades":1,"profit_mean":0.02735868192286188,"profit_mean_pct":2.74,"profit_total_abs":9.34029053,"profit_total":0.009340290530000002,"profit_total_pct":0.93,"duration_avg":"4:45:00","wins":1,"draws":0,"losses":0,"winrate":1.0,"cagr":0.11567987001631597,"expectancy":9.34029053,"expectancy_ratio":100.0,"sortino":-100,"sharpe":-100,"calmar":-100,"sqn":-100.0,"profit_factor":0.0,"max_drawdown_account":0.0,"max_drawdown_abs":0.0},{"key":["","exit_signal"],"trades":1,"profit_mean":-0.024320690328615644,"profit_mean_pct":-2.43,"profit_total_abs":-8.03782068,"profit_total":-0.00803782068,"profit_total_pct":-0.8,"duration_avg":"1 day, 17:30:00","wins":0,"draws":0,"losses":1,"winrate":0.0,"cagr":-0.09064639126093554,"expectancy":-8.03782068,"expectancy_ratio":-1.0,"sortino":-100,"sharpe":-100,"calmar":-61.62894572433176,"sqn":-100.0,"profit_factor":0.0,"max_drawdown_account":0.008037820679999981,"max_drawdown_abs":8.03782068},{"key":["","stop_loss"],"trades":1,"profit_mean":-0.06281577634214856,"profit_mean_pct":-6.28,"profit_total_abs":-21.63929713,"profit_total":-0.02163929713,"profit_total_pct":-2.16,"duration_avg":"9:15:00","wins":0,"draws":0,"losses":1,"winrate":0.0,"cagr":-0.2270820532197273,"expectancy":-21.63929713,"expectancy_ratio":-1.0,"sortino":-100,"sharpe":-100,"calmar":-61.62894572433148,"sqn":-100.0,"profit_factor":0.0,"max_drawdown_account":0.021639297130000044,"max_drawdown_abs":21.63929713},{"key":"TOTAL","trades":4,"profit_mean":0.010018109980659332,"profit_mean_pct":1.0,"profit_total_abs":12.66317272000001,"profit_total":0.01266317272000001,"profit_total_pct":1.27,"duration_avg":"19:19:00","wins":2,"draws":0,"losses":2,"winrate":0.5,"cagr":0.1597013444305604,"expectancy":3.1657931800000014,"expectancy_ratio":0.21334909948251468,"sortino":1.1475489254825963,"sharpe":0.3820557872032244,"calmar":27.41038107726778,"sqn":0.2684,"profit_factor":1.4266981989650296,"max_drawdown_account":0.02847162110073473,"max_drawdown_abs":29.677117809999995}],"left_open_trades":[{"key":"TOTAL","trades":0,"profit_mean":0.0,"profit_mean_pct":0.0,"profit_total_abs":0.0,"profit_total":0.0,"profit_total_pct":0.0,"duration_avg":"0:00","wins":0,"draws":0,"losses":0,"winrate":0.0,"cagr":0.0,"expectancy":0.0,"expectancy_ratio":100.0,"sortino":0,"sharpe":0,"calmar":0,"sqn":0.0,"profit_factor":0.0,"max_drawdown_account":0.0,"max_drawdown_abs":0.0}],"total_trades":4,"trade_count_long":4,"trade_count_short":0,"total_volume":2710.503328595191,"avg_stake_amount":336.2151031125,"profit_mean":0.010018109980659332,"profit_median":0.001518995797123118,"profit_total":0.01266317272000001,"profit_total_long":0.01266317272000001,"profit_total_short":0.0,"profit_total_abs":12.66317272000001,"profit_total_long_abs":12.66317272000001,"profit_total_short_abs":0.0,"cagr":0.1597013444305604,"expectancy":3.1657931800000014,"expectancy_ratio":0.21334909948251468,"sortino":1.1475489254825963,"sharpe":0.3820557872032244,"calmar":27.41038107726778,"sqn":0.2684,"profit_factor":1.4266981989650296,"backtest_start":"2026-01-20 00:00:00","backtest_start_ts":1768867200000,"backtest_end":"2026-02-20 00:00:00","backtest_end_ts":1771545600000,"backtest_days":31,"backtest_run_start_ts":1771555500,"backtest_run_end_ts":1771555501,"trades_per_day":0.13,"market_change":-0.3195652300127002,"pairlist":["BTC/USDT","ETH/USDT","SOL/USDT","DOGE/USDT"],"stake_amount":"unlimited","stake_currency":"USDT","stake_currency_decimals":3,"starting_balance":1000,"dry_run_wallet":1000,"final_balance":1012.66317272,"rejected_signals":0,"timedout_entry_orders":0,"timedout_exit_orders":0,"canceled_trade_entries":0,"canceled_entry_orders":0,"replaced_entry_orders":0,"max_open_trades":3,"max_open_trades_setting":3,"timeframe":"15m","timeframe_detail":"","timerange":"20260120-20260220","enable_protections":false,"strategy_name":"SupertrendStrategyV2","freqaimodel":null,"freqai_identifier":null,"stoploss":-0.06,"trailing_stop":true,"trailing_stop_positive":0.03,"trailing_stop_positive_offset":0.04,"trailing_only_offset_is_reached":true,"use_custom_stoploss":false,"minimal_roi":{"0":0.1},"use_exit_signal":true,"exit_profit_only":false,"exit_profit_offset":0.0,"ignore_roi_if_entry_signal":false,"trading_mode":"spot","margin_mode":"","periodic_breakdown":{"day":[{"date":"14/02/2026","date_ts":1771027200000,"profit_abs":33.0,"wins":1,"draws":0,"losses":0,"trades":1,"profit_factor":0.0},{"date":"15/02/2026","date_ts":1771113600000,"profit_abs":-20.33682728,"wins":1,"draws":0,"losses":2,"trades":3,"profit_factor":0.31473038}],"week":[{"date":"16/02/2026","date_ts":1771200000000,"profit_abs":12.66317272,"wins":2,"draws":0,"losses":2,"trades":4,"profit_factor":1.4266982}],"month":[{"date":"28/02/2026","date_ts":1772236800000,"profit_abs":12.66317272,"wins":2,"draws":0,"losses":2,"trades":4,"profit_factor":1.4266982}],"year":[{"date":"31/12/2026","date_ts":1798675200000,"profit_abs":12.66317272,"wins":2,"draws":0,"losses":2,"trades":4,"profit_factor":1.4266982}],"weekday":[{"date":"Saturday","date_ts":5,"profit_abs":33.0,"wins":1,"draws":0,"losses":0,"trades":1,"profit_factor":0.0},{"date":"Sunday","date_ts":6,"profit_abs":-20.33682728,"wins":1,"draws":0,"losses":2,"trades":3,"profit_factor":0.31473038}]},"backtest_best_day":0.09985022467053965,"backtest_worst_day":-0.059777784747902324,"backtest_best_day_abs":33.0,"backtest_worst_day_abs":-20.33682728,"winning_days":1,"draw_days":0,"losing_days":1,"daily_profit":[["2026-02-14",33.0],["2026-02-15",-20.33682728]],"wins":2,"losses":2,"draws":0,"winrate":0.5,"holding_avg":"19:19:00","holding_avg_s":69540.0,"winner_holding_min":"0d 04:45","winner_holding_min_s":17100.0,"winner_holding_max":"0d 21:45","winner_holding_max_s":78300.0,"winner_holding_avg":"0d 13:15","winner_holding_avg_s":47700.0,"loser_holding_min":"0d 09:15","loser_holding_min_s":33300.0,"loser_holding_max":"1d 17:30","loser_holding_max_s":149400.0,"loser_holding_avg":"1d 01:22","loser_holding_avg_s":91320.0,"max_consecutive_wins":2,"max_consecutive_losses":2,"max_drawdown_account":0.02847162110073473,"max_relative_drawdown":0.02847162110073473,"max_drawdown_abs":29.677117809999995,"drawdown_start":"2026-02-15 04:15:00","drawdown_start_ts":1771128900000.0,"drawdown_end":"2026-02-15 13:45:00","drawdown_end_ts":1771163100000.0,"drawdown_duration":"0 days 09:30:00","drawdown_duration_s":34200.0,"max_drawdown_low":12.66317272000001,"max_drawdown_high":42.340290530000004,"csum_min":1012.66317272,"csum_max":1042.34029053}},"strategy_comparison":[{"key":"SupertrendStrategyV2","trades":4,"profit_mean":0.010018109980659332,"profit_mean_pct":1.0,"profit_total_abs":12.66317272000001,"profit_total":0.01266317272000001,"profit_total_pct":1.27,"duration_avg":"19:19:00","wins":2,"draws":0,"losses":2,"winrate":0.5,"cagr":0.1597013444305604,"expectancy":3.1657931800000014,"expectancy_ratio":0.21334909948251468,"sortino":1.1475489254825963,"sharpe":0.3820557872032244,"calmar":27.41038107726778,"sqn":0.2684,"profit_factor":1.4266981989650296,"max_drawdown_account":0.02847162110073473,"max_drawdown_abs":"29.677"}]}