{"strategy":{"SupertrendFuturesStrategyV4":{"trades":[{"pair":"SOL/USDT:USDT","stake_amount":399.5684,"max_stake_amount":399.5684,"amount":6.16,"open_date":"2026-01-22 03:00:00+00:00","close_date":"2026-01-23 14:45:00+00:00","open_rate":129.73,"close_rate":125.69,"fee_open":0.0005,"fee_close":0.0005,"trade_duration":2145,"profit_ratio":-0.06395083120774271,"profit_abs":-25.56550767,"exit_reason":"exit_signal","initial_stop_loss_abs":125.18944999999998,"initial_stop_loss_ratio":-0.07,"stop_loss_abs":125.18944999999998,"stop_loss_ratio":-0.07,"min_rate":125.22,"max_rate":130.89,"is_open":false,"enter_tag":"","leverage":2,"is_short":false,"open_timestamp":1769050800000,"close_timestamp":1769179500000,"orders":[{"amount":6.16,"safe_price":129.73,"ft_order_side":"buy","order_filled_timestamp":1769050800000,"ft_is_entry":true,"ft_order_tag":"","cost":799.5363683999999},{"amount":6.16,"safe_price":125.69,"ft_order_side":"sell","order_filled_timestamp":1769179500000,"ft_is_entry":false,"ft_order_tag":"exit_signal","cost":774.6375252}],"funding_fees":0.10758593117134554,"weekday":4},{"pair":"ETH/USDT:USDT","stake_amount":399.82546,"max_stake_amount":399.82546,"amount":0.269,"open_date":"2026-01-27 16:15:00+00:00","close_date":"2026-01-28 03:00:00+00:00","open_rate":2972.68,"close_rate":3003.3333000000002,"fee_open":0.0005,"fee_close":0.0005,"trade_duration":645,"profit_ratio":0.01859340091164722,"profit_abs":7.43783213,"exit_reason":"trailing_stop_loss","initial_stop_loss_abs":2868.6362,"initial_stop_loss_ratio":-0.07,"stop_loss_abs":3003.3333000000002,"stop_loss_ratio":-0.02,"min_rate":2916.51,"max_rate":3033.67,"is_open":false,"enter_tag":"","leverage":2,"is_short":false,"open_timestamp":1769530500000,"close_timestamp":1769569200000,"orders":[{"amount":0.269,"safe_price":2972.68,"ft_order_side":"buy","order_filled_timestamp":1769530500000,"ft_is_entry":true,"ft_order_tag":"","cost":800.05074546},{"amount":0.269,"safe_price":3003.3333000000002,"ft_order_side":"sell","order_filled_timestamp":1769569200000,"ft_is_entry":false,"ft_order_tag":"trailing_stop_loss","cost":808.3006060288501}],"funding_fees":-0.004131783656733732,"weekday":2},{"pair":"SOL/USDT:USDT","stake_amount":399.5034,"max_stake_amount":399.5034,"amount":6.36,"open_date":"2026-01-27 16:30:00+00:00","close_date":"2026-01-28 04:15:00+00:00","open_rate":125.63,"close_rate":126.5022,"fee_open":0.0005,"fee_close":0.0005,"trade_duration":705,"profit_ratio":0.011732906683507644,"profit_abs":4.68967978,"exit_reason":"trailing_stop_loss","initial_stop_loss_abs":121.23294999999999,"initial_stop_loss_ratio":-0.07,"stop_loss_abs":126.5022,"stop_loss_ratio":-0.02,"min_rate":123.45,"max_rate":127.78,"is_open":false,"enter_tag":"","leverage":2,"is_short":false,"open_timestamp":1769531400000,"close_timestamp":1769573700000,"orders":[{"amount":6.36,"safe_price":125.63,"ft_order_side":"buy","order_filled_timestamp":1769531400000,"ft_is_entry":true,"ft_order_tag":"","cost":799.4063034},{"amount":6.36,"safe_price":126.5022,"ft_order_side":"sell","order_filled_timestamp":1769573700000,"ft_is_entry":false,"ft_order_tag":"trailing_stop_loss","cost":804.9562689960001}],"funding_fees":-0.05573182366389581,"weekday":2},{"pair":"DOGE/USDT:USDT","stake_amount":399.59865,"max_stake_amount":399.59865,"amount":6390.0,"open_date":"2026-01-28 06:30:00+00:00","close_date":"2026-01-28 09:30:00+00:00","open_rate":0.12507,"close_rate":0.12589,"fee_open":0.0005,"fee_close":0.0005,"trade_duration":180,"profit_ratio":0.011000278483884037,"profit_abs":4.39789428,"exit_reason":"trailing_stop_loss","initial_stop_loss_abs":0.1207,"initial_stop_loss_ratio":-0.07,"stop_loss_abs":0.12589,"stop_loss_ratio":-0.02,"min_rate":0.12489,"max_rate":0.12716,"is_open":false,"enter_tag":"","leverage":2,"is_short":false,"open_timestamp":1769581800000,"close_timestamp":1769592600000,"orders":[{"amount":6390.0,"safe_price":0.12507,"ft_order_side":"buy","order_filled_timestamp":1769581800000,"ft_is_entry":true,"ft_order_tag":"","cost":799.5968986499998},{"amount":6390.0,"safe_price":0.12589,"ft_order_side":"sell","order_filled_timestamp":1769592600000,"ft_is_entry":false,"ft_order_tag":"trailing_stop_loss","cost":804.8393185499999}],"funding_fees":-0.040088522955592946,"weekday":2},{"pair":"DOGE/USDT:USDT","stake_amount":399.6136,"max_stake_amount":399.6136,"amount":6320.0,"open_date":"2026-01-28 10:30:00+00:00","close_date":"2026-01-29 02:30:00+00:00","open_rate":0.12646,"close_rate":0.12204,"fee_open":0.0005,"fee_close":0.0005,"trade_duration":960,"profit_ratio":-0.07222703688484715,"profit_abs":-28.87733768,"exit_reason":"stop_loss","initial_stop_loss_abs":0.12204,"initial_stop_loss_ratio":-0.07,"stop_loss_abs":0.12204,"stop_loss_ratio":-0.07,"min_rate":0.12181,"max_rate":0.12722,"is_open":false,"enter_tag":"","leverage":2,"is_short":false,"open_timestamp":1769596200000,"close_timestamp":1769653800000,"orders":[{"amount":6320.0,"safe_price":0.12646,"ft_order_side":"buy","order_filled_timestamp":1769596200000,"ft_is_entry":true,"ft_order_tag":"","cost":799.6268135999999},{"amount":6320.0,"safe_price":0.12204,"ft_order_side":"sell","order_filled_timestamp":1769653800000,"ft_is_entry":false,"ft_order_tag":"stop_loss","cost":771.6784463999999}],"funding_fees":-0.15767768,"weekday":3},{"pair":"ETH/USDT:USDT","stake_amount":399.36043,"max_stake_amount":399.36043,"amount":0.266,"open_date":"2026-01-28 03:15:00+00:00","close_date":"2026-01-29 14:45:00+00:00","open_rate":3002.71,"close_rate":2897.61515,"fee_open":0.0005,"fee_close":0.0005,"trade_duration":2130,"profit_ratio":-0.07225156038340742,"profit_abs":-28.86884143,"exit_reason":"stop_loss","initial_stop_loss_abs":2897.61515,"initial_stop_loss_ratio":-0.07,"stop_loss_abs":2897.61515,"stop_loss_ratio":-0.07,"min_rate":2874.15,"max_rate":3045.47,"is_open":false,"enter_tag":"","leverage":2,"is_short":false,"open_timestamp":1769570100000,"close_timestamp":1769697900000,"orders":[{"amount":0.266,"safe_price":3002.71,"ft_order_side":"buy","order_filled_timestamp":1769570100000,"ft_is_entry":true,"ft_order_tag":"","cost":799.12022043},{"amount":0.266,"safe_price":2897.61515,"ft_order_side":"sell","order_filled_timestamp":1769697900000,"ft_is_entry":false,"ft_order_tag":"stop_loss","cost":771.15101271495}],"funding_fees":-0.12886808921603451,"weekday":3},{"pair":"DOGE/USDT:USDT","stake_amount":399.78475,"max_stake_amount":399.78475,"amount":8630.0,"open_date":"2026-02-12 06:45:00+00:00","close_date":"2026-02-12 12:45:00+00:00","open_rate":0.09265,"close_rate":0.09327,"fee_open":0.0005,"fee_close":0.0005,"trade_duration":360,"profit_ratio":0.011303569914969789,"profit_abs":4.52125437,"exit_reason":"trailing_stop_loss","initial_stop_loss_abs":0.08941,"initial_stop_loss_ratio":-0.07,"stop_loss_abs":0.09327,"stop_loss_ratio":-0.02,"min_rate":0.09235,"max_rate":0.09421,"is_open":false,"enter_tag":"","leverage":2,"is_short":false,"open_timestamp":1770878700000,"close_timestamp":1770900300000,"orders":[{"amount":8630.0,"safe_price":0.09265,"ft_order_side":"buy","order_filled_timestamp":1770878700000,"ft_is_entry":true,"ft_order_tag":"","cost":799.9692847499999},{"amount":8630.0,"safe_price":0.09327,"ft_order_side":"sell","order_filled_timestamp":1770900300000,"ft_is_entry":false,"ft_order_tag":"trailing_stop_loss","cost":805.32256005}],"funding_fees":-0.027100828059224313,"weekday":3},{"pair":"ETH/USDT:USDT","stake_amount":399.5076,"max_stake_amount":399.5076,"amount":0.402,"open_date":"2026-02-12 11:15:00+00:00","close_date":"2026-02-12 16:00:00+00:00","open_rate":1987.6,"close_rate":1918.0339999999999,"fee_open":0.0005,"fee_close":0.0005,"trade_duration":285,"profit_ratio":-0.07195046540071938,"profit_abs":-28.75913013,"exit_reason":"stop_loss","initial_stop_loss_abs":1918.0339999999999,"initial_stop_loss_ratio":-0.07,"stop_loss_abs":1918.0339999999999,"stop_loss_ratio":-0.07,"min_rate":1916.81,"max_rate":2001.28,"is_open":false,"enter_tag":"","leverage":2,"is_short":false,"open_timestamp":1770894900000,"close_timestamp":1770912000000,"orders":[{"amount":0.402,"safe_price":1987.6,"ft_order_side":"buy","order_filled_timestamp":1770894900000,"ft_is_entry":true,"ft_order_tag":"","cost":799.4147076},{"amount":0.402,"safe_price":1918.0339999999999,"ft_order_side":"sell","order_filled_timestamp":1770912000000,"ft_is_entry":false,"ft_order_tag":"stop_loss","cost":771.435192834}],"funding_fees":-0.00856569301020256,"weekday":3},{"pair":"DOGE/USDT:USDT","stake_amount":399.84075,"max_stake_amount":399.84075,"amount":8550.0,"open_date":"2026-02-12 13:00:00+00:00","close_date":"2026-02-13 15:00:00+00:00","open_rate":0.09353,"close_rate":0.09454,"fee_open":0.0005,"fee_close":0.0005,"trade_duration":1560,"profit_ratio":0.019512108938031125,"profit_abs":7.80563714,"exit_reason":"trailing_stop_loss","initial_stop_loss_abs":0.09026,"initial_stop_loss_ratio":-0.07,"stop_loss_abs":0.09454,"stop_loss_ratio":-0.02,"min_rate":0.09063,"max_rate":0.09549,"is_open":false,"enter_tag":"","leverage":2,"is_short":false,"open_timestamp":1770901200000,"close_timestamp":1770994800000,"orders":[{"amount":8550.0,"safe_price":0.09353,"ft_order_side":"buy","order_filled_timestamp":1770901200000,"ft_is_entry":true,"ft_order_tag":"","cost":800.08134075},{"amount":8550.0,"safe_price":0.09454,"ft_order_side":"sell","order_filled_timestamp":1770994800000,"ft_is_entry":false,"ft_order_tag":"trailing_stop_loss","cost":808.7211585}],"funding_fees":-0.025863611168180083,"weekday":4},{"pair":"BTC/USDT:USDT","stake_amount":398.65,"max_stake_amount":398.65,"amount":0.0119,"open_date":"2026-02-13 10:45:00+00:00","close_date":"2026-02-13 15:00:00+00:00","open_rate":67000.0,"close_rate":67888.458,"fee_open":0.0005,"fee_close":0.0005,"trade_duration":255,"profit_ratio":0.024495625935934576,"profit_abs":9.77006387,"exit_reason":"trailing_stop_loss","initial_stop_loss_abs":64655.0,"initial_stop_loss_ratio":-0.07,"stop_loss_abs":67888.458,"stop_loss_ratio":-0.02,"min_rate":66752.1,"max_rate":68574.2,"is_open":false,"enter_tag":"","leverage":2,"is_short":false,"open_timestamp":1770979500000,"close_timestamp":1770994800000,"orders":[{"amount":0.0119,"safe_price":67000.0,"ft_order_side":"buy","order_filled_timestamp":1770979500000,"ft_is_entry":true,"ft_order_tag":"","cost":797.69865},{"amount":0.0119,"safe_price":67888.458,"ft_order_side":"sell","order_filled_timestamp":1770994800000,"ft_is_entry":false,"ft_order_tag":"trailing_stop_loss","cost":808.2765865251}],"funding_fees":0.0,"weekday":4},{"pair":"DOGE/USDT:USDT","stake_amount":399.8658,"max_stake_amount":399.8658,"amount":8420.0,"open_date":"2026-02-13 15:15:00+00:00","close_date":"2026-02-13 15:30:00+00:00","open_rate":0.09498,"close_rate":0.0957,"fee_open":0.0005,"fee_close":0.0005,"trade_duration":15,"profit_ratio":0.013146932534995926,"profit_abs":5.2596372,"exit_reason":"trailing_stop_loss","initial_stop_loss_abs":0.09166,"initial_stop_loss_ratio":-0.07,"stop_loss_abs":0.0957,"stop_loss_ratio":-0.02,"min_rate":0.09461,"max_rate":0.09666,"is_open":false,"enter_tag":"","leverage":2,"is_short":false,"open_timestamp":1770995700000,"close_timestamp":1770996600000,"orders":[{"amount":8420.0,"safe_price":0.09498,"ft_order_side":"buy","order_filled_timestamp":1770995700000,"ft_is_entry":true,"ft_order_tag":"","cost":800.1314657999999},{"amount":8420.0,"safe_price":0.0957,"ft_order_side":"sell","order_filled_timestamp":1770996600000,"ft_is_entry":false,"ft_order_tag":"trailing_stop_loss","cost":806.1968969999999}],"funding_fees":0.0,"weekday":4},{"pair":"DOGE/USDT:USDT","stake_amount":399.62565,"max_stake_amount":399.62565,"amount":8370.0,"open_date":"2026-02-13 15:45:00+00:00","close_date":"2026-02-13 23:00:00+00:00","open_rate":0.09549,"close_rate":0.09671,"fee_open":0.0005,"fee_close":0.0005,"trade_duration":435,"profit_ratio":0.023475255011730384,"profit_abs":9.3860047,"exit_reason":"trailing_stop_loss","initial_stop_loss_abs":0.09215,"initial_stop_loss_ratio":-0.07,"stop_loss_abs":0.09671,"stop_loss_ratio":-0.02,"min_rate":0.0949,"max_rate":0.09768,"is_open":false,"enter_tag":"","leverage":2,"is_short":false,"open_timestamp":1770997500000,"close_timestamp":1771023600000,"orders":[{"amount":8370.0,"safe_price":0.09549,"ft_order_side":"buy","order_filled_timestamp":1770997500000,"ft_is_entry":true,"ft_order_tag":"","cost":799.65092565},{"amount":8370.0,"safe_price":0.09671,"ft_order_side":"sell","order_filled_timestamp":1771023600000,"ft_is_entry":false,"ft_order_tag":"trailing_stop_loss","cost":809.86743135}],"funding_fees":-0.02103829746988349,"weekday":4},{"pair":"ETH/USDT:USDT","stake_amount":399.76231,"max_stake_amount":399.76231,"amount":0.391,"open_date":"2026-02-13 22:15:00+00:00","close_date":"2026-02-14 08:00:00+00:00","open_rate":2044.82,"close_rate":2070.9117,"fee_open":0.0005,"fee_close":0.0005,"trade_duration":585,"profit_ratio":0.023325962069210875,"profit_abs":9.3295029,"exit_reason":"trailing_stop_loss","initial_stop_loss_abs":1973.2513,"initial_stop_loss_ratio":-0.07,"stop_loss_abs":2070.9117,"stop_loss_ratio":-0.02,"min_rate":2041.05,"max_rate":2091.83,"is_open":false,"enter_tag":"","leverage":2,"is_short":false,"open_timestamp":1771020900000,"close_timestamp":1771056000000,"orders":[{"amount":0.391,"safe_price":2044.82,"ft_order_side":"buy","order_filled_timestamp":1771020900000,"ft_is_entry":true,"ft_order_tag":"","cost":799.9243823099999},{"amount":0.391,"safe_price":2070.9117,"ft_order_side":"sell","order_filled_timestamp":1771056000000,"ft_is_entry":false,"ft_order_tag":"trailing_stop_loss","cost":810.1313379373499}],"funding_fees":-0.06772624769770674,"weekday":5},{"pair":"DOGE/USDT:USDT","stake_amount":399.81315,"max_stake_amount":399.81315,"amount":8270.0,"open_date":"2026-02-13 23:30:00+00:00","close_date":"2026-02-14 11:00:00+00:00","open_rate":0.09669,"close_rate":0.09806,"fee_open":0.0005,"fee_close":0.0005,"trade_duration":690,"profit_ratio":0.025989642735700993,"profit_abs":10.39619643,"exit_reason":"trailing_stop_loss","initial_stop_loss_abs":0.09331,"initial_stop_loss_ratio":-0.07,"stop_loss_abs":0.09806,"stop_loss_ratio":-0.02,"min_rate":0.09624,"max_rate":0.09905,"is_open":false,"enter_tag":"","leverage":2,"is_short":false,"open_timestamp":1771025400000,"close_timestamp":1771066800000,"orders":[{"amount":8270.0,"safe_price":0.09669,"ft_order_side":"buy","order_filled_timestamp":1771025400000,"ft_is_entry":true,"ft_order_tag":"","cost":800.02611315},{"amount":8270.0,"safe_price":0.09806,"ft_order_side":"sell","order_filled_timestamp":1771066800000,"ft_is_entry":false,"ft_order_tag":"trailing_stop_loss","cost":811.3616781}],"funding_fees":-0.12841232237715816,"weekday":5},{"pair":"ETH/USDT:USDT","stake_amount":399.966435,"max_stake_amount":399.966435,"amount":0.387,"open_date":"2026-02-14 08:30:00+00:00","close_date":"2026-02-14 12:30:00+00:00","open_rate":2067.01,"close_rate":2086.4745000000003,"fee_open":0.0005,"fee_close":0.0005,"trade_duration":240,"profit_ratio":0.01681565954478118,"profit_abs":6.72906225,"exit_reason":"trailing_stop_loss","initial_stop_loss_abs":1994.6646500000002,"initial_stop_loss_ratio":-0.07,"stop_loss_abs":2086.4745000000003,"stop_loss_ratio":-0.02,"min_rate":2067.01,"max_rate":2107.55,"is_open":false,"enter_tag":"","leverage":2,"is_short":false,"open_timestamp":1771057800000,"close_timestamp":1771072200000,"orders":[{"amount":0.387,"safe_price":2067.01,"ft_order_side":"buy","order_filled_timestamp":1771057800000,"ft_is_entry":true,"ft_order_tag":"","cost":800.3328364350001},{"amount":0.387,"safe_price":2086.4745000000003,"ft_order_side":"sell","order_filled_timestamp":1771072200000,"ft_is_entry":false,"ft_order_tag":"trailing_stop_loss","cost":807.8693643157501}],"funding_fees":0.0,"weekday":5},{"pair":"BTC/USDT:USDT","stake_amount":399.3306,"max_stake_amount":399.3306,"amount":0.0114,"open_date":"2026-02-14 12:45:00+00:00","close_date":"2026-02-15 13:00:00+00:00","open_rate":70058.0,"close_rate":69282.0,"fee_open":0.0005,"fee_close":0.0005,"trade_duration":1455,"profit_ratio":-0.024397986276910973,"profit_abs":-9.74773393,"exit_reason":"exit_signal","initial_stop_loss_abs":67605.97,"initial_stop_loss_ratio":-0.07,"stop_loss_abs":67605.97,"stop_loss_ratio":-0.07,"min_rate":69194.0,"max_rate":70929.0,"is_open":false,"enter_tag":"","leverage":2,"is_short":false,"open_timestamp":1771073100000,"close_timestamp":1771160400000,"orders":[{"amount":0.0114,"safe_price":70058.0,"ft_order_side":"buy","order_filled_timestamp":1771073100000,"ft_is_entry":true,"ft_order_tag":"","cost":799.0605306},{"amount":0.0114,"safe_price":69282.0,"ft_order_side":"sell","order_filled_timestamp":1771160400000,"ft_is_entry":false,"ft_order_tag":"exit_signal","cost":790.2097074}],"funding_fees":-0.10709592821741874,"weekday":6},{"pair":"ETH/USDT:USDT","stake_amount":399.947625,"max_stake_amount":399.947625,"amount":0.385,"open_date":"2026-02-14 12:45:00+00:00","close_date":"2026-02-15 13:00:00+00:00","open_rate":2077.65,"close_rate":2009.54,"fee_open":0.0005,"fee_close":0.0005,"trade_duration":1455,"profit_ratio":-0.06799723327278913,"profit_abs":-27.20892962,"exit_reason":"exit_signal","initial_stop_loss_abs":2004.93225,"initial_stop_loss_ratio":-0.07,"stop_loss_abs":2004.93225,"stop_loss_ratio":-0.07,"min_rate":2008.43,"max_rate":2102.8,"is_open":false,"enter_tag":"","leverage":2,"is_short":false,"open_timestamp":1771073100000,"close_timestamp":1771160400000,"orders":[{"amount":0.385,"safe_price":2077.65,"ft_order_side":"buy","order_filled_timestamp":1771073100000,"ft_is_entry":true,"ft_order_tag":"","cost":800.295197625},{"amount":0.385,"safe_price":2009.54,"ft_order_side":"sell","order_filled_timestamp":1771160400000,"ft_is_entry":false,"ft_order_tag":"exit_signal","cost":774.05973645}],"funding_fees":-0.19979554193681823,"weekday":6}],"locks":[],"best_pair":{"key":"DOGE/USDT:USDT","trades":7,"profit_mean":0.00460010724778073,"profit_mean_pct":0.46,"profit_total_abs":12.889286440000001,"profit_total":0.012889286440000002,"profit_total_pct":1.29,"duration_avg":"10:00:00","wins":6,"draws":0,"losses":1,"winrate":0.8571428571428571,"cagr":0.18169214831938052,"expectancy":1.841326634285715,"expectancy_ratio":0.0637637255445811,"sortino":-100,"sharpe":0.6907516056843602,"calmar":30.589044990290386,"sqn":0.3543,"profit_factor":1.4463460788120688,"max_drawdown_account":0.028750894286472622,"max_drawdown_abs":28.87733768},"worst_pair":{"key":"ETH/USDT:USDT","trades":6,"profit_mean":-0.02557737275521278,"profit_mean_pct":-2.56,"profit_total_abs":-61.3405039,"profit_total":-0.0613405039,"profit_total_pct":-6.13,"duration_avg":"14:50:00","wins":3,"draws":0,"losses":3,"winrate":0.5,"cagr":-0.5618496517624805,"expectancy":-10.223417316666668,"expectancy_ratio":-0.36152018194212876,"sortino":-55.21946269372175,"sharpe":-2.3149054136274874,"calmar":-61.3059083153909,"sqn":-1.2644,"profit_factor":0.2769596361157424,"max_drawdown_account":0.06827055113126308,"max_drawdown_abs":68.77833603},"results_per_pair":[{"key":"DOGE/USDT:USDT","trades":7,"profit_mean":0.00460010724778073,"profit_mean_pct":0.46,"profit_total_abs":12.889286440000001,"profit_total":0.012889286440000002,"profit_total_pct":1.29,"duration_avg":"10:00:00","wins":6,"draws":0,"losses":1,"winrate":0.8571428571428571,"cagr":0.18169214831938052,"expectancy":1.841326634285715,"expectancy_ratio":0.0637637255445811,"sortino":-100,"sharpe":0.6907516056843602,"calmar":30.589044990290386,"sqn":0.3543,"profit_factor":1.4463460788120688,"max_drawdown_account":0.028750894286472622,"max_drawdown_abs":28.87733768},{"key":"BTC/USDT:USDT","trades":2,"profit_mean":4.8819829511801555e-05,"profit_mean_pct":0.0,"profit_total_abs":0.02232993999999877,"profit_total":2.232993999999877e-05,"profit_total_pct":0.0,"duration_avg":"14:15:00","wins":1,"draws":0,"losses":1,"winrate":0.5,"cagr":0.00029112583683388316,"expectancy":0.011164969999999386,"expectancy_ratio":0.0011453913371228808,"sortino":-100,"sharpe":0.0015612596588606207,"calmar":0.15783189900823974,"sqn":0.0011,"profit_factor":1.0022907826742455,"max_drawdown_account":0.009653419405841017,"max_drawdown_abs":9.74773393},{"key":"SOL/USDT:USDT","trades":2,"profit_mean":-0.026108962262117535,"profit_mean_pct":-2.61,"profit_total_abs":-20.87582789,"profit_total":-0.02087582789,"profit_total_pct":-2.09,"duration_avg":"23:45:00","wins":1,"draws":0,"losses":1,"winrate":0.5,"cagr":-0.24043697056355606,"expectancy":-10.437913945,"expectancy_ratio":-0.4082811137464105,"sortino":-100,"sharpe":-0.9415909078022594,"calmar":-55.71571232712596,"sqn":-0.69,"profit_factor":0.183437772507179,"max_drawdown_account":0.025565507669999987,"max_drawdown_abs":25.56550767},{"key":"ETH/USDT:USDT","trades":6,"profit_mean":-0.02557737275521278,"profit_mean_pct":-2.56,"profit_total_abs":-61.3405039,"profit_total":-0.0613405039,"profit_total_pct":-6.13,"duration_avg":"14:50:00","wins":3,"draws":0,"losses":3,"winrate":0.5,"cagr":-0.5618496517624805,"expectancy":-10.223417316666668,"expectancy_ratio":-0.36152018194212876,"sortino":-55.21946269372175,"sharpe":-2.3149054136274874,"calmar":-61.3059083153909,"sqn":-1.2644,"profit_factor":0.2769596361157424,"max_drawdown_account":0.06827055113126308,"max_drawdown_abs":68.77833603},{"key":"TOTAL","trades":17,"profit_mean":-0.010199045333060177,"profit_mean_pct":-1.02,"profit_total_abs":-69.30471541,"profit_total":-0.06930471541,"profit_total_pct":-6.93,"duration_avg":"13:49:00","wins":11,"draws":0,"losses":6,"winrate":0.6470588235294118,"cagr":-0.607911902530101,"expectancy":-4.076747965294117,"expectancy_ratio":-0.16413407591850182,"sortino":-6.9000425935358,"sharpe":-2.9628493916536303,"calmar":-51.95107312605519,"sqn":-1.0217,"profit_factor":0.5349534515642446,"max_drawdown_account":0.09102415635,"max_drawdown_abs":91.02415635}],"results_per_enter_tag":[{"key":"","trades":17,"profit_mean":-0.010199045333060177,"profit_mean_pct":-1.02,"profit_total_abs":-69.30471541,"profit_total":-0.06930471541,"profit_total_pct":-6.93,"duration_avg":"13:49:00","wins":11,"draws":0,"losses":6,"winrate":0.6470588235294118,"cagr":-0.607911902530101,"expectancy":-4.076747965294117,"expectancy_ratio":-0.16413407591850182,"sortino":-6.9000425935358,"sharpe":-2.9628493916536303,"calmar":-51.95107312605519,"sqn":-1.0217,"profit_factor":0.5349534515642446,"max_drawdown_account":0.09102415635,"max_drawdown_abs":91.02415635},{"key":"TOTAL","trades":17,"profit_mean":-0.010199045333060177,"profit_mean_pct":-1.02,"profit_total_abs":-69.30471541,"profit_total":-0.06930471541,"profit_total_pct":-6.93,"duration_avg":"13:49:00","wins":11,"draws":0,"losses":6,"winrate":0.6470588235294118,"cagr":-0.607911902530101,"expectancy":-4.076747965294117,"expectancy_ratio":-0.16413407591850182,"sortino":-6.9000425935358,"sharpe":-2.9628493916536303,"calmar":-51.95107312605519,"sqn":-1.0217,"profit_factor":0.5349534515642446,"max_drawdown_account":0.09102415635,"max_drawdown_abs":91.02415635}],"exit_reason_summary":[{"key":"trailing_stop_loss","trades":11,"profit_mean":0.018126485705853974,"profit_mean_pct":1.81,"profit_total_abs":79.72276505,"profit_total":0.07972276505,"profit_total_pct":7.97,"duration_avg":"8:35:00","wins":11,"draws":0,"losses":0,"winrate":1.0,"cagr":1.7179976704180042,"expectancy":7.247524095454546,"expectancy_ratio":100.0,"sortino":-100,"sharpe":25.055195290165567,"calmar":-100,"sqn":10.5564,"profit_factor":0.0,"max_drawdown_account":0.0,"max_drawdown_abs":0.0},{"key":"exit_signal","trades":3,"profit_mean":-0.05211535025248094,"profit_mean_pct":-5.21,"profit_total_abs":-62.52217122,"profit_total":-0.06252217121999999,"profit_total_pct":-6.25,"duration_avg":"1 day, 4:05:00","wins":0,"draws":0,"losses":3,"winrate":0.0,"cagr":-0.5689857001629572,"expectancy":-20.840723739999998,"expectancy_ratio":-1.0,"sortino":-5.418835262229978,"sharpe":-5.418835262229978,"calmar":-68.23204705193854,"sqn":-3.7438,"profit_factor":0.0,"max_drawdown_account":0.06252217122000002,"max_drawdown_abs":62.52217122},{"key":"stop_loss","trades":3,"profit_mean":-0.07214302088965797,"profit_mean_pct":-7.21,"profit_total_abs":-86.50530924,"profit_total":-0.08650530924000001,"profit_total_pct":-8.65,"duration_avg":"18:45:00","wins":0,"draws":0,"losses":3,"winrate":0.0,"cagr":-0.6925496425666302,"expectancy":-28.83510308,"expectancy_ratio":-1.0,"sortino":-1096.437298404535,"sharpe":-1096.437298404535,"calmar":-68.2320470519386,"sqn":-757.5113,"profit_factor":0.0,"max_drawdown_account":0.08650530923999998,"max_drawdown_abs":86.50530924},{"key":"TOTAL","trades":17,"profit_mean":-0.010199045333060177,"profit_mean_pct":-1.02,"profit_total_abs":-69.30471541,"profit_total":-0.06930471541,"profit_total_pct":-6.93,"duration_avg":"13:49:00","wins":11,"draws":0,"losses":6,"winrate":0.6470588235294118,"cagr":-0.607911902530101,"expectancy":-4.076747965294117,"expectancy_ratio":-0.16413407591850182,"sortino":-6.9000425935358,"sharpe":-2.9628493916536303,"calmar":-51.95107312605519,"sqn":-1.0217,"profit_factor":0.5349534515642446,"max_drawdown_account":0.09102415635,"max_drawdown_abs":91.02415635}],"mix_tag_stats":[{"key":["","trailing_stop_loss"],"trades":11,"profit_mean":0.018126485705853974,"profit_mean_pct":1.81,"profit_total_abs":79.72276505,"profit_total":0.07972276505,"profit_total_pct":7.97,"duration_avg":"8:35:00","wins":11,"draws":0,"losses":0,"winrate":1.0,"cagr":1.7179976704180042,"expectancy":7.247524095454546,"expectancy_ratio":100.0,"sortino":-100,"sharpe":25.055195290165567,"calmar":-100,"sqn":10.5564,"profit_factor":0.0,"max_drawdown_account":0.0,"max_drawdown_abs":0.0},{"key":["","exit_signal"],"trades":3,"profit_mean":-0.05211535025248094,"profit_mean_pct":-5.21,"profit_total_abs":-62.52217122,"profit_total":-0.06252217121999999,"profit_total_pct":-6.25,"duration_avg":"1 day, 4:05:00","wins":0,"draws":0,"losses":3,"winrate":0.0,"cagr":-0.5689857001629572,"expectancy":-20.840723739999998,"expectancy_ratio":-1.0,"sortino":-5.418835262229978,"sharpe":-5.418835262229978,"calmar":-68.23204705193854,"sqn":-3.7438,"profit_factor":0.0,"max_drawdown_account":0.06252217122000002,"max_drawdown_abs":62.52217122},{"key":["","stop_loss"],"trades":3,"profit_mean":-0.07214302088965797,"profit_mean_pct":-7.21,"profit_total_abs":-86.50530924,"profit_total":-0.08650530924000001,"profit_total_pct":-8.65,"duration_avg":"18:45:00","wins":0,"draws":0,"losses":3,"winrate":0.0,"cagr":-0.6925496425666302,"expectancy":-28.83510308,"expectancy_ratio":-1.0,"sortino":-1096.437298404535,"sharpe":-1096.437298404535,"calmar":-68.2320470519386,"sqn":-757.5113,"profit_factor":0.0,"max_drawdown_account":0.08650530923999998,"max_drawdown_abs":86.50530924},{"key":"TOTAL","trades":17,"profit_mean":-0.010199045333060177,"profit_mean_pct":-1.02,"profit_total_abs":-69.30471541,"profit_total":-0.06930471541,"profit_total_pct":-6.93,"duration_avg":"13:49:00","wins":11,"draws":0,"losses":6,"winrate":0.6470588235294118,"cagr":-0.607911902530101,"expectancy":-4.076747965294117,"expectancy_ratio":-0.16413407591850182,"sortino":-6.9000425935358,"sharpe":-2.9628493916536303,"calmar":-51.95107312605519,"sqn":-1.0217,"profit_factor":0.5349534515642446,"max_drawdown_account":0.09102415635,"max_drawdown_abs":91.02415635}],"left_open_trades":[{"key":"TOTAL","trades":0,"profit_mean":0.0,"profit_mean_pct":0.0,"profit_total_abs":0.0,"profit_total":0.0,"profit_total_pct":0.0,"duration_avg":"0:00","wins":0,"draws":0,"losses":0,"winrate":0.0,"cagr":0.0,"expectancy":0.0,"expectancy_ratio":100.0,"sortino":0,"sharpe":0,"calmar":0,"sqn":0.0,"profit_factor":0.0,"max_drawdown_account":0.0,"max_drawdown_abs":0.0}],"total_trades":17,"trade_count_long":17,"trade_count_short":0,"total_volume":27132.937612962,"avg_stake_amount":399.6214476470588,"profit_mean":-0.010199045333060177,"profit_median":0.011732906683507644,"profit_total":-0.06930471541,"profit_total_long":-0.06930471541,"profit_total_short":0.0,"profit_total_abs":-69.30471541,"profit_total_long_abs":-69.30471541,"profit_total_short_abs":0.0,"cagr":-0.607911902530101,"expectancy":-4.076747965294117,"expectancy_ratio":-0.16413407591850182,"sortino":-6.9000425935358,"sharpe":-2.9628493916536303,"calmar":-51.95107312605519,"sqn":-1.0217,"profit_factor":0.5349534515642446,"backtest_start":"2026-01-22 02:00:00","backtest_start_ts":1769047200000,"backtest_end":"2026-02-20 01:45:00","backtest_end_ts":1771551900000,"backtest_days":28,"backtest_run_start_ts":1771664277,"backtest_run_end_ts":1771664278,"trades_per_day":0.61,"market_change":-0.29961127587577524,"pairlist":["BTC/USDT:USDT","ETH/USDT:USDT","SOL/USDT:USDT","DOGE/USDT:USDT"],"stake_amount":400,"stake_currency":"USDT","stake_currency_decimals":3,"starting_balance":1000,"dry_run_wallet":1000,"final_balance":930.69528459,"rejected_signals":37,"timedout_entry_orders":0,"timedout_exit_orders":0,"canceled_trade_entries":0,"canceled_entry_orders":0,"replaced_entry_orders":0,"max_open_trades":2,"max_open_trades_setting":2,"timeframe":"15m","timeframe_detail":"","timerange":"20251123-20260221","enable_protections":false,"strategy_name":"SupertrendFuturesStrategyV4","freqaimodel":null,"freqai_identifier":null,"stoploss":-0.07,"trailing_stop":true,"trailing_stop_positive":0.02,"trailing_stop_positive_offset":0.03,"trailing_only_offset_is_reached":true,"use_custom_stoploss":false,"minimal_roi":{"0":0.06},"use_exit_signal":true,"exit_profit_only":false,"exit_profit_offset":0.0,"ignore_roi_if_entry_signal":false,"trading_mode":"futures","margin_mode":"isolated","periodic_breakdown":{"day":[{"date":"23/01/2026","date_ts":1769126400000,"profit_abs":-25.56550767,"wins":0,"draws":0,"losses":1,"trades":1,"profit_factor":0.0},{"date":"24/01/2026","date_ts":1769212800000,"profit_abs":0.0,"wins":0,"draws":0,"losses":0,"trades":0,"profit_factor":0.0},{"date":"25/01/2026","date_ts":1769299200000,"profit_abs":0.0,"wins":0,"draws":0,"losses":0,"trades":0,"profit_factor":0.0},{"date":"26/01/2026","date_ts":1769385600000,"profit_abs":0.0,"wins":0,"draws":0,"losses":0,"trades":0,"profit_factor":0.0},{"date":"27/01/2026","date_ts":1769472000000,"profit_abs":0.0,"wins":0,"draws":0,"losses":0,"trades":0,"profit_factor":0.0},{"date":"28/01/2026","date_ts":1769558400000,"profit_abs":16.52540619,"wins":3,"draws":0,"losses":0,"trades":3,"profit_factor":0.0},{"date":"29/01/2026","date_ts":1769644800000,"profit_abs":-57.74617911,"wins":0,"draws":0,"losses":2,"trades":2,"profit_factor":0.0},{"date":"30/01/2026","date_ts":1769731200000,"profit_abs":0.0,"wins":0,"draws":0,"losses":0,"trades":0,"profit_factor":0.0},{"date":"31/01/2026","date_ts":1769817600000,"profit_abs":0.0,"wins":0,"draws":0,"losses":0,"trades":0,"profit_factor":0.0},{"date":"01/02/2026","date_ts":1769904000000,"profit_abs":0.0,"wins":0,"draws":0,"losses":0,"trades":0,"profit_factor":0.0},{"date":"02/02/2026","date_ts":1769990400000,"profit_abs":0.0,"wins":0,"draws":0,"losses":0,"trades":0,"profit_factor":0.0},{"date":"03/02/2026","date_ts":1770076800000,"profit_abs":0.0,"wins":0,"draws":0,"losses":0,"trades":0,"profit_factor":0.0},{"date":"04/02/2026","date_ts":1770163200000,"profit_abs":0.0,"wins":0,"draws":0,"losses":0,"trades":0,"profit_factor":0.0},{"date":"05/02/2026","date_ts":1770249600000,"profit_abs":0.0,"wins":0,"draws":0,"losses":0,"trades":0,"profit_factor":0.0},{"date":"06/02/2026","date_ts":1770336000000,"profit_abs":0.0,"wins":0,"draws":0,"losses":0,"trades":0,"profit_factor":0.0},{"date":"07/02/2026","date_ts":1770422400000,"profit_abs":0.0,"wins":0,"draws":0,"losses":0,"trades":0,"profit_factor":0.0},{"date":"08/02/2026","date_ts":1770508800000,"profit_abs":0.0,"wins":0,"draws":0,"losses":0,"trades":0,"profit_factor":0.0},{"date":"09/02/2026","date_ts":1770595200000,"profit_abs":0.0,"wins":0,"draws":0,"losses":0,"trades":0,"profit_factor":0.0},{"date":"10/02/2026","date_ts":1770681600000,"profit_abs":0.0,"wins":0,"draws":0,"losses":0,"trades":0,"profit_factor":0.0},{"date":"11/02/2026","date_ts":1770768000000,"profit_abs":0.0,"wins":0,"draws":0,"losses":0,"trades":0,"profit_factor":0.0},{"date":"12/02/2026","date_ts":1770854400000,"profit_abs":-24.23787576,"wins":1,"draws":0,"losses":1,"trades":2,"profit_factor":0.1572111},{"date":"13/02/2026","date_ts":1770940800000,"profit_abs":32.22134291,"wins":4,"draws":0,"losses":0,"trades":4,"profit_factor":0.0},{"date":"14/02/2026","date_ts":1771027200000,"profit_abs":26.45476158,"wins":3,"draws":0,"losses":0,"trades":3,"profit_factor":0.0},{"date":"15/02/2026","date_ts":1771113600000,"profit_abs":-36.95666355,"wins":0,"draws":0,"losses":2,"trades":2,"profit_factor":0.0}],"week":[{"date":"26/01/2026","date_ts":1769385600000,"profit_abs":-25.56550767,"wins":0,"draws":0,"losses":1,"trades":1,"profit_factor":0.0},{"date":"02/02/2026","date_ts":1769990400000,"profit_abs":-41.22077292,"wins":3,"draws":0,"losses":2,"trades":5,"profit_factor":0.28617315},{"date":"09/02/2026","date_ts":1770595200000,"profit_abs":0.0,"wins":0,"draws":0,"losses":0,"trades":0,"profit_factor":0.0},{"date":"16/02/2026","date_ts":1771200000000,"profit_abs":-2.51843482,"wins":8,"draws":0,"losses":3,"trades":11,"profit_factor":0.96167687}],"month":[{"date":"31/01/2026","date_ts":1769817600000,"profit_abs":-66.78628059,"wins":3,"draws":0,"losses":3,"trades":6,"profit_factor":0.1983564},{"date":"28/02/2026","date_ts":1772236800000,"profit_abs":-2.51843482,"wins":8,"draws":0,"losses":3,"trades":11,"profit_factor":0.96167687}],"year":[{"date":"31/12/2026","date_ts":1798675200000,"profit_abs":-69.30471541,"wins":11,"draws":0,"losses":6,"trades":17,"profit_factor":0.53495345}],"weekday":[{"date":"Wednesday","date_ts":2,"profit_abs":16.52540619,"wins":3,"draws":0,"losses":0,"trades":3,"profit_factor":0.0},{"date":"Thursday","date_ts":3,"profit_abs":-81.98405487,"wins":1,"draws":0,"losses":3,"trades":4,"profit_factor":0.05226563},{"date":"Friday","date_ts":4,"profit_abs":6.65583524,"wins":4,"draws":0,"losses":1,"trades":5,"profit_factor":1.26034434},{"date":"Saturday","date_ts":5,"profit_abs":26.45476158,"wins":3,"draws":0,"losses":0,"trades":3,"profit_factor":0.0},{"date":"Sunday","date_ts":6,"profit_abs":-36.95666355,"wins":0,"draws":0,"losses":2,"trades":2,"profit_factor":0.0}]},"backtest_best_day":0.08062992242069202,"backtest_worst_day":-0.14447859726825457,"backtest_best_day_abs":32.22134291,"backtest_worst_day_abs":-57.74617911,"winning_days":3,"draw_days":17,"losing_days":4,"daily_profit":[["2026-01-23",-25.56550767],["2026-01-24",0.0],["2026-01-25",0.0],["2026-01-26",0.0],["2026-01-27",0.0],["2026-01-28",16.52540619],["2026-01-29",-57.74617911],["2026-01-30",0.0],["2026-01-31",0.0],["2026-02-01",0.0],["2026-02-02",0.0],["2026-02-03",0.0],["2026-02-04",0.0],["2026-02-05",0.0],["2026-02-06",0.0],["2026-02-07",0.0],["2026-02-08",0.0],["2026-02-09",0.0],["2026-02-10",0.0],["2026-02-11",0.0],["2026-02-12",-24.23787576],["2026-02-13",32.22134291],["2026-02-14",26.45476158],["2026-02-15",-36.95666355]],"wins":11,"losses":6,"draws":0,"winrate":0.6470588235294118,"holding_avg":"13:49:00","holding_avg_s":49740.0,"winner_holding_min":"0d 00:15","winner_holding_min_s":900.0,"winner_holding_max":"1d 02:00","winner_holding_max_s":93600.0,"winner_holding_avg":"0d 08:35","winner_holding_avg_s":30900.0,"loser_holding_min":"0d 04:45","loser_holding_min_s":17100.0,"loser_holding_max":"1d 11:45","loser_holding_max_s":128700.0,"loser_holding_avg":"0d 23:25","loser_holding_avg_s":84300.0,"max_consecutive_wins":7,"max_consecutive_losses":2,"max_drawdown_account":0.09102415635,"max_relative_drawdown":0.09102415635,"max_drawdown_abs":91.02415635,"drawdown_start":"2026-01-23 14:45:00","drawdown_start_ts":1769179500000.0,"drawdown_end":"2026-02-12 16:00:00","drawdown_end_ts":1770912000000.0,"drawdown_duration":"20 days 01:15:00","drawdown_duration_s":1732500.0,"max_drawdown_low":-91.02415635,"max_drawdown_high":0.0,"csum_min":908.97584365,"csum_max":990.95989852}},"strategy_comparison":[{"key":"SupertrendFuturesStrategyV4","trades":17,"profit_mean":-0.010199045333060177,"profit_mean_pct":-1.02,"profit_total_abs":-69.30471541,"profit_total":-0.06930471541,"profit_total_pct":-6.93,"duration_avg":"13:49:00","wins":11,"draws":0,"losses":6,"winrate":0.6470588235294118,"cagr":-0.607911902530101,"expectancy":-4.076747965294117,"expectancy_ratio":-0.16413407591850182,"sortino":-6.9000425935358,"sharpe":-2.9628493916536303,"calmar":-51.95107312605519,"sqn":-1.0217,"profit_factor":0.5349534515642446,"max_drawdown_account":0.09102415635,"max_drawdown_abs":"91.024"}]}