{"strategy":{"SupertrendStrategy":{"trades":[{"pair":"ETH/USDT","stake_amount":329.9970375,"max_stake_amount":329.9970375,"amount":0.11097,"open_date":"2026-01-27 16:15:00+00:00","close_date":"2026-01-27 17:45:00+00:00","open_rate":2973.75,"close_rate":2922.0,"fee_open":0.0015,"fee_close":0.0015,"trade_duration":90,"profit_ratio":-0.020345647995864267,"profit_abs":-6.72407457,"exit_reason":"exit_signal","initial_stop_loss_abs":2825.0625,"initial_stop_loss_ratio":-0.05,"stop_loss_abs":2825.0625,"stop_loss_ratio":-0.05,"min_rate":2918.31,"max_rate":2999.0,"is_open":false,"enter_tag":"","leverage":1.0,"is_short":false,"open_timestamp":1769530500000,"close_timestamp":1769535900000,"orders":[{"amount":0.11097,"safe_price":2973.75,"ft_order_side":"buy","order_filled_timestamp":1769530500000,"ft_is_entry":true,"ft_order_tag":"","cost":330.49203305625},{"amount":0.11097,"safe_price":2922.0,"ft_order_side":"sell","order_filled_timestamp":1769535900000,"ft_is_entry":false,"ft_order_tag":"exit_signal","cost":324.74072151}],"funding_fees":0.0,"weekday":1},{"pair":"ETH/USDT","stake_amount":327.77926776,"max_stake_amount":327.77926776,"amount":0.110061,"open_date":"2026-01-27 19:00:00+00:00","close_date":"2026-01-27 22:15:00+00:00","open_rate":2978.16,"close_rate":3014.41,"fee_open":0.0015,"fee_close":0.0015,"trade_duration":195,"profit_ratio":0.00913997721063136,"profit_abs":3.00038888,"exit_reason":"exit_signal","initial_stop_loss_abs":2829.252,"initial_stop_loss_ratio":-0.05,"stop_loss_abs":2829.252,"stop_loss_ratio":-0.05,"min_rate":2965.86,"max_rate":3031.08,"is_open":false,"enter_tag":"","leverage":1.0,"is_short":false,"open_timestamp":1769540400000,"close_timestamp":1769552100000,"orders":[{"amount":0.110061,"safe_price":2978.16,"ft_order_side":"buy","order_filled_timestamp":1769540400000,"ft_is_entry":true,"ft_order_tag":"","cost":328.27093666164},{"amount":0.110061,"safe_price":3014.41,"ft_order_side":"sell","order_filled_timestamp":1769552100000,"ft_is_entry":false,"ft_order_tag":"exit_signal","cost":332.266632478515}],"funding_fees":0.0,"weekday":1},{"pair":"ETH/USDT","stake_amount":328.76854014,"max_stake_amount":328.76854014,"amount":0.108454,"open_date":"2026-01-27 23:45:00+00:00","close_date":"2026-01-28 00:15:00+00:00","open_rate":3031.41,"close_rate":3023.9,"fee_open":0.0015,"fee_close":0.0015,"trade_duration":30,"profit_ratio":-0.005465480705865551,"profit_abs":-1.79957343,"exit_reason":"exit_signal","initial_stop_loss_abs":2879.8394999999996,"initial_stop_loss_ratio":-0.05,"stop_loss_abs":2879.8394999999996,"stop_loss_ratio":-0.05,"min_rate":3019.13,"max_rate":3035.0,"is_open":false,"enter_tag":"","leverage":1.0,"is_short":false,"open_timestamp":1769557500000,"close_timestamp":1769559300000,"orders":[{"amount":0.108454,"safe_price":3031.41,"ft_order_side":"buy","order_filled_timestamp":1769557500000,"ft_is_entry":true,"ft_order_tag":"","cost":329.26169295021},{"amount":0.108454,"safe_price":3023.9,"ft_order_side":"sell","order_filled_timestamp":1769559300000,"ft_is_entry":false,"ft_order_tag":"exit_signal","cost":328.44598167590004}],"funding_fees":0.0,"weekday":2},{"pair":"ETH/USDT","stake_amount":328.1761068,"max_stake_amount":328.1761068,"amount":0.10828,"open_date":"2026-01-28 10:15:00+00:00","close_date":"2026-01-28 12:30:00+00:00","open_rate":3030.81,"close_rate":3029.56,"fee_open":0.0015,"fee_close":0.0015,"trade_duration":135,"profit_ratio":-0.003406702314338567,"profit_abs":-1.1196753,"exit_reason":"exit_signal","initial_stop_loss_abs":2879.2695,"initial_stop_loss_ratio":-0.05,"stop_loss_abs":2879.2695,"stop_loss_ratio":-0.05,"min_rate":3014.59,"max_rate":3045.79,"is_open":false,"enter_tag":"","leverage":1.0,"is_short":false,"open_timestamp":1769595300000,"close_timestamp":1769603400000,"orders":[{"amount":0.10828,"safe_price":3030.81,"ft_order_side":"buy","order_filled_timestamp":1769595300000,"ft_is_entry":true,"ft_order_tag":"","cost":328.66837096020004},{"amount":0.10828,"safe_price":3029.56,"ft_order_side":"sell","order_filled_timestamp":1769603400000,"ft_is_entry":false,"ft_order_tag":"exit_signal","cost":328.5328179352}],"funding_fees":0.0,"weekday":2},{"pair":"ETH/USDT","stake_amount":327.80707729,"max_stake_amount":327.80707729,"amount":0.108119,"open_date":"2026-01-28 20:30:00+00:00","close_date":"2026-01-28 20:45:00+00:00","open_rate":3031.91,"close_rate":3013.77,"fee_open":0.0015,"fee_close":0.0015,"trade_duration":15,"profit_ratio":-0.008960611730442575,"profit_abs":-2.94175797,"exit_reason":"exit_signal","initial_stop_loss_abs":2880.3145,"initial_stop_loss_ratio":-0.05,"stop_loss_abs":2880.3145,"stop_loss_ratio":-0.05,"min_rate":3008.54,"max_rate":3033.37,"is_open":false,"enter_tag":"","leverage":1.0,"is_short":false,"open_timestamp":1769632200000,"close_timestamp":1769633100000,"orders":[{"amount":0.108119,"safe_price":3031.91,"ft_order_side":"buy","order_filled_timestamp":1769632200000,"ft_is_entry":true,"ft_order_tag":"","cost":328.298787905935},{"amount":0.108119,"safe_price":3013.77,"ft_order_side":"sell","order_filled_timestamp":1769633100000,"ft_is_entry":false,"ft_order_tag":"exit_signal","cost":326.334567327945}],"funding_fees":0.0,"weekday":2},{"pair":"BTC/USDT","stake_amount":326.836429,"max_stake_amount":326.836429,"amount":0.00477482,"open_date":"2026-02-11 14:15:00+00:00","close_date":"2026-02-11 15:00:00+00:00","open_rate":68450.0,"close_rate":66587.7,"fee_open":0.0015,"fee_close":0.0015,"trade_duration":45,"profit_ratio":-0.030120729053479917,"profit_abs":-9.85931835,"exit_reason":"exit_signal","initial_stop_loss_abs":65027.5,"initial_stop_loss_ratio":-0.05,"stop_loss_abs":65027.5,"stop_loss_ratio":-0.05,"min_rate":65759.1,"max_rate":68579.9,"is_open":false,"enter_tag":"","leverage":1.0,"is_short":false,"open_timestamp":1770819300000,"close_timestamp":1770822000000,"orders":[{"amount":0.00477482,"safe_price":68450.0,"ft_order_side":"buy","order_filled_timestamp":1770819300000,"ft_is_entry":true,"ft_order_tag":"","cost":327.3266836435},{"amount":0.00477482,"safe_price":66587.7,"ft_order_side":"sell","order_filled_timestamp":1770822000000,"ft_is_entry":false,"ft_order_tag":"exit_signal","cost":318.42119813657104}],"funding_fees":0.0,"weekday":2},{"pair":"ETH/USDT","stake_amount":326.8366794,"max_stake_amount":326.8366794,"amount":0.163141,"open_date":"2026-02-11 14:15:00+00:00","close_date":"2026-02-11 15:00:00+00:00","open_rate":2003.4,"close_rate":1943.28,"fee_open":0.0015,"fee_close":0.0015,"trade_duration":45,"profit_ratio":-0.032914599341236896,"profit_abs":-10.7738349,"exit_reason":"exit_signal","initial_stop_loss_abs":1903.23,"initial_stop_loss_ratio":-0.05,"stop_loss_abs":1903.23,"stop_loss_ratio":-0.05,"min_rate":1902.23,"max_rate":2006.57,"is_open":false,"enter_tag":"","leverage":1.0,"is_short":false,"open_timestamp":1770819300000,"close_timestamp":1770822000000,"orders":[{"amount":0.163141,"safe_price":2003.4,"ft_order_side":"buy","order_filled_timestamp":1770819300000,"ft_is_entry":true,"ft_order_tag":"","cost":327.32693441910004},{"amount":0.163141,"safe_price":1943.28,"ft_order_side":"sell","order_filled_timestamp":1770822000000,"ft_is_entry":false,"ft_order_tag":"exit_signal","cost":317.5041854437201}],"funding_fees":0.0,"weekday":2},{"pair":"BTC/USDT","stake_amount":320.0274896,"max_stake_amount":320.0274896,"amount":0.00472784,"open_date":"2026-02-11 21:15:00+00:00","close_date":"2026-02-11 22:00:00+00:00","open_rate":67690.0,"close_rate":67808.1,"fee_open":0.0015,"fee_close":0.0015,"trade_duration":45,"profit_ratio":-0.0012560144810076117,"profit_abs":-0.4025621,"exit_reason":"exit_signal","initial_stop_loss_abs":64305.5,"initial_stop_loss_ratio":-0.05,"stop_loss_abs":64305.5,"stop_loss_ratio":-0.05,"min_rate":67584.7,"max_rate":68360.7,"is_open":false,"enter_tag":"","leverage":1.0,"is_short":false,"open_timestamp":1770844500000,"close_timestamp":1770847200000,"orders":[{"amount":0.00472784,"safe_price":67690.0,"ft_order_side":"buy","order_filled_timestamp":1770844500000,"ft_is_entry":true,"ft_order_tag":"","cost":320.5075308344},{"amount":0.00472784,"safe_price":67808.1,"ft_order_side":"sell","order_filled_timestamp":1770847200000,"ft_is_entry":false,"ft_order_tag":"exit_signal","cost":321.06672627525603}],"funding_fees":0.0,"weekday":2},{"pair":"ETH/USDT","stake_amount":320.02803786,"max_stake_amount":320.02803786,"amount":0.162051,"open_date":"2026-02-11 21:30:00+00:00","close_date":"2026-02-11 22:30:00+00:00","open_rate":1974.86,"close_rate":1959.81,"fee_open":0.0015,"fee_close":0.0015,"trade_duration":60,"profit_ratio":-0.010593471967638017,"profit_abs":-3.39529336,"exit_reason":"exit_signal","initial_stop_loss_abs":1876.1169999999997,"initial_stop_loss_ratio":-0.05,"stop_loss_abs":1876.1169999999997,"stop_loss_ratio":-0.05,"min_rate":1954.01,"max_rate":1987.96,"is_open":false,"enter_tag":"","leverage":1.0,"is_short":false,"open_timestamp":1770845400000,"close_timestamp":1770849000000,"orders":[{"amount":0.162051,"safe_price":1974.86,"ft_order_side":"buy","order_filled_timestamp":1770845400000,"ft_is_entry":true,"ft_order_tag":"","cost":320.50807991679},{"amount":0.162051,"safe_price":1959.81,"ft_order_side":"sell","order_filled_timestamp":1770849000000,"ft_is_entry":false,"ft_order_tag":"exit_signal","cost":318.065554065465}],"funding_fees":0.0,"weekday":2},{"pair":"BTC/USDT","stake_amount":318.77481857,"max_stake_amount":318.77481857,"amount":0.00471679,"open_date":"2026-02-12 00:45:00+00:00","close_date":"2026-02-12 01:00:00+00:00","open_rate":67583.0,"close_rate":67461.7,"fee_open":0.0015,"fee_close":0.0015,"trade_duration":15,"profit_ratio":-0.004784960366485211,"profit_abs":-1.52761286,"exit_reason":"exit_signal","initial_stop_loss_abs":64203.85,"initial_stop_loss_ratio":-0.05,"stop_loss_abs":64203.85,"stop_loss_ratio":-0.05,"min_rate":67457.6,"max_rate":67700.0,"is_open":false,"enter_tag":"","leverage":1.0,"is_short":false,"open_timestamp":1770857100000,"close_timestamp":1770858000000,"orders":[{"amount":0.00471679,"safe_price":67583.0,"ft_order_side":"buy","order_filled_timestamp":1770857100000,"ft_is_entry":true,"ft_order_tag":"","cost":319.25298079785506},{"amount":0.00471679,"safe_price":67461.7,"ft_order_side":"sell","order_filled_timestamp":1770858000000,"ft_is_entry":false,"ft_order_tag":"exit_signal","cost":318.6799759509145}],"funding_fees":0.0,"weekday":3},{"pair":"BTC/USDT","stake_amount":318.27035667,"max_stake_amount":318.27035667,"amount":0.00469363,"open_date":"2026-02-12 01:30:00+00:00","close_date":"2026-02-12 02:15:00+00:00","open_rate":67809.0,"close_rate":67494.1,"fee_open":0.0015,"fee_close":0.0015,"trade_duration":45,"profit_ratio":-0.007625522146997003,"profit_abs":-2.43061812,"exit_reason":"exit_signal","initial_stop_loss_abs":64418.549999999996,"initial_stop_loss_ratio":-0.05,"stop_loss_abs":64418.549999999996,"stop_loss_ratio":-0.05,"min_rate":67415.1,"max_rate":68047.3,"is_open":false,"enter_tag":"","leverage":1.0,"is_short":false,"open_timestamp":1770859800000,"close_timestamp":1770862500000,"orders":[{"amount":0.00469363,"safe_price":67809.0,"ft_order_side":"buy","order_filled_timestamp":1770859800000,"ft_is_entry":true,"ft_order_tag":"","cost":318.747762205005},{"amount":0.00469363,"safe_price":67494.1,"ft_order_side":"sell","order_filled_timestamp":1770862500000,"ft_is_entry":false,"ft_order_tag":"exit_signal","cost":317.2675210818745}],"funding_fees":0.0,"weekday":3},{"pair":"ETH/USDT","stake_amount":317.46778369,"max_stake_amount":317.46778369,"amount":0.160889,"open_date":"2026-02-12 04:15:00+00:00","close_date":"2026-02-12 05:00:00+00:00","open_rate":1973.21,"close_rate":1965.7,"fee_open":0.0015,"fee_close":0.0015,"trade_duration":45,"profit_ratio":-0.006790087025920574,"profit_abs":-2.15886733,"exit_reason":"exit_signal","initial_stop_loss_abs":1874.5494999999999,"initial_stop_loss_ratio":-0.05,"stop_loss_abs":1874.5494999999999,"stop_loss_ratio":-0.05,"min_rate":1956.69,"max_rate":1975.97,"is_open":false,"enter_tag":"","leverage":1.0,"is_short":false,"open_timestamp":1770869700000,"close_timestamp":1770872400000,"orders":[{"amount":0.160889,"safe_price":1973.21,"ft_order_side":"buy","order_filled_timestamp":1770869700000,"ft_is_entry":true,"ft_order_tag":"","cost":317.94398536553507},{"amount":0.160889,"safe_price":1965.7,"ft_order_side":"sell","order_filled_timestamp":1770872400000,"ft_is_entry":false,"ft_order_tag":"exit_signal","cost":316.73389656095003}],"funding_fees":0.0,"weekday":3},{"pair":"ETH/USDT","stake_amount":316.7553805,"max_stake_amount":316.7553805,"amount":0.16003,"open_date":"2026-02-12 06:30:00+00:00","close_date":"2026-02-12 08:00:00+00:00","open_rate":1979.35,"close_rate":1967.89,"fee_open":0.0015,"fee_close":0.0015,"trade_duration":90,"profit_ratio":-0.008767942902755059,"profit_abs":-2.78145903,"exit_reason":"exit_signal","initial_stop_loss_abs":1880.3825,"initial_stop_loss_ratio":-0.05,"stop_loss_abs":1880.3825,"stop_loss_ratio":-0.05,"min_rate":1966.21,"max_rate":1981.76,"is_open":false,"enter_tag":"","leverage":1.0,"is_short":false,"open_timestamp":1770877800000,"close_timestamp":1770883200000,"orders":[{"amount":0.16003,"safe_price":1979.35,"ft_order_side":"buy","order_filled_timestamp":1770877800000,"ft_is_entry":true,"ft_order_tag":"","cost":317.23051357075},{"amount":0.16003,"safe_price":1967.89,"ft_order_side":"sell","order_filled_timestamp":1770883200000,"ft_is_entry":false,"ft_order_tag":"exit_signal","cost":315.39381885505003}],"funding_fees":0.0,"weekday":3},{"pair":"ETH/USDT","stake_amount":315.83752464,"max_stake_amount":315.83752464,"amount":0.159324,"open_date":"2026-02-12 10:00:00+00:00","close_date":"2026-02-12 12:00:00+00:00","open_rate":1982.36,"close_rate":1989.0,"fee_open":0.0015,"fee_close":0.0015,"trade_duration":120,"profit_ratio":0.00034400265359213017,"profit_abs":0.10881192,"exit_reason":"exit_signal","initial_stop_loss_abs":1883.2419999999997,"initial_stop_loss_ratio":-0.05,"stop_loss_abs":1883.2419999999997,"stop_loss_ratio":-0.05,"min_rate":1976.66,"max_rate":2001.67,"is_open":false,"enter_tag":"","leverage":1.0,"is_short":false,"open_timestamp":1770890400000,"close_timestamp":1770897600000,"orders":[{"amount":0.159324,"safe_price":1982.36,"ft_order_side":"buy","order_filled_timestamp":1770890400000,"ft_is_entry":true,"ft_order_tag":"","cost":316.31128092695997},{"amount":0.159324,"safe_price":1989.0,"ft_order_side":"sell","order_filled_timestamp":1770897600000,"ft_is_entry":false,"ft_order_tag":"exit_signal","cost":317.370779154}],"funding_fees":0.0,"weekday":3},{"pair":"BTC/USDT","stake_amount":315.83789256,"max_stake_amount":315.83789256,"amount":0.00468491,"open_date":"2026-02-12 09:45:00+00:00","close_date":"2026-02-12 12:30:00+00:00","open_rate":67416.0,"close_rate":67981.6,"fee_open":0.0015,"fee_close":0.0015,"trade_duration":165,"profit_ratio":0.005369061630286665,"profit_abs":1.69829674,"exit_reason":"exit_signal","initial_stop_loss_abs":64045.2,"initial_stop_loss_ratio":-0.05,"stop_loss_abs":64045.2,"stop_loss_ratio":-0.05,"min_rate":67349.2,"max_rate":68296.0,"is_open":false,"enter_tag":"","leverage":1.0,"is_short":false,"open_timestamp":1770889500000,"close_timestamp":1770899400000,"orders":[{"amount":0.00468491,"safe_price":67416.0,"ft_order_side":"buy","order_filled_timestamp":1770889500000,"ft_is_entry":true,"ft_order_tag":"","cost":316.31164939884},{"amount":0.00468491,"safe_price":67981.6,"ft_order_side":"sell","order_filled_timestamp":1770899400000,"ft_is_entry":false,"ft_order_tag":"exit_signal","cost":318.96540917248404}],"funding_fees":0.0,"weekday":3},{"pair":"BTC/USDT","stake_amount":316.43439683,"max_stake_amount":316.43439683,"amount":0.00462779,"open_date":"2026-02-12 14:00:00+00:00","close_date":"2026-02-12 14:15:00+00:00","open_rate":68377.0,"close_rate":68013.0,"fee_open":0.0015,"fee_close":0.0015,"trade_duration":15,"profit_ratio":-0.008302987854323415,"profit_abs":-2.63129198,"exit_reason":"exit_signal","initial_stop_loss_abs":64958.149999999994,"initial_stop_loss_ratio":-0.05,"stop_loss_abs":64958.149999999994,"stop_loss_ratio":-0.05,"min_rate":67857.0,"max_rate":68421.6,"is_open":false,"enter_tag":"","leverage":1.0,"is_short":false,"open_timestamp":1770904800000,"close_timestamp":1770905700000,"orders":[{"amount":0.00462779,"safe_price":68377.0,"ft_order_side":"buy","order_filled_timestamp":1770904800000,"ft_is_entry":true,"ft_order_tag":"","cost":316.909048425245},{"amount":0.00462779,"safe_price":68013.0,"ft_order_side":"sell","order_filled_timestamp":1770905700000,"ft_is_entry":false,"ft_order_tag":"exit_signal","cost":315.22200609190503}],"funding_fees":0.0,"weekday":3},{"pair":"ETH/USDT","stake_amount":315.564573,"max_stake_amount":315.564573,"amount":0.162411,"open_date":"2026-02-12 23:00:00+00:00","close_date":"2026-02-13 00:30:00+00:00","open_rate":1943.0,"close_rate":1935.21,"fee_open":0.0015,"fee_close":0.0015,"trade_duration":90,"profit_ratio":-0.006992760998371597,"profit_abs":-2.20997764,"exit_reason":"exit_signal","initial_stop_loss_abs":1845.85,"initial_stop_loss_ratio":-0.05,"stop_loss_abs":1845.85,"stop_loss_ratio":-0.05,"min_rate":1931.32,"max_rate":1954.48,"is_open":false,"enter_tag":"","leverage":1.0,"is_short":false,"open_timestamp":1770937200000,"close_timestamp":1770942600000,"orders":[{"amount":0.162411,"safe_price":1943.0,"ft_order_side":"buy","order_filled_timestamp":1770937200000,"ft_is_entry":true,"ft_order_tag":"","cost":316.0379198595},{"amount":0.162411,"safe_price":1935.21,"ft_order_side":"sell","order_filled_timestamp":1770942600000,"ft_is_entry":false,"ft_order_tag":"exit_signal","cost":314.77084039696507}],"funding_fees":0.0,"weekday":4},{"pair":"BTC/USDT","stake_amount":315.56613001,"max_stake_amount":315.56613001,"amount":0.00475906,"open_date":"2026-02-12 23:15:00+00:00","close_date":"2026-02-13 00:30:00+00:00","open_rate":66308.5,"close_rate":66031.1,"fee_open":0.0015,"fee_close":0.0015,"trade_duration":75,"profit_ratio":-0.007166450836133577,"profit_abs":-2.26488139,"exit_reason":"exit_signal","initial_stop_loss_abs":62993.075,"initial_stop_loss_ratio":-0.05,"stop_loss_abs":62993.075,"stop_loss_ratio":-0.05,"min_rate":65900.1,"max_rate":66524.9,"is_open":false,"enter_tag":"","leverage":1.0,"is_short":false,"open_timestamp":1770938100000,"close_timestamp":1770942600000,"orders":[{"amount":0.00475906,"safe_price":66308.5,"ft_order_side":"buy","order_filled_timestamp":1770938100000,"ft_is_entry":true,"ft_order_tag":"","cost":316.039479205015},{"amount":0.00475906,"safe_price":66031.1,"ft_order_side":"sell","order_filled_timestamp":1770942600000,"ft_is_entry":false,"ft_order_tag":"exit_signal","cost":314.7173357161491}],"funding_fees":0.0,"weekday":4},{"pair":"BTC/USDT","stake_amount":314.08936266,"max_stake_amount":314.08936266,"amount":0.00472841,"open_date":"2026-02-13 01:45:00+00:00","close_date":"2026-02-13 04:15:00+00:00","open_rate":66426.0,"close_rate":66539.1,"fee_open":0.0015,"fee_close":0.0015,"trade_duration":150,"profit_ratio":-0.001297960469537945,"profit_abs":-0.40828709,"exit_reason":"exit_signal","initial_stop_loss_abs":63104.7,"initial_stop_loss_ratio":-0.05,"stop_loss_abs":63104.7,"stop_loss_ratio":-0.05,"min_rate":66331.5,"max_rate":66800.0,"is_open":false,"enter_tag":"","leverage":1.0,"is_short":false,"open_timestamp":1770947100000,"close_timestamp":1770956100000,"orders":[{"amount":0.00472841,"safe_price":66426.0,"ft_order_side":"buy","order_filled_timestamp":1770947100000,"ft_is_entry":true,"ft_order_tag":"","cost":314.56049670399},{"amount":0.00472841,"safe_price":66539.1,"ft_order_side":"sell","order_filled_timestamp":1770956100000,"ft_is_entry":false,"ft_order_tag":"exit_signal","cost":315.09608204974654}],"funding_fees":0.0,"weekday":4},{"pair":"ETH/USDT","stake_amount":314.08932228,"max_stake_amount":314.08932228,"amount":0.160708,"open_date":"2026-02-13 03:45:00+00:00","close_date":"2026-02-13 04:15:00+00:00","open_rate":1954.41,"close_rate":1951.61,"fee_open":0.0015,"fee_close":0.0015,"trade_duration":30,"profit_ratio":-0.004423872620640731,"profit_abs":-1.39157539,"exit_reason":"exit_signal","initial_stop_loss_abs":1856.6895,"initial_stop_loss_ratio":-0.05,"stop_loss_abs":1856.6895,"stop_loss_ratio":-0.05,"min_rate":1948.28,"max_rate":1955.73,"is_open":false,"enter_tag":"","leverage":1.0,"is_short":false,"open_timestamp":1770954300000,"close_timestamp":1770956100000,"orders":[{"amount":0.160708,"safe_price":1954.41,"ft_order_side":"buy","order_filled_timestamp":1770954300000,"ft_is_entry":true,"ft_order_tag":"","cost":314.56045626342},{"amount":0.160708,"safe_price":1951.61,"ft_order_side":"sell","order_filled_timestamp":1770956100000,"ft_is_entry":false,"ft_order_tag":"exit_signal","cost":314.10979888981996}],"funding_fees":0.0,"weekday":4},{"pair":"BTC/USDT","stake_amount":313.495071,"max_stake_amount":313.495071,"amount":0.00471244,"open_date":"2026-02-13 07:30:00+00:00","close_date":"2026-02-13 07:45:00+00:00","open_rate":66525.0,"close_rate":66130.0,"fee_open":0.0015,"fee_close":0.0015,"trade_duration":15,"profit_ratio":-0.00891533799656667,"profit_abs":-2.79910689,"exit_reason":"exit_signal","initial_stop_loss_abs":63198.75,"initial_stop_loss_ratio":-0.05,"stop_loss_abs":63198.75,"stop_loss_ratio":-0.05,"min_rate":66051.1,"max_rate":66525.1,"is_open":false,"enter_tag":"","leverage":1.0,"is_short":false,"open_timestamp":1770967800000,"close_timestamp":1770968700000,"orders":[{"amount":0.00471244,"safe_price":66525.0,"ft_order_side":"buy","order_filled_timestamp":1770967800000,"ft_is_entry":true,"ft_order_tag":"","cost":313.9653136065},{"amount":0.00471244,"safe_price":66130.0,"ft_order_side":"sell","order_filled_timestamp":1770968700000,"ft_is_entry":false,"ft_order_tag":"exit_signal","cost":312.10110768580006}],"funding_fees":0.0,"weekday":4},{"pair":"ETH/USDT","stake_amount":312.57129423,"max_stake_amount":312.57129423,"amount":0.159559,"open_date":"2026-02-13 09:00:00+00:00","close_date":"2026-02-13 10:45:00+00:00","open_rate":1958.97,"close_rate":1961.46,"fee_open":0.0015,"fee_close":0.0015,"trade_duration":105,"profit_ratio":-0.0017282381444541123,"profit_abs":-0.54100793,"exit_reason":"exit_signal","initial_stop_loss_abs":1861.0214999999998,"initial_stop_loss_ratio":-0.05,"stop_loss_abs":1861.0214999999998,"stop_loss_ratio":-0.05,"min_rate":1953.2,"max_rate":1969.33,"is_open":false,"enter_tag":"","leverage":1.0,"is_short":false,"open_timestamp":1770973200000,"close_timestamp":1770979500000,"orders":[{"amount":0.159559,"safe_price":1958.97,"ft_order_side":"buy","order_filled_timestamp":1770973200000,"ft_is_entry":true,"ft_order_tag":"","cost":313.04015117134503},{"amount":0.159559,"safe_price":1961.46,"ft_order_side":"sell","order_filled_timestamp":1770979500000,"ft_is_entry":false,"ft_order_tag":"exit_signal","cost":313.43804903421005}],"funding_fees":0.0,"weekday":4},{"pair":"BTC/USDT","stake_amount":312.57172206,"max_stake_amount":312.57172206,"amount":0.00468631,"open_date":"2026-02-13 09:00:00+00:00","close_date":"2026-02-13 11:15:00+00:00","open_rate":66698.9,"close_rate":66888.2,"fee_open":0.0015,"fee_close":0.0015,"trade_duration":135,"profit_ratio":-0.00016588060263423538,"profit_abs":-0.05192736,"exit_reason":"exit_signal","initial_stop_loss_abs":63363.954999999994,"initial_stop_loss_ratio":-0.05,"stop_loss_abs":63363.954999999994,"stop_loss_ratio":-0.05,"min_rate":66611.9,"max_rate":67117.4,"is_open":false,"enter_tag":"","leverage":1.0,"is_short":false,"open_timestamp":1770973200000,"close_timestamp":1770981300000,"orders":[{"amount":0.00468631,"safe_price":66698.9,"ft_order_side":"buy","order_filled_timestamp":1770973200000,"ft_is_entry":true,"ft_order_tag":"","cost":313.04057964208846},{"amount":0.00468631,"safe_price":66888.2,"ft_order_side":"sell","order_filled_timestamp":1770981300000,"ft_is_entry":false,"ft_order_tag":"exit_signal","cost":313.929028802813}],"funding_fees":0.0,"weekday":4},{"pair":"BTC/USDT","stake_amount":312.37612986,"max_stake_amount":312.37612986,"amount":0.00463837,"open_date":"2026-02-13 13:30:00+00:00","close_date":"2026-02-13 14:15:00+00:00","open_rate":67346.1,"close_rate":67166.1,"fee_open":0.0015,"fee_close":0.0015,"trade_duration":45,"profit_ratio":-0.005660261029413146,"profit_abs":-1.77078263,"exit_reason":"exit_signal","initial_stop_loss_abs":63978.795000000006,"initial_stop_loss_ratio":-0.05,"stop_loss_abs":63978.795000000006,"stop_loss_ratio":-0.05,"min_rate":67120.1,"max_rate":67623.0,"is_open":false,"enter_tag":"","leverage":1.0,"is_short":false,"open_timestamp":1770989400000,"close_timestamp":1770992100000,"orders":[{"amount":0.00463837,"safe_price":67346.1,"ft_order_side":"buy","order_filled_timestamp":1770989400000,"ft_is_entry":true,"ft_order_tag":"","cost":312.84469405178555},{"amount":0.00463837,"safe_price":67166.1,"ft_order_side":"sell","order_filled_timestamp":1770992100000,"ft_is_entry":false,"ft_order_tag":"exit_signal","cost":312.0085350918855}],"funding_fees":0.0,"weekday":4},{"pair":"ETH/USDT","stake_amount":312.37589082,"max_stake_amount":312.37589082,"amount":0.158622,"open_date":"2026-02-13 13:30:00+00:00","close_date":"2026-02-13 14:15:00+00:00","open_rate":1969.31,"close_rate":1964.15,"fee_open":0.0015,"fee_close":0.0015,"trade_duration":45,"profit_ratio":-0.0056078649753527375,"profit_abs":-1.75438946,"exit_reason":"exit_signal","initial_stop_loss_abs":1870.8445,"initial_stop_loss_ratio":-0.05,"stop_loss_abs":1870.8445,"stop_loss_ratio":-0.05,"min_rate":1963.21,"max_rate":1981.43,"is_open":false,"enter_tag":"","leverage":1.0,"is_short":false,"open_timestamp":1770989400000,"close_timestamp":1770992100000,"orders":[{"amount":0.158622,"safe_price":1969.31,"ft_order_side":"buy","order_filled_timestamp":1770989400000,"ft_is_entry":true,"ft_order_tag":"","cost":312.84445465623},{"amount":0.158622,"safe_price":1964.15,"ft_order_side":"sell","order_filled_timestamp":1770992100000,"ft_is_entry":false,"ft_order_tag":"exit_signal","cost":312.02473740195006}],"funding_fees":0.0,"weekday":4},{"pair":"BTC/USDT","stake_amount":311.2127825,"max_stake_amount":311.2127825,"amount":0.00462343,"open_date":"2026-02-13 14:30:00+00:00","close_date":"2026-02-13 15:15:00+00:00","open_rate":67312.1,"close_rate":68379.4,"fee_open":0.0015,"fee_close":0.0015,"trade_duration":45,"profit_ratio":0.012812986761134727,"profit_abs":3.99354661,"exit_reason":"exit_signal","initial_stop_loss_abs":63946.495,"initial_stop_loss_ratio":-0.05,"stop_loss_abs":63946.495,"stop_loss_ratio":-0.05,"min_rate":66866.6,"max_rate":68897.7,"is_open":false,"enter_tag":"","leverage":1.0,"is_short":false,"open_timestamp":1770993000000,"close_timestamp":1770995700000,"orders":[{"amount":0.00462343,"safe_price":67312.1,"ft_order_side":"buy","order_filled_timestamp":1770993000000,"ft_is_entry":true,"ft_order_tag":"","cost":311.67960167675454},{"amount":0.00462343,"safe_price":68379.4,"ft_order_side":"sell","order_filled_timestamp":1770995700000,"ft_is_entry":false,"ft_order_tag":"exit_signal","cost":316.621590396013}],"funding_fees":0.0,"weekday":4},{"pair":"ETH/USDT","stake_amount":311.21186349,"max_stake_amount":311.21186349,"amount":0.157519,"open_date":"2026-02-13 14:30:00+00:00","close_date":"2026-02-13 15:15:00+00:00","open_rate":1975.71,"close_rate":2020.79,"fee_open":0.0015,"fee_close":0.0015,"trade_duration":45,"profit_ratio":0.01975325827423429,"profit_abs":6.15666949,"exit_reason":"exit_signal","initial_stop_loss_abs":1876.9244999999999,"initial_stop_loss_ratio":-0.05,"stop_loss_abs":1876.9244999999999,"stop_loss_ratio":-0.05,"min_rate":1967.19,"max_rate":2040.0,"is_open":false,"enter_tag":"","leverage":1.0,"is_short":false,"open_timestamp":1770993000000,"close_timestamp":1770995700000,"orders":[{"amount":0.157519,"safe_price":1975.71,"ft_order_side":"buy","order_filled_timestamp":1770993000000,"ft_is_entry":true,"ft_order_tag":"","cost":311.67868128523503},{"amount":0.157519,"safe_price":2020.79,"ft_order_side":"sell","order_filled_timestamp":1770995700000,"ft_is_entry":false,"ft_order_tag":"exit_signal","cost":318.790289240015}],"funding_fees":0.0,"weekday":4},{"pair":"BTC/USDT","stake_amount":314.56194962,"max_stake_amount":314.56194962,"amount":0.00455295,"open_date":"2026-02-14 01:00:00+00:00","close_date":"2026-02-14 02:00:00+00:00","open_rate":69089.7,"close_rate":68963.2,"fee_open":0.0015,"fee_close":0.0015,"trade_duration":60,"profit_ratio":-0.004820975196843193,"profit_abs":-1.5187701,"exit_reason":"exit_signal","initial_stop_loss_abs":65635.215,"initial_stop_loss_ratio":-0.05,"stop_loss_abs":65635.215,"stop_loss_ratio":-0.05,"min_rate":68900.2,"max_rate":69109.5,"is_open":false,"enter_tag":"","leverage":1.0,"is_short":false,"open_timestamp":1771030800000,"close_timestamp":1771034400000,"orders":[{"amount":0.00455295,"safe_price":69089.7,"ft_order_side":"buy","order_filled_timestamp":1771030800000,"ft_is_entry":true,"ft_order_tag":"","cost":315.0337925394225},{"amount":0.00455295,"safe_price":68963.2,"ft_order_side":"sell","order_filled_timestamp":1771034400000,"ft_is_entry":false,"ft_order_tag":"exit_signal","cost":314.45698044216}],"funding_fees":0.0,"weekday":5},{"pair":"ETH/USDT","stake_amount":314.06110518,"max_stake_amount":314.06110518,"amount":0.152674,"open_date":"2026-02-14 04:30:00+00:00","close_date":"2026-02-14 05:00:00+00:00","open_rate":2057.07,"close_rate":2053.39,"fee_open":0.0015,"fee_close":0.0015,"trade_duration":30,"profit_ratio":-0.004779100184695284,"profit_abs":-1.50318088,"exit_reason":"exit_signal","initial_stop_loss_abs":1954.2165,"initial_stop_loss_ratio":-0.05,"stop_loss_abs":1954.2165,"stop_loss_ratio":-0.05,"min_rate":2051.3,"max_rate":2058.07,"is_open":false,"enter_tag":"","leverage":1.0,"is_short":false,"open_timestamp":1771043400000,"close_timestamp":1771045200000,"orders":[{"amount":0.152674,"safe_price":2057.07,"ft_order_side":"buy","order_filled_timestamp":1771043400000,"ft_is_entry":true,"ft_order_tag":"","cost":314.5321968377701},{"amount":0.152674,"safe_price":2053.39,"ft_order_side":"sell","order_filled_timestamp":1771045200000,"ft_is_entry":false,"ft_order_tag":"exit_signal","cost":313.96951375729}],"funding_fees":0.0,"weekday":5},{"pair":"BTC/USDT","stake_amount":313.56511793,"max_stake_amount":313.56511793,"amount":0.00454779,"open_date":"2026-02-14 07:30:00+00:00","close_date":"2026-02-14 08:15:00+00:00","open_rate":68948.9,"close_rate":69566.7,"fee_open":0.0015,"fee_close":0.0015,"trade_duration":45,"profit_ratio":0.005937911714494935,"profit_abs":1.86471487,"exit_reason":"exit_signal","initial_stop_loss_abs":65501.454999999994,"initial_stop_loss_ratio":-0.05,"stop_loss_abs":65501.454999999994,"stop_loss_ratio":-0.05,"min_rate":68942.1,"max_rate":69795.5,"is_open":false,"enter_tag":"","leverage":1.0,"is_short":false,"open_timestamp":1771054200000,"close_timestamp":1771056900000,"orders":[{"amount":0.00454779,"safe_price":68948.9,"ft_order_side":"buy","order_filled_timestamp":1771054200000,"ft_is_entry":true,"ft_order_tag":"","cost":314.03546560789647},{"amount":0.00454779,"safe_price":69566.7,"ft_order_side":"sell","order_filled_timestamp":1771056900000,"ft_is_entry":false,"ft_order_tag":"exit_signal","cost":316.84930470688954}],"funding_fees":0.0,"weekday":5},{"pair":"ETH/USDT","stake_amount":313.56370085,"max_stake_amount":313.56370085,"amount":0.152585,"open_date":"2026-02-14 07:30:00+00:00","close_date":"2026-02-14 08:15:00+00:00","open_rate":2055.01,"close_rate":2072.5,"fee_open":0.0015,"fee_close":0.0015,"trade_duration":45,"profit_ratio":0.0054899062689433295,"profit_abs":1.72401748,"exit_reason":"exit_signal","initial_stop_loss_abs":1952.2595000000001,"initial_stop_loss_ratio":-0.05,"stop_loss_abs":1952.2595000000001,"stop_loss_ratio":-0.05,"min_rate":2050.66,"max_rate":2092.0,"is_open":false,"enter_tag":"","leverage":1.0,"is_short":false,"open_timestamp":1771054200000,"close_timestamp":1771056900000,"orders":[{"amount":0.152585,"safe_price":2055.01,"ft_order_side":"buy","order_filled_timestamp":1771054200000,"ft_is_entry":true,"ft_order_tag":"","cost":314.0340464012751},{"amount":0.152585,"safe_price":2072.5,"ft_order_side":"sell","order_filled_timestamp":1771056900000,"ft_is_entry":false,"ft_order_tag":"exit_signal","cost":316.70676111875}],"funding_fees":0.0,"weekday":5},{"pair":"ETH/USDT","stake_amount":314.7488553,"max_stake_amount":314.7488553,"amount":0.152207,"open_date":"2026-02-14 08:30:00+00:00","close_date":"2026-02-14 09:00:00+00:00","open_rate":2067.9,"close_rate":2082.15,"fee_open":0.0015,"fee_close":0.0015,"trade_duration":30,"profit_ratio":0.003874899968558333,"profit_abs":1.22144976,"exit_reason":"exit_signal","initial_stop_loss_abs":1964.5049999999999,"initial_stop_loss_ratio":-0.05,"stop_loss_abs":1964.5049999999999,"stop_loss_ratio":-0.05,"min_rate":2067.9,"max_rate":2088.84,"is_open":false,"enter_tag":"","leverage":1.0,"is_short":false,"open_timestamp":1771057800000,"close_timestamp":1771059600000,"orders":[{"amount":0.152207,"safe_price":2067.9,"ft_order_side":"buy","order_filled_timestamp":1771057800000,"ft_is_entry":true,"ft_order_tag":"","cost":315.22097858295007},{"amount":0.152207,"safe_price":2082.15,"ft_order_side":"sell","order_filled_timestamp":1771059600000,"ft_is_entry":false,"ft_order_tag":"exit_signal","cost":317.39318175757506}],"funding_fees":0.0,"weekday":5},{"pair":"ETH/USDT","stake_amount":315.1523802,"max_stake_amount":315.1523802,"amount":0.151501,"open_date":"2026-02-14 09:15:00+00:00","close_date":"2026-02-14 10:00:00+00:00","open_rate":2080.2,"close_rate":2078.3,"fee_open":0.0015,"fee_close":0.0015,"trade_duration":45,"profit_ratio":-0.0039061444281267284,"profit_abs":-1.23287726,"exit_reason":"exit_signal","initial_stop_loss_abs":1976.1899999999998,"initial_stop_loss_ratio":-0.05,"stop_loss_abs":1976.1899999999998,"stop_loss_ratio":-0.05,"min_rate":2073.11,"max_rate":2083.57,"is_open":false,"enter_tag":"","leverage":1.0,"is_short":false,"open_timestamp":1771060500000,"close_timestamp":1771063200000,"orders":[{"amount":0.151501,"safe_price":2080.2,"ft_order_side":"buy","order_filled_timestamp":1771060500000,"ft_is_entry":true,"ft_order_tag":"","cost":315.6251087703},{"amount":0.151501,"safe_price":2078.3,"ft_order_side":"sell","order_filled_timestamp":1771063200000,"ft_is_entry":false,"ft_order_tag":"exit_signal","cost":315.33682509245006}],"funding_fees":0.0,"weekday":5},{"pair":"ETH/USDT","stake_amount":314.7455432,"max_stake_amount":314.7455432,"amount":0.150337,"open_date":"2026-02-14 11:15:00+00:00","close_date":"2026-02-14 11:30:00+00:00","open_rate":2093.6,"close_rate":2096.64,"fee_open":0.0015,"fee_close":0.0015,"trade_duration":15,"profit_ratio":-0.00154781203456486,"profit_abs":-0.48789769,"exit_reason":"exit_signal","initial_stop_loss_abs":1988.9199999999998,"initial_stop_loss_ratio":-0.05,"stop_loss_abs":1988.9199999999998,"stop_loss_ratio":-0.05,"min_rate":2088.83,"max_rate":2107.95,"is_open":false,"enter_tag":"","leverage":1.0,"is_short":false,"open_timestamp":1771067700000,"close_timestamp":1771068600000,"orders":[{"amount":0.150337,"safe_price":2093.6,"ft_order_side":"buy","order_filled_timestamp":1771067700000,"ft_is_entry":true,"ft_order_tag":"","cost":315.2176615148},{"amount":0.150337,"safe_price":2096.64,"ft_order_side":"sell","order_filled_timestamp":1771068600000,"ft_is_entry":false,"ft_order_tag":"exit_signal","cost":315.67537153152}],"funding_fees":0.0,"weekday":5},{"pair":"ETH/USDT","stake_amount":314.58461,"max_stake_amount":314.58461,"amount":0.149945,"open_date":"2026-02-14 12:15:00+00:00","close_date":"2026-02-14 12:45:00+00:00","open_rate":2098.0,"close_rate":2078.55,"fee_open":0.0015,"fee_close":0.0015,"trade_duration":30,"profit_ratio":-0.01223847021134426,"profit_abs":-3.85580943,"exit_reason":"exit_signal","initial_stop_loss_abs":1993.1,"initial_stop_loss_ratio":-0.05,"stop_loss_abs":1993.1,"stop_loss_ratio":-0.05,"min_rate":2068.08,"max_rate":2098.31,"is_open":false,"enter_tag":"","leverage":1.0,"is_short":false,"open_timestamp":1771071300000,"close_timestamp":1771073100000,"orders":[{"amount":0.149945,"safe_price":2098.0,"ft_order_side":"buy","order_filled_timestamp":1771071300000,"ft_is_entry":true,"ft_order_tag":"","cost":315.056486915},{"amount":0.149945,"safe_price":2078.55,"ft_order_side":"sell","order_filled_timestamp":1771073100000,"ft_is_entry":false,"ft_order_tag":"exit_signal","cost":312.13568201962505}],"funding_fees":0.0,"weekday":5},{"pair":"ETH/USDT","stake_amount":313.31138869,"max_stake_amount":313.31138869,"amount":0.150257,"open_date":"2026-02-14 15:00:00+00:00","close_date":"2026-02-14 16:15:00+00:00","open_rate":2085.17,"close_rate":2079.69,"fee_open":0.0015,"fee_close":0.0015,"trade_duration":75,"profit_ratio":-0.005615717370010254,"profit_abs":-1.76210741,"exit_reason":"exit_signal","initial_stop_loss_abs":1980.9115,"initial_stop_loss_ratio":-0.05,"stop_loss_abs":1980.9115,"stop_loss_ratio":-0.05,"min_rate":2067.84,"max_rate":2094.06,"is_open":false,"enter_tag":"","leverage":1.0,"is_short":false,"open_timestamp":1771081200000,"close_timestamp":1771085700000,"orders":[{"amount":0.150257,"safe_price":2085.17,"ft_order_side":"buy","order_filled_timestamp":1771081200000,"ft_is_entry":true,"ft_order_tag":"","cost":313.78135577303505},{"amount":0.150257,"safe_price":2079.69,"ft_order_side":"sell","order_filled_timestamp":1771085700000,"ft_is_entry":false,"ft_order_tag":"exit_signal","cost":312.95671230049504}],"funding_fees":0.0,"weekday":5},{"pair":"BTC/USDT","stake_amount":312.7306961,"max_stake_amount":312.7306961,"amount":0.00446598,"open_date":"2026-02-14 21:00:00+00:00","close_date":"2026-02-14 22:00:00+00:00","open_rate":70025.1,"close_rate":69929.3,"fee_open":0.0015,"fee_close":0.0015,"trade_duration":60,"profit_ratio":-0.004359489515179218,"profit_abs":-1.36539121,"exit_reason":"exit_signal","initial_stop_loss_abs":66523.845,"initial_stop_loss_ratio":-0.05,"stop_loss_abs":66523.845,"stop_loss_ratio":-0.05,"min_rate":69643.1,"max_rate":70250.0,"is_open":false,"enter_tag":"","leverage":1.0,"is_short":false,"open_timestamp":1771102800000,"close_timestamp":1771106400000,"orders":[{"amount":0.00446598,"safe_price":70025.1,"ft_order_side":"buy","order_filled_timestamp":1771102800000,"ft_is_entry":true,"ft_order_tag":"","cost":313.19979214214703},{"amount":0.00446598,"safe_price":69929.3,"ft_order_side":"sell","order_filled_timestamp":1771106400000,"ft_is_entry":false,"ft_order_tag":"exit_signal","cost":312.771309496821}],"funding_fees":0.0,"weekday":5},{"pair":"ETH/USDT","stake_amount":312.72907464,"max_stake_amount":312.72907464,"amount":0.149634,"open_date":"2026-02-14 21:00:00+00:00","close_date":"2026-02-14 22:00:00+00:00","open_rate":2089.96,"close_rate":2086.15,"fee_open":0.0015,"fee_close":0.0015,"trade_duration":60,"profit_ratio":-0.004813047338090766,"profit_abs":-1.50743761,"exit_reason":"exit_signal","initial_stop_loss_abs":1985.462,"initial_stop_loss_ratio":-0.05,"stop_loss_abs":1985.462,"stop_loss_ratio":-0.05,"min_rate":2078.5,"max_rate":2099.41,"is_open":false,"enter_tag":"","leverage":1.0,"is_short":false,"open_timestamp":1771102800000,"close_timestamp":1771106400000,"orders":[{"amount":0.149634,"safe_price":2089.96,"ft_order_side":"buy","order_filled_timestamp":1771102800000,"ft_is_entry":true,"ft_order_tag":"","cost":313.19816825196},{"amount":0.149634,"safe_price":2086.15,"ft_order_side":"sell","order_filled_timestamp":1771106400000,"ft_is_entry":false,"ft_order_tag":"exit_signal","cost":312.62720755365}],"funding_fees":0.0,"weekday":5},{"pair":"ETH/USDT","stake_amount":311.78125418,"max_stake_amount":311.78125418,"amount":0.148951,"open_date":"2026-02-14 22:15:00+00:00","close_date":"2026-02-14 22:30:00+00:00","open_rate":2093.18,"close_rate":2089.4,"fee_open":0.0015,"fee_close":0.0015,"trade_duration":15,"profit_ratio":-0.004795962019437503,"profit_abs":-1.49753399,"exit_reason":"exit_signal","initial_stop_loss_abs":1988.5209999999997,"initial_stop_loss_ratio":-0.05,"stop_loss_abs":1988.5209999999997,"stop_loss_ratio":-0.05,"min_rate":2083.84,"max_rate":2095.07,"is_open":false,"enter_tag":"","leverage":1.0,"is_short":false,"open_timestamp":1771107300000,"close_timestamp":1771108200000,"orders":[{"amount":0.148951,"safe_price":2093.18,"ft_order_side":"buy","order_filled_timestamp":1771107300000,"ft_is_entry":true,"ft_order_tag":"","cost":312.24892606126997},{"amount":0.148951,"safe_price":2089.4,"ft_order_side":"sell","order_filled_timestamp":1771108200000,"ft_is_entry":false,"ft_order_tag":"exit_signal","cost":311.6850467291}],"funding_fees":0.0,"weekday":5},{"pair":"BTC/USDT","stake_amount":311.28808237,"max_stake_amount":311.28808237,"amount":0.00442018,"open_date":"2026-02-15 04:15:00+00:00","close_date":"2026-02-15 06:00:00+00:00","open_rate":70424.3,"close_rate":70267.1,"fee_open":0.0015,"fee_close":0.0015,"trade_duration":105,"profit_ratio":-0.0052210042639514115,"profit_abs":-1.62767426,"exit_reason":"exit_signal","initial_stop_loss_abs":66903.085,"initial_stop_loss_ratio":-0.05,"stop_loss_abs":66903.085,"stop_loss_ratio":-0.05,"min_rate":70103.8,"max_rate":70521.2,"is_open":false,"enter_tag":"","leverage":1.0,"is_short":false,"open_timestamp":1771128900000,"close_timestamp":1771135200000,"orders":[{"amount":0.00442018,"safe_price":70424.3,"ft_order_side":"buy","order_filled_timestamp":1771128900000,"ft_is_entry":true,"ft_order_tag":"","cost":311.75501449756104},{"amount":0.00442018,"safe_price":70267.1,"ft_order_side":"sell","order_filled_timestamp":1771135200000,"ft_is_entry":false,"ft_order_tag":"exit_signal","cost":311.05911992311707}],"funding_fees":0.0,"weekday":6},{"pair":"BTC/USDT","stake_amount":310.75093886,"max_stake_amount":310.75093886,"amount":0.00439756,"open_date":"2026-02-15 07:30:00+00:00","close_date":"2026-02-15 08:30:00+00:00","open_rate":70664.4,"close_rate":70562.0,"fee_open":0.0015,"fee_close":0.0015,"trade_duration":60,"profit_ratio":-0.004440269041130288,"profit_abs":-1.3818875,"exit_reason":"exit_signal","initial_stop_loss_abs":67131.18,"initial_stop_loss_ratio":-0.05,"stop_loss_abs":67131.18,"stop_loss_ratio":-0.05,"min_rate":70169.4,"max_rate":70969.2,"is_open":false,"enter_tag":"","leverage":1.0,"is_short":false,"open_timestamp":1771140600000,"close_timestamp":1771144200000,"orders":[{"amount":0.00439756,"safe_price":70664.4,"ft_order_side":"buy","order_filled_timestamp":1771140600000,"ft_is_entry":true,"ft_order_tag":"","cost":311.217065272296},{"amount":0.00439756,"safe_price":70562.0,"ft_order_side":"sell","order_filled_timestamp":1771144200000,"ft_is_entry":false,"ft_order_tag":"exit_signal","cost":310.76607966308006}],"funding_fees":0.0,"weekday":6}],"locks":[],"best_pair":{"key":"BTC/USDT","trades":17,"profit_mean":-0.004118698985162737,"profit_mean_pct":-0.41,"profit_total_abs":-22.48355362,"profit_total":-0.02248355362,"profit_total_pct":-2.25,"duration_avg":"1:06:00","wins":3,"draws":0,"losses":14,"winrate":0.17647058823529413,"cagr":-0.2646533846916881,"expectancy":-1.3225619776470587,"expectancy_ratio":-0.6163714631183218,"sortino":-6.963478838598918,"sharpe":-5.750714700803087,"calmar":-70.75915990571421,"sqn":-1.9123,"profit_factor":0.25154893764203773,"max_drawdown_account":0.022483553619999954,"max_drawdown_abs":22.483553620000006},"worst_pair":{"key":"ETH/USDT","trades":24,"profit_mean":-0.004795478747216288,"profit_mean_pct":-0.48,"profit_total_abs":-37.22699305,"profit_total":-0.03722699305,"profit_total_pct":-3.72,"duration_avg":"1:02:00","wins":5,"draws":0,"losses":19,"winrate":0.20833333333333334,"cagr":-0.401219550219007,"expectancy":-1.5511247104166668,"expectancy_ratio":-0.5961238810486684,"sortino":-11.13045448251572,"sharpe":-8.533315088311648,"calmar":-70.75915990571401,"sqn":-2.4098,"profit_factor":0.2470014134122083,"max_drawdown_account":0.03722699305000003,"max_drawdown_abs":37.22699304999999},"results_per_pair":[{"key":"BTC/USDT","trades":17,"profit_mean":-0.004118698985162737,"profit_mean_pct":-0.41,"profit_total_abs":-22.48355362,"profit_total":-0.02248355362,"profit_total_pct":-2.25,"duration_avg":"1:06:00","wins":3,"draws":0,"losses":14,"winrate":0.17647058823529413,"cagr":-0.2646533846916881,"expectancy":-1.3225619776470587,"expectancy_ratio":-0.6163714631183218,"sortino":-6.963478838598918,"sharpe":-5.750714700803087,"calmar":-70.75915990571421,"sqn":-1.9123,"profit_factor":0.25154893764203773,"max_drawdown_account":0.022483553619999954,"max_drawdown_abs":22.483553620000006},{"key":"ETH/USDT","trades":24,"profit_mean":-0.004795478747216288,"profit_mean_pct":-0.48,"profit_total_abs":-37.22699305,"profit_total":-0.03722699305,"profit_total_pct":-3.72,"duration_avg":"1:02:00","wins":5,"draws":0,"losses":19,"winrate":0.20833333333333334,"cagr":-0.401219550219007,"expectancy":-1.5511247104166668,"expectancy_ratio":-0.5961238810486684,"sortino":-11.13045448251572,"sharpe":-8.533315088311648,"calmar":-70.75915990571401,"sqn":-2.4098,"profit_factor":0.2470014134122083,"max_drawdown_account":0.03722699305000003,"max_drawdown_abs":37.22699304999999},{"key":"TOTAL","trades":41,"profit_mean":-0.004514862748316035,"profit_mean_pct":-0.45,"profit_total_abs":-59.71054667,"profit_total":-0.059710546669999996,"profit_total_pct":-5.97,"duration_avg":"1:04:00","wins":8,"draws":0,"losses":33,"winrate":0.1951219512195122,"cagr":-0.5649532084478263,"expectancy":-1.4563547968292685,"expectancy_ratio":-0.6046886027458445,"sortino":-18.03214597269367,"sharpe":-14.271964814209694,"calmar":-70.75915990571409,"sqn":-3.1113,"profit_factor":0.24872022083092046,"max_drawdown_account":0.05971054666999998,"max_drawdown_abs":59.710546669999985}],"results_per_enter_tag":[{"key":"","trades":41,"profit_mean":-0.004514862748316035,"profit_mean_pct":-0.45,"profit_total_abs":-59.71054667,"profit_total":-0.059710546669999996,"profit_total_pct":-5.97,"duration_avg":"1:04:00","wins":8,"draws":0,"losses":33,"winrate":0.1951219512195122,"cagr":-0.5649532084478263,"expectancy":-1.4563547968292685,"expectancy_ratio":-0.6046886027458445,"sortino":-18.03214597269367,"sharpe":-14.271964814209694,"calmar":-70.75915990571409,"sqn":-3.1113,"profit_factor":0.24872022083092046,"max_drawdown_account":0.05971054666999998,"max_drawdown_abs":59.710546669999985},{"key":"TOTAL","trades":41,"profit_mean":-0.004514862748316035,"profit_mean_pct":-0.45,"profit_total_abs":-59.71054667,"profit_total":-0.059710546669999996,"profit_total_pct":-5.97,"duration_avg":"1:04:00","wins":8,"draws":0,"losses":33,"winrate":0.1951219512195122,"cagr":-0.5649532084478263,"expectancy":-1.4563547968292685,"expectancy_ratio":-0.6046886027458445,"sortino":-18.03214597269367,"sharpe":-14.271964814209694,"calmar":-70.75915990571409,"sqn":-3.1113,"profit_factor":0.24872022083092046,"max_drawdown_account":0.05971054666999998,"max_drawdown_abs":59.710546669999985}],"exit_reason_summary":[{"key":"exit_signal","trades":41,"profit_mean":-0.004514862748316035,"profit_mean_pct":-0.45,"profit_total_abs":-59.71054667,"profit_total":-0.059710546669999996,"profit_total_pct":-5.97,"duration_avg":"1:04:00","wins":8,"draws":0,"losses":33,"winrate":0.1951219512195122,"cagr":-0.5649532084478263,"expectancy":-1.4563547968292685,"expectancy_ratio":-0.6046886027458445,"sortino":-18.03214597269367,"sharpe":-14.271964814209694,"calmar":-70.75915990571409,"sqn":-3.1113,"profit_factor":0.24872022083092046,"max_drawdown_account":0.05971054666999998,"max_drawdown_abs":59.710546669999985},{"key":"TOTAL","trades":41,"profit_mean":-0.004514862748316035,"profit_mean_pct":-0.45,"profit_total_abs":-59.71054667,"profit_total":-0.059710546669999996,"profit_total_pct":-5.97,"duration_avg":"1:04:00","wins":8,"draws":0,"losses":33,"winrate":0.1951219512195122,"cagr":-0.5649532084478263,"expectancy":-1.4563547968292685,"expectancy_ratio":-0.6046886027458445,"sortino":-18.03214597269367,"sharpe":-14.271964814209694,"calmar":-70.75915990571409,"sqn":-3.1113,"profit_factor":0.24872022083092046,"max_drawdown_account":0.05971054666999998,"max_drawdown_abs":59.710546669999985}],"mix_tag_stats":[{"key":["","exit_signal"],"trades":41,"profit_mean":-0.004514862748316035,"profit_mean_pct":-0.45,"profit_total_abs":-59.71054667,"profit_total":-0.059710546669999996,"profit_total_pct":-5.97,"duration_avg":"1:04:00","wins":8,"draws":0,"losses":33,"winrate":0.1951219512195122,"cagr":-0.5649532084478263,"expectancy":-1.4563547968292685,"expectancy_ratio":-0.6046886027458445,"sortino":-18.03214597269367,"sharpe":-14.271964814209694,"calmar":-70.75915990571409,"sqn":-3.1113,"profit_factor":0.24872022083092046,"max_drawdown_account":0.05971054666999998,"max_drawdown_abs":59.710546669999985},{"key":"TOTAL","trades":41,"profit_mean":-0.004514862748316035,"profit_mean_pct":-0.45,"profit_total_abs":-59.71054667,"profit_total":-0.059710546669999996,"profit_total_pct":-5.97,"duration_avg":"1:04:00","wins":8,"draws":0,"losses":33,"winrate":0.1951219512195122,"cagr":-0.5649532084478263,"expectancy":-1.4563547968292685,"expectancy_ratio":-0.6046886027458445,"sortino":-18.03214597269367,"sharpe":-14.271964814209694,"calmar":-70.75915990571409,"sqn":-3.1113,"profit_factor":0.24872022083092046,"max_drawdown_account":0.05971054666999998,"max_drawdown_abs":59.710546669999985}],"left_open_trades":[{"key":"TOTAL","trades":0,"profit_mean":0.0,"profit_mean_pct":0.0,"profit_total_abs":0.0,"profit_total":0.0,"profit_total_pct":0.0,"duration_avg":"0:00","wins":0,"draws":0,"losses":0,"winrate":0.0,"cagr":0.0,"expectancy":0.0,"expectancy_ratio":100.0,"sortino":0,"sharpe":0,"calmar":0,"sqn":0.0,"profit_factor":0.0,"max_drawdown_account":0.0,"max_drawdown_abs":0.0}],"total_trades":41,"trade_count_long":41,"trade_count_short":0,"total_volume":25994.824440841403,"avg_stake_amount":316.7886258009756,"profit_mean":-0.004514862748316035,"profit_median":-0.004795962019437503,"profit_total":-0.059710546669999996,"profit_total_long":-0.059710546669999996,"profit_total_short":0.0,"profit_total_abs":-59.71054667,"profit_total_long_abs":-59.71054667,"profit_total_short_abs":0.0,"cagr":-0.5649532084478263,"expectancy":-1.4563547968292685,"expectancy_ratio":-0.6046886027458445,"sortino":-18.03214597269367,"sharpe":-14.271964814209694,"calmar":-70.75915990571409,"sqn":-3.1113,"profit_factor":0.24872022083092046,"backtest_start":"2026-01-22 02:00:00","backtest_start_ts":1769047200000,"backtest_end":"2026-02-19 00:00:00","backtest_end_ts":1771459200000,"backtest_days":27,"backtest_run_start_ts":1771511352,"backtest_run_end_ts":1771511352,"trades_per_day":1.52,"market_change":-0.3093445997276283,"pairlist":["BTC/USDT","ETH/USDT"],"stake_amount":"unlimited","stake_currency":"USDT","stake_currency_decimals":3,"starting_balance":1000,"dry_run_wallet":1000,"final_balance":940.28945333,"rejected_signals":0,"timedout_entry_orders":0,"timedout_exit_orders":0,"canceled_trade_entries":0,"canceled_entry_orders":0,"replaced_entry_orders":0,"max_open_trades":2,"max_open_trades_setting":3,"timeframe":"15m","timeframe_detail":"","timerange":"20260120-20260219","enable_protections":false,"strategy_name":"SupertrendStrategy","freqaimodel":null,"freqai_identifier":null,"stoploss":-0.05,"trailing_stop":true,"trailing_stop_positive":0.03,"trailing_stop_positive_offset":0.05,"trailing_only_offset_is_reached":true,"use_custom_stoploss":false,"minimal_roi":{"120":0.02,"60":0.03,"30":0.05,"0":0.08},"use_exit_signal":true,"exit_profit_only":false,"exit_profit_offset":0.0,"ignore_roi_if_entry_signal":false,"trading_mode":"spot","margin_mode":"","periodic_breakdown":{"day":[{"date":"27/01/2026","date_ts":1769472000000,"profit_abs":-3.72368569,"wins":1,"draws":0,"losses":1,"trades":2,"profit_factor":0.44621588},{"date":"28/01/2026","date_ts":1769558400000,"profit_abs":-5.8610067,"wins":0,"draws":0,"losses":3,"trades":3,"profit_factor":0.0},{"date":"29/01/2026","date_ts":1769644800000,"profit_abs":0.0,"wins":0,"draws":0,"losses":0,"trades":0,"profit_factor":0.0},{"date":"30/01/2026","date_ts":1769731200000,"profit_abs":0.0,"wins":0,"draws":0,"losses":0,"trades":0,"profit_factor":0.0},{"date":"31/01/2026","date_ts":1769817600000,"profit_abs":0.0,"wins":0,"draws":0,"losses":0,"trades":0,"profit_factor":0.0},{"date":"01/02/2026","date_ts":1769904000000,"profit_abs":0.0,"wins":0,"draws":0,"losses":0,"trades":0,"profit_factor":0.0},{"date":"02/02/2026","date_ts":1769990400000,"profit_abs":0.0,"wins":0,"draws":0,"losses":0,"trades":0,"profit_factor":0.0},{"date":"03/02/2026","date_ts":1770076800000,"profit_abs":0.0,"wins":0,"draws":0,"losses":0,"trades":0,"profit_factor":0.0},{"date":"04/02/2026","date_ts":1770163200000,"profit_abs":0.0,"wins":0,"draws":0,"losses":0,"trades":0,"profit_factor":0.0},{"date":"05/02/2026","date_ts":1770249600000,"profit_abs":0.0,"wins":0,"draws":0,"losses":0,"trades":0,"profit_factor":0.0},{"date":"06/02/2026","date_ts":1770336000000,"profit_abs":0.0,"wins":0,"draws":0,"losses":0,"trades":0,"profit_factor":0.0},{"date":"07/02/2026","date_ts":1770422400000,"profit_abs":0.0,"wins":0,"draws":0,"losses":0,"trades":0,"profit_factor":0.0},{"date":"08/02/2026","date_ts":1770508800000,"profit_abs":0.0,"wins":0,"draws":0,"losses":0,"trades":0,"profit_factor":0.0},{"date":"09/02/2026","date_ts":1770595200000,"profit_abs":0.0,"wins":0,"draws":0,"losses":0,"trades":0,"profit_factor":0.0},{"date":"10/02/2026","date_ts":1770681600000,"profit_abs":0.0,"wins":0,"draws":0,"losses":0,"trades":0,"profit_factor":0.0},{"date":"11/02/2026","date_ts":1770768000000,"profit_abs":-24.43100871,"wins":0,"draws":0,"losses":4,"trades":4,"profit_factor":0.0},{"date":"12/02/2026","date_ts":1770854400000,"profit_abs":-9.72274066,"wins":2,"draws":0,"losses":5,"trades":7,"profit_factor":0.15673307},{"date":"13/02/2026","date_ts":1770940800000,"profit_abs":-3.04171968,"wins":2,"draws":0,"losses":9,"trades":11,"profit_factor":0.76942583},{"date":"14/02/2026","date_ts":1771027200000,"profit_abs":-9.92082347,"wins":3,"draws":0,"losses":9,"trades":12,"profit_factor":0.32653454},{"date":"15/02/2026","date_ts":1771113600000,"profit_abs":-3.00956176,"wins":0,"draws":0,"losses":2,"trades":2,"profit_factor":0.0}],"week":[{"date":"02/02/2026","date_ts":1769990400000,"profit_abs":-9.58469239,"wins":1,"draws":0,"losses":4,"trades":5,"profit_factor":0.23840838},{"date":"09/02/2026","date_ts":1770595200000,"profit_abs":0.0,"wins":0,"draws":0,"losses":0,"trades":0,"profit_factor":0.0},{"date":"16/02/2026","date_ts":1771200000000,"profit_abs":-50.12585428,"wins":7,"draws":0,"losses":29,"trades":36,"profit_factor":0.25066025}],"month":[{"date":"31/01/2026","date_ts":1769817600000,"profit_abs":-9.58469239,"wins":1,"draws":0,"losses":4,"trades":5,"profit_factor":0.23840838},{"date":"28/02/2026","date_ts":1772236800000,"profit_abs":-50.12585428,"wins":7,"draws":0,"losses":29,"trades":36,"profit_factor":0.25066025}],"year":[{"date":"31/12/2026","date_ts":1798675200000,"profit_abs":-59.71054667,"wins":8,"draws":0,"losses":33,"trades":41,"profit_factor":0.24872022}],"weekday":[{"date":"Tuesday","date_ts":1,"profit_abs":-3.72368569,"wins":1,"draws":0,"losses":1,"trades":2,"profit_factor":0.44621588},{"date":"Wednesday","date_ts":2,"profit_abs":-30.29201541,"wins":0,"draws":0,"losses":7,"trades":7,"profit_factor":0.0},{"date":"Thursday","date_ts":3,"profit_abs":-9.72274066,"wins":2,"draws":0,"losses":5,"trades":7,"profit_factor":0.15673307},{"date":"Friday","date_ts":4,"profit_abs":-3.04171968,"wins":2,"draws":0,"losses":9,"trades":11,"profit_factor":0.76942583},{"date":"Saturday","date_ts":5,"profit_abs":-9.92082347,"wins":3,"draws":0,"losses":9,"trades":12,"profit_factor":0.32653454},{"date":"Sunday","date_ts":6,"profit_abs":-3.00956176,"wins":0,"draws":0,"losses":2,"trades":2,"profit_factor":0.0}]},"backtest_best_day":0.0,"backtest_worst_day":-0.07488481484336244,"backtest_best_day_abs":0.0,"backtest_worst_day_abs":-24.43100871,"winning_days":0,"draw_days":13,"losing_days":7,"daily_profit":[["2026-01-27",-3.72368569],["2026-01-28",-5.8610067],["2026-01-29",0.0],["2026-01-30",0.0],["2026-01-31",0.0],["2026-02-01",0.0],["2026-02-02",0.0],["2026-02-03",0.0],["2026-02-04",0.0],["2026-02-05",0.0],["2026-02-06",0.0],["2026-02-07",0.0],["2026-02-08",0.0],["2026-02-09",0.0],["2026-02-10",0.0],["2026-02-11",-24.43100871],["2026-02-12",-9.72274066],["2026-02-13",-3.04171968],["2026-02-14",-9.92082347],["2026-02-15",-3.00956176]],"wins":8,"losses":33,"draws":0,"winrate":0.1951219512195122,"holding_avg":"1:04:00","holding_avg_s":3840.0,"winner_holding_min":"0d 00:30","winner_holding_min_s":1800.0,"winner_holding_max":"0d 03:15","winner_holding_max_s":11700.0,"winner_holding_avg":"0d 01:26","winner_holding_avg_s":5160.0,"loser_holding_min":"0d 00:15","loser_holding_min_s":900.0,"loser_holding_max":"0d 02:30","loser_holding_max_s":9000.0,"loser_holding_avg":"0d 00:58","loser_holding_avg_s":3480.0,"max_consecutive_wins":3,"max_consecutive_losses":11,"max_drawdown_account":0.05971054666999998,"max_relative_drawdown":0.05971054666999998,"max_drawdown_abs":59.710546669999985,"drawdown_start":"2026-01-27 17:45:00","drawdown_start_ts":1769535900000.0,"drawdown_end":"2026-02-15 08:30:00","drawdown_end_ts":1771144200000.0,"drawdown_duration":"18 days 14:45:00","drawdown_duration_s":1608300.0,"max_drawdown_low":-59.710546669999985,"max_drawdown_high":0.0,"csum_min":940.28945333,"csum_max":996.27631431}},"strategy_comparison":[{"key":"SupertrendStrategy","trades":41,"profit_mean":-0.004514862748316035,"profit_mean_pct":-0.45,"profit_total_abs":-59.71054667,"profit_total":-0.059710546669999996,"profit_total_pct":-5.97,"duration_avg":"1:04:00","wins":8,"draws":0,"losses":33,"winrate":0.1951219512195122,"cagr":-0.5649532084478263,"expectancy":-1.4563547968292685,"expectancy_ratio":-0.6046886027458445,"sortino":-18.03214597269367,"sharpe":-14.271964814209694,"calmar":-70.75915990571409,"sqn":-3.1113,"profit_factor":0.24872022083092046,"max_drawdown_account":0.05971054666999998,"max_drawdown_abs":"59.711"}]}