{"strategy":{"SupertrendFuturesStrategy":{"trades":[{"pair":"SOL/USDT:USDT","stake_amount":399.6288,"max_stake_amount":399.6288,"amount":5.76,"open_date":"2025-11-30 14:30:00+00:00","close_date":"2025-11-30 18:00:00+00:00","open_rate":138.76,"close_rate":138.41,"fee_open":0.0005,"fee_close":0.0005,"trade_duration":210,"profit_ratio":-0.007163321025179734,"profit_abs":-2.86410072,"exit_reason":"exit_signal","initial_stop_loss_abs":135.98479999999998,"initial_stop_loss_ratio":-0.04,"stop_loss_abs":135.98479999999998,"stop_loss_ratio":-0.04,"min_rate":137.46,"max_rate":139.79,"is_open":false,"enter_tag":"","leverage":2.0,"is_short":false,"open_timestamp":1764513000000,"close_timestamp":1764525600000,"orders":[{"amount":5.76,"safe_price":138.76,"ft_order_side":"buy","order_filled_timestamp":1764513000000,"ft_is_entry":true,"ft_order_tag":"","cost":799.6572287999999},{"amount":5.76,"safe_price":138.41,"ft_order_side":"sell","order_filled_timestamp":1764525600000,"ft_is_entry":false,"ft_order_tag":"exit_signal","cost":797.6402208}],"funding_fees":-0.04985111679799613,"weekday":6},{"pair":"ETH/USDT:USDT","stake_amount":399.86628,"max_stake_amount":399.86628,"amount":0.264,"open_date":"2025-12-03 03:00:00+00:00","close_date":"2025-12-03 05:00:00+00:00","open_rate":3029.29,"close_rate":3062.6288594297143,"fee_open":0.0005,"fee_close":0.0005,"trade_duration":120,"profit_ratio":0.01999000499750125,"profit_abs":7.9973256,"exit_reason":"roi","initial_stop_loss_abs":2968.7042,"initial_stop_loss_ratio":-0.04,"stop_loss_abs":2968.7042,"stop_loss_ratio":-0.04,"min_rate":3019.06,"max_rate":3069.51,"is_open":false,"enter_tag":"","leverage":2.0,"is_short":false,"open_timestamp":1764730800000,"close_timestamp":1764738000000,"orders":[{"amount":0.264,"safe_price":3029.29,"ft_order_side":"buy","order_filled_timestamp":1764730800000,"ft_is_entry":true,"ft_order_tag":"","cost":800.13242628},{"amount":0.264,"safe_price":3062.6288594297143,"ft_order_side":"sell","order_filled_timestamp":1764738000000,"ft_is_entry":false,"ft_order_tag":"roi","cost":808.9382858988893}],"funding_fees":0.0,"weekday":2},{"pair":"DOGE/USDT:USDT","stake_amount":399.276,"max_stake_amount":399.276,"amount":5400.0,"open_date":"2025-12-03 04:30:00+00:00","close_date":"2025-12-03 05:00:00+00:00","open_rate":0.14788,"close_rate":0.1502472636318159,"fee_open":0.0005,"fee_close":0.0005,"trade_duration":30,"profit_ratio":0.029985007496251874,"profit_abs":11.97828,"exit_reason":"roi","initial_stop_loss_abs":0.14493,"initial_stop_loss_ratio":-0.04,"stop_loss_abs":0.14892,"stop_loss_ratio":-0.02,"min_rate":0.14784,"max_rate":0.15042,"is_open":false,"enter_tag":"","leverage":2.0,"is_short":false,"open_timestamp":1764736200000,"close_timestamp":1764738000000,"orders":[{"amount":5400.0,"safe_price":0.14788,"ft_order_side":"buy","order_filled_timestamp":1764736200000,"ft_is_entry":true,"ft_order_tag":"","cost":798.951276},{"amount":5400.0,"safe_price":0.1502472636318159,"ft_order_side":"sell","order_filled_timestamp":1764738000000,"ft_is_entry":false,"ft_order_tag":"roi","cost":811.7408912236117}],"funding_fees":0.0,"weekday":2},{"pair":"ETH/USDT:USDT","stake_amount":398.541,"max_stake_amount":398.541,"amount":0.26,"open_date":"2025-12-03 07:00:00+00:00","close_date":"2025-12-03 07:30:00+00:00","open_rate":3065.7,"close_rate":3057.49,"fee_open":0.0005,"fee_close":0.0005,"trade_duration":30,"profit_ratio":-0.007349683282115343,"profit_abs":-2.9306147,"exit_reason":"exit_signal","initial_stop_loss_abs":3004.386,"initial_stop_loss_ratio":-0.04,"stop_loss_abs":3004.386,"stop_loss_ratio":-0.04,"min_rate":3050.01,"max_rate":3067.98,"is_open":false,"enter_tag":"","leverage":2.0,"is_short":false,"open_timestamp":1764745200000,"close_timestamp":1764747000000,"orders":[{"amount":0.26,"safe_price":3065.7,"ft_order_side":"buy","order_filled_timestamp":1764745200000,"ft_is_entry":true,"ft_order_tag":"","cost":797.4805409999999},{"amount":0.26,"safe_price":3057.49,"ft_order_side":"sell","order_filled_timestamp":1764747000000,"ft_is_entry":false,"ft_order_tag":"exit_signal","cost":795.3448737}],"funding_fees":0.0,"weekday":2},{"pair":"ETH/USDT:USDT","stake_amount":399.586495,"max_stake_amount":399.586495,"amount":0.259,"open_date":"2025-12-03 13:30:00+00:00","close_date":"2025-12-03 14:30:00+00:00","open_rate":3085.61,"close_rate":3072.36,"fee_open":0.0005,"fee_close":0.0005,"trade_duration":60,"profit_ratio":-0.010578669765136564,"profit_abs":-4.22920712,"exit_reason":"exit_signal","initial_stop_loss_abs":3023.8978,"initial_stop_loss_ratio":-0.04,"stop_loss_abs":3114.3519,"stop_loss_ratio":-0.02,"min_rate":3027.89,"max_rate":3145.81,"is_open":false,"enter_tag":"","leverage":2.0,"is_short":false,"open_timestamp":1764768600000,"close_timestamp":1764772200000,"orders":[{"amount":0.259,"safe_price":3085.61,"ft_order_side":"buy","order_filled_timestamp":1764768600000,"ft_is_entry":true,"ft_order_tag":"","cost":799.572576495},{"amount":0.259,"safe_price":3072.36,"ft_order_side":"sell","order_filled_timestamp":1764772200000,"ft_is_entry":false,"ft_order_tag":"exit_signal","cost":796.13911062}],"funding_fees":0.0,"weekday":2},{"pair":"SOL/USDT:USDT","stake_amount":399.3,"max_stake_amount":399.3,"amount":5.5,"open_date":"2025-12-04 01:30:00+00:00","close_date":"2025-12-04 02:00:00+00:00","open_rate":145.2,"close_rate":144.11,"fee_open":0.0005,"fee_close":0.0005,"trade_duration":30,"profit_ratio":-0.016997768333464124,"profit_abs":-6.7906025,"exit_reason":"exit_signal","initial_stop_loss_abs":142.296,"initial_stop_loss_ratio":-0.04,"stop_loss_abs":142.296,"stop_loss_ratio":-0.04,"min_rate":143.89,"max_rate":145.67,"is_open":false,"enter_tag":"","leverage":2.0,"is_short":false,"open_timestamp":1764811800000,"close_timestamp":1764813600000,"orders":[{"amount":5.5,"safe_price":145.2,"ft_order_side":"buy","order_filled_timestamp":1764811800000,"ft_is_entry":true,"ft_order_tag":"","cost":798.9992999999998},{"amount":5.5,"safe_price":144.11,"ft_order_side":"sell","order_filled_timestamp":1764813600000,"ft_is_entry":false,"ft_order_tag":"exit_signal","cost":793.0013025}],"funding_fees":0.0,"weekday":3},{"pair":"SOL/USDT:USDT","stake_amount":399.3855,"max_stake_amount":399.3855,"amount":5.93,"open_date":"2025-12-11 19:30:00+00:00","close_date":"2025-12-11 20:30:00+00:00","open_rate":134.7,"close_rate":136.1824412206103,"fee_open":0.0005,"fee_close":0.0005,"trade_duration":60,"profit_ratio":0.01999000499750125,"profit_abs":7.98771,"exit_reason":"roi","initial_stop_loss_abs":132.006,"initial_stop_loss_ratio":-0.04,"stop_loss_abs":135.59040000000002,"stop_loss_ratio":-0.02,"min_rate":133.62,"max_rate":136.96,"is_open":false,"enter_tag":"","leverage":2.0,"is_short":false,"open_timestamp":1765481400000,"close_timestamp":1765485000000,"orders":[{"amount":5.93,"safe_price":134.7,"ft_order_side":"buy","order_filled_timestamp":1765481400000,"ft_is_entry":true,"ft_order_tag":"","cost":799.1703854999998},{"amount":5.93,"safe_price":136.1824412206103,"ft_order_side":"sell","order_filled_timestamp":1765485000000,"ft_is_entry":false,"ft_order_tag":"roi","cost":807.965657376438}],"funding_fees":0.0,"weekday":3},{"pair":"DOGE/USDT:USDT","stake_amount":399.594,"max_stake_amount":399.594,"amount":5640.0,"open_date":"2025-12-11 22:00:00+00:00","close_date":"2025-12-11 23:30:00+00:00","open_rate":0.1417,"close_rate":0.14035,"fee_open":0.0005,"fee_close":0.0005,"trade_duration":90,"profit_ratio":-0.021034295837261328,"profit_abs":-8.409381,"exit_reason":"exit_signal","initial_stop_loss_abs":0.13887,"initial_stop_loss_ratio":-0.04,"stop_loss_abs":0.13887,"stop_loss_ratio":-0.04,"min_rate":0.13986,"max_rate":0.14219,"is_open":false,"enter_tag":"","leverage":2.0,"is_short":false,"open_timestamp":1765490400000,"close_timestamp":1765495800000,"orders":[{"amount":5640.0,"safe_price":0.1417,"ft_order_side":"buy","order_filled_timestamp":1765490400000,"ft_is_entry":true,"ft_order_tag":"","cost":799.587594},{"amount":5640.0,"safe_price":0.14035,"ft_order_side":"sell","order_filled_timestamp":1765495800000,"ft_is_entry":false,"ft_order_tag":"exit_signal","cost":791.969787}],"funding_fees":0.0,"weekday":3},{"pair":"SOL/USDT:USDT","stake_amount":399.888,"max_stake_amount":399.888,"amount":5.76,"open_date":"2025-12-12 06:00:00+00:00","close_date":"2025-12-12 08:30:00+00:00","open_rate":138.85,"close_rate":138.25,"fee_open":0.0005,"fee_close":0.0005,"trade_duration":150,"profit_ratio":-0.010832970263157942,"profit_abs":-4.3341408,"exit_reason":"exit_signal","initial_stop_loss_abs":136.07299999999998,"initial_stop_loss_ratio":-0.04,"stop_loss_abs":136.07299999999998,"stop_loss_ratio":-0.04,"min_rate":137.48,"max_rate":140.13,"is_open":false,"enter_tag":"","leverage":2.0,"is_short":false,"open_timestamp":1765519200000,"close_timestamp":1765528200000,"orders":[{"amount":5.76,"safe_price":138.85,"ft_order_side":"buy","order_filled_timestamp":1765519200000,"ft_is_entry":true,"ft_order_tag":"","cost":800.1758879999999},{"amount":5.76,"safe_price":138.25,"ft_order_side":"sell","order_filled_timestamp":1765528200000,"ft_is_entry":false,"ft_order_tag":"exit_signal","cost":796.7181599999999}],"funding_fees":-0.0800928,"weekday":4},{"pair":"ETH/USDT:USDT","stake_amount":399.485735,"max_stake_amount":399.485735,"amount":0.253,"open_date":"2025-12-15 11:00:00+00:00","close_date":"2025-12-15 12:30:00+00:00","open_rate":3157.99,"close_rate":3148.16,"fee_open":0.0005,"fee_close":0.0005,"trade_duration":90,"profit_ratio":-0.008218257009299994,"profit_abs":-3.28471798,"exit_reason":"exit_signal","initial_stop_loss_abs":3094.8302,"initial_stop_loss_ratio":-0.04,"stop_loss_abs":3094.8302,"stop_loss_ratio":-0.04,"min_rate":3143.27,"max_rate":3161.15,"is_open":false,"enter_tag":"","leverage":2.0,"is_short":false,"open_timestamp":1765796400000,"close_timestamp":1765801800000,"orders":[{"amount":0.253,"safe_price":3157.99,"ft_order_side":"buy","order_filled_timestamp":1765796400000,"ft_is_entry":true,"ft_order_tag":"","cost":799.3709557349999},{"amount":0.253,"safe_price":3148.16,"ft_order_side":"sell","order_filled_timestamp":1765801800000,"ft_is_entry":false,"ft_order_tag":"exit_signal","cost":796.8827222399999}],"funding_fees":0.0,"weekday":0},{"pair":"SOL/USDT:USDT","stake_amount":399.406,"max_stake_amount":399.406,"amount":6.07,"open_date":"2025-12-17 15:30:00+00:00","close_date":"2025-12-17 15:30:00+00:00","open_rate":131.6,"close_rate":128.968,"fee_open":0.0005,"fee_close":0.0005,"trade_duration":0,"profit_ratio":-0.04195902048975512,"profit_abs":-16.76706388,"exit_reason":"stop_loss","initial_stop_loss_abs":128.968,"initial_stop_loss_ratio":-0.04,"stop_loss_abs":128.968,"stop_loss_ratio":-0.04,"min_rate":126.53,"max_rate":131.77,"is_open":false,"enter_tag":"","leverage":2.0,"is_short":false,"open_timestamp":1765985400000,"close_timestamp":1765985400000,"orders":[{"amount":6.07,"safe_price":131.6,"ft_order_side":"buy","order_filled_timestamp":1765985400000,"ft_is_entry":true,"ft_order_tag":"","cost":799.211406},{"amount":6.07,"safe_price":128.968,"ft_order_side":"sell","order_filled_timestamp":1765985400000,"ft_is_entry":false,"ft_order_tag":"stop_loss","cost":783.2271778799999}],"funding_fees":0.0,"weekday":2},{"pair":"BTC/USDT:USDT","stake_amount":397.35,"max_stake_amount":397.35,"amount":0.009,"open_date":"2025-12-18 15:00:00+00:00","close_date":"2025-12-18 17:00:00+00:00","open_rate":88300.0,"close_rate":87980.0,"fee_open":0.0005,"fee_close":0.0005,"trade_duration":120,"profit_ratio":-0.009382420982789089,"profit_abs":-3.72996903,"exit_reason":"exit_signal","initial_stop_loss_abs":86534.0,"initial_stop_loss_ratio":-0.04,"stop_loss_abs":86534.0,"stop_loss_ratio":-0.04,"min_rate":85420.5,"max_rate":89340.9,"is_open":false,"enter_tag":"","leverage":2.0,"is_short":false,"open_timestamp":1766070000000,"close_timestamp":1766077200000,"orders":[{"amount":0.009,"safe_price":88300.0,"ft_order_side":"buy","order_filled_timestamp":1766070000000,"ft_is_entry":true,"ft_order_tag":"","cost":795.0973499999999},{"amount":0.009,"safe_price":87980.0,"ft_order_side":"sell","order_filled_timestamp":1766077200000,"ft_is_entry":false,"ft_order_tag":"exit_signal","cost":792.2159099999999}],"funding_fees":-0.05670902582450394,"weekday":3},{"pair":"ETH/USDT:USDT","stake_amount":398.928075,"max_stake_amount":398.928075,"amount":0.273,"open_date":"2025-12-19 04:30:00+00:00","close_date":"2025-12-19 07:00:00+00:00","open_rate":2922.55,"close_rate":2954.7141320660326,"fee_open":0.0005,"fee_close":0.0005,"trade_duration":150,"profit_ratio":0.019990004997501247,"profit_abs":7.9785615,"exit_reason":"roi","initial_stop_loss_abs":2864.099,"initial_stop_loss_ratio":-0.04,"stop_loss_abs":2954.1501,"stop_loss_ratio":-0.02,"min_rate":2907.42,"max_rate":2983.99,"is_open":false,"enter_tag":"","leverage":2.0,"is_short":false,"open_timestamp":1766118600000,"close_timestamp":1766127600000,"orders":[{"amount":0.273,"safe_price":2922.55,"ft_order_side":"buy","order_filled_timestamp":1766118600000,"ft_is_entry":true,"ft_order_tag":"","cost":798.255078075},{"amount":0.273,"safe_price":2954.7141320660326,"ft_order_side":"sell","order_filled_timestamp":1766127600000,"ft_is_entry":false,"ft_order_tag":"roi","cost":807.040276533054}],"funding_fees":0.0,"weekday":4},{"pair":"DOGE/USDT:USDT","stake_amount":399.388,"max_stake_amount":399.388,"amount":6260.0,"open_date":"2025-12-19 07:30:00+00:00","close_date":"2025-12-19 12:00:00+00:00","open_rate":0.1276,"close_rate":0.12815,"fee_open":0.0005,"fee_close":0.0005,"trade_duration":270,"profit_ratio":0.006619332200956118,"profit_abs":2.64500369,"exit_reason":"exit_signal","initial_stop_loss_abs":0.12505,"initial_stop_loss_ratio":-0.04,"stop_loss_abs":0.12505,"stop_loss_ratio":-0.04,"min_rate":0.12731,"max_rate":0.1289,"is_open":false,"enter_tag":"","leverage":2.0,"is_short":false,"open_timestamp":1766129400000,"close_timestamp":1766145600000,"orders":[{"amount":6260.0,"safe_price":0.1276,"ft_order_side":"buy","order_filled_timestamp":1766129400000,"ft_is_entry":true,"ft_order_tag":"","cost":799.1753879999999},{"amount":6260.0,"safe_price":0.12815,"ft_order_side":"sell","order_filled_timestamp":1766145600000,"ft_is_entry":false,"ft_order_tag":"exit_signal","cost":802.6201094999999}],"funding_fees":0.0025011927953759653,"weekday":4},{"pair":"DOGE/USDT:USDT","stake_amount":399.66175,"max_stake_amount":399.66175,"amount":6170.0,"open_date":"2025-12-19 16:00:00+00:00","close_date":"2025-12-19 16:00:00+00:00","open_rate":0.12955,"close_rate":0.132141,"fee_open":0.0005,"fee_close":0.0005,"trade_duration":0,"profit_ratio":0.037815351719741534,"profit_abs":15.12090632,"exit_reason":"trailing_stop_loss","initial_stop_loss_abs":0.12696,"initial_stop_loss_ratio":-0.04,"stop_loss_abs":0.1309,"stop_loss_ratio":-0.02,"min_rate":0.12951,"max_rate":0.13222,"is_open":false,"enter_tag":"","leverage":2.0,"is_short":false,"open_timestamp":1766160000000,"close_timestamp":1766160000000,"orders":[{"amount":6170.0,"safe_price":0.12955,"ft_order_side":"buy","order_filled_timestamp":1766160000000,"ft_is_entry":true,"ft_order_tag":"","cost":799.7231617499999},{"amount":6170.0,"safe_price":0.132141,"ft_order_side":"sell","order_filled_timestamp":1766160000000,"ft_is_entry":false,"ft_order_tag":"trailing_stop_loss","cost":815.7176249849999}],"funding_fees":-0.05824694582139192,"weekday":4},{"pair":"DOGE/USDT:USDT","stake_amount":399.855,"max_stake_amount":399.855,"amount":6100.0,"open_date":"2025-12-19 18:30:00+00:00","close_date":"2025-12-19 19:00:00+00:00","open_rate":0.1311,"close_rate":0.13122,"fee_open":0.0005,"fee_close":0.0005,"trade_duration":30,"profit_ratio":-0.00017016663293067423,"profit_abs":-0.068076,"exit_reason":"exit_signal","initial_stop_loss_abs":0.12848,"initial_stop_loss_ratio":-0.04,"stop_loss_abs":0.12848,"stop_loss_ratio":-0.04,"min_rate":0.13052,"max_rate":0.13243,"is_open":false,"enter_tag":"","leverage":2.0,"is_short":false,"open_timestamp":1766169000000,"close_timestamp":1766170800000,"orders":[{"amount":6100.0,"safe_price":0.1311,"ft_order_side":"buy","order_filled_timestamp":1766169000000,"ft_is_entry":true,"ft_order_tag":"","cost":800.1098549999999},{"amount":6100.0,"safe_price":0.13122,"ft_order_side":"sell","order_filled_timestamp":1766170800000,"ft_is_entry":false,"ft_order_tag":"exit_signal","cost":800.842221}],"funding_fees":0.0,"weekday":4},{"pair":"DOGE/USDT:USDT","stake_amount":399.9699,"max_stake_amount":399.9699,"amount":5940.0,"open_date":"2025-12-22 16:30:00+00:00","close_date":"2025-12-22 17:00:00+00:00","open_rate":0.13467,"close_rate":0.13366,"fee_open":0.0005,"fee_close":0.0005,"trade_duration":30,"profit_ratio":-0.016983637089155727,"profit_abs":-6.7963401,"exit_reason":"exit_signal","initial_stop_loss_abs":0.13198,"initial_stop_loss_ratio":-0.04,"stop_loss_abs":0.13198,"stop_loss_ratio":-0.04,"min_rate":0.13303,"max_rate":0.13468,"is_open":false,"enter_tag":"","leverage":2.0,"is_short":false,"open_timestamp":1766421000000,"close_timestamp":1766422800000,"orders":[{"amount":5940.0,"safe_price":0.13467,"ft_order_side":"buy","order_filled_timestamp":1766421000000,"ft_is_entry":true,"ft_order_tag":"","cost":800.3397699000001},{"amount":5940.0,"safe_price":0.13366,"ft_order_side":"sell","order_filled_timestamp":1766422800000,"ft_is_entry":false,"ft_order_tag":"exit_signal","cost":794.3373701999999}],"funding_fees":0.0,"weekday":0},{"pair":"DOGE/USDT:USDT","stake_amount":399.59375,"max_stake_amount":399.59375,"amount":6250.0,"open_date":"2026-01-02 04:30:00+00:00","close_date":"2026-01-02 05:30:00+00:00","open_rate":0.12787,"close_rate":0.1275,"fee_open":0.0005,"fee_close":0.0005,"trade_duration":60,"profit_ratio":-0.007780343815735833,"profit_abs":-3.11053125,"exit_reason":"exit_signal","initial_stop_loss_abs":0.12532,"initial_stop_loss_ratio":-0.04,"stop_loss_abs":0.12532,"stop_loss_ratio":-0.04,"min_rate":0.12745,"max_rate":0.12846,"is_open":false,"enter_tag":"","leverage":2.0,"is_short":false,"open_timestamp":1767328200000,"close_timestamp":1767331800000,"orders":[{"amount":6250.0,"safe_price":0.12787,"ft_order_side":"buy","order_filled_timestamp":1767328200000,"ft_is_entry":true,"ft_order_tag":"","cost":799.5870937500001},{"amount":6250.0,"safe_price":0.1275,"ft_order_side":"sell","order_filled_timestamp":1767331800000,"ft_is_entry":false,"ft_order_tag":"exit_signal","cost":797.2734375}],"funding_fees":0.0,"weekday":4},{"pair":"DOGE/USDT:USDT","stake_amount":399.7512,"max_stake_amount":399.7512,"amount":5970.0,"open_date":"2026-01-02 15:00:00+00:00","close_date":"2026-01-02 15:30:00+00:00","open_rate":0.13392,"close_rate":0.136063791895948,"fee_open":0.0005,"fee_close":0.0005,"trade_duration":30,"profit_ratio":0.02998500749625187,"profit_abs":11.992536,"exit_reason":"roi","initial_stop_loss_abs":0.13125,"initial_stop_loss_ratio":-0.04,"stop_loss_abs":0.13487,"stop_loss_ratio":-0.02,"min_rate":0.13298,"max_rate":0.13623,"is_open":false,"enter_tag":"","leverage":2.0,"is_short":false,"open_timestamp":1767366000000,"close_timestamp":1767367800000,"orders":[{"amount":5970.0,"safe_price":0.13392,"ft_order_side":"buy","order_filled_timestamp":1767366000000,"ft_is_entry":true,"ft_order_tag":"","cost":799.9021512},{"amount":5970.0,"safe_price":0.136063791895948,"ft_order_side":"sell","order_filled_timestamp":1767367800000,"ft_is_entry":false,"ft_order_tag":"roi","cost":812.7069880376189}],"funding_fees":0.0,"weekday":4},{"pair":"ETH/USDT:USDT","stake_amount":399.519155,"max_stake_amount":399.519155,"amount":0.259,"open_date":"2026-01-02 16:00:00+00:00","close_date":"2026-01-02 16:30:00+00:00","open_rate":3085.09,"close_rate":3134.4761330665333,"fee_open":0.0005,"fee_close":0.0005,"trade_duration":30,"profit_ratio":0.030213563955974486,"profit_abs":12.07693299,"exit_reason":"roi","initial_stop_loss_abs":3023.3882,"initial_stop_loss_ratio":-0.04,"stop_loss_abs":3114.045,"stop_loss_ratio":-0.02,"min_rate":3077.14,"max_rate":3145.5,"is_open":false,"enter_tag":"","leverage":2.0,"is_short":false,"open_timestamp":1767369600000,"close_timestamp":1767371400000,"orders":[{"amount":0.259,"safe_price":3085.09,"ft_order_side":"buy","order_filled_timestamp":1767369600000,"ft_is_entry":true,"ft_order_tag":"","cost":799.437829155},{"amount":0.259,"safe_price":3134.4761330665333,"ft_order_side":"sell","order_filled_timestamp":1767371400000,"ft_is_entry":false,"ft_order_tag":"roi","cost":812.2352331234642}],"funding_fees":0.09135833790615717,"weekday":4},{"pair":"DOGE/USDT:USDT","stake_amount":399.4569,"max_stake_amount":399.4569,"amount":5910.0,"open_date":"2026-01-02 16:00:00+00:00","close_date":"2026-01-02 16:30:00+00:00","open_rate":0.13518,"close_rate":0.13734396198099047,"fee_open":0.0005,"fee_close":0.0005,"trade_duration":30,"profit_ratio":0.029898305768985674,"profit_abs":11.94905608,"exit_reason":"roi","initial_stop_loss_abs":0.13248,"initial_stop_loss_ratio":-0.04,"stop_loss_abs":0.13715,"stop_loss_ratio":-0.02,"min_rate":0.1347,"max_rate":0.13853,"is_open":false,"enter_tag":"","leverage":2.0,"is_short":false,"open_timestamp":1767369600000,"close_timestamp":1767371400000,"orders":[{"amount":5910.0,"safe_price":0.13518,"ft_order_side":"buy","order_filled_timestamp":1767369600000,"ft_is_entry":true,"ft_order_tag":"","cost":799.3132568999998},{"amount":5910.0,"safe_price":0.13734396198099047,"ft_order_side":"sell","order_filled_timestamp":1767371400000,"ft_is_entry":false,"ft_order_tag":"roi","cost":812.1086667153074}],"funding_fees":-0.03465092293943703,"weekday":4},{"pair":"DOGE/USDT:USDT","stake_amount":399.5622,"max_stake_amount":399.5622,"amount":5490.0,"open_date":"2026-01-04 01:30:00+00:00","close_date":"2026-01-04 02:30:00+00:00","open_rate":0.14556,"close_rate":0.14716196098049023,"fee_open":0.0005,"fee_close":0.0005,"trade_duration":60,"profit_ratio":0.019990004997501247,"profit_abs":7.991244,"exit_reason":"roi","initial_stop_loss_abs":0.14265,"initial_stop_loss_ratio":-0.04,"stop_loss_abs":0.14265,"stop_loss_ratio":-0.04,"min_rate":0.14537,"max_rate":0.14741,"is_open":false,"enter_tag":"","leverage":2.0,"is_short":false,"open_timestamp":1767490200000,"close_timestamp":1767493800000,"orders":[{"amount":5490.0,"safe_price":0.14556,"ft_order_side":"buy","order_filled_timestamp":1767490200000,"ft_is_entry":true,"ft_order_tag":"","cost":799.5239621999999},{"amount":5490.0,"safe_price":0.14716196098049023,"ft_order_side":"sell","order_filled_timestamp":1767493800000,"ft_is_entry":false,"ft_order_tag":"roi","cost":808.3231253657827}],"funding_fees":0.0,"weekday":6},{"pair":"DOGE/USDT:USDT","stake_amount":399.5028,"max_stake_amount":399.5028,"amount":5210.0,"open_date":"2026-01-04 12:30:00+00:00","close_date":"2026-01-04 13:30:00+00:00","open_rate":0.15336,"close_rate":0.15224,"fee_open":0.0005,"fee_close":0.0005,"trade_duration":60,"profit_ratio":-0.016590557094952784,"profit_abs":-6.631288,"exit_reason":"exit_signal","initial_stop_loss_abs":0.1503,"initial_stop_loss_ratio":-0.04,"stop_loss_abs":0.1503,"stop_loss_ratio":-0.04,"min_rate":0.15165,"max_rate":0.15404,"is_open":false,"enter_tag":"","leverage":2.0,"is_short":false,"open_timestamp":1767529800000,"close_timestamp":1767533400000,"orders":[{"amount":5210.0,"safe_price":0.15336,"ft_order_side":"buy","order_filled_timestamp":1767529800000,"ft_is_entry":true,"ft_order_tag":"","cost":799.4051027999999},{"amount":5210.0,"safe_price":0.15224,"ft_order_side":"sell","order_filled_timestamp":1767533400000,"ft_is_entry":false,"ft_order_tag":"exit_signal","cost":793.5669852}],"funding_fees":0.0,"weekday":6},{"pair":"BTC/USDT:USDT","stake_amount":397.69128,"max_stake_amount":397.69128,"amount":0.0084,"open_date":"2026-01-05 20:30:00+00:00","close_date":"2026-01-05 21:00:00+00:00","open_rate":94688.4,"close_rate":94130.0,"fee_open":0.0005,"fee_close":0.0005,"trade_duration":30,"profit_ratio":-0.013781687271529345,"profit_abs":-5.48359728,"exit_reason":"exit_signal","initial_stop_loss_abs":92794.632,"initial_stop_loss_ratio":-0.04,"stop_loss_abs":92794.632,"stop_loss_ratio":-0.04,"min_rate":93777.0,"max_rate":94688.4,"is_open":false,"enter_tag":"","leverage":2.0,"is_short":false,"open_timestamp":1767645000000,"close_timestamp":1767646800000,"orders":[{"amount":0.0084,"safe_price":94688.4,"ft_order_side":"buy","order_filled_timestamp":1767645000000,"ft_is_entry":true,"ft_order_tag":"","cost":795.7802512799999},{"amount":0.0084,"safe_price":94130.0,"ft_order_side":"sell","order_filled_timestamp":1767646800000,"ft_is_entry":false,"ft_order_tag":"exit_signal","cost":791.0873459999999}],"funding_fees":0.0,"weekday":0},{"pair":"SOL/USDT:USDT","stake_amount":399.47665,"max_stake_amount":399.47665,"amount":5.63,"open_date":"2026-01-06 15:00:00+00:00","close_date":"2026-01-06 16:30:00+00:00","open_rate":141.91,"close_rate":139.37,"fee_open":0.0005,"fee_close":0.0005,"trade_duration":90,"profit_ratio":-0.03778657426647722,"profit_abs":-15.10240153,"exit_reason":"exit_signal","initial_stop_loss_abs":139.0718,"initial_stop_loss_ratio":-0.04,"stop_loss_abs":139.0718,"stop_loss_ratio":-0.04,"min_rate":138.06,"max_rate":143.14,"is_open":false,"enter_tag":"","leverage":2.0,"is_short":false,"open_timestamp":1767711600000,"close_timestamp":1767717000000,"orders":[{"amount":5.63,"safe_price":141.91,"ft_order_side":"buy","order_filled_timestamp":1767711600000,"ft_is_entry":true,"ft_order_tag":"","cost":799.35277665},{"amount":5.63,"safe_price":139.37,"ft_order_side":"sell","order_filled_timestamp":1767717000000,"ft_is_entry":false,"ft_order_tag":"exit_signal","cost":785.04542655}],"funding_fees":-0.010398329026546053,"weekday":1},{"pair":"ETH/USDT:USDT","stake_amount":398.78212,"max_stake_amount":398.78212,"amount":0.242,"open_date":"2026-01-06 15:30:00+00:00","close_date":"2026-01-06 16:30:00+00:00","open_rate":3295.72,"close_rate":3247.62,"fee_open":0.0005,"fee_close":0.0005,"trade_duration":60,"profit_ratio":-0.031152607440325334,"profit_abs":-12.42931439,"exit_reason":"exit_signal","initial_stop_loss_abs":3229.8055999999997,"initial_stop_loss_ratio":-0.04,"stop_loss_abs":3229.8055999999997,"stop_loss_ratio":-0.04,"min_rate":3232.55,"max_rate":3298.23,"is_open":false,"enter_tag":"","leverage":2.0,"is_short":false,"open_timestamp":1767713400000,"close_timestamp":1767717000000,"orders":[{"amount":0.242,"safe_price":3295.72,"ft_order_side":"buy","order_filled_timestamp":1767713400000,"ft_is_entry":true,"ft_order_tag":"","cost":797.9630221199999},{"amount":0.242,"safe_price":3247.62,"ft_order_side":"sell","order_filled_timestamp":1767717000000,"ft_is_entry":false,"ft_order_tag":"exit_signal","cost":786.3170020199999}],"funding_fees":0.002629745527278497,"weekday":1},{"pair":"SOL/USDT:USDT","stake_amount":399.81075,"max_stake_amount":399.81075,"amount":5.73,"open_date":"2026-01-08 22:00:00+00:00","close_date":"2026-01-08 23:30:00+00:00","open_rate":139.55,"close_rate":138.64,"fee_open":0.0005,"fee_close":0.0005,"trade_duration":90,"profit_ratio":-0.01502788555560987,"profit_abs":-6.01131435,"exit_reason":"exit_signal","initial_stop_loss_abs":136.75900000000001,"initial_stop_loss_ratio":-0.04,"stop_loss_abs":136.75900000000001,"stop_loss_ratio":-0.04,"min_rate":138.14,"max_rate":139.97,"is_open":false,"enter_tag":"","leverage":2.0,"is_short":false,"open_timestamp":1767909600000,"close_timestamp":1767915000000,"orders":[{"amount":5.73,"safe_price":139.55,"ft_order_side":"buy","order_filled_timestamp":1767909600000,"ft_is_entry":true,"ft_order_tag":"","cost":800.02131075},{"amount":5.73,"safe_price":138.64,"ft_order_side":"sell","order_filled_timestamp":1767915000000,"ft_is_entry":false,"ft_order_tag":"exit_signal","cost":794.8044036}],"funding_fees":0.0,"weekday":3},{"pair":"SOL/USDT:USDT","stake_amount":399.5596,"max_stake_amount":399.5596,"amount":5.68,"open_date":"2026-01-09 04:00:00+00:00","close_date":"2026-01-09 05:00:00+00:00","open_rate":140.69,"close_rate":139.66,"fee_open":0.0005,"fee_close":0.0005,"trade_duration":60,"profit_ratio":-0.016626486671370407,"profit_abs":-6.646594,"exit_reason":"exit_signal","initial_stop_loss_abs":137.87619999999998,"initial_stop_loss_ratio":-0.04,"stop_loss_abs":137.87619999999998,"stop_loss_ratio":-0.04,"min_rate":139.2,"max_rate":140.98,"is_open":false,"enter_tag":"","leverage":2.0,"is_short":false,"open_timestamp":1767931200000,"close_timestamp":1767934800000,"orders":[{"amount":5.68,"safe_price":140.69,"ft_order_side":"buy","order_filled_timestamp":1767931200000,"ft_is_entry":true,"ft_order_tag":"","cost":799.5187596},{"amount":5.68,"safe_price":139.66,"ft_order_side":"sell","order_filled_timestamp":1767934800000,"ft_is_entry":false,"ft_order_tag":"exit_signal","cost":793.6654343999999}],"funding_fees":0.0,"weekday":4},{"pair":"SOL/USDT:USDT","stake_amount":399.5529,"max_stake_amount":399.5529,"amount":5.73,"open_date":"2026-01-11 17:30:00+00:00","close_date":"2026-01-11 19:30:00+00:00","open_rate":139.46,"close_rate":139.79,"fee_open":0.0005,"fee_close":0.0005,"trade_duration":120,"profit_ratio":0.00272880912189825,"profit_abs":1.09084875,"exit_reason":"exit_signal","initial_stop_loss_abs":136.6708,"initial_stop_loss_ratio":-0.04,"stop_loss_abs":136.6708,"stop_loss_ratio":-0.04,"min_rate":138.69,"max_rate":140.14,"is_open":false,"enter_tag":"","leverage":2.0,"is_short":false,"open_timestamp":1768152600000,"close_timestamp":1768159800000,"orders":[{"amount":5.73,"safe_price":139.46,"ft_order_side":"buy","order_filled_timestamp":1768152600000,"ft_is_entry":true,"ft_order_tag":"","cost":799.5053529000002},{"amount":5.73,"safe_price":139.79,"ft_order_side":"sell","order_filled_timestamp":1768159800000,"ft_is_entry":false,"ft_order_tag":"exit_signal","cost":801.3971983499999}],"funding_fees":0.0,"weekday":6},{"pair":"SOL/USDT:USDT","stake_amount":399.5082,"max_stake_amount":399.5082,"amount":5.67,"open_date":"2026-01-12 02:00:00+00:00","close_date":"2026-01-12 03:00:00+00:00","open_rate":140.92,"close_rate":142.47089544772385,"fee_open":0.0005,"fee_close":0.0005,"trade_duration":60,"profit_ratio":0.01999000499750125,"profit_abs":7.990164,"exit_reason":"roi","initial_stop_loss_abs":138.1016,"initial_stop_loss_ratio":-0.04,"stop_loss_abs":142.9164,"stop_loss_ratio":-0.02,"min_rate":140.82,"max_rate":144.36,"is_open":false,"enter_tag":"","leverage":2.0,"is_short":false,"open_timestamp":1768183200000,"close_timestamp":1768186800000,"orders":[{"amount":5.67,"safe_price":140.92,"ft_order_side":"buy","order_filled_timestamp":1768183200000,"ft_is_entry":true,"ft_order_tag":"","cost":799.4159081999998},{"amount":5.67,"safe_price":142.47089544772385,"ft_order_side":"sell","order_filled_timestamp":1768186800000,"ft_is_entry":false,"ft_order_tag":"roi","cost":808.2138821771885}],"funding_fees":0.0,"weekday":0},{"pair":"SOL/USDT:USDT","stake_amount":399.84245,"max_stake_amount":399.84245,"amount":5.57,"open_date":"2026-01-13 16:30:00+00:00","close_date":"2026-01-13 17:00:00+00:00","open_rate":143.57,"close_rate":143.1,"fee_open":0.0005,"fee_close":0.0005,"trade_duration":30,"profit_ratio":-0.008539785272091961,"profit_abs":-3.41627595,"exit_reason":"exit_signal","initial_stop_loss_abs":140.6986,"initial_stop_loss_ratio":-0.04,"stop_loss_abs":140.6986,"stop_loss_ratio":-0.04,"min_rate":142.39,"max_rate":144.48,"is_open":false,"enter_tag":"","leverage":2.0,"is_short":false,"open_timestamp":1768321800000,"close_timestamp":1768323600000,"orders":[{"amount":5.57,"safe_price":143.57,"ft_order_side":"buy","order_filled_timestamp":1768321800000,"ft_is_entry":true,"ft_order_tag":"","cost":800.0847424499999},{"amount":5.57,"safe_price":143.1,"ft_order_side":"sell","order_filled_timestamp":1768323600000,"ft_is_entry":false,"ft_order_tag":"exit_signal","cost":797.4655335}],"funding_fees":0.0,"weekday":1},{"pair":"SOL/USDT:USDT","stake_amount":399.8944,"max_stake_amount":399.8944,"amount":5.44,"open_date":"2026-01-14 17:00:00+00:00","close_date":"2026-01-14 18:00:00+00:00","open_rate":147.02,"close_rate":145.91,"fee_open":0.0005,"fee_close":0.0005,"trade_duration":60,"profit_ratio":-0.017083894455982455,"profit_abs":-6.8351696,"exit_reason":"exit_signal","initial_stop_loss_abs":144.0796,"initial_stop_loss_ratio":-0.04,"stop_loss_abs":144.0796,"stop_loss_ratio":-0.04,"min_rate":145.66,"max_rate":147.58,"is_open":false,"enter_tag":"","leverage":2.0,"is_short":false,"open_timestamp":1768410000000,"close_timestamp":1768413600000,"orders":[{"amount":5.44,"safe_price":147.02,"ft_order_side":"buy","order_filled_timestamp":1768410000000,"ft_is_entry":true,"ft_order_tag":"","cost":800.1886944000001},{"amount":5.44,"safe_price":145.91,"ft_order_side":"sell","order_filled_timestamp":1768413600000,"ft_is_entry":false,"ft_order_tag":"exit_signal","cost":794.1472752}],"funding_fees":0.0,"weekday":2},{"pair":"BTC/USDT:USDT","stake_amount":397.27155,"max_stake_amount":397.27155,"amount":0.0082,"open_date":"2026-01-14 18:00:00+00:00","close_date":"2026-01-14 19:00:00+00:00","open_rate":96895.5,"close_rate":96763.8,"fee_open":0.0005,"fee_close":0.0005,"trade_duration":60,"profit_ratio":-0.0047146759607796145,"profit_abs":-1.87394313,"exit_reason":"exit_signal","initial_stop_loss_abs":94957.59,"initial_stop_loss_ratio":-0.04,"stop_loss_abs":94957.59,"stop_loss_ratio":-0.04,"min_rate":96176.2,"max_rate":97533.0,"is_open":false,"enter_tag":"","leverage":2.0,"is_short":false,"open_timestamp":1768413600000,"close_timestamp":1768417200000,"orders":[{"amount":0.0082,"safe_price":96895.5,"ft_order_side":"buy","order_filled_timestamp":1768413600000,"ft_is_entry":true,"ft_order_tag":"","cost":794.94037155},{"amount":0.0082,"safe_price":96763.8,"ft_order_side":"sell","order_filled_timestamp":1768417200000,"ft_is_entry":false,"ft_order_tag":"exit_signal","cost":793.8598915800001}],"funding_fees":0.0,"weekday":2},{"pair":"DOGE/USDT:USDT","stake_amount":399.74155,"max_stake_amount":399.74155,"amount":8390.0,"open_date":"2026-02-13 16:00:00+00:00","close_date":"2026-02-13 16:30:00+00:00","open_rate":0.09529,"close_rate":0.09681540270135067,"fee_open":0.0005,"fee_close":0.0005,"trade_duration":30,"profit_ratio":0.02993227834917045,"profit_abs":11.97115793,"exit_reason":"roi","initial_stop_loss_abs":0.09339,"initial_stop_loss_ratio":-0.04,"stop_loss_abs":0.0959,"stop_loss_ratio":-0.02,"min_rate":0.09494,"max_rate":0.09686,"is_open":false,"enter_tag":"","leverage":2.0,"is_short":false,"open_timestamp":1770998400000,"close_timestamp":1771000200000,"orders":[{"amount":8390.0,"safe_price":0.09529,"ft_order_side":"buy","order_filled_timestamp":1770998400000,"ft_is_entry":true,"ft_order_tag":"","cost":799.88284155},{"amount":8390.0,"safe_price":0.09681540270135067,"ft_order_side":"sell","order_filled_timestamp":1771000200000,"ft_is_entry":false,"ft_order_tag":"roi","cost":812.6873692786642}],"funding_fees":-0.02108856819263112,"weekday":4},{"pair":"SOL/USDT:USDT","stake_amount":399.9212,"max_stake_amount":399.9212,"amount":9.32,"open_date":"2026-02-14 09:30:00+00:00","close_date":"2026-02-14 11:00:00+00:00","open_rate":85.82,"close_rate":86.76449224612304,"fee_open":0.0005,"fee_close":0.0005,"trade_duration":90,"profit_ratio":0.01999000499750125,"profit_abs":7.998424,"exit_reason":"roi","initial_stop_loss_abs":84.10359999999999,"initial_stop_loss_ratio":-0.04,"stop_loss_abs":84.10359999999999,"stop_loss_ratio":-0.04,"min_rate":85.66,"max_rate":87.09,"is_open":false,"enter_tag":"","leverage":2.0,"is_short":false,"open_timestamp":1771061400000,"close_timestamp":1771066800000,"orders":[{"amount":9.32,"safe_price":85.82,"ft_order_side":"buy","order_filled_timestamp":1771061400000,"ft_is_entry":true,"ft_order_tag":"","cost":800.2423212},{"amount":9.32,"safe_price":86.76449224612304,"ft_order_side":"sell","order_filled_timestamp":1771066800000,"ft_is_entry":false,"ft_order_tag":"roi","cost":809.0493902677337}],"funding_fees":0.0,"weekday":5},{"pair":"DOGE/USDT:USDT","stake_amount":399.77355,"max_stake_amount":399.77355,"amount":8030.0,"open_date":"2026-02-14 13:00:00+00:00","close_date":"2026-02-14 14:00:00+00:00","open_rate":0.09957,"close_rate":0.10066581790895447,"fee_open":0.0005,"fee_close":0.0005,"trade_duration":60,"profit_ratio":0.01999000499750125,"profit_abs":7.995471,"exit_reason":"roi","initial_stop_loss_abs":0.09758,"initial_stop_loss_ratio":-0.04,"stop_loss_abs":0.09758,"stop_loss_ratio":-0.04,"min_rate":0.09902,"max_rate":0.10116,"is_open":false,"enter_tag":"","leverage":2.0,"is_short":false,"open_timestamp":1771074000000,"close_timestamp":1771077600000,"orders":[{"amount":8030.0,"safe_price":0.09957,"ft_order_side":"buy","order_filled_timestamp":1771074000000,"ft_is_entry":true,"ft_order_tag":"","cost":799.94687355},{"amount":8030.0,"safe_price":0.10066581790895447,"ft_order_side":"sell","order_filled_timestamp":1771077600000,"ft_is_entry":false,"ft_order_tag":"roi","cost":808.7506910678088}],"funding_fees":0.0,"weekday":5},{"pair":"SOL/USDT:USDT","stake_amount":399.812,"max_stake_amount":399.812,"amount":9.17,"open_date":"2026-02-14 15:00:00+00:00","close_date":"2026-02-14 16:30:00+00:00","open_rate":87.2,"close_rate":88.15967983991996,"fee_open":0.0005,"fee_close":0.0005,"trade_duration":90,"profit_ratio":0.020070290132814198,"profit_abs":8.02835501,"exit_reason":"roi","initial_stop_loss_abs":85.456,"initial_stop_loss_ratio":-0.04,"stop_loss_abs":85.456,"stop_loss_ratio":-0.04,"min_rate":86.95,"max_rate":88.19,"is_open":false,"enter_tag":"","leverage":2.0,"is_short":false,"open_timestamp":1771081200000,"close_timestamp":1771086600000,"orders":[{"amount":9.17,"safe_price":87.2,"ft_order_side":"buy","order_filled_timestamp":1771081200000,"ft_is_entry":true,"ft_order_tag":"","cost":800.023812},{"amount":9.17,"safe_price":88.15967983991996,"ft_order_side":"sell","order_filled_timestamp":1771086600000,"ft_is_entry":false,"ft_order_tag":"roi","cost":808.828476264132}],"funding_fees":0.032115009322959534,"weekday":5},{"pair":"SOL/USDT:USDT","stake_amount":399.7036,"max_stake_amount":399.7036,"amount":9.04,"open_date":"2026-02-14 23:00:00+00:00","close_date":"2026-02-15 00:00:00+00:00","open_rate":88.43,"close_rate":87.99,"fee_open":0.0005,"fee_close":0.0005,"trade_duration":60,"profit_ratio":-0.011811868411584436,"profit_abs":-4.72360695,"exit_reason":"exit_signal","initial_stop_loss_abs":86.6614,"initial_stop_loss_ratio":-0.04,"stop_loss_abs":86.6614,"stop_loss_ratio":-0.04,"min_rate":87.75,"max_rate":88.87,"is_open":false,"enter_tag":"","leverage":2.0,"is_short":false,"open_timestamp":1771110000000,"close_timestamp":1771113600000,"orders":[{"amount":9.04,"safe_price":88.43,"ft_order_side":"buy","order_filled_timestamp":1771110000000,"ft_is_entry":true,"ft_order_tag":"","cost":799.8069035999999},{"amount":9.04,"safe_price":87.99,"ft_order_side":"sell","order_filled_timestamp":1771113600000,"ft_is_entry":false,"ft_order_tag":"exit_signal","cost":795.8273147999997}],"funding_fees":0.051411448075209025,"weekday":6},{"pair":"SOL/USDT:USDT","stake_amount":399.9534,"max_stake_amount":399.9534,"amount":9.24,"open_date":"2026-02-17 01:00:00+00:00","close_date":"2026-02-17 02:00:00+00:00","open_rate":86.57,"close_rate":86.12,"fee_open":0.0005,"fee_close":0.0005,"trade_duration":60,"profit_ratio":-0.012384820642699326,"profit_abs":-4.9558278,"exit_reason":"exit_signal","initial_stop_loss_abs":84.83859999999999,"initial_stop_loss_ratio":-0.04,"stop_loss_abs":84.83859999999999,"stop_loss_ratio":-0.04,"min_rate":85.71,"max_rate":87.36,"is_open":false,"enter_tag":"","leverage":2.0,"is_short":false,"open_timestamp":1771290000000,"close_timestamp":1771293600000,"orders":[{"amount":9.24,"safe_price":86.57,"ft_order_side":"buy","order_filled_timestamp":1771290000000,"ft_is_entry":true,"ft_order_tag":"","cost":800.3067533999999},{"amount":9.24,"safe_price":86.12,"ft_order_side":"sell","order_filled_timestamp":1771293600000,"ft_is_entry":false,"ft_order_tag":"exit_signal","cost":796.1466744}],"funding_fees":0.0,"weekday":1},{"pair":"SOL/USDT:USDT","stake_amount":399.9726,"max_stake_amount":399.9726,"amount":9.18,"open_date":"2026-02-17 02:30:00+00:00","close_date":"2026-02-17 03:30:00+00:00","open_rate":87.14,"close_rate":86.81,"fee_open":0.0005,"fee_close":0.0005,"trade_duration":60,"profit_ratio":-0.009565449086335878,"profit_abs":-3.8278305,"exit_reason":"exit_signal","initial_stop_loss_abs":85.3972,"initial_stop_loss_ratio":-0.04,"stop_loss_abs":85.3972,"stop_loss_ratio":-0.04,"min_rate":86.26,"max_rate":87.63,"is_open":false,"enter_tag":"","leverage":2.0,"is_short":false,"open_timestamp":1771295400000,"close_timestamp":1771299000000,"orders":[{"amount":9.18,"safe_price":87.14,"ft_order_side":"buy","order_filled_timestamp":1771295400000,"ft_is_entry":true,"ft_order_tag":"","cost":800.3451726},{"amount":9.18,"safe_price":86.81,"ft_order_side":"sell","order_filled_timestamp":1771299000000,"ft_is_entry":false,"ft_order_tag":"exit_signal","cost":797.3142578999999}],"funding_fees":0.0,"weekday":1},{"pair":"SOL/USDT:USDT","stake_amount":399.8071,"max_stake_amount":399.8071,"amount":9.59,"open_date":"2026-02-20 00:30:00+00:00","close_date":"2026-02-20 02:30:00+00:00","open_rate":83.38,"close_rate":82.76,"fee_open":0.0005,"fee_close":0.0005,"trade_duration":120,"profit_ratio":-0.01685580812376254,"profit_abs":-6.7424413,"exit_reason":"exit_signal","initial_stop_loss_abs":81.71239999999999,"initial_stop_loss_ratio":-0.04,"stop_loss_abs":81.71239999999999,"stop_loss_ratio":-0.04,"min_rate":82.65,"max_rate":83.41,"is_open":false,"enter_tag":"","leverage":2.0,"is_short":false,"open_timestamp":1771547400000,"close_timestamp":1771554600000,"orders":[{"amount":9.59,"safe_price":83.38,"ft_order_side":"buy","order_filled_timestamp":1771547400000,"ft_is_entry":true,"ft_order_tag":"","cost":800.0140071},{"amount":9.59,"safe_price":82.76,"ft_order_side":"sell","order_filled_timestamp":1771554600000,"ft_is_entry":false,"ft_order_tag":"exit_signal","cost":794.0652342}],"funding_fees":0.0,"weekday":4},{"pair":"SOL/USDT:USDT","stake_amount":399.6675,"max_stake_amount":399.6675,"amount":9.55,"open_date":"2026-02-20 07:30:00+00:00","close_date":"2026-02-20 10:00:00+00:00","open_rate":83.7,"close_rate":84.62116058029014,"fee_open":0.0005,"fee_close":0.0005,"trade_duration":150,"profit_ratio":0.02020405283981265,"profit_abs":8.07894074,"exit_reason":"roi","initial_stop_loss_abs":82.026,"initial_stop_loss_ratio":-0.04,"stop_loss_abs":82.026,"stop_loss_ratio":-0.04,"min_rate":83.23,"max_rate":84.79,"is_open":false,"enter_tag":"","leverage":2.0,"is_short":false,"open_timestamp":1771572600000,"close_timestamp":1771581600000,"orders":[{"amount":9.55,"safe_price":83.7,"ft_order_side":"buy","order_filled_timestamp":1771572600000,"ft_is_entry":true,"ft_order_tag":"","cost":799.7346675},{"amount":9.55,"safe_price":84.62116058029014,"ft_order_side":"sell","order_filled_timestamp":1771581600000,"ft_is_entry":false,"ft_order_tag":"roi","cost":808.5361495835417}],"funding_fees":0.08559073803454033,"weekday":4},{"pair":"DOGE/USDT:USDT","stake_amount":399.9296,"max_stake_amount":399.9296,"amount":7910.0,"open_date":"2026-02-20 17:00:00+00:00","close_date":"2026-02-20 17:00:00+00:00","open_rate":0.10112,"close_rate":0.0991,"fee_open":0.0005,"fee_close":0.0005,"trade_duration":0,"profit_ratio":-0.04191159957995686,"profit_abs":-16.7700701,"exit_reason":"stop_loss","initial_stop_loss_abs":0.0991,"initial_stop_loss_ratio":-0.04,"stop_loss_abs":0.0991,"stop_loss_ratio":-0.04,"min_rate":0.09861,"max_rate":0.10117,"is_open":false,"enter_tag":"","leverage":2.0,"is_short":false,"open_timestamp":1771606800000,"close_timestamp":1771606800000,"orders":[{"amount":7910.0,"safe_price":0.10112,"ft_order_side":"buy","order_filled_timestamp":1771606800000,"ft_is_entry":true,"ft_order_tag":"","cost":800.2591295999999},{"amount":7910.0,"safe_price":0.0991,"ft_order_side":"sell","order_filled_timestamp":1771606800000,"ft_is_entry":false,"ft_order_tag":"stop_loss","cost":784.2729404999999}],"funding_fees":0.0,"weekday":4}],"locks":[],"best_pair":{"key":"DOGE/USDT:USDT","trades":14,"profit_mean":0.007124620926883344,"profit_mean_pct":0.71,"profit_total_abs":39.85796857,"profit_total":0.03985796857,"profit_total_pct":3.99,"duration_avg":"0:56:00","wins":8,"draws":0,"losses":6,"winrate":0.5714285714285714,"cagr":0.18273774548875954,"expectancy":2.8469977549999994,"expectancy_ratio":0.4087999499646846,"sortino":1.7305687817263393,"sharpe":0.9387035917521083,"calmar":56.445577385422155,"sqn":1.0756,"profit_factor":1.9538665499175973,"max_drawdown_account":0.015871309000193626,"max_drawdown_abs":16.770070100000005},"worst_pair":{"key":"SOL/USDT:USDT","trades":19,"profit_mean":-0.006298025553181166,"profit_mean_pct":-0.63,"profit_total_abs":-47.84292738,"profit_total":-0.04784292738,"profit_total_pct":-4.78,"duration_avg":"1:24:00","wins":6,"draws":0,"losses":13,"winrate":0.3157894736842105,"cagr":-0.1898373572562343,"expectancy":-2.5180488094736853,"expectancy_ratio":-0.36773311284399735,"sortino":-2.6231935250495204,"sharpe":-1.4604566232972436,"calmar":-19.229304677588633,"sqn":-1.4509,"profit_factor":0.46254391199723455,"max_drawdown_account":0.05592186812,"max_drawdown_abs":55.92186812},"results_per_pair":[{"key":"DOGE/USDT:USDT","trades":14,"profit_mean":0.007124620926883344,"profit_mean_pct":0.71,"profit_total_abs":39.85796857,"profit_total":0.03985796857,"profit_total_pct":3.99,"duration_avg":"0:56:00","wins":8,"draws":0,"losses":6,"winrate":0.5714285714285714,"cagr":0.18273774548875954,"expectancy":2.8469977549999994,"expectancy_ratio":0.4087999499646846,"sortino":1.7305687817263393,"sharpe":0.9387035917521083,"calmar":56.445577385422155,"sqn":1.0756,"profit_factor":1.9538665499175973,"max_drawdown_account":0.015871309000193626,"max_drawdown_abs":16.770070100000005},{"key":"ETH/USDT:USDT","trades":7,"profit_mean":0.00184205092201425,"profit_mean_pct":0.18,"profit_total_abs":5.1789659,"profit_total":0.0051789659,"profit_total_pct":0.52,"duration_avg":"1:17:00","wins":3,"draws":0,"losses":4,"winrate":0.42857142857142855,"cagr":0.022429542207550446,"expectancy":0.7398522714285711,"expectancy_ratio":0.12937955541432444,"sortino":0.2982075307509037,"sharpe":0.1433794120957816,"calmar":9.530243933859573,"sqn":0.2232,"profit_factor":1.226414221975068,"max_drawdown_account":0.012214242583067355,"max_drawdown_abs":12.42931439},{"key":"BTC/USDT:USDT","trades":3,"profit_mean":-0.009292928071699348,"profit_mean_pct":-0.93,"profit_total_abs":-11.08750944,"profit_total":-0.01108750944,"profit_total_pct":-1.11,"duration_avg":"1:10:00","wins":0,"draws":0,"losses":3,"winrate":0.0,"cagr":-0.04674895252532352,"expectancy":-3.69583648,"expectancy_ratio":-1.0,"sortino":-1.6908819999859925,"sharpe":-1.6908819999859925,"calmar":-22.47643902887396,"sqn":-3.5463,"profit_factor":0.0,"max_drawdown_account":0.011087509439999962,"max_drawdown_abs":11.08750944},{"key":"SOL/USDT:USDT","trades":19,"profit_mean":-0.006298025553181166,"profit_mean_pct":-0.63,"profit_total_abs":-47.84292738,"profit_total":-0.04784292738,"profit_total_pct":-4.78,"duration_avg":"1:24:00","wins":6,"draws":0,"losses":13,"winrate":0.3157894736842105,"cagr":-0.1898373572562343,"expectancy":-2.5180488094736853,"expectancy_ratio":-0.36773311284399735,"sortino":-2.6231935250495204,"sharpe":-1.4604566232972436,"calmar":-19.229304677588633,"sqn":-1.4509,"profit_factor":0.46254391199723455,"max_drawdown_account":0.05592186812,"max_drawdown_abs":55.92186812},{"key":"TOTAL","trades":43,"profit_mean":-0.0008116795417458991,"profit_mean_pct":-0.08,"profit_total_abs":-13.893502349999999,"profit_total":-0.013893502349999998,"profit_total_pct":-1.39,"duration_avg":"1:13:00","wins":17,"draws":0,"losses":26,"winrate":0.3953488372093023,"cagr":-0.0583095410959632,"expectancy":-0.3231047058139538,"expectancy_ratio":-0.05098626483316149,"sortino":-0.730659052796135,"sharpe":-0.370945782692071,"calmar":-5.8360641533719635,"sqn":-0.2487,"profit_factor":0.9156765620066946,"max_drawdown_account":0.05350805787267841,"max_drawdown_abs":55.34888547999999}],"results_per_enter_tag":[{"key":"","trades":43,"profit_mean":-0.0008116795417458991,"profit_mean_pct":-0.08,"profit_total_abs":-13.893502349999999,"profit_total":-0.013893502349999998,"profit_total_pct":-1.39,"duration_avg":"1:13:00","wins":17,"draws":0,"losses":26,"winrate":0.3953488372093023,"cagr":-0.0583095410959632,"expectancy":-0.3231047058139538,"expectancy_ratio":-0.05098626483316149,"sortino":-0.730659052796135,"sharpe":-0.370945782692071,"calmar":-5.8360641533719635,"sqn":-0.2487,"profit_factor":0.9156765620066946,"max_drawdown_account":0.05350805787267841,"max_drawdown_abs":55.34888547999999},{"key":"TOTAL","trades":43,"profit_mean":-0.0008116795417458991,"profit_mean_pct":-0.08,"profit_total_abs":-13.893502349999999,"profit_total":-0.013893502349999998,"profit_total_pct":-1.39,"duration_avg":"1:13:00","wins":17,"draws":0,"losses":26,"winrate":0.3953488372093023,"cagr":-0.0583095410959632,"expectancy":-0.3231047058139538,"expectancy_ratio":-0.05098626483316149,"sortino":-0.730659052796135,"sharpe":-0.370945782692071,"calmar":-5.8360641533719635,"sqn":-0.2487,"profit_factor":0.9156765620066946,"max_drawdown_account":0.05350805787267841,"max_drawdown_abs":55.34888547999999}],"exit_reason_summary":[{"key":"roi","trades":14,"profit_mean":0.02358703864441214,"profit_mean_pct":2.36,"profit_total_abs":132.01415885,"profit_total":0.13201415885,"profit_total_pct":13.2,"duration_avg":"1:11:00","wins":14,"draws":0,"losses":0,"winrate":1.0,"cagr":0.7031237986197232,"expectancy":9.429582775,"expectancy_ratio":100.0,"sortino":-100,"sharpe":15.523555965977478,"calmar":-100,"sqn":17.7872,"profit_factor":0.0,"max_drawdown_account":0.0,"max_drawdown_abs":0.0},{"key":"trailing_stop_loss","trades":1,"profit_mean":0.037815351719741534,"profit_mean_pct":3.78,"profit_total_abs":15.12090632,"profit_total":0.01512090632,"profit_total_pct":1.51,"duration_avg":"0:00:00","wins":1,"draws":0,"losses":0,"winrate":1.0,"cagr":0.0665668476705985,"expectancy":15.12090632,"expectancy_ratio":100.0,"sortino":-100,"sharpe":-100,"calmar":-100,"sqn":-100.0,"profit_factor":0.0,"max_drawdown_account":0.0,"max_drawdown_abs":0.0},{"key":"stop_loss","trades":2,"profit_mean":-0.04193531003485599,"profit_mean_pct":-4.19,"profit_total_abs":-33.53713398,"profit_total":-0.03353713398,"profit_total_pct":-3.35,"duration_avg":"0:00:00","wins":0,"draws":0,"losses":2,"winrate":0.0,"cagr":-0.1362592975199972,"expectancy":-16.76856699,"expectancy_ratio":-1.0,"sortino":-5014.904744853001,"sharpe":-5014.904744853001,"calmar":-22.476439028873866,"sqn":-11155.9147,"profit_factor":0.0,"max_drawdown_account":0.03353713398000002,"max_drawdown_abs":33.53713398},{"key":"exit_signal","trades":26,"profit_mean":-0.01227174972949512,"profit_mean_pct":-1.23,"profit_total_abs":-127.49143354,"profit_total":-0.12749143354,"profit_total_pct":-12.75,"duration_avg":"1:22:00","wins":2,"draws":0,"losses":24,"winrate":0.07692307692307693,"cagr":-0.4432526968881617,"expectancy":-4.9035166746153855,"expectancy_ratio":-0.8967982482599327,"sortino":-9.077674526923108,"sharpe":-7.927593806854623,"calmar":-22.476439028873884,"sqn":-6.7828,"profit_factor":0.02846856438507286,"max_drawdown_account":0.12749143354,"max_drawdown_abs":127.49143353999999},{"key":"TOTAL","trades":43,"profit_mean":-0.0008116795417458991,"profit_mean_pct":-0.08,"profit_total_abs":-13.893502349999999,"profit_total":-0.013893502349999998,"profit_total_pct":-1.39,"duration_avg":"1:13:00","wins":17,"draws":0,"losses":26,"winrate":0.3953488372093023,"cagr":-0.0583095410959632,"expectancy":-0.3231047058139538,"expectancy_ratio":-0.05098626483316149,"sortino":-0.730659052796135,"sharpe":-0.370945782692071,"calmar":-5.8360641533719635,"sqn":-0.2487,"profit_factor":0.9156765620066946,"max_drawdown_account":0.05350805787267841,"max_drawdown_abs":55.34888547999999}],"mix_tag_stats":[{"key":["","roi"],"trades":14,"profit_mean":0.02358703864441214,"profit_mean_pct":2.36,"profit_total_abs":132.01415885,"profit_total":0.13201415885,"profit_total_pct":13.2,"duration_avg":"1:11:00","wins":14,"draws":0,"losses":0,"winrate":1.0,"cagr":0.7031237986197232,"expectancy":9.429582775,"expectancy_ratio":100.0,"sortino":-100,"sharpe":15.523555965977478,"calmar":-100,"sqn":17.7872,"profit_factor":0.0,"max_drawdown_account":0.0,"max_drawdown_abs":0.0},{"key":["","trailing_stop_loss"],"trades":1,"profit_mean":0.037815351719741534,"profit_mean_pct":3.78,"profit_total_abs":15.12090632,"profit_total":0.01512090632,"profit_total_pct":1.51,"duration_avg":"0:00:00","wins":1,"draws":0,"losses":0,"winrate":1.0,"cagr":0.0665668476705985,"expectancy":15.12090632,"expectancy_ratio":100.0,"sortino":-100,"sharpe":-100,"calmar":-100,"sqn":-100.0,"profit_factor":0.0,"max_drawdown_account":0.0,"max_drawdown_abs":0.0},{"key":["","stop_loss"],"trades":2,"profit_mean":-0.04193531003485599,"profit_mean_pct":-4.19,"profit_total_abs":-33.53713398,"profit_total":-0.03353713398,"profit_total_pct":-3.35,"duration_avg":"0:00:00","wins":0,"draws":0,"losses":2,"winrate":0.0,"cagr":-0.1362592975199972,"expectancy":-16.76856699,"expectancy_ratio":-1.0,"sortino":-5014.904744853001,"sharpe":-5014.904744853001,"calmar":-22.476439028873866,"sqn":-11155.9147,"profit_factor":0.0,"max_drawdown_account":0.03353713398000002,"max_drawdown_abs":33.53713398},{"key":["","exit_signal"],"trades":26,"profit_mean":-0.01227174972949512,"profit_mean_pct":-1.23,"profit_total_abs":-127.49143354,"profit_total":-0.12749143354,"profit_total_pct":-12.75,"duration_avg":"1:22:00","wins":2,"draws":0,"losses":24,"winrate":0.07692307692307693,"cagr":-0.4432526968881617,"expectancy":-4.9035166746153855,"expectancy_ratio":-0.8967982482599327,"sortino":-9.077674526923108,"sharpe":-7.927593806854623,"calmar":-22.476439028873884,"sqn":-6.7828,"profit_factor":0.02846856438507286,"max_drawdown_account":0.12749143354,"max_drawdown_abs":127.49143353999999},{"key":"TOTAL","trades":43,"profit_mean":-0.0008116795417458991,"profit_mean_pct":-0.08,"profit_total_abs":-13.893502349999999,"profit_total":-0.013893502349999998,"profit_total_pct":-1.39,"duration_avg":"1:13:00","wins":17,"draws":0,"losses":26,"winrate":0.3953488372093023,"cagr":-0.0583095410959632,"expectancy":-0.3231047058139538,"expectancy_ratio":-0.05098626483316149,"sortino":-0.730659052796135,"sharpe":-0.370945782692071,"calmar":-5.8360641533719635,"sqn":-0.2487,"profit_factor":0.9156765620066946,"max_drawdown_account":0.05350805787267841,"max_drawdown_abs":55.34888547999999}],"left_open_trades":[{"key":"TOTAL","trades":0,"profit_mean":0.0,"profit_mean_pct":0.0,"profit_total_abs":0.0,"profit_total":0.0,"profit_total_pct":0.0,"duration_avg":"0:00","wins":0,"draws":0,"losses":0,"winrate":0.0,"cagr":0.0,"expectancy":0.0,"expectancy_ratio":100.0,"sortino":0,"sharpe":0,"calmar":0,"sqn":0.0,"profit_factor":0.0,"max_drawdown_account":0.0,"max_drawdown_abs":0.0}],"total_trades":43,"trade_count_long":43,"trade_count_short":0,"total_volume":68759.55127757823,"avg_stake_amount":399.44577999999996,"profit_mean":-0.0008116795417458991,"profit_median":-0.007780343815735833,"profit_total":-0.013893502349999998,"profit_total_long":-0.013893502349999998,"profit_total_short":0.0,"profit_total_abs":-13.893502349999999,"profit_total_long_abs":-13.893502349999999,"profit_total_short_abs":0.0,"cagr":-0.0583095410959632,"expectancy":-0.3231047058139538,"expectancy_ratio":-0.05098626483316149,"sortino":-0.730659052796135,"sharpe":-0.370945782692071,"calmar":-5.8360641533719635,"sqn":-0.2487,"profit_factor":0.9156765620066946,"backtest_start":"2025-11-28 04:00:00","backtest_start_ts":1764302400000,"backtest_end":"2026-02-22 00:00:00","backtest_end_ts":1771718400000,"backtest_days":85,"backtest_run_start_ts":1771721786,"backtest_run_end_ts":1771721787,"trades_per_day":0.51,"market_change":-0.33705594140829076,"pairlist":["BTC/USDT:USDT","ETH/USDT:USDT","SOL/USDT:USDT","DOGE/USDT:USDT"],"stake_amount":400,"stake_currency":"USDT","stake_currency_decimals":3,"starting_balance":1000,"dry_run_wallet":1000,"final_balance":986.10649765,"rejected_signals":0,"timedout_entry_orders":0,"timedout_exit_orders":1,"canceled_trade_entries":0,"canceled_entry_orders":0,"replaced_entry_orders":0,"max_open_trades":2,"max_open_trades_setting":2,"timeframe":"30m","timeframe_detail":"","timerange":"20251124-20260222","enable_protections":false,"strategy_name":"SupertrendFuturesStrategy","freqaimodel":null,"freqai_identifier":null,"stoploss":-0.04,"trailing_stop":true,"trailing_stop_positive":0.02,"trailing_stop_positive_offset":0.03,"trailing_only_offset_is_reached":true,"use_custom_stoploss":false,"minimal_roi":{"60":0.02,"30":0.03,"15":0.04,"0":0.05},"use_exit_signal":true,"exit_profit_only":false,"exit_profit_offset":0.0,"ignore_roi_if_entry_signal":false,"trading_mode":"futures","margin_mode":"isolated","periodic_breakdown":{"day":[{"date":"30/11/2025","date_ts":1764460800000,"profit_abs":-2.86410072,"wins":0,"draws":0,"losses":1,"trades":1,"profit_factor":0.0},{"date":"01/12/2025","date_ts":1764547200000,"profit_abs":0.0,"wins":0,"draws":0,"losses":0,"trades":0,"profit_factor":0.0},{"date":"02/12/2025","date_ts":1764633600000,"profit_abs":0.0,"wins":0,"draws":0,"losses":0,"trades":0,"profit_factor":0.0},{"date":"03/12/2025","date_ts":1764720000000,"profit_abs":12.81578378,"wins":2,"draws":0,"losses":2,"trades":4,"profit_factor":2.78995848},{"date":"04/12/2025","date_ts":1764806400000,"profit_abs":-6.7906025,"wins":0,"draws":0,"losses":1,"trades":1,"profit_factor":0.0},{"date":"05/12/2025","date_ts":1764892800000,"profit_abs":0.0,"wins":0,"draws":0,"losses":0,"trades":0,"profit_factor":0.0},{"date":"06/12/2025","date_ts":1764979200000,"profit_abs":0.0,"wins":0,"draws":0,"losses":0,"trades":0,"profit_factor":0.0},{"date":"07/12/2025","date_ts":1765065600000,"profit_abs":0.0,"wins":0,"draws":0,"losses":0,"trades":0,"profit_factor":0.0},{"date":"08/12/2025","date_ts":1765152000000,"profit_abs":0.0,"wins":0,"draws":0,"losses":0,"trades":0,"profit_factor":0.0},{"date":"09/12/2025","date_ts":1765238400000,"profit_abs":0.0,"wins":0,"draws":0,"losses":0,"trades":0,"profit_factor":0.0},{"date":"10/12/2025","date_ts":1765324800000,"profit_abs":0.0,"wins":0,"draws":0,"losses":0,"trades":0,"profit_factor":0.0},{"date":"11/12/2025","date_ts":1765411200000,"profit_abs":-0.421671,"wins":1,"draws":0,"losses":1,"trades":2,"profit_factor":0.94985707},{"date":"12/12/2025","date_ts":1765497600000,"profit_abs":-4.3341408,"wins":0,"draws":0,"losses":1,"trades":1,"profit_factor":0.0},{"date":"13/12/2025","date_ts":1765584000000,"profit_abs":0.0,"wins":0,"draws":0,"losses":0,"trades":0,"profit_factor":0.0},{"date":"14/12/2025","date_ts":1765670400000,"profit_abs":0.0,"wins":0,"draws":0,"losses":0,"trades":0,"profit_factor":0.0},{"date":"15/12/2025","date_ts":1765756800000,"profit_abs":-3.28471798,"wins":0,"draws":0,"losses":1,"trades":1,"profit_factor":0.0},{"date":"16/12/2025","date_ts":1765843200000,"profit_abs":0.0,"wins":0,"draws":0,"losses":0,"trades":0,"profit_factor":0.0},{"date":"17/12/2025","date_ts":1765929600000,"profit_abs":-16.76706388,"wins":0,"draws":0,"losses":1,"trades":1,"profit_factor":0.0},{"date":"18/12/2025","date_ts":1766016000000,"profit_abs":-3.72996903,"wins":0,"draws":0,"losses":1,"trades":1,"profit_factor":0.0},{"date":"19/12/2025","date_ts":1766102400000,"profit_abs":25.67639551,"wins":3,"draws":0,"losses":1,"trades":4,"profit_factor":378.17250588},{"date":"20/12/2025","date_ts":1766188800000,"profit_abs":0.0,"wins":0,"draws":0,"losses":0,"trades":0,"profit_factor":0.0},{"date":"21/12/2025","date_ts":1766275200000,"profit_abs":0.0,"wins":0,"draws":0,"losses":0,"trades":0,"profit_factor":0.0},{"date":"22/12/2025","date_ts":1766361600000,"profit_abs":-6.7963401,"wins":0,"draws":0,"losses":1,"trades":1,"profit_factor":0.0},{"date":"23/12/2025","date_ts":1766448000000,"profit_abs":0.0,"wins":0,"draws":0,"losses":0,"trades":0,"profit_factor":0.0},{"date":"24/12/2025","date_ts":1766534400000,"profit_abs":0.0,"wins":0,"draws":0,"losses":0,"trades":0,"profit_factor":0.0},{"date":"25/12/2025","date_ts":1766620800000,"profit_abs":0.0,"wins":0,"draws":0,"losses":0,"trades":0,"profit_factor":0.0},{"date":"26/12/2025","date_ts":1766707200000,"profit_abs":0.0,"wins":0,"draws":0,"losses":0,"trades":0,"profit_factor":0.0},{"date":"27/12/2025","date_ts":1766793600000,"profit_abs":0.0,"wins":0,"draws":0,"losses":0,"trades":0,"profit_factor":0.0},{"date":"28/12/2025","date_ts":1766880000000,"profit_abs":0.0,"wins":0,"draws":0,"losses":0,"trades":0,"profit_factor":0.0},{"date":"29/12/2025","date_ts":1766966400000,"profit_abs":0.0,"wins":0,"draws":0,"losses":0,"trades":0,"profit_factor":0.0},{"date":"30/12/2025","date_ts":1767052800000,"profit_abs":0.0,"wins":0,"draws":0,"losses":0,"trades":0,"profit_factor":0.0},{"date":"31/12/2025","date_ts":1767139200000,"profit_abs":0.0,"wins":0,"draws":0,"losses":0,"trades":0,"profit_factor":0.0},{"date":"01/01/2026","date_ts":1767225600000,"profit_abs":0.0,"wins":0,"draws":0,"losses":0,"trades":0,"profit_factor":0.0},{"date":"02/01/2026","date_ts":1767312000000,"profit_abs":32.90799382,"wins":3,"draws":0,"losses":1,"trades":4,"profit_factor":11.5795413},{"date":"03/01/2026","date_ts":1767398400000,"profit_abs":0.0,"wins":0,"draws":0,"losses":0,"trades":0,"profit_factor":0.0},{"date":"04/01/2026","date_ts":1767484800000,"profit_abs":1.359956,"wins":1,"draws":0,"losses":1,"trades":2,"profit_factor":1.20508173},{"date":"05/01/2026","date_ts":1767571200000,"profit_abs":-5.48359728,"wins":0,"draws":0,"losses":1,"trades":1,"profit_factor":0.0},{"date":"06/01/2026","date_ts":1767657600000,"profit_abs":-27.53171592,"wins":0,"draws":0,"losses":2,"trades":2,"profit_factor":0.0},{"date":"07/01/2026","date_ts":1767744000000,"profit_abs":0.0,"wins":0,"draws":0,"losses":0,"trades":0,"profit_factor":0.0},{"date":"08/01/2026","date_ts":1767830400000,"profit_abs":-6.01131435,"wins":0,"draws":0,"losses":1,"trades":1,"profit_factor":0.0},{"date":"09/01/2026","date_ts":1767916800000,"profit_abs":-6.646594,"wins":0,"draws":0,"losses":1,"trades":1,"profit_factor":0.0},{"date":"10/01/2026","date_ts":1768003200000,"profit_abs":0.0,"wins":0,"draws":0,"losses":0,"trades":0,"profit_factor":0.0},{"date":"11/01/2026","date_ts":1768089600000,"profit_abs":1.09084875,"wins":1,"draws":0,"losses":0,"trades":1,"profit_factor":0.0},{"date":"12/01/2026","date_ts":1768176000000,"profit_abs":7.990164,"wins":1,"draws":0,"losses":0,"trades":1,"profit_factor":0.0},{"date":"13/01/2026","date_ts":1768262400000,"profit_abs":-3.41627595,"wins":0,"draws":0,"losses":1,"trades":1,"profit_factor":0.0},{"date":"14/01/2026","date_ts":1768348800000,"profit_abs":-8.70911273,"wins":0,"draws":0,"losses":2,"trades":2,"profit_factor":0.0},{"date":"15/01/2026","date_ts":1768435200000,"profit_abs":0.0,"wins":0,"draws":0,"losses":0,"trades":0,"profit_factor":0.0},{"date":"16/01/2026","date_ts":1768521600000,"profit_abs":0.0,"wins":0,"draws":0,"losses":0,"trades":0,"profit_factor":0.0},{"date":"17/01/2026","date_ts":1768608000000,"profit_abs":0.0,"wins":0,"draws":0,"losses":0,"trades":0,"profit_factor":0.0},{"date":"18/01/2026","date_ts":1768694400000,"profit_abs":0.0,"wins":0,"draws":0,"losses":0,"trades":0,"profit_factor":0.0},{"date":"19/01/2026","date_ts":1768780800000,"profit_abs":0.0,"wins":0,"draws":0,"losses":0,"trades":0,"profit_factor":0.0},{"date":"20/01/2026","date_ts":1768867200000,"profit_abs":0.0,"wins":0,"draws":0,"losses":0,"trades":0,"profit_factor":0.0},{"date":"21/01/2026","date_ts":1768953600000,"profit_abs":0.0,"wins":0,"draws":0,"losses":0,"trades":0,"profit_factor":0.0},{"date":"22/01/2026","date_ts":1769040000000,"profit_abs":0.0,"wins":0,"draws":0,"losses":0,"trades":0,"profit_factor":0.0},{"date":"23/01/2026","date_ts":1769126400000,"profit_abs":0.0,"wins":0,"draws":0,"losses":0,"trades":0,"profit_factor":0.0},{"date":"24/01/2026","date_ts":1769212800000,"profit_abs":0.0,"wins":0,"draws":0,"losses":0,"trades":0,"profit_factor":0.0},{"date":"25/01/2026","date_ts":1769299200000,"profit_abs":0.0,"wins":0,"draws":0,"losses":0,"trades":0,"profit_factor":0.0},{"date":"26/01/2026","date_ts":1769385600000,"profit_abs":0.0,"wins":0,"draws":0,"losses":0,"trades":0,"profit_factor":0.0},{"date":"27/01/2026","date_ts":1769472000000,"profit_abs":0.0,"wins":0,"draws":0,"losses":0,"trades":0,"profit_factor":0.0},{"date":"28/01/2026","date_ts":1769558400000,"profit_abs":0.0,"wins":0,"draws":0,"losses":0,"trades":0,"profit_factor":0.0},{"date":"29/01/2026","date_ts":1769644800000,"profit_abs":0.0,"wins":0,"draws":0,"losses":0,"trades":0,"profit_factor":0.0},{"date":"30/01/2026","date_ts":1769731200000,"profit_abs":0.0,"wins":0,"draws":0,"losses":0,"trades":0,"profit_factor":0.0},{"date":"31/01/2026","date_ts":1769817600000,"profit_abs":0.0,"wins":0,"draws":0,"losses":0,"trades":0,"profit_factor":0.0},{"date":"01/02/2026","date_ts":1769904000000,"profit_abs":0.0,"wins":0,"draws":0,"losses":0,"trades":0,"profit_factor":0.0},{"date":"02/02/2026","date_ts":1769990400000,"profit_abs":0.0,"wins":0,"draws":0,"losses":0,"trades":0,"profit_factor":0.0},{"date":"03/02/2026","date_ts":1770076800000,"profit_abs":0.0,"wins":0,"draws":0,"losses":0,"trades":0,"profit_factor":0.0},{"date":"04/02/2026","date_ts":1770163200000,"profit_abs":0.0,"wins":0,"draws":0,"losses":0,"trades":0,"profit_factor":0.0},{"date":"05/02/2026","date_ts":1770249600000,"profit_abs":0.0,"wins":0,"draws":0,"losses":0,"trades":0,"profit_factor":0.0},{"date":"06/02/2026","date_ts":1770336000000,"profit_abs":0.0,"wins":0,"draws":0,"losses":0,"trades":0,"profit_factor":0.0},{"date":"07/02/2026","date_ts":1770422400000,"profit_abs":0.0,"wins":0,"draws":0,"losses":0,"trades":0,"profit_factor":0.0},{"date":"08/02/2026","date_ts":1770508800000,"profit_abs":0.0,"wins":0,"draws":0,"losses":0,"trades":0,"profit_factor":0.0},{"date":"09/02/2026","date_ts":1770595200000,"profit_abs":0.0,"wins":0,"draws":0,"losses":0,"trades":0,"profit_factor":0.0},{"date":"10/02/2026","date_ts":1770681600000,"profit_abs":0.0,"wins":0,"draws":0,"losses":0,"trades":0,"profit_factor":0.0},{"date":"11/02/2026","date_ts":1770768000000,"profit_abs":0.0,"wins":0,"draws":0,"losses":0,"trades":0,"profit_factor":0.0},{"date":"12/02/2026","date_ts":1770854400000,"profit_abs":0.0,"wins":0,"draws":0,"losses":0,"trades":0,"profit_factor":0.0},{"date":"13/02/2026","date_ts":1770940800000,"profit_abs":11.97115793,"wins":1,"draws":0,"losses":0,"trades":1,"profit_factor":0.0},{"date":"14/02/2026","date_ts":1771027200000,"profit_abs":24.02225001,"wins":3,"draws":0,"losses":0,"trades":3,"profit_factor":0.0},{"date":"15/02/2026","date_ts":1771113600000,"profit_abs":-4.72360695,"wins":0,"draws":0,"losses":1,"trades":1,"profit_factor":0.0},{"date":"16/02/2026","date_ts":1771200000000,"profit_abs":0.0,"wins":0,"draws":0,"losses":0,"trades":0,"profit_factor":0.0},{"date":"17/02/2026","date_ts":1771286400000,"profit_abs":-8.7836583,"wins":0,"draws":0,"losses":2,"trades":2,"profit_factor":0.0},{"date":"18/02/2026","date_ts":1771372800000,"profit_abs":0.0,"wins":0,"draws":0,"losses":0,"trades":0,"profit_factor":0.0},{"date":"19/02/2026","date_ts":1771459200000,"profit_abs":0.0,"wins":0,"draws":0,"losses":0,"trades":0,"profit_factor":0.0},{"date":"20/02/2026","date_ts":1771545600000,"profit_abs":-15.43357066,"wins":1,"draws":0,"losses":2,"trades":3,"profit_factor":0.34360178}],"week":[{"date":"01/12/2025","date_ts":1764547200000,"profit_abs":-2.86410072,"wins":0,"draws":0,"losses":1,"trades":1,"profit_factor":0.0},{"date":"08/12/2025","date_ts":1765152000000,"profit_abs":6.02518128,"wins":2,"draws":0,"losses":3,"trades":5,"profit_factor":1.4318995},{"date":"15/12/2025","date_ts":1765756800000,"profit_abs":-8.04052978,"wins":1,"draws":0,"losses":3,"trades":4,"profit_factor":0.49835229},{"date":"22/12/2025","date_ts":1766361600000,"profit_abs":-1.6169775,"wins":3,"draws":0,"losses":4,"trades":7,"profit_factor":0.94090308},{"date":"29/12/2025","date_ts":1766966400000,"profit_abs":0.0,"wins":0,"draws":0,"losses":0,"trades":0,"profit_factor":0.0},{"date":"05/01/2026","date_ts":1767571200000,"profit_abs":28.78435254,"wins":4,"draws":0,"losses":3,"trades":7,"profit_factor":2.89054615},{"date":"12/01/2026","date_ts":1768176000000,"profit_abs":-31.10861152,"wins":2,"draws":0,"losses":4,"trades":6,"profit_factor":0.22595416},{"date":"19/01/2026","date_ts":1768780800000,"profit_abs":-12.12538868,"wins":0,"draws":0,"losses":3,"trades":3,"profit_factor":0.0},{"date":"26/01/2026","date_ts":1769385600000,"profit_abs":0.0,"wins":0,"draws":0,"losses":0,"trades":0,"profit_factor":0.0},{"date":"02/02/2026","date_ts":1769990400000,"profit_abs":0.0,"wins":0,"draws":0,"losses":0,"trades":0,"profit_factor":0.0},{"date":"09/02/2026","date_ts":1770595200000,"profit_abs":0.0,"wins":0,"draws":0,"losses":0,"trades":0,"profit_factor":0.0},{"date":"16/02/2026","date_ts":1771200000000,"profit_abs":31.26980099,"wins":4,"draws":0,"losses":1,"trades":5,"profit_factor":7.61989901},{"date":"23/02/2026","date_ts":1771804800000,"profit_abs":-24.21722896,"wins":1,"draws":0,"losses":4,"trades":5,"profit_factor":0.25015167}],"month":[{"date":"30/11/2025","date_ts":1764460800000,"profit_abs":-2.86410072,"wins":0,"draws":0,"losses":1,"trades":1,"profit_factor":0.0},{"date":"31/12/2025","date_ts":1767139200000,"profit_abs":-3.632326,"wins":6,"draws":0,"losses":10,"trades":16,"profit_factor":0.93665297},{"date":"31/01/2026","date_ts":1769817600000,"profit_abs":-14.44964766,"wins":6,"draws":0,"losses":10,"trades":16,"profit_factor":0.78605929},{"date":"28/02/2026","date_ts":1772236800000,"profit_abs":7.05257203,"wins":5,"draws":0,"losses":5,"trades":10,"profit_factor":1.19050823}],"year":[{"date":"31/12/2025","date_ts":1767139200000,"profit_abs":-6.49642672,"wins":6,"draws":0,"losses":11,"trades":17,"profit_factor":0.89209349},{"date":"31/12/2026","date_ts":1798675200000,"profit_abs":-7.39707563,"wins":11,"draws":0,"losses":15,"trades":26,"profit_factor":0.92925535}],"weekday":[{"date":"Monday","date_ts":0,"profit_abs":-7.57449136,"wins":1,"draws":0,"losses":3,"trades":4,"profit_factor":0.51335309},{"date":"Tuesday","date_ts":1,"profit_abs":-39.73165017,"wins":0,"draws":0,"losses":5,"trades":5,"profit_factor":0.0},{"date":"Wednesday","date_ts":2,"profit_abs":-12.66039283,"wins":2,"draws":0,"losses":5,"trades":7,"profit_factor":0.61207276},{"date":"Thursday","date_ts":3,"profit_abs":-16.95355688,"wins":1,"draws":0,"losses":4,"trades":5,"profit_factor":0.3202608},{"date":"Friday","date_ts":4,"profit_abs":44.1412418,"wins":8,"draws":0,"losses":6,"trades":14,"profit_factor":2.17173003},{"date":"Saturday","date_ts":5,"profit_abs":24.02225001,"wins":3,"draws":0,"losses":0,"trades":3,"profit_factor":0.0},{"date":"Sunday","date_ts":6,"profit_abs":-5.13690292,"wins":2,"draws":0,"losses":3,"trades":5,"profit_factor":0.63872955}]},"backtest_best_day":0.08231653340547619,"backtest_worst_day":-0.06893918170680255,"backtest_best_day_abs":32.90799382,"backtest_worst_day_abs":-27.53171592,"winning_days":8,"draw_days":58,"losing_days":17,"daily_profit":[["2025-11-30",-2.86410072],["2025-12-01",0.0],["2025-12-02",0.0],["2025-12-03",12.81578378],["2025-12-04",-6.7906025],["2025-12-05",0.0],["2025-12-06",0.0],["2025-12-07",0.0],["2025-12-08",0.0],["2025-12-09",0.0],["2025-12-10",0.0],["2025-12-11",-0.421671],["2025-12-12",-4.3341408],["2025-12-13",0.0],["2025-12-14",0.0],["2025-12-15",-3.28471798],["2025-12-16",0.0],["2025-12-17",-16.76706388],["2025-12-18",-3.72996903],["2025-12-19",25.67639551],["2025-12-20",0.0],["2025-12-21",0.0],["2025-12-22",-6.7963401],["2025-12-23",0.0],["2025-12-24",0.0],["2025-12-25",0.0],["2025-12-26",0.0],["2025-12-27",0.0],["2025-12-28",0.0],["2025-12-29",0.0],["2025-12-30",0.0],["2025-12-31",0.0],["2026-01-01",0.0],["2026-01-02",32.90799382],["2026-01-03",0.0],["2026-01-04",1.359956],["2026-01-05",-5.48359728],["2026-01-06",-27.53171592],["2026-01-07",0.0],["2026-01-08",-6.01131435],["2026-01-09",-6.646594],["2026-01-10",0.0],["2026-01-11",1.09084875],["2026-01-12",7.990164],["2026-01-13",-3.41627595],["2026-01-14",-8.70911273],["2026-01-15",0.0],["2026-01-16",0.0],["2026-01-17",0.0],["2026-01-18",0.0],["2026-01-19",0.0],["2026-01-20",0.0],["2026-01-21",0.0],["2026-01-22",0.0],["2026-01-23",0.0],["2026-01-24",0.0],["2026-01-25",0.0],["2026-01-26",0.0],["2026-01-27",0.0],["2026-01-28",0.0],["2026-01-29",0.0],["2026-01-30",0.0],["2026-01-31",0.0],["2026-02-01",0.0],["2026-02-02",0.0],["2026-02-03",0.0],["2026-02-04",0.0],["2026-02-05",0.0],["2026-02-06",0.0],["2026-02-07",0.0],["2026-02-08",0.0],["2026-02-09",0.0],["2026-02-10",0.0],["2026-02-11",0.0],["2026-02-12",0.0],["2026-02-13",11.97115793],["2026-02-14",24.02225001],["2026-02-15",-4.72360695],["2026-02-16",0.0],["2026-02-17",-8.7836583],["2026-02-18",0.0],["2026-02-19",0.0],["2026-02-20",-15.43357066]],"wins":17,"losses":26,"draws":0,"winrate":0.3953488372093023,"holding_avg":"1:13:00","holding_avg_s":4380.0,"winner_holding_min":"0d 00:00","winner_holding_min_s":0.0,"winner_holding_max":"0d 04:30","winner_holding_max_s":16200.0,"winner_holding_avg":"0d 01:21","winner_holding_avg_s":4860.0,"loser_holding_min":"0d 00:00","loser_holding_min_s":0.0,"loser_holding_max":"0d 03:30","loser_holding_max_s":12600.0,"loser_holding_avg":"0d 01:07","loser_holding_avg_s":4020.0,"max_consecutive_wins":4,"max_consecutive_losses":6,"max_drawdown_account":0.05350805787267841,"max_relative_drawdown":0.05350805787267841,"max_drawdown_abs":55.34888547999999,"drawdown_start":"2026-01-04 02:30:00","drawdown_start_ts":1767493800000.0,"drawdown_end":"2026-01-14 19:00:00","drawdown_end_ts":1768417200000.0,"drawdown_duration":"10 days 16:30:00","drawdown_duration_s":923400.0,"max_drawdown_low":-20.946074380000002,"max_drawdown_high":34.402811099999994,"csum_min":974.62351787,"csum_max":1034.4028111}},"strategy_comparison":[{"key":"SupertrendFuturesStrategy","trades":43,"profit_mean":-0.0008116795417458991,"profit_mean_pct":-0.08,"profit_total_abs":-13.893502349999999,"profit_total":-0.013893502349999998,"profit_total_pct":-1.39,"duration_avg":"1:13:00","wins":17,"draws":0,"losses":26,"winrate":0.3953488372093023,"cagr":-0.0583095410959632,"expectancy":-0.3231047058139538,"expectancy_ratio":-0.05098626483316149,"sortino":-0.730659052796135,"sharpe":-0.370945782692071,"calmar":-5.8360641533719635,"sqn":-0.2487,"profit_factor":0.9156765620066946,"max_drawdown_account":0.05350805787267841,"max_drawdown_abs":"55.349"}]}