{"strategy":{"SupertrendFuturesStrategyV2":{"trades":[{"pair":"SOL/USDT:USDT","stake_amount":329.5142,"max_stake_amount":329.5142,"amount":5.08,"open_date":"2026-01-22 03:00:00+00:00","close_date":"2026-01-23 14:30:00+00:00","open_rate":129.73,"close_rate":126.48674999999999,"fee_open":0.0005,"fee_close":0.0005,"trade_duration":2130,"profit_ratio":-0.05167990468627942,"profit_abs":-17.03777708,"exit_reason":"stop_loss","initial_stop_loss_abs":126.48674999999999,"initial_stop_loss_ratio":-0.05,"stop_loss_abs":126.48674999999999,"stop_loss_ratio":-0.05,"min_rate":125.46,"max_rate":130.89,"is_open":false,"enter_tag":"","leverage":2,"is_short":false,"open_timestamp":1769050800000,"close_timestamp":1769178600000,"orders":[{"amount":5.08,"safe_price":129.73,"ft_order_side":"buy","order_filled_timestamp":1769050800000,"ft_is_entry":true,"ft_order_tag":"","cost":659.3579141999999},{"amount":5.08,"safe_price":126.48674999999999,"ft_order_side":"sell","order_filled_timestamp":1769178600000,"ft_is_entry":false,"ft_order_tag":"stop_loss","cost":642.873966345}],"funding_fees":0.08872346271922651,"weekday":4},{"pair":"ETH/USDT:USDT","stake_amount":324.02212,"max_stake_amount":324.02212,"amount":0.218,"open_date":"2026-01-27 16:15:00+00:00","close_date":"2026-01-28 03:15:00+00:00","open_rate":2972.68,"close_rate":2995.7491250000003,"fee_open":0.0005,"fee_close":0.0005,"trade_duration":660,"profit_ratio":0.013495916736252105,"profit_abs":4.37516204,"exit_reason":"trailing_stop_loss","initial_stop_loss_abs":2898.363,"initial_stop_loss_ratio":-0.05,"stop_loss_abs":2995.7491250000003,"stop_loss_ratio":-0.025,"min_rate":2916.51,"max_rate":3033.67,"is_open":false,"enter_tag":"","leverage":2,"is_short":false,"open_timestamp":1769530500000,"close_timestamp":1769570100000,"orders":[{"amount":0.218,"safe_price":2972.68,"ft_order_side":"buy","order_filled_timestamp":1769530500000,"ft_is_entry":true,"ft_order_tag":"","cost":648.3682621199999},{"amount":0.218,"safe_price":2995.7491250000003,"ft_order_side":"sell","order_filled_timestamp":1769570100000,"ft_is_entry":false,"ft_order_tag":"trailing_stop_loss","cost":653.3998459046251}],"funding_fees":-0.003348434338914325,"weekday":2},{"pair":"DOGE/USDT:USDT","stake_amount":324.142,"max_stake_amount":324.142,"amount":5200.0,"open_date":"2026-01-27 16:30:00+00:00","close_date":"2026-01-28 11:30:00+00:00","open_rate":0.12467,"close_rate":0.12607,"fee_open":0.0005,"fee_close":0.0005,"trade_duration":1140,"profit_ratio":0.020213466916361958,"profit_abs":6.55530961,"exit_reason":"trailing_stop_loss","initial_stop_loss_abs":0.12156,"initial_stop_loss_ratio":-0.05,"stop_loss_abs":0.12607,"stop_loss_ratio":-0.025,"min_rate":0.1217,"max_rate":0.12766,"is_open":false,"enter_tag":"","leverage":2,"is_short":false,"open_timestamp":1769531400000,"close_timestamp":1769599800000,"orders":[{"amount":5200.0,"safe_price":0.12467,"ft_order_side":"buy","order_filled_timestamp":1769531400000,"ft_is_entry":true,"ft_order_tag":"","cost":648.6081419999999},{"amount":5200.0,"safe_price":0.12607,"ft_order_side":"sell","order_filled_timestamp":1769599800000,"ft_is_entry":false,"ft_order_tag":"trailing_stop_loss","cost":655.8917819999999}],"funding_fees":-0.07276638628791571,"weekday":2},{"pair":"SOL/USDT:USDT","stake_amount":324.1254,"max_stake_amount":324.1254,"amount":5.16,"open_date":"2026-01-27 16:30:00+00:00","close_date":"2026-01-28 14:15:00+00:00","open_rate":125.63,"close_rate":126.66662500000001,"fee_open":0.0005,"fee_close":0.0005,"trade_duration":1305,"profit_ratio":0.01428201951268343,"profit_abs":4.63147987,"exit_reason":"trailing_stop_loss","initial_stop_loss_abs":122.48925,"initial_stop_loss_ratio":-0.05,"stop_loss_abs":126.66662500000001,"stop_loss_ratio":-0.025,"min_rate":123.45,"max_rate":128.27,"is_open":false,"enter_tag":"","leverage":2,"is_short":false,"open_timestamp":1769531400000,"close_timestamp":1769609700000,"orders":[{"amount":5.16,"safe_price":125.63,"ft_order_side":"buy","order_filled_timestamp":1769531400000,"ft_is_entry":true,"ft_order_tag":"","cost":648.5749254},{"amount":5.16,"safe_price":126.66662500000001,"ft_order_side":"sell","order_filled_timestamp":1769609700000,"ft_is_entry":false,"ft_order_tag":"trailing_stop_loss","cost":653.9265848925}],"funding_fees":-0.06657983280430074,"weekday":2},{"pair":"DOGE/USDT:USDT","stake_amount":327.4278,"max_stake_amount":327.4278,"amount":5180.0,"open_date":"2026-01-28 11:45:00+00:00","close_date":"2026-01-29 01:15:00+00:00","open_rate":0.12642,"close_rate":0.12326,"fee_open":0.0005,"fee_close":0.0005,"trade_duration":810,"profit_ratio":-0.05233562620683013,"profit_abs":-17.14470702,"exit_reason":"stop_loss","initial_stop_loss_abs":0.12326,"initial_stop_loss_ratio":-0.05,"stop_loss_abs":0.12326,"stop_loss_ratio":-0.05,"min_rate":0.12325,"max_rate":0.12722,"is_open":false,"enter_tag":"","leverage":2,"is_short":false,"open_timestamp":1769600700000,"close_timestamp":1769649300000,"orders":[{"amount":5180.0,"safe_price":0.12642,"ft_order_side":"buy","order_filled_timestamp":1769600700000,"ft_is_entry":true,"ft_order_tag":"","cost":655.1830278},{"amount":5180.0,"safe_price":0.12326,"ft_order_side":"sell","order_filled_timestamp":1769649300000,"ft_is_entry":false,"ft_order_tag":"stop_loss","cost":638.8060434}],"funding_fees":-0.12923582,"weekday":3},{"pair":"ETH/USDT:USDT","stake_amount":326.607575,"max_stake_amount":326.607575,"amount":0.215,"open_date":"2026-01-28 12:00:00+00:00","close_date":"2026-01-29 02:30:00+00:00","open_rate":3038.21,"close_rate":2962.25475,"fee_open":0.0005,"fee_close":0.0005,"trade_duration":870,"profit_ratio":-0.05215395008036415,"profit_abs":-17.0423921,"exit_reason":"stop_loss","initial_stop_loss_abs":2962.25475,"initial_stop_loss_ratio":-0.05,"stop_loss_abs":2962.25475,"stop_loss_ratio":-0.05,"min_rate":2957.65,"max_rate":3045.47,"is_open":false,"enter_tag":"","leverage":2,"is_short":false,"open_timestamp":1769601600000,"close_timestamp":1769653800000,"orders":[{"amount":0.215,"safe_price":3038.21,"ft_order_side":"buy","order_filled_timestamp":1769601600000,"ft_is_entry":true,"ft_order_tag":"","cost":653.5417575749999},{"amount":0.215,"safe_price":2962.25475,"ft_order_side":"sell","order_filled_timestamp":1769653800000,"ft_is_entry":false,"ft_order_tag":"stop_loss","cost":637.2032136356249}],"funding_fees":-0.06696339182370997,"weekday":3},{"pair":"DOGE/USDT:USDT","stake_amount":318.1816,"max_stake_amount":318.1816,"amount":6920.0,"open_date":"2026-02-11 14:15:00+00:00","close_date":"2026-02-11 14:30:00+00:00","open_rate":0.09196,"close_rate":0.08967,"fee_open":0.0005,"fee_close":0.0005,"trade_duration":15,"profit_ratio":-0.05175348384963673,"profit_abs":-16.4752398,"exit_reason":"stop_loss","initial_stop_loss_abs":0.08967,"initial_stop_loss_ratio":-0.05,"stop_loss_abs":0.08967,"stop_loss_ratio":-0.05,"min_rate":0.08955,"max_rate":0.09206,"is_open":false,"enter_tag":"","leverage":2,"is_short":false,"open_timestamp":1770819300000,"close_timestamp":1770820200000,"orders":[{"amount":6920.0,"safe_price":0.09196,"ft_order_side":"buy","order_filled_timestamp":1770819300000,"ft_is_entry":true,"ft_order_tag":"","cost":636.6813816},{"amount":6920.0,"safe_price":0.08967,"ft_order_side":"sell","order_filled_timestamp":1770820200000,"ft_is_entry":false,"ft_order_tag":"stop_loss","cost":620.8266582}],"funding_fees":0.0,"weekday":2},{"pair":"ETH/USDT:USDT","stake_amount":311.91818,"max_stake_amount":311.91818,"amount":0.314,"open_date":"2026-02-11 14:30:00+00:00","close_date":"2026-02-11 14:45:00+00:00","open_rate":1986.74,"close_rate":1937.0715,"fee_open":0.0005,"fee_close":0.0005,"trade_duration":15,"profit_ratio":-0.05194902550167602,"profit_abs":-16.21194741,"exit_reason":"stop_loss","initial_stop_loss_abs":1937.0715,"initial_stop_loss_ratio":-0.05,"stop_loss_abs":1937.0715,"stop_loss_ratio":-0.05,"min_rate":1936.24,"max_rate":1995.94,"is_open":false,"enter_tag":"","leverage":2,"is_short":false,"open_timestamp":1770820200000,"close_timestamp":1770821100000,"orders":[{"amount":0.314,"safe_price":1986.74,"ft_order_side":"buy","order_filled_timestamp":1770820200000,"ft_is_entry":true,"ft_order_tag":"","cost":624.14827818},{"amount":0.314,"safe_price":1937.0715,"ft_order_side":"sell","order_filled_timestamp":1770821100000,"ft_is_entry":false,"ft_order_tag":"stop_loss","cost":608.5445712255}],"funding_fees":0.0,"weekday":2},{"pair":"BTC/USDT:USDT","stake_amount":312.6804,"max_stake_amount":312.6804,"amount":0.0092,"open_date":"2026-02-11 14:30:00+00:00","close_date":"2026-02-11 15:00:00+00:00","open_rate":67974.0,"close_rate":66274.65,"fee_open":0.0005,"fee_close":0.0005,"trade_duration":30,"profit_ratio":-0.05194902548725636,"profit_abs":-16.25156379,"exit_reason":"stop_loss","initial_stop_loss_abs":66274.65,"initial_stop_loss_ratio":-0.05,"stop_loss_abs":66274.65,"stop_loss_ratio":-0.05,"min_rate":65721.5,"max_rate":68214.0,"is_open":false,"enter_tag":"","leverage":2,"is_short":false,"open_timestamp":1770820200000,"close_timestamp":1770822000000,"orders":[{"amount":0.0092,"safe_price":67974.0,"ft_order_side":"buy","order_filled_timestamp":1770820200000,"ft_is_entry":true,"ft_order_tag":"","cost":625.6734804},{"amount":0.0092,"safe_price":66274.65,"ft_order_side":"sell","order_filled_timestamp":1770822000000,"ft_is_entry":false,"ft_order_tag":"stop_loss","cost":610.0316433899999}],"funding_fees":0.0,"weekday":2},{"pair":"ETH/USDT:USDT","stake_amount":302.026095,"max_stake_amount":302.026095,"amount":0.311,"open_date":"2026-02-11 15:00:00+00:00","close_date":"2026-02-11 22:00:00+00:00","open_rate":1942.29,"close_rate":1962.4192500000001,"fee_open":0.0005,"fee_close":0.0005,"trade_duration":420,"profit_ratio":0.018859508970825722,"profit_abs":5.69891188,"exit_reason":"trailing_stop_loss","initial_stop_loss_abs":1893.73275,"initial_stop_loss_ratio":-0.05,"stop_loss_abs":1962.4192500000001,"stop_loss_ratio":-0.025,"min_rate":1901.33,"max_rate":1987.26,"is_open":false,"enter_tag":"","leverage":2,"is_short":false,"open_timestamp":1770822000000,"close_timestamp":1770847200000,"orders":[{"amount":0.311,"safe_price":1942.29,"ft_order_side":"buy","order_filled_timestamp":1770822000000,"ft_is_entry":true,"ft_order_tag":"","cost":604.354216095},{"amount":0.311,"safe_price":1962.4192500000001,"ft_order_side":"sell","order_filled_timestamp":1770847200000,"ft_is_entry":false,"ft_order_tag":"trailing_stop_loss","cost":610.617542943375}],"funding_fees":0.04589741502280021,"weekday":2},{"pair":"DOGE/USDT:USDT","stake_amount":307.1844,"max_stake_amount":307.1844,"amount":6840.0,"open_date":"2026-02-11 14:45:00+00:00","close_date":"2026-02-11 22:30:00+00:00","open_rate":0.08982,"close_rate":0.09108,"fee_open":0.0005,"fee_close":0.0005,"trade_duration":465,"profit_ratio":0.026232986336272426,"profit_abs":8.06239335,"exit_reason":"trailing_stop_loss","initial_stop_loss_abs":0.08758,"initial_stop_loss_ratio":-0.05,"stop_loss_abs":0.09108,"stop_loss_ratio":-0.025,"min_rate":0.08781,"max_rate":0.09223,"is_open":false,"enter_tag":"","leverage":2,"is_short":false,"open_timestamp":1770821100000,"close_timestamp":1770849000000,"orders":[{"amount":6840.0,"safe_price":0.08982,"ft_order_side":"buy","order_filled_timestamp":1770821100000,"ft_is_entry":true,"ft_order_tag":"","cost":614.6759844},{"amount":6840.0,"safe_price":0.09108,"ft_order_side":"sell","order_filled_timestamp":1770849000000,"ft_is_entry":false,"ft_order_tag":"trailing_stop_loss","cost":623.2986935999999}],"funding_fees":0.06267135396350093,"weekday":2},{"pair":"DOGE/USDT:USDT","stake_amount":306.299,"max_stake_amount":306.299,"amount":6650.0,"open_date":"2026-02-12 04:00:00+00:00","close_date":"2026-02-12 13:15:00+00:00","open_rate":0.09212,"close_rate":0.09304,"fee_open":0.0005,"fee_close":0.0005,"trade_duration":555,"profit_ratio":0.01788683805593604,"profit_abs":5.48145997,"exit_reason":"trailing_stop_loss","initial_stop_loss_abs":0.08982,"initial_stop_loss_ratio":-0.05,"stop_loss_abs":0.09304,"stop_loss_ratio":-0.025,"min_rate":0.09143,"max_rate":0.09421,"is_open":false,"enter_tag":"","leverage":2,"is_short":false,"open_timestamp":1770868800000,"close_timestamp":1770902100000,"orders":[{"amount":6650.0,"safe_price":0.09212,"ft_order_side":"buy","order_filled_timestamp":1770868800000,"ft_is_entry":true,"ft_order_tag":"","cost":612.9042989999999},{"amount":6650.0,"safe_price":0.09304,"ft_order_side":"sell","order_filled_timestamp":1770902100000,"ft_is_entry":false,"ft_order_tag":"trailing_stop_loss","cost":619.025358}],"funding_fees":-0.020883025097780034,"weekday":3},{"pair":"ETH/USDT:USDT","stake_amount":306.0904,"max_stake_amount":306.0904,"amount":0.308,"open_date":"2026-02-12 11:15:00+00:00","close_date":"2026-02-12 16:00:00+00:00","open_rate":1987.6,"close_rate":1937.9099999999999,"fee_open":0.0005,"fee_close":0.0005,"trade_duration":285,"profit_ratio":-0.05197045539899118,"profit_abs":-15.91561131,"exit_reason":"stop_loss","initial_stop_loss_abs":1937.9099999999999,"initial_stop_loss_ratio":-0.05,"stop_loss_abs":1937.9099999999999,"stop_loss_ratio":-0.05,"min_rate":1916.81,"max_rate":2001.28,"is_open":false,"enter_tag":"","leverage":2,"is_short":false,"open_timestamp":1770894900000,"close_timestamp":1770912000000,"orders":[{"amount":0.308,"safe_price":1987.6,"ft_order_side":"buy","order_filled_timestamp":1770894900000,"ft_is_entry":true,"ft_order_tag":"","cost":612.4868904},{"amount":0.308,"safe_price":1937.9099999999999,"ft_order_side":"sell","order_filled_timestamp":1770912000000,"ft_is_entry":false,"ft_order_tag":"stop_loss","cost":597.1747181399999}],"funding_fees":-0.006562769769010915,"weekday":3},{"pair":"BTC/USDT:USDT","stake_amount":306.2691,"max_stake_amount":306.2691,"amount":0.009,"open_date":"2026-02-12 11:45:00+00:00","close_date":"2026-02-12 16:15:00+00:00","open_rate":68059.8,"close_rate":66358.30500000001,"fee_open":0.0005,"fee_close":0.0005,"trade_duration":270,"profit_ratio":-0.05203282125859688,"profit_abs":-15.94401336,"exit_reason":"stop_loss","initial_stop_loss_abs":66358.30500000001,"initial_stop_loss_ratio":-0.05,"stop_loss_abs":66358.30500000001,"stop_loss_ratio":-0.05,"min_rate":65953.7,"max_rate":68390.0,"is_open":false,"enter_tag":"","leverage":2,"is_short":false,"open_timestamp":1770896700000,"close_timestamp":1770912900000,"orders":[{"amount":0.009,"safe_price":68059.8,"ft_order_side":"buy","order_filled_timestamp":1770896700000,"ft_is_entry":true,"ft_order_tag":"","cost":612.8444691},{"amount":0.009,"safe_price":66358.30500000001,"ft_order_side":"sell","order_filled_timestamp":1770912900000,"ft_is_entry":false,"ft_order_tag":"stop_loss","cost":597.5233573725}],"funding_fees":-0.025676891050496572,"weekday":3},{"pair":"DOGE/USDT:USDT","stake_amount":308.2904,"max_stake_amount":308.2904,"amount":6610.0,"open_date":"2026-02-12 13:30:00+00:00","close_date":"2026-02-12 18:30:00+00:00","open_rate":0.09328,"close_rate":0.09095,"fee_open":0.0005,"fee_close":0.0005,"trade_duration":300,"profit_ratio":-0.05192165058265391,"profit_abs":-16.0149499,"exit_reason":"stop_loss","initial_stop_loss_abs":0.09095,"initial_stop_loss_ratio":-0.05,"stop_loss_abs":0.09095,"stop_loss_ratio":-0.05,"min_rate":0.09081,"max_rate":0.09449,"is_open":false,"enter_tag":"","leverage":2,"is_short":false,"open_timestamp":1770903000000,"close_timestamp":1770921000000,"orders":[{"amount":6610.0,"safe_price":0.09328,"ft_order_side":"buy","order_filled_timestamp":1770903000000,"ft_is_entry":true,"ft_order_tag":"","cost":616.8890904},{"amount":6610.0,"safe_price":0.09095,"ft_order_side":"sell","order_filled_timestamp":1770921000000,"ft_is_entry":false,"ft_order_tag":"stop_loss","cost":601.48008975}],"funding_fees":-0.0047697524251846665,"weekday":3},{"pair":"ETH/USDT:USDT","stake_amount":292.271,"max_stake_amount":292.271,"amount":0.301,"open_date":"2026-02-12 23:00:00+00:00","close_date":"2026-02-13 14:30:00+00:00","open_rate":1942.0,"close_rate":1966.0433750000002,"fee_open":0.0005,"fee_close":0.0005,"trade_duration":930,"profit_ratio":0.02251427967360005,"profit_abs":6.58356117,"exit_reason":"trailing_stop_loss","initial_stop_loss_abs":1893.45,"initial_stop_loss_ratio":-0.05,"stop_loss_abs":1966.0433750000002,"stop_loss_ratio":-0.025,"min_rate":1923.64,"max_rate":1990.93,"is_open":false,"enter_tag":"","leverage":2,"is_short":false,"open_timestamp":1770937200000,"close_timestamp":1770993000000,"orders":[{"amount":0.301,"safe_price":1942.0,"ft_order_side":"buy","order_filled_timestamp":1770937200000,"ft_is_entry":true,"ft_order_tag":"","cost":584.834271},{"amount":0.301,"safe_price":1966.0433750000002,"ft_order_side":"sell","order_filled_timestamp":1770993000000,"ft_is_entry":false,"ft_order_tag":"trailing_stop_loss","cost":592.0749454029375}],"funding_fees":-0.06533417634860864,"weekday":4},{"pair":"BTC/USDT:USDT","stake_amount":291.63684,"max_stake_amount":291.63684,"amount":0.0088,"open_date":"2026-02-12 23:15:00+00:00","close_date":"2026-02-13 15:00:00+00:00","open_rate":66281.1,"close_rate":67717.0225,"fee_open":0.0005,"fee_close":0.0005,"trade_duration":945,"profit_ratio":0.04095659795106201,"profit_abs":11.95042503,"exit_reason":"trailing_stop_loss","initial_stop_loss_abs":64624.0725,"initial_stop_loss_ratio":-0.05,"stop_loss_abs":67717.0225,"stop_loss_ratio":-0.025,"min_rate":65836.0,"max_rate":68574.2,"is_open":false,"enter_tag":"","leverage":2,"is_short":false,"open_timestamp":1770938100000,"close_timestamp":1770994800000,"orders":[{"amount":0.0088,"safe_price":66281.1,"ft_order_side":"buy","order_filled_timestamp":1770938100000,"ft_is_entry":true,"ft_order_tag":"","cost":583.5653168400002},{"amount":0.0088,"safe_price":67717.0225,"ft_order_side":"sell","order_filled_timestamp":1770994800000,"ft_is_entry":false,"ft_order_tag":"trailing_stop_loss","cost":596.2077528990001}],"funding_fees":-0.09610123092571798,"weekday":4},{"pair":"DOGE/USDT:USDT","stake_amount":292.3515,"max_stake_amount":292.3515,"amount":6300.0,"open_date":"2026-02-12 23:15:00+00:00","close_date":"2026-02-13 15:00:00+00:00","open_rate":0.09281,"close_rate":0.0943,"fee_open":0.0005,"fee_close":0.0005,"trade_duration":945,"profit_ratio":0.030027904110619247,"profit_abs":8.78309216,"exit_reason":"trailing_stop_loss","initial_stop_loss_abs":0.09049,"initial_stop_loss_ratio":-0.05,"stop_loss_abs":0.0943,"stop_loss_ratio":-0.025,"min_rate":0.09173,"max_rate":0.09549,"is_open":false,"enter_tag":"","leverage":2,"is_short":false,"open_timestamp":1770938100000,"close_timestamp":1770994800000,"orders":[{"amount":6300.0,"safe_price":0.09281,"ft_order_side":"buy","order_filled_timestamp":1770938100000,"ft_is_entry":true,"ft_order_tag":"","cost":584.9953515},{"amount":6300.0,"safe_price":0.0943,"ft_order_side":"sell","order_filled_timestamp":1770994800000,"ft_is_entry":false,"ft_order_tag":"trailing_stop_loss","cost":594.3870449999998}],"funding_fees":-0.01451134017205813,"weekday":4},{"pair":"DOGE/USDT:USDT","stake_amount":301.5615,"max_stake_amount":301.5615,"amount":6350.0,"open_date":"2026-02-13 15:15:00+00:00","close_date":"2026-02-13 23:15:00+00:00","open_rate":0.09498,"close_rate":0.09646,"fee_open":0.0005,"fee_close":0.0005,"trade_duration":480,"profit_ratio":0.02908140506640614,"profit_abs":8.77421705,"exit_reason":"trailing_stop_loss","initial_stop_loss_abs":0.09261,"initial_stop_loss_ratio":-0.05,"stop_loss_abs":0.09646,"stop_loss_ratio":-0.025,"min_rate":0.09461,"max_rate":0.09768,"is_open":false,"enter_tag":"","leverage":2,"is_short":false,"open_timestamp":1770995700000,"close_timestamp":1771024500000,"orders":[{"amount":6350.0,"safe_price":0.09498,"ft_order_side":"buy","order_filled_timestamp":1770995700000,"ft_is_entry":true,"ft_order_tag":"","cost":603.4245614999999},{"amount":6350.0,"safe_price":0.09646,"ft_order_side":"sell","order_filled_timestamp":1771024500000,"ft_is_entry":false,"ft_order_tag":"trailing_stop_loss","cost":612.8272605000001}],"funding_fees":-0.01596095447237278,"weekday":4},{"pair":"ETH/USDT:USDT","stake_amount":301.61095,"max_stake_amount":301.61095,"amount":0.295,"open_date":"2026-02-13 22:15:00+00:00","close_date":"2026-02-14 08:00:00+00:00","open_rate":2044.82,"close_rate":2065.682125,"fee_open":0.0005,"fee_close":0.0005,"trade_duration":585,"profit_ratio":0.018216125470728855,"profit_abs":5.49693,"exit_reason":"trailing_stop_loss","initial_stop_loss_abs":1993.6995,"initial_stop_loss_ratio":-0.05,"stop_loss_abs":2065.682125,"stop_loss_ratio":-0.025,"min_rate":2041.05,"max_rate":2091.83,"is_open":false,"enter_tag":"","leverage":2,"is_short":false,"open_timestamp":1771020900000,"close_timestamp":1771056000000,"orders":[{"amount":0.295,"safe_price":2044.82,"ft_order_side":"buy","order_filled_timestamp":1771020900000,"ft_is_entry":true,"ft_order_tag":"","cost":603.52351095},{"amount":0.295,"safe_price":2065.682125,"ft_order_side":"sell","order_filled_timestamp":1771056000000,"ft_is_entry":false,"ft_order_tag":"trailing_stop_loss","cost":609.6809149884374}],"funding_fees":-0.05109780836527747,"weekday":5},{"pair":"DOGE/USDT:USDT","stake_amount":304.09005,"max_stake_amount":304.09005,"amount":6290.0,"open_date":"2026-02-13 23:30:00+00:00","close_date":"2026-02-14 11:15:00+00:00","open_rate":0.09669,"close_rate":0.099,"fee_open":0.0005,"fee_close":0.0005,"trade_duration":705,"profit_ratio":0.045413791437587406,"profit_abs":13.81678705,"exit_reason":"trailing_stop_loss","initial_stop_loss_abs":0.09428,"initial_stop_loss_ratio":-0.05,"stop_loss_abs":0.099,"stop_loss_ratio":-0.025,"min_rate":0.09624,"max_rate":0.10025,"is_open":false,"enter_tag":"","leverage":2,"is_short":false,"open_timestamp":1771025400000,"close_timestamp":1771067700000,"orders":[{"amount":6290.0,"safe_price":0.09669,"ft_order_side":"buy","order_filled_timestamp":1771025400000,"ft_is_entry":true,"ft_order_tag":"","cost":608.48419005},{"amount":6290.0,"safe_price":0.099,"ft_order_side":"sell","order_filled_timestamp":1771067700000,"ft_is_entry":false,"ft_order_tag":"trailing_stop_loss","cost":623.021355}],"funding_fees":-0.09766789694707677,"weekday":5},{"pair":"ETH/USDT:USDT","stake_amount":305.91748,"max_stake_amount":305.91748,"amount":0.296,"open_date":"2026-02-14 08:30:00+00:00","close_date":"2026-02-14 12:30:00+00:00","open_rate":2067.01,"close_rate":2081.205625,"fee_open":0.0005,"fee_close":0.0005,"trade_duration":240,"profit_ratio":0.011722690713845449,"profit_abs":3.58796909,"exit_reason":"trailing_stop_loss","initial_stop_loss_abs":2015.3347500000002,"initial_stop_loss_ratio":-0.05,"stop_loss_abs":2081.205625,"stop_loss_ratio":-0.025,"min_rate":2067.01,"max_rate":2107.55,"is_open":false,"enter_tag":"","leverage":2,"is_short":false,"open_timestamp":1771057800000,"close_timestamp":1771072200000,"orders":[{"amount":0.296,"safe_price":2067.01,"ft_order_side":"buy","order_filled_timestamp":1771057800000,"ft_is_entry":true,"ft_order_tag":"","cost":612.14087748},{"amount":0.296,"safe_price":2081.205625,"ft_order_side":"sell","order_filled_timestamp":1771072200000,"ft_is_entry":false,"ft_order_tag":"trailing_stop_loss","cost":616.3448834325}],"funding_fees":0.0,"weekday":5},{"pair":"BTC/USDT:USDT","stake_amount":303.82484,"max_stake_amount":303.82484,"amount":0.0088,"open_date":"2026-02-14 01:00:00+00:00","close_date":"2026-02-14 12:45:00+00:00","open_rate":69051.1,"close_rate":69681.7525,"fee_open":0.0005,"fee_close":0.0005,"trade_duration":705,"profit_ratio":0.016262317301060664,"profit_abs":4.9433664,"exit_reason":"trailing_stop_loss","initial_stop_loss_abs":67324.82250000001,"initial_stop_loss_ratio":-0.05,"stop_loss_abs":69681.7525,"stop_loss_ratio":-0.025,"min_rate":68690.1,"max_rate":70563.8,"is_open":false,"enter_tag":"","leverage":2,"is_short":false,"open_timestamp":1771030800000,"close_timestamp":1771073100000,"orders":[{"amount":0.0088,"safe_price":69051.1,"ft_order_side":"buy","order_filled_timestamp":1771030800000,"ft_is_entry":true,"ft_order_tag":"","cost":607.95350484},{"amount":0.0088,"safe_price":69681.7525,"ft_order_side":"sell","order_filled_timestamp":1771073100000,"ft_is_entry":false,"ft_order_tag":"trailing_stop_loss","cost":613.506021711}],"funding_fees":0.004048953970063395,"weekday":5},{"pair":"DOGE/USDT:USDT","stake_amount":313.46215,"max_stake_amount":313.46215,"amount":6290.0,"open_date":"2026-02-14 13:45:00+00:00","close_date":"2026-02-14 14:45:00+00:00","open_rate":0.09967,"close_rate":0.10215,"fee_open":0.0005,"fee_close":0.0005,"trade_duration":60,"profit_ratio":0.04771548208037047,"profit_abs":14.9644761,"exit_reason":"trailing_stop_loss","initial_stop_loss_abs":0.09718,"initial_stop_loss_ratio":-0.05,"stop_loss_abs":0.10215,"stop_loss_ratio":-0.025,"min_rate":0.09963,"max_rate":0.10344,"is_open":false,"enter_tag":"","leverage":2,"is_short":false,"open_timestamp":1771076700000,"close_timestamp":1771080300000,"orders":[{"amount":6290.0,"safe_price":0.09967,"ft_order_side":"buy","order_filled_timestamp":1771076700000,"ft_is_entry":true,"ft_order_tag":"","cost":627.23776215},{"amount":6290.0,"safe_price":0.10215,"ft_order_side":"sell","order_filled_timestamp":1771080300000,"ft_is_entry":false,"ft_order_tag":"trailing_stop_loss","cost":642.84476175}],"funding_fees":0.0,"weekday":5},{"pair":"DOGE/USDT:USDT","stake_amount":318.27,"max_stake_amount":318.27,"amount":6180.0,"open_date":"2026-02-14 16:30:00+00:00","close_date":"2026-02-14 16:45:00+00:00","open_rate":0.103,"close_rate":0.10413,"fee_open":0.0005,"fee_close":0.0005,"trade_duration":15,"profit_ratio":0.019920816290883686,"profit_abs":6.3433683,"exit_reason":"trailing_stop_loss","initial_stop_loss_abs":0.10043,"initial_stop_loss_ratio":-0.05,"stop_loss_abs":0.10413,"stop_loss_ratio":-0.025,"min_rate":0.10241,"max_rate":0.10544,"is_open":false,"enter_tag":"","leverage":2,"is_short":false,"open_timestamp":1771086600000,"close_timestamp":1771087500000,"orders":[{"amount":6180.0,"safe_price":0.103,"ft_order_side":"buy","order_filled_timestamp":1771086600000,"ft_is_entry":true,"ft_order_tag":"","cost":636.85827},{"amount":6180.0,"safe_price":0.10413,"ft_order_side":"sell","order_filled_timestamp":1771087500000,"ft_is_entry":false,"ft_order_tag":"trailing_stop_loss","cost":643.8451617}],"funding_fees":0.0,"weekday":5},{"pair":"DOGE/USDT:USDT","stake_amount":320.3607,"max_stake_amount":320.3607,"amount":5790.0,"open_date":"2026-02-14 23:30:00+00:00","close_date":"2026-02-15 01:00:00+00:00","open_rate":0.11066,"close_rate":0.11184,"fee_open":0.0005,"fee_close":0.0005,"trade_duration":90,"profit_ratio":0.019105845595185415,"profit_abs":6.12382245,"exit_reason":"trailing_stop_loss","initial_stop_loss_abs":0.1079,"initial_stop_loss_ratio":-0.05,"stop_loss_abs":0.11184,"stop_loss_ratio":-0.025,"min_rate":0.11042,"max_rate":0.11325,"is_open":false,"enter_tag":"","leverage":2,"is_short":false,"open_timestamp":1771111800000,"close_timestamp":1771117200000,"orders":[{"amount":5790.0,"safe_price":0.11066,"ft_order_side":"buy","order_filled_timestamp":1771111800000,"ft_is_entry":true,"ft_order_tag":"","cost":641.0417606999999},{"amount":5790.0,"safe_price":0.11184,"ft_order_side":"sell","order_filled_timestamp":1771117200000,"ft_is_entry":false,"ft_order_tag":"trailing_stop_loss","cost":647.8773768}],"funding_fees":-0.06424004999999999,"weekday":6},{"pair":"DOGE/USDT:USDT","stake_amount":322.7161,"max_stake_amount":322.7161,"amount":5770.0,"open_date":"2026-02-15 01:30:00+00:00","close_date":"2026-02-15 02:00:00+00:00","open_rate":0.11186,"close_rate":0.11314,"fee_open":0.0005,"fee_close":0.0005,"trade_duration":30,"profit_ratio":0.020863875232060354,"profit_abs":6.736475,"exit_reason":"trailing_stop_loss","initial_stop_loss_abs":0.10907,"initial_stop_loss_ratio":-0.05,"stop_loss_abs":0.11314,"stop_loss_ratio":-0.025,"min_rate":0.11166,"max_rate":0.11457,"is_open":false,"enter_tag":"","leverage":2,"is_short":false,"open_timestamp":1771119000000,"close_timestamp":1771120800000,"orders":[{"amount":5770.0,"safe_price":0.11186,"ft_order_side":"buy","order_filled_timestamp":1771119000000,"ft_is_entry":true,"ft_order_tag":"","cost":645.7549161},{"amount":5770.0,"safe_price":0.11314,"ft_order_side":"sell","order_filled_timestamp":1771120800000,"ft_is_entry":false,"ft_order_tag":"trailing_stop_loss","cost":653.1442089}],"funding_fees":0.0,"weekday":6},{"pair":"DOGE/USDT:USDT","stake_amount":324.76,"max_stake_amount":324.76,"amount":5750.0,"open_date":"2026-02-15 02:15:00+00:00","close_date":"2026-02-15 03:00:00+00:00","open_rate":0.11296,"close_rate":0.11402,"fee_open":0.0005,"fee_close":0.0005,"trade_duration":45,"profit_ratio":0.01674994655646681,"profit_abs":5.4424325,"exit_reason":"trailing_stop_loss","initial_stop_loss_abs":0.11014,"initial_stop_loss_ratio":-0.05,"stop_loss_abs":0.11402,"stop_loss_ratio":-0.025,"min_rate":0.11186,"max_rate":0.11546,"is_open":false,"enter_tag":"","leverage":2,"is_short":false,"open_timestamp":1771121700000,"close_timestamp":1771124400000,"orders":[{"amount":5750.0,"safe_price":0.11296,"ft_order_side":"buy","order_filled_timestamp":1771121700000,"ft_is_entry":true,"ft_order_tag":"","cost":649.84476},{"amount":5750.0,"safe_price":0.11402,"ft_order_side":"sell","order_filled_timestamp":1771124400000,"ft_is_entry":false,"ft_order_tag":"trailing_stop_loss","cost":655.9428075}],"funding_fees":0.0,"weekday":6},{"pair":"DOGE/USDT:USDT","stake_amount":326.4954,"max_stake_amount":326.4954,"amount":5730.0,"open_date":"2026-02-15 03:15:00+00:00","close_date":"2026-02-15 04:00:00+00:00","open_rate":0.11396,"close_rate":0.11608,"fee_open":0.0005,"fee_close":0.0005,"trade_duration":45,"profit_ratio":0.03516984926280278,"profit_abs":11.4885354,"exit_reason":"trailing_stop_loss","initial_stop_loss_abs":0.11112,"initial_stop_loss_ratio":-0.05,"stop_loss_abs":0.11608,"stop_loss_ratio":-0.025,"min_rate":0.11262,"max_rate":0.11754,"is_open":false,"enter_tag":"","leverage":2,"is_short":false,"open_timestamp":1771125300000,"close_timestamp":1771128000000,"orders":[{"amount":5730.0,"safe_price":0.11396,"ft_order_side":"buy","order_filled_timestamp":1771125300000,"ft_is_entry":true,"ft_order_tag":"","cost":653.3172954},{"amount":5730.0,"safe_price":0.11608,"ft_order_side":"sell","order_filled_timestamp":1771128000000,"ft_is_entry":false,"ft_order_tag":"trailing_stop_loss","cost":665.4709692}],"funding_fees":0.0,"weekday":6},{"pair":"DOGE/USDT:USDT","stake_amount":330.1594,"max_stake_amount":330.1594,"amount":5770.0,"open_date":"2026-02-15 04:30:00+00:00","close_date":"2026-02-15 06:00:00+00:00","open_rate":0.11444,"close_rate":0.11535,"fee_open":0.0005,"fee_close":0.0005,"trade_duration":90,"profit_ratio":0.013888634151990764,"profit_abs":4.58775585,"exit_reason":"trailing_stop_loss","initial_stop_loss_abs":0.11158,"initial_stop_loss_ratio":-0.05,"stop_loss_abs":0.11535,"stop_loss_ratio":-0.025,"min_rate":0.11429,"max_rate":0.1168,"is_open":false,"enter_tag":"","leverage":2,"is_short":false,"open_timestamp":1771129800000,"close_timestamp":1771135200000,"orders":[{"amount":5770.0,"safe_price":0.11444,"ft_order_side":"buy","order_filled_timestamp":1771129800000,"ft_is_entry":true,"ft_order_tag":"","cost":660.6489594},{"amount":5770.0,"safe_price":0.11535,"ft_order_side":"sell","order_filled_timestamp":1771135200000,"ft_is_entry":false,"ft_order_tag":"trailing_stop_loss","cost":665.9022847499999}],"funding_fees":0.0,"weekday":6},{"pair":"DOGE/USDT:USDT","stake_amount":331.5408,"max_stake_amount":331.5408,"amount":5780.0,"open_date":"2026-02-15 06:15:00+00:00","close_date":"2026-02-15 12:00:00+00:00","open_rate":0.11472,"close_rate":0.11186,"fee_open":0.0005,"fee_close":0.0005,"trade_duration":345,"profit_ratio":-0.05187781004533277,"profit_abs":-17.20821045,"exit_reason":"stop_loss","initial_stop_loss_abs":0.11186,"initial_stop_loss_ratio":-0.05,"stop_loss_abs":0.11186,"stop_loss_ratio":-0.05,"min_rate":0.11158,"max_rate":0.11663,"is_open":false,"enter_tag":"","leverage":2,"is_short":false,"open_timestamp":1771136100000,"close_timestamp":1771156800000,"orders":[{"amount":5780.0,"safe_price":0.11472,"ft_order_side":"buy","order_filled_timestamp":1771136100000,"ft_is_entry":true,"ft_order_tag":"","cost":663.4131408},{"amount":5780.0,"safe_price":0.11186,"ft_order_side":"sell","order_filled_timestamp":1771156800000,"ft_is_entry":false,"ft_order_tag":"stop_loss","cost":646.8740753999999}],"funding_fees":-0.022594249843447874,"weekday":6},{"pair":"BTC/USDT:USDT","stake_amount":313.26345,"max_stake_amount":313.26345,"amount":0.009,"open_date":"2026-02-14 13:00:00+00:00","close_date":"2026-02-15 12:15:00+00:00","open_rate":69614.1,"close_rate":70042.3875,"fee_open":0.0005,"fee_close":0.0005,"trade_duration":1395,"profit_ratio":0.010023556476373069,"profit_abs":3.14158389,"exit_reason":"trailing_stop_loss","initial_stop_loss_abs":67873.7475,"initial_stop_loss_ratio":-0.05,"stop_loss_abs":70042.3875,"stop_loss_ratio":-0.025,"min_rate":69194.0,"max_rate":70929.0,"is_open":false,"enter_tag":"","leverage":2,"is_short":false,"open_timestamp":1771074000000,"close_timestamp":1771157700000,"orders":[{"amount":0.009,"safe_price":69614.1,"ft_order_side":"buy","order_filled_timestamp":1771074000000,"ft_is_entry":true,"ft_order_tag":"","cost":626.84016345},{"amount":0.009,"safe_price":70042.3875,"ft_order_side":"sell","order_filled_timestamp":1771157700000,"ft_is_entry":false,"ft_order_tag":"trailing_stop_loss","cost":630.69667824375}],"funding_fees":-0.08454941701375163,"weekday":6},{"pair":"ETH/USDT:USDT","stake_amount":313.72515,"max_stake_amount":313.72515,"amount":0.302,"open_date":"2026-02-14 12:45:00+00:00","close_date":"2026-02-15 12:45:00+00:00","open_rate":2077.65,"close_rate":2025.70875,"fee_open":0.0005,"fee_close":0.0005,"trade_duration":1440,"profit_ratio":-0.052448330106416585,"profit_abs":-16.46258741,"exit_reason":"stop_loss","initial_stop_loss_abs":2025.70875,"initial_stop_loss_ratio":-0.05,"stop_loss_abs":2025.70875,"stop_loss_ratio":-0.05,"min_rate":2009.13,"max_rate":2102.8,"is_open":false,"enter_tag":"","leverage":2,"is_short":false,"open_timestamp":1771073100000,"close_timestamp":1771159500000,"orders":[{"amount":0.302,"safe_price":2077.65,"ft_order_side":"buy","order_filled_timestamp":1771073100000,"ft_is_entry":true,"ft_order_tag":"","cost":627.76402515},{"amount":0.302,"safe_price":2025.70875,"ft_order_side":"sell","order_filled_timestamp":1771159500000,"ft_is_entry":false,"ft_order_tag":"stop_loss","cost":612.06992452125}],"funding_fees":-0.15672273679199766,"weekday":6},{"pair":"DOGE/USDT:USDT","stake_amount":321.99755,"max_stake_amount":321.99755,"amount":6230.0,"open_date":"2026-02-16 05:00:00+00:00","close_date":"2026-02-16 11:15:00+00:00","open_rate":0.10337,"close_rate":0.10079,"fee_open":0.0005,"fee_close":0.0005,"trade_duration":375,"profit_ratio":-0.051968112079163936,"profit_abs":-16.74197157,"exit_reason":"stop_loss","initial_stop_loss_abs":0.10079,"initial_stop_loss_ratio":-0.05,"stop_loss_abs":0.10079,"stop_loss_ratio":-0.05,"min_rate":0.10057,"max_rate":0.10355,"is_open":false,"enter_tag":"","leverage":2,"is_short":false,"open_timestamp":1771218000000,"close_timestamp":1771240500000,"orders":[{"amount":6230.0,"safe_price":0.10337,"ft_order_side":"buy","order_filled_timestamp":1771218000000,"ft_is_entry":true,"ft_order_tag":"","cost":644.31709755},{"amount":6230.0,"safe_price":0.10079,"ft_order_side":"sell","order_filled_timestamp":1771240500000,"ft_is_entry":false,"ft_order_tag":"stop_loss","cost":628.2356608499999}],"funding_fees":-0.03261316889150011,"weekday":0}],"locks":[],"best_pair":{"key":"DOGE/USDT:USDT","trades":18,"profit_mean":0.0045785643516292225,"profit_mean_pct":0.46,"profit_total_abs":23.57504605,"profit_total":0.02357504605,"profit_total_pct":2.36,"duration_avg":"6:02:00","wins":13,"draws":0,"losses":5,"winrate":0.7222222222222222,"cagr":0.35493163286059404,"expectancy":1.3097247805555545,"expectancy_ratio":0.07834680545253714,"sortino":36.40524100097268,"sharpe":1.3988609268584347,"calmar":44.86205432481926,"sqn":0.4696,"profit_factor":1.2820484996291337,"max_drawdown_account":0.03585599624325048,"max_drawdown_abs":36.091043400000004},"worst_pair":{"key":"ETH/USDT:USDT","trades":9,"profit_mean":-0.013745915502466196,"profit_mean_pct":-1.37,"profit_total_abs":-39.89000405,"profit_total":-0.039890004050000004,"profit_total_pct":-3.99,"duration_avg":"10:05:00","wins":5,"draws":0,"losses":4,"winrate":0.5555555555555556,"cagr":-0.41177768870283216,"expectancy":-4.432222672222221,"expectancy_ratio":-0.2701234961652783,"sortino":-65.7083139515168,"sharpe":-2.533368295823585,"calmar":-61.757022248388424,"sqn":-1.1668,"profit_factor":0.39222213362812375,"max_drawdown_account":0.04407234245029756,"max_drawdown_abs":44.26516609},"results_per_pair":[{"key":"DOGE/USDT:USDT","trades":18,"profit_mean":0.0045785643516292225,"profit_mean_pct":0.46,"profit_total_abs":23.57504605,"profit_total":0.02357504605,"profit_total_pct":2.36,"duration_avg":"6:02:00","wins":13,"draws":0,"losses":5,"winrate":0.7222222222222222,"cagr":0.35493163286059404,"expectancy":1.3097247805555545,"expectancy_ratio":0.07834680545253714,"sortino":36.40524100097268,"sharpe":1.3988609268584347,"calmar":44.86205432481926,"sqn":0.4696,"profit_factor":1.2820484996291337,"max_drawdown_account":0.03585599624325048,"max_drawdown_abs":36.091043400000004},{"key":"BTC/USDT:USDT","trades":5,"profit_mean":-0.007347875003471502,"profit_mean_pct":-0.73,"profit_total_abs":-12.16020183,"profit_total":-0.01216020183,"profit_total_pct":-1.22,"duration_avg":"11:09:00","wins":3,"draws":0,"losses":2,"winrate":0.6,"cagr":-0.14742031397316957,"expectancy":-2.4320403660000007,"expectancy_ratio":-0.15107915939317162,"sortino":-53.95638454647108,"sharpe":-0.7189844636958497,"calmar":-25.771100780705545,"sqn":-0.4215,"profit_factor":0.6223021015170713,"max_drawdown_account":0.03219557714999996,"max_drawdown_abs":32.19557715},{"key":"SOL/USDT:USDT","trades":2,"profit_mean":-0.018698942586797995,"profit_mean_pct":-1.87,"profit_total_abs":-12.406297210000002,"profit_total":-0.012406297210000002,"profit_total_pct":-1.24,"duration_avg":"1 day, 4:38:00","wins":1,"draws":0,"losses":1,"winrate":0.5,"cagr":-0.15018493604492444,"expectancy":-6.203148605000001,"expectancy_ratio":-0.36408203815987483,"sortino":-100,"sharpe":-0.7812977223227345,"calmar":-49.684125516980686,"sqn":-0.5725,"profit_factor":0.2718359236802504,"max_drawdown_account":0.017037777079999955,"max_drawdown_abs":17.03777708},{"key":"ETH/USDT:USDT","trades":9,"profit_mean":-0.013745915502466196,"profit_mean_pct":-1.37,"profit_total_abs":-39.89000405,"profit_total":-0.039890004050000004,"profit_total_pct":-3.99,"duration_avg":"10:05:00","wins":5,"draws":0,"losses":4,"winrate":0.5555555555555556,"cagr":-0.41177768870283216,"expectancy":-4.432222672222221,"expectancy_ratio":-0.2701234961652783,"sortino":-65.7083139515168,"sharpe":-2.533368295823585,"calmar":-61.757022248388424,"sqn":-1.1668,"profit_factor":0.39222213362812375,"max_drawdown_account":0.04407234245029756,"max_drawdown_abs":44.26516609},{"key":"TOTAL","trades":34,"profit_mean":-0.0033951865112889184,"profit_mean_pct":-0.34,"profit_total_abs":-40.88145704,"profit_total":-0.04088145704,"profit_total_pct":-4.09,"duration_avg":"9:11:00","wins":22,"draws":0,"losses":12,"winrate":0.6470588235294118,"cagr":-0.4196468870037955,"expectancy":-1.2023957952941187,"expectancy_ratio":-0.072706872918188,"sortino":-60.21881064345821,"sharpe":-2.4021415546396088,"calmar":-24.634281096915554,"sqn":-0.5948,"profit_factor":0.7939971933984671,"max_drawdown_account":0.11323348505000001,"max_drawdown_abs":113.23348505}],"results_per_enter_tag":[{"key":"","trades":34,"profit_mean":-0.0033951865112889184,"profit_mean_pct":-0.34,"profit_total_abs":-40.88145704,"profit_total":-0.04088145704,"profit_total_pct":-4.09,"duration_avg":"9:11:00","wins":22,"draws":0,"losses":12,"winrate":0.6470588235294118,"cagr":-0.4196468870037955,"expectancy":-1.2023957952941187,"expectancy_ratio":-0.072706872918188,"sortino":-60.21881064345821,"sharpe":-2.4021415546396088,"calmar":-24.634281096915554,"sqn":-0.5948,"profit_factor":0.7939971933984671,"max_drawdown_account":0.11323348505000001,"max_drawdown_abs":113.23348505},{"key":"TOTAL","trades":34,"profit_mean":-0.0033951865112889184,"profit_mean_pct":-0.34,"profit_total_abs":-40.88145704,"profit_total":-0.04088145704,"profit_total_pct":-4.09,"duration_avg":"9:11:00","wins":22,"draws":0,"losses":12,"winrate":0.6470588235294118,"cagr":-0.4196468870037955,"expectancy":-1.2023957952941187,"expectancy_ratio":-0.072706872918188,"sortino":-60.21881064345821,"sharpe":-2.4021415546396088,"calmar":-24.634281096915554,"sqn":-0.5948,"profit_factor":0.7939971933984671,"max_drawdown_account":0.11323348505000001,"max_drawdown_abs":113.23348505}],"exit_reason_summary":[{"key":"trailing_stop_loss","trades":22,"profit_mean":0.023118356995426127,"profit_mean_pct":2.31,"profit_total_abs":157.56951416,"profit_total":0.15756951416,"profit_total_pct":15.76,"duration_avg":"8:59:00","wins":22,"draws":0,"losses":0,"winrate":1.0,"cagr":5.735682180508215,"expectancy":7.162250643636364,"expectancy_ratio":100.0,"sortino":-100,"sharpe":33.93437755372753,"calmar":-100,"sqn":10.3595,"profit_factor":0.0,"max_drawdown_account":0.0,"max_drawdown_abs":0.0},{"key":"stop_loss","trades":12,"profit_mean":-0.052003349606933175,"profit_mean_pct":-5.2,"profit_total_abs":-198.4509712,"profit_total":-0.1984509712,"profit_total_pct":-19.85,"duration_avg":"9:34:00","wins":0,"draws":0,"losses":12,"winrate":0.0,"cagr":-0.9440680280795737,"expectancy":-16.537580933333334,"expectancy_ratio":-1.0,"sortino":-292.32034085796806,"sharpe":-292.32034085796806,"calmar":-68.23204705193855,"sqn":-118.4093,"profit_factor":0.0,"max_drawdown_account":0.19845097120000002,"max_drawdown_abs":198.45097120000003},{"key":"TOTAL","trades":34,"profit_mean":-0.0033951865112889184,"profit_mean_pct":-0.34,"profit_total_abs":-40.88145704,"profit_total":-0.04088145704,"profit_total_pct":-4.09,"duration_avg":"9:11:00","wins":22,"draws":0,"losses":12,"winrate":0.6470588235294118,"cagr":-0.4196468870037955,"expectancy":-1.2023957952941187,"expectancy_ratio":-0.072706872918188,"sortino":-60.21881064345821,"sharpe":-2.4021415546396088,"calmar":-24.634281096915554,"sqn":-0.5948,"profit_factor":0.7939971933984671,"max_drawdown_account":0.11323348505000001,"max_drawdown_abs":113.23348505}],"mix_tag_stats":[{"key":["","trailing_stop_loss"],"trades":22,"profit_mean":0.023118356995426127,"profit_mean_pct":2.31,"profit_total_abs":157.56951416,"profit_total":0.15756951416,"profit_total_pct":15.76,"duration_avg":"8:59:00","wins":22,"draws":0,"losses":0,"winrate":1.0,"cagr":5.735682180508215,"expectancy":7.162250643636364,"expectancy_ratio":100.0,"sortino":-100,"sharpe":33.93437755372753,"calmar":-100,"sqn":10.3595,"profit_factor":0.0,"max_drawdown_account":0.0,"max_drawdown_abs":0.0},{"key":["","stop_loss"],"trades":12,"profit_mean":-0.052003349606933175,"profit_mean_pct":-5.2,"profit_total_abs":-198.4509712,"profit_total":-0.1984509712,"profit_total_pct":-19.85,"duration_avg":"9:34:00","wins":0,"draws":0,"losses":12,"winrate":0.0,"cagr":-0.9440680280795737,"expectancy":-16.537580933333334,"expectancy_ratio":-1.0,"sortino":-292.32034085796806,"sharpe":-292.32034085796806,"calmar":-68.23204705193855,"sqn":-118.4093,"profit_factor":0.0,"max_drawdown_account":0.19845097120000002,"max_drawdown_abs":198.45097120000003},{"key":"TOTAL","trades":34,"profit_mean":-0.0033951865112889184,"profit_mean_pct":-0.34,"profit_total_abs":-40.88145704,"profit_total":-0.04088145704,"profit_total_pct":-4.09,"duration_avg":"9:11:00","wins":22,"draws":0,"losses":12,"winrate":0.6470588235294118,"cagr":-0.4196468870037955,"expectancy":-1.2023957952941187,"expectancy_ratio":-0.072706872918188,"sortino":-60.21881064345821,"sharpe":-2.4021415546396088,"calmar":-24.634281096915554,"sqn":-0.5948,"profit_factor":0.7939971933984671,"max_drawdown_account":0.11323348505000001,"max_drawdown_abs":113.23348505}],"left_open_trades":[{"key":"TOTAL","trades":0,"profit_mean":0.0,"profit_mean_pct":0.0,"profit_total_abs":0.0,"profit_total":0.0,"profit_total_pct":0.0,"duration_avg":"0:00","wins":0,"draws":0,"losses":0,"winrate":0.0,"cagr":0.0,"expectancy":0.0,"expectancy_ratio":100.0,"sortino":0,"sharpe":0,"calmar":0,"sqn":0.0,"profit_factor":0.0,"max_drawdown_account":0.0,"max_drawdown_abs":0.0}],"total_trades":34,"trade_count_long":34,"trade_count_short":0,"total_volume":42661.830010877995,"avg_stake_amount":313.6703979411765,"profit_mean":-0.0033951865112889184,"profit_median":0.015272168406872047,"profit_total":-0.04088145704,"profit_total_long":-0.04088145704,"profit_total_short":0.0,"profit_total_abs":-40.88145704,"profit_total_long_abs":-40.88145704,"profit_total_short_abs":0.0,"cagr":-0.4196468870037955,"expectancy":-1.2023957952941187,"expectancy_ratio":-0.072706872918188,"sortino":-60.21881064345821,"sharpe":-2.4021415546396088,"calmar":-24.634281096915554,"sqn":-0.5948,"profit_factor":0.7939971933984671,"backtest_start":"2026-01-22 02:00:00","backtest_start_ts":1769047200000,"backtest_end":"2026-02-20 00:00:00","backtest_end_ts":1771545600000,"backtest_days":28,"backtest_run_start_ts":1771553130,"backtest_run_end_ts":1771553131,"trades_per_day":1.21,"market_change":-0.3004948512428234,"pairlist":["BTC/USDT:USDT","ETH/USDT:USDT","SOL/USDT:USDT","DOGE/USDT:USDT"],"stake_amount":"unlimited","stake_currency":"USDT","stake_currency_decimals":3,"starting_balance":1000,"dry_run_wallet":1000,"final_balance":959.11854296,"rejected_signals":0,"timedout_entry_orders":0,"timedout_exit_orders":0,"canceled_trade_entries":0,"canceled_entry_orders":0,"replaced_entry_orders":0,"max_open_trades":3,"max_open_trades_setting":3,"timeframe":"15m","timeframe_detail":"","timerange":"20260120-20260220","enable_protections":false,"strategy_name":"SupertrendFuturesStrategyV2","freqaimodel":null,"freqai_identifier":null,"stoploss":-0.05,"trailing_stop":true,"trailing_stop_positive":0.025,"trailing_stop_positive_offset":0.035,"trailing_only_offset_is_reached":true,"use_custom_stoploss":false,"minimal_roi":{"0":0.08},"use_exit_signal":true,"exit_profit_only":false,"exit_profit_offset":0.0,"ignore_roi_if_entry_signal":false,"trading_mode":"futures","margin_mode":"isolated","periodic_breakdown":{"day":[{"date":"23/01/2026","date_ts":1769126400000,"profit_abs":-17.03777708,"wins":0,"draws":0,"losses":1,"trades":1,"profit_factor":0.0},{"date":"24/01/2026","date_ts":1769212800000,"profit_abs":0.0,"wins":0,"draws":0,"losses":0,"trades":0,"profit_factor":0.0},{"date":"25/01/2026","date_ts":1769299200000,"profit_abs":0.0,"wins":0,"draws":0,"losses":0,"trades":0,"profit_factor":0.0},{"date":"26/01/2026","date_ts":1769385600000,"profit_abs":0.0,"wins":0,"draws":0,"losses":0,"trades":0,"profit_factor":0.0},{"date":"27/01/2026","date_ts":1769472000000,"profit_abs":0.0,"wins":0,"draws":0,"losses":0,"trades":0,"profit_factor":0.0},{"date":"28/01/2026","date_ts":1769558400000,"profit_abs":15.56195152,"wins":3,"draws":0,"losses":0,"trades":3,"profit_factor":0.0},{"date":"29/01/2026","date_ts":1769644800000,"profit_abs":-34.18709912,"wins":0,"draws":0,"losses":2,"trades":2,"profit_factor":0.0},{"date":"30/01/2026","date_ts":1769731200000,"profit_abs":0.0,"wins":0,"draws":0,"losses":0,"trades":0,"profit_factor":0.0},{"date":"31/01/2026","date_ts":1769817600000,"profit_abs":0.0,"wins":0,"draws":0,"losses":0,"trades":0,"profit_factor":0.0},{"date":"01/02/2026","date_ts":1769904000000,"profit_abs":0.0,"wins":0,"draws":0,"losses":0,"trades":0,"profit_factor":0.0},{"date":"02/02/2026","date_ts":1769990400000,"profit_abs":0.0,"wins":0,"draws":0,"losses":0,"trades":0,"profit_factor":0.0},{"date":"03/02/2026","date_ts":1770076800000,"profit_abs":0.0,"wins":0,"draws":0,"losses":0,"trades":0,"profit_factor":0.0},{"date":"04/02/2026","date_ts":1770163200000,"profit_abs":0.0,"wins":0,"draws":0,"losses":0,"trades":0,"profit_factor":0.0},{"date":"05/02/2026","date_ts":1770249600000,"profit_abs":0.0,"wins":0,"draws":0,"losses":0,"trades":0,"profit_factor":0.0},{"date":"06/02/2026","date_ts":1770336000000,"profit_abs":0.0,"wins":0,"draws":0,"losses":0,"trades":0,"profit_factor":0.0},{"date":"07/02/2026","date_ts":1770422400000,"profit_abs":0.0,"wins":0,"draws":0,"losses":0,"trades":0,"profit_factor":0.0},{"date":"08/02/2026","date_ts":1770508800000,"profit_abs":0.0,"wins":0,"draws":0,"losses":0,"trades":0,"profit_factor":0.0},{"date":"09/02/2026","date_ts":1770595200000,"profit_abs":0.0,"wins":0,"draws":0,"losses":0,"trades":0,"profit_factor":0.0},{"date":"10/02/2026","date_ts":1770681600000,"profit_abs":0.0,"wins":0,"draws":0,"losses":0,"trades":0,"profit_factor":0.0},{"date":"11/02/2026","date_ts":1770768000000,"profit_abs":-35.17744577,"wins":2,"draws":0,"losses":3,"trades":5,"profit_factor":0.28119445},{"date":"12/02/2026","date_ts":1770854400000,"profit_abs":-42.3931146,"wins":1,"draws":0,"losses":3,"trades":4,"profit_factor":0.11449626},{"date":"13/02/2026","date_ts":1770940800000,"profit_abs":36.09129541,"wins":4,"draws":0,"losses":0,"trades":4,"profit_factor":0.0},{"date":"14/02/2026","date_ts":1771027200000,"profit_abs":49.15289694,"wins":6,"draws":0,"losses":0,"trades":6,"profit_factor":0.0},{"date":"15/02/2026","date_ts":1771113600000,"profit_abs":3.84980723,"wins":6,"draws":0,"losses":2,"trades":8,"profit_factor":1.11433668},{"date":"16/02/2026","date_ts":1771200000000,"profit_abs":-16.74197157,"wins":0,"draws":0,"losses":1,"trades":1,"profit_factor":0.0}],"week":[{"date":"26/01/2026","date_ts":1769385600000,"profit_abs":-17.03777708,"wins":0,"draws":0,"losses":1,"trades":1,"profit_factor":0.0},{"date":"02/02/2026","date_ts":1769990400000,"profit_abs":-18.6251476,"wins":3,"draws":0,"losses":2,"trades":5,"profit_factor":0.45519953},{"date":"09/02/2026","date_ts":1770595200000,"profit_abs":0.0,"wins":0,"draws":0,"losses":0,"trades":0,"profit_factor":0.0},{"date":"16/02/2026","date_ts":1771200000000,"profit_abs":-5.21853236,"wins":19,"draws":0,"losses":9,"trades":28,"profit_factor":0.9645543}],"month":[{"date":"31/01/2026","date_ts":1769817600000,"profit_abs":-35.66292468,"wins":3,"draws":0,"losses":3,"trades":6,"profit_factor":0.30379676},{"date":"28/02/2026","date_ts":1772236800000,"profit_abs":-5.21853236,"wins":19,"draws":0,"losses":9,"trades":28,"profit_factor":0.9645543}],"year":[{"date":"31/12/2026","date_ts":1798675200000,"profit_abs":-40.88145704,"wins":22,"draws":0,"losses":12,"trades":34,"profit_factor":0.79399719}],"weekday":[{"date":"Monday","date_ts":0,"profit_abs":-16.74197157,"wins":0,"draws":0,"losses":1,"trades":1,"profit_factor":0.0},{"date":"Wednesday","date_ts":2,"profit_abs":-19.61549425,"wins":5,"draws":0,"losses":3,"trades":8,"profit_factor":0.59918278},{"date":"Thursday","date_ts":3,"profit_abs":-76.58021372,"wins":1,"draws":0,"losses":5,"trades":6,"profit_factor":0.06679683},{"date":"Friday","date_ts":4,"profit_abs":19.05351833,"wins":4,"draws":0,"losses":1,"trades":5,"profit_factor":2.11831011},{"date":"Saturday","date_ts":5,"profit_abs":49.15289694,"wins":6,"draws":0,"losses":0,"trades":6,"profit_factor":0.0},{"date":"Sunday","date_ts":6,"profit_abs":3.84980723,"wins":6,"draws":0,"losses":2,"trades":8,"profit_factor":1.11433668}]},"backtest_best_day":0.15925122329447655,"backtest_worst_day":-0.13803808918430593,"backtest_best_day_abs":49.15289694,"backtest_worst_day_abs":-42.3931146,"winning_days":4,"draw_days":16,"losing_days":5,"daily_profit":[["2026-01-23",-17.03777708],["2026-01-24",0.0],["2026-01-25",0.0],["2026-01-26",0.0],["2026-01-27",0.0],["2026-01-28",15.56195152],["2026-01-29",-34.18709912],["2026-01-30",0.0],["2026-01-31",0.0],["2026-02-01",0.0],["2026-02-02",0.0],["2026-02-03",0.0],["2026-02-04",0.0],["2026-02-05",0.0],["2026-02-06",0.0],["2026-02-07",0.0],["2026-02-08",0.0],["2026-02-09",0.0],["2026-02-10",0.0],["2026-02-11",-35.17744577],["2026-02-12",-42.3931146],["2026-02-13",36.09129541],["2026-02-14",49.15289694],["2026-02-15",3.84980723],["2026-02-16",-16.74197157]],"wins":22,"losses":12,"draws":0,"winrate":0.6470588235294118,"holding_avg":"9:11:00","holding_avg_s":33060.0,"winner_holding_min":"0d 00:15","winner_holding_min_s":900.0,"winner_holding_max":"0d 23:15","winner_holding_max_s":83700.0,"winner_holding_avg":"0d 08:59","winner_holding_avg_s":32340.0,"loser_holding_min":"0d 00:15","loser_holding_min_s":900.0,"loser_holding_max":"1d 11:30","loser_holding_max_s":127800.0,"loser_holding_avg":"0d 09:34","loser_holding_avg_s":34440.0,"max_consecutive_wins":15,"max_consecutive_losses":5,"max_drawdown_account":0.11323348505000001,"max_relative_drawdown":0.11323348505000001,"max_drawdown_abs":113.23348505,"drawdown_start":"2026-01-23 14:30:00","drawdown_start_ts":1769178600000.0,"drawdown_end":"2026-02-12 18:30:00","drawdown_end_ts":1770921000000.0,"drawdown_duration":"20 days 04:00:00","drawdown_duration_s":1742400.0,"max_drawdown_low":-113.23348505,"max_drawdown_high":0.0,"csum_min":886.76651495,"csum_max":1006.3897285}},"strategy_comparison":[{"key":"SupertrendFuturesStrategyV2","trades":34,"profit_mean":-0.0033951865112889184,"profit_mean_pct":-0.34,"profit_total_abs":-40.88145704,"profit_total":-0.04088145704,"profit_total_pct":-4.09,"duration_avg":"9:11:00","wins":22,"draws":0,"losses":12,"winrate":0.6470588235294118,"cagr":-0.4196468870037955,"expectancy":-1.2023957952941187,"expectancy_ratio":-0.072706872918188,"sortino":-60.21881064345821,"sharpe":-2.4021415546396088,"calmar":-24.634281096915554,"sqn":-0.5948,"profit_factor":0.7939971933984671,"max_drawdown_account":0.11323348505000001,"max_drawdown_abs":"113.233"}]}