{"strategy":{"SupertrendFuturesStrategyV8_3":{"trades":[{"pair":"DOGE/USDT:USDT","stake_amount":99.9573,"max_stake_amount":99.9573,"amount":670.0,"open_date":"2025-12-03 05:00:00+00:00","close_date":"2025-12-05 09:00:00+00:00","open_rate":0.14919,"close_rate":0.14472,"fee_open":0.0005,"fee_close":0.0005,"trade_duration":3120,"profit_ratio":-0.03154562830412544,"profit_abs":-3.15479244,"exit_reason":"stop_loss","initial_stop_loss_abs":0.14472,"initial_stop_loss_ratio":-0.03,"stop_loss_abs":0.14472,"stop_loss_ratio":-0.03,"min_rate":0.14449,"max_rate":0.15333,"is_open":false,"enter_tag":"","leverage":1,"is_short":false,"open_timestamp":1764738000000,"close_timestamp":1764925200000,"orders":[{"amount":670.0,"safe_price":0.14919,"ft_order_side":"buy","order_filled_timestamp":1764738000000,"ft_is_entry":true,"ft_order_tag":"","cost":100.00727864999999},{"amount":670.0,"safe_price":0.14472,"ft_order_side":"sell","order_filled_timestamp":1764925200000,"ft_is_entry":false,"ft_order_tag":"stop_loss","cost":97.01088119999999}],"funding_fees":-0.06143258918814639,"weekday":4},{"pair":"DOGE/USDT:USDT","stake_amount":99.8151,"max_stake_amount":99.8151,"amount":770.0,"open_date":"2025-12-19 18:00:00+00:00","close_date":"2025-12-22 00:00:00+00:00","open_rate":0.12963,"close_rate":0.13149,"fee_open":0.0005,"fee_close":0.0005,"trade_duration":3240,"profit_ratio":0.012864047793285328,"profit_abs":1.28466823,"exit_reason":"trailing_stop_loss","initial_stop_loss_abs":0.12575,"initial_stop_loss_ratio":-0.03,"stop_loss_abs":0.13149,"stop_loss_ratio":-0.02,"min_rate":0.12863,"max_rate":0.13417,"is_open":false,"enter_tag":"","leverage":1,"is_short":false,"open_timestamp":1766167200000,"close_timestamp":1766361600000,"orders":[{"amount":770.0,"safe_price":0.12963,"ft_order_side":"buy","order_filled_timestamp":1766167200000,"ft_is_entry":true,"ft_order_tag":"","cost":99.86500755},{"amount":770.0,"safe_price":0.13149,"ft_order_side":"sell","order_filled_timestamp":1766361600000,"ft_is_entry":false,"ft_order_tag":"trailing_stop_loss","cost":101.29792364999999}],"funding_fees":-0.04700057322569353,"weekday":0},{"pair":"DOGE/USDT:USDT","stake_amount":98.827,"max_stake_amount":98.827,"amount":740.0,"open_date":"2025-12-22 17:30:00+00:00","close_date":"2025-12-23 13:30:00+00:00","open_rate":0.13355,"close_rate":0.12955,"fee_open":0.0005,"fee_close":0.0005,"trade_duration":1200,"profit_ratio":-0.031043380330537575,"profit_abs":-3.06945811,"exit_reason":"stop_loss","initial_stop_loss_abs":0.12955,"initial_stop_loss_ratio":-0.03,"stop_loss_abs":0.12955,"stop_loss_ratio":-0.03,"min_rate":0.12902,"max_rate":0.13516,"is_open":false,"enter_tag":"","leverage":1,"is_short":false,"open_timestamp":1766424600000,"close_timestamp":1766496600000,"orders":[{"amount":740.0,"safe_price":0.13355,"ft_order_side":"buy","order_filled_timestamp":1766424600000,"ft_is_entry":true,"ft_order_tag":"","cost":98.8764135},{"amount":740.0,"safe_price":0.12955,"ft_order_side":"sell","order_filled_timestamp":1766496600000,"ft_is_entry":false,"ft_order_tag":"stop_loss","cost":95.9149335}],"funding_fees":-0.01211111323546496,"weekday":1},{"pair":"DOGE/USDT:USDT","stake_amount":99.7956,"max_stake_amount":99.7956,"amount":760.0,"open_date":"2026-01-02 13:00:00+00:00","close_date":"2026-01-02 16:00:00+00:00","open_rate":0.13131,"close_rate":0.1351,"fee_open":0.0005,"fee_close":0.0005,"trade_duration":180,"profit_ratio":0.027790018590102113,"profit_abs":2.77470824,"exit_reason":"trailing_stop_loss","initial_stop_loss_abs":0.12738,"initial_stop_loss_ratio":-0.03,"stop_loss_abs":0.1351,"stop_loss_ratio":-0.02,"min_rate":0.1295,"max_rate":0.13785,"is_open":false,"enter_tag":"","leverage":1,"is_short":false,"open_timestamp":1767358800000,"close_timestamp":1767369600000,"orders":[{"amount":760.0,"safe_price":0.13131,"ft_order_side":"buy","order_filled_timestamp":1767358800000,"ft_is_entry":true,"ft_order_tag":"","cost":99.8454978},{"amount":760.0,"safe_price":0.1351,"ft_order_side":"sell","order_filled_timestamp":1767369600000,"ft_is_entry":false,"ft_order_tag":"trailing_stop_loss","cost":102.727338}],"funding_fees":-0.00445595624940307,"weekday":4},{"pair":"DOGE/USDT:USDT","stake_amount":99.576,"max_stake_amount":99.576,"amount":720.0,"open_date":"2026-01-02 17:00:00+00:00","close_date":"2026-01-02 22:00:00+00:00","open_rate":0.1383,"close_rate":0.1416,"fee_open":0.0005,"fee_close":0.0005,"trade_duration":300,"profit_ratio":0.022837821869976075,"profit_abs":2.275236,"exit_reason":"trailing_stop_loss","initial_stop_loss_abs":0.13416,"initial_stop_loss_ratio":-0.03,"stop_loss_abs":0.1416,"stop_loss_ratio":-0.02,"min_rate":0.13726,"max_rate":0.14448,"is_open":false,"enter_tag":"","leverage":1,"is_short":false,"open_timestamp":1767373200000,"close_timestamp":1767391200000,"orders":[{"amount":720.0,"safe_price":0.1383,"ft_order_side":"buy","order_filled_timestamp":1767373200000,"ft_is_entry":true,"ft_order_tag":"","cost":99.625788},{"amount":720.0,"safe_price":0.1416,"ft_order_side":"sell","order_filled_timestamp":1767391200000,"ft_is_entry":false,"ft_order_tag":"trailing_stop_loss","cost":102.00297599999999}],"funding_fees":0.0,"weekday":4},{"pair":"DOGE/USDT:USDT","stake_amount":99.0015,"max_stake_amount":99.0015,"amount":650.0,"open_date":"2026-01-04 06:30:00+00:00","close_date":"2026-01-04 19:00:00+00:00","open_rate":0.15231,"close_rate":0.14775,"fee_open":0.0005,"fee_close":0.0005,"trade_duration":750,"profit_ratio":-0.03098650096172804,"profit_abs":-3.06924393,"exit_reason":"stop_loss","initial_stop_loss_abs":0.14775,"initial_stop_loss_ratio":-0.03,"stop_loss_abs":0.14775,"stop_loss_ratio":-0.03,"min_rate":0.14737,"max_rate":0.15404,"is_open":false,"enter_tag":"","leverage":1,"is_short":false,"open_timestamp":1767508200000,"close_timestamp":1767553200000,"orders":[{"amount":650.0,"safe_price":0.15231,"ft_order_side":"buy","order_filled_timestamp":1767508200000,"ft_is_entry":true,"ft_order_tag":"","cost":99.05100075},{"amount":650.0,"safe_price":0.14775,"ft_order_side":"sell","order_filled_timestamp":1767553200000,"ft_is_entry":false,"ft_order_tag":"stop_loss","cost":96.08551874999999}],"funding_fees":-0.007724430035164809,"weekday":6},{"pair":"XRP/USDT:USDT","stake_amount":98.9982,"max_stake_amount":98.9982,"amount":42.0,"open_date":"2026-01-05 23:30:00+00:00","close_date":"2026-01-06 16:00:00+00:00","open_rate":2.3571,"close_rate":2.2864,"fee_open":0.0005,"fee_close":0.0005,"trade_duration":990,"profit_ratio":-0.03120175004650865,"profit_abs":-3.09046155,"exit_reason":"stop_loss","initial_stop_loss_abs":2.2864,"initial_stop_loss_ratio":-0.03,"stop_loss_abs":2.2864,"stop_loss_ratio":-0.03,"min_rate":2.2848,"max_rate":2.4165,"is_open":false,"enter_tag":"","leverage":1,"is_short":false,"open_timestamp":1767655800000,"close_timestamp":1767715200000,"orders":[{"amount":42.0,"safe_price":2.3571,"ft_order_side":"buy","order_filled_timestamp":1767655800000,"ft_is_entry":true,"ft_order_tag":"","cost":99.04769909999999},{"amount":42.0,"safe_price":2.2864,"ft_order_side":"sell","order_filled_timestamp":1767715200000,"ft_is_entry":false,"ft_order_tag":"stop_loss","cost":96.0768144}],"funding_fees":-0.023548050243261752,"weekday":1},{"pair":"ETH/USDT:USDT","stake_amount":99.14025,"max_stake_amount":99.14025,"amount":0.061,"open_date":"2026-01-06 17:00:00+00:00","close_date":"2026-01-06 17:30:00+00:00","open_rate":3250.5,"close_rate":3201.7425,"fee_open":0.0005,"fee_close":0.0005,"trade_duration":30,"profit_ratio":-0.03196901553006017,"profit_abs":-3.1710009,"exit_reason":"stop_loss","initial_stop_loss_abs":3201.7425,"initial_stop_loss_ratio":-0.03,"stop_loss_abs":3201.7425,"stop_loss_ratio":-0.03,"min_rate":3188.13,"max_rate":3259.0,"is_open":false,"enter_tag":"","leverage":2,"is_short":false,"open_timestamp":1767718800000,"close_timestamp":1767720600000,"orders":[{"amount":0.061,"safe_price":3250.5,"ft_order_side":"buy","order_filled_timestamp":1767718800000,"ft_is_entry":true,"ft_order_tag":"","cost":198.37964024999997},{"amount":0.061,"safe_price":3201.7425,"ft_order_side":"sell","order_filled_timestamp":1767720600000,"ft_is_entry":false,"ft_order_tag":"stop_loss","cost":195.40394564624998}],"funding_fees":0.0,"weekday":1},{"pair":"ETH/USDT:USDT","stake_amount":98.473725,"max_stake_amount":98.473725,"amount":0.063,"open_date":"2026-01-11 18:00:00+00:00","close_date":"2026-01-12 14:00:00+00:00","open_rate":3126.15,"close_rate":3079.25775,"fee_open":0.0005,"fee_close":0.0005,"trade_duration":1200,"profit_ratio":-0.03222266170225999,"profit_abs":-3.17467207,"exit_reason":"stop_loss","initial_stop_loss_abs":3079.25775,"initial_stop_loss_ratio":-0.03,"stop_loss_abs":3079.25775,"stop_loss_ratio":-0.03,"min_rate":3063.06,"max_rate":3170.85,"is_open":false,"enter_tag":"","leverage":2,"is_short":false,"open_timestamp":1768154400000,"close_timestamp":1768226400000,"orders":[{"amount":0.063,"safe_price":3126.15,"ft_order_side":"buy","order_filled_timestamp":1768154400000,"ft_is_entry":true,"ft_order_tag":"","cost":197.045923725},{"amount":0.063,"safe_price":3079.25775,"ft_order_side":"sell","order_filled_timestamp":1768226400000,"ft_is_entry":false,"ft_order_tag":"stop_loss","cost":194.090234869125}],"funding_fees":-0.024989980147097725,"weekday":0},{"pair":"ETH/USDT:USDT","stake_amount":99.169,"max_stake_amount":99.169,"amount":0.062,"open_date":"2026-01-13 19:00:00+00:00","close_date":"2026-01-13 22:00:00+00:00","open_rate":3199.0,"close_rate":3298.2186093046516,"fee_open":0.0005,"fee_close":0.0005,"trade_duration":180,"profit_ratio":0.05997001499250375,"profit_abs":5.95014,"exit_reason":"roi","initial_stop_loss_abs":3151.015,"initial_stop_loss_ratio":-0.03,"stop_loss_abs":3364.02,"stop_loss_ratio":-0.02,"min_rate":3188.52,"max_rate":3398.0,"is_open":false,"enter_tag":"","leverage":2,"is_short":false,"open_timestamp":1768330800000,"close_timestamp":1768341600000,"orders":[{"amount":0.062,"safe_price":3199.0,"ft_order_side":"buy","order_filled_timestamp":1768330800000,"ft_is_entry":true,"ft_order_tag":"","cost":198.43716899999998},{"amount":0.062,"safe_price":3298.2186093046516,"ft_order_side":"sell","order_filled_timestamp":1768341600000,"ft_is_entry":false,"ft_order_tag":"roi","cost":204.59179855377684}],"funding_fees":0.0,"weekday":1},{"pair":"ETH/USDT:USDT","stake_amount":98.54416,"max_stake_amount":98.54416,"amount":0.059,"open_date":"2026-01-14 18:00:00+00:00","close_date":"2026-01-14 19:30:00+00:00","open_rate":3340.48,"close_rate":3366.0,"fee_open":0.0005,"fee_close":0.0005,"trade_duration":90,"profit_ratio":0.013264969201384556,"profit_abs":1.30783884,"exit_reason":"trailing_stop_loss","initial_stop_loss_abs":3290.3728,"initial_stop_loss_ratio":-0.03,"stop_loss_abs":3366.0,"stop_loss_ratio":-0.02,"min_rate":3313.57,"max_rate":3400.0,"is_open":false,"enter_tag":"","leverage":2,"is_short":false,"open_timestamp":1768413600000,"close_timestamp":1768419000000,"orders":[{"amount":0.059,"safe_price":3340.48,"ft_order_side":"buy","order_filled_timestamp":1768413600000,"ft_is_entry":true,"ft_order_tag":"","cost":197.18686415999997},{"amount":0.059,"safe_price":3366.0,"ft_order_side":"sell","order_filled_timestamp":1768419000000,"ft_is_entry":false,"ft_order_tag":"trailing_stop_loss","cost":198.69329699999997}],"funding_fees":0.0,"weekday":2},{"pair":"DOGE/USDT:USDT","stake_amount":99.0495,"max_stake_amount":99.0495,"amount":990.0,"open_date":"2026-02-14 12:30:00+00:00","close_date":"2026-02-14 14:30:00+00:00","open_rate":0.10005,"close_rate":0.10138,"fee_open":0.0005,"fee_close":0.0005,"trade_duration":120,"profit_ratio":0.012280566363494914,"profit_abs":1.21699215,"exit_reason":"trailing_stop_loss","initial_stop_loss_abs":0.09705,"initial_stop_loss_ratio":-0.03,"stop_loss_abs":0.10138,"stop_loss_ratio":-0.02,"min_rate":0.09902,"max_rate":0.10344,"is_open":false,"enter_tag":"","leverage":1,"is_short":false,"open_timestamp":1771072200000,"close_timestamp":1771079400000,"orders":[{"amount":990.0,"safe_price":0.10005,"ft_order_side":"buy","order_filled_timestamp":1771072200000,"ft_is_entry":true,"ft_order_tag":"","cost":99.09902474999998},{"amount":990.0,"safe_price":0.10138,"ft_order_side":"sell","order_filled_timestamp":1771079400000,"ft_is_entry":false,"ft_order_tag":"trailing_stop_loss","cost":100.41638309999999}],"funding_fees":0.0,"weekday":5},{"pair":"DOGE/USDT:USDT","stake_amount":99.1136,"max_stake_amount":99.1136,"amount":940.0,"open_date":"2026-02-14 17:30:00+00:00","close_date":"2026-02-14 21:00:00+00:00","open_rate":0.10544,"close_rate":0.11187505752876437,"fee_open":0.0005,"fee_close":0.0005,"trade_duration":210,"profit_ratio":0.059970014992503755,"profit_abs":5.946816,"exit_reason":"roi","initial_stop_loss_abs":0.10228,"initial_stop_loss_ratio":-0.03,"stop_loss_abs":0.10985,"stop_loss_ratio":-0.02,"min_rate":0.10487,"max_rate":0.11209,"is_open":false,"enter_tag":"","leverage":1,"is_short":false,"open_timestamp":1771090200000,"close_timestamp":1771102800000,"orders":[{"amount":940.0,"safe_price":0.10544,"ft_order_side":"buy","order_filled_timestamp":1771090200000,"ft_is_entry":true,"ft_order_tag":"","cost":99.1631568},{"amount":940.0,"safe_price":0.11187505752876437,"ft_order_side":"sell","order_filled_timestamp":1771102800000,"ft_is_entry":false,"ft_order_tag":"roi","cost":105.21513535407702}],"funding_fees":0.0,"weekday":5},{"pair":"DOGE/USDT:USDT","stake_amount":99.5554,"max_stake_amount":99.5554,"amount":890.0,"open_date":"2026-02-15 01:30:00+00:00","close_date":"2026-02-15 03:30:00+00:00","open_rate":0.11186,"close_rate":0.11316,"fee_open":0.0005,"fee_close":0.0005,"trade_duration":120,"profit_ratio":0.010610553832684944,"profit_abs":1.0568661,"exit_reason":"trailing_stop_loss","initial_stop_loss_abs":0.10851,"initial_stop_loss_ratio":-0.03,"stop_loss_abs":0.11316,"stop_loss_ratio":-0.02,"min_rate":0.11166,"max_rate":0.11546,"is_open":false,"enter_tag":"","leverage":1,"is_short":false,"open_timestamp":1771119000000,"close_timestamp":1771126200000,"orders":[{"amount":890.0,"safe_price":0.11186,"ft_order_side":"buy","order_filled_timestamp":1771119000000,"ft_is_entry":true,"ft_order_tag":"","cost":99.6051777},{"amount":890.0,"safe_price":0.11316,"ft_order_side":"sell","order_filled_timestamp":1771126200000,"ft_is_entry":false,"ft_order_tag":"trailing_stop_loss","cost":100.7627562}],"funding_fees":0.0,"weekday":6},{"pair":"DOGE/USDT:USDT","stake_amount":99.7803,"max_stake_amount":99.7803,"amount":870.0,"open_date":"2026-02-15 04:00:00+00:00","close_date":"2026-02-15 12:30:00+00:00","open_rate":0.11469,"close_rate":0.11125,"fee_open":0.0005,"fee_close":0.0005,"trade_duration":510,"profit_ratio":-0.03099748438173239,"profit_abs":-3.09448476,"exit_reason":"stop_loss","initial_stop_loss_abs":0.11125,"initial_stop_loss_ratio":-0.03,"stop_loss_abs":0.11125,"stop_loss_ratio":-0.03,"min_rate":0.10856,"max_rate":0.11754,"is_open":false,"enter_tag":"","leverage":1,"is_short":false,"open_timestamp":1771128000000,"close_timestamp":1771158600000,"orders":[{"amount":870.0,"safe_price":0.11469,"ft_order_side":"buy","order_filled_timestamp":1771128000000,"ft_is_entry":true,"ft_order_tag":"","cost":99.83019014999999},{"amount":870.0,"safe_price":0.11125,"ft_order_side":"sell","order_filled_timestamp":1771158600000,"ft_is_entry":false,"ft_order_tag":"stop_loss","cost":96.83589375}],"funding_fees":-0.0034008645958130885,"weekday":6}],"locks":[],"best_pair":{"key":"DOGE/USDT:USDT","trades":10,"profit_mean":0.002178002946392368,"profit_mean_pct":0.22,"profit_total_abs":2.1673074800000003,"profit_total":0.00216730748,"profit_total_pct":0.22,"duration_avg":"16:15:00","wins":6,"draws":0,"losses":4,"winrate":0.6,"cagr":0.00891831105918972,"expectancy":0.21673074800000003,"expectancy_ratio":0.06998098521191909,"sortino":13.326270172271796,"sharpe":0.1547455675105065,"calmar":9.418608127771929,"sqn":0.2163,"profit_factor":1.1749524630297976,"max_drawdown_account":0.004939582319999999,"max_drawdown_abs":4.9395823199999995},"worst_pair":{"key":"XRP/USDT:USDT","trades":1,"profit_mean":-0.03120175004650865,"profit_mean_pct":-3.12,"profit_total_abs":-3.09046155,"profit_total":-0.00309046155,"profit_total_pct":-0.31,"duration_avg":"16:30:00","wins":0,"draws":0,"losses":1,"winrate":0.0,"cagr":-0.012613761188661643,"expectancy":-3.09046155,"expectancy_ratio":-1.0,"sortino":-100,"sharpe":-100,"calmar":-21.466261993868407,"sqn":-100.0,"profit_factor":0.0,"max_drawdown_account":0.003090461549999986,"max_drawdown_abs":3.09046155},"results_per_pair":[{"key":"DOGE/USDT:USDT","trades":10,"profit_mean":0.002178002946392368,"profit_mean_pct":0.22,"profit_total_abs":2.1673074800000003,"profit_total":0.00216730748,"profit_total_pct":0.22,"duration_avg":"16:15:00","wins":6,"draws":0,"losses":4,"winrate":0.6,"cagr":0.00891831105918972,"expectancy":0.21673074800000003,"expectancy_ratio":0.06998098521191909,"sortino":13.326270172271796,"sharpe":0.1547455675105065,"calmar":9.418608127771929,"sqn":0.2163,"profit_factor":1.1749524630297976,"max_drawdown_account":0.004939582319999999,"max_drawdown_abs":4.9395823199999995},{"key":"ETH/USDT:USDT","trades":4,"profit_mean":0.0022608267403920346,"profit_mean_pct":0.23,"profit_total_abs":0.9123058699999995,"profit_total":0.0009123058699999995,"profit_total_pct":0.09,"duration_avg":"6:15:00","wins":2,"draws":0,"losses":2,"winrate":0.5,"cagr":0.003746775158744775,"expectancy":0.22807646749999977,"expectancy_ratio":0.07188409127865913,"sortino":106.68967562909945,"sharpe":0.05186040507485985,"calmar":3.086165473157677,"sqn":0.1046,"profit_factor":1.143768182557318,"max_drawdown_account":0.006345672970000009,"max_drawdown_abs":6.345672970000001},{"key":"BTC/USDT:USDT","trades":0,"profit_mean":0.0,"profit_mean_pct":0.0,"profit_total_abs":0.0,"profit_total":0.0,"profit_total_pct":0.0,"duration_avg":"0:00","wins":0,"draws":0,"losses":0,"winrate":0.0,"cagr":0.0,"expectancy":0.0,"expectancy_ratio":100.0,"sortino":0,"sharpe":0,"calmar":0,"sqn":0.0,"profit_factor":0.0,"max_drawdown_account":0.0,"max_drawdown_abs":0.0},{"key":"XRP/USDT:USDT","trades":1,"profit_mean":-0.03120175004650865,"profit_mean_pct":-3.12,"profit_total_abs":-3.09046155,"profit_total":-0.00309046155,"profit_total_pct":-0.31,"duration_avg":"16:30:00","wins":0,"draws":0,"losses":1,"winrate":0.0,"cagr":-0.012613761188661643,"expectancy":-3.09046155,"expectancy_ratio":-1.0,"sortino":-100,"sharpe":-100,"calmar":-21.466261993868407,"sqn":-100.0,"profit_factor":0.0,"max_drawdown_account":0.003090461549999986,"max_drawdown_abs":3.09046155},{"key":"TOTAL","trades":15,"profit_mean":-2.5227574734455056e-05,"profit_mean_pct":-0.0,"profit_total_abs":-0.01084819999999942,"profit_total":-1.084819999999942e-05,"profit_total_pct":-0.0,"duration_avg":"13:36:00","wins":8,"draws":0,"losses":7,"winrate":0.5333333333333333,"cagr":-4.448906064036251e-05,"expectancy":-0.0007232133333332502,"expectancy_ratio":-0.0002319678768634148,"sortino":-0.05318710424850049,"sharpe":-0.000718292116661368,"calmar":-0.018623666953130905,"sqn":-0.0008,"profit_factor":0.9995029259781498,"max_drawdown_account":0.012503998484719517,"max_drawdown_abs":12.50537845}],"results_per_enter_tag":[{"key":"","trades":15,"profit_mean":-2.5227574734455056e-05,"profit_mean_pct":-0.0,"profit_total_abs":-0.01084819999999942,"profit_total":-1.084819999999942e-05,"profit_total_pct":-0.0,"duration_avg":"13:36:00","wins":8,"draws":0,"losses":7,"winrate":0.5333333333333333,"cagr":-4.448906064036251e-05,"expectancy":-0.0007232133333332502,"expectancy_ratio":-0.0002319678768634148,"sortino":-0.05318710424850049,"sharpe":-0.000718292116661368,"calmar":-0.018623666953130905,"sqn":-0.0008,"profit_factor":0.9995029259781498,"max_drawdown_account":0.012503998484719517,"max_drawdown_abs":12.50537845},{"key":"TOTAL","trades":15,"profit_mean":-2.5227574734455056e-05,"profit_mean_pct":-0.0,"profit_total_abs":-0.01084819999999942,"profit_total":-1.084819999999942e-05,"profit_total_pct":-0.0,"duration_avg":"13:36:00","wins":8,"draws":0,"losses":7,"winrate":0.5333333333333333,"cagr":-4.448906064036251e-05,"expectancy":-0.0007232133333332502,"expectancy_ratio":-0.0002319678768634148,"sortino":-0.05318710424850049,"sharpe":-0.000718292116661368,"calmar":-0.018623666953130905,"sqn":-0.0008,"profit_factor":0.9995029259781498,"max_drawdown_account":0.012503998484719517,"max_drawdown_abs":12.50537845}],"exit_reason_summary":[{"key":"roi","trades":2,"profit_mean":0.05997001499250375,"profit_mean_pct":6.0,"profit_total_abs":11.896956,"profit_total":0.011896956,"profit_total_pct":1.19,"duration_avg":"3:15:00","wins":2,"draws":0,"losses":0,"winrate":1.0,"cagr":0.04969845479821955,"expectancy":5.948478,"expectancy_ratio":100.0,"sortino":-100,"sharpe":1536.6015308391552,"calmar":-100,"sqn":3579.1083,"profit_factor":0.0,"max_drawdown_account":0.0,"max_drawdown_abs":0.0},{"key":"trailing_stop_loss","trades":6,"profit_mean":0.01660799627515466,"profit_mean_pct":1.66,"profit_total_abs":9.91630956,"profit_total":0.00991630956,"profit_total_pct":0.99,"duration_avg":"11:15:00","wins":6,"draws":0,"losses":0,"winrate":1.0,"cagr":0.0412976710713453,"expectancy":1.65271826,"expectancy_ratio":100.0,"sortino":-100,"sharpe":3.334121824733119,"calmar":-100,"sqn":5.7884,"profit_factor":0.0,"max_drawdown_account":0.0,"max_drawdown_abs":0.0},{"key":"stop_loss","trades":7,"profit_mean":-0.03142377446527889,"profit_mean_pct":-3.14,"profit_total_abs":-21.82411376,"profit_total":-0.02182411376,"profit_total_pct":-2.18,"duration_avg":"18:34:00","wins":0,"draws":0,"losses":7,"winrate":0.0,"cagr":-0.08652064251633673,"expectancy":-3.117730537142857,"expectancy_ratio":-1.0,"sortino":-107.0003699861919,"sharpe":-107.0003699861919,"calmar":-21.46626199386827,"sqn":-174.4241,"profit_factor":0.0,"max_drawdown_account":0.021824113760000045,"max_drawdown_abs":21.82411376},{"key":"TOTAL","trades":15,"profit_mean":-2.5227574734455056e-05,"profit_mean_pct":-0.0,"profit_total_abs":-0.01084819999999942,"profit_total":-1.084819999999942e-05,"profit_total_pct":-0.0,"duration_avg":"13:36:00","wins":8,"draws":0,"losses":7,"winrate":0.5333333333333333,"cagr":-4.448906064036251e-05,"expectancy":-0.0007232133333332502,"expectancy_ratio":-0.0002319678768634148,"sortino":-0.05318710424850049,"sharpe":-0.000718292116661368,"calmar":-0.018623666953130905,"sqn":-0.0008,"profit_factor":0.9995029259781498,"max_drawdown_account":0.012503998484719517,"max_drawdown_abs":12.50537845}],"mix_tag_stats":[{"key":["","roi"],"trades":2,"profit_mean":0.05997001499250375,"profit_mean_pct":6.0,"profit_total_abs":11.896956,"profit_total":0.011896956,"profit_total_pct":1.19,"duration_avg":"3:15:00","wins":2,"draws":0,"losses":0,"winrate":1.0,"cagr":0.04969845479821955,"expectancy":5.948478,"expectancy_ratio":100.0,"sortino":-100,"sharpe":1536.6015308391552,"calmar":-100,"sqn":3579.1083,"profit_factor":0.0,"max_drawdown_account":0.0,"max_drawdown_abs":0.0},{"key":["","trailing_stop_loss"],"trades":6,"profit_mean":0.01660799627515466,"profit_mean_pct":1.66,"profit_total_abs":9.91630956,"profit_total":0.00991630956,"profit_total_pct":0.99,"duration_avg":"11:15:00","wins":6,"draws":0,"losses":0,"winrate":1.0,"cagr":0.0412976710713453,"expectancy":1.65271826,"expectancy_ratio":100.0,"sortino":-100,"sharpe":3.334121824733119,"calmar":-100,"sqn":5.7884,"profit_factor":0.0,"max_drawdown_account":0.0,"max_drawdown_abs":0.0},{"key":["","stop_loss"],"trades":7,"profit_mean":-0.03142377446527889,"profit_mean_pct":-3.14,"profit_total_abs":-21.82411376,"profit_total":-0.02182411376,"profit_total_pct":-2.18,"duration_avg":"18:34:00","wins":0,"draws":0,"losses":7,"winrate":0.0,"cagr":-0.08652064251633673,"expectancy":-3.117730537142857,"expectancy_ratio":-1.0,"sortino":-107.0003699861919,"sharpe":-107.0003699861919,"calmar":-21.46626199386827,"sqn":-174.4241,"profit_factor":0.0,"max_drawdown_account":0.021824113760000045,"max_drawdown_abs":21.82411376},{"key":"TOTAL","trades":15,"profit_mean":-2.5227574734455056e-05,"profit_mean_pct":-0.0,"profit_total_abs":-0.01084819999999942,"profit_total":-1.084819999999942e-05,"profit_total_pct":-0.0,"duration_avg":"13:36:00","wins":8,"draws":0,"losses":7,"winrate":0.5333333333333333,"cagr":-4.448906064036251e-05,"expectancy":-0.0007232133333332502,"expectancy_ratio":-0.0002319678768634148,"sortino":-0.05318710424850049,"sharpe":-0.000718292116661368,"calmar":-0.018623666953130905,"sqn":-0.0008,"profit_factor":0.9995029259781498,"max_drawdown_account":0.012503998484719517,"max_drawdown_abs":12.50537845}],"left_open_trades":[{"key":"TOTAL","trades":0,"profit_mean":0.0,"profit_mean_pct":0.0,"profit_total_abs":0.0,"profit_total":0.0,"profit_total_pct":0.0,"duration_avg":"0:00","wins":0,"draws":0,"losses":0,"winrate":0.0,"cagr":0.0,"expectancy":0.0,"expectancy_ratio":100.0,"sortino":0,"sharpe":0,"calmar":0,"sqn":0.0,"profit_factor":0.0,"max_drawdown_account":0.0,"max_drawdown_abs":0.0}],"total_trades":15,"trade_count_long":15,"trade_count_short":0,"total_volume":3772.1916618582286,"avg_stake_amount":99.253109,"profit_mean":-2.5227574734455056e-05,"profit_median":0.010610553832684944,"profit_total":-1.084819999999942e-05,"profit_total_long":-1.084819999999942e-05,"profit_total_short":0.0,"profit_total_abs":-0.01084819999999942,"profit_total_long_abs":-0.01084819999999942,"profit_total_short_abs":0.0,"cagr":-4.448906064036251e-05,"expectancy":-0.0007232133333332502,"expectancy_ratio":-0.0002319678768634148,"sortino":-0.05318710424850049,"sharpe":-0.000718292116661368,"calmar":-0.018623666953130905,"sqn":-0.0008,"profit_factor":0.9995029259781498,"backtest_start":"2025-11-25 00:00:00","backtest_start_ts":1764028800000,"backtest_end":"2026-02-22 14:00:00","backtest_end_ts":1771768800000,"backtest_days":89,"backtest_run_start_ts":1771813320,"backtest_run_end_ts":1771813321,"trades_per_day":0.17,"market_change":-0.32625703932678735,"pairlist":["BTC/USDT:USDT","ETH/USDT:USDT","XRP/USDT:USDT","DOGE/USDT:USDT"],"stake_amount":100.0,"stake_currency":"USDT","stake_currency_decimals":3,"starting_balance":1000,"dry_run_wallet":1000,"final_balance":999.9891518,"rejected_signals":0,"timedout_entry_orders":0,"timedout_exit_orders":0,"canceled_trade_entries":0,"canceled_entry_orders":0,"replaced_entry_orders":0,"max_open_trades":3,"max_open_trades_setting":3,"timeframe":"30m","timeframe_detail":"","timerange":"20251125-20260223","enable_protections":false,"strategy_name":"SupertrendFuturesStrategyV8_3","freqaimodel":null,"freqai_identifier":null,"stoploss":-0.03,"trailing_stop":true,"trailing_stop_positive":0.02,"trailing_stop_positive_offset":0.03,"trailing_only_offset_is_reached":true,"use_custom_stoploss":false,"minimal_roi":{"0":0.06},"use_exit_signal":true,"exit_profit_only":false,"exit_profit_offset":0.0,"ignore_roi_if_entry_signal":false,"trading_mode":"futures","margin_mode":"isolated","periodic_breakdown":{"day":[{"date":"05/12/2025","date_ts":1764892800000,"profit_abs":-3.15479244,"wins":0,"draws":0,"losses":1,"trades":1,"profit_factor":0.0},{"date":"06/12/2025","date_ts":1764979200000,"profit_abs":0.0,"wins":0,"draws":0,"losses":0,"trades":0,"profit_factor":0.0},{"date":"07/12/2025","date_ts":1765065600000,"profit_abs":0.0,"wins":0,"draws":0,"losses":0,"trades":0,"profit_factor":0.0},{"date":"08/12/2025","date_ts":1765152000000,"profit_abs":0.0,"wins":0,"draws":0,"losses":0,"trades":0,"profit_factor":0.0},{"date":"09/12/2025","date_ts":1765238400000,"profit_abs":0.0,"wins":0,"draws":0,"losses":0,"trades":0,"profit_factor":0.0},{"date":"10/12/2025","date_ts":1765324800000,"profit_abs":0.0,"wins":0,"draws":0,"losses":0,"trades":0,"profit_factor":0.0},{"date":"11/12/2025","date_ts":1765411200000,"profit_abs":0.0,"wins":0,"draws":0,"losses":0,"trades":0,"profit_factor":0.0},{"date":"12/12/2025","date_ts":1765497600000,"profit_abs":0.0,"wins":0,"draws":0,"losses":0,"trades":0,"profit_factor":0.0},{"date":"13/12/2025","date_ts":1765584000000,"profit_abs":0.0,"wins":0,"draws":0,"losses":0,"trades":0,"profit_factor":0.0},{"date":"14/12/2025","date_ts":1765670400000,"profit_abs":0.0,"wins":0,"draws":0,"losses":0,"trades":0,"profit_factor":0.0},{"date":"15/12/2025","date_ts":1765756800000,"profit_abs":0.0,"wins":0,"draws":0,"losses":0,"trades":0,"profit_factor":0.0},{"date":"16/12/2025","date_ts":1765843200000,"profit_abs":0.0,"wins":0,"draws":0,"losses":0,"trades":0,"profit_factor":0.0},{"date":"17/12/2025","date_ts":1765929600000,"profit_abs":0.0,"wins":0,"draws":0,"losses":0,"trades":0,"profit_factor":0.0},{"date":"18/12/2025","date_ts":1766016000000,"profit_abs":0.0,"wins":0,"draws":0,"losses":0,"trades":0,"profit_factor":0.0},{"date":"19/12/2025","date_ts":1766102400000,"profit_abs":0.0,"wins":0,"draws":0,"losses":0,"trades":0,"profit_factor":0.0},{"date":"20/12/2025","date_ts":1766188800000,"profit_abs":0.0,"wins":0,"draws":0,"losses":0,"trades":0,"profit_factor":0.0},{"date":"21/12/2025","date_ts":1766275200000,"profit_abs":0.0,"wins":0,"draws":0,"losses":0,"trades":0,"profit_factor":0.0},{"date":"22/12/2025","date_ts":1766361600000,"profit_abs":1.28466823,"wins":1,"draws":0,"losses":0,"trades":1,"profit_factor":0.0},{"date":"23/12/2025","date_ts":1766448000000,"profit_abs":-3.06945811,"wins":0,"draws":0,"losses":1,"trades":1,"profit_factor":0.0},{"date":"24/12/2025","date_ts":1766534400000,"profit_abs":0.0,"wins":0,"draws":0,"losses":0,"trades":0,"profit_factor":0.0},{"date":"25/12/2025","date_ts":1766620800000,"profit_abs":0.0,"wins":0,"draws":0,"losses":0,"trades":0,"profit_factor":0.0},{"date":"26/12/2025","date_ts":1766707200000,"profit_abs":0.0,"wins":0,"draws":0,"losses":0,"trades":0,"profit_factor":0.0},{"date":"27/12/2025","date_ts":1766793600000,"profit_abs":0.0,"wins":0,"draws":0,"losses":0,"trades":0,"profit_factor":0.0},{"date":"28/12/2025","date_ts":1766880000000,"profit_abs":0.0,"wins":0,"draws":0,"losses":0,"trades":0,"profit_factor":0.0},{"date":"29/12/2025","date_ts":1766966400000,"profit_abs":0.0,"wins":0,"draws":0,"losses":0,"trades":0,"profit_factor":0.0},{"date":"30/12/2025","date_ts":1767052800000,"profit_abs":0.0,"wins":0,"draws":0,"losses":0,"trades":0,"profit_factor":0.0},{"date":"31/12/2025","date_ts":1767139200000,"profit_abs":0.0,"wins":0,"draws":0,"losses":0,"trades":0,"profit_factor":0.0},{"date":"01/01/2026","date_ts":1767225600000,"profit_abs":0.0,"wins":0,"draws":0,"losses":0,"trades":0,"profit_factor":0.0},{"date":"02/01/2026","date_ts":1767312000000,"profit_abs":5.04994424,"wins":2,"draws":0,"losses":0,"trades":2,"profit_factor":0.0},{"date":"03/01/2026","date_ts":1767398400000,"profit_abs":0.0,"wins":0,"draws":0,"losses":0,"trades":0,"profit_factor":0.0},{"date":"04/01/2026","date_ts":1767484800000,"profit_abs":-3.06924393,"wins":0,"draws":0,"losses":1,"trades":1,"profit_factor":0.0},{"date":"05/01/2026","date_ts":1767571200000,"profit_abs":0.0,"wins":0,"draws":0,"losses":0,"trades":0,"profit_factor":0.0},{"date":"06/01/2026","date_ts":1767657600000,"profit_abs":-6.26146245,"wins":0,"draws":0,"losses":2,"trades":2,"profit_factor":0.0},{"date":"07/01/2026","date_ts":1767744000000,"profit_abs":0.0,"wins":0,"draws":0,"losses":0,"trades":0,"profit_factor":0.0},{"date":"08/01/2026","date_ts":1767830400000,"profit_abs":0.0,"wins":0,"draws":0,"losses":0,"trades":0,"profit_factor":0.0},{"date":"09/01/2026","date_ts":1767916800000,"profit_abs":0.0,"wins":0,"draws":0,"losses":0,"trades":0,"profit_factor":0.0},{"date":"10/01/2026","date_ts":1768003200000,"profit_abs":0.0,"wins":0,"draws":0,"losses":0,"trades":0,"profit_factor":0.0},{"date":"11/01/2026","date_ts":1768089600000,"profit_abs":0.0,"wins":0,"draws":0,"losses":0,"trades":0,"profit_factor":0.0},{"date":"12/01/2026","date_ts":1768176000000,"profit_abs":-3.17467207,"wins":0,"draws":0,"losses":1,"trades":1,"profit_factor":0.0},{"date":"13/01/2026","date_ts":1768262400000,"profit_abs":5.95014,"wins":1,"draws":0,"losses":0,"trades":1,"profit_factor":0.0},{"date":"14/01/2026","date_ts":1768348800000,"profit_abs":1.30783884,"wins":1,"draws":0,"losses":0,"trades":1,"profit_factor":0.0},{"date":"15/01/2026","date_ts":1768435200000,"profit_abs":0.0,"wins":0,"draws":0,"losses":0,"trades":0,"profit_factor":0.0},{"date":"16/01/2026","date_ts":1768521600000,"profit_abs":0.0,"wins":0,"draws":0,"losses":0,"trades":0,"profit_factor":0.0},{"date":"17/01/2026","date_ts":1768608000000,"profit_abs":0.0,"wins":0,"draws":0,"losses":0,"trades":0,"profit_factor":0.0},{"date":"18/01/2026","date_ts":1768694400000,"profit_abs":0.0,"wins":0,"draws":0,"losses":0,"trades":0,"profit_factor":0.0},{"date":"19/01/2026","date_ts":1768780800000,"profit_abs":0.0,"wins":0,"draws":0,"losses":0,"trades":0,"profit_factor":0.0},{"date":"20/01/2026","date_ts":1768867200000,"profit_abs":0.0,"wins":0,"draws":0,"losses":0,"trades":0,"profit_factor":0.0},{"date":"21/01/2026","date_ts":1768953600000,"profit_abs":0.0,"wins":0,"draws":0,"losses":0,"trades":0,"profit_factor":0.0},{"date":"22/01/2026","date_ts":1769040000000,"profit_abs":0.0,"wins":0,"draws":0,"losses":0,"trades":0,"profit_factor":0.0},{"date":"23/01/2026","date_ts":1769126400000,"profit_abs":0.0,"wins":0,"draws":0,"losses":0,"trades":0,"profit_factor":0.0},{"date":"24/01/2026","date_ts":1769212800000,"profit_abs":0.0,"wins":0,"draws":0,"losses":0,"trades":0,"profit_factor":0.0},{"date":"25/01/2026","date_ts":1769299200000,"profit_abs":0.0,"wins":0,"draws":0,"losses":0,"trades":0,"profit_factor":0.0},{"date":"26/01/2026","date_ts":1769385600000,"profit_abs":0.0,"wins":0,"draws":0,"losses":0,"trades":0,"profit_factor":0.0},{"date":"27/01/2026","date_ts":1769472000000,"profit_abs":0.0,"wins":0,"draws":0,"losses":0,"trades":0,"profit_factor":0.0},{"date":"28/01/2026","date_ts":1769558400000,"profit_abs":0.0,"wins":0,"draws":0,"losses":0,"trades":0,"profit_factor":0.0},{"date":"29/01/2026","date_ts":1769644800000,"profit_abs":0.0,"wins":0,"draws":0,"losses":0,"trades":0,"profit_factor":0.0},{"date":"30/01/2026","date_ts":1769731200000,"profit_abs":0.0,"wins":0,"draws":0,"losses":0,"trades":0,"profit_factor":0.0},{"date":"31/01/2026","date_ts":1769817600000,"profit_abs":0.0,"wins":0,"draws":0,"losses":0,"trades":0,"profit_factor":0.0},{"date":"01/02/2026","date_ts":1769904000000,"profit_abs":0.0,"wins":0,"draws":0,"losses":0,"trades":0,"profit_factor":0.0},{"date":"02/02/2026","date_ts":1769990400000,"profit_abs":0.0,"wins":0,"draws":0,"losses":0,"trades":0,"profit_factor":0.0},{"date":"03/02/2026","date_ts":1770076800000,"profit_abs":0.0,"wins":0,"draws":0,"losses":0,"trades":0,"profit_factor":0.0},{"date":"04/02/2026","date_ts":1770163200000,"profit_abs":0.0,"wins":0,"draws":0,"losses":0,"trades":0,"profit_factor":0.0},{"date":"05/02/2026","date_ts":1770249600000,"profit_abs":0.0,"wins":0,"draws":0,"losses":0,"trades":0,"profit_factor":0.0},{"date":"06/02/2026","date_ts":1770336000000,"profit_abs":0.0,"wins":0,"draws":0,"losses":0,"trades":0,"profit_factor":0.0},{"date":"07/02/2026","date_ts":1770422400000,"profit_abs":0.0,"wins":0,"draws":0,"losses":0,"trades":0,"profit_factor":0.0},{"date":"08/02/2026","date_ts":1770508800000,"profit_abs":0.0,"wins":0,"draws":0,"losses":0,"trades":0,"profit_factor":0.0},{"date":"09/02/2026","date_ts":1770595200000,"profit_abs":0.0,"wins":0,"draws":0,"losses":0,"trades":0,"profit_factor":0.0},{"date":"10/02/2026","date_ts":1770681600000,"profit_abs":0.0,"wins":0,"draws":0,"losses":0,"trades":0,"profit_factor":0.0},{"date":"11/02/2026","date_ts":1770768000000,"profit_abs":0.0,"wins":0,"draws":0,"losses":0,"trades":0,"profit_factor":0.0},{"date":"12/02/2026","date_ts":1770854400000,"profit_abs":0.0,"wins":0,"draws":0,"losses":0,"trades":0,"profit_factor":0.0},{"date":"13/02/2026","date_ts":1770940800000,"profit_abs":0.0,"wins":0,"draws":0,"losses":0,"trades":0,"profit_factor":0.0},{"date":"14/02/2026","date_ts":1771027200000,"profit_abs":7.16380815,"wins":2,"draws":0,"losses":0,"trades":2,"profit_factor":0.0},{"date":"15/02/2026","date_ts":1771113600000,"profit_abs":-2.03761866,"wins":1,"draws":0,"losses":1,"trades":2,"profit_factor":0.34153217}],"week":[{"date":"08/12/2025","date_ts":1765152000000,"profit_abs":-3.15479244,"wins":0,"draws":0,"losses":1,"trades":1,"profit_factor":0.0},{"date":"15/12/2025","date_ts":1765756800000,"profit_abs":0.0,"wins":0,"draws":0,"losses":0,"trades":0,"profit_factor":0.0},{"date":"22/12/2025","date_ts":1766361600000,"profit_abs":1.28466823,"wins":1,"draws":0,"losses":0,"trades":1,"profit_factor":0.0},{"date":"29/12/2025","date_ts":1766966400000,"profit_abs":-3.06945811,"wins":0,"draws":0,"losses":1,"trades":1,"profit_factor":0.0},{"date":"05/01/2026","date_ts":1767571200000,"profit_abs":1.98070031,"wins":2,"draws":0,"losses":1,"trades":3,"profit_factor":1.64533819},{"date":"12/01/2026","date_ts":1768176000000,"profit_abs":-9.43613452,"wins":0,"draws":0,"losses":3,"trades":3,"profit_factor":0.0},{"date":"19/01/2026","date_ts":1768780800000,"profit_abs":7.25797884,"wins":2,"draws":0,"losses":0,"trades":2,"profit_factor":0.0},{"date":"26/01/2026","date_ts":1769385600000,"profit_abs":0.0,"wins":0,"draws":0,"losses":0,"trades":0,"profit_factor":0.0},{"date":"02/02/2026","date_ts":1769990400000,"profit_abs":0.0,"wins":0,"draws":0,"losses":0,"trades":0,"profit_factor":0.0},{"date":"09/02/2026","date_ts":1770595200000,"profit_abs":0.0,"wins":0,"draws":0,"losses":0,"trades":0,"profit_factor":0.0},{"date":"16/02/2026","date_ts":1771200000000,"profit_abs":5.12618949,"wins":3,"draws":0,"losses":1,"trades":4,"profit_factor":2.65655671}],"month":[{"date":"31/12/2025","date_ts":1767139200000,"profit_abs":-4.93958232,"wins":1,"draws":0,"losses":2,"trades":3,"profit_factor":0.20639726},{"date":"31/01/2026","date_ts":1769817600000,"profit_abs":-0.19745537,"wins":4,"draws":0,"losses":4,"trades":8,"profit_factor":0.98421036},{"date":"28/02/2026","date_ts":1772236800000,"profit_abs":5.12618949,"wins":3,"draws":0,"losses":1,"trades":4,"profit_factor":2.65655671}],"year":[{"date":"31/12/2025","date_ts":1767139200000,"profit_abs":-4.93958232,"wins":1,"draws":0,"losses":2,"trades":3,"profit_factor":0.20639726},{"date":"31/12/2026","date_ts":1798675200000,"profit_abs":4.92873412,"wins":7,"draws":0,"losses":5,"trades":12,"profit_factor":1.31594727}],"weekday":[{"date":"Monday","date_ts":0,"profit_abs":-1.89000384,"wins":1,"draws":0,"losses":1,"trades":2,"profit_factor":0.40466171},{"date":"Tuesday","date_ts":1,"profit_abs":-3.38078056,"wins":1,"draws":0,"losses":3,"trades":4,"profit_factor":0.63767985},{"date":"Wednesday","date_ts":2,"profit_abs":1.30783884,"wins":1,"draws":0,"losses":0,"trades":1,"profit_factor":0.0},{"date":"Friday","date_ts":4,"profit_abs":1.8951518,"wins":2,"draws":0,"losses":1,"trades":3,"profit_factor":1.60072155},{"date":"Saturday","date_ts":5,"profit_abs":7.16380815,"wins":2,"draws":0,"losses":0,"trades":2,"profit_factor":0.0},{"date":"Sunday","date_ts":6,"profit_abs":-5.10686259,"wins":1,"draws":0,"losses":2,"trades":3,"profit_factor":0.17146538}]},"backtest_best_day":0.07225058135599867,"backtest_worst_day":-0.06317076557656882,"backtest_best_day_abs":7.16380815,"backtest_worst_day_abs":-6.26146245,"winning_days":5,"draw_days":62,"losing_days":6,"daily_profit":[["2025-12-05",-3.15479244],["2025-12-06",0.0],["2025-12-07",0.0],["2025-12-08",0.0],["2025-12-09",0.0],["2025-12-10",0.0],["2025-12-11",0.0],["2025-12-12",0.0],["2025-12-13",0.0],["2025-12-14",0.0],["2025-12-15",0.0],["2025-12-16",0.0],["2025-12-17",0.0],["2025-12-18",0.0],["2025-12-19",0.0],["2025-12-20",0.0],["2025-12-21",0.0],["2025-12-22",1.28466823],["2025-12-23",-3.06945811],["2025-12-24",0.0],["2025-12-25",0.0],["2025-12-26",0.0],["2025-12-27",0.0],["2025-12-28",0.0],["2025-12-29",0.0],["2025-12-30",0.0],["2025-12-31",0.0],["2026-01-01",0.0],["2026-01-02",5.04994424],["2026-01-03",0.0],["2026-01-04",-3.06924393],["2026-01-05",0.0],["2026-01-06",-6.26146245],["2026-01-07",0.0],["2026-01-08",0.0],["2026-01-09",0.0],["2026-01-10",0.0],["2026-01-11",0.0],["2026-01-12",-3.17467207],["2026-01-13",5.95014],["2026-01-14",1.30783884],["2026-01-15",0.0],["2026-01-16",0.0],["2026-01-17",0.0],["2026-01-18",0.0],["2026-01-19",0.0],["2026-01-20",0.0],["2026-01-21",0.0],["2026-01-22",0.0],["2026-01-23",0.0],["2026-01-24",0.0],["2026-01-25",0.0],["2026-01-26",0.0],["2026-01-27",0.0],["2026-01-28",0.0],["2026-01-29",0.0],["2026-01-30",0.0],["2026-01-31",0.0],["2026-02-01",0.0],["2026-02-02",0.0],["2026-02-03",0.0],["2026-02-04",0.0],["2026-02-05",0.0],["2026-02-06",0.0],["2026-02-07",0.0],["2026-02-08",0.0],["2026-02-09",0.0],["2026-02-10",0.0],["2026-02-11",0.0],["2026-02-12",0.0],["2026-02-13",0.0],["2026-02-14",7.16380815],["2026-02-15",-2.03761866]],"wins":8,"losses":7,"draws":0,"winrate":0.5333333333333333,"holding_avg":"13:36:00","holding_avg_s":48960.0,"winner_holding_min":"0d 01:30","winner_holding_min_s":5400.0,"winner_holding_max":"2d 06:00","winner_holding_max_s":194400.0,"winner_holding_avg":"0d 09:15","winner_holding_avg_s":33300.0,"loser_holding_min":"0d 00:30","loser_holding_min_s":1800.0,"loser_holding_max":"2d 04:00","loser_holding_max_s":187200.0,"loser_holding_avg":"0d 18:34","loser_holding_avg_s":66840.0,"max_consecutive_wins":5,"max_consecutive_losses":4,"max_drawdown_account":0.012503998484719517,"max_relative_drawdown":0.012503998484719517,"max_drawdown_abs":12.50537845,"drawdown_start":"2026-01-02 22:00:00","drawdown_start_ts":1767391200000.0,"drawdown_end":"2026-01-12 14:00:00","drawdown_end_ts":1768226400000.0,"drawdown_duration":"9 days 16:00:00","drawdown_duration_s":835200.0,"max_drawdown_low":-12.39501653,"max_drawdown_high":0.11036192000000034,"csum_min":987.60498347,"csum_max":1003.08363656}},"strategy_comparison":[{"key":"SupertrendFuturesStrategyV8_3","trades":15,"profit_mean":-2.5227574734455056e-05,"profit_mean_pct":-0.0,"profit_total_abs":-0.01084819999999942,"profit_total":-1.084819999999942e-05,"profit_total_pct":-0.0,"duration_avg":"13:36:00","wins":8,"draws":0,"losses":7,"winrate":0.5333333333333333,"cagr":-4.448906064036251e-05,"expectancy":-0.0007232133333332502,"expectancy_ratio":-0.0002319678768634148,"sortino":-0.05318710424850049,"sharpe":-0.000718292116661368,"calmar":-0.018623666953130905,"sqn":-0.0008,"profit_factor":0.9995029259781498,"max_drawdown_account":0.012503998484719517,"max_drawdown_abs":"12.505"}]}