{"strategy":{"SupertrendStrategy_Smart":{"trades":[{"pair":"ETH/USDT","stake_amount":99.99863292,"max_stake_amount":99.99863292,"amount":0.034082,"open_date":"2025-11-26 14:15:00+00:00","close_date":"2025-11-26 17:45:00+00:00","open_rate":2934.06,"close_rate":3031.0294341512267,"fee_open":0.0015,"fee_close":0.0015,"trade_duration":210,"profit_ratio":0.02995506742286603,"profit_abs":2.99995899,"exit_reason":"roi","initial_stop_loss_abs":2787.357,"initial_stop_loss_ratio":-0.05,"stop_loss_abs":2972.34,"stop_loss_ratio":-0.02,"min_rate":2904.4,"max_rate":3033.0,"is_open":false,"enter_tag":"","leverage":1.0,"is_short":false,"open_timestamp":1764166500000,"close_timestamp":1764179100000,"orders":[{"amount":0.034082,"safe_price":2934.06,"ft_order_side":"buy","order_filled_timestamp":1764166500000,"ft_is_entry":true,"ft_order_tag":"","cost":100.14863086938001},{"amount":0.034082,"safe_price":3031.0294341512267,"ft_order_side":"sell","order_filled_timestamp":1764179100000,"ft_is_entry":false,"ft_order_tag":"roi","cost":103.45850049250423}],"funding_fees":0.0,"weekday":2},{"pair":"ETH/USDT","stake_amount":99.99899697,"max_stake_amount":99.99899697,"amount":0.033151,"open_date":"2025-11-26 18:45:00+00:00","close_date":"2025-11-28 13:45:00+00:00","open_rate":3016.47,"close_rate":3085.953034551828,"fee_open":0.0015,"fee_close":0.0015,"trade_duration":2580,"profit_ratio":0.019970044938592172,"profit_abs":1.99997994,"exit_reason":"roi","initial_stop_loss_abs":2865.6465,"initial_stop_loss_ratio":-0.05,"stop_loss_abs":2865.6465,"stop_loss_ratio":-0.05,"min_rate":2986.19,"max_rate":3087.28,"is_open":false,"enter_tag":"","leverage":1.0,"is_short":false,"open_timestamp":1764182700000,"close_timestamp":1764337500000,"orders":[{"amount":0.033151,"safe_price":3016.47,"ft_order_side":"buy","order_filled_timestamp":1764182700000,"ft_is_entry":true,"ft_order_tag":"","cost":100.148995465455},{"amount":0.033151,"safe_price":3085.953034551828,"ft_order_side":"sell","order_filled_timestamp":1764337500000,"ft_is_entry":false,"ft_order_tag":"roi","cost":102.45588269200029}],"funding_fees":0.0,"weekday":4},{"pair":"ETH/USDT","stake_amount":99.99757777,"max_stake_amount":99.99757777,"amount":0.032569,"open_date":"2025-11-28 15:45:00+00:00","close_date":"2025-12-01 00:00:00+00:00","open_rate":3070.33,"close_rate":2916.8134999999997,"fee_open":0.0015,"fee_close":0.0015,"trade_duration":3375,"profit_ratio":-0.052845731368174394,"profit_abs":-5.2923718,"exit_reason":"stop_loss","initial_stop_loss_abs":2916.8134999999997,"initial_stop_loss_ratio":-0.05,"stop_loss_abs":2916.8134999999997,"stop_loss_ratio":-0.05,"min_rate":2905.0,"max_rate":3077.61,"is_open":false,"enter_tag":"","leverage":1.0,"is_short":false,"open_timestamp":1764344700000,"close_timestamp":1764547200000,"orders":[{"amount":0.032569,"safe_price":3070.33,"ft_order_side":"buy","order_filled_timestamp":1764344700000,"ft_is_entry":true,"ft_order_tag":"","cost":100.14757413665501},{"amount":0.032569,"safe_price":2916.8134999999997,"ft_order_side":"sell","order_filled_timestamp":1764547200000,"ft_is_entry":false,"ft_order_tag":"stop_loss","cost":95.14019542982226}],"funding_fees":0.0,"weekday":0},{"pair":"ETH/USDT","stake_amount":99.998492,"max_stake_amount":99.998492,"amount":0.033178,"open_date":"2025-12-02 22:15:00+00:00","close_date":"2025-12-03 06:15:00+00:00","open_rate":3014.0,"close_rate":3083.4261392088133,"fee_open":0.0015,"fee_close":0.0015,"trade_duration":480,"profit_ratio":0.0199700449326011,"profit_abs":1.99996984,"exit_reason":"roi","initial_stop_loss_abs":2863.2999999999997,"initial_stop_loss_ratio":-0.05,"stop_loss_abs":2863.2999999999997,"stop_loss_ratio":-0.05,"min_rate":2985.55,"max_rate":3085.79,"is_open":false,"enter_tag":"","leverage":1.0,"is_short":false,"open_timestamp":1764713700000,"close_timestamp":1764742500000,"orders":[{"amount":0.033178,"safe_price":3014.0,"ft_order_side":"buy","order_filled_timestamp":1764713700000,"ft_is_entry":true,"ft_order_tag":"","cost":100.14848973800001},{"amount":0.033178,"safe_price":3083.4261392088133,"ft_order_side":"sell","order_filled_timestamp":1764742500000,"ft_is_entry":false,"ft_order_tag":"roi","cost":102.45536531534002}],"funding_fees":0.0,"weekday":2},{"pair":"ETH/USDT","stake_amount":99.997536,"max_stake_amount":99.997536,"amount":0.03264,"open_date":"2025-12-03 06:45:00+00:00","close_date":"2025-12-03 14:30:00+00:00","open_rate":3063.65,"close_rate":3134.2198047070606,"fee_open":0.0015,"fee_close":0.0015,"trade_duration":465,"profit_ratio":0.0199700449326011,"profit_abs":1.99995072,"exit_reason":"roi","initial_stop_loss_abs":2910.4674999999997,"initial_stop_loss_ratio":-0.05,"stop_loss_abs":2910.4674999999997,"stop_loss_ratio":-0.05,"min_rate":3028.87,"max_rate":3146.0,"is_open":false,"enter_tag":"","leverage":1.0,"is_short":false,"open_timestamp":1764744300000,"close_timestamp":1764772200000,"orders":[{"amount":0.03264,"safe_price":3063.65,"ft_order_side":"buy","order_filled_timestamp":1764744300000,"ft_is_entry":true,"ft_order_tag":"","cost":100.14753230400002},{"amount":0.03264,"safe_price":3134.2198047070606,"ft_order_side":"sell","order_filled_timestamp":1764772200000,"ft_is_entry":false,"ft_order_tag":"roi","cost":102.45438582727692}],"funding_fees":0.0,"weekday":2},{"pair":"BTC/USDT","stake_amount":99.99986431,"max_stake_amount":99.99986431,"amount":0.00108871,"open_date":"2025-12-02 22:15:00+00:00","close_date":"2025-12-03 22:45:00+00:00","open_rate":91851.7,"close_rate":93967.46274411617,"fee_open":0.0015,"fee_close":0.0015,"trade_duration":1470,"profit_ratio":0.01997004497114334,"profit_abs":1.99999729,"exit_reason":"roi","initial_stop_loss_abs":87259.11499999999,"initial_stop_loss_ratio":-0.05,"stop_loss_abs":87259.11499999999,"stop_loss_ratio":-0.05,"min_rate":91004.0,"max_rate":94162.8,"is_open":false,"enter_tag":"","leverage":1.0,"is_short":false,"open_timestamp":1764713700000,"close_timestamp":1764801900000,"orders":[{"amount":0.00108871,"safe_price":91851.7,"ft_order_side":"buy","order_filled_timestamp":1764713700000,"ft_is_entry":true,"ft_order_tag":"","cost":100.14986410346049},{"amount":0.00108871,"safe_price":93967.46274411617,"ft_order_side":"sell","order_filled_timestamp":1764801900000,"ft_is_entry":false,"ft_order_tag":"roi","cost":102.45677133869293}],"funding_fees":0.0,"weekday":2},{"pair":"ETH/USDT","stake_amount":99.99927063,"max_stake_amount":99.99927063,"amount":0.031931,"open_date":"2025-12-03 14:45:00+00:00","close_date":"2025-12-03 23:00:00+00:00","open_rate":3131.73,"close_rate":3203.867996995493,"fee_open":0.0015,"fee_close":0.0015,"trade_duration":495,"profit_ratio":0.019970044906639853,"profit_abs":1.99998541,"exit_reason":"roi","initial_stop_loss_abs":2975.1434999999997,"initial_stop_loss_ratio":-0.05,"stop_loss_abs":2975.1434999999997,"stop_loss_ratio":-0.05,"min_rate":3056.72,"max_rate":3218.05,"is_open":false,"enter_tag":"","leverage":1.0,"is_short":false,"open_timestamp":1764773100000,"close_timestamp":1764802800000,"orders":[{"amount":0.031931,"safe_price":3131.73,"ft_order_side":"buy","order_filled_timestamp":1764773100000,"ft_is_entry":true,"ft_order_tag":"","cost":100.14926953594501},{"amount":0.031931,"safe_price":3203.867996995493,"ft_order_side":"sell","order_filled_timestamp":1764802800000,"ft_is_entry":false,"ft_order_tag":"roi","cost":102.45616307558119}],"funding_fees":0.0,"weekday":2},{"pair":"BTC/USDT","stake_amount":99.99962595,"max_stake_amount":99.99962595,"amount":0.0010665,"open_date":"2025-12-03 23:15:00+00:00","close_date":"2025-12-05 16:15:00+00:00","open_rate":93764.3,"close_rate":89076.08499999999,"fee_open":0.0015,"fee_close":0.0015,"trade_duration":2460,"profit_ratio":-0.05284573136890901,"profit_abs":-5.2924802,"exit_reason":"stop_loss","initial_stop_loss_abs":89076.08499999999,"initial_stop_loss_ratio":-0.05,"stop_loss_abs":89076.08499999999,"stop_loss_ratio":-0.05,"min_rate":88900.0,"max_rate":94074.9,"is_open":false,"enter_tag":"","leverage":1.0,"is_short":false,"open_timestamp":1764803700000,"close_timestamp":1764951300000,"orders":[{"amount":0.0010665,"safe_price":93764.3,"ft_order_side":"buy","order_filled_timestamp":1764803700000,"ft_is_entry":true,"ft_order_tag":"","cost":100.149625388925},{"amount":0.0010665,"safe_price":89076.08499999999,"ft_order_side":"sell","order_filled_timestamp":1764951300000,"ft_is_entry":false,"ft_order_tag":"stop_loss","cost":95.14214411947874}],"funding_fees":0.0,"weekday":4},{"pair":"ETH/USDT","stake_amount":99.9985567,"max_stake_amount":99.9985567,"amount":0.031321,"open_date":"2025-12-03 23:15:00+00:00","close_date":"2025-12-05 16:30:00+00:00","open_rate":3192.7,"close_rate":3033.0649999999996,"fee_open":0.0015,"fee_close":0.0015,"trade_duration":2475,"profit_ratio":-0.052845731369470315,"profit_abs":-5.29242361,"exit_reason":"stop_loss","initial_stop_loss_abs":3033.0649999999996,"initial_stop_loss_ratio":-0.05,"stop_loss_abs":3033.0649999999996,"stop_loss_ratio":-0.05,"min_rate":3000.0,"max_rate":3240.74,"is_open":false,"enter_tag":"","leverage":1.0,"is_short":false,"open_timestamp":1764803700000,"close_timestamp":1764952200000,"orders":[{"amount":0.031321,"safe_price":3192.7,"ft_order_side":"buy","order_filled_timestamp":1764803700000,"ft_is_entry":true,"ft_order_tag":"","cost":100.14855453505},{"amount":0.031321,"safe_price":3033.0649999999996,"ft_order_side":"sell","order_filled_timestamp":1764952200000,"ft_is_entry":false,"ft_order_tag":"stop_loss","cost":95.14112680829749}],"funding_fees":0.0,"weekday":4},{"pair":"ETH/USDT","stake_amount":99.9974604,"max_stake_amount":99.9974604,"amount":0.02957,"open_date":"2025-12-10 19:00:00+00:00","close_date":"2025-12-11 02:15:00+00:00","open_rate":3381.72,"close_rate":3212.6339999999996,"fee_open":0.0015,"fee_close":0.0015,"trade_duration":435,"profit_ratio":-0.05284573138622025,"profit_abs":-5.29236559,"exit_reason":"stop_loss","initial_stop_loss_abs":3212.6339999999996,"initial_stop_loss_ratio":-0.05,"stop_loss_abs":3212.6339999999996,"stop_loss_ratio":-0.05,"min_rate":3212.47,"max_rate":3448.0,"is_open":false,"enter_tag":"","leverage":1.0,"is_short":false,"open_timestamp":1765393200000,"close_timestamp":1765419300000,"orders":[{"amount":0.02957,"safe_price":3381.72,"ft_order_side":"buy","order_filled_timestamp":1765393200000,"ft_is_entry":true,"ft_order_tag":"","cost":100.1474565906},{"amount":0.02957,"safe_price":3212.6339999999996,"ft_order_side":"sell","order_filled_timestamp":1765419300000,"ft_is_entry":false,"ft_order_tag":"stop_loss","cost":95.14008376106999}],"funding_fees":0.0,"weekday":3},{"pair":"ETH/USDT","stake_amount":99.99741892,"max_stake_amount":99.99741892,"amount":0.030922,"open_date":"2025-12-11 21:15:00+00:00","close_date":"2025-12-12 15:45:00+00:00","open_rate":3233.86,"close_rate":3072.167,"fee_open":0.0015,"fee_close":0.0015,"trade_duration":1110,"profit_ratio":-0.052845731439431796,"profit_abs":-5.2923634,"exit_reason":"stop_loss","initial_stop_loss_abs":3072.167,"initial_stop_loss_ratio":-0.05,"stop_loss_abs":3072.167,"stop_loss_ratio":-0.05,"min_rate":3057.23,"max_rate":3273.33,"is_open":false,"enter_tag":"","leverage":1.0,"is_short":false,"open_timestamp":1765487700000,"close_timestamp":1765554300000,"orders":[{"amount":0.030922,"safe_price":3233.86,"ft_order_side":"buy","order_filled_timestamp":1765487700000,"ft_is_entry":true,"ft_order_tag":"","cost":100.14741504838003},{"amount":0.030922,"safe_price":3072.167,"ft_order_side":"sell","order_filled_timestamp":1765554300000,"ft_is_entry":false,"ft_order_tag":"stop_loss","cost":95.140044295961}],"funding_fees":0.0,"weekday":4},{"pair":"ETH/USDT","stake_amount":99.9991382,"max_stake_amount":99.9991382,"amount":0.03406,"open_date":"2025-12-18 14:15:00+00:00","close_date":"2025-12-18 19:30:00+00:00","open_rate":2935.97,"close_rate":2789.1714999999995,"fee_open":0.0015,"fee_close":0.0015,"trade_duration":315,"profit_ratio":-0.05284573141053426,"profit_abs":-5.29245439,"exit_reason":"stop_loss","initial_stop_loss_abs":2789.1714999999995,"initial_stop_loss_ratio":-0.05,"stop_loss_abs":2789.1714999999995,"stop_loss_ratio":-0.05,"min_rate":2787.14,"max_rate":2997.65,"is_open":false,"enter_tag":"","leverage":1.0,"is_short":false,"open_timestamp":1766067300000,"close_timestamp":1766086200000,"orders":[{"amount":0.03406,"safe_price":2935.97,"ft_order_side":"buy","order_filled_timestamp":1766067300000,"ft_is_entry":true,"ft_order_tag":"","cost":100.14913690729999},{"amount":0.03406,"safe_price":2789.1714999999995,"ft_order_side":"sell","order_filled_timestamp":1766086200000,"ft_is_entry":false,"ft_order_tag":"stop_loss","cost":95.14168006193499}],"funding_fees":0.0,"weekday":3},{"pair":"ETH/USDT","stake_amount":99.998687,"max_stake_amount":99.998687,"amount":0.033925,"open_date":"2025-12-19 07:00:00+00:00","close_date":"2025-12-19 15:15:00+00:00","open_rate":2947.64,"close_rate":3015.5375663495242,"fee_open":0.0015,"fee_close":0.0015,"trade_duration":495,"profit_ratio":0.019970044932601096,"profit_abs":1.99997374,"exit_reason":"roi","initial_stop_loss_abs":2800.258,"initial_stop_loss_ratio":-0.05,"stop_loss_abs":2800.258,"stop_loss_ratio":-0.05,"min_rate":2938.01,"max_rate":3018.79,"is_open":false,"enter_tag":"","leverage":1.0,"is_short":false,"open_timestamp":1766127600000,"close_timestamp":1766157300000,"orders":[{"amount":0.033925,"safe_price":2947.64,"ft_order_side":"buy","order_filled_timestamp":1766127600000,"ft_is_entry":true,"ft_order_tag":"","cost":100.14868503049999},{"amount":0.033925,"safe_price":3015.5375663495242,"ft_order_side":"sell","order_filled_timestamp":1766157300000,"ft_is_entry":false,"ft_order_tag":"roi","cost":102.45556510631522}],"funding_fees":0.0,"weekday":4},{"pair":"ETH/USDT","stake_amount":99.99889424,"max_stake_amount":99.99889424,"amount":0.033712,"open_date":"2025-12-19 15:30:00+00:00","close_date":"2025-12-22 00:00:00+00:00","open_rate":2966.27,"close_rate":3034.5967000500755,"fee_open":0.0015,"fee_close":0.0015,"trade_duration":3390,"profit_ratio":0.01997004488467246,"profit_abs":1.99997788,"exit_reason":"roi","initial_stop_loss_abs":2817.9565,"initial_stop_loss_ratio":-0.05,"stop_loss_abs":2817.9565,"stop_loss_ratio":-0.05,"min_rate":2935.3,"max_rate":3047.19,"is_open":false,"enter_tag":"","leverage":1.0,"is_short":false,"open_timestamp":1766158200000,"close_timestamp":1766361600000,"orders":[{"amount":0.033712,"safe_price":2966.27,"ft_order_side":"buy","order_filled_timestamp":1766158200000,"ft_is_entry":true,"ft_order_tag":"","cost":100.14889258136},{"amount":0.033712,"safe_price":3034.5967000500755,"ft_order_side":"sell","order_filled_timestamp":1766361600000,"ft_is_entry":false,"ft_order_tag":"roi","cost":102.45577743801628}],"funding_fees":0.0,"weekday":0},{"pair":"BTC/USDT","stake_amount":99.9992979,"max_stake_amount":99.9992979,"amount":0.00114174,"open_date":"2025-12-17 14:15:00+00:00","close_date":"2025-12-22 00:15:00+00:00","open_rate":87585.0,"close_rate":89602.48122183274,"fee_open":0.0015,"fee_close":0.0015,"trade_duration":6360,"profit_ratio":0.01997004495257128,"profit_abs":1.99998596,"exit_reason":"roi","initial_stop_loss_abs":83205.75,"initial_stop_loss_ratio":-0.05,"stop_loss_abs":83205.75,"stop_loss_ratio":-0.05,"min_rate":84456.2,"max_rate":90375.0,"is_open":false,"enter_tag":"","leverage":1.0,"is_short":false,"open_timestamp":1765980900000,"close_timestamp":1766362500000,"orders":[{"amount":0.00114174,"safe_price":87585.0,"ft_order_side":"buy","order_filled_timestamp":1765980900000,"ft_is_entry":true,"ft_order_tag":"","cost":100.14929684685},{"amount":0.00114174,"safe_price":89602.48122183274,"ft_order_side":"sell","order_filled_timestamp":1766362500000,"ft_is_entry":false,"ft_order_tag":"roi","cost":102.45619101558064}],"funding_fees":0.0,"weekday":0},{"pair":"ETH/USDT","stake_amount":99.99983961,"max_stake_amount":99.99983961,"amount":0.032999,"open_date":"2025-12-22 01:15:00+00:00","close_date":"2026-01-02 14:45:00+00:00","open_rate":3030.39,"close_rate":3100.1936755132697,"fee_open":0.0015,"fee_close":0.0015,"trade_duration":16650,"profit_ratio":0.019970044910634012,"profit_abs":1.99999679,"exit_reason":"roi","initial_stop_loss_abs":2878.8704999999995,"initial_stop_loss_ratio":-0.05,"stop_loss_abs":2878.8704999999995,"stop_loss_ratio":-0.05,"min_rate":2888.88,"max_rate":3109.54,"is_open":false,"enter_tag":"","leverage":1.0,"is_short":false,"open_timestamp":1766366100000,"close_timestamp":1767365100000,"orders":[{"amount":0.032999,"safe_price":3030.39,"ft_order_side":"buy","order_filled_timestamp":1766366100000,"ft_is_entry":true,"ft_order_tag":"","cost":100.149839369415},{"amount":0.032999,"safe_price":3100.1936755132697,"ft_order_side":"sell","order_filled_timestamp":1767365100000,"ft_is_entry":false,"ft_order_tag":"roi","cost":102.45674603490978}],"funding_fees":0.0,"weekday":4},{"pair":"DOGE/USDT","stake_amount":99.9999999,"max_stake_amount":99.9999999,"amount":750.75075,"open_date":"2026-01-02 14:45:00+00:00","close_date":"2026-01-02 16:45:00+00:00","open_rate":0.1332,"close_rate":0.13760220330495745,"fee_open":0.0015,"fee_close":0.0015,"trade_duration":120,"profit_ratio":0.029955067428856716,"profit_abs":3.0,"exit_reason":"roi","initial_stop_loss_abs":0.12654,"initial_stop_loss_ratio":-0.05,"stop_loss_abs":0.13577,"stop_loss_ratio":-0.02,"min_rate":0.13265,"max_rate":0.13854,"is_open":false,"enter_tag":"","leverage":1.0,"is_short":false,"open_timestamp":1767365100000,"close_timestamp":1767372300000,"orders":[{"amount":750.75075,"safe_price":0.1332,"ft_order_side":"buy","order_filled_timestamp":1767365100000,"ft_is_entry":true,"ft_order_tag":"","cost":100.14999989985003},{"amount":750.75075,"safe_price":0.13760220330495745,"ft_order_side":"sell","order_filled_timestamp":1767372300000,"ft_is_entry":false,"ft_order_tag":"roi","cost":103.45991476884858}],"funding_fees":0.0,"weekday":4},{"pair":"BTC/USDT","stake_amount":99.9992913,"max_stake_amount":99.9992913,"amount":0.00112195,"open_date":"2025-12-22 00:45:00+00:00","close_date":"2026-01-04 00:00:00+00:00","open_rate":89129.9,"close_rate":91182.96730095141,"fee_open":0.0015,"fee_close":0.0015,"trade_duration":18675,"profit_ratio":0.01997004497154296,"profit_abs":1.99998583,"exit_reason":"roi","initial_stop_loss_abs":84673.40499999998,"initial_stop_loss_ratio":-0.05,"stop_loss_abs":84673.40499999998,"stop_loss_ratio":-0.05,"min_rate":86400.0,"max_rate":91612.7,"is_open":false,"enter_tag":"","leverage":1.0,"is_short":false,"open_timestamp":1766364300000,"close_timestamp":1767484800000,"orders":[{"amount":0.00112195,"safe_price":89129.9,"ft_order_side":"buy","order_filled_timestamp":1766364300000,"ft_is_entry":true,"ft_order_tag":"","cost":100.1492902419575},{"amount":0.00112195,"safe_price":91182.96730095141,"ft_order_side":"sell","order_filled_timestamp":1767484800000,"ft_is_entry":false,"ft_order_tag":"roi","cost":102.4561842585474}],"funding_fees":0.0,"weekday":6},{"pair":"ETH/USDT","stake_amount":99.99941318,"max_stake_amount":99.99941318,"amount":0.031918,"open_date":"2026-01-02 17:30:00+00:00","close_date":"2026-01-05 01:30:00+00:00","open_rate":3133.01,"close_rate":3205.1774812218327,"fee_open":0.0015,"fee_close":0.0015,"trade_duration":3360,"profit_ratio":0.019970044896654805,"profit_abs":1.99998826,"exit_reason":"roi","initial_stop_loss_abs":2976.3595,"initial_stop_loss_ratio":-0.05,"stop_loss_abs":2976.3595,"stop_loss_ratio":-0.05,"min_rate":3075.82,"max_rate":3222.0,"is_open":false,"enter_tag":"","leverage":1.0,"is_short":false,"open_timestamp":1767375000000,"close_timestamp":1767576600000,"orders":[{"amount":0.031918,"safe_price":3133.01,"ft_order_side":"buy","order_filled_timestamp":1767375000000,"ft_is_entry":true,"ft_order_tag":"","cost":100.14941229977002},{"amount":0.031918,"safe_price":3205.1774812218327,"ft_order_side":"sell","order_filled_timestamp":1767576600000,"ft_is_entry":false,"ft_order_tag":"roi","cost":102.45630912790693}],"funding_fees":0.0,"weekday":0},{"pair":"BTC/USDT","stake_amount":99.99966877,"max_stake_amount":99.99966877,"amount":0.00109769,"open_date":"2026-01-04 00:30:00+00:00","close_date":"2026-01-05 01:30:00+00:00","open_rate":91100.1,"close_rate":93198.54997496244,"fee_open":0.0015,"fee_close":0.0015,"trade_duration":1500,"profit_ratio":0.019970044978732053,"profit_abs":1.99999338,"exit_reason":"roi","initial_stop_loss_abs":86545.095,"initial_stop_loss_ratio":-0.05,"stop_loss_abs":86545.095,"stop_loss_ratio":-0.05,"min_rate":90875.0,"max_rate":93411.5,"is_open":false,"enter_tag":"","leverage":1.0,"is_short":false,"open_timestamp":1767486600000,"close_timestamp":1767576600000,"orders":[{"amount":0.00109769,"safe_price":91100.1,"ft_order_side":"buy","order_filled_timestamp":1767486600000,"ft_is_entry":true,"ft_order_tag":"","cost":100.1496682721535},{"amount":0.00109769,"safe_price":93198.54997496244,"ft_order_side":"sell","order_filled_timestamp":1767576600000,"ft_is_entry":false,"ft_order_tag":"roi","cost":102.45657099649955}],"funding_fees":0.0,"weekday":0},{"pair":"ETH/USDT","stake_amount":99.99982545,"max_stake_amount":99.99982545,"amount":0.031269,"open_date":"2026-01-05 02:00:00+00:00","close_date":"2026-01-06 14:00:00+00:00","open_rate":3198.05,"close_rate":3271.7156484727093,"fee_open":0.0015,"fee_close":0.0015,"trade_duration":2160,"profit_ratio":0.019970044942586137,"profit_abs":1.99999651,"exit_reason":"roi","initial_stop_loss_abs":3038.1475,"initial_stop_loss_ratio":-0.05,"stop_loss_abs":3038.1475,"stop_loss_ratio":-0.05,"min_rate":3135.23,"max_rate":3284.24,"is_open":false,"enter_tag":"","leverage":1.0,"is_short":false,"open_timestamp":1767578400000,"close_timestamp":1767708000000,"orders":[{"amount":0.031269,"safe_price":3198.05,"ft_order_side":"buy","order_filled_timestamp":1767578400000,"ft_is_entry":true,"ft_order_tag":"","cost":100.14982518817502},{"amount":0.031269,"safe_price":3271.7156484727093,"ft_order_side":"sell","order_filled_timestamp":1767708000000,"ft_is_entry":false,"ft_order_tag":"roi","cost":102.45673152701129}],"funding_fees":0.0,"weekday":1},{"pair":"ETH/USDT","stake_amount":99.99992244,"max_stake_amount":99.99992244,"amount":0.030382,"open_date":"2026-01-06 14:45:00+00:00","close_date":"2026-01-07 19:15:00+00:00","open_rate":3291.42,"close_rate":3126.8489999999997,"fee_open":0.0015,"fee_close":0.0015,"trade_duration":1710,"profit_ratio":-0.05284573145145286,"profit_abs":-5.2924959,"exit_reason":"stop_loss","initial_stop_loss_abs":3126.8489999999997,"initial_stop_loss_ratio":-0.05,"stop_loss_abs":3126.8489999999997,"stop_loss_ratio":-0.05,"min_rate":3125.27,"max_rate":3302.3,"is_open":false,"enter_tag":"","leverage":1.0,"is_short":false,"open_timestamp":1767710700000,"close_timestamp":1767813300000,"orders":[{"amount":0.030382,"safe_price":3291.42,"ft_order_side":"buy","order_filled_timestamp":1767710700000,"ft_is_entry":true,"ft_order_tag":"","cost":100.14992232366001},{"amount":0.030382,"safe_price":3126.8489999999997,"ft_order_side":"sell","order_filled_timestamp":1767813300000,"ft_is_entry":false,"ft_order_tag":"stop_loss","cost":95.142426207477}],"funding_fees":0.0,"weekday":2},{"pair":"SOL/USDT","stake_amount":99.99994725,"max_stake_amount":99.99994725,"amount":0.731475,"open_date":"2026-01-08 16:15:00+00:00","close_date":"2026-01-08 22:00:00+00:00","open_rate":136.71,"close_rate":139.85905358037056,"fee_open":0.0015,"fee_close":0.0015,"trade_duration":345,"profit_ratio":0.019970044982526237,"profit_abs":1.99999895,"exit_reason":"roi","initial_stop_loss_abs":129.8745,"initial_stop_loss_ratio":-0.05,"stop_loss_abs":129.8745,"stop_loss_ratio":-0.05,"min_rate":136.37,"max_rate":140.04,"is_open":false,"enter_tag":"","leverage":1.0,"is_short":false,"open_timestamp":1767888900000,"close_timestamp":1767909600000,"orders":[{"amount":0.731475,"safe_price":136.71,"ft_order_side":"buy","order_filled_timestamp":1767888900000,"ft_is_entry":true,"ft_order_tag":"","cost":100.14994717087501},{"amount":0.731475,"safe_price":139.85905358037056,"ft_order_side":"sell","order_filled_timestamp":1767909600000,"ft_is_entry":false,"ft_order_tag":"roi","cost":102.4568563195281}],"funding_fees":0.0,"weekday":3},{"pair":"SOL/USDT","stake_amount":99.999873,"max_stake_amount":99.999873,"amount":0.71454,"open_date":"2026-01-08 22:15:00+00:00","close_date":"2026-01-12 03:00:00+00:00","open_rate":139.95,"close_rate":143.17368552829242,"fee_open":0.0015,"fee_close":0.0015,"trade_duration":4605,"profit_ratio":0.019970044932601096,"profit_abs":1.99999746,"exit_reason":"roi","initial_stop_loss_abs":132.9525,"initial_stop_loss_ratio":-0.05,"stop_loss_abs":132.9525,"stop_loss_ratio":-0.05,"min_rate":134.97,"max_rate":144.23,"is_open":false,"enter_tag":"","leverage":1.0,"is_short":false,"open_timestamp":1767910500000,"close_timestamp":1768186800000,"orders":[{"amount":0.71454,"safe_price":139.95,"ft_order_side":"buy","order_filled_timestamp":1767910500000,"ft_is_entry":true,"ft_order_tag":"","cost":100.14987280949998},{"amount":0.71454,"safe_price":143.17368552829242,"ft_order_side":"sell","order_filled_timestamp":1768186800000,"ft_is_entry":false,"ft_order_tag":"roi","cost":102.45678024527214}],"funding_fees":0.0,"weekday":0},{"pair":"BTC/USDT","stake_amount":99.99932792,"max_stake_amount":99.99932792,"amount":0.00107502,"open_date":"2026-01-05 03:15:00+00:00","close_date":"2026-01-13 22:00:00+00:00","open_rate":93020.9,"close_rate":95163.59474211317,"fee_open":0.0015,"fee_close":0.0015,"trade_duration":12645,"profit_ratio":0.019970044948976643,"profit_abs":1.99998656,"exit_reason":"roi","initial_stop_loss_abs":88369.855,"initial_stop_loss_ratio":-0.05,"stop_loss_abs":94612.14,"stop_loss_ratio":-0.02,"min_rate":89327.8,"max_rate":96543.0,"is_open":false,"enter_tag":"","leverage":1.0,"is_short":false,"open_timestamp":1767582900000,"close_timestamp":1768341600000,"orders":[{"amount":0.00107502,"safe_price":93020.9,"ft_order_side":"buy","order_filled_timestamp":1767582900000,"ft_is_entry":true,"ft_order_tag":"","cost":100.14932690987702},{"amount":0.00107502,"safe_price":95163.59474211317,"ft_order_side":"sell","order_filled_timestamp":1768341600000,"ft_is_entry":false,"ft_order_tag":"roi","cost":102.45622177109601}],"funding_fees":0.0,"weekday":1},{"pair":"SOL/USDT","stake_amount":99.99990575,"max_stake_amount":99.99990575,"amount":0.694685,"open_date":"2026-01-12 03:15:00+00:00","close_date":"2026-01-13 22:00:00+00:00","open_rate":143.95,"close_rate":147.26582373560336,"fee_open":0.0015,"fee_close":0.0015,"trade_duration":2565,"profit_ratio":0.01997004488267594,"profit_abs":1.99999811,"exit_reason":"roi","initial_stop_loss_abs":136.75249999999997,"initial_stop_loss_ratio":-0.05,"stop_loss_abs":136.75249999999997,"stop_loss_ratio":-0.05,"min_rate":137.86,"max_rate":148.71,"is_open":false,"enter_tag":"","leverage":1.0,"is_short":false,"open_timestamp":1768187700000,"close_timestamp":1768341600000,"orders":[{"amount":0.694685,"safe_price":143.95,"ft_order_side":"buy","order_filled_timestamp":1768187700000,"ft_is_entry":true,"ft_order_tag":"","cost":100.149905608625},{"amount":0.694685,"safe_price":147.26582373560336,"ft_order_side":"sell","order_filled_timestamp":1768341600000,"ft_is_entry":false,"ft_order_tag":"roi","cost":102.45681379991028}],"funding_fees":0.0,"weekday":1},{"pair":"BTC/USDT","stake_amount":99.99909946,"max_stake_amount":99.99909946,"amount":0.00104903,"open_date":"2026-01-13 22:30:00+00:00","close_date":"2026-01-14 16:30:00+00:00","open_rate":95325.3,"close_rate":97521.07556334502,"fee_open":0.0015,"fee_close":0.0015,"trade_duration":1080,"profit_ratio":0.01997004494078889,"profit_abs":1.99998199,"exit_reason":"roi","initial_stop_loss_abs":90559.035,"initial_stop_loss_ratio":-0.05,"stop_loss_abs":90559.035,"stop_loss_ratio":-0.05,"min_rate":94521.7,"max_rate":97535.1,"is_open":false,"enter_tag":"","leverage":1.0,"is_short":false,"open_timestamp":1768343400000,"close_timestamp":1768408200000,"orders":[{"amount":0.00104903,"safe_price":95325.3,"ft_order_side":"buy","order_filled_timestamp":1768343400000,"ft_is_entry":true,"ft_order_tag":"","cost":100.14909810818851},{"amount":0.00104903,"safe_price":97521.07556334502,"ft_order_side":"sell","order_filled_timestamp":1768408200000,"ft_is_entry":false,"ft_order_tag":"roi","cost":102.45598769906316}],"funding_fees":0.0,"weekday":2},{"pair":"DOGE/USDT","stake_amount":99.99999993,"max_stake_amount":99.99999993,"amount":665.911966,"open_date":"2026-01-14 16:30:00+00:00","close_date":"2026-01-15 03:30:00+00:00","open_rate":0.15017,"close_rate":0.14267,"fee_open":0.0015,"fee_close":0.0015,"trade_duration":660,"profit_ratio":-0.052789298487046325,"profit_abs":-5.28684824,"exit_reason":"stop_loss","initial_stop_loss_abs":0.14267,"initial_stop_loss_ratio":-0.05,"stop_loss_abs":0.14267,"stop_loss_ratio":-0.05,"min_rate":0.14246,"max_rate":0.1513,"is_open":false,"enter_tag":"","leverage":1.0,"is_short":false,"open_timestamp":1768408200000,"close_timestamp":1768447800000,"orders":[{"amount":665.911966,"safe_price":0.15017,"ft_order_side":"buy","order_filled_timestamp":1768408200000,"ft_is_entry":true,"ft_order_tag":"","cost":100.14999993412134},{"amount":665.911966,"safe_price":0.14267,"ft_order_side":"sell","order_filled_timestamp":1768447800000,"ft_is_entry":false,"ft_order_tag":"stop_loss","cost":95.14816867950383}],"funding_fees":0.0,"weekday":3},{"pair":"DOGE/USDT","stake_amount":99.99999987,"max_stake_amount":99.99999987,"amount":689.369915,"open_date":"2026-01-15 09:45:00+00:00","close_date":"2026-01-16 11:15:00+00:00","open_rate":0.14506,"close_rate":0.13781,"fee_open":0.0015,"fee_close":0.0015,"trade_duration":1530,"profit_ratio":-0.05282511230037799,"profit_abs":-5.29043499,"exit_reason":"stop_loss","initial_stop_loss_abs":0.13781,"initial_stop_loss_ratio":-0.05,"stop_loss_abs":0.13781,"stop_loss_ratio":-0.05,"min_rate":0.13766,"max_rate":0.1451,"is_open":false,"enter_tag":"","leverage":1.0,"is_short":false,"open_timestamp":1768470300000,"close_timestamp":1768562100000,"orders":[{"amount":689.369915,"safe_price":0.14506,"ft_order_side":"buy","order_filled_timestamp":1768470300000,"ft_is_entry":true,"ft_order_tag":"","cost":100.14999986970486},{"amount":689.369915,"safe_price":0.13781,"ft_order_side":"sell","order_filled_timestamp":1768562100000,"ft_is_entry":false,"ft_order_tag":"stop_loss","cost":95.14457108812923}],"funding_fees":0.0,"weekday":4},{"pair":"SOL/USDT","stake_amount":99.99995236,"max_stake_amount":99.99995236,"amount":0.679948,"open_date":"2026-01-13 22:15:00+00:00","close_date":"2026-01-18 23:30:00+00:00","open_rate":147.07,"close_rate":139.7165,"fee_open":0.0015,"fee_close":0.0015,"trade_duration":7275,"profit_ratio":-0.05284573141634548,"profit_abs":-5.29249748,"exit_reason":"stop_loss","initial_stop_loss_abs":139.7165,"initial_stop_loss_ratio":-0.05,"stop_loss_abs":139.7165,"stop_loss_ratio":-0.05,"min_rate":139.16,"max_rate":148.42,"is_open":false,"enter_tag":"","leverage":1.0,"is_short":false,"open_timestamp":1768342500000,"close_timestamp":1768779000000,"orders":[{"amount":0.679948,"safe_price":147.07,"ft_order_side":"buy","order_filled_timestamp":1768342500000,"ft_is_entry":true,"ft_order_tag":"","cost":100.14995228854},{"amount":0.679948,"safe_price":139.7165,"ft_order_side":"sell","order_filled_timestamp":1768779000000,"ft_is_entry":false,"ft_order_tag":"stop_loss","cost":95.14245467411301}],"funding_fees":0.0,"weekday":6},{"pair":"ETH/USDT","stake_amount":99.9990528,"max_stake_amount":99.9990528,"amount":0.030208,"open_date":"2026-01-17 15:00:00+00:00","close_date":"2026-01-20 06:15:00+00:00","open_rate":3310.35,"close_rate":3144.8325,"fee_open":0.0015,"fee_close":0.0015,"trade_duration":3795,"profit_ratio":-0.05284573140848731,"profit_abs":-5.29244987,"exit_reason":"stop_loss","initial_stop_loss_abs":3144.8325,"initial_stop_loss_ratio":-0.05,"stop_loss_abs":3144.8325,"stop_loss_ratio":-0.05,"min_rate":3126.99,"max_rate":3369.0,"is_open":false,"enter_tag":"","leverage":1.0,"is_short":false,"open_timestamp":1768662000000,"close_timestamp":1768889700000,"orders":[{"amount":0.030208,"safe_price":3310.35,"ft_order_side":"buy","order_filled_timestamp":1768662000000,"ft_is_entry":true,"ft_order_tag":"","cost":100.14905137919999},{"amount":0.030208,"safe_price":3144.8325,"ft_order_side":"sell","order_filled_timestamp":1768889700000,"ft_is_entry":false,"ft_order_tag":"stop_loss","cost":95.14159881024}],"funding_fees":0.0,"weekday":1},{"pair":"DOGE/USDT","stake_amount":99.99999994,"max_stake_amount":99.99999994,"amount":800.12802,"open_date":"2026-01-27 17:00:00+00:00","close_date":"2026-01-29 14:45:00+00:00","open_rate":0.12498,"close_rate":0.11874,"fee_open":0.0015,"fee_close":0.0015,"trade_duration":2745,"profit_ratio":-0.05277393562848055,"profit_abs":-5.28530965,"exit_reason":"stop_loss","initial_stop_loss_abs":0.11874,"initial_stop_loss_ratio":-0.05,"stop_loss_abs":0.11874,"stop_loss_ratio":-0.05,"min_rate":0.11867,"max_rate":0.1277,"is_open":false,"enter_tag":"","leverage":1.0,"is_short":false,"open_timestamp":1769533200000,"close_timestamp":1769697900000,"orders":[{"amount":800.12802,"safe_price":0.12498,"ft_order_side":"buy","order_filled_timestamp":1769533200000,"ft_is_entry":true,"ft_order_tag":"","cost":100.1499999395094},{"amount":800.12802,"safe_price":0.11874,"ft_order_side":"sell","order_filled_timestamp":1769697900000,"ft_is_entry":false,"ft_order_tag":"stop_loss","cost":95.1497118964422}],"funding_fees":0.0,"weekday":3},{"pair":"ETH/USDT","stake_amount":99.9970308,"max_stake_amount":99.9970308,"amount":0.033417,"open_date":"2026-01-27 16:45:00+00:00","close_date":"2026-01-29 15:00:00+00:00","open_rate":2992.4,"close_rate":2842.7799999999997,"fee_open":0.0015,"fee_close":0.0015,"trade_duration":2775,"profit_ratio":-0.052845731451923575,"profit_abs":-5.29234286,"exit_reason":"stop_loss","initial_stop_loss_abs":2842.7799999999997,"initial_stop_loss_ratio":-0.05,"stop_loss_abs":2842.7799999999997,"stop_loss_ratio":-0.05,"min_rate":2812.54,"max_rate":3046.0,"is_open":false,"enter_tag":"","leverage":1.0,"is_short":false,"open_timestamp":1769532300000,"close_timestamp":1769698800000,"orders":[{"amount":0.033417,"safe_price":2992.4,"ft_order_side":"buy","order_filled_timestamp":1769532300000,"ft_is_entry":true,"ft_order_tag":"","cost":100.14702634620001},{"amount":0.033417,"safe_price":2842.7799999999997,"ft_order_side":"sell","order_filled_timestamp":1769698800000,"ft_is_entry":false,"ft_order_tag":"stop_loss","cost":95.13967502889}],"funding_fees":0.0,"weekday":3},{"pair":"DOGE/USDT","stake_amount":100.0,"max_stake_amount":100.0,"amount":1078.515962,"open_date":"2026-02-12 08:30:00+00:00","close_date":"2026-02-13 15:00:00+00:00","open_rate":0.09272,"close_rate":0.0948557636454682,"fee_open":0.0015,"fee_close":0.0015,"trade_duration":1830,"profit_ratio":0.01997004493327209,"profit_abs":2.0,"exit_reason":"roi","initial_stop_loss_abs":0.08809,"initial_stop_loss_ratio":-0.05,"stop_loss_abs":0.08809,"stop_loss_ratio":-0.05,"min_rate":0.09071,"max_rate":0.09552,"is_open":false,"enter_tag":"","leverage":1.0,"is_short":false,"open_timestamp":1770885000000,"close_timestamp":1770994800000,"orders":[{"amount":1078.515962,"safe_price":0.09272,"ft_order_side":"buy","order_filled_timestamp":1770885000000,"ft_is_entry":true,"ft_order_tag":"","cost":100.14999999663495},{"amount":1078.515962,"safe_price":0.0948557636454682,"ft_order_side":"sell","order_filled_timestamp":1770994800000,"ft_is_entry":false,"ft_order_tag":"roi","cost":102.45691036210577}],"funding_fees":0.0,"weekday":4},{"pair":"ETH/USDT","stake_amount":99.99902656,"max_stake_amount":99.99902656,"amount":0.050156,"open_date":"2026-02-12 11:45:00+00:00","close_date":"2026-02-13 15:15:00+00:00","open_rate":1993.76,"close_rate":2039.685368052078,"fee_open":0.0015,"fee_close":0.0015,"trade_duration":1650,"profit_ratio":0.019970044920618955,"profit_abs":1.99998053,"exit_reason":"roi","initial_stop_loss_abs":1894.072,"initial_stop_loss_ratio":-0.05,"stop_loss_abs":1894.072,"stop_loss_ratio":-0.05,"min_rate":1896.4,"max_rate":2040.0,"is_open":false,"enter_tag":"","leverage":1.0,"is_short":false,"open_timestamp":1770896700000,"close_timestamp":1770995700000,"orders":[{"amount":0.050156,"safe_price":1993.76,"ft_order_side":"buy","order_filled_timestamp":1770896700000,"ft_is_entry":true,"ft_order_tag":"","cost":100.14902509984002},{"amount":0.050156,"safe_price":2039.685368052078,"ft_order_side":"sell","order_filled_timestamp":1770995700000,"ft_is_entry":false,"ft_order_tag":"roi","cost":102.45591300900006}],"funding_fees":0.0,"weekday":4},{"pair":"BTC/USDT","stake_amount":99.99978358,"max_stake_amount":99.99978358,"amount":0.00147609,"open_date":"2026-02-13 15:00:00+00:00","close_date":"2026-02-14 07:45:00+00:00","open_rate":67746.4,"close_rate":69306.90796194291,"fee_open":0.0015,"fee_close":0.0015,"trade_duration":1005,"profit_ratio":0.01997004491742383,"profit_abs":1.99999567,"exit_reason":"roi","initial_stop_loss_abs":64359.079999999994,"initial_stop_loss_ratio":-0.05,"stop_loss_abs":64359.079999999994,"stop_loss_ratio":-0.05,"min_rate":67699.6,"max_rate":69486.5,"is_open":false,"enter_tag":"","leverage":1.0,"is_short":false,"open_timestamp":1770994800000,"close_timestamp":1771055100000,"orders":[{"amount":0.00147609,"safe_price":67746.4,"ft_order_side":"buy","order_filled_timestamp":1770994800000,"ft_is_entry":true,"ft_order_tag":"","cost":100.14978325136398},{"amount":0.00147609,"safe_price":69306.90796194291,"ft_order_side":"sell","order_filled_timestamp":1771055100000,"ft_is_entry":false,"ft_order_tag":"roi","cost":102.45668862420463}],"funding_fees":0.0,"weekday":5},{"pair":"DOGE/USDT","stake_amount":99.99999994,"max_stake_amount":99.99999994,"amount":1041.666666,"open_date":"2026-02-13 15:30:00+00:00","close_date":"2026-02-14 09:45:00+00:00","open_rate":0.096,"close_rate":0.0982113169754632,"fee_open":0.0015,"fee_close":0.0015,"trade_duration":1095,"profit_ratio":0.019970044945381925,"profit_abs":2.0,"exit_reason":"roi","initial_stop_loss_abs":0.0912,"initial_stop_loss_ratio":-0.05,"stop_loss_abs":0.0912,"stop_loss_ratio":-0.05,"min_rate":0.09498,"max_rate":0.09835,"is_open":false,"enter_tag":"","leverage":1.0,"is_short":false,"open_timestamp":1770996600000,"close_timestamp":1771062300000,"orders":[{"amount":1041.666666,"safe_price":0.096,"ft_order_side":"buy","order_filled_timestamp":1770996600000,"ft_is_entry":true,"ft_order_tag":"","cost":100.14999993590402},{"amount":1041.666666,"safe_price":0.0982113169754632,"ft_order_side":"sell","order_filled_timestamp":1771062300000,"ft_is_entry":false,"ft_order_tag":"roi","cost":102.45691029997592}],"funding_fees":0.0,"weekday":5},{"pair":"DOGE/USDT","stake_amount":99.99999997,"max_stake_amount":99.99999997,"amount":1020.616452,"open_date":"2026-02-14 10:15:00+00:00","close_date":"2026-02-14 14:15:00+00:00","open_rate":0.09798,"close_rate":0.10069,"fee_open":0.0015,"fee_close":0.0015,"trade_duration":240,"profit_ratio":0.024580347287202722,"profit_abs":2.46172178,"exit_reason":"roi","initial_stop_loss_abs":0.09309,"initial_stop_loss_ratio":-0.05,"stop_loss_abs":0.09309,"stop_loss_ratio":-0.05,"min_rate":0.0979,"max_rate":0.10121,"is_open":false,"enter_tag":"","leverage":1.0,"is_short":false,"open_timestamp":1771064100000,"close_timestamp":1771078500000,"orders":[{"amount":1020.616452,"safe_price":0.09798,"ft_order_side":"buy","order_filled_timestamp":1771064100000,"ft_is_entry":true,"ft_order_tag":"","cost":100.14999996691044},{"amount":1020.616452,"safe_price":0.10069,"ft_order_side":"sell","order_filled_timestamp":1771078500000,"ft_is_entry":false,"ft_order_tag":"roi","cost":102.92001935770783}],"funding_fees":0.0,"weekday":5},{"pair":"DOGE/USDT","stake_amount":99.99999996,"max_stake_amount":99.99999996,"amount":970.496894,"open_date":"2026-02-14 16:30:00+00:00","close_date":"2026-02-14 18:30:00+00:00","open_rate":0.10304,"close_rate":0.1068,"fee_open":0.0015,"fee_close":0.0015,"trade_duration":120,"profit_ratio":0.033385868411506085,"profit_abs":3.34359472,"exit_reason":"roi","initial_stop_loss_abs":0.09789,"initial_stop_loss_ratio":-0.05,"stop_loss_abs":0.10528,"stop_loss_ratio":-0.02,"min_rate":0.10247,"max_rate":0.10742,"is_open":false,"enter_tag":"","leverage":1.0,"is_short":false,"open_timestamp":1771086600000,"close_timestamp":1771093800000,"orders":[{"amount":970.496894,"safe_price":0.10304,"ft_order_side":"buy","order_filled_timestamp":1771086600000,"ft_is_entry":true,"ft_order_tag":"","cost":100.14999995769665},{"amount":970.496894,"safe_price":0.1068,"ft_order_side":"sell","order_filled_timestamp":1771093800000,"ft_is_entry":false,"ft_order_tag":"roi","cost":103.80454188161882}],"funding_fees":0.0,"weekday":5},{"pair":"DOGE/USDT","stake_amount":99.9999999,"max_stake_amount":99.9999999,"amount":903.423976,"open_date":"2026-02-14 23:30:00+00:00","close_date":"2026-02-15 02:00:00+00:00","open_rate":0.11069,"close_rate":0.11434825738607911,"fee_open":0.0015,"fee_close":0.0015,"trade_duration":150,"profit_ratio":0.029955067427826262,"profit_abs":3.0,"exit_reason":"roi","initial_stop_loss_abs":0.10516,"initial_stop_loss_ratio":-0.05,"stop_loss_abs":0.1123,"stop_loss_ratio":-0.02,"min_rate":0.11049,"max_rate":0.11459,"is_open":false,"enter_tag":"","leverage":1.0,"is_short":false,"open_timestamp":1771111800000,"close_timestamp":1771120800000,"orders":[{"amount":903.423976,"safe_price":0.11069,"ft_order_side":"buy","order_filled_timestamp":1771111800000,"ft_is_entry":true,"ft_order_tag":"","cost":100.14999990329517},{"amount":903.423976,"safe_price":0.11434825738607911,"ft_order_side":"sell","order_filled_timestamp":1771120800000,"ft_is_entry":false,"ft_order_tag":"roi","cost":103.45991477240757}],"funding_fees":0.0,"weekday":6},{"pair":"DOGE/USDT","stake_amount":99.99999998,"max_stake_amount":99.99999998,"amount":884.955752,"open_date":"2026-02-15 02:15:00+00:00","close_date":"2026-02-15 04:00:00+00:00","open_rate":0.113,"close_rate":0.11523,"fee_open":0.0015,"fee_close":0.0015,"trade_duration":105,"profit_ratio":0.016679891666509416,"profit_abs":1.67049115,"exit_reason":"trailing_stop_loss","initial_stop_loss_abs":0.10735,"initial_stop_loss_ratio":-0.05,"stop_loss_abs":0.11523,"stop_loss_ratio":-0.02,"min_rate":0.11191,"max_rate":0.11758,"is_open":false,"enter_tag":"","leverage":1.0,"is_short":false,"open_timestamp":1771121700000,"close_timestamp":1771128000000,"orders":[{"amount":884.955752,"safe_price":0.113,"ft_order_side":"buy","order_filled_timestamp":1771121700000,"ft_is_entry":true,"ft_order_tag":"","cost":100.14999997596401},{"amount":884.955752,"safe_price":0.11523,"ft_order_side":"sell","order_filled_timestamp":1771128000000,"ft_is_entry":false,"ft_order_tag":"trailing_stop_loss","cost":102.12641147991445}],"funding_fees":0.0,"weekday":6},{"pair":"DOGE/USDT","stake_amount":99.99999998,"max_stake_amount":99.99999998,"amount":853.38795,"open_date":"2026-02-15 04:15:00+00:00","close_date":"2026-02-15 12:30:00+00:00","open_rate":0.11718,"close_rate":0.11133,"fee_open":0.0015,"fee_close":0.0015,"trade_duration":495,"profit_ratio":-0.052769156575178416,"profit_abs":-5.28483103,"exit_reason":"stop_loss","initial_stop_loss_abs":0.11133,"initial_stop_loss_ratio":-0.05,"stop_loss_abs":0.11133,"stop_loss_ratio":-0.05,"min_rate":0.11102,"max_rate":0.11748,"is_open":false,"enter_tag":"","leverage":1.0,"is_short":false,"open_timestamp":1771128900000,"close_timestamp":1771158600000,"orders":[{"amount":853.38795,"safe_price":0.11718,"ft_order_side":"buy","order_filled_timestamp":1771128900000,"ft_is_entry":true,"ft_order_tag":"","cost":100.14999998097151},{"amount":853.38795,"safe_price":0.11133,"ft_order_side":"sell","order_filled_timestamp":1771158600000,"ft_is_entry":false,"ft_order_tag":"stop_loss","cost":95.15019199421026}],"funding_fees":0.0,"weekday":6},{"pair":"ETH/USDT","stake_amount":99.9993744,"max_stake_amount":99.9993744,"amount":0.048072,"open_date":"2026-02-14 09:15:00+00:00","close_date":"2026-02-15 17:45:00+00:00","open_rate":2080.2,"close_rate":1976.1899999999998,"fee_open":0.0015,"fee_close":0.0015,"trade_duration":1950,"profit_ratio":-0.052845731401697446,"profit_abs":-5.29246689,"exit_reason":"stop_loss","initial_stop_loss_abs":1976.1899999999998,"initial_stop_loss_ratio":-0.05,"stop_loss_abs":1976.1899999999998,"stop_loss_ratio":-0.05,"min_rate":1957.26,"max_rate":2107.95,"is_open":false,"enter_tag":"","leverage":1.0,"is_short":false,"open_timestamp":1771060500000,"close_timestamp":1771177500000,"orders":[{"amount":0.048072,"safe_price":2080.2,"ft_order_side":"buy","order_filled_timestamp":1771060500000,"ft_is_entry":true,"ft_order_tag":"","cost":100.14937346159998},{"amount":0.048072,"safe_price":1976.1899999999998,"ft_order_side":"sell","order_filled_timestamp":1771177500000,"ft_is_entry":false,"ft_order_tag":"stop_loss","cost":95.14190478851998}],"funding_fees":0.0,"weekday":6},{"pair":"BTC/USDT","stake_amount":99.99952992,"max_stake_amount":99.99952992,"amount":0.0014752,"open_date":"2026-02-20 06:00:00+00:00","close_date":"2026-02-21 00:00:00+00:00","open_rate":67787.1,"close_rate":68014.1,"fee_open":0.0015,"fee_close":0.0015,"trade_duration":1080,"profit_ratio":0.00034318184288472373,"profit_abs":0.0343695,"exit_reason":"force_exit","initial_stop_loss_abs":64397.745,"initial_stop_loss_ratio":-0.05,"stop_loss_abs":64397.745,"stop_loss_ratio":-0.05,"min_rate":66458.3,"max_rate":68333.3,"is_open":false,"enter_tag":"","leverage":1.0,"is_short":false,"open_timestamp":1771567200000,"close_timestamp":1771632000000,"orders":[{"amount":0.0014752,"safe_price":67787.1,"ft_order_side":"buy","order_filled_timestamp":1771567200000,"ft_is_entry":true,"ft_order_tag":"","cost":100.14952921488002},{"amount":0.0014752,"safe_price":68014.1,"ft_order_side":"sell","order_filled_timestamp":1771632000000,"ft_is_entry":false,"ft_order_tag":"force_exit","cost":100.48490192048003}],"funding_fees":0.0,"weekday":5}],"locks":[],"best_pair":{"key":"BTC/USDT","trades":9,"profit_mean":0.009698640572794967,"profit_mean_pct":0.97,"profit_total_abs":8.74181598,"profit_total":0.00874181598,"profit_total_pct":0.87,"duration_avg":"3 days, 13:42:00","wins":8,"draws":0,"losses":1,"winrate":0.8888888888888888,"cagr":0.03719095916103954,"expectancy":0.9713128866666668,"expectancy_ratio":0.18352697600392842,"sortino":-100,"sharpe":0.8354317613339337,"calmar":36.34438448032469,"sqn":1.1956,"profit_factor":2.6517427840353567,"max_drawdown_account":0.005281916381550892,"max_drawdown_abs":5.2924802},"worst_pair":{"key":"ETH/USDT","trades":20,"profit_mean":-0.012297803303316224,"profit_mean_pct":-1.23,"profit_total_abs":-24.6319757,"profit_total":-0.024631975700000003,"profit_total_pct":-2.46,"duration_avg":"1 day, 17:34:00","wins":11,"draws":0,"losses":9,"winrate":0.55,"cagr":-0.09934687880170878,"expectancy":-1.231598785,"expectancy_ratio":-0.23271017160239948,"sortino":-104198.73807561258,"sharpe":-1.4701372436600353,"calmar":-17.93041815889844,"sqn":-1.4591,"profit_factor":0.4828662853280011,"max_drawdown_account":0.030167269918440077,"max_drawdown_abs":30.339448800000003},"results_per_pair":[{"key":"BTC/USDT","trades":9,"profit_mean":0.009698640572794967,"profit_mean_pct":0.97,"profit_total_abs":8.74181598,"profit_total":0.00874181598,"profit_total_pct":0.87,"duration_avg":"3 days, 13:42:00","wins":8,"draws":0,"losses":1,"winrate":0.8888888888888888,"cagr":0.03719095916103954,"expectancy":0.9713128866666668,"expectancy_ratio":0.18352697600392842,"sortino":-100,"sharpe":0.8354317613339337,"calmar":36.34438448032469,"sqn":1.1956,"profit_factor":2.6517427840353567,"max_drawdown_account":0.005281916381550892,"max_drawdown_abs":5.2924802},{"key":"SOL/USDT","trades":4,"profit_mean":0.0017661008453644482,"profit_mean_pct":0.18,"profit_total_abs":0.7074970399999998,"profit_total":0.0007074970399999998,"profit_total_pct":0.07,"duration_avg":"2 days, 13:38:00","wins":3,"draws":0,"losses":1,"winrate":0.75,"cagr":0.0029715916455639313,"expectancy":0.17687425999999995,"expectancy_ratio":0.033419809960873126,"sortino":-100,"sharpe":0.04920112032007008,"calmar":2.9531746056952395,"sqn":0.097,"profit_factor":1.1336792398434925,"max_drawdown_account":0.0052609319173259035,"max_drawdown_abs":5.29249748},{"key":"DOGE/USDT","trades":11,"profit_mean":-0.0033328337173207326,"profit_mean_pct":-0.33,"profit_total_abs":-3.6716162600000013,"profit_total":-0.0036716162600000015,"profit_total_pct":-0.37,"duration_avg":"13:46:00","wins":7,"draws":0,"losses":4,"winrate":0.6363636363636364,"cagr":-0.015313788261285599,"expectancy":-0.33378329636363646,"expectancy_ratio":-0.06313455440892735,"sortino":-367.0500820814877,"sharpe":-0.21368481861304686,"calmar":-5.0981336802244845,"sqn":-0.2797,"profit_factor":0.8263799753754498,"max_drawdown_account":0.015815147437686906,"max_drawdown_abs":15.862592880000001},{"key":"ETH/USDT","trades":20,"profit_mean":-0.012297803303316224,"profit_mean_pct":-1.23,"profit_total_abs":-24.6319757,"profit_total":-0.024631975700000003,"profit_total_pct":-2.46,"duration_avg":"1 day, 17:34:00","wins":11,"draws":0,"losses":9,"winrate":0.55,"cagr":-0.09934687880170878,"expectancy":-1.231598785,"expectancy_ratio":-0.23271017160239948,"sortino":-104198.73807561258,"sharpe":-1.4701372436600353,"calmar":-17.93041815889844,"sqn":-1.4591,"profit_factor":0.4828662853280011,"max_drawdown_account":0.030167269918440077,"max_drawdown_abs":30.339448800000003},{"key":"TOTAL","trades":44,"profit_mean":-0.0042787515550054556,"profit_mean_pct":-0.43,"profit_total_abs":-18.85427894,"profit_total":-0.01885427894,"profit_total_pct":-1.89,"duration_avg":"1 day, 21:28:00","wins":29,"draws":0,"losses":15,"winrate":0.6590909090909091,"cagr":-0.07675116925439807,"expectancy":-0.4285063395454549,"expectancy_ratio":-0.08098866093975621,"sortino":-1526.0248443873502,"sharpe":-1.1744229996943656,"calmar":-12.095404937824481,"sqn":-0.797,"profit_factor":0.7624332612433822,"max_drawdown_account":0.03423077209763069,"max_drawdown_abs":34.494604759999994}],"results_per_enter_tag":[{"key":"","trades":44,"profit_mean":-0.0042787515550054556,"profit_mean_pct":-0.43,"profit_total_abs":-18.85427894,"profit_total":-0.01885427894,"profit_total_pct":-1.89,"duration_avg":"1 day, 21:28:00","wins":29,"draws":0,"losses":15,"winrate":0.6590909090909091,"cagr":-0.07675116925439807,"expectancy":-0.4285063395454549,"expectancy_ratio":-0.08098866093975621,"sortino":-1526.0248443873502,"sharpe":-1.1744229996943656,"calmar":-12.095404937824481,"sqn":-0.797,"profit_factor":0.7624332612433822,"max_drawdown_account":0.03423077209763069,"max_drawdown_abs":34.494604759999994},{"key":"TOTAL","trades":44,"profit_mean":-0.0042787515550054556,"profit_mean_pct":-0.43,"profit_total_abs":-18.85427894,"profit_total":-0.01885427894,"profit_total_pct":-1.89,"duration_avg":"1 day, 21:28:00","wins":29,"draws":0,"losses":15,"winrate":0.6590909090909091,"cagr":-0.07675116925439807,"expectancy":-0.4285063395454549,"expectancy_ratio":-0.08098866093975621,"sortino":-1526.0248443873502,"sharpe":-1.1744229996943656,"calmar":-12.095404937824481,"sqn":-0.797,"profit_factor":0.7624332612433822,"max_drawdown_account":0.03423077209763069,"max_drawdown_abs":34.494604759999994}],"exit_reason_summary":[{"key":"roi","trades":27,"profit_mean":0.02174712616792947,"profit_mean_pct":2.17,"profit_total_abs":58.80499631,"profit_total":0.05880499631,"profit_total_pct":5.88,"duration_avg":"2 days, 4:56:00","wins":27,"draws":0,"losses":0,"winrate":1.0,"cagr":0.27090482321825604,"expectancy":2.1779628262962962,"expectancy_ratio":100.0,"sortino":-100,"sharpe":32.88573181731,"calmar":-100,"sqn":28.2816,"profit_factor":0.0,"max_drawdown_account":0.0,"max_drawdown_abs":0.0},{"key":"trailing_stop_loss","trades":1,"profit_mean":0.016679891666509416,"profit_mean_pct":1.67,"profit_total_abs":1.67049115,"profit_total":0.00167049115,"profit_total_pct":0.17,"duration_avg":"1:45:00","wins":1,"draws":0,"losses":0,"winrate":1.0,"cagr":0.007027110280177551,"expectancy":1.67049115,"expectancy_ratio":100.0,"sortino":-100,"sharpe":-100,"calmar":-100,"sqn":-100.0,"profit_factor":0.0,"max_drawdown_account":0.0,"max_drawdown_abs":0.0},{"key":"force_exit","trades":1,"profit_mean":0.00034318184288472373,"profit_mean_pct":0.03,"profit_total_abs":0.0343695,"profit_total":3.43695e-05,"profit_total_pct":0.0,"duration_avg":"18:00:00","wins":1,"draws":0,"losses":0,"winrate":1.0,"cagr":0.0001442017975112897,"expectancy":0.0343695,"expectancy_ratio":100.0,"sortino":-100,"sharpe":-100,"calmar":-100,"sqn":-100.0,"profit_factor":0.0,"max_drawdown_account":0.0,"max_drawdown_abs":0.0},{"key":"stop_loss","trades":15,"profit_mean":-0.05283070323091534,"profit_mean_pct":-5.28,"profit_total_abs":-79.36413590000001,"profit_total":-0.07936413590000001,"profit_total_pct":-7.94,"duration_avg":"1 day, 12:47:00","wins":0,"draws":0,"losses":15,"winrate":0.0,"cagr":-0.2931386306819179,"expectancy":-5.290942393333334,"expectancy_ratio":-1.0,"sortino":-6423.562710732548,"sharpe":-6423.562710732548,"calmar":-21.959739281083664,"sqn":-7296.6169,"profit_factor":0.0,"max_drawdown_account":0.07936413590000006,"max_drawdown_abs":79.36413590000001},{"key":"TOTAL","trades":44,"profit_mean":-0.0042787515550054556,"profit_mean_pct":-0.43,"profit_total_abs":-18.85427894,"profit_total":-0.01885427894,"profit_total_pct":-1.89,"duration_avg":"1 day, 21:28:00","wins":29,"draws":0,"losses":15,"winrate":0.6590909090909091,"cagr":-0.07675116925439807,"expectancy":-0.4285063395454549,"expectancy_ratio":-0.08098866093975621,"sortino":-1526.0248443873502,"sharpe":-1.1744229996943656,"calmar":-12.095404937824481,"sqn":-0.797,"profit_factor":0.7624332612433822,"max_drawdown_account":0.03423077209763069,"max_drawdown_abs":34.494604759999994}],"mix_tag_stats":[{"key":["","roi"],"trades":27,"profit_mean":0.02174712616792947,"profit_mean_pct":2.17,"profit_total_abs":58.80499631,"profit_total":0.05880499631,"profit_total_pct":5.88,"duration_avg":"2 days, 4:56:00","wins":27,"draws":0,"losses":0,"winrate":1.0,"cagr":0.27090482321825604,"expectancy":2.1779628262962962,"expectancy_ratio":100.0,"sortino":-100,"sharpe":32.88573181731,"calmar":-100,"sqn":28.2816,"profit_factor":0.0,"max_drawdown_account":0.0,"max_drawdown_abs":0.0},{"key":["","trailing_stop_loss"],"trades":1,"profit_mean":0.016679891666509416,"profit_mean_pct":1.67,"profit_total_abs":1.67049115,"profit_total":0.00167049115,"profit_total_pct":0.17,"duration_avg":"1:45:00","wins":1,"draws":0,"losses":0,"winrate":1.0,"cagr":0.007027110280177551,"expectancy":1.67049115,"expectancy_ratio":100.0,"sortino":-100,"sharpe":-100,"calmar":-100,"sqn":-100.0,"profit_factor":0.0,"max_drawdown_account":0.0,"max_drawdown_abs":0.0},{"key":["","force_exit"],"trades":1,"profit_mean":0.00034318184288472373,"profit_mean_pct":0.03,"profit_total_abs":0.0343695,"profit_total":3.43695e-05,"profit_total_pct":0.0,"duration_avg":"18:00:00","wins":1,"draws":0,"losses":0,"winrate":1.0,"cagr":0.0001442017975112897,"expectancy":0.0343695,"expectancy_ratio":100.0,"sortino":-100,"sharpe":-100,"calmar":-100,"sqn":-100.0,"profit_factor":0.0,"max_drawdown_account":0.0,"max_drawdown_abs":0.0},{"key":["","stop_loss"],"trades":15,"profit_mean":-0.05283070323091534,"profit_mean_pct":-5.28,"profit_total_abs":-79.36413590000001,"profit_total":-0.07936413590000001,"profit_total_pct":-7.94,"duration_avg":"1 day, 12:47:00","wins":0,"draws":0,"losses":15,"winrate":0.0,"cagr":-0.2931386306819179,"expectancy":-5.290942393333334,"expectancy_ratio":-1.0,"sortino":-6423.562710732548,"sharpe":-6423.562710732548,"calmar":-21.959739281083664,"sqn":-7296.6169,"profit_factor":0.0,"max_drawdown_account":0.07936413590000006,"max_drawdown_abs":79.36413590000001},{"key":"TOTAL","trades":44,"profit_mean":-0.0042787515550054556,"profit_mean_pct":-0.43,"profit_total_abs":-18.85427894,"profit_total":-0.01885427894,"profit_total_pct":-1.89,"duration_avg":"1 day, 21:28:00","wins":29,"draws":0,"losses":15,"winrate":0.6590909090909091,"cagr":-0.07675116925439807,"expectancy":-0.4285063395454549,"expectancy_ratio":-0.08098866093975621,"sortino":-1526.0248443873502,"sharpe":-1.1744229996943656,"calmar":-12.095404937824481,"sqn":-0.797,"profit_factor":0.7624332612433822,"max_drawdown_account":0.03423077209763069,"max_drawdown_abs":34.494604759999994}],"left_open_trades":[{"key":"BTC/USDT","trades":1,"profit_mean":0.00034318184288472373,"profit_mean_pct":0.03,"profit_total_abs":0.0343695,"profit_total":3.43695e-05,"profit_total_pct":0.0,"duration_avg":"18:00:00","wins":1,"draws":0,"losses":0,"winrate":1.0,"cagr":0.0001442017975112897,"expectancy":0.0343695,"expectancy_ratio":100.0,"sortino":-100,"sharpe":-100,"calmar":-100,"sqn":-100.0,"profit_factor":0.0,"max_drawdown_account":0.0,"max_drawdown_abs":0.0},{"key":"TOTAL","trades":1,"profit_mean":0.00034318184288472373,"profit_mean_pct":0.03,"profit_total_abs":0.0343695,"profit_total":3.43695e-05,"profit_total_pct":0.0,"duration_avg":"18:00:00","wins":1,"draws":0,"losses":0,"winrate":1.0,"cagr":0.0001442017975112897,"expectancy":0.0343695,"expectancy_ratio":100.0,"sortino":-100,"sharpe":-100,"calmar":-100,"sqn":-100.0,"profit_factor":0.0,"max_drawdown_account":0.0,"max_drawdown_abs":0.0}],"total_trades":44,"trade_count_long":44,"trade_count_short":0,"total_volume":8807.46717598765,"avg_stake_amount":99.99930258704548,"profit_mean":-0.0042787515550054556,"profit_median":0.01997004491402892,"profit_total":-0.01885427894,"profit_total_long":-0.01885427894,"profit_total_short":0.0,"profit_total_abs":-18.85427894,"profit_total_long_abs":-18.85427894,"profit_total_short_abs":0.0,"cagr":-0.07675116925439807,"expectancy":-0.4285063395454549,"expectancy_ratio":-0.08098866093975621,"sortino":-1526.0248443873502,"sharpe":-1.1744229996943656,"calmar":-12.095404937824481,"sqn":-0.797,"profit_factor":0.7624332612433822,"backtest_start":"2025-11-25 02:00:00","backtest_start_ts":1764036000000,"backtest_end":"2026-02-21 00:00:00","backtest_end_ts":1771632000000,"backtest_days":87,"backtest_run_start_ts":1771661863,"backtest_run_end_ts":1771661866,"trades_per_day":0.51,"market_change":-0.2841111918622262,"pairlist":["BTC/USDT","ETH/USDT","SOL/USDT","DOGE/USDT"],"stake_amount":100,"stake_currency":"USDT","stake_currency_decimals":3,"starting_balance":1000,"dry_run_wallet":1000,"final_balance":981.14572106,"rejected_signals":116,"timedout_entry_orders":0,"timedout_exit_orders":0,"canceled_trade_entries":0,"canceled_entry_orders":0,"replaced_entry_orders":0,"max_open_trades":2,"max_open_trades_setting":2,"timeframe":"15m","timeframe_detail":"","timerange":"20251123-20260221","enable_protections":false,"strategy_name":"SupertrendStrategy_Smart","freqaimodel":null,"freqai_identifier":null,"stoploss":-0.05,"trailing_stop":true,"trailing_stop_positive":0.02,"trailing_stop_positive_offset":0.03,"trailing_only_offset_is_reached":true,"use_custom_stoploss":false,"minimal_roi":{"240":0.02,"120":0.03,"60":0.05,"30":0.08,"0":0.12},"use_exit_signal":true,"exit_profit_only":false,"exit_profit_offset":0.0,"ignore_roi_if_entry_signal":false,"trading_mode":"spot","margin_mode":"","periodic_breakdown":{"day":[{"date":"26/11/2025","date_ts":1764115200000,"profit_abs":2.99995899,"wins":1,"draws":0,"losses":0,"trades":1,"profit_factor":0.0},{"date":"27/11/2025","date_ts":1764201600000,"profit_abs":0.0,"wins":0,"draws":0,"losses":0,"trades":0,"profit_factor":0.0},{"date":"28/11/2025","date_ts":1764288000000,"profit_abs":1.99997994,"wins":1,"draws":0,"losses":0,"trades":1,"profit_factor":0.0},{"date":"29/11/2025","date_ts":1764374400000,"profit_abs":0.0,"wins":0,"draws":0,"losses":0,"trades":0,"profit_factor":0.0},{"date":"30/11/2025","date_ts":1764460800000,"profit_abs":0.0,"wins":0,"draws":0,"losses":0,"trades":0,"profit_factor":0.0},{"date":"01/12/2025","date_ts":1764547200000,"profit_abs":-5.2923718,"wins":0,"draws":0,"losses":1,"trades":1,"profit_factor":0.0},{"date":"02/12/2025","date_ts":1764633600000,"profit_abs":0.0,"wins":0,"draws":0,"losses":0,"trades":0,"profit_factor":0.0},{"date":"03/12/2025","date_ts":1764720000000,"profit_abs":7.99990326,"wins":4,"draws":0,"losses":0,"trades":4,"profit_factor":0.0},{"date":"04/12/2025","date_ts":1764806400000,"profit_abs":0.0,"wins":0,"draws":0,"losses":0,"trades":0,"profit_factor":0.0},{"date":"05/12/2025","date_ts":1764892800000,"profit_abs":-10.58490381,"wins":0,"draws":0,"losses":2,"trades":2,"profit_factor":0.0},{"date":"06/12/2025","date_ts":1764979200000,"profit_abs":0.0,"wins":0,"draws":0,"losses":0,"trades":0,"profit_factor":0.0},{"date":"07/12/2025","date_ts":1765065600000,"profit_abs":0.0,"wins":0,"draws":0,"losses":0,"trades":0,"profit_factor":0.0},{"date":"08/12/2025","date_ts":1765152000000,"profit_abs":0.0,"wins":0,"draws":0,"losses":0,"trades":0,"profit_factor":0.0},{"date":"09/12/2025","date_ts":1765238400000,"profit_abs":0.0,"wins":0,"draws":0,"losses":0,"trades":0,"profit_factor":0.0},{"date":"10/12/2025","date_ts":1765324800000,"profit_abs":0.0,"wins":0,"draws":0,"losses":0,"trades":0,"profit_factor":0.0},{"date":"11/12/2025","date_ts":1765411200000,"profit_abs":-5.29236559,"wins":0,"draws":0,"losses":1,"trades":1,"profit_factor":0.0},{"date":"12/12/2025","date_ts":1765497600000,"profit_abs":-5.2923634,"wins":0,"draws":0,"losses":1,"trades":1,"profit_factor":0.0},{"date":"13/12/2025","date_ts":1765584000000,"profit_abs":0.0,"wins":0,"draws":0,"losses":0,"trades":0,"profit_factor":0.0},{"date":"14/12/2025","date_ts":1765670400000,"profit_abs":0.0,"wins":0,"draws":0,"losses":0,"trades":0,"profit_factor":0.0},{"date":"15/12/2025","date_ts":1765756800000,"profit_abs":0.0,"wins":0,"draws":0,"losses":0,"trades":0,"profit_factor":0.0},{"date":"16/12/2025","date_ts":1765843200000,"profit_abs":0.0,"wins":0,"draws":0,"losses":0,"trades":0,"profit_factor":0.0},{"date":"17/12/2025","date_ts":1765929600000,"profit_abs":0.0,"wins":0,"draws":0,"losses":0,"trades":0,"profit_factor":0.0},{"date":"18/12/2025","date_ts":1766016000000,"profit_abs":-5.29245439,"wins":0,"draws":0,"losses":1,"trades":1,"profit_factor":0.0},{"date":"19/12/2025","date_ts":1766102400000,"profit_abs":1.99997374,"wins":1,"draws":0,"losses":0,"trades":1,"profit_factor":0.0},{"date":"20/12/2025","date_ts":1766188800000,"profit_abs":0.0,"wins":0,"draws":0,"losses":0,"trades":0,"profit_factor":0.0},{"date":"21/12/2025","date_ts":1766275200000,"profit_abs":0.0,"wins":0,"draws":0,"losses":0,"trades":0,"profit_factor":0.0},{"date":"22/12/2025","date_ts":1766361600000,"profit_abs":3.99996384,"wins":2,"draws":0,"losses":0,"trades":2,"profit_factor":0.0},{"date":"23/12/2025","date_ts":1766448000000,"profit_abs":0.0,"wins":0,"draws":0,"losses":0,"trades":0,"profit_factor":0.0},{"date":"24/12/2025","date_ts":1766534400000,"profit_abs":0.0,"wins":0,"draws":0,"losses":0,"trades":0,"profit_factor":0.0},{"date":"25/12/2025","date_ts":1766620800000,"profit_abs":0.0,"wins":0,"draws":0,"losses":0,"trades":0,"profit_factor":0.0},{"date":"26/12/2025","date_ts":1766707200000,"profit_abs":0.0,"wins":0,"draws":0,"losses":0,"trades":0,"profit_factor":0.0},{"date":"27/12/2025","date_ts":1766793600000,"profit_abs":0.0,"wins":0,"draws":0,"losses":0,"trades":0,"profit_factor":0.0},{"date":"28/12/2025","date_ts":1766880000000,"profit_abs":0.0,"wins":0,"draws":0,"losses":0,"trades":0,"profit_factor":0.0},{"date":"29/12/2025","date_ts":1766966400000,"profit_abs":0.0,"wins":0,"draws":0,"losses":0,"trades":0,"profit_factor":0.0},{"date":"30/12/2025","date_ts":1767052800000,"profit_abs":0.0,"wins":0,"draws":0,"losses":0,"trades":0,"profit_factor":0.0},{"date":"31/12/2025","date_ts":1767139200000,"profit_abs":0.0,"wins":0,"draws":0,"losses":0,"trades":0,"profit_factor":0.0},{"date":"01/01/2026","date_ts":1767225600000,"profit_abs":0.0,"wins":0,"draws":0,"losses":0,"trades":0,"profit_factor":0.0},{"date":"02/01/2026","date_ts":1767312000000,"profit_abs":4.99999679,"wins":2,"draws":0,"losses":0,"trades":2,"profit_factor":0.0},{"date":"03/01/2026","date_ts":1767398400000,"profit_abs":0.0,"wins":0,"draws":0,"losses":0,"trades":0,"profit_factor":0.0},{"date":"04/01/2026","date_ts":1767484800000,"profit_abs":1.99998583,"wins":1,"draws":0,"losses":0,"trades":1,"profit_factor":0.0},{"date":"05/01/2026","date_ts":1767571200000,"profit_abs":3.99998164,"wins":2,"draws":0,"losses":0,"trades":2,"profit_factor":0.0},{"date":"06/01/2026","date_ts":1767657600000,"profit_abs":1.99999651,"wins":1,"draws":0,"losses":0,"trades":1,"profit_factor":0.0},{"date":"07/01/2026","date_ts":1767744000000,"profit_abs":-5.2924959,"wins":0,"draws":0,"losses":1,"trades":1,"profit_factor":0.0},{"date":"08/01/2026","date_ts":1767830400000,"profit_abs":1.99999895,"wins":1,"draws":0,"losses":0,"trades":1,"profit_factor":0.0},{"date":"09/01/2026","date_ts":1767916800000,"profit_abs":0.0,"wins":0,"draws":0,"losses":0,"trades":0,"profit_factor":0.0},{"date":"10/01/2026","date_ts":1768003200000,"profit_abs":0.0,"wins":0,"draws":0,"losses":0,"trades":0,"profit_factor":0.0},{"date":"11/01/2026","date_ts":1768089600000,"profit_abs":0.0,"wins":0,"draws":0,"losses":0,"trades":0,"profit_factor":0.0},{"date":"12/01/2026","date_ts":1768176000000,"profit_abs":1.99999746,"wins":1,"draws":0,"losses":0,"trades":1,"profit_factor":0.0},{"date":"13/01/2026","date_ts":1768262400000,"profit_abs":3.99998467,"wins":2,"draws":0,"losses":0,"trades":2,"profit_factor":0.0},{"date":"14/01/2026","date_ts":1768348800000,"profit_abs":1.99998199,"wins":1,"draws":0,"losses":0,"trades":1,"profit_factor":0.0},{"date":"15/01/2026","date_ts":1768435200000,"profit_abs":-5.28684824,"wins":0,"draws":0,"losses":1,"trades":1,"profit_factor":0.0},{"date":"16/01/2026","date_ts":1768521600000,"profit_abs":-5.29043499,"wins":0,"draws":0,"losses":1,"trades":1,"profit_factor":0.0},{"date":"17/01/2026","date_ts":1768608000000,"profit_abs":0.0,"wins":0,"draws":0,"losses":0,"trades":0,"profit_factor":0.0},{"date":"18/01/2026","date_ts":1768694400000,"profit_abs":-5.29249748,"wins":0,"draws":0,"losses":1,"trades":1,"profit_factor":0.0},{"date":"19/01/2026","date_ts":1768780800000,"profit_abs":0.0,"wins":0,"draws":0,"losses":0,"trades":0,"profit_factor":0.0},{"date":"20/01/2026","date_ts":1768867200000,"profit_abs":-5.29244987,"wins":0,"draws":0,"losses":1,"trades":1,"profit_factor":0.0},{"date":"21/01/2026","date_ts":1768953600000,"profit_abs":0.0,"wins":0,"draws":0,"losses":0,"trades":0,"profit_factor":0.0},{"date":"22/01/2026","date_ts":1769040000000,"profit_abs":0.0,"wins":0,"draws":0,"losses":0,"trades":0,"profit_factor":0.0},{"date":"23/01/2026","date_ts":1769126400000,"profit_abs":0.0,"wins":0,"draws":0,"losses":0,"trades":0,"profit_factor":0.0},{"date":"24/01/2026","date_ts":1769212800000,"profit_abs":0.0,"wins":0,"draws":0,"losses":0,"trades":0,"profit_factor":0.0},{"date":"25/01/2026","date_ts":1769299200000,"profit_abs":0.0,"wins":0,"draws":0,"losses":0,"trades":0,"profit_factor":0.0},{"date":"26/01/2026","date_ts":1769385600000,"profit_abs":0.0,"wins":0,"draws":0,"losses":0,"trades":0,"profit_factor":0.0},{"date":"27/01/2026","date_ts":1769472000000,"profit_abs":0.0,"wins":0,"draws":0,"losses":0,"trades":0,"profit_factor":0.0},{"date":"28/01/2026","date_ts":1769558400000,"profit_abs":0.0,"wins":0,"draws":0,"losses":0,"trades":0,"profit_factor":0.0},{"date":"29/01/2026","date_ts":1769644800000,"profit_abs":-10.57765251,"wins":0,"draws":0,"losses":2,"trades":2,"profit_factor":0.0},{"date":"30/01/2026","date_ts":1769731200000,"profit_abs":0.0,"wins":0,"draws":0,"losses":0,"trades":0,"profit_factor":0.0},{"date":"31/01/2026","date_ts":1769817600000,"profit_abs":0.0,"wins":0,"draws":0,"losses":0,"trades":0,"profit_factor":0.0},{"date":"01/02/2026","date_ts":1769904000000,"profit_abs":0.0,"wins":0,"draws":0,"losses":0,"trades":0,"profit_factor":0.0},{"date":"02/02/2026","date_ts":1769990400000,"profit_abs":0.0,"wins":0,"draws":0,"losses":0,"trades":0,"profit_factor":0.0},{"date":"03/02/2026","date_ts":1770076800000,"profit_abs":0.0,"wins":0,"draws":0,"losses":0,"trades":0,"profit_factor":0.0},{"date":"04/02/2026","date_ts":1770163200000,"profit_abs":0.0,"wins":0,"draws":0,"losses":0,"trades":0,"profit_factor":0.0},{"date":"05/02/2026","date_ts":1770249600000,"profit_abs":0.0,"wins":0,"draws":0,"losses":0,"trades":0,"profit_factor":0.0},{"date":"06/02/2026","date_ts":1770336000000,"profit_abs":0.0,"wins":0,"draws":0,"losses":0,"trades":0,"profit_factor":0.0},{"date":"07/02/2026","date_ts":1770422400000,"profit_abs":0.0,"wins":0,"draws":0,"losses":0,"trades":0,"profit_factor":0.0},{"date":"08/02/2026","date_ts":1770508800000,"profit_abs":0.0,"wins":0,"draws":0,"losses":0,"trades":0,"profit_factor":0.0},{"date":"09/02/2026","date_ts":1770595200000,"profit_abs":0.0,"wins":0,"draws":0,"losses":0,"trades":0,"profit_factor":0.0},{"date":"10/02/2026","date_ts":1770681600000,"profit_abs":0.0,"wins":0,"draws":0,"losses":0,"trades":0,"profit_factor":0.0},{"date":"11/02/2026","date_ts":1770768000000,"profit_abs":0.0,"wins":0,"draws":0,"losses":0,"trades":0,"profit_factor":0.0},{"date":"12/02/2026","date_ts":1770854400000,"profit_abs":0.0,"wins":0,"draws":0,"losses":0,"trades":0,"profit_factor":0.0},{"date":"13/02/2026","date_ts":1770940800000,"profit_abs":3.99998053,"wins":2,"draws":0,"losses":0,"trades":2,"profit_factor":0.0},{"date":"14/02/2026","date_ts":1771027200000,"profit_abs":9.80531217,"wins":4,"draws":0,"losses":0,"trades":4,"profit_factor":0.0},{"date":"15/02/2026","date_ts":1771113600000,"profit_abs":-5.90680677,"wins":2,"draws":0,"losses":2,"trades":4,"profit_factor":0.44155806},{"date":"16/02/2026","date_ts":1771200000000,"profit_abs":0.0,"wins":0,"draws":0,"losses":0,"trades":0,"profit_factor":0.0},{"date":"17/02/2026","date_ts":1771286400000,"profit_abs":0.0,"wins":0,"draws":0,"losses":0,"trades":0,"profit_factor":0.0},{"date":"18/02/2026","date_ts":1771372800000,"profit_abs":0.0,"wins":0,"draws":0,"losses":0,"trades":0,"profit_factor":0.0},{"date":"19/02/2026","date_ts":1771459200000,"profit_abs":0.0,"wins":0,"draws":0,"losses":0,"trades":0,"profit_factor":0.0},{"date":"20/02/2026","date_ts":1771545600000,"profit_abs":0.0,"wins":0,"draws":0,"losses":0,"trades":0,"profit_factor":0.0},{"date":"21/02/2026","date_ts":1771632000000,"profit_abs":0.0343695,"wins":1,"draws":0,"losses":0,"trades":1,"profit_factor":0.0}],"week":[{"date":"01/12/2025","date_ts":1764547200000,"profit_abs":-0.29243287,"wins":2,"draws":0,"losses":1,"trades":3,"profit_factor":0.94474446},{"date":"08/12/2025","date_ts":1765152000000,"profit_abs":-2.58500055,"wins":4,"draws":0,"losses":2,"trades":6,"profit_factor":0.75578422},{"date":"15/12/2025","date_ts":1765756800000,"profit_abs":-10.58472899,"wins":0,"draws":0,"losses":2,"trades":2,"profit_factor":0.0},{"date":"22/12/2025","date_ts":1766361600000,"profit_abs":0.70748319,"wins":3,"draws":0,"losses":1,"trades":4,"profit_factor":1.13367771},{"date":"29/12/2025","date_ts":1766966400000,"profit_abs":0.0,"wins":0,"draws":0,"losses":0,"trades":0,"profit_factor":0.0},{"date":"05/01/2026","date_ts":1767571200000,"profit_abs":10.99996426,"wins":5,"draws":0,"losses":0,"trades":5,"profit_factor":0.0},{"date":"12/01/2026","date_ts":1768176000000,"profit_abs":0.70749702,"wins":3,"draws":0,"losses":1,"trades":4,"profit_factor":1.13367928},{"date":"19/01/2026","date_ts":1768780800000,"profit_abs":-9.86981405,"wins":3,"draws":0,"losses":3,"trades":6,"profit_factor":0.37807496},{"date":"26/01/2026","date_ts":1769385600000,"profit_abs":-5.29244987,"wins":0,"draws":0,"losses":1,"trades":1,"profit_factor":0.0},{"date":"02/02/2026","date_ts":1769990400000,"profit_abs":-10.57765251,"wins":0,"draws":0,"losses":2,"trades":2,"profit_factor":0.0},{"date":"09/02/2026","date_ts":1770595200000,"profit_abs":0.0,"wins":0,"draws":0,"losses":0,"trades":0,"profit_factor":0.0},{"date":"16/02/2026","date_ts":1771200000000,"profit_abs":7.89848593,"wins":8,"draws":0,"losses":2,"trades":10,"profit_factor":1.74673948},{"date":"23/02/2026","date_ts":1771804800000,"profit_abs":0.0343695,"wins":1,"draws":0,"losses":0,"trades":1,"profit_factor":0.0}],"month":[{"date":"30/11/2025","date_ts":1764460800000,"profit_abs":4.99993893,"wins":2,"draws":0,"losses":0,"trades":2,"profit_factor":0.0},{"date":"31/12/2025","date_ts":1767139200000,"profit_abs":-17.75461815,"wins":7,"draws":0,"losses":6,"trades":13,"profit_factor":0.44087795},{"date":"31/01/2026","date_ts":1769817600000,"profit_abs":-14.03245515,"wins":11,"draws":0,"losses":7,"trades":18,"profit_factor":0.62107605},{"date":"28/02/2026","date_ts":1772236800000,"profit_abs":7.93285543,"wins":9,"draws":0,"losses":2,"trades":11,"profit_factor":1.74998884}],"year":[{"date":"31/12/2025","date_ts":1767139200000,"profit_abs":-12.75467922,"wins":9,"draws":0,"losses":6,"trades":15,"profit_factor":0.59833423},{"date":"31/12/2026","date_ts":1798675200000,"profit_abs":-6.09959972,"wins":20,"draws":0,"losses":9,"trades":29,"profit_factor":0.87188319}],"weekday":[{"date":"Monday","date_ts":0,"profit_abs":4.70757114,"wins":5,"draws":0,"losses":1,"trades":6,"profit_factor":1.88950121},{"date":"Tuesday","date_ts":1,"profit_abs":0.70753131,"wins":3,"draws":0,"losses":1,"trades":4,"profit_factor":1.13368692},{"date":"Wednesday","date_ts":2,"profit_abs":7.70734834,"wins":6,"draws":0,"losses":1,"trades":7,"profit_factor":2.45627857},{"date":"Thursday","date_ts":3,"profit_abs":-24.44932178,"wins":1,"draws":0,"losses":5,"trades":6,"profit_factor":0.07561627},{"date":"Friday","date_ts":4,"profit_abs":-8.1677712,"wins":6,"draws":0,"losses":4,"trades":10,"profit_factor":0.61413992},{"date":"Saturday","date_ts":5,"profit_abs":9.83968167,"wins":5,"draws":0,"losses":0,"trades":5,"profit_factor":0.0},{"date":"Sunday","date_ts":6,"profit_abs":-9.19931842,"wins":3,"draws":0,"losses":3,"trades":6,"profit_factor":0.42032533}]},"backtest_best_day":0.09790630556151456,"backtest_worst_day":-0.10569146273837932,"backtest_best_day_abs":9.80531217,"backtest_worst_day_abs":-10.58490381,"winning_days":16,"draw_days":60,"losing_days":12,"daily_profit":[["2025-11-26",2.99995899],["2025-11-27",0.0],["2025-11-28",1.99997994],["2025-11-29",0.0],["2025-11-30",0.0],["2025-12-01",-5.2923718],["2025-12-02",0.0],["2025-12-03",7.99990326],["2025-12-04",0.0],["2025-12-05",-10.58490381],["2025-12-06",0.0],["2025-12-07",0.0],["2025-12-08",0.0],["2025-12-09",0.0],["2025-12-10",0.0],["2025-12-11",-5.29236559],["2025-12-12",-5.2923634],["2025-12-13",0.0],["2025-12-14",0.0],["2025-12-15",0.0],["2025-12-16",0.0],["2025-12-17",0.0],["2025-12-18",-5.29245439],["2025-12-19",1.99997374],["2025-12-20",0.0],["2025-12-21",0.0],["2025-12-22",3.99996384],["2025-12-23",0.0],["2025-12-24",0.0],["2025-12-25",0.0],["2025-12-26",0.0],["2025-12-27",0.0],["2025-12-28",0.0],["2025-12-29",0.0],["2025-12-30",0.0],["2025-12-31",0.0],["2026-01-01",0.0],["2026-01-02",4.99999679],["2026-01-03",0.0],["2026-01-04",1.99998583],["2026-01-05",3.99998164],["2026-01-06",1.99999651],["2026-01-07",-5.2924959],["2026-01-08",1.99999895],["2026-01-09",0.0],["2026-01-10",0.0],["2026-01-11",0.0],["2026-01-12",1.99999746],["2026-01-13",3.99998467],["2026-01-14",1.99998199],["2026-01-15",-5.28684824],["2026-01-16",-5.29043499],["2026-01-17",0.0],["2026-01-18",-5.29249748],["2026-01-19",0.0],["2026-01-20",-5.29244987],["2026-01-21",0.0],["2026-01-22",0.0],["2026-01-23",0.0],["2026-01-24",0.0],["2026-01-25",0.0],["2026-01-26",0.0],["2026-01-27",0.0],["2026-01-28",0.0],["2026-01-29",-10.57765251],["2026-01-30",0.0],["2026-01-31",0.0],["2026-02-01",0.0],["2026-02-02",0.0],["2026-02-03",0.0],["2026-02-04",0.0],["2026-02-05",0.0],["2026-02-06",0.0],["2026-02-07",0.0],["2026-02-08",0.0],["2026-02-09",0.0],["2026-02-10",0.0],["2026-02-11",0.0],["2026-02-12",0.0],["2026-02-13",3.99998053],["2026-02-14",9.80531217],["2026-02-15",-5.90680677],["2026-02-16",0.0],["2026-02-17",0.0],["2026-02-18",0.0],["2026-02-19",0.0],["2026-02-20",0.0],["2026-02-21",0.0343695]],"wins":29,"losses":15,"draws":0,"winrate":0.6590909090909091,"holding_avg":"1 day, 21:28:00","holding_avg_s":163680.0,"winner_holding_min":"0d 01:45","winner_holding_min_s":6300.0,"winner_holding_max":"12d 23:15","winner_holding_max_s":1120500.0,"winner_holding_avg":"2d 01:57","winner_holding_avg_s":179820.0,"loser_holding_min":"0d 05:15","loser_holding_min_s":18900.0,"loser_holding_max":"5d 01:15","loser_holding_max_s":436500.0,"loser_holding_avg":"1d 12:47","loser_holding_avg_s":132420.0,"max_consecutive_wins":9,"max_consecutive_losses":6,"max_drawdown_account":0.03423077209763069,"max_relative_drawdown":0.03423077209763069,"max_drawdown_abs":34.494604759999994,"drawdown_start":"2025-12-03 23:00:00","drawdown_start_ts":1764802800000.0,"drawdown_end":"2026-01-29 15:00:00","drawdown_end_ts":1769698800000.0,"drawdown_duration":"56 days 16:00:00","drawdown_duration_s":4896000.0,"max_drawdown_low":-26.787134369999997,"max_drawdown_high":7.70747039,"csum_min":973.21286563,"csum_max":1007.70747039}},"strategy_comparison":[{"key":"SupertrendStrategy_Smart","trades":44,"profit_mean":-0.0042787515550054556,"profit_mean_pct":-0.43,"profit_total_abs":-18.85427894,"profit_total":-0.01885427894,"profit_total_pct":-1.89,"duration_avg":"1 day, 21:28:00","wins":29,"draws":0,"losses":15,"winrate":0.6590909090909091,"cagr":-0.07675116925439807,"expectancy":-0.4285063395454549,"expectancy_ratio":-0.08098866093975621,"sortino":-1526.0248443873502,"sharpe":-1.1744229996943656,"calmar":-12.095404937824481,"sqn":-0.797,"profit_factor":0.7624332612433822,"max_drawdown_account":0.03423077209763069,"max_drawdown_abs":"34.495"}]}