{
  "strategy_name": "SupertrendStrategy_Smart",
  "params": {
    "roi": {
      "0": 0.12,
      "30": 0.08,
      "60": 0.05,
      "120": 0.03,
      "240": 0.02
    },
    "stoploss": {
      "stoploss": -0.05
    },
    "trailing": {
      "trailing_stop": true,
      "trailing_stop_positive": 0.02,
      "trailing_stop_positive_offset": 0.03,
      "trailing_only_offset_is_reached": true
    },
    "max_open_trades": {
      "max_open_trades": 2
    },
    "buy": {
      "adx_threshold": 35,
      "atr_multiplier": 4.366,
      "atr_period": 5,
      "ema_fast": 10,
      "ema_slow": 113,
      "rsi_period": 12
    },
    "sell": {
      "rsi_overbought": 82
    }
  },
  "ft_stratparam_v": 1,
  "export_time": "2026-02-21 08:17:46.192915+00:00"
}