{"strategy":{"MultiTFStrategy":{"trades":[{"pair":"DOGE/USDT","stake_amount":329.99999989,"max_stake_amount":329.99999989,"amount":2636.625119,"open_date":"2026-01-21 01:00:00+00:00","close_date":"2026-01-21 07:45:00+00:00","open_rate":0.12516,"close_rate":0.12493,"fee_open":0.0015,"fee_close":0.0015,"trade_duration":405,"profit_ratio":-0.004827649860095629,"profit_abs":-1.59551414,"exit_reason":"exit_signal","initial_stop_loss_abs":0.11891,"initial_stop_loss_ratio":-0.05,"stop_loss_abs":0.12019,"stop_loss_ratio":-0.05,"min_rate":0.12482,"max_rate":0.12651,"is_open":false,"enter_tag":"","leverage":1.0,"is_short":false,"open_timestamp":1768957200000,"close_timestamp":1768981500000,"orders":[{"amount":2636.625119,"safe_price":0.12516,"ft_order_side":"buy","order_filled_timestamp":1768957200000,"ft_is_entry":true,"ft_order_tag":"","cost":330.494999893881},{"amount":2636.625119,"safe_price":0.12493,"ft_order_side":"sell","order_filled_timestamp":1768981500000,"ft_is_entry":false,"ft_order_tag":"exit_signal","cost":329.887666480845}],"funding_fees":0.0,"weekday":2},{"pair":"SOL/USDT","stake_amount":329.9998884,"max_stake_amount":329.9998884,"amount":2.590266,"open_date":"2026-01-21 01:45:00+00:00","close_date":"2026-01-21 08:30:00+00:00","open_rate":127.4,"close_rate":127.4,"fee_open":0.0015,"fee_close":0.0015,"trade_duration":405,"profit_ratio":-0.002995506754413839,"profit_abs":-0.98999967,"exit_reason":"exit_signal","initial_stop_loss_abs":121.03,"initial_stop_loss_ratio":-0.05,"stop_loss_abs":122.3125,"stop_loss_ratio":-0.05,"min_rate":126.78,"max_rate":128.75,"is_open":false,"enter_tag":"","leverage":1.0,"is_short":false,"open_timestamp":1768959900000,"close_timestamp":1768984200000,"orders":[{"amount":2.590266,"safe_price":127.4,"ft_order_side":"buy","order_filled_timestamp":1768959900000,"ft_is_entry":true,"ft_order_tag":"","cost":330.49488823260003},{"amount":2.590266,"safe_price":127.4,"ft_order_side":"sell","order_filled_timestamp":1768984200000,"ft_is_entry":false,"ft_order_tag":"exit_signal","cost":330.49488823260003}],"funding_fees":0.0,"weekday":2},{"pair":"DOGE/USDT","stake_amount":329.14678033,"max_stake_amount":329.14678033,"amount":2622.892504,"open_date":"2026-01-21 14:45:00+00:00","close_date":"2026-01-21 16:45:00+00:00","open_rate":0.12549,"close_rate":0.1213,"fee_open":0.0015,"fee_close":0.0015,"trade_duration":120,"profit_ratio":-0.036284604082175,"profit_abs":-11.96087505,"exit_reason":"exit_signal","initial_stop_loss_abs":0.11922,"initial_stop_loss_ratio":-0.05,"stop_loss_abs":0.1203,"stop_loss_ratio":-0.05,"min_rate":0.12039,"max_rate":0.12663,"is_open":false,"enter_tag":"","leverage":1.0,"is_short":false,"open_timestamp":1769006700000,"close_timestamp":1769013900000,"orders":[{"amount":2622.892504,"safe_price":0.12549,"ft_order_side":"buy","order_filled_timestamp":1769006700000,"ft_is_entry":true,"ft_order_tag":"","cost":329.64050049745043},{"amount":2622.892504,"safe_price":0.1213,"ft_order_side":"sell","order_filled_timestamp":1769013900000,"ft_is_entry":false,"ft_order_tag":"exit_signal","cost":318.6340960263028}],"funding_fees":0.0,"weekday":2},{"pair":"SOL/USDT","stake_amount":329.14674156,"max_stake_amount":329.14674156,"amount":2.556281,"open_date":"2026-01-21 14:30:00+00:00","close_date":"2026-01-21 17:00:00+00:00","open_rate":128.76,"close_rate":125.57,"fee_open":0.0015,"fee_close":0.0015,"trade_duration":150,"profit_ratio":-0.02769606850955965,"profit_abs":-9.12974481,"exit_reason":"exit_signal","initial_stop_loss_abs":122.32199999999999,"initial_stop_loss_ratio":-0.05,"stop_loss_abs":124.6305,"stop_loss_ratio":-0.05,"min_rate":125.39,"max_rate":131.19,"is_open":false,"enter_tag":"","leverage":1.0,"is_short":false,"open_timestamp":1769005800000,"close_timestamp":1769014800000,"orders":[{"amount":2.556281,"safe_price":128.76,"ft_order_side":"buy","order_filled_timestamp":1769005800000,"ft_is_entry":true,"ft_order_tag":"","cost":329.64046167234},{"amount":2.556281,"safe_price":125.57,"ft_order_side":"sell","order_filled_timestamp":1769014800000,"ft_is_entry":false,"ft_order_tag":"exit_signal","cost":321.473693477755}],"funding_fees":0.0,"weekday":2},{"pair":"SOL/USDT","stake_amount":322.18684308,"max_stake_amount":322.18684308,"amount":2.488698,"open_date":"2026-01-21 19:30:00+00:00","close_date":"2026-01-22 03:45:00+00:00","open_rate":129.46,"close_rate":129.84,"fee_open":0.0015,"fee_close":0.0015,"trade_duration":495,"profit_ratio":-6.902978735409896e-05,"profit_abs":-0.02227385,"exit_reason":"exit_signal","initial_stop_loss_abs":122.987,"initial_stop_loss_ratio":-0.05,"stop_loss_abs":125.5425,"stop_loss_ratio":-0.05,"min_rate":129.16,"max_rate":132.15,"is_open":false,"enter_tag":"","leverage":1.0,"is_short":false,"open_timestamp":1769023800000,"close_timestamp":1769053500000,"orders":[{"amount":2.488698,"safe_price":129.46,"ft_order_side":"buy","order_filled_timestamp":1769023800000,"ft_is_entry":true,"ft_order_tag":"","cost":322.67012334462004},{"amount":2.488698,"safe_price":129.84,"ft_order_side":"sell","order_filled_timestamp":1769053500000,"ft_is_entry":false,"ft_order_tag":"exit_signal","cost":323.61724714248004}],"funding_fees":0.0,"weekday":3},{"pair":"DOGE/USDT","stake_amount":322.18687583,"max_stake_amount":322.18687583,"amount":2564.569576,"open_date":"2026-01-21 19:30:00+00:00","close_date":"2026-01-22 05:45:00+00:00","open_rate":0.12563,"close_rate":0.12692,"fee_open":0.0015,"fee_close":0.0015,"trade_duration":615,"profit_ratio":0.00724198267328483,"profit_abs":2.33677168,"exit_reason":"exit_signal","initial_stop_loss_abs":0.11935,"initial_stop_loss_ratio":-0.05,"stop_loss_abs":0.12237,"stop_loss_ratio":-0.05,"min_rate":0.12537,"max_rate":0.12881,"is_open":false,"enter_tag":"","leverage":1.0,"is_short":false,"open_timestamp":1769023800000,"close_timestamp":1769060700000,"orders":[{"amount":2564.569576,"safe_price":0.12563,"ft_order_side":"buy","order_filled_timestamp":1769023800000,"ft_is_entry":true,"ft_order_tag":"","cost":322.67015614662927},{"amount":2564.569576,"safe_price":0.12692,"ft_order_side":"sell","order_filled_timestamp":1769060700000,"ft_is_entry":false,"ft_order_tag":"exit_signal","cost":325.9834133417989}],"funding_fees":0.0,"weekday":3},{"pair":"DOGE/USDT","stake_amount":322.95066013,"max_stake_amount":322.95066013,"amount":2568.400351,"open_date":"2026-01-23 06:15:00+00:00","close_date":"2026-01-23 08:00:00+00:00","open_rate":0.12574,"close_rate":0.12509,"fee_open":0.0015,"fee_close":0.0015,"trade_duration":105,"profit_ratio":-0.00814941895011908,"profit_abs":-2.63580802,"exit_reason":"exit_signal","initial_stop_loss_abs":0.11946,"initial_stop_loss_ratio":-0.05,"stop_loss_abs":0.11964,"stop_loss_ratio":-0.05,"min_rate":0.1249,"max_rate":0.12593,"is_open":false,"enter_tag":"","leverage":1.0,"is_short":false,"open_timestamp":1769148900000,"close_timestamp":1769155200000,"orders":[{"amount":2568.400351,"safe_price":0.12574,"ft_order_side":"buy","order_filled_timestamp":1769148900000,"ft_is_entry":true,"ft_order_tag":"","cost":323.4350861249421},{"amount":2568.400351,"safe_price":0.12509,"ft_order_side":"sell","order_filled_timestamp":1769155200000,"ft_is_entry":false,"ft_order_tag":"exit_signal","cost":321.76312170644985}],"funding_fees":0.0,"weekday":4},{"pair":"DOGE/USDT","stake_amount":322.08084343,"max_stake_amount":322.08084343,"amount":2554.170051,"open_date":"2026-01-23 16:45:00+00:00","close_date":"2026-01-23 20:15:00+00:00","open_rate":0.1261,"close_rate":0.12494,"fee_open":0.0015,"fee_close":0.0015,"trade_duration":210,"profit_ratio":-0.012166999291739753,"profit_abs":-3.92463553,"exit_reason":"exit_signal","initial_stop_loss_abs":0.1198,"initial_stop_loss_ratio":-0.05,"stop_loss_abs":0.12147,"stop_loss_ratio":-0.05,"min_rate":0.12434,"max_rate":0.12786,"is_open":false,"enter_tag":"","leverage":1.0,"is_short":false,"open_timestamp":1769186700000,"close_timestamp":1769199300000,"orders":[{"amount":2554.170051,"safe_price":0.1261,"ft_order_side":"buy","order_filled_timestamp":1769186700000,"ft_is_entry":true,"ft_order_tag":"","cost":322.56396469624667},{"amount":2554.170051,"safe_price":0.12494,"ft_order_side":"sell","order_filled_timestamp":1769199300000,"ft_is_entry":false,"ft_order_tag":"exit_signal","cost":319.59668318119793}],"funding_fees":0.0,"weekday":4},{"pair":"SOL/USDT","stake_amount":322.08082116,"max_stake_amount":322.08082116,"amount":2.507246,"open_date":"2026-01-23 16:15:00+00:00","close_date":"2026-01-23 20:45:00+00:00","open_rate":128.46,"close_rate":127.07,"fee_open":0.0015,"fee_close":0.0015,"trade_duration":270,"profit_ratio":-0.013783582774420641,"profit_abs":-4.4460868,"exit_reason":"exit_signal","initial_stop_loss_abs":122.037,"initial_stop_loss_ratio":-0.05,"stop_loss_abs":123.68999999999998,"stop_loss_ratio":-0.05,"min_rate":126.54,"max_rate":130.2,"is_open":false,"enter_tag":"","leverage":1.0,"is_short":false,"open_timestamp":1769184900000,"close_timestamp":1769201100000,"orders":[{"amount":2.507246,"safe_price":128.46,"ft_order_side":"buy","order_filled_timestamp":1769184900000,"ft_is_entry":true,"ft_order_tag":"","cost":322.56394239174006},{"amount":2.507246,"safe_price":127.07,"ft_order_side":"sell","order_filled_timestamp":1769201100000,"ft_is_entry":false,"ft_order_tag":"exit_signal","cost":319.07364284383}],"funding_fees":0.0,"weekday":4},{"pair":"DOGE/USDT","stake_amount":319.3185051,"max_stake_amount":319.3185051,"amount":2583.483051,"open_date":"2026-01-25 10:45:00+00:00","close_date":"2026-01-25 12:45:00+00:00","open_rate":0.1236,"close_rate":0.12305,"fee_open":0.0015,"fee_close":0.0015,"trade_duration":120,"profit_ratio":-0.007432015407798417,"profit_abs":-2.37673982,"exit_reason":"exit_signal","initial_stop_loss_abs":0.11742,"initial_stop_loss_ratio":-0.05,"stop_loss_abs":0.11744,"stop_loss_ratio":-0.05,"min_rate":0.12286,"max_rate":0.12362,"is_open":false,"enter_tag":"","leverage":1.0,"is_short":false,"open_timestamp":1769337900000,"close_timestamp":1769345100000,"orders":[{"amount":2583.483051,"safe_price":0.1236,"ft_order_side":"buy","order_filled_timestamp":1769337900000,"ft_is_entry":true,"ft_order_tag":"","cost":319.79748286125545},{"amount":2583.483051,"safe_price":0.12305,"ft_order_side":"sell","order_filled_timestamp":1769345100000,"ft_is_entry":false,"ft_order_tag":"exit_signal","cost":318.3744358096884}],"funding_fees":0.0,"weekday":6},{"pair":"DOGE/USDT","stake_amount":318.53418098,"max_stake_amount":318.53418098,"amount":2611.578101,"open_date":"2026-01-26 01:15:00+00:00","close_date":"2026-01-26 09:30:00+00:00","open_rate":0.12197,"close_rate":0.12111,"fee_open":0.0015,"fee_close":0.0015,"trade_duration":495,"profit_ratio":-0.010025299825538464,"profit_abs":-3.19819077,"exit_reason":"exit_signal","initial_stop_loss_abs":0.11588,"initial_stop_loss_ratio":-0.05,"stop_loss_abs":0.11684,"stop_loss_ratio":-0.05,"min_rate":0.12068,"max_rate":0.12298,"is_open":false,"enter_tag":"","leverage":1.0,"is_short":false,"open_timestamp":1769390100000,"close_timestamp":1769419800000,"orders":[{"amount":2611.578101,"safe_price":0.12197,"ft_order_side":"buy","order_filled_timestamp":1769390100000,"ft_is_entry":true,"ft_order_tag":"","cost":319.01198225043845},{"amount":2611.578101,"safe_price":0.12111,"ft_order_side":"sell","order_filled_timestamp":1769419800000,"ft_is_entry":false,"ft_order_tag":"exit_signal","cost":316.7626561478282}],"funding_fees":0.0,"weekday":0},{"pair":"DOGE/USDT","stake_amount":317.47877802,"max_stake_amount":317.47877802,"amount":2585.753201,"open_date":"2026-01-26 15:00:00+00:00","close_date":"2026-01-26 20:45:00+00:00","open_rate":0.12278,"close_rate":0.12193,"fee_open":0.0015,"fee_close":0.0015,"trade_duration":345,"profit_ratio":-0.009897720613771775,"profit_abs":-3.14702972,"exit_reason":"exit_signal","initial_stop_loss_abs":0.11665,"initial_stop_loss_ratio":-0.05,"stop_loss_abs":0.11763,"stop_loss_ratio":-0.05,"min_rate":0.1215,"max_rate":0.12382,"is_open":false,"enter_tag":"","leverage":1.0,"is_short":false,"open_timestamp":1769439600000,"close_timestamp":1769460300000,"orders":[{"amount":2585.753201,"safe_price":0.12278,"ft_order_side":"buy","order_filled_timestamp":1769439600000,"ft_is_entry":true,"ft_order_tag":"","cost":317.9549961858082},{"amount":2585.753201,"safe_price":0.12193,"ft_order_side":"sell","order_filled_timestamp":1769460300000,"ft_is_entry":false,"ft_order_tag":"exit_signal","cost":315.7538091296269}],"funding_fees":0.0,"weekday":0},{"pair":"DOGE/USDT","stake_amount":316.44025822,"max_stake_amount":316.44025822,"amount":2579.395649,"open_date":"2026-01-26 22:45:00+00:00","close_date":"2026-01-27 00:30:00+00:00","open_rate":0.12268,"close_rate":0.12227,"fee_open":0.0015,"fee_close":0.0015,"trade_duration":105,"profit_ratio":-0.006327523705152352,"profit_abs":-2.00528666,"exit_reason":"exit_signal","initial_stop_loss_abs":0.11655,"initial_stop_loss_ratio":-0.05,"stop_loss_abs":0.11671,"stop_loss_ratio":-0.05,"min_rate":0.12204,"max_rate":0.12285,"is_open":false,"enter_tag":"","leverage":1.0,"is_short":false,"open_timestamp":1769467500000,"close_timestamp":1769473800000,"orders":[{"amount":2579.395649,"safe_price":0.12268,"ft_order_side":"buy","order_filled_timestamp":1769467500000,"ft_is_entry":true,"ft_order_tag":"","cost":316.914918606649},{"amount":2579.395649,"safe_price":0.12227,"ft_order_side":"sell","order_filled_timestamp":1769473800000,"ft_is_entry":false,"ft_order_tag":"exit_signal","cost":315.8557800622349}],"funding_fees":0.0,"weekday":1},{"pair":"SOL/USDT","stake_amount":318.53408895,"max_stake_amount":318.53408895,"amount":2.601765,"open_date":"2026-01-26 02:00:00+00:00","close_date":"2026-01-27 00:45:00+00:00","open_rate":122.43,"close_rate":124.02,"fee_open":0.0015,"fee_close":0.0015,"trade_duration":1365,"profit_ratio":0.00995260355082597,"profit_abs":3.17499887,"exit_reason":"exit_signal","initial_stop_loss_abs":116.3085,"initial_stop_loss_ratio":-0.05,"stop_loss_abs":119.32,"stop_loss_ratio":-0.05,"min_rate":121.12,"max_rate":125.6,"is_open":false,"enter_tag":"","leverage":1.0,"is_short":false,"open_timestamp":1769392800000,"close_timestamp":1769474700000,"orders":[{"amount":2.601765,"safe_price":122.43,"ft_order_side":"buy","order_filled_timestamp":1769392800000,"ft_is_entry":true,"ft_order_tag":"","cost":319.01189008342504},{"amount":2.601765,"safe_price":124.02,"ft_order_side":"sell","order_filled_timestamp":1769474700000,"ft_is_entry":false,"ft_order_tag":"exit_signal","cost":323.15490164295}],"funding_fees":0.0,"weekday":1},{"pair":"SOL/USDT","stake_amount":316.82625718,"max_stake_amount":316.82625718,"amount":2.541523,"open_date":"2026-01-27 02:15:00+00:00","close_date":"2026-01-27 05:30:00+00:00","open_rate":124.66,"close_rate":124.25,"fee_open":0.0015,"fee_close":0.0015,"trade_duration":195,"profit_ratio":-0.006274600597691539,"profit_abs":-1.99094016,"exit_reason":"exit_signal","initial_stop_loss_abs":118.42699999999999,"initial_stop_loss_ratio":-0.05,"stop_loss_abs":118.91149999999999,"stop_loss_ratio":-0.05,"min_rate":124.16,"max_rate":125.17,"is_open":false,"enter_tag":"","leverage":1.0,"is_short":false,"open_timestamp":1769480100000,"close_timestamp":1769491800000,"orders":[{"amount":2.541523,"safe_price":124.66,"ft_order_side":"buy","order_filled_timestamp":1769480100000,"ft_is_entry":true,"ft_order_tag":"","cost":317.30149656577004},{"amount":2.541523,"safe_price":124.25,"ft_order_side":"sell","order_filled_timestamp":1769491800000,"ft_is_entry":false,"ft_order_tag":"exit_signal","cost":316.257909099125}],"funding_fees":0.0,"weekday":1},{"pair":"DOGE/USDT","stake_amount":316.82626327,"max_stake_amount":316.82626327,"amount":2578.338731,"open_date":"2026-01-27 03:15:00+00:00","close_date":"2026-01-27 06:15:00+00:00","open_rate":0.12288,"close_rate":0.12247,"fee_open":0.0015,"fee_close":0.0015,"trade_duration":180,"profit_ratio":-0.006322100504353393,"profit_abs":-2.00601199,"exit_reason":"exit_signal","initial_stop_loss_abs":0.11674,"initial_stop_loss_ratio":-0.05,"stop_loss_abs":0.11733,"stop_loss_ratio":-0.05,"min_rate":0.12234,"max_rate":0.1235,"is_open":false,"enter_tag":"","leverage":1.0,"is_short":false,"open_timestamp":1769483700000,"close_timestamp":1769494500000,"orders":[{"amount":2578.338731,"safe_price":0.12288,"ft_order_side":"buy","order_filled_timestamp":1769483700000,"ft_is_entry":true,"ft_order_tag":"","cost":317.3015026601779},{"amount":2578.338731,"safe_price":0.12247,"ft_order_side":"sell","order_filled_timestamp":1769494500000,"ft_is_entry":false,"ft_order_tag":"exit_signal","cost":316.24279810214836}],"funding_fees":0.0,"weekday":1},{"pair":"DOGE/USDT","stake_amount":315.507269,"max_stake_amount":315.507269,"amount":2529.927584,"open_date":"2026-01-27 16:30:00+00:00","close_date":"2026-01-28 02:15:00+00:00","open_rate":0.12471,"close_rate":0.12468,"fee_open":0.0015,"fee_close":0.0015,"trade_duration":585,"profit_ratio":-0.00323534424829953,"profit_abs":-1.02230579,"exit_reason":"exit_signal","initial_stop_loss_abs":0.11848,"initial_stop_loss_ratio":-0.05,"stop_loss_abs":0.12033,"stop_loss_ratio":-0.05,"min_rate":0.12181,"max_rate":0.12666,"is_open":false,"enter_tag":"","leverage":1.0,"is_short":false,"open_timestamp":1769531400000,"close_timestamp":1769566500000,"orders":[{"amount":2529.927584,"safe_price":0.12471,"ft_order_side":"buy","order_filled_timestamp":1769531400000,"ft_is_entry":true,"ft_order_tag":"","cost":315.980529904141},{"amount":2529.927584,"safe_price":0.12468,"ft_order_side":"sell","order_filled_timestamp":1769566500000,"ft_is_entry":false,"ft_order_tag":"exit_signal","cost":315.90451822987967}],"funding_fees":0.0,"weekday":2},{"pair":"SOL/USDT","stake_amount":315.5072514,"max_stake_amount":315.5072514,"amount":2.510002,"open_date":"2026-01-27 16:30:00+00:00","close_date":"2026-01-28 04:15:00+00:00","open_rate":125.7,"close_rate":126.69,"fee_open":0.0015,"fee_close":0.0015,"trade_duration":705,"profit_ratio":0.004856795942700991,"profit_abs":1.53465287,"exit_reason":"exit_signal","initial_stop_loss_abs":119.41499999999999,"initial_stop_loss_ratio":-0.05,"stop_loss_abs":121.448,"stop_loss_ratio":-0.05,"min_rate":123.57,"max_rate":127.84,"is_open":false,"enter_tag":"","leverage":1.0,"is_short":false,"open_timestamp":1769531400000,"close_timestamp":1769573700000,"orders":[{"amount":2.510002,"safe_price":125.7,"ft_order_side":"buy","order_filled_timestamp":1769531400000,"ft_is_entry":true,"ft_order_tag":"","cost":315.98051227710005},{"amount":2.510002,"safe_price":126.69,"ft_order_side":"sell","order_filled_timestamp":1769573700000,"ft_is_entry":false,"ft_order_tag":"exit_signal","cost":318.46914161007}],"funding_fees":0.0,"weekday":2},{"pair":"SOL/USDT","stake_amount":315.6763064,"max_stake_amount":315.6763064,"amount":2.477836,"open_date":"2026-01-28 07:00:00+00:00","close_date":"2026-01-28 09:00:00+00:00","open_rate":127.4,"close_rate":126.69,"fee_open":0.0015,"fee_close":0.0015,"trade_duration":120,"profit_ratio":-0.008551811203463164,"profit_abs":-2.70365358,"exit_reason":"exit_signal","initial_stop_loss_abs":121.03,"initial_stop_loss_ratio":-0.05,"stop_loss_abs":121.14399999999999,"stop_loss_ratio":-0.05,"min_rate":126.57,"max_rate":127.52,"is_open":false,"enter_tag":"","leverage":1.0,"is_short":false,"open_timestamp":1769583600000,"close_timestamp":1769590800000,"orders":[{"amount":2.477836,"safe_price":127.4,"ft_order_side":"buy","order_filled_timestamp":1769583600000,"ft_is_entry":true,"ft_order_tag":"","cost":316.1498208596},{"amount":2.477836,"safe_price":126.69,"ft_order_side":"sell","order_filled_timestamp":1769590800000,"ft_is_entry":false,"ft_order_tag":"exit_signal","cost":314.38791840426}],"funding_fees":0.0,"weekday":2},{"pair":"DOGE/USDT","stake_amount":315.67634358,"max_stake_amount":315.67634358,"amount":2522.383888,"open_date":"2026-01-28 06:30:00+00:00","close_date":"2026-01-28 14:15:00+00:00","open_rate":0.12515,"close_rate":0.12566,"fee_open":0.0015,"fee_close":0.0015,"trade_duration":465,"profit_ratio":0.0010673961140756914,"profit_abs":0.33745713,"exit_reason":"exit_signal","initial_stop_loss_abs":0.1189,"initial_stop_loss_ratio":-0.05,"stop_loss_abs":0.12132,"stop_loss_ratio":-0.05,"min_rate":0.12497,"max_rate":0.1277,"is_open":false,"enter_tag":"","leverage":1.0,"is_short":false,"open_timestamp":1769581800000,"close_timestamp":1769609700000,"orders":[{"amount":2522.383888,"safe_price":0.12515,"ft_order_side":"buy","order_filled_timestamp":1769581800000,"ft_is_entry":true,"ft_order_tag":"","cost":316.14985809857484},{"amount":2522.383888,"safe_price":0.12566,"ft_order_side":"sell","order_filled_timestamp":1769609700000,"ft_is_entry":false,"ft_order_tag":"exit_signal","cost":317.43820350512914}],"funding_fees":0.0,"weekday":2},{"pair":"SOL/USDT","stake_amount":314.7840718,"max_stake_amount":314.7840718,"amount":2.456372,"open_date":"2026-01-28 12:00:00+00:00","close_date":"2026-01-28 14:30:00+00:00","open_rate":128.15,"close_rate":126.84,"fee_open":0.0015,"fee_close":0.0015,"trade_duration":150,"profit_ratio":-0.013187281100982925,"profit_abs":-4.15737276,"exit_reason":"exit_signal","initial_stop_loss_abs":121.74249999999999,"initial_stop_loss_ratio":-0.05,"stop_loss_abs":121.81849999999999,"stop_loss_ratio":-0.05,"min_rate":126.56,"max_rate":128.23,"is_open":false,"enter_tag":"","leverage":1.0,"is_short":false,"open_timestamp":1769601600000,"close_timestamp":1769610600000,"orders":[{"amount":2.456372,"safe_price":128.15,"ft_order_side":"buy","order_filled_timestamp":1769601600000,"ft_is_entry":true,"ft_order_tag":"","cost":315.2562479077},{"amount":2.456372,"safe_price":126.84,"ft_order_side":"sell","order_filled_timestamp":1769610600000,"ft_is_entry":false,"ft_order_tag":"exit_signal","cost":312.03357381672004}],"funding_fees":0.0,"weekday":2},{"pair":"SOL/USDT","stake_amount":313.52350908,"max_stake_amount":313.52350908,"amount":2.658556,"open_date":"2026-01-30 00:15:00+00:00","close_date":"2026-01-30 01:30:00+00:00","open_rate":117.93,"close_rate":117.24,"fee_open":0.0015,"fee_close":0.0015,"trade_duration":75,"profit_ratio":-0.008828908755331039,"profit_abs":-2.77222256,"exit_reason":"exit_signal","initial_stop_loss_abs":112.0335,"initial_stop_loss_ratio":-0.05,"stop_loss_abs":112.1095,"stop_loss_ratio":-0.05,"min_rate":111.9,"max_rate":118.01,"is_open":false,"enter_tag":"","leverage":1.0,"is_short":false,"open_timestamp":1769732100000,"close_timestamp":1769736600000,"orders":[{"amount":2.658556,"safe_price":117.93,"ft_order_side":"buy","order_filled_timestamp":1769732100000,"ft_is_entry":true,"ft_order_tag":"","cost":313.99379434362004},{"amount":2.658556,"safe_price":117.24,"ft_order_side":"sell","order_filled_timestamp":1769736600000,"ft_is_entry":false,"ft_order_tag":"exit_signal","cost":312.15663909816}],"funding_fees":0.0,"weekday":4},{"pair":"SOL/USDT","stake_amount":312.60870865,"max_stake_amount":312.60870865,"amount":2.695135,"open_date":"2026-01-30 09:45:00+00:00","close_date":"2026-01-30 18:30:00+00:00","open_rate":115.99,"close_rate":115.62,"fee_open":0.0015,"fee_close":0.0015,"trade_duration":525,"profit_ratio":-0.0061758814616671405,"profit_abs":-1.93353028,"exit_reason":"exit_signal","initial_stop_loss_abs":110.19049999999999,"initial_stop_loss_ratio":-0.05,"stop_loss_abs":112.1,"stop_loss_ratio":-0.05,"min_rate":114.35,"max_rate":118.0,"is_open":false,"enter_tag":"","leverage":1.0,"is_short":false,"open_timestamp":1769766300000,"close_timestamp":1769797800000,"orders":[{"amount":2.695135,"safe_price":115.99,"ft_order_side":"buy","order_filled_timestamp":1769766300000,"ft_is_entry":true,"ft_order_tag":"","cost":313.077621712975},{"amount":2.695135,"safe_price":115.62,"ft_order_side":"sell","order_filled_timestamp":1769797800000,"ft_is_entry":false,"ft_order_tag":"exit_signal","cost":312.07892596305004}],"funding_fees":0.0,"weekday":4},{"pair":"DOGE/USDT","stake_amount":312.60873231,"max_stake_amount":312.60873231,"amount":2705.397943,"open_date":"2026-01-30 12:00:00+00:00","close_date":"2026-01-30 21:45:00+00:00","open_rate":0.11555,"close_rate":0.11607,"fee_open":0.0015,"fee_close":0.0015,"trade_duration":585,"profit_ratio":0.0014912291785810319,"profit_abs":0.46687052,"exit_reason":"exit_signal","initial_stop_loss_abs":0.10978,"initial_stop_loss_ratio":-0.05,"stop_loss_abs":0.11279,"stop_loss_ratio":-0.05,"min_rate":0.11355,"max_rate":0.11872,"is_open":false,"enter_tag":"","leverage":1.0,"is_short":false,"open_timestamp":1769774400000,"close_timestamp":1769809500000,"orders":[{"amount":2705.397943,"safe_price":0.11555,"ft_order_side":"buy","order_filled_timestamp":1769774400000,"ft_is_entry":true,"ft_order_tag":"","cost":313.07764541212043},{"amount":2705.397943,"safe_price":0.11607,"ft_order_side":"sell","order_filled_timestamp":1769809500000,"ft_is_entry":false,"ft_order_tag":"exit_signal","cost":314.4865625528761}],"funding_fees":0.0,"weekday":4},{"pair":"SOL/USDT","stake_amount":312.12466456,"max_stake_amount":312.12466456,"amount":2.953768,"open_date":"2026-01-31 23:30:00+00:00","close_date":"2026-02-01 07:15:00+00:00","open_rate":105.67,"close_rate":104.38,"fee_open":0.0015,"fee_close":0.0015,"trade_duration":465,"profit_ratio":-0.015166754922218438,"profit_abs":-4.74101917,"exit_reason":"exit_signal","initial_stop_loss_abs":100.3865,"initial_stop_loss_ratio":-0.05,"stop_loss_abs":101.08949999999999,"stop_loss_ratio":-0.05,"min_rate":103.96,"max_rate":106.41,"is_open":false,"enter_tag":"","leverage":1.0,"is_short":false,"open_timestamp":1769902200000,"close_timestamp":1769930100000,"orders":[{"amount":2.953768,"safe_price":105.67,"ft_order_side":"buy","order_filled_timestamp":1769902200000,"ft_is_entry":true,"ft_order_tag":"","cost":312.59285155684006},{"amount":2.953768,"safe_price":104.38,"ft_order_side":"sell","order_filled_timestamp":1769930100000,"ft_is_entry":false,"ft_order_tag":"exit_signal","cost":308.77677529576}],"funding_fees":0.0,"weekday":6},{"pair":"DOGE/USDT","stake_amount":312.12473458,"max_stake_amount":312.12473458,"amount":2972.050415,"open_date":"2026-02-01 00:15:00+00:00","close_date":"2026-02-01 11:15:00+00:00","open_rate":0.10502,"close_rate":0.1051,"fee_open":0.0015,"fee_close":0.0015,"trade_duration":660,"profit_ratio":-0.002236028942152305,"profit_abs":-0.69896682,"exit_reason":"exit_signal","initial_stop_loss_abs":0.09977,"initial_stop_loss_ratio":-0.05,"stop_loss_abs":0.10126,"stop_loss_ratio":-0.05,"min_rate":0.10362,"max_rate":0.10658,"is_open":false,"enter_tag":"","leverage":1.0,"is_short":false,"open_timestamp":1769904900000,"close_timestamp":1769944500000,"orders":[{"amount":2972.050415,"safe_price":0.10502,"ft_order_side":"buy","order_filled_timestamp":1769904900000,"ft_is_entry":true,"ft_order_tag":"","cost":312.592921685175},{"amount":2972.050415,"safe_price":0.1051,"ft_order_side":"sell","order_filled_timestamp":1769944500000,"ft_is_entry":false,"ft_order_tag":"exit_signal","cost":312.8310423644248}],"funding_fees":0.0,"weekday":6},{"pair":"SOL/USDT","stake_amount":310.32953013,"max_stake_amount":310.32953013,"amount":3.015543,"open_date":"2026-02-02 14:15:00+00:00","close_date":"2026-02-02 20:00:00+00:00","open_rate":102.91,"close_rate":103.84,"fee_open":0.0015,"fee_close":0.0015,"trade_duration":345,"profit_ratio":0.006014445448272968,"profit_abs":1.86925972,"exit_reason":"exit_signal","initial_stop_loss_abs":97.7645,"initial_stop_loss_ratio":-0.05,"stop_loss_abs":100.814,"stop_loss_ratio":-0.05,"min_rate":102.65,"max_rate":106.12,"is_open":false,"enter_tag":"","leverage":1.0,"is_short":false,"open_timestamp":1770041700000,"close_timestamp":1770062400000,"orders":[{"amount":3.015543,"safe_price":102.91,"ft_order_side":"buy","order_filled_timestamp":1770041700000,"ft_is_entry":true,"ft_order_tag":"","cost":310.79502442519504},{"amount":3.015543,"safe_price":103.84,"ft_order_side":"sell","order_filled_timestamp":1770062400000,"ft_is_entry":false,"ft_order_tag":"exit_signal","cost":313.60368609768005}],"funding_fees":0.0,"weekday":0},{"pair":"DOGE/USDT","stake_amount":310.32953922,"max_stake_amount":310.32953922,"amount":2911.432022,"open_date":"2026-02-02 14:00:00+00:00","close_date":"2026-02-02 20:30:00+00:00","open_rate":0.10659,"close_rate":0.10762,"fee_open":0.0015,"fee_close":0.0015,"trade_duration":390,"profit_ratio":0.006638742506725079,"profit_abs":2.0632882,"exit_reason":"exit_signal","initial_stop_loss_abs":0.10127,"initial_stop_loss_ratio":-0.05,"stop_loss_abs":0.10504,"stop_loss_ratio":-0.05,"min_rate":0.10565,"max_rate":0.11056,"is_open":false,"enter_tag":"","leverage":1.0,"is_short":false,"open_timestamp":1770040800000,"close_timestamp":1770064200000,"orders":[{"amount":2911.432022,"safe_price":0.10659,"ft_order_side":"buy","order_filled_timestamp":1770040800000,"ft_is_entry":true,"ft_order_tag":"","cost":310.7950335338175},{"amount":2911.432022,"safe_price":0.10762,"ft_order_side":"sell","order_filled_timestamp":1770064200000,"ft_is_entry":false,"ft_order_tag":"exit_signal","cost":313.7983066789514}],"funding_fees":0.0,"weekday":0},{"pair":"DOGE/USDT","stake_amount":311.62728001,"max_stake_amount":311.62728001,"amount":2876.64802,"open_date":"2026-02-03 07:45:00+00:00","close_date":"2026-02-03 09:45:00+00:00","open_rate":0.10833,"close_rate":0.10712,"fee_open":0.0015,"fee_close":0.0015,"trade_duration":120,"profit_ratio":-0.014131622658997558,"profit_abs":-4.41040483,"exit_reason":"exit_signal","initial_stop_loss_abs":0.10292,"initial_stop_loss_ratio":-0.05,"stop_loss_abs":0.10357,"stop_loss_ratio":-0.05,"min_rate":0.10643,"max_rate":0.10902,"is_open":false,"enter_tag":"","leverage":1.0,"is_short":false,"open_timestamp":1770104700000,"close_timestamp":1770111900000,"orders":[{"amount":2876.64802,"safe_price":0.10833,"ft_order_side":"buy","order_filled_timestamp":1770104700000,"ft_is_entry":true,"ft_order_tag":"","cost":312.0947209266099},{"amount":2876.64802,"safe_price":0.10712,"ft_order_side":"sell","order_filled_timestamp":1770111900000,"ft_is_entry":false,"ft_order_tag":"exit_signal","cost":308.60875570625365}],"funding_fees":0.0,"weekday":1},{"pair":"SOL/USDT","stake_amount":310.1718259,"max_stake_amount":310.1718259,"amount":3.338771,"open_date":"2026-02-05 09:15:00+00:00","close_date":"2026-02-05 11:15:00+00:00","open_rate":92.9,"close_rate":90.04,"fee_open":0.0015,"fee_close":0.0015,"trade_duration":120,"profit_ratio":-0.033689078867888196,"profit_abs":-10.46507721,"exit_reason":"exit_signal","initial_stop_loss_abs":88.255,"initial_stop_loss_ratio":-0.05,"stop_loss_abs":88.7585,"stop_loss_ratio":-0.05,"min_rate":88.68,"max_rate":93.43,"is_open":false,"enter_tag":"","leverage":1.0,"is_short":false,"open_timestamp":1770282900000,"close_timestamp":1770290100000,"orders":[{"amount":3.338771,"safe_price":92.9,"ft_order_side":"buy","order_filled_timestamp":1770282900000,"ft_is_entry":true,"ft_order_tag":"","cost":310.63708363885},{"amount":3.338771,"safe_price":90.04,"ft_order_side":"sell","order_filled_timestamp":1770290100000,"ft_is_entry":false,"ft_order_tag":"exit_signal","cost":301.07387525126}],"funding_fees":0.0,"weekday":3},{"pair":"SOL/USDT","stake_amount":306.71835405,"max_stake_amount":306.71835405,"amount":3.779647,"open_date":"2026-02-06 06:00:00+00:00","close_date":"2026-02-06 18:00:00+00:00","open_rate":81.15,"close_rate":86.05839999999999,"fee_open":0.0015,"fee_close":0.0015,"trade_duration":720,"profit_ratio":0.057308829104278064,"profit_abs":17.60403624,"exit_reason":"trailing_stop_loss","initial_stop_loss_abs":77.0925,"initial_stop_loss_ratio":-0.05,"stop_loss_abs":86.05839999999999,"stop_loss_ratio":-0.03,"min_rate":78.68,"max_rate":88.72,"is_open":false,"enter_tag":"","leverage":1.0,"is_short":false,"open_timestamp":1770357600000,"close_timestamp":1770400800000,"orders":[{"amount":3.779647,"safe_price":81.15,"ft_order_side":"buy","order_filled_timestamp":1770357600000,"ft_is_entry":true,"ft_order_tag":"","cost":307.178431581075},{"amount":3.779647,"safe_price":86.05839999999999,"ft_order_side":"sell","order_filled_timestamp":1770400800000,"ft_is_entry":false,"ft_order_tag":"trailing_stop_loss","cost":325.7582789448772}],"funding_fees":0.0,"weekday":4},{"pair":"DOGE/USDT","stake_amount":306.71837096,"max_stake_amount":306.71837096,"amount":3293.796939,"open_date":"2026-02-06 06:00:00+00:00","close_date":"2026-02-06 18:00:00+00:00","open_rate":0.09312,"close_rate":0.09905,"fee_open":0.0015,"fee_close":0.0015,"trade_duration":720,"profit_ratio":0.060495007054587845,"profit_abs":18.58276241,"exit_reason":"trailing_stop_loss","initial_stop_loss_abs":0.08847,"initial_stop_loss_ratio":-0.05,"stop_loss_abs":0.09905,"stop_loss_ratio":-0.03,"min_rate":0.09016,"max_rate":0.10211,"is_open":false,"enter_tag":"","leverage":1.0,"is_short":false,"open_timestamp":1770357600000,"close_timestamp":1770400800000,"orders":[{"amount":3293.796939,"safe_price":0.09312,"ft_order_side":"buy","order_filled_timestamp":1770357600000,"ft_is_entry":true,"ft_order_tag":"","cost":307.17844851611954},{"amount":3293.796939,"safe_price":0.09905,"ft_order_side":"sell","order_filled_timestamp":1770400800000,"ft_is_entry":false,"ft_order_tag":"trailing_stop_loss","cost":326.7399626881619}],"funding_fees":0.0,"weekday":4},{"pair":"DOGE/USDT","stake_amount":318.66001444,"max_stake_amount":318.66001444,"amount":3222.368434,"open_date":"2026-02-06 18:15:00+00:00","close_date":"2026-02-07 00:30:00+00:00","open_rate":0.09889,"close_rate":0.09764,"fee_open":0.0015,"fee_close":0.0015,"trade_duration":375,"profit_ratio":-0.01559795004178265,"profit_abs":-4.97789865,"exit_reason":"exit_signal","initial_stop_loss_abs":0.09395,"initial_stop_loss_ratio":-0.05,"stop_loss_abs":0.09502,"stop_loss_ratio":-0.05,"min_rate":0.09743,"max_rate":0.10002,"is_open":false,"enter_tag":"","leverage":1.0,"is_short":false,"open_timestamp":1770401700000,"close_timestamp":1770424200000,"orders":[{"amount":3222.368434,"safe_price":0.09889,"ft_order_side":"buy","order_filled_timestamp":1770401700000,"ft_is_entry":true,"ft_order_tag":"","cost":319.13800445991745},{"amount":3222.368434,"safe_price":0.09764,"ft_order_side":"sell","order_filled_timestamp":1770424200000,"ft_is_entry":false,"ft_order_tag":"exit_signal","cost":315.1040019766037}],"funding_fees":0.0,"weekday":5},{"pair":"SOL/USDT","stake_amount":318.66001165,"max_stake_amount":318.66001165,"amount":3.601085,"open_date":"2026-02-06 23:15:00+00:00","close_date":"2026-02-07 00:45:00+00:00","open_rate":88.49,"close_rate":86.2,"fee_open":0.0015,"fee_close":0.0015,"trade_duration":90,"profit_ratio":-0.028796617488303995,"profit_abs":-9.19009496,"exit_reason":"exit_signal","initial_stop_loss_abs":84.06549999999999,"initial_stop_loss_ratio":-0.05,"stop_loss_abs":84.06549999999999,"stop_loss_ratio":-0.05,"min_rate":86.12,"max_rate":88.49,"is_open":false,"enter_tag":"","leverage":1.0,"is_short":false,"open_timestamp":1770419700000,"close_timestamp":1770425100000,"orders":[{"amount":3.601085,"safe_price":88.49,"ft_order_side":"buy","order_filled_timestamp":1770419700000,"ft_is_entry":true,"ft_order_tag":"","cost":319.13800166747495},{"amount":3.601085,"safe_price":86.2,"ft_order_side":"sell","order_filled_timestamp":1770425100000,"ft_is_entry":false,"ft_order_tag":"exit_signal","cost":310.8791472905}],"funding_fees":0.0,"weekday":5},{"pair":"SOL/USDT","stake_amount":313.98457596,"max_stake_amount":313.98457596,"amount":3.540647,"open_date":"2026-02-07 04:15:00+00:00","close_date":"2026-02-07 07:00:00+00:00","open_rate":88.68,"close_rate":86.25,"fee_open":0.0015,"fee_close":0.0015,"trade_duration":165,"profit_ratio":-0.030315318633719,"profit_abs":-9.53282028,"exit_reason":"exit_signal","initial_stop_loss_abs":84.24600000000001,"initial_stop_loss_ratio":-0.05,"stop_loss_abs":84.5975,"stop_loss_ratio":-0.05,"min_rate":84.84,"max_rate":89.05,"is_open":false,"enter_tag":"","leverage":1.0,"is_short":false,"open_timestamp":1770437700000,"close_timestamp":1770447600000,"orders":[{"amount":3.540647,"safe_price":88.68,"ft_order_side":"buy","order_filled_timestamp":1770437700000,"ft_is_entry":true,"ft_order_tag":"","cost":314.45555282394},{"amount":3.540647,"safe_price":86.25,"ft_order_side":"sell","order_filled_timestamp":1770447600000,"ft_is_entry":false,"ft_order_tag":"exit_signal","cost":305.838874955625}],"funding_fees":0.0,"weekday":5},{"pair":"SOL/USDT","stake_amount":310.83871349,"max_stake_amount":310.83871349,"amount":3.604763,"open_date":"2026-02-07 13:00:00+00:00","close_date":"2026-02-07 23:45:00+00:00","open_rate":86.23,"close_rate":87.68,"fee_open":0.0015,"fee_close":0.0015,"trade_duration":645,"profit_ratio":0.013769615783892443,"profit_abs":4.28654985,"exit_reason":"exit_signal","initial_stop_loss_abs":81.9185,"initial_stop_loss_ratio":-0.05,"stop_loss_abs":84.74,"stop_loss_ratio":-0.05,"min_rate":85.5,"max_rate":89.2,"is_open":false,"enter_tag":"","leverage":1.0,"is_short":false,"open_timestamp":1770469200000,"close_timestamp":1770507900000,"orders":[{"amount":3.604763,"safe_price":86.23,"ft_order_side":"buy","order_filled_timestamp":1770469200000,"ft_is_entry":true,"ft_order_tag":"","cost":311.30497156023506},{"amount":3.604763,"safe_price":87.68,"ft_order_side":"sell","order_filled_timestamp":1770507900000,"ft_is_entry":false,"ft_order_tag":"exit_signal","cost":316.53971826976004}],"funding_fees":0.0,"weekday":5},{"pair":"DOGE/USDT","stake_amount":310.83874591,"max_stake_amount":310.83874591,"amount":3182.866536,"open_date":"2026-02-07 16:15:00+00:00","close_date":"2026-02-08 00:15:00+00:00","open_rate":0.09766,"close_rate":0.09816,"fee_open":0.0015,"fee_close":0.0015,"trade_duration":480,"profit_ratio":0.002108960252846049,"profit_abs":0.65652988,"exit_reason":"exit_signal","initial_stop_loss_abs":0.09278,"initial_stop_loss_ratio":-0.05,"stop_loss_abs":0.0945,"stop_loss_ratio":-0.05,"min_rate":0.09699,"max_rate":0.09947,"is_open":false,"enter_tag":"","leverage":1.0,"is_short":false,"open_timestamp":1770480900000,"close_timestamp":1770509700000,"orders":[{"amount":3182.866536,"safe_price":0.09766,"ft_order_side":"buy","order_filled_timestamp":1770480900000,"ft_is_entry":true,"ft_order_tag":"","cost":311.30500402461865},{"amount":3182.866536,"safe_price":0.09816,"ft_order_side":"sell","order_filled_timestamp":1770509700000,"ft_is_entry":false,"ft_order_tag":"exit_signal","cost":312.89882444252066}],"funding_fees":0.0,"weekday":6},{"pair":"DOGE/USDT","stake_amount":312.46996222,"max_stake_amount":312.46996222,"amount":3179.385045,"open_date":"2026-02-08 08:45:00+00:00","close_date":"2026-02-08 10:30:00+00:00","open_rate":0.09828,"close_rate":0.09651,"fee_open":0.0015,"fee_close":0.0015,"trade_duration":105,"profit_ratio":-0.020951326371322035,"profit_abs":-6.55648015,"exit_reason":"exit_signal","initial_stop_loss_abs":0.09337,"initial_stop_loss_ratio":-0.05,"stop_loss_abs":0.09383,"stop_loss_ratio":-0.05,"min_rate":0.09623,"max_rate":0.09876,"is_open":false,"enter_tag":"","leverage":1.0,"is_short":false,"open_timestamp":1770540300000,"close_timestamp":1770546600000,"orders":[{"amount":3179.385045,"safe_price":0.09828,"ft_order_side":"buy","order_filled_timestamp":1770540300000,"ft_is_entry":true,"ft_order_tag":"","cost":312.93866716593396},{"amount":3179.385045,"safe_price":0.09651,"ft_order_side":"sell","order_filled_timestamp":1770546600000,"ft_is_entry":false,"ft_order_tag":"exit_signal","cost":307.3027143689894}],"funding_fees":0.0,"weekday":6},{"pair":"SOL/USDT","stake_amount":312.46992876,"max_stake_amount":312.46992876,"amount":3.533129,"open_date":"2026-02-08 09:15:00+00:00","close_date":"2026-02-08 10:45:00+00:00","open_rate":88.44,"close_rate":86.87,"fee_open":0.0015,"fee_close":0.0015,"trade_duration":90,"profit_ratio":-0.02069447841706271,"profit_abs":-6.4761018,"exit_reason":"exit_signal","initial_stop_loss_abs":84.018,"initial_stop_loss_ratio":-0.05,"stop_loss_abs":84.22699999999999,"stop_loss_ratio":-0.05,"min_rate":86.44,"max_rate":88.66,"is_open":false,"enter_tag":"","leverage":1.0,"is_short":false,"open_timestamp":1770542100000,"close_timestamp":1770547500000,"orders":[{"amount":3.533129,"safe_price":88.44,"ft_order_side":"buy","order_filled_timestamp":1770542100000,"ft_is_entry":true,"ft_order_tag":"","cost":312.93863365314},{"amount":3.533129,"safe_price":86.87,"ft_order_side":"sell","order_filled_timestamp":1770547500000,"ft_is_entry":false,"ft_order_tag":"exit_signal","cost":307.3833006043451}],"funding_fees":0.0,"weekday":6},{"pair":"SOL/USDT","stake_amount":308.16914678,"max_stake_amount":308.16914678,"amount":3.520726,"open_date":"2026-02-08 15:30:00+00:00","close_date":"2026-02-08 16:15:00+00:00","open_rate":87.53,"close_rate":87.38,"fee_open":0.0015,"fee_close":0.0015,"trade_duration":45,"profit_ratio":-0.0047040715158832335,"profit_abs":-1.45182418,"exit_reason":"exit_signal","initial_stop_loss_abs":83.1535,"initial_stop_loss_ratio":-0.05,"stop_loss_abs":83.54299999999999,"stop_loss_ratio":-0.05,"min_rate":87.37,"max_rate":87.94,"is_open":false,"enter_tag":"","leverage":1.0,"is_short":false,"open_timestamp":1770564600000,"close_timestamp":1770567300000,"orders":[{"amount":3.520726,"safe_price":87.53,"ft_order_side":"buy","order_filled_timestamp":1770564600000,"ft_is_entry":true,"ft_order_tag":"","cost":308.63140050017},{"amount":3.520726,"safe_price":87.38,"ft_order_side":"sell","order_filled_timestamp":1770567300000,"ft_is_entry":false,"ft_order_tag":"exit_signal","cost":308.10249943682}],"funding_fees":0.0,"weekday":6},{"pair":"SOL/USDT","stake_amount":307.6900788,"max_stake_amount":307.6900788,"amount":3.480657,"open_date":"2026-02-08 20:00:00+00:00","close_date":"2026-02-08 21:00:00+00:00","open_rate":88.4,"close_rate":86.9,"fee_open":0.0015,"fee_close":0.0015,"trade_duration":60,"profit_ratio":-0.01991300380347475,"profit_abs":-6.13622426,"exit_reason":"exit_signal","initial_stop_loss_abs":83.98,"initial_stop_loss_ratio":-0.05,"stop_loss_abs":83.999,"stop_loss_ratio":-0.05,"min_rate":86.75,"max_rate":88.42,"is_open":false,"enter_tag":"","leverage":1.0,"is_short":false,"open_timestamp":1770580800000,"close_timestamp":1770584400000,"orders":[{"amount":3.480657,"safe_price":88.4,"ft_order_side":"buy","order_filled_timestamp":1770580800000,"ft_is_entry":true,"ft_order_tag":"","cost":308.15161391820004},{"amount":3.480657,"safe_price":86.9,"ft_order_side":"sell","order_filled_timestamp":1770584400000,"ft_is_entry":false,"ft_order_tag":"exit_signal","cost":302.92279693995}],"funding_fees":0.0,"weekday":6},{"pair":"SOL/USDT","stake_amount":305.66507532,"max_stake_amount":305.66507532,"amount":3.591412,"open_date":"2026-02-09 15:15:00+00:00","close_date":"2026-02-10 00:15:00+00:00","open_rate":85.11,"close_rate":86.85,"fee_open":0.0015,"fee_close":0.0015,"trade_duration":540,"profit_ratio":0.017387383856143947,"profit_abs":5.32268807,"exit_reason":"exit_signal","initial_stop_loss_abs":80.8545,"initial_stop_loss_ratio":-0.05,"stop_loss_abs":84.2555,"stop_loss_ratio":-0.05,"min_rate":84.32,"max_rate":88.69,"is_open":false,"enter_tag":"","leverage":1.0,"is_short":false,"open_timestamp":1770650100000,"close_timestamp":1770682500000,"orders":[{"amount":3.591412,"safe_price":85.11,"ft_order_side":"buy","order_filled_timestamp":1770650100000,"ft_is_entry":true,"ft_order_tag":"","cost":306.12357293298004},{"amount":3.591412,"safe_price":86.85,"ft_order_side":"sell","order_filled_timestamp":1770682500000,"ft_is_entry":false,"ft_order_tag":"exit_signal","cost":312.3820033983}],"funding_fees":0.0,"weekday":1},{"pair":"DOGE/USDT","stake_amount":305.66515416,"max_stake_amount":305.66515416,"amount":3219.222266,"open_date":"2026-02-09 15:15:00+00:00","close_date":"2026-02-10 02:45:00+00:00","open_rate":0.09495,"close_rate":0.09593,"fee_open":0.0015,"fee_close":0.0015,"trade_duration":690,"profit_ratio":0.007294797661754967,"profit_abs":2.2331101,"exit_reason":"exit_signal","initial_stop_loss_abs":0.09021,"initial_stop_loss_ratio":-0.05,"stop_loss_abs":0.09215,"stop_loss_ratio":-0.05,"min_rate":0.09407,"max_rate":0.09699,"is_open":false,"enter_tag":"","leverage":1.0,"is_short":false,"open_timestamp":1770650100000,"close_timestamp":1770691500000,"orders":[{"amount":3219.222266,"safe_price":0.09495,"ft_order_side":"buy","order_filled_timestamp":1770650100000,"ft_is_entry":true,"ft_order_tag":"","cost":306.1236518879351},{"amount":3219.222266,"safe_price":0.09593,"ft_order_side":"sell","order_filled_timestamp":1770691500000,"ft_is_entry":false,"ft_order_tag":"exit_signal","cost":309.2832219653461}],"funding_fees":0.0,"weekday":1},{"pair":"SOL/USDT","stake_amount":308.15856302,"max_stake_amount":308.15856302,"amount":3.671614,"open_date":"2026-02-11 02:15:00+00:00","close_date":"2026-02-11 04:30:00+00:00","open_rate":83.93,"close_rate":82.59,"fee_open":0.0015,"fee_close":0.0015,"trade_duration":135,"profit_ratio":-0.018913367095311877,"profit_abs":-5.8370585,"exit_reason":"exit_signal","initial_stop_loss_abs":79.7335,"initial_stop_loss_ratio":-0.05,"stop_loss_abs":80.17049999999999,"stop_loss_ratio":-0.05,"min_rate":81.93,"max_rate":84.39,"is_open":false,"enter_tag":"","leverage":1.0,"is_short":false,"open_timestamp":1770776100000,"close_timestamp":1770784200000,"orders":[{"amount":3.671614,"safe_price":83.93,"ft_order_side":"buy","order_filled_timestamp":1770776100000,"ft_is_entry":true,"ft_order_tag":"","cost":308.62080086453005},{"amount":3.671614,"safe_price":82.59,"ft_order_side":"sell","order_filled_timestamp":1770784200000,"ft_is_entry":false,"ft_order_tag":"exit_signal","cost":303.69345816039004}],"funding_fees":0.0,"weekday":2},{"pair":"SOL/USDT","stake_amount":306.23232585,"max_stake_amount":306.23232585,"amount":3.750549,"open_date":"2026-02-11 14:00:00+00:00","close_date":"2026-02-11 15:00:00+00:00","open_rate":81.65,"close_rate":79.96,"fee_open":0.0015,"fee_close":0.0015,"trade_duration":60,"profit_ratio":-0.023631607103863545,"profit_abs":-7.24761715,"exit_reason":"exit_signal","initial_stop_loss_abs":77.5675,"initial_stop_loss_ratio":-0.05,"stop_loss_abs":79.03049999999999,"stop_loss_ratio":-0.05,"min_rate":78.58,"max_rate":83.19,"is_open":false,"enter_tag":"","leverage":1.0,"is_short":false,"open_timestamp":1770818400000,"close_timestamp":1770822000000,"orders":[{"amount":3.750549,"safe_price":81.65,"ft_order_side":"buy","order_filled_timestamp":1770818400000,"ft_is_entry":true,"ft_order_tag":"","cost":306.691674338775},{"amount":3.750549,"safe_price":79.96,"ft_order_side":"sell","order_filled_timestamp":1770822000000,"ft_is_entry":false,"ft_order_tag":"exit_signal","cost":300.34373888706}],"funding_fees":0.0,"weekday":2},{"pair":"DOGE/USDT","stake_amount":306.23233825,"max_stake_amount":306.23233825,"amount":3327.527309,"open_date":"2026-02-11 14:15:00+00:00","close_date":"2026-02-11 15:00:00+00:00","open_rate":0.09203,"close_rate":0.08907,"fee_open":0.0015,"fee_close":0.0015,"trade_duration":45,"profit_ratio":-0.03506258595983048,"profit_abs":-10.75340363,"exit_reason":"exit_signal","initial_stop_loss_abs":0.08743,"initial_stop_loss_ratio":-0.05,"stop_loss_abs":0.08752,"stop_loss_ratio":-0.05,"min_rate":0.08788,"max_rate":0.09212,"is_open":false,"enter_tag":"","leverage":1.0,"is_short":false,"open_timestamp":1770819300000,"close_timestamp":1770822000000,"orders":[{"amount":3327.527309,"safe_price":0.09203,"ft_order_side":"buy","order_filled_timestamp":1770819300000,"ft_is_entry":true,"ft_order_tag":"","cost":306.69168675464095},{"amount":3327.527309,"safe_price":0.08907,"ft_order_side":"sell","order_filled_timestamp":1770822000000,"ft_is_entry":false,"ft_order_tag":"exit_signal","cost":296.82743169874897}],"funding_fees":0.0,"weekday":2},{"pair":"SOL/USDT","stake_amount":300.29196568,"max_stake_amount":300.29196568,"amount":3.654076,"open_date":"2026-02-12 11:00:00+00:00","close_date":"2026-02-12 13:30:00+00:00","open_rate":82.18,"close_rate":80.95,"fee_open":0.0015,"fee_close":0.0015,"trade_duration":150,"profit_ratio":-0.017917817856693434,"profit_abs":-5.38864761,"exit_reason":"exit_signal","initial_stop_loss_abs":78.071,"initial_stop_loss_ratio":-0.05,"stop_loss_abs":78.12799999999999,"stop_loss_ratio":-0.05,"min_rate":80.71,"max_rate":82.24,"is_open":false,"enter_tag":"","leverage":1.0,"is_short":false,"open_timestamp":1770894000000,"close_timestamp":1770903000000,"orders":[{"amount":3.654076,"safe_price":82.18,"ft_order_side":"buy","order_filled_timestamp":1770894000000,"ft_is_entry":true,"ft_order_tag":"","cost":300.74240362852004},{"amount":3.654076,"safe_price":80.95,"ft_order_side":"sell","order_filled_timestamp":1770903000000,"ft_is_entry":false,"ft_order_tag":"exit_signal","cost":296.2411483783}],"funding_fees":0.0,"weekday":3},{"pair":"SOL/USDT","stake_amount":298.5136896,"max_stake_amount":298.5136896,"amount":3.658256,"open_date":"2026-02-12 13:45:00+00:00","close_date":"2026-02-12 15:00:00+00:00","open_rate":81.6,"close_rate":81.14,"fee_open":0.0015,"fee_close":0.0015,"trade_duration":75,"profit_ratio":-0.008615875199572635,"profit_abs":-2.57581463,"exit_reason":"exit_signal","initial_stop_loss_abs":77.52,"initial_stop_loss_ratio":-0.05,"stop_loss_abs":78.014,"stop_loss_ratio":-0.05,"min_rate":80.04,"max_rate":82.12,"is_open":false,"enter_tag":"","leverage":1.0,"is_short":false,"open_timestamp":1770903900000,"close_timestamp":1770908400000,"orders":[{"amount":3.658256,"safe_price":81.6,"ft_order_side":"buy","order_filled_timestamp":1770903900000,"ft_is_entry":true,"ft_order_tag":"","cost":298.96146013440006},{"amount":3.658256,"safe_price":81.14,"ft_order_side":"sell","order_filled_timestamp":1770908400000,"ft_is_entry":false,"ft_order_tag":"exit_signal","cost":297.27613817776}],"funding_fees":0.0,"weekday":3},{"pair":"DOGE/USDT","stake_amount":300.29200138,"max_stake_amount":300.29200138,"amount":3269.018086,"open_date":"2026-02-12 05:00:00+00:00","close_date":"2026-02-12 16:15:00+00:00","open_rate":0.09186,"close_rate":0.09222,"fee_open":0.0015,"fee_close":0.0015,"trade_duration":675,"profit_ratio":0.0009117610423172767,"profit_abs":0.27420524,"exit_reason":"exit_signal","initial_stop_loss_abs":0.08727,"initial_stop_loss_ratio":-0.05,"stop_loss_abs":0.08983,"stop_loss_ratio":-0.05,"min_rate":0.09125,"max_rate":0.09455,"is_open":false,"enter_tag":"","leverage":1.0,"is_short":false,"open_timestamp":1770872400000,"close_timestamp":1770912900000,"orders":[{"amount":3269.018086,"safe_price":0.09186,"ft_order_side":"buy","order_filled_timestamp":1770872400000,"ft_is_entry":true,"ft_order_tag":"","cost":300.74243938202994},{"amount":3269.018086,"safe_price":0.09222,"ft_order_side":"sell","order_filled_timestamp":1770912900000,"ft_is_entry":false,"ft_order_tag":"exit_signal","cost":301.92105116275644}],"funding_fees":0.0,"weekday":3},{"pair":"DOGE/USDT","stake_amount":297.75421656,"max_stake_amount":297.75421656,"amount":3213.753012,"open_date":"2026-02-12 23:00:00+00:00","close_date":"2026-02-13 05:30:00+00:00","open_rate":0.09265,"close_rate":0.09237,"fee_open":0.0015,"fee_close":0.0015,"trade_duration":390,"profit_ratio":-0.006008580232746744,"profit_abs":-1.79176372,"exit_reason":"exit_signal","initial_stop_loss_abs":0.08802,"initial_stop_loss_ratio":-0.05,"stop_loss_abs":0.08879,"stop_loss_ratio":-0.05,"min_rate":0.09215,"max_rate":0.09346,"is_open":false,"enter_tag":"","leverage":1.0,"is_short":false,"open_timestamp":1770937200000,"close_timestamp":1770960600000,"orders":[{"amount":3213.753012,"safe_price":0.09265,"ft_order_side":"buy","order_filled_timestamp":1770937200000,"ft_is_entry":true,"ft_order_tag":"","cost":298.2008478866427},{"amount":3213.753012,"safe_price":0.09237,"ft_order_side":"sell","order_filled_timestamp":1770960600000,"ft_is_entry":false,"ft_order_tag":"exit_signal","cost":297.29964726701763}],"funding_fees":0.0,"weekday":4},{"pair":"DOGE/USDT","stake_amount":297.16293455,"max_stake_amount":297.16293455,"amount":3165.348685,"open_date":"2026-02-13 09:00:00+00:00","close_date":"2026-02-13 14:15:00+00:00","open_rate":0.09388,"close_rate":0.09295,"fee_open":0.0015,"fee_close":0.0015,"trade_duration":315,"profit_ratio":-0.012872095778659984,"profit_abs":-3.83084742,"exit_reason":"exit_signal","initial_stop_loss_abs":0.08919,"initial_stop_loss_ratio":-0.05,"stop_loss_abs":0.08964,"stop_loss_ratio":-0.05,"min_rate":0.09293,"max_rate":0.09435,"is_open":false,"enter_tag":"","leverage":1.0,"is_short":false,"open_timestamp":1770973200000,"close_timestamp":1770992100000,"orders":[{"amount":3165.348685,"safe_price":0.09388,"ft_order_side":"buy","order_filled_timestamp":1770973200000,"ft_is_entry":true,"ft_order_tag":"","cost":297.6086789496218},{"amount":3165.348685,"safe_price":0.09295,"ft_order_side":"sell","order_filled_timestamp":1770992100000,"ft_is_entry":false,"ft_order_tag":"exit_signal","cost":294.6604890111562}],"funding_fees":0.0,"weekday":4},{"pair":"DOGE/USDT","stake_amount":295.89875496,"max_stake_amount":295.89875496,"amount":3154.234676,"open_date":"2026-02-13 14:45:00+00:00","close_date":"2026-02-14 02:30:00+00:00","open_rate":0.09381,"close_rate":0.09644,"fee_open":0.0015,"fee_close":0.0015,"trade_duration":705,"profit_ratio":0.024955903751051438,"profit_abs":7.39549748,"exit_reason":"exit_signal","initial_stop_loss_abs":0.08912,"initial_stop_loss_ratio":-0.05,"stop_loss_abs":0.09277,"stop_loss_ratio":-0.05,"min_rate":0.09377,"max_rate":0.09765,"is_open":false,"enter_tag":"","leverage":1.0,"is_short":false,"open_timestamp":1770993900000,"close_timestamp":1771036200000,"orders":[{"amount":3154.234676,"safe_price":0.09381,"ft_order_side":"buy","order_filled_timestamp":1770993900000,"ft_is_entry":true,"ft_order_tag":"","cost":296.3426030879934},{"amount":3154.234676,"safe_price":0.09644,"ft_order_side":"sell","order_filled_timestamp":1771036200000,"ft_is_entry":false,"ft_order_tag":"exit_signal","cost":304.65068374167015}],"funding_fees":0.0,"weekday":5},{"pair":"SOL/USDT","stake_amount":297.16291676,"max_stake_amount":297.16291676,"amount":3.708973,"open_date":"2026-02-13 10:15:00+00:00","close_date":"2026-02-14 06:15:00+00:00","open_rate":80.12,"close_rate":84.53,"fee_open":0.0015,"fee_close":0.0015,"trade_duration":1200,"profit_ratio":0.05188204960536636,"profit_abs":15.44054732,"exit_reason":"exit_signal","initial_stop_loss_abs":76.114,"initial_stop_loss_ratio":-0.05,"stop_loss_abs":83.0514,"stop_loss_ratio":-0.03,"min_rate":79.73,"max_rate":85.62,"is_open":false,"enter_tag":"","leverage":1.0,"is_short":false,"open_timestamp":1770977700000,"close_timestamp":1771049700000,"orders":[{"amount":3.708973,"safe_price":80.12,"ft_order_side":"buy","order_filled_timestamp":1770977700000,"ft_is_entry":true,"ft_order_tag":"","cost":297.60866113514004},{"amount":3.708973,"safe_price":84.53,"ft_order_side":"sell","order_filled_timestamp":1771049700000,"ft_is_entry":false,"ft_order_tag":"exit_signal","cost":313.989766921535}],"funding_fees":0.0,"weekday":5},{"pair":"DOGE/USDT","stake_amount":303.43464971,"max_stake_amount":303.43464971,"amount":3096.903957,"open_date":"2026-02-14 10:15:00+00:00","close_date":"2026-02-14 19:15:00+00:00","open_rate":0.09798,"close_rate":0.10808710065097647,"fee_open":0.0015,"fee_close":0.0015,"trade_duration":540,"profit_ratio":0.0998502246607481,"profit_abs":30.34346497,"exit_reason":"roi","initial_stop_loss_abs":0.09309,"initial_stop_loss_ratio":-0.05,"stop_loss_abs":0.10537,"stop_loss_ratio":-0.03,"min_rate":0.0979,"max_rate":0.10862,"is_open":false,"enter_tag":"","leverage":1.0,"is_short":false,"open_timestamp":1771064100000,"close_timestamp":1771096500000,"orders":[{"amount":3096.903957,"safe_price":0.09798,"ft_order_side":"buy","order_filled_timestamp":1771064100000,"ft_is_entry":true,"ft_order_tag":"","cost":303.8898016814203},{"amount":3096.903957,"safe_price":0.10808710065097647,"ft_order_side":"sell","order_filled_timestamp":1771096500000,"ft_is_entry":false,"ft_order_tag":"roi","cost":335.2374727612263}],"funding_fees":0.0,"weekday":5},{"pair":"SOL/USDT","stake_amount":303.43456836,"max_stake_amount":303.43456836,"amount":3.550188,"open_date":"2026-02-14 08:30:00+00:00","close_date":"2026-02-15 01:45:00+00:00","open_rate":85.47,"close_rate":87.73,"fee_open":0.0015,"fee_close":0.0015,"trade_duration":1035,"profit_ratio":0.023367312441610437,"profit_abs":7.10108604,"exit_reason":"exit_signal","initial_stop_loss_abs":81.1965,"initial_stop_loss_ratio":-0.05,"stop_loss_abs":84.455,"stop_loss_ratio":-0.05,"min_rate":85.46,"max_rate":88.9,"is_open":false,"enter_tag":"","leverage":1.0,"is_short":false,"open_timestamp":1771057800000,"close_timestamp":1771119900000,"orders":[{"amount":3.550188,"safe_price":85.47,"ft_order_side":"buy","order_filled_timestamp":1771057800000,"ft_is_entry":true,"ft_order_tag":"","cost":303.88972021254006},{"amount":3.550188,"safe_price":87.73,"ft_order_side":"sell","order_filled_timestamp":1771119900000,"ft_is_entry":false,"ft_order_tag":"exit_signal","cost":311.92518022986}],"funding_fees":0.0,"weekday":6},{"pair":"DOGE/USDT","stake_amount":313.44799313,"max_stake_amount":313.44799313,"amount":2831.764325,"open_date":"2026-02-14 23:30:00+00:00","close_date":"2026-02-15 04:15:00+00:00","open_rate":0.11069,"close_rate":0.11406,"fee_open":0.0015,"fee_close":0.0015,"trade_duration":285,"profit_ratio":0.027358681924662925,"profit_abs":8.58838723,"exit_reason":"trailing_stop_loss","initial_stop_loss_abs":0.10516,"initial_stop_loss_ratio":-0.05,"stop_loss_abs":0.11406,"stop_loss_ratio":-0.03,"min_rate":0.11049,"max_rate":0.11758,"is_open":false,"enter_tag":"","leverage":1.0,"is_short":false,"open_timestamp":1771111800000,"close_timestamp":1771128900000,"orders":[{"amount":2831.764325,"safe_price":0.11069,"ft_order_side":"buy","order_filled_timestamp":1771111800000,"ft_is_entry":true,"ft_order_tag":"","cost":313.9181651239514},{"amount":2831.764325,"safe_price":0.11406,"ft_order_side":"sell","order_filled_timestamp":1771128900000,"ft_is_entry":false,"ft_order_tag":"trailing_stop_loss","cost":323.47552546786426}],"funding_fees":0.0,"weekday":6},{"pair":"DOGE/USDT","stake_amount":318.62551929,"max_stake_amount":318.62551929,"amount":2782.755627,"open_date":"2026-02-15 04:30:00+00:00","close_date":"2026-02-15 10:15:00+00:00","open_rate":0.1145,"close_rate":0.11332,"fee_open":0.0015,"fee_close":0.0015,"trade_duration":345,"profit_ratio":-0.013270312870443517,"profit_abs":-4.23460272,"exit_reason":"exit_signal","initial_stop_loss_abs":0.10878,"initial_stop_loss_ratio":-0.05,"stop_loss_abs":0.11106,"stop_loss_ratio":-0.05,"min_rate":0.11222,"max_rate":0.1169,"is_open":false,"enter_tag":"","leverage":1.0,"is_short":false,"open_timestamp":1771129800000,"close_timestamp":1771150500000,"orders":[{"amount":2782.755627,"safe_price":0.1145,"ft_order_side":"buy","order_filled_timestamp":1771129800000,"ft_is_entry":true,"ft_order_tag":"","cost":319.1034575704373},{"amount":2782.755627,"safe_price":0.11332,"ft_order_side":"sell","order_filled_timestamp":1771150500000,"ft_is_entry":false,"ft_order_tag":"exit_signal","cost":315.8148804531175}],"funding_fees":0.0,"weekday":6},{"pair":"SOL/USDT","stake_amount":318.62548704,"max_stake_amount":318.62548704,"amount":3.553312,"open_date":"2026-02-15 06:00:00+00:00","close_date":"2026-02-15 11:30:00+00:00","open_rate":89.67,"close_rate":89.38,"fee_open":0.0015,"fee_close":0.0015,"trade_duration":330,"profit_ratio":-0.0062198995461021575,"profit_abs":-1.98479125,"exit_reason":"exit_signal","initial_stop_loss_abs":85.1865,"initial_stop_loss_ratio":-0.05,"stop_loss_abs":86.6875,"stop_loss_ratio":-0.05,"min_rate":89.11,"max_rate":91.25,"is_open":false,"enter_tag":"","leverage":1.0,"is_short":false,"open_timestamp":1771135200000,"close_timestamp":1771155000000,"orders":[{"amount":3.553312,"safe_price":89.67,"ft_order_side":"buy","order_filled_timestamp":1771135200000,"ft_is_entry":true,"ft_order_tag":"","cost":319.10342527056},{"amount":3.553312,"safe_price":89.38,"ft_order_side":"sell","order_filled_timestamp":1771155000000,"ft_is_entry":false,"ft_order_tag":"exit_signal","cost":318.07141909984}],"funding_fees":0.0,"weekday":6},{"pair":"SOL/USDT","stake_amount":316.57308084,"max_stake_amount":316.57308084,"amount":3.679371,"open_date":"2026-02-16 22:45:00+00:00","close_date":"2026-02-17 05:30:00+00:00","open_rate":86.04,"close_rate":85.96,"fee_open":0.0015,"fee_close":0.0015,"trade_duration":405,"profit_ratio":-0.003922521616733096,"profit_abs":-1.2436274,"exit_reason":"exit_signal","initial_stop_loss_abs":81.738,"initial_stop_loss_ratio":-0.05,"stop_loss_abs":83.296,"stop_loss_ratio":-0.05,"min_rate":85.46,"max_rate":87.68,"is_open":false,"enter_tag":"","leverage":1.0,"is_short":false,"open_timestamp":1771281900000,"close_timestamp":1771306200000,"orders":[{"amount":3.679371,"safe_price":86.04,"ft_order_side":"buy","order_filled_timestamp":1771281900000,"ft_is_entry":true,"ft_order_tag":"","cost":317.04794046126005},{"amount":3.679371,"safe_price":85.96,"ft_order_side":"sell","order_filled_timestamp":1771306200000,"ft_is_entry":false,"ft_order_tag":"exit_signal","cost":316.75314925674}],"funding_fees":0.0,"weekday":1},{"pair":"SOL/USDT","stake_amount":316.1626644,"max_stake_amount":316.1626644,"amount":3.655905,"open_date":"2026-02-17 07:00:00+00:00","close_date":"2026-02-17 07:15:00+00:00","open_rate":86.48,"close_rate":86.13,"fee_open":0.0015,"fee_close":0.0015,"trade_duration":15,"profit_ratio":-0.007030561917979818,"profit_abs":-2.22613539,"exit_reason":"exit_signal","initial_stop_loss_abs":82.156,"initial_stop_loss_ratio":-0.05,"stop_loss_abs":82.19399999999999,"stop_loss_ratio":-0.05,"min_rate":85.96,"max_rate":86.52,"is_open":false,"enter_tag":"","leverage":1.0,"is_short":false,"open_timestamp":1771311600000,"close_timestamp":1771312500000,"orders":[{"amount":3.655905,"safe_price":86.48,"ft_order_side":"buy","order_filled_timestamp":1771311600000,"ft_is_entry":true,"ft_order_tag":"","cost":316.63690839660006},{"amount":3.655905,"safe_price":86.13,"ft_order_side":"sell","order_filled_timestamp":1771312500000,"ft_is_entry":false,"ft_order_tag":"exit_signal","cost":315.35542229647507}],"funding_fees":0.0,"weekday":1},{"pair":"SOL/USDT","stake_amount":315.42806859,"max_stake_amount":315.42806859,"amount":3.645303,"open_date":"2026-02-17 08:15:00+00:00","close_date":"2026-02-17 08:30:00+00:00","open_rate":86.53,"close_rate":86.31,"fee_open":0.0015,"fee_close":0.0015,"trade_duration":15,"profit_ratio":-0.005530361584142382,"profit_abs":-1.74704792,"exit_reason":"exit_signal","initial_stop_loss_abs":82.20349999999999,"initial_stop_loss_ratio":-0.05,"stop_loss_abs":82.25099999999999,"stop_loss_ratio":-0.05,"min_rate":86.01,"max_rate":86.58,"is_open":false,"enter_tag":"","leverage":1.0,"is_short":false,"open_timestamp":1771316100000,"close_timestamp":1771317000000,"orders":[{"amount":3.645303,"safe_price":86.53,"ft_order_side":"buy","order_filled_timestamp":1771316100000,"ft_is_entry":true,"ft_order_tag":"","cost":315.901210692885},{"amount":3.645303,"safe_price":86.31,"ft_order_side":"sell","order_filled_timestamp":1771317000000,"ft_is_entry":false,"ft_order_tag":"exit_signal","cost":315.098041082895}],"funding_fees":0.0,"weekday":1},{"pair":"DOGE/USDT","stake_amount":314.85157183,"max_stake_amount":314.85157183,"amount":3142.544883,"open_date":"2026-02-17 13:15:00+00:00","close_date":"2026-02-17 22:30:00+00:00","open_rate":0.10019,"close_rate":0.10082,"fee_open":0.0015,"fee_close":0.0015,"trade_duration":555,"profit_ratio":0.0032737100687639025,"profit_abs":1.03227886,"exit_reason":"exit_signal","initial_stop_loss_abs":0.09519,"initial_stop_loss_ratio":-0.05,"stop_loss_abs":0.09842,"stop_loss_ratio":-0.05,"min_rate":0.0984,"max_rate":0.1036,"is_open":false,"enter_tag":"","leverage":1.0,"is_short":false,"open_timestamp":1771334100000,"close_timestamp":1771367400000,"orders":[{"amount":3142.544883,"safe_price":0.10019,"ft_order_side":"buy","order_filled_timestamp":1771334100000,"ft_is_entry":true,"ft_order_tag":"","cost":315.3238491855117},{"amount":3142.544883,"safe_price":0.10082,"ft_order_side":"sell","order_filled_timestamp":1771367400000,"ft_is_entry":false,"ft_order_tag":"exit_signal","cost":317.3066221667161}],"funding_fees":0.0,"weekday":1},{"pair":"SOL/USDT","stake_amount":315.19221751,"max_stake_amount":315.19221751,"amount":3.683443,"open_date":"2026-02-18 09:45:00+00:00","close_date":"2026-02-18 10:45:00+00:00","open_rate":85.57,"close_rate":84.66,"fee_open":0.0015,"fee_close":0.0015,"trade_duration":60,"profit_ratio":-0.01359821900000694,"profit_abs":-4.29248188,"exit_reason":"exit_signal","initial_stop_loss_abs":81.29149999999998,"initial_stop_loss_ratio":-0.05,"stop_loss_abs":81.29149999999998,"stop_loss_ratio":-0.05,"min_rate":84.19,"max_rate":85.57,"is_open":false,"enter_tag":"","leverage":1.0,"is_short":false,"open_timestamp":1771407900000,"close_timestamp":1771411500000,"orders":[{"amount":3.683443,"safe_price":85.57,"ft_order_side":"buy","order_filled_timestamp":1771407900000,"ft_is_entry":true,"ft_order_tag":"","cost":315.665005836265},{"amount":3.683443,"safe_price":84.66,"ft_order_side":"sell","order_filled_timestamp":1771411500000,"ft_is_entry":false,"ft_order_tag":"exit_signal","cost":312.30804480657}],"funding_fees":0.0,"weekday":2},{"pair":"DOGE/USDT","stake_amount":313.77570474,"max_stake_amount":313.77570474,"amount":3077.741096,"open_date":"2026-02-18 15:45:00+00:00","close_date":"2026-02-18 16:45:00+00:00","open_rate":0.10195,"close_rate":0.10013,"fee_open":0.0015,"fee_close":0.0015,"trade_duration":60,"profit_ratio":-0.020793919482564167,"profit_abs":-6.53441368,"exit_reason":"exit_signal","initial_stop_loss_abs":0.09686,"initial_stop_loss_ratio":-0.05,"stop_loss_abs":0.09694,"stop_loss_ratio":-0.05,"min_rate":0.0997,"max_rate":0.10204,"is_open":false,"enter_tag":"","leverage":1.0,"is_short":false,"open_timestamp":1771429500000,"close_timestamp":1771433100000,"orders":[{"amount":3077.741096,"safe_price":0.10195,"ft_order_side":"buy","order_filled_timestamp":1771429500000,"ft_is_entry":true,"ft_order_tag":"","cost":314.24636829430585},{"amount":3077.741096,"safe_price":0.10013,"ft_order_side":"sell","order_filled_timestamp":1771433100000,"ft_is_entry":false,"ft_order_tag":"exit_signal","cost":308.6364772663938}],"funding_fees":0.0,"weekday":2},{"pair":"SOL/USDT","stake_amount":311.6193271,"max_stake_amount":311.6193271,"amount":3.806735,"open_date":"2026-02-19 01:15:00+00:00","close_date":"2026-02-19 09:15:00+00:00","open_rate":81.86,"close_rate":81.73,"fee_open":0.0015,"fee_close":0.0015,"trade_duration":480,"profit_ratio":-0.004578826855391868,"profit_abs":-1.42899122,"exit_reason":"exit_signal","initial_stop_loss_abs":77.767,"initial_stop_loss_ratio":-0.05,"stop_loss_abs":78.5365,"stop_loss_ratio":-0.05,"min_rate":81.34,"max_rate":82.67,"is_open":false,"enter_tag":"","leverage":1.0,"is_short":false,"open_timestamp":1771463700000,"close_timestamp":1771492500000,"orders":[{"amount":3.806735,"safe_price":81.86,"ft_order_side":"buy","order_filled_timestamp":1771463700000,"ft_is_entry":true,"ft_order_tag":"","cost":312.08675609065006},{"amount":3.806735,"safe_price":81.73,"ft_order_side":"sell","order_filled_timestamp":1771492500000,"ft_is_entry":false,"ft_order_tag":"exit_signal","cost":311.591138227325}],"funding_fees":0.0,"weekday":3},{"pair":"SOL/USDT","stake_amount":311.14770453,"max_stake_amount":311.14770453,"amount":3.794947,"open_date":"2026-02-19 19:00:00+00:00","close_date":"2026-02-20 00:00:00+00:00","open_rate":81.99,"close_rate":82.51,"fee_open":0.0015,"fee_close":0.0015,"trade_duration":300,"profit_ratio":0.0033277319122291516,"profit_abs":1.03696927,"exit_reason":"force_exit","initial_stop_loss_abs":77.89049999999999,"initial_stop_loss_ratio":-0.05,"stop_loss_abs":78.73599999999999,"stop_loss_ratio":-0.05,"min_rate":81.06,"max_rate":82.88,"is_open":false,"enter_tag":"","leverage":1.0,"is_short":false,"open_timestamp":1771527600000,"close_timestamp":1771545600000,"orders":[{"amount":3.794947,"safe_price":81.99,"ft_order_side":"buy","order_filled_timestamp":1771527600000,"ft_is_entry":true,"ft_order_tag":"","cost":311.614426086795},{"amount":3.794947,"safe_price":82.51,"ft_order_side":"sell","order_filled_timestamp":1771545600000,"ft_is_entry":false,"ft_order_tag":"force_exit","cost":313.5907585854551}],"funding_fees":0.0,"weekday":4}],"locks":[],"best_pair":{"key":"BTC/USDT","trades":0,"profit_mean":0.0,"profit_mean_pct":0.0,"profit_total_abs":0.0,"profit_total":0.0,"profit_total_pct":0.0,"duration_avg":"0:00","wins":0,"draws":0,"losses":0,"winrate":0.0,"cagr":0.0,"expectancy":0.0,"expectancy_ratio":100.0,"sortino":0,"sharpe":0,"calmar":0,"sqn":0.0,"profit_factor":0.0,"max_drawdown_account":0.0,"max_drawdown_abs":0.0},"worst_pair":{"key":"SOL/USDT","trades":35,"profit_mean":-0.004655265277826051,"profit_mean_pct":-0.47,"profit_total_abs":-52.740411030000004,"profit_total":-0.05274041103,"profit_total_pct":-5.27,"duration_avg":"5:43:00","wins":9,"draws":0,"losses":26,"winrate":0.2571428571428571,"cagr":-0.47162583742750297,"expectancy":-1.5068688865714288,"expectancy_ratio":-0.35580932100494644,"sortino":-11.098031556459155,"sharpe":-5.390937405309368,"calmar":-51.27041259464546,"sqn":-1.4573,"profit_factor":0.5210259140318029,"max_drawdown_account":0.06339593860000002,"max_drawdown_abs":63.39593860000001},"results_per_pair":[{"key":"BTC/USDT","trades":0,"profit_mean":0.0,"profit_mean_pct":0.0,"profit_total_abs":0.0,"profit_total":0.0,"profit_total_pct":0.0,"duration_avg":"0:00","wins":0,"draws":0,"losses":0,"winrate":0.0,"cagr":0.0,"expectancy":0.0,"expectancy_ratio":100.0,"sortino":0,"sharpe":0,"calmar":0,"sqn":0.0,"profit_factor":0.0,"max_drawdown_account":0.0,"max_drawdown_abs":0.0},{"key":"ETH/USDT","trades":0,"profit_mean":0.0,"profit_mean_pct":0.0,"profit_total_abs":0.0,"profit_total":0.0,"profit_total_pct":0.0,"duration_avg":"0:00","wins":0,"draws":0,"losses":0,"winrate":0.0,"cagr":0.0,"expectancy":0.0,"expectancy_ratio":100.0,"sortino":0,"sharpe":0,"calmar":0,"sqn":0.0,"profit_factor":0.0,"max_drawdown_account":0.0,"max_drawdown_abs":0.0},{"key":"DOGE/USDT","trades":31,"profit_mean":-9.370006252076443e-05,"profit_mean_pct":-0.01,"profit_total_abs":-3.35055541,"profit_total":-0.00335055541,"profit_total_pct":-0.34,"duration_avg":"6:20:00","wins":12,"draws":0,"losses":19,"winrate":0.3870967741935484,"cagr":-0.03874573932631964,"expectancy":-0.1080824325806451,"expectancy_ratio":-0.02644263507927902,"sortino":-0.6959686647579991,"sharpe":-0.2640754912376104,"calmar":-5.169883861075449,"sqn":-0.0757,"profit_factor":0.9568567532917026,"max_drawdown_account":0.039941167550000045,"max_drawdown_abs":39.94116754999999},{"key":"SOL/USDT","trades":35,"profit_mean":-0.004655265277826051,"profit_mean_pct":-0.47,"profit_total_abs":-52.740411030000004,"profit_total":-0.05274041103,"profit_total_pct":-5.27,"duration_avg":"5:43:00","wins":9,"draws":0,"losses":26,"winrate":0.2571428571428571,"cagr":-0.47162583742750297,"expectancy":-1.5068688865714288,"expectancy_ratio":-0.35580932100494644,"sortino":-11.098031556459155,"sharpe":-5.390937405309368,"calmar":-51.27041259464546,"sqn":-1.4573,"profit_factor":0.5210259140318029,"max_drawdown_account":0.06339593860000002,"max_drawdown_abs":63.39593860000001},{"key":"TOTAL","trades":66,"profit_mean":-0.0025127119191220527,"profit_mean_pct":-0.25,"profit_total_abs":-56.09096643999999,"profit_total":-0.05609096643999999,"profit_total_pct":-5.61,"duration_avg":"6:00:00","wins":21,"draws":0,"losses":45,"winrate":0.3181818181818182,"cagr":-0.49321629154090263,"expectancy":-0.849863127878788,"expectancy_ratio":-0.20367128052835148,"sortino":-11.73458027295425,"sharpe":-4.964553696159822,"calmar":-33.45194437067238,"sqn":-0.984,"profit_factor":0.7012821218917511,"max_drawdown_account":0.10333710614999995,"max_drawdown_abs":103.33710614999997}],"results_per_enter_tag":[{"key":"","trades":66,"profit_mean":-0.0025127119191220527,"profit_mean_pct":-0.25,"profit_total_abs":-56.09096643999999,"profit_total":-0.05609096643999999,"profit_total_pct":-5.61,"duration_avg":"6:00:00","wins":21,"draws":0,"losses":45,"winrate":0.3181818181818182,"cagr":-0.49321629154090263,"expectancy":-0.849863127878788,"expectancy_ratio":-0.20367128052835148,"sortino":-11.73458027295425,"sharpe":-4.964553696159822,"calmar":-33.45194437067238,"sqn":-0.984,"profit_factor":0.7012821218917511,"max_drawdown_account":0.10333710614999995,"max_drawdown_abs":103.33710614999997},{"key":"TOTAL","trades":66,"profit_mean":-0.0025127119191220527,"profit_mean_pct":-0.25,"profit_total_abs":-56.09096643999999,"profit_total":-0.05609096643999999,"profit_total_pct":-5.61,"duration_avg":"6:00:00","wins":21,"draws":0,"losses":45,"winrate":0.3181818181818182,"cagr":-0.49321629154090263,"expectancy":-0.849863127878788,"expectancy_ratio":-0.20367128052835148,"sortino":-11.73458027295425,"sharpe":-4.964553696159822,"calmar":-33.45194437067238,"sqn":-0.984,"profit_factor":0.7012821218917511,"max_drawdown_account":0.10333710614999995,"max_drawdown_abs":103.33710614999997}],"exit_reason_summary":[{"key":"trailing_stop_loss","trades":3,"profit_mean":0.04838750602784295,"profit_mean_pct":4.84,"profit_total_abs":44.77518588,"profit_total":0.044775185880000005,"profit_total_pct":4.48,"duration_avg":"9:35:00","wins":3,"draws":0,"losses":0,"winrate":1.0,"cagr":0.6748607653961527,"expectancy":14.92506196,"expectancy_ratio":100.0,"sortino":-100,"sharpe":6.134169690404331,"calmar":-100,"sqn":4.6921,"profit_factor":0.0,"max_drawdown_account":0.0,"max_drawdown_abs":0.0},{"key":"roi","trades":1,"profit_mean":0.0998502246607481,"profit_mean_pct":9.99,"profit_total_abs":30.34346497,"profit_total":0.03034346497,"profit_total_pct":3.03,"duration_avg":"9:00:00","wins":1,"draws":0,"losses":0,"winrate":1.0,"cagr":0.4218468712830523,"expectancy":30.34346497,"expectancy_ratio":100.0,"sortino":-100,"sharpe":-100,"calmar":-100,"sqn":-100.0,"profit_factor":0.0,"max_drawdown_account":0.0,"max_drawdown_abs":0.0},{"key":"force_exit","trades":1,"profit_mean":0.0033277319122291516,"profit_mean_pct":0.33,"profit_total_abs":1.03696927,"profit_total":0.00103696927,"profit_total_pct":0.1,"duration_avg":"5:00:00","wins":1,"draws":0,"losses":0,"winrate":1.0,"cagr":0.012277913082751724,"expectancy":1.03696927,"expectancy_ratio":100.0,"sortino":-100,"sharpe":-100,"calmar":-100,"sqn":-100.0,"profit_factor":0.0,"max_drawdown_account":0.0,"max_drawdown_abs":0.0},{"key":"exit_signal","trades":61,"profit_mean":-0.006789827234730517,"profit_mean_pct":-0.68,"profit_total_abs":-132.24658655999997,"profit_total":-0.13224658655999996,"profit_total_pct":-13.22,"duration_avg":"5:48:00","wins":16,"draws":0,"losses":45,"winrate":0.26229508196721313,"cagr":-0.8117796942804836,"expectancy":-2.167976828852459,"expectancy_ratio":-0.5195596824988411,"sortino":-27.66681132999413,"sharpe":-17.586619023359994,"calmar":-58.41448973935513,"sqn":-3.6236,"profit_factor":0.2957079859460154,"max_drawdown_account":0.13952390479999996,"max_drawdown_abs":139.5239048},{"key":"TOTAL","trades":66,"profit_mean":-0.0025127119191220527,"profit_mean_pct":-0.25,"profit_total_abs":-56.09096643999999,"profit_total":-0.05609096643999999,"profit_total_pct":-5.61,"duration_avg":"6:00:00","wins":21,"draws":0,"losses":45,"winrate":0.3181818181818182,"cagr":-0.49321629154090263,"expectancy":-0.849863127878788,"expectancy_ratio":-0.20367128052835148,"sortino":-11.73458027295425,"sharpe":-4.964553696159822,"calmar":-33.45194437067238,"sqn":-0.984,"profit_factor":0.7012821218917511,"max_drawdown_account":0.10333710614999995,"max_drawdown_abs":103.33710614999997}],"mix_tag_stats":[{"key":["","trailing_stop_loss"],"trades":3,"profit_mean":0.04838750602784295,"profit_mean_pct":4.84,"profit_total_abs":44.77518588,"profit_total":0.044775185880000005,"profit_total_pct":4.48,"duration_avg":"9:35:00","wins":3,"draws":0,"losses":0,"winrate":1.0,"cagr":0.6748607653961527,"expectancy":14.92506196,"expectancy_ratio":100.0,"sortino":-100,"sharpe":6.134169690404331,"calmar":-100,"sqn":4.6921,"profit_factor":0.0,"max_drawdown_account":0.0,"max_drawdown_abs":0.0},{"key":["","roi"],"trades":1,"profit_mean":0.0998502246607481,"profit_mean_pct":9.99,"profit_total_abs":30.34346497,"profit_total":0.03034346497,"profit_total_pct":3.03,"duration_avg":"9:00:00","wins":1,"draws":0,"losses":0,"winrate":1.0,"cagr":0.4218468712830523,"expectancy":30.34346497,"expectancy_ratio":100.0,"sortino":-100,"sharpe":-100,"calmar":-100,"sqn":-100.0,"profit_factor":0.0,"max_drawdown_account":0.0,"max_drawdown_abs":0.0},{"key":["","force_exit"],"trades":1,"profit_mean":0.0033277319122291516,"profit_mean_pct":0.33,"profit_total_abs":1.03696927,"profit_total":0.00103696927,"profit_total_pct":0.1,"duration_avg":"5:00:00","wins":1,"draws":0,"losses":0,"winrate":1.0,"cagr":0.012277913082751724,"expectancy":1.03696927,"expectancy_ratio":100.0,"sortino":-100,"sharpe":-100,"calmar":-100,"sqn":-100.0,"profit_factor":0.0,"max_drawdown_account":0.0,"max_drawdown_abs":0.0},{"key":["","exit_signal"],"trades":61,"profit_mean":-0.006789827234730517,"profit_mean_pct":-0.68,"profit_total_abs":-132.24658655999997,"profit_total":-0.13224658655999996,"profit_total_pct":-13.22,"duration_avg":"5:48:00","wins":16,"draws":0,"losses":45,"winrate":0.26229508196721313,"cagr":-0.8117796942804836,"expectancy":-2.167976828852459,"expectancy_ratio":-0.5195596824988411,"sortino":-27.66681132999413,"sharpe":-17.586619023359994,"calmar":-58.41448973935513,"sqn":-3.6236,"profit_factor":0.2957079859460154,"max_drawdown_account":0.13952390479999996,"max_drawdown_abs":139.5239048},{"key":"TOTAL","trades":66,"profit_mean":-0.0025127119191220527,"profit_mean_pct":-0.25,"profit_total_abs":-56.09096643999999,"profit_total":-0.05609096643999999,"profit_total_pct":-5.61,"duration_avg":"6:00:00","wins":21,"draws":0,"losses":45,"winrate":0.3181818181818182,"cagr":-0.49321629154090263,"expectancy":-0.849863127878788,"expectancy_ratio":-0.20367128052835148,"sortino":-11.73458027295425,"sharpe":-4.964553696159822,"calmar":-33.45194437067238,"sqn":-0.984,"profit_factor":0.7012821218917511,"max_drawdown_account":0.10333710614999995,"max_drawdown_abs":103.33710614999997}],"left_open_trades":[{"key":"SOL/USDT","trades":1,"profit_mean":0.0033277319122291516,"profit_mean_pct":0.33,"profit_total_abs":1.03696927,"profit_total":0.00103696927,"profit_total_pct":0.1,"duration_avg":"5:00:00","wins":1,"draws":0,"losses":0,"winrate":1.0,"cagr":0.012277913082751724,"expectancy":1.03696927,"expectancy_ratio":100.0,"sortino":-100,"sharpe":-100,"calmar":-100,"sqn":-100.0,"profit_factor":0.0,"max_drawdown_account":0.0,"max_drawdown_abs":0.0},{"key":"TOTAL","trades":1,"profit_mean":0.0033277319122291516,"profit_mean_pct":0.33,"profit_total_abs":1.03696927,"profit_total":0.00103696927,"profit_total_pct":0.1,"duration_avg":"5:00:00","wins":1,"draws":0,"losses":0,"winrate":1.0,"cagr":0.012277913082751724,"expectancy":1.03696927,"expectancy_ratio":100.0,"sortino":-100,"sharpe":-100,"calmar":-100,"sqn":-100.0,"profit_factor":0.0,"max_drawdown_account":0.0,"max_drawdown_abs":0.0}],"total_trades":66,"trade_count_long":66,"trade_count_short":0,"total_volume":41377.66400164352,"avg_stake_amount":312.9530901262122,"profit_mean":-0.0025127119191220527,"profit_median":-0.006247250071896848,"profit_total":-0.05609096643999999,"profit_total_long":-0.05609096643999999,"profit_total_short":0.0,"profit_total_abs":-56.09096643999999,"profit_total_long_abs":-56.09096643999999,"profit_total_short_abs":0.0,"cagr":-0.49321629154090263,"expectancy":-0.849863127878788,"expectancy_ratio":-0.20367128052835148,"sortino":-11.73458027295425,"sharpe":-4.964553696159822,"calmar":-33.45194437067238,"sqn":-0.984,"profit_factor":0.7012821218917511,"backtest_start":"2026-01-20 00:00:00","backtest_start_ts":1768867200000,"backtest_end":"2026-02-20 00:00:00","backtest_end_ts":1771545600000,"backtest_days":31,"backtest_run_start_ts":1771559679,"backtest_run_end_ts":1771559679,"trades_per_day":2.13,"market_change":-0.3195652300127002,"pairlist":["BTC/USDT","ETH/USDT","SOL/USDT","DOGE/USDT"],"stake_amount":"unlimited","stake_currency":"USDT","stake_currency_decimals":3,"starting_balance":1000,"dry_run_wallet":1000,"final_balance":943.90903356,"rejected_signals":0,"timedout_entry_orders":0,"timedout_exit_orders":0,"canceled_trade_entries":0,"canceled_entry_orders":0,"replaced_entry_orders":0,"max_open_trades":3,"max_open_trades_setting":3,"timeframe":"15m","timeframe_detail":"","timerange":"20260120-20260220","enable_protections":false,"strategy_name":"MultiTFStrategy","freqaimodel":null,"freqai_identifier":null,"stoploss":-0.05,"trailing_stop":true,"trailing_stop_positive":0.03,"trailing_stop_positive_offset":0.04,"trailing_only_offset_is_reached":false,"use_custom_stoploss":false,"minimal_roi":{"0":0.1},"use_exit_signal":true,"exit_profit_only":false,"exit_profit_offset":0.0,"ignore_roi_if_entry_signal":false,"trading_mode":"spot","margin_mode":"","periodic_breakdown":{"day":[{"date":"21/01/2026","date_ts":1768953600000,"profit_abs":-23.67613367,"wins":0,"draws":0,"losses":4,"trades":4,"profit_factor":0.0},{"date":"22/01/2026","date_ts":1769040000000,"profit_abs":2.31449783,"wins":1,"draws":0,"losses":1,"trades":2,"profit_factor":104.91099114},{"date":"23/01/2026","date_ts":1769126400000,"profit_abs":-11.00653035,"wins":0,"draws":0,"losses":3,"trades":3,"profit_factor":0.0},{"date":"24/01/2026","date_ts":1769212800000,"profit_abs":0.0,"wins":0,"draws":0,"losses":0,"trades":0,"profit_factor":0.0},{"date":"25/01/2026","date_ts":1769299200000,"profit_abs":-2.37673982,"wins":0,"draws":0,"losses":1,"trades":1,"profit_factor":0.0},{"date":"26/01/2026","date_ts":1769385600000,"profit_abs":-6.34522049,"wins":0,"draws":0,"losses":2,"trades":2,"profit_factor":0.0},{"date":"27/01/2026","date_ts":1769472000000,"profit_abs":-2.82723994,"wins":1,"draws":0,"losses":3,"trades":4,"profit_factor":0.5289691},{"date":"28/01/2026","date_ts":1769558400000,"profit_abs":-6.01122213,"wins":2,"draws":0,"losses":3,"trades":5,"profit_factor":0.23747699},{"date":"29/01/2026","date_ts":1769644800000,"profit_abs":0.0,"wins":0,"draws":0,"losses":0,"trades":0,"profit_factor":0.0},{"date":"30/01/2026","date_ts":1769731200000,"profit_abs":-4.23888232,"wins":1,"draws":0,"losses":2,"trades":3,"profit_factor":0.09921272},{"date":"31/01/2026","date_ts":1769817600000,"profit_abs":0.0,"wins":0,"draws":0,"losses":0,"trades":0,"profit_factor":0.0},{"date":"01/02/2026","date_ts":1769904000000,"profit_abs":-5.43998599,"wins":0,"draws":0,"losses":2,"trades":2,"profit_factor":0.0},{"date":"02/02/2026","date_ts":1769990400000,"profit_abs":3.93254792,"wins":2,"draws":0,"losses":0,"trades":2,"profit_factor":0.0},{"date":"03/02/2026","date_ts":1770076800000,"profit_abs":-4.41040483,"wins":0,"draws":0,"losses":1,"trades":1,"profit_factor":0.0},{"date":"04/02/2026","date_ts":1770163200000,"profit_abs":0.0,"wins":0,"draws":0,"losses":0,"trades":0,"profit_factor":0.0},{"date":"05/02/2026","date_ts":1770249600000,"profit_abs":-10.46507721,"wins":0,"draws":0,"losses":1,"trades":1,"profit_factor":0.0},{"date":"06/02/2026","date_ts":1770336000000,"profit_abs":36.18679865,"wins":2,"draws":0,"losses":0,"trades":2,"profit_factor":0.0},{"date":"07/02/2026","date_ts":1770422400000,"profit_abs":-19.41426404,"wins":1,"draws":0,"losses":3,"trades":4,"profit_factor":0.18086087},{"date":"08/02/2026","date_ts":1770508800000,"profit_abs":-19.96410051,"wins":1,"draws":0,"losses":4,"trades":5,"profit_factor":0.0318385},{"date":"09/02/2026","date_ts":1770595200000,"profit_abs":0.0,"wins":0,"draws":0,"losses":0,"trades":0,"profit_factor":0.0},{"date":"10/02/2026","date_ts":1770681600000,"profit_abs":7.55579817,"wins":2,"draws":0,"losses":0,"trades":2,"profit_factor":0.0},{"date":"11/02/2026","date_ts":1770768000000,"profit_abs":-23.83807928,"wins":0,"draws":0,"losses":3,"trades":3,"profit_factor":0.0},{"date":"12/02/2026","date_ts":1770854400000,"profit_abs":-7.690257,"wins":1,"draws":0,"losses":2,"trades":3,"profit_factor":0.03442859},{"date":"13/02/2026","date_ts":1770940800000,"profit_abs":-5.62261114,"wins":0,"draws":0,"losses":2,"trades":2,"profit_factor":0.0},{"date":"14/02/2026","date_ts":1771027200000,"profit_abs":53.17950977,"wins":3,"draws":0,"losses":0,"trades":3,"profit_factor":0.0},{"date":"15/02/2026","date_ts":1771113600000,"profit_abs":9.4700793,"wins":2,"draws":0,"losses":2,"trades":4,"profit_factor":2.52266915},{"date":"16/02/2026","date_ts":1771200000000,"profit_abs":0.0,"wins":0,"draws":0,"losses":0,"trades":0,"profit_factor":0.0},{"date":"17/02/2026","date_ts":1771286400000,"profit_abs":-4.18453185,"wins":1,"draws":0,"losses":3,"trades":4,"profit_factor":0.19787547},{"date":"18/02/2026","date_ts":1771372800000,"profit_abs":-10.82689556,"wins":0,"draws":0,"losses":2,"trades":2,"profit_factor":0.0},{"date":"19/02/2026","date_ts":1771459200000,"profit_abs":-1.42899122,"wins":0,"draws":0,"losses":1,"trades":1,"profit_factor":0.0},{"date":"20/02/2026","date_ts":1771545600000,"profit_abs":1.03696927,"wins":1,"draws":0,"losses":0,"trades":1,"profit_factor":0.0}],"week":[{"date":"26/01/2026","date_ts":1769385600000,"profit_abs":-41.0901265,"wins":1,"draws":0,"losses":11,"trades":12,"profit_factor":0.05380932},{"date":"02/02/2026","date_ts":1769990400000,"profit_abs":-14.58478246,"wins":6,"draws":0,"losses":10,"trades":16,"profit_factor":0.39309249},{"date":"09/02/2026","date_ts":1770595200000,"profit_abs":-18.06704794,"wins":4,"draws":0,"losses":9,"trades":13,"profit_factor":0.69479753},{"date":"16/02/2026","date_ts":1771200000000,"profit_abs":33.05443982,"wins":8,"draws":0,"losses":9,"trades":17,"profit_factor":1.75735555},{"date":"23/02/2026","date_ts":1771804800000,"profit_abs":-15.40344936,"wins":2,"draws":0,"losses":6,"trades":8,"profit_factor":0.11842751}],"month":[{"date":"31/01/2026","date_ts":1769817600000,"profit_abs":-54.16747089,"wins":5,"draws":0,"losses":19,"trades":24,"profit_factor":0.12658781},{"date":"28/02/2026","date_ts":1772236800000,"profit_abs":-1.92349555,"wins":16,"draws":0,"losses":26,"trades":42,"profit_factor":0.98470432}],"year":[{"date":"31/12/2026","date_ts":1798675200000,"profit_abs":-56.09096644,"wins":21,"draws":0,"losses":45,"trades":66,"profit_factor":0.70128212}],"weekday":[{"date":"Monday","date_ts":0,"profit_abs":-2.41267257,"wins":2,"draws":0,"losses":2,"trades":4,"profit_factor":0.61976537},{"date":"Tuesday","date_ts":1,"profit_abs":-3.86637845,"wins":4,"draws":0,"losses":7,"trades":11,"profit_factor":0.7526223},{"date":"Wednesday","date_ts":2,"profit_abs":-64.35233064,"wins":2,"draws":0,"losses":12,"trades":14,"profit_factor":0.02826917},{"date":"Thursday","date_ts":3,"profit_abs":-17.2698276,"wins":2,"draws":0,"losses":5,"trades":7,"profit_factor":0.13133155},{"date":"Friday","date_ts":4,"profit_abs":16.35574411,"wins":4,"draws":0,"losses":7,"trades":11,"profit_factor":1.76661941},{"date":"Saturday","date_ts":5,"profit_abs":33.76524573,"wins":4,"draws":0,"losses":3,"trades":7,"profit_factor":2.42464499},{"date":"Sunday","date_ts":6,"profit_abs":-18.31074702,"wins":3,"draws":0,"losses":9,"trades":12,"profit_factor":0.47165424}]},"backtest_best_day":0.1766881780171659,"backtest_worst_day":-0.0776075601590059,"backtest_best_day_abs":53.17950977,"backtest_worst_day_abs":-23.83807928,"winning_days":7,"draw_days":6,"losing_days":18,"daily_profit":[["2026-01-21",-23.67613367],["2026-01-22",2.31449783],["2026-01-23",-11.00653035],["2026-01-24",0.0],["2026-01-25",-2.37673982],["2026-01-26",-6.34522049],["2026-01-27",-2.82723994],["2026-01-28",-6.01122213],["2026-01-29",0.0],["2026-01-30",-4.23888232],["2026-01-31",0.0],["2026-02-01",-5.43998599],["2026-02-02",3.93254792],["2026-02-03",-4.41040483],["2026-02-04",0.0],["2026-02-05",-10.46507721],["2026-02-06",36.18679865],["2026-02-07",-19.41426404],["2026-02-08",-19.96410051],["2026-02-09",0.0],["2026-02-10",7.55579817],["2026-02-11",-23.83807928],["2026-02-12",-7.690257],["2026-02-13",-5.62261114],["2026-02-14",53.17950977],["2026-02-15",9.4700793],["2026-02-16",0.0],["2026-02-17",-4.18453185],["2026-02-18",-10.82689556],["2026-02-19",-1.42899122],["2026-02-20",1.03696927]],"wins":21,"losses":45,"draws":0,"winrate":0.3181818181818182,"holding_avg":"6:00:00","holding_avg_s":21600.0,"winner_holding_min":"0d 04:45","winner_holding_min_s":17100.0,"winner_holding_max":"0d 22:45","winner_holding_max_s":81900.0,"winner_holding_avg":"0d 10:46","winner_holding_avg_s":38760.0,"loser_holding_min":"0d 00:15","loser_holding_min_s":900.0,"loser_holding_max":"0d 11:00","loser_holding_max_s":39600.0,"loser_holding_avg":"0d 03:47","loser_holding_avg_s":13620.0,"max_consecutive_wins":5,"max_consecutive_losses":7,"max_drawdown_account":0.10333710614999995,"max_relative_drawdown":0.10333710614999995,"max_drawdown_abs":103.33710614999997,"drawdown_start":"2026-01-21 07:45:00","drawdown_start_ts":1768981500000.0,"drawdown_end":"2026-02-13 14:15:00","drawdown_end_ts":1770992100000.0,"drawdown_duration":"23 days 06:30:00","drawdown_duration_s":2010600.0,"max_drawdown_low":-103.33710614999997,"max_drawdown_high":0.0,"csum_min":896.66289385,"csum_max":998.40448586}},"strategy_comparison":[{"key":"MultiTFStrategy","trades":66,"profit_mean":-0.0025127119191220527,"profit_mean_pct":-0.25,"profit_total_abs":-56.09096643999999,"profit_total":-0.05609096643999999,"profit_total_pct":-5.61,"duration_avg":"6:00:00","wins":21,"draws":0,"losses":45,"winrate":0.3181818181818182,"cagr":-0.49321629154090263,"expectancy":-0.849863127878788,"expectancy_ratio":-0.20367128052835148,"sortino":-11.73458027295425,"sharpe":-4.964553696159822,"calmar":-33.45194437067238,"sqn":-0.984,"profit_factor":0.7012821218917511,"max_drawdown_account":0.10333710614999995,"max_drawdown_abs":"103.337"}]}