{"strategy":{"GridStrategy":{"trades":[{"pair":"ETH/USDT","stake_amount":395.998728,"max_stake_amount":395.998728,"amount":0.147568,"open_date":"2026-01-30 20:30:00+00:00","close_date":"2026-01-31 00:45:00+00:00","open_rate":2683.5,"close_rate":2713.8,"fee_open":0.0015,"fee_close":0.0015,"trade_duration":255,"profit_ratio":0.008261894468634066,"profit_abs":3.27660725,"exit_reason":"exit_signal","initial_stop_loss_abs":2415.15,"initial_stop_loss_ratio":-0.1,"stop_loss_abs":2415.15,"stop_loss_ratio":-0.1,"min_rate":2665.0,"max_rate":2715.58,"is_open":false,"enter_tag":"","leverage":1.0,"is_short":false,"open_timestamp":1769805000000,"close_timestamp":1769820300000,"orders":[{"amount":0.147568,"safe_price":2683.5,"ft_order_side":"buy","order_filled_timestamp":1769805000000,"ft_is_entry":true,"ft_order_tag":"","cost":396.5927260920001},{"amount":0.147568,"safe_price":2713.8,"ft_order_side":"sell","order_filled_timestamp":1769820300000,"ft_is_entry":false,"ft_order_tag":"exit_signal","cost":401.07074345760003}],"funding_fees":0.0,"weekday":5},{"pair":"SOL/USDT","stake_amount":496.62186822,"max_stake_amount":496.62186822,"amount":4.578426,"open_date":"2026-01-31 16:30:00+00:00","close_date":"2026-01-31 18:30:00+00:00","open_rate":108.47,"close_rate":97.623,"fee_open":0.0015,"fee_close":0.0015,"trade_duration":120,"profit_ratio":-0.10269595607308499,"profit_abs":-51.07755915,"exit_reason":"stop_loss","initial_stop_loss_abs":97.623,"initial_stop_loss_ratio":-0.1,"stop_loss_abs":97.623,"stop_loss_ratio":-0.1,"min_rate":96.42,"max_rate":108.65,"is_open":false,"enter_tag":"","leverage":1.0,"is_short":false,"open_timestamp":1769877000000,"close_timestamp":1769884200000,"orders":[{"amount":4.578426,"safe_price":108.47,"ft_order_side":"buy","order_filled_timestamp":1769877000000,"ft_is_entry":true,"ft_order_tag":"","cost":497.36680102233004},{"amount":4.578426,"safe_price":97.623,"ft_order_side":"sell","order_filled_timestamp":1769884200000,"ft_is_entry":false,"ft_order_tag":"stop_loss","cost":447.63012092009706}],"funding_fees":0.0,"weekday":5},{"pair":"DOGE/USDT","stake_amount":397.29753645,"max_stake_amount":397.29753645,"amount":3710.633571,"open_date":"2026-01-31 16:30:00+00:00","close_date":"2026-01-31 18:30:00+00:00","open_rate":0.10707,"close_rate":0.09637,"fee_open":0.0015,"fee_close":0.0015,"trade_duration":120,"profit_ratio":-0.10263077411471283,"profit_abs":-40.83611615,"exit_reason":"stop_loss","initial_stop_loss_abs":0.09637,"initial_stop_loss_ratio":-0.1,"stop_loss_abs":0.09637,"stop_loss_ratio":-0.1,"min_rate":0.095,"max_rate":0.10726,"is_open":false,"enter_tag":"","leverage":1.0,"is_short":false,"open_timestamp":1769877000000,"close_timestamp":1769884200000,"orders":[{"amount":3710.633571,"safe_price":0.10707,"ft_order_side":"buy","order_filled_timestamp":1769877000000,"ft_is_entry":true,"ft_order_tag":"","cost":397.8934827516404},{"amount":3710.633571,"safe_price":0.09637,"ft_order_side":"sell","order_filled_timestamp":1769884200000,"ft_is_entry":false,"ft_order_tag":"stop_loss","cost":358.1301478731259}],"funding_fees":0.0,"weekday":5},{"pair":"SOL/USDT","stake_amount":351.80209544,"max_stake_amount":351.80209544,"amount":3.508198,"open_date":"2026-01-31 18:45:00+00:00","close_date":"2026-01-31 21:45:00+00:00","open_rate":100.28,"close_rate":103.59421131697546,"fee_open":0.0015,"fee_close":0.0015,"trade_duration":180,"profit_ratio":0.029955067389819245,"profit_abs":10.55406286,"exit_reason":"roi","initial_stop_loss_abs":90.25200000000001,"initial_stop_loss_ratio":-0.1,"stop_loss_abs":90.25200000000001,"stop_loss_ratio":-0.1,"min_rate":99.48,"max_rate":103.77,"is_open":false,"enter_tag":"","leverage":1.0,"is_short":false,"open_timestamp":1769885100000,"close_timestamp":1769895900000,"orders":[{"amount":3.508198,"safe_price":100.28,"ft_order_side":"buy","order_filled_timestamp":1769885100000,"ft_is_entry":true,"ft_order_tag":"","cost":352.32979858316},{"amount":3.508198,"safe_price":103.59421131697546,"ft_order_side":"sell","order_filled_timestamp":1769895900000,"ft_is_entry":false,"ft_order_tag":"roi","cost":363.9741484612214}],"funding_fees":0.0,"weekday":5},{"pair":"ETH/USDT","stake_amount":99.322776,"max_stake_amount":99.322776,"amount":0.041247,"open_date":"2026-01-31 17:15:00+00:00","close_date":"2026-01-31 23:30:00+00:00","open_rate":2408.0,"close_rate":2454.65,"fee_open":0.0015,"fee_close":0.0015,"trade_duration":375,"profit_ratio":0.016319385093051746,"profit_abs":1.62331796,"exit_reason":"exit_signal","initial_stop_loss_abs":2167.2000000000003,"initial_stop_loss_ratio":-0.1,"stop_loss_abs":2167.2000000000003,"stop_loss_ratio":-0.1,"min_rate":2240.2,"max_rate":2473.92,"is_open":false,"enter_tag":"","leverage":1.0,"is_short":false,"open_timestamp":1769879700000,"close_timestamp":1769902200000,"orders":[{"amount":0.041247,"safe_price":2408.0,"ft_order_side":"buy","order_filled_timestamp":1769879700000,"ft_is_entry":true,"ft_order_tag":"","cost":99.471760164},{"amount":0.041247,"safe_price":2454.65,"ft_order_side":"sell","order_filled_timestamp":1769902200000,"ft_is_entry":false,"ft_order_tag":"exit_signal","cost":101.398818972825}],"funding_fees":0.0,"weekday":5},{"pair":"BTC/USDT","stake_amount":451.1244252,"max_stake_amount":451.1244252,"amount":0.00581552,"open_date":"2026-01-31 18:45:00+00:00","close_date":"2026-01-31 23:30:00+00:00","open_rate":77572.5,"close_rate":78962.9,"fee_open":0.0015,"fee_close":0.0015,"trade_duration":285,"profit_ratio":0.014874679817991844,"profit_abs":6.72039688,"exit_reason":"exit_signal","initial_stop_loss_abs":69815.25,"initial_stop_loss_ratio":-0.1,"stop_loss_abs":69815.25,"stop_loss_ratio":-0.1,"min_rate":77079.5,"max_rate":79230.8,"is_open":false,"enter_tag":"","leverage":1.0,"is_short":false,"open_timestamp":1769885100000,"close_timestamp":1769902200000,"orders":[{"amount":0.00581552,"safe_price":77572.5,"ft_order_side":"buy","order_filled_timestamp":1769885100000,"ft_is_entry":true,"ft_order_tag":"","cost":451.8011118378},{"amount":0.00581552,"safe_price":78962.9,"ft_order_side":"sell","order_filled_timestamp":1769902200000,"ft_is_entry":false,"ft_order_tag":"exit_signal","cost":459.899139694312}],"funding_fees":0.0,"weekday":5},{"pair":"ETH/USDT","stake_amount":460.47866216,"max_stake_amount":460.47866216,"amount":0.199496,"open_date":"2026-02-01 15:30:00+00:00","close_date":"2026-02-01 18:15:00+00:00","open_rate":2308.21,"close_rate":2357.66,"fee_open":0.0015,"fee_close":0.0015,"trade_duration":165,"profit_ratio":0.018363846266605827,"profit_abs":8.4688436,"exit_reason":"exit_signal","initial_stop_loss_abs":2077.389,"initial_stop_loss_ratio":-0.1,"stop_loss_abs":2077.389,"stop_loss_ratio":-0.1,"min_rate":2284.0,"max_rate":2378.71,"is_open":false,"enter_tag":"","leverage":1.0,"is_short":false,"open_timestamp":1769959800000,"close_timestamp":1769969700000,"orders":[{"amount":0.199496,"safe_price":2308.21,"ft_order_side":"buy","order_filled_timestamp":1769959800000,"ft_is_entry":true,"ft_order_tag":"","cost":461.16938015324},{"amount":0.199496,"safe_price":2357.66,"ft_order_side":"sell","order_filled_timestamp":1769969700000,"ft_is_entry":false,"ft_order_tag":"exit_signal","cost":471.04925496904}],"funding_fees":0.0,"weekday":6},{"pair":"SOL/USDT","stake_amount":368.38314387,"max_stake_amount":368.38314387,"amount":3.621897,"open_date":"2026-02-01 16:00:00+00:00","close_date":"2026-02-01 18:15:00+00:00","open_rate":101.71,"close_rate":103.82,"fee_open":0.0015,"fee_close":0.0015,"trade_duration":135,"profit_ratio":0.017687606814037214,"profit_abs":6.52558993,"exit_reason":"exit_signal","initial_stop_loss_abs":91.539,"initial_stop_loss_ratio":-0.1,"stop_loss_abs":91.539,"stop_loss_ratio":-0.1,"min_rate":100.94,"max_rate":104.27,"is_open":false,"enter_tag":"","leverage":1.0,"is_short":false,"open_timestamp":1769961600000,"close_timestamp":1769969700000,"orders":[{"amount":3.621897,"safe_price":101.71,"ft_order_side":"buy","order_filled_timestamp":1769961600000,"ft_is_entry":true,"ft_order_tag":"","cost":368.935718585805},{"amount":3.621897,"safe_price":103.82,"ft_order_side":"sell","order_filled_timestamp":1769969700000,"ft_is_entry":false,"ft_order_tag":"exit_signal","cost":376.58938455981}],"funding_fees":0.0,"weekday":6},{"pair":"DOGE/USDT","stake_amount":73.67703715,"max_stake_amount":73.67703715,"amount":704.16742,"open_date":"2026-02-01 16:30:00+00:00","close_date":"2026-02-01 18:15:00+00:00","open_rate":0.10463,"close_rate":0.10589,"fee_open":0.0015,"fee_close":0.0015,"trade_duration":105,"profit_ratio":0.009010855294390333,"profit_abs":0.66488896,"exit_reason":"exit_signal","initial_stop_loss_abs":0.09417,"initial_stop_loss_ratio":-0.1,"stop_loss_abs":0.09417,"stop_loss_ratio":-0.1,"min_rate":0.10301,"max_rate":0.10634,"is_open":false,"enter_tag":"","leverage":1.0,"is_short":false,"open_timestamp":1769963400000,"close_timestamp":1769969700000,"orders":[{"amount":704.16742,"safe_price":0.10463,"ft_order_side":"buy","order_filled_timestamp":1769963400000,"ft_is_entry":true,"ft_order_tag":"","cost":73.78755271033191},{"amount":704.16742,"safe_price":0.10589,"ft_order_side":"sell","order_filled_timestamp":1769969700000,"ft_is_entry":false,"ft_order_tag":"exit_signal","cost":74.6761345359557}],"funding_fees":0.0,"weekday":6},{"pair":"DOGE/USDT","stake_amount":249.72288844,"max_stake_amount":249.72288844,"amount":2403.72402,"open_date":"2026-02-01 21:15:00+00:00","close_date":"2026-02-01 22:15:00+00:00","open_rate":0.10389,"close_rate":0.10526,"fee_open":0.0015,"fee_close":0.0015,"trade_duration":60,"profit_ratio":0.010152016179429079,"profit_abs":2.53899359,"exit_reason":"exit_signal","initial_stop_loss_abs":0.09351,"initial_stop_loss_ratio":-0.1,"stop_loss_abs":0.09351,"stop_loss_ratio":-0.1,"min_rate":0.10323,"max_rate":0.10578,"is_open":false,"enter_tag":"","leverage":1.0,"is_short":false,"open_timestamp":1769980500000,"close_timestamp":1769984100000,"orders":[{"amount":2403.72402,"safe_price":0.10389,"ft_order_side":"buy","order_filled_timestamp":1769980500000,"ft_is_entry":true,"ft_order_tag":"","cost":250.09747277045673},{"amount":2403.72402,"safe_price":0.10526,"ft_order_side":"sell","order_filled_timestamp":1769984100000,"ft_is_entry":false,"ft_order_tag":"exit_signal","cost":253.39551433071784}],"funding_fees":0.0,"weekday":6},{"pair":"DOGE/USDT","stake_amount":250.39318277,"max_stake_amount":250.39318277,"amount":2422.534663,"open_date":"2026-02-01 23:15:00+00:00","close_date":"2026-02-01 23:45:00+00:00","open_rate":0.10336,"close_rate":0.105,"fee_open":0.0015,"fee_close":0.0015,"trade_duration":30,"profit_ratio":0.012823836984980096,"profit_abs":3.21581786,"exit_reason":"exit_signal","initial_stop_loss_abs":0.09303,"initial_stop_loss_ratio":-0.1,"stop_loss_abs":0.09303,"stop_loss_ratio":-0.1,"min_rate":0.10255,"max_rate":0.10577,"is_open":false,"enter_tag":"","leverage":1.0,"is_short":false,"open_timestamp":1769987700000,"close_timestamp":1769989500000,"orders":[{"amount":2422.534663,"safe_price":0.10336,"ft_order_side":"buy","order_filled_timestamp":1769987700000,"ft_is_entry":true,"ft_order_tag":"","cost":250.7687725418315},{"amount":2422.534663,"safe_price":0.105,"ft_order_side":"sell","order_filled_timestamp":1769989500000,"ft_is_entry":false,"ft_order_tag":"exit_signal","cost":254.74768882442248}],"funding_fees":0.0,"weekday":6},{"pair":"SOL/USDT","stake_amount":249.72284896,"max_stake_amount":249.72284896,"amount":2.458144,"open_date":"2026-02-01 21:00:00+00:00","close_date":"2026-02-02 00:30:00+00:00","open_rate":101.59,"close_rate":102.21,"fee_open":0.0015,"fee_close":0.0015,"trade_duration":210,"profit_ratio":0.0030891746868863825,"profit_abs":0.77259466,"exit_reason":"exit_signal","initial_stop_loss_abs":91.43100000000001,"initial_stop_loss_ratio":-0.1,"stop_loss_abs":91.43100000000001,"stop_loss_ratio":-0.1,"min_rate":98.02,"max_rate":102.92,"is_open":false,"enter_tag":"","leverage":1.0,"is_short":false,"open_timestamp":1769979600000,"close_timestamp":1769992200000,"orders":[{"amount":2.458144,"safe_price":101.59,"ft_order_side":"buy","order_filled_timestamp":1769979600000,"ft_is_entry":true,"ft_order_tag":"","cost":250.09743323344},{"amount":2.458144,"safe_price":102.21,"ft_order_side":"sell","order_filled_timestamp":1769992200000,"ft_is_entry":false,"ft_order_tag":"exit_signal","cost":251.62376858736}],"funding_fees":0.0,"weekday":0},{"pair":"ETH/USDT","stake_amount":374.582091,"max_stake_amount":374.582091,"amount":0.162791,"open_date":"2026-02-01 20:30:00+00:00","close_date":"2026-02-02 01:30:00+00:00","open_rate":2301.0,"close_rate":2311.21,"fee_open":0.0015,"fee_close":0.0015,"trade_duration":300,"profit_ratio":0.0014284028032636106,"profit_abs":0.53585669,"exit_reason":"exit_signal","initial_stop_loss_abs":2070.9,"initial_stop_loss_ratio":-0.1,"stop_loss_abs":2070.9,"stop_loss_ratio":-0.1,"min_rate":2220.0,"max_rate":2349.65,"is_open":false,"enter_tag":"","leverage":1.0,"is_short":false,"open_timestamp":1769977800000,"close_timestamp":1769995800000,"orders":[{"amount":0.162791,"safe_price":2301.0,"ft_order_side":"buy","order_filled_timestamp":1769977800000,"ft_is_entry":true,"ft_order_tag":"","cost":375.1439641365},{"amount":0.162791,"safe_price":2311.21,"ft_order_side":"sell","order_filled_timestamp":1769995800000,"ft_is_entry":false,"ft_order_tag":"exit_signal","cost":376.808553390665}],"funding_fees":0.0,"weekday":0},{"pair":"SOL/USDT","stake_amount":251.4460326,"max_stake_amount":251.4460326,"amount":2.49599,"open_date":"2026-02-02 01:15:00+00:00","close_date":"2026-02-02 01:30:00+00:00","open_rate":100.74,"close_rate":102.89,"fee_open":0.0015,"fee_close":0.0015,"trade_duration":15,"profit_ratio":0.018282631623511132,"profit_abs":4.60399083,"exit_reason":"exit_signal","initial_stop_loss_abs":90.666,"initial_stop_loss_ratio":-0.1,"stop_loss_abs":90.666,"stop_loss_ratio":-0.1,"min_rate":100.44,"max_rate":103.13,"is_open":false,"enter_tag":"","leverage":1.0,"is_short":false,"open_timestamp":1769994900000,"close_timestamp":1769995800000,"orders":[{"amount":2.49599,"safe_price":100.74,"ft_order_side":"buy","order_filled_timestamp":1769994900000,"ft_is_entry":true,"ft_order_tag":"","cost":251.82320164889998},{"amount":2.49599,"safe_price":102.89,"ft_order_side":"sell","order_filled_timestamp":1769995800000,"ft_is_entry":false,"ft_order_tag":"exit_signal","cost":257.19762971665006}],"funding_fees":0.0,"weekday":0},{"pair":"DOGE/USDT","stake_amount":251.4461236,"max_stake_amount":251.4461236,"amount":2424.278091,"open_date":"2026-02-02 01:15:00+00:00","close_date":"2026-02-02 01:30:00+00:00","open_rate":0.10372,"close_rate":0.10597,"fee_open":0.0015,"fee_close":0.0015,"trade_duration":15,"profit_ratio":0.01863253136010003,"profit_abs":4.6921054,"exit_reason":"exit_signal","initial_stop_loss_abs":0.09335,"initial_stop_loss_ratio":-0.1,"stop_loss_abs":0.09335,"stop_loss_ratio":-0.1,"min_rate":0.10336,"max_rate":0.1063,"is_open":false,"enter_tag":"","leverage":1.0,"is_short":false,"open_timestamp":1769994900000,"close_timestamp":1769995800000,"orders":[{"amount":2424.278091,"safe_price":0.10372,"ft_order_side":"buy","order_filled_timestamp":1769994900000,"ft_is_entry":true,"ft_order_tag":"","cost":251.82329278391782},{"amount":2424.278091,"safe_price":0.10597,"ft_order_side":"sell","order_filled_timestamp":1769995800000,"ft_is_entry":false,"ft_order_tag":"exit_signal","cost":257.28610042722494}],"funding_fees":0.0,"weekday":0},{"pair":"SOL/USDT","stake_amount":254.04170127,"max_stake_amount":254.04170127,"amount":2.508063,"open_date":"2026-02-02 02:45:00+00:00","close_date":"2026-02-02 06:45:00+00:00","open_rate":101.29,"close_rate":100.67,"fee_open":0.0015,"fee_close":0.0015,"trade_duration":240,"profit_ratio":-0.009098209748324036,"profit_abs":-2.31479167,"exit_reason":"exit_signal","initial_stop_loss_abs":91.161,"initial_stop_loss_ratio":-0.1,"stop_loss_abs":91.161,"stop_loss_ratio":-0.1,"min_rate":95.94,"max_rate":101.78,"is_open":false,"enter_tag":"","leverage":1.0,"is_short":false,"open_timestamp":1770000300000,"close_timestamp":1770014700000,"orders":[{"amount":2.508063,"safe_price":101.29,"ft_order_side":"buy","order_filled_timestamp":1770000300000,"ft_is_entry":true,"ft_order_tag":"","cost":254.42276382190502},{"amount":2.508063,"safe_price":100.67,"ft_order_side":"sell","order_filled_timestamp":1770014700000,"ft_is_entry":false,"ft_order_tag":"exit_signal","cost":252.86543226331503}],"funding_fees":0.0,"weekday":0},{"pair":"DOGE/USDT","stake_amount":254.04175917,"max_stake_amount":254.04175917,"amount":2441.30078,"open_date":"2026-02-02 02:45:00+00:00","close_date":"2026-02-02 07:30:00+00:00","open_rate":0.10406,"close_rate":0.10308,"fee_open":0.0015,"fee_close":0.0015,"trade_duration":285,"profit_ratio":-0.012384939792894244,"profit_abs":-3.15101133,"exit_reason":"exit_signal","initial_stop_loss_abs":0.09366,"initial_stop_loss_ratio":-0.1,"stop_loss_abs":0.09366,"stop_loss_ratio":-0.1,"min_rate":0.09955,"max_rate":0.10518,"is_open":false,"enter_tag":"","leverage":1.0,"is_short":false,"open_timestamp":1770000300000,"close_timestamp":1770017400000,"orders":[{"amount":2441.30078,"safe_price":0.10406,"ft_order_side":"buy","order_filled_timestamp":1770000300000,"ft_is_entry":true,"ft_order_tag":"","cost":254.42282180555023},{"amount":2441.30078,"safe_price":0.10308,"ft_order_side":"sell","order_filled_timestamp":1770017400000,"ft_is_entry":false,"ft_order_tag":"exit_signal","cost":252.02675832900363}],"funding_fees":0.0,"weekday":0},{"pair":"ETH/USDT","stake_amount":254.04093992,"max_stake_amount":254.04093992,"amount":0.111277,"open_date":"2026-02-02 02:15:00+00:00","close_date":"2026-02-02 08:15:00+00:00","open_rate":2282.96,"close_rate":2243.52,"fee_open":0.0015,"fee_close":0.0015,"trade_duration":360,"profit_ratio":-0.020219574262879753,"profit_abs":-5.14430455,"exit_reason":"exit_signal","initial_stop_loss_abs":2054.664,"initial_stop_loss_ratio":-0.1,"stop_loss_abs":2054.664,"stop_loss_ratio":-0.1,"min_rate":2156.97,"max_rate":2300.97,"is_open":false,"enter_tag":"","leverage":1.0,"is_short":false,"open_timestamp":1769998500000,"close_timestamp":1770020100000,"orders":[{"amount":0.111277,"safe_price":2282.96,"ft_order_side":"buy","order_filled_timestamp":1769998500000,"ft_is_entry":true,"ft_order_tag":"","cost":254.42200132988},{"amount":0.111277,"safe_price":2243.52,"ft_order_side":"sell","order_filled_timestamp":1770020100000,"ft_is_entry":false,"ft_order_tag":"exit_signal","cost":250.02665330256002}],"funding_fees":0.0,"weekday":0},{"pair":"ETH/USDT","stake_amount":251.24054778,"max_stake_amount":251.24054778,"amount":0.110289,"open_date":"2026-02-03 16:15:00+00:00","close_date":"2026-02-03 20:30:00+00:00","open_rate":2278.02,"close_rate":2248.71,"fee_open":0.0015,"fee_close":0.0015,"trade_duration":255,"profit_ratio":-0.015823401894671508,"profit_abs":-3.98144338,"exit_reason":"exit_signal","initial_stop_loss_abs":2050.218,"initial_stop_loss_ratio":-0.1,"stop_loss_abs":2050.218,"stop_loss_ratio":-0.1,"min_rate":2108.0,"max_rate":2345.0,"is_open":false,"enter_tag":"","leverage":1.0,"is_short":false,"open_timestamp":1770135300000,"close_timestamp":1770150600000,"orders":[{"amount":0.110289,"safe_price":2278.02,"ft_order_side":"buy","order_filled_timestamp":1770135300000,"ft_is_entry":true,"ft_order_tag":"","cost":251.61740860167},{"amount":0.110289,"safe_price":2248.71,"ft_order_side":"sell","order_filled_timestamp":1770150600000,"ft_is_entry":false,"ft_order_tag":"exit_signal","cost":248.379989155785}],"funding_fees":0.0,"weekday":1},{"pair":"DOGE/USDT","stake_amount":251.2406908,"max_stake_amount":251.2406908,"amount":2353.763264,"open_date":"2026-02-03 16:30:00+00:00","close_date":"2026-02-03 20:30:00+00:00","open_rate":0.10674,"close_rate":0.10743,"fee_open":0.0015,"fee_close":0.0015,"trade_duration":240,"profit_ratio":0.003449435159305693,"profit_abs":0.86793843,"exit_reason":"exit_signal","initial_stop_loss_abs":0.09607,"initial_stop_loss_ratio":-0.1,"stop_loss_abs":0.09607,"stop_loss_ratio":-0.1,"min_rate":0.10229,"max_rate":0.11051,"is_open":false,"enter_tag":"","leverage":1.0,"is_short":false,"open_timestamp":1770136200000,"close_timestamp":1770150600000,"orders":[{"amount":2353.763264,"safe_price":0.10674,"ft_order_side":"buy","order_filled_timestamp":1770136200000,"ft_is_entry":true,"ft_order_tag":"","cost":251.61755183555906},{"amount":2353.763264,"safe_price":0.10743,"ft_order_side":"sell","order_filled_timestamp":1770150600000,"ft_is_entry":false,"ft_order_tag":"exit_signal","cost":253.2440846326973}],"funding_fees":0.0,"weekday":1},{"pair":"SOL/USDT","stake_amount":251.24062215,"max_stake_amount":251.24062215,"amount":2.536503,"open_date":"2026-02-03 19:15:00+00:00","close_date":"2026-02-03 20:45:00+00:00","open_rate":99.05,"close_rate":100.92,"fee_open":0.0015,"fee_close":0.0015,"trade_duration":90,"profit_ratio":0.015827293879586153,"profit_abs":3.98242385,"exit_reason":"exit_signal","initial_stop_loss_abs":89.145,"initial_stop_loss_ratio":-0.1,"stop_loss_abs":89.145,"stop_loss_ratio":-0.1,"min_rate":98.32,"max_rate":102.09,"is_open":false,"enter_tag":"","leverage":1.0,"is_short":false,"open_timestamp":1770146100000,"close_timestamp":1770151500000,"orders":[{"amount":2.536503,"safe_price":99.05,"ft_order_side":"buy","order_filled_timestamp":1770146100000,"ft_is_entry":true,"ft_order_tag":"","cost":251.617483083225},{"amount":2.536503,"safe_price":100.92,"ft_order_side":"sell","order_filled_timestamp":1770151500000,"ft_is_entry":false,"ft_order_tag":"exit_signal","cost":256.36785858414004}],"funding_fees":0.0,"weekday":1},{"pair":"DOGE/USDT","stake_amount":251.47008537,"max_stake_amount":251.47008537,"amount":2375.945629,"open_date":"2026-02-03 23:30:00+00:00","close_date":"2026-02-04 01:15:00+00:00","open_rate":0.10584,"close_rate":0.10795,"fee_open":0.0015,"fee_close":0.0015,"trade_duration":105,"profit_ratio":0.016880527646478804,"profit_abs":4.25131515,"exit_reason":"exit_signal","initial_stop_loss_abs":0.09526,"initial_stop_loss_ratio":-0.1,"stop_loss_abs":0.09526,"stop_loss_ratio":-0.1,"min_rate":0.10543,"max_rate":0.10815,"is_open":false,"enter_tag":"","leverage":1.0,"is_short":false,"open_timestamp":1770161400000,"close_timestamp":1770167700000,"orders":[{"amount":2375.945629,"safe_price":0.10584,"ft_order_side":"buy","order_filled_timestamp":1770161400000,"ft_is_entry":true,"ft_order_tag":"","cost":251.84729050142002},{"amount":2375.945629,"safe_price":0.10795,"ft_order_side":"sell","order_filled_timestamp":1770167700000,"ft_is_entry":false,"ft_order_tag":"exit_signal","cost":256.8680556465258}],"funding_fees":0.0,"weekday":2},{"pair":"ETH/USDT","stake_amount":251.4686217,"max_stake_amount":251.4686217,"amount":0.112946,"open_date":"2026-02-04 00:15:00+00:00","close_date":"2026-02-04 01:15:00+00:00","open_rate":2226.45,"close_rate":2273.75,"fee_open":0.0015,"fee_close":0.0015,"trade_duration":60,"profit_ratio":0.018185437168482893,"profit_abs":4.57992642,"exit_reason":"exit_signal","initial_stop_loss_abs":2003.8049999999998,"initial_stop_loss_ratio":-0.1,"stop_loss_abs":2003.8049999999998,"stop_loss_ratio":-0.1,"min_rate":2226.27,"max_rate":2277.32,"is_open":false,"enter_tag":"","leverage":1.0,"is_short":false,"open_timestamp":1770164100000,"close_timestamp":1770167700000,"orders":[{"amount":0.112946,"safe_price":2226.45,"ft_order_side":"buy","order_filled_timestamp":1770164100000,"ft_is_entry":true,"ft_order_tag":"","cost":251.84582463255},{"amount":0.112946,"safe_price":2273.75,"ft_order_side":"sell","order_filled_timestamp":1770167700000,"ft_is_entry":false,"ft_order_tag":"exit_signal","cost":257.19618395125}],"funding_fees":0.0,"weekday":2},{"pair":"SOL/USDT","stake_amount":251.47002731,"max_stake_amount":251.47002731,"amount":2.553773,"open_date":"2026-02-03 23:00:00+00:00","close_date":"2026-02-04 03:15:00+00:00","open_rate":98.47,"close_rate":99.19,"fee_open":0.0015,"fee_close":0.0015,"trade_duration":255,"profit_ratio":0.004294462122548935,"profit_abs":1.0815484,"exit_reason":"exit_signal","initial_stop_loss_abs":88.623,"initial_stop_loss_ratio":-0.1,"stop_loss_abs":88.623,"stop_loss_ratio":-0.1,"min_rate":97.15,"max_rate":99.67,"is_open":false,"enter_tag":"","leverage":1.0,"is_short":false,"open_timestamp":1770159600000,"close_timestamp":1770174900000,"orders":[{"amount":2.553773,"safe_price":98.47,"ft_order_side":"buy","order_filled_timestamp":1770159600000,"ft_is_entry":true,"ft_order_tag":"","cost":251.84723235096502},{"amount":2.553773,"safe_price":99.19,"ft_order_side":"sell","order_filled_timestamp":1770174900000,"ft_is_entry":false,"ft_order_tag":"exit_signal","cost":253.68870698580503}],"funding_fees":0.0,"weekday":2},{"pair":"ETH/USDT","stake_amount":476.41130082,"max_stake_amount":476.41130082,"amount":0.218358,"open_date":"2026-02-04 15:30:00+00:00","close_date":"2026-02-04 18:45:00+00:00","open_rate":2181.79,"close_rate":2168.18,"fee_open":0.0015,"fee_close":0.0015,"trade_duration":195,"profit_ratio":-0.00921481800975665,"profit_abs":-4.3966285,"exit_reason":"exit_signal","initial_stop_loss_abs":1963.611,"initial_stop_loss_ratio":-0.1,"stop_loss_abs":1963.611,"stop_loss_ratio":-0.1,"min_rate":2076.88,"max_rate":2186.77,"is_open":false,"enter_tag":"","leverage":1.0,"is_short":false,"open_timestamp":1770219000000,"close_timestamp":1770230700000,"orders":[{"amount":0.218358,"safe_price":2181.79,"ft_order_side":"buy","order_filled_timestamp":1770219000000,"ft_is_entry":true,"ft_order_tag":"","cost":477.12591777123004},{"amount":0.218358,"safe_price":2168.18,"ft_order_side":"sell","order_filled_timestamp":1770230700000,"ft_is_entry":false,"ft_order_tag":"exit_signal","cost":474.14960761266}],"funding_fees":0.0,"weekday":2},{"pair":"SOL/USDT","stake_amount":381.1305498,"max_stake_amount":381.1305498,"amount":4.06626,"open_date":"2026-02-04 15:15:00+00:00","close_date":"2026-02-04 19:15:00+00:00","open_rate":93.73,"close_rate":93.95,"fee_open":0.0015,"fee_close":0.0015,"trade_duration":240,"profit_ratio":-0.0006553703125078296,"profit_abs":-0.25015632,"exit_reason":"exit_signal","initial_stop_loss_abs":84.357,"initial_stop_loss_ratio":-0.1,"stop_loss_abs":84.357,"stop_loss_ratio":-0.1,"min_rate":90.0,"max_rate":94.5,"is_open":false,"enter_tag":"","leverage":1.0,"is_short":false,"open_timestamp":1770218100000,"close_timestamp":1770232500000,"orders":[{"amount":4.06626,"safe_price":93.73,"ft_order_side":"buy","order_filled_timestamp":1770218100000,"ft_is_entry":true,"ft_order_tag":"","cost":381.7022456247},{"amount":4.06626,"safe_price":93.95,"ft_order_side":"sell","order_filled_timestamp":1770232500000,"ft_is_entry":false,"ft_order_tag":"exit_signal","cost":382.5981646905}],"funding_fees":0.0,"weekday":2},{"pair":"ETH/USDT","stake_amount":252.86009875,"max_stake_amount":252.86009875,"amount":0.119035,"open_date":"2026-02-04 21:45:00+00:00","close_date":"2026-02-04 22:30:00+00:00","open_rate":2124.25,"close_rate":2163.78,"fee_open":0.0015,"fee_close":0.0015,"trade_duration":45,"profit_ratio":0.015557670894494766,"profit_abs":3.93981507,"exit_reason":"exit_signal","initial_stop_loss_abs":1911.825,"initial_stop_loss_ratio":-0.1,"stop_loss_abs":1911.825,"stop_loss_ratio":-0.1,"min_rate":2087.69,"max_rate":2168.73,"is_open":false,"enter_tag":"","leverage":1.0,"is_short":false,"open_timestamp":1770241500000,"close_timestamp":1770244200000,"orders":[{"amount":0.119035,"safe_price":2124.25,"ft_order_side":"buy","order_filled_timestamp":1770241500000,"ft_is_entry":true,"ft_order_tag":"","cost":253.23938889812501},{"amount":0.119035,"safe_price":2163.78,"ft_order_side":"sell","order_filled_timestamp":1770244200000,"ft_is_entry":false,"ft_order_tag":"exit_signal","cost":257.95190062845006}],"funding_fees":0.0,"weekday":2},{"pair":"ETH/USDT","stake_amount":253.89929862,"max_stake_amount":253.89929862,"amount":0.119187,"open_date":"2026-02-04 22:45:00+00:00","close_date":"2026-02-05 00:30:00+00:00","open_rate":2130.26,"close_rate":2162.19,"fee_open":0.0015,"fee_close":0.0015,"trade_duration":105,"profit_ratio":0.011948374967764037,"profit_abs":3.03823455,"exit_reason":"exit_signal","initial_stop_loss_abs":1917.2340000000002,"initial_stop_loss_ratio":-0.1,"stop_loss_abs":1917.2340000000002,"stop_loss_ratio":-0.1,"min_rate":2115.55,"max_rate":2166.0,"is_open":false,"enter_tag":"","leverage":1.0,"is_short":false,"open_timestamp":1770245100000,"close_timestamp":1770251400000,"orders":[{"amount":0.119187,"safe_price":2130.26,"ft_order_side":"buy","order_filled_timestamp":1770245100000,"ft_is_entry":true,"ft_order_tag":"","cost":254.28014756793004},{"amount":0.119187,"safe_price":2162.19,"ft_order_side":"sell","order_filled_timestamp":1770251400000,"ft_is_entry":false,"ft_order_tag":"exit_signal","cost":258.091496939295}],"funding_fees":0.0,"weekday":3},{"pair":"SOL/USDT","stake_amount":252.86029548,"max_stake_amount":252.86029548,"amount":2.747287,"open_date":"2026-02-04 21:30:00+00:00","close_date":"2026-02-05 01:30:00+00:00","open_rate":92.04,"close_rate":92.52,"fee_open":0.0015,"fee_close":0.0015,"trade_duration":240,"profit_ratio":0.002203995192794316,"profit_abs":0.55813883,"exit_reason":"exit_signal","initial_stop_loss_abs":82.83600000000001,"initial_stop_loss_ratio":-0.1,"stop_loss_abs":82.83600000000001,"stop_loss_ratio":-0.1,"min_rate":89.32,"max_rate":92.93,"is_open":false,"enter_tag":"","leverage":1.0,"is_short":false,"open_timestamp":1770240600000,"close_timestamp":1770255000000,"orders":[{"amount":2.747287,"safe_price":92.04,"ft_order_side":"buy","order_filled_timestamp":1770240600000,"ft_is_entry":true,"ft_order_tag":"","cost":253.23958592322003},{"amount":2.747287,"safe_price":92.52,"ft_order_side":"sell","order_filled_timestamp":1770255000000,"ft_is_entry":false,"ft_order_tag":"exit_signal","cost":254.56026172986}],"funding_fees":0.0,"weekday":3},{"pair":"ETH/USDT","stake_amount":254.8496508,"max_stake_amount":254.8496508,"amount":0.11983,"open_date":"2026-02-05 02:15:00+00:00","close_date":"2026-02-05 02:45:00+00:00","open_rate":2126.76,"close_rate":2158.33,"fee_open":0.0015,"fee_close":0.0015,"trade_duration":30,"profit_ratio":0.011804203556195719,"profit_abs":3.0128096,"exit_reason":"exit_signal","initial_stop_loss_abs":1914.0840000000003,"initial_stop_loss_ratio":-0.1,"stop_loss_abs":1914.0840000000003,"stop_loss_ratio":-0.1,"min_rate":2113.25,"max_rate":2163.67,"is_open":false,"enter_tag":"","leverage":1.0,"is_short":false,"open_timestamp":1770257700000,"close_timestamp":1770259500000,"orders":[{"amount":0.11983,"safe_price":2126.76,"ft_order_side":"buy","order_filled_timestamp":1770257700000,"ft_is_entry":true,"ft_order_tag":"","cost":255.23192527620006},{"amount":0.11983,"safe_price":2158.33,"ft_order_side":"sell","order_filled_timestamp":1770259500000,"ft_is_entry":false,"ft_order_tag":"exit_signal","cost":259.02063292585}],"funding_fees":0.0,"weekday":3},{"pair":"SOL/USDT","stake_amount":254.8497903,"max_stake_amount":254.8497903,"amount":2.797473,"open_date":"2026-02-05 02:15:00+00:00","close_date":"2026-02-05 02:45:00+00:00","open_rate":91.1,"close_rate":92.44,"fee_open":0.0015,"fee_close":0.0015,"trade_duration":30,"profit_ratio":0.011669542892934679,"profit_abs":2.97844153,"exit_reason":"exit_signal","initial_stop_loss_abs":81.99,"initial_stop_loss_ratio":-0.1,"stop_loss_abs":81.99,"stop_loss_ratio":-0.1,"min_rate":90.71,"max_rate":92.74,"is_open":false,"enter_tag":"","leverage":1.0,"is_short":false,"open_timestamp":1770257700000,"close_timestamp":1770259500000,"orders":[{"amount":2.797473,"safe_price":91.1,"ft_order_side":"buy","order_filled_timestamp":1770257700000,"ft_is_entry":true,"ft_order_tag":"","cost":255.23206498545002},{"amount":2.797473,"safe_price":92.44,"ft_order_side":"sell","order_filled_timestamp":1770259500000,"ft_is_entry":false,"ft_order_tag":"exit_signal","cost":258.98630172618}],"funding_fees":0.0,"weekday":3},{"pair":"SOL/USDT","stake_amount":256.43151114,"max_stake_amount":256.43151114,"amount":2.820098,"open_date":"2026-02-05 03:00:00+00:00","close_date":"2026-02-05 05:45:00+00:00","open_rate":90.93,"close_rate":91.82,"fee_open":0.0015,"fee_close":0.0015,"trade_duration":165,"profit_ratio":0.006762922826878563,"profit_abs":1.73682786,"exit_reason":"exit_signal","initial_stop_loss_abs":81.837,"initial_stop_loss_ratio":-0.1,"stop_loss_abs":81.837,"stop_loss_ratio":-0.1,"min_rate":89.91,"max_rate":92.09,"is_open":false,"enter_tag":"","leverage":1.0,"is_short":false,"open_timestamp":1770260400000,"close_timestamp":1770270300000,"orders":[{"amount":2.820098,"safe_price":90.93,"ft_order_side":"buy","order_filled_timestamp":1770260400000,"ft_is_entry":true,"ft_order_tag":"","cost":256.8161584067101},{"amount":2.820098,"safe_price":91.82,"ft_order_side":"sell","order_filled_timestamp":1770270300000,"ft_is_entry":false,"ft_order_tag":"exit_signal","cost":259.32981045754}],"funding_fees":0.0,"weekday":3},{"pair":"ETH/USDT","stake_amount":256.43086812,"max_stake_amount":256.43086812,"amount":0.120708,"open_date":"2026-02-05 03:00:00+00:00","close_date":"2026-02-05 07:30:00+00:00","open_rate":2124.39,"close_rate":2116.34,"fee_open":0.0015,"fee_close":0.0015,"trade_duration":270,"profit_ratio":-0.006773478868338042,"profit_abs":-1.73953446,"exit_reason":"exit_signal","initial_stop_loss_abs":1911.951,"initial_stop_loss_ratio":-0.1,"stop_loss_abs":1911.951,"stop_loss_ratio":-0.1,"min_rate":2068.0,"max_rate":2136.83,"is_open":false,"enter_tag":"","leverage":1.0,"is_short":false,"open_timestamp":1770260400000,"close_timestamp":1770276600000,"orders":[{"amount":0.120708,"safe_price":2124.39,"ft_order_side":"buy","order_filled_timestamp":1770260400000,"ft_is_entry":true,"ft_order_tag":"","cost":256.81551442217994},{"amount":0.120708,"safe_price":2116.34,"ft_order_side":"sell","order_filled_timestamp":1770276600000,"ft_is_entry":false,"ft_order_tag":"exit_signal","cost":255.84235747308003}],"funding_fees":0.0,"weekday":3},{"pair":"SOL/USDT","stake_amount":256.8900761,"max_stake_amount":256.8900761,"amount":2.817395,"open_date":"2026-02-05 06:00:00+00:00","close_date":"2026-02-05 07:30:00+00:00","open_rate":91.18,"close_rate":91.46,"fee_open":0.0015,"fee_close":0.0015,"trade_duration":90,"profit_ratio":6.61433983126953e-05,"profit_abs":0.01701707,"exit_reason":"exit_signal","initial_stop_loss_abs":82.06200000000001,"initial_stop_loss_ratio":-0.1,"stop_loss_abs":82.06200000000001,"stop_loss_ratio":-0.1,"min_rate":89.72,"max_rate":91.69,"is_open":false,"enter_tag":"","leverage":1.0,"is_short":false,"open_timestamp":1770271200000,"close_timestamp":1770276600000,"orders":[{"amount":2.817395,"safe_price":91.18,"ft_order_side":"buy","order_filled_timestamp":1770271200000,"ft_is_entry":true,"ft_order_tag":"","cost":257.27541121415},{"amount":2.817395,"safe_price":91.46,"ft_order_side":"sell","order_filled_timestamp":1770276600000,"ft_is_entry":false,"ft_order_tag":"exit_signal","cost":258.06546512005}],"funding_fees":0.0,"weekday":3},{"pair":"ETH/USDT","stake_amount":256.4334696,"max_stake_amount":256.4334696,"amount":0.122584,"open_date":"2026-02-05 08:00:00+00:00","close_date":"2026-02-05 08:30:00+00:00","open_rate":2091.9,"close_rate":2112.65,"fee_open":0.0015,"fee_close":0.0015,"trade_duration":30,"profit_ratio":0.006893992376193957,"profit_abs":1.77050216,"exit_reason":"exit_signal","initial_stop_loss_abs":1882.71,"initial_stop_loss_ratio":-0.1,"stop_loss_abs":1882.71,"stop_loss_ratio":-0.1,"min_rate":2091.7,"max_rate":2121.39,"is_open":false,"enter_tag":"","leverage":1.0,"is_short":false,"open_timestamp":1770278400000,"close_timestamp":1770280200000,"orders":[{"amount":0.122584,"safe_price":2091.9,"ft_order_side":"buy","order_filled_timestamp":1770278400000,"ft_is_entry":true,"ft_order_tag":"","cost":256.81811980440006},{"amount":0.122584,"safe_price":2112.65,"ft_order_side":"sell","order_filled_timestamp":1770280200000,"ft_is_entry":false,"ft_order_tag":"exit_signal","cost":259.36555323140004}],"funding_fees":0.0,"weekday":3},{"pair":"DOGE/USDT","stake_amount":256.43533282,"max_stake_amount":256.43533282,"amount":2517.7745,"open_date":"2026-02-05 07:45:00+00:00","close_date":"2026-02-05 08:45:00+00:00","open_rate":0.10185,"close_rate":0.10226,"fee_open":0.0015,"fee_close":0.0015,"trade_duration":60,"profit_ratio":0.0010179625201713065,"profit_abs":0.26143312,"exit_reason":"exit_signal","initial_stop_loss_abs":0.09167,"initial_stop_loss_ratio":-0.1,"stop_loss_abs":0.09167,"stop_loss_ratio":-0.1,"min_rate":0.10096,"max_rate":0.10279,"is_open":false,"enter_tag":"","leverage":1.0,"is_short":false,"open_timestamp":1770277500000,"close_timestamp":1770281100000,"orders":[{"amount":2517.7745,"safe_price":0.10185,"ft_order_side":"buy","order_filled_timestamp":1770277500000,"ft_is_entry":true,"ft_order_tag":"","cost":256.8199858242375},{"amount":2517.7745,"safe_price":0.10226,"ft_order_side":"sell","order_filled_timestamp":1770281100000,"ft_is_entry":false,"ft_order_tag":"exit_signal","cost":257.853821800555}],"funding_fees":0.0,"weekday":3},{"pair":"BTC/USDT","stake_amount":95.28428138,"max_stake_amount":95.28428138,"amount":0.00131444,"open_date":"2026-02-04 17:30:00+00:00","close_date":"2026-02-05 09:15:00+00:00","open_rate":72490.4,"close_rate":71819.0,"fee_open":0.0015,"fee_close":0.0015,"trade_duration":945,"profit_ratio":-0.01222967869362386,"profit_abs":-1.16704409,"exit_reason":"exit_signal","initial_stop_loss_abs":65241.35999999999,"initial_stop_loss_ratio":-0.1,"stop_loss_abs":65241.35999999999,"stop_loss_ratio":-0.1,"min_rate":70146.0,"max_rate":74156.3,"is_open":false,"enter_tag":"","leverage":1.0,"is_short":false,"open_timestamp":1770226200000,"close_timestamp":1770282900000,"orders":[{"amount":0.00131444,"safe_price":72490.4,"ft_order_side":"buy","order_filled_timestamp":1770226200000,"ft_is_entry":true,"ft_order_tag":"","cost":95.427207798064},{"amount":0.00131444,"safe_price":71819.0,"ft_order_side":"sell","order_filled_timestamp":1770282900000,"ft_is_entry":false,"ft_order_tag":"exit_signal","cost":94.54336900954002}],"funding_fees":0.0,"weekday":3},{"pair":"DOGE/USDT","stake_amount":384.99549616,"max_stake_amount":384.99549616,"amount":3895.926899,"open_date":"2026-02-05 11:15:00+00:00","close_date":"2026-02-05 14:45:00+00:00","open_rate":0.09882,"close_rate":0.09987,"fee_open":0.0015,"fee_close":0.0015,"trade_duration":210,"profit_ratio":0.007598044340535499,"profit_abs":2.92960067,"exit_reason":"exit_signal","initial_stop_loss_abs":0.08894,"initial_stop_loss_ratio":-0.1,"stop_loss_abs":0.08894,"stop_loss_ratio":-0.1,"min_rate":0.09737,"max_rate":0.10052,"is_open":false,"enter_tag":"","leverage":1.0,"is_short":false,"open_timestamp":1770290100000,"close_timestamp":1770302700000,"orders":[{"amount":3895.926899,"safe_price":0.09882,"ft_order_side":"buy","order_filled_timestamp":1770290100000,"ft_is_entry":true,"ft_order_tag":"","cost":385.57298940341883},{"amount":3895.926899,"safe_price":0.09987,"ft_order_side":"sell","order_filled_timestamp":1770302700000,"ft_is_entry":false,"ft_order_tag":"exit_signal","cost":389.66984873223475}],"funding_fees":0.0,"weekday":3},{"pair":"SOL/USDT","stake_amount":256.66363899,"max_stake_amount":256.66363899,"amount":2.842029,"open_date":"2026-02-05 11:00:00+00:00","close_date":"2026-02-05 18:30:00+00:00","open_rate":90.31,"close_rate":81.27900000000001,"fee_open":0.0015,"fee_close":0.0015,"trade_duration":450,"profit_ratio":-0.10269595606542847,"profit_abs":-26.39785527,"exit_reason":"stop_loss","initial_stop_loss_abs":81.27900000000001,"initial_stop_loss_ratio":-0.1,"stop_loss_abs":81.27900000000001,"stop_loss_ratio":-0.1,"min_rate":81.22,"max_rate":91.43,"is_open":false,"enter_tag":"","leverage":1.0,"is_short":false,"open_timestamp":1770289200000,"close_timestamp":1770316200000,"orders":[{"amount":2.842029,"safe_price":90.31,"ft_order_side":"buy","order_filled_timestamp":1770289200000,"ft_is_entry":true,"ft_order_tag":"","cost":257.0486344484851},{"amount":2.842029,"safe_price":81.27900000000001,"ft_order_side":"sell","order_filled_timestamp":1770316200000,"ft_is_entry":false,"ft_order_tag":"stop_loss","cost":231.34377100363656}],"funding_fees":0.0,"weekday":3},{"pair":"ETH/USDT","stake_amount":256.663203,"max_stake_amount":256.663203,"amount":0.12234,"open_date":"2026-02-05 11:00:00+00:00","close_date":"2026-02-05 20:15:00+00:00","open_rate":2097.95,"close_rate":1888.155,"fee_open":0.0015,"fee_close":0.0015,"trade_duration":555,"profit_ratio":-0.10269595607154212,"profit_abs":-26.39781043,"exit_reason":"stop_loss","initial_stop_loss_abs":1888.155,"initial_stop_loss_ratio":-0.1,"stop_loss_abs":1888.155,"stop_loss_ratio":-0.1,"min_rate":1854.25,"max_rate":2106.84,"is_open":false,"enter_tag":"","leverage":1.0,"is_short":false,"open_timestamp":1770289200000,"close_timestamp":1770322500000,"orders":[{"amount":0.12234,"safe_price":2097.95,"ft_order_side":"buy","order_filled_timestamp":1770289200000,"ft_is_entry":true,"ft_order_tag":"","cost":257.04819780450003},{"amount":0.12234,"safe_price":1888.155,"ft_order_side":"sell","order_filled_timestamp":1770322500000,"ft_is_entry":false,"ft_order_tag":"stop_loss","cost":231.34337802405003}],"funding_fees":0.0,"weekday":3},{"pair":"DOGE/USDT","stake_amount":257.43707865,"max_stake_amount":257.43707865,"amount":2613.839767,"open_date":"2026-02-05 15:00:00+00:00","close_date":"2026-02-05 20:15:00+00:00","open_rate":0.09849,"close_rate":0.08865,"fee_open":0.0015,"fee_close":0.0015,"trade_duration":315,"profit_ratio":-0.10260484996599031,"profit_abs":-26.45391427,"exit_reason":"stop_loss","initial_stop_loss_abs":0.08865,"initial_stop_loss_ratio":-0.1,"stop_loss_abs":0.08865,"stop_loss_ratio":-0.1,"min_rate":0.08727,"max_rate":0.0988,"is_open":false,"enter_tag":"","leverage":1.0,"is_short":false,"open_timestamp":1770303600000,"close_timestamp":1770322500000,"orders":[{"amount":2613.839767,"safe_price":0.09849,"ft_order_side":"buy","order_filled_timestamp":1770303600000,"ft_is_entry":true,"ft_order_tag":"","cost":257.82323426980776},{"amount":2613.839767,"safe_price":0.08865,"ft_order_side":"sell","order_filled_timestamp":1770322500000,"ft_is_entry":false,"ft_order_tag":"stop_loss","cost":232.06447068756685}],"funding_fees":0.0,"weekday":3},{"pair":"SOL/USDT","stake_amount":354.77273216,"max_stake_amount":354.77273216,"amount":4.364822,"open_date":"2026-02-05 20:15:00+00:00","close_date":"2026-02-06 00:00:00+00:00","open_rate":81.28,"close_rate":73.152,"fee_open":0.0015,"fee_close":0.0015,"trade_duration":225,"profit_ratio":-0.10269595605842587,"profit_abs":-36.4883755,"exit_reason":"stop_loss","initial_stop_loss_abs":73.152,"initial_stop_loss_ratio":-0.1,"stop_loss_abs":73.152,"stop_loss_ratio":-0.1,"min_rate":71.5,"max_rate":81.63,"is_open":false,"enter_tag":"","leverage":1.0,"is_short":false,"open_timestamp":1770322500000,"close_timestamp":1770336000000,"orders":[{"amount":4.364822,"safe_price":81.28,"ft_order_side":"buy","order_filled_timestamp":1770322500000,"ft_is_entry":true,"ft_order_tag":"","cost":355.30489125824005},{"amount":4.364822,"safe_price":73.152,"ft_order_side":"sell","order_filled_timestamp":1770336000000,"ft_is_entry":false,"ft_order_tag":"stop_loss","cost":319.774402132416}],"funding_fees":0.0,"weekday":4},{"pair":"BTC/USDT","stake_amount":375.70177701,"max_stake_amount":375.70177701,"amount":0.0057069,"open_date":"2026-02-05 18:30:00+00:00","close_date":"2026-02-06 01:15:00+00:00","open_rate":65832.9,"close_rate":64328.0,"fee_open":0.0015,"fee_close":0.0015,"trade_duration":405,"profit_ratio":-0.025786422252529376,"profit_abs":-9.70253667,"exit_reason":"exit_signal","initial_stop_loss_abs":59249.60999999999,"initial_stop_loss_ratio":-0.1,"stop_loss_abs":59249.60999999999,"stop_loss_ratio":-0.1,"min_rate":60000.0,"max_rate":66630.0,"is_open":false,"enter_tag":"","leverage":1.0,"is_short":false,"open_timestamp":1770316200000,"close_timestamp":1770340500000,"orders":[{"amount":0.0057069,"safe_price":65832.9,"ft_order_side":"buy","order_filled_timestamp":1770316200000,"ft_is_entry":true,"ft_order_tag":"","cost":376.265329675515},{"amount":0.0057069,"safe_price":64328.0,"ft_order_side":"sell","order_filled_timestamp":1770340500000,"ft_is_entry":false,"ft_order_tag":"exit_signal","cost":367.66413339480005}],"funding_fees":0.0,"weekday":4},{"pair":"ETH/USDT","stake_amount":156.45704344,"max_stake_amount":156.45704344,"amount":0.083458,"open_date":"2026-02-05 20:30:00+00:00","close_date":"2026-02-06 01:15:00+00:00","open_rate":1874.68,"close_rate":1894.84,"fee_open":0.0015,"fee_close":0.0015,"trade_duration":285,"profit_ratio":0.0077261153966852545,"profit_abs":1.21061838,"exit_reason":"exit_signal","initial_stop_loss_abs":1687.212,"initial_stop_loss_ratio":-0.1,"stop_loss_abs":1687.212,"stop_loss_ratio":-0.1,"min_rate":1744.0,"max_rate":1914.63,"is_open":false,"enter_tag":"","leverage":1.0,"is_short":false,"open_timestamp":1770323400000,"close_timestamp":1770340500000,"orders":[{"amount":0.083458,"safe_price":1874.68,"ft_order_side":"buy","order_filled_timestamp":1770323400000,"ft_is_entry":true,"ft_order_tag":"","cost":156.69172900516003},{"amount":0.083458,"safe_price":1894.84,"ft_order_side":"sell","order_filled_timestamp":1770340500000,"ft_is_entry":false,"ft_order_tag":"exit_signal","cost":158.37676605508}],"funding_fees":0.0,"weekday":4},{"pair":"DOGE/USDT","stake_amount":318.64964867,"max_stake_amount":318.64964867,"amount":3601.374872,"open_date":"2026-02-06 00:00:00+00:00","close_date":"2026-02-06 01:45:00+00:00","open_rate":0.08848,"close_rate":0.08955,"fee_open":0.0015,"fee_close":0.0015,"trade_duration":105,"profit_ratio":0.009061396602019604,"profit_abs":2.89174196,"exit_reason":"exit_signal","initial_stop_loss_abs":0.07964,"initial_stop_loss_ratio":-0.1,"stop_loss_abs":0.07964,"stop_loss_ratio":-0.1,"min_rate":0.08,"max_rate":0.09104,"is_open":false,"enter_tag":"","leverage":1.0,"is_short":false,"open_timestamp":1770336000000,"close_timestamp":1770342300000,"orders":[{"amount":3601.374872,"safe_price":0.08848,"ft_order_side":"buy","order_filled_timestamp":1770336000000,"ft_is_entry":true,"ft_order_tag":"","cost":319.12762314757185},{"amount":3601.374872,"safe_price":0.08955,"ft_order_side":"sell","order_filled_timestamp":1770342300000,"ft_is_entry":false,"ft_order_tag":"exit_signal","cost":322.9868744672814}],"funding_fees":0.0,"weekday":4},{"pair":"SOL/USDT","stake_amount":224.64037616,"max_stake_amount":224.64037616,"amount":2.935708,"open_date":"2026-02-06 01:15:00+00:00","close_date":"2026-02-06 01:45:00+00:00","open_rate":76.52,"close_rate":79.04895343014522,"fee_open":0.0015,"fee_close":0.0015,"trade_duration":30,"profit_ratio":0.029955067377566168,"profit_abs":6.73921128,"exit_reason":"roi","initial_stop_loss_abs":68.868,"initial_stop_loss_ratio":-0.1,"stop_loss_abs":68.868,"stop_loss_ratio":-0.1,"min_rate":76.4,"max_rate":79.77,"is_open":false,"enter_tag":"","leverage":1.0,"is_short":false,"open_timestamp":1770340500000,"close_timestamp":1770342300000,"orders":[{"amount":2.935708,"safe_price":76.52,"ft_order_side":"buy","order_filled_timestamp":1770340500000,"ft_is_entry":true,"ft_order_tag":"","cost":224.97733672424},{"amount":2.935708,"safe_price":79.04895343014522,"ft_order_side":"sell","order_filled_timestamp":1770342300000,"ft_is_entry":false,"ft_order_tag":"roi","cost":232.41274194396954}],"funding_fees":0.0,"weekday":4},{"pair":"SOL/USDT","stake_amount":227.18295886,"max_stake_amount":227.18295886,"amount":2.977106,"open_date":"2026-02-06 03:15:00+00:00","close_date":"2026-02-06 05:00:00+00:00","open_rate":76.31,"close_rate":78.8320130195293,"fee_open":0.0015,"fee_close":0.0015,"trade_duration":105,"profit_ratio":0.02995506741736126,"profit_abs":6.81548877,"exit_reason":"roi","initial_stop_loss_abs":68.679,"initial_stop_loss_ratio":-0.1,"stop_loss_abs":68.679,"stop_loss_ratio":-0.1,"min_rate":75.73,"max_rate":79.2,"is_open":false,"enter_tag":"","leverage":1.0,"is_short":false,"open_timestamp":1770347700000,"close_timestamp":1770354000000,"orders":[{"amount":2.977106,"safe_price":76.31,"ft_order_side":"buy","order_filled_timestamp":1770347700000,"ft_is_entry":true,"ft_order_tag":"","cost":227.52373329829004},{"amount":2.977106,"safe_price":78.8320130195293,"ft_order_side":"sell","order_filled_timestamp":1770354000000,"ft_is_entry":false,"ft_order_tag":"roi","cost":235.0432958409476}],"funding_fees":0.0,"weekday":4},{"pair":"BTC/USDT","stake_amount":228.98186272,"max_stake_amount":228.98186272,"amount":0.00353087,"open_date":"2026-02-06 08:00:00+00:00","close_date":"2026-02-06 09:30:00+00:00","open_rate":64851.4,"close_rate":65620.5,"fee_open":0.0015,"fee_close":0.0015,"trade_duration":90,"profit_ratio":0.008828388435491375,"profit_abs":2.02457314,"exit_reason":"exit_signal","initial_stop_loss_abs":58366.26,"initial_stop_loss_ratio":-0.1,"stop_loss_abs":58366.26,"stop_loss_ratio":-0.1,"min_rate":64472.1,"max_rate":66097.6,"is_open":false,"enter_tag":"","leverage":1.0,"is_short":false,"open_timestamp":1770364800000,"close_timestamp":1770370200000,"orders":[{"amount":0.00353087,"safe_price":64851.4,"ft_order_side":"buy","order_filled_timestamp":1770364800000,"ft_is_entry":true,"ft_order_tag":"","cost":229.32533551207703},{"amount":0.00353087,"safe_price":65620.5,"ft_order_side":"sell","order_filled_timestamp":1770370200000,"ft_is_entry":false,"ft_order_tag":"exit_signal","cost":232.0450010172525}],"funding_fees":0.0,"weekday":4},{"pair":"DOGE/USDT","stake_amount":228.98225262,"max_stake_amount":228.98225262,"amount":2523.498486,"open_date":"2026-02-06 08:30:00+00:00","close_date":"2026-02-06 09:45:00+00:00","open_rate":0.09074,"close_rate":0.0925,"fee_open":0.0015,"fee_close":0.0015,"trade_duration":75,"profit_ratio":0.016342468877754163,"profit_abs":3.74774854,"exit_reason":"exit_signal","initial_stop_loss_abs":0.08167,"initial_stop_loss_ratio":-0.1,"stop_loss_abs":0.08167,"stop_loss_ratio":-0.1,"min_rate":0.09016,"max_rate":0.09298,"is_open":false,"enter_tag":"","leverage":1.0,"is_short":false,"open_timestamp":1770366600000,"close_timestamp":1770371100000,"orders":[{"amount":2523.498486,"safe_price":0.09074,"ft_order_side":"buy","order_filled_timestamp":1770366600000,"ft_is_entry":true,"ft_order_tag":"","cost":229.32572599856948},{"amount":2523.498486,"safe_price":0.0925,"ft_order_side":"sell","order_filled_timestamp":1770371100000,"ft_is_entry":false,"ft_order_tag":"exit_signal","cost":233.7737453699325}],"funding_fees":0.0,"weekday":4},{"pair":"ETH/USDT","stake_amount":228.982167,"max_stake_amount":228.982167,"amount":0.120555,"open_date":"2026-02-06 07:15:00+00:00","close_date":"2026-02-06 10:30:00+00:00","open_rate":1899.4,"close_rate":1926.68,"fee_open":0.0015,"fee_close":0.0015,"trade_duration":195,"profit_ratio":0.011323900751627088,"profit_abs":2.59686079,"exit_reason":"exit_signal","initial_stop_loss_abs":1709.46,"initial_stop_loss_ratio":-0.1,"stop_loss_abs":1709.46,"stop_loss_ratio":-0.1,"min_rate":1866.73,"max_rate":1937.17,"is_open":false,"enter_tag":"","leverage":1.0,"is_short":false,"open_timestamp":1770362100000,"close_timestamp":1770373800000,"orders":[{"amount":0.120555,"safe_price":1899.4,"ft_order_side":"buy","order_filled_timestamp":1770362100000,"ft_is_entry":true,"ft_order_tag":"","cost":229.32564025050002},{"amount":0.120555,"safe_price":1926.68,"ft_order_side":"sell","order_filled_timestamp":1770373800000,"ft_is_entry":false,"ft_order_tag":"exit_signal","cost":232.61931376110002}],"funding_fees":0.0,"weekday":4},{"pair":"SOL/USDT","stake_amount":231.19165524,"max_stake_amount":231.19165524,"amount":2.658292,"open_date":"2026-02-07 00:15:00+00:00","close_date":"2026-02-07 03:15:00+00:00","open_rate":86.97,"close_rate":88.12,"fee_open":0.0015,"fee_close":0.0015,"trade_duration":180,"profit_ratio":0.01018783426311395,"profit_abs":2.35887528,"exit_reason":"exit_signal","initial_stop_loss_abs":78.273,"initial_stop_loss_ratio":-0.1,"stop_loss_abs":78.273,"stop_loss_ratio":-0.1,"min_rate":85.9,"max_rate":88.4,"is_open":false,"enter_tag":"","leverage":1.0,"is_short":false,"open_timestamp":1770423300000,"close_timestamp":1770434100000,"orders":[{"amount":2.658292,"safe_price":86.97,"ft_order_side":"buy","order_filled_timestamp":1770423300000,"ft_is_entry":true,"ft_order_tag":"","cost":231.53844272286},{"amount":2.658292,"safe_price":88.12,"ft_order_side":"sell","order_filled_timestamp":1770434100000,"ft_is_entry":false,"ft_order_tag":"exit_signal","cost":234.60006407656002}],"funding_fees":0.0,"weekday":5},{"pair":"SOL/USDT","stake_amount":231.81440829,"max_stake_amount":231.81440829,"amount":2.696457,"open_date":"2026-02-07 07:45:00+00:00","close_date":"2026-02-07 12:15:00+00:00","open_rate":85.97,"close_rate":85.88,"fee_open":0.0015,"fee_close":0.0015,"trade_duration":270,"profit_ratio":-0.004039247617146213,"profit_abs":-0.93776033,"exit_reason":"exit_signal","initial_stop_loss_abs":77.373,"initial_stop_loss_ratio":-0.1,"stop_loss_abs":77.373,"stop_loss_ratio":-0.1,"min_rate":84.51,"max_rate":87.22,"is_open":false,"enter_tag":"","leverage":1.0,"is_short":false,"open_timestamp":1770450300000,"close_timestamp":1770466500000,"orders":[{"amount":2.696457,"safe_price":85.97,"ft_order_side":"buy","order_filled_timestamp":1770450300000,"ft_is_entry":true,"ft_order_tag":"","cost":232.16212990243503},{"amount":2.696457,"safe_price":85.88,"ft_order_side":"sell","order_filled_timestamp":1770466500000,"ft_is_entry":false,"ft_order_tag":"exit_signal","cost":231.91908475074}],"funding_fees":0.0,"weekday":5},{"pair":"DOGE/USDT","stake_amount":138.94144077,"max_stake_amount":138.94144077,"amount":1554.676522,"open_date":"2026-02-11 16:45:00+00:00","close_date":"2026-02-11 17:30:00+00:00","open_rate":0.08937,"close_rate":0.09052,"fee_open":0.0015,"fee_close":0.0015,"trade_duration":45,"profit_ratio":0.009833800260398267,"profit_abs":1.36837186,"exit_reason":"exit_signal","initial_stop_loss_abs":0.08044,"initial_stop_loss_ratio":-0.1,"stop_loss_abs":0.08044,"stop_loss_ratio":-0.1,"min_rate":0.08871,"max_rate":0.09092,"is_open":false,"enter_tag":"","leverage":1.0,"is_short":false,"open_timestamp":1770828300000,"close_timestamp":1770831000000,"orders":[{"amount":1554.676522,"safe_price":0.08937,"ft_order_side":"buy","order_filled_timestamp":1770828300000,"ft_is_entry":true,"ft_order_tag":"","cost":139.14985293229674},{"amount":1554.676522,"safe_price":0.09052,"ft_order_side":"sell","order_filled_timestamp":1770831000000,"ft_is_entry":false,"ft_order_tag":"exit_signal","cost":140.9404127495972}],"funding_fees":0.0,"weekday":2},{"pair":"ETH/USDT","stake_amount":347.34873596,"max_stake_amount":347.34873596,"amount":0.181141,"open_date":"2026-02-11 15:15:00+00:00","close_date":"2026-02-11 19:15:00+00:00","open_rate":1917.56,"close_rate":1953.01,"fee_open":0.0015,"fee_close":0.0015,"trade_duration":240,"profit_ratio":0.01543615082969317,"profit_abs":5.36977007,"exit_reason":"exit_signal","initial_stop_loss_abs":1725.804,"initial_stop_loss_ratio":-0.1,"stop_loss_abs":1725.804,"stop_loss_ratio":-0.1,"min_rate":1908.7,"max_rate":1959.18,"is_open":false,"enter_tag":"","leverage":1.0,"is_short":false,"open_timestamp":1770822900000,"close_timestamp":1770837300000,"orders":[{"amount":0.181141,"safe_price":1917.56,"ft_order_side":"buy","order_filled_timestamp":1770822900000,"ft_is_entry":true,"ft_order_tag":"","cost":347.86975906394},{"amount":0.181141,"safe_price":1953.01,"ft_order_side":"sell","order_filled_timestamp":1770837300000,"ft_is_entry":false,"ft_order_tag":"exit_signal","cost":354.300839686615}],"funding_fees":0.0,"weekday":2},{"pair":"SOL/USDT","stake_amount":347.3503051,"max_stake_amount":347.3503051,"amount":4.38629,"open_date":"2026-02-11 15:15:00+00:00","close_date":"2026-02-11 19:15:00+00:00","open_rate":79.19,"close_rate":80.15,"fee_open":0.0015,"fee_close":0.0015,"trade_duration":240,"profit_ratio":0.009090922281322945,"profit_abs":3.16247123,"exit_reason":"exit_signal","initial_stop_loss_abs":71.271,"initial_stop_loss_ratio":-0.1,"stop_loss_abs":71.271,"stop_loss_ratio":-0.1,"min_rate":78.02,"max_rate":80.92,"is_open":false,"enter_tag":"","leverage":1.0,"is_short":false,"open_timestamp":1770822900000,"close_timestamp":1770837300000,"orders":[{"amount":4.38629,"safe_price":79.19,"ft_order_side":"buy","order_filled_timestamp":1770822900000,"ft_is_entry":true,"ft_order_tag":"","cost":347.87133055764997},{"amount":4.38629,"safe_price":80.15,"ft_order_side":"sell","order_filled_timestamp":1770837300000,"ft_is_entry":false,"ft_order_tag":"exit_signal","cost":352.08848521525005}],"funding_fees":0.0,"weekday":2},{"pair":"SOL/USDT","stake_amount":439.08868554,"max_stake_amount":439.08868554,"amount":5.641638,"open_date":"2026-02-12 17:15:00+00:00","close_date":"2026-02-12 23:00:00+00:00","open_rate":77.83,"close_rate":78.12,"fee_open":0.0015,"fee_close":0.0015,"trade_duration":345,"profit_ratio":0.0007194014304168127,"profit_abs":0.31635485,"exit_reason":"exit_signal","initial_stop_loss_abs":70.047,"initial_stop_loss_ratio":-0.1,"stop_loss_abs":70.047,"stop_loss_ratio":-0.1,"min_rate":76.58,"max_rate":78.64,"is_open":false,"enter_tag":"","leverage":1.0,"is_short":false,"open_timestamp":1770916500000,"close_timestamp":1770937200000,"orders":[{"amount":5.641638,"safe_price":77.83,"ft_order_side":"buy","order_filled_timestamp":1770916500000,"ft_is_entry":true,"ft_order_tag":"","cost":439.74731856831005},{"amount":5.641638,"safe_price":78.12,"ft_order_side":"sell","order_filled_timestamp":1770937200000,"ft_is_entry":false,"ft_order_tag":"exit_signal","cost":441.3858477008401}],"funding_fees":0.0,"weekday":3},{"pair":"DOGE/USDT","stake_amount":234.26417074,"max_stake_amount":234.26417074,"amount":2056.572476,"open_date":"2026-02-15 08:45:00+00:00","close_date":"2026-02-15 19:30:00+00:00","open_rate":0.11391,"close_rate":0.10252,"fee_open":0.0015,"fee_close":0.0015,"trade_duration":645,"profit_ratio":-0.10268720348927297,"profit_abs":-24.09201647,"exit_reason":"stop_loss","initial_stop_loss_abs":0.10252,"initial_stop_loss_ratio":-0.1,"stop_loss_abs":0.10252,"stop_loss_ratio":-0.1,"min_rate":0.1025,"max_rate":0.11534,"is_open":false,"enter_tag":"","leverage":1.0,"is_short":false,"open_timestamp":1771145100000,"close_timestamp":1771183800000,"orders":[{"amount":2056.572476,"safe_price":0.11391,"ft_order_side":"buy","order_filled_timestamp":1771145100000,"ft_is_entry":true,"ft_order_tag":"","cost":234.6155669972717},{"amount":2056.572476,"safe_price":0.10252,"ft_order_side":"sell","order_filled_timestamp":1771183800000,"ft_is_entry":false,"ft_order_tag":"stop_loss","cost":211.15606995487926}],"funding_fees":0.0,"weekday":6},{"pair":"DOGE/USDT","stake_amount":427.31977196,"max_stake_amount":427.31977196,"amount":4160.044509,"open_date":"2026-02-15 19:45:00+00:00","close_date":"2026-02-16 05:00:00+00:00","open_rate":0.10272,"close_rate":0.10342,"fee_open":0.0015,"fee_close":0.0015,"trade_duration":555,"profit_ratio":0.0037987216908019076,"profit_abs":1.62570379,"exit_reason":"exit_signal","initial_stop_loss_abs":0.09245,"initial_stop_loss_ratio":-0.1,"stop_loss_abs":0.09245,"stop_loss_ratio":-0.1,"min_rate":0.10153,"max_rate":0.10358,"is_open":false,"enter_tag":"","leverage":1.0,"is_short":false,"open_timestamp":1771184700000,"close_timestamp":1771218000000,"orders":[{"amount":4160.044509,"safe_price":0.10272,"ft_order_side":"buy","order_filled_timestamp":1771184700000,"ft_is_entry":true,"ft_order_tag":"","cost":427.96075162242676},{"amount":4160.044509,"safe_price":0.10342,"ft_order_side":"sell","order_filled_timestamp":1771218000000,"ft_is_entry":false,"ft_order_tag":"exit_signal","cost":430.8771508254612}],"funding_fees":0.0,"weekday":0},{"pair":"DOGE/USDT","stake_amount":228.33306418,"max_stake_amount":228.33306418,"amount":2282.874067,"open_date":"2026-02-17 17:45:00+00:00","close_date":"2026-02-17 18:30:00+00:00","open_rate":0.10002,"close_rate":0.1017,"fee_open":0.0015,"fee_close":0.0015,"trade_duration":45,"profit_ratio":0.01375081949314889,"profit_abs":3.1444764,"exit_reason":"exit_signal","initial_stop_loss_abs":0.09002,"initial_stop_loss_ratio":-0.1,"stop_loss_abs":0.09002,"stop_loss_ratio":-0.1,"min_rate":0.09971,"max_rate":0.1024,"is_open":false,"enter_tag":"","leverage":1.0,"is_short":false,"open_timestamp":1771350300000,"close_timestamp":1771353000000,"orders":[{"amount":2282.874067,"safe_price":0.10002,"ft_order_side":"buy","order_filled_timestamp":1771350300000,"ft_is_entry":true,"ft_order_tag":"","cost":228.67556377761204},{"amount":2282.874067,"safe_price":0.1017,"ft_order_side":"sell","order_filled_timestamp":1771353000000,"ft_is_entry":false,"ft_order_tag":"exit_signal","cost":232.51654505282087}],"funding_fees":0.0,"weekday":1}],"locks":[],"best_pair":{"key":"BTC/USDT","trades":4,"profit_mean":-0.0035782581731675046,"profit_mean_pct":-0.36,"profit_total_abs":-2.1246107400000005,"profit_total":-0.0021246107400000004,"profit_total_pct":-0.21,"duration_avg":"7:11:00","wins":2,"draws":0,"losses":2,"winrate":0.5,"cagr":-0.024731235380665795,"expectancy":-0.5311526850000003,"expectancy_ratio":-0.09773195429112391,"sortino":-0.30680717897312515,"sharpe":-0.21850603761890636,"calmar":-12.127190090590611,"sqn":-0.1535,"profit_factor":0.8045360914177521,"max_drawdown_account":0.010797020497137703,"max_drawdown_abs":10.869580760000002},"worst_pair":{"key":"SOL/USDT","trades":21,"profit_mean":-0.006292074394182235,"profit_mean_pct":-0.63,"profit_total_abs":-65.26346101,"profit_total":-0.06526346101,"profit_total_pct":-6.53,"duration_avg":"3:04:00","wins":15,"draws":0,"losses":6,"winrate":0.7142857142857143,"cagr":-0.5482593221560299,"expectancy":-3.1077838576190464,"expectancy_ratio":-0.1587406062587865,"sortino":-2.0350548994896105,"sharpe":-2.673455034259961,"calmar":-48.043591480889035,"sqn":-0.9238,"profit_factor":0.4444078780942471,"max_drawdown_account":0.08371810209,"max_drawdown_abs":83.71810208999997},"results_per_pair":[{"key":"BTC/USDT","trades":4,"profit_mean":-0.0035782581731675046,"profit_mean_pct":-0.36,"profit_total_abs":-2.1246107400000005,"profit_total":-0.0021246107400000004,"profit_total_pct":-0.21,"duration_avg":"7:11:00","wins":2,"draws":0,"losses":2,"winrate":0.5,"cagr":-0.024731235380665795,"expectancy":-0.5311526850000003,"expectancy_ratio":-0.09773195429112391,"sortino":-0.30680717897312515,"sharpe":-0.21850603761890636,"calmar":-12.127190090590611,"sqn":-0.1535,"profit_factor":0.8045360914177521,"max_drawdown_account":0.010797020497137703,"max_drawdown_abs":10.869580760000002},{"key":"ETH/USDT","trades":17,"profit_mean":-0.0006751679137938783,"profit_mean_pct":-0.07,"profit_total_abs":-2.2365587800000073,"profit_total":-0.0022365587800000073,"profit_total_pct":-0.22,"duration_avg":"3:39:00","wins":12,"draws":0,"losses":5,"winrate":0.7058823529411765,"cagr":-0.026018693810457738,"expectancy":-0.13156228117647073,"expectancy_ratio":-0.015790105767379492,"sortino":-0.15140316101099913,"sharpe":-0.1852078899882777,"calmar":-5.299761750007309,"sqn":-0.0707,"profit_factor":0.9463136403909098,"max_drawdown_account":0.026008104923152007,"max_drawdown_abs":26.39781043},{"key":"DOGE/USDT","trades":17,"profit_mean":-0.011056197114903335,"profit_mean_pct":-1.11,"profit_total_abs":-62.33292249,"profit_total":-0.062332922490000005,"profit_total_pct":-6.23,"duration_avg":"2:57:00","wins":13,"draws":0,"losses":4,"winrate":0.7647058823529411,"cagr":-0.5312992980281876,"expectancy":-3.6666424994117657,"expectancy_ratio":-0.15514752483215555,"sortino":-2.8561087940138425,"sharpe":-2.975937272474397,"calmar":-57.247908718833905,"sqn":-1.1362,"profit_factor":0.3406230194633387,"max_drawdown_account":0.06710310268000001,"max_drawdown_abs":67.10310268},{"key":"SOL/USDT","trades":21,"profit_mean":-0.006292074394182235,"profit_mean_pct":-0.63,"profit_total_abs":-65.26346101,"profit_total":-0.06526346101,"profit_total_pct":-6.53,"duration_avg":"3:04:00","wins":15,"draws":0,"losses":6,"winrate":0.7142857142857143,"cagr":-0.5482593221560299,"expectancy":-3.1077838576190464,"expectancy_ratio":-0.1587406062587865,"sortino":-2.0350548994896105,"sharpe":-2.673455034259961,"calmar":-48.043591480889035,"sqn":-0.9238,"profit_factor":0.4444078780942471,"max_drawdown_account":0.08371810209,"max_drawdown_abs":83.71810208999997},{"key":"TOTAL","trades":59,"profit_mean":-0.00586236949929406,"profit_mean_pct":-0.59,"profit_total_abs":-131.95755302,"profit_total":-0.13195755302,"profit_total_pct":-13.2,"duration_avg":"3:29:00","wins":42,"draws":0,"losses":17,"winrate":0.711864406779661,"cagr":-0.8110402099456742,"expectancy":-2.2365686952542383,"expectancy_ratio":-0.1437335345155647,"sortino":-5.0885859944494705,"sharpe":-6.6555939512954785,"calmar":-53.126901647132286,"sqn":-1.394,"profit_factor":0.50116008609304,"max_drawdown_account":0.1530750828836292,"max_drawdown_abs":153.57664981000005}],"results_per_enter_tag":[{"key":"","trades":59,"profit_mean":-0.00586236949929406,"profit_mean_pct":-0.59,"profit_total_abs":-131.95755302,"profit_total":-0.13195755302,"profit_total_pct":-13.2,"duration_avg":"3:29:00","wins":42,"draws":0,"losses":17,"winrate":0.711864406779661,"cagr":-0.8110402099456742,"expectancy":-2.2365686952542383,"expectancy_ratio":-0.1437335345155647,"sortino":-5.0885859944494705,"sharpe":-6.6555939512954785,"calmar":-53.126901647132286,"sqn":-1.394,"profit_factor":0.50116008609304,"max_drawdown_account":0.1530750828836292,"max_drawdown_abs":153.57664981000005},{"key":"TOTAL","trades":59,"profit_mean":-0.00586236949929406,"profit_mean_pct":-0.59,"profit_total_abs":-131.95755302,"profit_total":-0.13195755302,"profit_total_pct":-13.2,"duration_avg":"3:29:00","wins":42,"draws":0,"losses":17,"winrate":0.711864406779661,"cagr":-0.8110402099456742,"expectancy":-2.2365686952542383,"expectancy_ratio":-0.1437335345155647,"sortino":-5.0885859944494705,"sharpe":-6.6555939512954785,"calmar":-53.126901647132286,"sqn":-1.394,"profit_factor":0.50116008609304,"max_drawdown_account":0.1530750828836292,"max_drawdown_abs":153.57664981000005}],"exit_reason_summary":[{"key":"exit_signal","trades":49,"profit_mean":0.00577472753459921,"profit_mean_pct":0.58,"profit_total_abs":75.67733131,"profit_total":0.07567733131,"profit_total_pct":7.57,"duration_avg":"3:15:00","wins":39,"draws":0,"losses":10,"winrate":0.7959183673469388,"cagr":1.3606423479083554,"expectancy":1.5444353328571427,"expectancy_ratio":0.47107682751373425,"sortino":17.766113701141514,"sharpe":14.571880292758141,"calmar":333.57953060492264,"sqn":3.3431,"profit_factor":3.3082764548172974,"max_drawdown_account":0.013981415872276623,"max_drawdown_abs":14.591550930000004},{"key":"roi","trades":3,"profit_mean":0.029955067394915557,"profit_mean_pct":3.0,"profit_total_abs":24.108762910000003,"profit_total":0.02410876291,"profit_total_pct":2.41,"duration_avg":"1:45:00","wins":3,"draws":0,"losses":0,"winrate":1.0,"cagr":0.32378292463926317,"expectancy":8.036254303333335,"expectancy_ratio":100.0,"sortino":-100,"sharpe":8.344215942771246,"calmar":-100,"sqn":6.3826,"profit_factor":0.0,"max_drawdown_account":0.0,"max_drawdown_abs":0.0},{"key":"stop_loss","trades":7,"profit_mean":-0.10267237883406535,"profit_mean_pct":-10.27,"profit_total_abs":-231.74364723999997,"profit_total":-0.23174364723999996,"profit_total_pct":-23.17,"duration_avg":"5:47:00","wins":0,"draws":0,"losses":7,"winrate":0.0,"cagr":-0.9551329651003746,"expectancy":-33.106235319999996,"expectancy_ratio":-1.0,"sortino":-15.30357951580326,"sharpe":-15.30357951580326,"calmar":-61.628945724331615,"sqn":-8.6893,"profit_factor":0.0,"max_drawdown_account":0.23174364723999996,"max_drawdown_abs":231.74364723999997},{"key":"TOTAL","trades":59,"profit_mean":-0.00586236949929406,"profit_mean_pct":-0.59,"profit_total_abs":-131.95755302,"profit_total":-0.13195755302,"profit_total_pct":-13.2,"duration_avg":"3:29:00","wins":42,"draws":0,"losses":17,"winrate":0.711864406779661,"cagr":-0.8110402099456742,"expectancy":-2.2365686952542383,"expectancy_ratio":-0.1437335345155647,"sortino":-5.0885859944494705,"sharpe":-6.6555939512954785,"calmar":-53.126901647132286,"sqn":-1.394,"profit_factor":0.50116008609304,"max_drawdown_account":0.1530750828836292,"max_drawdown_abs":153.57664981000005}],"mix_tag_stats":[{"key":["","exit_signal"],"trades":49,"profit_mean":0.00577472753459921,"profit_mean_pct":0.58,"profit_total_abs":75.67733131,"profit_total":0.07567733131,"profit_total_pct":7.57,"duration_avg":"3:15:00","wins":39,"draws":0,"losses":10,"winrate":0.7959183673469388,"cagr":1.3606423479083554,"expectancy":1.5444353328571427,"expectancy_ratio":0.47107682751373425,"sortino":17.766113701141514,"sharpe":14.571880292758141,"calmar":333.57953060492264,"sqn":3.3431,"profit_factor":3.3082764548172974,"max_drawdown_account":0.013981415872276623,"max_drawdown_abs":14.591550930000004},{"key":["","roi"],"trades":3,"profit_mean":0.029955067394915557,"profit_mean_pct":3.0,"profit_total_abs":24.108762910000003,"profit_total":0.02410876291,"profit_total_pct":2.41,"duration_avg":"1:45:00","wins":3,"draws":0,"losses":0,"winrate":1.0,"cagr":0.32378292463926317,"expectancy":8.036254303333335,"expectancy_ratio":100.0,"sortino":-100,"sharpe":8.344215942771246,"calmar":-100,"sqn":6.3826,"profit_factor":0.0,"max_drawdown_account":0.0,"max_drawdown_abs":0.0},{"key":["","stop_loss"],"trades":7,"profit_mean":-0.10267237883406535,"profit_mean_pct":-10.27,"profit_total_abs":-231.74364723999997,"profit_total":-0.23174364723999996,"profit_total_pct":-23.17,"duration_avg":"5:47:00","wins":0,"draws":0,"losses":7,"winrate":0.0,"cagr":-0.9551329651003746,"expectancy":-33.106235319999996,"expectancy_ratio":-1.0,"sortino":-15.30357951580326,"sharpe":-15.30357951580326,"calmar":-61.628945724331615,"sqn":-8.6893,"profit_factor":0.0,"max_drawdown_account":0.23174364723999996,"max_drawdown_abs":231.74364723999997},{"key":"TOTAL","trades":59,"profit_mean":-0.00586236949929406,"profit_mean_pct":-0.59,"profit_total_abs":-131.95755302,"profit_total":-0.13195755302,"profit_total_pct":-13.2,"duration_avg":"3:29:00","wins":42,"draws":0,"losses":17,"winrate":0.711864406779661,"cagr":-0.8110402099456742,"expectancy":-2.2365686952542383,"expectancy_ratio":-0.1437335345155647,"sortino":-5.0885859944494705,"sharpe":-6.6555939512954785,"calmar":-53.126901647132286,"sqn":-1.394,"profit_factor":0.50116008609304,"max_drawdown_account":0.1530750828836292,"max_drawdown_abs":153.57664981000005}],"left_open_trades":[{"key":"TOTAL","trades":0,"profit_mean":0.0,"profit_mean_pct":0.0,"profit_total_abs":0.0,"profit_total":0.0,"profit_total_pct":0.0,"duration_avg":"0:00","wins":0,"draws":0,"losses":0,"winrate":0.0,"cagr":0.0,"expectancy":0.0,"expectancy_ratio":100.0,"sortino":0,"sharpe":0,"calmar":0,"sqn":0.0,"profit_factor":0.0,"max_drawdown_account":0.0,"max_drawdown_abs":0.0}],"total_trades":59,"trade_count_long":59,"trade_count_short":0,"total_volume":33213.139494795956,"avg_stake_amount":281.74243105559316,"profit_mean":-0.00586236949929406,"profit_median":0.0077261153966852545,"profit_total":-0.13195755302,"profit_total_long":-0.13195755302,"profit_total_short":0.0,"profit_total_abs":-131.95755302,"profit_total_long_abs":-131.95755302,"profit_total_short_abs":0.0,"cagr":-0.8110402099456745,"expectancy":-2.2365686952542383,"expectancy_ratio":-0.1437335345155647,"sortino":-5.0885859944494705,"sharpe":-6.6555939512954785,"calmar":-53.126901647132286,"sqn":-1.394,"profit_factor":0.50116008609304,"backtest_start":"2026-01-20 00:00:00","backtest_start_ts":1768867200000,"backtest_end":"2026-02-20 00:00:00","backtest_end_ts":1771545600000,"backtest_days":31,"backtest_run_start_ts":1771559566,"backtest_run_end_ts":1771559566,"trades_per_day":1.9,"market_change":-0.3195652300127002,"pairlist":["BTC/USDT","ETH/USDT","SOL/USDT","DOGE/USDT"],"stake_amount":"unlimited","stake_currency":"USDT","stake_currency_decimals":3,"starting_balance":1000,"dry_run_wallet":1000,"final_balance":868.0424469799999,"rejected_signals":76,"timedout_entry_orders":0,"timedout_exit_orders":0,"canceled_trade_entries":0,"canceled_entry_orders":0,"replaced_entry_orders":0,"max_open_trades":3,"max_open_trades_setting":3,"timeframe":"15m","timeframe_detail":"","timerange":"20260120-20260220","enable_protections":false,"strategy_name":"GridStrategy","freqaimodel":null,"freqai_identifier":null,"stoploss":-0.1,"trailing_stop":false,"trailing_stop_positive":null,"trailing_stop_positive_offset":0.0,"trailing_only_offset_is_reached":false,"use_custom_stoploss":false,"minimal_roi":{"0":0.03},"use_exit_signal":true,"exit_profit_only":false,"exit_profit_offset":0.0,"ignore_roi_if_entry_signal":false,"trading_mode":"spot","margin_mode":"","periodic_breakdown":{"day":[{"date":"31/01/2026","date_ts":1769817600000,"profit_abs":-69.73929035,"wins":4,"draws":0,"losses":2,"trades":6,"profit_factor":0.24125229},{"date":"01/02/2026","date_ts":1769904000000,"profit_abs":21.41413394,"wins":5,"draws":0,"losses":0,"trades":5,"profit_factor":0.0},{"date":"02/02/2026","date_ts":1769990400000,"profit_abs":-0.00555997,"wins":4,"draws":0,"losses":3,"trades":7,"profit_factor":0.99947597},{"date":"03/02/2026","date_ts":1770076800000,"profit_abs":0.8689189,"wins":2,"draws":0,"losses":1,"trades":3,"profit_factor":1.21824218},{"date":"04/02/2026","date_ts":1770163200000,"profit_abs":9.20582022,"wins":4,"draws":0,"losses":2,"trades":6,"profit_factor":2.9811161},{"date":"05/02/2026","date_ts":1770249600000,"profit_abs":-65.85315313,"wins":9,"draws":0,"losses":5,"trades":14,"profit_factor":0.19843924},{"date":"06/02/2026","date_ts":1770336000000,"profit_abs":-20.16466931,"wins":7,"draws":0,"losses":2,"trades":9,"profit_factor":0.56344942},{"date":"07/02/2026","date_ts":1770422400000,"profit_abs":1.42111495,"wins":1,"draws":0,"losses":1,"trades":2,"profit_factor":2.51543513},{"date":"08/02/2026","date_ts":1770508800000,"profit_abs":0.0,"wins":0,"draws":0,"losses":0,"trades":0,"profit_factor":0.0},{"date":"09/02/2026","date_ts":1770595200000,"profit_abs":0.0,"wins":0,"draws":0,"losses":0,"trades":0,"profit_factor":0.0},{"date":"10/02/2026","date_ts":1770681600000,"profit_abs":0.0,"wins":0,"draws":0,"losses":0,"trades":0,"profit_factor":0.0},{"date":"11/02/2026","date_ts":1770768000000,"profit_abs":9.90061316,"wins":3,"draws":0,"losses":0,"trades":3,"profit_factor":0.0},{"date":"12/02/2026","date_ts":1770854400000,"profit_abs":0.31635485,"wins":1,"draws":0,"losses":0,"trades":1,"profit_factor":0.0},{"date":"13/02/2026","date_ts":1770940800000,"profit_abs":0.0,"wins":0,"draws":0,"losses":0,"trades":0,"profit_factor":0.0},{"date":"14/02/2026","date_ts":1771027200000,"profit_abs":0.0,"wins":0,"draws":0,"losses":0,"trades":0,"profit_factor":0.0},{"date":"15/02/2026","date_ts":1771113600000,"profit_abs":-24.09201647,"wins":0,"draws":0,"losses":1,"trades":1,"profit_factor":0.0},{"date":"16/02/2026","date_ts":1771200000000,"profit_abs":1.62570379,"wins":1,"draws":0,"losses":0,"trades":1,"profit_factor":0.0},{"date":"17/02/2026","date_ts":1771286400000,"profit_abs":3.1444764,"wins":1,"draws":0,"losses":0,"trades":1,"profit_factor":0.0}],"week":[{"date":"02/02/2026","date_ts":1769990400000,"profit_abs":-48.33071638,"wins":13,"draws":0,"losses":5,"trades":18,"profit_factor":0.5285902},{"date":"09/02/2026","date_ts":1770595200000,"profit_abs":-74.52196837,"wins":23,"draws":0,"losses":11,"trades":34,"profit_factor":0.45964531},{"date":"16/02/2026","date_ts":1771200000000,"profit_abs":-12.24934467,"wins":5,"draws":0,"losses":1,"trades":6,"profit_factor":0.49156001},{"date":"23/02/2026","date_ts":1771804800000,"profit_abs":3.1444764,"wins":1,"draws":0,"losses":0,"trades":1,"profit_factor":0.0}],"month":[{"date":"31/01/2026","date_ts":1769817600000,"profit_abs":-69.73929035,"wins":4,"draws":0,"losses":2,"trades":6,"profit_factor":0.24125229},{"date":"28/02/2026","date_ts":1772236800000,"profit_abs":-62.21826267,"wins":38,"draws":0,"losses":15,"trades":53,"profit_factor":0.6395551}],"year":[{"date":"31/12/2026","date_ts":1798675200000,"profit_abs":-131.95755302,"wins":42,"draws":0,"losses":17,"trades":59,"profit_factor":0.50116009}],"weekday":[{"date":"Monday","date_ts":0,"profit_abs":1.62014382,"wins":5,"draws":0,"losses":3,"trades":8,"profit_factor":1.15269815},{"date":"Tuesday","date_ts":1,"profit_abs":4.0133953,"wins":3,"draws":0,"losses":1,"trades":4,"profit_factor":2.00802521},{"date":"Wednesday","date_ts":2,"profit_abs":19.10643338,"wins":7,"draws":0,"losses":2,"trades":9,"profit_factor":5.11175342},{"date":"Thursday","date_ts":3,"profit_abs":-65.53679828,"wins":10,"draws":0,"losses":5,"trades":15,"profit_factor":0.20228989},{"date":"Friday","date_ts":4,"profit_abs":-20.16466931,"wins":7,"draws":0,"losses":2,"trades":9,"profit_factor":0.56344942},{"date":"Saturday","date_ts":5,"profit_abs":-68.3181754,"wins":5,"draws":0,"losses":3,"trades":8,"profit_factor":0.26422058},{"date":"Sunday","date_ts":6,"profit_abs":-2.67788253,"wins":5,"draws":0,"losses":1,"trades":6,"profit_factor":0.88884772}]},"backtest_best_day":0.06803816153944255,"backtest_worst_day":-0.26703473759314206,"backtest_best_day_abs":21.41413394,"backtest_worst_day_abs":-69.73929035,"winning_days":8,"draw_days":5,"losing_days":5,"daily_profit":[["2026-01-31",-69.73929035],["2026-02-01",21.41413394],["2026-02-02",-0.00555997],["2026-02-03",0.8689189],["2026-02-04",9.20582022],["2026-02-05",-65.85315313],["2026-02-06",-20.16466931],["2026-02-07",1.42111495],["2026-02-08",0.0],["2026-02-09",0.0],["2026-02-10",0.0],["2026-02-11",9.90061316],["2026-02-12",0.31635485],["2026-02-13",0.0],["2026-02-14",0.0],["2026-02-15",-24.09201647],["2026-02-16",1.62570379],["2026-02-17",3.1444764]],"wins":42,"losses":17,"draws":0,"winrate":0.711864406779661,"holding_avg":"3:29:00","holding_avg_s":12540.0,"winner_holding_min":"0d 00:15","winner_holding_min_s":900.0,"winner_holding_max":"0d 09:15","winner_holding_max_s":33300.0,"winner_holding_avg":"0d 02:33","winner_holding_avg_s":9180.0,"loser_holding_min":"0d 02:00","loser_holding_min_s":7200.0,"loser_holding_max":"0d 15:45","loser_holding_max_s":56700.0,"loser_holding_avg":"0d 05:47","loser_holding_avg_s":20820.0,"max_consecutive_wins":12,"max_consecutive_losses":5,"max_drawdown_account":0.1530750828836292,"max_relative_drawdown":0.1530750828836292,"max_drawdown_abs":153.57664981000005,"drawdown_start":"2026-01-31 00:45:00","drawdown_start_ts":1769820300000.0,"drawdown_end":"2026-02-06 01:15:00","drawdown_end_ts":1770340500000.0,"drawdown_duration":"6 days 00:30:00","drawdown_duration_s":520200.0,"max_drawdown_low":-150.30004256000004,"max_drawdown_high":3.27660725,"csum_min":849.6999574399999,"csum_max":1003.27660725}},"strategy_comparison":[{"key":"GridStrategy","trades":59,"profit_mean":-0.00586236949929406,"profit_mean_pct":-0.59,"profit_total_abs":-131.95755302,"profit_total":-0.13195755302,"profit_total_pct":-13.2,"duration_avg":"3:29:00","wins":42,"draws":0,"losses":17,"winrate":0.711864406779661,"cagr":-0.8110402099456742,"expectancy":-2.2365686952542383,"expectancy_ratio":-0.1437335345155647,"sortino":-5.0885859944494705,"sharpe":-6.6555939512954785,"calmar":-53.126901647132286,"sqn":-1.394,"profit_factor":0.50116008609304,"max_drawdown_account":0.1530750828836292,"max_drawdown_abs":"153.577"}]}