{"strategy":{"SupertrendFuturesStrategyV4":{"trades":[{"pair":"SOL/USDT:USDT","stake_amount":399.89315,"max_stake_amount":399.89315,"amount":4.79,"open_date":"2025-11-10 02:00:00+00:00","close_date":"2025-11-10 09:00:00+00:00","open_rate":166.97,"close_rate":168.8075887943972,"fee_open":0.0005,"fee_close":0.0005,"trade_duration":420,"profit_ratio":0.019990004997501247,"profit_abs":7.997863,"exit_reason":"roi","initial_stop_loss_abs":164.46545,"initial_stop_loss_ratio":-0.03,"stop_loss_abs":168.04260000000002,"stop_loss_ratio":-0.02,"min_rate":166.04,"max_rate":169.74,"is_open":false,"enter_tag":"","leverage":2,"is_short":false,"open_timestamp":1762740000000,"close_timestamp":1762765200000,"orders":[{"amount":4.79,"safe_price":166.97,"ft_order_side":"buy","order_filled_timestamp":1762740000000,"ft_is_entry":true,"ft_order_tag":"","cost":800.1861931499999},{"amount":4.79,"safe_price":168.8075887943972,"ft_order_side":"sell","order_filled_timestamp":1762765200000,"ft_is_entry":false,"ft_order_tag":"roi","cost":808.9926445003251}],"funding_fees":0.0,"weekday":0},{"pair":"SOL/USDT:USDT","stake_amount":399.7604,"max_stake_amount":399.7604,"amount":4.72,"open_date":"2025-11-10 10:00:00+00:00","close_date":"2025-11-10 12:00:00+00:00","open_rate":169.39,"close_rate":166.84914999999998,"fee_open":0.0005,"fee_close":0.0005,"trade_duration":120,"profit_ratio":-0.03196901548225288,"profit_abs":-12.78633639,"exit_reason":"stop_loss","initial_stop_loss_abs":166.84914999999998,"initial_stop_loss_ratio":-0.03,"stop_loss_abs":166.84914999999998,"stop_loss_ratio":-0.03,"min_rate":166.8,"max_rate":169.56,"is_open":false,"enter_tag":"","leverage":2,"is_short":false,"open_timestamp":1762768800000,"close_timestamp":1762776000000,"orders":[{"amount":4.72,"safe_price":169.39,"ft_order_side":"buy","order_filled_timestamp":1762768800000,"ft_is_entry":true,"ft_order_tag":"","cost":799.9205603999999},{"amount":4.72,"safe_price":166.84914999999998,"ft_order_side":"sell","order_filled_timestamp":1762776000000,"ft_is_entry":false,"ft_order_tag":"stop_loss","cost":787.9217519939998}],"funding_fees":0.0,"weekday":0},{"pair":"BTC/USDT:USDT","stake_amount":399.380625,"max_stake_amount":399.380625,"amount":0.0075,"open_date":"2025-11-10 14:00:00+00:00","close_date":"2025-11-10 14:00:00+00:00","open_rate":106501.5,"close_rate":104903.9775,"fee_open":0.0005,"fee_close":0.0005,"trade_duration":0,"profit_ratio":-0.031969015490689735,"profit_abs":-12.77418929,"exit_reason":"stop_loss","initial_stop_loss_abs":104903.9775,"initial_stop_loss_ratio":-0.03,"stop_loss_abs":104903.9775,"stop_loss_ratio":-0.03,"min_rate":104650.0,"max_rate":106501.5,"is_open":false,"enter_tag":"","leverage":2,"is_short":false,"open_timestamp":1762783200000,"close_timestamp":1762783200000,"orders":[{"amount":0.0075,"safe_price":106501.5,"ft_order_side":"buy","order_filled_timestamp":1762783200000,"ft_is_entry":true,"ft_order_tag":"","cost":799.160630625},{"amount":0.0075,"safe_price":104903.9775,"ft_order_side":"sell","order_filled_timestamp":1762783200000,"ft_is_entry":false,"ft_order_tag":"stop_loss","cost":787.1732211656249}],"funding_fees":0.0,"weekday":0},{"pair":"SOL/USDT:USDT","stake_amount":399.4551,"max_stake_amount":399.4551,"amount":4.71,"open_date":"2025-11-10 14:00:00+00:00","close_date":"2025-11-10 14:00:00+00:00","open_rate":169.62,"close_rate":167.0757,"fee_open":0.0005,"fee_close":0.0005,"trade_duration":0,"profit_ratio":-0.031969015483496316,"profit_abs":-12.77657137,"exit_reason":"stop_loss","initial_stop_loss_abs":167.0757,"initial_stop_loss_ratio":-0.03,"stop_loss_abs":167.0757,"stop_loss_ratio":-0.03,"min_rate":165.2,"max_rate":169.65,"is_open":false,"enter_tag":"","leverage":2,"is_short":false,"open_timestamp":1762783200000,"close_timestamp":1762783200000,"orders":[{"amount":4.71,"safe_price":169.62,"ft_order_side":"buy","order_filled_timestamp":1762783200000,"ft_is_entry":true,"ft_order_tag":"","cost":799.3096551},{"amount":4.71,"safe_price":167.0757,"ft_order_side":"sell","order_filled_timestamp":1762783200000,"ft_is_entry":false,"ft_order_tag":"stop_loss","cost":787.3200102735}],"funding_fees":0.0,"weekday":0},{"pair":"BTC/USDT:USDT","stake_amount":399.13262,"max_stake_amount":399.13262,"amount":0.0076,"open_date":"2025-11-10 16:00:00+00:00","close_date":"2025-11-10 23:00:00+00:00","open_rate":105034.9,"close_rate":106190.86188094046,"fee_open":0.0005,"fee_close":0.0005,"trade_duration":420,"profit_ratio":0.01999000499750125,"profit_abs":7.9826524,"exit_reason":"roi","initial_stop_loss_abs":103459.3765,"initial_stop_loss_ratio":-0.03,"stop_loss_abs":103459.3765,"stop_loss_ratio":-0.03,"min_rate":104747.5,"max_rate":106251.9,"is_open":false,"enter_tag":"","leverage":2,"is_short":false,"open_timestamp":1762790400000,"close_timestamp":1762815600000,"orders":[{"amount":0.0076,"safe_price":105034.9,"ft_order_side":"buy","order_filled_timestamp":1762790400000,"ft_is_entry":true,"ft_order_tag":"","cost":798.6643726199999},{"amount":0.0076,"safe_price":106190.86188094046,"ft_order_side":"sell","order_filled_timestamp":1762815600000,"ft_is_entry":false,"ft_order_tag":"roi","cost":807.454075570295}],"funding_fees":0.0,"weekday":0},{"pair":"BTC/USDT:USDT","stake_amount":398.80772,"max_stake_amount":398.80772,"amount":0.0076,"open_date":"2025-11-12 13:00:00+00:00","close_date":"2025-11-12 15:00:00+00:00","open_rate":104949.4,"close_rate":103375.159,"fee_open":0.0005,"fee_close":0.0005,"trade_duration":120,"profit_ratio":-0.03196901548172775,"profit_abs":-12.75586492,"exit_reason":"stop_loss","initial_stop_loss_abs":103375.159,"initial_stop_loss_ratio":-0.03,"stop_loss_abs":103375.159,"stop_loss_ratio":-0.03,"min_rate":101902.5,"max_rate":105146.9,"is_open":false,"enter_tag":"","leverage":2,"is_short":false,"open_timestamp":1762952400000,"close_timestamp":1762959600000,"orders":[{"amount":0.0076,"safe_price":104949.4,"ft_order_side":"buy","order_filled_timestamp":1762952400000,"ft_is_entry":true,"ft_order_tag":"","cost":798.0142477199998},{"amount":0.0076,"safe_price":103375.159,"ft_order_side":"sell","order_filled_timestamp":1762959600000,"ft_is_entry":false,"ft_order_tag":"stop_loss","cost":786.0440340042}],"funding_fees":0.0,"weekday":2},{"pair":"BTC/USDT:USDT","stake_amount":399.586,"max_stake_amount":399.586,"amount":0.0088,"open_date":"2025-11-27 14:00:00+00:00","close_date":"2025-11-28 09:00:00+00:00","open_rate":90815.0,"close_rate":91814.46473236618,"fee_open":0.0005,"fee_close":0.0005,"trade_duration":1140,"profit_ratio":0.019990004997501247,"profit_abs":7.99172,"exit_reason":"roi","initial_stop_loss_abs":89452.775,"initial_stop_loss_ratio":-0.03,"stop_loss_abs":89452.775,"stop_loss_ratio":-0.03,"min_rate":90534.7,"max_rate":91830.8,"is_open":false,"enter_tag":"","leverage":2,"is_short":false,"open_timestamp":1764252000000,"close_timestamp":1764320400000,"orders":[{"amount":0.0088,"safe_price":90815.0,"ft_order_side":"buy","order_filled_timestamp":1764252000000,"ft_is_entry":true,"ft_order_tag":"","cost":799.571586},{"amount":0.0088,"safe_price":91814.46473236618,"ft_order_side":"sell","order_filled_timestamp":1764320400000,"ft_is_entry":false,"ft_order_tag":"roi","cost":808.3712732896447}],"funding_fees":0.0,"weekday":4},{"pair":"ETH/USDT:USDT","stake_amount":399.1659,"max_stake_amount":399.1659,"amount":0.268,"open_date":"2025-12-02 21:00:00+00:00","close_date":"2025-12-03 01:00:00+00:00","open_rate":2978.85,"close_rate":3026.53544272136,"fee_open":0.0005,"fee_close":0.0005,"trade_duration":240,"profit_ratio":0.029985007496251877,"profit_abs":11.974977,"exit_reason":"roi","initial_stop_loss_abs":2934.16725,"initial_stop_loss_ratio":-0.03,"stop_loss_abs":2996.4527999999996,"stop_loss_ratio":-0.02,"min_rate":2976.3,"max_rate":3026.72,"is_open":false,"enter_tag":"","leverage":2,"is_short":false,"open_timestamp":1764709200000,"close_timestamp":1764723600000,"orders":[{"amount":0.268,"safe_price":2978.85,"ft_order_side":"buy","order_filled_timestamp":1764709200000,"ft_is_entry":true,"ft_order_tag":"","cost":798.7309659},{"amount":0.268,"safe_price":3026.53544272136,"ft_order_side":"sell","order_filled_timestamp":1764723600000,"ft_is_entry":false,"ft_order_tag":"roi","cost":811.5170543986492}],"funding_fees":0.0,"weekday":2},{"pair":"ETH/USDT:USDT","stake_amount":399.7643,"max_stake_amount":399.7643,"amount":0.26,"open_date":"2025-12-03 15:00:00+00:00","close_date":"2025-12-03 17:00:00+00:00","open_rate":3075.11,"close_rate":3101.3433,"fee_open":0.0005,"fee_close":0.0005,"trade_duration":120,"profit_ratio":0.015045644931633287,"profit_abs":6.01771907,"exit_reason":"trailing_stop_loss","initial_stop_loss_abs":3028.98335,"initial_stop_loss_ratio":-0.03,"stop_loss_abs":3101.3433,"stop_loss_ratio":-0.02,"min_rate":3054.0,"max_rate":3132.67,"is_open":false,"enter_tag":"","leverage":2,"is_short":false,"open_timestamp":1764774000000,"close_timestamp":1764781200000,"orders":[{"amount":0.26,"safe_price":3075.11,"ft_order_side":"buy","order_filled_timestamp":1764774000000,"ft_is_entry":true,"ft_order_tag":"","cost":799.9283643},{"amount":0.26,"safe_price":3101.3433,"ft_order_side":"sell","order_filled_timestamp":1764781200000,"ft_is_entry":false,"ft_order_tag":"trailing_stop_loss","cost":806.752432629}],"funding_fees":0.0,"weekday":2},{"pair":"ETH/USDT:USDT","stake_amount":399.3255,"max_stake_amount":399.3255,"amount":0.252,"open_date":"2025-12-04 14:00:00+00:00","close_date":"2025-12-04 15:00:00+00:00","open_rate":3169.25,"close_rate":3191.1462,"fee_open":0.0005,"fee_close":0.0005,"trade_duration":60,"profit_ratio":0.011805094947051618,"profit_abs":4.71643248,"exit_reason":"trailing_stop_loss","initial_stop_loss_abs":3121.71125,"initial_stop_loss_ratio":-0.03,"stop_loss_abs":3191.1462,"stop_loss_ratio":-0.02,"min_rate":3137.53,"max_rate":3223.38,"is_open":false,"enter_tag":"","leverage":2,"is_short":false,"open_timestamp":1764856800000,"close_timestamp":1764860400000,"orders":[{"amount":0.252,"safe_price":3169.25,"ft_order_side":"buy","order_filled_timestamp":1764856800000,"ft_is_entry":true,"ft_order_tag":"","cost":799.0503254999999},{"amount":0.252,"safe_price":3191.1462,"ft_order_side":"sell","order_filled_timestamp":1764860400000,"ft_is_entry":false,"ft_order_tag":"trailing_stop_loss","cost":804.5709268211999}],"funding_fees":0.0,"weekday":3},{"pair":"ETH/USDT:USDT","stake_amount":399.16194,"max_stake_amount":399.16194,"amount":0.249,"open_date":"2025-12-04 16:00:00+00:00","close_date":"2025-12-04 17:00:00+00:00","open_rate":3206.12,"close_rate":3158.0281999999997,"fee_open":0.0005,"fee_close":0.0005,"trade_duration":60,"profit_ratio":-0.03196901549000027,"profit_abs":-12.76719465,"exit_reason":"stop_loss","initial_stop_loss_abs":3158.0281999999997,"initial_stop_loss_ratio":-0.03,"stop_loss_abs":3158.0281999999997,"stop_loss_ratio":-0.03,"min_rate":3133.39,"max_rate":3224.0,"is_open":false,"enter_tag":"","leverage":2,"is_short":false,"open_timestamp":1764864000000,"close_timestamp":1764867600000,"orders":[{"amount":0.249,"safe_price":3206.12,"ft_order_side":"buy","order_filled_timestamp":1764864000000,"ft_is_entry":true,"ft_order_tag":"","cost":798.7230419399999},{"amount":0.249,"safe_price":3158.0281999999997,"ft_order_side":"sell","order_filled_timestamp":1764867600000,"ft_is_entry":false,"ft_order_tag":"stop_loss","cost":786.7421963108999}],"funding_fees":0.0,"weekday":3},{"pair":"ETH/USDT:USDT","stake_amount":399.640065,"max_stake_amount":399.640065,"amount":0.253,"open_date":"2025-12-04 18:00:00+00:00","close_date":"2025-12-04 19:00:00+00:00","open_rate":3159.21,"close_rate":3111.82185,"fee_open":0.0005,"fee_close":0.0005,"trade_duration":60,"profit_ratio":-0.03196901549469235,"profit_abs":-12.78248748,"exit_reason":"stop_loss","initial_stop_loss_abs":3111.82185,"initial_stop_loss_ratio":-0.03,"stop_loss_abs":3111.82185,"stop_loss_ratio":-0.03,"min_rate":3065.0,"max_rate":3164.97,"is_open":false,"enter_tag":"","leverage":2,"is_short":false,"open_timestamp":1764871200000,"close_timestamp":1764874800000,"orders":[{"amount":0.253,"safe_price":3159.21,"ft_order_side":"buy","order_filled_timestamp":1764871200000,"ft_is_entry":true,"ft_order_tag":"","cost":799.679770065},{"amount":0.253,"safe_price":3111.82185,"ft_order_side":"sell","order_filled_timestamp":1764874800000,"ft_is_entry":false,"ft_order_tag":"stop_loss","cost":787.6845735140249}],"funding_fees":0.0,"weekday":3},{"pair":"ETH/USDT:USDT","stake_amount":398.60716,"max_stake_amount":398.60716,"amount":0.238,"open_date":"2025-12-10 17:00:00+00:00","close_date":"2025-12-10 18:00:00+00:00","open_rate":3349.64,"close_rate":3393.9774,"fee_open":0.0005,"fee_close":0.0005,"trade_duration":60,"profit_ratio":0.02444747420209302,"profit_abs":9.74981073,"exit_reason":"trailing_stop_loss","initial_stop_loss_abs":3299.3954,"initial_stop_loss_ratio":-0.03,"stop_loss_abs":3393.9774,"stop_loss_ratio":-0.02,"min_rate":3344.63,"max_rate":3428.26,"is_open":false,"enter_tag":"","leverage":2,"is_short":false,"open_timestamp":1765386000000,"close_timestamp":1765389600000,"orders":[{"amount":0.238,"safe_price":3349.64,"ft_order_side":"buy","order_filled_timestamp":1765386000000,"ft_is_entry":true,"ft_order_tag":"","cost":797.6129271599999},{"amount":0.238,"safe_price":3393.9774,"ft_order_side":"sell","order_filled_timestamp":1765389600000,"ft_is_entry":false,"ft_order_tag":"trailing_stop_loss","cost":808.1705045106}],"funding_fees":0.0,"weekday":2},{"pair":"ETH/USDT:USDT","stake_amount":398.7987,"max_stake_amount":398.7987,"amount":0.236,"open_date":"2025-12-10 19:00:00+00:00","close_date":"2025-12-10 20:00:00+00:00","open_rate":3379.65,"close_rate":3400.3727999999996,"fee_open":0.0005,"fee_close":0.0005,"trade_duration":60,"profit_ratio":0.01025202404889601,"profit_abs":4.09053811,"exit_reason":"trailing_stop_loss","initial_stop_loss_abs":3328.95525,"initial_stop_loss_ratio":-0.03,"stop_loss_abs":3400.3727999999996,"stop_loss_ratio":-0.02,"min_rate":3343.0,"max_rate":3446.0,"is_open":false,"enter_tag":"","leverage":2,"is_short":false,"open_timestamp":1765393200000,"close_timestamp":1765396800000,"orders":[{"amount":0.236,"safe_price":3379.65,"ft_order_side":"buy","order_filled_timestamp":1765393200000,"ft_is_entry":true,"ft_order_tag":"","cost":797.9961986999999},{"amount":0.236,"safe_price":3400.3727999999996,"ft_order_side":"sell","order_filled_timestamp":1765396800000,"ft_is_entry":false,"ft_order_tag":"trailing_stop_loss","cost":802.8892247903998}],"funding_fees":0.0,"weekday":2},{"pair":"ETH/USDT:USDT","stake_amount":399.14504,"max_stake_amount":399.14504,"amount":0.238,"open_date":"2025-12-10 21:00:00+00:00","close_date":"2025-12-11 00:00:00+00:00","open_rate":3354.16,"close_rate":3303.8475999999996,"fee_open":0.0005,"fee_close":0.0005,"trade_duration":180,"profit_ratio":-0.03196901548123582,"profit_abs":-12.7666541,"exit_reason":"stop_loss","initial_stop_loss_abs":3303.8475999999996,"initial_stop_loss_ratio":-0.03,"stop_loss_abs":3303.8475999999996,"stop_loss_ratio":-0.03,"min_rate":3256.71,"max_rate":3367.94,"is_open":false,"enter_tag":"","leverage":2,"is_short":false,"open_timestamp":1765400400000,"close_timestamp":1765411200000,"orders":[{"amount":0.238,"safe_price":3354.16,"ft_order_side":"buy","order_filled_timestamp":1765400400000,"ft_is_entry":true,"ft_order_tag":"","cost":798.6892250399999},{"amount":0.238,"safe_price":3303.8475999999996,"ft_order_side":"sell","order_filled_timestamp":1765411200000,"ft_is_entry":false,"ft_order_tag":"stop_loss","cost":786.7088866643999}],"funding_fees":0.0,"weekday":3},{"pair":"SOL/USDT:USDT","stake_amount":399.88375,"max_stake_amount":399.88375,"amount":5.75,"open_date":"2025-12-12 07:00:00+00:00","close_date":"2025-12-12 15:00:00+00:00","open_rate":139.09,"close_rate":137.00365,"fee_open":0.0005,"fee_close":0.0005,"trade_duration":480,"profit_ratio":-0.03196901548288083,"profit_abs":-12.79028174,"exit_reason":"stop_loss","initial_stop_loss_abs":137.00365,"initial_stop_loss_ratio":-0.03,"stop_loss_abs":137.00365,"stop_loss_ratio":-0.03,"min_rate":132.71,"max_rate":139.82,"is_open":false,"enter_tag":"","leverage":2,"is_short":false,"open_timestamp":1765522800000,"close_timestamp":1765551600000,"orders":[{"amount":5.75,"safe_price":139.09,"ft_order_side":"buy","order_filled_timestamp":1765522800000,"ft_is_entry":true,"ft_order_tag":"","cost":800.16738375},{"amount":5.75,"safe_price":137.00365,"ft_order_side":"sell","order_filled_timestamp":1765551600000,"ft_is_entry":false,"ft_order_tag":"stop_loss","cost":788.1648729937499}],"funding_fees":0.0,"weekday":4},{"pair":"ETH/USDT:USDT","stake_amount":399.95125,"max_stake_amount":399.95125,"amount":0.265,"open_date":"2025-12-29 08:00:00+00:00","close_date":"2025-12-29 09:00:00+00:00","open_rate":3018.5,"close_rate":2973.2225,"fee_open":0.0005,"fee_close":0.0005,"trade_duration":60,"profit_ratio":-0.032008548418150304,"profit_abs":-12.80825988,"exit_reason":"stop_loss","initial_stop_loss_abs":2973.2225,"initial_stop_loss_ratio":-0.03,"stop_loss_abs":2973.2225,"stop_loss_ratio":-0.03,"min_rate":2955.52,"max_rate":3025.79,"is_open":false,"enter_tag":"","leverage":2,"is_short":false,"open_timestamp":1766995200000,"close_timestamp":1766998800000,"orders":[{"amount":0.265,"safe_price":3018.5,"ft_order_side":"buy","order_filled_timestamp":1766995200000,"ft_is_entry":true,"ft_order_tag":"","cost":800.30245125},{"amount":0.265,"safe_price":2973.2225,"ft_order_side":"sell","order_filled_timestamp":1766998800000,"ft_is_entry":false,"ft_order_tag":"stop_loss","cost":788.29791448125}],"funding_fees":-0.015819145927711487,"weekday":0},{"pair":"SOL/USDT:USDT","stake_amount":399.5151,"max_stake_amount":399.5151,"amount":6.34,"open_date":"2025-12-29 10:00:00+00:00","close_date":"2025-12-29 12:00:00+00:00","open_rate":126.03,"close_rate":124.13955,"fee_open":0.0005,"fee_close":0.0005,"trade_duration":120,"profit_ratio":-0.031969015483497634,"profit_abs":-12.77849047,"exit_reason":"stop_loss","initial_stop_loss_abs":124.13955,"initial_stop_loss_ratio":-0.03,"stop_loss_abs":124.13955,"stop_loss_ratio":-0.03,"min_rate":122.82,"max_rate":126.34,"is_open":false,"enter_tag":"","leverage":2,"is_short":false,"open_timestamp":1767002400000,"close_timestamp":1767009600000,"orders":[{"amount":6.34,"safe_price":126.03,"ft_order_side":"buy","order_filled_timestamp":1767002400000,"ft_is_entry":true,"ft_order_tag":"","cost":799.4297151},{"amount":6.34,"safe_price":124.13955,"ft_order_side":"sell","order_filled_timestamp":1767009600000,"ft_is_entry":false,"ft_order_tag":"stop_loss","cost":787.4382693735}],"funding_fees":0.0,"weekday":0},{"pair":"SOL/USDT:USDT","stake_amount":399.8532,"max_stake_amount":399.8532,"amount":6.36,"open_date":"2025-12-31 15:00:00+00:00","close_date":"2025-12-31 20:00:00+00:00","open_rate":125.74,"close_rate":123.8539,"fee_open":0.0005,"fee_close":0.0005,"trade_duration":300,"profit_ratio":-0.03216859757945959,"profit_abs":-12.86914804,"exit_reason":"stop_loss","initial_stop_loss_abs":123.8539,"initial_stop_loss_ratio":-0.03,"stop_loss_abs":123.8539,"stop_loss_ratio":-0.03,"min_rate":123.4,"max_rate":125.8,"is_open":false,"enter_tag":"","leverage":2,"is_short":false,"open_timestamp":1767193200000,"close_timestamp":1767211200000,"orders":[{"amount":6.36,"safe_price":125.74,"ft_order_side":"buy","order_filled_timestamp":1767193200000,"ft_is_entry":true,"ft_order_tag":"","cost":800.1062532},{"amount":6.36,"safe_price":123.8539,"ft_order_side":"sell","order_filled_timestamp":1767211200000,"ft_is_entry":false,"ft_order_tag":"stop_loss","cost":788.104659402}],"funding_fees":-0.07984344000000002,"weekday":2},{"pair":"ETH/USDT:USDT","stake_amount":399.55461,"max_stake_amount":399.55461,"amount":0.266,"open_date":"2026-01-02 01:00:00+00:00","close_date":"2026-01-02 09:00:00+00:00","open_rate":3004.17,"close_rate":3037.2324012006,"fee_open":0.0005,"fee_close":0.0005,"trade_duration":480,"profit_ratio":0.020050892959642436,"profit_abs":8.01543243,"exit_reason":"roi","initial_stop_loss_abs":2959.10745,"initial_stop_loss_ratio":-0.03,"stop_loss_abs":3022.47,"stop_loss_ratio":-0.02,"min_rate":2990.52,"max_rate":3053.0,"is_open":false,"enter_tag":"","leverage":2,"is_short":false,"open_timestamp":1767315600000,"close_timestamp":1767344400000,"orders":[{"amount":0.266,"safe_price":3004.17,"ft_order_side":"buy","order_filled_timestamp":1767315600000,"ft_is_entry":true,"ft_order_tag":"","cost":799.50877461},{"amount":0.266,"safe_price":3037.2324012006,"ft_order_side":"sell","order_filled_timestamp":1767344400000,"ft_is_entry":false,"ft_order_tag":"roi","cost":808.3077706287194}],"funding_fees":0.024340229073058477,"weekday":4},{"pair":"BTC/USDT:USDT","stake_amount":395.604555,"max_stake_amount":395.604555,"amount":0.0089,"open_date":"2026-01-02 07:00:00+00:00","close_date":"2026-01-02 14:00:00+00:00","open_rate":88899.9,"close_rate":89878.288094047,"fee_open":0.0005,"fee_close":0.0005,"trade_duration":420,"profit_ratio":0.01989280426260763,"profit_abs":7.87361882,"exit_reason":"roi","initial_stop_loss_abs":87566.40149999999,"initial_stop_loss_ratio":-0.03,"stop_loss_abs":87566.40149999999,"stop_loss_ratio":-0.03,"min_rate":88404.5,"max_rate":90148.5,"is_open":false,"enter_tag":"","leverage":2,"is_short":false,"open_timestamp":1767337200000,"close_timestamp":1767362400000,"orders":[{"amount":0.0089,"safe_price":88899.9,"ft_order_side":"buy","order_filled_timestamp":1767337200000,"ft_is_entry":true,"ft_order_tag":"","cost":791.6047145549999},{"amount":0.0089,"safe_price":89878.288094047,"ft_order_side":"sell","order_filled_timestamp":1767362400000,"ft_is_entry":false,"ft_order_tag":"roi","cost":800.3167224190368}],"funding_fees":-0.038472279505800205,"weekday":4},{"pair":"SOL/USDT:USDT","stake_amount":399.559,"max_stake_amount":399.559,"amount":6.2,"open_date":"2026-01-02 11:00:00+00:00","close_date":"2026-01-02 14:00:00+00:00","open_rate":128.89,"close_rate":126.95664999999998,"fee_open":0.0005,"fee_close":0.0005,"trade_duration":180,"profit_ratio":-0.03196901550476142,"profit_abs":-12.77989462,"exit_reason":"stop_loss","initial_stop_loss_abs":126.95664999999998,"initial_stop_loss_ratio":-0.03,"stop_loss_abs":126.95664999999998,"stop_loss_ratio":-0.03,"min_rate":126.74,"max_rate":129.59,"is_open":false,"enter_tag":"","leverage":2,"is_short":false,"open_timestamp":1767351600000,"close_timestamp":1767362400000,"orders":[{"amount":6.2,"safe_price":128.89,"ft_order_side":"buy","order_filled_timestamp":1767351600000,"ft_is_entry":true,"ft_order_tag":"","cost":799.5175589999999},{"amount":6.2,"safe_price":126.95664999999998,"ft_order_side":"sell","order_filled_timestamp":1767362400000,"ft_is_entry":false,"ft_order_tag":"stop_loss","cost":787.5247956149999}],"funding_fees":0.0,"weekday":4},{"pair":"SOL/USDT:USDT","stake_amount":399.39615,"max_stake_amount":399.39615,"amount":6.21,"open_date":"2026-01-02 15:00:00+00:00","close_date":"2026-01-02 16:00:00+00:00","open_rate":128.63,"close_rate":130.4523,"fee_open":0.0005,"fee_close":0.0005,"trade_duration":60,"profit_ratio":0.026296658838226343,"profit_abs":10.50803569,"exit_reason":"trailing_stop_loss","initial_stop_loss_abs":126.70054999999999,"initial_stop_loss_ratio":-0.03,"stop_loss_abs":130.4523,"stop_loss_ratio":-0.02,"min_rate":127.33,"max_rate":131.77,"is_open":false,"enter_tag":"","leverage":2,"is_short":false,"open_timestamp":1767366000000,"close_timestamp":1767369600000,"orders":[{"amount":6.21,"safe_price":128.63,"ft_order_side":"buy","order_filled_timestamp":1767366000000,"ft_is_entry":true,"ft_order_tag":"","cost":799.1916961499999},{"amount":6.21,"safe_price":130.4523,"ft_order_side":"sell","order_filled_timestamp":1767369600000,"ft_is_entry":false,"ft_order_tag":"trailing_stop_loss","cost":810.5138373914999}],"funding_fees":-0.003996765246866303,"weekday":4},{"pair":"BTC/USDT:USDT","stake_amount":398.46635,"max_stake_amount":398.46635,"amount":0.0089,"open_date":"2026-01-02 15:00:00+00:00","close_date":"2026-01-03 21:00:00+00:00","open_rate":89543.0,"close_rate":90528.4657328664,"fee_open":0.0005,"fee_close":0.0005,"trade_duration":1800,"profit_ratio":0.020039908477609957,"profit_abs":7.9892218,"exit_reason":"roi","initial_stop_loss_abs":88199.855,"initial_stop_loss_ratio":-0.03,"stop_loss_abs":88199.855,"stop_loss_ratio":-0.03,"min_rate":88756.0,"max_rate":90935.3,"is_open":false,"enter_tag":"","leverage":2,"is_short":false,"open_timestamp":1767366000000,"close_timestamp":1767474000000,"orders":[{"amount":0.0089,"safe_price":89543.0,"ft_order_side":"buy","order_filled_timestamp":1767366000000,"ft_is_entry":true,"ft_order_tag":"","cost":797.3311663499999},{"amount":0.0089,"safe_price":90528.4657328664,"ft_order_side":"sell","order_filled_timestamp":1767474000000,"ft_is_entry":false,"ft_order_tag":"roi","cost":806.1061966950223}],"funding_fees":0.019894803086239848,"weekday":5},{"pair":"ETH/USDT:USDT","stake_amount":398.47584,"max_stake_amount":398.47584,"amount":0.258,"open_date":"2026-01-03 08:00:00+00:00","close_date":"2026-01-03 21:00:00+00:00","open_rate":3088.96,"close_rate":3122.955557778889,"fee_open":0.0005,"fee_close":0.0005,"trade_duration":780,"profit_ratio":0.019954307581765484,"profit_abs":7.95528513,"exit_reason":"roi","initial_stop_loss_abs":3042.6256,"initial_stop_loss_ratio":-0.03,"stop_loss_abs":3042.6256,"stop_loss_ratio":-0.03,"min_rate":3082.0,"max_rate":3127.96,"is_open":false,"enter_tag":"","leverage":2,"is_short":false,"open_timestamp":1767427200000,"close_timestamp":1767474000000,"orders":[{"amount":0.258,"safe_price":3088.96,"ft_order_side":"buy","order_filled_timestamp":1767427200000,"ft_is_entry":true,"ft_order_tag":"","cost":797.35015584},{"amount":0.258,"safe_price":3122.955557778889,"ft_order_side":"sell","order_filled_timestamp":1767474000000,"ft_is_entry":false,"ft_order_tag":"roi","cost":806.1253951739069}],"funding_fees":-0.014231669527621785,"weekday":5},{"pair":"SOL/USDT:USDT","stake_amount":399.33425,"max_stake_amount":399.33425,"amount":5.95,"open_date":"2026-01-04 05:00:00+00:00","close_date":"2026-01-05 00:00:00+00:00","open_rate":134.23,"close_rate":135.70726863431713,"fee_open":0.0005,"fee_close":0.0005,"trade_duration":1140,"profit_ratio":0.020194969798961092,"profit_abs":8.06857539,"exit_reason":"roi","initial_stop_loss_abs":132.21654999999998,"initial_stop_loss_ratio":-0.03,"stop_loss_abs":132.21654999999998,"stop_loss_ratio":-0.03,"min_rate":132.95,"max_rate":135.77,"is_open":false,"enter_tag":"","leverage":2,"is_short":false,"open_timestamp":1767502800000,"close_timestamp":1767571200000,"orders":[{"amount":5.95,"safe_price":134.23,"ft_order_side":"buy","order_filled_timestamp":1767502800000,"ft_is_entry":true,"ft_order_tag":"","cost":799.0678342499999},{"amount":5.95,"safe_price":135.70726863431713,"ft_order_side":"sell","order_filled_timestamp":1767571200000,"ft_is_entry":false,"ft_order_tag":"roi","cost":807.861977498374}],"funding_fees":0.08189039495362317,"weekday":0},{"pair":"BTC/USDT:USDT","stake_amount":396.67824,"max_stake_amount":396.67824,"amount":0.0087,"open_date":"2026-01-04 07:00:00+00:00","close_date":"2026-01-05 00:00:00+00:00","open_rate":91190.4,"close_rate":92193.99619809903,"fee_open":0.0005,"fee_close":0.0005,"trade_duration":1020,"profit_ratio":0.019653508295438063,"profit_abs":7.80001714,"exit_reason":"roi","initial_stop_loss_abs":89822.544,"initial_stop_loss_ratio":-0.03,"stop_loss_abs":89822.544,"stop_loss_ratio":-0.03,"min_rate":90811.1,"max_rate":92390.0,"is_open":false,"enter_tag":"","leverage":2,"is_short":false,"open_timestamp":1767510000000,"close_timestamp":1767571200000,"orders":[{"amount":0.0087,"safe_price":91190.4,"ft_order_side":"buy","order_filled_timestamp":1767510000000,"ft_is_entry":true,"ft_order_tag":"","cost":793.7531582399998},{"amount":0.0087,"safe_price":92193.99619809903,"ft_order_side":"sell","order_filled_timestamp":1767571200000,"ft_is_entry":false,"ft_order_tag":"roi","cost":802.4888108069233}],"funding_fees":-0.13354765564672044,"weekday":0},{"pair":"DOGE/USDT:USDT","stake_amount":399.33855,"max_stake_amount":399.33855,"amount":5310.0,"open_date":"2026-01-05 01:00:00+00:00","close_date":"2026-01-05 09:00:00+00:00","open_rate":0.15041,"close_rate":0.14816,"fee_open":0.0005,"fee_close":0.0005,"trade_duration":480,"profit_ratio":-0.03190695711947794,"profit_abs":-12.74804883,"exit_reason":"stop_loss","initial_stop_loss_abs":0.14816,"initial_stop_loss_ratio":-0.03,"stop_loss_abs":0.14816,"stop_loss_ratio":-0.03,"min_rate":0.14621,"max_rate":0.15243,"is_open":false,"enter_tag":"","leverage":2,"is_short":false,"open_timestamp":1767574800000,"close_timestamp":1767603600000,"orders":[{"amount":5310.0,"safe_price":0.15041,"ft_order_side":"buy","order_filled_timestamp":1767574800000,"ft_is_entry":true,"ft_order_tag":"","cost":799.0764385499998},{"amount":5310.0,"safe_price":0.14816,"ft_order_side":"sell","order_filled_timestamp":1767603600000,"ft_is_entry":false,"ft_order_tag":"stop_loss","cost":787.1229647999999}],"funding_fees":-0.00784548375036725,"weekday":0},{"pair":"BTC/USDT:USDT","stake_amount":398.05143,"max_stake_amount":398.05143,"amount":0.0086,"open_date":"2026-01-05 05:00:00+00:00","close_date":"2026-01-05 14:00:00+00:00","open_rate":92570.1,"close_rate":93588.88049024511,"fee_open":0.0005,"fee_close":0.0005,"trade_duration":540,"profit_ratio":0.01979028806344978,"profit_abs":7.88149124,"exit_reason":"roi","initial_stop_loss_abs":91181.5485,"initial_stop_loss_ratio":-0.03,"stop_loss_abs":91181.5485,"stop_loss_ratio":-0.03,"min_rate":92112.3,"max_rate":93649.7,"is_open":false,"enter_tag":"","leverage":2,"is_short":false,"open_timestamp":1767589200000,"close_timestamp":1767621600000,"orders":[{"amount":0.0086,"safe_price":92570.1,"ft_order_side":"buy","order_filled_timestamp":1767589200000,"ft_is_entry":true,"ft_order_tag":"","cost":796.5009114300001},{"amount":0.0086,"safe_price":93588.88049024511,"ft_order_side":"sell","order_filled_timestamp":1767621600000,"ft_is_entry":false,"ft_order_tag":"roi","cost":805.2668044022159}],"funding_fees":-0.079537358,"weekday":0},{"pair":"BTC/USDT:USDT","stake_amount":397.98955,"max_stake_amount":397.98955,"amount":0.0085,"open_date":"2026-01-05 17:00:00+00:00","close_date":"2026-01-06 17:00:00+00:00","open_rate":93644.6,"close_rate":92239.93100000001,"fee_open":0.0005,"fee_close":0.0005,"trade_duration":1440,"profit_ratio":-0.03199267311217693,"profit_abs":-12.73911595,"exit_reason":"stop_loss","initial_stop_loss_abs":92239.93100000001,"initial_stop_loss_ratio":-0.03,"stop_loss_abs":92239.93100000001,"stop_loss_ratio":-0.03,"min_rate":91501.0,"max_rate":94778.8,"is_open":false,"enter_tag":"","leverage":2,"is_short":false,"open_timestamp":1767632400000,"close_timestamp":1767718800000,"orders":[{"amount":0.0085,"safe_price":93644.6,"ft_order_side":"buy","order_filled_timestamp":1767632400000,"ft_is_entry":true,"ft_order_tag":"","cost":796.37708955},{"amount":0.0085,"safe_price":92239.93100000001,"ft_order_side":"sell","order_filled_timestamp":1767718800000,"ft_is_entry":false,"ft_order_tag":"stop_loss","cost":784.4314332067501}],"funding_fees":-0.009420189274393188,"weekday":1},{"pair":"ETH/USDT:USDT","stake_amount":399.062,"max_stake_amount":399.062,"amount":0.244,"open_date":"2026-01-06 16:00:00+00:00","close_date":"2026-01-06 17:00:00+00:00","open_rate":3271.0,"close_rate":3221.935,"fee_open":0.0005,"fee_close":0.0005,"trade_duration":60,"profit_ratio":-0.03196237453189549,"profit_abs":-12.76134659,"exit_reason":"stop_loss","initial_stop_loss_abs":3221.935,"initial_stop_loss_ratio":-0.03,"stop_loss_abs":3221.935,"stop_loss_ratio":-0.03,"min_rate":3188.13,"max_rate":3278.0,"is_open":false,"enter_tag":"","leverage":2,"is_short":false,"open_timestamp":1767715200000,"close_timestamp":1767718800000,"orders":[{"amount":0.244,"safe_price":3271.0,"ft_order_side":"buy","order_filled_timestamp":1767715200000,"ft_is_entry":true,"ft_order_tag":"","cost":798.523062},{"amount":0.244,"safe_price":3221.935,"ft_order_side":"sell","order_filled_timestamp":1767718800000,"ft_is_entry":false,"ft_order_tag":"stop_loss","cost":786.5452160699999}],"funding_fees":0.002651478961388237,"weekday":1},{"pair":"ETH/USDT:USDT","stake_amount":399.39375,"max_stake_amount":399.39375,"amount":0.25,"open_date":"2026-01-06 18:00:00+00:00","close_date":"2026-01-06 21:00:00+00:00","open_rate":3195.15,"close_rate":3246.2979739869934,"fee_open":0.0005,"fee_close":0.0005,"trade_duration":180,"profit_ratio":0.029985007496251877,"profit_abs":11.9818125,"exit_reason":"roi","initial_stop_loss_abs":3147.22275,"initial_stop_loss_ratio":-0.03,"stop_loss_abs":3266.7227999999996,"stop_loss_ratio":-0.02,"min_rate":3181.03,"max_rate":3299.72,"is_open":false,"enter_tag":"","leverage":2,"is_short":false,"open_timestamp":1767722400000,"close_timestamp":1767733200000,"orders":[{"amount":0.25,"safe_price":3195.15,"ft_order_side":"buy","order_filled_timestamp":1767722400000,"ft_is_entry":true,"ft_order_tag":"","cost":799.18689375},{"amount":0.25,"safe_price":3246.2979739869934,"ft_order_side":"sell","order_filled_timestamp":1767733200000,"ft_is_entry":false,"ft_order_tag":"roi","cost":811.9802807434967}],"funding_fees":0.0,"weekday":1},{"pair":"SOL/USDT:USDT","stake_amount":399.5725,"max_stake_amount":399.5725,"amount":5.77,"open_date":"2026-01-11 21:00:00+00:00","close_date":"2026-01-12 00:00:00+00:00","open_rate":138.5,"close_rate":140.7171085542771,"fee_open":0.0005,"fee_close":0.0005,"trade_duration":180,"profit_ratio":0.029783490926017137,"profit_abs":11.90661426,"exit_reason":"roi","initial_stop_loss_abs":136.42249999999999,"initial_stop_loss_ratio":-0.03,"stop_loss_abs":139.8375,"stop_loss_ratio":-0.02,"min_rate":137.46,"max_rate":141.25,"is_open":false,"enter_tag":"","leverage":2,"is_short":false,"open_timestamp":1768165200000,"close_timestamp":1768176000000,"orders":[{"amount":5.77,"safe_price":138.5,"ft_order_side":"buy","order_filled_timestamp":1768165200000,"ft_is_entry":true,"ft_order_tag":"","cost":799.5445725},{"amount":5.77,"safe_price":140.7171085542771,"ft_order_side":"sell","order_filled_timestamp":1768176000000,"ft_is_entry":false,"ft_order_tag":"roi","cost":812.3436852163578}],"funding_fees":-0.08056073999999999,"weekday":0},{"pair":"ETH/USDT:USDT","stake_amount":398.54464,"max_stake_amount":398.54464,"amount":0.256,"open_date":"2026-01-11 21:00:00+00:00","close_date":"2026-01-12 02:00:00+00:00","open_rate":3113.63,"close_rate":3163.4730015007503,"fee_open":0.0005,"fee_close":0.0005,"trade_duration":300,"profit_ratio":0.029894119462904507,"profit_abs":11.92009815,"exit_reason":"roi","initial_stop_loss_abs":3066.92555,"initial_stop_loss_ratio":-0.03,"stop_loss_abs":3135.7854,"stop_loss_ratio":-0.02,"min_rate":3091.0,"max_rate":3167.46,"is_open":false,"enter_tag":"","leverage":2,"is_short":false,"open_timestamp":1768165200000,"close_timestamp":1768183200000,"orders":[{"amount":0.256,"safe_price":3113.63,"ft_order_side":"buy","order_filled_timestamp":1768165200000,"ft_is_entry":true,"ft_order_tag":"","cost":797.48782464},{"amount":0.256,"safe_price":3163.4730015007503,"ft_order_side":"sell","order_filled_timestamp":1768183200000,"ft_is_entry":false,"ft_order_tag":"roi","cost":810.2540129283841}],"funding_fees":-0.03624105147732082,"weekday":0},{"pair":"SOL/USDT:USDT","stake_amount":399.596,"max_stake_amount":399.596,"amount":5.66,"open_date":"2026-01-12 01:00:00+00:00","close_date":"2026-01-12 03:00:00+00:00","open_rate":141.2,"close_rate":142.9164,"fee_open":0.0005,"fee_close":0.0005,"trade_duration":120,"profit_ratio":0.022288314771132238,"profit_abs":8.91077459,"exit_reason":"trailing_stop_loss","initial_stop_loss_abs":139.082,"initial_stop_loss_ratio":-0.03,"stop_loss_abs":142.9164,"stop_loss_ratio":-0.02,"min_rate":140.6,"max_rate":144.36,"is_open":false,"enter_tag":"","leverage":2,"is_short":false,"open_timestamp":1768179600000,"close_timestamp":1768186800000,"orders":[{"amount":5.66,"safe_price":141.2,"ft_order_side":"buy","order_filled_timestamp":1768179600000,"ft_is_entry":true,"ft_order_tag":"","cost":799.591596},{"amount":5.66,"safe_price":142.9164,"ft_order_side":"sell","order_filled_timestamp":1768186800000,"ft_is_entry":false,"ft_order_tag":"trailing_stop_loss","cost":809.311277412}],"funding_fees":0.0,"weekday":0},{"pair":"SOL/USDT:USDT","stake_amount":399.7,"max_stake_amount":399.7,"amount":5.71,"open_date":"2026-01-12 09:00:00+00:00","close_date":"2026-01-12 15:00:00+00:00","open_rate":140.0,"close_rate":141.5407703851926,"fee_open":0.0005,"fee_close":0.0005,"trade_duration":360,"profit_ratio":0.019990004997501247,"profit_abs":7.994,"exit_reason":"roi","initial_stop_loss_abs":137.9,"initial_stop_loss_ratio":-0.03,"stop_loss_abs":141.2532,"stop_loss_ratio":-0.02,"min_rate":138.6,"max_rate":142.68,"is_open":false,"enter_tag":"","leverage":2,"is_short":false,"open_timestamp":1768208400000,"close_timestamp":1768230000000,"orders":[{"amount":5.71,"safe_price":140.0,"ft_order_side":"buy","order_filled_timestamp":1768208400000,"ft_is_entry":true,"ft_order_tag":"","cost":799.7996999999999},{"amount":5.71,"safe_price":141.5407703851926,"ft_order_side":"sell","order_filled_timestamp":1768230000000,"ft_is_entry":false,"ft_order_tag":"roi","cost":808.6018977988994}],"funding_fees":0.0,"weekday":0},{"pair":"SOL/USDT:USDT","stake_amount":399.74055,"max_stake_amount":399.74055,"amount":5.61,"open_date":"2026-01-12 16:00:00+00:00","close_date":"2026-01-12 20:00:00+00:00","open_rate":142.51,"close_rate":140.37234999999998,"fee_open":0.0005,"fee_close":0.0005,"trade_duration":240,"profit_ratio":-0.031823896097444786,"profit_abs":-12.72766238,"exit_reason":"stop_loss","initial_stop_loss_abs":140.37234999999998,"initial_stop_loss_ratio":-0.03,"stop_loss_abs":140.37234999999998,"stop_loss_ratio":-0.03,"min_rate":139.91,"max_rate":144.25,"is_open":false,"enter_tag":"","leverage":2,"is_short":false,"open_timestamp":1768233600000,"close_timestamp":1768248000000,"orders":[{"amount":5.61,"safe_price":142.51,"ft_order_side":"buy","order_filled_timestamp":1768233600000,"ft_is_entry":true,"ft_order_tag":"","cost":799.8808405499999},{"amount":5.61,"safe_price":140.37234999999998,"ft_order_side":"sell","order_filled_timestamp":1768248000000,"ft_is_entry":false,"ft_order_tag":"stop_loss","cost":787.8826279417499}],"funding_fees":0.05803911408423877,"weekday":0},{"pair":"SOL/USDT:USDT","stake_amount":399.2877,"max_stake_amount":399.2877,"amount":5.49,"open_date":"2026-01-14 00:00:00+00:00","close_date":"2026-01-14 14:00:00+00:00","open_rate":145.46,"close_rate":147.0608604302151,"fee_open":0.0005,"fee_close":0.0005,"trade_duration":840,"profit_ratio":0.01959112565262811,"profit_abs":7.82640675,"exit_reason":"roi","initial_stop_loss_abs":143.2781,"initial_stop_loss_ratio":-0.03,"stop_loss_abs":143.2781,"stop_loss_ratio":-0.03,"min_rate":143.28,"max_rate":147.49,"is_open":false,"enter_tag":"","leverage":2,"is_short":false,"open_timestamp":1768348800000,"close_timestamp":1768399200000,"orders":[{"amount":5.49,"safe_price":145.46,"ft_order_side":"buy","order_filled_timestamp":1768348800000,"ft_is_entry":true,"ft_order_tag":"","cost":798.9746877},{"amount":5.49,"safe_price":147.0608604302151,"ft_order_side":"sell","order_filled_timestamp":1768399200000,"ft_is_entry":false,"ft_order_tag":"roi","cost":807.7678058237617}],"funding_fees":-0.15934725000000002,"weekday":2},{"pair":"ETH/USDT:USDT","stake_amount":399.194325,"max_stake_amount":399.194325,"amount":0.243,"open_date":"2026-01-14 12:00:00+00:00","close_date":"2026-01-14 14:00:00+00:00","open_rate":3285.55,"close_rate":3323.7567,"fee_open":0.0005,"fee_close":0.0005,"trade_duration":120,"profit_ratio":0.021235168762906924,"profit_abs":8.48119734,"exit_reason":"trailing_stop_loss","initial_stop_loss_abs":3236.2667500000002,"initial_stop_loss_ratio":-0.03,"stop_loss_abs":3323.7567,"stop_loss_ratio":-0.02,"min_rate":3278.15,"max_rate":3357.33,"is_open":false,"enter_tag":"","leverage":2,"is_short":false,"open_timestamp":1768392000000,"close_timestamp":1768399200000,"orders":[{"amount":0.243,"safe_price":3285.55,"ft_order_side":"buy","order_filled_timestamp":1768392000000,"ft_is_entry":true,"ft_order_tag":"","cost":798.7878443249999},{"amount":0.243,"safe_price":3323.7567,"ft_order_side":"sell","order_filled_timestamp":1768399200000,"ft_is_entry":false,"ft_order_tag":"trailing_stop_loss","cost":808.0767145390499}],"funding_fees":0.0,"weekday":2},{"pair":"ETH/USDT:USDT","stake_amount":398.34298,"max_stake_amount":398.34298,"amount":0.238,"open_date":"2026-01-14 15:00:00+00:00","close_date":"2026-01-14 16:00:00+00:00","open_rate":3347.42,"close_rate":3369.4056,"fee_open":0.0005,"fee_close":0.0005,"trade_duration":60,"profit_ratio":0.010924009176252063,"profit_abs":4.35367812,"exit_reason":"trailing_stop_loss","initial_stop_loss_abs":3297.2087,"initial_stop_loss_ratio":-0.03,"stop_loss_abs":3369.4056,"stop_loss_ratio":-0.02,"min_rate":3326.01,"max_rate":3403.44,"is_open":false,"enter_tag":"","leverage":2,"is_short":false,"open_timestamp":1768402800000,"close_timestamp":1768406400000,"orders":[{"amount":0.238,"safe_price":3347.42,"ft_order_side":"buy","order_filled_timestamp":1768402800000,"ft_is_entry":true,"ft_order_tag":"","cost":797.08430298},{"amount":0.238,"safe_price":3369.4056,"ft_order_side":"sell","order_filled_timestamp":1768406400000,"ft_is_entry":false,"ft_order_tag":"trailing_stop_loss","cost":802.3194920663999}],"funding_fees":-0.079592436,"weekday":2},{"pair":"DOGE/USDT:USDT","stake_amount":399.7965,"max_stake_amount":399.7965,"amount":5370.0,"open_date":"2026-01-14 16:00:00+00:00","close_date":"2026-01-14 18:00:00+00:00","open_rate":0.1489,"close_rate":0.14667,"fee_open":0.0005,"fee_close":0.0005,"trade_duration":120,"profit_ratio":-0.03212193768797267,"profit_abs":-12.84865938,"exit_reason":"stop_loss","initial_stop_loss_abs":0.14667,"initial_stop_loss_ratio":-0.03,"stop_loss_abs":0.14667,"stop_loss_ratio":-0.03,"min_rate":0.14617,"max_rate":0.15127,"is_open":false,"enter_tag":"","leverage":2,"is_short":false,"open_timestamp":1768406400000,"close_timestamp":1768413600000,"orders":[{"amount":5370.0,"safe_price":0.1489,"ft_order_side":"buy","order_filled_timestamp":1768406400000,"ft_is_entry":true,"ft_order_tag":"","cost":799.9927965},{"amount":5370.0,"safe_price":0.14667,"ft_order_side":"sell","order_filled_timestamp":1768413600000,"ft_is_entry":false,"ft_order_tag":"stop_loss","cost":788.01170895}],"funding_fees":-0.07995393,"weekday":2},{"pair":"ETH/USDT:USDT","stake_amount":399.18736,"max_stake_amount":399.18736,"amount":0.239,"open_date":"2026-01-14 18:00:00+00:00","close_date":"2026-01-14 19:00:00+00:00","open_rate":3340.48,"close_rate":3366.0,"fee_open":0.0005,"fee_close":0.0005,"trade_duration":60,"profit_ratio":0.013264969201384556,"profit_abs":5.29785564,"exit_reason":"trailing_stop_loss","initial_stop_loss_abs":3290.3728,"initial_stop_loss_ratio":-0.03,"stop_loss_abs":3366.0,"stop_loss_ratio":-0.02,"min_rate":3313.57,"max_rate":3400.0,"is_open":false,"enter_tag":"","leverage":2,"is_short":false,"open_timestamp":1768413600000,"close_timestamp":1768417200000,"orders":[{"amount":0.239,"safe_price":3340.48,"ft_order_side":"buy","order_filled_timestamp":1768413600000,"ft_is_entry":true,"ft_order_tag":"","cost":798.77390736},{"amount":0.239,"safe_price":3366.0,"ft_order_side":"sell","order_filled_timestamp":1768417200000,"ft_is_entry":false,"ft_order_tag":"trailing_stop_loss","cost":804.8762369999998}],"funding_fees":0.0,"weekday":2},{"pair":"SOL/USDT:USDT","stake_amount":399.4305,"max_stake_amount":399.4305,"amount":5.45,"open_date":"2026-01-14 15:00:00+00:00","close_date":"2026-01-15 02:00:00+00:00","open_rate":146.58,"close_rate":144.3813,"fee_open":0.0005,"fee_close":0.0005,"trade_duration":660,"profit_ratio":-0.032195156945155436,"profit_abs":-12.8661575,"exit_reason":"stop_loss","initial_stop_loss_abs":144.3813,"initial_stop_loss_ratio":-0.03,"stop_loss_abs":144.3813,"stop_loss_ratio":-0.03,"min_rate":144.21,"max_rate":148.36,"is_open":false,"enter_tag":"","leverage":2,"is_short":false,"open_timestamp":1768402800000,"close_timestamp":1768442400000,"orders":[{"amount":5.45,"safe_price":146.58,"ft_order_side":"buy","order_filled_timestamp":1768402800000,"ft_is_entry":true,"ft_order_tag":"","cost":799.2604305000001},{"amount":5.45,"safe_price":144.3813,"ft_order_side":"sell","order_filled_timestamp":1768442400000,"ft_is_entry":false,"ft_order_tag":"stop_loss","cost":787.2715240425}],"funding_fees":-0.0903729545549023,"weekday":3},{"pair":"ETH/USDT:USDT","stake_amount":398.78805,"max_stake_amount":398.78805,"amount":0.237,"open_date":"2026-01-15 10:00:00+00:00","close_date":"2026-01-15 15:00:00+00:00","open_rate":3365.3,"close_rate":3314.8205000000003,"fee_open":0.0005,"fee_close":0.0005,"trade_duration":300,"profit_ratio":-0.03196901549413363,"profit_abs":-12.75523578,"exit_reason":"stop_loss","initial_stop_loss_abs":3314.8205000000003,"initial_stop_loss_ratio":-0.03,"stop_loss_abs":3314.8205000000003,"stop_loss_ratio":-0.03,"min_rate":3285.0,"max_rate":3383.22,"is_open":false,"enter_tag":"","leverage":2,"is_short":false,"open_timestamp":1768471200000,"close_timestamp":1768489200000,"orders":[{"amount":0.237,"safe_price":3365.3,"ft_order_side":"buy","order_filled_timestamp":1768471200000,"ft_is_entry":true,"ft_order_tag":"","cost":797.97488805},{"amount":0.237,"safe_price":3314.8205000000003,"ft_order_side":"sell","order_filled_timestamp":1768489200000,"ft_is_entry":false,"ft_order_tag":"stop_loss","cost":786.0052647292499}],"funding_fees":0.0,"weekday":3},{"pair":"BTC/USDT:USDT","stake_amount":396.73158,"max_stake_amount":396.73158,"amount":0.0082,"open_date":"2026-01-14 19:00:00+00:00","close_date":"2026-01-15 19:00:00+00:00","open_rate":96763.8,"close_rate":95312.34300000001,"fee_open":0.0005,"fee_close":0.0005,"trade_duration":1440,"profit_ratio":-0.03212847638547025,"profit_abs":-12.75275439,"exit_reason":"stop_loss","initial_stop_loss_abs":95312.34300000001,"initial_stop_loss_ratio":-0.03,"stop_loss_abs":95312.34300000001,"stop_loss_ratio":-0.03,"min_rate":95121.8,"max_rate":97900.0,"is_open":false,"enter_tag":"","leverage":2,"is_short":false,"open_timestamp":1768417200000,"close_timestamp":1768503600000,"orders":[{"amount":0.0082,"safe_price":96763.8,"ft_order_side":"buy","order_filled_timestamp":1768417200000,"ft_is_entry":true,"ft_order_tag":"","cost":793.8598915800001},{"amount":0.0082,"safe_price":95312.34300000001,"ft_order_side":"sell","order_filled_timestamp":1768503600000,"ft_is_entry":false,"ft_order_tag":"stop_loss","cost":781.9519932063}],"funding_fees":-0.0632948023746703,"weekday":3}],"locks":[],"best_pair":{"key":"ETH/USDT:USDT","trades":18,"profit_mean":0.0024998186309403213,"profit_mean_pct":0.25,"profit_total_abs":17.913658219999995,"profit_total":0.017913658219999996,"profit_total_pct":1.79,"duration_avg":"3:00:00","wins":12,"draws":0,"losses":6,"winrate":0.6666666666666666,"cagr":0.0649401029397747,"expectancy":0.9952032344444435,"expectancy_ratio":0.07791137251660185,"sortino":188.87365850249378,"sharpe":0.3316330737458529,"calmar":9.114235464356174,"sqn":0.4095,"profit_factor":1.233734117549806,"max_drawdown_account":0.03645635521300348,"max_drawdown_abs":37.28424727},"worst_pair":{"key":"SOL/USDT:USDT","trades":15,"profit_mean":-0.006526543871798766,"profit_mean_pct":-0.65,"profit_total_abs":-39.16227282999999,"profit_total":-0.03916227282999999,"profit_total_pct":-3.92,"duration_avg":"5:48:00","wins":7,"draws":0,"losses":8,"winrate":0.4666666666666667,"cagr":-0.132005131418097,"expectancy":-2.6108181886666664,"expectancy_ratio":-0.2040208922769361,"sortino":-162.3933724511809,"sharpe":-0.6642838703631574,"calmar":-9.536401170498937,"sqn":-0.8933,"profit_factor":0.6174608269807448,"max_drawdown_account":0.07617151330210709,"max_drawdown_abs":76.78072262999999},"results_per_pair":[{"key":"ETH/USDT:USDT","trades":18,"profit_mean":0.0024998186309403213,"profit_mean_pct":0.25,"profit_total_abs":17.913658219999995,"profit_total":0.017913658219999996,"profit_total_pct":1.79,"duration_avg":"3:00:00","wins":12,"draws":0,"losses":6,"winrate":0.6666666666666666,"cagr":0.0649401029397747,"expectancy":0.9952032344444435,"expectancy_ratio":0.07791137251660185,"sortino":188.87365850249378,"sharpe":0.3316330737458529,"calmar":9.114235464356174,"sqn":0.4095,"profit_factor":1.233734117549806,"max_drawdown_account":0.03645635521300348,"max_drawdown_abs":37.28424727},{"key":"BTC/USDT:USDT","trades":10,"profit_mean":-0.0008702661375956739,"profit_mean_pct":-0.09,"profit_total_abs":-3.503203149999999,"profit_total":-0.0035032031499999993,"profit_total_pct":-0.35,"duration_avg":"13:54:00","wins":6,"draws":0,"losses":4,"winrate":0.6,"cagr":-0.0123590511224273,"expectancy":-0.35032031500000027,"expectancy_ratio":-0.027464296424702273,"sortino":-51.96688773263712,"sharpe":-0.06415210017050076,"calmar":-2.605067071158199,"sqn":-0.1038,"profit_factor":0.9313392589382441,"max_drawdown_account":0.024943398257136196,"max_drawdown_abs":25.49187034},{"key":"DOGE/USDT:USDT","trades":2,"profit_mean":-0.032014447403725305,"profit_mean_pct":-3.2,"profit_total_abs":-25.596708210000003,"profit_total":-0.025596708210000003,"profit_total_pct":-2.56,"duration_avg":"5:00:00","wins":0,"draws":0,"losses":2,"winrate":0.0,"cagr":-0.08779257711720345,"expectancy":-12.798354105000001,"expectancy_ratio":-1.0,"sortino":-94.37996192087098,"sharpe":-94.37996192087098,"calmar":-18.548517645187204,"sqn":-254.4138,"profit_factor":0.0,"max_drawdown_account":0.025596708209999975,"max_drawdown_abs":25.596708210000003},{"key":"SOL/USDT:USDT","trades":15,"profit_mean":-0.006526543871798766,"profit_mean_pct":-0.65,"profit_total_abs":-39.16227282999999,"profit_total":-0.03916227282999999,"profit_total_pct":-3.92,"duration_avg":"5:48:00","wins":7,"draws":0,"losses":8,"winrate":0.4666666666666667,"cagr":-0.132005131418097,"expectancy":-2.6108181886666664,"expectancy_ratio":-0.2040208922769361,"sortino":-162.3933724511809,"sharpe":-0.6642838703631574,"calmar":-9.536401170498937,"sqn":-0.8933,"profit_factor":0.6174608269807448,"max_drawdown_account":0.07617151330210709,"max_drawdown_abs":76.78072262999999},{"key":"TOTAL","trades":45,"profit_mean":-0.002791843975632512,"profit_mean_pct":-0.28,"profit_total_abs":-50.34852597,"profit_total":-0.050348525969999995,"profit_total_pct":-5.03,"duration_avg":"6:27:00","wins":25,"draws":0,"losses":20,"winrate":0.5555555555555556,"cagr":-0.16728831184837956,"expectancy":-1.1188561326666653,"expectancy_ratio":-0.08753566304792215,"sortino":-244.89803435389103,"sharpe":-0.88427783835701,"calmar":-10.681291908628706,"sqn":-0.7027,"profit_factor":0.8030447581421751,"max_drawdown_account":0.08743235653070036,"max_drawdown_abs":88.13162854}],"results_per_enter_tag":[{"key":"","trades":45,"profit_mean":-0.002791843975632512,"profit_mean_pct":-0.28,"profit_total_abs":-50.34852597,"profit_total":-0.050348525969999995,"profit_total_pct":-5.03,"duration_avg":"6:27:00","wins":25,"draws":0,"losses":20,"winrate":0.5555555555555556,"cagr":-0.16728831184837956,"expectancy":-1.1188561326666653,"expectancy_ratio":-0.08753566304792215,"sortino":-244.89803435389103,"sharpe":-0.88427783835701,"calmar":-10.681291908628706,"sqn":-0.7027,"profit_factor":0.8030447581421751,"max_drawdown_account":0.08743235653070036,"max_drawdown_abs":88.13162854},{"key":"TOTAL","trades":45,"profit_mean":-0.002791843975632512,"profit_mean_pct":-0.28,"profit_total_abs":-50.34852597,"profit_total":-0.050348525969999995,"profit_total_pct":-5.03,"duration_avg":"6:27:00","wins":25,"draws":0,"losses":20,"winrate":0.5555555555555556,"cagr":-0.16728831184837956,"expectancy":-1.1188561326666653,"expectancy_ratio":-0.08753566304792215,"sortino":-244.89803435389103,"sharpe":-0.88427783835701,"calmar":-10.681291908628706,"sqn":-0.7027,"profit_factor":0.8030447581421751,"max_drawdown_account":0.08743235653070036,"max_drawdown_abs":88.13162854}],"exit_reason_summary":[{"key":"roi","trades":16,"profit_mean":0.022423465653970808,"profit_mean_pct":2.24,"profit_total_abs":143.15978601,"profit_total":0.14315978601,"profit_total_pct":14.32,"duration_avg":"10:41:00","wins":16,"draws":0,"losses":0,"winrate":1.0,"cagr":0.6066191429739951,"expectancy":8.947486625625,"expectancy_ratio":100.0,"sortino":-100,"sharpe":15.326500979505926,"calmar":-100,"sqn":20.0014,"profit_factor":0.0,"max_drawdown_account":0.0,"max_drawdown_abs":0.0},{"key":"trailing_stop_loss","trades":9,"profit_mean":0.017284373208841783,"profit_mean_pct":1.73,"profit_total_abs":62.12604177000001,"profit_total":0.06212604177000001,"profit_total_pct":6.21,"duration_avg":"1:20:00","wins":9,"draws":0,"losses":0,"winrate":1.0,"cagr":0.23811166242445392,"expectancy":6.902893530000001,"expectancy_ratio":100.0,"sortino":-100,"sharpe":4.880565972982156,"calmar":-100,"sqn":8.2692,"profit_factor":0.0,"max_drawdown_account":0.0,"max_drawdown_abs":0.0},{"key":"stop_loss","trades":20,"profit_mean":-0.0319983894123286,"profit_mean_pct":-3.2,"profit_total_abs":-255.63435374999997,"profit_total":-0.25563435375,"profit_total_pct":-25.56,"duration_avg":"5:21:00","wins":0,"draws":0,"losses":20,"winrate":0.0,"cagr":-0.6487223192717091,"expectancy":-12.781717687499999,"expectancy_ratio":-1.0,"sortino":-1243.4197335589292,"sharpe":-1243.4197335589292,"calmar":-18.548517645187186,"sqn":-1461.0173,"profit_factor":0.0,"max_drawdown_account":0.25563435374999993,"max_drawdown_abs":255.63435374999997},{"key":"TOTAL","trades":45,"profit_mean":-0.002791843975632512,"profit_mean_pct":-0.28,"profit_total_abs":-50.34852597,"profit_total":-0.050348525969999995,"profit_total_pct":-5.03,"duration_avg":"6:27:00","wins":25,"draws":0,"losses":20,"winrate":0.5555555555555556,"cagr":-0.16728831184837956,"expectancy":-1.1188561326666653,"expectancy_ratio":-0.08753566304792215,"sortino":-244.89803435389103,"sharpe":-0.88427783835701,"calmar":-10.681291908628706,"sqn":-0.7027,"profit_factor":0.8030447581421751,"max_drawdown_account":0.08743235653070036,"max_drawdown_abs":88.13162854}],"mix_tag_stats":[{"key":["","roi"],"trades":16,"profit_mean":0.022423465653970808,"profit_mean_pct":2.24,"profit_total_abs":143.15978601,"profit_total":0.14315978601,"profit_total_pct":14.32,"duration_avg":"10:41:00","wins":16,"draws":0,"losses":0,"winrate":1.0,"cagr":0.6066191429739951,"expectancy":8.947486625625,"expectancy_ratio":100.0,"sortino":-100,"sharpe":15.326500979505926,"calmar":-100,"sqn":20.0014,"profit_factor":0.0,"max_drawdown_account":0.0,"max_drawdown_abs":0.0},{"key":["","trailing_stop_loss"],"trades":9,"profit_mean":0.017284373208841783,"profit_mean_pct":1.73,"profit_total_abs":62.12604177000001,"profit_total":0.06212604177000001,"profit_total_pct":6.21,"duration_avg":"1:20:00","wins":9,"draws":0,"losses":0,"winrate":1.0,"cagr":0.23811166242445392,"expectancy":6.902893530000001,"expectancy_ratio":100.0,"sortino":-100,"sharpe":4.880565972982156,"calmar":-100,"sqn":8.2692,"profit_factor":0.0,"max_drawdown_account":0.0,"max_drawdown_abs":0.0},{"key":["","stop_loss"],"trades":20,"profit_mean":-0.0319983894123286,"profit_mean_pct":-3.2,"profit_total_abs":-255.63435374999997,"profit_total":-0.25563435375,"profit_total_pct":-25.56,"duration_avg":"5:21:00","wins":0,"draws":0,"losses":20,"winrate":0.0,"cagr":-0.6487223192717091,"expectancy":-12.781717687499999,"expectancy_ratio":-1.0,"sortino":-1243.4197335589292,"sharpe":-1243.4197335589292,"calmar":-18.548517645187186,"sqn":-1461.0173,"profit_factor":0.0,"max_drawdown_account":0.25563435374999993,"max_drawdown_abs":255.63435374999997},{"key":"TOTAL","trades":45,"profit_mean":-0.002791843975632512,"profit_mean_pct":-0.28,"profit_total_abs":-50.34852597,"profit_total":-0.050348525969999995,"profit_total_pct":-5.03,"duration_avg":"6:27:00","wins":25,"draws":0,"losses":20,"winrate":0.5555555555555556,"cagr":-0.16728831184837956,"expectancy":-1.1188561326666653,"expectancy_ratio":-0.08753566304792215,"sortino":-244.89803435389103,"sharpe":-0.88427783835701,"calmar":-10.681291908628706,"sqn":-0.7027,"profit_factor":0.8030447581421751,"max_drawdown_account":0.08743235653070036,"max_drawdown_abs":88.13162854}],"left_open_trades":[{"key":"TOTAL","trades":0,"profit_mean":0.0,"profit_mean_pct":0.0,"profit_total_abs":0.0,"profit_total":0.0,"profit_total_pct":0.0,"duration_avg":"0:00","wins":0,"draws":0,"losses":0,"winrate":0.0,"cagr":0.0,"expectancy":0.0,"expectancy_ratio":100.0,"sortino":0,"sharpe":0,"calmar":0,"sqn":0.0,"profit_factor":0.0,"max_drawdown_account":0.0,"max_drawdown_abs":0.0}],"total_trades":45,"trade_count_long":45,"trade_count_short":0,"total_volume":71852.83157827286,"avg_stake_amount":399.0587662222222,"profit_mean":-0.002791843975632512,"profit_median":0.011805094947051618,"profit_total":-0.050348525969999995,"profit_total_long":-0.050348525969999995,"profit_total_short":0.0,"profit_total_abs":-50.34852597,"profit_total_long_abs":-50.34852597,"profit_total_short_abs":0.0,"cagr":-0.16728831184837956,"expectancy":-1.1188561326666653,"expectancy_ratio":-0.08753566304792215,"sortino":-244.89803435389103,"sharpe":-0.88427783835701,"calmar":-10.681291908628706,"sqn":-0.7027,"profit_factor":0.8030447581421751,"backtest_start":"2025-11-09 08:00:00","backtest_start_ts":1762675200000,"backtest_end":"2026-02-21 00:00:00","backtest_end_ts":1771632000000,"backtest_days":103,"backtest_run_start_ts":1771667193,"backtest_run_end_ts":1771667194,"trades_per_day":0.44,"market_change":-0.4152370334918748,"pairlist":["BTC/USDT:USDT","ETH/USDT:USDT","SOL/USDT:USDT","DOGE/USDT:USDT"],"stake_amount":400,"stake_currency":"USDT","stake_currency_decimals":3,"starting_balance":1000,"dry_run_wallet":1000,"final_balance":949.65147403,"rejected_signals":17,"timedout_entry_orders":0,"timedout_exit_orders":1,"canceled_trade_entries":0,"canceled_entry_orders":0,"replaced_entry_orders":0,"max_open_trades":2,"max_open_trades_setting":2,"timeframe":"1h","timeframe_detail":"","timerange":"20251109-20260221","enable_protections":false,"strategy_name":"SupertrendFuturesStrategyV4","freqaimodel":null,"freqai_identifier":null,"stoploss":-0.03,"trailing_stop":true,"trailing_stop_positive":0.02,"trailing_stop_positive_offset":0.03,"trailing_only_offset_is_reached":true,"use_custom_stoploss":false,"minimal_roi":{"0":0.08,"60":0.05,"180":0.03,"360":0.02},"use_exit_signal":true,"exit_profit_only":false,"exit_profit_offset":0.0,"ignore_roi_if_entry_signal":false,"trading_mode":"futures","margin_mode":"isolated","periodic_breakdown":{"day":[{"date":"10/11/2025","date_ts":1762732800000,"profit_abs":-22.35658165,"wins":2,"draws":0,"losses":3,"trades":5,"profit_factor":0.41684208},{"date":"11/11/2025","date_ts":1762819200000,"profit_abs":0.0,"wins":0,"draws":0,"losses":0,"trades":0,"profit_factor":0.0},{"date":"12/11/2025","date_ts":1762905600000,"profit_abs":-12.75586492,"wins":0,"draws":0,"losses":1,"trades":1,"profit_factor":0.0},{"date":"13/11/2025","date_ts":1762992000000,"profit_abs":0.0,"wins":0,"draws":0,"losses":0,"trades":0,"profit_factor":0.0},{"date":"14/11/2025","date_ts":1763078400000,"profit_abs":0.0,"wins":0,"draws":0,"losses":0,"trades":0,"profit_factor":0.0},{"date":"15/11/2025","date_ts":1763164800000,"profit_abs":0.0,"wins":0,"draws":0,"losses":0,"trades":0,"profit_factor":0.0},{"date":"16/11/2025","date_ts":1763251200000,"profit_abs":0.0,"wins":0,"draws":0,"losses":0,"trades":0,"profit_factor":0.0},{"date":"17/11/2025","date_ts":1763337600000,"profit_abs":0.0,"wins":0,"draws":0,"losses":0,"trades":0,"profit_factor":0.0},{"date":"18/11/2025","date_ts":1763424000000,"profit_abs":0.0,"wins":0,"draws":0,"losses":0,"trades":0,"profit_factor":0.0},{"date":"19/11/2025","date_ts":1763510400000,"profit_abs":0.0,"wins":0,"draws":0,"losses":0,"trades":0,"profit_factor":0.0},{"date":"20/11/2025","date_ts":1763596800000,"profit_abs":0.0,"wins":0,"draws":0,"losses":0,"trades":0,"profit_factor":0.0},{"date":"21/11/2025","date_ts":1763683200000,"profit_abs":0.0,"wins":0,"draws":0,"losses":0,"trades":0,"profit_factor":0.0},{"date":"22/11/2025","date_ts":1763769600000,"profit_abs":0.0,"wins":0,"draws":0,"losses":0,"trades":0,"profit_factor":0.0},{"date":"23/11/2025","date_ts":1763856000000,"profit_abs":0.0,"wins":0,"draws":0,"losses":0,"trades":0,"profit_factor":0.0},{"date":"24/11/2025","date_ts":1763942400000,"profit_abs":0.0,"wins":0,"draws":0,"losses":0,"trades":0,"profit_factor":0.0},{"date":"25/11/2025","date_ts":1764028800000,"profit_abs":0.0,"wins":0,"draws":0,"losses":0,"trades":0,"profit_factor":0.0},{"date":"26/11/2025","date_ts":1764115200000,"profit_abs":0.0,"wins":0,"draws":0,"losses":0,"trades":0,"profit_factor":0.0},{"date":"27/11/2025","date_ts":1764201600000,"profit_abs":0.0,"wins":0,"draws":0,"losses":0,"trades":0,"profit_factor":0.0},{"date":"28/11/2025","date_ts":1764288000000,"profit_abs":7.99172,"wins":1,"draws":0,"losses":0,"trades":1,"profit_factor":0.0},{"date":"29/11/2025","date_ts":1764374400000,"profit_abs":0.0,"wins":0,"draws":0,"losses":0,"trades":0,"profit_factor":0.0},{"date":"30/11/2025","date_ts":1764460800000,"profit_abs":0.0,"wins":0,"draws":0,"losses":0,"trades":0,"profit_factor":0.0},{"date":"01/12/2025","date_ts":1764547200000,"profit_abs":0.0,"wins":0,"draws":0,"losses":0,"trades":0,"profit_factor":0.0},{"date":"02/12/2025","date_ts":1764633600000,"profit_abs":0.0,"wins":0,"draws":0,"losses":0,"trades":0,"profit_factor":0.0},{"date":"03/12/2025","date_ts":1764720000000,"profit_abs":17.99269607,"wins":2,"draws":0,"losses":0,"trades":2,"profit_factor":0.0},{"date":"04/12/2025","date_ts":1764806400000,"profit_abs":-20.83324965,"wins":1,"draws":0,"losses":2,"trades":3,"profit_factor":0.18459848},{"date":"05/12/2025","date_ts":1764892800000,"profit_abs":0.0,"wins":0,"draws":0,"losses":0,"trades":0,"profit_factor":0.0},{"date":"06/12/2025","date_ts":1764979200000,"profit_abs":0.0,"wins":0,"draws":0,"losses":0,"trades":0,"profit_factor":0.0},{"date":"07/12/2025","date_ts":1765065600000,"profit_abs":0.0,"wins":0,"draws":0,"losses":0,"trades":0,"profit_factor":0.0},{"date":"08/12/2025","date_ts":1765152000000,"profit_abs":0.0,"wins":0,"draws":0,"losses":0,"trades":0,"profit_factor":0.0},{"date":"09/12/2025","date_ts":1765238400000,"profit_abs":0.0,"wins":0,"draws":0,"losses":0,"trades":0,"profit_factor":0.0},{"date":"10/12/2025","date_ts":1765324800000,"profit_abs":13.84034884,"wins":2,"draws":0,"losses":0,"trades":2,"profit_factor":0.0},{"date":"11/12/2025","date_ts":1765411200000,"profit_abs":-12.7666541,"wins":0,"draws":0,"losses":1,"trades":1,"profit_factor":0.0},{"date":"12/12/2025","date_ts":1765497600000,"profit_abs":-12.79028174,"wins":0,"draws":0,"losses":1,"trades":1,"profit_factor":0.0},{"date":"13/12/2025","date_ts":1765584000000,"profit_abs":0.0,"wins":0,"draws":0,"losses":0,"trades":0,"profit_factor":0.0},{"date":"14/12/2025","date_ts":1765670400000,"profit_abs":0.0,"wins":0,"draws":0,"losses":0,"trades":0,"profit_factor":0.0},{"date":"15/12/2025","date_ts":1765756800000,"profit_abs":0.0,"wins":0,"draws":0,"losses":0,"trades":0,"profit_factor":0.0},{"date":"16/12/2025","date_ts":1765843200000,"profit_abs":0.0,"wins":0,"draws":0,"losses":0,"trades":0,"profit_factor":0.0},{"date":"17/12/2025","date_ts":1765929600000,"profit_abs":0.0,"wins":0,"draws":0,"losses":0,"trades":0,"profit_factor":0.0},{"date":"18/12/2025","date_ts":1766016000000,"profit_abs":0.0,"wins":0,"draws":0,"losses":0,"trades":0,"profit_factor":0.0},{"date":"19/12/2025","date_ts":1766102400000,"profit_abs":0.0,"wins":0,"draws":0,"losses":0,"trades":0,"profit_factor":0.0},{"date":"20/12/2025","date_ts":1766188800000,"profit_abs":0.0,"wins":0,"draws":0,"losses":0,"trades":0,"profit_factor":0.0},{"date":"21/12/2025","date_ts":1766275200000,"profit_abs":0.0,"wins":0,"draws":0,"losses":0,"trades":0,"profit_factor":0.0},{"date":"22/12/2025","date_ts":1766361600000,"profit_abs":0.0,"wins":0,"draws":0,"losses":0,"trades":0,"profit_factor":0.0},{"date":"23/12/2025","date_ts":1766448000000,"profit_abs":0.0,"wins":0,"draws":0,"losses":0,"trades":0,"profit_factor":0.0},{"date":"24/12/2025","date_ts":1766534400000,"profit_abs":0.0,"wins":0,"draws":0,"losses":0,"trades":0,"profit_factor":0.0},{"date":"25/12/2025","date_ts":1766620800000,"profit_abs":0.0,"wins":0,"draws":0,"losses":0,"trades":0,"profit_factor":0.0},{"date":"26/12/2025","date_ts":1766707200000,"profit_abs":0.0,"wins":0,"draws":0,"losses":0,"trades":0,"profit_factor":0.0},{"date":"27/12/2025","date_ts":1766793600000,"profit_abs":0.0,"wins":0,"draws":0,"losses":0,"trades":0,"profit_factor":0.0},{"date":"28/12/2025","date_ts":1766880000000,"profit_abs":0.0,"wins":0,"draws":0,"losses":0,"trades":0,"profit_factor":0.0},{"date":"29/12/2025","date_ts":1766966400000,"profit_abs":-25.58675035,"wins":0,"draws":0,"losses":2,"trades":2,"profit_factor":0.0},{"date":"30/12/2025","date_ts":1767052800000,"profit_abs":0.0,"wins":0,"draws":0,"losses":0,"trades":0,"profit_factor":0.0},{"date":"31/12/2025","date_ts":1767139200000,"profit_abs":-12.86914804,"wins":0,"draws":0,"losses":1,"trades":1,"profit_factor":0.0},{"date":"01/01/2026","date_ts":1767225600000,"profit_abs":0.0,"wins":0,"draws":0,"losses":0,"trades":0,"profit_factor":0.0},{"date":"02/01/2026","date_ts":1767312000000,"profit_abs":13.61719232,"wins":3,"draws":0,"losses":1,"trades":4,"profit_factor":2.06551679},{"date":"03/01/2026","date_ts":1767398400000,"profit_abs":15.94450693,"wins":2,"draws":0,"losses":0,"trades":2,"profit_factor":0.0},{"date":"04/01/2026","date_ts":1767484800000,"profit_abs":0.0,"wins":0,"draws":0,"losses":0,"trades":0,"profit_factor":0.0},{"date":"05/01/2026","date_ts":1767571200000,"profit_abs":11.00203494,"wins":3,"draws":0,"losses":1,"trades":4,"profit_factor":1.86303677},{"date":"06/01/2026","date_ts":1767657600000,"profit_abs":-13.51865004,"wins":1,"draws":0,"losses":2,"trades":3,"profit_factor":0.46986648},{"date":"07/01/2026","date_ts":1767744000000,"profit_abs":0.0,"wins":0,"draws":0,"losses":0,"trades":0,"profit_factor":0.0},{"date":"08/01/2026","date_ts":1767830400000,"profit_abs":0.0,"wins":0,"draws":0,"losses":0,"trades":0,"profit_factor":0.0},{"date":"09/01/2026","date_ts":1767916800000,"profit_abs":0.0,"wins":0,"draws":0,"losses":0,"trades":0,"profit_factor":0.0},{"date":"10/01/2026","date_ts":1768003200000,"profit_abs":0.0,"wins":0,"draws":0,"losses":0,"trades":0,"profit_factor":0.0},{"date":"11/01/2026","date_ts":1768089600000,"profit_abs":0.0,"wins":0,"draws":0,"losses":0,"trades":0,"profit_factor":0.0},{"date":"12/01/2026","date_ts":1768176000000,"profit_abs":28.00382462,"wins":4,"draws":0,"losses":1,"trades":5,"profit_factor":3.20023314},{"date":"13/01/2026","date_ts":1768262400000,"profit_abs":0.0,"wins":0,"draws":0,"losses":0,"trades":0,"profit_factor":0.0},{"date":"14/01/2026","date_ts":1768348800000,"profit_abs":13.11047847,"wins":4,"draws":0,"losses":1,"trades":5,"profit_factor":2.02037715},{"date":"15/01/2026","date_ts":1768435200000,"profit_abs":-38.37414767,"wins":0,"draws":0,"losses":3,"trades":3,"profit_factor":0.0}],"week":[{"date":"10/11/2025","date_ts":1762732800000,"profit_abs":-22.35658165,"wins":2,"draws":0,"losses":3,"trades":5,"profit_factor":0.41684208},{"date":"17/11/2025","date_ts":1763337600000,"profit_abs":-12.75586492,"wins":0,"draws":0,"losses":1,"trades":1,"profit_factor":0.0},{"date":"24/11/2025","date_ts":1763942400000,"profit_abs":0.0,"wins":0,"draws":0,"losses":0,"trades":0,"profit_factor":0.0},{"date":"01/12/2025","date_ts":1764547200000,"profit_abs":7.99172,"wins":1,"draws":0,"losses":0,"trades":1,"profit_factor":0.0},{"date":"08/12/2025","date_ts":1765152000000,"profit_abs":-2.84055358,"wins":3,"draws":0,"losses":2,"trades":5,"profit_factor":0.88882235},{"date":"15/12/2025","date_ts":1765756800000,"profit_abs":-11.716587,"wins":2,"draws":0,"losses":2,"trades":4,"profit_factor":0.54154962},{"date":"22/12/2025","date_ts":1766361600000,"profit_abs":0.0,"wins":0,"draws":0,"losses":0,"trades":0,"profit_factor":0.0},{"date":"29/12/2025","date_ts":1766966400000,"profit_abs":-25.58675035,"wins":0,"draws":0,"losses":2,"trades":2,"profit_factor":0.0},{"date":"05/01/2026","date_ts":1767571200000,"profit_abs":27.69458615,"wins":8,"draws":0,"losses":3,"trades":11,"profit_factor":1.72126781},{"date":"12/01/2026","date_ts":1768176000000,"profit_abs":14.48517458,"wins":5,"draws":0,"losses":3,"trades":8,"profit_factor":1.37891407},{"date":"19/01/2026","date_ts":1768780800000,"profit_abs":-25.2636692,"wins":4,"draws":0,"losses":4,"trades":8,"profit_factor":0.50678866}],"month":[{"date":"30/11/2025","date_ts":1764460800000,"profit_abs":-27.12072657,"wins":3,"draws":0,"losses":4,"trades":7,"profit_factor":0.4691886},{"date":"31/12/2025","date_ts":1767139200000,"profit_abs":-53.01303897,"wins":5,"draws":0,"losses":7,"trades":12,"profit_factor":0.408089},{"date":"31/01/2026","date_ts":1769817600000,"profit_abs":29.78523957,"wins":17,"draws":0,"losses":9,"trades":26,"profit_factor":1.25904967}],"year":[{"date":"31/12/2025","date_ts":1767139200000,"profit_abs":-80.13376554,"wins":8,"draws":0,"losses":11,"trades":19,"profit_factor":0.43028337},{"date":"31/12/2026","date_ts":1798675200000,"profit_abs":29.78523957,"wins":17,"draws":0,"losses":9,"trades":26,"profit_factor":1.25904967}],"weekday":[{"date":"Monday","date_ts":0,"profit_abs":-8.93747244,"wins":9,"draws":0,"losses":7,"trades":16,"profit_factor":0.90002778},{"date":"Tuesday","date_ts":1,"profit_abs":-13.51865004,"wins":1,"draws":0,"losses":2,"trades":3,"profit_factor":0.46986648},{"date":"Wednesday","date_ts":2,"profit_abs":19.31851042,"wins":8,"draws":0,"losses":3,"trades":11,"profit_factor":1.50212286},{"date":"Thursday","date_ts":3,"profit_abs":-71.97405142,"wins":1,"draws":0,"losses":6,"trades":7,"profit_factor":0.06149958},{"date":"Friday","date_ts":4,"profit_abs":8.81863058,"wins":4,"draws":0,"losses":2,"trades":6,"profit_factor":1.34487954},{"date":"Saturday","date_ts":5,"profit_abs":15.94450693,"wins":2,"draws":0,"losses":0,"trades":2,"profit_factor":0.0}]},"backtest_best_day":0.07013203406011034,"backtest_worst_day":-0.09629264882475932,"backtest_best_day_abs":28.00382462,"backtest_worst_day_abs":-38.37414767,"winning_days":8,"draw_days":50,"losing_days":9,"daily_profit":[["2025-11-10",-22.35658165],["2025-11-11",0.0],["2025-11-12",-12.75586492],["2025-11-13",0.0],["2025-11-14",0.0],["2025-11-15",0.0],["2025-11-16",0.0],["2025-11-17",0.0],["2025-11-18",0.0],["2025-11-19",0.0],["2025-11-20",0.0],["2025-11-21",0.0],["2025-11-22",0.0],["2025-11-23",0.0],["2025-11-24",0.0],["2025-11-25",0.0],["2025-11-26",0.0],["2025-11-27",0.0],["2025-11-28",7.99172],["2025-11-29",0.0],["2025-11-30",0.0],["2025-12-01",0.0],["2025-12-02",0.0],["2025-12-03",17.99269607],["2025-12-04",-20.83324965],["2025-12-05",0.0],["2025-12-06",0.0],["2025-12-07",0.0],["2025-12-08",0.0],["2025-12-09",0.0],["2025-12-10",13.84034884],["2025-12-11",-12.7666541],["2025-12-12",-12.79028174],["2025-12-13",0.0],["2025-12-14",0.0],["2025-12-15",0.0],["2025-12-16",0.0],["2025-12-17",0.0],["2025-12-18",0.0],["2025-12-19",0.0],["2025-12-20",0.0],["2025-12-21",0.0],["2025-12-22",0.0],["2025-12-23",0.0],["2025-12-24",0.0],["2025-12-25",0.0],["2025-12-26",0.0],["2025-12-27",0.0],["2025-12-28",0.0],["2025-12-29",-25.58675035],["2025-12-30",0.0],["2025-12-31",-12.86914804],["2026-01-01",0.0],["2026-01-02",13.61719232],["2026-01-03",15.94450693],["2026-01-04",0.0],["2026-01-05",11.00203494],["2026-01-06",-13.51865004],["2026-01-07",0.0],["2026-01-08",0.0],["2026-01-09",0.0],["2026-01-10",0.0],["2026-01-11",0.0],["2026-01-12",28.00382462],["2026-01-13",0.0],["2026-01-14",13.11047847],["2026-01-15",-38.37414767]],"wins":25,"losses":20,"draws":0,"winrate":0.5555555555555556,"holding_avg":"6:27:00","holding_avg_s":23220.0,"winner_holding_min":"0d 01:00","winner_holding_min_s":3600.0,"winner_holding_max":"1d 06:00","winner_holding_max_s":108000.0,"winner_holding_avg":"0d 07:19","winner_holding_avg_s":26340.0,"loser_holding_min":"0d 00:00","loser_holding_min_s":0.0,"loser_holding_max":"1d 00:00","loser_holding_max_s":86400.0,"loser_holding_avg":"0d 05:21","loser_holding_avg_s":19260.0,"max_consecutive_wins":5,"max_consecutive_losses":5,"max_drawdown_account":0.08743235653070036,"max_relative_drawdown":0.08743235653070036,"max_drawdown_abs":88.13162854,"drawdown_start":"2025-11-10 09:00:00","drawdown_start_ts":1762765200000.0,"drawdown_end":"2025-12-31 20:00:00","drawdown_end_ts":1767211200000.0,"drawdown_duration":"51 days 11:00:00","drawdown_duration_s":4446000.0,"max_drawdown_low":-80.13376554,"max_drawdown_high":7.997863,"csum_min":919.86623446,"csum_max":1007.997863}},"strategy_comparison":[{"key":"SupertrendFuturesStrategyV4","trades":45,"profit_mean":-0.002791843975632512,"profit_mean_pct":-0.28,"profit_total_abs":-50.34852597,"profit_total":-0.050348525969999995,"profit_total_pct":-5.03,"duration_avg":"6:27:00","wins":25,"draws":0,"losses":20,"winrate":0.5555555555555556,"cagr":-0.16728831184837956,"expectancy":-1.1188561326666653,"expectancy_ratio":-0.08753566304792215,"sortino":-244.89803435389103,"sharpe":-0.88427783835701,"calmar":-10.681291908628706,"sqn":-0.7027,"profit_factor":0.8030447581421751,"max_drawdown_account":0.08743235653070036,"max_drawdown_abs":"88.132"}]}