{"strategy":{"SupertrendFuturesStrategyV4":{"trades":[{"pair":"SOL/USDT:USDT","stake_amount":399.5992,"max_stake_amount":399.5992,"amount":6.16,"open_date":"2026-01-23 17:30:00+00:00","close_date":"2026-01-23 20:30:00+00:00","open_rate":129.74,"close_rate":127.1452,"fee_open":0.0005,"fee_close":0.0005,"trade_duration":180,"profit_ratio":-0.04195902049976015,"profit_abs":-16.77517442,"exit_reason":"stop_loss","initial_stop_loss_abs":127.1452,"initial_stop_loss_ratio":-0.04,"stop_loss_abs":127.1452,"stop_loss_ratio":-0.04,"min_rate":126.72,"max_rate":130.13,"is_open":false,"enter_tag":"","leverage":2,"is_short":false,"open_timestamp":1769189400000,"close_timestamp":1769200200000,"orders":[{"amount":6.16,"safe_price":129.74,"ft_order_side":"buy","order_filled_timestamp":1769189400000,"ft_is_entry":true,"ft_order_tag":"","cost":799.5979992000001},{"amount":6.16,"safe_price":127.1452,"ft_order_side":"sell","order_filled_timestamp":1769200200000,"ft_is_entry":false,"ft_order_tag":"stop_loss","cost":783.606039216}],"funding_fees":0.0,"weekday":4},{"pair":"DOGE/USDT:USDT","stake_amount":399.4804,"max_stake_amount":399.4804,"amount":6520.0,"open_date":"2026-01-26 04:30:00+00:00","close_date":"2026-01-27 16:00:00+00:00","open_rate":0.12254,"close_rate":0.12434,"fee_open":0.0005,"fee_close":0.0005,"trade_duration":2130,"profit_ratio":0.026864899078115366,"profit_abs":10.73736663,"exit_reason":"trailing_stop_loss","initial_stop_loss_abs":0.12009,"initial_stop_loss_ratio":-0.04,"stop_loss_abs":0.12434,"stop_loss_ratio":-0.02,"min_rate":0.12059,"max_rate":0.12559,"is_open":false,"enter_tag":"","leverage":2,"is_short":false,"open_timestamp":1769401800000,"close_timestamp":1769529600000,"orders":[{"amount":6520.0,"safe_price":0.12254,"ft_order_side":"buy","order_filled_timestamp":1769401800000,"ft_is_entry":true,"ft_order_tag":"","cost":799.3602803999999},{"amount":6520.0,"safe_price":0.12434,"ft_order_side":"sell","order_filled_timestamp":1769529600000,"ft_is_entry":false,"ft_order_tag":"trailing_stop_loss","cost":811.1021484}],"funding_fees":-0.1938045698162995,"weekday":1},{"pair":"BTC/USDT:USDT","stake_amount":396.574655,"max_stake_amount":396.574655,"amount":0.0089,"open_date":"2026-01-28 02:45:00+00:00","close_date":"2026-01-28 18:00:00+00:00","open_rate":89117.9,"close_rate":89693.307,"fee_open":0.0005,"fee_close":0.0005,"trade_duration":915,"profit_ratio":0.010688204405076628,"profit_abs":4.24079031,"exit_reason":"trailing_stop_loss","initial_stop_loss_abs":87335.54199999999,"initial_stop_loss_ratio":-0.04,"stop_loss_abs":89693.307,"stop_loss_ratio":-0.02,"min_rate":88779.9,"max_rate":90599.3,"is_open":false,"enter_tag":"","leverage":2,"is_short":false,"open_timestamp":1769568300000,"close_timestamp":1769623200000,"orders":[{"amount":0.0089,"safe_price":89117.9,"ft_order_side":"buy","order_filled_timestamp":1769568300000,"ft_is_entry":true,"ft_order_tag":"","cost":793.5458846549999},{"amount":0.0089,"safe_price":89693.307,"ft_order_side":"sell","order_filled_timestamp":1769623200000,"ft_is_entry":false,"ft_order_tag":"trailing_stop_loss","cost":798.66956751615}],"funding_fees":-0.0846221192730741,"weekday":2},{"pair":"DOGE/USDT:USDT","stake_amount":399.6055,"max_stake_amount":399.6055,"amount":6350.0,"open_date":"2026-01-27 22:15:00+00:00","close_date":"2026-01-29 01:15:00+00:00","open_rate":0.12586,"close_rate":0.12335,"fee_open":0.0005,"fee_close":0.0005,"trade_duration":1620,"profit_ratio":-0.04246323581309728,"profit_abs":-16.97702685,"exit_reason":"stop_loss","initial_stop_loss_abs":0.12335,"initial_stop_loss_ratio":-0.04,"stop_loss_abs":0.12335,"stop_loss_ratio":-0.04,"min_rate":0.12325,"max_rate":0.12766,"is_open":false,"enter_tag":"","leverage":2,"is_short":false,"open_timestamp":1769552100000,"close_timestamp":1769649300000,"orders":[{"amount":6350.0,"safe_price":0.12586,"ft_order_side":"buy","order_filled_timestamp":1769552100000,"ft_is_entry":true,"ft_order_tag":"","cost":799.6106055},{"amount":6350.0,"safe_price":0.12335,"ft_order_side":"sell","order_filled_timestamp":1769649300000,"ft_is_entry":false,"ft_order_tag":"stop_loss","cost":783.66413625}],"funding_fees":-0.24728510248620478,"weekday":3}],"locks":[],"best_pair":{"key":"BTC/USDT:USDT","trades":1,"profit_mean":0.010688204405076628,"profit_mean_pct":1.07,"profit_total_abs":4.24079031,"profit_total":0.00424079031,"profit_total_pct":0.42,"duration_avg":"15:15:00","wins":1,"draws":0,"losses":0,"winrate":1.0,"cagr":0.056714791365714,"expectancy":4.24079031,"expectancy_ratio":100.0,"sortino":-100,"sharpe":-100,"calmar":-100,"sqn":-100.0,"profit_factor":0.0,"max_drawdown_account":0.0,"max_drawdown_abs":0.0},"worst_pair":{"key":"SOL/USDT:USDT","trades":1,"profit_mean":-0.04195902049976015,"profit_mean_pct":-4.2,"profit_total_abs":-16.77517442,"profit_total":-0.01677517442,"profit_total_pct":-1.68,"duration_avg":"3:00:00","wins":0,"draws":0,"losses":1,"winrate":0.0,"cagr":-0.19790748463311847,"expectancy":-16.77517442,"expectancy_ratio":-1.0,"sortino":-100,"sharpe":-100,"calmar":-68.23204705193862,"sqn":-100.0,"profit_factor":0.0,"max_drawdown_account":0.016775174419999987,"max_drawdown_abs":16.77517442},"results_per_pair":[{"key":"BTC/USDT:USDT","trades":1,"profit_mean":0.010688204405076628,"profit_mean_pct":1.07,"profit_total_abs":4.24079031,"profit_total":0.00424079031,"profit_total_pct":0.42,"duration_avg":"15:15:00","wins":1,"draws":0,"losses":0,"winrate":1.0,"cagr":0.056714791365714,"expectancy":4.24079031,"expectancy_ratio":100.0,"sortino":-100,"sharpe":-100,"calmar":-100,"sqn":-100.0,"profit_factor":0.0,"max_drawdown_account":0.0,"max_drawdown_abs":0.0},{"key":"ETH/USDT:USDT","trades":0,"profit_mean":0.0,"profit_mean_pct":0.0,"profit_total_abs":0.0,"profit_total":0.0,"profit_total_pct":0.0,"duration_avg":"0:00","wins":0,"draws":0,"losses":0,"winrate":0.0,"cagr":0.0,"expectancy":0.0,"expectancy_ratio":100.0,"sortino":0,"sharpe":0,"calmar":0,"sqn":0.0,"profit_factor":0.0,"max_drawdown_account":0.0,"max_drawdown_abs":0.0},{"key":"DOGE/USDT:USDT","trades":2,"profit_mean":-0.0077991683674909565,"profit_mean_pct":-0.78,"profit_total_abs":-6.239660220000001,"profit_total":-0.006239660220000001,"profit_total_pct":-0.62,"duration_avg":"1 day, 7:15:00","wins":1,"draws":0,"losses":1,"winrate":0.5,"cagr":-0.07835323817629924,"expectancy":-3.1198301100000005,"expectancy_ratio":-0.1837677549529233,"sortino":-100,"sharpe":-0.30723731336670723,"calmar":-25.346968666493908,"sqn":-0.2251,"profit_factor":0.6324644900941533,"max_drawdown_account":0.016796674794565883,"max_drawdown_abs":16.97702685},{"key":"SOL/USDT:USDT","trades":1,"profit_mean":-0.04195902049976015,"profit_mean_pct":-4.2,"profit_total_abs":-16.77517442,"profit_total":-0.01677517442,"profit_total_pct":-1.68,"duration_avg":"3:00:00","wins":0,"draws":0,"losses":1,"winrate":0.0,"cagr":-0.19790748463311847,"expectancy":-16.77517442,"expectancy_ratio":-1.0,"sortino":-100,"sharpe":-100,"calmar":-68.23204705193862,"sqn":-100.0,"profit_factor":0.0,"max_drawdown_account":0.016775174419999987,"max_drawdown_abs":16.77517442},{"key":"TOTAL","trades":4,"profit_mean":-0.011717288207416358,"profit_mean_pct":-1.17,"profit_total_abs":-18.77404433,"profit_total":-0.01877404433,"profit_total_pct":-1.88,"duration_avg":"20:11:00","wins":2,"draws":0,"losses":2,"winrate":0.5,"cagr":-0.21890582747848608,"expectancy":-4.6935110825,"expectancy_ratio":-0.27811585057545485,"sortino":-126.92356253325677,"sharpe":-1.0332718004992498,"calmar":-68.23204705193842,"sqn":-0.6557,"profit_factor":0.4437682988490902,"max_drawdown_account":0.018774044330000038,"max_drawdown_abs":18.77404433}],"results_per_enter_tag":[{"key":"","trades":4,"profit_mean":-0.011717288207416358,"profit_mean_pct":-1.17,"profit_total_abs":-18.77404433,"profit_total":-0.01877404433,"profit_total_pct":-1.88,"duration_avg":"20:11:00","wins":2,"draws":0,"losses":2,"winrate":0.5,"cagr":-0.21890582747848608,"expectancy":-4.6935110825,"expectancy_ratio":-0.27811585057545485,"sortino":-126.92356253325677,"sharpe":-1.0332718004992498,"calmar":-68.23204705193842,"sqn":-0.6557,"profit_factor":0.4437682988490902,"max_drawdown_account":0.018774044330000038,"max_drawdown_abs":18.77404433},{"key":"TOTAL","trades":4,"profit_mean":-0.011717288207416358,"profit_mean_pct":-1.17,"profit_total_abs":-18.77404433,"profit_total":-0.01877404433,"profit_total_pct":-1.88,"duration_avg":"20:11:00","wins":2,"draws":0,"losses":2,"winrate":0.5,"cagr":-0.21890582747848608,"expectancy":-4.6935110825,"expectancy_ratio":-0.27811585057545485,"sortino":-126.92356253325677,"sharpe":-1.0332718004992498,"calmar":-68.23204705193842,"sqn":-0.6557,"profit_factor":0.4437682988490902,"max_drawdown_account":0.018774044330000038,"max_drawdown_abs":18.77404433}],"exit_reason_summary":[{"key":"trailing_stop_loss","trades":2,"profit_mean":0.018776551741595995,"profit_mean_pct":1.88,"profit_total_abs":14.978156940000002,"profit_total":0.01497815694,"profit_total_pct":1.5,"duration_avg":"1 day, 1:22:00","wins":2,"draws":0,"losses":0,"winrate":1.0,"cagr":0.21385732819363623,"expectancy":7.489078470000001,"expectancy_ratio":100.0,"sortino":-100,"sharpe":3.1462427553884265,"calmar":-100,"sqn":2.3055,"profit_factor":0.0,"max_drawdown_account":0.0,"max_drawdown_abs":0.0},{"key":"stop_loss","trades":2,"profit_mean":-0.04221112815642872,"profit_mean_pct":-4.22,"profit_total_abs":-33.75220127,"profit_total":-0.03375220127,"profit_total_pct":-3.38,"duration_avg":"15:00:00","wins":0,"draws":0,"losses":2,"winrate":0.0,"cagr":-0.3608273623357876,"expectancy":-16.876100635,"expectancy_ratio":-1.0,"sortino":-228.18469761906195,"sharpe":-228.18469761906195,"calmar":-68.23204705193857,"sqn":-167.2123,"profit_factor":0.0,"max_drawdown_account":0.03375220127,"max_drawdown_abs":33.75220127},{"key":"TOTAL","trades":4,"profit_mean":-0.011717288207416358,"profit_mean_pct":-1.17,"profit_total_abs":-18.77404433,"profit_total":-0.01877404433,"profit_total_pct":-1.88,"duration_avg":"20:11:00","wins":2,"draws":0,"losses":2,"winrate":0.5,"cagr":-0.21890582747848608,"expectancy":-4.6935110825,"expectancy_ratio":-0.27811585057545485,"sortino":-126.92356253325677,"sharpe":-1.0332718004992498,"calmar":-68.23204705193842,"sqn":-0.6557,"profit_factor":0.4437682988490902,"max_drawdown_account":0.018774044330000038,"max_drawdown_abs":18.77404433}],"mix_tag_stats":[{"key":["","trailing_stop_loss"],"trades":2,"profit_mean":0.018776551741595995,"profit_mean_pct":1.88,"profit_total_abs":14.978156940000002,"profit_total":0.01497815694,"profit_total_pct":1.5,"duration_avg":"1 day, 1:22:00","wins":2,"draws":0,"losses":0,"winrate":1.0,"cagr":0.21385732819363623,"expectancy":7.489078470000001,"expectancy_ratio":100.0,"sortino":-100,"sharpe":3.1462427553884265,"calmar":-100,"sqn":2.3055,"profit_factor":0.0,"max_drawdown_account":0.0,"max_drawdown_abs":0.0},{"key":["","stop_loss"],"trades":2,"profit_mean":-0.04221112815642872,"profit_mean_pct":-4.22,"profit_total_abs":-33.75220127,"profit_total":-0.03375220127,"profit_total_pct":-3.38,"duration_avg":"15:00:00","wins":0,"draws":0,"losses":2,"winrate":0.0,"cagr":-0.3608273623357876,"expectancy":-16.876100635,"expectancy_ratio":-1.0,"sortino":-228.18469761906195,"sharpe":-228.18469761906195,"calmar":-68.23204705193857,"sqn":-167.2123,"profit_factor":0.0,"max_drawdown_account":0.03375220127,"max_drawdown_abs":33.75220127},{"key":"TOTAL","trades":4,"profit_mean":-0.011717288207416358,"profit_mean_pct":-1.17,"profit_total_abs":-18.77404433,"profit_total":-0.01877404433,"profit_total_pct":-1.88,"duration_avg":"20:11:00","wins":2,"draws":0,"losses":2,"winrate":0.5,"cagr":-0.21890582747848608,"expectancy":-4.6935110825,"expectancy_ratio":-0.27811585057545485,"sortino":-126.92356253325677,"sharpe":-1.0332718004992498,"calmar":-68.23204705193842,"sqn":-0.6557,"profit_factor":0.4437682988490902,"max_drawdown_account":0.018774044330000038,"max_drawdown_abs":18.77404433}],"left_open_trades":[{"key":"TOTAL","trades":0,"profit_mean":0.0,"profit_mean_pct":0.0,"profit_total_abs":0.0,"profit_total":0.0,"profit_total_pct":0.0,"duration_avg":"0:00","wins":0,"draws":0,"losses":0,"winrate":0.0,"cagr":0.0,"expectancy":0.0,"expectancy_ratio":100.0,"sortino":0,"sharpe":0,"calmar":0,"sqn":0.0,"profit_factor":0.0,"max_drawdown_account":0.0,"max_drawdown_abs":0.0}],"total_trades":4,"trade_count_long":4,"trade_count_short":0,"total_volume":6369.15666113715,"avg_stake_amount":398.81493875,"profit_mean":-0.011717288207416358,"profit_median":-0.01563540804734176,"profit_total":-0.01877404433,"profit_total_long":-0.01877404433,"profit_total_short":0.0,"profit_total_abs":-18.77404433,"profit_total_long_abs":-18.77404433,"profit_total_short_abs":0.0,"cagr":-0.21890582747848608,"expectancy":-4.6935110825,"expectancy_ratio":-0.27811585057545485,"sortino":-126.92356253325677,"sharpe":-1.0332718004992498,"calmar":-68.23204705193842,"sqn":-0.6557,"profit_factor":0.4437682988490902,"backtest_start":"2026-01-22 02:00:00","backtest_start_ts":1769047200000,"backtest_end":"2026-02-20 01:45:00","backtest_end_ts":1771551900000,"backtest_days":28,"backtest_run_start_ts":1771664435,"backtest_run_end_ts":1771664436,"trades_per_day":0.14,"market_change":-0.29961127587577524,"pairlist":["BTC/USDT:USDT","ETH/USDT:USDT","SOL/USDT:USDT","DOGE/USDT:USDT"],"stake_amount":400,"stake_currency":"USDT","stake_currency_decimals":3,"starting_balance":1000,"dry_run_wallet":1000,"final_balance":981.22595567,"rejected_signals":0,"timedout_entry_orders":0,"timedout_exit_orders":0,"canceled_trade_entries":0,"canceled_entry_orders":0,"replaced_entry_orders":0,"max_open_trades":2,"max_open_trades_setting":2,"timeframe":"15m","timeframe_detail":"","timerange":"20251123-20260221","enable_protections":false,"strategy_name":"SupertrendFuturesStrategyV4","freqaimodel":null,"freqai_identifier":null,"stoploss":-0.04,"trailing_stop":true,"trailing_stop_positive":0.02,"trailing_stop_positive_offset":0.03,"trailing_only_offset_is_reached":true,"use_custom_stoploss":false,"minimal_roi":{"0":0.06},"use_exit_signal":true,"exit_profit_only":false,"exit_profit_offset":0.0,"ignore_roi_if_entry_signal":false,"trading_mode":"futures","margin_mode":"isolated","periodic_breakdown":{"day":[{"date":"23/01/2026","date_ts":1769126400000,"profit_abs":-16.77517442,"wins":0,"draws":0,"losses":1,"trades":1,"profit_factor":0.0},{"date":"24/01/2026","date_ts":1769212800000,"profit_abs":0.0,"wins":0,"draws":0,"losses":0,"trades":0,"profit_factor":0.0},{"date":"25/01/2026","date_ts":1769299200000,"profit_abs":0.0,"wins":0,"draws":0,"losses":0,"trades":0,"profit_factor":0.0},{"date":"26/01/2026","date_ts":1769385600000,"profit_abs":0.0,"wins":0,"draws":0,"losses":0,"trades":0,"profit_factor":0.0},{"date":"27/01/2026","date_ts":1769472000000,"profit_abs":10.73736663,"wins":1,"draws":0,"losses":0,"trades":1,"profit_factor":0.0},{"date":"28/01/2026","date_ts":1769558400000,"profit_abs":4.24079031,"wins":1,"draws":0,"losses":0,"trades":1,"profit_factor":0.0},{"date":"29/01/2026","date_ts":1769644800000,"profit_abs":-16.97702685,"wins":0,"draws":0,"losses":1,"trades":1,"profit_factor":0.0}],"week":[{"date":"26/01/2026","date_ts":1769385600000,"profit_abs":-16.77517442,"wins":0,"draws":0,"losses":1,"trades":1,"profit_factor":0.0},{"date":"02/02/2026","date_ts":1769990400000,"profit_abs":-1.99886991,"wins":2,"draws":0,"losses":1,"trades":3,"profit_factor":0.88226031}],"month":[{"date":"31/01/2026","date_ts":1769817600000,"profit_abs":-18.77404433,"wins":2,"draws":0,"losses":2,"trades":4,"profit_factor":0.4437683}],"year":[{"date":"31/12/2026","date_ts":1798675200000,"profit_abs":-18.77404433,"wins":2,"draws":0,"losses":2,"trades":4,"profit_factor":0.4437683}],"weekday":[{"date":"Tuesday","date_ts":1,"profit_abs":10.73736663,"wins":1,"draws":0,"losses":0,"trades":1,"profit_factor":0.0},{"date":"Wednesday","date_ts":2,"profit_abs":4.24079031,"wins":1,"draws":0,"losses":0,"trades":1,"profit_factor":0.0},{"date":"Thursday","date_ts":3,"profit_abs":-16.97702685,"wins":0,"draws":0,"losses":1,"trades":1,"profit_factor":0.0},{"date":"Friday","date_ts":4,"profit_abs":-16.77517442,"wins":0,"draws":0,"losses":1,"trades":1,"profit_factor":0.0}]},"backtest_best_day":0.026864899078115366,"backtest_worst_day":-0.04246323581309728,"backtest_best_day_abs":10.73736663,"backtest_worst_day_abs":-16.97702685,"winning_days":2,"draw_days":3,"losing_days":2,"daily_profit":[["2026-01-23",-16.77517442],["2026-01-24",0.0],["2026-01-25",0.0],["2026-01-26",0.0],["2026-01-27",10.73736663],["2026-01-28",4.24079031],["2026-01-29",-16.97702685]],"wins":2,"losses":2,"draws":0,"winrate":0.5,"holding_avg":"20:11:00","holding_avg_s":72660.0,"winner_holding_min":"0d 15:15","winner_holding_min_s":54900.0,"winner_holding_max":"1d 11:30","winner_holding_max_s":127800.0,"winner_holding_avg":"1d 01:22","winner_holding_avg_s":91320.0,"loser_holding_min":"0d 03:00","loser_holding_min_s":10800.0,"loser_holding_max":"1d 03:00","loser_holding_max_s":97200.0,"loser_holding_avg":"0d 15:00","loser_holding_avg_s":54000.0,"max_consecutive_wins":2,"max_consecutive_losses":1,"max_drawdown_account":0.018774044330000038,"max_relative_drawdown":0.018774044330000038,"max_drawdown_abs":18.77404433,"drawdown_start":"2026-01-23 20:30:00","drawdown_start_ts":1769200200000.0,"drawdown_end":"2026-01-29 01:15:00","drawdown_end_ts":1769649300000.0,"drawdown_duration":"5 days 04:45:00","drawdown_duration_s":449100.0,"max_drawdown_low":-18.77404433,"max_drawdown_high":0.0,"csum_min":981.22595567,"csum_max":998.20298252}},"strategy_comparison":[{"key":"SupertrendFuturesStrategyV4","trades":4,"profit_mean":-0.011717288207416358,"profit_mean_pct":-1.17,"profit_total_abs":-18.77404433,"profit_total":-0.01877404433,"profit_total_pct":-1.88,"duration_avg":"20:11:00","wins":2,"draws":0,"losses":2,"winrate":0.5,"cagr":-0.21890582747848608,"expectancy":-4.6935110825,"expectancy_ratio":-0.27811585057545485,"sortino":-126.92356253325677,"sharpe":-1.0332718004992498,"calmar":-68.23204705193842,"sqn":-0.6557,"profit_factor":0.4437682988490902,"max_drawdown_account":0.018774044330000038,"max_drawdown_abs":"18.774"}]}