{"strategy":{"SupertrendFuturesStrategyV4":{"trades":[{"pair":"SOL/USDT:USDT","stake_amount":399.3468,"max_stake_amount":399.3468,"amount":4.02,"open_date":"2025-10-26 16:30:00+00:00","close_date":"2025-10-26 22:00:00+00:00","open_rate":198.68,"close_rate":200.4057,"fee_open":0.0005,"fee_close":0.0005,"trade_duration":330,"profit_ratio":0.015355289430518598,"profit_abs":6.13515174,"exit_reason":"trailing_stop_loss","initial_stop_loss_abs":195.6998,"initial_stop_loss_ratio":-0.03,"stop_loss_abs":200.4057,"stop_loss_ratio":-0.02,"min_rate":196.78,"max_rate":202.43,"is_open":false,"enter_tag":"","leverage":2,"is_short":false,"open_timestamp":1761496200000,"close_timestamp":1761516000000,"orders":[{"amount":4.02,"safe_price":198.68,"ft_order_side":"buy","order_filled_timestamp":1761496200000,"ft_is_entry":true,"ft_order_tag":"","cost":799.0929467999999},{"amount":4.02,"safe_price":200.4057,"ft_order_side":"sell","order_filled_timestamp":1761516000000,"ft_is_entry":false,"ft_order_tag":"trailing_stop_loss","cost":806.0337294569998}],"funding_fees":0.0,"weekday":6},{"pair":"DOGE/USDT:USDT","stake_amount":399.9402,"max_stake_amount":399.9402,"amount":3960.0,"open_date":"2025-10-26 16:30:00+00:00","close_date":"2025-10-26 22:00:00+00:00","open_rate":0.20199,"close_rate":0.20537,"fee_open":0.0005,"fee_close":0.0005,"trade_duration":330,"profit_ratio":0.031434552539067864,"profit_abs":12.5782272,"exit_reason":"trailing_stop_loss","initial_stop_loss_abs":0.19897,"initial_stop_loss_ratio":-0.03,"stop_loss_abs":0.20537,"stop_loss_ratio":-0.02,"min_rate":0.20021,"max_rate":0.20744,"is_open":false,"enter_tag":"","leverage":2,"is_short":false,"open_timestamp":1761496200000,"close_timestamp":1761516000000,"orders":[{"amount":3960.0,"safe_price":0.20199,"ft_order_side":"buy","order_filled_timestamp":1761496200000,"ft_is_entry":true,"ft_order_tag":"","cost":800.2803402},{"amount":3960.0,"safe_price":0.20537,"ft_order_side":"sell","order_filled_timestamp":1761516000000,"ft_is_entry":false,"ft_order_tag":"trailing_stop_loss","cost":813.6718325999999}],"funding_fees":0.0,"weekday":6},{"pair":"DOGE/USDT:USDT","stake_amount":399.46515,"max_stake_amount":399.46515,"amount":3910.0,"open_date":"2025-10-26 22:30:00+00:00","close_date":"2025-10-27 02:30:00+00:00","open_rate":0.20433,"close_rate":0.20738,"fee_open":0.0005,"fee_close":0.0005,"trade_duration":240,"profit_ratio":0.027824828837477708,"profit_abs":11.12060695,"exit_reason":"trailing_stop_loss","initial_stop_loss_abs":0.20127,"initial_stop_loss_ratio":-0.03,"stop_loss_abs":0.20738,"stop_loss_ratio":-0.02,"min_rate":0.20381,"max_rate":0.20947,"is_open":false,"enter_tag":"","leverage":2,"is_short":false,"open_timestamp":1761517800000,"close_timestamp":1761532200000,"orders":[{"amount":3910.0,"safe_price":0.20433,"ft_order_side":"buy","order_filled_timestamp":1761517800000,"ft_is_entry":true,"ft_order_tag":"","cost":799.3297651500001},{"amount":3910.0,"safe_price":0.20738,"ft_order_side":"sell","order_filled_timestamp":1761532200000,"ft_is_entry":false,"ft_order_tag":"trailing_stop_loss","cost":811.2612279}],"funding_fees":0.0,"weekday":0},{"pair":"BTC/USDT:USDT","stake_amount":394.489905,"max_stake_amount":394.489905,"amount":0.0069,"open_date":"2025-10-26 23:30:00+00:00","close_date":"2025-10-27 08:00:00+00:00","open_rate":114344.9,"close_rate":115236.297,"fee_open":0.0005,"fee_close":0.0005,"trade_duration":510,"profit_ratio":0.013576789035682813,"profit_abs":5.35858417,"exit_reason":"trailing_stop_loss","initial_stop_loss_abs":112629.72649999999,"initial_stop_loss_ratio":-0.03,"stop_loss_abs":115236.297,"stop_loss_ratio":-0.02,"min_rate":114326.3,"max_rate":116400.3,"is_open":false,"enter_tag":"","leverage":2,"is_short":false,"open_timestamp":1761521400000,"close_timestamp":1761552000000,"orders":[{"amount":0.0069,"safe_price":114344.9,"ft_order_side":"buy","order_filled_timestamp":1761521400000,"ft_is_entry":true,"ft_order_tag":"","cost":789.3742999049999},{"amount":0.0069,"safe_price":115236.297,"ft_order_side":"sell","order_filled_timestamp":1761552000000,"ft_is_entry":false,"ft_order_tag":"trailing_stop_loss","cost":795.52801452465}],"funding_fees":0.0,"weekday":0},{"pair":"DOGE/USDT:USDT","stake_amount":399.4368,"max_stake_amount":399.4368,"amount":3840.0,"open_date":"2025-10-27 06:30:00+00:00","close_date":"2025-10-27 08:00:00+00:00","open_rate":0.20804,"close_rate":0.20492,"fee_open":0.0005,"fee_close":0.0005,"trade_duration":90,"profit_ratio":-0.03196325313597768,"profit_abs":-12.7736832,"exit_reason":"stop_loss","initial_stop_loss_abs":0.20492,"initial_stop_loss_ratio":-0.03,"stop_loss_abs":0.20492,"stop_loss_ratio":-0.03,"min_rate":0.20392,"max_rate":0.20859,"is_open":false,"enter_tag":"","leverage":2,"is_short":false,"open_timestamp":1761546600000,"close_timestamp":1761552000000,"orders":[{"amount":3840.0,"safe_price":0.20804,"ft_order_side":"buy","order_filled_timestamp":1761546600000,"ft_is_entry":true,"ft_order_tag":"","cost":799.2730368},{"amount":3840.0,"safe_price":0.20492,"ft_order_side":"sell","order_filled_timestamp":1761552000000,"ft_is_entry":false,"ft_order_tag":"stop_loss","cost":787.2862463999999}],"funding_fees":0.0,"weekday":0},{"pair":"SOL/USDT:USDT","stake_amount":399.898,"max_stake_amount":399.898,"amount":3.95,"open_date":"2025-10-27 08:00:00+00:00","close_date":"2025-10-27 09:00:00+00:00","open_rate":202.48,"close_rate":199.44279999999998,"fee_open":0.0005,"fee_close":0.0005,"trade_duration":60,"profit_ratio":-0.031969015492253866,"profit_abs":-12.79073753,"exit_reason":"stop_loss","initial_stop_loss_abs":199.44279999999998,"initial_stop_loss_ratio":-0.03,"stop_loss_abs":199.44279999999998,"stop_loss_ratio":-0.03,"min_rate":197.91,"max_rate":202.51,"is_open":false,"enter_tag":"","leverage":2,"is_short":false,"open_timestamp":1761552000000,"close_timestamp":1761555600000,"orders":[{"amount":3.95,"safe_price":202.48,"ft_order_side":"buy","order_filled_timestamp":1761552000000,"ft_is_entry":true,"ft_order_tag":"","cost":800.195898},{"amount":3.95,"safe_price":199.44279999999998,"ft_order_side":"sell","order_filled_timestamp":1761555600000,"ft_is_entry":false,"ft_order_tag":"stop_loss","cost":788.1929595299999}],"funding_fees":0.0,"weekday":0},{"pair":"ETH/USDT:USDT","stake_amount":399.0,"max_stake_amount":399.0,"amount":0.19,"open_date":"2025-10-27 08:00:00+00:00","close_date":"2025-10-27 11:00:00+00:00","open_rate":4200.0,"close_rate":4137.0,"fee_open":0.0005,"fee_close":0.0005,"trade_duration":180,"profit_ratio":-0.03196901549225387,"profit_abs":-12.762015,"exit_reason":"stop_loss","initial_stop_loss_abs":4137.0,"initial_stop_loss_ratio":-0.03,"stop_loss_abs":4137.0,"stop_loss_ratio":-0.03,"min_rate":4130.01,"max_rate":4200.15,"is_open":false,"enter_tag":"","leverage":2,"is_short":false,"open_timestamp":1761552000000,"close_timestamp":1761562800000,"orders":[{"amount":0.19,"safe_price":4200.0,"ft_order_side":"buy","order_filled_timestamp":1761552000000,"ft_is_entry":true,"ft_order_tag":"","cost":798.399},{"amount":0.19,"safe_price":4137.0,"ft_order_side":"sell","order_filled_timestamp":1761562800000,"ft_is_entry":false,"ft_order_tag":"stop_loss","cost":786.423015}],"funding_fees":0.0,"weekday":0},{"pair":"BTC/USDT:USDT","stake_amount":396.70722,"max_stake_amount":396.70722,"amount":0.0069,"open_date":"2025-10-27 09:00:00+00:00","close_date":"2025-10-28 20:00:00+00:00","open_rate":114987.6,"close_rate":113262.78600000001,"fee_open":0.0005,"fee_close":0.0005,"trade_duration":2100,"profit_ratio":-0.03196901548797074,"profit_abs":-12.68868043,"exit_reason":"stop_loss","initial_stop_loss_abs":113262.78600000001,"initial_stop_loss_ratio":-0.03,"stop_loss_abs":113262.78600000001,"stop_loss_ratio":-0.03,"min_rate":112366.0,"max_rate":116055.5,"is_open":false,"enter_tag":"","leverage":2,"is_short":false,"open_timestamp":1761555600000,"close_timestamp":1761681600000,"orders":[{"amount":0.0069,"safe_price":114987.6,"ft_order_side":"buy","order_filled_timestamp":1761555600000,"ft_is_entry":true,"ft_order_tag":"","cost":793.81114722},{"amount":0.0069,"safe_price":113262.78600000001,"ft_order_side":"sell","order_filled_timestamp":1761681600000,"ft_is_entry":false,"ft_order_tag":"stop_loss","cost":781.9039800117}],"funding_fees":0.0,"weekday":1},{"pair":"BTC/USDT:USDT","stake_amount":397.908,"max_stake_amount":397.908,"amount":0.0072,"open_date":"2025-11-02 10:30:00+00:00","close_date":"2025-11-03 02:30:00+00:00","open_rate":110530.0,"close_rate":108872.05,"fee_open":0.0005,"fee_close":0.0005,"trade_duration":960,"profit_ratio":-0.03196901549225387,"profit_abs":-12.72708738,"exit_reason":"stop_loss","initial_stop_loss_abs":108872.05,"initial_stop_loss_ratio":-0.03,"stop_loss_abs":108872.05,"stop_loss_ratio":-0.03,"min_rate":108603.0,"max_rate":111199.7,"is_open":false,"enter_tag":"","leverage":2,"is_short":false,"open_timestamp":1762079400000,"close_timestamp":1762137000000,"orders":[{"amount":0.0072,"safe_price":110530.0,"ft_order_side":"buy","order_filled_timestamp":1762079400000,"ft_is_entry":true,"ft_order_tag":"","cost":796.213908},{"amount":0.0072,"safe_price":108872.05,"ft_order_side":"sell","order_filled_timestamp":1762137000000,"ft_is_entry":false,"ft_order_tag":"stop_loss","cost":784.2706993799999}],"funding_fees":0.0,"weekday":0},{"pair":"ETH/USDT:USDT","stake_amount":398.814315,"max_stake_amount":398.814315,"amount":0.223,"open_date":"2025-11-09 23:30:00+00:00","close_date":"2025-11-10 00:30:00+00:00","open_rate":3576.81,"close_rate":3614.8959,"fee_open":0.0005,"fee_close":0.0005,"trade_duration":60,"profit_ratio":0.019275729286733833,"profit_abs":7.69128049,"exit_reason":"trailing_stop_loss","initial_stop_loss_abs":3523.15785,"initial_stop_loss_ratio":-0.03,"stop_loss_abs":3614.8959,"stop_loss_ratio":-0.02,"min_rate":3551.68,"max_rate":3651.41,"is_open":false,"enter_tag":"","leverage":2,"is_short":false,"open_timestamp":1762731000000,"close_timestamp":1762734600000,"orders":[{"amount":0.223,"safe_price":3576.81,"ft_order_side":"buy","order_filled_timestamp":1762731000000,"ft_is_entry":true,"ft_order_tag":"","cost":798.027444315},{"amount":0.223,"safe_price":3614.8959,"ft_order_side":"sell","order_filled_timestamp":1762734600000,"ft_is_entry":false,"ft_order_tag":"trailing_stop_loss","cost":806.5248465928499}],"funding_fees":0.0,"weekday":0},{"pair":"BTC/USDT:USDT","stake_amount":396.91,"max_stake_amount":396.91,"amount":0.0076,"open_date":"2025-11-09 20:30:00+00:00","close_date":"2025-11-10 02:00:00+00:00","open_rate":104450.0,"close_rate":105560.037,"fee_open":0.0005,"fee_close":0.0005,"trade_duration":330,"profit_ratio":0.019234652306760882,"profit_abs":7.63824306,"exit_reason":"trailing_stop_loss","initial_stop_loss_abs":102883.25,"initial_stop_loss_ratio":-0.03,"stop_loss_abs":105560.037,"stop_loss_ratio":-0.02,"min_rate":104000.0,"max_rate":106626.3,"is_open":false,"enter_tag":"","leverage":2,"is_short":false,"open_timestamp":1762720200000,"close_timestamp":1762740000000,"orders":[{"amount":0.0076,"safe_price":104450.0,"ft_order_side":"buy","order_filled_timestamp":1762720200000,"ft_is_entry":true,"ft_order_tag":"","cost":794.21691},{"amount":0.0076,"safe_price":105560.037,"ft_order_side":"sell","order_filled_timestamp":1762740000000,"ft_is_entry":false,"ft_order_tag":"trailing_stop_loss","cost":802.6574093406}],"funding_fees":0.0,"weekday":0},{"pair":"ETH/USDT:USDT","stake_amount":398.6121,"max_stake_amount":398.6121,"amount":0.222,"open_date":"2025-11-10 12:30:00+00:00","close_date":"2025-11-10 14:30:00+00:00","open_rate":3591.1,"close_rate":3537.2335,"fee_open":0.0005,"fee_close":0.0005,"trade_duration":120,"profit_ratio":-0.031969015496015045,"profit_abs":-12.74960802,"exit_reason":"stop_loss","initial_stop_loss_abs":3537.2335,"initial_stop_loss_ratio":-0.03,"stop_loss_abs":3537.2335,"stop_loss_ratio":-0.03,"min_rate":3527.37,"max_rate":3620.59,"is_open":false,"enter_tag":"","leverage":2,"is_short":false,"open_timestamp":1762777800000,"close_timestamp":1762785000000,"orders":[{"amount":0.222,"safe_price":3591.1,"ft_order_side":"buy","order_filled_timestamp":1762777800000,"ft_is_entry":true,"ft_order_tag":"","cost":797.6228120999999},{"amount":0.222,"safe_price":3537.2335,"ft_order_side":"sell","order_filled_timestamp":1762785000000,"ft_is_entry":false,"ft_order_tag":"stop_loss","cost":785.6584699184999}],"funding_fees":0.0,"weekday":0},{"pair":"BTC/USDT:USDT","stake_amount":398.4375,"max_stake_amount":398.4375,"amount":0.0075,"open_date":"2025-11-10 13:30:00+00:00","close_date":"2025-11-10 14:30:00+00:00","open_rate":106250.0,"close_rate":104656.25,"fee_open":0.0005,"fee_close":0.0005,"trade_duration":60,"profit_ratio":-0.031969015498525245,"profit_abs":-12.74402344,"exit_reason":"stop_loss","initial_stop_loss_abs":104656.25,"initial_stop_loss_ratio":-0.03,"stop_loss_abs":104656.25,"stop_loss_ratio":-0.03,"min_rate":104650.0,"max_rate":106555.0,"is_open":false,"enter_tag":"","leverage":2,"is_short":false,"open_timestamp":1762781400000,"close_timestamp":1762785000000,"orders":[{"amount":0.0075,"safe_price":106250.0,"ft_order_side":"buy","order_filled_timestamp":1762781400000,"ft_is_entry":true,"ft_order_tag":"","cost":797.2734375},{"amount":0.0075,"safe_price":104656.25,"ft_order_side":"sell","order_filled_timestamp":1762785000000,"ft_is_entry":false,"ft_order_tag":"stop_loss","cost":785.3143359375}],"funding_fees":0.0,"weekday":0},{"pair":"ETH/USDT:USDT","stake_amount":399.86628,"max_stake_amount":399.86628,"amount":0.264,"open_date":"2025-12-03 03:00:00+00:00","close_date":"2025-12-03 06:00:00+00:00","open_rate":3029.29,"close_rate":3054.15,"fee_open":0.0005,"fee_close":0.0005,"trade_duration":180,"profit_ratio":0.014397681510746135,"profit_abs":5.76002592,"exit_reason":"trailing_stop_loss","initial_stop_loss_abs":2983.85065,"initial_stop_loss_ratio":-0.03,"stop_loss_abs":3054.15,"stop_loss_ratio":-0.02,"min_rate":3019.06,"max_rate":3085.0,"is_open":false,"enter_tag":"","leverage":2,"is_short":false,"open_timestamp":1764730800000,"close_timestamp":1764741600000,"orders":[{"amount":0.264,"safe_price":3029.29,"ft_order_side":"buy","order_filled_timestamp":1764730800000,"ft_is_entry":true,"ft_order_tag":"","cost":800.13242628},{"amount":0.264,"safe_price":3054.15,"ft_order_side":"sell","order_filled_timestamp":1764741600000,"ft_is_entry":false,"ft_order_tag":"trailing_stop_loss","cost":806.6987478}],"funding_fees":0.0,"weekday":2},{"pair":"DOGE/USDT:USDT","stake_amount":399.72945,"max_stake_amount":399.72945,"amount":5430.0,"open_date":"2025-12-03 03:00:00+00:00","close_date":"2025-12-03 06:30:00+00:00","open_rate":0.14723,"close_rate":0.15179641320660328,"fee_open":0.0005,"fee_close":0.0005,"trade_duration":210,"profit_ratio":0.05997001499250375,"profit_abs":23.983767,"exit_reason":"roi","initial_stop_loss_abs":0.14503,"initial_stop_loss_ratio":-0.03,"stop_loss_abs":0.15015,"stop_loss_ratio":-0.02,"min_rate":0.14699,"max_rate":0.15199,"is_open":false,"enter_tag":"","leverage":2,"is_short":false,"open_timestamp":1764730800000,"close_timestamp":1764743400000,"orders":[{"amount":5430.0,"safe_price":0.14723,"ft_order_side":"buy","order_filled_timestamp":1764730800000,"ft_is_entry":true,"ft_order_tag":"","cost":799.85862945},{"amount":5430.0,"safe_price":0.15179641320660328,"ft_order_side":"sell","order_filled_timestamp":1764743400000,"ft_is_entry":false,"ft_order_tag":"roi","cost":824.6666509737116}],"funding_fees":0.0,"weekday":2},{"pair":"ETH/USDT:USDT","stake_amount":398.541,"max_stake_amount":398.541,"amount":0.26,"open_date":"2025-12-03 07:00:00+00:00","close_date":"2025-12-03 14:30:00+00:00","open_rate":3065.7,"close_rate":3114.3519,"fee_open":0.0005,"fee_close":0.0005,"trade_duration":450,"profit_ratio":0.029685867256791162,"profit_abs":11.83695074,"exit_reason":"trailing_stop_loss","initial_stop_loss_abs":3019.7144999999996,"initial_stop_loss_ratio":-0.03,"stop_loss_abs":3114.3519,"stop_loss_ratio":-0.02,"min_rate":3027.89,"max_rate":3145.81,"is_open":false,"enter_tag":"","leverage":2,"is_short":false,"open_timestamp":1764745200000,"close_timestamp":1764772200000,"orders":[{"amount":0.26,"safe_price":3065.7,"ft_order_side":"buy","order_filled_timestamp":1764745200000,"ft_is_entry":true,"ft_order_tag":"","cost":797.4805409999999},{"amount":0.26,"safe_price":3114.3519,"ft_order_side":"sell","order_filled_timestamp":1764772200000,"ft_is_entry":false,"ft_order_tag":"trailing_stop_loss","cost":810.136359747}],"funding_fees":-0.009136513274178583,"weekday":2},{"pair":"ETH/USDT:USDT","stake_amount":399.7643,"max_stake_amount":399.7643,"amount":0.26,"open_date":"2025-12-03 15:00:00+00:00","close_date":"2025-12-03 17:30:00+00:00","open_rate":3075.11,"close_rate":3101.3433,"fee_open":0.0005,"fee_close":0.0005,"trade_duration":150,"profit_ratio":0.015057593451559024,"profit_abs":6.02249805,"exit_reason":"trailing_stop_loss","initial_stop_loss_abs":3028.98335,"initial_stop_loss_ratio":-0.03,"stop_loss_abs":3101.3433,"stop_loss_ratio":-0.02,"min_rate":3054.0,"max_rate":3132.67,"is_open":false,"enter_tag":"","leverage":2,"is_short":false,"open_timestamp":1764774000000,"close_timestamp":1764783000000,"orders":[{"amount":0.26,"safe_price":3075.11,"ft_order_side":"buy","order_filled_timestamp":1764774000000,"ft_is_entry":true,"ft_order_tag":"","cost":799.9283643},{"amount":0.26,"safe_price":3101.3433,"ft_order_side":"sell","order_filled_timestamp":1764783000000,"ft_is_entry":false,"ft_order_tag":"trailing_stop_loss","cost":806.752432629}],"funding_fees":0.004778981317308709,"weekday":2},{"pair":"ETH/USDT:USDT","stake_amount":398.81875,"max_stake_amount":398.81875,"amount":0.25,"open_date":"2025-12-04 05:00:00+00:00","close_date":"2025-12-04 14:30:00+00:00","open_rate":3190.55,"close_rate":3142.69175,"fee_open":0.0005,"fee_close":0.0005,"trade_duration":570,"profit_ratio":-0.03198357538411218,"profit_abs":-12.76202738,"exit_reason":"stop_loss","initial_stop_loss_abs":3142.69175,"initial_stop_loss_ratio":-0.03,"stop_loss_abs":3142.69175,"stop_loss_ratio":-0.03,"min_rate":3137.53,"max_rate":3219.9,"is_open":false,"enter_tag":"","leverage":2,"is_short":false,"open_timestamp":1764824400000,"close_timestamp":1764858600000,"orders":[{"amount":0.25,"safe_price":3190.55,"ft_order_side":"buy","order_filled_timestamp":1764824400000,"ft_is_entry":true,"ft_order_tag":"","cost":798.03631875},{"amount":0.25,"safe_price":3142.69175,"ft_order_side":"sell","order_filled_timestamp":1764858600000,"ft_is_entry":false,"ft_order_tag":"stop_loss","cost":786.0657739687499}],"funding_fees":-0.005809661618161937,"weekday":3},{"pair":"SOL/USDT:USDT","stake_amount":399.4845,"max_stake_amount":399.4845,"amount":5.7,"open_date":"2025-12-05 07:30:00+00:00","close_date":"2025-12-05 08:30:00+00:00","open_rate":140.17,"close_rate":138.06744999999998,"fee_open":0.0005,"fee_close":0.0005,"trade_duration":60,"profit_ratio":-0.03193033119884025,"profit_abs":-12.76205023,"exit_reason":"stop_loss","initial_stop_loss_abs":138.06744999999998,"initial_stop_loss_ratio":-0.03,"stop_loss_abs":138.06744999999998,"stop_loss_ratio":-0.03,"min_rate":137.74,"max_rate":140.34,"is_open":false,"enter_tag":"","leverage":2,"is_short":false,"open_timestamp":1764919800000,"close_timestamp":1764923400000,"orders":[{"amount":5.7,"safe_price":140.17,"ft_order_side":"buy","order_filled_timestamp":1764919800000,"ft_is_entry":true,"ft_order_tag":"","cost":799.3684844999999},{"amount":5.7,"safe_price":138.06744999999998,"ft_order_side":"sell","order_filled_timestamp":1764923400000,"ft_is_entry":false,"ft_order_tag":"stop_loss","cost":787.3779572324999}],"funding_fees":0.015461501416634117,"weekday":4},{"pair":"SOL/USDT:USDT","stake_amount":399.93135,"max_stake_amount":399.93135,"amount":5.81,"open_date":"2025-12-08 12:30:00+00:00","close_date":"2025-12-08 15:00:00+00:00","open_rate":137.67,"close_rate":135.60494999999997,"fee_open":0.0005,"fee_close":0.0005,"trade_duration":150,"profit_ratio":-0.03196901549287867,"profit_abs":-12.79180423,"exit_reason":"stop_loss","initial_stop_loss_abs":135.60494999999997,"initial_stop_loss_ratio":-0.03,"stop_loss_abs":135.60494999999997,"stop_loss_ratio":-0.03,"min_rate":135.29,"max_rate":139.25,"is_open":false,"enter_tag":"","leverage":2,"is_short":false,"open_timestamp":1765197000000,"close_timestamp":1765206000000,"orders":[{"amount":5.81,"safe_price":137.67,"ft_order_side":"buy","order_filled_timestamp":1765197000000,"ft_is_entry":true,"ft_order_tag":"","cost":800.2626313499999},{"amount":5.81,"safe_price":135.60494999999997,"ft_order_side":"sell","order_filled_timestamp":1765206000000,"ft_is_entry":false,"ft_order_tag":"stop_loss","cost":788.2586918797497}],"funding_fees":0.0,"weekday":0},{"pair":"DOGE/USDT:USDT","stake_amount":399.384,"max_stake_amount":399.384,"amount":5400.0,"open_date":"2025-12-09 22:00:00+00:00","close_date":"2025-12-10 09:00:00+00:00","open_rate":0.14792,"close_rate":0.14571,"fee_open":0.0005,"fee_close":0.0005,"trade_duration":660,"profit_ratio":-0.03210319979725299,"profit_abs":-12.8279151,"exit_reason":"stop_loss","initial_stop_loss_abs":0.14571,"initial_stop_loss_ratio":-0.03,"stop_loss_abs":0.14571,"stop_loss_ratio":-0.03,"min_rate":0.14563,"max_rate":0.1492,"is_open":false,"enter_tag":"","leverage":2,"is_short":false,"open_timestamp":1765317600000,"close_timestamp":1765357200000,"orders":[{"amount":5400.0,"safe_price":0.14792,"ft_order_side":"buy","order_filled_timestamp":1765317600000,"ft_is_entry":true,"ft_order_tag":"","cost":799.167384},{"amount":5400.0,"safe_price":0.14571,"ft_order_side":"sell","order_filled_timestamp":1765357200000,"ft_is_entry":false,"ft_order_tag":"stop_loss","cost":787.2274170000001}],"funding_fees":-0.10111409851239755,"weekday":2},{"pair":"BTC/USDT:USDT","stake_amount":395.395775,"max_stake_amount":395.395775,"amount":0.0085,"open_date":"2025-12-09 20:30:00+00:00","close_date":"2025-12-10 14:30:00+00:00","open_rate":93034.3,"close_rate":91638.7855,"fee_open":0.0005,"fee_close":0.0005,"trade_duration":1080,"profit_ratio":-0.03198826784889517,"profit_abs":-12.65434997,"exit_reason":"stop_loss","initial_stop_loss_abs":91638.7855,"initial_stop_loss_ratio":-0.03,"stop_loss_abs":91638.7855,"stop_loss_ratio":-0.03,"min_rate":91553.6,"max_rate":93236.7,"is_open":false,"enter_tag":"","leverage":2,"is_short":false,"open_timestamp":1765312200000,"close_timestamp":1765377000000,"orders":[{"amount":0.0085,"safe_price":93034.3,"ft_order_side":"buy","order_filled_timestamp":1765312200000,"ft_is_entry":true,"ft_order_tag":"","cost":791.186945775},{"amount":0.0085,"safe_price":91638.7855,"ft_order_side":"sell","order_filled_timestamp":1765377000000,"ft_is_entry":false,"ft_order_tag":"stop_loss","cost":779.3191415883749}],"funding_fees":-0.0076161020211169585,"weekday":2},{"pair":"SOL/USDT:USDT","stake_amount":399.888,"max_stake_amount":399.888,"amount":5.76,"open_date":"2025-12-12 06:00:00+00:00","close_date":"2025-12-12 15:00:00+00:00","open_rate":138.85,"close_rate":136.76725,"fee_open":0.0005,"fee_close":0.0005,"trade_duration":540,"profit_ratio":-0.032169203478923124,"profit_abs":-12.87051048,"exit_reason":"stop_loss","initial_stop_loss_abs":136.76725,"initial_stop_loss_ratio":-0.03,"stop_loss_abs":136.76725,"stop_loss_ratio":-0.03,"min_rate":135.5,"max_rate":140.13,"is_open":false,"enter_tag":"","leverage":2,"is_short":false,"open_timestamp":1765519200000,"close_timestamp":1765551600000,"orders":[{"amount":5.76,"safe_price":138.85,"ft_order_side":"buy","order_filled_timestamp":1765519200000,"ft_is_entry":true,"ft_order_tag":"","cost":800.1758879999999},{"amount":5.76,"safe_price":136.76725,"ft_order_side":"sell","order_filled_timestamp":1765551600000,"ft_is_entry":false,"ft_order_tag":"stop_loss","cost":788.1732496799998}],"funding_fees":-0.0800928,"weekday":4},{"pair":"ETH/USDT:USDT","stake_amount":398.575955,"max_stake_amount":398.575955,"amount":0.269,"open_date":"2025-12-19 16:00:00+00:00","close_date":"2025-12-21 12:30:00+00:00","open_rate":2963.39,"close_rate":2983.4145000000003,"fee_open":0.0005,"fee_close":0.0005,"trade_duration":2670,"profit_ratio":0.011610630202189455,"profit_abs":4.63003188,"exit_reason":"trailing_stop_loss","initial_stop_loss_abs":2918.9391499999997,"initial_stop_loss_ratio":-0.03,"stop_loss_abs":2983.4145000000003,"stop_loss_ratio":-0.02,"min_rate":2933.09,"max_rate":3013.55,"is_open":false,"enter_tag":"","leverage":2,"is_short":false,"open_timestamp":1766160000000,"close_timestamp":1766320200000,"orders":[{"amount":0.269,"safe_price":2963.39,"ft_order_side":"buy","order_filled_timestamp":1766160000000,"ft_is_entry":true,"ft_order_tag":"","cost":797.550485955},{"amount":0.269,"safe_price":2983.4145000000003,"ft_order_side":"sell","order_filled_timestamp":1766320200000,"ft_is_entry":false,"ft_order_tag":"trailing_stop_loss","cost":802.9397697502501}],"funding_fees":0.04328658542337001,"weekday":6},{"pair":"ETH/USDT:USDT","stake_amount":399.083355,"max_stake_amount":399.083355,"amount":0.261,"open_date":"2025-12-22 14:30:00+00:00","close_date":"2025-12-22 18:30:00+00:00","open_rate":3058.11,"close_rate":3012.23835,"fee_open":0.0005,"fee_close":0.0005,"trade_duration":240,"profit_ratio":-0.032008865734919914,"profit_abs":-12.78059263,"exit_reason":"stop_loss","initial_stop_loss_abs":3012.23835,"initial_stop_loss_ratio":-0.03,"stop_loss_abs":3012.23835,"stop_loss_ratio":-0.03,"min_rate":3005.6,"max_rate":3073.72,"is_open":false,"enter_tag":"","leverage":2,"is_short":false,"open_timestamp":1766413800000,"close_timestamp":1766428200000,"orders":[{"amount":0.261,"safe_price":3058.11,"ft_order_side":"buy","order_filled_timestamp":1766413800000,"ft_is_entry":true,"ft_order_tag":"","cost":798.565793355},{"amount":0.261,"safe_price":3012.23835,"ft_order_side":"sell","order_filled_timestamp":1766428200000,"ft_is_entry":false,"ft_order_tag":"stop_loss","cost":786.5873064546751}],"funding_fees":-0.01591152322114195,"weekday":0},{"pair":"DOGE/USDT:USDT","stake_amount":399.3796,"max_stake_amount":399.3796,"amount":5960.0,"open_date":"2025-12-22 15:00:00+00:00","close_date":"2025-12-22 19:30:00+00:00","open_rate":0.13402,"close_rate":0.13201,"fee_open":0.0005,"fee_close":0.0005,"trade_duration":270,"profit_ratio":-0.03203436906454004,"profit_abs":-12.80027044,"exit_reason":"stop_loss","initial_stop_loss_abs":0.13201,"initial_stop_loss_ratio":-0.03,"stop_loss_abs":0.13201,"stop_loss_ratio":-0.03,"min_rate":0.1316,"max_rate":0.13537,"is_open":false,"enter_tag":"","leverage":2,"is_short":false,"open_timestamp":1766415600000,"close_timestamp":1766431800000,"orders":[{"amount":5960.0,"safe_price":0.13402,"ft_order_side":"buy","order_filled_timestamp":1766415600000,"ft_is_entry":true,"ft_order_tag":"","cost":799.1585795999999},{"amount":5960.0,"safe_price":0.13201,"ft_order_side":"sell","order_filled_timestamp":1766431800000,"ft_is_entry":false,"ft_order_tag":"stop_loss","cost":787.1729897999999}],"funding_fees":-0.027901036251891678,"weekday":0}],"locks":[],"best_pair":{"key":"DOGE/USDT:USDT","trades":6,"profit_mean":0.003854762395213101,"profit_mean_pct":0.39,"profit_total_abs":9.280732410000004,"profit_total":0.009280732410000004,"profit_total_pct":0.93,"duration_avg":"5:00:00","wins":3,"draws":0,"losses":3,"winrate":0.5,"cagr":0.0578064886746954,"expectancy":1.5467887350000007,"expectancy_ratio":0.12083698937719989,"sortino":133.4660235745045,"sharpe":0.1981636136508891,"calmar":11.933331428412968,"sqn":0.2319,"profit_factor":1.2416739787543998,"max_drawdown_account":0.0247637111783378,"max_drawdown_abs":25.628185539999997},"worst_pair":{"key":"SOL/USDT:USDT","trades":5,"profit_mean":-0.022536455246475462,"profit_mean_pct":-2.25,"profit_total_abs":-45.07995073,"profit_total":-0.04507995073,"profit_total_pct":-4.51,"duration_avg":"3:48:00","wins":1,"draws":0,"losses":4,"winrate":0.2,"cagr":-0.2446770946476846,"expectancy":-9.015990146,"expectancy_ratio":-0.7041665220747141,"sortino":-355.8685867066244,"sharpe":-1.8947779417016803,"calmar":-28.199206702597174,"sqn":-2.3803,"profit_factor":0.11979184740660738,"max_drawdown_account":0.0509028060310079,"max_drawdown_abs":51.21510247},"results_per_pair":[{"key":"DOGE/USDT:USDT","trades":6,"profit_mean":0.003854762395213101,"profit_mean_pct":0.39,"profit_total_abs":9.280732410000004,"profit_total":0.009280732410000004,"profit_total_pct":0.93,"duration_avg":"5:00:00","wins":3,"draws":0,"losses":3,"winrate":0.5,"cagr":0.0578064886746954,"expectancy":1.5467887350000007,"expectancy_ratio":0.12083698937719989,"sortino":133.4660235745045,"sharpe":0.1981636136508891,"calmar":11.933331428412968,"sqn":0.2319,"profit_factor":1.2416739787543998,"max_drawdown_account":0.0247637111783378,"max_drawdown_abs":25.628185539999997},{"key":"ETH/USDT:USDT","trades":9,"profit_mean":-0.004211441155475712,"profit_mean_pct":-0.42,"profit_total_abs":-15.113455949999997,"profit_total":-0.015113455949999997,"profit_total_pct":-1.51,"duration_avg":"8:33:00","wins":5,"draws":0,"losses":4,"winrate":0.5555555555555556,"cagr":-0.08848026858947988,"expectancy":-1.6792728833333332,"expectancy_ratio":-0.1315677431430391,"sortino":-435.02153936913726,"sharpe":-0.47690888181761226,"calmar":-23.145279986924475,"sqn":-0.4707,"profit_factor":0.703972577928162,"max_drawdown_account":0.020792012501217247,"max_drawdown_abs":20.91258813},{"key":"BTC/USDT:USDT","trades":6,"profit_mean":-0.01584731216420022,"profit_mean_pct":-1.58,"profit_total_abs":-37.817313989999995,"profit_total":-0.03781731399,"profit_total_pct":-3.78,"duration_avg":"14:00:00","wins":2,"draws":0,"losses":4,"winrate":0.3333333333333333,"cagr":-0.20904819554272014,"expectancy":-6.302885664999998,"expectancy_ratio":-0.49615209574922337,"sortino":-346.3929953746284,"sharpe":-1.3267832801147899,"calmar":-28.039190487268733,"sqn":-1.5529,"profit_factor":0.25577185637616495,"max_drawdown_account":0.04294576963864586,"max_drawdown_abs":43.175898159999996},{"key":"SOL/USDT:USDT","trades":5,"profit_mean":-0.022536455246475462,"profit_mean_pct":-2.25,"profit_total_abs":-45.07995073,"profit_total":-0.04507995073,"profit_total_pct":-4.51,"duration_avg":"3:48:00","wins":1,"draws":0,"losses":4,"winrate":0.2,"cagr":-0.2446770946476846,"expectancy":-9.015990146,"expectancy_ratio":-0.7041665220747141,"sortino":-355.8685867066244,"sharpe":-1.8947779417016803,"calmar":-28.199206702597174,"sqn":-2.3803,"profit_factor":0.11979184740660738,"max_drawdown_account":0.0509028060310079,"max_drawdown_abs":51.21510247},{"key":"TOTAL","trades":26,"profit_mean":-0.00855925174021467,"profit_mean_pct":-0.86,"profit_total_abs":-88.72998826,"profit_total":-0.08872998826,"profit_total_pct":-8.87,"duration_avg":"8:05:00","wins":11,"draws":0,"losses":15,"winrate":0.4230769230769231,"cagr":-0.43177579656559795,"expectancy":-3.4126918561538435,"expectancy_ratio":-0.2673331217383932,"sortino":-559.59732279265,"sharpe":-2.4657232471188726,"calmar":-23.60132479187339,"sqn":-1.4892,"profit_factor":0.536622588986785,"max_drawdown_account":0.1197096674610188,"max_drawdown_abs":123.92255832000001}],"results_per_enter_tag":[{"key":"","trades":26,"profit_mean":-0.00855925174021467,"profit_mean_pct":-0.86,"profit_total_abs":-88.72998826,"profit_total":-0.08872998826,"profit_total_pct":-8.87,"duration_avg":"8:05:00","wins":11,"draws":0,"losses":15,"winrate":0.4230769230769231,"cagr":-0.43177579656559795,"expectancy":-3.4126918561538435,"expectancy_ratio":-0.2673331217383932,"sortino":-559.59732279265,"sharpe":-2.4657232471188726,"calmar":-23.60132479187339,"sqn":-1.4892,"profit_factor":0.536622588986785,"max_drawdown_account":0.1197096674610188,"max_drawdown_abs":123.92255832000001},{"key":"TOTAL","trades":26,"profit_mean":-0.00855925174021467,"profit_mean_pct":-0.86,"profit_total_abs":-88.72998826,"profit_total":-0.08872998826,"profit_total_pct":-8.87,"duration_avg":"8:05:00","wins":11,"draws":0,"losses":15,"winrate":0.4230769230769231,"cagr":-0.43177579656559795,"expectancy":-3.4126918561538435,"expectancy_ratio":-0.2673331217383932,"sortino":-559.59732279265,"sharpe":-2.4657232471188726,"calmar":-23.60132479187339,"sqn":-1.4892,"profit_factor":0.536622588986785,"max_drawdown_account":0.1197096674610188,"max_drawdown_abs":123.92255832000001}],"exit_reason_summary":[{"key":"trailing_stop_loss","trades":10,"profit_mean":0.019745361385752745,"profit_mean_pct":1.97,"profit_total_abs":78.77160020000001,"profit_total":0.07877160020000001,"profit_total_pct":7.88,"duration_avg":"8:45:00","wins":10,"draws":0,"losses":0,"winrate":1.0,"cagr":0.5860656275864551,"expectancy":7.877160020000001,"expectancy_ratio":100.0,"sortino":-100,"sharpe":9.084205680190253,"calmar":-100,"sqn":8.5588,"profit_factor":0.0,"max_drawdown_account":0.0,"max_drawdown_abs":0.0},{"key":"roi","trades":1,"profit_mean":0.05997001499250375,"profit_mean_pct":6.0,"profit_total_abs":23.983767,"profit_total":0.023983767,"profit_total_pct":2.4,"duration_avg":"3:30:00","wins":1,"draws":0,"losses":0,"winrate":1.0,"cagr":0.15509096665180544,"expectancy":23.983767,"expectancy_ratio":100.0,"sortino":-100,"sharpe":-100,"calmar":-100,"sqn":-100.0,"profit_factor":0.0,"max_drawdown_account":0.0,"max_drawdown_abs":0.0},{"key":"stop_loss","trades":15,"profit_mean":-0.031997611606374175,"profit_mean_pct":-3.2,"profit_total_abs":-191.48535546,"profit_total":-0.19148535546,"profit_total_pct":-19.15,"duration_avg":"7:56:00","wins":0,"draws":0,"losses":15,"winrate":0.0,"cagr":-0.7255680521869803,"expectancy":-12.765690364,"expectancy_ratio":-1.0,"sortino":-1207.6491203337723,"sharpe":-1207.6491203337723,"calmar":-31.84162195757132,"sqn":-946.0593,"profit_factor":0.0,"max_drawdown_account":0.19148535546000006,"max_drawdown_abs":191.48535546000002},{"key":"TOTAL","trades":26,"profit_mean":-0.00855925174021467,"profit_mean_pct":-0.86,"profit_total_abs":-88.72998826,"profit_total":-0.08872998826,"profit_total_pct":-8.87,"duration_avg":"8:05:00","wins":11,"draws":0,"losses":15,"winrate":0.4230769230769231,"cagr":-0.43177579656559795,"expectancy":-3.4126918561538435,"expectancy_ratio":-0.2673331217383932,"sortino":-559.59732279265,"sharpe":-2.4657232471188726,"calmar":-23.60132479187339,"sqn":-1.4892,"profit_factor":0.536622588986785,"max_drawdown_account":0.1197096674610188,"max_drawdown_abs":123.92255832000001}],"mix_tag_stats":[{"key":["","trailing_stop_loss"],"trades":10,"profit_mean":0.019745361385752745,"profit_mean_pct":1.97,"profit_total_abs":78.77160020000001,"profit_total":0.07877160020000001,"profit_total_pct":7.88,"duration_avg":"8:45:00","wins":10,"draws":0,"losses":0,"winrate":1.0,"cagr":0.5860656275864551,"expectancy":7.877160020000001,"expectancy_ratio":100.0,"sortino":-100,"sharpe":9.084205680190253,"calmar":-100,"sqn":8.5588,"profit_factor":0.0,"max_drawdown_account":0.0,"max_drawdown_abs":0.0},{"key":["","roi"],"trades":1,"profit_mean":0.05997001499250375,"profit_mean_pct":6.0,"profit_total_abs":23.983767,"profit_total":0.023983767,"profit_total_pct":2.4,"duration_avg":"3:30:00","wins":1,"draws":0,"losses":0,"winrate":1.0,"cagr":0.15509096665180544,"expectancy":23.983767,"expectancy_ratio":100.0,"sortino":-100,"sharpe":-100,"calmar":-100,"sqn":-100.0,"profit_factor":0.0,"max_drawdown_account":0.0,"max_drawdown_abs":0.0},{"key":["","stop_loss"],"trades":15,"profit_mean":-0.031997611606374175,"profit_mean_pct":-3.2,"profit_total_abs":-191.48535546,"profit_total":-0.19148535546,"profit_total_pct":-19.15,"duration_avg":"7:56:00","wins":0,"draws":0,"losses":15,"winrate":0.0,"cagr":-0.7255680521869803,"expectancy":-12.765690364,"expectancy_ratio":-1.0,"sortino":-1207.6491203337723,"sharpe":-1207.6491203337723,"calmar":-31.84162195757132,"sqn":-946.0593,"profit_factor":0.0,"max_drawdown_account":0.19148535546000006,"max_drawdown_abs":191.48535546000002},{"key":"TOTAL","trades":26,"profit_mean":-0.00855925174021467,"profit_mean_pct":-0.86,"profit_total_abs":-88.72998826,"profit_total":-0.08872998826,"profit_total_pct":-8.87,"duration_avg":"8:05:00","wins":11,"draws":0,"losses":15,"winrate":0.4230769230769231,"cagr":-0.43177579656559795,"expectancy":-3.4126918561538435,"expectancy_ratio":-0.2673331217383932,"sortino":-559.59732279265,"sharpe":-2.4657232471188726,"calmar":-23.60132479187339,"sqn":-1.4892,"profit_factor":0.536622588986785,"max_drawdown_account":0.1197096674610188,"max_drawdown_abs":123.92255832000001}],"left_open_trades":[{"key":"TOTAL","trades":0,"profit_mean":0.0,"profit_mean_pct":0.0,"profit_total_abs":0.0,"profit_total":0.0,"profit_total_pct":0.0,"duration_avg":"0:00","wins":0,"draws":0,"losses":0,"winrate":0.0,"cagr":0.0,"expectancy":0.0,"expectancy_ratio":100.0,"sortino":0,"sharpe":0,"calmar":0,"sqn":0.0,"profit_factor":0.0,"max_drawdown_account":0.0,"max_drawdown_abs":0.0}],"total_trades":26,"trade_count_long":26,"trade_count_short":0,"total_volume":41420.08667340181,"avg_stake_amount":398.7233963461539,"profit_mean":-0.00855925174021467,"profit_median":-0.031966134311974204,"profit_total":-0.08872998826,"profit_total_long":-0.08872998826,"profit_total_short":0.0,"profit_total_abs":-88.72998826,"profit_total_long_abs":-88.72998826,"profit_total_short_abs":0.0,"cagr":-0.43177579656559795,"expectancy":-3.4126918561538435,"expectancy_ratio":-0.2673331217383932,"sortino":-559.59732279265,"sharpe":-2.4657232471188726,"calmar":-23.60132479187339,"sqn":-1.4892,"profit_factor":0.536622588986785,"backtest_start":"2025-10-25 00:00:00","backtest_start_ts":1761350400000,"backtest_end":"2025-12-24 00:00:00","backtest_end_ts":1766534400000,"backtest_days":60,"backtest_run_start_ts":1771741997,"backtest_run_end_ts":1771741998,"trades_per_day":0.43,"market_change":-0.2900967112250683,"pairlist":["BTC/USDT:USDT","ETH/USDT:USDT","SOL/USDT:USDT","DOGE/USDT:USDT"],"stake_amount":400,"stake_currency":"USDT","stake_currency_decimals":3,"starting_balance":1000,"dry_run_wallet":1000,"final_balance":911.27001174,"rejected_signals":1,"timedout_entry_orders":0,"timedout_exit_orders":0,"canceled_trade_entries":0,"canceled_entry_orders":0,"replaced_entry_orders":0,"max_open_trades":2,"max_open_trades_setting":2,"timeframe":"30m","timeframe_detail":"","timerange":"20251025-20251224","enable_protections":false,"strategy_name":"SupertrendFuturesStrategyV4","freqaimodel":null,"freqai_identifier":null,"stoploss":-0.03,"trailing_stop":true,"trailing_stop_positive":0.02,"trailing_stop_positive_offset":0.03,"trailing_only_offset_is_reached":true,"use_custom_stoploss":false,"minimal_roi":{"0":0.06},"use_exit_signal":true,"exit_profit_only":false,"exit_profit_offset":0.0,"ignore_roi_if_entry_signal":false,"trading_mode":"futures","margin_mode":"isolated","periodic_breakdown":{"day":[{"date":"26/10/2025","date_ts":1761436800000,"profit_abs":18.71337894,"wins":2,"draws":0,"losses":0,"trades":2,"profit_factor":0.0},{"date":"27/10/2025","date_ts":1761523200000,"profit_abs":-21.84724461,"wins":2,"draws":0,"losses":3,"trades":5,"profit_factor":0.42996931},{"date":"28/10/2025","date_ts":1761609600000,"profit_abs":-12.68868043,"wins":0,"draws":0,"losses":1,"trades":1,"profit_factor":0.0},{"date":"29/10/2025","date_ts":1761696000000,"profit_abs":0.0,"wins":0,"draws":0,"losses":0,"trades":0,"profit_factor":0.0},{"date":"30/10/2025","date_ts":1761782400000,"profit_abs":0.0,"wins":0,"draws":0,"losses":0,"trades":0,"profit_factor":0.0},{"date":"31/10/2025","date_ts":1761868800000,"profit_abs":0.0,"wins":0,"draws":0,"losses":0,"trades":0,"profit_factor":0.0},{"date":"01/11/2025","date_ts":1761955200000,"profit_abs":0.0,"wins":0,"draws":0,"losses":0,"trades":0,"profit_factor":0.0},{"date":"02/11/2025","date_ts":1762041600000,"profit_abs":0.0,"wins":0,"draws":0,"losses":0,"trades":0,"profit_factor":0.0},{"date":"03/11/2025","date_ts":1762128000000,"profit_abs":-12.72708738,"wins":0,"draws":0,"losses":1,"trades":1,"profit_factor":0.0},{"date":"04/11/2025","date_ts":1762214400000,"profit_abs":0.0,"wins":0,"draws":0,"losses":0,"trades":0,"profit_factor":0.0},{"date":"05/11/2025","date_ts":1762300800000,"profit_abs":0.0,"wins":0,"draws":0,"losses":0,"trades":0,"profit_factor":0.0},{"date":"06/11/2025","date_ts":1762387200000,"profit_abs":0.0,"wins":0,"draws":0,"losses":0,"trades":0,"profit_factor":0.0},{"date":"07/11/2025","date_ts":1762473600000,"profit_abs":0.0,"wins":0,"draws":0,"losses":0,"trades":0,"profit_factor":0.0},{"date":"08/11/2025","date_ts":1762560000000,"profit_abs":0.0,"wins":0,"draws":0,"losses":0,"trades":0,"profit_factor":0.0},{"date":"09/11/2025","date_ts":1762646400000,"profit_abs":0.0,"wins":0,"draws":0,"losses":0,"trades":0,"profit_factor":0.0},{"date":"10/11/2025","date_ts":1762732800000,"profit_abs":-10.16410791,"wins":2,"draws":0,"losses":2,"trades":4,"profit_factor":0.60130796},{"date":"11/11/2025","date_ts":1762819200000,"profit_abs":0.0,"wins":0,"draws":0,"losses":0,"trades":0,"profit_factor":0.0},{"date":"12/11/2025","date_ts":1762905600000,"profit_abs":0.0,"wins":0,"draws":0,"losses":0,"trades":0,"profit_factor":0.0},{"date":"13/11/2025","date_ts":1762992000000,"profit_abs":0.0,"wins":0,"draws":0,"losses":0,"trades":0,"profit_factor":0.0},{"date":"14/11/2025","date_ts":1763078400000,"profit_abs":0.0,"wins":0,"draws":0,"losses":0,"trades":0,"profit_factor":0.0},{"date":"15/11/2025","date_ts":1763164800000,"profit_abs":0.0,"wins":0,"draws":0,"losses":0,"trades":0,"profit_factor":0.0},{"date":"16/11/2025","date_ts":1763251200000,"profit_abs":0.0,"wins":0,"draws":0,"losses":0,"trades":0,"profit_factor":0.0},{"date":"17/11/2025","date_ts":1763337600000,"profit_abs":0.0,"wins":0,"draws":0,"losses":0,"trades":0,"profit_factor":0.0},{"date":"18/11/2025","date_ts":1763424000000,"profit_abs":0.0,"wins":0,"draws":0,"losses":0,"trades":0,"profit_factor":0.0},{"date":"19/11/2025","date_ts":1763510400000,"profit_abs":0.0,"wins":0,"draws":0,"losses":0,"trades":0,"profit_factor":0.0},{"date":"20/11/2025","date_ts":1763596800000,"profit_abs":0.0,"wins":0,"draws":0,"losses":0,"trades":0,"profit_factor":0.0},{"date":"21/11/2025","date_ts":1763683200000,"profit_abs":0.0,"wins":0,"draws":0,"losses":0,"trades":0,"profit_factor":0.0},{"date":"22/11/2025","date_ts":1763769600000,"profit_abs":0.0,"wins":0,"draws":0,"losses":0,"trades":0,"profit_factor":0.0},{"date":"23/11/2025","date_ts":1763856000000,"profit_abs":0.0,"wins":0,"draws":0,"losses":0,"trades":0,"profit_factor":0.0},{"date":"24/11/2025","date_ts":1763942400000,"profit_abs":0.0,"wins":0,"draws":0,"losses":0,"trades":0,"profit_factor":0.0},{"date":"25/11/2025","date_ts":1764028800000,"profit_abs":0.0,"wins":0,"draws":0,"losses":0,"trades":0,"profit_factor":0.0},{"date":"26/11/2025","date_ts":1764115200000,"profit_abs":0.0,"wins":0,"draws":0,"losses":0,"trades":0,"profit_factor":0.0},{"date":"27/11/2025","date_ts":1764201600000,"profit_abs":0.0,"wins":0,"draws":0,"losses":0,"trades":0,"profit_factor":0.0},{"date":"28/11/2025","date_ts":1764288000000,"profit_abs":0.0,"wins":0,"draws":0,"losses":0,"trades":0,"profit_factor":0.0},{"date":"29/11/2025","date_ts":1764374400000,"profit_abs":0.0,"wins":0,"draws":0,"losses":0,"trades":0,"profit_factor":0.0},{"date":"30/11/2025","date_ts":1764460800000,"profit_abs":0.0,"wins":0,"draws":0,"losses":0,"trades":0,"profit_factor":0.0},{"date":"01/12/2025","date_ts":1764547200000,"profit_abs":0.0,"wins":0,"draws":0,"losses":0,"trades":0,"profit_factor":0.0},{"date":"02/12/2025","date_ts":1764633600000,"profit_abs":0.0,"wins":0,"draws":0,"losses":0,"trades":0,"profit_factor":0.0},{"date":"03/12/2025","date_ts":1764720000000,"profit_abs":47.60324171,"wins":4,"draws":0,"losses":0,"trades":4,"profit_factor":0.0},{"date":"04/12/2025","date_ts":1764806400000,"profit_abs":-12.76202738,"wins":0,"draws":0,"losses":1,"trades":1,"profit_factor":0.0},{"date":"05/12/2025","date_ts":1764892800000,"profit_abs":-12.76205023,"wins":0,"draws":0,"losses":1,"trades":1,"profit_factor":0.0},{"date":"06/12/2025","date_ts":1764979200000,"profit_abs":0.0,"wins":0,"draws":0,"losses":0,"trades":0,"profit_factor":0.0},{"date":"07/12/2025","date_ts":1765065600000,"profit_abs":0.0,"wins":0,"draws":0,"losses":0,"trades":0,"profit_factor":0.0},{"date":"08/12/2025","date_ts":1765152000000,"profit_abs":-12.79180423,"wins":0,"draws":0,"losses":1,"trades":1,"profit_factor":0.0},{"date":"09/12/2025","date_ts":1765238400000,"profit_abs":0.0,"wins":0,"draws":0,"losses":0,"trades":0,"profit_factor":0.0},{"date":"10/12/2025","date_ts":1765324800000,"profit_abs":-25.48226507,"wins":0,"draws":0,"losses":2,"trades":2,"profit_factor":0.0},{"date":"11/12/2025","date_ts":1765411200000,"profit_abs":0.0,"wins":0,"draws":0,"losses":0,"trades":0,"profit_factor":0.0},{"date":"12/12/2025","date_ts":1765497600000,"profit_abs":-12.87051048,"wins":0,"draws":0,"losses":1,"trades":1,"profit_factor":0.0},{"date":"13/12/2025","date_ts":1765584000000,"profit_abs":0.0,"wins":0,"draws":0,"losses":0,"trades":0,"profit_factor":0.0},{"date":"14/12/2025","date_ts":1765670400000,"profit_abs":0.0,"wins":0,"draws":0,"losses":0,"trades":0,"profit_factor":0.0},{"date":"15/12/2025","date_ts":1765756800000,"profit_abs":0.0,"wins":0,"draws":0,"losses":0,"trades":0,"profit_factor":0.0},{"date":"16/12/2025","date_ts":1765843200000,"profit_abs":0.0,"wins":0,"draws":0,"losses":0,"trades":0,"profit_factor":0.0},{"date":"17/12/2025","date_ts":1765929600000,"profit_abs":0.0,"wins":0,"draws":0,"losses":0,"trades":0,"profit_factor":0.0},{"date":"18/12/2025","date_ts":1766016000000,"profit_abs":0.0,"wins":0,"draws":0,"losses":0,"trades":0,"profit_factor":0.0},{"date":"19/12/2025","date_ts":1766102400000,"profit_abs":0.0,"wins":0,"draws":0,"losses":0,"trades":0,"profit_factor":0.0},{"date":"20/12/2025","date_ts":1766188800000,"profit_abs":0.0,"wins":0,"draws":0,"losses":0,"trades":0,"profit_factor":0.0},{"date":"21/12/2025","date_ts":1766275200000,"profit_abs":4.63003188,"wins":1,"draws":0,"losses":0,"trades":1,"profit_factor":0.0},{"date":"22/12/2025","date_ts":1766361600000,"profit_abs":-25.58086307,"wins":0,"draws":0,"losses":2,"trades":2,"profit_factor":0.0}],"week":[{"date":"27/10/2025","date_ts":1761523200000,"profit_abs":-3.13386567,"wins":4,"draws":0,"losses":3,"trades":7,"profit_factor":0.91823227},{"date":"03/11/2025","date_ts":1762128000000,"profit_abs":-25.41576781,"wins":0,"draws":0,"losses":2,"trades":2,"profit_factor":0.0},{"date":"10/11/2025","date_ts":1762732800000,"profit_abs":-10.16410791,"wins":2,"draws":0,"losses":2,"trades":4,"profit_factor":0.60130796},{"date":"17/11/2025","date_ts":1763337600000,"profit_abs":0.0,"wins":0,"draws":0,"losses":0,"trades":0,"profit_factor":0.0},{"date":"24/11/2025","date_ts":1763942400000,"profit_abs":0.0,"wins":0,"draws":0,"losses":0,"trades":0,"profit_factor":0.0},{"date":"01/12/2025","date_ts":1764547200000,"profit_abs":0.0,"wins":0,"draws":0,"losses":0,"trades":0,"profit_factor":0.0},{"date":"08/12/2025","date_ts":1765152000000,"profit_abs":9.28735987,"wins":4,"draws":0,"losses":3,"trades":7,"profit_factor":1.2423893},{"date":"15/12/2025","date_ts":1765756800000,"profit_abs":-38.35277555,"wins":0,"draws":0,"losses":3,"trades":3,"profit_factor":0.0},{"date":"22/12/2025","date_ts":1766361600000,"profit_abs":-20.95083119,"wins":1,"draws":0,"losses":2,"trades":3,"profit_factor":0.18099592}],"month":[{"date":"31/10/2025","date_ts":1761868800000,"profit_abs":-15.8225461,"wins":4,"draws":0,"losses":4,"trades":8,"profit_factor":0.68984593},{"date":"30/11/2025","date_ts":1764460800000,"profit_abs":-22.89119529,"wins":2,"draws":0,"losses":3,"trades":5,"profit_factor":0.40107889},{"date":"31/12/2025","date_ts":1767139200000,"profit_abs":-50.01624687,"wins":5,"draws":0,"losses":8,"trades":13,"profit_factor":0.51084126}],"year":[{"date":"31/12/2025","date_ts":1767139200000,"profit_abs":-88.72998826,"wins":11,"draws":0,"losses":15,"trades":26,"profit_factor":0.53662259}],"weekday":[{"date":"Monday","date_ts":0,"profit_abs":-83.1111072,"wins":4,"draws":0,"losses":9,"trades":13,"profit_factor":0.2767905},{"date":"Tuesday","date_ts":1,"profit_abs":-12.68868043,"wins":0,"draws":0,"losses":1,"trades":1,"profit_factor":0.0},{"date":"Wednesday","date_ts":2,"profit_abs":22.12097664,"wins":4,"draws":0,"losses":2,"trades":6,"profit_factor":1.86809303},{"date":"Thursday","date_ts":3,"profit_abs":-12.76202738,"wins":0,"draws":0,"losses":1,"trades":1,"profit_factor":0.0},{"date":"Friday","date_ts":4,"profit_abs":-25.63256071,"wins":0,"draws":0,"losses":2,"trades":2,"profit_factor":0.0},{"date":"Sunday","date_ts":6,"profit_abs":23.34341082,"wins":3,"draws":0,"losses":0,"trades":3,"profit_factor":0.0}]},"backtest_best_day":0.11911115721160007,"backtest_worst_day":-0.06409146764614816,"backtest_best_day_abs":47.60324171,"backtest_worst_day_abs":-25.58086307,"winning_days":3,"draw_days":45,"losing_days":10,"daily_profit":[["2025-10-26",18.71337894],["2025-10-27",-21.84724461],["2025-10-28",-12.68868043],["2025-10-29",0.0],["2025-10-30",0.0],["2025-10-31",0.0],["2025-11-01",0.0],["2025-11-02",0.0],["2025-11-03",-12.72708738],["2025-11-04",0.0],["2025-11-05",0.0],["2025-11-06",0.0],["2025-11-07",0.0],["2025-11-08",0.0],["2025-11-09",0.0],["2025-11-10",-10.16410791],["2025-11-11",0.0],["2025-11-12",0.0],["2025-11-13",0.0],["2025-11-14",0.0],["2025-11-15",0.0],["2025-11-16",0.0],["2025-11-17",0.0],["2025-11-18",0.0],["2025-11-19",0.0],["2025-11-20",0.0],["2025-11-21",0.0],["2025-11-22",0.0],["2025-11-23",0.0],["2025-11-24",0.0],["2025-11-25",0.0],["2025-11-26",0.0],["2025-11-27",0.0],["2025-11-28",0.0],["2025-11-29",0.0],["2025-11-30",0.0],["2025-12-01",0.0],["2025-12-02",0.0],["2025-12-03",47.60324171],["2025-12-04",-12.76202738],["2025-12-05",-12.76205023],["2025-12-06",0.0],["2025-12-07",0.0],["2025-12-08",-12.79180423],["2025-12-09",0.0],["2025-12-10",-25.48226507],["2025-12-11",0.0],["2025-12-12",-12.87051048],["2025-12-13",0.0],["2025-12-14",0.0],["2025-12-15",0.0],["2025-12-16",0.0],["2025-12-17",0.0],["2025-12-18",0.0],["2025-12-19",0.0],["2025-12-20",0.0],["2025-12-21",4.63003188],["2025-12-22",-25.58086307]],"wins":11,"losses":15,"draws":0,"winrate":0.4230769230769231,"holding_avg":"8:05:00","holding_avg_s":29100.0,"winner_holding_min":"0d 01:00","winner_holding_min_s":3600.0,"winner_holding_max":"1d 20:30","winner_holding_max_s":160200.0,"winner_holding_avg":"0d 08:16","winner_holding_avg_s":29760.0,"loser_holding_min":"0d 01:00","loser_holding_min_s":3600.0,"loser_holding_max":"1d 11:00","loser_holding_max_s":126000.0,"loser_holding_avg":"0d 07:56","loser_holding_avg_s":28560.0,"max_consecutive_wins":4,"max_consecutive_losses":6,"max_drawdown_account":0.1197096674610188,"max_relative_drawdown":0.1197096674610188,"max_drawdown_abs":123.92255832000001,"drawdown_start":"2025-10-27 08:00:00","drawdown_start_ts":1761552000000.0,"drawdown_end":"2025-12-22 19:30:00","drawdown_end_ts":1766431800000.0,"drawdown_duration":"56 days 11:30:00","drawdown_duration_s":4879800.0,"max_drawdown_low":-88.72998826,"max_drawdown_high":35.19257006,"csum_min":911.27001174,"csum_max":1035.19257006}},"strategy_comparison":[{"key":"SupertrendFuturesStrategyV4","trades":26,"profit_mean":-0.00855925174021467,"profit_mean_pct":-0.86,"profit_total_abs":-88.72998826,"profit_total":-0.08872998826,"profit_total_pct":-8.87,"duration_avg":"8:05:00","wins":11,"draws":0,"losses":15,"winrate":0.4230769230769231,"cagr":-0.43177579656559795,"expectancy":-3.4126918561538435,"expectancy_ratio":-0.2673331217383932,"sortino":-559.59732279265,"sharpe":-2.4657232471188726,"calmar":-23.60132479187339,"sqn":-1.4892,"profit_factor":0.536622588986785,"max_drawdown_account":0.1197096674610188,"max_drawdown_abs":"123.923"}]}