{"strategy":{"SupertrendStrategyV3":{"trades":[{"pair":"DOGE/USDT","stake_amount":329.99999989,"max_stake_amount":329.99999989,"amount":2629.691608,"open_date":"2026-01-21 14:45:00+00:00","close_date":"2026-01-21 16:45:00+00:00","open_rate":0.12549,"close_rate":0.1213,"fee_open":0.0015,"fee_close":0.0015,"trade_duration":120,"profit_ratio":-0.03628460410618278,"profit_abs":-11.99188023,"exit_reason":"exit_signal","initial_stop_loss_abs":0.11295,"initial_stop_loss_ratio":-0.1,"stop_loss_abs":0.11295,"stop_loss_ratio":-0.1,"min_rate":0.12039,"max_rate":0.12663,"is_open":false,"enter_tag":"","leverage":1.0,"is_short":false,"open_timestamp":1769006700000,"close_timestamp":1769013900000,"orders":[{"amount":2629.691608,"safe_price":0.12549,"ft_order_side":"buy","order_filled_timestamp":1769006700000,"ft_is_entry":true,"ft_order_tag":"","cost":330.49499988775193},{"amount":2629.691608,"safe_price":0.1213,"ft_order_side":"sell","order_filled_timestamp":1769013900000,"ft_is_entry":false,"ft_order_tag":"exit_signal","cost":319.4600644384756}],"funding_fees":0.0,"weekday":2},{"pair":"SOL/USDT","stake_amount":326.0426712,"max_stake_amount":326.0426712,"amount":2.593816,"open_date":"2026-01-27 16:30:00+00:00","close_date":"2026-01-29 14:45:00+00:00","open_rate":125.7,"close_rate":121.27,"fee_open":0.0015,"fee_close":0.0015,"trade_duration":2775,"profit_ratio":-0.038132578391237175,"profit_abs":-12.45149699,"exit_reason":"exit_signal","initial_stop_loss_abs":113.13000000000001,"initial_stop_loss_ratio":-0.1,"stop_loss_abs":113.13000000000001,"stop_loss_ratio":-0.1,"min_rate":120.37,"max_rate":128.33,"is_open":false,"enter_tag":"","leverage":1.0,"is_short":false,"open_timestamp":1769531400000,"close_timestamp":1769697900000,"orders":[{"amount":2.593816,"safe_price":125.7,"ft_order_side":"buy","order_filled_timestamp":1769531400000,"ft_is_entry":true,"ft_order_tag":"","cost":326.53173520679996},{"amount":2.593816,"safe_price":121.27,"ft_order_side":"sell","order_filled_timestamp":1769697900000,"ft_is_entry":false,"ft_order_tag":"exit_signal","cost":315.02389441948003}],"funding_fees":0.0,"weekday":3},{"pair":"ETH/USDT","stake_amount":326.04195,"max_stake_amount":326.04195,"amount":0.10964,"open_date":"2026-01-27 16:15:00+00:00","close_date":"2026-01-29 15:00:00+00:00","open_rate":2973.75,"close_rate":2876.6,"fee_open":0.0015,"fee_close":0.0015,"trade_duration":2805,"profit_ratio":-0.03556683469654844,"profit_abs":-11.61367456,"exit_reason":"exit_signal","initial_stop_loss_abs":2676.375,"initial_stop_loss_ratio":-0.1,"stop_loss_abs":2676.375,"stop_loss_ratio":-0.1,"min_rate":2812.54,"max_rate":3046.0,"is_open":false,"enter_tag":"","leverage":1.0,"is_short":false,"open_timestamp":1769530500000,"close_timestamp":1769698800000,"orders":[{"amount":0.10964,"safe_price":2973.75,"ft_order_side":"buy","order_filled_timestamp":1769530500000,"ft_is_entry":true,"ft_order_tag":"","cost":326.531012925},{"amount":0.10964,"safe_price":2876.6,"ft_order_side":"sell","order_filled_timestamp":1769698800000,"ft_is_entry":false,"ft_order_tag":"exit_signal","cost":315.863509636}],"funding_fees":0.0,"weekday":3},{"pair":"DOGE/USDT","stake_amount":326.04267951,"max_stake_amount":326.04267951,"amount":2614.40686,"open_date":"2026-01-27 16:30:00+00:00","close_date":"2026-01-29 15:00:00+00:00","open_rate":0.12471,"close_rate":0.11877,"fee_open":0.0015,"fee_close":0.0015,"trade_duration":2790,"profit_ratio":-0.05048333200870644,"profit_abs":-16.48441042,"exit_reason":"exit_signal","initial_stop_loss_abs":0.11224,"initial_stop_loss_ratio":-0.1,"stop_loss_abs":0.11224,"stop_loss_ratio":-0.1,"min_rate":0.11577,"max_rate":0.1277,"is_open":false,"enter_tag":"","leverage":1.0,"is_short":false,"open_timestamp":1769531400000,"close_timestamp":1769698800000,"orders":[{"amount":2614.40686,"safe_price":0.12471,"ft_order_side":"buy","order_filled_timestamp":1769531400000,"ft_is_entry":true,"ft_order_tag":"","cost":326.53174352986593},{"amount":2614.40686,"safe_price":0.11877,"ft_order_side":"sell","order_filled_timestamp":1769698800000,"ft_is_entry":false,"ft_order_tag":"exit_signal","cost":310.97887241634334}],"funding_fees":0.0,"weekday":3},{"pair":"DOGE/USDT","stake_amount":312.66131744,"max_stake_amount":312.66131744,"amount":3397.384738,"open_date":"2026-02-11 14:15:00+00:00","close_date":"2026-02-14 14:45:00+00:00","open_rate":0.09203,"close_rate":0.10336669504256385,"fee_open":0.0015,"fee_close":0.0015,"trade_duration":4350,"profit_ratio":0.11982026958737743,"profit_abs":37.51935809,"exit_reason":"roi","initial_stop_loss_abs":0.08283,"initial_stop_loss_ratio":-0.1,"stop_loss_abs":0.10038,"stop_loss_ratio":-0.03,"min_rate":0.08788,"max_rate":0.10348,"is_open":false,"enter_tag":"","leverage":1.0,"is_short":false,"open_timestamp":1770819300000,"close_timestamp":1771080300000,"orders":[{"amount":3397.384738,"safe_price":0.09203,"ft_order_side":"buy","order_filled_timestamp":1770819300000,"ft_is_entry":true,"ft_order_tag":"","cost":313.13030941429724},{"amount":3397.384738,"safe_price":0.10336669504256385,"ft_order_side":"sell","order_filled_timestamp":1771080300000,"ft_is_entry":false,"ft_order_tag":"roi","cost":351.7031968033394}],"funding_fees":0.0,"weekday":5},{"pair":"DOGE/USDT","stake_amount":325.04270556,"max_stake_amount":325.04270556,"amount":3154.529363,"open_date":"2026-02-14 16:30:00+00:00","close_date":"2026-02-14 23:15:00+00:00","open_rate":0.10304,"close_rate":0.11022,"fee_open":0.0015,"fee_close":0.0015,"trade_duration":405,"profit_ratio":0.06647743835047176,"profit_abs":21.64041843,"exit_reason":"trailing_stop_loss","initial_stop_loss_abs":0.09274,"initial_stop_loss_ratio":-0.1,"stop_loss_abs":0.11022,"stop_loss_ratio":-0.03,"min_rate":0.10247,"max_rate":0.11362,"is_open":false,"enter_tag":"","leverage":1.0,"is_short":false,"open_timestamp":1771086600000,"close_timestamp":1771110900000,"orders":[{"amount":3154.529363,"safe_price":0.10304,"ft_order_side":"buy","order_filled_timestamp":1771086600000,"ft_is_entry":true,"ft_order_tag":"","cost":325.53026962186533},{"amount":3154.529363,"safe_price":0.11022,"ft_order_side":"sell","order_filled_timestamp":1771110900000,"ft_is_entry":false,"ft_order_tag":"trailing_stop_loss","cost":348.21376472944485}],"funding_fees":0.0,"weekday":5},{"pair":"ETH/USDT","stake_amount":312.66099105,"max_stake_amount":312.66099105,"amount":0.157305,"open_date":"2026-02-11 14:30:00+00:00","close_date":"2026-02-15 03:30:00+00:00","open_rate":1987.61,"close_rate":2044.7114999999997,"fee_open":0.0015,"fee_close":0.0015,"trade_duration":5100,"profit_ratio":0.025647160629410356,"profit_abs":8.03089496,"exit_reason":"trailing_stop_loss","initial_stop_loss_abs":1788.849,"initial_stop_loss_ratio":-0.1,"stop_loss_abs":2044.7114999999997,"stop_loss_ratio":-0.03,"min_rate":1896.4,"max_rate":2107.95,"is_open":false,"enter_tag":"","leverage":1.0,"is_short":false,"open_timestamp":1770820200000,"close_timestamp":1771126200000,"orders":[{"amount":0.157305,"safe_price":1987.61,"ft_order_side":"buy","order_filled_timestamp":1770820200000,"ft_is_entry":true,"ft_order_tag":"","cost":313.129982536575},{"amount":0.157305,"safe_price":2044.7114999999997,"ft_order_side":"sell","order_filled_timestamp":1771126200000,"ft_is_entry":false,"ft_order_tag":"trailing_stop_loss","cost":322.1258075212612}],"funding_fees":0.0,"weekday":6},{"pair":"DOGE/USDT","stake_amount":332.18404369,"max_stake_amount":332.18404369,"amount":3001.030298,"open_date":"2026-02-14 23:30:00+00:00","close_date":"2026-02-15 04:15:00+00:00","open_rate":0.11069,"close_rate":0.11406,"fee_open":0.0015,"fee_close":0.0015,"trade_duration":285,"profit_ratio":0.027358681930582454,"profit_abs":9.10174977,"exit_reason":"trailing_stop_loss","initial_stop_loss_abs":0.09963,"initial_stop_loss_ratio":-0.1,"stop_loss_abs":0.11406,"stop_loss_ratio":-0.03,"min_rate":0.11049,"max_rate":0.11758,"is_open":false,"enter_tag":"","leverage":1.0,"is_short":false,"open_timestamp":1771111800000,"close_timestamp":1771128900000,"orders":[{"amount":3001.030298,"safe_price":0.11069,"ft_order_side":"buy","order_filled_timestamp":1771111800000,"ft_is_entry":true,"ft_order_tag":"","cost":332.68231975114844},{"amount":3001.030298,"safe_price":0.11406,"ft_order_side":"sell","order_filled_timestamp":1771128900000,"ft_is_entry":false,"ft_order_tag":"trailing_stop_loss","cost":342.81096206356483}],"funding_fees":0.0,"weekday":6},{"pair":"BTC/USDT","stake_amount":312.66064994,"max_stake_amount":312.66064994,"amount":0.00459766,"open_date":"2026-02-11 14:30:00+00:00","close_date":"2026-02-15 13:00:00+00:00","open_rate":68004.3,"close_rate":69311.9,"fee_open":0.0015,"fee_close":0.0015,"trade_duration":5670,"profit_ratio":0.01617509094710308,"profit_abs":5.06490042,"exit_reason":"exit_signal","initial_stop_loss_abs":61203.87,"initial_stop_loss_ratio":-0.1,"stop_loss_abs":68840.124,"stop_loss_ratio":-0.03,"min_rate":65120.1,"max_rate":70969.2,"is_open":false,"enter_tag":"","leverage":1.0,"is_short":false,"open_timestamp":1770820200000,"close_timestamp":1771160400000,"orders":[{"amount":0.00459766,"safe_price":68004.3,"ft_order_side":"buy","order_filled_timestamp":1770820200000,"ft_is_entry":true,"ft_order_tag":"","cost":313.129640912907},{"amount":0.00459766,"safe_price":69311.9,"ft_order_side":"sell","order_filled_timestamp":1771160400000,"ft_is_entry":false,"ft_order_tag":"exit_signal","cost":319.150558979231}],"funding_fees":0.0,"weekday":6},{"pair":"DOGE/USDT","stake_amount":337.83781642,"max_stake_amount":337.83781642,"amount":2950.548615,"open_date":"2026-02-15 04:30:00+00:00","close_date":"2026-02-15 19:30:00+00:00","open_rate":0.1145,"close_rate":0.10305,"fee_open":0.0015,"fee_close":0.0015,"trade_duration":900,"profit_ratio":-0.10269595607021666,"profit_abs":-34.74661942,"exit_reason":"stop_loss","initial_stop_loss_abs":0.10305,"initial_stop_loss_ratio":-0.1,"stop_loss_abs":0.10305,"stop_loss_ratio":-0.1,"min_rate":0.1025,"max_rate":0.1169,"is_open":false,"enter_tag":"","leverage":1.0,"is_short":false,"open_timestamp":1771129800000,"close_timestamp":1771183800000,"orders":[{"amount":2950.548615,"safe_price":0.1145,"ft_order_side":"buy","order_filled_timestamp":1771129800000,"ft_is_entry":true,"ft_order_tag":"","cost":338.3445731421263},{"amount":2950.548615,"safe_price":0.10305,"ft_order_side":"sell","order_filled_timestamp":1771183800000,"ft_is_entry":false,"ft_order_tag":"stop_loss","cost":304.5101158279137}],"funding_fees":0.0,"weekday":6},{"pair":"BTC/USDT","stake_amount":328.04276343,"max_stake_amount":328.04276343,"amount":0.00470907,"open_date":"2026-02-16 13:15:00+00:00","close_date":"2026-02-16 13:30:00+00:00","open_rate":69661.9,"close_rate":68622.5,"fee_open":0.0015,"fee_close":0.0015,"trade_duration":15,"profit_ratio":-0.017871449986846085,"profit_abs":-5.87139374,"exit_reason":"exit_signal","initial_stop_loss_abs":62695.71,"initial_stop_loss_ratio":-0.1,"stop_loss_abs":62695.71,"stop_loss_ratio":-0.1,"min_rate":68272.8,"max_rate":69759.5,"is_open":false,"enter_tag":"","leverage":1.0,"is_short":false,"open_timestamp":1771247700000,"close_timestamp":1771248600000,"orders":[{"amount":0.00470907,"safe_price":69661.9,"ft_order_side":"buy","order_filled_timestamp":1771247700000,"ft_is_entry":true,"ft_order_tag":"","cost":328.53482757814953},{"amount":0.00470907,"safe_price":68622.5,"ft_order_side":"sell","order_filled_timestamp":1771248600000,"ft_is_entry":false,"ft_order_tag":"exit_signal","cost":323.6328783091125}],"funding_fees":0.0,"weekday":0},{"pair":"DOGE/USDT","stake_amount":326.10528922,"max_stake_amount":326.10528922,"amount":3199.306281,"open_date":"2026-02-17 16:30:00+00:00","close_date":"2026-02-19 05:30:00+00:00","open_rate":0.10193,"close_rate":0.09725,"fee_open":0.0015,"fee_close":0.0015,"trade_duration":2220,"profit_ratio":-0.04877183390195125,"profit_abs":-15.92861013,"exit_reason":"exit_signal","initial_stop_loss_abs":0.09174,"initial_stop_loss_ratio":-0.1,"stop_loss_abs":0.09174,"stop_loss_ratio":-0.1,"min_rate":0.0968,"max_rate":0.10339,"is_open":false,"enter_tag":"","leverage":1.0,"is_short":false,"open_timestamp":1771345800000,"close_timestamp":1771479000000,"orders":[{"amount":3199.306281,"safe_price":0.10193,"ft_order_side":"buy","order_filled_timestamp":1771345800000,"ft_is_entry":true,"ft_order_tag":"","cost":326.59444715616354},{"amount":3199.306281,"safe_price":0.09725,"ft_order_side":"sell","order_filled_timestamp":1771479000000,"ft_is_entry":false,"ft_order_tag":"exit_signal","cost":311.5992346309909}],"funding_fees":0.0,"weekday":3}],"locks":[],"best_pair":{"key":"BTC/USDT","trades":2,"profit_mean":-0.0008481795198715027,"profit_mean_pct":-0.08,"profit_total_abs":-0.8064933200000004,"profit_total":-0.0008064933200000004,"profit_total_pct":-0.08,"duration_avg":"1 day, 23:22:00","wins":1,"draws":0,"losses":1,"winrate":0.5,"cagr":-0.00945466062230993,"expectancy":-0.4032466600000002,"expectancy_ratio":-0.0686798872391754,"sortino":-100,"sharpe":-0.09089611584719122,"calmar":-8.508214180460218,"sqn":-0.0737,"profit_factor":0.8626402255216492,"max_drawdown_account":0.005841805576482035,"max_drawdown_abs":5.87139374},"worst_pair":{"key":"SOL/USDT","trades":1,"profit_mean":-0.038132578391237175,"profit_mean_pct":-3.81,"profit_total_abs":-12.45149699,"profit_total":-0.012451496990000002,"profit_total_pct":-1.25,"duration_avg":"1 day, 22:15:00","wins":0,"draws":0,"losses":1,"winrate":0.0,"cagr":-0.1371606151325253,"expectancy":-12.45149699,"expectancy_ratio":-1.0,"sortino":-100,"sharpe":-100,"calmar":-61.628945724331565,"sqn":-100.0,"profit_factor":0.0,"max_drawdown_account":0.01245149699000001,"max_drawdown_abs":12.45149699},"results_per_pair":[{"key":"BTC/USDT","trades":2,"profit_mean":-0.0008481795198715027,"profit_mean_pct":-0.08,"profit_total_abs":-0.8064933200000004,"profit_total":-0.0008064933200000004,"profit_total_pct":-0.08,"duration_avg":"1 day, 23:22:00","wins":1,"draws":0,"losses":1,"winrate":0.5,"cagr":-0.00945466062230993,"expectancy":-0.4032466600000002,"expectancy_ratio":-0.0686798872391754,"sortino":-100,"sharpe":-0.09089611584719122,"calmar":-8.508214180460218,"sqn":-0.0737,"profit_factor":0.8626402255216492,"max_drawdown_account":0.005841805576482035,"max_drawdown_abs":5.87139374},{"key":"ETH/USDT","trades":2,"profit_mean":-0.004959837033569043,"profit_mean_pct":-0.5,"profit_total_abs":-3.5827796000000003,"profit_total":-0.0035827796,"profit_total_pct":-0.36,"duration_avg":"2 days, 17:52:00","wins":1,"draws":0,"losses":1,"winrate":0.5,"cagr":-0.041379579470287475,"expectancy":-1.7913898000000001,"expectancy_ratio":-0.15424832086908413,"sortino":-100,"sharpe":-0.22479793134264875,"calmar":-19.01232278982007,"sqn":-0.1824,"profit_factor":0.6915033582618316,"max_drawdown_account":0.011613674560000049,"max_drawdown_abs":11.61367456},{"key":"DOGE/USDT","trades":7,"profit_mean":-0.0035113337455179284,"profit_mean_pct":-0.35,"profit_total_abs":-10.889993910000005,"profit_total":-0.010889993910000005,"profit_total_pct":-1.09,"duration_avg":"1 day, 2:21:00","wins":3,"draws":0,"losses":4,"winrate":0.42857142857142855,"cagr":-0.12095937831513837,"expectancy":-1.555713415714287,"expectancy_ratio":-0.07861950910270898,"sortino":-0.7619344931127802,"sharpe":-0.2873525404259298,"calmar":-13.77083570918289,"sqn":-0.1632,"profit_factor":0.8624158590702595,"max_drawdown_account":0.04873624649883467,"max_drawdown_abs":50.67522955},{"key":"SOL/USDT","trades":1,"profit_mean":-0.038132578391237175,"profit_mean_pct":-3.81,"profit_total_abs":-12.45149699,"profit_total":-0.012451496990000002,"profit_total_pct":-1.25,"duration_avg":"1 day, 22:15:00","wins":0,"draws":0,"losses":1,"winrate":0.0,"cagr":-0.1371606151325253,"expectancy":-12.45149699,"expectancy_ratio":-1.0,"sortino":-100,"sharpe":-100,"calmar":-61.628945724331565,"sqn":-100.0,"profit_factor":0.0,"max_drawdown_account":0.01245149699000001,"max_drawdown_abs":12.45149699},{"key":"TOTAL","trades":12,"profit_mean":-0.006193995643061979,"profit_mean_pct":-0.62,"profit_total_abs":-27.730763820000007,"profit_total":-0.027730763820000007,"profit_total_pct":-2.77,"duration_avg":"1 day, 14:06:00","wins":5,"draws":0,"losses":7,"winrate":0.4166666666666667,"cagr":-0.2818810135728843,"expectancy":-2.310896985000001,"expectancy_ratio":-0.1482863946354882,"sortino":-2.0202196037312197,"sharpe":-0.9150459972433145,"calmar":-31.094068063445466,"sqn":-0.4104,"profit_factor":0.7457947520534489,"max_drawdown_account":0.05496282232578565,"max_drawdown_abs":56.54662329}],"results_per_enter_tag":[{"key":"","trades":12,"profit_mean":-0.006193995643061979,"profit_mean_pct":-0.62,"profit_total_abs":-27.730763820000007,"profit_total":-0.027730763820000007,"profit_total_pct":-2.77,"duration_avg":"1 day, 14:06:00","wins":5,"draws":0,"losses":7,"winrate":0.4166666666666667,"cagr":-0.2818810135728843,"expectancy":-2.310896985000001,"expectancy_ratio":-0.1482863946354882,"sortino":-2.0202196037312197,"sharpe":-0.9150459972433145,"calmar":-31.094068063445466,"sqn":-0.4104,"profit_factor":0.7457947520534489,"max_drawdown_account":0.05496282232578565,"max_drawdown_abs":56.54662329},{"key":"TOTAL","trades":12,"profit_mean":-0.006193995643061979,"profit_mean_pct":-0.62,"profit_total_abs":-27.730763820000007,"profit_total":-0.027730763820000007,"profit_total_pct":-2.77,"duration_avg":"1 day, 14:06:00","wins":5,"draws":0,"losses":7,"winrate":0.4166666666666667,"cagr":-0.2818810135728843,"expectancy":-2.310896985000001,"expectancy_ratio":-0.1482863946354882,"sortino":-2.0202196037312197,"sharpe":-0.9150459972433145,"calmar":-31.094068063445466,"sqn":-0.4104,"profit_factor":0.7457947520534489,"max_drawdown_account":0.05496282232578565,"max_drawdown_abs":56.54662329}],"exit_reason_summary":[{"key":"trailing_stop_loss","trades":3,"profit_mean":0.03982776030348819,"profit_mean_pct":3.98,"profit_total_abs":38.77306316,"profit_total":0.03877306316,"profit_total_pct":3.88,"duration_avg":"1 day, 8:10:00","wins":3,"draws":0,"losses":0,"winrate":1.0,"cagr":0.5650120107775176,"expectancy":12.924354386666666,"expectancy_ratio":100.0,"sortino":-100,"sharpe":3.867404473247621,"calmar":-100,"sqn":2.9582,"profit_factor":0.0,"max_drawdown_account":0.0,"max_drawdown_abs":0.0},{"key":"roi","trades":1,"profit_mean":0.11982026958737743,"profit_mean_pct":11.98,"profit_total_abs":37.51935809,"profit_total":0.037519358089999996,"profit_total_pct":3.75,"duration_avg":"3 days, 0:30:00","wins":1,"draws":0,"losses":0,"winrate":1.0,"cagr":0.5429166139264203,"expectancy":37.51935809,"expectancy_ratio":100.0,"sortino":-100,"sharpe":-100,"calmar":-100,"sqn":-100.0,"profit_factor":0.0,"max_drawdown_account":0.0,"max_drawdown_abs":0.0},{"key":"stop_loss","trades":1,"profit_mean":-0.10269595607021666,"profit_mean_pct":-10.27,"profit_total_abs":-34.74661942,"profit_total":-0.03474661942,"profit_total_pct":-3.47,"duration_avg":"15:00:00","wins":0,"draws":0,"losses":1,"winrate":0.0,"cagr":-0.3405770433456473,"expectancy":-34.74661942,"expectancy_ratio":-1.0,"sortino":-100,"sharpe":-100,"calmar":-61.628945724331615,"sqn":-100.0,"profit_factor":0.0,"max_drawdown_account":0.03474661942,"max_drawdown_abs":34.74661942},{"key":"exit_signal","trades":7,"profit_mean":-0.030133648877767018,"profit_mean_pct":-3.01,"profit_total_abs":-69.27656565,"profit_total":-0.06927656565,"profit_total_pct":-6.93,"duration_avg":"1 day, 15:02:00","wins":1,"draws":0,"losses":6,"winrate":0.14285714285714285,"cagr":-0.5705740485608496,"expectancy":-9.896652235714285,"expectancy_ratio":-0.7987455259272601,"sortino":-12.278590466441912,"sharpe":-6.183616042067564,"calmar":-61.62894572433165,"sqn":-3.511,"profit_factor":0.06813021975152984,"max_drawdown_account":0.06927656564999995,"max_drawdown_abs":69.27656565},{"key":"TOTAL","trades":12,"profit_mean":-0.006193995643061979,"profit_mean_pct":-0.62,"profit_total_abs":-27.730763820000007,"profit_total":-0.027730763820000007,"profit_total_pct":-2.77,"duration_avg":"1 day, 14:06:00","wins":5,"draws":0,"losses":7,"winrate":0.4166666666666667,"cagr":-0.2818810135728843,"expectancy":-2.310896985000001,"expectancy_ratio":-0.1482863946354882,"sortino":-2.0202196037312197,"sharpe":-0.9150459972433145,"calmar":-31.094068063445466,"sqn":-0.4104,"profit_factor":0.7457947520534489,"max_drawdown_account":0.05496282232578565,"max_drawdown_abs":56.54662329}],"mix_tag_stats":[{"key":["","trailing_stop_loss"],"trades":3,"profit_mean":0.03982776030348819,"profit_mean_pct":3.98,"profit_total_abs":38.77306316,"profit_total":0.03877306316,"profit_total_pct":3.88,"duration_avg":"1 day, 8:10:00","wins":3,"draws":0,"losses":0,"winrate":1.0,"cagr":0.5650120107775176,"expectancy":12.924354386666666,"expectancy_ratio":100.0,"sortino":-100,"sharpe":3.867404473247621,"calmar":-100,"sqn":2.9582,"profit_factor":0.0,"max_drawdown_account":0.0,"max_drawdown_abs":0.0},{"key":["","roi"],"trades":1,"profit_mean":0.11982026958737743,"profit_mean_pct":11.98,"profit_total_abs":37.51935809,"profit_total":0.037519358089999996,"profit_total_pct":3.75,"duration_avg":"3 days, 0:30:00","wins":1,"draws":0,"losses":0,"winrate":1.0,"cagr":0.5429166139264203,"expectancy":37.51935809,"expectancy_ratio":100.0,"sortino":-100,"sharpe":-100,"calmar":-100,"sqn":-100.0,"profit_factor":0.0,"max_drawdown_account":0.0,"max_drawdown_abs":0.0},{"key":["","stop_loss"],"trades":1,"profit_mean":-0.10269595607021666,"profit_mean_pct":-10.27,"profit_total_abs":-34.74661942,"profit_total":-0.03474661942,"profit_total_pct":-3.47,"duration_avg":"15:00:00","wins":0,"draws":0,"losses":1,"winrate":0.0,"cagr":-0.3405770433456473,"expectancy":-34.74661942,"expectancy_ratio":-1.0,"sortino":-100,"sharpe":-100,"calmar":-61.628945724331615,"sqn":-100.0,"profit_factor":0.0,"max_drawdown_account":0.03474661942,"max_drawdown_abs":34.74661942},{"key":["","exit_signal"],"trades":7,"profit_mean":-0.030133648877767018,"profit_mean_pct":-3.01,"profit_total_abs":-69.27656565,"profit_total":-0.06927656565,"profit_total_pct":-6.93,"duration_avg":"1 day, 15:02:00","wins":1,"draws":0,"losses":6,"winrate":0.14285714285714285,"cagr":-0.5705740485608496,"expectancy":-9.896652235714285,"expectancy_ratio":-0.7987455259272601,"sortino":-12.278590466441912,"sharpe":-6.183616042067564,"calmar":-61.62894572433165,"sqn":-3.511,"profit_factor":0.06813021975152984,"max_drawdown_account":0.06927656564999995,"max_drawdown_abs":69.27656565},{"key":"TOTAL","trades":12,"profit_mean":-0.006193995643061979,"profit_mean_pct":-0.62,"profit_total_abs":-27.730763820000007,"profit_total":-0.027730763820000007,"profit_total_pct":-2.77,"duration_avg":"1 day, 14:06:00","wins":5,"draws":0,"losses":7,"winrate":0.4166666666666667,"cagr":-0.2818810135728843,"expectancy":-2.310896985000001,"expectancy_ratio":-0.1482863946354882,"sortino":-2.0202196037312197,"sharpe":-0.9150459972433145,"calmar":-31.094068063445466,"sqn":-0.4104,"profit_factor":0.7457947520534489,"max_drawdown_account":0.05496282232578565,"max_drawdown_abs":56.54662329}],"left_open_trades":[{"key":"TOTAL","trades":0,"profit_mean":0.0,"profit_mean_pct":0.0,"profit_total_abs":0.0,"profit_total":0.0,"profit_total_pct":0.0,"duration_avg":"0:00","wins":0,"draws":0,"losses":0,"winrate":0.0,"cagr":0.0,"expectancy":0.0,"expectancy_ratio":100.0,"sortino":0,"sharpe":0,"calmar":0,"sqn":0.0,"profit_factor":0.0,"max_drawdown_account":0.0,"max_drawdown_abs":0.0}],"total_trades":12,"trade_count_long":12,"trade_count_short":0,"total_volume":7786.238721437808,"avg_stake_amount":324.61023977916665,"profit_mean":-0.006193995643061979,"profit_median":-0.026719142341697262,"profit_total":-0.027730763820000007,"profit_total_long":-0.027730763820000007,"profit_total_short":0.0,"profit_total_abs":-27.730763820000007,"profit_total_long_abs":-27.730763820000007,"profit_total_short_abs":0.0,"cagr":-0.2818810135728843,"expectancy":-2.310896985000001,"expectancy_ratio":-0.1482863946354882,"sortino":-2.0202196037312197,"sharpe":-0.9150459972433145,"calmar":-31.094068063445466,"sqn":-0.4104,"profit_factor":0.7457947520534489,"backtest_start":"2026-01-20 00:00:00","backtest_start_ts":1768867200000,"backtest_end":"2026-02-20 00:00:00","backtest_end_ts":1771545600000,"backtest_days":31,"backtest_run_start_ts":1771566114,"backtest_run_end_ts":1771566115,"trades_per_day":0.39,"market_change":-0.3195652300127002,"pairlist":["BTC/USDT","ETH/USDT","SOL/USDT","DOGE/USDT"],"stake_amount":"unlimited","stake_currency":"USDT","stake_currency_decimals":3,"starting_balance":1000,"dry_run_wallet":1000,"final_balance":972.26923618,"rejected_signals":0,"timedout_entry_orders":0,"timedout_exit_orders":0,"canceled_trade_entries":0,"canceled_entry_orders":0,"replaced_entry_orders":0,"max_open_trades":3,"max_open_trades_setting":3,"timeframe":"15m","timeframe_detail":"","timerange":"20260120-20260220","enable_protections":false,"strategy_name":"SupertrendStrategyV3","freqaimodel":null,"freqai_identifier":null,"stoploss":-0.1,"trailing_stop":true,"trailing_stop_positive":0.03,"trailing_stop_positive_offset":0.04,"trailing_only_offset_is_reached":true,"use_custom_stoploss":false,"minimal_roi":{"0":0.12},"use_exit_signal":true,"exit_profit_only":false,"exit_profit_offset":0.0,"ignore_roi_if_entry_signal":false,"trading_mode":"spot","margin_mode":"","periodic_breakdown":{"day":[{"date":"21/01/2026","date_ts":1768953600000,"profit_abs":-11.99188023,"wins":0,"draws":0,"losses":1,"trades":1,"profit_factor":0.0},{"date":"22/01/2026","date_ts":1769040000000,"profit_abs":0.0,"wins":0,"draws":0,"losses":0,"trades":0,"profit_factor":0.0},{"date":"23/01/2026","date_ts":1769126400000,"profit_abs":0.0,"wins":0,"draws":0,"losses":0,"trades":0,"profit_factor":0.0},{"date":"24/01/2026","date_ts":1769212800000,"profit_abs":0.0,"wins":0,"draws":0,"losses":0,"trades":0,"profit_factor":0.0},{"date":"25/01/2026","date_ts":1769299200000,"profit_abs":0.0,"wins":0,"draws":0,"losses":0,"trades":0,"profit_factor":0.0},{"date":"26/01/2026","date_ts":1769385600000,"profit_abs":0.0,"wins":0,"draws":0,"losses":0,"trades":0,"profit_factor":0.0},{"date":"27/01/2026","date_ts":1769472000000,"profit_abs":0.0,"wins":0,"draws":0,"losses":0,"trades":0,"profit_factor":0.0},{"date":"28/01/2026","date_ts":1769558400000,"profit_abs":0.0,"wins":0,"draws":0,"losses":0,"trades":0,"profit_factor":0.0},{"date":"29/01/2026","date_ts":1769644800000,"profit_abs":-40.54958197,"wins":0,"draws":0,"losses":3,"trades":3,"profit_factor":0.0},{"date":"30/01/2026","date_ts":1769731200000,"profit_abs":0.0,"wins":0,"draws":0,"losses":0,"trades":0,"profit_factor":0.0},{"date":"31/01/2026","date_ts":1769817600000,"profit_abs":0.0,"wins":0,"draws":0,"losses":0,"trades":0,"profit_factor":0.0},{"date":"01/02/2026","date_ts":1769904000000,"profit_abs":0.0,"wins":0,"draws":0,"losses":0,"trades":0,"profit_factor":0.0},{"date":"02/02/2026","date_ts":1769990400000,"profit_abs":0.0,"wins":0,"draws":0,"losses":0,"trades":0,"profit_factor":0.0},{"date":"03/02/2026","date_ts":1770076800000,"profit_abs":0.0,"wins":0,"draws":0,"losses":0,"trades":0,"profit_factor":0.0},{"date":"04/02/2026","date_ts":1770163200000,"profit_abs":0.0,"wins":0,"draws":0,"losses":0,"trades":0,"profit_factor":0.0},{"date":"05/02/2026","date_ts":1770249600000,"profit_abs":0.0,"wins":0,"draws":0,"losses":0,"trades":0,"profit_factor":0.0},{"date":"06/02/2026","date_ts":1770336000000,"profit_abs":0.0,"wins":0,"draws":0,"losses":0,"trades":0,"profit_factor":0.0},{"date":"07/02/2026","date_ts":1770422400000,"profit_abs":0.0,"wins":0,"draws":0,"losses":0,"trades":0,"profit_factor":0.0},{"date":"08/02/2026","date_ts":1770508800000,"profit_abs":0.0,"wins":0,"draws":0,"losses":0,"trades":0,"profit_factor":0.0},{"date":"09/02/2026","date_ts":1770595200000,"profit_abs":0.0,"wins":0,"draws":0,"losses":0,"trades":0,"profit_factor":0.0},{"date":"10/02/2026","date_ts":1770681600000,"profit_abs":0.0,"wins":0,"draws":0,"losses":0,"trades":0,"profit_factor":0.0},{"date":"11/02/2026","date_ts":1770768000000,"profit_abs":0.0,"wins":0,"draws":0,"losses":0,"trades":0,"profit_factor":0.0},{"date":"12/02/2026","date_ts":1770854400000,"profit_abs":0.0,"wins":0,"draws":0,"losses":0,"trades":0,"profit_factor":0.0},{"date":"13/02/2026","date_ts":1770940800000,"profit_abs":0.0,"wins":0,"draws":0,"losses":0,"trades":0,"profit_factor":0.0},{"date":"14/02/2026","date_ts":1771027200000,"profit_abs":59.15977652,"wins":2,"draws":0,"losses":0,"trades":2,"profit_factor":0.0},{"date":"15/02/2026","date_ts":1771113600000,"profit_abs":-12.54907427,"wins":3,"draws":0,"losses":1,"trades":4,"profit_factor":0.63884043},{"date":"16/02/2026","date_ts":1771200000000,"profit_abs":-5.87139374,"wins":0,"draws":0,"losses":1,"trades":1,"profit_factor":0.0},{"date":"17/02/2026","date_ts":1771286400000,"profit_abs":0.0,"wins":0,"draws":0,"losses":0,"trades":0,"profit_factor":0.0},{"date":"18/02/2026","date_ts":1771372800000,"profit_abs":0.0,"wins":0,"draws":0,"losses":0,"trades":0,"profit_factor":0.0},{"date":"19/02/2026","date_ts":1771459200000,"profit_abs":-15.92861013,"wins":0,"draws":0,"losses":1,"trades":1,"profit_factor":0.0}],"week":[{"date":"26/01/2026","date_ts":1769385600000,"profit_abs":-11.99188023,"wins":0,"draws":0,"losses":1,"trades":1,"profit_factor":0.0},{"date":"02/02/2026","date_ts":1769990400000,"profit_abs":-40.54958197,"wins":0,"draws":0,"losses":3,"trades":3,"profit_factor":0.0},{"date":"09/02/2026","date_ts":1770595200000,"profit_abs":0.0,"wins":0,"draws":0,"losses":0,"trades":0,"profit_factor":0.0},{"date":"16/02/2026","date_ts":1771200000000,"profit_abs":40.73930851,"wins":5,"draws":0,"losses":2,"trades":7,"profit_factor":2.00298625},{"date":"23/02/2026","date_ts":1771804800000,"profit_abs":-15.92861013,"wins":0,"draws":0,"losses":1,"trades":1,"profit_factor":0.0}],"month":[{"date":"31/01/2026","date_ts":1769817600000,"profit_abs":-52.5414622,"wins":0,"draws":0,"losses":4,"trades":4,"profit_factor":0.0},{"date":"28/02/2026","date_ts":1772236800000,"profit_abs":24.81069838,"wins":5,"draws":0,"losses":3,"trades":8,"profit_factor":1.43876534}],"year":[{"date":"31/12/2026","date_ts":1798675200000,"profit_abs":-27.73076382,"wins":5,"draws":0,"losses":7,"trades":12,"profit_factor":0.74579475}],"weekday":[{"date":"Monday","date_ts":0,"profit_abs":-5.87139374,"wins":0,"draws":0,"losses":1,"trades":1,"profit_factor":0.0},{"date":"Wednesday","date_ts":2,"profit_abs":-11.99188023,"wins":0,"draws":0,"losses":1,"trades":1,"profit_factor":0.0},{"date":"Thursday","date_ts":3,"profit_abs":-56.4781921,"wins":0,"draws":0,"losses":4,"trades":4,"profit_factor":0.0},{"date":"Saturday","date_ts":5,"profit_abs":59.15977652,"wins":2,"draws":0,"losses":0,"trades":2,"profit_factor":0.0},{"date":"Sunday","date_ts":6,"profit_abs":-12.54907427,"wins":3,"draws":0,"losses":1,"trades":4,"profit_factor":0.63884043}]},"backtest_best_day":0.1862977079378492,"backtest_worst_day":-0.12418274509649205,"backtest_best_day_abs":59.15977652,"backtest_worst_day_abs":-40.54958197,"winning_days":1,"draw_days":24,"losing_days":5,"daily_profit":[["2026-01-21",-11.99188023],["2026-01-22",0.0],["2026-01-23",0.0],["2026-01-24",0.0],["2026-01-25",0.0],["2026-01-26",0.0],["2026-01-27",0.0],["2026-01-28",0.0],["2026-01-29",-40.54958197],["2026-01-30",0.0],["2026-01-31",0.0],["2026-02-01",0.0],["2026-02-02",0.0],["2026-02-03",0.0],["2026-02-04",0.0],["2026-02-05",0.0],["2026-02-06",0.0],["2026-02-07",0.0],["2026-02-08",0.0],["2026-02-09",0.0],["2026-02-10",0.0],["2026-02-11",0.0],["2026-02-12",0.0],["2026-02-13",0.0],["2026-02-14",59.15977652],["2026-02-15",-12.54907427],["2026-02-16",-5.87139374],["2026-02-17",0.0],["2026-02-18",0.0],["2026-02-19",-15.92861013]],"wins":5,"losses":7,"draws":0,"winrate":0.4166666666666667,"holding_avg":"1 day, 14:06:00","holding_avg_s":137160.0,"winner_holding_min":"0d 04:45","winner_holding_min_s":17100.0,"winner_holding_max":"3d 22:30","winner_holding_max_s":340200.0,"winner_holding_avg":"2d 04:42","winner_holding_avg_s":189720.0,"loser_holding_min":"0d 00:15","loser_holding_min_s":900.0,"loser_holding_max":"1d 22:45","loser_holding_max_s":168300.0,"loser_holding_avg":"1d 03:41","loser_holding_avg_s":99660.0,"max_consecutive_wins":5,"max_consecutive_losses":4,"max_drawdown_account":0.05496282232578565,"max_relative_drawdown":0.05496282232578565,"max_drawdown_abs":56.54662329,"drawdown_start":"2026-02-15 13:00:00","drawdown_start_ts":1771160400000.0,"drawdown_end":"2026-02-19 05:30:00","drawdown_end_ts":1771479000000.0,"drawdown_duration":"3 days 16:30:00","drawdown_duration_s":318600.0,"max_drawdown_low":-27.73076382,"max_drawdown_high":28.81585947,"csum_min":947.4585378,"csum_max":1028.81585947}},"strategy_comparison":[{"key":"SupertrendStrategyV3","trades":12,"profit_mean":-0.006193995643061979,"profit_mean_pct":-0.62,"profit_total_abs":-27.730763820000007,"profit_total":-0.027730763820000007,"profit_total_pct":-2.77,"duration_avg":"1 day, 14:06:00","wins":5,"draws":0,"losses":7,"winrate":0.4166666666666667,"cagr":-0.2818810135728843,"expectancy":-2.310896985000001,"expectancy_ratio":-0.1482863946354882,"sortino":-2.0202196037312197,"sharpe":-0.9150459972433145,"calmar":-31.094068063445466,"sqn":-0.4104,"profit_factor":0.7457947520534489,"max_drawdown_account":0.05496282232578565,"max_drawdown_abs":"56.547"}]}