{"strategy":{"SupertrendFuturesStrategyV5":{"trades":[{"pair":"SOL/USDT:USDT","stake_amount":329.7855,"max_stake_amount":329.7855,"amount":5.06,"open_date":"2026-01-22 02:15:00+00:00","close_date":"2026-01-23 14:45:00+00:00","open_rate":130.35,"close_rate":125.69,"fee_open":0.0005,"fee_close":0.0005,"trade_duration":2190,"profit_ratio":-0.07315950388423959,"profit_abs":-24.13900704,"exit_reason":"exit_signal","initial_stop_loss_abs":123.83249999999998,"initial_stop_loss_ratio":-0.1,"stop_loss_abs":123.83249999999998,"stop_loss_ratio":-0.1,"min_rate":125.22,"max_rate":130.89,"is_open":false,"enter_tag":"","leverage":2,"is_short":false,"open_timestamp":1769048100000,"close_timestamp":1769179500000,"orders":[{"amount":5.06,"safe_price":130.35,"ft_order_side":"buy","order_filled_timestamp":1769048100000,"ft_is_entry":true,"ft_order_tag":"","cost":659.9007854999999},{"amount":5.06,"safe_price":125.69,"ft_order_side":"sell","order_filled_timestamp":1769179500000,"ft_is_entry":false,"ft_order_tag":"exit_signal","cost":636.3093956999999}],"funding_fees":0.08837415774789097,"weekday":4},{"pair":"ETH/USDT:USDT","stake_amount":321.04944,"max_stake_amount":321.04944,"amount":0.216,"open_date":"2026-01-27 16:15:00+00:00","close_date":"2026-01-28 03:00:00+00:00","open_rate":2972.68,"close_rate":3003.3333000000002,"fee_open":0.0005,"fee_close":0.0005,"trade_duration":645,"profit_ratio":0.01859340090898535,"profit_abs":5.97238565,"exit_reason":"trailing_stop_loss","initial_stop_loss_abs":2824.046,"initial_stop_loss_ratio":-0.1,"stop_loss_abs":3003.3333000000002,"stop_loss_ratio":-0.02,"min_rate":2916.51,"max_rate":3033.67,"is_open":false,"enter_tag":"","leverage":2,"is_short":false,"open_timestamp":1769530500000,"close_timestamp":1769569200000,"orders":[{"amount":0.216,"safe_price":2972.68,"ft_order_side":"buy","order_filled_timestamp":1769530500000,"ft_is_entry":true,"ft_order_tag":"","cost":642.4199294399999},{"amount":0.216,"safe_price":3003.3333000000002,"ft_order_side":"sell","order_filled_timestamp":1769569200000,"ft_is_entry":false,"ft_order_tag":"trailing_stop_loss","cost":649.0443527964}],"funding_fees":-0.0033177147578233677,"weekday":2},{"pair":"DOGE/USDT:USDT","stake_amount":321.9265,"max_stake_amount":321.9265,"amount":5150.0,"open_date":"2026-01-27 16:15:00+00:00","close_date":"2026-01-28 09:30:00+00:00","open_rate":0.12502,"close_rate":0.12589,"fee_open":0.0005,"fee_close":0.0005,"trade_duration":1035,"profit_ratio":0.01168111295620259,"profit_abs":3.76234004,"exit_reason":"trailing_stop_loss","initial_stop_loss_abs":0.11877,"initial_stop_loss_ratio":-0.1,"stop_loss_abs":0.12589,"stop_loss_ratio":-0.02,"min_rate":0.1217,"max_rate":0.12716,"is_open":false,"enter_tag":"","leverage":2,"is_short":false,"open_timestamp":1769530500000,"close_timestamp":1769592600000,"orders":[{"amount":5150.0,"safe_price":0.12502,"ft_order_side":"buy","order_filled_timestamp":1769530500000,"ft_is_entry":true,"ft_order_tag":"","cost":644.1749265},{"amount":5150.0,"safe_price":0.12589,"ft_order_side":"sell","order_filled_timestamp":1769592600000,"ft_is_entry":false,"ft_order_tag":"trailing_stop_loss","cost":648.65766675}],"funding_fees":-0.07206670949668575,"weekday":2},{"pair":"DOGE/USDT:USDT","stake_amount":325.1907,"max_stake_amount":325.1907,"amount":5130.0,"open_date":"2026-01-28 09:45:00+00:00","close_date":"2026-01-29 12:30:00+00:00","open_rate":0.12678,"close_rate":0.12045,"fee_open":0.0005,"fee_close":0.0005,"trade_duration":1605,"profit_ratio":-0.10212782269272934,"profit_abs":-33.22762366,"exit_reason":"stop_loss","initial_stop_loss_abs":0.12045,"initial_stop_loss_ratio":-0.1,"stop_loss_abs":0.12045,"stop_loss_ratio":-0.1,"min_rate":0.12028,"max_rate":0.12766,"is_open":false,"enter_tag":"","leverage":2,"is_short":false,"open_timestamp":1769593500000,"close_timestamp":1769689800000,"orders":[{"amount":5130.0,"safe_price":0.12678,"ft_order_side":"buy","order_filled_timestamp":1769593500000,"ft_is_entry":true,"ft_order_tag":"","cost":650.7065907},{"amount":5130.0,"safe_price":0.12045,"ft_order_side":"sell","order_filled_timestamp":1769689800000,"ft_is_entry":false,"ft_order_tag":"stop_loss","cost":618.21745425}],"funding_fees":-0.12057870891486654,"weekday":3},{"pair":"SOL/USDT:USDT","stake_amount":321.5862,"max_stake_amount":321.5862,"amount":5.09,"open_date":"2026-01-27 16:15:00+00:00","close_date":"2026-01-29 14:45:00+00:00","open_rate":126.36,"close_rate":121.19,"fee_open":0.0005,"fee_close":0.0005,"trade_duration":2790,"profit_ratio":-0.08396492131817222,"profit_abs":-27.01546096,"exit_reason":"exit_signal","initial_stop_loss_abs":120.04199999999999,"initial_stop_loss_ratio":-0.1,"stop_loss_abs":120.04199999999999,"stop_loss_ratio":-0.1,"min_rate":120.26,"max_rate":128.27,"is_open":false,"enter_tag":"","leverage":2,"is_short":false,"open_timestamp":1769530500000,"close_timestamp":1769697900000,"orders":[{"amount":5.09,"safe_price":126.36,"ft_order_side":"buy","order_filled_timestamp":1769530500000,"ft_is_entry":true,"ft_order_tag":"","cost":643.4939861999999},{"amount":5.09,"safe_price":121.19,"ft_order_side":"sell","order_filled_timestamp":1769697900000,"ft_is_entry":false,"ft_order_tag":"exit_signal","cost":617.1655285499999}],"funding_fees":-0.07014621220652817,"weekday":3},{"pair":"ETH/USDT:USDT","stake_amount":322.791325,"max_stake_amount":322.791325,"amount":0.215,"open_date":"2026-01-28 03:15:00+00:00","close_date":"2026-01-29 15:00:00+00:00","open_rate":3002.71,"close_rate":2874.82,"fee_open":0.0005,"fee_close":0.0005,"trade_duration":2145,"profit_ratio":-0.08741943623229005,"profit_abs":-28.23234477,"exit_reason":"exit_signal","initial_stop_loss_abs":2852.5744999999997,"initial_stop_loss_ratio":-0.1,"stop_loss_abs":2852.5744999999997,"stop_loss_ratio":-0.1,"min_rate":2810.01,"max_rate":3045.47,"is_open":false,"enter_tag":"","leverage":2,"is_short":false,"open_timestamp":1769570100000,"close_timestamp":1769698800000,"orders":[{"amount":0.215,"safe_price":3002.71,"ft_order_side":"buy","order_filled_timestamp":1769570100000,"ft_is_entry":true,"ft_order_tag":"","cost":645.9054413249999},{"amount":0.215,"safe_price":2874.82,"ft_order_side":"sell","order_filled_timestamp":1769698800000,"ft_is_entry":false,"ft_order_tag":"exit_signal","cost":618.39534315}],"funding_fees":-0.10416029767461435,"weekday":3},{"pair":"DOGE/USDT:USDT","stake_amount":298.0055,"max_stake_amount":298.0055,"amount":4940.0,"open_date":"2026-01-29 12:45:00+00:00","close_date":"2026-01-29 15:00:00+00:00","open_rate":0.12065,"close_rate":0.11866,"fee_open":0.0005,"fee_close":0.0005,"trade_duration":135,"profit_ratio":-0.034954010769169916,"profit_abs":-10.4216957,"exit_reason":"exit_signal","initial_stop_loss_abs":0.11462,"initial_stop_loss_ratio":-0.1,"stop_loss_abs":0.11462,"stop_loss_ratio":-0.1,"min_rate":0.11568,"max_rate":0.12105,"is_open":false,"enter_tag":"","leverage":2,"is_short":false,"open_timestamp":1769690700000,"close_timestamp":1769698800000,"orders":[{"amount":4940.0,"safe_price":0.12065,"ft_order_side":"buy","order_filled_timestamp":1769690700000,"ft_is_entry":true,"ft_order_tag":"","cost":596.3090054999999},{"amount":4940.0,"safe_price":0.11866,"ft_order_side":"sell","order_filled_timestamp":1769698800000,"ft_is_entry":false,"ft_order_tag":"exit_signal","cost":586.4734901999999}],"funding_fees":0.0,"weekday":3},{"pair":"ETH/USDT:USDT","stake_amount":292.37814,"max_stake_amount":292.37814,"amount":0.292,"open_date":"2026-02-11 14:15:00+00:00","close_date":"2026-02-11 15:00:00+00:00","open_rate":2002.59,"close_rate":1902.4605,"fee_open":0.0005,"fee_close":0.0005,"trade_duration":45,"profit_ratio":-0.10189905046450706,"profit_abs":-29.80795137,"exit_reason":"stop_loss","initial_stop_loss_abs":1902.4605,"initial_stop_loss_ratio":-0.1,"stop_loss_abs":1902.4605,"stop_loss_ratio":-0.1,"min_rate":1901.33,"max_rate":2005.6,"is_open":false,"enter_tag":"","leverage":2,"is_short":false,"open_timestamp":1770819300000,"close_timestamp":1770822000000,"orders":[{"amount":0.292,"safe_price":2002.59,"ft_order_side":"buy","order_filled_timestamp":1770819300000,"ft_is_entry":true,"ft_order_tag":"","cost":585.0486581399999},{"amount":0.292,"safe_price":1902.4605,"ft_order_side":"sell","order_filled_timestamp":1770822000000,"ft_is_entry":false,"ft_order_tag":"stop_loss","cost":555.796225233}],"funding_fees":0.0,"weekday":2},{"pair":"ETH/USDT:USDT","stake_amount":264.52392,"max_stake_amount":264.52392,"amount":0.276,"open_date":"2026-02-11 15:15:00+00:00","close_date":"2026-02-11 16:00:00+00:00","open_rate":1916.84,"close_rate":1935.9549,"fee_open":0.0005,"fee_close":0.0005,"trade_duration":45,"profit_ratio":0.01807914999213268,"profit_abs":4.78475881,"exit_reason":"trailing_stop_loss","initial_stop_loss_abs":1820.9979999999998,"initial_stop_loss_ratio":-0.1,"stop_loss_abs":1935.9549,"stop_loss_ratio":-0.02,"min_rate":1907.35,"max_rate":1955.51,"is_open":false,"enter_tag":"","leverage":2,"is_short":false,"open_timestamp":1770822900000,"close_timestamp":1770825600000,"orders":[{"amount":0.276,"safe_price":1916.84,"ft_order_side":"buy","order_filled_timestamp":1770822900000,"ft_is_entry":true,"ft_order_tag":"","cost":529.31236392},{"amount":0.276,"safe_price":1935.9549,"ft_order_side":"sell","order_filled_timestamp":1770825600000,"ft_is_entry":false,"ft_order_tag":"trailing_stop_loss","cost":534.5907141762}],"funding_fees":0.04073211108132752,"weekday":2},{"pair":"ETH/USDT:USDT","stake_amount":269.42016,"max_stake_amount":269.42016,"amount":0.276,"open_date":"2026-02-11 16:15:00+00:00","close_date":"2026-02-11 22:00:00+00:00","open_rate":1952.32,"close_rate":1967.3874,"fee_open":0.0005,"fee_close":0.0005,"trade_duration":345,"profit_ratio":0.013420951285080933,"profit_abs":3.61768278,"exit_reason":"trailing_stop_loss","initial_stop_loss_abs":1854.704,"initial_stop_loss_ratio":-0.1,"stop_loss_abs":1967.3874,"stop_loss_ratio":-0.02,"min_rate":1908.01,"max_rate":1987.26,"is_open":false,"enter_tag":"","leverage":2,"is_short":false,"open_timestamp":1770826500000,"close_timestamp":1770847200000,"orders":[{"amount":0.276,"safe_price":1952.32,"ft_order_side":"buy","order_filled_timestamp":1770826500000,"ft_is_entry":true,"ft_order_tag":"","cost":539.10974016},{"amount":0.276,"safe_price":1967.3874,"ft_order_side":"sell","order_filled_timestamp":1770847200000,"ft_is_entry":false,"ft_order_tag":"trailing_stop_loss","cost":543.2704218612}],"funding_fees":0.0,"weekday":2},{"pair":"ETH/USDT:USDT","stake_amount":272.54147,"max_stake_amount":272.54147,"amount":0.278,"open_date":"2026-02-11 22:15:00+00:00","close_date":"2026-02-12 12:00:00+00:00","open_rate":1960.73,"close_rate":1981.2672,"fee_open":0.0005,"fee_close":0.0005,"trade_duration":825,"profit_ratio":0.018898516380946938,"profit_abs":5.15320475,"exit_reason":"trailing_stop_loss","initial_stop_loss_abs":1862.6934999999999,"initial_stop_loss_ratio":-0.1,"stop_loss_abs":1981.2672,"stop_loss_ratio":-0.02,"min_rate":1930.0,"max_rate":2001.28,"is_open":false,"enter_tag":"","leverage":2,"is_short":false,"open_timestamp":1770848100000,"close_timestamp":1770897600000,"orders":[{"amount":0.278,"safe_price":1960.73,"ft_order_side":"buy","order_filled_timestamp":1770848100000,"ft_is_entry":true,"ft_order_tag":"","cost":545.35548147},{"amount":0.278,"safe_price":1981.2672,"ft_order_side":"sell","order_filled_timestamp":1770897600000,"ft_is_entry":false,"ft_order_tag":"trailing_stop_loss","cost":551.0676777408}],"funding_fees":-0.008199238604829219,"weekday":3},{"pair":"DOGE/USDT:USDT","stake_amount":292.4328,"max_stake_amount":292.4328,"amount":6360.0,"open_date":"2026-02-11 14:15:00+00:00","close_date":"2026-02-12 12:45:00+00:00","open_rate":0.09196,"close_rate":0.09327,"fee_open":0.0005,"fee_close":0.0005,"trade_duration":1350,"profit_ratio":0.026591558361667936,"profit_abs":7.78013199,"exit_reason":"trailing_stop_loss","initial_stop_loss_abs":0.08737,"initial_stop_loss_ratio":-0.1,"stop_loss_abs":0.09327,"stop_loss_ratio":-0.02,"min_rate":0.08781,"max_rate":0.09421,"is_open":false,"enter_tag":"","leverage":2,"is_short":false,"open_timestamp":1770819300000,"close_timestamp":1770900300000,"orders":[{"amount":6360.0,"safe_price":0.09196,"ft_order_side":"buy","order_filled_timestamp":1770819300000,"ft_is_entry":true,"ft_order_tag":"","cost":585.1580327999999},{"amount":6360.0,"safe_price":0.09327,"ft_order_side":"sell","order_filled_timestamp":1770900300000,"ft_is_entry":false,"ft_order_tag":"trailing_stop_loss","cost":593.4937986}],"funding_fees":0.0375633861875587,"weekday":3},{"pair":"ETH/USDT:USDT","stake_amount":277.9784,"max_stake_amount":277.9784,"amount":0.28,"open_date":"2026-02-12 12:15:00+00:00","close_date":"2026-02-13 15:00:00+00:00","open_rate":1985.56,"close_rate":2010.69,"fee_open":0.0005,"fee_close":0.0005,"trade_duration":1605,"profit_ratio":0.023048479235472416,"profit_abs":6.41018287,"exit_reason":"trailing_stop_loss","initial_stop_loss_abs":1886.282,"initial_stop_loss_ratio":-0.1,"stop_loss_abs":2010.69,"stop_loss_ratio":-0.02,"min_rate":1895.34,"max_rate":2031.0,"is_open":false,"enter_tag":"","leverage":2,"is_short":false,"open_timestamp":1770898500000,"close_timestamp":1770994800000,"orders":[{"amount":0.28,"safe_price":1985.56,"ft_order_side":"buy","order_filled_timestamp":1770898500000,"ft_is_entry":true,"ft_order_tag":"","cost":556.2347784},{"amount":0.28,"safe_price":2010.69,"ft_order_side":"sell","order_filled_timestamp":1770994800000,"ft_is_entry":false,"ft_order_tag":"trailing_stop_loss","cost":563.2746966000001}],"funding_fees":-0.06674213233417019,"weekday":4},{"pair":"DOGE/USDT:USDT","stake_amount":289.47535,"max_stake_amount":289.47535,"amount":6190.0,"open_date":"2026-02-12 13:00:00+00:00","close_date":"2026-02-13 15:00:00+00:00","open_rate":0.09353,"close_rate":0.09454,"fee_open":0.0005,"fee_close":0.0005,"trade_duration":1560,"profit_ratio":0.019512108933346626,"profit_abs":5.6510987,"exit_reason":"trailing_stop_loss","initial_stop_loss_abs":0.08886,"initial_stop_loss_ratio":-0.1,"stop_loss_abs":0.09454,"stop_loss_ratio":-0.02,"min_rate":0.09063,"max_rate":0.09549,"is_open":false,"enter_tag":"","leverage":2,"is_short":false,"open_timestamp":1770901200000,"close_timestamp":1770994800000,"orders":[{"amount":6190.0,"safe_price":0.09353,"ft_order_side":"buy","order_filled_timestamp":1770901200000,"ft_is_entry":true,"ft_order_tag":"","cost":579.24017535},{"amount":6190.0,"safe_price":0.09454,"ft_order_side":"sell","order_filled_timestamp":1770994800000,"ft_is_entry":false,"ft_order_tag":"trailing_stop_loss","cost":585.4952013}],"funding_fees":-0.01872464948900991,"weekday":4},{"pair":"DOGE/USDT:USDT","stake_amount":293.4882,"max_stake_amount":293.4882,"amount":6180.0,"open_date":"2026-02-13 15:15:00+00:00","close_date":"2026-02-13 15:30:00+00:00","open_rate":0.09498,"close_rate":0.0957,"fee_open":0.0005,"fee_close":0.0005,"trade_duration":15,"profit_ratio":0.013146932534995926,"profit_abs":3.8603988,"exit_reason":"trailing_stop_loss","initial_stop_loss_abs":0.09024,"initial_stop_loss_ratio":-0.1,"stop_loss_abs":0.0957,"stop_loss_ratio":-0.02,"min_rate":0.09461,"max_rate":0.09666,"is_open":false,"enter_tag":"","leverage":2,"is_short":false,"open_timestamp":1770995700000,"close_timestamp":1770996600000,"orders":[{"amount":6180.0,"safe_price":0.09498,"ft_order_side":"buy","order_filled_timestamp":1770995700000,"ft_is_entry":true,"ft_order_tag":"","cost":587.2698882},{"amount":6180.0,"safe_price":0.0957,"ft_order_side":"sell","order_filled_timestamp":1770996600000,"ft_is_entry":false,"ft_order_tag":"trailing_stop_loss","cost":591.7217129999999}],"funding_fees":0.0,"weekday":4},{"pair":"ETH/USDT:USDT","stake_amount":292.8884,"max_stake_amount":292.8884,"amount":0.29,"open_date":"2026-02-13 15:15:00+00:00","close_date":"2026-02-13 16:00:00+00:00","open_rate":2019.92,"close_rate":2041.7958,"fee_open":0.0005,"fee_close":0.0005,"trade_duration":45,"profit_ratio":0.01958195990536746,"profit_abs":5.73819657,"exit_reason":"trailing_stop_loss","initial_stop_loss_abs":1918.924,"initial_stop_loss_ratio":-0.1,"stop_loss_abs":2041.7958,"stop_loss_ratio":-0.02,"min_rate":2013.04,"max_rate":2062.42,"is_open":false,"enter_tag":"","leverage":2,"is_short":false,"open_timestamp":1770995700000,"close_timestamp":1770998400000,"orders":[{"amount":0.29,"safe_price":2019.92,"ft_order_side":"buy","order_filled_timestamp":1770995700000,"ft_is_entry":true,"ft_order_tag":"","cost":586.0696883999999},{"amount":0.29,"safe_price":2041.7958,"ft_order_side":"sell","order_filled_timestamp":1770998400000,"ft_is_entry":false,"ft_order_tag":"trailing_stop_loss","cost":592.4168423909999}],"funding_fees":-0.01683664145923522,"weekday":4},{"pair":"DOGE/USDT:USDT","stake_amount":295.0641,"max_stake_amount":295.0641,"amount":6180.0,"open_date":"2026-02-13 15:45:00+00:00","close_date":"2026-02-13 23:00:00+00:00","open_rate":0.09549,"close_rate":0.09671,"fee_open":0.0005,"fee_close":0.0005,"trade_duration":435,"profit_ratio":0.02347525502933515,"profit_abs":6.93016835,"exit_reason":"trailing_stop_loss","initial_stop_loss_abs":0.09072,"initial_stop_loss_ratio":-0.1,"stop_loss_abs":0.09671,"stop_loss_ratio":-0.02,"min_rate":0.0949,"max_rate":0.09768,"is_open":false,"enter_tag":"","leverage":2,"is_short":false,"open_timestamp":1770997500000,"close_timestamp":1771023600000,"orders":[{"amount":6180.0,"safe_price":0.09549,"ft_order_side":"buy","order_filled_timestamp":1770997500000,"ft_is_entry":true,"ft_order_tag":"","cost":590.4232641},{"amount":6180.0,"safe_price":0.09671,"ft_order_side":"sell","order_filled_timestamp":1771023600000,"ft_is_entry":false,"ft_order_tag":"trailing_stop_loss","cost":597.9666339}],"funding_fees":-0.015533653329017917,"weekday":4},{"pair":"ETH/USDT:USDT","stake_amount":296.249565,"max_stake_amount":296.249565,"amount":0.289,"open_date":"2026-02-13 16:15:00+00:00","close_date":"2026-02-14 08:00:00+00:00","open_rate":2050.17,"close_rate":2070.9117,"fee_open":0.0005,"fee_close":0.0005,"trade_duration":945,"profit_ratio":0.018046012652544654,"profit_abs":5.34879646,"exit_reason":"trailing_stop_loss","initial_stop_loss_abs":1947.6615,"initial_stop_loss_ratio":-0.1,"stop_loss_abs":2070.9117,"stop_loss_ratio":-0.02,"min_rate":2038.21,"max_rate":2091.83,"is_open":false,"enter_tag":"","leverage":2,"is_short":false,"open_timestamp":1770999300000,"close_timestamp":1771056000000,"orders":[{"amount":0.289,"safe_price":2050.17,"ft_order_side":"buy","order_filled_timestamp":1770999300000,"ft_is_entry":true,"ft_order_tag":"","cost":592.7953795649998},{"amount":0.289,"safe_price":2070.9117,"ft_order_side":"sell","order_filled_timestamp":1771056000000,"ft_is_entry":false,"ft_order_tag":"trailing_stop_loss","cost":598.79272804065}],"funding_fees":-0.05005853090700064,"weekday":5},{"pair":"DOGE/USDT:USDT","stake_amount":298.9266,"max_stake_amount":298.9266,"amount":6180.0,"open_date":"2026-02-13 23:15:00+00:00","close_date":"2026-02-14 11:00:00+00:00","open_rate":0.09674,"close_rate":0.09806,"fee_open":0.0005,"fee_close":0.0005,"trade_duration":705,"profit_ratio":0.024942511439028963,"profit_abs":7.45970813,"exit_reason":"trailing_stop_loss","initial_stop_loss_abs":0.09191,"initial_stop_loss_ratio":-0.1,"stop_loss_abs":0.09806,"stop_loss_ratio":-0.02,"min_rate":0.09624,"max_rate":0.09905,"is_open":false,"enter_tag":"","leverage":2,"is_short":false,"open_timestamp":1771024500000,"close_timestamp":1771066800000,"orders":[{"amount":6180.0,"safe_price":0.09674,"ft_order_side":"buy","order_filled_timestamp":1771024500000,"ft_is_entry":true,"ft_order_tag":"","cost":598.1521266},{"amount":6180.0,"safe_price":0.09806,"ft_order_side":"sell","order_filled_timestamp":1771066800000,"ft_is_entry":false,"ft_order_tag":"trailing_stop_loss","cost":606.3138054}],"funding_fees":-0.09595987331207224,"weekday":5},{"pair":"BTC/USDT:USDT","stake_amount":290.753125,"max_stake_amount":290.753125,"amount":0.0085,"open_date":"2026-02-11 14:15:00+00:00","close_date":"2026-02-14 11:45:00+00:00","open_rate":68412.5,"close_rate":70534.3484242121,"fee_open":0.0005,"fee_close":0.0005,"trade_duration":4170,"profit_ratio":0.059262895055841563,"profit_abs":17.23948737,"exit_reason":"roi","initial_stop_loss_abs":64991.875,"initial_stop_loss_ratio":-0.1,"stop_loss_abs":69858.162,"stop_loss_ratio":-0.02,"min_rate":65080.0,"max_rate":70563.8,"is_open":false,"enter_tag":"","leverage":2,"is_short":false,"open_timestamp":1770819300000,"close_timestamp":1771069500000,"orders":[{"amount":0.0085,"safe_price":68412.5,"ft_order_side":"buy","order_filled_timestamp":1770819300000,"ft_is_entry":true,"ft_order_tag":"","cost":581.797003125},{"amount":0.0085,"safe_price":70534.3484242121,"ft_order_side":"sell","order_filled_timestamp":1771069500000,"ft_is_entry":false,"ft_order_tag":"roi","cost":599.8417325866059}],"funding_fees":-0.2057001252876409,"weekday":5},{"pair":"DOGE/USDT:USDT","stake_amount":303.2511,"max_stake_amount":303.2511,"amount":6130.0,"open_date":"2026-02-14 11:15:00+00:00","close_date":"2026-02-14 12:15:00+00:00","open_rate":0.09894,"close_rate":0.09987,"fee_open":0.0005,"fee_close":0.0005,"trade_duration":60,"profit_ratio":0.016781481909136396,"profit_abs":5.09154735,"exit_reason":"trailing_stop_loss","initial_stop_loss_abs":0.094,"initial_stop_loss_ratio":-0.1,"stop_loss_abs":0.09987,"stop_loss_ratio":-0.02,"min_rate":0.09882,"max_rate":0.10087,"is_open":false,"enter_tag":"","leverage":2,"is_short":false,"open_timestamp":1771067700000,"close_timestamp":1771071300000,"orders":[{"amount":6130.0,"safe_price":0.09894,"ft_order_side":"buy","order_filled_timestamp":1771067700000,"ft_is_entry":true,"ft_order_tag":"","cost":606.8054511},{"amount":6130.0,"safe_price":0.09987,"ft_order_side":"sell","order_filled_timestamp":1771071300000,"ft_is_entry":false,"ft_order_tag":"trailing_stop_loss","cost":612.50920155}],"funding_fees":0.0,"weekday":5},{"pair":"ETH/USDT:USDT","stake_amount":300.39505,"max_stake_amount":300.39505,"amount":0.29,"open_date":"2026-02-14 08:15:00+00:00","close_date":"2026-02-14 12:30:00+00:00","open_rate":2071.69,"close_rate":2086.4745000000003,"fee_open":0.0005,"fee_close":0.0005,"trade_duration":255,"profit_ratio":0.012259622071360518,"profit_abs":3.68457115,"exit_reason":"trailing_stop_loss","initial_stop_loss_abs":1968.1055,"initial_stop_loss_ratio":-0.1,"stop_loss_abs":2086.4745000000003,"stop_loss_ratio":-0.02,"min_rate":2066.15,"max_rate":2107.55,"is_open":false,"enter_tag":"","leverage":2,"is_short":false,"open_timestamp":1771056900000,"close_timestamp":1771072200000,"orders":[{"amount":0.29,"safe_price":2071.69,"ft_order_side":"buy","order_filled_timestamp":1771056900000,"ft_is_entry":true,"ft_order_tag":"","cost":601.09049505},{"amount":0.29,"safe_price":2086.4745000000003,"ft_order_side":"sell","order_filled_timestamp":1771072200000,"ft_is_entry":false,"ft_order_tag":"trailing_stop_loss","cost":605.3801438025}],"funding_fees":0.0,"weekday":5},{"pair":"DOGE/USDT:USDT","stake_amount":311.65575,"max_stake_amount":311.65575,"amount":6230.0,"open_date":"2026-02-14 12:30:00+00:00","close_date":"2026-02-14 14:45:00+00:00","open_rate":0.10005,"close_rate":0.10315310155077538,"fee_open":0.0005,"fee_close":0.0005,"trade_duration":135,"profit_ratio":0.05997001499250375,"profit_abs":18.699345,"exit_reason":"roi","initial_stop_loss_abs":0.09505,"initial_stop_loss_ratio":-0.1,"stop_loss_abs":0.10241,"stop_loss_ratio":-0.02,"min_rate":0.09902,"max_rate":0.10344,"is_open":false,"enter_tag":"","leverage":2,"is_short":false,"open_timestamp":1771072200000,"close_timestamp":1771080300000,"orders":[{"amount":6230.0,"safe_price":0.10005,"ft_order_side":"buy","order_filled_timestamp":1771072200000,"ft_is_entry":true,"ft_order_tag":"","cost":623.62315575},{"amount":6230.0,"safe_price":0.10315310155077538,"ft_order_side":"sell","order_filled_timestamp":1771080300000,"ft_is_entry":false,"ft_order_tag":"roi","cost":642.9651445726613}],"funding_fees":0.0,"weekday":5},{"pair":"DOGE/USDT:USDT","stake_amount":317.9176,"max_stake_amount":317.9176,"amount":6160.0,"open_date":"2026-02-14 15:00:00+00:00","close_date":"2026-02-14 16:45:00+00:00","open_rate":0.10322,"close_rate":0.10439,"fee_open":0.0005,"fee_close":0.0005,"trade_duration":105,"profit_ratio":0.020572728448419068,"profit_abs":6.54370267,"exit_reason":"trailing_stop_loss","initial_stop_loss_abs":0.09806,"initial_stop_loss_ratio":-0.1,"stop_loss_abs":0.10439,"stop_loss_ratio":-0.02,"min_rate":0.10241,"max_rate":0.10544,"is_open":false,"enter_tag":"","leverage":2,"is_short":false,"open_timestamp":1771081200000,"close_timestamp":1771087500000,"orders":[{"amount":6160.0,"safe_price":0.10322,"ft_order_side":"buy","order_filled_timestamp":1771081200000,"ft_is_entry":true,"ft_order_tag":"","cost":636.1531176},{"amount":6160.0,"safe_price":0.10439,"ft_order_side":"sell","order_filled_timestamp":1771087500000,"ft_is_entry":false,"ft_order_tag":"trailing_stop_loss","cost":643.3639211999999}],"funding_fees":-0.02405853399546897,"weekday":5},{"pair":"DOGE/USDT:USDT","stake_amount":319.884,"max_stake_amount":319.884,"amount":6100.0,"open_date":"2026-02-14 17:00:00+00:00","close_date":"2026-02-14 18:15:00+00:00","open_rate":0.10488,"close_rate":0.1061,"fee_open":0.0005,"fee_close":0.0005,"trade_duration":75,"profit_ratio":0.021242429891080394,"profit_abs":6.798511,"exit_reason":"trailing_stop_loss","initial_stop_loss_abs":0.09964,"initial_stop_loss_ratio":-0.1,"stop_loss_abs":0.1061,"stop_loss_ratio":-0.02,"min_rate":0.1048,"max_rate":0.10717,"is_open":false,"enter_tag":"","leverage":2,"is_short":false,"open_timestamp":1771088400000,"close_timestamp":1771092900000,"orders":[{"amount":6100.0,"safe_price":0.10488,"ft_order_side":"buy","order_filled_timestamp":1771088400000,"ft_is_entry":true,"ft_order_tag":"","cost":640.087884},{"amount":6100.0,"safe_price":0.1061,"ft_order_side":"sell","order_filled_timestamp":1771092900000,"ft_is_entry":false,"ft_order_tag":"trailing_stop_loss","cost":647.533605}],"funding_fees":0.0,"weekday":5},{"pair":"DOGE/USDT:USDT","stake_amount":322.3548,"max_stake_amount":322.3548,"amount":6040.0,"open_date":"2026-02-14 18:30:00+00:00","close_date":"2026-02-14 19:15:00+00:00","open_rate":0.10674,"close_rate":0.1075,"fee_open":0.0005,"fee_close":0.0005,"trade_duration":45,"profit_ratio":0.012226976262664994,"profit_abs":3.9433952,"exit_reason":"trailing_stop_loss","initial_stop_loss_abs":0.10141,"initial_stop_loss_ratio":-0.1,"stop_loss_abs":0.1075,"stop_loss_ratio":-0.02,"min_rate":0.10629,"max_rate":0.10858,"is_open":false,"enter_tag":"","leverage":2,"is_short":false,"open_timestamp":1771093800000,"close_timestamp":1771096500000,"orders":[{"amount":6040.0,"safe_price":0.10674,"ft_order_side":"buy","order_filled_timestamp":1771093800000,"ft_is_entry":true,"ft_order_tag":"","cost":645.0319548},{"amount":6040.0,"safe_price":0.1075,"ft_order_side":"sell","order_filled_timestamp":1771096500000,"ft_is_entry":false,"ft_order_tag":"trailing_stop_loss","cost":649.62465}],"funding_fees":0.0,"weekday":5},{"pair":"DOGE/USDT:USDT","stake_amount":323.6397,"max_stake_amount":323.6397,"amount":5990.0,"open_date":"2026-02-14 19:30:00+00:00","close_date":"2026-02-14 21:00:00+00:00","open_rate":0.10806,"close_rate":0.11141153576788394,"fee_open":0.0005,"fee_close":0.0005,"trade_duration":90,"profit_ratio":0.059970014992503755,"profit_abs":19.418382,"exit_reason":"roi","initial_stop_loss_abs":0.10266,"initial_stop_loss_ratio":-0.1,"stop_loss_abs":0.11084,"stop_loss_ratio":-0.02,"min_rate":0.10782,"max_rate":0.11195,"is_open":false,"enter_tag":"","leverage":2,"is_short":false,"open_timestamp":1771097400000,"close_timestamp":1771102800000,"orders":[{"amount":5990.0,"safe_price":0.10806,"ft_order_side":"buy","order_filled_timestamp":1771097400000,"ft_is_entry":true,"ft_order_tag":"","cost":647.6030397},{"amount":5990.0,"safe_price":0.11141153576788394,"ft_order_side":"sell","order_filled_timestamp":1771102800000,"ft_is_entry":false,"ft_order_tag":"roi","cost":667.6887767992496}],"funding_fees":0.0,"weekday":5},{"pair":"DOGE/USDT:USDT","stake_amount":330.2176,"max_stake_amount":330.2176,"amount":5920.0,"open_date":"2026-02-14 21:15:00+00:00","close_date":"2026-02-14 22:30:00+00:00","open_rate":0.11156,"close_rate":0.11242,"fee_open":0.0005,"fee_close":0.0005,"trade_duration":75,"profit_ratio":0.013403301934547248,"profit_abs":4.4282192,"exit_reason":"trailing_stop_loss","initial_stop_loss_abs":0.10599,"initial_stop_loss_ratio":-0.1,"stop_loss_abs":0.11242,"stop_loss_ratio":-0.02,"min_rate":0.10936,"max_rate":0.11355,"is_open":false,"enter_tag":"","leverage":2,"is_short":false,"open_timestamp":1771103700000,"close_timestamp":1771108200000,"orders":[{"amount":5920.0,"safe_price":0.11156,"ft_order_side":"buy","order_filled_timestamp":1771103700000,"ft_is_entry":true,"ft_order_tag":"","cost":660.7654176},{"amount":5920.0,"safe_price":0.11242,"ft_order_side":"sell","order_filled_timestamp":1771108200000,"ft_is_entry":false,"ft_order_tag":"trailing_stop_loss","cost":665.8591632}],"funding_fees":0.0,"weekday":5},{"pair":"DOGE/USDT:USDT","stake_amount":331.655,"max_stake_amount":331.655,"amount":5870.0,"open_date":"2026-02-14 22:45:00+00:00","close_date":"2026-02-15 03:00:00+00:00","open_rate":0.113,"close_rate":0.11431,"fee_open":0.0005,"fee_close":0.0005,"trade_duration":255,"profit_ratio":0.020967392409989696,"profit_abs":6.9574175,"exit_reason":"trailing_stop_loss","initial_stop_loss_abs":0.10735,"initial_stop_loss_ratio":-0.1,"stop_loss_abs":0.11431,"stop_loss_ratio":-0.02,"min_rate":0.11012,"max_rate":0.11546,"is_open":false,"enter_tag":"","leverage":2,"is_short":false,"open_timestamp":1771109100000,"close_timestamp":1771124400000,"orders":[{"amount":5870.0,"safe_price":0.113,"ft_order_side":"buy","order_filled_timestamp":1771109100000,"ft_is_entry":true,"ft_order_tag":"","cost":663.641655},{"amount":5870.0,"safe_price":0.11431,"ft_order_side":"sell","order_filled_timestamp":1771124400000,"ft_is_entry":false,"ft_order_tag":"trailing_stop_loss","cost":671.33519985}],"funding_fees":-0.06512765,"weekday":6},{"pair":"DOGE/USDT:USDT","stake_amount":333.9028,"max_stake_amount":333.9028,"amount":5860.0,"open_date":"2026-02-15 03:15:00+00:00","close_date":"2026-02-15 04:00:00+00:00","open_rate":0.11396,"close_rate":0.11749452726363181,"fee_open":0.0005,"fee_close":0.0005,"trade_duration":45,"profit_ratio":0.059970014992503755,"profit_abs":20.034168,"exit_reason":"roi","initial_stop_loss_abs":0.10827,"initial_stop_loss_ratio":-0.1,"stop_loss_abs":0.11637,"stop_loss_ratio":-0.02,"min_rate":0.11262,"max_rate":0.11754,"is_open":false,"enter_tag":"","leverage":2,"is_short":false,"open_timestamp":1771125300000,"close_timestamp":1771128000000,"orders":[{"amount":5860.0,"safe_price":0.11396,"ft_order_side":"buy","order_filled_timestamp":1771125300000,"ft_is_entry":true,"ft_order_tag":"","cost":668.1395028},{"amount":5860.0,"safe_price":0.11749452726363181,"ft_order_side":"sell","order_filled_timestamp":1771128000000,"ft_is_entry":false,"ft_order_tag":"roi","cost":688.8621887297649}],"funding_fees":0.0,"weekday":6},{"pair":"DOGE/USDT:USDT","stake_amount":340.14645,"max_stake_amount":340.14645,"amount":5810.0,"open_date":"2026-02-15 04:15:00+00:00","close_date":"2026-02-15 12:30:00+00:00","open_rate":0.11709,"close_rate":0.11124,"fee_open":0.0005,"fee_close":0.0005,"trade_duration":495,"profit_ratio":-0.10188899980937738,"profit_abs":-34.67451017,"exit_reason":"stop_loss","initial_stop_loss_abs":0.11124,"initial_stop_loss_ratio":-0.1,"stop_loss_abs":0.11124,"stop_loss_ratio":-0.1,"min_rate":0.11101,"max_rate":0.11744,"is_open":false,"enter_tag":"","leverage":2,"is_short":false,"open_timestamp":1771128900000,"close_timestamp":1771158600000,"orders":[{"amount":5810.0,"safe_price":0.11709,"ft_order_side":"buy","order_filled_timestamp":1771128900000,"ft_is_entry":true,"ft_order_tag":"","cost":680.6330464499999},{"amount":5810.0,"safe_price":0.11124,"ft_order_side":"sell","order_filled_timestamp":1771158600000,"ft_is_entry":false,"ft_order_tag":"stop_loss","cost":646.6275522}],"funding_fees":-0.022711521036406945,"weekday":6},{"pair":"BTC/USDT:USDT","stake_amount":306.53928,"max_stake_amount":306.53928,"amount":0.0087,"open_date":"2026-02-14 12:00:00+00:00","close_date":"2026-02-15 13:00:00+00:00","open_rate":70468.8,"close_rate":69282.0,"fee_open":0.0005,"fee_close":0.0005,"trade_duration":1500,"profit_ratio":-0.03591481792736516,"profit_abs":-11.01480708,"exit_reason":"exit_signal","initial_stop_loss_abs":66945.36,"initial_stop_loss_ratio":-0.1,"stop_loss_abs":66945.36,"stop_loss_ratio":-0.1,"min_rate":69194.0,"max_rate":70929.0,"is_open":false,"enter_tag":"","leverage":2,"is_short":false,"open_timestamp":1771070400000,"close_timestamp":1771160400000,"orders":[{"amount":0.0087,"safe_price":70468.8,"ft_order_side":"buy","order_filled_timestamp":1771070400000,"ft_is_entry":true,"ft_order_tag":"","cost":613.38509928},{"amount":0.0087,"safe_price":69282.0,"ft_order_side":"sell","order_filled_timestamp":1771160400000,"ft_is_entry":false,"ft_order_tag":"exit_signal","cost":603.0547766999999}],"funding_fees":-0.08173110311329325,"weekday":6},{"pair":"ETH/USDT:USDT","stake_amount":311.6475,"max_stake_amount":311.6475,"amount":0.3,"open_date":"2026-02-14 12:45:00+00:00","close_date":"2026-02-15 13:00:00+00:00","open_rate":2077.65,"close_rate":2009.54,"fee_open":0.0005,"fee_close":0.0005,"trade_duration":1455,"profit_ratio":-0.0679972332719561,"profit_abs":-21.20176334,"exit_reason":"exit_signal","initial_stop_loss_abs":1973.7675,"initial_stop_loss_ratio":-0.1,"stop_loss_abs":1973.7675,"stop_loss_ratio":-0.1,"min_rate":2008.43,"max_rate":2102.8,"is_open":false,"enter_tag":"","leverage":2,"is_short":false,"open_timestamp":1771073100000,"close_timestamp":1771160400000,"orders":[{"amount":0.3,"safe_price":2077.65,"ft_order_side":"buy","order_filled_timestamp":1771073100000,"ft_is_entry":true,"ft_order_tag":"","cost":623.6066474999999},{"amount":0.3,"safe_price":2009.54,"ft_order_side":"sell","order_filled_timestamp":1771160400000,"ft_is_entry":false,"ft_order_tag":"exit_signal","cost":603.163431}],"funding_fees":-0.15568483787284537,"weekday":6},{"pair":"DOGE/USDT:USDT","stake_amount":329.0688,"max_stake_amount":329.0688,"amount":5910.0,"open_date":"2026-02-15 12:45:00+00:00","close_date":"2026-02-15 17:30:00+00:00","open_rate":0.11136,"close_rate":0.1058,"fee_open":0.0005,"fee_close":0.0005,"trade_duration":285,"profit_ratio":-0.10194888188089864,"profit_abs":-33.56497032,"exit_reason":"stop_loss","initial_stop_loss_abs":0.1058,"initial_stop_loss_ratio":-0.1,"stop_loss_abs":0.1058,"stop_loss_ratio":-0.1,"min_rate":0.10563,"max_rate":0.11139,"is_open":false,"enter_tag":"","leverage":2,"is_short":false,"open_timestamp":1771159500000,"close_timestamp":1771176600000,"orders":[{"amount":5910.0,"safe_price":0.11136,"ft_order_side":"buy","order_filled_timestamp":1771159500000,"ft_is_entry":true,"ft_order_tag":"","cost":658.4666688},{"amount":5910.0,"safe_price":0.1058,"ft_order_side":"sell","order_filled_timestamp":1771176600000,"ft_is_entry":false,"ft_order_tag":"stop_loss","cost":625.590639}],"funding_fees":-0.06366252,"weekday":6},{"pair":"DOGE/USDT:USDT","stake_amount":307.5579,"max_stake_amount":307.5579,"amount":5820.0,"open_date":"2026-02-15 17:45:00+00:00","close_date":"2026-02-16 13:15:00+00:00","open_rate":0.10569,"close_rate":0.10041,"fee_open":0.0005,"fee_close":0.0005,"trade_duration":1170,"profit_ratio":-0.10186805283751807,"profit_abs":-31.34598957,"exit_reason":"stop_loss","initial_stop_loss_abs":0.10041,"initial_stop_loss_ratio":-0.1,"stop_loss_abs":0.10041,"stop_loss_ratio":-0.1,"min_rate":0.10032,"max_rate":0.10569,"is_open":false,"enter_tag":"","leverage":2,"is_short":false,"open_timestamp":1771177500000,"close_timestamp":1771247700000,"orders":[{"amount":5820.0,"safe_price":0.10569,"ft_order_side":"buy","order_filled_timestamp":1771177500000,"ft_is_entry":true,"ft_order_tag":"","cost":615.4233579},{"amount":5820.0,"safe_price":0.10041,"ft_order_side":"sell","order_filled_timestamp":1771247700000,"ft_is_entry":false,"ft_order_tag":"stop_loss","cost":584.6783931}],"funding_fees":-0.01663856719152254,"weekday":0}],"locks":[],"best_pair":{"key":"BTC/USDT:USDT","trades":2,"profit_mean":0.011674038564238202,"profit_mean_pct":1.17,"profit_total_abs":6.2246802899999985,"profit_total":0.006224680289999999,"profit_total_pct":0.62,"duration_avg":"1 day, 23:15:00","wins":1,"draws":0,"losses":1,"winrate":0.5,"cagr":0.08425341332405356,"expectancy":3.1123401449999992,"expectancy_ratio":0.2825596601370526,"sortino":-100,"sharpe":0.30064291938498894,"calmar":39.223989720672606,"sqn":0.2203,"profit_factor":1.565119320274105,"max_drawdown_account":0.01082813557353929,"max_drawdown_abs":11.01480708},"worst_pair":{"key":"SOL/USDT:USDT","trades":2,"profit_mean":-0.07856221260120591,"profit_mean_pct":-7.86,"profit_total_abs":-51.154467999999994,"profit_total":-0.051154467999999995,"profit_total_pct":-5.12,"duration_avg":"1 day, 17:30:00","wins":0,"draws":0,"losses":2,"winrate":0.0,"cagr":-0.49565551776160555,"expectancy":-25.577233999999997,"expectancy_ratio":-1.0,"sortino":-24.26859017781789,"sharpe":-24.26859017781789,"calmar":-68.23204705193862,"sqn":-17.7839,"profit_factor":0.0,"max_drawdown_account":0.05115446799999995,"max_drawdown_abs":51.154467999999994},"results_per_pair":[{"key":"BTC/USDT:USDT","trades":2,"profit_mean":0.011674038564238202,"profit_mean_pct":1.17,"profit_total_abs":6.2246802899999985,"profit_total":0.006224680289999999,"profit_total_pct":0.62,"duration_avg":"1 day, 23:15:00","wins":1,"draws":0,"losses":1,"winrate":0.5,"cagr":0.08425341332405356,"expectancy":3.1123401449999992,"expectancy_ratio":0.2825596601370526,"sortino":-100,"sharpe":0.30064291938498894,"calmar":39.223989720672606,"sqn":0.2203,"profit_factor":1.565119320274105,"max_drawdown_account":0.01082813557353929,"max_drawdown_abs":11.01480708},{"key":"DOGE/USDT:USDT","trades":20,"profit_mean":-0.0019166966450883554,"profit_mean_pct":-0.19,"profit_total_abs":-15.876255489999998,"profit_total":-0.015876255489999998,"profit_total_pct":-1.59,"duration_avg":"8:04:00","wins":15,"draws":0,"losses":5,"winrate":0.75,"cagr":-0.188295393576278,"expectancy":-0.7938127744999983,"expectancy_ratio":-0.027710194489564355,"sortino":-1.1806154192529994,"sharpe":-0.6221466200726244,"calmar":-11.788356700108046,"sqn":-0.1987,"profit_factor":0.8891592220417426,"max_drawdown_account":0.0918931653631035,"max_drawdown_abs":99.58547006},{"key":"ETH/USDT:USDT","trades":11,"profit_mean":-0.010489784321532934,"profit_mean_pct":-1.05,"profit_total_abs":-38.53228044000001,"profit_total":-0.03853228044000001,"profit_total_pct":-3.85,"duration_avg":"12:40:00","wins":8,"draws":0,"losses":3,"winrate":0.7272727272727273,"cagr":-0.40084149817136017,"expectancy":-3.5029345854545437,"expectancy_ratio":-0.1326164895930798,"sortino":-7.027273700993183,"sharpe":-1.8529722760463212,"calmar":-45.56900574664438,"sqn":-0.7807,"profit_factor":0.5137395381587072,"max_drawdown_account":0.05769571507919454,"max_drawdown_abs":58.04029614},{"key":"SOL/USDT:USDT","trades":2,"profit_mean":-0.07856221260120591,"profit_mean_pct":-7.86,"profit_total_abs":-51.154467999999994,"profit_total":-0.051154467999999995,"profit_total_pct":-5.12,"duration_avg":"1 day, 17:30:00","wins":0,"draws":0,"losses":2,"winrate":0.0,"cagr":-0.49565551776160555,"expectancy":-25.577233999999997,"expectancy_ratio":-1.0,"sortino":-24.26859017781789,"sharpe":-24.26859017781789,"calmar":-68.23204705193862,"sqn":-17.7839,"profit_factor":0.0,"max_drawdown_account":0.05115446799999995,"max_drawdown_abs":51.154467999999994},{"key":"TOTAL","trades":35,"profit_mean":-0.008214225957501852,"profit_mean_pct":-0.82,"profit_total_abs":-99.33832364,"profit_total":-0.09933832364,"profit_total_pct":-9.93,"duration_avg":"13:39:00","wins":24,"draws":0,"losses":11,"winrate":0.6857142857142857,"cagr":-0.7443304007351392,"expectancy":-2.8382378182857133,"expectancy_ratio":-0.10968221019351199,"sortino":-8.335360025715952,"sharpe":-4.035327821997354,"calmar":-47.362780997620774,"sqn":-0.9853,"profit_factor":0.65101114938428,"max_drawdown_account":0.14310935781,"max_drawdown_abs":143.10935781}],"results_per_enter_tag":[{"key":"","trades":35,"profit_mean":-0.008214225957501852,"profit_mean_pct":-0.82,"profit_total_abs":-99.33832364,"profit_total":-0.09933832364,"profit_total_pct":-9.93,"duration_avg":"13:39:00","wins":24,"draws":0,"losses":11,"winrate":0.6857142857142857,"cagr":-0.7443304007351392,"expectancy":-2.8382378182857133,"expectancy_ratio":-0.10968221019351199,"sortino":-8.335360025715952,"sharpe":-4.035327821997354,"calmar":-47.362780997620774,"sqn":-0.9853,"profit_factor":0.65101114938428,"max_drawdown_account":0.14310935781,"max_drawdown_abs":143.10935781},{"key":"TOTAL","trades":35,"profit_mean":-0.008214225957501852,"profit_mean_pct":-0.82,"profit_total_abs":-99.33832364,"profit_total":-0.09933832364,"profit_total_pct":-9.93,"duration_avg":"13:39:00","wins":24,"draws":0,"losses":11,"winrate":0.6857142857142857,"cagr":-0.7443304007351392,"expectancy":-2.8382378182857133,"expectancy_ratio":-0.10968221019351199,"sortino":-8.335360025715952,"sharpe":-4.035327821997354,"calmar":-47.362780997620774,"sqn":-0.9853,"profit_factor":0.65101114938428,"max_drawdown_account":0.14310935781,"max_drawdown_abs":143.10935781}],"exit_reason_summary":[{"key":"trailing_stop_loss","trades":20,"profit_mean":0.018323594127115296,"profit_mean_pct":1.83,"profit_total_abs":109.91641797000001,"profit_total":0.10991641797000001,"profit_total_pct":10.99,"duration_avg":"8:41:00","wins":20,"draws":0,"losses":0,"winrate":1.0,"cagr":2.8939564685070884,"expectancy":5.495820898500001,"expectancy_ratio":100.0,"sortino":-100,"sharpe":57.47448244595739,"calmar":-100,"sqn":18.3583,"profit_factor":0.0,"max_drawdown_account":0.0,"max_drawdown_abs":0.0},{"key":"roi","trades":4,"profit_mean":0.059793235008338205,"profit_mean_pct":5.98,"profit_total_abs":75.39138237,"profit_total":0.07539138237,"profit_total_pct":7.54,"duration_avg":"18:30:00","wins":4,"draws":0,"losses":0,"winrate":1.0,"cagr":1.5792447316354825,"expectancy":18.8478455925,"expectancy_ratio":100.0,"sortino":-100,"sharpe":49.3751166343311,"calmar":-100,"sqn":31.3343,"profit_factor":0.0,"max_drawdown_account":0.0,"max_drawdown_abs":0.0},{"key":"exit_signal","trades":6,"profit_mean":-0.06390165390053218,"profit_mean_pct":-6.39,"profit_total_abs":-122.02507888999999,"profit_total":-0.12202507888999999,"profit_total_pct":-12.2,"duration_avg":"1 day, 4:22:00","wins":0,"draws":0,"losses":6,"winrate":0.0,"cagr":-0.8166634971408641,"expectancy":-20.337513148333333,"expectancy_ratio":-1.0,"sortino":-11.632978295170863,"sharpe":-11.632978295170863,"calmar":-68.23204705193854,"sqn":-6.3538,"profit_factor":0.0,"max_drawdown_account":0.12202507889000003,"max_drawdown_abs":122.02507888999999},{"key":"stop_loss","trades":5,"profit_mean":-0.1019465615370061,"profit_mean_pct":-10.19,"profit_total_abs":-162.62104509000002,"profit_total":-0.16262104509000003,"profit_total_pct":-16.26,"duration_avg":"12:00:00","wins":0,"draws":0,"losses":5,"winrate":0.0,"cagr":-0.9010914668244507,"expectancy":-32.52420901800001,"expectancy_ratio":-1.0,"sortino":-64.1309772360721,"sharpe":-64.1309772360721,"calmar":-68.23204705193855,"sqn":-37.5958,"profit_factor":0.0,"max_drawdown_account":0.16262104509000005,"max_drawdown_abs":162.62104509000002},{"key":"TOTAL","trades":35,"profit_mean":-0.008214225957501852,"profit_mean_pct":-0.82,"profit_total_abs":-99.33832364,"profit_total":-0.09933832364,"profit_total_pct":-9.93,"duration_avg":"13:39:00","wins":24,"draws":0,"losses":11,"winrate":0.6857142857142857,"cagr":-0.7443304007351392,"expectancy":-2.8382378182857133,"expectancy_ratio":-0.10968221019351199,"sortino":-8.335360025715952,"sharpe":-4.035327821997354,"calmar":-47.362780997620774,"sqn":-0.9853,"profit_factor":0.65101114938428,"max_drawdown_account":0.14310935781,"max_drawdown_abs":143.10935781}],"mix_tag_stats":[{"key":["","trailing_stop_loss"],"trades":20,"profit_mean":0.018323594127115296,"profit_mean_pct":1.83,"profit_total_abs":109.91641797000001,"profit_total":0.10991641797000001,"profit_total_pct":10.99,"duration_avg":"8:41:00","wins":20,"draws":0,"losses":0,"winrate":1.0,"cagr":2.8939564685070884,"expectancy":5.495820898500001,"expectancy_ratio":100.0,"sortino":-100,"sharpe":57.47448244595739,"calmar":-100,"sqn":18.3583,"profit_factor":0.0,"max_drawdown_account":0.0,"max_drawdown_abs":0.0},{"key":["","roi"],"trades":4,"profit_mean":0.059793235008338205,"profit_mean_pct":5.98,"profit_total_abs":75.39138237,"profit_total":0.07539138237,"profit_total_pct":7.54,"duration_avg":"18:30:00","wins":4,"draws":0,"losses":0,"winrate":1.0,"cagr":1.5792447316354825,"expectancy":18.8478455925,"expectancy_ratio":100.0,"sortino":-100,"sharpe":49.3751166343311,"calmar":-100,"sqn":31.3343,"profit_factor":0.0,"max_drawdown_account":0.0,"max_drawdown_abs":0.0},{"key":["","exit_signal"],"trades":6,"profit_mean":-0.06390165390053218,"profit_mean_pct":-6.39,"profit_total_abs":-122.02507888999999,"profit_total":-0.12202507888999999,"profit_total_pct":-12.2,"duration_avg":"1 day, 4:22:00","wins":0,"draws":0,"losses":6,"winrate":0.0,"cagr":-0.8166634971408641,"expectancy":-20.337513148333333,"expectancy_ratio":-1.0,"sortino":-11.632978295170863,"sharpe":-11.632978295170863,"calmar":-68.23204705193854,"sqn":-6.3538,"profit_factor":0.0,"max_drawdown_account":0.12202507889000003,"max_drawdown_abs":122.02507888999999},{"key":["","stop_loss"],"trades":5,"profit_mean":-0.1019465615370061,"profit_mean_pct":-10.19,"profit_total_abs":-162.62104509000002,"profit_total":-0.16262104509000003,"profit_total_pct":-16.26,"duration_avg":"12:00:00","wins":0,"draws":0,"losses":5,"winrate":0.0,"cagr":-0.9010914668244507,"expectancy":-32.52420901800001,"expectancy_ratio":-1.0,"sortino":-64.1309772360721,"sharpe":-64.1309772360721,"calmar":-68.23204705193855,"sqn":-37.5958,"profit_factor":0.0,"max_drawdown_account":0.16262104509000005,"max_drawdown_abs":162.62104509000002},{"key":"TOTAL","trades":35,"profit_mean":-0.008214225957501852,"profit_mean_pct":-0.82,"profit_total_abs":-99.33832364,"profit_total":-0.09933832364,"profit_total_pct":-9.93,"duration_avg":"13:39:00","wins":24,"draws":0,"losses":11,"winrate":0.6857142857142857,"cagr":-0.7443304007351392,"expectancy":-2.8382378182857133,"expectancy_ratio":-0.10968221019351199,"sortino":-8.335360025715952,"sharpe":-4.035327821997354,"calmar":-47.362780997620774,"sqn":-0.9853,"profit_factor":0.65101114938428,"max_drawdown_account":0.14310935781,"max_drawdown_abs":143.10935781}],"left_open_trades":[{"key":"TOTAL","trades":0,"profit_mean":0.0,"profit_mean_pct":0.0,"profit_total_abs":0.0,"profit_total":0.0,"profit_total_pct":0.0,"duration_avg":"0:00","wins":0,"draws":0,"losses":0,"winrate":0.0,"cagr":0.0,"expectancy":0.0,"expectancy_ratio":100.0,"sortino":0,"sharpe":0,"calmar":0,"sqn":0.0,"profit_factor":0.0,"max_drawdown_account":0.0,"max_drawdown_abs":0.0}],"total_trades":35,"trade_count_long":35,"trade_count_short":0,"total_volume":42969.87594765503,"avg_stake_amount":307.32253499999996,"profit_mean":-0.008214225957501852,"profit_median":0.016781481909136396,"profit_total":-0.09933832364,"profit_total_long":-0.09933832364,"profit_total_short":0.0,"profit_total_abs":-99.33832364,"profit_total_long_abs":-99.33832364,"profit_total_short_abs":0.0,"cagr":-0.7443304007351392,"expectancy":-2.8382378182857133,"expectancy_ratio":-0.10968221019351199,"sortino":-8.335360025715952,"sharpe":-4.035327821997354,"calmar":-47.362780997620774,"sqn":-0.9853,"profit_factor":0.65101114938428,"backtest_start":"2026-01-22 02:00:00","backtest_start_ts":1769047200000,"backtest_end":"2026-02-20 00:00:00","backtest_end_ts":1771545600000,"backtest_days":28,"backtest_run_start_ts":1771601784,"backtest_run_end_ts":1771601786,"trades_per_day":1.25,"market_change":-0.3004948512428234,"pairlist":["BTC/USDT:USDT","ETH/USDT:USDT","SOL/USDT:USDT","DOGE/USDT:USDT"],"stake_amount":"unlimited","stake_currency":"USDT","stake_currency_decimals":3,"starting_balance":1000,"dry_run_wallet":1000,"final_balance":900.66167636,"rejected_signals":0,"timedout_entry_orders":0,"timedout_exit_orders":0,"canceled_trade_entries":0,"canceled_entry_orders":0,"replaced_entry_orders":0,"max_open_trades":3,"max_open_trades_setting":3,"timeframe":"15m","timeframe_detail":"","timerange":"20260120-20260220","enable_protections":false,"strategy_name":"SupertrendFuturesStrategyV5","freqaimodel":null,"freqai_identifier":null,"stoploss":-0.1,"trailing_stop":true,"trailing_stop_positive":0.02,"trailing_stop_positive_offset":0.03,"trailing_only_offset_is_reached":true,"use_custom_stoploss":false,"minimal_roi":{"0":0.06},"use_exit_signal":true,"exit_profit_only":false,"exit_profit_offset":0.0,"ignore_roi_if_entry_signal":false,"trading_mode":"futures","margin_mode":"isolated","periodic_breakdown":{"day":[{"date":"23/01/2026","date_ts":1769126400000,"profit_abs":-24.13900704,"wins":0,"draws":0,"losses":1,"trades":1,"profit_factor":0.0},{"date":"24/01/2026","date_ts":1769212800000,"profit_abs":0.0,"wins":0,"draws":0,"losses":0,"trades":0,"profit_factor":0.0},{"date":"25/01/2026","date_ts":1769299200000,"profit_abs":0.0,"wins":0,"draws":0,"losses":0,"trades":0,"profit_factor":0.0},{"date":"26/01/2026","date_ts":1769385600000,"profit_abs":0.0,"wins":0,"draws":0,"losses":0,"trades":0,"profit_factor":0.0},{"date":"27/01/2026","date_ts":1769472000000,"profit_abs":0.0,"wins":0,"draws":0,"losses":0,"trades":0,"profit_factor":0.0},{"date":"28/01/2026","date_ts":1769558400000,"profit_abs":9.73472569,"wins":2,"draws":0,"losses":0,"trades":2,"profit_factor":0.0},{"date":"29/01/2026","date_ts":1769644800000,"profit_abs":-98.89712509,"wins":0,"draws":0,"losses":4,"trades":4,"profit_factor":0.0},{"date":"30/01/2026","date_ts":1769731200000,"profit_abs":0.0,"wins":0,"draws":0,"losses":0,"trades":0,"profit_factor":0.0},{"date":"31/01/2026","date_ts":1769817600000,"profit_abs":0.0,"wins":0,"draws":0,"losses":0,"trades":0,"profit_factor":0.0},{"date":"01/02/2026","date_ts":1769904000000,"profit_abs":0.0,"wins":0,"draws":0,"losses":0,"trades":0,"profit_factor":0.0},{"date":"02/02/2026","date_ts":1769990400000,"profit_abs":0.0,"wins":0,"draws":0,"losses":0,"trades":0,"profit_factor":0.0},{"date":"03/02/2026","date_ts":1770076800000,"profit_abs":0.0,"wins":0,"draws":0,"losses":0,"trades":0,"profit_factor":0.0},{"date":"04/02/2026","date_ts":1770163200000,"profit_abs":0.0,"wins":0,"draws":0,"losses":0,"trades":0,"profit_factor":0.0},{"date":"05/02/2026","date_ts":1770249600000,"profit_abs":0.0,"wins":0,"draws":0,"losses":0,"trades":0,"profit_factor":0.0},{"date":"06/02/2026","date_ts":1770336000000,"profit_abs":0.0,"wins":0,"draws":0,"losses":0,"trades":0,"profit_factor":0.0},{"date":"07/02/2026","date_ts":1770422400000,"profit_abs":0.0,"wins":0,"draws":0,"losses":0,"trades":0,"profit_factor":0.0},{"date":"08/02/2026","date_ts":1770508800000,"profit_abs":0.0,"wins":0,"draws":0,"losses":0,"trades":0,"profit_factor":0.0},{"date":"09/02/2026","date_ts":1770595200000,"profit_abs":0.0,"wins":0,"draws":0,"losses":0,"trades":0,"profit_factor":0.0},{"date":"10/02/2026","date_ts":1770681600000,"profit_abs":0.0,"wins":0,"draws":0,"losses":0,"trades":0,"profit_factor":0.0},{"date":"11/02/2026","date_ts":1770768000000,"profit_abs":-21.40550978,"wins":2,"draws":0,"losses":1,"trades":3,"profit_factor":0.28188591},{"date":"12/02/2026","date_ts":1770854400000,"profit_abs":12.93333674,"wins":2,"draws":0,"losses":0,"trades":2,"profit_factor":0.0},{"date":"13/02/2026","date_ts":1770940800000,"profit_abs":28.59004529,"wins":5,"draws":0,"losses":0,"trades":5,"profit_factor":0.0},{"date":"14/02/2026","date_ts":1771027200000,"profit_abs":98.65566553,"wins":11,"draws":0,"losses":0,"trades":11,"profit_factor":0.0},{"date":"15/02/2026","date_ts":1771113600000,"profit_abs":-73.46446541,"wins":2,"draws":0,"losses":4,"trades":6,"profit_factor":0.26869049},{"date":"16/02/2026","date_ts":1771200000000,"profit_abs":-31.34598957,"wins":0,"draws":0,"losses":1,"trades":1,"profit_factor":0.0}],"week":[{"date":"26/01/2026","date_ts":1769385600000,"profit_abs":-24.13900704,"wins":0,"draws":0,"losses":1,"trades":1,"profit_factor":0.0},{"date":"02/02/2026","date_ts":1769990400000,"profit_abs":-89.1623994,"wins":2,"draws":0,"losses":4,"trades":6,"profit_factor":0.09843285},{"date":"09/02/2026","date_ts":1770595200000,"profit_abs":0.0,"wins":0,"draws":0,"losses":0,"trades":0,"profit_factor":0.0},{"date":"16/02/2026","date_ts":1771200000000,"profit_abs":13.9630828,"wins":22,"draws":0,"losses":6,"trades":28,"profit_factor":1.08639987}],"month":[{"date":"31/01/2026","date_ts":1769817600000,"profit_abs":-113.30140644,"wins":2,"draws":0,"losses":5,"trades":7,"profit_factor":0.07912087},{"date":"28/02/2026","date_ts":1772236800000,"profit_abs":13.9630828,"wins":22,"draws":0,"losses":6,"trades":28,"profit_factor":1.08639987}],"year":[{"date":"31/12/2026","date_ts":1798675200000,"profit_abs":-99.33832364,"wins":24,"draws":0,"losses":11,"trades":35,"profit_factor":0.65101115}],"weekday":[{"date":"Monday","date_ts":0,"profit_abs":-31.34598957,"wins":0,"draws":0,"losses":1,"trades":1,"profit_factor":0.0},{"date":"Wednesday","date_ts":2,"profit_abs":-11.67078409,"wins":4,"draws":0,"losses":1,"trades":5,"profit_factor":0.60846742},{"date":"Thursday","date_ts":3,"profit_abs":-85.96378835,"wins":2,"draws":0,"losses":4,"trades":6,"profit_factor":0.13077566},{"date":"Friday","date_ts":4,"profit_abs":4.45103825,"wins":5,"draws":0,"losses":1,"trades":6,"profit_factor":1.18439194},{"date":"Saturday","date_ts":5,"profit_abs":98.65566553,"wins":11,"draws":0,"losses":0,"trades":11,"profit_factor":0.0},{"date":"Sunday","date_ts":6,"profit_abs":-73.46446541,"wins":2,"draws":0,"losses":4,"trades":6,"profit_factor":0.26869049}]},"backtest_best_day":0.3186779896496313,"backtest_worst_day":-0.3084661910123615,"backtest_best_day_abs":98.65566553,"backtest_worst_day_abs":-98.89712509,"winning_days":4,"draw_days":16,"losing_days":5,"daily_profit":[["2026-01-23",-24.13900704],["2026-01-24",0.0],["2026-01-25",0.0],["2026-01-26",0.0],["2026-01-27",0.0],["2026-01-28",9.73472569],["2026-01-29",-98.89712509],["2026-01-30",0.0],["2026-01-31",0.0],["2026-02-01",0.0],["2026-02-02",0.0],["2026-02-03",0.0],["2026-02-04",0.0],["2026-02-05",0.0],["2026-02-06",0.0],["2026-02-07",0.0],["2026-02-08",0.0],["2026-02-09",0.0],["2026-02-10",0.0],["2026-02-11",-21.40550978],["2026-02-12",12.93333674],["2026-02-13",28.59004529],["2026-02-14",98.65566553],["2026-02-15",-73.46446541],["2026-02-16",-31.34598957]],"wins":24,"losses":11,"draws":0,"winrate":0.6857142857142857,"holding_avg":"13:39:00","holding_avg_s":49140.0,"winner_holding_min":"0d 00:15","winner_holding_min_s":900.0,"winner_holding_max":"2d 21:30","winner_holding_max_s":250200.0,"winner_holding_avg":"0d 10:19","winner_holding_avg_s":37140.0,"loser_holding_min":"0d 00:45","loser_holding_min_s":2700.0,"loser_holding_max":"1d 22:30","loser_holding_max_s":167400.0,"loser_holding_avg":"0d 20:56","loser_holding_avg_s":75360.0,"max_consecutive_wins":22,"max_consecutive_losses":5,"max_drawdown_account":0.14310935781,"max_relative_drawdown":0.14310935781,"max_drawdown_abs":143.10935781,"drawdown_start":"2026-01-23 14:45:00","drawdown_start_ts":1769179500000.0,"drawdown_end":"2026-02-11 15:00:00","drawdown_end_ts":1770822000000.0,"drawdown_duration":"19 days 00:15:00","drawdown_duration_s":1642500.0,"max_drawdown_low":-143.10935781,"max_drawdown_high":0.0,"csum_min":856.89064219,"csum_max":1032.46371684}},"strategy_comparison":[{"key":"SupertrendFuturesStrategyV5","trades":35,"profit_mean":-0.008214225957501852,"profit_mean_pct":-0.82,"profit_total_abs":-99.33832364,"profit_total":-0.09933832364,"profit_total_pct":-9.93,"duration_avg":"13:39:00","wins":24,"draws":0,"losses":11,"winrate":0.6857142857142857,"cagr":-0.7443304007351392,"expectancy":-2.8382378182857133,"expectancy_ratio":-0.10968221019351199,"sortino":-8.335360025715952,"sharpe":-4.035327821997354,"calmar":-47.362780997620774,"sqn":-0.9853,"profit_factor":0.65101114938428,"max_drawdown_account":0.14310935781,"max_drawdown_abs":"143.109"}]}