{"strategy":{"SupertrendFuturesStrategyV8_1":{"trades":[{"pair":"BTC/USDT:USDT","stake_amount":398.92424,"max_stake_amount":398.92424,"amount":0.0088,"open_date":"2025-11-27 01:30:00+00:00","close_date":"2025-11-28 13:30:00+00:00","open_rate":90664.6,"close_rate":91706.175,"fee_open":0.0005,"fee_close":0.0005,"trade_duration":2160,"profit_ratio":0.020980674701905625,"profit_abs":8.37388456,"exit_reason":"trailing_stop_loss","initial_stop_loss_abs":89304.63100000001,"initial_stop_loss_ratio":-0.03,"stop_loss_abs":91706.175,"stop_loss_ratio":-0.02,"min_rate":90415.1,"max_rate":92632.5,"is_open":false,"enter_tag":"","leverage":2,"is_short":false,"open_timestamp":1764207000000,"close_timestamp":1764336600000,"orders":[{"amount":0.0088,"safe_price":90664.6,"ft_order_side":"buy","order_filled_timestamp":1764207000000,"ft_is_entry":true,"ft_order_tag":"","cost":798.24740424},{"amount":0.0088,"safe_price":91706.175,"ft_order_side":"sell","order_filled_timestamp":1764336600000,"ft_is_entry":false,"ft_order_tag":"trailing_stop_loss","cost":807.4178471700001}],"funding_fees":0.01045597157454941,"weekday":4},{"pair":"DOGE/USDT:USDT","stake_amount":399.4269,"max_stake_amount":399.4269,"amount":5420.0,"open_date":"2025-12-03 02:30:00+00:00","close_date":"2025-12-03 06:30:00+00:00","open_rate":0.14739,"close_rate":0.1519613756878439,"fee_open":0.0005,"fee_close":0.0005,"trade_duration":240,"profit_ratio":0.05997001499250375,"profit_abs":23.965614,"exit_reason":"roi","initial_stop_loss_abs":0.14518,"initial_stop_loss_ratio":-0.03,"stop_loss_abs":0.15015,"stop_loss_ratio":-0.02,"min_rate":0.14675,"max_rate":0.15199,"is_open":false,"enter_tag":"","leverage":2,"is_short":false,"open_timestamp":1764729000000,"close_timestamp":1764743400000,"orders":[{"amount":5420.0,"safe_price":0.14739,"ft_order_side":"buy","order_filled_timestamp":1764729000000,"ft_is_entry":true,"ft_order_tag":"","cost":799.2532269},{"amount":5420.0,"safe_price":0.1519613756878439,"ft_order_side":"sell","order_filled_timestamp":1764743400000,"ft_is_entry":false,"ft_order_tag":"roi","cost":824.042471556228}],"funding_fees":0.0,"weekday":2},{"pair":"ETH/USDT:USDT","stake_amount":399.779725,"max_stake_amount":399.779725,"amount":0.263,"open_date":"2025-12-03 02:30:00+00:00","close_date":"2025-12-03 14:00:00+00:00","open_rate":3040.15,"close_rate":3062.7135,"fee_open":0.0005,"fee_close":0.0005,"trade_duration":690,"profit_ratio":0.01280673271751843,"profit_abs":5.12243202,"exit_reason":"trailing_stop_loss","initial_stop_loss_abs":2994.54775,"initial_stop_loss_ratio":-0.03,"stop_loss_abs":3062.7135,"stop_loss_ratio":-0.02,"min_rate":3017.51,"max_rate":3093.65,"is_open":false,"enter_tag":"","leverage":2,"is_short":false,"open_timestamp":1764729000000,"close_timestamp":1764770400000,"orders":[{"amount":0.263,"safe_price":3040.15,"ft_order_side":"buy","order_filled_timestamp":1764729000000,"ft_is_entry":true,"ft_order_tag":"","cost":799.959229725},{"amount":0.263,"safe_price":3062.7135,"ft_order_side":"sell","order_filled_timestamp":1764770400000,"ft_is_entry":false,"ft_order_tag":"trailing_stop_loss","cost":805.89639732525}],"funding_fees":-0.009241934581188336,"weekday":2},{"pair":"ETH/USDT:USDT","stake_amount":399.42588,"max_stake_amount":399.42588,"amount":0.249,"open_date":"2025-12-04 01:30:00+00:00","close_date":"2025-12-04 13:00:00+00:00","open_rate":3208.24,"close_rate":3160.1164,"fee_open":0.0005,"fee_close":0.0005,"trade_duration":690,"profit_ratio":-0.031983495090913784,"profit_abs":-12.78142319,"exit_reason":"stop_loss","initial_stop_loss_abs":3160.1164,"initial_stop_loss_ratio":-0.03,"stop_loss_abs":3160.1164,"stop_loss_ratio":-0.03,"min_rate":3155.0,"max_rate":3227.37,"is_open":false,"enter_tag":"","leverage":2,"is_short":false,"open_timestamp":1764811800000,"close_timestamp":1764853200000,"orders":[{"amount":0.249,"safe_price":3208.24,"ft_order_side":"buy","order_filled_timestamp":1764811800000,"ft_is_entry":true,"ft_order_tag":"","cost":799.2511858799999},{"amount":0.249,"safe_price":3160.1164,"ft_order_side":"sell","order_filled_timestamp":1764853200000,"ft_is_entry":false,"ft_order_tag":"stop_loss","cost":787.2624180918}],"funding_fees":-0.005786422971689289,"weekday":3},{"pair":"XRP/USDT:USDT","stake_amount":399.1581,"max_stake_amount":399.1581,"amount":414.0,"open_date":"2025-12-20 09:00:00+00:00","close_date":"2025-12-21 13:30:00+00:00","open_rate":1.9283,"close_rate":1.9077,"fee_open":0.0005,"fee_close":0.0005,"trade_duration":1710,"profit_ratio":-0.023524734073847024,"profit_abs":-9.3947832,"exit_reason":"exit_signal","initial_stop_loss_abs":1.8994,"initial_stop_loss_ratio":-0.03,"stop_loss_abs":1.8994,"stop_loss_ratio":-0.03,"min_rate":1.8939,"max_rate":1.9575,"is_open":false,"enter_tag":"","leverage":2,"is_short":false,"open_timestamp":1766221200000,"close_timestamp":1766323800000,"orders":[{"amount":414.0,"safe_price":1.9283,"ft_order_side":"buy","order_filled_timestamp":1766221200000,"ft_is_entry":true,"ft_order_tag":"","cost":798.7153580999999},{"amount":414.0,"safe_price":1.9077,"ft_order_side":"sell","order_filled_timestamp":1766323800000,"ft_is_entry":false,"ft_order_tag":"exit_signal","cost":790.1826938999999}],"funding_fees":-0.07233119913664289,"weekday":6},{"pair":"ETH/USDT:USDT","stake_amount":398.979455,"max_stake_amount":398.979455,"amount":0.269,"open_date":"2025-12-19 18:30:00+00:00","close_date":"2025-12-22 00:00:00+00:00","open_rate":2966.39,"close_rate":3058.3940920460227,"fee_open":0.0005,"fee_close":0.0005,"trade_duration":3210,"profit_ratio":0.06007467875433749,"profit_abs":23.98054687,"exit_reason":"roi","initial_stop_loss_abs":2921.8941499999996,"initial_stop_loss_ratio":-0.03,"stop_loss_abs":3031.38,"stop_loss_ratio":-0.02,"min_rate":2942.43,"max_rate":3062.0,"is_open":false,"enter_tag":"","leverage":2,"is_short":false,"open_timestamp":1766169000000,"close_timestamp":1766361600000,"orders":[{"amount":0.269,"safe_price":2966.39,"ft_order_side":"buy","order_filled_timestamp":1766169000000,"ft_is_entry":true,"ft_order_tag":"","cost":798.357889455},{"amount":0.269,"safe_price":3058.3940920460227,"ft_order_side":"sell","order_filled_timestamp":1766361600000,"ft_is_entry":false,"ft_order_tag":"roi","cost":823.1193647657603}],"funding_fees":0.04177956895987976,"weekday":0},{"pair":"DOGE/USDT:USDT","stake_amount":399.3796,"max_stake_amount":399.3796,"amount":5960.0,"open_date":"2025-12-22 15:00:00+00:00","close_date":"2025-12-22 19:30:00+00:00","open_rate":0.13402,"close_rate":0.13201,"fee_open":0.0005,"fee_close":0.0005,"trade_duration":270,"profit_ratio":-0.03203436906454004,"profit_abs":-12.80027044,"exit_reason":"stop_loss","initial_stop_loss_abs":0.13201,"initial_stop_loss_ratio":-0.03,"stop_loss_abs":0.13201,"stop_loss_ratio":-0.03,"min_rate":0.1316,"max_rate":0.13537,"is_open":false,"enter_tag":"","leverage":2,"is_short":false,"open_timestamp":1766415600000,"close_timestamp":1766431800000,"orders":[{"amount":5960.0,"safe_price":0.13402,"ft_order_side":"buy","order_filled_timestamp":1766415600000,"ft_is_entry":true,"ft_order_tag":"","cost":799.1585795999999},{"amount":5960.0,"safe_price":0.13201,"ft_order_side":"sell","order_filled_timestamp":1766431800000,"ft_is_entry":false,"ft_order_tag":"stop_loss","cost":787.1729897999999}],"funding_fees":-0.027901036251891678,"weekday":0},{"pair":"BTC/USDT:USDT","stake_amount":398.028915,"max_stake_amount":398.028915,"amount":0.0089,"open_date":"2025-12-29 03:30:00+00:00","close_date":"2025-12-29 09:30:00+00:00","open_rate":89444.7,"close_rate":88103.02949999999,"fee_open":0.0005,"fee_close":0.0005,"trade_duration":360,"profit_ratio":-0.03216922441239067,"profit_abs":-12.81068363,"exit_reason":"stop_loss","initial_stop_loss_abs":88103.02949999999,"initial_stop_loss_ratio":-0.03,"stop_loss_abs":88103.02949999999,"stop_loss_ratio":-0.03,"min_rate":87728.1,"max_rate":90368.0,"is_open":false,"enter_tag":"","leverage":2,"is_short":false,"open_timestamp":1766979000000,"close_timestamp":1767000600000,"orders":[{"amount":0.0089,"safe_price":89444.7,"ft_order_side":"buy","order_filled_timestamp":1766979000000,"ft_is_entry":true,"ft_order_tag":"","cost":796.4558589149999},{"amount":0.0089,"safe_price":88103.02949999999,"ft_order_side":"sell","order_filled_timestamp":1767000600000,"ft_is_entry":false,"ft_order_tag":"stop_loss","cost":784.5090210312749}],"funding_fees":-0.079728781,"weekday":0},{"pair":"DOGE/USDT:USDT","stake_amount":399.4779,"max_stake_amount":399.4779,"amount":6290.0,"open_date":"2026-01-02 03:30:00+00:00","close_date":"2026-01-02 04:00:00+00:00","open_rate":0.12702,"close_rate":0.12815,"fee_open":0.0005,"fee_close":0.0005,"trade_duration":30,"profit_ratio":0.01577568954461519,"profit_abs":6.30519035,"exit_reason":"trailing_stop_loss","initial_stop_loss_abs":0.12512,"initial_stop_loss_ratio":-0.03,"stop_loss_abs":0.12815,"stop_loss_ratio":-0.02,"min_rate":0.12702,"max_rate":0.12944,"is_open":false,"enter_tag":"","leverage":2,"is_short":false,"open_timestamp":1767324600000,"close_timestamp":1767326400000,"orders":[{"amount":6290.0,"safe_price":0.12702,"ft_order_side":"buy","order_filled_timestamp":1767324600000,"ft_is_entry":true,"ft_order_tag":"","cost":799.3552778999999},{"amount":6290.0,"safe_price":0.12815,"ft_order_side":"sell","order_filled_timestamp":1767326400000,"ft_is_entry":false,"ft_order_tag":"trailing_stop_loss","cost":806.4665317499998}],"funding_fees":0.0,"weekday":4},{"pair":"DOGE/USDT:USDT","stake_amount":399.6096,"max_stake_amount":399.6096,"amount":6240.0,"open_date":"2026-01-02 08:30:00+00:00","close_date":"2026-01-02 09:30:00+00:00","open_rate":0.12808,"close_rate":0.13205246623311653,"fee_open":0.0005,"fee_close":0.0005,"trade_duration":60,"profit_ratio":0.059970014992503755,"profit_abs":23.976576,"exit_reason":"roi","initial_stop_loss_abs":0.12616,"initial_stop_loss_ratio":-0.03,"stop_loss_abs":0.1335,"stop_loss_ratio":-0.02,"min_rate":0.12799,"max_rate":0.13484,"is_open":false,"enter_tag":"","leverage":2,"is_short":false,"open_timestamp":1767342600000,"close_timestamp":1767346200000,"orders":[{"amount":6240.0,"safe_price":0.12808,"ft_order_side":"buy","order_filled_timestamp":1767342600000,"ft_is_entry":true,"ft_order_tag":"","cost":799.6188096},{"amount":6240.0,"safe_price":0.13205246623311653,"ft_order_side":"sell","order_filled_timestamp":1767346200000,"ft_is_entry":false,"ft_order_tag":"roi","cost":824.4193929892945}],"funding_fees":0.0,"weekday":4},{"pair":"XRP/USDT:USDT","stake_amount":399.22375,"max_stake_amount":399.22375,"amount":425.0,"open_date":"2026-01-01 23:30:00+00:00","close_date":"2026-01-02 14:30:00+00:00","open_rate":1.8787,"close_rate":1.9042,"fee_open":0.0005,"fee_close":0.0005,"trade_duration":900,"profit_ratio":0.0247895737082567,"profit_abs":9.90153487,"exit_reason":"trailing_stop_loss","initial_stop_loss_abs":1.8506,"initial_stop_loss_ratio":-0.03,"stop_loss_abs":1.9042,"stop_loss_ratio":-0.02,"min_rate":1.8681,"max_rate":1.9234,"is_open":false,"enter_tag":"","leverage":2,"is_short":false,"open_timestamp":1767310200000,"close_timestamp":1767364200000,"orders":[{"amount":425.0,"safe_price":1.8787,"ft_order_side":"buy","order_filled_timestamp":1767310200000,"ft_is_entry":true,"ft_order_tag":"","cost":798.8467237499999},{"amount":425.0,"safe_price":1.9042,"ft_order_side":"sell","order_filled_timestamp":1767364200000,"ft_is_entry":false,"ft_order_tag":"trailing_stop_loss","cost":809.6896424999999}],"funding_fees":-0.13209888357127464,"weekday":4},{"pair":"DOGE/USDT:USDT","stake_amount":399.83895,"max_stake_amount":399.83895,"amount":6090.0,"open_date":"2026-01-02 13:00:00+00:00","close_date":"2026-01-02 14:30:00+00:00","open_rate":0.13131,"close_rate":0.13397,"fee_open":0.0005,"fee_close":0.0005,"trade_duration":90,"profit_ratio":0.038475317211548815,"profit_abs":15.3916224,"exit_reason":"trailing_stop_loss","initial_stop_loss_abs":0.12935,"initial_stop_loss_ratio":-0.03,"stop_loss_abs":0.13397,"stop_loss_ratio":-0.02,"min_rate":0.1295,"max_rate":0.13532,"is_open":false,"enter_tag":"","leverage":2,"is_short":false,"open_timestamp":1767358800000,"close_timestamp":1767364200000,"orders":[{"amount":6090.0,"safe_price":0.13131,"ft_order_side":"buy","order_filled_timestamp":1767358800000,"ft_is_entry":true,"ft_order_tag":"","cost":800.07773895},{"amount":6090.0,"safe_price":0.13397,"ft_order_side":"sell","order_filled_timestamp":1767364200000,"ft_is_entry":false,"ft_order_tag":"trailing_stop_loss","cost":816.28523865}],"funding_fees":0.0,"weekday":4},{"pair":"DOGE/USDT:USDT","stake_amount":399.7512,"max_stake_amount":399.7512,"amount":5970.0,"open_date":"2026-01-02 15:00:00+00:00","close_date":"2026-01-02 15:30:00+00:00","open_rate":0.13392,"close_rate":0.13487,"fee_open":0.0005,"fee_close":0.0005,"trade_duration":30,"profit_ratio":0.012174393687266282,"profit_abs":4.86916185,"exit_reason":"trailing_stop_loss","initial_stop_loss_abs":0.13192,"initial_stop_loss_ratio":-0.03,"stop_loss_abs":0.13487,"stop_loss_ratio":-0.02,"min_rate":0.13298,"max_rate":0.13623,"is_open":false,"enter_tag":"","leverage":2,"is_short":false,"open_timestamp":1767366000000,"close_timestamp":1767367800000,"orders":[{"amount":5970.0,"safe_price":0.13392,"ft_order_side":"buy","order_filled_timestamp":1767366000000,"ft_is_entry":true,"ft_order_tag":"","cost":799.9021512},{"amount":5970.0,"safe_price":0.13487,"ft_order_side":"sell","order_filled_timestamp":1767367800000,"ft_is_entry":false,"ft_order_tag":"trailing_stop_loss","cost":805.5764869499999}],"funding_fees":0.0,"weekday":4},{"pair":"ETH/USDT:USDT","stake_amount":398.95583,"max_stake_amount":398.95583,"amount":0.259,"open_date":"2026-01-02 15:00:00+00:00","close_date":"2026-01-02 16:30:00+00:00","open_rate":3080.74,"close_rate":3114.045,"fee_open":0.0005,"fee_close":0.0005,"trade_duration":90,"profit_ratio":0.019829696669561823,"profit_abs":7.91512868,"exit_reason":"trailing_stop_loss","initial_stop_loss_abs":3034.5289,"initial_stop_loss_ratio":-0.03,"stop_loss_abs":3114.045,"stop_loss_ratio":-0.02,"min_rate":3053.05,"max_rate":3145.5,"is_open":false,"enter_tag":"","leverage":2,"is_short":false,"open_timestamp":1767366000000,"close_timestamp":1767371400000,"orders":[{"amount":0.259,"safe_price":3080.74,"ft_order_side":"buy","order_filled_timestamp":1767366000000,"ft_is_entry":true,"ft_order_tag":"","cost":798.31061583},{"amount":0.259,"safe_price":3114.045,"ft_order_side":"sell","order_filled_timestamp":1767371400000,"ft_is_entry":false,"ft_order_tag":"trailing_stop_loss","cost":806.9409238275}],"funding_fees":0.09135833790615717,"weekday":4},{"pair":"DOGE/USDT:USDT","stake_amount":399.4569,"max_stake_amount":399.4569,"amount":5910.0,"open_date":"2026-01-02 16:00:00+00:00","close_date":"2026-01-02 16:30:00+00:00","open_rate":0.13518,"close_rate":0.13715,"fee_open":0.0005,"fee_close":0.0005,"trade_duration":30,"profit_ratio":0.027031489436066175,"profit_abs":10.80331393,"exit_reason":"trailing_stop_loss","initial_stop_loss_abs":0.13316,"initial_stop_loss_ratio":-0.03,"stop_loss_abs":0.13715,"stop_loss_ratio":-0.02,"min_rate":0.1347,"max_rate":0.13853,"is_open":false,"enter_tag":"","leverage":2,"is_short":false,"open_timestamp":1767369600000,"close_timestamp":1767371400000,"orders":[{"amount":5910.0,"safe_price":0.13518,"ft_order_side":"buy","order_filled_timestamp":1767369600000,"ft_is_entry":true,"ft_order_tag":"","cost":799.3132568999998},{"amount":5910.0,"safe_price":0.13715,"ft_order_side":"sell","order_filled_timestamp":1767371400000,"ft_is_entry":false,"ft_order_tag":"trailing_stop_loss","cost":810.9617782499998}],"funding_fees":-0.03465092293943703,"weekday":4},{"pair":"XRP/USDT:USDT","stake_amount":399.55365,"max_stake_amount":399.55365,"amount":411.0,"open_date":"2026-01-02 16:30:00+00:00","close_date":"2026-01-02 17:00:00+00:00","open_rate":1.9443,"close_rate":1.976,"fee_open":0.0005,"fee_close":0.0005,"trade_duration":30,"profit_ratio":0.030576544263999254,"profit_abs":12.22307835,"exit_reason":"trailing_stop_loss","initial_stop_loss_abs":1.9152,"initial_stop_loss_ratio":-0.03,"stop_loss_abs":1.976,"stop_loss_ratio":-0.02,"min_rate":1.9427,"max_rate":1.9959,"is_open":false,"enter_tag":"","leverage":2,"is_short":false,"open_timestamp":1767371400000,"close_timestamp":1767373200000,"orders":[{"amount":411.0,"safe_price":1.9443,"ft_order_side":"buy","order_filled_timestamp":1767371400000,"ft_is_entry":true,"ft_order_tag":"","cost":799.5068536499999},{"amount":411.0,"safe_price":1.976,"ft_order_side":"sell","order_filled_timestamp":1767373200000,"ft_is_entry":false,"ft_order_tag":"trailing_stop_loss","cost":812.542068}],"funding_fees":0.0,"weekday":4},{"pair":"DOGE/USDT:USDT","stake_amount":399.687,"max_stake_amount":399.687,"amount":5780.0,"open_date":"2026-01-02 17:00:00+00:00","close_date":"2026-01-02 20:30:00+00:00","open_rate":0.1383,"close_rate":0.13916,"fee_open":0.0005,"fee_close":0.0005,"trade_duration":210,"profit_ratio":0.010425300726354104,"profit_abs":4.1689406,"exit_reason":"trailing_stop_loss","initial_stop_loss_abs":0.13623,"initial_stop_loss_ratio":-0.03,"stop_loss_abs":0.13916,"stop_loss_ratio":-0.02,"min_rate":0.13726,"max_rate":0.14056,"is_open":false,"enter_tag":"","leverage":2,"is_short":false,"open_timestamp":1767373200000,"close_timestamp":1767385800000,"orders":[{"amount":5780.0,"safe_price":0.1383,"ft_order_side":"buy","order_filled_timestamp":1767373200000,"ft_is_entry":true,"ft_order_tag":"","cost":799.773687},{"amount":5780.0,"safe_price":0.13916,"ft_order_side":"sell","order_filled_timestamp":1767385800000,"ft_is_entry":false,"ft_order_tag":"trailing_stop_loss","cost":804.7469724}],"funding_fees":0.0,"weekday":4},{"pair":"XRP/USDT:USDT","stake_amount":399.1482,"max_stake_amount":399.1482,"amount":396.0,"open_date":"2026-01-02 22:00:00+00:00","close_date":"2026-01-03 05:30:00+00:00","open_rate":2.0159,"close_rate":2.0345,"fee_open":0.0005,"fee_close":0.0005,"trade_duration":450,"profit_ratio":0.01623694328737214,"profit_abs":6.48418716,"exit_reason":"trailing_stop_loss","initial_stop_loss_abs":1.9857,"initial_stop_loss_ratio":-0.03,"stop_loss_abs":2.0345,"stop_loss_ratio":-0.02,"min_rate":2.004,"max_rate":2.055,"is_open":false,"enter_tag":"","leverage":2,"is_short":false,"open_timestamp":1767391200000,"close_timestamp":1767418200000,"orders":[{"amount":396.0,"safe_price":2.0159,"ft_order_side":"buy","order_filled_timestamp":1767391200000,"ft_is_entry":true,"ft_order_tag":"","cost":798.6955481999998},{"amount":396.0,"safe_price":2.0345,"ft_order_side":"sell","order_filled_timestamp":1767418200000,"ft_is_entry":false,"ft_order_tag":"trailing_stop_loss","cost":806.064831}],"funding_fees":-0.07943364,"weekday":5},{"pair":"ETH/USDT:USDT","stake_amount":399.127275,"max_stake_amount":399.127275,"amount":0.255,"open_date":"2026-01-02 17:00:00+00:00","close_date":"2026-01-03 07:00:00+00:00","open_rate":3130.41,"close_rate":3083.45385,"fee_open":0.0005,"fee_close":0.0005,"trade_duration":840,"profit_ratio":-0.03193903466022203,"profit_abs":-12.75411374,"exit_reason":"stop_loss","initial_stop_loss_abs":3083.45385,"initial_stop_loss_ratio":-0.03,"stop_loss_abs":3083.45385,"stop_loss_ratio":-0.03,"min_rate":3075.0,"max_rate":3148.59,"is_open":false,"enter_tag":"","leverage":2,"is_short":false,"open_timestamp":1767373200000,"close_timestamp":1767423600000,"orders":[{"amount":0.255,"safe_price":3130.41,"ft_order_side":"buy","order_filled_timestamp":1767373200000,"ft_is_entry":true,"ft_order_tag":"","cost":798.653677275},{"amount":0.255,"safe_price":3083.45385,"ft_order_side":"sell","order_filled_timestamp":1767423600000,"ft_is_entry":false,"ft_order_tag":"stop_loss","cost":786.6738721158749}],"funding_fees":0.011972150254264069,"weekday":5},{"pair":"DOGE/USDT:USDT","stake_amount":399.3132,"max_stake_amount":399.3132,"amount":5370.0,"open_date":"2026-01-04 03:30:00+00:00","close_date":"2026-01-04 03:30:00+00:00","open_rate":0.14872,"close_rate":0.1516944,"fee_open":0.0005,"fee_close":0.0005,"trade_duration":0,"profit_ratio":0.03796101950026706,"profit_abs":15.16591534,"exit_reason":"trailing_stop_loss","initial_stop_loss_abs":0.14649,"initial_stop_loss_ratio":-0.03,"stop_loss_abs":0.1504,"stop_loss_ratio":-0.02,"min_rate":0.14851,"max_rate":0.15191,"is_open":false,"enter_tag":"","leverage":2,"is_short":false,"open_timestamp":1767497400000,"close_timestamp":1767497400000,"orders":[{"amount":5370.0,"safe_price":0.14872,"ft_order_side":"buy","order_filled_timestamp":1767497400000,"ft_is_entry":true,"ft_order_tag":"","cost":799.0257131999999},{"amount":5370.0,"safe_price":0.1516944,"ft_order_side":"sell","order_filled_timestamp":1767497400000,"ft_is_entry":false,"ft_order_tag":"trailing_stop_loss","cost":815.006227464}],"funding_fees":0.0,"weekday":6},{"pair":"XRP/USDT:USDT","stake_amount":399.14875,"max_stake_amount":399.14875,"amount":385.0,"open_date":"2026-01-04 08:30:00+00:00","close_date":"2026-01-04 12:00:00+00:00","open_rate":2.0735,"close_rate":2.0983,"fee_open":0.0005,"fee_close":0.0005,"trade_duration":210,"profit_ratio":0.02189799722757382,"profit_abs":8.7449285,"exit_reason":"trailing_stop_loss","initial_stop_loss_abs":2.0424,"initial_stop_loss_ratio":-0.03,"stop_loss_abs":2.0983,"stop_loss_ratio":-0.02,"min_rate":2.0661,"max_rate":2.1194,"is_open":false,"enter_tag":"","leverage":2,"is_short":false,"open_timestamp":1767515400000,"close_timestamp":1767528000000,"orders":[{"amount":385.0,"safe_price":2.0735,"ft_order_side":"buy","order_filled_timestamp":1767515400000,"ft_is_entry":true,"ft_order_tag":"","cost":798.69664875},{"amount":385.0,"safe_price":2.0983,"ft_order_side":"sell","order_filled_timestamp":1767528000000,"ft_is_entry":false,"ft_order_tag":"trailing_stop_loss","cost":808.24942275}],"funding_fees":0.0,"weekday":6},{"pair":"DOGE/USDT:USDT","stake_amount":399.5028,"max_stake_amount":399.5028,"amount":5210.0,"open_date":"2026-01-04 12:30:00+00:00","close_date":"2026-01-04 14:30:00+00:00","open_rate":0.15336,"close_rate":0.15106,"fee_open":0.0005,"fee_close":0.0005,"trade_duration":120,"profit_ratio":-0.0319638042220413,"profit_abs":-12.7760141,"exit_reason":"stop_loss","initial_stop_loss_abs":0.15106,"initial_stop_loss_ratio":-0.03,"stop_loss_abs":0.15106,"stop_loss_ratio":-0.03,"min_rate":0.15036,"max_rate":0.15404,"is_open":false,"enter_tag":"","leverage":2,"is_short":false,"open_timestamp":1767529800000,"close_timestamp":1767537000000,"orders":[{"amount":5210.0,"safe_price":0.15336,"ft_order_side":"buy","order_filled_timestamp":1767529800000,"ft_is_entry":true,"ft_order_tag":"","cost":799.4051027999999},{"amount":5210.0,"safe_price":0.15106,"ft_order_side":"sell","order_filled_timestamp":1767537000000,"ft_is_entry":false,"ft_order_tag":"stop_loss","cost":787.4161113}],"funding_fees":0.0,"weekday":6},{"pair":"XRP/USDT:USDT","stake_amount":399.6222,"max_stake_amount":399.6222,"amount":383.0,"open_date":"2026-01-04 19:00:00+00:00","close_date":"2026-01-05 01:00:00+00:00","open_rate":2.0868,"close_rate":2.117,"fee_open":0.0005,"fee_close":0.0005,"trade_duration":360,"profit_ratio":0.026715729733369848,"profit_abs":10.68153679,"exit_reason":"trailing_stop_loss","initial_stop_loss_abs":2.0555,"initial_stop_loss_ratio":-0.03,"stop_loss_abs":2.117,"stop_loss_ratio":-0.02,"min_rate":2.0711,"max_rate":2.1383,"is_open":false,"enter_tag":"","leverage":2,"is_short":false,"open_timestamp":1767553200000,"close_timestamp":1767574800000,"orders":[{"amount":383.0,"safe_price":2.0868,"ft_order_side":"buy","order_filled_timestamp":1767553200000,"ft_is_entry":true,"ft_order_tag":"","cost":799.6440222},{"amount":383.0,"safe_price":2.117,"ft_order_side":"sell","order_filled_timestamp":1767574800000,"ft_is_entry":false,"ft_order_tag":"trailing_stop_loss","cost":811.2164055}],"funding_fees":-0.08003551,"weekday":0},{"pair":"ETH/USDT:USDT","stake_amount":399.80362,"max_stake_amount":399.80362,"amount":0.254,"open_date":"2026-01-04 02:00:00+00:00","close_date":"2026-01-05 01:30:00+00:00","open_rate":3148.06,"close_rate":3189.7799999999997,"fee_open":0.0005,"fee_close":0.0005,"trade_duration":1410,"profit_ratio":0.024350897601913293,"profit_abs":9.7404448,"exit_reason":"trailing_stop_loss","initial_stop_loss_abs":3100.8390999999997,"initial_stop_loss_ratio":-0.03,"stop_loss_abs":3189.7799999999997,"stop_loss_ratio":-0.02,"min_rate":3116.14,"max_rate":3222.0,"is_open":false,"enter_tag":"","leverage":2,"is_short":false,"open_timestamp":1767492000000,"close_timestamp":1767576600000,"orders":[{"amount":0.254,"safe_price":3148.06,"ft_order_side":"buy","order_filled_timestamp":1767492000000,"ft_is_entry":true,"ft_order_tag":"","cost":800.00704362},{"amount":0.254,"safe_price":3189.7799999999997,"ft_order_side":"sell","order_filled_timestamp":1767576600000,"ft_is_entry":false,"ft_order_tag":"trailing_stop_loss","cost":810.60922206}],"funding_fees":-0.05152952376345006,"weekday":0},{"pair":"XRP/USDT:USDT","stake_amount":399.6322,"max_stake_amount":399.6322,"amount":373.0,"open_date":"2026-01-05 03:00:00+00:00","close_date":"2026-01-05 06:30:00+00:00","open_rate":2.1428,"close_rate":2.1107,"fee_open":0.0005,"fee_close":0.0005,"trade_duration":210,"profit_ratio":-0.0319298536283473,"profit_abs":-12.76657775,"exit_reason":"stop_loss","initial_stop_loss_abs":2.1107,"initial_stop_loss_ratio":-0.03,"stop_loss_abs":2.1107,"stop_loss_ratio":-0.03,"min_rate":2.1087,"max_rate":2.153,"is_open":false,"enter_tag":"","leverage":2,"is_short":false,"open_timestamp":1767582000000,"close_timestamp":1767594600000,"orders":[{"amount":373.0,"safe_price":2.1428,"ft_order_side":"buy","order_filled_timestamp":1767582000000,"ft_is_entry":true,"ft_order_tag":"","cost":799.6640321999998},{"amount":373.0,"safe_price":2.1107,"ft_order_side":"sell","order_filled_timestamp":1767594600000,"ft_is_entry":false,"ft_order_tag":"stop_loss","cost":787.68474555}],"funding_fees":0.0,"weekday":0},{"pair":"ETH/USDT:USDT","stake_amount":398.89206,"max_stake_amount":398.89206,"amount":0.252,"open_date":"2026-01-05 05:00:00+00:00","close_date":"2026-01-05 17:30:00+00:00","open_rate":3165.81,"close_rate":3196.6605,"fee_open":0.0005,"fee_close":0.0005,"trade_duration":750,"profit_ratio":0.017263833847373553,"profit_abs":6.88984945,"exit_reason":"trailing_stop_loss","initial_stop_loss_abs":3118.32285,"initial_stop_loss_ratio":-0.03,"stop_loss_abs":3196.6605,"stop_loss_ratio":-0.02,"min_rate":3132.02,"max_rate":3228.95,"is_open":false,"enter_tag":"","leverage":2,"is_short":false,"open_timestamp":1767589200000,"close_timestamp":1767634200000,"orders":[{"amount":0.252,"safe_price":3165.81,"ft_order_side":"buy","order_filled_timestamp":1767589200000,"ft_is_entry":true,"ft_order_tag":"","cost":798.18301206},{"amount":0.252,"safe_price":3196.6605,"ft_order_side":"sell","order_filled_timestamp":1767634200000,"ft_is_entry":false,"ft_order_tag":"trailing_stop_loss","cost":805.9612252229999}],"funding_fees":-0.08280526367712304,"weekday":0},{"pair":"DOGE/USDT:USDT","stake_amount":399.931,"max_stake_amount":399.931,"amount":5320.0,"open_date":"2026-01-05 17:00:00+00:00","close_date":"2026-01-05 17:30:00+00:00","open_rate":0.15035,"close_rate":0.1523,"fee_open":0.0005,"fee_close":0.0005,"trade_duration":30,"profit_ratio":0.023914547548307654,"profit_abs":9.568951,"exit_reason":"trailing_stop_loss","initial_stop_loss_abs":0.1481,"initial_stop_loss_ratio":-0.03,"stop_loss_abs":0.1523,"stop_loss_ratio":-0.02,"min_rate":0.14858,"max_rate":0.15383,"is_open":false,"enter_tag":"","leverage":2,"is_short":false,"open_timestamp":1767632400000,"close_timestamp":1767634200000,"orders":[{"amount":5320.0,"safe_price":0.15035,"ft_order_side":"buy","order_filled_timestamp":1767632400000,"ft_is_entry":true,"ft_order_tag":"","cost":800.261931},{"amount":5320.0,"safe_price":0.1523,"ft_order_side":"sell","order_filled_timestamp":1767634200000,"ft_is_entry":false,"ft_order_tag":"trailing_stop_loss","cost":810.6411179999999}],"funding_fees":0.0,"weekday":0},{"pair":"XRP/USDT:USDT","stake_amount":399.4952,"max_stake_amount":399.4952,"amount":359.0,"open_date":"2026-01-05 18:30:00+00:00","close_date":"2026-01-05 20:00:00+00:00","open_rate":2.2256,"close_rate":2.2946281140570286,"fee_open":0.0005,"fee_close":0.0005,"trade_duration":90,"profit_ratio":0.059970014992503755,"profit_abs":23.969712,"exit_reason":"roi","initial_stop_loss_abs":2.1923,"initial_stop_loss_ratio":-0.03,"stop_loss_abs":2.3266,"stop_loss_ratio":-0.02,"min_rate":2.2218,"max_rate":2.3501,"is_open":false,"enter_tag":"","leverage":2,"is_short":false,"open_timestamp":1767637800000,"close_timestamp":1767643200000,"orders":[{"amount":359.0,"safe_price":2.2256,"ft_order_side":"buy","order_filled_timestamp":1767637800000,"ft_is_entry":true,"ft_order_tag":"","cost":799.3898952},{"amount":359.0,"safe_price":2.2946281140570286,"ft_order_side":"sell","order_filled_timestamp":1767643200000,"ft_is_entry":false,"ft_order_tag":"roi","cost":824.1833786929465}],"funding_fees":0.0,"weekday":0},{"pair":"XRP/USDT:USDT","stake_amount":399.52845,"max_stake_amount":399.52845,"amount":339.0,"open_date":"2026-01-05 23:30:00+00:00","close_date":"2026-01-06 00:00:00+00:00","open_rate":2.3571,"close_rate":2.3218,"fee_open":0.0005,"fee_close":0.0005,"trade_duration":30,"profit_ratio":-0.0321201327129062,"profit_abs":-12.83932329,"exit_reason":"stop_loss","initial_stop_loss_abs":2.3218,"initial_stop_loss_ratio":-0.03,"stop_loss_abs":2.3218,"stop_loss_ratio":-0.03,"min_rate":2.3155,"max_rate":2.3647,"is_open":false,"enter_tag":"","leverage":2,"is_short":false,"open_timestamp":1767655800000,"close_timestamp":1767657600000,"orders":[{"amount":339.0,"safe_price":2.3571,"ft_order_side":"buy","order_filled_timestamp":1767655800000,"ft_is_entry":true,"ft_order_tag":"","cost":799.45642845},{"amount":339.0,"safe_price":2.3218,"ft_order_side":"sell","order_filled_timestamp":1767657600000,"ft_is_entry":false,"ft_order_tag":"stop_loss","cost":787.4837451}],"funding_fees":-0.07954974000000001,"weekday":1},{"pair":"XRP/USDT:USDT","stake_amount":399.66405,"max_stake_amount":399.66405,"amount":339.0,"open_date":"2026-01-06 00:30:00+00:00","close_date":"2026-01-06 01:30:00+00:00","open_rate":2.3579,"close_rate":2.3803,"fee_open":0.0005,"fee_close":0.0005,"trade_duration":60,"profit_ratio":0.016981966627272055,"profit_abs":6.7904751,"exit_reason":"trailing_stop_loss","initial_stop_loss_abs":2.3226,"initial_stop_loss_ratio":-0.03,"stop_loss_abs":2.3803,"stop_loss_ratio":-0.02,"min_rate":2.3328,"max_rate":2.4043,"is_open":false,"enter_tag":"","leverage":2,"is_short":false,"open_timestamp":1767659400000,"close_timestamp":1767663000000,"orders":[{"amount":339.0,"safe_price":2.3579,"ft_order_side":"buy","order_filled_timestamp":1767659400000,"ft_is_entry":true,"ft_order_tag":"","cost":799.7277640499999},{"amount":339.0,"safe_price":2.3803,"ft_order_side":"sell","order_filled_timestamp":1767663000000,"ft_is_entry":false,"ft_order_tag":"trailing_stop_loss","cost":807.32516085}],"funding_fees":0.0,"weekday":1},{"pair":"XRP/USDT:USDT","stake_amount":399.9996,"max_stake_amount":399.9996,"amount":333.0,"open_date":"2026-01-06 02:30:00+00:00","close_date":"2026-01-06 04:00:00+00:00","open_rate":2.4024,"close_rate":2.3664,"fee_open":0.0005,"fee_close":0.0005,"trade_duration":90,"profit_ratio":-0.03193907541733629,"profit_abs":-12.7820052,"exit_reason":"stop_loss","initial_stop_loss_abs":2.3664,"initial_stop_loss_ratio":-0.03,"stop_loss_abs":2.3664,"stop_loss_ratio":-0.03,"min_rate":2.3653,"max_rate":2.4058,"is_open":false,"enter_tag":"","leverage":2,"is_short":false,"open_timestamp":1767666600000,"close_timestamp":1767672000000,"orders":[{"amount":333.0,"safe_price":2.4024,"ft_order_side":"buy","order_filled_timestamp":1767666600000,"ft_is_entry":true,"ft_order_tag":"","cost":800.3991996},{"amount":333.0,"safe_price":2.3664,"ft_order_side":"sell","order_filled_timestamp":1767672000000,"ft_is_entry":false,"ft_order_tag":"stop_loss","cost":788.4052055999999}],"funding_fees":0.0,"weekday":1},{"pair":"BTC/USDT:USDT","stake_amount":397.69128,"max_stake_amount":397.69128,"amount":0.0084,"open_date":"2026-01-05 20:30:00+00:00","close_date":"2026-01-06 07:00:00+00:00","open_rate":94688.4,"close_rate":93268.074,"fee_open":0.0005,"fee_close":0.0005,"trade_duration":630,"profit_ratio":-0.03186682941579721,"profit_abs":-12.67949676,"exit_reason":"stop_loss","initial_stop_loss_abs":93268.074,"initial_stop_loss_ratio":-0.03,"stop_loss_abs":93268.074,"stop_loss_ratio":-0.03,"min_rate":93257.6,"max_rate":94688.4,"is_open":false,"enter_tag":"","leverage":2,"is_short":false,"open_timestamp":1767645000000,"close_timestamp":1767682800000,"orders":[{"amount":0.0084,"safe_price":94688.4,"ft_order_side":"buy","order_filled_timestamp":1767645000000,"ft_is_entry":true,"ft_order_tag":"","cost":795.7802512799999},{"amount":0.0084,"safe_price":93268.074,"ft_order_side":"sell","order_filled_timestamp":1767682800000,"ft_is_entry":false,"ft_order_tag":"stop_loss","cost":783.8435475107999}],"funding_fees":0.04065883273545115,"weekday":1},{"pair":"XRP/USDT:USDT","stake_amount":399.798,"max_stake_amount":399.798,"amount":334.0,"open_date":"2026-01-06 05:30:00+00:00","close_date":"2026-01-06 07:00:00+00:00","open_rate":2.394,"close_rate":2.3581,"fee_open":0.0005,"fee_close":0.0005,"trade_duration":90,"profit_ratio":-0.0319606696234172,"profit_abs":-12.7842007,"exit_reason":"stop_loss","initial_stop_loss_abs":2.3581,"initial_stop_loss_ratio":-0.03,"stop_loss_abs":2.3581,"stop_loss_ratio":-0.03,"min_rate":2.3464,"max_rate":2.3995,"is_open":false,"enter_tag":"","leverage":2,"is_short":false,"open_timestamp":1767677400000,"close_timestamp":1767682800000,"orders":[{"amount":334.0,"safe_price":2.394,"ft_order_side":"buy","order_filled_timestamp":1767677400000,"ft_is_entry":true,"ft_order_tag":"","cost":799.9957979999999},{"amount":334.0,"safe_price":2.3581,"ft_order_side":"sell","order_filled_timestamp":1767682800000,"ft_is_entry":false,"ft_order_tag":"stop_loss","cost":787.9992026999998}],"funding_fees":0.0,"weekday":1},{"pair":"ETH/USDT:USDT","stake_amount":398.47695,"max_stake_amount":398.47695,"amount":0.246,"open_date":"2026-01-06 11:30:00+00:00","close_date":"2026-01-06 14:00:00+00:00","open_rate":3239.65,"close_rate":3275.5635,"fee_open":0.0005,"fee_close":0.0005,"trade_duration":150,"profit_ratio":0.020150061559304166,"profit_abs":8.03334974,"exit_reason":"trailing_stop_loss","initial_stop_loss_abs":3191.05525,"initial_stop_loss_ratio":-0.03,"stop_loss_abs":3275.5635,"stop_loss_ratio":-0.02,"min_rate":3227.66,"max_rate":3308.65,"is_open":false,"enter_tag":"","leverage":2,"is_short":false,"open_timestamp":1767699000000,"close_timestamp":1767708000000,"orders":[{"amount":0.246,"safe_price":3239.65,"ft_order_side":"buy","order_filled_timestamp":1767699000000,"ft_is_entry":true,"ft_order_tag":"","cost":797.3523769499999},{"amount":0.246,"safe_price":3275.5635,"ft_order_side":"sell","order_filled_timestamp":1767708000000,"ft_is_entry":false,"ft_order_tag":"trailing_stop_loss","cost":806.1915153105}],"funding_fees":0.0,"weekday":1},{"pair":"ETH/USDT:USDT","stake_amount":399.88685,"max_stake_amount":399.88685,"amount":0.242,"open_date":"2026-01-06 14:30:00+00:00","close_date":"2026-01-06 16:00:00+00:00","open_rate":3304.85,"close_rate":3255.2772499999996,"fee_open":0.0005,"fee_close":0.0005,"trade_duration":90,"profit_ratio":-0.031962442550349225,"profit_abs":-12.78775115,"exit_reason":"stop_loss","initial_stop_loss_abs":3255.2772499999996,"initial_stop_loss_ratio":-0.03,"stop_loss_abs":3255.2772499999996,"stop_loss_ratio":-0.03,"min_rate":3245.8,"max_rate":3305.0,"is_open":false,"enter_tag":"","leverage":2,"is_short":false,"open_timestamp":1767709800000,"close_timestamp":1767715200000,"orders":[{"amount":0.242,"safe_price":3304.85,"ft_order_side":"buy","order_filled_timestamp":1767709800000,"ft_is_entry":true,"ft_order_tag":"","cost":800.1735868499999},{"amount":0.242,"safe_price":3255.2772499999996,"ft_order_side":"sell","order_filled_timestamp":1767715200000,"ft_is_entry":false,"ft_order_tag":"stop_loss","cost":788.1709830472498}],"funding_fees":0.002629745527278497,"weekday":1},{"pair":"ETH/USDT:USDT","stake_amount":399.8115,"max_stake_amount":399.8115,"amount":0.246,"open_date":"2026-01-06 17:00:00+00:00","close_date":"2026-01-06 17:30:00+00:00","open_rate":3250.5,"close_rate":3201.7425,"fee_open":0.0005,"fee_close":0.0005,"trade_duration":30,"profit_ratio":-0.0319690154985037,"profit_abs":-12.78797083,"exit_reason":"stop_loss","initial_stop_loss_abs":3201.7425,"initial_stop_loss_ratio":-0.03,"stop_loss_abs":3201.7425,"stop_loss_ratio":-0.03,"min_rate":3188.13,"max_rate":3259.0,"is_open":false,"enter_tag":"","leverage":2,"is_short":false,"open_timestamp":1767718800000,"close_timestamp":1767720600000,"orders":[{"amount":0.246,"safe_price":3250.5,"ft_order_side":"buy","order_filled_timestamp":1767718800000,"ft_is_entry":true,"ft_order_tag":"","cost":800.0228114999999},{"amount":0.246,"safe_price":3201.7425,"ft_order_side":"sell","order_filled_timestamp":1767720600000,"ft_is_entry":false,"ft_order_tag":"stop_loss","cost":788.0224693275}],"funding_fees":0.0,"weekday":1},{"pair":"ETH/USDT:USDT","stake_amount":399.875,"max_stake_amount":399.875,"amount":0.25,"open_date":"2026-01-13 19:00:00+00:00","close_date":"2026-01-13 22:00:00+00:00","open_rate":3199.0,"close_rate":3298.2186093046516,"fee_open":0.0005,"fee_close":0.0005,"trade_duration":180,"profit_ratio":0.05997001499250375,"profit_abs":23.9925,"exit_reason":"roi","initial_stop_loss_abs":3151.015,"initial_stop_loss_ratio":-0.03,"stop_loss_abs":3364.02,"stop_loss_ratio":-0.02,"min_rate":3188.52,"max_rate":3398.0,"is_open":false,"enter_tag":"","leverage":2,"is_short":false,"open_timestamp":1768330800000,"close_timestamp":1768341600000,"orders":[{"amount":0.25,"safe_price":3199.0,"ft_order_side":"buy","order_filled_timestamp":1768330800000,"ft_is_entry":true,"ft_order_tag":"","cost":800.149875},{"amount":0.25,"safe_price":3298.2186093046516,"ft_order_side":"sell","order_filled_timestamp":1768341600000,"ft_is_entry":false,"ft_order_tag":"roi","cost":824.9669296523259}],"funding_fees":0.0,"weekday":1},{"pair":"BTC/USDT:USDT","stake_amount":395.5602,"max_stake_amount":395.5602,"amount":0.0084,"open_date":"2026-01-13 20:00:00+00:00","close_date":"2026-01-13 22:00:00+00:00","open_rate":94181.0,"close_rate":95809.23,"fee_open":0.0005,"fee_close":0.0005,"trade_duration":120,"profit_ratio":0.032543053273987536,"profit_abs":12.87917303,"exit_reason":"trailing_stop_loss","initial_stop_loss_abs":92768.285,"initial_stop_loss_ratio":-0.03,"stop_loss_abs":95809.23,"stop_loss_ratio":-0.02,"min_rate":94014.9,"max_rate":96777.0,"is_open":false,"enter_tag":"","leverage":2,"is_short":false,"open_timestamp":1768334400000,"close_timestamp":1768341600000,"orders":[{"amount":0.0084,"safe_price":94181.0,"ft_order_side":"buy","order_filled_timestamp":1768334400000,"ft_is_entry":true,"ft_order_tag":"","cost":791.5159601999999},{"amount":0.0084,"safe_price":95809.23,"ft_order_side":"sell","order_filled_timestamp":1768341600000,"ft_is_entry":false,"ft_order_tag":"trailing_stop_loss","cost":805.1999307659999}],"funding_fees":0.0,"weekday":1},{"pair":"ETH/USDT:USDT","stake_amount":398.50019,"max_stake_amount":398.50019,"amount":0.242,"open_date":"2026-01-14 12:30:00+00:00","close_date":"2026-01-14 14:30:00+00:00","open_rate":3293.39,"close_rate":3323.7567,"fee_open":0.0005,"fee_close":0.0005,"trade_duration":120,"profit_ratio":0.016423566204255922,"profit_abs":6.54806665,"exit_reason":"trailing_stop_loss","initial_stop_loss_abs":3243.98915,"initial_stop_loss_ratio":-0.03,"stop_loss_abs":3323.7567,"stop_loss_ratio":-0.02,"min_rate":3288.2,"max_rate":3357.33,"is_open":false,"enter_tag":"","leverage":2,"is_short":false,"open_timestamp":1768393800000,"close_timestamp":1768401000000,"orders":[{"amount":0.242,"safe_price":3293.39,"ft_order_side":"buy","order_filled_timestamp":1768393800000,"ft_is_entry":true,"ft_order_tag":"","cost":797.3988801899999},{"amount":0.242,"safe_price":3323.7567,"ft_order_side":"sell","order_filled_timestamp":1768401000000,"ft_is_entry":false,"ft_order_tag":"trailing_stop_loss","cost":804.7512959606998}],"funding_fees":0.0,"weekday":2},{"pair":"ETH/USDT:USDT","stake_amount":398.34298,"max_stake_amount":398.34298,"amount":0.238,"open_date":"2026-01-14 15:00:00+00:00","close_date":"2026-01-14 16:30:00+00:00","open_rate":3347.42,"close_rate":3369.4056,"fee_open":0.0005,"fee_close":0.0005,"trade_duration":90,"profit_ratio":0.010924009176252063,"profit_abs":4.35367812,"exit_reason":"trailing_stop_loss","initial_stop_loss_abs":3297.2087,"initial_stop_loss_ratio":-0.03,"stop_loss_abs":3369.4056,"stop_loss_ratio":-0.02,"min_rate":3326.01,"max_rate":3403.44,"is_open":false,"enter_tag":"","leverage":2,"is_short":false,"open_timestamp":1768402800000,"close_timestamp":1768408200000,"orders":[{"amount":0.238,"safe_price":3347.42,"ft_order_side":"buy","order_filled_timestamp":1768402800000,"ft_is_entry":true,"ft_order_tag":"","cost":797.08430298},{"amount":0.238,"safe_price":3369.4056,"ft_order_side":"sell","order_filled_timestamp":1768408200000,"ft_is_entry":false,"ft_order_tag":"trailing_stop_loss","cost":802.3194920663999}],"funding_fees":-0.079592436,"weekday":2},{"pair":"BTC/USDT:USDT","stake_amount":395.494585,"max_stake_amount":395.494585,"amount":0.0083,"open_date":"2026-01-13 22:30:00+00:00","close_date":"2026-01-14 17:30:00+00:00","open_rate":95299.9,"close_rate":96745.37400000001,"fee_open":0.0005,"fee_close":0.0005,"trade_duration":1140,"profit_ratio":0.02781338363631617,"profit_abs":11.00554264,"exit_reason":"trailing_stop_loss","initial_stop_loss_abs":93870.40149999999,"initial_stop_loss_ratio":-0.03,"stop_loss_abs":96745.37400000001,"stop_loss_ratio":-0.02,"min_rate":94505.0,"max_rate":97722.6,"is_open":false,"enter_tag":"","leverage":2,"is_short":false,"open_timestamp":1768343400000,"close_timestamp":1768411800000,"orders":[{"amount":0.0083,"safe_price":95299.9,"ft_order_side":"buy","order_filled_timestamp":1768343400000,"ft_is_entry":true,"ft_order_tag":"","cost":791.3846645849999},{"amount":0.0083,"safe_price":96745.37400000001,"ft_order_side":"sell","order_filled_timestamp":1768411800000,"ft_is_entry":false,"ft_order_tag":"trailing_stop_loss","cost":803.3880975021001}],"funding_fees":-0.19490366834693024,"weekday":2},{"pair":"ETH/USDT:USDT","stake_amount":399.90318,"max_stake_amount":399.90318,"amount":0.236,"open_date":"2026-01-14 19:30:00+00:00","close_date":"2026-01-15 00:00:00+00:00","open_rate":3389.01,"close_rate":3338.1748500000003,"fee_open":0.0005,"fee_close":0.0005,"trade_duration":270,"profit_ratio":-0.031994057180031184,"profit_abs":-12.80092247,"exit_reason":"stop_loss","initial_stop_loss_abs":3338.1748500000003,"initial_stop_loss_ratio":-0.03,"stop_loss_abs":3338.1748500000003,"stop_loss_ratio":-0.03,"min_rate":3335.24,"max_rate":3400.0,"is_open":false,"enter_tag":"","leverage":2,"is_short":false,"open_timestamp":1768419000000,"close_timestamp":1768435200000,"orders":[{"amount":0.236,"safe_price":3389.01,"ft_order_side":"buy","order_filled_timestamp":1768419000000,"ft_is_entry":true,"ft_order_tag":"","cost":800.20626318},{"amount":0.236,"safe_price":3338.1748500000003,"ft_order_side":"sell","order_filled_timestamp":1768435200000,"ft_is_entry":false,"ft_order_tag":"stop_loss","cost":788.2031692323}],"funding_fees":-0.010019257890813312,"weekday":3},{"pair":"ETH/USDT:USDT","stake_amount":399.92745,"max_stake_amount":399.92745,"amount":0.39,"open_date":"2026-02-14 06:30:00+00:00","close_date":"2026-02-14 08:00:00+00:00","open_rate":2050.91,"close_rate":2070.9117,"fee_open":0.0005,"fee_close":0.0005,"trade_duration":90,"profit_ratio":0.017405397933535453,"profit_abs":6.96437686,"exit_reason":"trailing_stop_loss","initial_stop_loss_abs":2020.1463499999998,"initial_stop_loss_ratio":-0.03,"stop_loss_abs":2070.9117,"stop_loss_ratio":-0.02,"min_rate":2049.55,"max_rate":2091.83,"is_open":false,"enter_tag":"","leverage":2,"is_short":false,"open_timestamp":1771050600000,"close_timestamp":1771056000000,"orders":[{"amount":0.39,"safe_price":2050.91,"ft_order_side":"buy","order_filled_timestamp":1771050600000,"ft_is_entry":true,"ft_order_tag":"","cost":800.2548274499999},{"amount":0.39,"safe_price":2070.9117,"ft_order_side":"sell","order_filled_timestamp":1771056000000,"ft_is_entry":false,"ft_order_tag":"trailing_stop_loss","cost":808.0593907814999}],"funding_fees":-0.03253091282458306,"weekday":5},{"pair":"DOGE/USDT:USDT","stake_amount":399.8619,"max_stake_amount":399.8619,"amount":8220.0,"open_date":"2026-02-13 21:30:00+00:00","close_date":"2026-02-14 11:00:00+00:00","open_rate":0.09729,"close_rate":0.09925,"fee_open":0.0005,"fee_close":0.0005,"trade_duration":810,"profit_ratio":0.03793359794900474,"profit_abs":15.17578465,"exit_reason":"trailing_stop_loss","initial_stop_loss_abs":0.09584,"initial_stop_loss_ratio":-0.03,"stop_loss_abs":0.09925,"stop_loss_ratio":-0.02,"min_rate":0.09624,"max_rate":0.10025,"is_open":false,"enter_tag":"","leverage":2,"is_short":false,"open_timestamp":1771018200000,"close_timestamp":1771066800000,"orders":[{"amount":8220.0,"safe_price":0.09729,"ft_order_side":"buy","order_filled_timestamp":1771018200000,"ft_is_entry":true,"ft_order_tag":"","cost":800.1236618999999},{"amount":8220.0,"safe_price":0.09925,"ft_order_side":"sell","order_filled_timestamp":1771066800000,"ft_is_entry":false,"ft_order_tag":"trailing_stop_loss","cost":816.2429175}],"funding_fees":-0.12763594799761066,"weekday":5},{"pair":"BTC/USDT:USDT","stake_amount":397.784425,"max_stake_amount":397.784425,"amount":0.0115,"open_date":"2026-02-14 08:00:00+00:00","close_date":"2026-02-14 11:00:00+00:00","open_rate":69179.9,"close_rate":69757.28099999999,"fee_open":0.0005,"fee_close":0.0005,"trade_duration":180,"profit_ratio":0.014689771422952443,"profit_abs":5.84628396,"exit_reason":"trailing_stop_loss","initial_stop_loss_abs":68142.2015,"initial_stop_loss_ratio":-0.03,"stop_loss_abs":69757.28099999999,"stop_loss_ratio":-0.02,"min_rate":69171.4,"max_rate":70461.9,"is_open":false,"enter_tag":"","leverage":2,"is_short":false,"open_timestamp":1771056000000,"close_timestamp":1771066800000,"orders":[{"amount":0.0115,"safe_price":69179.9,"ft_order_side":"buy","order_filled_timestamp":1771056000000,"ft_is_entry":true,"ft_order_tag":"","cost":795.9666344249998},{"amount":0.0115,"safe_price":69757.28099999999,"ft_order_side":"sell","order_filled_timestamp":1771066800000,"ft_is_entry":false,"ft_order_tag":"trailing_stop_loss","cost":802.6098358657498}],"funding_fees":0.005291246665423755,"weekday":5},{"pair":"ETH/USDT:USDT","stake_amount":399.1737,"max_stake_amount":399.1737,"amount":0.381,"open_date":"2026-02-14 11:30:00+00:00","close_date":"2026-02-14 13:00:00+00:00","open_rate":2095.4,"close_rate":2063.969,"fee_open":0.0005,"fee_close":0.0005,"trade_duration":90,"profit_ratio":-0.03196901548098622,"profit_abs":-12.76757079,"exit_reason":"stop_loss","initial_stop_loss_abs":2063.969,"initial_stop_loss_ratio":-0.03,"stop_loss_abs":2063.969,"stop_loss_ratio":-0.03,"min_rate":2063.19,"max_rate":2102.22,"is_open":false,"enter_tag":"","leverage":2,"is_short":false,"open_timestamp":1771068600000,"close_timestamp":1771074000000,"orders":[{"amount":0.381,"safe_price":2095.4,"ft_order_side":"buy","order_filled_timestamp":1771068600000,"ft_is_entry":true,"ft_order_tag":"","cost":798.7465737},{"amount":0.381,"safe_price":2063.969,"ft_order_side":"sell","order_filled_timestamp":1771074000000,"ft_is_entry":false,"ft_order_tag":"stop_loss","cost":786.7653750945}],"funding_fees":0.0,"weekday":5},{"pair":"DOGE/USDT:USDT","stake_amount":399.6598,"max_stake_amount":399.6598,"amount":7990.0,"open_date":"2026-02-14 14:00:00+00:00","close_date":"2026-02-14 14:30:00+00:00","open_rate":0.10004,"close_rate":0.10314279139569785,"fee_open":0.0005,"fee_close":0.0005,"trade_duration":30,"profit_ratio":0.05997001499250375,"profit_abs":23.979588,"exit_reason":"roi","initial_stop_loss_abs":0.09854,"initial_stop_loss_ratio":-0.03,"stop_loss_abs":0.10241,"stop_loss_ratio":-0.02,"min_rate":0.09987,"max_rate":0.10344,"is_open":false,"enter_tag":"","leverage":2,"is_short":false,"open_timestamp":1771077600000,"close_timestamp":1771079400000,"orders":[{"amount":7990.0,"safe_price":0.10004,"ft_order_side":"buy","order_filled_timestamp":1771077600000,"ft_is_entry":true,"ft_order_tag":"","cost":799.7192598},{"amount":7990.0,"safe_price":0.10314279139569785,"ft_order_side":"sell","order_filled_timestamp":1771079400000,"ft_is_entry":false,"ft_order_tag":"roi","cost":824.5229587032516}],"funding_fees":0.0,"weekday":5},{"pair":"ETH/USDT:USDT","stake_amount":399.149195,"max_stake_amount":399.149195,"amount":0.383,"open_date":"2026-02-14 15:00:00+00:00","close_date":"2026-02-15 01:30:00+00:00","open_rate":2084.33,"close_rate":2053.0650499999997,"fee_open":0.0005,"fee_close":0.0005,"trade_duration":630,"profit_ratio":-0.03227761168011545,"profit_abs":-12.89002451,"exit_reason":"stop_loss","initial_stop_loss_abs":2053.0650499999997,"initial_stop_loss_ratio":-0.03,"stop_loss_abs":2053.0650499999997,"stop_loss_ratio":-0.03,"min_rate":2052.49,"max_rate":2098.87,"is_open":false,"enter_tag":"","leverage":2,"is_short":false,"open_timestamp":1771081200000,"close_timestamp":1771119000000,"orders":[{"amount":0.383,"safe_price":2084.33,"ft_order_side":"buy","order_filled_timestamp":1771081200000,"ft_is_entry":true,"ft_order_tag":"","cost":798.697539195},{"amount":0.383,"safe_price":2053.0650499999997,"ft_order_side":"sell","order_filled_timestamp":1771119000000,"ft_is_entry":false,"ft_order_tag":"stop_loss","cost":786.717076107075}],"funding_fees":-0.12323750532726953,"weekday":6},{"pair":"DOGE/USDT:USDT","stake_amount":399.525,"max_stake_amount":399.525,"amount":7000.0,"open_date":"2026-02-15 03:30:00+00:00","close_date":"2026-02-15 04:00:00+00:00","open_rate":0.11415,"close_rate":0.11637,"fee_open":0.0005,"fee_close":0.0005,"trade_duration":30,"profit_ratio":0.03685831197410493,"profit_abs":14.73318,"exit_reason":"trailing_stop_loss","initial_stop_loss_abs":0.11244,"initial_stop_loss_ratio":-0.03,"stop_loss_abs":0.11637,"stop_loss_ratio":-0.02,"min_rate":0.11262,"max_rate":0.11754,"is_open":false,"enter_tag":"","leverage":2,"is_short":false,"open_timestamp":1771126200000,"close_timestamp":1771128000000,"orders":[{"amount":7000.0,"safe_price":0.11415,"ft_order_side":"buy","order_filled_timestamp":1771126200000,"ft_is_entry":true,"ft_order_tag":"","cost":799.4495249999999},{"amount":7000.0,"safe_price":0.11637,"ft_order_side":"sell","order_filled_timestamp":1771128000000,"ft_is_entry":false,"ft_order_tag":"trailing_stop_loss","cost":814.997295}],"funding_fees":0.0,"weekday":6},{"pair":"XRP/USDT:USDT","stake_amount":399.341,"max_stake_amount":399.341,"amount":502.0,"open_date":"2026-02-15 10:30:00+00:00","close_date":"2026-02-15 11:30:00+00:00","open_rate":1.591,"close_rate":1.5672,"fee_open":0.0005,"fee_close":0.0005,"trade_duration":60,"profit_ratio":-0.03188738754444274,"profit_abs":-12.7403082,"exit_reason":"stop_loss","initial_stop_loss_abs":1.5672,"initial_stop_loss_ratio":-0.03,"stop_loss_abs":1.5672,"stop_loss_ratio":-0.03,"min_rate":1.5566,"max_rate":1.5964,"is_open":false,"enter_tag":"","leverage":2,"is_short":false,"open_timestamp":1771151400000,"close_timestamp":1771155000000,"orders":[{"amount":502.0,"safe_price":1.591,"ft_order_side":"buy","order_filled_timestamp":1771151400000,"ft_is_entry":true,"ft_order_tag":"","cost":799.081341},{"amount":502.0,"safe_price":1.5672,"ft_order_side":"sell","order_filled_timestamp":1771155000000,"ft_is_entry":false,"ft_order_tag":"stop_loss","cost":787.1277671999999}],"funding_fees":0.0,"weekday":6},{"pair":"BTC/USDT:USDT","stake_amount":399.92112,"max_stake_amount":399.92112,"amount":0.0114,"open_date":"2026-02-14 11:30:00+00:00","close_date":"2026-02-15 13:00:00+00:00","open_rate":70161.6,"close_rate":69282.0,"fee_open":0.0005,"fee_close":0.0005,"trade_duration":1530,"profit_ratio":-0.027315142793035346,"profit_abs":-10.92936445,"exit_reason":"exit_signal","initial_stop_loss_abs":69109.176,"initial_stop_loss_ratio":-0.03,"stop_loss_abs":69109.176,"stop_loss_ratio":-0.03,"min_rate":68959.0,"max_rate":70929.0,"is_open":false,"enter_tag":"","leverage":2,"is_short":false,"open_timestamp":1771068600000,"close_timestamp":1771160400000,"orders":[{"amount":0.0114,"safe_price":70161.6,"ft_order_side":"buy","order_filled_timestamp":1771068600000,"ft_is_entry":true,"ft_order_tag":"","cost":800.24216112},{"amount":0.0114,"safe_price":69282.0,"ft_order_side":"sell","order_filled_timestamp":1771160400000,"ft_is_entry":false,"ft_order_tag":"exit_signal","cost":790.2097074}],"funding_fees":-0.10709592821741874,"weekday":6}],"locks":[],"best_pair":{"key":"DOGE/USDT:USDT","trades":14,"profit_mean":0.025461538519176062,"profit_mean_pct":2.55,"profit_total_abs":142.52755358000002,"profit_total":0.14252755358000002,"profit_total_pct":14.25,"duration_avg":"2:21:00","wins":12,"draws":0,"losses":2,"winrate":0.8571428571428571,"cagr":0.7166491607728644,"expectancy":10.18053954142857,"expectancy_ratio":0.7960921396152543,"sortino":2494.6376794035323,"sharpe":2.6655273479345207,"calmar":242.02987744935228,"sqn":3.2339,"profit_factor":6.572644977306778,"max_drawdown_account":0.01250068387550362,"max_drawdown_abs":12.80027044},"worst_pair":{"key":"BTC/USDT:USDT","trades":7,"profit_mean":0.0006679552019912212,"profit_mean_pct":0.07,"profit_total_abs":1.6853393500000013,"profit_total":0.0016853393500000013,"profit_total_pct":0.17,"duration_avg":"14:34:00","wins":4,"draws":0,"losses":3,"winrate":0.5714285714285714,"cagr":0.0068526065851410856,"expectancy":0.24076276428571397,"expectancy_ratio":0.019832436018361266,"sortino":0.4171562921287367,"sharpe":0.0327520645349116,"calmar":1.4152721623418525,"sqn":0.054,"profit_factor":1.046275684042843,"max_drawdown_account":0.02527850113960708,"max_drawdown_abs":25.49018039},"results_per_pair":[{"key":"DOGE/USDT:USDT","trades":14,"profit_mean":0.025461538519176062,"profit_mean_pct":2.55,"profit_total_abs":142.52755358000002,"profit_total":0.14252755358000002,"profit_total_pct":14.25,"duration_avg":"2:21:00","wins":12,"draws":0,"losses":2,"winrate":0.8571428571428571,"cagr":0.7166491607728644,"expectancy":10.18053954142857,"expectancy_ratio":0.7960921396152543,"sortino":2494.6376794035323,"sharpe":2.6655273479345207,"calmar":242.02987744935228,"sqn":3.2339,"profit_factor":6.572644977306778,"max_drawdown_account":0.01250068387550362,"max_drawdown_abs":12.80027044},{"key":"ETH/USDT:USDT","trades":17,"profit_mean":0.0020649539597314332,"profit_mean_pct":0.21,"profit_total_abs":13.970596509999996,"profit_total":0.013970596509999997,"profit_total_pct":1.4,"duration_avg":"9:14:00","wins":10,"draws":0,"losses":7,"winrate":0.5882352941176471,"cagr":0.05787946689827339,"expectancy":0.8217997947058828,"expectancy_ratio":0.06422477286610984,"sortino":72.31798875997617,"sharpe":0.23569499777828193,"calmar":9.844609532962043,"sqn":0.2613,"profit_factor":1.1559744483891237,"max_drawdown_account":0.03012453675646799,"max_drawdown_abs":31.494140910000002},{"key":"XRP/USDT:USDT","trades":13,"profit_mean":0.0010620705261577545,"profit_mean_pct":0.11,"profit_total_abs":5.488254430000007,"profit_total":0.005488254430000007,"profit_total_pct":0.55,"duration_avg":"5:30:00","wins":7,"draws":0,"losses":6,"winrate":0.5384615384615384,"cagr":0.022445252524928128,"expectancy":0.42217341769230643,"expectancy_ratio":0.0345537759389678,"sortino":0.9225288568513462,"sharpe":0.09384294313197228,"calmar":2.7575071075261586,"sqn":0.1178,"profit_factor":1.0748665145344307,"max_drawdown_account":0.04224949467100477,"max_drawdown_abs":44.355362289999995},{"key":"BTC/USDT:USDT","trades":7,"profit_mean":0.0006679552019912212,"profit_mean_pct":0.07,"profit_total_abs":1.6853393500000013,"profit_total":0.0016853393500000013,"profit_total_pct":0.17,"duration_avg":"14:34:00","wins":4,"draws":0,"losses":3,"winrate":0.5714285714285714,"cagr":0.0068526065851410856,"expectancy":0.24076276428571397,"expectancy_ratio":0.019832436018361266,"sortino":0.4171562921287367,"sharpe":0.0327520645349116,"calmar":1.4152721623418525,"sqn":0.054,"profit_factor":1.046275684042843,"max_drawdown_account":0.02527850113960708,"max_drawdown_abs":25.49018039},{"key":"TOTAL","trades":51,"profit_mean":0.008040163918389971,"profit_mean_pct":0.8,"profit_total_abs":163.67174387,"profit_total":0.16367174387,"profit_total_pct":16.37,"duration_avg":"7:08:00","wins":33,"draws":0,"losses":18,"winrate":0.6470588235294118,"cagr":0.8491800749787219,"expectancy":3.209249879803922,"expectancy_ratio":0.25688521113347473,"sortino":40.220922226275874,"sharpe":2.727759576965061,"calmar":65.29729527218569,"sqn":1.7816,"profit_factor":1.7278414315448454,"max_drawdown_account":0.05320867448614345,"max_drawdown_abs":61.83692309000003}],"results_per_enter_tag":[{"key":"","trades":51,"profit_mean":0.008040163918389971,"profit_mean_pct":0.8,"profit_total_abs":163.67174387,"profit_total":0.16367174387,"profit_total_pct":16.37,"duration_avg":"7:08:00","wins":33,"draws":0,"losses":18,"winrate":0.6470588235294118,"cagr":0.8491800749787219,"expectancy":3.209249879803922,"expectancy_ratio":0.25688521113347473,"sortino":40.220922226275874,"sharpe":2.727759576965061,"calmar":65.29729527218569,"sqn":1.7816,"profit_factor":1.7278414315448454,"max_drawdown_account":0.05320867448614345,"max_drawdown_abs":61.83692309000003},{"key":"TOTAL","trades":51,"profit_mean":0.008040163918389971,"profit_mean_pct":0.8,"profit_total_abs":163.67174387,"profit_total":0.16367174387,"profit_total_pct":16.37,"duration_avg":"7:08:00","wins":33,"draws":0,"losses":18,"winrate":0.6470588235294118,"cagr":0.8491800749787219,"expectancy":3.209249879803922,"expectancy_ratio":0.25688521113347473,"sortino":40.220922226275874,"sharpe":2.727759576965061,"calmar":65.29729527218569,"sqn":1.7816,"profit_factor":1.7278414315448454,"max_drawdown_account":0.05320867448614345,"max_drawdown_abs":61.83692309000003}],"exit_reason_summary":[{"key":"trailing_stop_loss","trades":27,"profit_mean":0.02270109263593538,"profit_mean_pct":2.27,"profit_total_abs":244.6800114,"profit_total":0.2446800114,"profit_total_pct":24.47,"duration_avg":"6:20:00","wins":27,"draws":0,"losses":0,"winrate":1.0,"cagr":1.4294717020284895,"expectancy":9.062222644444445,"expectancy_ratio":100.0,"sortino":-100,"sharpe":15.337985680733922,"calmar":-100,"sqn":13.6454,"profit_factor":0.0,"max_drawdown_account":0.0,"max_drawdown_abs":0.0},{"key":"roi","trades":6,"profit_mean":0.05998745895280938,"profit_mean_pct":6.0,"profit_total_abs":143.86453687,"profit_total":0.14386453687,"profit_total_pct":14.39,"duration_avg":"10:35:00","wins":6,"draws":0,"losses":0,"winrate":1.0,"cagr":0.724810615173795,"expectancy":23.977422811666667,"expectancy_ratio":100.0,"sortino":-100,"sharpe":3560.586163972485,"calmar":-100,"sqn":6251.0263,"profit_factor":0.0,"max_drawdown_account":0.0,"max_drawdown_abs":0.0},{"key":"exit_signal","trades":2,"profit_mean":-0.025419938433441185,"profit_mean_pct":-2.54,"profit_total_abs":-20.32414765,"profit_total":-0.02032414765,"profit_total_pct":-2.03,"duration_avg":"1 day, 3:00:00","wins":0,"draws":0,"losses":2,"winrate":0.0,"cagr":-0.07990177758632222,"expectancy":-10.162073825,"expectancy_ratio":-1.0,"sortino":-5.62284837057807,"sharpe":-5.62284837057807,"calmar":-21.227747971714233,"sqn":-13.2441,"profit_factor":0.0,"max_drawdown_account":0.020324147649999985,"max_drawdown_abs":20.32414765},{"key":"stop_loss","trades":16,"profit_mean":-0.03199787613639628,"profit_mean_pct":-3.2,"profit_total_abs":-204.54865675,"profit_total":-0.20454865675,"profit_total_pct":-20.45,"duration_avg":"4:41:00","wins":0,"draws":0,"losses":16,"winrate":0.0,"cagr":-0.6046943582063433,"expectancy":-12.784291046875,"expectancy_ratio":-1.0,"sortino":-1003.3616268695188,"sharpe":-1003.3616268695188,"calmar":-21.227747971714226,"sqn":-1144.1401,"profit_factor":0.0,"max_drawdown_account":0.20454865674999997,"max_drawdown_abs":204.54865675},{"key":"TOTAL","trades":51,"profit_mean":0.008040163918389971,"profit_mean_pct":0.8,"profit_total_abs":163.67174387,"profit_total":0.16367174387,"profit_total_pct":16.37,"duration_avg":"7:08:00","wins":33,"draws":0,"losses":18,"winrate":0.6470588235294118,"cagr":0.8491800749787219,"expectancy":3.209249879803922,"expectancy_ratio":0.25688521113347473,"sortino":40.220922226275874,"sharpe":2.727759576965061,"calmar":65.29729527218569,"sqn":1.7816,"profit_factor":1.7278414315448454,"max_drawdown_account":0.05320867448614345,"max_drawdown_abs":61.83692309000003}],"mix_tag_stats":[{"key":["","trailing_stop_loss"],"trades":27,"profit_mean":0.02270109263593538,"profit_mean_pct":2.27,"profit_total_abs":244.6800114,"profit_total":0.2446800114,"profit_total_pct":24.47,"duration_avg":"6:20:00","wins":27,"draws":0,"losses":0,"winrate":1.0,"cagr":1.4294717020284895,"expectancy":9.062222644444445,"expectancy_ratio":100.0,"sortino":-100,"sharpe":15.337985680733922,"calmar":-100,"sqn":13.6454,"profit_factor":0.0,"max_drawdown_account":0.0,"max_drawdown_abs":0.0},{"key":["","roi"],"trades":6,"profit_mean":0.05998745895280938,"profit_mean_pct":6.0,"profit_total_abs":143.86453687,"profit_total":0.14386453687,"profit_total_pct":14.39,"duration_avg":"10:35:00","wins":6,"draws":0,"losses":0,"winrate":1.0,"cagr":0.724810615173795,"expectancy":23.977422811666667,"expectancy_ratio":100.0,"sortino":-100,"sharpe":3560.586163972485,"calmar":-100,"sqn":6251.0263,"profit_factor":0.0,"max_drawdown_account":0.0,"max_drawdown_abs":0.0},{"key":["","exit_signal"],"trades":2,"profit_mean":-0.025419938433441185,"profit_mean_pct":-2.54,"profit_total_abs":-20.32414765,"profit_total":-0.02032414765,"profit_total_pct":-2.03,"duration_avg":"1 day, 3:00:00","wins":0,"draws":0,"losses":2,"winrate":0.0,"cagr":-0.07990177758632222,"expectancy":-10.162073825,"expectancy_ratio":-1.0,"sortino":-5.62284837057807,"sharpe":-5.62284837057807,"calmar":-21.227747971714233,"sqn":-13.2441,"profit_factor":0.0,"max_drawdown_account":0.020324147649999985,"max_drawdown_abs":20.32414765},{"key":["","stop_loss"],"trades":16,"profit_mean":-0.03199787613639628,"profit_mean_pct":-3.2,"profit_total_abs":-204.54865675,"profit_total":-0.20454865675,"profit_total_pct":-20.45,"duration_avg":"4:41:00","wins":0,"draws":0,"losses":16,"winrate":0.0,"cagr":-0.6046943582063433,"expectancy":-12.784291046875,"expectancy_ratio":-1.0,"sortino":-1003.3616268695188,"sharpe":-1003.3616268695188,"calmar":-21.227747971714226,"sqn":-1144.1401,"profit_factor":0.0,"max_drawdown_account":0.20454865674999997,"max_drawdown_abs":204.54865675},{"key":"TOTAL","trades":51,"profit_mean":0.008040163918389971,"profit_mean_pct":0.8,"profit_total_abs":163.67174387,"profit_total":0.16367174387,"profit_total_pct":16.37,"duration_avg":"7:08:00","wins":33,"draws":0,"losses":18,"winrate":0.6470588235294118,"cagr":0.8491800749787219,"expectancy":3.209249879803922,"expectancy_ratio":0.25688521113347473,"sortino":40.220922226275874,"sharpe":2.727759576965061,"calmar":65.29729527218569,"sqn":1.7816,"profit_factor":1.7278414315448454,"max_drawdown_account":0.05320867448614345,"max_drawdown_abs":61.83692309000003}],"left_open_trades":[{"key":"TOTAL","trades":0,"profit_mean":0.0,"profit_mean_pct":0.0,"profit_total_abs":0.0,"profit_total":0.0,"profit_total_pct":0.0,"duration_avg":"0:00","wins":0,"draws":0,"losses":0,"winrate":0.0,"cagr":0.0,"expectancy":0.0,"expectancy_ratio":100.0,"sortino":0,"sharpe":0,"calmar":0,"sqn":0.0,"profit_factor":0.0,"max_drawdown_account":0.0,"max_drawdown_abs":0.0}],"total_trades":51,"trade_count_long":51,"trade_count_short":0,"total_volume":81683.12202739588,"avg_stake_amount":399.19902950980395,"profit_mean":0.008040163918389971,"profit_median":0.016423566204255922,"profit_total":0.16367174387,"profit_total_long":0.16367174387,"profit_total_short":0.0,"profit_total_abs":163.67174387,"profit_total_long_abs":163.67174387,"profit_total_short_abs":0.0,"cagr":0.8491800749787219,"expectancy":3.209249879803922,"expectancy_ratio":0.25688521113347473,"sortino":40.220922226275874,"sharpe":2.727759576965061,"calmar":65.29729527218569,"sqn":1.7816,"profit_factor":1.7278414315448454,"backtest_start":"2025-11-24 00:00:00","backtest_start_ts":1763942400000,"backtest_end":"2026-02-22 00:00:00","backtest_end_ts":1771718400000,"backtest_days":90,"backtest_run_start_ts":1771768736,"backtest_run_end_ts":1771768737,"trades_per_day":0.57,"market_change":-0.28355848278804596,"pairlist":["BTC/USDT:USDT","ETH/USDT:USDT","DOGE/USDT:USDT","XRP/USDT:USDT"],"stake_amount":400,"stake_currency":"USDT","stake_currency_decimals":3,"starting_balance":1000,"dry_run_wallet":1000,"final_balance":1163.67174387,"rejected_signals":10,"timedout_entry_orders":0,"timedout_exit_orders":3,"canceled_trade_entries":0,"canceled_entry_orders":0,"replaced_entry_orders":0,"max_open_trades":2,"max_open_trades_setting":2,"timeframe":"30m","timeframe_detail":"","timerange":"20251124-20260222","enable_protections":false,"strategy_name":"SupertrendFuturesStrategyV8_1","freqaimodel":null,"freqai_identifier":null,"stoploss":-0.03,"trailing_stop":true,"trailing_stop_positive":0.02,"trailing_stop_positive_offset":0.03,"trailing_only_offset_is_reached":true,"use_custom_stoploss":false,"minimal_roi":{"0":0.06},"use_exit_signal":true,"exit_profit_only":false,"exit_profit_offset":0.0,"ignore_roi_if_entry_signal":false,"trading_mode":"futures","margin_mode":"isolated","periodic_breakdown":{"day":[{"date":"28/11/2025","date_ts":1764288000000,"profit_abs":8.37388456,"wins":1,"draws":0,"losses":0,"trades":1,"profit_factor":0.0},{"date":"29/11/2025","date_ts":1764374400000,"profit_abs":0.0,"wins":0,"draws":0,"losses":0,"trades":0,"profit_factor":0.0},{"date":"30/11/2025","date_ts":1764460800000,"profit_abs":0.0,"wins":0,"draws":0,"losses":0,"trades":0,"profit_factor":0.0},{"date":"01/12/2025","date_ts":1764547200000,"profit_abs":0.0,"wins":0,"draws":0,"losses":0,"trades":0,"profit_factor":0.0},{"date":"02/12/2025","date_ts":1764633600000,"profit_abs":0.0,"wins":0,"draws":0,"losses":0,"trades":0,"profit_factor":0.0},{"date":"03/12/2025","date_ts":1764720000000,"profit_abs":29.08804602,"wins":2,"draws":0,"losses":0,"trades":2,"profit_factor":0.0},{"date":"04/12/2025","date_ts":1764806400000,"profit_abs":-12.78142319,"wins":0,"draws":0,"losses":1,"trades":1,"profit_factor":0.0},{"date":"05/12/2025","date_ts":1764892800000,"profit_abs":0.0,"wins":0,"draws":0,"losses":0,"trades":0,"profit_factor":0.0},{"date":"06/12/2025","date_ts":1764979200000,"profit_abs":0.0,"wins":0,"draws":0,"losses":0,"trades":0,"profit_factor":0.0},{"date":"07/12/2025","date_ts":1765065600000,"profit_abs":0.0,"wins":0,"draws":0,"losses":0,"trades":0,"profit_factor":0.0},{"date":"08/12/2025","date_ts":1765152000000,"profit_abs":0.0,"wins":0,"draws":0,"losses":0,"trades":0,"profit_factor":0.0},{"date":"09/12/2025","date_ts":1765238400000,"profit_abs":0.0,"wins":0,"draws":0,"losses":0,"trades":0,"profit_factor":0.0},{"date":"10/12/2025","date_ts":1765324800000,"profit_abs":0.0,"wins":0,"draws":0,"losses":0,"trades":0,"profit_factor":0.0},{"date":"11/12/2025","date_ts":1765411200000,"profit_abs":0.0,"wins":0,"draws":0,"losses":0,"trades":0,"profit_factor":0.0},{"date":"12/12/2025","date_ts":1765497600000,"profit_abs":0.0,"wins":0,"draws":0,"losses":0,"trades":0,"profit_factor":0.0},{"date":"13/12/2025","date_ts":1765584000000,"profit_abs":0.0,"wins":0,"draws":0,"losses":0,"trades":0,"profit_factor":0.0},{"date":"14/12/2025","date_ts":1765670400000,"profit_abs":0.0,"wins":0,"draws":0,"losses":0,"trades":0,"profit_factor":0.0},{"date":"15/12/2025","date_ts":1765756800000,"profit_abs":0.0,"wins":0,"draws":0,"losses":0,"trades":0,"profit_factor":0.0},{"date":"16/12/2025","date_ts":1765843200000,"profit_abs":0.0,"wins":0,"draws":0,"losses":0,"trades":0,"profit_factor":0.0},{"date":"17/12/2025","date_ts":1765929600000,"profit_abs":0.0,"wins":0,"draws":0,"losses":0,"trades":0,"profit_factor":0.0},{"date":"18/12/2025","date_ts":1766016000000,"profit_abs":0.0,"wins":0,"draws":0,"losses":0,"trades":0,"profit_factor":0.0},{"date":"19/12/2025","date_ts":1766102400000,"profit_abs":0.0,"wins":0,"draws":0,"losses":0,"trades":0,"profit_factor":0.0},{"date":"20/12/2025","date_ts":1766188800000,"profit_abs":0.0,"wins":0,"draws":0,"losses":0,"trades":0,"profit_factor":0.0},{"date":"21/12/2025","date_ts":1766275200000,"profit_abs":-9.3947832,"wins":0,"draws":0,"losses":1,"trades":1,"profit_factor":0.0},{"date":"22/12/2025","date_ts":1766361600000,"profit_abs":11.18027643,"wins":1,"draws":0,"losses":1,"trades":2,"profit_factor":1.87344064},{"date":"23/12/2025","date_ts":1766448000000,"profit_abs":0.0,"wins":0,"draws":0,"losses":0,"trades":0,"profit_factor":0.0},{"date":"24/12/2025","date_ts":1766534400000,"profit_abs":0.0,"wins":0,"draws":0,"losses":0,"trades":0,"profit_factor":0.0},{"date":"25/12/2025","date_ts":1766620800000,"profit_abs":0.0,"wins":0,"draws":0,"losses":0,"trades":0,"profit_factor":0.0},{"date":"26/12/2025","date_ts":1766707200000,"profit_abs":0.0,"wins":0,"draws":0,"losses":0,"trades":0,"profit_factor":0.0},{"date":"27/12/2025","date_ts":1766793600000,"profit_abs":0.0,"wins":0,"draws":0,"losses":0,"trades":0,"profit_factor":0.0},{"date":"28/12/2025","date_ts":1766880000000,"profit_abs":0.0,"wins":0,"draws":0,"losses":0,"trades":0,"profit_factor":0.0},{"date":"29/12/2025","date_ts":1766966400000,"profit_abs":-12.81068363,"wins":0,"draws":0,"losses":1,"trades":1,"profit_factor":0.0},{"date":"30/12/2025","date_ts":1767052800000,"profit_abs":0.0,"wins":0,"draws":0,"losses":0,"trades":0,"profit_factor":0.0},{"date":"31/12/2025","date_ts":1767139200000,"profit_abs":0.0,"wins":0,"draws":0,"losses":0,"trades":0,"profit_factor":0.0},{"date":"01/01/2026","date_ts":1767225600000,"profit_abs":0.0,"wins":0,"draws":0,"losses":0,"trades":0,"profit_factor":0.0},{"date":"02/01/2026","date_ts":1767312000000,"profit_abs":95.55454703,"wins":9,"draws":0,"losses":0,"trades":9,"profit_factor":0.0},{"date":"03/01/2026","date_ts":1767398400000,"profit_abs":-6.26992658,"wins":1,"draws":0,"losses":1,"trades":2,"profit_factor":0.50839967},{"date":"04/01/2026","date_ts":1767484800000,"profit_abs":11.13482974,"wins":2,"draws":0,"losses":1,"trades":3,"profit_factor":1.87154175},{"date":"05/01/2026","date_ts":1767571200000,"profit_abs":48.08391629,"wins":5,"draws":0,"losses":1,"trades":6,"profit_factor":4.76639043},{"date":"06/01/2026","date_ts":1767657600000,"profit_abs":-61.83692309,"wins":2,"draws":0,"losses":6,"trades":8,"profit_factor":0.19336917},{"date":"07/01/2026","date_ts":1767744000000,"profit_abs":0.0,"wins":0,"draws":0,"losses":0,"trades":0,"profit_factor":0.0},{"date":"08/01/2026","date_ts":1767830400000,"profit_abs":0.0,"wins":0,"draws":0,"losses":0,"trades":0,"profit_factor":0.0},{"date":"09/01/2026","date_ts":1767916800000,"profit_abs":0.0,"wins":0,"draws":0,"losses":0,"trades":0,"profit_factor":0.0},{"date":"10/01/2026","date_ts":1768003200000,"profit_abs":0.0,"wins":0,"draws":0,"losses":0,"trades":0,"profit_factor":0.0},{"date":"11/01/2026","date_ts":1768089600000,"profit_abs":0.0,"wins":0,"draws":0,"losses":0,"trades":0,"profit_factor":0.0},{"date":"12/01/2026","date_ts":1768176000000,"profit_abs":0.0,"wins":0,"draws":0,"losses":0,"trades":0,"profit_factor":0.0},{"date":"13/01/2026","date_ts":1768262400000,"profit_abs":36.87167303,"wins":2,"draws":0,"losses":0,"trades":2,"profit_factor":0.0},{"date":"14/01/2026","date_ts":1768348800000,"profit_abs":21.90728741,"wins":3,"draws":0,"losses":0,"trades":3,"profit_factor":0.0},{"date":"15/01/2026","date_ts":1768435200000,"profit_abs":-12.80092247,"wins":0,"draws":0,"losses":1,"trades":1,"profit_factor":0.0},{"date":"16/01/2026","date_ts":1768521600000,"profit_abs":0.0,"wins":0,"draws":0,"losses":0,"trades":0,"profit_factor":0.0},{"date":"17/01/2026","date_ts":1768608000000,"profit_abs":0.0,"wins":0,"draws":0,"losses":0,"trades":0,"profit_factor":0.0},{"date":"18/01/2026","date_ts":1768694400000,"profit_abs":0.0,"wins":0,"draws":0,"losses":0,"trades":0,"profit_factor":0.0},{"date":"19/01/2026","date_ts":1768780800000,"profit_abs":0.0,"wins":0,"draws":0,"losses":0,"trades":0,"profit_factor":0.0},{"date":"20/01/2026","date_ts":1768867200000,"profit_abs":0.0,"wins":0,"draws":0,"losses":0,"trades":0,"profit_factor":0.0},{"date":"21/01/2026","date_ts":1768953600000,"profit_abs":0.0,"wins":0,"draws":0,"losses":0,"trades":0,"profit_factor":0.0},{"date":"22/01/2026","date_ts":1769040000000,"profit_abs":0.0,"wins":0,"draws":0,"losses":0,"trades":0,"profit_factor":0.0},{"date":"23/01/2026","date_ts":1769126400000,"profit_abs":0.0,"wins":0,"draws":0,"losses":0,"trades":0,"profit_factor":0.0},{"date":"24/01/2026","date_ts":1769212800000,"profit_abs":0.0,"wins":0,"draws":0,"losses":0,"trades":0,"profit_factor":0.0},{"date":"25/01/2026","date_ts":1769299200000,"profit_abs":0.0,"wins":0,"draws":0,"losses":0,"trades":0,"profit_factor":0.0},{"date":"26/01/2026","date_ts":1769385600000,"profit_abs":0.0,"wins":0,"draws":0,"losses":0,"trades":0,"profit_factor":0.0},{"date":"27/01/2026","date_ts":1769472000000,"profit_abs":0.0,"wins":0,"draws":0,"losses":0,"trades":0,"profit_factor":0.0},{"date":"28/01/2026","date_ts":1769558400000,"profit_abs":0.0,"wins":0,"draws":0,"losses":0,"trades":0,"profit_factor":0.0},{"date":"29/01/2026","date_ts":1769644800000,"profit_abs":0.0,"wins":0,"draws":0,"losses":0,"trades":0,"profit_factor":0.0},{"date":"30/01/2026","date_ts":1769731200000,"profit_abs":0.0,"wins":0,"draws":0,"losses":0,"trades":0,"profit_factor":0.0},{"date":"31/01/2026","date_ts":1769817600000,"profit_abs":0.0,"wins":0,"draws":0,"losses":0,"trades":0,"profit_factor":0.0},{"date":"01/02/2026","date_ts":1769904000000,"profit_abs":0.0,"wins":0,"draws":0,"losses":0,"trades":0,"profit_factor":0.0},{"date":"02/02/2026","date_ts":1769990400000,"profit_abs":0.0,"wins":0,"draws":0,"losses":0,"trades":0,"profit_factor":0.0},{"date":"03/02/2026","date_ts":1770076800000,"profit_abs":0.0,"wins":0,"draws":0,"losses":0,"trades":0,"profit_factor":0.0},{"date":"04/02/2026","date_ts":1770163200000,"profit_abs":0.0,"wins":0,"draws":0,"losses":0,"trades":0,"profit_factor":0.0},{"date":"05/02/2026","date_ts":1770249600000,"profit_abs":0.0,"wins":0,"draws":0,"losses":0,"trades":0,"profit_factor":0.0},{"date":"06/02/2026","date_ts":1770336000000,"profit_abs":0.0,"wins":0,"draws":0,"losses":0,"trades":0,"profit_factor":0.0},{"date":"07/02/2026","date_ts":1770422400000,"profit_abs":0.0,"wins":0,"draws":0,"losses":0,"trades":0,"profit_factor":0.0},{"date":"08/02/2026","date_ts":1770508800000,"profit_abs":0.0,"wins":0,"draws":0,"losses":0,"trades":0,"profit_factor":0.0},{"date":"09/02/2026","date_ts":1770595200000,"profit_abs":0.0,"wins":0,"draws":0,"losses":0,"trades":0,"profit_factor":0.0},{"date":"10/02/2026","date_ts":1770681600000,"profit_abs":0.0,"wins":0,"draws":0,"losses":0,"trades":0,"profit_factor":0.0},{"date":"11/02/2026","date_ts":1770768000000,"profit_abs":0.0,"wins":0,"draws":0,"losses":0,"trades":0,"profit_factor":0.0},{"date":"12/02/2026","date_ts":1770854400000,"profit_abs":0.0,"wins":0,"draws":0,"losses":0,"trades":0,"profit_factor":0.0},{"date":"13/02/2026","date_ts":1770940800000,"profit_abs":0.0,"wins":0,"draws":0,"losses":0,"trades":0,"profit_factor":0.0},{"date":"14/02/2026","date_ts":1771027200000,"profit_abs":39.19846268,"wins":4,"draws":0,"losses":1,"trades":5,"profit_factor":4.07015824},{"date":"15/02/2026","date_ts":1771113600000,"profit_abs":-21.82651716,"wins":1,"draws":0,"losses":3,"trades":4,"profit_factor":0.40298966}],"week":[{"date":"01/12/2025","date_ts":1764547200000,"profit_abs":8.37388456,"wins":1,"draws":0,"losses":0,"trades":1,"profit_factor":0.0},{"date":"08/12/2025","date_ts":1765152000000,"profit_abs":16.30662283,"wins":2,"draws":0,"losses":1,"trades":3,"profit_factor":2.2758065},{"date":"15/12/2025","date_ts":1765756800000,"profit_abs":0.0,"wins":0,"draws":0,"losses":0,"trades":0,"profit_factor":0.0},{"date":"22/12/2025","date_ts":1766361600000,"profit_abs":1.78549323,"wins":1,"draws":0,"losses":2,"trades":3,"profit_factor":1.08044555},{"date":"29/12/2025","date_ts":1766966400000,"profit_abs":-12.81068363,"wins":0,"draws":0,"losses":1,"trades":1,"profit_factor":0.0},{"date":"05/01/2026","date_ts":1767571200000,"profit_abs":148.50336648,"wins":17,"draws":0,"losses":3,"trades":20,"profit_factor":4.87770604},{"date":"12/01/2026","date_ts":1768176000000,"profit_abs":-61.83692309,"wins":2,"draws":0,"losses":6,"trades":8,"profit_factor":0.19336917},{"date":"19/01/2026","date_ts":1768780800000,"profit_abs":45.97803797,"wins":5,"draws":0,"losses":1,"trades":6,"profit_factor":4.59177536},{"date":"26/01/2026","date_ts":1769385600000,"profit_abs":0.0,"wins":0,"draws":0,"losses":0,"trades":0,"profit_factor":0.0},{"date":"02/02/2026","date_ts":1769990400000,"profit_abs":0.0,"wins":0,"draws":0,"losses":0,"trades":0,"profit_factor":0.0},{"date":"09/02/2026","date_ts":1770595200000,"profit_abs":0.0,"wins":0,"draws":0,"losses":0,"trades":0,"profit_factor":0.0},{"date":"16/02/2026","date_ts":1771200000000,"profit_abs":17.37194552,"wins":5,"draws":0,"losses":4,"trades":9,"profit_factor":1.35217733}],"month":[{"date":"30/11/2025","date_ts":1764460800000,"profit_abs":8.37388456,"wins":1,"draws":0,"losses":0,"trades":1,"profit_factor":0.0},{"date":"31/12/2025","date_ts":1767139200000,"profit_abs":5.28143243,"wins":3,"draws":0,"losses":4,"trades":7,"profit_factor":1.1105199},{"date":"31/01/2026","date_ts":1769817600000,"profit_abs":132.64448136,"wins":24,"draws":0,"losses":10,"trades":34,"profit_factor":2.03824489},{"date":"28/02/2026","date_ts":1772236800000,"profit_abs":17.37194552,"wins":5,"draws":0,"losses":4,"trades":9,"profit_factor":1.35217733}],"year":[{"date":"31/12/2025","date_ts":1767139200000,"profit_abs":13.65531699,"wins":4,"draws":0,"losses":4,"trades":8,"profit_factor":1.28575284},{"date":"31/12/2026","date_ts":1798675200000,"profit_abs":150.01642688,"wins":29,"draws":0,"losses":14,"trades":43,"profit_factor":1.84714053}],"weekday":[{"date":"Monday","date_ts":0,"profit_abs":46.45350909,"wins":6,"draws":0,"losses":3,"trades":9,"profit_factor":2.21043504},{"date":"Tuesday","date_ts":1,"profit_abs":-24.96525006,"wins":4,"draws":0,"losses":6,"trades":10,"profit_factor":0.67434116},{"date":"Wednesday","date_ts":2,"profit_abs":50.99533343,"wins":5,"draws":0,"losses":0,"trades":5,"profit_factor":0.0},{"date":"Thursday","date_ts":3,"profit_abs":-25.58234566,"wins":0,"draws":0,"losses":2,"trades":2,"profit_factor":0.0},{"date":"Friday","date_ts":4,"profit_abs":103.92843159,"wins":10,"draws":0,"losses":0,"trades":10,"profit_factor":0.0},{"date":"Saturday","date_ts":5,"profit_abs":32.9285361,"wins":5,"draws":0,"losses":2,"trades":7,"profit_factor":2.29021797},{"date":"Sunday","date_ts":6,"profit_abs":-20.08647062,"wins":3,"draws":0,"losses":5,"trades":8,"profit_factor":0.65798908}]},"backtest_best_day":0.2390480202401721,"backtest_worst_day":-0.15468613703173362,"backtest_best_day_abs":95.55454703,"backtest_worst_day_abs":-61.83692309,"winning_days":9,"draw_days":64,"losing_days":7,"daily_profit":[["2025-11-28",8.37388456],["2025-11-29",0.0],["2025-11-30",0.0],["2025-12-01",0.0],["2025-12-02",0.0],["2025-12-03",29.08804602],["2025-12-04",-12.78142319],["2025-12-05",0.0],["2025-12-06",0.0],["2025-12-07",0.0],["2025-12-08",0.0],["2025-12-09",0.0],["2025-12-10",0.0],["2025-12-11",0.0],["2025-12-12",0.0],["2025-12-13",0.0],["2025-12-14",0.0],["2025-12-15",0.0],["2025-12-16",0.0],["2025-12-17",0.0],["2025-12-18",0.0],["2025-12-19",0.0],["2025-12-20",0.0],["2025-12-21",-9.3947832],["2025-12-22",11.18027643],["2025-12-23",0.0],["2025-12-24",0.0],["2025-12-25",0.0],["2025-12-26",0.0],["2025-12-27",0.0],["2025-12-28",0.0],["2025-12-29",-12.81068363],["2025-12-30",0.0],["2025-12-31",0.0],["2026-01-01",0.0],["2026-01-02",95.55454703],["2026-01-03",-6.26992658],["2026-01-04",11.13482974],["2026-01-05",48.08391629],["2026-01-06",-61.83692309],["2026-01-07",0.0],["2026-01-08",0.0],["2026-01-09",0.0],["2026-01-10",0.0],["2026-01-11",0.0],["2026-01-12",0.0],["2026-01-13",36.87167303],["2026-01-14",21.90728741],["2026-01-15",-12.80092247],["2026-01-16",0.0],["2026-01-17",0.0],["2026-01-18",0.0],["2026-01-19",0.0],["2026-01-20",0.0],["2026-01-21",0.0],["2026-01-22",0.0],["2026-01-23",0.0],["2026-01-24",0.0],["2026-01-25",0.0],["2026-01-26",0.0],["2026-01-27",0.0],["2026-01-28",0.0],["2026-01-29",0.0],["2026-01-30",0.0],["2026-01-31",0.0],["2026-02-01",0.0],["2026-02-02",0.0],["2026-02-03",0.0],["2026-02-04",0.0],["2026-02-05",0.0],["2026-02-06",0.0],["2026-02-07",0.0],["2026-02-08",0.0],["2026-02-09",0.0],["2026-02-10",0.0],["2026-02-11",0.0],["2026-02-12",0.0],["2026-02-13",0.0],["2026-02-14",39.19846268],["2026-02-15",-21.82651716]],"wins":33,"losses":18,"draws":0,"winrate":0.6470588235294118,"holding_avg":"7:08:00","holding_avg_s":25680.0,"winner_holding_min":"0d 00:00","winner_holding_min_s":0.0,"winner_holding_max":"2d 05:30","winner_holding_max_s":192600.0,"winner_holding_avg":"0d 07:06","winner_holding_avg_s":25560.0,"loser_holding_min":"0d 00:30","loser_holding_min_s":1800.0,"loser_holding_max":"1d 04:30","loser_holding_max_s":102600.0,"loser_holding_avg":"0d 07:10","loser_holding_avg_s":25800.0,"max_consecutive_wins":10,"max_consecutive_losses":3,"max_drawdown_account":0.05320867448614345,"max_relative_drawdown":0.05320867448614345,"max_drawdown_abs":61.83692309000003,"drawdown_start":"2026-01-05 20:00:00","drawdown_start_ts":1767643200000.0,"drawdown_end":"2026-01-06 17:30:00","drawdown_end_ts":1767720600000.0,"drawdown_duration":"0 days 21:30:00","drawdown_duration_s":77400.0,"max_drawdown_low":100.32176038,"max_drawdown_high":162.15868347000003,"csum_min":1008.37388456,"csum_max":1187.34141652}},"strategy_comparison":[{"key":"SupertrendFuturesStrategyV8_1","trades":51,"profit_mean":0.008040163918389971,"profit_mean_pct":0.8,"profit_total_abs":163.67174387,"profit_total":0.16367174387,"profit_total_pct":16.37,"duration_avg":"7:08:00","wins":33,"draws":0,"losses":18,"winrate":0.6470588235294118,"cagr":0.8491800749787219,"expectancy":3.209249879803922,"expectancy_ratio":0.25688521113347473,"sortino":40.220922226275874,"sharpe":2.727759576965061,"calmar":65.29729527218569,"sqn":1.7816,"profit_factor":1.7278414315448454,"max_drawdown_account":0.05320867448614345,"max_drawdown_abs":"61.837"}]}