{"strategy":{"MultiPairFuturesStrategy":{"trades":[{"pair":"ARB/USDT:USDT","stake_amount":199.4937,"max_stake_amount":199.4937,"amount":1986.0,"open_date":"2025-12-01 00:30:00+00:00","close_date":"2025-12-01 00:30:00+00:00","open_rate":0.2009,"close_rate":0.196882,"fee_open":0.0005,"fee_close":0.0005,"trade_duration":0,"profit_ratio":0.03803901948969409,"profit_abs":7.58475047,"exit_reason":"trailing_stop_loss","initial_stop_loss_abs":0.2039,"initial_stop_loss_ratio":-0.03,"stop_loss_abs":0.198,"stop_loss_ratio":-0.02,"min_rate":0.1961,"max_rate":0.2014,"is_open":false,"enter_tag":"","leverage":2.0,"is_short":true,"open_timestamp":1764549000000,"close_timestamp":1764549000000,"orders":[{"amount":1986.0,"safe_price":0.2009,"ft_order_side":"sell","order_filled_timestamp":1764549000000,"ft_is_entry":true,"ft_order_tag":"","cost":399.1868937},{"amount":1986.0,"safe_price":0.196882,"ft_order_side":"buy","order_filled_timestamp":1764549000000,"ft_is_entry":false,"ft_order_tag":"trailing_stop_loss","cost":391.203155826}],"funding_fees":0.0,"weekday":0},{"pair":"ARB/USDT:USDT","stake_amount":199.4408,"max_stake_amount":199.4408,"amount":2032.0,"open_date":"2025-12-01 01:00:00+00:00","close_date":"2025-12-01 01:00:00+00:00","open_rate":0.1963,"close_rate":0.1992,"fee_open":0.0005,"fee_close":0.0005,"trade_duration":0,"profit_ratio":-0.03157717422134399,"profit_abs":-6.294628,"exit_reason":"stop_loss","initial_stop_loss_abs":0.1992,"initial_stop_loss_ratio":-0.03,"stop_loss_abs":0.1992,"stop_loss_ratio":-0.03,"min_rate":0.1956,"max_rate":0.1992,"is_open":false,"enter_tag":"","leverage":2.0,"is_short":true,"open_timestamp":1764550800000,"close_timestamp":1764550800000,"orders":[{"amount":2032.0,"safe_price":0.1963,"ft_order_side":"sell","order_filled_timestamp":1764550800000,"ft_is_entry":true,"ft_order_tag":"","cost":399.0810408},{"amount":2032.0,"safe_price":0.1992,"ft_order_side":"buy","order_filled_timestamp":1764550800000,"ft_is_entry":false,"ft_order_tag":"stop_loss","cost":404.97678719999993}],"funding_fees":0.0,"weekday":0},{"pair":"ARB/USDT:USDT","stake_amount":199.4975,"max_stake_amount":199.4975,"amount":2005.0,"open_date":"2025-12-15 15:30:00+00:00","close_date":"2025-12-15 16:30:00+00:00","open_rate":0.199,"close_rate":0.1965,"fee_open":0.0005,"fee_close":0.0005,"trade_duration":60,"profit_ratio":0.02316747606751157,"profit_abs":4.61954263,"exit_reason":"trailing_stop_loss","initial_stop_loss_abs":0.2019,"initial_stop_loss_ratio":-0.03,"stop_loss_abs":0.1965,"stop_loss_ratio":-0.02,"min_rate":0.1946,"max_rate":0.2013,"is_open":false,"enter_tag":"","leverage":2.0,"is_short":true,"open_timestamp":1765812600000,"close_timestamp":1765816200000,"orders":[{"amount":2005.0,"safe_price":0.199,"ft_order_side":"sell","order_filled_timestamp":1765812600000,"ft_is_entry":true,"ft_order_tag":"","cost":399.19449749999995},{"amount":2005.0,"safe_price":0.1965,"ft_order_side":"buy","order_filled_timestamp":1765816200000,"ft_is_entry":false,"ft_order_tag":"trailing_stop_loss","cost":394.17949125}],"funding_fees":0.0035313765843400366,"weekday":0},{"pair":"ARB/USDT:USDT","stake_amount":199.449,"max_stake_amount":199.449,"amount":2241.0,"open_date":"2025-12-18 17:30:00+00:00","close_date":"2025-12-18 18:00:00+00:00","open_rate":0.178,"close_rate":0.1806,"fee_open":0.0005,"fee_close":0.0005,"trade_duration":30,"profit_ratio":-0.031243711743512207,"profit_abs":-6.2284113,"exit_reason":"stop_loss","initial_stop_loss_abs":0.1806,"initial_stop_loss_ratio":-0.03,"stop_loss_abs":0.1806,"stop_loss_ratio":-0.03,"min_rate":0.1768,"max_rate":0.1812,"is_open":false,"enter_tag":"","leverage":2.0,"is_short":true,"open_timestamp":1766079000000,"close_timestamp":1766080800000,"orders":[{"amount":2241.0,"safe_price":0.178,"ft_order_side":"sell","order_filled_timestamp":1766079000000,"ft_is_entry":true,"ft_order_tag":"","cost":399.0974489999999},{"amount":2241.0,"safe_price":0.1806,"ft_order_side":"buy","order_filled_timestamp":1766080800000,"ft_is_entry":false,"ft_order_tag":"stop_loss","cost":404.9269623}],"funding_fees":0.0,"weekday":3},{"pair":"ARB/USDT:USDT","stake_amount":199.4069,"max_stake_amount":199.4069,"amount":1786.0,"open_date":"2026-01-13 22:30:00+00:00","close_date":"2026-01-14 13:30:00+00:00","open_rate":0.2233,"close_rate":0.22,"fee_open":0.0005,"fee_close":0.0005,"trade_duration":900,"profit_ratio":-0.0319232233413074,"profit_abs":-6.36889386,"exit_reason":"stop_loss","initial_stop_loss_abs":0.22,"initial_stop_loss_ratio":-0.03,"stop_loss_abs":0.22,"stop_loss_ratio":-0.03,"min_rate":0.2187,"max_rate":0.2249,"is_open":false,"enter_tag":"","leverage":2.0,"is_short":false,"open_timestamp":1768343400000,"close_timestamp":1768397400000,"orders":[{"amount":1786.0,"safe_price":0.2233,"ft_order_side":"buy","order_filled_timestamp":1768343400000,"ft_is_entry":true,"ft_order_tag":"","cost":399.0132069},{"amount":1786.0,"safe_price":0.22,"ft_order_side":"sell","order_filled_timestamp":1768397400000,"ft_is_entry":false,"ft_order_tag":"stop_loss","cost":393.11646}],"funding_fees":-0.07922696000000001,"weekday":2},{"pair":"ARB/USDT:USDT","stake_amount":199.44485,"max_stake_amount":199.44485,"amount":2827.0,"open_date":"2026-01-31 14:30:00+00:00","close_date":"2026-01-31 14:30:00+00:00","open_rate":0.1411,"close_rate":0.138278,"fee_open":0.0005,"fee_close":0.0005,"trade_duration":0,"profit_ratio":0.03803901952480416,"profit_abs":7.5828932,"exit_reason":"trailing_stop_loss","initial_stop_loss_abs":0.1432,"initial_stop_loss_ratio":-0.03,"stop_loss_abs":0.1395,"stop_loss_ratio":-0.02,"min_rate":0.1382,"max_rate":0.1417,"is_open":false,"enter_tag":"","leverage":2.0,"is_short":true,"open_timestamp":1769869800000,"close_timestamp":1769869800000,"orders":[{"amount":2827.0,"safe_price":0.1411,"ft_order_side":"sell","order_filled_timestamp":1769869800000,"ft_is_entry":true,"ft_order_tag":"","cost":399.08914484999997},{"amount":2827.0,"safe_price":0.138278,"ft_order_side":"buy","order_filled_timestamp":1769869800000,"ft_is_entry":false,"ft_order_tag":"trailing_stop_loss","cost":391.107361953}],"funding_fees":0.0,"weekday":5}],"locks":[],"best_pair":{"key":"ARB/USDT:USDT","trades":6,"profit_mean":0.0007502342959743701,"profit_mean_pct":0.08,"profit_total_abs":0.8952531399999994,"profit_total":0.0008952531399999995,"profit_total_pct":0.09,"duration_avg":"2:45:00","wins":3,"draws":0,"losses":3,"winrate":0.5,"cagr":0.0035956931552365567,"expectancy":0.14920885666666672,"expectancy_ratio":0.023694058527994555,"sortino":3.275417097753393,"sharpe":0.028818717120140364,"calmar":1.3268925574846597,"sqn":0.0512,"profit_factor":1.047388117055989,"max_drawdown_account":0.01416495289685808,"max_drawdown_abs":14.272390530000001},"worst_pair":{"key":"ARB/USDT:USDT","trades":6,"profit_mean":0.0007502342959743701,"profit_mean_pct":0.08,"profit_total_abs":0.8952531399999994,"profit_total":0.0008952531399999995,"profit_total_pct":0.09,"duration_avg":"2:45:00","wins":3,"draws":0,"losses":3,"winrate":0.5,"cagr":0.0035956931552365567,"expectancy":0.14920885666666672,"expectancy_ratio":0.023694058527994555,"sortino":3.275417097753393,"sharpe":0.028818717120140364,"calmar":1.3268925574846597,"sqn":0.0512,"profit_factor":1.047388117055989,"max_drawdown_account":0.01416495289685808,"max_drawdown_abs":14.272390530000001},"results_per_pair":[{"key":"ARB/USDT:USDT","trades":6,"profit_mean":0.0007502342959743701,"profit_mean_pct":0.08,"profit_total_abs":0.8952531399999994,"profit_total":0.0008952531399999995,"profit_total_pct":0.09,"duration_avg":"2:45:00","wins":3,"draws":0,"losses":3,"winrate":0.5,"cagr":0.0035956931552365567,"expectancy":0.14920885666666672,"expectancy_ratio":0.023694058527994555,"sortino":3.275417097753393,"sharpe":0.028818717120140364,"calmar":1.3268925574846597,"sqn":0.0512,"profit_factor":1.047388117055989,"max_drawdown_account":0.01416495289685808,"max_drawdown_abs":14.272390530000001},{"key":"TOTAL","trades":6,"profit_mean":0.0007502342959743701,"profit_mean_pct":0.08,"profit_total_abs":0.8952531399999994,"profit_total":0.0008952531399999995,"profit_total_pct":0.09,"duration_avg":"2:45:00","wins":3,"draws":0,"losses":3,"winrate":0.5,"cagr":0.0035956931552365567,"expectancy":0.14920885666666672,"expectancy_ratio":0.023694058527994555,"sortino":3.275417097753393,"sharpe":0.028818717120140364,"calmar":1.3268925574846597,"sqn":0.0512,"profit_factor":1.047388117055989,"max_drawdown_account":0.01416495289685808,"max_drawdown_abs":14.272390530000001}],"results_per_enter_tag":[{"key":"","trades":6,"profit_mean":0.0007502342959743701,"profit_mean_pct":0.08,"profit_total_abs":0.8952531399999994,"profit_total":0.0008952531399999995,"profit_total_pct":0.09,"duration_avg":"2:45:00","wins":3,"draws":0,"losses":3,"winrate":0.5,"cagr":0.0035956931552365567,"expectancy":0.14920885666666672,"expectancy_ratio":0.023694058527994555,"sortino":3.275417097753393,"sharpe":0.028818717120140364,"calmar":1.3268925574846597,"sqn":0.0512,"profit_factor":1.047388117055989,"max_drawdown_account":0.01416495289685808,"max_drawdown_abs":14.272390530000001},{"key":"TOTAL","trades":6,"profit_mean":0.0007502342959743701,"profit_mean_pct":0.08,"profit_total_abs":0.8952531399999994,"profit_total":0.0008952531399999995,"profit_total_pct":0.09,"duration_avg":"2:45:00","wins":3,"draws":0,"losses":3,"winrate":0.5,"cagr":0.0035956931552365567,"expectancy":0.14920885666666672,"expectancy_ratio":0.023694058527994555,"sortino":3.275417097753393,"sharpe":0.028818717120140364,"calmar":1.3268925574846597,"sqn":0.0512,"profit_factor":1.047388117055989,"max_drawdown_account":0.01416495289685808,"max_drawdown_abs":14.272390530000001}],"exit_reason_summary":[{"key":"trailing_stop_loss","trades":3,"profit_mean":0.03308183836066994,"profit_mean_pct":3.31,"profit_total_abs":19.787186300000002,"profit_total":0.019787186300000002,"profit_total_pct":1.98,"duration_avg":"0:20:00","wins":3,"draws":0,"losses":0,"winrate":1.0,"cagr":0.08176198234187404,"expectancy":6.595728766666667,"expectancy_ratio":100.0,"sortino":-100,"sharpe":2.9728717099630333,"calmar":-100,"sqn":6.6752,"profit_factor":0.0,"max_drawdown_account":0.0,"max_drawdown_abs":0.0},{"key":"stop_loss","trades":3,"profit_mean":-0.0315813697687212,"profit_mean_pct":-3.16,"profit_total_abs":-18.89193316,"profit_total":-0.01889193316,"profit_total_pct":-1.89,"duration_avg":"5:10:00","wins":0,"draws":0,"losses":3,"winrate":0.0,"cagr":-0.07364731929746893,"expectancy":-6.297311053333334,"expectancy_ratio":-1.0,"sortino":-69.11895431260731,"sharpe":-69.11895431260731,"calmar":-20.994476015981085,"sqn":-155.1979,"profit_factor":0.0,"max_drawdown_account":0.01889193316000001,"max_drawdown_abs":18.89193316},{"key":"TOTAL","trades":6,"profit_mean":0.0007502342959743701,"profit_mean_pct":0.08,"profit_total_abs":0.8952531399999994,"profit_total":0.0008952531399999995,"profit_total_pct":0.09,"duration_avg":"2:45:00","wins":3,"draws":0,"losses":3,"winrate":0.5,"cagr":0.0035956931552365567,"expectancy":0.14920885666666672,"expectancy_ratio":0.023694058527994555,"sortino":3.275417097753393,"sharpe":0.028818717120140364,"calmar":1.3268925574846597,"sqn":0.0512,"profit_factor":1.047388117055989,"max_drawdown_account":0.01416495289685808,"max_drawdown_abs":14.272390530000001}],"mix_tag_stats":[{"key":["","trailing_stop_loss"],"trades":3,"profit_mean":0.03308183836066994,"profit_mean_pct":3.31,"profit_total_abs":19.787186300000002,"profit_total":0.019787186300000002,"profit_total_pct":1.98,"duration_avg":"0:20:00","wins":3,"draws":0,"losses":0,"winrate":1.0,"cagr":0.08176198234187404,"expectancy":6.595728766666667,"expectancy_ratio":100.0,"sortino":-100,"sharpe":2.9728717099630333,"calmar":-100,"sqn":6.6752,"profit_factor":0.0,"max_drawdown_account":0.0,"max_drawdown_abs":0.0},{"key":["","stop_loss"],"trades":3,"profit_mean":-0.0315813697687212,"profit_mean_pct":-3.16,"profit_total_abs":-18.89193316,"profit_total":-0.01889193316,"profit_total_pct":-1.89,"duration_avg":"5:10:00","wins":0,"draws":0,"losses":3,"winrate":0.0,"cagr":-0.07364731929746893,"expectancy":-6.297311053333334,"expectancy_ratio":-1.0,"sortino":-69.11895431260731,"sharpe":-69.11895431260731,"calmar":-20.994476015981085,"sqn":-155.1979,"profit_factor":0.0,"max_drawdown_account":0.01889193316000001,"max_drawdown_abs":18.89193316},{"key":"TOTAL","trades":6,"profit_mean":0.0007502342959743701,"profit_mean_pct":0.08,"profit_total_abs":0.8952531399999994,"profit_total":0.0008952531399999995,"profit_total_pct":0.09,"duration_avg":"2:45:00","wins":3,"draws":0,"losses":3,"winrate":0.5,"cagr":0.0035956931552365567,"expectancy":0.14920885666666672,"expectancy_ratio":0.023694058527994555,"sortino":3.275417097753393,"sharpe":0.028818717120140364,"calmar":1.3268925574846597,"sqn":0.0512,"profit_factor":1.047388117055989,"max_drawdown_account":0.01416495289685808,"max_drawdown_abs":14.272390530000001}],"left_open_trades":[{"key":"TOTAL","trades":0,"profit_mean":0.0,"profit_mean_pct":0.0,"profit_total_abs":0.0,"profit_total":0.0,"profit_total_pct":0.0,"duration_avg":"0:00","wins":0,"draws":0,"losses":0,"winrate":0.0,"cagr":0.0,"expectancy":0.0,"expectancy_ratio":100.0,"sortino":0,"sharpe":0,"calmar":0,"sqn":0.0,"profit_factor":0.0,"max_drawdown_account":0.0,"max_drawdown_abs":0.0}],"total_trades":6,"trade_count_long":1,"trade_count_short":5,"total_volume":4774.172451279,"avg_stake_amount":199.45545833333335,"profit_mean":0.0007502342959743701,"profit_median":-0.004038117838000319,"profit_total":0.0008952531399999995,"profit_total_long":-0.00636889386,"profit_total_short":0.0072641469999999994,"profit_total_abs":0.8952531399999994,"profit_total_long_abs":-6.36889386,"profit_total_short_abs":7.2641469999999995,"cagr":0.0035956931552365567,"expectancy":0.14920885666666672,"expectancy_ratio":0.023694058527994555,"sortino":3.275417097753393,"sharpe":0.028818717120140364,"calmar":1.3268925574846597,"sqn":0.0512,"profit_factor":1.047388117055989,"backtest_start":"2025-11-24 00:00:00","backtest_start_ts":1763942400000,"backtest_end":"2026-02-23 00:00:00","backtest_end_ts":1771804800000,"backtest_days":91,"backtest_run_start_ts":1771821868,"backtest_run_end_ts":1771821869,"trades_per_day":0.07,"market_change":-0.5284431137724551,"pairlist":["ARB/USDT:USDT"],"stake_amount":150,"stake_currency":"USDT","stake_currency_decimals":3,"starting_balance":1000,"dry_run_wallet":1000,"final_balance":1000.89525314,"rejected_signals":0,"timedout_entry_orders":0,"timedout_exit_orders":0,"canceled_trade_entries":0,"canceled_entry_orders":0,"replaced_entry_orders":0,"max_open_trades":1,"max_open_trades_setting":2,"timeframe":"30m","timeframe_detail":"","timerange":"20250101-20260223","enable_protections":false,"strategy_name":"MultiPairFuturesStrategy","freqaimodel":null,"freqai_identifier":null,"stoploss":-0.03,"trailing_stop":true,"trailing_stop_positive":0.02,"trailing_stop_positive_offset":0.03,"trailing_only_offset_is_reached":true,"use_custom_stoploss":false,"minimal_roi":{},"use_exit_signal":true,"exit_profit_only":false,"exit_profit_offset":0.0,"ignore_roi_if_entry_signal":false,"trading_mode":"futures","margin_mode":"isolated","periodic_breakdown":{"day":[{"date":"01/12/2025","date_ts":1764547200000,"profit_abs":1.29012247,"wins":1,"draws":0,"losses":1,"trades":2,"profit_factor":1.20495611},{"date":"02/12/2025","date_ts":1764633600000,"profit_abs":0.0,"wins":0,"draws":0,"losses":0,"trades":0,"profit_factor":0.0},{"date":"03/12/2025","date_ts":1764720000000,"profit_abs":0.0,"wins":0,"draws":0,"losses":0,"trades":0,"profit_factor":0.0},{"date":"04/12/2025","date_ts":1764806400000,"profit_abs":0.0,"wins":0,"draws":0,"losses":0,"trades":0,"profit_factor":0.0},{"date":"05/12/2025","date_ts":1764892800000,"profit_abs":0.0,"wins":0,"draws":0,"losses":0,"trades":0,"profit_factor":0.0},{"date":"06/12/2025","date_ts":1764979200000,"profit_abs":0.0,"wins":0,"draws":0,"losses":0,"trades":0,"profit_factor":0.0},{"date":"07/12/2025","date_ts":1765065600000,"profit_abs":0.0,"wins":0,"draws":0,"losses":0,"trades":0,"profit_factor":0.0},{"date":"08/12/2025","date_ts":1765152000000,"profit_abs":0.0,"wins":0,"draws":0,"losses":0,"trades":0,"profit_factor":0.0},{"date":"09/12/2025","date_ts":1765238400000,"profit_abs":0.0,"wins":0,"draws":0,"losses":0,"trades":0,"profit_factor":0.0},{"date":"10/12/2025","date_ts":1765324800000,"profit_abs":0.0,"wins":0,"draws":0,"losses":0,"trades":0,"profit_factor":0.0},{"date":"11/12/2025","date_ts":1765411200000,"profit_abs":0.0,"wins":0,"draws":0,"losses":0,"trades":0,"profit_factor":0.0},{"date":"12/12/2025","date_ts":1765497600000,"profit_abs":0.0,"wins":0,"draws":0,"losses":0,"trades":0,"profit_factor":0.0},{"date":"13/12/2025","date_ts":1765584000000,"profit_abs":0.0,"wins":0,"draws":0,"losses":0,"trades":0,"profit_factor":0.0},{"date":"14/12/2025","date_ts":1765670400000,"profit_abs":0.0,"wins":0,"draws":0,"losses":0,"trades":0,"profit_factor":0.0},{"date":"15/12/2025","date_ts":1765756800000,"profit_abs":4.61954263,"wins":1,"draws":0,"losses":0,"trades":1,"profit_factor":0.0},{"date":"16/12/2025","date_ts":1765843200000,"profit_abs":0.0,"wins":0,"draws":0,"losses":0,"trades":0,"profit_factor":0.0},{"date":"17/12/2025","date_ts":1765929600000,"profit_abs":0.0,"wins":0,"draws":0,"losses":0,"trades":0,"profit_factor":0.0},{"date":"18/12/2025","date_ts":1766016000000,"profit_abs":-6.2284113,"wins":0,"draws":0,"losses":1,"trades":1,"profit_factor":0.0},{"date":"19/12/2025","date_ts":1766102400000,"profit_abs":0.0,"wins":0,"draws":0,"losses":0,"trades":0,"profit_factor":0.0},{"date":"20/12/2025","date_ts":1766188800000,"profit_abs":0.0,"wins":0,"draws":0,"losses":0,"trades":0,"profit_factor":0.0},{"date":"21/12/2025","date_ts":1766275200000,"profit_abs":0.0,"wins":0,"draws":0,"losses":0,"trades":0,"profit_factor":0.0},{"date":"22/12/2025","date_ts":1766361600000,"profit_abs":0.0,"wins":0,"draws":0,"losses":0,"trades":0,"profit_factor":0.0},{"date":"23/12/2025","date_ts":1766448000000,"profit_abs":0.0,"wins":0,"draws":0,"losses":0,"trades":0,"profit_factor":0.0},{"date":"24/12/2025","date_ts":1766534400000,"profit_abs":0.0,"wins":0,"draws":0,"losses":0,"trades":0,"profit_factor":0.0},{"date":"25/12/2025","date_ts":1766620800000,"profit_abs":0.0,"wins":0,"draws":0,"losses":0,"trades":0,"profit_factor":0.0},{"date":"26/12/2025","date_ts":1766707200000,"profit_abs":0.0,"wins":0,"draws":0,"losses":0,"trades":0,"profit_factor":0.0},{"date":"27/12/2025","date_ts":1766793600000,"profit_abs":0.0,"wins":0,"draws":0,"losses":0,"trades":0,"profit_factor":0.0},{"date":"28/12/2025","date_ts":1766880000000,"profit_abs":0.0,"wins":0,"draws":0,"losses":0,"trades":0,"profit_factor":0.0},{"date":"29/12/2025","date_ts":1766966400000,"profit_abs":0.0,"wins":0,"draws":0,"losses":0,"trades":0,"profit_factor":0.0},{"date":"30/12/2025","date_ts":1767052800000,"profit_abs":0.0,"wins":0,"draws":0,"losses":0,"trades":0,"profit_factor":0.0},{"date":"31/12/2025","date_ts":1767139200000,"profit_abs":0.0,"wins":0,"draws":0,"losses":0,"trades":0,"profit_factor":0.0},{"date":"01/01/2026","date_ts":1767225600000,"profit_abs":0.0,"wins":0,"draws":0,"losses":0,"trades":0,"profit_factor":0.0},{"date":"02/01/2026","date_ts":1767312000000,"profit_abs":0.0,"wins":0,"draws":0,"losses":0,"trades":0,"profit_factor":0.0},{"date":"03/01/2026","date_ts":1767398400000,"profit_abs":0.0,"wins":0,"draws":0,"losses":0,"trades":0,"profit_factor":0.0},{"date":"04/01/2026","date_ts":1767484800000,"profit_abs":0.0,"wins":0,"draws":0,"losses":0,"trades":0,"profit_factor":0.0},{"date":"05/01/2026","date_ts":1767571200000,"profit_abs":0.0,"wins":0,"draws":0,"losses":0,"trades":0,"profit_factor":0.0},{"date":"06/01/2026","date_ts":1767657600000,"profit_abs":0.0,"wins":0,"draws":0,"losses":0,"trades":0,"profit_factor":0.0},{"date":"07/01/2026","date_ts":1767744000000,"profit_abs":0.0,"wins":0,"draws":0,"losses":0,"trades":0,"profit_factor":0.0},{"date":"08/01/2026","date_ts":1767830400000,"profit_abs":0.0,"wins":0,"draws":0,"losses":0,"trades":0,"profit_factor":0.0},{"date":"09/01/2026","date_ts":1767916800000,"profit_abs":0.0,"wins":0,"draws":0,"losses":0,"trades":0,"profit_factor":0.0},{"date":"10/01/2026","date_ts":1768003200000,"profit_abs":0.0,"wins":0,"draws":0,"losses":0,"trades":0,"profit_factor":0.0},{"date":"11/01/2026","date_ts":1768089600000,"profit_abs":0.0,"wins":0,"draws":0,"losses":0,"trades":0,"profit_factor":0.0},{"date":"12/01/2026","date_ts":1768176000000,"profit_abs":0.0,"wins":0,"draws":0,"losses":0,"trades":0,"profit_factor":0.0},{"date":"13/01/2026","date_ts":1768262400000,"profit_abs":0.0,"wins":0,"draws":0,"losses":0,"trades":0,"profit_factor":0.0},{"date":"14/01/2026","date_ts":1768348800000,"profit_abs":-6.36889386,"wins":0,"draws":0,"losses":1,"trades":1,"profit_factor":0.0},{"date":"15/01/2026","date_ts":1768435200000,"profit_abs":0.0,"wins":0,"draws":0,"losses":0,"trades":0,"profit_factor":0.0},{"date":"16/01/2026","date_ts":1768521600000,"profit_abs":0.0,"wins":0,"draws":0,"losses":0,"trades":0,"profit_factor":0.0},{"date":"17/01/2026","date_ts":1768608000000,"profit_abs":0.0,"wins":0,"draws":0,"losses":0,"trades":0,"profit_factor":0.0},{"date":"18/01/2026","date_ts":1768694400000,"profit_abs":0.0,"wins":0,"draws":0,"losses":0,"trades":0,"profit_factor":0.0},{"date":"19/01/2026","date_ts":1768780800000,"profit_abs":0.0,"wins":0,"draws":0,"losses":0,"trades":0,"profit_factor":0.0},{"date":"20/01/2026","date_ts":1768867200000,"profit_abs":0.0,"wins":0,"draws":0,"losses":0,"trades":0,"profit_factor":0.0},{"date":"21/01/2026","date_ts":1768953600000,"profit_abs":0.0,"wins":0,"draws":0,"losses":0,"trades":0,"profit_factor":0.0},{"date":"22/01/2026","date_ts":1769040000000,"profit_abs":0.0,"wins":0,"draws":0,"losses":0,"trades":0,"profit_factor":0.0},{"date":"23/01/2026","date_ts":1769126400000,"profit_abs":0.0,"wins":0,"draws":0,"losses":0,"trades":0,"profit_factor":0.0},{"date":"24/01/2026","date_ts":1769212800000,"profit_abs":0.0,"wins":0,"draws":0,"losses":0,"trades":0,"profit_factor":0.0},{"date":"25/01/2026","date_ts":1769299200000,"profit_abs":0.0,"wins":0,"draws":0,"losses":0,"trades":0,"profit_factor":0.0},{"date":"26/01/2026","date_ts":1769385600000,"profit_abs":0.0,"wins":0,"draws":0,"losses":0,"trades":0,"profit_factor":0.0},{"date":"27/01/2026","date_ts":1769472000000,"profit_abs":0.0,"wins":0,"draws":0,"losses":0,"trades":0,"profit_factor":0.0},{"date":"28/01/2026","date_ts":1769558400000,"profit_abs":0.0,"wins":0,"draws":0,"losses":0,"trades":0,"profit_factor":0.0},{"date":"29/01/2026","date_ts":1769644800000,"profit_abs":0.0,"wins":0,"draws":0,"losses":0,"trades":0,"profit_factor":0.0},{"date":"30/01/2026","date_ts":1769731200000,"profit_abs":0.0,"wins":0,"draws":0,"losses":0,"trades":0,"profit_factor":0.0},{"date":"31/01/2026","date_ts":1769817600000,"profit_abs":7.5828932,"wins":1,"draws":0,"losses":0,"trades":1,"profit_factor":0.0}],"week":[{"date":"01/12/2025","date_ts":1764547200000,"profit_abs":1.29012247,"wins":1,"draws":0,"losses":1,"trades":2,"profit_factor":1.20495611},{"date":"08/12/2025","date_ts":1765152000000,"profit_abs":0.0,"wins":0,"draws":0,"losses":0,"trades":0,"profit_factor":0.0},{"date":"15/12/2025","date_ts":1765756800000,"profit_abs":4.61954263,"wins":1,"draws":0,"losses":0,"trades":1,"profit_factor":0.0},{"date":"22/12/2025","date_ts":1766361600000,"profit_abs":-6.2284113,"wins":0,"draws":0,"losses":1,"trades":1,"profit_factor":0.0},{"date":"29/12/2025","date_ts":1766966400000,"profit_abs":0.0,"wins":0,"draws":0,"losses":0,"trades":0,"profit_factor":0.0},{"date":"05/01/2026","date_ts":1767571200000,"profit_abs":0.0,"wins":0,"draws":0,"losses":0,"trades":0,"profit_factor":0.0},{"date":"12/01/2026","date_ts":1768176000000,"profit_abs":0.0,"wins":0,"draws":0,"losses":0,"trades":0,"profit_factor":0.0},{"date":"19/01/2026","date_ts":1768780800000,"profit_abs":-6.36889386,"wins":0,"draws":0,"losses":1,"trades":1,"profit_factor":0.0},{"date":"26/01/2026","date_ts":1769385600000,"profit_abs":0.0,"wins":0,"draws":0,"losses":0,"trades":0,"profit_factor":0.0},{"date":"02/02/2026","date_ts":1769990400000,"profit_abs":7.5828932,"wins":1,"draws":0,"losses":0,"trades":1,"profit_factor":0.0}],"month":[{"date":"31/12/2025","date_ts":1767139200000,"profit_abs":-0.3187462,"wins":2,"draws":0,"losses":2,"trades":4,"profit_factor":0.97454722},{"date":"31/01/2026","date_ts":1769817600000,"profit_abs":1.21399934,"wins":1,"draws":0,"losses":1,"trades":2,"profit_factor":1.19061384}],"year":[{"date":"31/12/2025","date_ts":1767139200000,"profit_abs":-0.3187462,"wins":2,"draws":0,"losses":2,"trades":4,"profit_factor":0.97454722},{"date":"31/12/2026","date_ts":1798675200000,"profit_abs":1.21399934,"wins":1,"draws":0,"losses":1,"trades":2,"profit_factor":1.19061384}],"weekday":[{"date":"Monday","date_ts":0,"profit_abs":5.9096651,"wins":2,"draws":0,"losses":1,"trades":3,"profit_factor":1.93884263},{"date":"Wednesday","date_ts":2,"profit_abs":-6.36889386,"wins":0,"draws":0,"losses":1,"trades":1,"profit_factor":0.0},{"date":"Thursday","date_ts":3,"profit_abs":-6.2284113,"wins":0,"draws":0,"losses":1,"trades":1,"profit_factor":0.0},{"date":"Saturday","date_ts":5,"profit_abs":7.5828932,"wins":1,"draws":0,"losses":0,"trades":1,"profit_factor":0.0}]},"backtest_best_day":0.03803901952480416,"backtest_worst_day":-0.0319232233413074,"backtest_best_day_abs":7.5828932,"backtest_worst_day_abs":-6.36889386,"winning_days":3,"draw_days":57,"losing_days":2,"daily_profit":[["2025-12-01",1.29012247],["2025-12-02",0.0],["2025-12-03",0.0],["2025-12-04",0.0],["2025-12-05",0.0],["2025-12-06",0.0],["2025-12-07",0.0],["2025-12-08",0.0],["2025-12-09",0.0],["2025-12-10",0.0],["2025-12-11",0.0],["2025-12-12",0.0],["2025-12-13",0.0],["2025-12-14",0.0],["2025-12-15",4.61954263],["2025-12-16",0.0],["2025-12-17",0.0],["2025-12-18",-6.2284113],["2025-12-19",0.0],["2025-12-20",0.0],["2025-12-21",0.0],["2025-12-22",0.0],["2025-12-23",0.0],["2025-12-24",0.0],["2025-12-25",0.0],["2025-12-26",0.0],["2025-12-27",0.0],["2025-12-28",0.0],["2025-12-29",0.0],["2025-12-30",0.0],["2025-12-31",0.0],["2026-01-01",0.0],["2026-01-02",0.0],["2026-01-03",0.0],["2026-01-04",0.0],["2026-01-05",0.0],["2026-01-06",0.0],["2026-01-07",0.0],["2026-01-08",0.0],["2026-01-09",0.0],["2026-01-10",0.0],["2026-01-11",0.0],["2026-01-12",0.0],["2026-01-13",0.0],["2026-01-14",-6.36889386],["2026-01-15",0.0],["2026-01-16",0.0],["2026-01-17",0.0],["2026-01-18",0.0],["2026-01-19",0.0],["2026-01-20",0.0],["2026-01-21",0.0],["2026-01-22",0.0],["2026-01-23",0.0],["2026-01-24",0.0],["2026-01-25",0.0],["2026-01-26",0.0],["2026-01-27",0.0],["2026-01-28",0.0],["2026-01-29",0.0],["2026-01-30",0.0],["2026-01-31",7.5828932]],"wins":3,"losses":3,"draws":0,"winrate":0.5,"holding_avg":"2:45:00","holding_avg_s":9900.0,"winner_holding_min":"0d 00:00","winner_holding_min_s":0.0,"winner_holding_max":"0d 01:00","winner_holding_max_s":3600.0,"winner_holding_avg":"0d 00:20","winner_holding_avg_s":1200.0,"loser_holding_min":"0d 00:00","loser_holding_min_s":0.0,"loser_holding_max":"0d 15:00","loser_holding_max_s":54000.0,"loser_holding_avg":"0d 05:10","loser_holding_avg_s":18600.0,"max_consecutive_wins":1,"max_consecutive_losses":2,"max_drawdown_account":0.01416495289685808,"max_relative_drawdown":0.01416495289685808,"max_drawdown_abs":14.272390530000001,"drawdown_start":"2025-12-01 00:30:00","drawdown_start_ts":1764549000000.0,"drawdown_end":"2026-01-14 13:30:00","drawdown_end_ts":1768397400000.0,"drawdown_duration":"44 days 13:00:00","drawdown_duration_s":3848400.0,"max_drawdown_low":-6.6876400600000006,"max_drawdown_high":7.58475047,"csum_min":993.31235994,"csum_max":1007.58475047}},"strategy_comparison":[{"key":"MultiPairFuturesStrategy","trades":6,"profit_mean":0.0007502342959743701,"profit_mean_pct":0.08,"profit_total_abs":0.8952531399999994,"profit_total":0.0008952531399999995,"profit_total_pct":0.09,"duration_avg":"2:45:00","wins":3,"draws":0,"losses":3,"winrate":0.5,"cagr":0.0035956931552365567,"expectancy":0.14920885666666672,"expectancy_ratio":0.023694058527994555,"sortino":3.275417097753393,"sharpe":0.028818717120140364,"calmar":1.3268925574846597,"sqn":0.0512,"profit_factor":1.047388117055989,"max_drawdown_account":0.01416495289685808,"max_drawdown_abs":"14.272"}]}