{"strategy":{"SupertrendStrategy_Advanced":{"trades":[{"pair":"DOGE/USDT:USDT","stake_amount":399.5352,"max_stake_amount":399.5352,"amount":3180.0,"open_date":"2026-01-27 22:30:00+00:00","close_date":"2026-01-29 14:45:00+00:00","open_rate":0.12564,"close_rate":0.11936,"fee_open":0.0005,"fee_close":0.0005,"trade_duration":2415,"profit_ratio":-0.05123193065384456,"profit_abs":-20.47919414,"exit_reason":"stop_loss","initial_stop_loss_abs":0.11936,"initial_stop_loss_ratio":-0.05,"stop_loss_abs":0.11936,"stop_loss_ratio":-0.05,"min_rate":0.11856,"max_rate":0.12766,"is_open":false,"enter_tag":"","leverage":1.0,"is_short":false,"open_timestamp":1769553000000,"close_timestamp":1769697900000,"orders":[{"amount":3180.0,"safe_price":0.12564,"ft_order_side":"buy","order_filled_timestamp":1769553000000,"ft_is_entry":true,"ft_order_tag":"","cost":399.7349676},{"amount":3180.0,"safe_price":0.11936,"ft_order_side":"sell","order_filled_timestamp":1769697900000,"ft_is_entry":false,"ft_order_tag":"stop_loss","cost":379.75458239999995}],"funding_fees":-0.11924414067647014,"weekday":3},{"pair":"DOGE/USDT:USDT","stake_amount":399.7368,"max_stake_amount":399.7368,"amount":3540.0,"open_date":"2026-02-15 01:15:00+00:00","close_date":"2026-02-15 04:00:00+00:00","open_rate":0.11292,"close_rate":0.11642227113556779,"fee_open":0.0005,"fee_close":0.0005,"trade_duration":165,"profit_ratio":0.029985007496251874,"profit_abs":11.992104,"exit_reason":"roi","initial_stop_loss_abs":0.10728,"initial_stop_loss_ratio":-0.05,"stop_loss_abs":0.11519,"stop_loss_ratio":-0.02,"min_rate":0.11126,"max_rate":0.11754,"is_open":false,"enter_tag":"","leverage":1.0,"is_short":false,"open_timestamp":1771118100000,"close_timestamp":1771128000000,"orders":[{"amount":3540.0,"safe_price":0.11292,"ft_order_side":"buy","order_filled_timestamp":1771118100000,"ft_is_entry":true,"ft_order_tag":"","cost":399.9366684},{"amount":3540.0,"safe_price":0.11642227113556779,"ft_order_side":"sell","order_filled_timestamp":1771128000000,"ft_is_entry":false,"ft_order_tag":"roi","cost":412.3409072398199}],"funding_fees":0.0,"weekday":6},{"pair":"DOGE/USDT:USDT","stake_amount":399.3956,"max_stake_amount":399.3956,"amount":3490.0,"open_date":"2026-02-15 04:30:00+00:00","close_date":"2026-02-15 12:45:00+00:00","open_rate":0.11444,"close_rate":0.10872,"fee_open":0.0005,"fee_close":0.0005,"trade_duration":495,"profit_ratio":-0.05096620721546438,"profit_abs":-20.36585675,"exit_reason":"stop_loss","initial_stop_loss_abs":0.10872,"initial_stop_loss_ratio":-0.05,"stop_loss_abs":0.10872,"stop_loss_ratio":-0.05,"min_rate":0.10856,"max_rate":0.1168,"is_open":false,"enter_tag":"","leverage":1.0,"is_short":false,"open_timestamp":1771129800000,"close_timestamp":1771159500000,"orders":[{"amount":3490.0,"safe_price":0.11444,"ft_order_side":"buy","order_filled_timestamp":1771129800000,"ft_is_entry":true,"ft_order_tag":"","cost":399.59529779999997},{"amount":3490.0,"safe_price":0.10872,"ft_order_side":"sell","order_filled_timestamp":1771159500000,"ft_is_entry":false,"ft_order_tag":"stop_loss","cost":379.62251639999994}],"funding_fees":-0.013642548780905378,"weekday":6}],"locks":[],"best_pair":{"key":"BTC/USDT:USDT","trades":0,"profit_mean":0.0,"profit_mean_pct":0.0,"profit_total_abs":0.0,"profit_total":0.0,"profit_total_pct":0.0,"duration_avg":"0:00","wins":0,"draws":0,"losses":0,"winrate":0.0,"cagr":0.0,"expectancy":0.0,"expectancy_ratio":100.0,"sortino":0,"sharpe":0,"calmar":0,"sqn":0.0,"profit_factor":0.0,"max_drawdown_account":0.0,"max_drawdown_abs":0.0},"worst_pair":{"key":"DOGE/USDT:USDT","trades":3,"profit_mean":-0.02407104345768569,"profit_mean_pct":-2.41,"profit_total_abs":-28.85294689,"profit_total":-0.028852946889999998,"profit_total_pct":-2.89,"duration_avg":"17:05:00","wins":1,"draws":0,"losses":2,"winrate":0.3333333333333333,"cagr":-0.317267071834193,"expectancy":-9.617648963333332,"expectancy_ratio":-0.47093338134084695,"sortino":-347.40444080907804,"sharpe":-1.288373495324286,"calmar":-68.23204705193857,"sqn":-0.8901,"profit_factor":0.2935999279887297,"max_drawdown_account":0.028852946889999998,"max_drawdown_abs":28.85294689},"results_per_pair":[{"key":"BTC/USDT:USDT","trades":0,"profit_mean":0.0,"profit_mean_pct":0.0,"profit_total_abs":0.0,"profit_total":0.0,"profit_total_pct":0.0,"duration_avg":"0:00","wins":0,"draws":0,"losses":0,"winrate":0.0,"cagr":0.0,"expectancy":0.0,"expectancy_ratio":100.0,"sortino":0,"sharpe":0,"calmar":0,"sqn":0.0,"profit_factor":0.0,"max_drawdown_account":0.0,"max_drawdown_abs":0.0},{"key":"ETH/USDT:USDT","trades":0,"profit_mean":0.0,"profit_mean_pct":0.0,"profit_total_abs":0.0,"profit_total":0.0,"profit_total_pct":0.0,"duration_avg":"0:00","wins":0,"draws":0,"losses":0,"winrate":0.0,"cagr":0.0,"expectancy":0.0,"expectancy_ratio":100.0,"sortino":0,"sharpe":0,"calmar":0,"sqn":0.0,"profit_factor":0.0,"max_drawdown_account":0.0,"max_drawdown_abs":0.0},{"key":"SOL/USDT:USDT","trades":0,"profit_mean":0.0,"profit_mean_pct":0.0,"profit_total_abs":0.0,"profit_total":0.0,"profit_total_pct":0.0,"duration_avg":"0:00","wins":0,"draws":0,"losses":0,"winrate":0.0,"cagr":0.0,"expectancy":0.0,"expectancy_ratio":100.0,"sortino":0,"sharpe":0,"calmar":0,"sqn":0.0,"profit_factor":0.0,"max_drawdown_account":0.0,"max_drawdown_abs":0.0},{"key":"DOGE/USDT:USDT","trades":3,"profit_mean":-0.02407104345768569,"profit_mean_pct":-2.41,"profit_total_abs":-28.85294689,"profit_total":-0.028852946889999998,"profit_total_pct":-2.89,"duration_avg":"17:05:00","wins":1,"draws":0,"losses":2,"winrate":0.3333333333333333,"cagr":-0.317267071834193,"expectancy":-9.617648963333332,"expectancy_ratio":-0.47093338134084695,"sortino":-347.40444080907804,"sharpe":-1.288373495324286,"calmar":-68.23204705193857,"sqn":-0.8901,"profit_factor":0.2935999279887297,"max_drawdown_account":0.028852946889999998,"max_drawdown_abs":28.85294689},{"key":"TOTAL","trades":3,"profit_mean":-0.02407104345768569,"profit_mean_pct":-2.41,"profit_total_abs":-28.85294689,"profit_total":-0.028852946889999998,"profit_total_pct":-2.89,"duration_avg":"17:05:00","wins":1,"draws":0,"losses":2,"winrate":0.3333333333333333,"cagr":-0.317267071834193,"expectancy":-9.617648963333332,"expectancy_ratio":-0.47093338134084695,"sortino":-347.40444080907804,"sharpe":-1.288373495324286,"calmar":-68.23204705193857,"sqn":-0.8901,"profit_factor":0.2935999279887297,"max_drawdown_account":0.028852946889999998,"max_drawdown_abs":28.85294689}],"results_per_enter_tag":[{"key":"","trades":3,"profit_mean":-0.02407104345768569,"profit_mean_pct":-2.41,"profit_total_abs":-28.85294689,"profit_total":-0.028852946889999998,"profit_total_pct":-2.89,"duration_avg":"17:05:00","wins":1,"draws":0,"losses":2,"winrate":0.3333333333333333,"cagr":-0.317267071834193,"expectancy":-9.617648963333332,"expectancy_ratio":-0.47093338134084695,"sortino":-347.40444080907804,"sharpe":-1.288373495324286,"calmar":-68.23204705193857,"sqn":-0.8901,"profit_factor":0.2935999279887297,"max_drawdown_account":0.028852946889999998,"max_drawdown_abs":28.85294689},{"key":"TOTAL","trades":3,"profit_mean":-0.02407104345768569,"profit_mean_pct":-2.41,"profit_total_abs":-28.85294689,"profit_total":-0.028852946889999998,"profit_total_pct":-2.89,"duration_avg":"17:05:00","wins":1,"draws":0,"losses":2,"winrate":0.3333333333333333,"cagr":-0.317267071834193,"expectancy":-9.617648963333332,"expectancy_ratio":-0.47093338134084695,"sortino":-347.40444080907804,"sharpe":-1.288373495324286,"calmar":-68.23204705193857,"sqn":-0.8901,"profit_factor":0.2935999279887297,"max_drawdown_account":0.028852946889999998,"max_drawdown_abs":28.85294689}],"exit_reason_summary":[{"key":"roi","trades":1,"profit_mean":0.029985007496251874,"profit_mean_pct":3.0,"profit_total_abs":11.992104,"profit_total":0.011992104,"profit_total_pct":1.2,"duration_avg":"2:45:00","wins":1,"draws":0,"losses":0,"winrate":1.0,"cagr":0.1681201318795289,"expectancy":11.992104,"expectancy_ratio":100.0,"sortino":-100,"sharpe":-100,"calmar":-100,"sqn":-100.0,"profit_factor":0.0,"max_drawdown_account":0.0,"max_drawdown_abs":0.0},{"key":"stop_loss","trades":2,"profit_mean":-0.05109906893465447,"profit_mean_pct":-5.11,"profit_total_abs":-40.845050889999996,"profit_total":-0.04084505089,"profit_total_pct":-4.08,"duration_avg":"1 day, 0:15:00","wins":0,"draws":0,"losses":2,"winrate":0.0,"cagr":-0.4193596576477646,"expectancy":-20.422525444999998,"expectancy_ratio":-1.0,"sortino":-491.79559087521625,"sharpe":-491.79559087521625,"calmar":-68.23204705193851,"sqn":-360.3846,"profit_factor":0.0,"max_drawdown_account":0.04084505089000004,"max_drawdown_abs":40.845050889999996},{"key":"TOTAL","trades":3,"profit_mean":-0.02407104345768569,"profit_mean_pct":-2.41,"profit_total_abs":-28.85294689,"profit_total":-0.028852946889999998,"profit_total_pct":-2.89,"duration_avg":"17:05:00","wins":1,"draws":0,"losses":2,"winrate":0.3333333333333333,"cagr":-0.317267071834193,"expectancy":-9.617648963333332,"expectancy_ratio":-0.47093338134084695,"sortino":-347.40444080907804,"sharpe":-1.288373495324286,"calmar":-68.23204705193857,"sqn":-0.8901,"profit_factor":0.2935999279887297,"max_drawdown_account":0.028852946889999998,"max_drawdown_abs":28.85294689}],"mix_tag_stats":[{"key":["","roi"],"trades":1,"profit_mean":0.029985007496251874,"profit_mean_pct":3.0,"profit_total_abs":11.992104,"profit_total":0.011992104,"profit_total_pct":1.2,"duration_avg":"2:45:00","wins":1,"draws":0,"losses":0,"winrate":1.0,"cagr":0.1681201318795289,"expectancy":11.992104,"expectancy_ratio":100.0,"sortino":-100,"sharpe":-100,"calmar":-100,"sqn":-100.0,"profit_factor":0.0,"max_drawdown_account":0.0,"max_drawdown_abs":0.0},{"key":["","stop_loss"],"trades":2,"profit_mean":-0.05109906893465447,"profit_mean_pct":-5.11,"profit_total_abs":-40.845050889999996,"profit_total":-0.04084505089,"profit_total_pct":-4.08,"duration_avg":"1 day, 0:15:00","wins":0,"draws":0,"losses":2,"winrate":0.0,"cagr":-0.4193596576477646,"expectancy":-20.422525444999998,"expectancy_ratio":-1.0,"sortino":-491.79559087521625,"sharpe":-491.79559087521625,"calmar":-68.23204705193851,"sqn":-360.3846,"profit_factor":0.0,"max_drawdown_account":0.04084505089000004,"max_drawdown_abs":40.845050889999996},{"key":"TOTAL","trades":3,"profit_mean":-0.02407104345768569,"profit_mean_pct":-2.41,"profit_total_abs":-28.85294689,"profit_total":-0.028852946889999998,"profit_total_pct":-2.89,"duration_avg":"17:05:00","wins":1,"draws":0,"losses":2,"winrate":0.3333333333333333,"cagr":-0.317267071834193,"expectancy":-9.617648963333332,"expectancy_ratio":-0.47093338134084695,"sortino":-347.40444080907804,"sharpe":-1.288373495324286,"calmar":-68.23204705193857,"sqn":-0.8901,"profit_factor":0.2935999279887297,"max_drawdown_account":0.028852946889999998,"max_drawdown_abs":28.85294689}],"left_open_trades":[{"key":"TOTAL","trades":0,"profit_mean":0.0,"profit_mean_pct":0.0,"profit_total_abs":0.0,"profit_total":0.0,"profit_total_pct":0.0,"duration_avg":"0:00","wins":0,"draws":0,"losses":0,"winrate":0.0,"cagr":0.0,"expectancy":0.0,"expectancy_ratio":100.0,"sortino":0,"sharpe":0,"calmar":0,"sqn":0.0,"profit_factor":0.0,"max_drawdown_account":0.0,"max_drawdown_abs":0.0}],"total_trades":3,"trade_count_long":3,"trade_count_short":0,"total_volume":2370.9849398398196,"avg_stake_amount":399.55586666666665,"profit_mean":-0.02407104345768569,"profit_median":-0.05096620721546438,"profit_total":-0.028852946889999998,"profit_total_long":-0.028852946889999998,"profit_total_short":0.0,"profit_total_abs":-28.85294689,"profit_total_long_abs":-28.85294689,"profit_total_short_abs":0.0,"cagr":-0.317267071834193,"expectancy":-9.617648963333332,"expectancy_ratio":-0.47093338134084695,"sortino":-347.40444080907804,"sharpe":-1.288373495324286,"calmar":-68.23204705193857,"sqn":-0.8901,"profit_factor":0.2935999279887297,"backtest_start":"2026-01-22 14:30:00","backtest_start_ts":1769092200000,"backtest_end":"2026-02-20 01:45:00","backtest_end_ts":1771551900000,"backtest_days":28,"backtest_run_start_ts":1771642315,"backtest_run_end_ts":1771642315,"trades_per_day":0.11,"market_change":-0.2883302610195183,"pairlist":["BTC/USDT:USDT","ETH/USDT:USDT","SOL/USDT:USDT","DOGE/USDT:USDT"],"stake_amount":400,"stake_currency":"USDT","stake_currency_decimals":3,"starting_balance":1000,"dry_run_wallet":1000,"final_balance":971.14705311,"rejected_signals":0,"timedout_entry_orders":0,"timedout_exit_orders":0,"canceled_trade_entries":0,"canceled_entry_orders":0,"replaced_entry_orders":0,"max_open_trades":2,"max_open_trades_setting":2,"timeframe":"15m","timeframe_detail":"","timerange":"20251123-20260221","enable_protections":false,"strategy_name":"SupertrendStrategy_Advanced","freqaimodel":null,"freqai_identifier":null,"stoploss":-0.05,"trailing_stop":true,"trailing_stop_positive":0.02,"trailing_stop_positive_offset":0.03,"trailing_only_offset_is_reached":true,"use_custom_stoploss":false,"minimal_roi":{"240":0.02,"120":0.03,"60":0.05,"30":0.08,"0":0.12},"use_exit_signal":true,"exit_profit_only":false,"exit_profit_offset":0.0,"ignore_roi_if_entry_signal":false,"trading_mode":"futures","margin_mode":"isolated","periodic_breakdown":{"day":[{"date":"29/01/2026","date_ts":1769644800000,"profit_abs":-20.47919414,"wins":0,"draws":0,"losses":1,"trades":1,"profit_factor":0.0},{"date":"30/01/2026","date_ts":1769731200000,"profit_abs":0.0,"wins":0,"draws":0,"losses":0,"trades":0,"profit_factor":0.0},{"date":"31/01/2026","date_ts":1769817600000,"profit_abs":0.0,"wins":0,"draws":0,"losses":0,"trades":0,"profit_factor":0.0},{"date":"01/02/2026","date_ts":1769904000000,"profit_abs":0.0,"wins":0,"draws":0,"losses":0,"trades":0,"profit_factor":0.0},{"date":"02/02/2026","date_ts":1769990400000,"profit_abs":0.0,"wins":0,"draws":0,"losses":0,"trades":0,"profit_factor":0.0},{"date":"03/02/2026","date_ts":1770076800000,"profit_abs":0.0,"wins":0,"draws":0,"losses":0,"trades":0,"profit_factor":0.0},{"date":"04/02/2026","date_ts":1770163200000,"profit_abs":0.0,"wins":0,"draws":0,"losses":0,"trades":0,"profit_factor":0.0},{"date":"05/02/2026","date_ts":1770249600000,"profit_abs":0.0,"wins":0,"draws":0,"losses":0,"trades":0,"profit_factor":0.0},{"date":"06/02/2026","date_ts":1770336000000,"profit_abs":0.0,"wins":0,"draws":0,"losses":0,"trades":0,"profit_factor":0.0},{"date":"07/02/2026","date_ts":1770422400000,"profit_abs":0.0,"wins":0,"draws":0,"losses":0,"trades":0,"profit_factor":0.0},{"date":"08/02/2026","date_ts":1770508800000,"profit_abs":0.0,"wins":0,"draws":0,"losses":0,"trades":0,"profit_factor":0.0},{"date":"09/02/2026","date_ts":1770595200000,"profit_abs":0.0,"wins":0,"draws":0,"losses":0,"trades":0,"profit_factor":0.0},{"date":"10/02/2026","date_ts":1770681600000,"profit_abs":0.0,"wins":0,"draws":0,"losses":0,"trades":0,"profit_factor":0.0},{"date":"11/02/2026","date_ts":1770768000000,"profit_abs":0.0,"wins":0,"draws":0,"losses":0,"trades":0,"profit_factor":0.0},{"date":"12/02/2026","date_ts":1770854400000,"profit_abs":0.0,"wins":0,"draws":0,"losses":0,"trades":0,"profit_factor":0.0},{"date":"13/02/2026","date_ts":1770940800000,"profit_abs":0.0,"wins":0,"draws":0,"losses":0,"trades":0,"profit_factor":0.0},{"date":"14/02/2026","date_ts":1771027200000,"profit_abs":0.0,"wins":0,"draws":0,"losses":0,"trades":0,"profit_factor":0.0},{"date":"15/02/2026","date_ts":1771113600000,"profit_abs":-8.37375275,"wins":1,"draws":0,"losses":1,"trades":2,"profit_factor":0.58883376}],"week":[{"date":"02/02/2026","date_ts":1769990400000,"profit_abs":-20.47919414,"wins":0,"draws":0,"losses":1,"trades":1,"profit_factor":0.0},{"date":"09/02/2026","date_ts":1770595200000,"profit_abs":0.0,"wins":0,"draws":0,"losses":0,"trades":0,"profit_factor":0.0},{"date":"16/02/2026","date_ts":1771200000000,"profit_abs":-8.37375275,"wins":1,"draws":0,"losses":1,"trades":2,"profit_factor":0.58883376}],"month":[{"date":"31/01/2026","date_ts":1769817600000,"profit_abs":-20.47919414,"wins":0,"draws":0,"losses":1,"trades":1,"profit_factor":0.0},{"date":"28/02/2026","date_ts":1772236800000,"profit_abs":-8.37375275,"wins":1,"draws":0,"losses":1,"trades":2,"profit_factor":0.58883376}],"year":[{"date":"31/12/2026","date_ts":1798675200000,"profit_abs":-28.85294689,"wins":1,"draws":0,"losses":2,"trades":3,"profit_factor":0.29359993}],"weekday":[{"date":"Thursday","date_ts":3,"profit_abs":-20.47919414,"wins":0,"draws":0,"losses":1,"trades":1,"profit_factor":0.0},{"date":"Sunday","date_ts":6,"profit_abs":-8.37375275,"wins":1,"draws":0,"losses":1,"trades":2,"profit_factor":0.58883376}]},"backtest_best_day":0.0,"backtest_worst_day":-0.05123193065384456,"backtest_best_day_abs":0.0,"backtest_worst_day_abs":-20.47919414,"winning_days":0,"draw_days":16,"losing_days":2,"daily_profit":[["2026-01-29",-20.47919414],["2026-01-30",0.0],["2026-01-31",0.0],["2026-02-01",0.0],["2026-02-02",0.0],["2026-02-03",0.0],["2026-02-04",0.0],["2026-02-05",0.0],["2026-02-06",0.0],["2026-02-07",0.0],["2026-02-08",0.0],["2026-02-09",0.0],["2026-02-10",0.0],["2026-02-11",0.0],["2026-02-12",0.0],["2026-02-13",0.0],["2026-02-14",0.0],["2026-02-15",-8.37375275]],"wins":1,"losses":2,"draws":0,"winrate":0.3333333333333333,"holding_avg":"17:05:00","holding_avg_s":61500.0,"winner_holding_min":"0d 02:45","winner_holding_min_s":9900.0,"winner_holding_max":"0d 02:45","winner_holding_max_s":9900.0,"winner_holding_avg":"0d 02:45","winner_holding_avg_s":9900.0,"loser_holding_min":"0d 08:15","loser_holding_min_s":29700.0,"loser_holding_max":"1d 16:15","loser_holding_max_s":144900.0,"loser_holding_avg":"1d 00:15","loser_holding_avg_s":87300.0,"max_consecutive_wins":1,"max_consecutive_losses":1,"max_drawdown_account":0.028852946889999998,"max_relative_drawdown":0.028852946889999998,"max_drawdown_abs":28.85294689,"drawdown_start":"2026-01-29 14:45:00","drawdown_start_ts":1769697900000.0,"drawdown_end":"2026-02-15 12:45:00","drawdown_end_ts":1771159500000.0,"drawdown_duration":"16 days 22:00:00","drawdown_duration_s":1461600.0,"max_drawdown_low":-28.85294689,"max_drawdown_high":0.0,"csum_min":971.14705311,"csum_max":991.51290986}},"strategy_comparison":[{"key":"SupertrendStrategy_Advanced","trades":3,"profit_mean":-0.02407104345768569,"profit_mean_pct":-2.41,"profit_total_abs":-28.85294689,"profit_total":-0.028852946889999998,"profit_total_pct":-2.89,"duration_avg":"17:05:00","wins":1,"draws":0,"losses":2,"winrate":0.3333333333333333,"cagr":-0.317267071834193,"expectancy":-9.617648963333332,"expectancy_ratio":-0.47093338134084695,"sortino":-347.40444080907804,"sharpe":-1.288373495324286,"calmar":-68.23204705193857,"sqn":-0.8901,"profit_factor":0.2935999279887297,"max_drawdown_account":0.028852946889999998,"max_drawdown_abs":"28.853"}]}