{"strategy":{"SupertrendStrategyV2":{"trades":[{"pair":"DOGE/USDT","stake_amount":329.99999989,"max_stake_amount":329.99999989,"amount":2629.691608,"open_date":"2026-01-21 14:45:00+00:00","close_date":"2026-01-21 16:45:00+00:00","open_rate":0.12549,"close_rate":0.1213,"fee_open":0.0015,"fee_close":0.0015,"trade_duration":120,"profit_ratio":-0.03628460410618278,"profit_abs":-11.99188023,"exit_reason":"exit_signal","initial_stop_loss_abs":0.11797,"initial_stop_loss_ratio":-0.06,"stop_loss_abs":0.11797,"stop_loss_ratio":-0.06,"min_rate":0.12039,"max_rate":0.12663,"is_open":false,"enter_tag":"","leverage":1.0,"is_short":false,"open_timestamp":1769006700000,"close_timestamp":1769013900000,"orders":[{"amount":2629.691608,"safe_price":0.12549,"ft_order_side":"buy","order_filled_timestamp":1769006700000,"ft_is_entry":true,"ft_order_tag":"","cost":330.49499988775193},{"amount":2629.691608,"safe_price":0.1213,"ft_order_side":"sell","order_filled_timestamp":1769013900000,"ft_is_entry":false,"ft_order_tag":"exit_signal","cost":319.4600644384756}],"funding_fees":0.0,"weekday":2},{"pair":"SOL/USDT","stake_amount":326.04263056,"max_stake_amount":326.04263056,"amount":2.611684,"open_date":"2026-01-27 17:15:00+00:00","close_date":"2026-01-29 14:45:00+00:00","open_rate":124.84,"close_rate":121.27,"fee_open":0.0015,"fee_close":0.0015,"trade_duration":2730,"profit_ratio":-0.03150644906176482,"profit_abs":-10.2878542,"exit_reason":"exit_signal","initial_stop_loss_abs":117.3496,"initial_stop_loss_ratio":-0.06,"stop_loss_abs":117.3496,"stop_loss_ratio":-0.06,"min_rate":120.37,"max_rate":128.33,"is_open":false,"enter_tag":"","leverage":1.0,"is_short":false,"open_timestamp":1769534100000,"close_timestamp":1769697900000,"orders":[{"amount":2.611684,"safe_price":124.84,"ft_order_side":"buy","order_filled_timestamp":1769534100000,"ft_is_entry":true,"ft_order_tag":"","cost":326.53169450584005},{"amount":2.611684,"safe_price":121.27,"ft_order_side":"sell","order_filled_timestamp":1769697900000,"ft_is_entry":false,"ft_order_tag":"exit_signal","cost":317.19399705802005}],"funding_fees":0.0,"weekday":3},{"pair":"DOGE/USDT","stake_amount":326.04267945,"max_stake_amount":326.04267945,"amount":2608.758837,"open_date":"2026-01-27 17:00:00+00:00","close_date":"2026-01-29 15:00:00+00:00","open_rate":0.12498,"close_rate":0.11877,"fee_open":0.0015,"fee_close":0.0015,"trade_duration":2760,"profit_ratio":-0.05253461623007849,"profit_abs":-17.15421983,"exit_reason":"exit_signal","initial_stop_loss_abs":0.11749,"initial_stop_loss_ratio":-0.06,"stop_loss_abs":0.11749,"stop_loss_ratio":-0.06,"min_rate":0.11577,"max_rate":0.1277,"is_open":false,"enter_tag":"","leverage":1.0,"is_short":false,"open_timestamp":1769533200000,"close_timestamp":1769698800000,"orders":[{"amount":2608.758837,"safe_price":0.12498,"ft_order_side":"buy","order_filled_timestamp":1769533200000,"ft_is_entry":true,"ft_order_tag":"","cost":326.53174346743236},{"amount":2608.758837,"safe_price":0.11877,"ft_order_side":"sell","order_filled_timestamp":1769698800000,"ft_is_entry":false,"ft_order_tag":"exit_signal","cost":310.3070505010957}],"funding_fees":0.0,"weekday":3},{"pair":"ETH/USDT","stake_amount":326.04227675,"max_stake_amount":326.04227675,"amount":0.110155,"open_date":"2026-01-27 17:15:00+00:00","close_date":"2026-01-29 15:00:00+00:00","open_rate":2959.85,"close_rate":2876.6,"fee_open":0.0015,"fee_close":0.0015,"trade_duration":2745,"profit_ratio":-0.031037679154701975,"profit_abs":-10.13477497,"exit_reason":"exit_signal","initial_stop_loss_abs":2782.2589999999996,"initial_stop_loss_ratio":-0.06,"stop_loss_abs":2782.2589999999996,"stop_loss_ratio":-0.06,"min_rate":2812.54,"max_rate":3046.0,"is_open":false,"enter_tag":"","leverage":1.0,"is_short":false,"open_timestamp":1769534100000,"close_timestamp":1769698800000,"orders":[{"amount":0.110155,"safe_price":2959.85,"ft_order_side":"buy","order_filled_timestamp":1769534100000,"ft_is_entry":true,"ft_order_tag":"","cost":326.531340165125},{"amount":0.110155,"safe_price":2876.6,"ft_order_side":"sell","order_filled_timestamp":1769698800000,"ft_is_entry":false,"ft_order_tag":"exit_signal","cost":317.3471808095}],"funding_fees":0.0,"weekday":3},{"pair":"DOGE/USDT","stake_amount":313.64231932,"max_stake_amount":313.64231932,"amount":3408.044326,"open_date":"2026-02-11 14:15:00+00:00","close_date":"2026-02-14 14:30:00+00:00","open_rate":0.09203,"close_rate":0.10152332999499249,"fee_open":0.0015,"fee_close":0.0015,"trade_duration":4335,"profit_ratio":0.09985022465607167,"profit_abs":31.36423193,"exit_reason":"roi","initial_stop_loss_abs":0.08651,"initial_stop_loss_ratio":-0.06,"stop_loss_abs":0.09888,"stop_loss_ratio":-0.03,"min_rate":0.08788,"max_rate":0.10193,"is_open":false,"enter_tag":"","leverage":1.0,"is_short":false,"open_timestamp":1770819300000,"close_timestamp":1771079400000,"orders":[{"amount":3408.044326,"safe_price":0.09203,"ft_order_side":"buy","order_filled_timestamp":1770819300000,"ft_is_entry":true,"ft_order_tag":"","cost":314.1127828007627},{"amount":3408.044326,"safe_price":0.10152332999499249,"ft_order_side":"sell","order_filled_timestamp":1771079400000,"ft_is_entry":false,"ft_order_tag":"roi","cost":346.51500275917886}],"funding_fees":0.0,"weekday":5},{"pair":"DOGE/USDT","stake_amount":323.9925158,"max_stake_amount":323.9925158,"amount":3144.337304,"open_date":"2026-02-14 16:30:00+00:00","close_date":"2026-02-14 23:15:00+00:00","open_rate":0.10304,"close_rate":0.11022,"fee_open":0.0015,"fee_close":0.0015,"trade_duration":405,"profit_ratio":0.06647743833774865,"profit_abs":21.57049978,"exit_reason":"trailing_stop_loss","initial_stop_loss_abs":0.09686,"initial_stop_loss_ratio":-0.06,"stop_loss_abs":0.11022,"stop_loss_ratio":-0.03,"min_rate":0.10247,"max_rate":0.11362,"is_open":false,"enter_tag":"","leverage":1.0,"is_short":false,"open_timestamp":1771086600000,"close_timestamp":1771110900000,"orders":[{"amount":3144.337304,"safe_price":0.10304,"ft_order_side":"buy","order_filled_timestamp":1771086600000,"ft_is_entry":true,"ft_order_tag":"","cost":324.47850457786626},{"amount":3144.337304,"safe_price":0.11022,"ft_order_side":"sell","order_filled_timestamp":1771110900000,"ft_is_entry":false,"ft_order_tag":"trailing_stop_loss","cost":347.08871093335034}],"funding_fees":0.0,"weekday":5},{"pair":"ETH/USDT","stake_amount":313.64088278,"max_stake_amount":313.64088278,"amount":0.157798,"open_date":"2026-02-11 14:30:00+00:00","close_date":"2026-02-15 03:30:00+00:00","open_rate":1987.61,"close_rate":2044.7114999999997,"fee_open":0.0015,"fee_close":0.0015,"trade_duration":5100,"profit_ratio":0.025647160604706894,"profit_abs":8.05606409,"exit_reason":"trailing_stop_loss","initial_stop_loss_abs":1868.3533999999997,"initial_stop_loss_ratio":-0.06,"stop_loss_abs":2044.7114999999997,"stop_loss_ratio":-0.03,"min_rate":1896.4,"max_rate":2107.95,"is_open":false,"enter_tag":"","leverage":1.0,"is_short":false,"open_timestamp":1770820200000,"close_timestamp":1771126200000,"orders":[{"amount":0.157798,"safe_price":1987.61,"ft_order_side":"buy","order_filled_timestamp":1770820200000,"ft_is_entry":true,"ft_order_tag":"","cost":314.11134410417},{"amount":0.157798,"safe_price":2044.7114999999997,"ft_order_side":"sell","order_filled_timestamp":1771126200000,"ft_is_entry":false,"ft_order_tag":"trailing_stop_loss","cost":323.13536235491546}],"funding_fees":0.0,"weekday":6},{"pair":"DOGE/USDT","stake_amount":331.11078072,"max_stake_amount":331.11078072,"amount":2991.334183,"open_date":"2026-02-14 23:30:00+00:00","close_date":"2026-02-15 04:15:00+00:00","open_rate":0.11069,"close_rate":0.11406,"fee_open":0.0015,"fee_close":0.0015,"trade_duration":285,"profit_ratio":0.0273586819148911,"profit_abs":9.07234266,"exit_reason":"trailing_stop_loss","initial_stop_loss_abs":0.10405,"initial_stop_loss_ratio":-0.06,"stop_loss_abs":0.11406,"stop_loss_ratio":-0.03,"min_rate":0.11049,"max_rate":0.11758,"is_open":false,"enter_tag":"","leverage":1.0,"is_short":false,"open_timestamp":1771111800000,"close_timestamp":1771128900000,"orders":[{"amount":2991.334183,"safe_price":0.11069,"ft_order_side":"buy","order_filled_timestamp":1771111800000,"ft_is_entry":true,"ft_order_tag":"","cost":331.6074468873444},{"amount":2991.334183,"safe_price":0.11406,"ft_order_side":"sell","order_filled_timestamp":1771128900000,"ft_is_entry":false,"ft_order_tag":"trailing_stop_loss","cost":341.7033642783495}],"funding_fees":0.0,"weekday":6},{"pair":"BTC/USDT","stake_amount":313.64195199,"max_stake_amount":313.64195199,"amount":0.00461209,"open_date":"2026-02-11 14:30:00+00:00","close_date":"2026-02-15 13:00:00+00:00","open_rate":68004.3,"close_rate":69311.9,"fee_open":0.0015,"fee_close":0.0015,"trade_duration":5670,"profit_ratio":0.016175090918883923,"profit_abs":5.08079687,"exit_reason":"exit_signal","initial_stop_loss_abs":63924.042,"initial_stop_loss_ratio":-0.06,"stop_loss_abs":68840.124,"stop_loss_ratio":-0.03,"min_rate":65120.1,"max_rate":70969.2,"is_open":false,"enter_tag":"","leverage":1.0,"is_short":false,"open_timestamp":1770820200000,"close_timestamp":1771160400000,"orders":[{"amount":0.00461209,"safe_price":68004.3,"ft_order_side":"buy","order_filled_timestamp":1770820200000,"ft_is_entry":true,"ft_order_tag":"","cost":314.11241491498055},{"amount":0.00461209,"safe_price":69311.9,"ft_order_side":"sell","order_filled_timestamp":1771160400000,"ft_is_entry":false,"ft_order_tag":"exit_signal","cost":320.15222995230647}],"funding_fees":0.0,"weekday":6},{"pair":"DOGE/USDT","stake_amount":336.76315503,"max_stake_amount":336.76315503,"amount":2941.162926,"open_date":"2026-02-15 04:30:00+00:00","close_date":"2026-02-15 13:45:00+00:00","open_rate":0.1145,"close_rate":0.10763,"fee_open":0.0015,"fee_close":0.0015,"trade_duration":555,"profit_ratio":-0.06281577632734725,"profit_abs":-21.18577008,"exit_reason":"stop_loss","initial_stop_loss_abs":0.10763,"initial_stop_loss_ratio":-0.06,"stop_loss_abs":0.10763,"stop_loss_ratio":-0.06,"min_rate":0.10717,"max_rate":0.1169,"is_open":false,"enter_tag":"","leverage":1.0,"is_short":false,"open_timestamp":1771129800000,"close_timestamp":1771163100000,"orders":[{"amount":2941.162926,"safe_price":0.1145,"ft_order_side":"buy","order_filled_timestamp":1771129800000,"ft_is_entry":true,"ft_order_tag":"","cost":337.2682997595405},{"amount":2941.162926,"safe_price":0.10763,"ft_order_side":"sell","order_filled_timestamp":1771163100000,"ft_is_entry":false,"ft_order_tag":"stop_loss","cost":317.0322017739681}],"funding_fees":0.0,"weekday":6},{"pair":"DOGE/USDT","stake_amount":331.44851385,"max_stake_amount":331.44851385,"amount":3251.726811,"open_date":"2026-02-17 16:30:00+00:00","close_date":"2026-02-19 05:30:00+00:00","open_rate":0.10193,"close_rate":0.09725,"fee_open":0.0015,"fee_close":0.0015,"trade_duration":2220,"profit_ratio":-0.04877183389561103,"profit_abs":-16.18959989,"exit_reason":"exit_signal","initial_stop_loss_abs":0.09582,"initial_stop_loss_ratio":-0.06,"stop_loss_abs":0.09582,"stop_loss_ratio":-0.06,"min_rate":0.0968,"max_rate":0.10339,"is_open":false,"enter_tag":"","leverage":1.0,"is_short":false,"open_timestamp":1771345800000,"close_timestamp":1771479000000,"orders":[{"amount":3251.726811,"safe_price":0.10193,"ft_order_side":"buy","order_filled_timestamp":1771345800000,"ft_is_entry":true,"ft_order_tag":"","cost":331.9456866159979},{"amount":3251.726811,"safe_price":0.09725,"ft_order_side":"sell","order_filled_timestamp":1771479000000,"ft_is_entry":false,"ft_order_tag":"exit_signal","cost":316.70477801830464}],"funding_fees":0.0,"weekday":3}],"locks":[],"best_pair":{"key":"BTC/USDT","trades":1,"profit_mean":0.016175090918883923,"profit_mean_pct":1.62,"profit_total_abs":5.08079687,"profit_total":0.00508079687,"profit_total_pct":0.51,"duration_avg":"3 days, 22:30:00","wins":1,"draws":0,"losses":0,"winrate":1.0,"cagr":0.0614870751828589,"expectancy":5.08079687,"expectancy_ratio":100.0,"sortino":-100,"sharpe":-100,"calmar":-100,"sqn":-100.0,"profit_factor":0.0,"max_drawdown_account":0.0,"max_drawdown_abs":0.0},"worst_pair":{"key":"SOL/USDT","trades":1,"profit_mean":-0.03150644906176482,"profit_mean_pct":-3.15,"profit_total_abs":-10.2878542,"profit_total":-0.0102878542,"profit_total_pct":-1.03,"duration_avg":"1 day, 21:30:00","wins":0,"draws":0,"losses":1,"winrate":0.0,"cagr":-0.11463791609876539,"expectancy":-10.2878542,"expectancy_ratio":-1.0,"sortino":-100,"sharpe":-100,"calmar":-61.628945724331786,"sqn":-100.0,"profit_factor":0.0,"max_drawdown_account":0.01028785419999997,"max_drawdown_abs":10.2878542},"results_per_pair":[{"key":"BTC/USDT","trades":1,"profit_mean":0.016175090918883923,"profit_mean_pct":1.62,"profit_total_abs":5.08079687,"profit_total":0.00508079687,"profit_total_pct":0.51,"duration_avg":"3 days, 22:30:00","wins":1,"draws":0,"losses":0,"winrate":1.0,"cagr":0.0614870751828589,"expectancy":5.08079687,"expectancy_ratio":100.0,"sortino":-100,"sharpe":-100,"calmar":-100,"sqn":-100.0,"profit_factor":0.0,"max_drawdown_account":0.0,"max_drawdown_abs":0.0},{"key":"ETH/USDT","trades":2,"profit_mean":-0.0026952592749975406,"profit_mean_pct":-0.27,"profit_total_abs":-2.078710880000001,"profit_total":-0.002078710880000001,"profit_total_pct":-0.21,"duration_avg":"2 days, 17:22:00","wins":1,"draws":0,"losses":1,"winrate":0.5,"cagr":-0.024202914040748258,"expectancy":-1.0393554400000005,"expectancy_ratio":-0.10255338111370027,"sortino":-100,"sharpe":-0.14084975363428637,"calmar":-12.640513517005903,"sqn":-0.1143,"profit_factor":0.7948932377725995,"max_drawdown_account":0.010134774969999967,"max_drawdown_abs":10.13477497},{"key":"DOGE/USDT","trades":7,"profit_mean":-0.0009600693786440188,"profit_mean_pct":-0.1,"profit_total_abs":-4.514395659999998,"profit_total":-0.004514395659999998,"profit_total_pct":-0.45,"duration_avg":"1 day, 1:26:00","wins":3,"draws":0,"losses":4,"winrate":0.42857142857142855,"cagr":-0.05187953141457313,"expectancy":-0.644913665714288,"expectancy_ratio":-0.03877927925666369,"sortino":-0.8511726323055644,"sharpe":-0.14225775178264813,"calmar":-7.688484198423981,"sqn":-0.0808,"profit_factor":0.9321362613008388,"max_drawdown_account":0.03618625439398422,"max_drawdown_abs":37.37536997},{"key":"SOL/USDT","trades":1,"profit_mean":-0.03150644906176482,"profit_mean_pct":-3.15,"profit_total_abs":-10.2878542,"profit_total":-0.0102878542,"profit_total_pct":-1.03,"duration_avg":"1 day, 21:30:00","wins":0,"draws":0,"losses":1,"winrate":0.0,"cagr":-0.11463791609876539,"expectancy":-10.2878542,"expectancy_ratio":-1.0,"sortino":-100,"sharpe":-100,"calmar":-61.628945724331786,"sqn":-100.0,"profit_factor":0.0,"max_drawdown_account":0.01028785419999997,"max_drawdown_abs":10.2878542},{"key":"TOTAL","trades":11,"profit_mean":-0.002494760213034919,"profit_mean_pct":-0.25,"profit_total_abs":-11.800163870000006,"profit_total":-0.011800163870000005,"profit_total_pct":-1.18,"duration_avg":"1 day, 16:48:00","wins":5,"draws":0,"losses":6,"winrate":0.45454545454545453,"cagr":-0.13043627773697153,"expectancy":-1.0727421700000006,"expectancy_ratio":-0.0740297855659422,"sortino":-1.8023153268834988,"sharpe":-0.4428079295169884,"calmar":-14.67117817985766,"sqn":-0.2066,"profit_factor":0.8642787264624394,"max_drawdown_account":0.04956872923000003,"max_drawdown_abs":49.568729229999995}],"results_per_enter_tag":[{"key":"","trades":11,"profit_mean":-0.002494760213034919,"profit_mean_pct":-0.25,"profit_total_abs":-11.800163870000006,"profit_total":-0.011800163870000005,"profit_total_pct":-1.18,"duration_avg":"1 day, 16:48:00","wins":5,"draws":0,"losses":6,"winrate":0.45454545454545453,"cagr":-0.13043627773697153,"expectancy":-1.0727421700000006,"expectancy_ratio":-0.0740297855659422,"sortino":-1.8023153268834988,"sharpe":-0.4428079295169884,"calmar":-14.67117817985766,"sqn":-0.2066,"profit_factor":0.8642787264624394,"max_drawdown_account":0.04956872923000003,"max_drawdown_abs":49.568729229999995},{"key":"TOTAL","trades":11,"profit_mean":-0.002494760213034919,"profit_mean_pct":-0.25,"profit_total_abs":-11.800163870000006,"profit_total":-0.011800163870000005,"profit_total_pct":-1.18,"duration_avg":"1 day, 16:48:00","wins":5,"draws":0,"losses":6,"winrate":0.45454545454545453,"cagr":-0.13043627773697153,"expectancy":-1.0727421700000006,"expectancy_ratio":-0.0740297855659422,"sortino":-1.8023153268834988,"sharpe":-0.4428079295169884,"calmar":-14.67117817985766,"sqn":-0.2066,"profit_factor":0.8642787264624394,"max_drawdown_account":0.04956872923000003,"max_drawdown_abs":49.568729229999995}],"exit_reason_summary":[{"key":"trailing_stop_loss","trades":3,"profit_mean":0.039827760285782214,"profit_mean_pct":3.98,"profit_total_abs":38.69890653,"profit_total":0.03869890653,"profit_total_pct":3.87,"duration_avg":"1 day, 8:10:00","wins":3,"draws":0,"losses":0,"winrate":1.0,"cagr":0.5636970550277363,"expectancy":12.899635510000001,"expectancy_ratio":100.0,"sortino":-100,"sharpe":3.881002962029565,"calmar":-100,"sqn":2.9686,"profit_factor":0.0,"max_drawdown_account":0.0,"max_drawdown_abs":0.0},{"key":"roi","trades":1,"profit_mean":0.09985022465607167,"profit_mean_pct":9.99,"profit_total_abs":31.36423193,"profit_total":0.03136423193,"profit_total_pct":3.14,"duration_avg":"3 days, 0:15:00","wins":1,"draws":0,"losses":0,"winrate":1.0,"cagr":0.4385211753408902,"expectancy":31.36423193,"expectancy_ratio":100.0,"sortino":-100,"sharpe":-100,"calmar":-100,"sqn":-100.0,"profit_factor":0.0,"max_drawdown_account":0.0,"max_drawdown_abs":0.0},{"key":"stop_loss","trades":1,"profit_mean":-0.06281577632734725,"profit_mean_pct":-6.28,"profit_total_abs":-21.18577008,"profit_total":-0.021185770080000003,"profit_total_pct":-2.12,"duration_avg":"9:15:00","wins":0,"draws":0,"losses":1,"winrate":0.0,"cagr":-0.22285289848975343,"expectancy":-21.18577008,"expectancy_ratio":-1.0,"sortino":-100,"sharpe":-100,"calmar":-61.62894572433163,"sqn":-100.0,"profit_factor":0.0,"max_drawdown_account":0.021185770079999996,"max_drawdown_abs":21.18577008},{"key":"exit_signal","trades":6,"profit_mean":-0.0306600152549092,"profit_mean_pct":-3.07,"profit_total_abs":-60.67753225,"profit_total":-0.06067753225,"profit_total_pct":-6.07,"duration_avg":"1 day, 21:08:00","wins":1,"draws":0,"losses":5,"winrate":0.16666666666666666,"cagr":-0.5214634232331762,"expectancy":-10.112922041666668,"expectancy_ratio":-0.7689460922290133,"sortino":-12.620515759266379,"sharpe":-5.113193394432646,"calmar":-61.62894572433159,"sqn":-3.092,"profit_factor":0.077264689325184,"max_drawdown_account":0.06067753225000001,"max_drawdown_abs":60.67753225},{"key":"TOTAL","trades":11,"profit_mean":-0.002494760213034919,"profit_mean_pct":-0.25,"profit_total_abs":-11.800163870000006,"profit_total":-0.011800163870000005,"profit_total_pct":-1.18,"duration_avg":"1 day, 16:48:00","wins":5,"draws":0,"losses":6,"winrate":0.45454545454545453,"cagr":-0.13043627773697153,"expectancy":-1.0727421700000006,"expectancy_ratio":-0.0740297855659422,"sortino":-1.8023153268834988,"sharpe":-0.4428079295169884,"calmar":-14.67117817985766,"sqn":-0.2066,"profit_factor":0.8642787264624394,"max_drawdown_account":0.04956872923000003,"max_drawdown_abs":49.568729229999995}],"mix_tag_stats":[{"key":["","trailing_stop_loss"],"trades":3,"profit_mean":0.039827760285782214,"profit_mean_pct":3.98,"profit_total_abs":38.69890653,"profit_total":0.03869890653,"profit_total_pct":3.87,"duration_avg":"1 day, 8:10:00","wins":3,"draws":0,"losses":0,"winrate":1.0,"cagr":0.5636970550277363,"expectancy":12.899635510000001,"expectancy_ratio":100.0,"sortino":-100,"sharpe":3.881002962029565,"calmar":-100,"sqn":2.9686,"profit_factor":0.0,"max_drawdown_account":0.0,"max_drawdown_abs":0.0},{"key":["","roi"],"trades":1,"profit_mean":0.09985022465607167,"profit_mean_pct":9.99,"profit_total_abs":31.36423193,"profit_total":0.03136423193,"profit_total_pct":3.14,"duration_avg":"3 days, 0:15:00","wins":1,"draws":0,"losses":0,"winrate":1.0,"cagr":0.4385211753408902,"expectancy":31.36423193,"expectancy_ratio":100.0,"sortino":-100,"sharpe":-100,"calmar":-100,"sqn":-100.0,"profit_factor":0.0,"max_drawdown_account":0.0,"max_drawdown_abs":0.0},{"key":["","stop_loss"],"trades":1,"profit_mean":-0.06281577632734725,"profit_mean_pct":-6.28,"profit_total_abs":-21.18577008,"profit_total":-0.021185770080000003,"profit_total_pct":-2.12,"duration_avg":"9:15:00","wins":0,"draws":0,"losses":1,"winrate":0.0,"cagr":-0.22285289848975343,"expectancy":-21.18577008,"expectancy_ratio":-1.0,"sortino":-100,"sharpe":-100,"calmar":-61.62894572433163,"sqn":-100.0,"profit_factor":0.0,"max_drawdown_account":0.021185770079999996,"max_drawdown_abs":21.18577008},{"key":["","exit_signal"],"trades":6,"profit_mean":-0.0306600152549092,"profit_mean_pct":-3.07,"profit_total_abs":-60.67753225,"profit_total":-0.06067753225,"profit_total_pct":-6.07,"duration_avg":"1 day, 21:08:00","wins":1,"draws":0,"losses":5,"winrate":0.16666666666666666,"cagr":-0.5214634232331762,"expectancy":-10.112922041666668,"expectancy_ratio":-0.7689460922290133,"sortino":-12.620515759266379,"sharpe":-5.113193394432646,"calmar":-61.62894572433159,"sqn":-3.092,"profit_factor":0.077264689325184,"max_drawdown_account":0.06067753225000001,"max_drawdown_abs":60.67753225},{"key":"TOTAL","trades":11,"profit_mean":-0.002494760213034919,"profit_mean_pct":-0.25,"profit_total_abs":-11.800163870000006,"profit_total":-0.011800163870000005,"profit_total_pct":-1.18,"duration_avg":"1 day, 16:48:00","wins":5,"draws":0,"losses":6,"winrate":0.45454545454545453,"cagr":-0.13043627773697153,"expectancy":-1.0727421700000006,"expectancy_ratio":-0.0740297855659422,"sortino":-1.8023153268834988,"sharpe":-0.4428079295169884,"calmar":-14.67117817985766,"sqn":-0.2066,"profit_factor":0.8642787264624394,"max_drawdown_account":0.04956872923000003,"max_drawdown_abs":49.568729229999995}],"left_open_trades":[{"key":"TOTAL","trades":0,"profit_mean":0.0,"profit_mean_pct":0.0,"profit_total_abs":0.0,"profit_total":0.0,"profit_total_pct":0.0,"duration_avg":"0:00","wins":0,"draws":0,"losses":0,"winrate":0.0,"cagr":0.0,"expectancy":0.0,"expectancy_ratio":100.0,"sortino":0,"sharpe":0,"calmar":0,"sqn":0.0,"profit_factor":0.0,"max_drawdown_account":0.0,"max_drawdown_abs":0.0}],"total_trades":11,"trade_count_long":11,"trade_count_short":0,"total_volume":7154.366200564276,"avg_stake_amount":324.7607005581818,"profit_mean":-0.002494760213034919,"profit_median":-0.031037679154701975,"profit_total":-0.011800163870000005,"profit_total_long":-0.011800163870000005,"profit_total_short":0.0,"profit_total_abs":-11.800163870000006,"profit_total_long_abs":-11.800163870000006,"profit_total_short_abs":0.0,"cagr":-0.13043627773697153,"expectancy":-1.0727421700000006,"expectancy_ratio":-0.0740297855659422,"sortino":-1.8023153268834988,"sharpe":-0.4428079295169884,"calmar":-14.67117817985766,"sqn":-0.2066,"profit_factor":0.8642787264624394,"backtest_start":"2026-01-20 00:00:00","backtest_start_ts":1768867200000,"backtest_end":"2026-02-20 00:00:00","backtest_end_ts":1771545600000,"backtest_days":31,"backtest_run_start_ts":1771553122,"backtest_run_end_ts":1771553123,"trades_per_day":0.35,"market_change":-0.3195652300127002,"pairlist":["BTC/USDT","ETH/USDT","SOL/USDT","DOGE/USDT"],"stake_amount":"unlimited","stake_currency":"USDT","stake_currency_decimals":3,"starting_balance":1000,"dry_run_wallet":1000,"final_balance":988.19983613,"rejected_signals":0,"timedout_entry_orders":0,"timedout_exit_orders":0,"canceled_trade_entries":0,"canceled_entry_orders":0,"replaced_entry_orders":0,"max_open_trades":3,"max_open_trades_setting":3,"timeframe":"15m","timeframe_detail":"","timerange":"20260120-20260220","enable_protections":false,"strategy_name":"SupertrendStrategyV2","freqaimodel":null,"freqai_identifier":null,"stoploss":-0.06,"trailing_stop":true,"trailing_stop_positive":0.03,"trailing_stop_positive_offset":0.04,"trailing_only_offset_is_reached":true,"use_custom_stoploss":false,"minimal_roi":{"0":0.1},"use_exit_signal":true,"exit_profit_only":false,"exit_profit_offset":0.0,"ignore_roi_if_entry_signal":false,"trading_mode":"spot","margin_mode":"","periodic_breakdown":{"day":[{"date":"21/01/2026","date_ts":1768953600000,"profit_abs":-11.99188023,"wins":0,"draws":0,"losses":1,"trades":1,"profit_factor":0.0},{"date":"22/01/2026","date_ts":1769040000000,"profit_abs":0.0,"wins":0,"draws":0,"losses":0,"trades":0,"profit_factor":0.0},{"date":"23/01/2026","date_ts":1769126400000,"profit_abs":0.0,"wins":0,"draws":0,"losses":0,"trades":0,"profit_factor":0.0},{"date":"24/01/2026","date_ts":1769212800000,"profit_abs":0.0,"wins":0,"draws":0,"losses":0,"trades":0,"profit_factor":0.0},{"date":"25/01/2026","date_ts":1769299200000,"profit_abs":0.0,"wins":0,"draws":0,"losses":0,"trades":0,"profit_factor":0.0},{"date":"26/01/2026","date_ts":1769385600000,"profit_abs":0.0,"wins":0,"draws":0,"losses":0,"trades":0,"profit_factor":0.0},{"date":"27/01/2026","date_ts":1769472000000,"profit_abs":0.0,"wins":0,"draws":0,"losses":0,"trades":0,"profit_factor":0.0},{"date":"28/01/2026","date_ts":1769558400000,"profit_abs":0.0,"wins":0,"draws":0,"losses":0,"trades":0,"profit_factor":0.0},{"date":"29/01/2026","date_ts":1769644800000,"profit_abs":-37.576849,"wins":0,"draws":0,"losses":3,"trades":3,"profit_factor":0.0},{"date":"30/01/2026","date_ts":1769731200000,"profit_abs":0.0,"wins":0,"draws":0,"losses":0,"trades":0,"profit_factor":0.0},{"date":"31/01/2026","date_ts":1769817600000,"profit_abs":0.0,"wins":0,"draws":0,"losses":0,"trades":0,"profit_factor":0.0},{"date":"01/02/2026","date_ts":1769904000000,"profit_abs":0.0,"wins":0,"draws":0,"losses":0,"trades":0,"profit_factor":0.0},{"date":"02/02/2026","date_ts":1769990400000,"profit_abs":0.0,"wins":0,"draws":0,"losses":0,"trades":0,"profit_factor":0.0},{"date":"03/02/2026","date_ts":1770076800000,"profit_abs":0.0,"wins":0,"draws":0,"losses":0,"trades":0,"profit_factor":0.0},{"date":"04/02/2026","date_ts":1770163200000,"profit_abs":0.0,"wins":0,"draws":0,"losses":0,"trades":0,"profit_factor":0.0},{"date":"05/02/2026","date_ts":1770249600000,"profit_abs":0.0,"wins":0,"draws":0,"losses":0,"trades":0,"profit_factor":0.0},{"date":"06/02/2026","date_ts":1770336000000,"profit_abs":0.0,"wins":0,"draws":0,"losses":0,"trades":0,"profit_factor":0.0},{"date":"07/02/2026","date_ts":1770422400000,"profit_abs":0.0,"wins":0,"draws":0,"losses":0,"trades":0,"profit_factor":0.0},{"date":"08/02/2026","date_ts":1770508800000,"profit_abs":0.0,"wins":0,"draws":0,"losses":0,"trades":0,"profit_factor":0.0},{"date":"09/02/2026","date_ts":1770595200000,"profit_abs":0.0,"wins":0,"draws":0,"losses":0,"trades":0,"profit_factor":0.0},{"date":"10/02/2026","date_ts":1770681600000,"profit_abs":0.0,"wins":0,"draws":0,"losses":0,"trades":0,"profit_factor":0.0},{"date":"11/02/2026","date_ts":1770768000000,"profit_abs":0.0,"wins":0,"draws":0,"losses":0,"trades":0,"profit_factor":0.0},{"date":"12/02/2026","date_ts":1770854400000,"profit_abs":0.0,"wins":0,"draws":0,"losses":0,"trades":0,"profit_factor":0.0},{"date":"13/02/2026","date_ts":1770940800000,"profit_abs":0.0,"wins":0,"draws":0,"losses":0,"trades":0,"profit_factor":0.0},{"date":"14/02/2026","date_ts":1771027200000,"profit_abs":52.93473171,"wins":2,"draws":0,"losses":0,"trades":2,"profit_factor":0.0},{"date":"15/02/2026","date_ts":1771113600000,"profit_abs":1.02343354,"wins":3,"draws":0,"losses":1,"trades":4,"profit_factor":1.04830759},{"date":"16/02/2026","date_ts":1771200000000,"profit_abs":0.0,"wins":0,"draws":0,"losses":0,"trades":0,"profit_factor":0.0},{"date":"17/02/2026","date_ts":1771286400000,"profit_abs":0.0,"wins":0,"draws":0,"losses":0,"trades":0,"profit_factor":0.0},{"date":"18/02/2026","date_ts":1771372800000,"profit_abs":0.0,"wins":0,"draws":0,"losses":0,"trades":0,"profit_factor":0.0},{"date":"19/02/2026","date_ts":1771459200000,"profit_abs":-16.18959989,"wins":0,"draws":0,"losses":1,"trades":1,"profit_factor":0.0}],"week":[{"date":"26/01/2026","date_ts":1769385600000,"profit_abs":-11.99188023,"wins":0,"draws":0,"losses":1,"trades":1,"profit_factor":0.0},{"date":"02/02/2026","date_ts":1769990400000,"profit_abs":-37.576849,"wins":0,"draws":0,"losses":3,"trades":3,"profit_factor":0.0},{"date":"09/02/2026","date_ts":1770595200000,"profit_abs":0.0,"wins":0,"draws":0,"losses":0,"trades":0,"profit_factor":0.0},{"date":"16/02/2026","date_ts":1771200000000,"profit_abs":53.95816525,"wins":5,"draws":0,"losses":1,"trades":6,"profit_factor":3.54690602},{"date":"23/02/2026","date_ts":1771804800000,"profit_abs":-16.18959989,"wins":0,"draws":0,"losses":1,"trades":1,"profit_factor":0.0}],"month":[{"date":"31/01/2026","date_ts":1769817600000,"profit_abs":-49.56872923,"wins":0,"draws":0,"losses":4,"trades":4,"profit_factor":0.0},{"date":"28/02/2026","date_ts":1772236800000,"profit_abs":37.76856536,"wins":5,"draws":0,"losses":2,"trades":7,"profit_factor":2.01052017}],"year":[{"date":"31/12/2026","date_ts":1798675200000,"profit_abs":-11.80016387,"wins":5,"draws":0,"losses":6,"trades":11,"profit_factor":0.86427873}],"weekday":[{"date":"Wednesday","date_ts":2,"profit_abs":-11.99188023,"wins":0,"draws":0,"losses":1,"trades":1,"profit_factor":0.0},{"date":"Thursday","date_ts":3,"profit_abs":-53.76644889,"wins":0,"draws":0,"losses":4,"trades":4,"profit_factor":0.0},{"date":"Saturday","date_ts":5,"profit_abs":52.93473171,"wins":2,"draws":0,"losses":0,"trades":2,"profit_factor":0.0},{"date":"Sunday","date_ts":6,"profit_abs":1.02343354,"wins":3,"draws":0,"losses":1,"trades":4,"profit_factor":1.04830759}]},"backtest_best_day":0.16632766299382032,"backtest_worst_day":-0.11507874444654528,"backtest_best_day_abs":52.93473171,"backtest_worst_day_abs":-37.576849,"winning_days":2,"draw_days":25,"losing_days":3,"daily_profit":[["2026-01-21",-11.99188023],["2026-01-22",0.0],["2026-01-23",0.0],["2026-01-24",0.0],["2026-01-25",0.0],["2026-01-26",0.0],["2026-01-27",0.0],["2026-01-28",0.0],["2026-01-29",-37.576849],["2026-01-30",0.0],["2026-01-31",0.0],["2026-02-01",0.0],["2026-02-02",0.0],["2026-02-03",0.0],["2026-02-04",0.0],["2026-02-05",0.0],["2026-02-06",0.0],["2026-02-07",0.0],["2026-02-08",0.0],["2026-02-09",0.0],["2026-02-10",0.0],["2026-02-11",0.0],["2026-02-12",0.0],["2026-02-13",0.0],["2026-02-14",52.93473171],["2026-02-15",1.02343354],["2026-02-16",0.0],["2026-02-17",0.0],["2026-02-18",0.0],["2026-02-19",-16.18959989]],"wins":5,"losses":6,"draws":0,"winrate":0.45454545454545453,"holding_avg":"1 day, 16:48:00","holding_avg_s":146880.0,"winner_holding_min":"0d 04:45","winner_holding_min_s":17100.0,"winner_holding_max":"3d 22:30","winner_holding_max_s":340200.0,"winner_holding_avg":"2d 04:39","winner_holding_avg_s":189540.0,"loser_holding_min":"0d 02:00","loser_holding_min_s":7200.0,"loser_holding_max":"1d 22:00","loser_holding_max_s":165600.0,"loser_holding_avg":"1d 06:55","loser_holding_avg_s":111300.0,"max_consecutive_wins":5,"max_consecutive_losses":4,"max_drawdown_account":0.04956872923000003,"max_relative_drawdown":0.04956872923000003,"max_drawdown_abs":49.568729229999995,"drawdown_start":"2026-01-21 16:45:00","drawdown_start_ts":1769013900000.0,"drawdown_end":"2026-01-29 15:00:00","drawdown_end_ts":1769698800000.0,"drawdown_duration":"7 days 22:15:00","drawdown_duration_s":684900.0,"max_drawdown_low":-49.568729229999995,"max_drawdown_high":0.0,"csum_min":950.43127077,"csum_max":1025.5752061}},"strategy_comparison":[{"key":"SupertrendStrategyV2","trades":11,"profit_mean":-0.002494760213034919,"profit_mean_pct":-0.25,"profit_total_abs":-11.800163870000006,"profit_total":-0.011800163870000005,"profit_total_pct":-1.18,"duration_avg":"1 day, 16:48:00","wins":5,"draws":0,"losses":6,"winrate":0.45454545454545453,"cagr":-0.13043627773697153,"expectancy":-1.0727421700000006,"expectancy_ratio":-0.0740297855659422,"sortino":-1.8023153268834988,"sharpe":-0.4428079295169884,"calmar":-14.67117817985766,"sqn":-0.2066,"profit_factor":0.8642787264624394,"max_drawdown_account":0.04956872923000003,"max_drawdown_abs":"49.569"}]}