{"strategy":{"RSIReversalStrategy":{"trades":[{"pair":"SOL/USDT","stake_amount":329.99993022,"max_stake_amount":329.99993022,"amount":2.684454,"open_date":"2026-01-25 16:30:00+00:00","close_date":"2026-01-26 01:15:00+00:00","open_rate":122.93,"close_rate":121.1,"fee_open":0.0015,"fee_close":0.0015,"trade_duration":525,"profit_ratio":-0.0178374348373296,"profit_abs":-5.89518178,"exit_reason":"exit_signal","initial_stop_loss_abs":116.7835,"initial_stop_loss_ratio":-0.05,"stop_loss_abs":116.7835,"stop_loss_ratio":-0.05,"min_rate":117.16,"max_rate":123.17,"is_open":false,"enter_tag":"","leverage":1.0,"is_short":false,"open_timestamp":1769358600000,"close_timestamp":1769390100000,"orders":[{"amount":2.684454,"safe_price":122.93,"ft_order_side":"buy","order_filled_timestamp":1769358600000,"ft_is_entry":true,"ft_order_tag":"","cost":330.49493011533},{"amount":2.684454,"safe_price":121.1,"ft_order_side":"sell","order_filled_timestamp":1769390100000,"ft_is_entry":false,"ft_order_tag":"exit_signal","cost":325.5750104691}],"funding_fees":0.0,"weekday":0},{"pair":"ETH/USDT","stake_amount":329.99965478,"max_stake_amount":329.99965478,"amount":0.117631,"open_date":"2026-01-25 20:30:00+00:00","close_date":"2026-01-26 01:15:00+00:00","open_rate":2805.38,"close_rate":2868.33,"fee_open":0.0015,"fee_close":0.0015,"trade_duration":285,"profit_ratio":0.019376304873361474,"profit_abs":6.40376518,"exit_reason":"exit_signal","initial_stop_loss_abs":2665.111,"initial_stop_loss_ratio":-0.05,"stop_loss_abs":2665.111,"stop_loss_ratio":-0.05,"min_rate":2786.34,"max_rate":2882.74,"is_open":false,"enter_tag":"","leverage":1.0,"is_short":false,"open_timestamp":1769373000000,"close_timestamp":1769390100000,"orders":[{"amount":0.117631,"safe_price":2805.38,"ft_order_side":"buy","order_filled_timestamp":1769373000000,"ft_is_entry":true,"ft_order_tag":"","cost":330.49465426217006},{"amount":0.117631,"safe_price":2868.33,"ft_order_side":"sell","order_filled_timestamp":1769390100000,"ft_is_entry":false,"ft_order_tag":"exit_signal","cost":337.910633019345}],"funding_fees":0.0,"weekday":0},{"pair":"DOGE/USDT","stake_amount":330.16783242,"max_stake_amount":330.16783242,"amount":2654.295622,"open_date":"2026-01-28 15:30:00+00:00","close_date":"2026-01-28 20:30:00+00:00","open_rate":0.12439,"close_rate":0.12599,"fee_open":0.0015,"fee_close":0.0015,"trade_duration":300,"profit_ratio":0.009828733068783908,"profit_abs":3.24999919,"exit_reason":"exit_signal","initial_stop_loss_abs":0.11818,"initial_stop_loss_ratio":-0.05,"stop_loss_abs":0.11818,"stop_loss_ratio":-0.05,"min_rate":0.1237,"max_rate":0.1263,"is_open":false,"enter_tag":"","leverage":1.0,"is_short":false,"open_timestamp":1769614200000,"close_timestamp":1769632200000,"orders":[{"amount":2654.295622,"safe_price":0.12439,"ft_order_side":"buy","order_filled_timestamp":1769614200000,"ft_is_entry":true,"ft_order_tag":"","cost":330.6630841692109},{"amount":2654.295622,"safe_price":0.12599,"ft_order_side":"sell","order_filled_timestamp":1769632200000,"ft_is_entry":false,"ft_order_tag":"exit_signal","cost":334.91632747390366}],"funding_fees":0.0,"weekday":2},{"pair":"BTC/USDT","stake_amount":331.2401288,"max_stake_amount":331.2401288,"amount":0.00387506,"open_date":"2026-01-29 15:30:00+00:00","close_date":"2026-01-30 01:30:00+00:00","open_rate":85480.0,"close_rate":81206.0,"fee_open":0.0015,"fee_close":0.0015,"trade_duration":600,"profit_ratio":-0.05284573141272272,"profit_abs":-17.53088382,"exit_reason":"stop_loss","initial_stop_loss_abs":81206.0,"initial_stop_loss_ratio":-0.05,"stop_loss_abs":81206.0,"stop_loss_ratio":-0.05,"min_rate":81010.0,"max_rate":85657.9,"is_open":false,"enter_tag":"","leverage":1.0,"is_short":false,"open_timestamp":1769700600000,"close_timestamp":1769736600000,"orders":[{"amount":0.00387506,"safe_price":85480.0,"ft_order_side":"buy","order_filled_timestamp":1769700600000,"ft_is_entry":true,"ft_order_tag":"","cost":331.7369889932},{"amount":0.00387506,"safe_price":81206.0,"ft_order_side":"sell","order_filled_timestamp":1769736600000,"ft_is_entry":false,"ft_order_tag":"stop_loss","cost":315.15013954354004}],"funding_fees":0.0,"weekday":4},{"pair":"SOL/USDT","stake_amount":331.24027872,"max_stake_amount":331.24027872,"amount":2.793862,"open_date":"2026-01-29 15:30:00+00:00","close_date":"2026-01-30 01:30:00+00:00","open_rate":118.56,"close_rate":112.63199999999999,"fee_open":0.0015,"fee_close":0.0015,"trade_duration":600,"profit_ratio":-0.05284573139910952,"profit_abs":-17.53089175,"exit_reason":"stop_loss","initial_stop_loss_abs":112.63199999999999,"initial_stop_loss_ratio":-0.05,"stop_loss_abs":112.63199999999999,"stop_loss_ratio":-0.05,"min_rate":111.9,"max_rate":119.98,"is_open":false,"enter_tag":"","leverage":1.0,"is_short":false,"open_timestamp":1769700600000,"close_timestamp":1769736600000,"orders":[{"amount":2.793862,"safe_price":118.56,"ft_order_side":"buy","order_filled_timestamp":1769700600000,"ft_is_entry":true,"ft_order_tag":"","cost":331.73713913808},{"amount":2.793862,"safe_price":112.63199999999999,"ft_order_side":"sell","order_filled_timestamp":1769736600000,"ft_is_entry":false,"ft_order_tag":"stop_loss","cost":315.150282181176}],"funding_fees":0.0,"weekday":4},{"pair":"DOGE/USDT","stake_amount":331.24033225,"max_stake_amount":331.24033225,"amount":2835.476222,"open_date":"2026-01-29 15:30:00+00:00","close_date":"2026-01-30 12:00:00+00:00","open_rate":0.11682,"close_rate":0.11555,"fee_open":0.0015,"fee_close":0.0015,"trade_duration":1230,"profit_ratio":-0.013834367445874837,"profit_abs":-4.58937422,"exit_reason":"exit_signal","initial_stop_loss_abs":0.11098,"initial_stop_loss_ratio":-0.05,"stop_loss_abs":0.11098,"stop_loss_ratio":-0.05,"min_rate":0.11208,"max_rate":0.11879,"is_open":false,"enter_tag":"","leverage":1.0,"is_short":false,"open_timestamp":1769700600000,"close_timestamp":1769774400000,"orders":[{"amount":2835.476222,"safe_price":0.11682,"ft_order_side":"buy","order_filled_timestamp":1769700600000,"ft_is_entry":true,"ft_order_tag":"","cost":331.73719275242104},{"amount":2835.476222,"safe_price":0.11555,"ft_order_side":"sell","order_filled_timestamp":1769774400000,"ft_is_entry":false,"ft_order_tag":"exit_signal","cost":328.1307363682781}],"funding_fees":0.0,"weekday":4},{"pair":"DOGE/USDT","stake_amount":318.15545279,"max_stake_amount":318.15545279,"amount":2798.200992,"open_date":"2026-01-31 06:45:00+00:00","close_date":"2026-01-31 14:15:00+00:00","open_rate":0.1137,"close_rate":0.10802,"fee_open":0.0015,"fee_close":0.0015,"trade_duration":450,"profit_ratio":-0.05280188775612912,"profit_abs":-16.82440732,"exit_reason":"stop_loss","initial_stop_loss_abs":0.10802,"initial_stop_loss_ratio":-0.05,"stop_loss_abs":0.10802,"stop_loss_ratio":-0.05,"min_rate":0.105,"max_rate":0.11406,"is_open":false,"enter_tag":"","leverage":1.0,"is_short":false,"open_timestamp":1769841900000,"close_timestamp":1769868900000,"orders":[{"amount":2798.200992,"safe_price":0.1137,"ft_order_side":"buy","order_filled_timestamp":1769841900000,"ft_is_entry":true,"ft_order_tag":"","cost":318.6326859695856},{"amount":2798.200992,"safe_price":0.10802,"ft_order_side":"sell","order_filled_timestamp":1769868900000,"ft_is_entry":false,"ft_order_tag":"stop_loss","cost":302.7150636625738}],"funding_fees":0.0,"weekday":5},{"pair":"ETH/USDT","stake_amount":312.60267242,"max_stake_amount":312.60267242,"amount":0.123133,"open_date":"2026-01-31 15:00:00+00:00","close_date":"2026-01-31 17:00:00+00:00","open_rate":2538.74,"close_rate":2411.803,"fee_open":0.0015,"fee_close":0.0015,"trade_duration":120,"profit_ratio":-0.052845731409831766,"profit_abs":-16.54449644,"exit_reason":"stop_loss","initial_stop_loss_abs":2411.803,"initial_stop_loss_ratio":-0.05,"stop_loss_abs":2411.803,"stop_loss_ratio":-0.05,"min_rate":2359.0,"max_rate":2555.15,"is_open":false,"enter_tag":"","leverage":1.0,"is_short":false,"open_timestamp":1769871600000,"close_timestamp":1769878800000,"orders":[{"amount":0.123133,"safe_price":2538.74,"ft_order_side":"buy","order_filled_timestamp":1769871600000,"ft_is_entry":true,"ft_order_tag":"","cost":313.07157642863},{"amount":0.123133,"safe_price":2411.803,"ft_order_side":"sell","order_filled_timestamp":1769878800000,"ft_is_entry":false,"ft_order_tag":"stop_loss","cost":297.4179976071985}],"funding_fees":0.0,"weekday":5},{"pair":"SOL/USDT","stake_amount":312.60332152,"max_stake_amount":312.60332152,"amount":2.864504,"open_date":"2026-01-31 15:00:00+00:00","close_date":"2026-01-31 17:00:00+00:00","open_rate":109.13,"close_rate":103.67349999999999,"fee_open":0.0015,"fee_close":0.0015,"trade_duration":120,"profit_ratio":-0.05284573139827691,"profit_abs":-16.54453079,"exit_reason":"stop_loss","initial_stop_loss_abs":103.67349999999999,"initial_stop_loss_ratio":-0.05,"stop_loss_abs":103.67349999999999,"stop_loss_ratio":-0.05,"min_rate":100.25,"max_rate":110.21,"is_open":false,"enter_tag":"","leverage":1.0,"is_short":false,"open_timestamp":1769871600000,"close_timestamp":1769878800000,"orders":[{"amount":2.864504,"safe_price":109.13,"ft_order_side":"buy","order_filled_timestamp":1769871600000,"ft_is_entry":true,"ft_order_tag":"","cost":313.07222650228005},{"amount":2.864504,"safe_price":103.67349999999999,"ft_order_side":"sell","order_filled_timestamp":1769878800000,"ft_is_entry":false,"ft_order_tag":"stop_loss","cost":297.418615177166}],"funding_fees":0.0,"weekday":5},{"pair":"DOGE/USDT","stake_amount":312.60339832,"max_stake_amount":312.60339832,"amount":2922.073269,"open_date":"2026-01-31 15:00:00+00:00","close_date":"2026-01-31 17:00:00+00:00","open_rate":0.10698,"close_rate":0.10164,"fee_open":0.0015,"fee_close":0.0015,"trade_duration":120,"profit_ratio":-0.052761855519677645,"profit_abs":-16.51827564,"exit_reason":"stop_loss","initial_stop_loss_abs":0.10164,"initial_stop_loss_ratio":-0.05,"stop_loss_abs":0.10164,"stop_loss_ratio":-0.05,"min_rate":0.09876,"max_rate":0.1082,"is_open":false,"enter_tag":"","leverage":1.0,"is_short":false,"open_timestamp":1769871600000,"close_timestamp":1769878800000,"orders":[{"amount":2922.073269,"safe_price":0.10698,"ft_order_side":"buy","order_filled_timestamp":1769871600000,"ft_is_entry":true,"ft_order_tag":"","cost":313.0723034150965},{"amount":2922.073269,"safe_price":0.10164,"ft_order_side":"sell","order_filled_timestamp":1769878800000,"ft_is_entry":false,"ft_order_tag":"stop_loss","cost":297.4450263517518}],"funding_fees":0.0,"weekday":5},{"pair":"ETH/USDT","stake_amount":296.23196554,"max_stake_amount":296.23196554,"amount":0.122374,"open_date":"2026-01-31 17:30:00+00:00","close_date":"2026-01-31 18:30:00+00:00","open_rate":2420.71,"close_rate":2299.6745,"fee_open":0.0015,"fee_close":0.0015,"trade_duration":60,"profit_ratio":-0.052845731415689066,"profit_abs":-15.67807678,"exit_reason":"stop_loss","initial_stop_loss_abs":2299.6745,"initial_stop_loss_ratio":-0.05,"stop_loss_abs":2299.6745,"stop_loss_ratio":-0.05,"min_rate":2240.2,"max_rate":2431.37,"is_open":false,"enter_tag":"","leverage":1.0,"is_short":false,"open_timestamp":1769880600000,"close_timestamp":1769884200000,"orders":[{"amount":0.122374,"safe_price":2420.71,"ft_order_side":"buy","order_filled_timestamp":1769880600000,"ft_is_entry":true,"ft_order_tag":"","cost":296.67631348831},{"amount":0.122374,"safe_price":2299.6745,"ft_order_side":"sell","order_filled_timestamp":1769884200000,"ft_is_entry":false,"ft_order_tag":"stop_loss","cost":281.8424978138945}],"funding_fees":0.0,"weekday":5},{"pair":"SOL/USDT","stake_amount":296.232976,"max_stake_amount":296.232976,"amount":2.848394,"open_date":"2026-01-31 17:30:00+00:00","close_date":"2026-01-31 18:30:00+00:00","open_rate":104.0,"close_rate":98.8,"fee_open":0.0015,"fee_close":0.0015,"trade_duration":60,"profit_ratio":-0.05284573138671647,"profit_abs":-15.67813025,"exit_reason":"stop_loss","initial_stop_loss_abs":98.8,"initial_stop_loss_ratio":-0.05,"stop_loss_abs":98.8,"stop_loss_ratio":-0.05,"min_rate":96.42,"max_rate":104.51,"is_open":false,"enter_tag":"","leverage":1.0,"is_short":false,"open_timestamp":1769880600000,"close_timestamp":1769884200000,"orders":[{"amount":2.848394,"safe_price":104.0,"ft_order_side":"buy","order_filled_timestamp":1769880600000,"ft_is_entry":true,"ft_order_tag":"","cost":296.67732546400003},{"amount":2.848394,"safe_price":98.8,"ft_order_side":"sell","order_filled_timestamp":1769884200000,"ft_is_entry":false,"ft_order_tag":"stop_loss","cost":281.84345919080005}],"funding_fees":0.0,"weekday":5},{"pair":"BTC/USDT","stake_amount":296.23232369,"max_stake_amount":296.23232369,"amount":0.00374328,"open_date":"2026-01-31 17:30:00+00:00","close_date":"2026-02-01 00:15:00+00:00","open_rate":79137.1,"close_rate":79346.1,"fee_open":0.0015,"fee_close":0.0015,"trade_duration":405,"profit_ratio":-0.00036243149558151487,"profit_abs":-0.10752497,"exit_reason":"exit_signal","initial_stop_loss_abs":75180.245,"initial_stop_loss_ratio":-0.05,"stop_loss_abs":75180.245,"stop_loss_ratio":-0.05,"min_rate":75678.0,"max_rate":79422.0,"is_open":false,"enter_tag":"","leverage":1.0,"is_short":false,"open_timestamp":1769880600000,"close_timestamp":1769904900000,"orders":[{"amount":0.00374328,"safe_price":79137.1,"ft_order_side":"buy","order_filled_timestamp":1769880600000,"ft_is_entry":true,"ft_order_tag":"","cost":296.67667217353204},{"amount":0.00374328,"safe_price":79346.1,"ft_order_side":"sell","order_filled_timestamp":1769904900000,"ft_is_entry":false,"ft_order_tag":"exit_signal","cost":297.460191211812}],"funding_fees":0.0,"weekday":6},{"pair":"BTC/USDT","stake_amount":285.84994353,"max_stake_amount":285.84994353,"amount":0.00448217,"open_date":"2026-02-05 21:00:00+00:00","close_date":"2026-02-06 00:00:00+00:00","open_rate":63774.9,"close_rate":60586.155,"fee_open":0.0015,"fee_close":0.0015,"trade_duration":180,"profit_ratio":-0.05284573139771181,"profit_abs":-15.12860826,"exit_reason":"stop_loss","initial_stop_loss_abs":60586.155,"initial_stop_loss_ratio":-0.05,"stop_loss_abs":60586.155,"stop_loss_ratio":-0.05,"min_rate":60038.9,"max_rate":64916.5,"is_open":false,"enter_tag":"","leverage":1.0,"is_short":false,"open_timestamp":1770325200000,"close_timestamp":1770336000000,"orders":[{"amount":0.00448217,"safe_price":63774.9,"ft_order_side":"buy","order_filled_timestamp":1770325200000,"ft_is_entry":true,"ft_order_tag":"","cost":286.2787184482995},{"amount":0.00448217,"safe_price":60586.155,"ft_order_side":"sell","order_filled_timestamp":1770336000000,"ft_is_entry":false,"ft_order_tag":"stop_loss","cost":271.9647825258845}],"funding_fees":0.0,"weekday":4},{"pair":"ETH/USDT","stake_amount":285.84907356,"max_stake_amount":285.84907356,"amount":0.152876,"open_date":"2026-02-05 21:00:00+00:00","close_date":"2026-02-06 00:00:00+00:00","open_rate":1869.81,"close_rate":1776.3194999999998,"fee_open":0.0015,"fee_close":0.0015,"trade_duration":180,"profit_ratio":-0.052845731409312494,"profit_abs":-15.12856222,"exit_reason":"stop_loss","initial_stop_loss_abs":1776.3194999999998,"initial_stop_loss_ratio":-0.05,"stop_loss_abs":1776.3194999999998,"stop_loss_ratio":-0.05,"min_rate":1753.95,"max_rate":1912.74,"is_open":false,"enter_tag":"","leverage":1.0,"is_short":false,"open_timestamp":1770325200000,"close_timestamp":1770336000000,"orders":[{"amount":0.152876,"safe_price":1869.81,"ft_order_side":"buy","order_filled_timestamp":1770325200000,"ft_is_entry":true,"ft_order_tag":"","cost":286.27784717034},{"amount":0.152876,"safe_price":1776.3194999999998,"ft_order_side":"sell","order_filled_timestamp":1770336000000,"ft_is_entry":false,"ft_order_tag":"stop_loss","cost":271.96395481182304}],"funding_fees":0.0,"weekday":4},{"pair":"BTC/USDT","stake_amount":275.86451701,"max_stake_amount":275.86451701,"amount":0.00405447,"open_date":"2026-02-07 07:30:00+00:00","close_date":"2026-02-07 12:30:00+00:00","open_rate":68039.6,"close_rate":69320.0,"fee_open":0.0015,"fee_close":0.0015,"trade_duration":300,"profit_ratio":0.01576657523453004,"profit_abs":4.35596282,"exit_reason":"exit_signal","initial_stop_loss_abs":64637.62,"initial_stop_loss_ratio":-0.05,"stop_loss_abs":64637.62,"stop_loss_ratio":-0.05,"min_rate":67582.7,"max_rate":70000.9,"is_open":false,"enter_tag":"","leverage":1.0,"is_short":false,"open_timestamp":1770449400000,"close_timestamp":1770467400000,"orders":[{"amount":0.00405447,"safe_price":68039.6,"ft_order_side":"buy","order_filled_timestamp":1770449400000,"ft_is_entry":true,"ft_order_tag":"","cost":276.278313787518},{"amount":0.00405447,"safe_price":69320.0,"ft_order_side":"sell","order_filled_timestamp":1770467400000,"ft_is_entry":false,"ft_order_tag":"exit_signal","cost":281.47744419060007}],"funding_fees":0.0,"weekday":5},{"pair":"SOL/USDT","stake_amount":277.3024929,"max_stake_amount":277.3024929,"amount":3.27897,"open_date":"2026-02-09 09:00:00+00:00","close_date":"2026-02-09 15:15:00+00:00","open_rate":84.57,"close_rate":85.11,"fee_open":0.0015,"fee_close":0.0015,"trade_duration":375,"profit_ratio":0.0033706092314984394,"profit_abs":0.93608036,"exit_reason":"exit_signal","initial_stop_loss_abs":80.3415,"initial_stop_loss_ratio":-0.05,"stop_loss_abs":80.3415,"stop_loss_ratio":-0.05,"min_rate":82.88,"max_rate":85.8,"is_open":false,"enter_tag":"","leverage":1.0,"is_short":false,"open_timestamp":1770627600000,"close_timestamp":1770650100000,"orders":[{"amount":3.27897,"safe_price":84.57,"ft_order_side":"buy","order_filled_timestamp":1770627600000,"ft_is_entry":true,"ft_order_tag":"","cost":277.71844663935},{"amount":3.27897,"safe_price":85.11,"ft_order_side":"sell","order_filled_timestamp":1770650100000,"ft_is_entry":false,"ft_order_tag":"exit_signal","cost":279.49174640505004}],"funding_fees":0.0,"weekday":0},{"pair":"ETH/USDT","stake_amount":277.30075584,"max_stake_amount":277.30075584,"amount":0.135776,"open_date":"2026-02-09 10:00:00+00:00","close_date":"2026-02-09 17:00:00+00:00","open_rate":2042.34,"close_rate":2091.11,"fee_open":0.0015,"fee_close":0.0015,"trade_duration":420,"profit_ratio":0.020812433731421564,"profit_abs":5.77996056,"exit_reason":"exit_signal","initial_stop_loss_abs":1940.2229999999997,"initial_stop_loss_ratio":-0.05,"stop_loss_abs":1940.2229999999997,"stop_loss_ratio":-0.05,"min_rate":2009.0,"max_rate":2109.87,"is_open":false,"enter_tag":"","leverage":1.0,"is_short":false,"open_timestamp":1770631200000,"close_timestamp":1770656400000,"orders":[{"amount":0.135776,"safe_price":2042.34,"ft_order_side":"buy","order_filled_timestamp":1770631200000,"ft_is_entry":true,"ft_order_tag":"","cost":277.71670697376004},{"amount":0.135776,"safe_price":2091.11,"ft_order_side":"sell","order_filled_timestamp":1770656400000,"ft_is_entry":false,"ft_order_tag":"exit_signal","cost":284.3484351870401}],"funding_fees":0.0,"weekday":0},{"pair":"BTC/USDT","stake_amount":277.30201695,"max_stake_amount":277.30201695,"amount":0.0040341,"open_date":"2026-02-09 11:00:00+00:00","close_date":"2026-02-09 17:45:00+00:00","open_rate":68739.5,"close_rate":70847.1,"fee_open":0.0015,"fee_close":0.0015,"trade_duration":405,"profit_ratio":0.02757333171734481,"profit_abs":7.65760971,"exit_reason":"exit_signal","initial_stop_loss_abs":65302.524999999994,"initial_stop_loss_ratio":-0.05,"stop_loss_abs":65302.524999999994,"stop_loss_ratio":-0.05,"min_rate":68309.4,"max_rate":70993.7,"is_open":false,"enter_tag":"","leverage":1.0,"is_short":false,"open_timestamp":1770634800000,"close_timestamp":1770659100000,"orders":[{"amount":0.0040341,"safe_price":68739.5,"ft_order_side":"buy","order_filled_timestamp":1770634800000,"ft_is_entry":true,"ft_order_tag":"","cost":277.71796997542504},{"amount":0.0040341,"safe_price":70847.1,"ft_order_side":"sell","order_filled_timestamp":1770659100000,"ft_is_entry":false,"ft_order_tag":"exit_signal","cost":286.232992539165}],"funding_fees":0.0,"weekday":0},{"pair":"ETH/USDT","stake_amount":282.04518936,"max_stake_amount":282.04518936,"amount":0.140162,"open_date":"2026-02-10 07:15:00+00:00","close_date":"2026-02-11 14:15:00+00:00","open_rate":2012.28,"close_rate":2003.4,"fee_open":0.0015,"fee_close":0.0015,"trade_duration":1860,"profit_ratio":-0.007395192617819695,"profit_abs":-2.08890717,"exit_reason":"exit_signal","initial_stop_loss_abs":1911.666,"initial_stop_loss_ratio":-0.05,"stop_loss_abs":1911.666,"stop_loss_ratio":-0.05,"min_rate":1932.0,"max_rate":2047.0,"is_open":false,"enter_tag":"","leverage":1.0,"is_short":false,"open_timestamp":1770707700000,"close_timestamp":1770819300000,"orders":[{"amount":0.140162,"safe_price":2012.28,"ft_order_side":"buy","order_filled_timestamp":1770707700000,"ft_is_entry":true,"ft_order_tag":"","cost":282.46825714404},{"amount":0.140162,"safe_price":2003.4,"ft_order_side":"sell","order_filled_timestamp":1770819300000,"ft_is_entry":false,"ft_order_tag":"exit_signal","cost":281.22175162620005}],"funding_fees":0.0,"weekday":2},{"pair":"ETH/USDT","stake_amount":281.354717,"max_stake_amount":281.354717,"amount":0.147364,"open_date":"2026-02-12 17:15:00+00:00","close_date":"2026-02-12 23:00:00+00:00","open_rate":1909.25,"close_rate":1943.0,"fee_open":0.0015,"fee_close":0.0015,"trade_duration":345,"profit_ratio":0.014628639742364042,"profit_abs":4.12201055,"exit_reason":"exit_signal","initial_stop_loss_abs":1813.7875,"initial_stop_loss_ratio":-0.05,"stop_loss_abs":1813.7875,"stop_loss_ratio":-0.05,"min_rate":1901.92,"max_rate":1951.0,"is_open":false,"enter_tag":"","leverage":1.0,"is_short":false,"open_timestamp":1770916500000,"close_timestamp":1770937200000,"orders":[{"amount":0.147364,"safe_price":1909.25,"ft_order_side":"buy","order_filled_timestamp":1770916500000,"ft_is_entry":true,"ft_order_tag":"","cost":281.7767490755},{"amount":0.147364,"safe_price":1943.0,"ft_order_side":"sell","order_filled_timestamp":1770937200000,"ft_is_entry":false,"ft_order_tag":"exit_signal","cost":286.757744378}],"funding_fees":0.0,"weekday":3},{"pair":"BTC/USDT","stake_amount":282.71666697,"max_stake_amount":282.71666697,"amount":0.00410126,"open_date":"2026-02-15 14:00:00+00:00","close_date":"2026-02-16 09:15:00+00:00","open_rate":68934.1,"close_rate":68886.9,"fee_open":0.0015,"fee_close":0.0015,"trade_duration":1155,"profit_ratio":-0.0036781675882003807,"profit_abs":-1.0414391,"exit_reason":"exit_signal","initial_stop_loss_abs":65487.395000000004,"initial_stop_loss_ratio":-0.05,"stop_loss_abs":65487.395000000004,"stop_loss_ratio":-0.05,"min_rate":68060.0,"max_rate":69259.2,"is_open":false,"enter_tag":"","leverage":1.0,"is_short":false,"open_timestamp":1771164000000,"close_timestamp":1771233300000,"orders":[{"amount":0.00410126,"safe_price":68934.1,"ft_order_side":"buy","order_filled_timestamp":1771164000000,"ft_is_entry":true,"ft_order_tag":"","cost":283.140741966449},{"amount":0.00410126,"safe_price":68886.9,"ft_order_side":"sell","order_filled_timestamp":1771233300000,"ft_is_entry":false,"ft_order_tag":"exit_signal","cost":282.946872125241}],"funding_fees":0.0,"weekday":0},{"pair":"SOL/USDT","stake_amount":282.71674152,"max_stake_amount":282.71674152,"amount":3.312828,"open_date":"2026-02-15 20:00:00+00:00","close_date":"2026-02-16 09:30:00+00:00","open_rate":85.34,"close_rate":86.03,"fee_open":0.0015,"fee_close":0.0015,"trade_duration":810,"profit_ratio":0.0050655795129061695,"profit_abs":1.43427232,"exit_reason":"exit_signal","initial_stop_loss_abs":81.073,"initial_stop_loss_ratio":-0.05,"stop_loss_abs":81.073,"stop_loss_ratio":-0.05,"min_rate":84.45,"max_rate":86.7,"is_open":false,"enter_tag":"","leverage":1.0,"is_short":false,"open_timestamp":1771185600000,"close_timestamp":1771234200000,"orders":[{"amount":3.312828,"safe_price":85.34,"ft_order_side":"buy","order_filled_timestamp":1771185600000,"ft_is_entry":true,"ft_order_tag":"","cost":283.14081663228006},{"amount":3.312828,"safe_price":86.03,"ft_order_side":"sell","order_filled_timestamp":1771234200000,"ft_is_entry":false,"ft_order_tag":"exit_signal","cost":285.4300967292601}],"funding_fees":0.0,"weekday":0},{"pair":"DOGE/USDT","stake_amount":282.71678713,"max_stake_amount":282.71678713,"amount":2751.76939,"open_date":"2026-02-15 20:00:00+00:00","close_date":"2026-02-16 09:45:00+00:00","open_rate":0.10274,"close_rate":0.10317,"fee_open":0.0015,"fee_close":0.0015,"trade_duration":825,"profit_ratio":0.0011772782892632296,"profit_abs":0.33333559,"exit_reason":"exit_signal","initial_stop_loss_abs":0.09761,"initial_stop_loss_ratio":-0.05,"stop_loss_abs":0.09761,"stop_loss_ratio":-0.05,"min_rate":0.10121,"max_rate":0.10358,"is_open":false,"enter_tag":"","leverage":1.0,"is_short":false,"open_timestamp":1771185600000,"close_timestamp":1771235100000,"orders":[{"amount":2751.76939,"safe_price":0.10274,"ft_order_side":"buy","order_filled_timestamp":1771185600000,"ft_is_entry":true,"ft_order_tag":"","cost":283.1408623092929},{"amount":2751.76939,"safe_price":0.10317,"ft_order_side":"sell","order_filled_timestamp":1771235100000,"ft_is_entry":false,"ft_order_tag":"exit_signal","cost":284.3258980382495}],"funding_fees":0.0,"weekday":0},{"pair":"BTC/USDT","stake_amount":282.95617304,"max_stake_amount":282.95617304,"amount":0.00423269,"open_date":"2026-02-17 15:30:00+00:00","close_date":"2026-02-18 05:00:00+00:00","open_rate":66850.2,"close_rate":67823.0,"fee_open":0.0015,"fee_close":0.0015,"trade_duration":810,"profit_ratio":0.011512841337707606,"profit_abs":3.26251597,"exit_reason":"exit_signal","initial_stop_loss_abs":63507.689999999995,"initial_stop_loss_ratio":-0.05,"stop_loss_abs":63507.689999999995,"stop_loss_ratio":-0.05,"min_rate":66622.8,"max_rate":68239.9,"is_open":false,"enter_tag":"","leverage":1.0,"is_short":false,"open_timestamp":1771342200000,"close_timestamp":1771390800000,"orders":[{"amount":0.00423269,"safe_price":66850.2,"ft_order_side":"buy","order_filled_timestamp":1771342200000,"ft_is_entry":true,"ft_order_tag":"","cost":283.380607297557},{"amount":0.00423269,"safe_price":67823.0,"ft_order_side":"sell","order_filled_timestamp":1771390800000,"ft_is_entry":false,"ft_order_tag":"exit_signal","cost":287.50434447080505}],"funding_fees":0.0,"weekday":2},{"pair":"SOL/USDT","stake_amount":282.95638558,"max_stake_amount":282.95638558,"amount":3.391949,"open_date":"2026-02-17 15:15:00+00:00","close_date":"2026-02-18 08:30:00+00:00","open_rate":83.42,"close_rate":85.7,"fee_open":0.0015,"fee_close":0.0015,"trade_duration":1035,"profit_ratio":0.02425419651251931,"profit_abs":6.8731741,"exit_reason":"exit_signal","initial_stop_loss_abs":79.249,"initial_stop_loss_ratio":-0.05,"stop_loss_abs":79.249,"stop_loss_ratio":-0.05,"min_rate":82.92,"max_rate":86.08,"is_open":false,"enter_tag":"","leverage":1.0,"is_short":false,"open_timestamp":1771341300000,"close_timestamp":1771403400000,"orders":[{"amount":3.391949,"safe_price":83.42,"ft_order_side":"buy","order_filled_timestamp":1771341300000,"ft_is_entry":true,"ft_order_tag":"","cost":283.38082015837006},{"amount":3.391949,"safe_price":85.7,"ft_order_side":"sell","order_filled_timestamp":1771403400000,"ft_is_entry":false,"ft_order_tag":"exit_signal","cost":291.12606434395}],"funding_fees":0.0,"weekday":2},{"pair":"SOL/USDT","stake_amount":286.30118335,"max_stake_amount":286.30118335,"amount":3.425065,"open_date":"2026-02-18 11:30:00+00:00","close_date":"2026-02-19 06:30:00+00:00","open_rate":83.59,"close_rate":82.41,"fee_open":0.0015,"fee_close":0.0015,"trade_duration":1140,"profit_ratio":-0.017069741703274417,"profit_abs":-4.89441788,"exit_reason":"exit_signal","initial_stop_loss_abs":79.4105,"initial_stop_loss_ratio":-0.05,"stop_loss_abs":79.4105,"stop_loss_ratio":-0.05,"min_rate":80.49,"max_rate":84.0,"is_open":false,"enter_tag":"","leverage":1.0,"is_short":false,"open_timestamp":1771414200000,"close_timestamp":1771482600000,"orders":[{"amount":3.425065,"safe_price":83.59,"ft_order_side":"buy","order_filled_timestamp":1771414200000,"ft_is_entry":true,"ft_order_tag":"","cost":286.73063512502506},{"amount":3.425065,"safe_price":82.41,"ft_order_side":"sell","order_filled_timestamp":1771482600000,"ft_is_entry":false,"ft_order_tag":"exit_signal","cost":282.682996059975}],"funding_fees":0.0,"weekday":3},{"pair":"SOL/USDT","stake_amount":284.6859813,"max_stake_amount":284.6859813,"amount":3.55813,"open_date":"2026-02-19 14:00:00+00:00","close_date":"2026-02-19 19:00:00+00:00","open_rate":80.01,"close_rate":81.99,"fee_open":0.0015,"fee_close":0.0015,"trade_duration":300,"profit_ratio":0.021677270371158675,"profit_abs":6.18047181,"exit_reason":"exit_signal","initial_stop_loss_abs":76.0095,"initial_stop_loss_ratio":-0.05,"stop_loss_abs":76.0095,"stop_loss_ratio":-0.05,"min_rate":79.94,"max_rate":82.21,"is_open":false,"enter_tag":"","leverage":1.0,"is_short":false,"open_timestamp":1771509600000,"close_timestamp":1771527600000,"orders":[{"amount":3.55813,"safe_price":80.01,"ft_order_side":"buy","order_filled_timestamp":1771509600000,"ft_is_entry":true,"ft_order_tag":"","cost":285.11301027195},{"amount":3.55813,"safe_price":81.99,"ft_order_side":"sell","order_filled_timestamp":1771527600000,"ft_is_entry":false,"ft_order_tag":"exit_signal","cost":292.16867531804996}],"funding_fees":0.0,"weekday":3},{"pair":"ETH/USDT","stake_amount":284.68471712,"max_stake_amount":284.68471712,"amount":0.148156,"open_date":"2026-02-19 14:00:00+00:00","close_date":"2026-02-20 00:00:00+00:00","open_rate":1921.52,"close_rate":1948.83,"fee_open":0.0015,"fee_close":0.0015,"trade_duration":600,"profit_ratio":0.01117462561560898,"profit_abs":3.186017,"exit_reason":"force_exit","initial_stop_loss_abs":1825.444,"initial_stop_loss_ratio":-0.05,"stop_loss_abs":1825.444,"stop_loss_ratio":-0.05,"min_rate":1906.2,"max_rate":1955.28,"is_open":false,"enter_tag":"","leverage":1.0,"is_short":false,"open_timestamp":1771509600000,"close_timestamp":1771545600000,"orders":[{"amount":0.148156,"safe_price":1921.52,"ft_order_side":"buy","order_filled_timestamp":1771509600000,"ft_is_entry":true,"ft_order_tag":"","cost":285.11174419568005},{"amount":0.148156,"safe_price":1948.83,"ft_order_side":"sell","order_filled_timestamp":1771545600000,"ft_is_entry":false,"ft_order_tag":"force_exit","cost":289.16395376622}],"funding_fees":0.0,"weekday":4}],"locks":[],"best_pair":{"key":"BTC/USDT","trades":7,"profit_mean":-0.007839901943519138,"profit_mean_pct":-0.78,"profit_total_abs":-18.53236765,"profit_total":-0.018532367650000003,"profit_total_pct":-1.85,"duration_avg":"9:11:00","wins":3,"draws":0,"losses":4,"winrate":0.42857142857142855,"cagr":-0.1976825544945522,"expectancy":-2.6474810928571424,"expectancy_ratio":-0.31323300669050436,"sortino":-1.4402356673023498,"sharpe":-1.25853836955176,"calmar":-34.856095637341745,"sqn":-0.7146,"profit_factor":0.4518422382916175,"max_drawdown_account":0.03276701705000005,"max_drawdown_abs":32.76701705},"worst_pair":{"key":"SOL/USDT","trades":9,"profit_mean":-0.015452968344069371,"profit_mean_pct":-1.55,"profit_total_abs":-45.11915386,"profit_total":-0.04511915386,"profit_total_pct":-4.51,"duration_avg":"9:12:00","wins":4,"draws":0,"losses":5,"winrate":0.4444444444444444,"cagr":-0.4193455114229018,"expectancy":-5.013239317777778,"expectancy_ratio":-0.41402199215823776,"sortino":-5.035431407981438,"sharpe":-3.050634628106207,"calmar":-49.9678187806402,"sqn":-1.5556,"profit_factor":0.2547604141151722,"max_drawdown_account":0.05564873456999999,"max_drawdown_abs":55.648734569999995},"results_per_pair":[{"key":"BTC/USDT","trades":7,"profit_mean":-0.007839901943519138,"profit_mean_pct":-0.78,"profit_total_abs":-18.53236765,"profit_total":-0.018532367650000003,"profit_total_pct":-1.85,"duration_avg":"9:11:00","wins":3,"draws":0,"losses":4,"winrate":0.42857142857142855,"cagr":-0.1976825544945522,"expectancy":-2.6474810928571424,"expectancy_ratio":-0.31323300669050436,"sortino":-1.4402356673023498,"sharpe":-1.25853836955176,"calmar":-34.856095637341745,"sqn":-0.7146,"profit_factor":0.4518422382916175,"max_drawdown_account":0.03276701705000005,"max_drawdown_abs":32.76701705},{"key":"ETH/USDT","trades":8,"profit_mean":-0.012492547861237121,"profit_mean_pct":-1.25,"profit_total_abs":-29.94828932,"profit_total":-0.02994828932,"profit_total_pct":-2.99,"duration_avg":"8:04:00","wins":4,"draws":0,"losses":4,"winrate":0.5,"cagr":-0.3009303776861756,"expectancy":-3.743536165,"expectancy_ratio":-0.30287483322215525,"sortino":-3.1012200945675934,"sharpe":-1.9161958717078342,"calmar":-39.22822104860951,"sqn":-1.0283,"profit_factor":0.39425033355568945,"max_drawdown_account":0.04704983931725557,"max_drawdown_abs":47.35113544},{"key":"DOGE/USDT","trades":5,"profit_mean":-0.021678419872726895,"profit_mean_pct":-2.17,"profit_total_abs":-34.3487224,"profit_total":-0.0343487224,"profit_total_pct":-3.43,"duration_avg":"9:45:00","wins":2,"draws":0,"losses":3,"winrate":0.4,"cagr":-0.3373693766321636,"expectancy":-6.86974448,"expectancy_ratio":-0.5433196871501711,"sortino":-3.7158604546578684,"sharpe":-2.5240884029357895,"calmar":-55.98840532770848,"sqn":-1.6382,"profit_factor":0.09446718808304823,"max_drawdown_account":0.037809177384127035,"max_drawdown_abs":37.932057179999994},{"key":"SOL/USDT","trades":9,"profit_mean":-0.015452968344069371,"profit_mean_pct":-1.55,"profit_total_abs":-45.11915386,"profit_total":-0.04511915386,"profit_total_pct":-4.51,"duration_avg":"9:12:00","wins":4,"draws":0,"losses":5,"winrate":0.4444444444444444,"cagr":-0.4193455114229018,"expectancy":-5.013239317777778,"expectancy_ratio":-0.41402199215823776,"sortino":-5.035431407981438,"sharpe":-3.050634628106207,"calmar":-49.9678187806402,"sqn":-1.5556,"profit_factor":0.2547604141151722,"max_drawdown_account":0.05564873456999999,"max_drawdown_abs":55.648734569999995},{"key":"TOTAL","trades":29,"profit_mean":-0.013872017619130681,"profit_mean_pct":-1.39,"profit_total_abs":-127.94853322999997,"profit_total":-0.12794853322999997,"profit_total_pct":-12.79,"duration_avg":"8:58:00","wins":13,"draws":0,"losses":16,"winrate":0.4482758620689655,"cagr":-0.800505293491705,"expectancy":-4.412018387241378,"expectancy_ratio":-0.3884594631117855,"sortino":-12.019470790361176,"sharpe":-8.532180827808405,"calmar":-47.16801798735269,"sqn":-2.5261,"profit_factor":0.29591722310988877,"max_drawdown_account":0.16717541983752268,"max_drawdown_abs":167.80376245999997}],"results_per_enter_tag":[{"key":"","trades":29,"profit_mean":-0.013872017619130681,"profit_mean_pct":-1.39,"profit_total_abs":-127.94853322999997,"profit_total":-0.12794853322999997,"profit_total_pct":-12.79,"duration_avg":"8:58:00","wins":13,"draws":0,"losses":16,"winrate":0.4482758620689655,"cagr":-0.800505293491705,"expectancy":-4.412018387241378,"expectancy_ratio":-0.3884594631117855,"sortino":-12.019470790361176,"sharpe":-8.532180827808405,"calmar":-47.16801798735269,"sqn":-2.5261,"profit_factor":0.29591722310988877,"max_drawdown_account":0.16717541983752268,"max_drawdown_abs":167.80376245999997},{"key":"TOTAL","trades":29,"profit_mean":-0.013872017619130681,"profit_mean_pct":-1.39,"profit_total_abs":-127.94853322999997,"profit_total":-0.12794853322999997,"profit_total_pct":-12.79,"duration_avg":"8:58:00","wins":13,"draws":0,"losses":16,"winrate":0.4482758620689655,"cagr":-0.800505293491705,"expectancy":-4.412018387241378,"expectancy_ratio":-0.3884594631117855,"sortino":-12.019470790361176,"sharpe":-8.532180827808405,"calmar":-47.16801798735269,"sqn":-2.5261,"profit_factor":0.29591722310988877,"max_drawdown_account":0.16717541983752268,"max_drawdown_abs":167.80376245999997}],"exit_reason_summary":[{"key":"exit_signal","trades":18,"profit_mean":0.00638146988526549,"profit_mean_pct":0.64,"profit_total_abs":31.972313040000003,"profit_total":0.031972313040000006,"profit_total_pct":3.2,"duration_avg":"11:36:00","wins":12,"draws":0,"losses":6,"winrate":0.6666666666666666,"cagr":0.44853907620492217,"expectancy":1.7762396133333331,"expectancy_ratio":0.5724620692337798,"sortino":9.209505029268612,"sharpe":4.7700129161071425,"calmar":334.242440446593,"sqn":1.7729,"profit_factor":2.71738620770134,"max_drawdown_account":0.00589518178000003,"max_drawdown_abs":5.89518178},{"key":"force_exit","trades":1,"profit_mean":0.01117462561560898,"profit_mean_pct":1.12,"profit_total_abs":3.186017,"profit_total":0.003186017,"profit_total_pct":0.32,"duration_avg":"10:00:00","wins":1,"draws":0,"losses":0,"winrate":1.0,"cagr":0.03816335721290054,"expectancy":3.186017,"expectancy_ratio":100.0,"sortino":-100,"sharpe":-100,"calmar":-100,"sqn":-100.0,"profit_factor":0.0,"max_drawdown_account":0.0,"max_drawdown_abs":0.0},{"key":"stop_loss","trades":10,"profit_mean":-0.05283295945051776,"profit_mean_pct":-5.28,"profit_total_abs":-163.10686327,"profit_total":-0.16310686326999999,"profit_total_pct":-16.31,"duration_avg":"4:09:00","wins":0,"draws":0,"losses":10,"winrate":0.0,"cagr":-0.8771142040713339,"expectancy":-16.310686327,"expectancy_ratio":-1.0,"sortino":-120.23855045087429,"sharpe":-120.23855045087429,"calmar":-61.62894572433162,"sqn":-58.5302,"profit_factor":0.0,"max_drawdown_account":0.16310686326999996,"max_drawdown_abs":163.10686326999996},{"key":"TOTAL","trades":29,"profit_mean":-0.013872017619130681,"profit_mean_pct":-1.39,"profit_total_abs":-127.94853322999997,"profit_total":-0.12794853322999997,"profit_total_pct":-12.79,"duration_avg":"8:58:00","wins":13,"draws":0,"losses":16,"winrate":0.4482758620689655,"cagr":-0.800505293491705,"expectancy":-4.412018387241378,"expectancy_ratio":-0.3884594631117855,"sortino":-12.019470790361176,"sharpe":-8.532180827808405,"calmar":-47.16801798735269,"sqn":-2.5261,"profit_factor":0.29591722310988877,"max_drawdown_account":0.16717541983752268,"max_drawdown_abs":167.80376245999997}],"mix_tag_stats":[{"key":["","exit_signal"],"trades":18,"profit_mean":0.00638146988526549,"profit_mean_pct":0.64,"profit_total_abs":31.972313040000003,"profit_total":0.031972313040000006,"profit_total_pct":3.2,"duration_avg":"11:36:00","wins":12,"draws":0,"losses":6,"winrate":0.6666666666666666,"cagr":0.44853907620492217,"expectancy":1.7762396133333331,"expectancy_ratio":0.5724620692337798,"sortino":9.209505029268612,"sharpe":4.7700129161071425,"calmar":334.242440446593,"sqn":1.7729,"profit_factor":2.71738620770134,"max_drawdown_account":0.00589518178000003,"max_drawdown_abs":5.89518178},{"key":["","force_exit"],"trades":1,"profit_mean":0.01117462561560898,"profit_mean_pct":1.12,"profit_total_abs":3.186017,"profit_total":0.003186017,"profit_total_pct":0.32,"duration_avg":"10:00:00","wins":1,"draws":0,"losses":0,"winrate":1.0,"cagr":0.03816335721290054,"expectancy":3.186017,"expectancy_ratio":100.0,"sortino":-100,"sharpe":-100,"calmar":-100,"sqn":-100.0,"profit_factor":0.0,"max_drawdown_account":0.0,"max_drawdown_abs":0.0},{"key":["","stop_loss"],"trades":10,"profit_mean":-0.05283295945051776,"profit_mean_pct":-5.28,"profit_total_abs":-163.10686327,"profit_total":-0.16310686326999999,"profit_total_pct":-16.31,"duration_avg":"4:09:00","wins":0,"draws":0,"losses":10,"winrate":0.0,"cagr":-0.8771142040713339,"expectancy":-16.310686327,"expectancy_ratio":-1.0,"sortino":-120.23855045087429,"sharpe":-120.23855045087429,"calmar":-61.62894572433162,"sqn":-58.5302,"profit_factor":0.0,"max_drawdown_account":0.16310686326999996,"max_drawdown_abs":163.10686326999996},{"key":"TOTAL","trades":29,"profit_mean":-0.013872017619130681,"profit_mean_pct":-1.39,"profit_total_abs":-127.94853322999997,"profit_total":-0.12794853322999997,"profit_total_pct":-12.79,"duration_avg":"8:58:00","wins":13,"draws":0,"losses":16,"winrate":0.4482758620689655,"cagr":-0.800505293491705,"expectancy":-4.412018387241378,"expectancy_ratio":-0.3884594631117855,"sortino":-12.019470790361176,"sharpe":-8.532180827808405,"calmar":-47.16801798735269,"sqn":-2.5261,"profit_factor":0.29591722310988877,"max_drawdown_account":0.16717541983752268,"max_drawdown_abs":167.80376245999997}],"left_open_trades":[{"key":"ETH/USDT","trades":1,"profit_mean":0.01117462561560898,"profit_mean_pct":1.12,"profit_total_abs":3.186017,"profit_total":0.003186017,"profit_total_pct":0.32,"duration_avg":"10:00:00","wins":1,"draws":0,"losses":0,"winrate":1.0,"cagr":0.03816335721290054,"expectancy":3.186017,"expectancy_ratio":100.0,"sortino":-100,"sharpe":-100,"calmar":-100,"sqn":-100.0,"profit_factor":0.0,"max_drawdown_account":0.0,"max_drawdown_abs":0.0},{"key":"TOTAL","trades":1,"profit_mean":0.01117462561560898,"profit_mean_pct":1.12,"profit_total_abs":3.186017,"profit_total":0.003186017,"profit_total_pct":0.32,"duration_avg":"10:00:00","wins":1,"draws":0,"losses":0,"winrate":1.0,"cagr":0.03816335721290054,"expectancy":3.186017,"expectancy_ratio":100.0,"sortino":-100,"sharpe":-100,"calmar":-100,"sqn":-100.0,"profit_factor":0.0,"max_drawdown_account":0.0,"max_drawdown_abs":0.0}],"total_trades":29,"trade_count_long":29,"trade_count_short":0,"total_volume":17205.899072628734,"avg_stake_amount":297.9708141251724,"profit_mean":-0.013872017619130681,"profit_median":-0.0036781675882003807,"profit_total":-0.12794853322999997,"profit_total_long":-0.12794853322999997,"profit_total_short":0.0,"profit_total_abs":-127.94853322999997,"profit_total_long_abs":-127.94853322999997,"profit_total_short_abs":0.0,"cagr":-0.800505293491705,"expectancy":-4.412018387241378,"expectancy_ratio":-0.3884594631117855,"sortino":-12.019470790361176,"sharpe":-8.532180827808405,"calmar":-47.16801798735269,"sqn":-2.5261,"profit_factor":0.29591722310988877,"backtest_start":"2026-01-20 00:00:00","backtest_start_ts":1768867200000,"backtest_end":"2026-02-20 00:00:00","backtest_end_ts":1771545600000,"backtest_days":31,"backtest_run_start_ts":1771555790,"backtest_run_end_ts":1771555790,"trades_per_day":0.94,"market_change":-0.3195652300127002,"pairlist":["BTC/USDT","ETH/USDT","SOL/USDT","DOGE/USDT"],"stake_amount":"unlimited","stake_currency":"USDT","stake_currency_decimals":3,"starting_balance":1000,"dry_run_wallet":1000,"final_balance":872.05146677,"rejected_signals":3,"timedout_entry_orders":0,"timedout_exit_orders":0,"canceled_trade_entries":0,"canceled_entry_orders":0,"replaced_entry_orders":0,"max_open_trades":3,"max_open_trades_setting":3,"timeframe":"15m","timeframe_detail":"","timerange":"20260120-20260220","enable_protections":false,"strategy_name":"RSIReversalStrategy","freqaimodel":null,"freqai_identifier":null,"stoploss":-0.05,"trailing_stop":true,"trailing_stop_positive":0.025,"trailing_stop_positive_offset":0.035,"trailing_only_offset_is_reached":true,"use_custom_stoploss":false,"minimal_roi":{"0":0.06},"use_exit_signal":true,"exit_profit_only":false,"exit_profit_offset":0.0,"ignore_roi_if_entry_signal":false,"trading_mode":"spot","margin_mode":"","periodic_breakdown":{"day":[{"date":"26/01/2026","date_ts":1769385600000,"profit_abs":0.5085834,"wins":1,"draws":0,"losses":1,"trades":2,"profit_factor":1.08627103},{"date":"27/01/2026","date_ts":1769472000000,"profit_abs":0.0,"wins":0,"draws":0,"losses":0,"trades":0,"profit_factor":0.0},{"date":"28/01/2026","date_ts":1769558400000,"profit_abs":3.24999919,"wins":1,"draws":0,"losses":0,"trades":1,"profit_factor":0.0},{"date":"29/01/2026","date_ts":1769644800000,"profit_abs":0.0,"wins":0,"draws":0,"losses":0,"trades":0,"profit_factor":0.0},{"date":"30/01/2026","date_ts":1769731200000,"profit_abs":-39.65114979,"wins":0,"draws":0,"losses":3,"trades":3,"profit_factor":0.0},{"date":"31/01/2026","date_ts":1769817600000,"profit_abs":-97.78791722,"wins":0,"draws":0,"losses":6,"trades":6,"profit_factor":0.0},{"date":"01/02/2026","date_ts":1769904000000,"profit_abs":-0.10752497,"wins":0,"draws":0,"losses":1,"trades":1,"profit_factor":0.0},{"date":"02/02/2026","date_ts":1769990400000,"profit_abs":0.0,"wins":0,"draws":0,"losses":0,"trades":0,"profit_factor":0.0},{"date":"03/02/2026","date_ts":1770076800000,"profit_abs":0.0,"wins":0,"draws":0,"losses":0,"trades":0,"profit_factor":0.0},{"date":"04/02/2026","date_ts":1770163200000,"profit_abs":0.0,"wins":0,"draws":0,"losses":0,"trades":0,"profit_factor":0.0},{"date":"05/02/2026","date_ts":1770249600000,"profit_abs":0.0,"wins":0,"draws":0,"losses":0,"trades":0,"profit_factor":0.0},{"date":"06/02/2026","date_ts":1770336000000,"profit_abs":-30.25717048,"wins":0,"draws":0,"losses":2,"trades":2,"profit_factor":0.0},{"date":"07/02/2026","date_ts":1770422400000,"profit_abs":4.35596282,"wins":1,"draws":0,"losses":0,"trades":1,"profit_factor":0.0},{"date":"08/02/2026","date_ts":1770508800000,"profit_abs":0.0,"wins":0,"draws":0,"losses":0,"trades":0,"profit_factor":0.0},{"date":"09/02/2026","date_ts":1770595200000,"profit_abs":14.37365063,"wins":3,"draws":0,"losses":0,"trades":3,"profit_factor":0.0},{"date":"10/02/2026","date_ts":1770681600000,"profit_abs":0.0,"wins":0,"draws":0,"losses":0,"trades":0,"profit_factor":0.0},{"date":"11/02/2026","date_ts":1770768000000,"profit_abs":-2.08890717,"wins":0,"draws":0,"losses":1,"trades":1,"profit_factor":0.0},{"date":"12/02/2026","date_ts":1770854400000,"profit_abs":4.12201055,"wins":1,"draws":0,"losses":0,"trades":1,"profit_factor":0.0},{"date":"13/02/2026","date_ts":1770940800000,"profit_abs":0.0,"wins":0,"draws":0,"losses":0,"trades":0,"profit_factor":0.0},{"date":"14/02/2026","date_ts":1771027200000,"profit_abs":0.0,"wins":0,"draws":0,"losses":0,"trades":0,"profit_factor":0.0},{"date":"15/02/2026","date_ts":1771113600000,"profit_abs":0.0,"wins":0,"draws":0,"losses":0,"trades":0,"profit_factor":0.0},{"date":"16/02/2026","date_ts":1771200000000,"profit_abs":0.72616881,"wins":2,"draws":0,"losses":1,"trades":3,"profit_factor":1.69727439},{"date":"17/02/2026","date_ts":1771286400000,"profit_abs":0.0,"wins":0,"draws":0,"losses":0,"trades":0,"profit_factor":0.0},{"date":"18/02/2026","date_ts":1771372800000,"profit_abs":10.13569007,"wins":2,"draws":0,"losses":0,"trades":2,"profit_factor":0.0},{"date":"19/02/2026","date_ts":1771459200000,"profit_abs":1.28605393,"wins":1,"draws":0,"losses":1,"trades":2,"profit_factor":1.26275932},{"date":"20/02/2026","date_ts":1771545600000,"profit_abs":3.186017,"wins":1,"draws":0,"losses":0,"trades":1,"profit_factor":0.0}],"week":[{"date":"26/01/2026","date_ts":1769385600000,"profit_abs":0.5085834,"wins":1,"draws":0,"losses":1,"trades":2,"profit_factor":1.08627103},{"date":"02/02/2026","date_ts":1769990400000,"profit_abs":-134.29659279,"wins":1,"draws":0,"losses":10,"trades":11,"profit_factor":0.02362835},{"date":"09/02/2026","date_ts":1770595200000,"profit_abs":-11.52755703,"wins":4,"draws":0,"losses":2,"trades":6,"profit_factor":0.61901404},{"date":"16/02/2026","date_ts":1771200000000,"profit_abs":2.75927219,"wins":3,"draws":0,"losses":2,"trades":5,"profit_factor":1.88145909},{"date":"23/02/2026","date_ts":1771804800000,"profit_abs":14.607761,"wins":4,"draws":0,"losses":1,"trades":5,"profit_factor":3.98457577}],"month":[{"date":"31/01/2026","date_ts":1769817600000,"profit_abs":-133.68048442,"wins":2,"draws":0,"losses":10,"trades":12,"profit_factor":0.06735141},{"date":"28/02/2026","date_ts":1772236800000,"profit_abs":5.73195119,"wins":11,"draws":0,"losses":6,"trades":17,"profit_factor":1.14931055}],"year":[{"date":"31/12/2026","date_ts":1798675200000,"profit_abs":-127.94853323,"wins":13,"draws":0,"losses":16,"trades":29,"profit_factor":0.29591722}],"weekday":[{"date":"Monday","date_ts":0,"profit_abs":15.60840284,"wins":6,"draws":0,"losses":2,"trades":8,"profit_factor":3.25014501},{"date":"Wednesday","date_ts":2,"profit_abs":11.29678209,"wins":3,"draws":0,"losses":1,"trades":4,"profit_factor":6.40798665},{"date":"Thursday","date_ts":3,"profit_abs":5.40806448,"wins":2,"draws":0,"losses":1,"trades":3,"profit_factor":2.10494539},{"date":"Friday","date_ts":4,"profit_abs":-66.72230327,"wins":1,"draws":0,"losses":5,"trades":6,"profit_factor":0.04557422},{"date":"Saturday","date_ts":5,"profit_abs":-93.4319544,"wins":1,"draws":0,"losses":6,"trades":7,"profit_factor":0.044545},{"date":"Sunday","date_ts":6,"profit_abs":-0.10752497,"wins":0,"draws":0,"losses":1,"trades":1,"profit_factor":0.0}]},"backtest_best_day":0.05175637468026481,"backtest_worst_day":-0.316946668886321,"backtest_best_day_abs":14.37365063,"backtest_worst_day_abs":-97.78791722,"winning_days":9,"draw_days":12,"losing_days":5,"daily_profit":[["2026-01-26",0.5085834],["2026-01-27",0.0],["2026-01-28",3.24999919],["2026-01-29",0.0],["2026-01-30",-39.65114979],["2026-01-31",-97.78791722],["2026-02-01",-0.10752497],["2026-02-02",0.0],["2026-02-03",0.0],["2026-02-04",0.0],["2026-02-05",0.0],["2026-02-06",-30.25717048],["2026-02-07",4.35596282],["2026-02-08",0.0],["2026-02-09",14.37365063],["2026-02-10",0.0],["2026-02-11",-2.08890717],["2026-02-12",4.12201055],["2026-02-13",0.0],["2026-02-14",0.0],["2026-02-15",0.0],["2026-02-16",0.72616881],["2026-02-17",0.0],["2026-02-18",10.13569007],["2026-02-19",1.28605393],["2026-02-20",3.186017]],"wins":13,"losses":16,"draws":0,"winrate":0.4482758620689655,"holding_avg":"8:58:00","holding_avg_s":32280.0,"winner_holding_min":"0d 04:45","winner_holding_min_s":17100.0,"winner_holding_max":"0d 17:15","winner_holding_max_s":62100.0,"winner_holding_avg":"0d 08:44","winner_holding_avg_s":31440.0,"loser_holding_min":"0d 01:00","loser_holding_min_s":3600.0,"loser_holding_max":"1d 07:00","loser_holding_max_s":111600.0,"loser_holding_avg":"0d 09:10","loser_holding_avg_s":33000.0,"max_consecutive_wins":4,"max_consecutive_losses":12,"max_drawdown_account":0.16717541983752268,"max_relative_drawdown":0.16717541983752268,"max_drawdown_abs":167.80376245999997,"drawdown_start":"2026-01-28 20:30:00","drawdown_start_ts":1769632200000.0,"drawdown_end":"2026-02-06 00:00:00","drawdown_end_ts":1770336000000.0,"drawdown_duration":"8 days 03:30:00","drawdown_duration_s":703800.0,"max_drawdown_low":-164.04517986999997,"max_drawdown_high":3.75858259,"csum_min":835.95482013,"csum_max":1003.75858259}},"strategy_comparison":[{"key":"RSIReversalStrategy","trades":29,"profit_mean":-0.013872017619130681,"profit_mean_pct":-1.39,"profit_total_abs":-127.94853322999997,"profit_total":-0.12794853322999997,"profit_total_pct":-12.79,"duration_avg":"8:58:00","wins":13,"draws":0,"losses":16,"winrate":0.4482758620689655,"cagr":-0.800505293491705,"expectancy":-4.412018387241378,"expectancy_ratio":-0.3884594631117855,"sortino":-12.019470790361176,"sharpe":-8.532180827808405,"calmar":-47.16801798735269,"sqn":-2.5261,"profit_factor":0.29591722310988877,"max_drawdown_account":0.16717541983752268,"max_drawdown_abs":"167.804"}]}