{"strategy":{"SupertrendStrategy_Smart":{"trades":[{"pair":"ETH/USDT","stake_amount":99.998624,"max_stake_amount":99.998624,"amount":0.03179,"open_date":"2025-12-15 09:15:00+00:00","close_date":"2025-12-15 15:30:00+00:00","open_rate":3145.6,"close_rate":2988.3199999999997,"fee_open":0.0015,"fee_close":0.0015,"trade_duration":375,"profit_ratio":-0.05284573145082442,"profit_abs":-5.29242718,"exit_reason":"stop_loss","initial_stop_loss_abs":2988.3199999999997,"initial_stop_loss_ratio":-0.05,"stop_loss_abs":2988.3199999999997,"stop_loss_ratio":-0.05,"min_rate":2986.4,"max_rate":3177.78,"is_open":false,"enter_tag":"","leverage":1.0,"is_short":false,"open_timestamp":1765790100000,"close_timestamp":1765812600000,"orders":[{"amount":0.03179,"safe_price":3145.6,"ft_order_side":"buy","order_filled_timestamp":1765790100000,"ft_is_entry":true,"ft_order_tag":"","cost":100.148621936},{"amount":0.03179,"safe_price":2988.3199999999997,"ft_order_side":"sell","order_filled_timestamp":1765812600000,"ft_is_entry":false,"ft_order_tag":"stop_loss","cost":95.1411908392}],"funding_fees":0.0,"weekday":0},{"pair":"BTC/USDT","stake_amount":99.99953938,"max_stake_amount":99.99953938,"amount":0.00111205,"open_date":"2025-12-17 15:30:00+00:00","close_date":"2025-12-17 19:00:00+00:00","open_rate":89923.6,"close_rate":85427.42,"fee_open":0.0015,"fee_close":0.0015,"trade_duration":210,"profit_ratio":-0.05284573138605584,"profit_abs":-5.29247562,"exit_reason":"stop_loss","initial_stop_loss_abs":85427.42,"initial_stop_loss_ratio":-0.05,"stop_loss_abs":85427.42,"stop_loss_ratio":-0.05,"min_rate":85328.4,"max_rate":90075.5,"is_open":false,"enter_tag":"","leverage":1.0,"is_short":false,"open_timestamp":1765985400000,"close_timestamp":1765998000000,"orders":[{"amount":0.00111205,"safe_price":89923.6,"ft_order_side":"buy","order_filled_timestamp":1765985400000,"ft_is_entry":true,"ft_order_tag":"","cost":100.14953868907003},{"amount":0.00111205,"safe_price":85427.42,"ft_order_side":"sell","order_filled_timestamp":1765998000000,"ft_is_entry":false,"ft_order_tag":"stop_loss","cost":95.1420617546165}],"funding_fees":0.0,"weekday":2},{"pair":"ETH/USDT","stake_amount":99.9980436,"max_stake_amount":99.9980436,"amount":0.033124,"open_date":"2025-12-22 02:00:00+00:00","close_date":"2026-01-02 14:45:00+00:00","open_rate":3018.9,"close_rate":3088.4390085127693,"fee_open":0.0015,"fee_close":0.0015,"trade_duration":16605,"profit_ratio":0.01997004491263066,"profit_abs":1.99996087,"exit_reason":"roi","initial_stop_loss_abs":2867.955,"initial_stop_loss_ratio":-0.05,"stop_loss_abs":2867.955,"stop_loss_ratio":-0.05,"min_rate":2888.88,"max_rate":3109.54,"is_open":false,"enter_tag":"","leverage":1.0,"is_short":false,"open_timestamp":1766368800000,"close_timestamp":1767365100000,"orders":[{"amount":0.033124,"safe_price":3018.9,"ft_order_side":"buy","order_filled_timestamp":1766368800000,"ft_is_entry":true,"ft_order_tag":"","cost":100.1480406654},{"amount":0.033124,"safe_price":3088.4390085127693,"ft_order_side":"sell","order_filled_timestamp":1767365100000,"ft_is_entry":false,"ft_order_tag":"roi","cost":102.45490589855395}],"funding_fees":0.0,"weekday":4},{"pair":"DOGE/USDT","stake_amount":99.9999999,"max_stake_amount":99.9999999,"amount":750.75075,"open_date":"2026-01-02 14:45:00+00:00","close_date":"2026-01-02 16:45:00+00:00","open_rate":0.1332,"close_rate":0.13760220330495745,"fee_open":0.0015,"fee_close":0.0015,"trade_duration":120,"profit_ratio":0.029955067428856716,"profit_abs":3.0,"exit_reason":"roi","initial_stop_loss_abs":0.12654,"initial_stop_loss_ratio":-0.05,"stop_loss_abs":0.13577,"stop_loss_ratio":-0.02,"min_rate":0.13265,"max_rate":0.13854,"is_open":false,"enter_tag":"","leverage":1.0,"is_short":false,"open_timestamp":1767365100000,"close_timestamp":1767372300000,"orders":[{"amount":750.75075,"safe_price":0.1332,"ft_order_side":"buy","order_filled_timestamp":1767365100000,"ft_is_entry":true,"ft_order_tag":"","cost":100.14999989985003},{"amount":750.75075,"safe_price":0.13760220330495745,"ft_order_side":"sell","order_filled_timestamp":1767372300000,"ft_is_entry":false,"ft_order_tag":"roi","cost":103.45991476884858}],"funding_fees":0.0,"weekday":4},{"pair":"BTC/USDT","stake_amount":99.99949911,"max_stake_amount":99.99949911,"amount":0.00112643,"open_date":"2025-12-18 13:45:00+00:00","close_date":"2026-01-02 17:15:00+00:00","open_rate":88775.6,"close_rate":90820.50615923887,"fee_open":0.0015,"fee_close":0.0015,"trade_duration":21810,"profit_ratio":0.019970044911033345,"profit_abs":1.99998998,"exit_reason":"roi","initial_stop_loss_abs":84336.82,"initial_stop_loss_ratio":-0.05,"stop_loss_abs":84336.82,"stop_loss_ratio":-0.05,"min_rate":84456.2,"max_rate":90960.0,"is_open":false,"enter_tag":"","leverage":1.0,"is_short":false,"open_timestamp":1766065500000,"close_timestamp":1767374100000,"orders":[{"amount":0.00112643,"safe_price":88775.6,"ft_order_side":"buy","order_filled_timestamp":1766065500000,"ft_is_entry":true,"ft_order_tag":"","cost":100.14949835666201},{"amount":0.00112643,"safe_price":90820.50615923887,"ft_order_side":"sell","order_filled_timestamp":1767374100000,"ft_is_entry":false,"ft_order_tag":"roi","cost":102.45639716708088}],"funding_fees":0.0,"weekday":4},{"pair":"DOGE/USDT","stake_amount":99.99999999,"max_stake_amount":99.99999999,"amount":720.461095,"open_date":"2026-01-02 17:15:00+00:00","close_date":"2026-01-02 21:45:00+00:00","open_rate":0.1388,"close_rate":0.14199719579369055,"fee_open":0.0015,"fee_close":0.0015,"trade_duration":270,"profit_ratio":0.019970044935396905,"profit_abs":2.0,"exit_reason":"roi","initial_stop_loss_abs":0.13186,"initial_stop_loss_ratio":-0.05,"stop_loss_abs":0.13186,"stop_loss_ratio":-0.05,"min_rate":0.13722,"max_rate":0.14228,"is_open":false,"enter_tag":"","leverage":1.0,"is_short":false,"open_timestamp":1767374100000,"close_timestamp":1767390300000,"orders":[{"amount":720.461095,"safe_price":0.1388,"ft_order_side":"buy","order_filled_timestamp":1767374100000,"ft_is_entry":true,"ft_order_tag":"","cost":100.14999998597901},{"amount":720.461095,"safe_price":0.14199719579369055,"ft_order_side":"sell","order_filled_timestamp":1767390300000,"ft_is_entry":false,"ft_order_tag":"roi","cost":102.45691035120437}],"funding_fees":0.0,"weekday":4},{"pair":"DOGE/USDT","stake_amount":99.99999993,"max_stake_amount":99.99999993,"amount":707.513796,"open_date":"2026-01-02 22:00:00+00:00","close_date":"2026-01-04 00:00:00+00:00","open_rate":0.14134,"close_rate":0.144595703555333,"fee_open":0.0015,"fee_close":0.0015,"trade_duration":1560,"profit_ratio":0.019970044947251124,"profit_abs":2.0,"exit_reason":"roi","initial_stop_loss_abs":0.13428,"initial_stop_loss_ratio":-0.05,"stop_loss_abs":0.13428,"stop_loss_ratio":-0.05,"min_rate":0.13915,"max_rate":0.14491,"is_open":false,"enter_tag":"","leverage":1.0,"is_short":false,"open_timestamp":1767391200000,"close_timestamp":1767484800000,"orders":[{"amount":707.513796,"safe_price":0.14134,"ft_order_side":"buy","order_filled_timestamp":1767391200000,"ft_is_entry":true,"ft_order_tag":"","cost":100.14999992652996},{"amount":707.513796,"safe_price":0.144595703555333,"ft_order_side":"sell","order_filled_timestamp":1767484800000,"ft_is_entry":false,"ft_order_tag":"roi","cost":102.45691029038592}],"funding_fees":0.0,"weekday":6},{"pair":"DOGE/USDT","stake_amount":99.99999986,"max_stake_amount":99.99999986,"amount":690.989496,"open_date":"2026-01-04 00:15:00+00:00","close_date":"2026-01-04 03:30:00+00:00","open_rate":0.14472,"close_rate":0.1495029344016024,"fee_open":0.0015,"fee_close":0.0015,"trade_duration":195,"profit_ratio":0.029955067440503247,"profit_abs":3.0,"exit_reason":"roi","initial_stop_loss_abs":0.13749,"initial_stop_loss_ratio":-0.05,"stop_loss_abs":0.14773,"stop_loss_ratio":-0.02,"min_rate":0.14403,"max_rate":0.15074,"is_open":false,"enter_tag":"","leverage":1.0,"is_short":false,"open_timestamp":1767485700000,"close_timestamp":1767497400000,"orders":[{"amount":690.989496,"safe_price":0.14472,"ft_order_side":"buy","order_filled_timestamp":1767485700000,"ft_is_entry":true,"ft_order_tag":"","cost":100.14999986091169},{"amount":690.989496,"safe_price":0.1495029344016024,"ft_order_side":"sell","order_filled_timestamp":1767497400000,"ft_is_entry":false,"ft_order_tag":"roi","cost":103.45991472862335}],"funding_fees":0.0,"weekday":6},{"pair":"ETH/USDT","stake_amount":99.99931392,"max_stake_amount":99.99931392,"amount":0.031992,"open_date":"2026-01-02 16:45:00+00:00","close_date":"2026-01-05 01:00:00+00:00","open_rate":3125.76,"close_rate":3197.760480721082,"fee_open":0.0015,"fee_close":0.0015,"trade_duration":3375,"profit_ratio":0.019970044948577244,"profit_abs":1.99998628,"exit_reason":"roi","initial_stop_loss_abs":2969.472,"initial_stop_loss_ratio":-0.05,"stop_loss_abs":2969.472,"stop_loss_ratio":-0.05,"min_rate":3075.82,"max_rate":3198.45,"is_open":false,"enter_tag":"","leverage":1.0,"is_short":false,"open_timestamp":1767372300000,"close_timestamp":1767574800000,"orders":[{"amount":0.031992,"safe_price":3125.76,"ft_order_side":"buy","order_filled_timestamp":1767372300000,"ft_is_entry":true,"ft_order_tag":"","cost":100.14931289088001},{"amount":0.031992,"safe_price":3197.760480721082,"ft_order_side":"sell","order_filled_timestamp":1767574800000,"ft_is_entry":false,"ft_order_tag":"roi","cost":102.45620742917771}],"funding_fees":0.0,"weekday":0},{"pair":"BTC/USDT","stake_amount":99.99913755,"max_stake_amount":99.99913755,"amount":0.00109411,"open_date":"2026-01-04 05:45:00+00:00","close_date":"2026-01-05 14:45:00+00:00","open_rate":91397.7,"close_rate":93503.00505758637,"fee_open":0.0015,"fee_close":0.0015,"trade_duration":1980,"profit_ratio":0.019970044923215094,"profit_abs":1.99998275,"exit_reason":"roi","initial_stop_loss_abs":86827.81499999999,"initial_stop_loss_ratio":-0.05,"stop_loss_abs":86827.81499999999,"stop_loss_ratio":-0.05,"min_rate":90875.0,"max_rate":93681.5,"is_open":false,"enter_tag":"","leverage":1.0,"is_short":false,"open_timestamp":1767505500000,"close_timestamp":1767624300000,"orders":[{"amount":0.00109411,"safe_price":91397.7,"ft_order_side":"buy","order_filled_timestamp":1767505500000,"ft_is_entry":true,"ft_order_tag":"","cost":100.14913625332049},{"amount":0.00109411,"safe_price":93503.00505758637,"ft_order_side":"sell","order_filled_timestamp":1767624300000,"ft_is_entry":false,"ft_order_tag":"roi","cost":102.45602672285116}],"funding_fees":0.0,"weekday":0},{"pair":"ETH/USDT","stake_amount":99.99952807,"max_stake_amount":99.99952807,"amount":0.031343,"open_date":"2026-01-05 01:15:00+00:00","close_date":"2026-01-05 20:15:00+00:00","open_rate":3190.49,"close_rate":3263.9815072608912,"fee_open":0.0015,"fee_close":0.0015,"trade_duration":1140,"profit_ratio":0.019970044918622,"profit_abs":1.99999056,"exit_reason":"roi","initial_stop_loss_abs":3030.9655,"initial_stop_loss_ratio":-0.05,"stop_loss_abs":3030.9655,"stop_loss_ratio":-0.05,"min_rate":3135.23,"max_rate":3265.88,"is_open":false,"enter_tag":"","leverage":1.0,"is_short":false,"open_timestamp":1767575700000,"close_timestamp":1767644100000,"orders":[{"amount":0.031343,"safe_price":3190.49,"ft_order_side":"buy","order_filled_timestamp":1767575700000,"ft_is_entry":true,"ft_order_tag":"","cost":100.149527362105},{"amount":0.031343,"safe_price":3263.9815072608912,"ft_order_side":"sell","order_filled_timestamp":1767644100000,"ft_is_entry":false,"ft_order_tag":"roi","cost":102.45642684065125}],"funding_fees":0.0,"weekday":0},{"pair":"DOGE/USDT","stake_amount":99.99999986,"max_stake_amount":99.99999986,"amount":650.999283,"open_date":"2026-01-05 20:30:00+00:00","close_date":"2026-01-06 16:00:00+00:00","open_rate":0.15361,"close_rate":0.14593,"fee_open":0.0015,"fee_close":0.0015,"trade_duration":1170,"profit_ratio":-0.05284248614401181,"profit_abs":-5.29217498,"exit_reason":"stop_loss","initial_stop_loss_abs":0.14593,"initial_stop_loss_ratio":-0.05,"stop_loss_abs":0.14593,"stop_loss_ratio":-0.05,"min_rate":0.14532,"max_rate":0.15662,"is_open":false,"enter_tag":"","leverage":1.0,"is_short":false,"open_timestamp":1767645000000,"close_timestamp":1767715200000,"orders":[{"amount":650.999283,"safe_price":0.15361,"ft_order_side":"buy","order_filled_timestamp":1767645000000,"ft_is_entry":true,"ft_order_tag":"","cost":100.14999986142246},{"amount":650.999283,"safe_price":0.14593,"ft_order_side":"sell","order_filled_timestamp":1767715200000,"ft_is_entry":false,"ft_order_tag":"stop_loss","cost":95.1428258562423}],"funding_fees":0.0,"weekday":1},{"pair":"DOGE/USDT","stake_amount":99.99999992,"max_stake_amount":99.99999992,"amount":664.142923,"open_date":"2026-01-07 00:00:00+00:00","close_date":"2026-01-08 06:15:00+00:00","open_rate":0.15057,"close_rate":0.14305,"fee_open":0.0015,"fee_close":0.0015,"trade_duration":1815,"profit_ratio":-0.0527894483717938,"profit_abs":-5.28686325,"exit_reason":"stop_loss","initial_stop_loss_abs":0.14305,"initial_stop_loss_ratio":-0.05,"stop_loss_abs":0.14305,"stop_loss_ratio":-0.05,"min_rate":0.14288,"max_rate":0.15404,"is_open":false,"enter_tag":"","leverage":1.0,"is_short":false,"open_timestamp":1767744000000,"close_timestamp":1767852900000,"orders":[{"amount":664.142923,"safe_price":0.15057,"ft_order_side":"buy","order_filled_timestamp":1767744000000,"ft_is_entry":true,"ft_order_tag":"","cost":100.14999991598417},{"amount":664.142923,"safe_price":0.14305,"ft_order_side":"sell","order_filled_timestamp":1767852900000,"ft_is_entry":false,"ft_order_tag":"stop_loss","cost":95.14815360285273}],"funding_fees":0.0,"weekday":3},{"pair":"ETH/USDT","stake_amount":99.99715667,"max_stake_amount":99.99715667,"amount":0.032191,"open_date":"2026-01-11 11:45:00+00:00","close_date":"2026-01-13 15:45:00+00:00","open_rate":3106.37,"close_rate":3177.9238407611415,"fee_open":0.0015,"fee_close":0.0015,"trade_duration":3120,"profit_ratio":0.019970044898651056,"profit_abs":1.99994313,"exit_reason":"roi","initial_stop_loss_abs":2951.0514999999996,"initial_stop_loss_ratio":-0.05,"stop_loss_abs":2951.0514999999996,"stop_loss_ratio":-0.05,"min_rate":3066.0,"max_rate":3188.8,"is_open":false,"enter_tag":"","leverage":1.0,"is_short":false,"open_timestamp":1768131900000,"close_timestamp":1768319100000,"orders":[{"amount":0.032191,"safe_price":3106.37,"ft_order_side":"buy","order_filled_timestamp":1768131900000,"ft_is_entry":true,"ft_order_tag":"","cost":100.147152405005},{"amount":0.032191,"safe_price":3177.9238407611415,"ft_order_side":"sell","order_filled_timestamp":1768319100000,"ft_is_entry":false,"ft_order_tag":"roi","cost":102.45399717747881}],"funding_fees":0.0,"weekday":1},{"pair":"DOGE/USDT","stake_amount":99.99999988,"max_stake_amount":99.99999988,"amount":707.313622,"open_date":"2026-01-13 15:45:00+00:00","close_date":"2026-01-13 19:45:00+00:00","open_rate":0.14138,"close_rate":0.14463662493740612,"fee_open":0.0015,"fee_close":0.0015,"trade_duration":240,"profit_ratio":0.01997004495689266,"profit_abs":2.0,"exit_reason":"roi","initial_stop_loss_abs":0.13432,"initial_stop_loss_ratio":-0.05,"stop_loss_abs":0.13432,"stop_loss_ratio":-0.05,"min_rate":0.14103,"max_rate":0.14479,"is_open":false,"enter_tag":"","leverage":1.0,"is_short":false,"open_timestamp":1768319100000,"close_timestamp":1768333500000,"orders":[{"amount":707.313622,"safe_price":0.14138,"ft_order_side":"buy","order_filled_timestamp":1768319100000,"ft_is_entry":true,"ft_order_tag":"","cost":100.14999987817755},{"amount":707.313622,"safe_price":0.14463662493740612,"ft_order_side":"sell","order_filled_timestamp":1768333500000,"ft_is_entry":false,"ft_order_tag":"roi","cost":102.45691024091975}],"funding_fees":0.0,"weekday":1},{"pair":"BTC/USDT","stake_amount":99.99961238,"max_stake_amount":99.99961238,"amount":0.00106464,"open_date":"2026-01-05 16:15:00+00:00","close_date":"2026-01-13 22:00:00+00:00","open_rate":93928.1,"close_rate":96091.6916875313,"fee_open":0.0015,"fee_close":0.0015,"trade_duration":11865,"profit_ratio":0.01997004495576644,"profit_abs":1.99999225,"exit_reason":"roi","initial_stop_loss_abs":89231.695,"initial_stop_loss_ratio":-0.05,"stop_loss_abs":89231.695,"stop_loss_ratio":-0.05,"min_rate":89327.8,"max_rate":96543.0,"is_open":false,"enter_tag":"","leverage":1.0,"is_short":false,"open_timestamp":1767629700000,"close_timestamp":1768341600000,"orders":[{"amount":0.00106464,"safe_price":93928.1,"ft_order_side":"buy","order_filled_timestamp":1767629700000,"ft_is_entry":true,"ft_order_tag":"","cost":100.149611802576},{"amount":0.00106464,"safe_price":96091.6916875313,"ft_order_side":"sell","order_filled_timestamp":1768341600000,"ft_is_entry":false,"ft_order_tag":"roi","cost":102.45651322617064}],"funding_fees":0.0,"weekday":1},{"pair":"DOGE/USDT","stake_amount":99.99999989,"max_stake_amount":99.99999989,"amount":690.274038,"open_date":"2026-01-13 20:15:00+00:00","close_date":"2026-01-13 22:00:00+00:00","open_rate":0.14487,"close_rate":0.14728,"fee_open":0.0015,"fee_close":0.0015,"trade_duration":105,"profit_ratio":0.013590265517368031,"profit_abs":1.36106509,"exit_reason":"trailing_stop_loss","initial_stop_loss_abs":0.13763,"initial_stop_loss_ratio":-0.05,"stop_loss_abs":0.14728,"stop_loss_ratio":-0.02,"min_rate":0.14353,"max_rate":0.15028,"is_open":false,"enter_tag":"","leverage":1.0,"is_short":false,"open_timestamp":1768335300000,"close_timestamp":1768341600000,"orders":[{"amount":690.274038,"safe_price":0.14487,"ft_order_side":"buy","order_filled_timestamp":1768335300000,"ft_is_entry":true,"ft_order_tag":"","cost":100.1499998848876},{"amount":690.274038,"safe_price":0.14728,"ft_order_side":"sell","order_filled_timestamp":1768341600000,"ft_is_entry":false,"ft_order_tag":"trailing_stop_loss","cost":101.81605565711497}],"funding_fees":0.0,"weekday":1},{"pair":"BTC/USDT","stake_amount":99.99939477,"max_stake_amount":99.99939477,"amount":0.00104594,"open_date":"2026-01-13 22:15:00+00:00","close_date":"2026-01-14 20:00:00+00:00","open_rate":95607.2,"close_rate":97809.46900350526,"fee_open":0.0015,"fee_close":0.0015,"trade_duration":1305,"profit_ratio":0.019970044978931883,"profit_abs":1.9999879,"exit_reason":"roi","initial_stop_loss_abs":90826.84,"initial_stop_loss_ratio":-0.05,"stop_loss_abs":90826.84,"stop_loss_ratio":-0.05,"min_rate":94521.7,"max_rate":97925.4,"is_open":false,"enter_tag":"","leverage":1.0,"is_short":false,"open_timestamp":1768342500000,"close_timestamp":1768420800000,"orders":[{"amount":0.00104594,"safe_price":95607.2,"ft_order_side":"buy","order_filled_timestamp":1768342500000,"ft_is_entry":true,"ft_order_tag":"","cost":100.14939386015199},{"amount":0.00104594,"safe_price":97809.46900350526,"ft_order_side":"sell","order_filled_timestamp":1768420800000,"ft_is_entry":false,"ft_order_tag":"roi","cost":102.45629026354058}],"funding_fees":0.0,"weekday":2},{"pair":"SOL/USDT","stake_amount":99.9999648,"max_stake_amount":99.9999648,"amount":0.682128,"open_date":"2026-01-13 22:30:00+00:00","close_date":"2026-01-18 23:30:00+00:00","open_rate":146.6,"close_rate":139.26999999999998,"fee_open":0.0015,"fee_close":0.0015,"trade_duration":7260,"profit_ratio":-0.05284573143245133,"profit_abs":-5.29249814,"exit_reason":"stop_loss","initial_stop_loss_abs":139.26999999999998,"initial_stop_loss_ratio":-0.05,"stop_loss_abs":139.26999999999998,"stop_loss_ratio":-0.05,"min_rate":139.16,"max_rate":148.42,"is_open":false,"enter_tag":"","leverage":1.0,"is_short":false,"open_timestamp":1768343400000,"close_timestamp":1768779000000,"orders":[{"amount":0.682128,"safe_price":146.6,"ft_order_side":"buy","order_filled_timestamp":1768343400000,"ft_is_entry":true,"ft_order_tag":"","cost":100.14996474719999},{"amount":0.682128,"safe_price":139.26999999999998,"ft_order_side":"sell","order_filled_timestamp":1768779000000,"ft_is_entry":false,"ft_order_tag":"stop_loss","cost":95.14246650983998}],"funding_fees":0.0,"weekday":6},{"pair":"ETH/USDT","stake_amount":99.9995006,"max_stake_amount":99.9995006,"amount":0.029662,"open_date":"2026-01-15 14:00:00+00:00","close_date":"2026-01-19 00:15:00+00:00","open_rate":3371.3,"close_rate":3202.735,"fee_open":0.0015,"fee_close":0.0015,"trade_duration":4935,"profit_ratio":-0.05284573141033454,"profit_abs":-5.29247357,"exit_reason":"stop_loss","initial_stop_loss_abs":3202.735,"initial_stop_loss_ratio":-0.05,"stop_loss_abs":3202.735,"stop_loss_ratio":-0.05,"min_rate":3176.0,"max_rate":3382.99,"is_open":false,"enter_tag":"","leverage":1.0,"is_short":false,"open_timestamp":1768485600000,"close_timestamp":1768781700000,"orders":[{"amount":0.029662,"safe_price":3371.3,"ft_order_side":"buy","order_filled_timestamp":1768485600000,"ft_is_entry":true,"ft_order_tag":"","cost":100.14949985090001},{"amount":0.029662,"safe_price":3202.735,"ft_order_side":"sell","order_filled_timestamp":1768781700000,"ft_is_entry":false,"ft_order_tag":"stop_loss","cost":95.14202485835501}],"funding_fees":0.0,"weekday":0},{"pair":"DOGE/USDT","stake_amount":100.0,"max_stake_amount":100.0,"amount":814.995925,"open_date":"2026-01-26 17:00:00+00:00","close_date":"2026-01-27 16:00:00+00:00","open_rate":0.1227,"close_rate":0.1255263395092639,"fee_open":0.0015,"fee_close":0.0015,"trade_duration":1380,"profit_ratio":0.01997004493310035,"profit_abs":2.0,"exit_reason":"roi","initial_stop_loss_abs":0.11657,"initial_stop_loss_ratio":-0.05,"stop_loss_abs":0.11657,"stop_loss_ratio":-0.05,"min_rate":0.12133,"max_rate":0.1256,"is_open":false,"enter_tag":"","leverage":1.0,"is_short":false,"open_timestamp":1769446800000,"close_timestamp":1769529600000,"orders":[{"amount":814.995925,"safe_price":0.1227,"ft_order_side":"buy","order_filled_timestamp":1769446800000,"ft_is_entry":true,"ft_order_tag":"","cost":100.14999999749627},{"amount":814.995925,"safe_price":0.1255263395092639,"ft_order_side":"sell","order_filled_timestamp":1769529600000,"ft_is_entry":false,"ft_order_tag":"roi","cost":102.45691036298692}],"funding_fees":0.0,"weekday":1},{"pair":"DOGE/USDT","stake_amount":99.99999999,"max_stake_amount":99.99999999,"amount":795.41839,"open_date":"2026-01-27 22:30:00+00:00","close_date":"2026-01-29 14:45:00+00:00","open_rate":0.12572,"close_rate":0.11944,"fee_open":0.0015,"fee_close":0.0015,"trade_duration":2415,"profit_ratio":-0.0527981492809433,"profit_abs":-5.28773465,"exit_reason":"stop_loss","initial_stop_loss_abs":0.11944,"initial_stop_loss_ratio":-0.05,"stop_loss_abs":0.11944,"stop_loss_ratio":-0.05,"min_rate":0.11867,"max_rate":0.1277,"is_open":false,"enter_tag":"","leverage":1.0,"is_short":false,"open_timestamp":1769553000000,"close_timestamp":1769697900000,"orders":[{"amount":795.41839,"safe_price":0.12572,"ft_order_side":"buy","order_filled_timestamp":1769553000000,"ft_is_entry":true,"ft_order_tag":"","cost":100.14999999078621},{"amount":795.41839,"safe_price":0.11944,"ft_order_side":"sell","order_filled_timestamp":1769697900000,"ft_is_entry":false,"ft_order_tag":"stop_loss","cost":95.14727966035242}],"funding_fees":0.0,"weekday":3}],"locks":[],"best_pair":{"key":"BTC/USDT","trades":5,"profit_mean":0.005406889676578185,"profit_mean_pct":0.54,"profit_total_abs":2.70747726,"profit_total":0.00270747726,"profit_total_pct":0.27,"duration_avg":"5 days, 3:54:00","wins":4,"draws":0,"losses":1,"winrate":0.8,"cagr":0.011408189640449429,"expectancy":0.5414954519999999,"expectancy_ratio":0.1023142081096633,"sortino":-100,"sharpe":0.2038251270198561,"calmar":11.23396667419372,"sqn":0.3713,"profit_factor":1.511571040548317,"max_drawdown_account":0.005292475620000005,"max_drawdown_abs":5.29247562},"worst_pair":{"key":"SOL/USDT","trades":1,"profit_mean":-0.05284573143245133,"profit_mean_pct":-5.28,"profit_total_abs":-5.29249814,"profit_total":-0.00529249814,"profit_total_pct":-0.53,"duration_avg":"5 days, 1:00:00","wins":0,"draws":0,"losses":1,"winrate":0.0,"cagr":-0.022017130296368537,"expectancy":-5.29249814,"expectancy_ratio":-1.0,"sortino":-100,"sharpe":-100,"calmar":-21.95973928108359,"sqn":-100.0,"profit_factor":0.0,"max_drawdown_account":0.005292498140000021,"max_drawdown_abs":5.29249814},"results_per_pair":[{"key":"BTC/USDT","trades":5,"profit_mean":0.005406889676578185,"profit_mean_pct":0.54,"profit_total_abs":2.70747726,"profit_total":0.00270747726,"profit_total_pct":0.27,"duration_avg":"5 days, 3:54:00","wins":4,"draws":0,"losses":1,"winrate":0.8,"cagr":0.011408189640449429,"expectancy":0.5414954519999999,"expectancy_ratio":0.1023142081096633,"sortino":-100,"sharpe":0.2038251270198561,"calmar":11.23396667419372,"sqn":0.3713,"profit_factor":1.511571040548317,"max_drawdown_account":0.005292475620000005,"max_drawdown_abs":5.29247562},{"key":"DOGE/USDT","trades":10,"profit_mean":-0.0005049503637379854,"profit_mean_pct":-0.05,"profit_total_abs":-0.5057077899999998,"profit_total":-0.0005057077899999998,"profit_total_pct":-0.05,"duration_avg":"15:27:00","wins":7,"draws":0,"losses":3,"winrate":0.7,"cagr":-0.0021199340315571913,"expectancy":-0.050570778999999844,"expectancy_ratio":-0.009561637905035725,"sortino":-47.74486352050971,"sharpe":-0.032092085905430605,"calmar":-1.0602346913932177,"sqn":-0.0438,"profit_factor":0.9681278736498812,"max_drawdown_account":0.01047429527722776,"max_drawdown_abs":10.57903823},{"key":"ETH/USDT","trades":6,"profit_mean":-0.004301880530446332,"profit_mean_pct":-0.43,"profit_total_abs":-2.5850199100000006,"profit_total":-0.0025850199100000007,"profit_total_pct":-0.26,"duration_avg":"3 days, 10:05:00","wins":4,"draws":0,"losses":2,"winrate":0.6666666666666666,"cagr":-0.010800491502784282,"expectancy":-0.4308366516666666,"expectancy_ratio":-0.0814058935161327,"sortino":-24473.534494375654,"sharpe":-0.16512986299620472,"calmar":-10.754905963183244,"sqn":-0.2802,"profit_factor":0.7557823194516019,"max_drawdown_account":0.005278183133756444,"max_drawdown_abs":5.29247357},{"key":"SOL/USDT","trades":1,"profit_mean":-0.05284573143245133,"profit_mean_pct":-5.28,"profit_total_abs":-5.29249814,"profit_total":-0.00529249814,"profit_total_pct":-0.53,"duration_avg":"5 days, 1:00:00","wins":0,"draws":0,"losses":1,"winrate":0.0,"cagr":-0.022017130296368537,"expectancy":-5.29249814,"expectancy_ratio":-1.0,"sortino":-100,"sharpe":-100,"calmar":-21.95973928108359,"sqn":-100.0,"profit_factor":0.0,"max_drawdown_account":0.005292498140000021,"max_drawdown_abs":5.29249814},{"key":"TOTAL","trades":22,"profit_mean":-0.0025760031758917403,"profit_mean_pct":-0.26,"profit_total_abs":-5.675748579999999,"profit_total":-0.005675748579999999,"profit_total_pct":-0.57,"duration_avg":"2 days, 15:04:00","wins":15,"draws":0,"losses":7,"winrate":0.6818181818181818,"cagr":-0.02359701276376258,"expectancy":-0.257988571818182,"expectancy_ratio":-0.048760353055468,"sortino":-536.5824401353098,"sharpe":-0.3609307847090786,"calmar":-8.336986201636039,"sqn":-0.3424,"profit_factor":0.8467531761113867,"max_drawdown_account":0.014950001838472768,"max_drawdown_abs":15.09075622}],"results_per_enter_tag":[{"key":"","trades":22,"profit_mean":-0.0025760031758917403,"profit_mean_pct":-0.26,"profit_total_abs":-5.675748579999999,"profit_total":-0.005675748579999999,"profit_total_pct":-0.57,"duration_avg":"2 days, 15:04:00","wins":15,"draws":0,"losses":7,"winrate":0.6818181818181818,"cagr":-0.02359701276376258,"expectancy":-0.257988571818182,"expectancy_ratio":-0.048760353055468,"sortino":-536.5824401353098,"sharpe":-0.3609307847090786,"calmar":-8.336986201636039,"sqn":-0.3424,"profit_factor":0.8467531761113867,"max_drawdown_account":0.014950001838472768,"max_drawdown_abs":15.09075622},{"key":"TOTAL","trades":22,"profit_mean":-0.0025760031758917403,"profit_mean_pct":-0.26,"profit_total_abs":-5.675748579999999,"profit_total":-0.005675748579999999,"profit_total_pct":-0.57,"duration_avg":"2 days, 15:04:00","wins":15,"draws":0,"losses":7,"winrate":0.6818181818181818,"cagr":-0.02359701276376258,"expectancy":-0.257988571818182,"expectancy_ratio":-0.048760353055468,"sortino":-536.5824401353098,"sharpe":-0.3609307847090786,"calmar":-8.336986201636039,"sqn":-0.3424,"profit_factor":0.8467531761113867,"max_drawdown_account":0.014950001838472768,"max_drawdown_abs":15.09075622}],"exit_reason_summary":[{"key":"roi","trades":14,"profit_mean":0.021396476720673484,"profit_mean_pct":2.14,"profit_total_abs":29.999833719999998,"profit_total":0.029999833719999997,"profit_total_pct":3.0,"duration_avg":"3 days, 5:20:00","wins":14,"draws":0,"losses":0,"winrate":1.0,"cagr":0.13202763223275626,"expectancy":2.1428452657142856,"expectancy_ratio":100.0,"sortino":-100,"sharpe":18.826189407218106,"calmar":-100,"sqn":22.079,"profit_factor":0.0,"max_drawdown_account":0.0,"max_drawdown_abs":0.0},{"key":"trailing_stop_loss","trades":1,"profit_mean":0.013590265517368031,"profit_mean_pct":1.36,"profit_total_abs":1.36106509,"profit_total":0.0013610650900000001,"profit_total_pct":0.14,"duration_avg":"1:45:00","wins":1,"draws":0,"losses":0,"winrate":1.0,"cagr":0.00572264527406241,"expectancy":1.36106509,"expectancy_ratio":100.0,"sortino":-100,"sharpe":-100,"calmar":-100,"sqn":-100.0,"profit_factor":0.0,"max_drawdown_account":0.0,"max_drawdown_abs":0.0},{"key":"stop_loss","trades":7,"profit_mean":-0.05283042992520215,"profit_mean_pct":-5.28,"profit_total_abs":-37.03664739,"profit_total":-0.037036647389999997,"profit_total_pct":-3.7,"duration_avg":"1 day, 19:17:00","wins":0,"draws":0,"losses":7,"winrate":0.0,"cagr":-0.1464354938144783,"expectancy":-5.290949627142857,"expectancy_ratio":-1.0,"sortino":-3501.4261732779664,"sharpe":-3501.4261732779664,"calmar":-21.95973928108369,"sqn":-5579.5013,"profit_factor":0.0,"max_drawdown_account":0.03703664738999998,"max_drawdown_abs":37.03664739},{"key":"TOTAL","trades":22,"profit_mean":-0.0025760031758917403,"profit_mean_pct":-0.26,"profit_total_abs":-5.675748579999999,"profit_total":-0.005675748579999999,"profit_total_pct":-0.57,"duration_avg":"2 days, 15:04:00","wins":15,"draws":0,"losses":7,"winrate":0.6818181818181818,"cagr":-0.02359701276376258,"expectancy":-0.257988571818182,"expectancy_ratio":-0.048760353055468,"sortino":-536.5824401353098,"sharpe":-0.3609307847090786,"calmar":-8.336986201636039,"sqn":-0.3424,"profit_factor":0.8467531761113867,"max_drawdown_account":0.014950001838472768,"max_drawdown_abs":15.09075622}],"mix_tag_stats":[{"key":["","roi"],"trades":14,"profit_mean":0.021396476720673484,"profit_mean_pct":2.14,"profit_total_abs":29.999833719999998,"profit_total":0.029999833719999997,"profit_total_pct":3.0,"duration_avg":"3 days, 5:20:00","wins":14,"draws":0,"losses":0,"winrate":1.0,"cagr":0.13202763223275626,"expectancy":2.1428452657142856,"expectancy_ratio":100.0,"sortino":-100,"sharpe":18.826189407218106,"calmar":-100,"sqn":22.079,"profit_factor":0.0,"max_drawdown_account":0.0,"max_drawdown_abs":0.0},{"key":["","trailing_stop_loss"],"trades":1,"profit_mean":0.013590265517368031,"profit_mean_pct":1.36,"profit_total_abs":1.36106509,"profit_total":0.0013610650900000001,"profit_total_pct":0.14,"duration_avg":"1:45:00","wins":1,"draws":0,"losses":0,"winrate":1.0,"cagr":0.00572264527406241,"expectancy":1.36106509,"expectancy_ratio":100.0,"sortino":-100,"sharpe":-100,"calmar":-100,"sqn":-100.0,"profit_factor":0.0,"max_drawdown_account":0.0,"max_drawdown_abs":0.0},{"key":["","stop_loss"],"trades":7,"profit_mean":-0.05283042992520215,"profit_mean_pct":-5.28,"profit_total_abs":-37.03664739,"profit_total":-0.037036647389999997,"profit_total_pct":-3.7,"duration_avg":"1 day, 19:17:00","wins":0,"draws":0,"losses":7,"winrate":0.0,"cagr":-0.1464354938144783,"expectancy":-5.290949627142857,"expectancy_ratio":-1.0,"sortino":-3501.4261732779664,"sharpe":-3501.4261732779664,"calmar":-21.95973928108369,"sqn":-5579.5013,"profit_factor":0.0,"max_drawdown_account":0.03703664738999998,"max_drawdown_abs":37.03664739},{"key":"TOTAL","trades":22,"profit_mean":-0.0025760031758917403,"profit_mean_pct":-0.26,"profit_total_abs":-5.675748579999999,"profit_total":-0.005675748579999999,"profit_total_pct":-0.57,"duration_avg":"2 days, 15:04:00","wins":15,"draws":0,"losses":7,"winrate":0.6818181818181818,"cagr":-0.02359701276376258,"expectancy":-0.257988571818182,"expectancy_ratio":-0.048760353055468,"sortino":-536.5824401353098,"sharpe":-0.3609307847090786,"calmar":-8.336986201636039,"sqn":-0.3424,"profit_factor":0.8467531761113867,"max_drawdown_account":0.014950001838472768,"max_drawdown_abs":15.09075622}],"left_open_trades":[{"key":"TOTAL","trades":0,"profit_mean":0.0,"profit_mean_pct":0.0,"profit_total_abs":0.0,"profit_total":0.0,"profit_total_pct":0.0,"duration_avg":"0:00","wins":0,"draws":0,"losses":0,"winrate":0.0,"cagr":0.0,"expectancy":0.0,"expectancy_ratio":100.0,"sortino":0,"sharpe":0,"calmar":0,"sqn":0.0,"profit_factor":0.0,"max_drawdown_account":0.0,"max_drawdown_abs":0.0}],"total_trades":22,"trade_count_long":22,"trade_count_short":0,"total_volume":4407.505592228344,"avg_stake_amount":99.99951427590909,"profit_mean":-0.0025760031758917403,"profit_median":0.01997004491562633,"profit_total":-0.005675748579999999,"profit_total_long":-0.005675748579999999,"profit_total_short":0.0,"profit_total_abs":-5.675748579999999,"profit_total_long_abs":-5.675748579999999,"profit_total_short_abs":0.0,"cagr":-0.02359701276376258,"expectancy":-0.257988571818182,"expectancy_ratio":-0.048760353055468,"sortino":-536.5824401353098,"sharpe":-0.3609307847090786,"calmar":-8.336986201636039,"sqn":-0.3424,"profit_factor":0.8467531761113867,"backtest_start":"2025-11-25 02:00:00","backtest_start_ts":1764036000000,"backtest_end":"2026-02-21 00:00:00","backtest_end_ts":1771632000000,"backtest_days":87,"backtest_run_start_ts":1771663852,"backtest_run_end_ts":1771663854,"trades_per_day":0.25,"market_change":-0.2841111918622262,"pairlist":["BTC/USDT","ETH/USDT","SOL/USDT","DOGE/USDT"],"stake_amount":100,"stake_currency":"USDT","stake_currency_decimals":3,"starting_balance":1000,"dry_run_wallet":1000,"final_balance":994.32425142,"rejected_signals":67,"timedout_entry_orders":0,"timedout_exit_orders":0,"canceled_trade_entries":0,"canceled_entry_orders":0,"replaced_entry_orders":0,"max_open_trades":2,"max_open_trades_setting":2,"timeframe":"15m","timeframe_detail":"","timerange":"20251123-20260221","enable_protections":false,"strategy_name":"SupertrendStrategy_Smart","freqaimodel":null,"freqai_identifier":null,"stoploss":-0.05,"trailing_stop":true,"trailing_stop_positive":0.02,"trailing_stop_positive_offset":0.03,"trailing_only_offset_is_reached":true,"use_custom_stoploss":false,"minimal_roi":{"240":0.02,"120":0.03,"60":0.05,"30":0.08,"0":0.12},"use_exit_signal":true,"exit_profit_only":false,"exit_profit_offset":0.0,"ignore_roi_if_entry_signal":false,"trading_mode":"spot","margin_mode":"","periodic_breakdown":{"day":[{"date":"15/12/2025","date_ts":1765756800000,"profit_abs":-5.29242718,"wins":0,"draws":0,"losses":1,"trades":1,"profit_factor":0.0},{"date":"16/12/2025","date_ts":1765843200000,"profit_abs":0.0,"wins":0,"draws":0,"losses":0,"trades":0,"profit_factor":0.0},{"date":"17/12/2025","date_ts":1765929600000,"profit_abs":-5.29247562,"wins":0,"draws":0,"losses":1,"trades":1,"profit_factor":0.0},{"date":"18/12/2025","date_ts":1766016000000,"profit_abs":0.0,"wins":0,"draws":0,"losses":0,"trades":0,"profit_factor":0.0},{"date":"19/12/2025","date_ts":1766102400000,"profit_abs":0.0,"wins":0,"draws":0,"losses":0,"trades":0,"profit_factor":0.0},{"date":"20/12/2025","date_ts":1766188800000,"profit_abs":0.0,"wins":0,"draws":0,"losses":0,"trades":0,"profit_factor":0.0},{"date":"21/12/2025","date_ts":1766275200000,"profit_abs":0.0,"wins":0,"draws":0,"losses":0,"trades":0,"profit_factor":0.0},{"date":"22/12/2025","date_ts":1766361600000,"profit_abs":0.0,"wins":0,"draws":0,"losses":0,"trades":0,"profit_factor":0.0},{"date":"23/12/2025","date_ts":1766448000000,"profit_abs":0.0,"wins":0,"draws":0,"losses":0,"trades":0,"profit_factor":0.0},{"date":"24/12/2025","date_ts":1766534400000,"profit_abs":0.0,"wins":0,"draws":0,"losses":0,"trades":0,"profit_factor":0.0},{"date":"25/12/2025","date_ts":1766620800000,"profit_abs":0.0,"wins":0,"draws":0,"losses":0,"trades":0,"profit_factor":0.0},{"date":"26/12/2025","date_ts":1766707200000,"profit_abs":0.0,"wins":0,"draws":0,"losses":0,"trades":0,"profit_factor":0.0},{"date":"27/12/2025","date_ts":1766793600000,"profit_abs":0.0,"wins":0,"draws":0,"losses":0,"trades":0,"profit_factor":0.0},{"date":"28/12/2025","date_ts":1766880000000,"profit_abs":0.0,"wins":0,"draws":0,"losses":0,"trades":0,"profit_factor":0.0},{"date":"29/12/2025","date_ts":1766966400000,"profit_abs":0.0,"wins":0,"draws":0,"losses":0,"trades":0,"profit_factor":0.0},{"date":"30/12/2025","date_ts":1767052800000,"profit_abs":0.0,"wins":0,"draws":0,"losses":0,"trades":0,"profit_factor":0.0},{"date":"31/12/2025","date_ts":1767139200000,"profit_abs":0.0,"wins":0,"draws":0,"losses":0,"trades":0,"profit_factor":0.0},{"date":"01/01/2026","date_ts":1767225600000,"profit_abs":0.0,"wins":0,"draws":0,"losses":0,"trades":0,"profit_factor":0.0},{"date":"02/01/2026","date_ts":1767312000000,"profit_abs":8.99995085,"wins":4,"draws":0,"losses":0,"trades":4,"profit_factor":0.0},{"date":"03/01/2026","date_ts":1767398400000,"profit_abs":0.0,"wins":0,"draws":0,"losses":0,"trades":0,"profit_factor":0.0},{"date":"04/01/2026","date_ts":1767484800000,"profit_abs":5.0,"wins":2,"draws":0,"losses":0,"trades":2,"profit_factor":0.0},{"date":"05/01/2026","date_ts":1767571200000,"profit_abs":5.99995959,"wins":3,"draws":0,"losses":0,"trades":3,"profit_factor":0.0},{"date":"06/01/2026","date_ts":1767657600000,"profit_abs":-5.29217498,"wins":0,"draws":0,"losses":1,"trades":1,"profit_factor":0.0},{"date":"07/01/2026","date_ts":1767744000000,"profit_abs":0.0,"wins":0,"draws":0,"losses":0,"trades":0,"profit_factor":0.0},{"date":"08/01/2026","date_ts":1767830400000,"profit_abs":-5.28686325,"wins":0,"draws":0,"losses":1,"trades":1,"profit_factor":0.0},{"date":"09/01/2026","date_ts":1767916800000,"profit_abs":0.0,"wins":0,"draws":0,"losses":0,"trades":0,"profit_factor":0.0},{"date":"10/01/2026","date_ts":1768003200000,"profit_abs":0.0,"wins":0,"draws":0,"losses":0,"trades":0,"profit_factor":0.0},{"date":"11/01/2026","date_ts":1768089600000,"profit_abs":0.0,"wins":0,"draws":0,"losses":0,"trades":0,"profit_factor":0.0},{"date":"12/01/2026","date_ts":1768176000000,"profit_abs":0.0,"wins":0,"draws":0,"losses":0,"trades":0,"profit_factor":0.0},{"date":"13/01/2026","date_ts":1768262400000,"profit_abs":7.36100047,"wins":4,"draws":0,"losses":0,"trades":4,"profit_factor":0.0},{"date":"14/01/2026","date_ts":1768348800000,"profit_abs":1.9999879,"wins":1,"draws":0,"losses":0,"trades":1,"profit_factor":0.0},{"date":"15/01/2026","date_ts":1768435200000,"profit_abs":0.0,"wins":0,"draws":0,"losses":0,"trades":0,"profit_factor":0.0},{"date":"16/01/2026","date_ts":1768521600000,"profit_abs":0.0,"wins":0,"draws":0,"losses":0,"trades":0,"profit_factor":0.0},{"date":"17/01/2026","date_ts":1768608000000,"profit_abs":0.0,"wins":0,"draws":0,"losses":0,"trades":0,"profit_factor":0.0},{"date":"18/01/2026","date_ts":1768694400000,"profit_abs":-5.29249814,"wins":0,"draws":0,"losses":1,"trades":1,"profit_factor":0.0},{"date":"19/01/2026","date_ts":1768780800000,"profit_abs":-5.29247357,"wins":0,"draws":0,"losses":1,"trades":1,"profit_factor":0.0},{"date":"20/01/2026","date_ts":1768867200000,"profit_abs":0.0,"wins":0,"draws":0,"losses":0,"trades":0,"profit_factor":0.0},{"date":"21/01/2026","date_ts":1768953600000,"profit_abs":0.0,"wins":0,"draws":0,"losses":0,"trades":0,"profit_factor":0.0},{"date":"22/01/2026","date_ts":1769040000000,"profit_abs":0.0,"wins":0,"draws":0,"losses":0,"trades":0,"profit_factor":0.0},{"date":"23/01/2026","date_ts":1769126400000,"profit_abs":0.0,"wins":0,"draws":0,"losses":0,"trades":0,"profit_factor":0.0},{"date":"24/01/2026","date_ts":1769212800000,"profit_abs":0.0,"wins":0,"draws":0,"losses":0,"trades":0,"profit_factor":0.0},{"date":"25/01/2026","date_ts":1769299200000,"profit_abs":0.0,"wins":0,"draws":0,"losses":0,"trades":0,"profit_factor":0.0},{"date":"26/01/2026","date_ts":1769385600000,"profit_abs":0.0,"wins":0,"draws":0,"losses":0,"trades":0,"profit_factor":0.0},{"date":"27/01/2026","date_ts":1769472000000,"profit_abs":2.0,"wins":1,"draws":0,"losses":0,"trades":1,"profit_factor":0.0},{"date":"28/01/2026","date_ts":1769558400000,"profit_abs":0.0,"wins":0,"draws":0,"losses":0,"trades":0,"profit_factor":0.0},{"date":"29/01/2026","date_ts":1769644800000,"profit_abs":-5.28773465,"wins":0,"draws":0,"losses":1,"trades":1,"profit_factor":0.0}],"week":[{"date":"15/12/2025","date_ts":1765756800000,"profit_abs":-5.29242718,"wins":0,"draws":0,"losses":1,"trades":1,"profit_factor":0.0},{"date":"22/12/2025","date_ts":1766361600000,"profit_abs":-5.29247562,"wins":0,"draws":0,"losses":1,"trades":1,"profit_factor":0.0},{"date":"29/12/2025","date_ts":1766966400000,"profit_abs":0.0,"wins":0,"draws":0,"losses":0,"trades":0,"profit_factor":0.0},{"date":"05/01/2026","date_ts":1767571200000,"profit_abs":19.99991044,"wins":9,"draws":0,"losses":0,"trades":9,"profit_factor":0.0},{"date":"12/01/2026","date_ts":1768176000000,"profit_abs":-10.57903823,"wins":0,"draws":0,"losses":2,"trades":2,"profit_factor":0.0},{"date":"19/01/2026","date_ts":1768780800000,"profit_abs":-1.22398334,"wins":5,"draws":0,"losses":2,"trades":7,"profit_factor":0.88436593},{"date":"26/01/2026","date_ts":1769385600000,"profit_abs":0.0,"wins":0,"draws":0,"losses":0,"trades":0,"profit_factor":0.0},{"date":"02/02/2026","date_ts":1769990400000,"profit_abs":-3.28773465,"wins":1,"draws":0,"losses":1,"trades":2,"profit_factor":0.37823381}],"month":[{"date":"31/12/2025","date_ts":1767139200000,"profit_abs":-10.5849028,"wins":0,"draws":0,"losses":2,"trades":2,"profit_factor":0.0},{"date":"31/01/2026","date_ts":1769817600000,"profit_abs":4.90915422,"wins":15,"draws":0,"losses":5,"trades":20,"profit_factor":1.18558905}],"year":[{"date":"31/12/2025","date_ts":1767139200000,"profit_abs":-10.5849028,"wins":0,"draws":0,"losses":2,"trades":2,"profit_factor":0.0},{"date":"31/12/2026","date_ts":1798675200000,"profit_abs":4.90915422,"wins":15,"draws":0,"losses":5,"trades":20,"profit_factor":1.18558905}],"weekday":[{"date":"Monday","date_ts":0,"profit_abs":-4.58494116,"wins":3,"draws":0,"losses":2,"trades":5,"profit_factor":0.56684137},{"date":"Tuesday","date_ts":1,"profit_abs":4.06882549,"wins":5,"draws":0,"losses":1,"trades":6,"profit_factor":1.76883805},{"date":"Wednesday","date_ts":2,"profit_abs":-3.29248772,"wins":1,"draws":0,"losses":1,"trades":2,"profit_factor":0.3778927},{"date":"Thursday","date_ts":3,"profit_abs":-10.5745979,"wins":0,"draws":0,"losses":2,"trades":2,"profit_factor":0.0},{"date":"Friday","date_ts":4,"profit_abs":8.99995085,"wins":4,"draws":0,"losses":0,"trades":4,"profit_factor":0.0},{"date":"Sunday","date_ts":6,"profit_abs":-0.29249814,"wins":2,"draws":0,"losses":1,"trades":3,"profit_factor":0.94473344}]},"backtest_best_day":0.08986520218791763,"backtest_worst_day":-0.05284573145082442,"backtest_best_day_abs":8.99995085,"backtest_worst_day_abs":-5.29249814,"winning_days":6,"draw_days":33,"losing_days":7,"daily_profit":[["2025-12-15",-5.29242718],["2025-12-16",0.0],["2025-12-17",-5.29247562],["2025-12-18",0.0],["2025-12-19",0.0],["2025-12-20",0.0],["2025-12-21",0.0],["2025-12-22",0.0],["2025-12-23",0.0],["2025-12-24",0.0],["2025-12-25",0.0],["2025-12-26",0.0],["2025-12-27",0.0],["2025-12-28",0.0],["2025-12-29",0.0],["2025-12-30",0.0],["2025-12-31",0.0],["2026-01-01",0.0],["2026-01-02",8.99995085],["2026-01-03",0.0],["2026-01-04",5.0],["2026-01-05",5.99995959],["2026-01-06",-5.29217498],["2026-01-07",0.0],["2026-01-08",-5.28686325],["2026-01-09",0.0],["2026-01-10",0.0],["2026-01-11",0.0],["2026-01-12",0.0],["2026-01-13",7.36100047],["2026-01-14",1.9999879],["2026-01-15",0.0],["2026-01-16",0.0],["2026-01-17",0.0],["2026-01-18",-5.29249814],["2026-01-19",-5.29247357],["2026-01-20",0.0],["2026-01-21",0.0],["2026-01-22",0.0],["2026-01-23",0.0],["2026-01-24",0.0],["2026-01-25",0.0],["2026-01-26",0.0],["2026-01-27",2.0],["2026-01-28",0.0],["2026-01-29",-5.28773465]],"wins":15,"losses":7,"draws":0,"winrate":0.6818181818181818,"holding_avg":"2 days, 15:04:00","holding_avg_s":227040.0,"winner_holding_min":"0d 01:45","winner_holding_min_s":6300.0,"winner_holding_max":"15d 03:30","winner_holding_max_s":1308600.0,"winner_holding_avg":"3d 00:18","winner_holding_avg_s":260280.0,"loser_holding_min":"0d 03:30","loser_holding_min_s":12600.0,"loser_holding_max":"5d 01:00","loser_holding_max_s":435600.0,"loser_holding_avg":"1d 19:17","loser_holding_avg_s":155820.0,"max_consecutive_wins":9,"max_consecutive_losses":2,"max_drawdown_account":0.014950001838472768,"max_relative_drawdown":0.014950001838472768,"max_drawdown_abs":15.09075622,"drawdown_start":"2026-01-05 20:15:00","drawdown_start_ts":1767644100000.0,"drawdown_end":"2026-01-29 14:45:00","drawdown_end_ts":1769697900000.0,"drawdown_duration":"23 days 18:30:00","drawdown_duration_s":2053800.0,"max_drawdown_low":-5.675748579999999,"max_drawdown_high":9.41500764,"csum_min":989.4150972,"csum_max":1009.41500764}},"strategy_comparison":[{"key":"SupertrendStrategy_Smart","trades":22,"profit_mean":-0.0025760031758917403,"profit_mean_pct":-0.26,"profit_total_abs":-5.675748579999999,"profit_total":-0.005675748579999999,"profit_total_pct":-0.57,"duration_avg":"2 days, 15:04:00","wins":15,"draws":0,"losses":7,"winrate":0.6818181818181818,"cagr":-0.02359701276376258,"expectancy":-0.257988571818182,"expectancy_ratio":-0.048760353055468,"sortino":-536.5824401353098,"sharpe":-0.3609307847090786,"calmar":-8.336986201636039,"sqn":-0.3424,"profit_factor":0.8467531761113867,"max_drawdown_account":0.014950001838472768,"max_drawdown_abs":"15.091"}]}