{"strategy":{"CombinedStrategy":{"trades":[{"pair":"DOGE/USDT","stake_amount":329.9999999,"max_stake_amount":329.9999999,"amount":2632.838678,"open_date":"2026-01-21 14:15:00+00:00","close_date":"2026-01-21 16:45:00+00:00","open_rate":0.12534,"close_rate":0.1213,"fee_open":0.0015,"fee_close":0.0015,"trade_duration":150,"profit_ratio":-0.035131282662370394,"profit_abs":-11.61071326,"exit_reason":"exit_signal","initial_stop_loss_abs":0.11908,"initial_stop_loss_ratio":-0.05,"stop_loss_abs":0.11908,"stop_loss_ratio":-0.05,"min_rate":0.12039,"max_rate":0.12663,"is_open":false,"enter_tag":"","leverage":1.0,"is_short":false,"open_timestamp":1769004900000,"close_timestamp":1769013900000,"orders":[{"amount":2632.838678,"safe_price":0.12534,"ft_order_side":"buy","order_filled_timestamp":1769004900000,"ft_is_entry":true,"ft_order_tag":"","cost":330.49499990037083},{"amount":2632.838678,"safe_price":0.1213,"ft_order_side":"sell","order_filled_timestamp":1769013900000,"ft_is_entry":false,"ft_order_tag":"exit_signal","cost":319.8423766388621}],"funding_fees":0.0,"weekday":2},{"pair":"DOGE/USDT","stake_amount":326.16846451,"max_stake_amount":326.16846451,"amount":2649.62197,"open_date":"2026-01-27 17:15:00+00:00","close_date":"2026-01-28 10:15:00+00:00","open_rate":0.1231,"close_rate":0.1275,"fee_open":0.0015,"fee_close":0.0015,"trade_duration":1020,"profit_ratio":0.03264072210285211,"profit_abs":10.66234377,"exit_reason":"exit_signal","initial_stop_loss_abs":0.11695,"initial_stop_loss_ratio":-0.05,"stop_loss_abs":0.11695,"stop_loss_ratio":-0.05,"min_rate":0.12181,"max_rate":0.1277,"is_open":false,"enter_tag":"","leverage":1.0,"is_short":false,"open_timestamp":1769534100000,"close_timestamp":1769595300000,"orders":[{"amount":2649.62197,"safe_price":0.1231,"ft_order_side":"buy","order_filled_timestamp":1769534100000,"ft_is_entry":true,"ft_order_tag":"","cost":326.6577172037605},{"amount":2649.62197,"safe_price":0.1275,"ft_order_side":"sell","order_filled_timestamp":1769595300000,"ft_is_entry":false,"ft_order_tag":"exit_signal","cost":338.3335413767625}],"funding_fees":0.0,"weekday":2},{"pair":"DOGE/USDT","stake_amount":329.68703798,"max_stake_amount":329.68703798,"amount":2606.015635,"open_date":"2026-01-28 10:30:00+00:00","close_date":"2026-01-29 14:30:00+00:00","open_rate":0.12651,"close_rate":0.12019,"fee_open":0.0015,"fee_close":0.0015,"trade_duration":1680,"profit_ratio":-0.05280238681113511,"profit_abs":-17.4343749,"exit_reason":"stop_loss","initial_stop_loss_abs":0.12019,"initial_stop_loss_ratio":-0.05,"stop_loss_abs":0.12019,"stop_loss_ratio":-0.05,"min_rate":0.11949,"max_rate":0.12726,"is_open":false,"enter_tag":"","leverage":1.0,"is_short":false,"open_timestamp":1769596200000,"close_timestamp":1769697000000,"orders":[{"amount":2606.015635,"safe_price":0.12651,"ft_order_side":"buy","order_filled_timestamp":1769596200000,"ft_is_entry":true,"ft_order_tag":"","cost":330.1815685408259},{"amount":2606.015635,"safe_price":0.12019,"ft_order_side":"sell","order_filled_timestamp":1769697000000,"ft_is_entry":false,"ft_order_tag":"stop_loss","cost":313.68684469940604}],"funding_fees":0.0,"weekday":3},{"pair":"SOL/USDT","stake_amount":326.16834444,"max_stake_amount":326.16834444,"amount":2.612691,"open_date":"2026-01-27 17:15:00+00:00","close_date":"2026-01-29 14:45:00+00:00","open_rate":124.84,"close_rate":121.27,"fee_open":0.0015,"fee_close":0.0015,"trade_duration":2730,"profit_ratio":-0.031506449064356186,"profit_abs":-10.29182094,"exit_reason":"exit_signal","initial_stop_loss_abs":118.598,"initial_stop_loss_ratio":-0.05,"stop_loss_abs":118.598,"stop_loss_ratio":-0.05,"min_rate":120.37,"max_rate":128.33,"is_open":false,"enter_tag":"","leverage":1.0,"is_short":false,"open_timestamp":1769534100000,"close_timestamp":1769697900000,"orders":[{"amount":2.612691,"safe_price":124.84,"ft_order_side":"buy","order_filled_timestamp":1769534100000,"ft_is_entry":true,"ft_order_tag":"","cost":326.65759695666003},{"amount":2.612691,"safe_price":121.27,"ft_order_side":"sell","order_filled_timestamp":1769697900000,"ft_is_entry":false,"ft_order_tag":"exit_signal","cost":317.316299126355}],"funding_fees":0.0,"weekday":3},{"pair":"ETH/USDT","stake_amount":326.16659045,"max_stake_amount":326.16659045,"amount":0.110197,"open_date":"2026-01-27 17:15:00+00:00","close_date":"2026-01-29 15:00:00+00:00","open_rate":2959.85,"close_rate":2876.6,"fee_open":0.0015,"fee_close":0.0015,"trade_duration":2745,"profit_ratio":-0.03103767916588121,"profit_abs":-10.13863917,"exit_reason":"exit_signal","initial_stop_loss_abs":2811.8574999999996,"initial_stop_loss_ratio":-0.05,"stop_loss_abs":2811.8574999999996,"stop_loss_ratio":-0.05,"min_rate":2812.54,"max_rate":3046.0,"is_open":false,"enter_tag":"","leverage":1.0,"is_short":false,"open_timestamp":1769534100000,"close_timestamp":1769698800000,"orders":[{"amount":0.110197,"safe_price":2959.85,"ft_order_side":"buy","order_filled_timestamp":1769534100000,"ft_is_entry":true,"ft_order_tag":"","cost":326.655840335675},{"amount":0.110197,"safe_price":2876.6,"ft_order_side":"sell","order_filled_timestamp":1769698800000,"ft_is_entry":false,"ft_order_tag":"exit_signal","cost":317.46817923530006}],"funding_fees":0.0,"weekday":3},{"pair":"BTC/USDT","stake_amount":317.1910964,"max_stake_amount":317.1910964,"amount":0.00466428,"open_date":"2026-02-11 14:30:00+00:00","close_date":"2026-02-13 15:15:00+00:00","open_rate":68004.3,"close_rate":68379.4,"fee_open":0.0015,"fee_close":0.0015,"trade_duration":2925,"profit_ratio":0.0025037982315528323,"profit_abs":0.79537378,"exit_reason":"exit_signal","initial_stop_loss_abs":64604.085,"initial_stop_loss_ratio":-0.05,"stop_loss_abs":64604.085,"stop_loss_ratio":-0.05,"min_rate":65120.1,"max_rate":68897.7,"is_open":false,"enter_tag":"","leverage":1.0,"is_short":false,"open_timestamp":1770820200000,"close_timestamp":1770995700000,"orders":[{"amount":0.00466428,"safe_price":68004.3,"ft_order_side":"buy","order_filled_timestamp":1770820200000,"ft_is_entry":true,"ft_order_tag":"","cost":317.66688304860605},{"amount":0.00466428,"safe_price":68379.4,"ft_order_side":"sell","order_filled_timestamp":1770995700000,"ft_is_entry":false,"ft_order_tag":"exit_signal","cost":319.419078833748}],"funding_fees":0.0,"weekday":4},{"pair":"ETH/USDT","stake_amount":317.19075424,"max_stake_amount":317.19075424,"amount":0.159584,"open_date":"2026-02-11 14:30:00+00:00","close_date":"2026-02-13 15:15:00+00:00","open_rate":1987.61,"close_rate":2020.79,"fee_open":0.0015,"fee_close":0.0015,"trade_duration":2925,"profit_ratio":0.013647903726126507,"profit_abs":4.33548236,"exit_reason":"exit_signal","initial_stop_loss_abs":1888.2295,"initial_stop_loss_ratio":-0.05,"stop_loss_abs":1888.2295,"stop_loss_ratio":-0.05,"min_rate":1896.4,"max_rate":2040.0,"is_open":false,"enter_tag":"","leverage":1.0,"is_short":false,"open_timestamp":1770820200000,"close_timestamp":1770995700000,"orders":[{"amount":0.159584,"safe_price":1987.61,"ft_order_side":"buy","order_filled_timestamp":1770820200000,"ft_is_entry":true,"ft_order_tag":"","cost":317.66654037136},{"amount":0.159584,"safe_price":2020.79,"ft_order_side":"sell","order_filled_timestamp":1770995700000,"ft_is_entry":false,"ft_order_tag":"exit_signal","cost":322.96947998704}],"funding_fees":0.0,"weekday":4},{"pair":"ETH/USDT","stake_amount":318.8837256,"max_stake_amount":318.8837256,"amount":0.155356,"open_date":"2026-02-13 20:15:00+00:00","close_date":"2026-02-14 08:15:00+00:00","open_rate":2052.6,"close_rate":2072.5,"fee_open":0.0015,"fee_close":0.0015,"trade_duration":720,"profit_ratio":0.006670472719200075,"profit_abs":2.13029585,"exit_reason":"exit_signal","initial_stop_loss_abs":1949.9699999999998,"initial_stop_loss_ratio":-0.05,"stop_loss_abs":1949.9699999999998,"stop_loss_ratio":-0.05,"min_rate":2038.75,"max_rate":2092.0,"is_open":false,"enter_tag":"","leverage":1.0,"is_short":false,"open_timestamp":1771013700000,"close_timestamp":1771056900000,"orders":[{"amount":0.155356,"safe_price":2052.6,"ft_order_side":"buy","order_filled_timestamp":1771013700000,"ft_is_entry":true,"ft_order_tag":"","cost":319.3620511884},{"amount":0.155356,"safe_price":2072.5,"ft_order_side":"sell","order_filled_timestamp":1771056900000,"ft_is_entry":false,"ft_order_tag":"exit_signal","cost":322.458272965}],"funding_fees":0.0,"weekday":5},{"pair":"BTC/USDT","stake_amount":318.88468713,"max_stake_amount":318.88468713,"amount":0.00463893,"open_date":"2026-02-13 22:15:00+00:00","close_date":"2026-02-14 08:15:00+00:00","open_rate":68741.0,"close_rate":69566.7,"fee_open":0.0015,"fee_close":0.0015,"trade_duration":600,"profit_ratio":0.008980266226310466,"profit_abs":2.86796489,"exit_reason":"exit_signal","initial_stop_loss_abs":65303.95,"initial_stop_loss_ratio":-0.05,"stop_loss_abs":65303.95,"stop_loss_ratio":-0.05,"min_rate":68730.0,"max_rate":69795.5,"is_open":false,"enter_tag":"","leverage":1.0,"is_short":false,"open_timestamp":1771020900000,"close_timestamp":1771056900000,"orders":[{"amount":0.00463893,"safe_price":68741.0,"ft_order_side":"buy","order_filled_timestamp":1771020900000,"ft_is_entry":true,"ft_order_tag":"","cost":319.36301416069506},{"amount":0.00463893,"safe_price":69566.7,"ft_order_side":"sell","order_filled_timestamp":1771056900000,"ft_is_entry":false,"ft_order_tag":"exit_signal","cost":323.1991242084465}],"funding_fees":0.0,"weekday":5},{"pair":"DOGE/USDT","stake_amount":317.19164244,"max_stake_amount":317.19164244,"amount":3485.239451,"open_date":"2026-02-11 14:30:00+00:00","close_date":"2026-02-14 10:00:00+00:00","open_rate":0.09101,"close_rate":0.09824,"fee_open":0.0015,"fee_close":0.0015,"trade_duration":4050,"profit_ratio":0.07620834432942843,"profit_abs":24.20890888,"exit_reason":"exit_signal","initial_stop_loss_abs":0.08646,"initial_stop_loss_ratio":-0.05,"stop_loss_abs":0.0954,"stop_loss_ratio":-0.03,"min_rate":0.08788,"max_rate":0.09835,"is_open":false,"enter_tag":"","leverage":1.0,"is_short":false,"open_timestamp":1770820200000,"close_timestamp":1771063200000,"orders":[{"amount":3485.239451,"safe_price":0.09101,"ft_order_side":"buy","order_filled_timestamp":1770820200000,"ft_is_entry":true,"ft_order_tag":"","cost":317.6674298991632},{"amount":3485.239451,"safe_price":0.09824,"ft_order_side":"sell","order_filled_timestamp":1771063200000,"ft_is_entry":false,"ft_order_tag":"exit_signal","cost":342.9035085517393}],"funding_fees":0.0,"weekday":5},{"pair":"DOGE/USDT","stake_amount":328.52319099,"max_stake_amount":328.52319099,"amount":2967.957277,"open_date":"2026-02-14 23:30:00+00:00","close_date":"2026-02-15 04:15:00+00:00","open_rate":0.11069,"close_rate":0.11406,"fee_open":0.0015,"fee_close":0.0015,"trade_duration":285,"profit_ratio":0.02735868192638802,"profit_abs":9.00144343,"exit_reason":"trailing_stop_loss","initial_stop_loss_abs":0.10516,"initial_stop_loss_ratio":-0.05,"stop_loss_abs":0.11406,"stop_loss_ratio":-0.03,"min_rate":0.11049,"max_rate":0.11758,"is_open":false,"enter_tag":"","leverage":1.0,"is_short":false,"open_timestamp":1771111800000,"close_timestamp":1771128900000,"orders":[{"amount":2967.957277,"safe_price":0.11069,"ft_order_side":"buy","order_filled_timestamp":1771111800000,"ft_is_entry":true,"ft_order_tag":"","cost":329.0159757776167},{"amount":2967.957277,"safe_price":0.11406,"ft_order_side":"sell","order_filled_timestamp":1771128900000,"ft_is_entry":false,"ft_order_tag":"trailing_stop_loss","cost":339.03299482514194}],"funding_fees":0.0,"weekday":6},{"pair":"DOGE/USDT","stake_amount":331.49366729,"max_stake_amount":331.49366729,"amount":2895.141199,"open_date":"2026-02-15 04:30:00+00:00","close_date":"2026-02-15 12:45:00+00:00","open_rate":0.1145,"close_rate":0.10878,"fee_open":0.0015,"fee_close":0.0015,"trade_duration":495,"profit_ratio":-0.05280219409284865,"profit_abs":-17.52984835,"exit_reason":"stop_loss","initial_stop_loss_abs":0.10878,"initial_stop_loss_ratio":-0.05,"stop_loss_abs":0.10878,"stop_loss_ratio":-0.05,"min_rate":0.10863,"max_rate":0.1169,"is_open":false,"enter_tag":"","leverage":1.0,"is_short":false,"open_timestamp":1771129800000,"close_timestamp":1771159500000,"orders":[{"amount":2895.141199,"safe_price":0.1145,"ft_order_side":"buy","order_filled_timestamp":1771129800000,"ft_is_entry":true,"ft_order_tag":"","cost":331.9909077864283},{"amount":2895.141199,"safe_price":0.10878,"ft_order_side":"sell","order_filled_timestamp":1771159500000,"ft_is_entry":false,"ft_order_tag":"stop_loss","cost":315.4058598166609}],"funding_fees":0.0,"weekday":6},{"pair":"BTC/USDT","stake_amount":328.52273665,"max_stake_amount":328.52273665,"amount":0.00468749,"open_date":"2026-02-14 12:45:00+00:00","close_date":"2026-02-15 13:00:00+00:00","open_rate":70085.0,"close_rate":69311.9,"fee_open":0.0015,"fee_close":0.0015,"trade_duration":1455,"profit_ratio":-0.013993354688664434,"profit_abs":-4.60403088,"exit_reason":"exit_signal","initial_stop_loss_abs":66580.75,"initial_stop_loss_ratio":-0.05,"stop_loss_abs":66580.75,"stop_loss_ratio":-0.05,"min_rate":69200.0,"max_rate":70969.2,"is_open":false,"enter_tag":"","leverage":1.0,"is_short":false,"open_timestamp":1771073100000,"close_timestamp":1771160400000,"orders":[{"amount":0.00468749,"safe_price":70085.0,"ft_order_side":"buy","order_filled_timestamp":1771073100000,"ft_is_entry":true,"ft_order_tag":"","cost":329.01552075497506},{"amount":0.00468749,"safe_price":69311.9,"ft_order_side":"sell","order_filled_timestamp":1771160400000,"ft_is_entry":false,"ft_order_tag":"exit_signal","cost":325.3861863881965}],"funding_fees":0.0,"weekday":6},{"pair":"ETH/USDT","stake_amount":328.5231417,"max_stake_amount":328.5231417,"amount":0.158054,"open_date":"2026-02-14 12:45:00+00:00","close_date":"2026-02-15 13:00:00+00:00","open_rate":2078.55,"close_rate":2010.82,"fee_open":0.0015,"fee_close":0.0015,"trade_duration":1455,"profit_ratio":-0.03548311316504916,"profit_abs":-11.67450935,"exit_reason":"exit_signal","initial_stop_loss_abs":1974.6225000000002,"initial_stop_loss_ratio":-0.05,"stop_loss_abs":1974.6225000000002,"stop_loss_ratio":-0.05,"min_rate":2010.5,"max_rate":2103.83,"is_open":false,"enter_tag":"","leverage":1.0,"is_short":false,"open_timestamp":1771073100000,"close_timestamp":1771160400000,"orders":[{"amount":0.158054,"safe_price":2078.55,"ft_order_side":"buy","order_filled_timestamp":1771073100000,"ft_is_entry":true,"ft_order_tag":"","cost":329.0159264125501},{"amount":0.158054,"safe_price":2010.82,"ft_order_side":"sell","order_filled_timestamp":1771160400000,"ft_is_entry":false,"ft_order_tag":"exit_signal","cost":318.29487149642006}],"funding_fees":0.0,"weekday":6},{"pair":"DOGE/USDT","stake_amount":320.33689911,"max_stake_amount":320.33689911,"amount":3188.066273,"open_date":"2026-02-17 17:15:00+00:00","close_date":"2026-02-19 05:30:00+00:00","open_rate":0.10048,"close_rate":0.09725,"fee_open":0.0015,"fee_close":0.0015,"trade_duration":2175,"profit_ratio":-0.035044914720055595,"profit_abs":-11.24301858,"exit_reason":"exit_signal","initial_stop_loss_abs":0.09546,"initial_stop_loss_ratio":-0.05,"stop_loss_abs":0.09546,"stop_loss_ratio":-0.05,"min_rate":0.0968,"max_rate":0.1024,"is_open":false,"enter_tag":"","leverage":1.0,"is_short":false,"open_timestamp":1771348500000,"close_timestamp":1771479000000,"orders":[{"amount":3188.066273,"safe_price":0.10048,"ft_order_side":"buy","order_filled_timestamp":1771348500000,"ft_is_entry":true,"ft_order_tag":"","cost":320.81740445970655},{"amount":3188.066273,"safe_price":0.09725,"ft_order_side":"sell","order_filled_timestamp":1771479000000,"ft_is_entry":false,"ft_order_tag":"exit_signal","cost":310.5045042168239}],"funding_fees":0.0,"weekday":3}],"locks":[],"best_pair":{"key":"BTC/USDT","trades":3,"profit_mean":-0.000836430076933712,"profit_mean_pct":-0.08,"profit_total_abs":-0.9406922099999999,"profit_total":-0.0009406922099999999,"profit_total_pct":-0.09,"duration_avg":"1 day, 3:40:00","wins":2,"draws":0,"losses":1,"winrate":0.6666666666666666,"cagr":-0.011019935628522215,"expectancy":-0.31356407,"expectancy_ratio":-0.06810642199689165,"sortino":-100,"sharpe":-0.18406729555230203,"calmar":-12.638109644935943,"sqn":-0.1408,"profit_factor":0.7956807340093254,"max_drawdown_account":0.004587226316446901,"max_drawdown_abs":4.60403088},"worst_pair":{"key":"ETH/USDT","trades":4,"profit_mean":-0.011550603971400945,"profit_mean_pct":-1.16,"profit_total_abs":-15.347370309999999,"profit_total":-0.015347370309999999,"profit_total_pct":-1.53,"duration_avg":"1 day, 8:41:00","wins":2,"draws":0,"losses":2,"winrate":0.5,"cagr":-0.16648528189146516,"expectancy":-3.8368425774999997,"expectancy_ratio":-0.35179172543405024,"sortino":-12.316695306190642,"sharpe":-1.3259551638309612,"calmar":-61.62894572433171,"sqn":-0.9316,"profit_factor":0.29641654913189946,"max_drawdown_account":0.015347370309999974,"max_drawdown_abs":15.347370309999999},"results_per_pair":[{"key":"BTC/USDT","trades":3,"profit_mean":-0.000836430076933712,"profit_mean_pct":-0.08,"profit_total_abs":-0.9406922099999999,"profit_total":-0.0009406922099999999,"profit_total_pct":-0.09,"duration_avg":"1 day, 3:40:00","wins":2,"draws":0,"losses":1,"winrate":0.6666666666666666,"cagr":-0.011019935628522215,"expectancy":-0.31356407,"expectancy_ratio":-0.06810642199689165,"sortino":-100,"sharpe":-0.18406729555230203,"calmar":-12.638109644935943,"sqn":-0.1408,"profit_factor":0.7956807340093254,"max_drawdown_account":0.004587226316446901,"max_drawdown_abs":4.60403088},{"key":"SOL/USDT","trades":1,"profit_mean":-0.031506449064356186,"profit_mean_pct":-3.15,"profit_total_abs":-10.29182094,"profit_total":-0.01029182094,"profit_total_pct":-1.03,"duration_avg":"1 day, 21:30:00","wins":0,"draws":0,"losses":1,"winrate":0.0,"cagr":-0.11467969601340944,"expectancy":-10.29182094,"expectancy_ratio":-1.0,"sortino":-100,"sharpe":-100,"calmar":-61.62894572433172,"sqn":-100.0,"profit_factor":0.0,"max_drawdown_account":0.010291820939999979,"max_drawdown_abs":10.29182094},{"key":"DOGE/USDT","trades":7,"profit_mean":-0.005653289989677313,"profit_mean_pct":-0.57,"profit_total_abs":-13.945259010000004,"profit_total":-0.013945259010000004,"profit_total_pct":-1.39,"duration_avg":"23:28:00","wins":3,"draws":0,"losses":4,"winrate":0.42857142857142855,"cagr":-0.15240283730072313,"expectancy":-1.9921798585714283,"expectancy_ratio":-0.13782430426467918,"sortino":-2.8358459240958775,"sharpe":-0.5639895588820041,"calmar":-30.312409525179266,"sqn":-0.3202,"profit_factor":0.7588074675368116,"max_drawdown_account":0.028352467656031843,"max_drawdown_abs":28.77286693},{"key":"ETH/USDT","trades":4,"profit_mean":-0.011550603971400945,"profit_mean_pct":-1.16,"profit_total_abs":-15.347370309999999,"profit_total":-0.015347370309999999,"profit_total_pct":-1.53,"duration_avg":"1 day, 8:41:00","wins":2,"draws":0,"losses":2,"winrate":0.5,"cagr":-0.16648528189146516,"expectancy":-3.8368425774999997,"expectancy_ratio":-0.35179172543405024,"sortino":-12.316695306190642,"sharpe":-1.3259551638309612,"calmar":-61.62894572433171,"sqn":-0.9316,"profit_factor":0.29641654913189946,"max_drawdown_account":0.015347370309999974,"max_drawdown_abs":15.347370309999999},{"key":"TOTAL","trades":15,"profit_mean":-0.007986079007233485,"profit_mean_pct":-0.8,"profit_total_abs":-40.525142470000006,"profit_total":-0.040525142470000004,"profit_total_pct":-4.05,"duration_avg":"1 day, 4:14:00","wins":7,"draws":0,"losses":8,"winrate":0.4666666666666667,"cagr":-0.38558739796795016,"expectancy":-2.7016761646666665,"expectancy_ratio":-0.22864810591872597,"sortino":-6.401960173421944,"sharpe":-2.194887459005813,"calmar":-55.68807743576661,"sqn":-0.8884,"profit_factor":0.5712848014023887,"max_drawdown_account":0.0448484113791718,"max_drawdown_abs":45.05140716}],"results_per_enter_tag":[{"key":"","trades":15,"profit_mean":-0.007986079007233485,"profit_mean_pct":-0.8,"profit_total_abs":-40.525142470000006,"profit_total":-0.040525142470000004,"profit_total_pct":-4.05,"duration_avg":"1 day, 4:14:00","wins":7,"draws":0,"losses":8,"winrate":0.4666666666666667,"cagr":-0.38558739796795016,"expectancy":-2.7016761646666665,"expectancy_ratio":-0.22864810591872597,"sortino":-6.401960173421944,"sharpe":-2.194887459005813,"calmar":-55.68807743576661,"sqn":-0.8884,"profit_factor":0.5712848014023887,"max_drawdown_account":0.0448484113791718,"max_drawdown_abs":45.05140716},{"key":"TOTAL","trades":15,"profit_mean":-0.007986079007233485,"profit_mean_pct":-0.8,"profit_total_abs":-40.525142470000006,"profit_total":-0.040525142470000004,"profit_total_pct":-4.05,"duration_avg":"1 day, 4:14:00","wins":7,"draws":0,"losses":8,"winrate":0.4666666666666667,"cagr":-0.38558739796795016,"expectancy":-2.7016761646666665,"expectancy_ratio":-0.22864810591872597,"sortino":-6.401960173421944,"sharpe":-2.194887459005813,"calmar":-55.68807743576661,"sqn":-0.8884,"profit_factor":0.5712848014023887,"max_drawdown_account":0.0448484113791718,"max_drawdown_abs":45.05140716}],"exit_reason_summary":[{"key":"trailing_stop_loss","trades":1,"profit_mean":0.02735868192638802,"profit_mean_pct":2.74,"profit_total_abs":9.00144343,"profit_total":0.00900144343,"profit_total_pct":0.9,"duration_avg":"4:45:00","wins":1,"draws":0,"losses":0,"winrate":1.0,"cagr":0.11127785363550546,"expectancy":9.00144343,"expectancy_ratio":100.0,"sortino":-100,"sharpe":-100,"calmar":-100,"sqn":-100.0,"profit_factor":0.0,"max_drawdown_account":0.0,"max_drawdown_abs":0.0},{"key":"exit_signal","trades":12,"profit_mean":-0.0034621071775755457,"profit_mean_pct":-0.35,"profit_total_abs":-14.562362649999997,"profit_total":-0.014562362649999997,"profit_total_pct":-1.46,"duration_avg":"1 day, 7:52:00","wins":6,"draws":0,"losses":6,"winrate":0.5,"cagr":-0.1586274750104928,"expectancy":-1.213530220833332,"expectancy_ratio":-0.12224391089038855,"sortino":-3.657155120833469,"sharpe":-0.848750575375473,"calmar":-33.03204820111563,"sqn":-0.3806,"profit_factor":0.755512178219223,"max_drawdown_account":0.02716946439138983,"max_drawdown_abs":27.52155881},{"key":"stop_loss","trades":2,"profit_mean":-0.052802290451991876,"profit_mean_pct":-5.28,"profit_total_abs":-34.96422325,"profit_total":-0.03496422325,"profit_total_pct":-3.5,"duration_avg":"18:08:00","wins":0,"draws":0,"losses":2,"winrate":0.0,"cagr":-0.3423252512293352,"expectancy":-17.482111625,"expectancy_ratio":-1.0,"sortino":-451.39422885998897,"sharpe":-451.39422885998897,"calmar":-61.628945724331565,"sqn":-366.2193,"profit_factor":0.0,"max_drawdown_account":0.03496422325000003,"max_drawdown_abs":34.96422325},{"key":"TOTAL","trades":15,"profit_mean":-0.007986079007233485,"profit_mean_pct":-0.8,"profit_total_abs":-40.525142470000006,"profit_total":-0.040525142470000004,"profit_total_pct":-4.05,"duration_avg":"1 day, 4:14:00","wins":7,"draws":0,"losses":8,"winrate":0.4666666666666667,"cagr":-0.38558739796795016,"expectancy":-2.7016761646666665,"expectancy_ratio":-0.22864810591872597,"sortino":-6.401960173421944,"sharpe":-2.194887459005813,"calmar":-55.68807743576661,"sqn":-0.8884,"profit_factor":0.5712848014023887,"max_drawdown_account":0.0448484113791718,"max_drawdown_abs":45.05140716}],"mix_tag_stats":[{"key":["","trailing_stop_loss"],"trades":1,"profit_mean":0.02735868192638802,"profit_mean_pct":2.74,"profit_total_abs":9.00144343,"profit_total":0.00900144343,"profit_total_pct":0.9,"duration_avg":"4:45:00","wins":1,"draws":0,"losses":0,"winrate":1.0,"cagr":0.11127785363550546,"expectancy":9.00144343,"expectancy_ratio":100.0,"sortino":-100,"sharpe":-100,"calmar":-100,"sqn":-100.0,"profit_factor":0.0,"max_drawdown_account":0.0,"max_drawdown_abs":0.0},{"key":["","exit_signal"],"trades":12,"profit_mean":-0.0034621071775755457,"profit_mean_pct":-0.35,"profit_total_abs":-14.562362649999997,"profit_total":-0.014562362649999997,"profit_total_pct":-1.46,"duration_avg":"1 day, 7:52:00","wins":6,"draws":0,"losses":6,"winrate":0.5,"cagr":-0.1586274750104928,"expectancy":-1.213530220833332,"expectancy_ratio":-0.12224391089038855,"sortino":-3.657155120833469,"sharpe":-0.848750575375473,"calmar":-33.03204820111563,"sqn":-0.3806,"profit_factor":0.755512178219223,"max_drawdown_account":0.02716946439138983,"max_drawdown_abs":27.52155881},{"key":["","stop_loss"],"trades":2,"profit_mean":-0.052802290451991876,"profit_mean_pct":-5.28,"profit_total_abs":-34.96422325,"profit_total":-0.03496422325,"profit_total_pct":-3.5,"duration_avg":"18:08:00","wins":0,"draws":0,"losses":2,"winrate":0.0,"cagr":-0.3423252512293352,"expectancy":-17.482111625,"expectancy_ratio":-1.0,"sortino":-451.39422885998897,"sharpe":-451.39422885998897,"calmar":-61.628945724331565,"sqn":-366.2193,"profit_factor":0.0,"max_drawdown_account":0.03496422325000003,"max_drawdown_abs":34.96422325},{"key":"TOTAL","trades":15,"profit_mean":-0.007986079007233485,"profit_mean_pct":-0.8,"profit_total_abs":-40.525142470000006,"profit_total":-0.040525142470000004,"profit_total_pct":-4.05,"duration_avg":"1 day, 4:14:00","wins":7,"draws":0,"losses":8,"winrate":0.4666666666666667,"cagr":-0.38558739796795016,"expectancy":-2.7016761646666665,"expectancy_ratio":-0.22864810591872597,"sortino":-6.401960173421944,"sharpe":-2.194887459005813,"calmar":-55.68807743576661,"sqn":-0.8884,"profit_factor":0.5712848014023887,"max_drawdown_account":0.0448484113791718,"max_drawdown_abs":45.05140716}],"left_open_trades":[{"key":"TOTAL","trades":0,"profit_mean":0.0,"profit_mean_pct":0.0,"profit_total_abs":0.0,"profit_total":0.0,"profit_total_pct":0.0,"duration_avg":"0:00","wins":0,"draws":0,"losses":0,"winrate":0.0,"cagr":0.0,"expectancy":0.0,"expectancy_ratio":100.0,"sortino":0,"sharpe":0,"calmar":0,"sqn":0.0,"profit_factor":0.0,"max_drawdown_account":0.0,"max_drawdown_abs":0.0}],"total_trades":15,"trade_count_long":15,"trade_count_short":0,"total_volume":9718.450499162696,"avg_stake_amount":324.32879858866664,"profit_mean":-0.007986079007233485,"profit_median":-0.013993354688664434,"profit_total":-0.040525142470000004,"profit_total_long":-0.040525142470000004,"profit_total_short":0.0,"profit_total_abs":-40.525142470000006,"profit_total_long_abs":-40.525142470000006,"profit_total_short_abs":0.0,"cagr":-0.38558739796795016,"expectancy":-2.7016761646666665,"expectancy_ratio":-0.22864810591872597,"sortino":-6.401960173421944,"sharpe":-2.194887459005813,"calmar":-55.68807743576661,"sqn":-0.8884,"profit_factor":0.5712848014023887,"backtest_start":"2026-01-20 00:00:00","backtest_start_ts":1768867200000,"backtest_end":"2026-02-20 00:00:00","backtest_end_ts":1771545600000,"backtest_days":31,"backtest_run_start_ts":1771555750,"backtest_run_end_ts":1771555751,"trades_per_day":0.48,"market_change":-0.3195652300127002,"pairlist":["BTC/USDT","ETH/USDT","SOL/USDT","DOGE/USDT"],"stake_amount":"unlimited","stake_currency":"USDT","stake_currency_decimals":3,"starting_balance":1000,"dry_run_wallet":1000,"final_balance":959.47485753,"rejected_signals":0,"timedout_entry_orders":0,"timedout_exit_orders":0,"canceled_trade_entries":0,"canceled_entry_orders":0,"replaced_entry_orders":0,"max_open_trades":3,"max_open_trades_setting":3,"timeframe":"15m","timeframe_detail":"","timerange":"20260120-20260220","enable_protections":false,"strategy_name":"CombinedStrategy","freqaimodel":null,"freqai_identifier":null,"stoploss":-0.05,"trailing_stop":true,"trailing_stop_positive":0.03,"trailing_stop_positive_offset":0.04,"trailing_only_offset_is_reached":true,"use_custom_stoploss":false,"minimal_roi":{"0":0.08},"use_exit_signal":true,"exit_profit_only":false,"exit_profit_offset":0.0,"ignore_roi_if_entry_signal":false,"trading_mode":"spot","margin_mode":"","periodic_breakdown":{"day":[{"date":"21/01/2026","date_ts":1768953600000,"profit_abs":-11.61071326,"wins":0,"draws":0,"losses":1,"trades":1,"profit_factor":0.0},{"date":"22/01/2026","date_ts":1769040000000,"profit_abs":0.0,"wins":0,"draws":0,"losses":0,"trades":0,"profit_factor":0.0},{"date":"23/01/2026","date_ts":1769126400000,"profit_abs":0.0,"wins":0,"draws":0,"losses":0,"trades":0,"profit_factor":0.0},{"date":"24/01/2026","date_ts":1769212800000,"profit_abs":0.0,"wins":0,"draws":0,"losses":0,"trades":0,"profit_factor":0.0},{"date":"25/01/2026","date_ts":1769299200000,"profit_abs":0.0,"wins":0,"draws":0,"losses":0,"trades":0,"profit_factor":0.0},{"date":"26/01/2026","date_ts":1769385600000,"profit_abs":0.0,"wins":0,"draws":0,"losses":0,"trades":0,"profit_factor":0.0},{"date":"27/01/2026","date_ts":1769472000000,"profit_abs":0.0,"wins":0,"draws":0,"losses":0,"trades":0,"profit_factor":0.0},{"date":"28/01/2026","date_ts":1769558400000,"profit_abs":10.66234377,"wins":1,"draws":0,"losses":0,"trades":1,"profit_factor":0.0},{"date":"29/01/2026","date_ts":1769644800000,"profit_abs":-37.86483501,"wins":0,"draws":0,"losses":3,"trades":3,"profit_factor":0.0},{"date":"30/01/2026","date_ts":1769731200000,"profit_abs":0.0,"wins":0,"draws":0,"losses":0,"trades":0,"profit_factor":0.0},{"date":"31/01/2026","date_ts":1769817600000,"profit_abs":0.0,"wins":0,"draws":0,"losses":0,"trades":0,"profit_factor":0.0},{"date":"01/02/2026","date_ts":1769904000000,"profit_abs":0.0,"wins":0,"draws":0,"losses":0,"trades":0,"profit_factor":0.0},{"date":"02/02/2026","date_ts":1769990400000,"profit_abs":0.0,"wins":0,"draws":0,"losses":0,"trades":0,"profit_factor":0.0},{"date":"03/02/2026","date_ts":1770076800000,"profit_abs":0.0,"wins":0,"draws":0,"losses":0,"trades":0,"profit_factor":0.0},{"date":"04/02/2026","date_ts":1770163200000,"profit_abs":0.0,"wins":0,"draws":0,"losses":0,"trades":0,"profit_factor":0.0},{"date":"05/02/2026","date_ts":1770249600000,"profit_abs":0.0,"wins":0,"draws":0,"losses":0,"trades":0,"profit_factor":0.0},{"date":"06/02/2026","date_ts":1770336000000,"profit_abs":0.0,"wins":0,"draws":0,"losses":0,"trades":0,"profit_factor":0.0},{"date":"07/02/2026","date_ts":1770422400000,"profit_abs":0.0,"wins":0,"draws":0,"losses":0,"trades":0,"profit_factor":0.0},{"date":"08/02/2026","date_ts":1770508800000,"profit_abs":0.0,"wins":0,"draws":0,"losses":0,"trades":0,"profit_factor":0.0},{"date":"09/02/2026","date_ts":1770595200000,"profit_abs":0.0,"wins":0,"draws":0,"losses":0,"trades":0,"profit_factor":0.0},{"date":"10/02/2026","date_ts":1770681600000,"profit_abs":0.0,"wins":0,"draws":0,"losses":0,"trades":0,"profit_factor":0.0},{"date":"11/02/2026","date_ts":1770768000000,"profit_abs":0.0,"wins":0,"draws":0,"losses":0,"trades":0,"profit_factor":0.0},{"date":"12/02/2026","date_ts":1770854400000,"profit_abs":0.0,"wins":0,"draws":0,"losses":0,"trades":0,"profit_factor":0.0},{"date":"13/02/2026","date_ts":1770940800000,"profit_abs":5.13085614,"wins":2,"draws":0,"losses":0,"trades":2,"profit_factor":0.0},{"date":"14/02/2026","date_ts":1771027200000,"profit_abs":29.20716962,"wins":3,"draws":0,"losses":0,"trades":3,"profit_factor":0.0},{"date":"15/02/2026","date_ts":1771113600000,"profit_abs":-24.80694515,"wins":1,"draws":0,"losses":3,"trades":4,"profit_factor":0.26624882},{"date":"16/02/2026","date_ts":1771200000000,"profit_abs":0.0,"wins":0,"draws":0,"losses":0,"trades":0,"profit_factor":0.0},{"date":"17/02/2026","date_ts":1771286400000,"profit_abs":0.0,"wins":0,"draws":0,"losses":0,"trades":0,"profit_factor":0.0},{"date":"18/02/2026","date_ts":1771372800000,"profit_abs":0.0,"wins":0,"draws":0,"losses":0,"trades":0,"profit_factor":0.0},{"date":"19/02/2026","date_ts":1771459200000,"profit_abs":-11.24301858,"wins":0,"draws":0,"losses":1,"trades":1,"profit_factor":0.0}],"week":[{"date":"26/01/2026","date_ts":1769385600000,"profit_abs":-11.61071326,"wins":0,"draws":0,"losses":1,"trades":1,"profit_factor":0.0},{"date":"02/02/2026","date_ts":1769990400000,"profit_abs":-27.20249124,"wins":1,"draws":0,"losses":3,"trades":4,"profit_factor":0.2815896},{"date":"09/02/2026","date_ts":1770595200000,"profit_abs":0.0,"wins":0,"draws":0,"losses":0,"trades":0,"profit_factor":0.0},{"date":"16/02/2026","date_ts":1771200000000,"profit_abs":9.53108061,"wins":6,"draws":0,"losses":3,"trades":9,"profit_factor":1.28191467},{"date":"23/02/2026","date_ts":1771804800000,"profit_abs":-11.24301858,"wins":0,"draws":0,"losses":1,"trades":1,"profit_factor":0.0}],"month":[{"date":"31/01/2026","date_ts":1769817600000,"profit_abs":-38.8132045,"wins":1,"draws":0,"losses":4,"trades":5,"profit_factor":0.21550734},{"date":"28/02/2026","date_ts":1772236800000,"profit_abs":-1.71193797,"wins":6,"draws":0,"losses":4,"trades":10,"profit_factor":0.96200034}],"year":[{"date":"31/12/2026","date_ts":1798675200000,"profit_abs":-40.52514247,"wins":7,"draws":0,"losses":8,"trades":15,"profit_factor":0.5712848}],"weekday":[{"date":"Wednesday","date_ts":2,"profit_abs":-0.94836949,"wins":1,"draws":0,"losses":1,"trades":2,"profit_factor":0.91831945},{"date":"Thursday","date_ts":3,"profit_abs":-49.10785359,"wins":0,"draws":0,"losses":4,"trades":4,"profit_factor":0.0},{"date":"Friday","date_ts":4,"profit_abs":5.13085614,"wins":2,"draws":0,"losses":0,"trades":2,"profit_factor":0.0},{"date":"Saturday","date_ts":5,"profit_abs":29.20716962,"wins":3,"draws":0,"losses":0,"trades":3,"profit_factor":0.0},{"date":"Sunday","date_ts":6,"profit_abs":-24.80694515,"wins":1,"draws":0,"losses":3,"trades":4,"profit_factor":0.26624882}]},"backtest_best_day":0.09185908327493897,"backtest_worst_day":-0.1153465150413725,"backtest_best_day_abs":29.20716962,"backtest_worst_day_abs":-37.86483501,"winning_days":3,"draw_days":23,"losing_days":4,"daily_profit":[["2026-01-21",-11.61071326],["2026-01-22",0.0],["2026-01-23",0.0],["2026-01-24",0.0],["2026-01-25",0.0],["2026-01-26",0.0],["2026-01-27",0.0],["2026-01-28",10.66234377],["2026-01-29",-37.86483501],["2026-01-30",0.0],["2026-01-31",0.0],["2026-02-01",0.0],["2026-02-02",0.0],["2026-02-03",0.0],["2026-02-04",0.0],["2026-02-05",0.0],["2026-02-06",0.0],["2026-02-07",0.0],["2026-02-08",0.0],["2026-02-09",0.0],["2026-02-10",0.0],["2026-02-11",0.0],["2026-02-12",0.0],["2026-02-13",5.13085614],["2026-02-14",29.20716962],["2026-02-15",-24.80694515],["2026-02-16",0.0],["2026-02-17",0.0],["2026-02-18",0.0],["2026-02-19",-11.24301858]],"wins":7,"losses":8,"draws":0,"winrate":0.4666666666666667,"holding_avg":"1 day, 4:14:00","holding_avg_s":101640.0,"winner_holding_min":"0d 04:45","winner_holding_min_s":17100.0,"winner_holding_max":"2d 19:30","winner_holding_max_s":243000.0,"winner_holding_avg":"1d 05:49","winner_holding_avg_s":107340.0,"loser_holding_min":"0d 02:30","loser_holding_min_s":9000.0,"loser_holding_max":"1d 21:45","loser_holding_max_s":164700.0,"loser_holding_avg":"1d 02:51","loser_holding_avg_s":96660.0,"max_consecutive_wins":6,"max_consecutive_losses":4,"max_drawdown_account":0.0448484113791718,"max_relative_drawdown":0.0448484113791718,"max_drawdown_abs":45.05140716,"drawdown_start":"2026-02-15 04:15:00","drawdown_start_ts":1771128900000.0,"drawdown_end":"2026-02-19 05:30:00","drawdown_end_ts":1771479000000.0,"drawdown_duration":"4 days 01:15:00","drawdown_duration_s":350100.0,"max_drawdown_low":-40.52514247,"max_drawdown_high":4.52626469,"csum_min":959.47485753,"csum_max":1004.52626469}},"strategy_comparison":[{"key":"CombinedStrategy","trades":15,"profit_mean":-0.007986079007233485,"profit_mean_pct":-0.8,"profit_total_abs":-40.525142470000006,"profit_total":-0.040525142470000004,"profit_total_pct":-4.05,"duration_avg":"1 day, 4:14:00","wins":7,"draws":0,"losses":8,"winrate":0.4666666666666667,"cagr":-0.38558739796795016,"expectancy":-2.7016761646666665,"expectancy_ratio":-0.22864810591872597,"sortino":-6.401960173421944,"sharpe":-2.194887459005813,"calmar":-55.68807743576661,"sqn":-0.8884,"profit_factor":0.5712848014023887,"max_drawdown_account":0.0448484113791718,"max_drawdown_abs":"45.051"}]}