{"strategy":{"MyFirstStrategy":{"trades":[{"pair":"ETH/USDT","stake_amount":329.9996323,"max_stake_amount":329.9996323,"amount":0.104234,"open_date":"2026-01-20 05:25:00+00:00","close_date":"2026-01-25 18:10:00+00:00","open_rate":3165.95,"close_rate":2849.355,"fee_open":0.0015,"fee_close":0.0015,"trade_duration":7965,"profit_ratio":-0.1026959560596832,"profit_abs":-33.94046218,"exit_reason":"stop_loss","initial_stop_loss_abs":2849.355,"initial_stop_loss_ratio":-0.1,"stop_loss_abs":2849.355,"stop_loss_ratio":-0.1,"min_rate":2841.2,"max_rate":3175.56,"is_open":false,"enter_tag":"","leverage":1.0,"is_short":false,"open_timestamp":1768886700000,"close_timestamp":1769364600000,"orders":[{"amount":0.104234,"safe_price":3165.95,"ft_order_side":"buy","order_filled_timestamp":1768886700000,"ft_is_entry":true,"ft_order_tag":"","cost":330.49463174845},{"amount":0.104234,"safe_price":2849.355,"ft_order_side":"sell","order_filled_timestamp":1769364600000,"ft_is_entry":false,"ft_order_tag":"stop_loss","cost":297.445168573605}],"funding_fees":0.0,"weekday":6},{"pair":"ETH/USDT","stake_amount":318.79688716,"max_stake_amount":318.79688716,"amount":0.111932,"open_date":"2026-01-25 19:00:00+00:00","close_date":"2026-01-26 01:45:00+00:00","open_rate":2848.13,"close_rate":2885.2113119679516,"fee_open":0.0015,"fee_close":0.0015,"trade_duration":405,"profit_ratio":0.009985022461289197,"profit_abs":3.18796887,"exit_reason":"roi","initial_stop_loss_abs":2563.317,"initial_stop_loss_ratio":-0.1,"stop_loss_abs":2563.317,"stop_loss_ratio":-0.1,"min_rate":2786.34,"max_rate":2890.0,"is_open":false,"enter_tag":"","leverage":1.0,"is_short":false,"open_timestamp":1769367600000,"close_timestamp":1769391900000,"orders":[{"amount":0.111932,"safe_price":2848.13,"ft_order_side":"buy","order_filled_timestamp":1769367600000,"ft_is_entry":true,"ft_order_tag":"","cost":319.27508249074003},{"amount":0.111932,"safe_price":2885.2113119679516,"ft_order_side":"sell","order_filled_timestamp":1769391900000,"ft_is_entry":false,"ft_order_tag":"roi","cost":323.4318937800536}],"funding_fees":0.0,"weekday":0},{"pair":"ETH/USDT","stake_amount":319.851616,"max_stake_amount":319.851616,"amount":0.10976,"open_date":"2026-01-27 09:40:00+00:00","close_date":"2026-01-27 16:05:00+00:00","open_rate":2914.1,"close_rate":2952.040210315473,"fee_open":0.0015,"fee_close":0.0015,"trade_duration":385,"profit_ratio":0.00998502246630055,"profit_abs":3.19851616,"exit_reason":"roi","initial_stop_loss_abs":2622.69,"initial_stop_loss_ratio":-0.1,"stop_loss_abs":2622.69,"stop_loss_ratio":-0.1,"min_rate":2900.0,"max_rate":2972.92,"is_open":false,"enter_tag":"","leverage":1.0,"is_short":false,"open_timestamp":1769506800000,"close_timestamp":1769529900000,"orders":[{"amount":0.10976,"safe_price":2914.1,"ft_order_side":"buy","order_filled_timestamp":1769506800000,"ft_is_entry":true,"ft_order_tag":"","cost":320.331393424},{"amount":0.10976,"safe_price":2952.040210315473,"ft_order_side":"sell","order_filled_timestamp":1769529900000,"ft_is_entry":false,"ft_order_tag":"roi","cost":324.5019573844527}],"funding_fees":0.0,"weekday":1},{"pair":"BTC/USDT","stake_amount":329.99966463,"max_stake_amount":329.99966463,"amount":0.00359735,"open_date":"2026-01-20 05:30:00+00:00","close_date":"2026-01-30 01:35:00+00:00","open_rate":91734.1,"close_rate":82560.69,"fee_open":0.0015,"fee_close":0.0015,"trade_duration":14165,"profit_ratio":-0.10269595607283091,"profit_abs":-33.94046551,"exit_reason":"stop_loss","initial_stop_loss_abs":82560.69,"initial_stop_loss_ratio":-0.1,"stop_loss_abs":82560.69,"stop_loss_ratio":-0.1,"min_rate":82300.0,"max_rate":91812.0,"is_open":false,"enter_tag":"","leverage":1.0,"is_short":false,"open_timestamp":1768887000000,"close_timestamp":1769736900000,"orders":[{"amount":0.00359735,"safe_price":91734.1,"ft_order_side":"buy","order_filled_timestamp":1768887000000,"ft_is_entry":true,"ft_order_tag":"","cost":330.49466413195256},{"amount":0.00359735,"safe_price":82560.69,"ft_order_side":"sell","order_filled_timestamp":1769736900000,"ft_is_entry":false,"ft_order_tag":"stop_loss","cost":297.4451977187573}],"funding_fees":0.0,"weekday":4},{"pair":"BTC/USDT","stake_amount":309.70641939,"max_stake_amount":309.70641939,"amount":0.00377723,"open_date":"2026-01-30 02:45:00+00:00","close_date":"2026-01-30 04:15:00+00:00","open_rate":81993.0,"close_rate":83060.5102653981,"fee_open":0.0015,"fee_close":0.0015,"trade_duration":90,"profit_ratio":0.00998502245372684,"profit_abs":3.09706419,"exit_reason":"roi","initial_stop_loss_abs":73793.7,"initial_stop_loss_ratio":-0.1,"stop_loss_abs":73793.7,"stop_loss_ratio":-0.1,"min_rate":81888.0,"max_rate":83162.3,"is_open":false,"enter_tag":"","leverage":1.0,"is_short":false,"open_timestamp":1769741100000,"close_timestamp":1769746500000,"orders":[{"amount":0.00377723,"safe_price":81993.0,"ft_order_side":"buy","order_filled_timestamp":1769741100000,"ft_is_entry":true,"ft_order_tag":"","cost":310.17097901908505},{"amount":0.00377723,"safe_price":83060.5102653981,"ft_order_side":"sell","order_filled_timestamp":1769746500000,"ft_is_entry":false,"ft_order_tag":"roi","cost":314.2092591665543}],"funding_fees":0.0,"weekday":4},{"pair":"BTC/USDT","stake_amount":310.72883154,"max_stake_amount":310.72883154,"amount":0.00377213,"open_date":"2026-01-30 06:50:00+00:00","close_date":"2026-01-30 14:35:00+00:00","open_rate":82374.9,"close_rate":83447.38242363544,"fee_open":0.0015,"fee_close":0.0015,"trade_duration":465,"profit_ratio":0.009985022481178683,"profit_abs":3.10728832,"exit_reason":"roi","initial_stop_loss_abs":74137.41,"initial_stop_loss_ratio":-0.1,"stop_loss_abs":74137.41,"stop_loss_ratio":-0.1,"min_rate":82153.6,"max_rate":83482.0,"is_open":false,"enter_tag":"","leverage":1.0,"is_short":false,"open_timestamp":1769755800000,"close_timestamp":1769783700000,"orders":[{"amount":0.00377213,"safe_price":82374.9,"ft_order_side":"buy","order_filled_timestamp":1769755800000,"ft_is_entry":true,"ft_order_tag":"","cost":311.1949247843055},{"amount":0.00377213,"safe_price":83447.38242363544,"ft_order_side":"sell","order_filled_timestamp":1769783700000,"ft_is_entry":false,"ft_order_tag":"roi","cost":315.2465362236604}],"funding_fees":0.0,"weekday":4},{"pair":"ETH/USDT","stake_amount":320.9068665,"max_stake_amount":320.9068665,"amount":0.10827,"open_date":"2026-01-29 03:05:00+00:00","close_date":"2026-01-30 18:15:00+00:00","open_rate":2963.95,"close_rate":2667.555,"fee_open":0.0015,"fee_close":0.0015,"trade_duration":2350,"profit_ratio":-0.10269595606737911,"profit_abs":-33.00527122,"exit_reason":"stop_loss","initial_stop_loss_abs":2667.555,"initial_stop_loss_ratio":-0.1,"stop_loss_abs":2667.555,"stop_loss_ratio":-0.1,"min_rate":2658.79,"max_rate":2972.8,"is_open":false,"enter_tag":"","leverage":1.0,"is_short":false,"open_timestamp":1769655900000,"close_timestamp":1769796900000,"orders":[{"amount":0.10827,"safe_price":2963.95,"ft_order_side":"buy","order_filled_timestamp":1769655900000,"ft_is_entry":true,"ft_order_tag":"","cost":321.38822679975},{"amount":0.10827,"safe_price":2667.555,"ft_order_side":"sell","order_filled_timestamp":1769796900000,"ft_is_entry":false,"ft_order_tag":"stop_loss","cost":289.24940411977497}],"funding_fees":0.0,"weekday":4},{"pair":"ETH/USDT","stake_amount":300.860012,"max_stake_amount":300.860012,"amount":0.112408,"open_date":"2026-01-30 18:30:00+00:00","close_date":"2026-01-30 19:00:00+00:00","open_rate":2676.5,"close_rate":2740.5,"fee_open":0.0015,"fee_close":0.0015,"trade_duration":30,"profit_ratio":0.020844690384779513,"profit_abs":6.2807408,"exit_reason":"roi","initial_stop_loss_abs":2408.85,"initial_stop_loss_ratio":-0.1,"stop_loss_abs":2408.85,"stop_loss_ratio":-0.1,"min_rate":2663.0,"max_rate":2757.0,"is_open":false,"enter_tag":"","leverage":1.0,"is_short":false,"open_timestamp":1769797800000,"close_timestamp":1769799600000,"orders":[{"amount":0.112408,"safe_price":2676.5,"ft_order_side":"buy","order_filled_timestamp":1769797800000,"ft_is_entry":true,"ft_order_tag":"","cost":301.311302018},{"amount":0.112408,"safe_price":2740.5,"ft_order_side":"sell","order_filled_timestamp":1769799600000,"ft_is_entry":false,"ft_order_tag":"roi","cost":308.51620518600004}],"funding_fees":0.0,"weekday":4},{"pair":"ETH/USDT","stake_amount":302.9346848,"max_stake_amount":302.9346848,"amount":0.112544,"open_date":"2026-01-31 02:30:00+00:00","close_date":"2026-01-31 17:10:00+00:00","open_rate":2691.7,"close_rate":2422.5299999999997,"fee_open":0.0015,"fee_close":0.0015,"trade_duration":880,"profit_ratio":-0.1026959560603637,"profit_abs":-31.15683233,"exit_reason":"stop_loss","initial_stop_loss_abs":2422.5299999999997,"initial_stop_loss_ratio":-0.1,"stop_loss_abs":2422.5299999999997,"stop_loss_ratio":-0.1,"min_rate":2359.0,"max_rate":2708.59,"is_open":false,"enter_tag":"","leverage":1.0,"is_short":false,"open_timestamp":1769826600000,"close_timestamp":1769879400000,"orders":[{"amount":0.112544,"safe_price":2691.7,"ft_order_side":"buy","order_filled_timestamp":1769826600000,"ft_is_entry":true,"ft_order_tag":"","cost":303.3890868272},{"amount":0.112544,"safe_price":2422.5299999999997,"ft_order_side":"sell","order_filled_timestamp":1769879400000,"ft_is_entry":false,"ft_order_tag":"stop_loss","cost":273.05017814447996}],"funding_fees":0.0,"weekday":5},{"pair":"ETH/USDT","stake_amount":292.65108264,"max_stake_amount":292.65108264,"amount":0.121434,"open_date":"2026-01-31 18:10:00+00:00","close_date":"2026-01-31 23:15:00+00:00","open_rate":2409.96,"close_rate":2441.336544817226,"fee_open":0.0015,"fee_close":0.0015,"trade_duration":305,"profit_ratio":0.009985022478583464,"profit_abs":2.92651083,"exit_reason":"roi","initial_stop_loss_abs":2168.964,"initial_stop_loss_ratio":-0.1,"stop_loss_abs":2168.964,"stop_loss_ratio":-0.1,"min_rate":2240.2,"max_rate":2442.77,"is_open":false,"enter_tag":"","leverage":1.0,"is_short":false,"open_timestamp":1769883000000,"close_timestamp":1769901300000,"orders":[{"amount":0.121434,"safe_price":2409.96,"ft_order_side":"buy","order_filled_timestamp":1769883000000,"ft_is_entry":true,"ft_order_tag":"","cost":293.09005926396003},{"amount":0.121434,"safe_price":2441.336544817226,"ft_order_side":"sell","order_filled_timestamp":1769901300000,"ft_is_entry":false,"ft_order_tag":"roi","cost":296.90595387631004}],"funding_fees":0.0,"weekday":5},{"pair":"BTC/USDT","stake_amount":302.9348728,"max_stake_amount":302.9348728,"amount":0.00364784,"open_date":"2026-01-31 08:55:00+00:00","close_date":"2026-02-02 03:35:00+00:00","open_rate":83045.0,"close_rate":74740.5,"fee_open":0.0015,"fee_close":0.0015,"trade_duration":2560,"profit_ratio":-0.10269595607420731,"profit_abs":-31.15685167,"exit_reason":"stop_loss","initial_stop_loss_abs":74740.5,"initial_stop_loss_ratio":-0.1,"stop_loss_abs":74740.5,"stop_loss_ratio":-0.1,"min_rate":74612.0,"max_rate":83310.9,"is_open":false,"enter_tag":"","leverage":1.0,"is_short":false,"open_timestamp":1769849700000,"close_timestamp":1770003300000,"orders":[{"amount":0.00364784,"safe_price":83045.0,"ft_order_side":"buy","order_filled_timestamp":1769849700000,"ft_is_entry":true,"ft_order_tag":"","cost":303.3892751092},{"amount":0.00364784,"safe_price":74740.5,"ft_order_side":"sell","order_filled_timestamp":1770003300000,"ft_is_entry":false,"ft_order_tag":"stop_loss","cost":273.05034759828}],"funding_fees":0.0,"weekday":0},{"pair":"BTC/USDT","stake_amount":283.3371079,"max_stake_amount":283.3371079,"amount":0.00373195,"open_date":"2026-02-02 03:50:00+00:00","close_date":"2026-02-02 07:45:00+00:00","open_rate":75922.0,"close_rate":76910.46870305458,"fee_open":0.0015,"fee_close":0.0015,"trade_duration":235,"profit_ratio":0.009985022469824627,"profit_abs":2.83337108,"exit_reason":"roi","initial_stop_loss_abs":68329.8,"initial_stop_loss_ratio":-0.1,"stop_loss_abs":68329.8,"stop_loss_ratio":-0.1,"min_rate":74908.3,"max_rate":76950.0,"is_open":false,"enter_tag":"","leverage":1.0,"is_short":false,"open_timestamp":1770004200000,"close_timestamp":1770018300000,"orders":[{"amount":0.00373195,"safe_price":75922.0,"ft_order_side":"buy","order_filled_timestamp":1770004200000,"ft_is_entry":true,"ft_order_tag":"","cost":283.76211356185},{"amount":0.00373195,"safe_price":76910.46870305458,"ft_order_side":"sell","order_filled_timestamp":1770018300000,"ft_is_entry":false,"ft_order_tag":"roi","cost":287.4565627118791}],"funding_fees":0.0,"weekday":0},{"pair":"ETH/USDT","stake_amount":293.61749209,"max_stake_amount":293.61749209,"amount":0.124891,"open_date":"2026-02-01 14:45:00+00:00","close_date":"2026-02-02 15:25:00+00:00","open_rate":2350.99,"close_rate":2381.598783174762,"fee_open":0.0015,"fee_close":0.0015,"trade_duration":1480,"profit_ratio":0.009985022463239929,"profit_abs":2.93617492,"exit_reason":"roi","initial_stop_loss_abs":2115.891,"initial_stop_loss_ratio":-0.1,"stop_loss_abs":2115.891,"stop_loss_ratio":-0.1,"min_rate":2156.97,"max_rate":2388.22,"is_open":false,"enter_tag":"","leverage":1.0,"is_short":false,"open_timestamp":1769957100000,"close_timestamp":1770045900000,"orders":[{"amount":0.124891,"safe_price":2350.99,"ft_order_side":"buy","order_filled_timestamp":1769957100000,"ft_is_entry":true,"ft_order_tag":"","cost":294.057918328135},{"amount":0.124891,"safe_price":2381.598783174762,"ft_order_side":"sell","order_filled_timestamp":1770045900000,"ft_is_entry":false,"ft_order_tag":"roi","cost":297.88641400992344}],"funding_fees":0.0,"weekday":0},{"pair":"ETH/USDT","stake_amount":285.23976384,"max_stake_amount":285.23976384,"amount":0.123944,"open_date":"2026-02-03 03:10:00+00:00","close_date":"2026-02-03 04:10:00+00:00","open_rate":2301.36,"close_rate":2341.22,"fee_open":0.0015,"fee_close":0.0015,"trade_duration":60,"profit_ratio":0.014272803792913008,"profit_abs":4.07727794,"exit_reason":"roi","initial_stop_loss_abs":2071.224,"initial_stop_loss_ratio":-0.1,"stop_loss_abs":2071.224,"stop_loss_ratio":-0.1,"min_rate":2292.48,"max_rate":2351.4,"is_open":false,"enter_tag":"","leverage":1.0,"is_short":false,"open_timestamp":1770088200000,"close_timestamp":1770091800000,"orders":[{"amount":0.123944,"safe_price":2301.36,"ft_order_side":"buy","order_filled_timestamp":1770088200000,"ft_is_entry":true,"ft_order_tag":"","cost":285.66762348576003},{"amount":0.123944,"safe_price":2341.22,"ft_order_side":"sell","order_filled_timestamp":1770091800000,"ft_is_entry":false,"ft_order_tag":"roi","cost":290.61544193751996}],"funding_fees":0.0,"weekday":1},{"pair":"BTC/USDT","stake_amount":285.2406399,"max_stake_amount":285.2406399,"amount":0.00365665,"open_date":"2026-02-03 03:10:00+00:00","close_date":"2026-02-03 08:35:00+00:00","open_rate":78006.0,"close_rate":79021.60140210316,"fee_open":0.0015,"fee_close":0.0015,"trade_duration":325,"profit_ratio":0.00998502246980111,"profit_abs":2.8524064,"exit_reason":"roi","initial_stop_loss_abs":70205.40000000001,"initial_stop_loss_ratio":-0.1,"stop_loss_abs":70205.40000000001,"stop_loss_ratio":-0.1,"min_rate":77785.2,"max_rate":79079.6,"is_open":false,"enter_tag":"","leverage":1.0,"is_short":false,"open_timestamp":1770088200000,"close_timestamp":1770107700000,"orders":[{"amount":0.00365665,"safe_price":78006.0,"ft_order_side":"buy","order_filled_timestamp":1770088200000,"ft_is_entry":true,"ft_order_tag":"","cost":285.66850085985004},{"amount":0.00365665,"safe_price":79021.60140210316,"ft_order_side":"sell","order_filled_timestamp":1770107700000,"ft_is_entry":false,"ft_order_tag":"roi","cost":289.38777027515107}],"funding_fees":0.0,"weekday":1},{"pair":"ETH/USDT","stake_amount":287.52747977,"max_stake_amount":287.52747977,"amount":0.125777,"open_date":"2026-02-03 09:35:00+00:00","close_date":"2026-02-03 13:55:00+00:00","open_rate":2286.01,"close_rate":2315.772774161242,"fee_open":0.0015,"fee_close":0.0015,"trade_duration":260,"profit_ratio":0.009985022474287803,"profit_abs":2.8752748,"exit_reason":"roi","initial_stop_loss_abs":2057.409,"initial_stop_loss_ratio":-0.1,"stop_loss_abs":2057.409,"stop_loss_ratio":-0.1,"min_rate":2270.27,"max_rate":2317.51,"is_open":false,"enter_tag":"","leverage":1.0,"is_short":false,"open_timestamp":1770111300000,"close_timestamp":1770126900000,"orders":[{"amount":0.125777,"safe_price":2286.01,"ft_order_side":"buy","order_filled_timestamp":1770111300000,"ft_is_entry":true,"ft_order_tag":"","cost":287.958770989655},{"amount":0.125777,"safe_price":2315.772774161242,"ft_order_side":"sell","order_filled_timestamp":1770126900000,"ft_is_entry":false,"ft_order_tag":"roi","cost":291.7078586440021}],"funding_fees":0.0,"weekday":1},{"pair":"ETH/USDT","stake_amount":288.4758432,"max_stake_amount":288.4758432,"amount":0.129176,"open_date":"2026-02-03 17:25:00+00:00","close_date":"2026-02-03 20:30:00+00:00","open_rate":2233.2,"close_rate":2262.2752128192283,"fee_open":0.0015,"fee_close":0.0015,"trade_duration":185,"profit_ratio":0.009985022459377943,"profit_abs":2.88475843,"exit_reason":"roi","initial_stop_loss_abs":2009.8799999999999,"initial_stop_loss_ratio":-0.1,"stop_loss_abs":2009.8799999999999,"stop_loss_ratio":-0.1,"min_rate":2108.0,"max_rate":2345.0,"is_open":false,"enter_tag":"","leverage":1.0,"is_short":false,"open_timestamp":1770139500000,"close_timestamp":1770150600000,"orders":[{"amount":0.129176,"safe_price":2233.2,"ft_order_side":"buy","order_filled_timestamp":1770139500000,"ft_is_entry":true,"ft_order_tag":"","cost":288.9085569648},{"amount":0.129176,"safe_price":2262.2752128192283,"ft_order_side":"sell","order_filled_timestamp":1770150600000,"ft_is_entry":false,"ft_order_tag":"roi","cost":292.67001038547335}],"funding_fees":0.0,"weekday":1},{"pair":"BTC/USDT","stake_amount":287.52778035,"max_stake_amount":287.52778035,"amount":0.00367621,"open_date":"2026-02-03 09:35:00+00:00","close_date":"2026-02-05 05:20:00+00:00","open_rate":78213.1,"close_rate":70391.79000000001,"fee_open":0.0015,"fee_close":0.0015,"trade_duration":2625,"profit_ratio":-0.10269595606902539,"profit_abs":-29.57223221,"exit_reason":"stop_loss","initial_stop_loss_abs":70391.79000000001,"initial_stop_loss_ratio":-0.1,"stop_loss_abs":70391.79000000001,"stop_loss_ratio":-0.1,"min_rate":70146.0,"max_rate":78563.0,"is_open":false,"enter_tag":"","leverage":1.0,"is_short":false,"open_timestamp":1770111300000,"close_timestamp":1770268800000,"orders":[{"amount":0.00367621,"safe_price":78213.1,"ft_order_side":"buy","order_filled_timestamp":1770111300000,"ft_is_entry":true,"ft_order_tag":"","cost":287.95907202152654},{"amount":0.00367621,"safe_price":70391.79000000001,"ft_order_side":"sell","order_filled_timestamp":1770268800000,"ft_is_entry":false,"ft_order_tag":"stop_loss","cost":259.16316481937395}],"funding_fees":0.0,"weekday":3},{"pair":"BTC/USDT","stake_amount":279.6694416,"max_stake_amount":279.6694416,"amount":0.00401581,"open_date":"2026-02-05 12:30:00+00:00","close_date":"2026-02-05 14:35:00+00:00","open_rate":69642.1,"close_rate":70548.80736104157,"fee_open":0.0015,"fee_close":0.0015,"trade_duration":125,"profit_ratio":0.009985022480546024,"profit_abs":2.79669442,"exit_reason":"roi","initial_stop_loss_abs":62677.89000000001,"initial_stop_loss_ratio":-0.1,"stop_loss_abs":62677.89000000001,"stop_loss_ratio":-0.1,"min_rate":69200.4,"max_rate":70874.0,"is_open":false,"enter_tag":"","leverage":1.0,"is_short":false,"open_timestamp":1770294600000,"close_timestamp":1770302100000,"orders":[{"amount":0.00401581,"safe_price":69642.1,"ft_order_side":"buy","order_filled_timestamp":1770294600000,"ft_is_entry":true,"ft_order_tag":"","cost":280.0889457634015},{"amount":0.00401581,"safe_price":70548.80736104157,"ft_order_side":"sell","order_filled_timestamp":1770302100000,"ft_is_entry":false,"ft_order_tag":"roi","cost":283.7355719976772}],"funding_fees":0.0,"weekday":3},{"pair":"ETH/USDT","stake_amount":289.42702165,"max_stake_amount":289.42702165,"amount":0.130847,"open_date":"2026-02-04 13:55:00+00:00","close_date":"2026-02-05 15:20:00+00:00","open_rate":2211.95,"close_rate":1990.7549999999999,"fee_open":0.0015,"fee_close":0.0015,"trade_duration":1525,"profit_ratio":-0.10269595607727727,"profit_abs":-29.76756918,"exit_reason":"stop_loss","initial_stop_loss_abs":1990.7549999999999,"initial_stop_loss_ratio":-0.1,"stop_loss_abs":1990.7549999999999,"stop_loss_ratio":-0.1,"min_rate":1948.05,"max_rate":2227.27,"is_open":false,"enter_tag":"","leverage":1.0,"is_short":false,"open_timestamp":1770213300000,"close_timestamp":1770304800000,"orders":[{"amount":0.130847,"safe_price":2211.95,"ft_order_side":"buy","order_filled_timestamp":1770213300000,"ft_is_entry":true,"ft_order_tag":"","cost":289.86116218247497},{"amount":0.130847,"safe_price":1990.7549999999999,"ft_order_side":"sell","order_filled_timestamp":1770304800000,"ft_is_entry":false,"ft_order_tag":"stop_loss","cost":260.87504596422747}],"funding_fees":0.0,"weekday":3},{"pair":"BTC/USDT","stake_amount":270.76936369,"max_stake_amount":270.76936369,"amount":0.00400942,"open_date":"2026-02-05 15:40:00+00:00","close_date":"2026-02-05 16:50:00+00:00","open_rate":67533.3,"close_rate":68412.5517776665,"fee_open":0.0015,"fee_close":0.0015,"trade_duration":70,"profit_ratio":0.009985022477879765,"profit_abs":2.70769364,"exit_reason":"roi","initial_stop_loss_abs":60779.97,"initial_stop_loss_ratio":-0.1,"stop_loss_abs":60779.97,"stop_loss_ratio":-0.1,"min_rate":66937.1,"max_rate":68688.0,"is_open":false,"enter_tag":"","leverage":1.0,"is_short":false,"open_timestamp":1770306000000,"close_timestamp":1770310200000,"orders":[{"amount":0.00400942,"safe_price":67533.3,"ft_order_side":"buy","order_filled_timestamp":1770306000000,"ft_is_entry":true,"ft_order_tag":"","cost":271.175517731529},{"amount":0.00400942,"safe_price":68412.5517776665,"ft_order_side":"sell","order_filled_timestamp":1770310200000,"ft_is_entry":false,"ft_order_tag":"roi","cost":274.7060953284342}],"funding_fees":0.0,"weekday":3},{"pair":"ETH/USDT","stake_amount":270.76888324,"max_stake_amount":270.76888324,"amount":0.137812,"open_date":"2026-02-05 15:45:00+00:00","close_date":"2026-02-05 16:50:00+00:00","open_rate":1964.77,"close_rate":1990.3503805708563,"fee_open":0.0015,"fee_close":0.0015,"trade_duration":65,"profit_ratio":0.009985022457450176,"profit_abs":2.70768883,"exit_reason":"roi","initial_stop_loss_abs":1768.2930000000001,"initial_stop_loss_ratio":-0.1,"stop_loss_abs":1768.2930000000001,"stop_loss_ratio":-0.1,"min_rate":1942.35,"max_rate":2018.28,"is_open":false,"enter_tag":"","leverage":1.0,"is_short":false,"open_timestamp":1770306300000,"close_timestamp":1770310200000,"orders":[{"amount":0.137812,"safe_price":1964.77,"ft_order_side":"buy","order_filled_timestamp":1770306300000,"ft_is_entry":true,"ft_order_tag":"","cost":271.17503656486},{"amount":0.137812,"safe_price":1990.3503805708563,"ft_order_side":"sell","order_filled_timestamp":1770310200000,"ft_is_entry":false,"ft_order_tag":"roi","cost":274.7056078972017}],"funding_fees":0.0,"weekday":3},{"pair":"BTC/USDT","stake_amount":272.55670338,"max_stake_amount":272.55670338,"amount":0.00427373,"open_date":"2026-02-05 21:00:00+00:00","close_date":"2026-02-05 22:30:00+00:00","open_rate":63774.9,"close_rate":64605.21917876816,"fee_open":0.0015,"fee_close":0.0015,"trade_duration":90,"profit_ratio":0.009985022452489282,"profit_abs":2.72556703,"exit_reason":"roi","initial_stop_loss_abs":57397.41,"initial_stop_loss_ratio":-0.1,"stop_loss_abs":57397.41,"stop_loss_ratio":-0.1,"min_rate":62501.2,"max_rate":64787.5,"is_open":false,"enter_tag":"","leverage":1.0,"is_short":false,"open_timestamp":1770325200000,"close_timestamp":1770330600000,"orders":[{"amount":0.00427373,"safe_price":63774.9,"ft_order_side":"buy","order_filled_timestamp":1770325200000,"ft_is_entry":true,"ft_order_tag":"","cost":272.96553843206556},{"amount":0.00427373,"safe_price":64605.21917876816,"ft_order_side":"sell","order_filled_timestamp":1770330600000,"ft_is_entry":false,"ft_order_tag":"roi","cost":276.5194212559182}],"funding_fees":0.0,"weekday":3},{"pair":"ETH/USDT","stake_amount":272.55659427,"max_stake_amount":272.55659427,"amount":0.145767,"open_date":"2026-02-05 21:00:00+00:00","close_date":"2026-02-05 23:00:00+00:00","open_rate":1869.81,"close_rate":1894.1540460691037,"fee_open":0.0015,"fee_close":0.0015,"trade_duration":120,"profit_ratio":0.009985022456409188,"profit_abs":2.72556594,"exit_reason":"roi","initial_stop_loss_abs":1682.829,"initial_stop_loss_ratio":-0.1,"stop_loss_abs":1682.829,"stop_loss_ratio":-0.1,"min_rate":1816.15,"max_rate":1912.74,"is_open":false,"enter_tag":"","leverage":1.0,"is_short":false,"open_timestamp":1770325200000,"close_timestamp":1770332400000,"orders":[{"amount":0.145767,"safe_price":1869.81,"ft_order_side":"buy","order_filled_timestamp":1770325200000,"ft_is_entry":true,"ft_order_tag":"","cost":272.96542916140504},{"amount":0.145767,"safe_price":1894.1540460691037,"ft_order_side":"sell","order_filled_timestamp":1770332400000,"ft_is_entry":false,"ft_order_tag":"roi","cost":276.51931056260514}],"funding_fees":0.0,"weekday":3},{"pair":"BTC/USDT","stake_amount":274.35564437,"max_stake_amount":274.35564437,"amount":0.00449303,"open_date":"2026-02-06 00:25:00+00:00","close_date":"2026-02-06 00:50:00+00:00","open_rate":61062.5,"close_rate":63692.13194792188,"fee_open":0.0015,"fee_close":0.0015,"trade_duration":25,"profit_ratio":0.03994008984700497,"profit_abs":10.97422577,"exit_reason":"roi","initial_stop_loss_abs":54956.25,"initial_stop_loss_ratio":-0.1,"stop_loss_abs":54956.25,"stop_loss_ratio":-0.1,"min_rate":60951.8,"max_rate":63853.2,"is_open":false,"enter_tag":"","leverage":1.0,"is_short":false,"open_timestamp":1770337500000,"close_timestamp":1770339000000,"orders":[{"amount":0.00449303,"safe_price":61062.5,"ft_order_side":"buy","order_filled_timestamp":1770337500000,"ft_is_entry":true,"ft_order_tag":"","cost":274.7671778415625},{"amount":0.00449303,"safe_price":63692.13194792188,"ft_order_side":"sell","order_filled_timestamp":1770339000000,"ft_is_entry":false,"ft_order_tag":"roi","cost":286.5999155953805}],"funding_fees":0.0,"weekday":4},{"pair":"ETH/USDT","stake_amount":277.97608209,"max_stake_amount":277.97608209,"amount":0.137361,"open_date":"2026-02-07 07:30:00+00:00","close_date":"2026-02-07 12:15:00+00:00","open_rate":2023.69,"close_rate":2050.0374912368557,"fee_open":0.0015,"fee_close":0.0015,"trade_duration":285,"profit_ratio":0.00998502246306771,"profit_abs":2.77976082,"exit_reason":"roi","initial_stop_loss_abs":1821.3210000000001,"initial_stop_loss_ratio":-0.1,"stop_loss_abs":1821.3210000000001,"stop_loss_ratio":-0.1,"min_rate":1999.91,"max_rate":2076.13,"is_open":false,"enter_tag":"","leverage":1.0,"is_short":false,"open_timestamp":1770449400000,"close_timestamp":1770466500000,"orders":[{"amount":0.137361,"safe_price":2023.69,"ft_order_side":"buy","order_filled_timestamp":1770449400000,"ft_is_entry":true,"ft_order_tag":"","cost":278.39304621313505},{"amount":0.137361,"safe_price":2050.0374912368557,"ft_order_side":"sell","order_filled_timestamp":1770466500000,"ft_is_entry":false,"ft_order_tag":"roi","cost":282.0175926335364}],"funding_fees":0.0,"weekday":5},{"pair":"BTC/USDT","stake_amount":277.97678571,"max_stake_amount":277.97678571,"amount":0.00405847,"open_date":"2026-02-07 07:45:00+00:00","close_date":"2026-02-07 12:15:00+00:00","open_rate":68493.0,"close_rate":69384.7466199299,"fee_open":0.0015,"fee_close":0.0015,"trade_duration":270,"profit_ratio":0.00998502247671745,"profit_abs":2.77976786,"exit_reason":"roi","initial_stop_loss_abs":61643.700000000004,"initial_stop_loss_ratio":-0.1,"stop_loss_abs":61643.700000000004,"stop_loss_ratio":-0.1,"min_rate":67611.7,"max_rate":70000.9,"is_open":false,"enter_tag":"","leverage":1.0,"is_short":false,"open_timestamp":1770450300000,"close_timestamp":1770466500000,"orders":[{"amount":0.00405847,"safe_price":68493.0,"ft_order_side":"buy","order_filled_timestamp":1770450300000,"ft_is_entry":true,"ft_order_tag":"","cost":278.393750888565},{"amount":0.00405847,"safe_price":69384.7466199299,"ft_order_side":"sell","order_filled_timestamp":1770466500000,"ft_is_entry":false,"ft_order_tag":"roi","cost":282.01830648350875}],"funding_fees":0.0,"weekday":5},{"pair":"ETH/USDT","stake_amount":279.81129,"max_stake_amount":279.81129,"amount":0.133881,"open_date":"2026-02-08 17:05:00+00:00","close_date":"2026-02-08 18:30:00+00:00","open_rate":2090.0,"close_rate":2117.2108162243367,"fee_open":0.0015,"fee_close":0.0015,"trade_duration":85,"profit_ratio":0.00998502246630055,"profit_abs":2.7981129,"exit_reason":"roi","initial_stop_loss_abs":1881.0,"initial_stop_loss_ratio":-0.1,"stop_loss_abs":1881.0,"stop_loss_ratio":-0.1,"min_rate":2082.66,"max_rate":2119.12,"is_open":false,"enter_tag":"","leverage":1.0,"is_short":false,"open_timestamp":1770570300000,"close_timestamp":1770575400000,"orders":[{"amount":0.133881,"safe_price":2090.0,"ft_order_side":"buy","order_filled_timestamp":1770570300000,"ft_is_entry":true,"ft_order_tag":"","cost":280.231006935},{"amount":0.133881,"safe_price":2117.2108162243367,"ft_order_side":"sell","order_filled_timestamp":1770575400000,"ft_is_entry":false,"ft_order_tag":"roi","cost":283.8794827388609}],"funding_fees":0.0,"weekday":6},{"pair":"ETH/USDT","stake_amount":280.73391432,"max_stake_amount":280.73391432,"amount":0.138756,"open_date":"2026-02-09 10:55:00+00:00","close_date":"2026-02-09 13:20:00+00:00","open_rate":2023.22,"close_rate":2049.561372058087,"fee_open":0.0015,"fee_close":0.0015,"trade_duration":145,"profit_ratio":0.009985022454918927,"profit_abs":2.80733914,"exit_reason":"roi","initial_stop_loss_abs":1820.8980000000001,"initial_stop_loss_ratio":-0.1,"stop_loss_abs":1820.8980000000001,"stop_loss_ratio":-0.1,"min_rate":2020.84,"max_rate":2050.34,"is_open":false,"enter_tag":"","leverage":1.0,"is_short":false,"open_timestamp":1770634500000,"close_timestamp":1770643200000,"orders":[{"amount":0.138756,"safe_price":2023.22,"ft_order_side":"buy","order_filled_timestamp":1770634500000,"ft_is_entry":true,"ft_order_tag":"","cost":281.15501519148},{"amount":0.138756,"safe_price":2049.561372058087,"ft_order_side":"sell","order_filled_timestamp":1770643200000,"ft_is_entry":false,"ft_order_tag":"roi","cost":284.81552114790384}],"funding_fees":0.0,"weekday":0},{"pair":"BTC/USDT","stake_amount":280.7350448,"max_stake_amount":280.7350448,"amount":0.00408235,"open_date":"2026-02-09 10:55:00+00:00","close_date":"2026-02-09 14:40:00+00:00","open_rate":68768.0,"close_rate":69663.32699048572,"fee_open":0.0015,"fee_close":0.0015,"trade_duration":225,"profit_ratio":0.009985022473414033,"profit_abs":2.80735045,"exit_reason":"roi","initial_stop_loss_abs":61891.200000000004,"initial_stop_loss_ratio":-0.1,"stop_loss_abs":61891.200000000004,"stop_loss_ratio":-0.1,"min_rate":68309.4,"max_rate":69756.7,"is_open":false,"enter_tag":"","leverage":1.0,"is_short":false,"open_timestamp":1770634500000,"close_timestamp":1770648000000,"orders":[{"amount":0.00408235,"safe_price":68768.0,"ft_order_side":"buy","order_filled_timestamp":1770634500000,"ft_is_entry":true,"ft_order_tag":"","cost":281.15614736720005},{"amount":0.00408235,"safe_price":69663.32699048572,"ft_order_side":"sell","order_filled_timestamp":1770648000000,"ft_is_entry":false,"ft_order_tag":"roi","cost":284.8166680640188}],"funding_fees":0.0,"weekday":0},{"pair":"BTC/USDT","stake_amount":282.58777725,"max_stake_amount":282.58777725,"amount":0.00406559,"open_date":"2026-02-10 03:50:00+00:00","close_date":"2026-02-14 11:20:00+00:00","open_rate":69507.2,"close_rate":70412.15102653981,"fee_open":0.0015,"fee_close":0.0015,"trade_duration":6210,"profit_ratio":0.009985022457537658,"profit_abs":2.82587777,"exit_reason":"roi","initial_stop_loss_abs":62556.479999999996,"initial_stop_loss_ratio":-0.1,"stop_loss_abs":62556.479999999996,"stop_loss_ratio":-0.1,"min_rate":65120.1,"max_rate":70479.9,"is_open":false,"enter_tag":"","leverage":1.0,"is_short":false,"open_timestamp":1770695400000,"close_timestamp":1771068000000,"orders":[{"amount":0.00406559,"safe_price":69507.2,"ft_order_side":"buy","order_filled_timestamp":1770695400000,"ft_is_entry":true,"ft_order_tag":"","cost":283.011658913872},{"amount":0.00406559,"safe_price":70412.15102653981,"ft_order_side":"sell","order_filled_timestamp":1771068000000,"ft_is_entry":false,"ft_order_tag":"roi","cost":286.69633749762795}],"funding_fees":0.0,"weekday":5},{"pair":"ETH/USDT","stake_amount":282.58749534,"max_stake_amount":282.58749534,"amount":0.136583,"open_date":"2026-02-10 04:05:00+00:00","close_date":"2026-02-14 11:20:00+00:00","open_rate":2068.98,"close_rate":2095.917145718578,"fee_open":0.0015,"fee_close":0.0015,"trade_duration":6195,"profit_ratio":0.009985022454286898,"profit_abs":2.82587495,"exit_reason":"roi","initial_stop_loss_abs":1862.082,"initial_stop_loss_ratio":-0.1,"stop_loss_abs":1862.082,"stop_loss_ratio":-0.1,"min_rate":1896.4,"max_rate":2107.95,"is_open":false,"enter_tag":"","leverage":1.0,"is_short":false,"open_timestamp":1770696300000,"close_timestamp":1771068000000,"orders":[{"amount":0.136583,"safe_price":2068.98,"ft_order_side":"buy","order_filled_timestamp":1770696300000,"ft_is_entry":true,"ft_order_tag":"","cost":283.0113765830101},{"amount":0.136583,"safe_price":2095.917145718578,"ft_order_side":"sell","order_filled_timestamp":1771068000000,"ft_is_entry":false,"ft_order_tag":"roi","cost":286.6960514909511}],"funding_fees":0.0,"weekday":5},{"pair":"BTC/USDT","stake_amount":284.45310298,"max_stake_amount":284.45310298,"amount":0.00408352,"open_date":"2026-02-14 13:10:00+00:00","close_date":"2026-02-15 07:15:00+00:00","open_rate":69658.8,"close_rate":70565.72478718078,"fee_open":0.0015,"fee_close":0.0015,"trade_duration":1085,"profit_ratio":0.009985022467143011,"profit_abs":2.84453103,"exit_reason":"roi","initial_stop_loss_abs":62692.920000000006,"initial_stop_loss_ratio":-0.1,"stop_loss_abs":62692.920000000006,"stop_loss_ratio":-0.1,"min_rate":69200.0,"max_rate":70869.5,"is_open":false,"enter_tag":"","leverage":1.0,"is_short":false,"open_timestamp":1771074600000,"close_timestamp":1771139700000,"orders":[{"amount":0.00408352,"safe_price":69658.8,"ft_order_side":"buy","order_filled_timestamp":1771074600000,"ft_is_entry":true,"ft_order_tag":"","cost":284.87978263046404},{"amount":0.00408352,"safe_price":70565.72478718078,"ft_order_side":"sell","order_filled_timestamp":1771139700000,"ft_is_entry":false,"ft_order_tag":"roi","cost":288.5887833056729}],"funding_fees":0.0,"weekday":6},{"pair":"ETH/USDT","stake_amount":284.452914,"max_stake_amount":284.452914,"amount":0.137218,"open_date":"2026-02-14 13:10:00+00:00","close_date":"2026-02-15 07:35:00+00:00","open_rate":2073.0,"close_rate":2099.9894842263393,"fee_open":0.0015,"fee_close":0.0015,"trade_duration":1105,"profit_ratio":0.00998502246630055,"profit_abs":2.84452914,"exit_reason":"roi","initial_stop_loss_abs":1865.7,"initial_stop_loss_ratio":-0.1,"stop_loss_abs":1865.7,"stop_loss_ratio":-0.1,"min_rate":2036.0,"max_rate":2103.83,"is_open":false,"enter_tag":"","leverage":1.0,"is_short":false,"open_timestamp":1771074600000,"close_timestamp":1771140900000,"orders":[{"amount":0.137218,"safe_price":2073.0,"ft_order_side":"buy","order_filled_timestamp":1771074600000,"ft_is_entry":true,"ft_order_tag":"","cost":284.87959337100006},{"amount":0.137218,"safe_price":2099.9894842263393,"ft_order_side":"sell","order_filled_timestamp":1771140900000,"ft_is_entry":false,"ft_order_tag":"roi","cost":288.5885915821397}],"funding_fees":0.0,"weekday":6},{"pair":"BTC/USDT","stake_amount":286.3303512,"max_stake_amount":286.3303512,"amount":0.00411276,"open_date":"2026-02-15 13:20:00+00:00","close_date":"2026-02-19 00:00:00+00:00","open_rate":69620.0,"close_rate":66465.4,"fee_open":0.0015,"fee_close":0.0015,"trade_duration":4960,"profit_ratio":-0.04817146730155859,"profit_abs":-13.81364258,"exit_reason":"force_exit","initial_stop_loss_abs":62658.0,"initial_stop_loss_ratio":-0.1,"stop_loss_abs":62658.0,"stop_loss_ratio":-0.1,"min_rate":65876.1,"max_rate":70118.0,"is_open":false,"enter_tag":"","leverage":1.0,"is_short":false,"open_timestamp":1771161600000,"close_timestamp":1771459200000,"orders":[{"amount":0.00411276,"safe_price":69620.0,"ft_order_side":"buy","order_filled_timestamp":1771161600000,"ft_is_entry":true,"ft_order_tag":"","cost":286.7598467268},{"amount":0.00411276,"safe_price":66465.4,"ft_order_side":"sell","order_filled_timestamp":1771459200000,"ft_is_entry":false,"ft_order_tag":"force_exit","cost":273.76627286175597}],"funding_fees":0.0,"weekday":3},{"pair":"ETH/USDT","stake_amount":286.329055,"max_stake_amount":286.329055,"amount":0.141425,"open_date":"2026-02-15 13:25:00+00:00","close_date":"2026-02-19 00:00:00+00:00","open_rate":2024.6,"close_rate":1956.06,"fee_open":0.0015,"fee_close":0.0015,"trade_duration":4955,"profit_ratio":-0.036747698759426226,"profit_abs":-10.53771676,"exit_reason":"force_exit","initial_stop_loss_abs":1822.1399999999999,"initial_stop_loss_ratio":-0.1,"stop_loss_abs":1822.1399999999999,"stop_loss_ratio":-0.1,"min_rate":1923.44,"max_rate":2039.0,"is_open":false,"enter_tag":"","leverage":1.0,"is_short":false,"open_timestamp":1771161900000,"close_timestamp":1771459200000,"orders":[{"amount":0.141425,"safe_price":2024.6,"ft_order_side":"buy","order_filled_timestamp":1771161900000,"ft_is_entry":true,"ft_order_tag":"","cost":286.7585485825},{"amount":0.141425,"safe_price":1956.06,"ft_order_side":"sell","order_filled_timestamp":1771459200000,"ft_is_entry":false,"ft_order_tag":"force_exit","cost":277.05073917825}],"funding_fees":0.0,"weekday":3}],"locks":[],"best_pair":{"key":"BTC/USDT","trades":16,"profit_mean":-0.012905249906897422,"profit_mean_pct":-1.29,"profit_total_abs":-66.13135401000001,"profit_total":-0.06613135401,"profit_total_pct":-6.61,"duration_avg":"1 day, 10:55:00","wins":12,"draws":0,"losses":4,"winrate":0.75,"cagr":-0.5773208145257672,"expectancy":-4.133209625625001,"expectancy_ratio":-0.152400000426536,"sortino":-5.55670845195,"sharpe":-3.117479828161768,"calmar":-52.63001249189651,"sqn":-1.1455,"profit_factor":0.39039999829385547,"max_drawdown_account":0.08277941940000005,"max_drawdown_abs":82.77941940000001},"worst_pair":{"key":"ETH/USDT","trades":20,"profit_mean":-0.014130436841231202,"profit_mean_pct":-1.41,"profit_total_abs":-90.55175719999998,"profit_total":-0.09055175719999999,"profit_total_pct":-9.06,"duration_avg":"23:59:00","wins":15,"draws":0,"losses":5,"winrate":0.75,"cagr":-0.6971892908021751,"expectancy":-4.527587859999999,"expectancy_ratio":-0.16355964655801958,"sortino":-6.862259180039378,"sharpe":-4.237482451613448,"calmar":-59.95280750251338,"sqn":-1.4019,"profit_factor":0.3457614137679217,"max_drawdown_account":0.09950291215999994,"max_drawdown_abs":99.50291215999998},"results_per_pair":[{"key":"BTC/USDT","trades":16,"profit_mean":-0.012905249906897422,"profit_mean_pct":-1.29,"profit_total_abs":-66.13135401000001,"profit_total":-0.06613135401,"profit_total_pct":-6.61,"duration_avg":"1 day, 10:55:00","wins":12,"draws":0,"losses":4,"winrate":0.75,"cagr":-0.5773208145257672,"expectancy":-4.133209625625001,"expectancy_ratio":-0.152400000426536,"sortino":-5.55670845195,"sharpe":-3.117479828161768,"calmar":-52.63001249189651,"sqn":-1.1455,"profit_factor":0.39039999829385547,"max_drawdown_account":0.08277941940000005,"max_drawdown_abs":82.77941940000001},{"key":"ETH/USDT","trades":20,"profit_mean":-0.014130436841231202,"profit_mean_pct":-1.41,"profit_total_abs":-90.55175719999998,"profit_total":-0.09055175719999999,"profit_total_pct":-9.06,"duration_avg":"23:59:00","wins":15,"draws":0,"losses":5,"winrate":0.75,"cagr":-0.6971892908021751,"expectancy":-4.527587859999999,"expectancy_ratio":-0.16355964655801958,"sortino":-6.862259180039378,"sharpe":-4.237482451613448,"calmar":-59.95280750251338,"sqn":-1.4019,"profit_factor":0.3457614137679217,"max_drawdown_account":0.09950291215999994,"max_drawdown_abs":99.50291215999998},{"key":"TOTAL","trades":36,"profit_mean":-0.013585909314860634,"profit_mean_pct":-1.36,"profit_total_abs":-156.68311121,"profit_total":-0.15668311121,"profit_total_pct":-15.67,"duration_avg":"1 day, 4:51:00","wins":27,"draws":0,"losses":9,"winrate":0.75,"cagr":-0.88291402690291,"expectancy":-4.352308644722221,"expectancy_ratio":-0.15865613116211774,"sortino":-12.392122164888274,"sharpe":-7.355306114366254,"calmar":-57.50967587289764,"sqn":-1.8348,"profit_factor":0.3653754753515287,"max_drawdown_account":0.17948563714,"max_drawdown_abs":179.48563714}],"results_per_enter_tag":[{"key":"","trades":36,"profit_mean":-0.013585909314860634,"profit_mean_pct":-1.36,"profit_total_abs":-156.68311121,"profit_total":-0.15668311121,"profit_total_pct":-15.67,"duration_avg":"1 day, 4:51:00","wins":27,"draws":0,"losses":9,"winrate":0.75,"cagr":-0.88291402690291,"expectancy":-4.352308644722221,"expectancy_ratio":-0.15865613116211774,"sortino":-12.392122164888274,"sharpe":-7.355306114366254,"calmar":-57.50967587289764,"sqn":-1.8348,"profit_factor":0.3653754753515287,"max_drawdown_account":0.17948563714,"max_drawdown_abs":179.48563714},{"key":"TOTAL","trades":36,"profit_mean":-0.013585909314860634,"profit_mean_pct":-1.36,"profit_total_abs":-156.68311121,"profit_total":-0.15668311121,"profit_total_pct":-15.67,"duration_avg":"1 day, 4:51:00","wins":27,"draws":0,"losses":9,"winrate":0.75,"cagr":-0.88291402690291,"expectancy":-4.352308644722221,"expectancy_ratio":-0.15865613116211774,"sortino":-12.392122164888274,"sharpe":-7.355306114366254,"calmar":-57.50967587289764,"sqn":-1.8348,"profit_factor":0.3653754753515287,"max_drawdown_account":0.17948563714,"max_drawdown_abs":179.48563714}],"exit_reason_summary":[{"key":"roi","trades":27,"profit_mean":0.011655486044695143,"profit_mean_pct":1.17,"profit_total_abs":90.20793243000001,"profit_total":0.09020793243000001,"profit_total_pct":9.02,"duration_avg":"12:33:00","wins":27,"draws":0,"losses":0,"winrate":1.0,"cagr":1.9655160874110003,"expectancy":3.3410345344444448,"expectancy_ratio":100.0,"sortino":-100,"sharpe":36.08305014874507,"calmar":-100,"sqn":10.3437,"profit_factor":0.0,"max_drawdown_account":0.0,"max_drawdown_abs":0.0},{"key":"force_exit","trades":2,"profit_mean":-0.04245958303049241,"profit_mean_pct":-4.25,"profit_total_abs":-24.351359340000002,"profit_total":-0.024351359340000003,"profit_total_pct":-2.44,"duration_avg":"3 days, 10:38:00","wins":0,"draws":0,"losses":2,"winrate":0.0,"cagr":-0.26676182383535296,"expectancy":-12.175679670000001,"expectancy_ratio":-1.0,"sortino":-9.794168701531495,"sharpe":-9.794168701531495,"calmar":-65.87921784325093,"sqn":-7.4334,"profit_factor":0.0,"max_drawdown_account":0.024351359340000045,"max_drawdown_abs":24.351359340000002},{"key":"stop_loss","trades":7,"profit_mean":-0.10269595606868097,"profit_mean_pct":-10.27,"profit_total_abs":-222.53968430000003,"profit_total":-0.22253968430000004,"profit_total_pct":-22.25,"duration_avg":"3 days, 4:21:00","wins":0,"draws":0,"losses":7,"winrate":0.0,"cagr":-0.957922145368053,"expectancy":-31.791383471428578,"expectancy_ratio":-1.0,"sortino":-85.59397604959948,"sharpe":-85.59397604959948,"calmar":-65.87921784325101,"sqn":-45.4645,"profit_factor":0.0,"max_drawdown_account":0.2225396843000001,"max_drawdown_abs":222.53968430000003},{"key":"TOTAL","trades":36,"profit_mean":-0.013585909314860634,"profit_mean_pct":-1.36,"profit_total_abs":-156.68311121,"profit_total":-0.15668311121,"profit_total_pct":-15.67,"duration_avg":"1 day, 4:51:00","wins":27,"draws":0,"losses":9,"winrate":0.75,"cagr":-0.88291402690291,"expectancy":-4.352308644722221,"expectancy_ratio":-0.15865613116211774,"sortino":-12.392122164888274,"sharpe":-7.355306114366254,"calmar":-57.50967587289764,"sqn":-1.8348,"profit_factor":0.3653754753515287,"max_drawdown_account":0.17948563714,"max_drawdown_abs":179.48563714}],"mix_tag_stats":[{"key":["","roi"],"trades":27,"profit_mean":0.011655486044695143,"profit_mean_pct":1.17,"profit_total_abs":90.20793243000001,"profit_total":0.09020793243000001,"profit_total_pct":9.02,"duration_avg":"12:33:00","wins":27,"draws":0,"losses":0,"winrate":1.0,"cagr":1.9655160874110003,"expectancy":3.3410345344444448,"expectancy_ratio":100.0,"sortino":-100,"sharpe":36.08305014874507,"calmar":-100,"sqn":10.3437,"profit_factor":0.0,"max_drawdown_account":0.0,"max_drawdown_abs":0.0},{"key":["","force_exit"],"trades":2,"profit_mean":-0.04245958303049241,"profit_mean_pct":-4.25,"profit_total_abs":-24.351359340000002,"profit_total":-0.024351359340000003,"profit_total_pct":-2.44,"duration_avg":"3 days, 10:38:00","wins":0,"draws":0,"losses":2,"winrate":0.0,"cagr":-0.26676182383535296,"expectancy":-12.175679670000001,"expectancy_ratio":-1.0,"sortino":-9.794168701531495,"sharpe":-9.794168701531495,"calmar":-65.87921784325093,"sqn":-7.4334,"profit_factor":0.0,"max_drawdown_account":0.024351359340000045,"max_drawdown_abs":24.351359340000002},{"key":["","stop_loss"],"trades":7,"profit_mean":-0.10269595606868097,"profit_mean_pct":-10.27,"profit_total_abs":-222.53968430000003,"profit_total":-0.22253968430000004,"profit_total_pct":-22.25,"duration_avg":"3 days, 4:21:00","wins":0,"draws":0,"losses":7,"winrate":0.0,"cagr":-0.957922145368053,"expectancy":-31.791383471428578,"expectancy_ratio":-1.0,"sortino":-85.59397604959948,"sharpe":-85.59397604959948,"calmar":-65.87921784325101,"sqn":-45.4645,"profit_factor":0.0,"max_drawdown_account":0.2225396843000001,"max_drawdown_abs":222.53968430000003},{"key":"TOTAL","trades":36,"profit_mean":-0.013585909314860634,"profit_mean_pct":-1.36,"profit_total_abs":-156.68311121,"profit_total":-0.15668311121,"profit_total_pct":-15.67,"duration_avg":"1 day, 4:51:00","wins":27,"draws":0,"losses":9,"winrate":0.75,"cagr":-0.88291402690291,"expectancy":-4.352308644722221,"expectancy_ratio":-0.15865613116211774,"sortino":-12.392122164888274,"sharpe":-7.355306114366254,"calmar":-57.50967587289764,"sqn":-1.8348,"profit_factor":0.3653754753515287,"max_drawdown_account":0.17948563714,"max_drawdown_abs":179.48563714}],"left_open_trades":[{"key":"ETH/USDT","trades":1,"profit_mean":-0.036747698759426226,"profit_mean_pct":-3.67,"profit_total_abs":-10.53771676,"profit_total":-0.01053771676,"profit_total_pct":-1.05,"duration_avg":"3 days, 10:35:00","wins":0,"draws":0,"losses":1,"winrate":0.0,"cagr":-0.12482694915769865,"expectancy":-10.53771676,"expectancy_ratio":-1.0,"sortino":-100,"sharpe":-100,"calmar":-65.87921784325124,"sqn":-100.0,"profit_factor":0.0,"max_drawdown_account":0.010537716759999967,"max_drawdown_abs":10.53771676},{"key":"BTC/USDT","trades":1,"profit_mean":-0.04817146730155859,"profit_mean_pct":-4.82,"profit_total_abs":-13.81364258,"profit_total":-0.01381364258,"profit_total_pct":-1.38,"duration_avg":"3 days, 10:40:00","wins":0,"draws":0,"losses":1,"winrate":0.0,"cagr":-0.16060456564620007,"expectancy":-13.81364258,"expectancy_ratio":-1.0,"sortino":-100,"sharpe":-100,"calmar":-65.87921784325121,"sqn":-100.0,"profit_factor":0.0,"max_drawdown_account":0.013813642579999964,"max_drawdown_abs":13.81364258},{"key":"TOTAL","trades":2,"profit_mean":-0.04245958303049241,"profit_mean_pct":-4.25,"profit_total_abs":-24.351359340000002,"profit_total":-0.024351359340000003,"profit_total_pct":-2.44,"duration_avg":"3 days, 10:38:00","wins":0,"draws":0,"losses":2,"winrate":0.0,"cagr":-0.26676182383535296,"expectancy":-12.175679670000001,"expectancy_ratio":-1.0,"sortino":-9.794168701531495,"sharpe":-9.794168701531495,"calmar":-65.87921784325093,"sqn":-7.4334,"profit_factor":0.0,"max_drawdown_account":0.024351359340000045,"max_drawdown_abs":24.351359340000002}],"total_trades":36,"trade_count_long":36,"trade_count_short":0,"total_volume":20874.675403049467,"avg_stake_amount":291.2337261583333,"profit_mean":-0.013585909314860634,"profit_median":0.009985022462178455,"profit_total":-0.15668311121,"profit_total_long":-0.15668311121,"profit_total_short":0.0,"profit_total_abs":-156.68311121,"profit_total_long_abs":-156.68311121,"profit_total_short_abs":0.0,"cagr":-0.8829140269029098,"expectancy":-4.352308644722221,"expectancy_ratio":-0.15865613116211774,"sortino":-12.392122164888274,"sharpe":-7.355306114366254,"calmar":-57.50967587289764,"sqn":-1.8348,"profit_factor":0.3653754753515287,"backtest_start":"2026-01-20 02:30:00","backtest_start_ts":1768876200000,"backtest_end":"2026-02-19 00:00:00","backtest_end_ts":1771459200000,"backtest_days":29,"backtest_run_start_ts":1771511215,"backtest_run_end_ts":1771511216,"trades_per_day":1.24,"market_change":-0.3346562743985367,"pairlist":["BTC/USDT","ETH/USDT"],"stake_amount":"unlimited","stake_currency":"USDT","stake_currency_decimals":3,"starting_balance":1000,"dry_run_wallet":1000,"final_balance":843.3168887900001,"rejected_signals":0,"timedout_entry_orders":0,"timedout_exit_orders":0,"canceled_trade_entries":0,"canceled_entry_orders":0,"replaced_entry_orders":0,"max_open_trades":2,"max_open_trades_setting":3,"timeframe":"5m","timeframe_detail":"","timerange":"20260120-20260219","enable_protections":false,"strategy_name":"MyFirstStrategy","freqaimodel":null,"freqai_identifier":null,"stoploss":-0.1,"trailing_stop":false,"trailing_stop_positive":null,"trailing_stop_positive_offset":0.0,"trailing_only_offset_is_reached":false,"use_custom_stoploss":false,"minimal_roi":{"60":0.01,"30":0.02,"0":0.04},"use_exit_signal":true,"exit_profit_only":false,"exit_profit_offset":0.0,"ignore_roi_if_entry_signal":false,"trading_mode":"spot","margin_mode":"","periodic_breakdown":{"day":[{"date":"25/01/2026","date_ts":1769299200000,"profit_abs":-33.94046218,"wins":0,"draws":0,"losses":1,"trades":1,"profit_factor":0.0},{"date":"26/01/2026","date_ts":1769385600000,"profit_abs":3.18796887,"wins":1,"draws":0,"losses":0,"trades":1,"profit_factor":0.0},{"date":"27/01/2026","date_ts":1769472000000,"profit_abs":3.19851616,"wins":1,"draws":0,"losses":0,"trades":1,"profit_factor":0.0},{"date":"28/01/2026","date_ts":1769558400000,"profit_abs":0.0,"wins":0,"draws":0,"losses":0,"trades":0,"profit_factor":0.0},{"date":"29/01/2026","date_ts":1769644800000,"profit_abs":0.0,"wins":0,"draws":0,"losses":0,"trades":0,"profit_factor":0.0},{"date":"30/01/2026","date_ts":1769731200000,"profit_abs":-54.46064342,"wins":3,"draws":0,"losses":2,"trades":5,"profit_factor":0.18649572},{"date":"31/01/2026","date_ts":1769817600000,"profit_abs":-28.2303215,"wins":1,"draws":0,"losses":1,"trades":2,"profit_factor":0.09392838},{"date":"01/02/2026","date_ts":1769904000000,"profit_abs":0.0,"wins":0,"draws":0,"losses":0,"trades":0,"profit_factor":0.0},{"date":"02/02/2026","date_ts":1769990400000,"profit_abs":-25.38730567,"wins":2,"draws":0,"losses":1,"trades":3,"profit_factor":0.18517744},{"date":"03/02/2026","date_ts":1770076800000,"profit_abs":12.68971757,"wins":4,"draws":0,"losses":0,"trades":4,"profit_factor":0.0},{"date":"04/02/2026","date_ts":1770163200000,"profit_abs":0.0,"wins":0,"draws":0,"losses":0,"trades":0,"profit_factor":0.0},{"date":"05/02/2026","date_ts":1770249600000,"profit_abs":-45.67659153,"wins":5,"draws":0,"losses":2,"trades":7,"profit_factor":0.23025372},{"date":"06/02/2026","date_ts":1770336000000,"profit_abs":10.97422577,"wins":1,"draws":0,"losses":0,"trades":1,"profit_factor":0.0},{"date":"07/02/2026","date_ts":1770422400000,"profit_abs":5.55952868,"wins":2,"draws":0,"losses":0,"trades":2,"profit_factor":0.0},{"date":"08/02/2026","date_ts":1770508800000,"profit_abs":2.7981129,"wins":1,"draws":0,"losses":0,"trades":1,"profit_factor":0.0},{"date":"09/02/2026","date_ts":1770595200000,"profit_abs":5.61468959,"wins":2,"draws":0,"losses":0,"trades":2,"profit_factor":0.0},{"date":"10/02/2026","date_ts":1770681600000,"profit_abs":0.0,"wins":0,"draws":0,"losses":0,"trades":0,"profit_factor":0.0},{"date":"11/02/2026","date_ts":1770768000000,"profit_abs":0.0,"wins":0,"draws":0,"losses":0,"trades":0,"profit_factor":0.0},{"date":"12/02/2026","date_ts":1770854400000,"profit_abs":0.0,"wins":0,"draws":0,"losses":0,"trades":0,"profit_factor":0.0},{"date":"13/02/2026","date_ts":1770940800000,"profit_abs":0.0,"wins":0,"draws":0,"losses":0,"trades":0,"profit_factor":0.0},{"date":"14/02/2026","date_ts":1771027200000,"profit_abs":5.65175272,"wins":2,"draws":0,"losses":0,"trades":2,"profit_factor":0.0},{"date":"15/02/2026","date_ts":1771113600000,"profit_abs":5.68906017,"wins":2,"draws":0,"losses":0,"trades":2,"profit_factor":0.0},{"date":"16/02/2026","date_ts":1771200000000,"profit_abs":0.0,"wins":0,"draws":0,"losses":0,"trades":0,"profit_factor":0.0},{"date":"17/02/2026","date_ts":1771286400000,"profit_abs":0.0,"wins":0,"draws":0,"losses":0,"trades":0,"profit_factor":0.0},{"date":"18/02/2026","date_ts":1771372800000,"profit_abs":0.0,"wins":0,"draws":0,"losses":0,"trades":0,"profit_factor":0.0},{"date":"19/02/2026","date_ts":1771459200000,"profit_abs":-24.35135934,"wins":0,"draws":0,"losses":2,"trades":2,"profit_factor":0.0}],"week":[{"date":"26/01/2026","date_ts":1769385600000,"profit_abs":-30.75249331,"wins":1,"draws":0,"losses":1,"trades":2,"profit_factor":0.09392827},{"date":"02/02/2026","date_ts":1769990400000,"profit_abs":-104.87975443,"wins":7,"draws":0,"losses":4,"trades":11,"profit_factor":0.18861036},{"date":"09/02/2026","date_ts":1770595200000,"profit_abs":-8.04031702,"wins":15,"draws":0,"losses":2,"trades":17,"profit_factor":0.86450381},{"date":"16/02/2026","date_ts":1771200000000,"profit_abs":11.34081289,"wins":4,"draws":0,"losses":0,"trades":4,"profit_factor":0.0},{"date":"23/02/2026","date_ts":1771804800000,"profit_abs":-24.35135934,"wins":0,"draws":0,"losses":2,"trades":2,"profit_factor":0.0}],"month":[{"date":"31/01/2026","date_ts":1769817600000,"profit_abs":-110.24494207,"wins":6,"draws":0,"losses":4,"trades":10,"profit_factor":0.16508322},{"date":"28/02/2026","date_ts":1772236800000,"profit_abs":-46.43816914,"wins":21,"draws":0,"losses":5,"trades":26,"profit_factor":0.59565544}],"year":[{"date":"31/12/2026","date_ts":1798675200000,"profit_abs":-156.68311121,"wins":27,"draws":0,"losses":9,"trades":36,"profit_factor":0.36537548}],"weekday":[{"date":"Monday","date_ts":0,"profit_abs":-16.58464721,"wins":5,"draws":0,"losses":1,"trades":6,"profit_factor":0.46770465},{"date":"Tuesday","date_ts":1,"profit_abs":15.88823373,"wins":5,"draws":0,"losses":0,"trades":5,"profit_factor":0.0},{"date":"Thursday","date_ts":3,"profit_abs":-70.02795087,"wins":5,"draws":0,"losses":4,"trades":9,"profit_factor":0.1632575},{"date":"Friday","date_ts":4,"profit_abs":-43.48641765,"wins":4,"draws":0,"losses":2,"trades":6,"profit_factor":0.3504229},{"date":"Saturday","date_ts":5,"profit_abs":-17.0190401,"wins":5,"draws":0,"losses":1,"trades":6,"profit_factor":0.45376218},{"date":"Sunday","date_ts":6,"profit_abs":-25.45328911,"wins":3,"draws":0,"losses":1,"trades":4,"profit_factor":0.25006062}]},"backtest_best_day":0.044227871196379866,"backtest_worst_day":-0.16457717682052497,"backtest_best_day_abs":12.68971757,"backtest_worst_day_abs":-54.46064342,"winning_days":9,"draw_days":11,"losing_days":6,"daily_profit":[["2026-01-25",-33.94046218],["2026-01-26",3.18796887],["2026-01-27",3.19851616],["2026-01-28",0.0],["2026-01-29",0.0],["2026-01-30",-54.46064342],["2026-01-31",-28.2303215],["2026-02-01",0.0],["2026-02-02",-25.38730567],["2026-02-03",12.68971757],["2026-02-04",0.0],["2026-02-05",-45.67659153],["2026-02-06",10.97422577],["2026-02-07",5.55952868],["2026-02-08",2.7981129],["2026-02-09",5.61468959],["2026-02-10",0.0],["2026-02-11",0.0],["2026-02-12",0.0],["2026-02-13",0.0],["2026-02-14",5.65175272],["2026-02-15",5.68906017],["2026-02-16",0.0],["2026-02-17",0.0],["2026-02-18",0.0],["2026-02-19",-24.35135934]],"wins":27,"losses":9,"draws":0,"winrate":0.75,"holding_avg":"1 day, 4:51:00","holding_avg_s":103860.0,"winner_holding_min":"0d 00:25","winner_holding_min_s":1500.0,"winner_holding_max":"4d 07:30","winner_holding_max_s":372600.0,"winner_holding_avg":"0d 12:33","winner_holding_avg_s":45180.0,"loser_holding_min":"0d 14:40","loser_holding_min_s":52800.0,"loser_holding_max":"9d 20:05","loser_holding_max_s":849900.0,"loser_holding_avg":"3d 05:45","loser_holding_avg_s":279900.0,"max_consecutive_wins":14,"max_consecutive_losses":2,"max_drawdown_account":0.17948563714,"max_relative_drawdown":0.17948563714,"max_drawdown_abs":179.48563714,"drawdown_start":"2026-01-25 18:10:00","drawdown_start_ts":1769364600000.0,"drawdown_end":"2026-02-05 15:20:00","drawdown_end_ts":1770304800000.0,"drawdown_duration":"10 days 21:10:00","drawdown_duration_s":940200.0,"max_drawdown_low":-179.48563714,"max_drawdown_high":0.0,"csum_min":820.51436286,"csum_max":972.44602285}},"strategy_comparison":[{"key":"MyFirstStrategy","trades":36,"profit_mean":-0.013585909314860634,"profit_mean_pct":-1.36,"profit_total_abs":-156.68311121,"profit_total":-0.15668311121,"profit_total_pct":-15.67,"duration_avg":"1 day, 4:51:00","wins":27,"draws":0,"losses":9,"winrate":0.75,"cagr":-0.88291402690291,"expectancy":-4.352308644722221,"expectancy_ratio":-0.15865613116211774,"sortino":-12.392122164888274,"sharpe":-7.355306114366254,"calmar":-57.50967587289764,"sqn":-1.8348,"profit_factor":0.3653754753515287,"max_drawdown_account":0.17948563714,"max_drawdown_abs":"179.486"}]}