{"max_open_trades":3,"stake_currency":"USDT","stake_amount":"unlimited","tradable_balance_ratio":0.99,"fiat_display_currency":"USD","dry_run":true,"dry_run_wallet":1000,"cancel_open_orders_on_exit":false,"trading_mode":"spot","unfilledtimeout":{"entry":10,"exit":10,"exit_timeout_count":0,"unit":"minutes"},"entry_pricing":{"price_side":"same","use_order_book":true,"order_book_top":1,"price_last_balance":0.0,"check_depth_of_market":{"enabled":false,"bids_to_ask_delta":1}},"exit_pricing":{"price_side":"same","use_order_book":true,"order_book_top":1},"exchange":{"name":"okx","key":"REDACTED","secret":"REDACTED","password":"REDACTED","ccxt_sync_config":{},"ccxt_async_config":{},"pair_whitelist":["BTC/USDT","ETH/USDT","SOL/USDT","DOGE/USDT"],"pair_blacklist":[]},"pairlists":[{"method":"StaticPairList"}],"telegram":{"enabled":true,"token":"REDACTED","chat_id":"REDACTED","notification_settings":{"status":"on","warning":"on","startup":"on","entry":"on","exit":"on","strategy_msg":"on"}},"api_server":{"enabled":true,"listen_ip_address":"0.0.0.0","listen_port":8081,"verbosity":"error","enable_openapi":true,"jwt_secret_key":"spot_secret_key_change","ws_token":"spot_ws_token_change","CORS_origins":[],"username":"freqtrade","password":"REDACTED"},"bot_name":"freqtrade_spot","initial_state":"running","force_entry_enable":false,"internals":{"process_throttle_secs":5},"config_files":["user_data/config_spot.json"]}