{"strategy":{"SupertrendFuturesStrategyV8_1":{"trades":[{"pair":"AVAX/USDT:USDT","stake_amount":99.5688,"max_stake_amount":99.5688,"amount":14.4,"open_date":"2025-12-03 02:30:00+00:00","close_date":"2025-12-03 06:00:00+00:00","open_rate":13.829,"close_rate":14.257913456728364,"fee_open":0.0005,"fee_close":0.0005,"trade_duration":210,"profit_ratio":0.05997001499250375,"profit_abs":5.974128,"exit_reason":"roi","initial_stop_loss_abs":13.621565,"initial_stop_loss_ratio":-0.03,"stop_loss_abs":14.201550000000001,"stop_loss_ratio":-0.02,"min_rate":13.733,"max_rate":14.345,"is_open":false,"enter_tag":"","leverage":2,"is_short":false,"open_timestamp":1764729000000,"close_timestamp":1764741600000,"orders":[{"amount":14.4,"safe_price":13.829,"ft_order_side":"buy","order_filled_timestamp":1764729000000,"ft_is_entry":true,"ft_order_tag":"","cost":199.2371688},{"amount":14.4,"safe_price":14.257913456728364,"ft_order_side":"sell","order_filled_timestamp":1764741600000,"ft_is_entry":false,"ft_order_tag":"roi","cost":205.41661075377687}],"funding_fees":0.0,"weekday":2},{"pair":"AVAX/USDT:USDT","stake_amount":99.7857,"max_stake_amount":99.7857,"amount":14.1,"open_date":"2025-12-03 13:30:00+00:00","close_date":"2025-12-03 14:00:00+00:00","open_rate":14.154,"close_rate":13.94169,"fee_open":0.0005,"fee_close":0.0005,"trade_duration":30,"profit_ratio":-0.03196901544717977,"profit_abs":-3.19164561,"exit_reason":"stop_loss","initial_stop_loss_abs":13.94169,"initial_stop_loss_ratio":-0.03,"stop_loss_abs":13.94169,"stop_loss_ratio":-0.03,"min_rate":13.869,"max_rate":14.22,"is_open":false,"enter_tag":"","leverage":2,"is_short":false,"open_timestamp":1764768600000,"close_timestamp":1764770400000,"orders":[{"amount":14.1,"safe_price":14.154,"ft_order_side":"buy","order_filled_timestamp":1764768600000,"ft_is_entry":true,"ft_order_tag":"","cost":199.67118569999997},{"amount":14.1,"safe_price":13.94169,"ft_order_side":"sell","order_filled_timestamp":1764770400000,"ft_is_entry":false,"ft_order_tag":"stop_loss","cost":196.67611791449997}],"funding_fees":0.0,"weekday":2},{"pair":"AVAX/USDT:USDT","stake_amount":99.405,"max_stake_amount":99.405,"amount":14.1,"open_date":"2025-12-03 15:00:00+00:00","close_date":"2025-12-03 16:30:00+00:00","open_rate":14.1,"close_rate":14.18373,"fee_open":0.0005,"fee_close":0.0005,"trade_duration":90,"profit_ratio":0.00970866581195595,"profit_abs":0.96557247,"exit_reason":"trailing_stop_loss","initial_stop_loss_abs":13.888499999999999,"initial_stop_loss_ratio":-0.03,"stop_loss_abs":14.18373,"stop_loss_ratio":-0.02,"min_rate":14.055,"max_rate":14.327,"is_open":false,"enter_tag":"","leverage":2,"is_short":false,"open_timestamp":1764774000000,"close_timestamp":1764779400000,"orders":[{"amount":14.1,"safe_price":14.1,"ft_order_side":"buy","order_filled_timestamp":1764774000000,"ft_is_entry":true,"ft_order_tag":"","cost":198.909405},{"amount":14.1,"safe_price":14.18373,"ft_order_side":"sell","order_filled_timestamp":1764779400000,"ft_is_entry":false,"ft_order_tag":"trailing_stop_loss","cost":200.0905882965}],"funding_fees":-0.01562023250845496,"weekday":2},{"pair":"AVAX/USDT:USDT","stake_amount":99.897,"max_stake_amount":99.897,"amount":14.0,"open_date":"2025-12-03 17:00:00+00:00","close_date":"2025-12-03 21:00:00+00:00","open_rate":14.271,"close_rate":14.4936,"fee_open":0.0005,"fee_close":0.0005,"trade_duration":240,"profit_ratio":0.029165950974481224,"profit_abs":2.9150478,"exit_reason":"trailing_stop_loss","initial_stop_loss_abs":14.056935000000001,"initial_stop_loss_ratio":-0.03,"stop_loss_abs":14.4936,"stop_loss_ratio":-0.02,"min_rate":14.266,"max_rate":14.64,"is_open":false,"enter_tag":"","leverage":2,"is_short":false,"open_timestamp":1764781200000,"close_timestamp":1764795600000,"orders":[{"amount":14.0,"safe_price":14.271,"ft_order_side":"buy","order_filled_timestamp":1764781200000,"ft_is_entry":true,"ft_order_tag":"","cost":199.893897},{"amount":14.0,"safe_price":14.4936,"ft_order_side":"sell","order_filled_timestamp":1764795600000,"ft_is_entry":false,"ft_order_tag":"trailing_stop_loss","cost":203.01185519999999}],"funding_fees":0.0,"weekday":2},{"pair":"AVAX/USDT:USDT","stake_amount":99.7965,"max_stake_amount":99.7965,"amount":13.4,"open_date":"2025-12-03 22:00:00+00:00","close_date":"2025-12-04 01:30:00+00:00","open_rate":14.895,"close_rate":14.671574999999999,"fee_open":0.0005,"fee_close":0.0005,"trade_duration":210,"profit_ratio":-0.03216727820224602,"profit_abs":-3.21178687,"exit_reason":"stop_loss","initial_stop_loss_abs":14.671574999999999,"initial_stop_loss_ratio":-0.03,"stop_loss_abs":14.671574999999999,"stop_loss_ratio":-0.03,"min_rate":14.671,"max_rate":15.07,"is_open":false,"enter_tag":"","leverage":2,"is_short":false,"open_timestamp":1764799200000,"close_timestamp":1764811800000,"orders":[{"amount":13.4,"safe_price":14.895,"ft_order_side":"buy","order_filled_timestamp":1764799200000,"ft_is_entry":true,"ft_order_tag":"","cost":199.6927965},{"amount":13.4,"safe_price":14.671574999999999,"ft_order_side":"sell","order_filled_timestamp":1764811800000,"ft_is_entry":false,"ft_order_tag":"stop_loss","cost":196.69740455249996}],"funding_fees":-0.01979582,"weekday":3},{"pair":"AVAX/USDT:USDT","stake_amount":99.46125,"max_stake_amount":99.46125,"amount":13.5,"open_date":"2025-12-04 12:00:00+00:00","close_date":"2025-12-04 17:30:00+00:00","open_rate":14.735,"close_rate":14.513974999999999,"fee_open":0.0005,"fee_close":0.0005,"trade_duration":330,"profit_ratio":-0.03205726533860092,"profit_abs":-3.19004991,"exit_reason":"stop_loss","initial_stop_loss_abs":14.513974999999999,"initial_stop_loss_ratio":-0.03,"stop_loss_abs":14.513974999999999,"stop_loss_ratio":-0.03,"min_rate":14.493,"max_rate":14.854,"is_open":false,"enter_tag":"","leverage":2,"is_short":false,"open_timestamp":1764849600000,"close_timestamp":1764869400000,"orders":[{"amount":13.5,"safe_price":14.735,"ft_order_side":"buy","order_filled_timestamp":1764849600000,"ft_is_entry":true,"ft_order_tag":"","cost":199.02196124999998},{"amount":13.5,"safe_price":14.513974999999999,"ft_order_side":"sell","order_filled_timestamp":1764869400000,"ft_is_entry":false,"ft_order_tag":"stop_loss","cost":196.03663183125}],"funding_fees":-0.008781827656338812,"weekday":3},{"pair":"AVAX/USDT:USDT","stake_amount":99.42555,"max_stake_amount":99.42555,"amount":16.1,"open_date":"2025-12-20 08:30:00+00:00","close_date":"2025-12-20 14:00:00+00:00","open_rate":12.351,"close_rate":12.165735000000002,"fee_open":0.0005,"fee_close":0.0005,"trade_duration":330,"profit_ratio":-0.03196901552492531,"profit_abs":-3.18012622,"exit_reason":"stop_loss","initial_stop_loss_abs":12.165735000000002,"initial_stop_loss_ratio":-0.03,"stop_loss_abs":12.165735000000002,"stop_loss_ratio":-0.03,"min_rate":12.16,"max_rate":12.364,"is_open":false,"enter_tag":"","leverage":2,"is_short":false,"open_timestamp":1766219400000,"close_timestamp":1766239200000,"orders":[{"amount":16.1,"safe_price":12.351,"ft_order_side":"buy","order_filled_timestamp":1766219400000,"ft_is_entry":true,"ft_order_tag":"","cost":198.95052555},{"amount":16.1,"safe_price":12.165735000000002,"ft_order_side":"sell","order_filled_timestamp":1766239200000,"ft_is_entry":false,"ft_order_tag":"stop_loss","cost":195.96626766675}],"funding_fees":0.0,"weekday":5},{"pair":"AVAX/USDT:USDT","stake_amount":99.5141,"max_stake_amount":99.5141,"amount":16.1,"open_date":"2025-12-22 15:00:00+00:00","close_date":"2025-12-22 19:30:00+00:00","open_rate":12.362,"close_rate":12.17657,"fee_open":0.0005,"fee_close":0.0005,"trade_duration":270,"profit_ratio":-0.03216899640992766,"profit_abs":-3.20286936,"exit_reason":"stop_loss","initial_stop_loss_abs":12.17657,"initial_stop_loss_ratio":-0.03,"stop_loss_abs":12.17657,"stop_loss_ratio":-0.03,"min_rate":12.108,"max_rate":12.437,"is_open":false,"enter_tag":"","leverage":2,"is_short":false,"open_timestamp":1766415600000,"close_timestamp":1766431800000,"orders":[{"amount":16.1,"safe_price":12.362,"ft_order_side":"buy","order_filled_timestamp":1766415600000,"ft_is_entry":true,"ft_order_tag":"","cost":199.12771410000002},{"amount":16.1,"safe_price":12.17657,"ft_order_side":"sell","order_filled_timestamp":1766431800000,"ft_is_entry":false,"ft_order_tag":"stop_loss","cost":196.14079838850003}],"funding_fees":-0.019910870000000004,"weekday":0},{"pair":"AVAX/USDT:USDT","stake_amount":99.82805,"max_stake_amount":99.82805,"amount":16.1,"open_date":"2025-12-25 16:30:00+00:00","close_date":"2025-12-25 23:30:00+00:00","open_rate":12.401,"close_rate":12.214985,"fee_open":0.0005,"fee_close":0.0005,"trade_duration":420,"profit_ratio":-0.03196901549976303,"profit_abs":-3.19300018,"exit_reason":"stop_loss","initial_stop_loss_abs":12.214985,"initial_stop_loss_ratio":-0.03,"stop_loss_abs":12.214985,"stop_loss_ratio":-0.03,"min_rate":12.038,"max_rate":12.55,"is_open":false,"enter_tag":"","leverage":2,"is_short":false,"open_timestamp":1766680200000,"close_timestamp":1766705400000,"orders":[{"amount":16.1,"safe_price":12.401,"ft_order_side":"buy","order_filled_timestamp":1766680200000,"ft_is_entry":true,"ft_order_tag":"","cost":199.75592805},{"amount":16.1,"safe_price":12.214985,"ft_order_side":"sell","order_filled_timestamp":1766705400000,"ft_is_entry":false,"ft_order_tag":"stop_loss","cost":196.75958912925003}],"funding_fees":0.0,"weekday":3},{"pair":"AVAX/USDT:USDT","stake_amount":99.7089,"max_stake_amount":99.7089,"amount":15.9,"open_date":"2025-12-26 02:30:00+00:00","close_date":"2025-12-26 14:30:00+00:00","open_rate":12.542,"close_rate":12.353869999999999,"fee_open":0.0005,"fee_close":0.0005,"trade_duration":720,"profit_ratio":-0.03216673200955347,"profit_abs":-3.20891312,"exit_reason":"stop_loss","initial_stop_loss_abs":12.353869999999999,"initial_stop_loss_ratio":-0.03,"stop_loss_abs":12.353869999999999,"stop_loss_ratio":-0.03,"min_rate":12.242,"max_rate":12.619,"is_open":false,"enter_tag":"","leverage":2,"is_short":false,"open_timestamp":1766716200000,"close_timestamp":1766759400000,"orders":[{"amount":15.9,"safe_price":12.542,"ft_order_side":"buy","order_filled_timestamp":1766716200000,"ft_is_entry":true,"ft_order_tag":"","cost":199.5175089},{"amount":15.9,"safe_price":12.353869999999999,"ft_order_side":"sell","order_filled_timestamp":1766759400000,"ft_is_entry":false,"ft_order_tag":"stop_loss","cost":196.52474626649996}],"funding_fees":-0.01972395,"weekday":4},{"pair":"AVAX/USDT:USDT","stake_amount":99.4612,"max_stake_amount":99.4612,"amount":15.2,"open_date":"2025-12-29 04:00:00+00:00","close_date":"2025-12-29 08:30:00+00:00","open_rate":13.087,"close_rate":12.890695,"fee_open":0.0005,"fee_close":0.0005,"trade_duration":270,"profit_ratio":-0.03216767827111447,"profit_abs":-3.2010356,"exit_reason":"stop_loss","initial_stop_loss_abs":12.890695,"initial_stop_loss_ratio":-0.03,"stop_loss_abs":12.890695,"stop_loss_ratio":-0.03,"min_rate":12.887,"max_rate":13.197,"is_open":false,"enter_tag":"","leverage":2,"is_short":false,"open_timestamp":1766980800000,"close_timestamp":1766997000000,"orders":[{"amount":15.2,"safe_price":13.087,"ft_order_side":"buy","order_filled_timestamp":1766980800000,"ft_is_entry":true,"ft_order_tag":"","cost":199.02186119999996},{"amount":15.2,"safe_price":12.890695,"ft_order_side":"sell","order_filled_timestamp":1766997000000,"ft_is_entry":false,"ft_order_tag":"stop_loss","cost":196.03653328199997}],"funding_fees":-0.01976912,"weekday":0},{"pair":"AVAX/USDT:USDT","stake_amount":99.731,"max_stake_amount":99.731,"amount":14.5,"open_date":"2026-01-02 03:00:00+00:00","close_date":"2026-01-02 05:00:00+00:00","open_rate":13.756,"close_rate":13.54966,"fee_open":0.0005,"fee_close":0.0005,"trade_duration":120,"profit_ratio":-0.03196901554236368,"profit_abs":-3.18989604,"exit_reason":"stop_loss","initial_stop_loss_abs":13.54966,"initial_stop_loss_ratio":-0.03,"stop_loss_abs":13.54966,"stop_loss_ratio":-0.03,"min_rate":13.535,"max_rate":13.819,"is_open":false,"enter_tag":"","leverage":2,"is_short":false,"open_timestamp":1767322800000,"close_timestamp":1767330000000,"orders":[{"amount":14.5,"safe_price":13.756,"ft_order_side":"buy","order_filled_timestamp":1767322800000,"ft_is_entry":true,"ft_order_tag":"","cost":199.56173099999998},{"amount":14.5,"safe_price":13.54966,"ft_order_side":"sell","order_filled_timestamp":1767330000000,"ft_is_entry":false,"ft_order_tag":"stop_loss","cost":196.56830503499998}],"funding_fees":0.0,"weekday":4},{"pair":"AVAX/USDT:USDT","stake_amount":99.9641,"max_stake_amount":99.9641,"amount":14.9,"open_date":"2026-01-02 08:30:00+00:00","close_date":"2026-01-02 14:30:00+00:00","open_rate":13.418,"close_rate":13.216729999999998,"fee_open":0.0005,"fee_close":0.0005,"trade_duration":360,"profit_ratio":-0.031969015507251765,"profit_abs":-3.19735174,"exit_reason":"stop_loss","initial_stop_loss_abs":13.216729999999998,"initial_stop_loss_ratio":-0.03,"stop_loss_abs":13.216729999999998,"stop_loss_ratio":-0.03,"min_rate":13.073,"max_rate":13.579,"is_open":false,"enter_tag":"","leverage":2,"is_short":false,"open_timestamp":1767342600000,"close_timestamp":1767364200000,"orders":[{"amount":14.9,"safe_price":13.418,"ft_order_side":"buy","order_filled_timestamp":1767342600000,"ft_is_entry":true,"ft_order_tag":"","cost":200.0281641},{"amount":14.9,"safe_price":13.216729999999998,"ft_order_side":"sell","order_filled_timestamp":1767364200000,"ft_is_entry":false,"ft_order_tag":"stop_loss","cost":197.02774163849998}],"funding_fees":0.0,"weekday":4},{"pair":"AVAX/USDT:USDT","stake_amount":99.8704,"max_stake_amount":99.8704,"amount":14.8,"open_date":"2026-01-02 17:00:00+00:00","close_date":"2026-01-02 21:30:00+00:00","open_rate":13.496,"close_rate":13.71843,"fee_open":0.0005,"fee_close":0.0005,"trade_duration":270,"profit_ratio":0.030930412851537355,"profit_abs":3.09057722,"exit_reason":"trailing_stop_loss","initial_stop_loss_abs":13.29356,"initial_stop_loss_ratio":-0.03,"stop_loss_abs":13.71843,"stop_loss_ratio":-0.02,"min_rate":13.481,"max_rate":13.857,"is_open":false,"enter_tag":"","leverage":2,"is_short":false,"open_timestamp":1767373200000,"close_timestamp":1767389400000,"orders":[{"amount":14.8,"safe_price":13.496,"ft_order_side":"buy","order_filled_timestamp":1767373200000,"ft_is_entry":true,"ft_order_tag":"","cost":199.8406704},{"amount":14.8,"safe_price":13.71843,"ft_order_side":"sell","order_filled_timestamp":1767389400000,"ft_is_entry":false,"ft_order_tag":"trailing_stop_loss","cost":203.13428038200001}],"funding_fees":0.0,"weekday":4},{"pair":"AVAX/USDT:USDT","stake_amount":99.729,"max_stake_amount":99.729,"amount":14.0,"open_date":"2026-01-03 04:00:00+00:00","close_date":"2026-01-03 05:30:00+00:00","open_rate":14.247,"close_rate":14.033294999999999,"fee_open":0.0005,"fee_close":0.0005,"trade_duration":90,"profit_ratio":-0.031969015542364684,"profit_abs":-3.18983207,"exit_reason":"stop_loss","initial_stop_loss_abs":14.033294999999999,"initial_stop_loss_ratio":-0.03,"stop_loss_abs":14.033294999999999,"stop_loss_ratio":-0.03,"min_rate":13.934,"max_rate":14.27,"is_open":false,"enter_tag":"","leverage":2,"is_short":false,"open_timestamp":1767412800000,"close_timestamp":1767418200000,"orders":[{"amount":14.0,"safe_price":14.247,"ft_order_side":"buy","order_filled_timestamp":1767412800000,"ft_is_entry":true,"ft_order_tag":"","cost":199.557729},{"amount":14.0,"safe_price":14.033294999999999,"ft_order_side":"sell","order_filled_timestamp":1767418200000,"ft_is_entry":false,"ft_order_tag":"stop_loss","cost":196.56436306499998}],"funding_fees":0.0,"weekday":5},{"pair":"AVAX/USDT:USDT","stake_amount":99.6222,"max_stake_amount":99.6222,"amount":13.8,"open_date":"2026-01-05 02:00:00+00:00","close_date":"2026-01-05 04:00:00+00:00","open_rate":14.438,"close_rate":14.22143,"fee_open":0.0005,"fee_close":0.0005,"trade_duration":120,"profit_ratio":-0.03196901552235259,"profit_abs":-3.18641607,"exit_reason":"stop_loss","initial_stop_loss_abs":14.22143,"initial_stop_loss_ratio":-0.03,"stop_loss_abs":14.22143,"stop_loss_ratio":-0.03,"min_rate":14.149,"max_rate":14.508,"is_open":false,"enter_tag":"","leverage":2,"is_short":false,"open_timestamp":1767578400000,"close_timestamp":1767585600000,"orders":[{"amount":13.8,"safe_price":14.438,"ft_order_side":"buy","order_filled_timestamp":1767578400000,"ft_is_entry":true,"ft_order_tag":"","cost":199.3440222},{"amount":13.8,"safe_price":14.22143,"ft_order_side":"sell","order_filled_timestamp":1767585600000,"ft_is_entry":false,"ft_order_tag":"stop_loss","cost":196.353861867}],"funding_fees":0.0,"weekday":0},{"pair":"AVAX/USDT:USDT","stake_amount":99.3208,"max_stake_amount":99.3208,"amount":13.6,"open_date":"2026-01-14 15:00:00+00:00","close_date":"2026-01-14 16:00:00+00:00","open_rate":14.606,"close_rate":14.79654,"fee_open":0.0005,"fee_close":0.0005,"trade_duration":60,"profit_ratio":0.02386357555811425,"profit_abs":2.37133449,"exit_reason":"trailing_stop_loss","initial_stop_loss_abs":14.38691,"initial_stop_loss_ratio":-0.03,"stop_loss_abs":14.79654,"stop_loss_ratio":-0.02,"min_rate":14.536,"max_rate":14.946,"is_open":false,"enter_tag":"","leverage":2,"is_short":false,"open_timestamp":1768402800000,"close_timestamp":1768406400000,"orders":[{"amount":13.6,"safe_price":14.606,"ft_order_side":"buy","order_filled_timestamp":1768402800000,"ft_is_entry":true,"ft_order_tag":"","cost":198.74092079999997},{"amount":13.6,"safe_price":14.79654,"ft_order_side":"sell","order_filled_timestamp":1768406400000,"ft_is_entry":false,"ft_order_tag":"trailing_stop_loss","cost":201.333560472}],"funding_fees":-0.02007224,"weekday":2},{"pair":"AVAX/USDT:USDT","stake_amount":99.5687,"max_stake_amount":99.5687,"amount":13.4,"open_date":"2026-01-14 16:30:00+00:00","close_date":"2026-01-14 17:30:00+00:00","open_rate":14.861,"close_rate":14.638085,"fee_open":0.0005,"fee_close":0.0005,"trade_duration":60,"profit_ratio":-0.03196901549727302,"profit_abs":-3.18470487,"exit_reason":"stop_loss","initial_stop_loss_abs":14.638085,"initial_stop_loss_ratio":-0.03,"stop_loss_abs":14.638085,"stop_loss_ratio":-0.03,"min_rate":14.596,"max_rate":14.945,"is_open":false,"enter_tag":"","leverage":2,"is_short":false,"open_timestamp":1768408200000,"close_timestamp":1768411800000,"orders":[{"amount":13.4,"safe_price":14.861,"ft_order_side":"buy","order_filled_timestamp":1768408200000,"ft_is_entry":true,"ft_order_tag":"","cost":199.2369687},{"amount":13.4,"safe_price":14.638085,"ft_order_side":"sell","order_filled_timestamp":1768411800000,"ft_is_entry":false,"ft_order_tag":"stop_loss","cost":196.2484141695}],"funding_fees":0.0,"weekday":2},{"pair":"AVAX/USDT:USDT","stake_amount":99.938,"max_stake_amount":99.938,"amount":21.4,"open_date":"2026-02-14 11:30:00+00:00","close_date":"2026-02-14 20:00:00+00:00","open_rate":9.34,"close_rate":9.62968484242121,"fee_open":0.0005,"fee_close":0.0005,"trade_duration":510,"profit_ratio":0.05976928024210593,"profit_abs":5.97620894,"exit_reason":"roi","initial_stop_loss_abs":9.1999,"initial_stop_loss_ratio":-0.03,"stop_loss_abs":9.53271,"stop_loss_ratio":-0.02,"min_rate":9.245,"max_rate":9.649,"is_open":false,"enter_tag":"","leverage":2,"is_short":false,"open_timestamp":1771068600000,"close_timestamp":1771099200000,"orders":[{"amount":21.4,"safe_price":9.34,"ft_order_side":"buy","order_filled_timestamp":1771068600000,"ft_is_entry":true,"ft_order_tag":"","cost":199.97593799999996},{"amount":21.4,"safe_price":9.62968484242121,"ft_order_side":"sell","order_filled_timestamp":1771099200000,"ft_is_entry":false,"ft_order_tag":"roi","cost":206.17829325562778}],"funding_fees":-0.020071059999999998,"weekday":5},{"pair":"AVAX/USDT:USDT","stake_amount":99.892,"max_stake_amount":99.892,"amount":20.8,"open_date":"2026-02-14 21:30:00+00:00","close_date":"2026-02-15 12:30:00+00:00","open_rate":9.605,"close_rate":9.460925,"fee_open":0.0005,"fee_close":0.0005,"trade_duration":900,"profit_ratio":-0.032248030371551904,"profit_abs":-3.22293091,"exit_reason":"stop_loss","initial_stop_loss_abs":9.460925,"initial_stop_loss_ratio":-0.03,"stop_loss_abs":9.460925,"stop_loss_ratio":-0.03,"min_rate":9.318,"max_rate":9.743,"is_open":false,"enter_tag":"","leverage":2,"is_short":false,"open_timestamp":1771104600000,"close_timestamp":1771158600000,"orders":[{"amount":20.8,"safe_price":9.605,"ft_order_side":"buy","order_filled_timestamp":1771104600000,"ft_is_entry":true,"ft_order_tag":"","cost":199.883892},{"amount":20.8,"safe_price":9.460925,"ft_order_side":"sell","order_filled_timestamp":1771158600000,"ft_is_entry":false,"ft_order_tag":"stop_loss","cost":196.88563362}],"funding_fees":-0.027885287673590102,"weekday":6},{"pair":"AVAX/USDT:USDT","stake_amount":99.6948,"max_stake_amount":99.6948,"amount":21.6,"open_date":"2026-02-20 09:30:00+00:00","close_date":"2026-02-20 11:30:00+00:00","open_rate":9.231,"close_rate":9.092535,"fee_open":0.0005,"fee_close":0.0005,"trade_duration":120,"profit_ratio":-0.03196901551230508,"profit_abs":-3.18873818,"exit_reason":"stop_loss","initial_stop_loss_abs":9.092535,"initial_stop_loss_ratio":-0.03,"stop_loss_abs":9.092535,"stop_loss_ratio":-0.03,"min_rate":9.092,"max_rate":9.36,"is_open":false,"enter_tag":"","leverage":2,"is_short":false,"open_timestamp":1771579800000,"close_timestamp":1771587000000,"orders":[{"amount":21.6,"safe_price":9.231,"ft_order_side":"buy","order_filled_timestamp":1771579800000,"ft_is_entry":true,"ft_order_tag":"","cost":199.48929479999998},{"amount":21.6,"safe_price":9.092535,"ft_order_side":"sell","order_filled_timestamp":1771587000000,"ft_is_entry":false,"ft_order_tag":"stop_loss","cost":196.496955378}],"funding_fees":0.0,"weekday":4}],"locks":[],"best_pair":{"key":"AVAX/USDT:USDT","trades":21,"profit_mean":-0.012728058084194046,"profit_mean_pct":-1.27,"profit_total_abs":-26.64642783,"profit_total":-0.02664642783,"profit_total_pct":-2.66,"duration_avg":"4:33:00","wins":6,"draws":0,"losses":15,"winrate":0.2857142857142857,"cagr":-0.10830083689524339,"expectancy":-1.2688775157142858,"expectancy_ratio":-0.3970263234141892,"sortino":-528.9798782845467,"sharpe":-1.8482516234111666,"calmar":-17.889681844413666,"sqn":-1.7718,"profit_factor":0.44416314722013517,"max_drawdown_account":0.03308905472146854,"max_drawdown_abs":33.30953049},"worst_pair":{"key":"AVAX/USDT:USDT","trades":21,"profit_mean":-0.012728058084194046,"profit_mean_pct":-1.27,"profit_total_abs":-26.64642783,"profit_total":-0.02664642783,"profit_total_pct":-2.66,"duration_avg":"4:33:00","wins":6,"draws":0,"losses":15,"winrate":0.2857142857142857,"cagr":-0.10830083689524339,"expectancy":-1.2688775157142858,"expectancy_ratio":-0.3970263234141892,"sortino":-528.9798782845467,"sharpe":-1.8482516234111666,"calmar":-17.889681844413666,"sqn":-1.7718,"profit_factor":0.44416314722013517,"max_drawdown_account":0.03308905472146854,"max_drawdown_abs":33.30953049},"results_per_pair":[{"key":"AVAX/USDT:USDT","trades":21,"profit_mean":-0.012728058084194046,"profit_mean_pct":-1.27,"profit_total_abs":-26.64642783,"profit_total":-0.02664642783,"profit_total_pct":-2.66,"duration_avg":"4:33:00","wins":6,"draws":0,"losses":15,"winrate":0.2857142857142857,"cagr":-0.10830083689524339,"expectancy":-1.2688775157142858,"expectancy_ratio":-0.3970263234141892,"sortino":-528.9798782845467,"sharpe":-1.8482516234111666,"calmar":-17.889681844413666,"sqn":-1.7718,"profit_factor":0.44416314722013517,"max_drawdown_account":0.03308905472146854,"max_drawdown_abs":33.30953049},{"key":"TOTAL","trades":21,"profit_mean":-0.012728058084194046,"profit_mean_pct":-1.27,"profit_total_abs":-26.64642783,"profit_total":-0.02664642783,"profit_total_pct":-2.66,"duration_avg":"4:33:00","wins":6,"draws":0,"losses":15,"winrate":0.2857142857142857,"cagr":-0.10830083689524339,"expectancy":-1.2688775157142858,"expectancy_ratio":-0.3970263234141892,"sortino":-528.9798782845467,"sharpe":-1.8482516234111666,"calmar":-17.889681844413666,"sqn":-1.7718,"profit_factor":0.44416314722013517,"max_drawdown_account":0.03308905472146854,"max_drawdown_abs":33.30953049}],"results_per_enter_tag":[{"key":"","trades":21,"profit_mean":-0.012728058084194046,"profit_mean_pct":-1.27,"profit_total_abs":-26.64642783,"profit_total":-0.02664642783,"profit_total_pct":-2.66,"duration_avg":"4:33:00","wins":6,"draws":0,"losses":15,"winrate":0.2857142857142857,"cagr":-0.10830083689524339,"expectancy":-1.2688775157142858,"expectancy_ratio":-0.3970263234141892,"sortino":-528.9798782845467,"sharpe":-1.8482516234111666,"calmar":-17.889681844413666,"sqn":-1.7718,"profit_factor":0.44416314722013517,"max_drawdown_account":0.03308905472146854,"max_drawdown_abs":33.30953049},{"key":"TOTAL","trades":21,"profit_mean":-0.012728058084194046,"profit_mean_pct":-1.27,"profit_total_abs":-26.64642783,"profit_total":-0.02664642783,"profit_total_pct":-2.66,"duration_avg":"4:33:00","wins":6,"draws":0,"losses":15,"winrate":0.2857142857142857,"cagr":-0.10830083689524339,"expectancy":-1.2688775157142858,"expectancy_ratio":-0.3970263234141892,"sortino":-528.9798782845467,"sharpe":-1.8482516234111666,"calmar":-17.889681844413666,"sqn":-1.7718,"profit_factor":0.44416314722013517,"max_drawdown_account":0.03308905472146854,"max_drawdown_abs":33.30953049}],"exit_reason_summary":[{"key":"roi","trades":2,"profit_mean":0.05986964761730484,"profit_mean_pct":5.99,"profit_total_abs":11.95033694,"profit_total":0.01195033694,"profit_total_pct":1.2,"duration_avg":"6:00:00","wins":2,"draws":0,"losses":0,"winrate":1.0,"cagr":0.05171144935149896,"expectancy":5.97516847,"expectancy_ratio":100.0,"sortino":-100,"sharpe":2551.517602012846,"calmar":-100,"sqn":5742.759,"profit_factor":0.0,"max_drawdown_account":0.0,"max_drawdown_abs":0.0},{"key":"trailing_stop_loss","trades":4,"profit_mean":0.023417151299022193,"profit_mean_pct":2.34,"profit_total_abs":9.34253198,"profit_total":0.00934253198,"profit_total_pct":0.93,"duration_avg":"2:45:00","wins":4,"draws":0,"losses":0,"winrate":1.0,"cagr":0.04025655167545428,"expectancy":2.335632995,"expectancy_ratio":100.0,"sortino":-100,"sharpe":2.4877557617461847,"calmar":-100,"sqn":4.8491,"profit_factor":0.0,"max_drawdown_account":0.0,"max_drawdown_abs":0.0},{"key":"stop_loss","trades":15,"profit_mean":-0.03204647467991823,"profit_mean_pct":-3.2,"profit_total_abs":-47.939296750000004,"profit_total":-0.047939296750000006,"profit_total_pct":-4.79,"duration_avg":"4:50:00","wins":0,"draws":0,"losses":15,"winrate":0.0,"cagr":-0.1882005326526699,"expectancy":-3.195953116666667,"expectancy_ratio":-1.0,"sortino":-951.6819110481783,"sharpe":-951.6819110481783,"calmar":-22.215085086677654,"sqn":-1068.6035,"profit_factor":0.0,"max_drawdown_account":0.04793929675000004,"max_drawdown_abs":47.939296750000004},{"key":"TOTAL","trades":21,"profit_mean":-0.012728058084194046,"profit_mean_pct":-1.27,"profit_total_abs":-26.64642783,"profit_total":-0.02664642783,"profit_total_pct":-2.66,"duration_avg":"4:33:00","wins":6,"draws":0,"losses":15,"winrate":0.2857142857142857,"cagr":-0.10830083689524339,"expectancy":-1.2688775157142858,"expectancy_ratio":-0.3970263234141892,"sortino":-528.9798782845467,"sharpe":-1.8482516234111666,"calmar":-17.889681844413666,"sqn":-1.7718,"profit_factor":0.44416314722013517,"max_drawdown_account":0.03308905472146854,"max_drawdown_abs":33.30953049}],"mix_tag_stats":[{"key":["","roi"],"trades":2,"profit_mean":0.05986964761730484,"profit_mean_pct":5.99,"profit_total_abs":11.95033694,"profit_total":0.01195033694,"profit_total_pct":1.2,"duration_avg":"6:00:00","wins":2,"draws":0,"losses":0,"winrate":1.0,"cagr":0.05171144935149896,"expectancy":5.97516847,"expectancy_ratio":100.0,"sortino":-100,"sharpe":2551.517602012846,"calmar":-100,"sqn":5742.759,"profit_factor":0.0,"max_drawdown_account":0.0,"max_drawdown_abs":0.0},{"key":["","trailing_stop_loss"],"trades":4,"profit_mean":0.023417151299022193,"profit_mean_pct":2.34,"profit_total_abs":9.34253198,"profit_total":0.00934253198,"profit_total_pct":0.93,"duration_avg":"2:45:00","wins":4,"draws":0,"losses":0,"winrate":1.0,"cagr":0.04025655167545428,"expectancy":2.335632995,"expectancy_ratio":100.0,"sortino":-100,"sharpe":2.4877557617461847,"calmar":-100,"sqn":4.8491,"profit_factor":0.0,"max_drawdown_account":0.0,"max_drawdown_abs":0.0},{"key":["","stop_loss"],"trades":15,"profit_mean":-0.03204647467991823,"profit_mean_pct":-3.2,"profit_total_abs":-47.939296750000004,"profit_total":-0.047939296750000006,"profit_total_pct":-4.79,"duration_avg":"4:50:00","wins":0,"draws":0,"losses":15,"winrate":0.0,"cagr":-0.1882005326526699,"expectancy":-3.195953116666667,"expectancy_ratio":-1.0,"sortino":-951.6819110481783,"sharpe":-951.6819110481783,"calmar":-22.215085086677654,"sqn":-1068.6035,"profit_factor":0.0,"max_drawdown_account":0.04793929675000004,"max_drawdown_abs":47.939296750000004},{"key":"TOTAL","trades":21,"profit_mean":-0.012728058084194046,"profit_mean_pct":-1.27,"profit_total_abs":-26.64642783,"profit_total":-0.02664642783,"profit_total_pct":-2.66,"duration_avg":"4:33:00","wins":6,"draws":0,"losses":15,"winrate":0.2857142857142857,"cagr":-0.10830083689524339,"expectancy":-1.2688775157142858,"expectancy_ratio":-0.3970263234141892,"sortino":-528.9798782845467,"sharpe":-1.8482516234111666,"calmar":-17.889681844413666,"sqn":-1.7718,"profit_factor":0.44416314722013517,"max_drawdown_account":0.03308905472146854,"max_drawdown_abs":33.30953049}],"left_open_trades":[{"key":"TOTAL","trades":0,"profit_mean":0.0,"profit_mean_pct":0.0,"profit_total_abs":0.0,"profit_total":0.0,"profit_total_pct":0.0,"duration_avg":"0:00","wins":0,"draws":0,"losses":0,"winrate":0.0,"cagr":0.0,"expectancy":0.0,"expectancy_ratio":100.0,"sortino":0,"sharpe":0,"calmar":0,"sqn":0.0,"profit_factor":0.0,"max_drawdown_account":0.0,"max_drawdown_abs":0.0}],"total_trades":21,"trade_count_long":21,"trade_count_short":0,"total_volume":8354.607835214154,"avg_stake_amount":99.67538333333334,"profit_mean":-0.012728058084194046,"profit_median":-0.03196901551230508,"profit_total":-0.02664642783,"profit_total_long":-0.02664642783,"profit_total_short":0.0,"profit_total_abs":-26.64642783,"profit_total_long_abs":-26.64642783,"profit_total_short_abs":0.0,"cagr":-0.10830083689524339,"expectancy":-1.2688775157142858,"expectancy_ratio":-0.3970263234141892,"sortino":-528.9798782845467,"sharpe":-1.8482516234111666,"calmar":-17.889681844413666,"sqn":-1.7718,"profit_factor":0.44416314722013517,"backtest_start":"2025-11-28 04:00:00","backtest_start_ts":1764302400000,"backtest_end":"2026-02-22 04:00:00","backtest_end_ts":1771732800000,"backtest_days":86,"backtest_run_start_ts":1771816707,"backtest_run_end_ts":1771816708,"trades_per_day":0.24,"market_change":-0.398908921562105,"pairlist":["AVAX/USDT:USDT"],"stake_amount":100.0,"stake_currency":"USDT","stake_currency_decimals":3,"starting_balance":1000,"dry_run_wallet":1000,"final_balance":973.35357217,"rejected_signals":0,"timedout_entry_orders":0,"timedout_exit_orders":0,"canceled_trade_entries":0,"canceled_entry_orders":0,"replaced_entry_orders":0,"max_open_trades":1,"max_open_trades_setting":1,"timeframe":"30m","timeframe_detail":"","timerange":"20251125-20260223","enable_protections":false,"strategy_name":"SupertrendFuturesStrategyV8_1","freqaimodel":null,"freqai_identifier":null,"stoploss":-0.03,"trailing_stop":true,"trailing_stop_positive":0.02,"trailing_stop_positive_offset":0.03,"trailing_only_offset_is_reached":true,"use_custom_stoploss":false,"minimal_roi":{"0":0.06},"use_exit_signal":true,"exit_profit_only":false,"exit_profit_offset":0.0,"ignore_roi_if_entry_signal":false,"trading_mode":"futures","margin_mode":"isolated","periodic_breakdown":{"day":[{"date":"03/12/2025","date_ts":1764720000000,"profit_abs":6.66310266,"wins":3,"draws":0,"losses":1,"trades":4,"profit_factor":3.08766996},{"date":"04/12/2025","date_ts":1764806400000,"profit_abs":-6.40183678,"wins":0,"draws":0,"losses":2,"trades":2,"profit_factor":0.0},{"date":"05/12/2025","date_ts":1764892800000,"profit_abs":0.0,"wins":0,"draws":0,"losses":0,"trades":0,"profit_factor":0.0},{"date":"06/12/2025","date_ts":1764979200000,"profit_abs":0.0,"wins":0,"draws":0,"losses":0,"trades":0,"profit_factor":0.0},{"date":"07/12/2025","date_ts":1765065600000,"profit_abs":0.0,"wins":0,"draws":0,"losses":0,"trades":0,"profit_factor":0.0},{"date":"08/12/2025","date_ts":1765152000000,"profit_abs":0.0,"wins":0,"draws":0,"losses":0,"trades":0,"profit_factor":0.0},{"date":"09/12/2025","date_ts":1765238400000,"profit_abs":0.0,"wins":0,"draws":0,"losses":0,"trades":0,"profit_factor":0.0},{"date":"10/12/2025","date_ts":1765324800000,"profit_abs":0.0,"wins":0,"draws":0,"losses":0,"trades":0,"profit_factor":0.0},{"date":"11/12/2025","date_ts":1765411200000,"profit_abs":0.0,"wins":0,"draws":0,"losses":0,"trades":0,"profit_factor":0.0},{"date":"12/12/2025","date_ts":1765497600000,"profit_abs":0.0,"wins":0,"draws":0,"losses":0,"trades":0,"profit_factor":0.0},{"date":"13/12/2025","date_ts":1765584000000,"profit_abs":0.0,"wins":0,"draws":0,"losses":0,"trades":0,"profit_factor":0.0},{"date":"14/12/2025","date_ts":1765670400000,"profit_abs":0.0,"wins":0,"draws":0,"losses":0,"trades":0,"profit_factor":0.0},{"date":"15/12/2025","date_ts":1765756800000,"profit_abs":0.0,"wins":0,"draws":0,"losses":0,"trades":0,"profit_factor":0.0},{"date":"16/12/2025","date_ts":1765843200000,"profit_abs":0.0,"wins":0,"draws":0,"losses":0,"trades":0,"profit_factor":0.0},{"date":"17/12/2025","date_ts":1765929600000,"profit_abs":0.0,"wins":0,"draws":0,"losses":0,"trades":0,"profit_factor":0.0},{"date":"18/12/2025","date_ts":1766016000000,"profit_abs":0.0,"wins":0,"draws":0,"losses":0,"trades":0,"profit_factor":0.0},{"date":"19/12/2025","date_ts":1766102400000,"profit_abs":0.0,"wins":0,"draws":0,"losses":0,"trades":0,"profit_factor":0.0},{"date":"20/12/2025","date_ts":1766188800000,"profit_abs":-3.18012622,"wins":0,"draws":0,"losses":1,"trades":1,"profit_factor":0.0},{"date":"21/12/2025","date_ts":1766275200000,"profit_abs":0.0,"wins":0,"draws":0,"losses":0,"trades":0,"profit_factor":0.0},{"date":"22/12/2025","date_ts":1766361600000,"profit_abs":-3.20286936,"wins":0,"draws":0,"losses":1,"trades":1,"profit_factor":0.0},{"date":"23/12/2025","date_ts":1766448000000,"profit_abs":0.0,"wins":0,"draws":0,"losses":0,"trades":0,"profit_factor":0.0},{"date":"24/12/2025","date_ts":1766534400000,"profit_abs":0.0,"wins":0,"draws":0,"losses":0,"trades":0,"profit_factor":0.0},{"date":"25/12/2025","date_ts":1766620800000,"profit_abs":-3.19300018,"wins":0,"draws":0,"losses":1,"trades":1,"profit_factor":0.0},{"date":"26/12/2025","date_ts":1766707200000,"profit_abs":-3.20891312,"wins":0,"draws":0,"losses":1,"trades":1,"profit_factor":0.0},{"date":"27/12/2025","date_ts":1766793600000,"profit_abs":0.0,"wins":0,"draws":0,"losses":0,"trades":0,"profit_factor":0.0},{"date":"28/12/2025","date_ts":1766880000000,"profit_abs":0.0,"wins":0,"draws":0,"losses":0,"trades":0,"profit_factor":0.0},{"date":"29/12/2025","date_ts":1766966400000,"profit_abs":-3.2010356,"wins":0,"draws":0,"losses":1,"trades":1,"profit_factor":0.0},{"date":"30/12/2025","date_ts":1767052800000,"profit_abs":0.0,"wins":0,"draws":0,"losses":0,"trades":0,"profit_factor":0.0},{"date":"31/12/2025","date_ts":1767139200000,"profit_abs":0.0,"wins":0,"draws":0,"losses":0,"trades":0,"profit_factor":0.0},{"date":"01/01/2026","date_ts":1767225600000,"profit_abs":0.0,"wins":0,"draws":0,"losses":0,"trades":0,"profit_factor":0.0},{"date":"02/01/2026","date_ts":1767312000000,"profit_abs":-3.29667056,"wins":1,"draws":0,"losses":2,"trades":3,"profit_factor":0.48386681},{"date":"03/01/2026","date_ts":1767398400000,"profit_abs":-3.18983207,"wins":0,"draws":0,"losses":1,"trades":1,"profit_factor":0.0},{"date":"04/01/2026","date_ts":1767484800000,"profit_abs":0.0,"wins":0,"draws":0,"losses":0,"trades":0,"profit_factor":0.0},{"date":"05/01/2026","date_ts":1767571200000,"profit_abs":-3.18641607,"wins":0,"draws":0,"losses":1,"trades":1,"profit_factor":0.0},{"date":"06/01/2026","date_ts":1767657600000,"profit_abs":0.0,"wins":0,"draws":0,"losses":0,"trades":0,"profit_factor":0.0},{"date":"07/01/2026","date_ts":1767744000000,"profit_abs":0.0,"wins":0,"draws":0,"losses":0,"trades":0,"profit_factor":0.0},{"date":"08/01/2026","date_ts":1767830400000,"profit_abs":0.0,"wins":0,"draws":0,"losses":0,"trades":0,"profit_factor":0.0},{"date":"09/01/2026","date_ts":1767916800000,"profit_abs":0.0,"wins":0,"draws":0,"losses":0,"trades":0,"profit_factor":0.0},{"date":"10/01/2026","date_ts":1768003200000,"profit_abs":0.0,"wins":0,"draws":0,"losses":0,"trades":0,"profit_factor":0.0},{"date":"11/01/2026","date_ts":1768089600000,"profit_abs":0.0,"wins":0,"draws":0,"losses":0,"trades":0,"profit_factor":0.0},{"date":"12/01/2026","date_ts":1768176000000,"profit_abs":0.0,"wins":0,"draws":0,"losses":0,"trades":0,"profit_factor":0.0},{"date":"13/01/2026","date_ts":1768262400000,"profit_abs":0.0,"wins":0,"draws":0,"losses":0,"trades":0,"profit_factor":0.0},{"date":"14/01/2026","date_ts":1768348800000,"profit_abs":-0.81337038,"wins":1,"draws":0,"losses":1,"trades":2,"profit_factor":0.74460102},{"date":"15/01/2026","date_ts":1768435200000,"profit_abs":0.0,"wins":0,"draws":0,"losses":0,"trades":0,"profit_factor":0.0},{"date":"16/01/2026","date_ts":1768521600000,"profit_abs":0.0,"wins":0,"draws":0,"losses":0,"trades":0,"profit_factor":0.0},{"date":"17/01/2026","date_ts":1768608000000,"profit_abs":0.0,"wins":0,"draws":0,"losses":0,"trades":0,"profit_factor":0.0},{"date":"18/01/2026","date_ts":1768694400000,"profit_abs":0.0,"wins":0,"draws":0,"losses":0,"trades":0,"profit_factor":0.0},{"date":"19/01/2026","date_ts":1768780800000,"profit_abs":0.0,"wins":0,"draws":0,"losses":0,"trades":0,"profit_factor":0.0},{"date":"20/01/2026","date_ts":1768867200000,"profit_abs":0.0,"wins":0,"draws":0,"losses":0,"trades":0,"profit_factor":0.0},{"date":"21/01/2026","date_ts":1768953600000,"profit_abs":0.0,"wins":0,"draws":0,"losses":0,"trades":0,"profit_factor":0.0},{"date":"22/01/2026","date_ts":1769040000000,"profit_abs":0.0,"wins":0,"draws":0,"losses":0,"trades":0,"profit_factor":0.0},{"date":"23/01/2026","date_ts":1769126400000,"profit_abs":0.0,"wins":0,"draws":0,"losses":0,"trades":0,"profit_factor":0.0},{"date":"24/01/2026","date_ts":1769212800000,"profit_abs":0.0,"wins":0,"draws":0,"losses":0,"trades":0,"profit_factor":0.0},{"date":"25/01/2026","date_ts":1769299200000,"profit_abs":0.0,"wins":0,"draws":0,"losses":0,"trades":0,"profit_factor":0.0},{"date":"26/01/2026","date_ts":1769385600000,"profit_abs":0.0,"wins":0,"draws":0,"losses":0,"trades":0,"profit_factor":0.0},{"date":"27/01/2026","date_ts":1769472000000,"profit_abs":0.0,"wins":0,"draws":0,"losses":0,"trades":0,"profit_factor":0.0},{"date":"28/01/2026","date_ts":1769558400000,"profit_abs":0.0,"wins":0,"draws":0,"losses":0,"trades":0,"profit_factor":0.0},{"date":"29/01/2026","date_ts":1769644800000,"profit_abs":0.0,"wins":0,"draws":0,"losses":0,"trades":0,"profit_factor":0.0},{"date":"30/01/2026","date_ts":1769731200000,"profit_abs":0.0,"wins":0,"draws":0,"losses":0,"trades":0,"profit_factor":0.0},{"date":"31/01/2026","date_ts":1769817600000,"profit_abs":0.0,"wins":0,"draws":0,"losses":0,"trades":0,"profit_factor":0.0},{"date":"01/02/2026","date_ts":1769904000000,"profit_abs":0.0,"wins":0,"draws":0,"losses":0,"trades":0,"profit_factor":0.0},{"date":"02/02/2026","date_ts":1769990400000,"profit_abs":0.0,"wins":0,"draws":0,"losses":0,"trades":0,"profit_factor":0.0},{"date":"03/02/2026","date_ts":1770076800000,"profit_abs":0.0,"wins":0,"draws":0,"losses":0,"trades":0,"profit_factor":0.0},{"date":"04/02/2026","date_ts":1770163200000,"profit_abs":0.0,"wins":0,"draws":0,"losses":0,"trades":0,"profit_factor":0.0},{"date":"05/02/2026","date_ts":1770249600000,"profit_abs":0.0,"wins":0,"draws":0,"losses":0,"trades":0,"profit_factor":0.0},{"date":"06/02/2026","date_ts":1770336000000,"profit_abs":0.0,"wins":0,"draws":0,"losses":0,"trades":0,"profit_factor":0.0},{"date":"07/02/2026","date_ts":1770422400000,"profit_abs":0.0,"wins":0,"draws":0,"losses":0,"trades":0,"profit_factor":0.0},{"date":"08/02/2026","date_ts":1770508800000,"profit_abs":0.0,"wins":0,"draws":0,"losses":0,"trades":0,"profit_factor":0.0},{"date":"09/02/2026","date_ts":1770595200000,"profit_abs":0.0,"wins":0,"draws":0,"losses":0,"trades":0,"profit_factor":0.0},{"date":"10/02/2026","date_ts":1770681600000,"profit_abs":0.0,"wins":0,"draws":0,"losses":0,"trades":0,"profit_factor":0.0},{"date":"11/02/2026","date_ts":1770768000000,"profit_abs":0.0,"wins":0,"draws":0,"losses":0,"trades":0,"profit_factor":0.0},{"date":"12/02/2026","date_ts":1770854400000,"profit_abs":0.0,"wins":0,"draws":0,"losses":0,"trades":0,"profit_factor":0.0},{"date":"13/02/2026","date_ts":1770940800000,"profit_abs":0.0,"wins":0,"draws":0,"losses":0,"trades":0,"profit_factor":0.0},{"date":"14/02/2026","date_ts":1771027200000,"profit_abs":5.97620894,"wins":1,"draws":0,"losses":0,"trades":1,"profit_factor":0.0},{"date":"15/02/2026","date_ts":1771113600000,"profit_abs":-3.22293091,"wins":0,"draws":0,"losses":1,"trades":1,"profit_factor":0.0},{"date":"16/02/2026","date_ts":1771200000000,"profit_abs":0.0,"wins":0,"draws":0,"losses":0,"trades":0,"profit_factor":0.0},{"date":"17/02/2026","date_ts":1771286400000,"profit_abs":0.0,"wins":0,"draws":0,"losses":0,"trades":0,"profit_factor":0.0},{"date":"18/02/2026","date_ts":1771372800000,"profit_abs":0.0,"wins":0,"draws":0,"losses":0,"trades":0,"profit_factor":0.0},{"date":"19/02/2026","date_ts":1771459200000,"profit_abs":0.0,"wins":0,"draws":0,"losses":0,"trades":0,"profit_factor":0.0},{"date":"20/02/2026","date_ts":1771545600000,"profit_abs":-3.18873818,"wins":0,"draws":0,"losses":1,"trades":1,"profit_factor":0.0}],"week":[{"date":"08/12/2025","date_ts":1765152000000,"profit_abs":0.26126588,"wins":3,"draws":0,"losses":3,"trades":6,"profit_factor":1.02723369},{"date":"15/12/2025","date_ts":1765756800000,"profit_abs":0.0,"wins":0,"draws":0,"losses":0,"trades":0,"profit_factor":0.0},{"date":"22/12/2025","date_ts":1766361600000,"profit_abs":-6.38299558,"wins":0,"draws":0,"losses":2,"trades":2,"profit_factor":0.0},{"date":"29/12/2025","date_ts":1766966400000,"profit_abs":-9.6029489,"wins":0,"draws":0,"losses":3,"trades":3,"profit_factor":0.0},{"date":"05/01/2026","date_ts":1767571200000,"profit_abs":-9.6729187,"wins":1,"draws":0,"losses":4,"trades":5,"profit_factor":0.24214191},{"date":"12/01/2026","date_ts":1768176000000,"profit_abs":0.0,"wins":0,"draws":0,"losses":0,"trades":0,"profit_factor":0.0},{"date":"19/01/2026","date_ts":1768780800000,"profit_abs":-0.81337038,"wins":1,"draws":0,"losses":1,"trades":2,"profit_factor":0.74460102},{"date":"26/01/2026","date_ts":1769385600000,"profit_abs":0.0,"wins":0,"draws":0,"losses":0,"trades":0,"profit_factor":0.0},{"date":"02/02/2026","date_ts":1769990400000,"profit_abs":0.0,"wins":0,"draws":0,"losses":0,"trades":0,"profit_factor":0.0},{"date":"09/02/2026","date_ts":1770595200000,"profit_abs":0.0,"wins":0,"draws":0,"losses":0,"trades":0,"profit_factor":0.0},{"date":"16/02/2026","date_ts":1771200000000,"profit_abs":2.75327803,"wins":1,"draws":0,"losses":1,"trades":2,"profit_factor":1.85427771},{"date":"23/02/2026","date_ts":1771804800000,"profit_abs":-3.18873818,"wins":0,"draws":0,"losses":1,"trades":1,"profit_factor":0.0}],"month":[{"date":"31/12/2025","date_ts":1767139200000,"profit_abs":-15.7246786,"wins":3,"draws":0,"losses":8,"trades":11,"profit_factor":0.38526071},{"date":"31/01/2026","date_ts":1769817600000,"profit_abs":-10.48628908,"wins":2,"draws":0,"losses":5,"trades":7,"profit_factor":0.34247824},{"date":"28/02/2026","date_ts":1772236800000,"profit_abs":-0.43546015,"wins":1,"draws":0,"losses":2,"trades":3,"profit_factor":0.93208318}],"year":[{"date":"31/12/2025","date_ts":1767139200000,"profit_abs":-15.7246786,"wins":3,"draws":0,"losses":8,"trades":11,"profit_factor":0.38526071},{"date":"31/12/2026","date_ts":1798675200000,"profit_abs":-10.92174923,"wins":3,"draws":0,"losses":7,"trades":10,"profit_factor":0.51154683}],"weekday":[{"date":"Monday","date_ts":0,"profit_abs":-9.59032103,"wins":0,"draws":0,"losses":3,"trades":3,"profit_factor":0.0},{"date":"Wednesday","date_ts":2,"profit_abs":5.84973228,"wins":4,"draws":0,"losses":2,"trades":6,"profit_factor":1.91741072},{"date":"Thursday","date_ts":3,"profit_abs":-9.59483696,"wins":0,"draws":0,"losses":3,"trades":3,"profit_factor":0.0},{"date":"Friday","date_ts":4,"profit_abs":-9.69432186,"wins":1,"draws":0,"losses":4,"trades":5,"profit_factor":0.24173654},{"date":"Saturday","date_ts":5,"profit_abs":-0.39374935,"wins":1,"draws":0,"losses":2,"trades":3,"profit_factor":0.93818651},{"date":"Sunday","date_ts":6,"profit_abs":-3.22293091,"wins":0,"draws":0,"losses":1,"trades":1,"profit_factor":0.0}]},"backtest_best_day":0.06687561633176115,"backtest_worst_day":-0.06422454354084695,"backtest_best_day_abs":6.66310266,"backtest_worst_day_abs":-6.40183678,"winning_days":2,"draw_days":66,"losing_days":12,"daily_profit":[["2025-12-03",6.66310266],["2025-12-04",-6.40183678],["2025-12-05",0.0],["2025-12-06",0.0],["2025-12-07",0.0],["2025-12-08",0.0],["2025-12-09",0.0],["2025-12-10",0.0],["2025-12-11",0.0],["2025-12-12",0.0],["2025-12-13",0.0],["2025-12-14",0.0],["2025-12-15",0.0],["2025-12-16",0.0],["2025-12-17",0.0],["2025-12-18",0.0],["2025-12-19",0.0],["2025-12-20",-3.18012622],["2025-12-21",0.0],["2025-12-22",-3.20286936],["2025-12-23",0.0],["2025-12-24",0.0],["2025-12-25",-3.19300018],["2025-12-26",-3.20891312],["2025-12-27",0.0],["2025-12-28",0.0],["2025-12-29",-3.2010356],["2025-12-30",0.0],["2025-12-31",0.0],["2026-01-01",0.0],["2026-01-02",-3.29667056],["2026-01-03",-3.18983207],["2026-01-04",0.0],["2026-01-05",-3.18641607],["2026-01-06",0.0],["2026-01-07",0.0],["2026-01-08",0.0],["2026-01-09",0.0],["2026-01-10",0.0],["2026-01-11",0.0],["2026-01-12",0.0],["2026-01-13",0.0],["2026-01-14",-0.81337038],["2026-01-15",0.0],["2026-01-16",0.0],["2026-01-17",0.0],["2026-01-18",0.0],["2026-01-19",0.0],["2026-01-20",0.0],["2026-01-21",0.0],["2026-01-22",0.0],["2026-01-23",0.0],["2026-01-24",0.0],["2026-01-25",0.0],["2026-01-26",0.0],["2026-01-27",0.0],["2026-01-28",0.0],["2026-01-29",0.0],["2026-01-30",0.0],["2026-01-31",0.0],["2026-02-01",0.0],["2026-02-02",0.0],["2026-02-03",0.0],["2026-02-04",0.0],["2026-02-05",0.0],["2026-02-06",0.0],["2026-02-07",0.0],["2026-02-08",0.0],["2026-02-09",0.0],["2026-02-10",0.0],["2026-02-11",0.0],["2026-02-12",0.0],["2026-02-13",0.0],["2026-02-14",5.97620894],["2026-02-15",-3.22293091],["2026-02-16",0.0],["2026-02-17",0.0],["2026-02-18",0.0],["2026-02-19",0.0],["2026-02-20",-3.18873818]],"wins":6,"losses":15,"draws":0,"winrate":0.2857142857142857,"holding_avg":"4:33:00","holding_avg_s":16380.0,"winner_holding_min":"0d 01:00","winner_holding_min_s":3600.0,"winner_holding_max":"0d 08:30","winner_holding_max_s":30600.0,"winner_holding_avg":"0d 03:50","winner_holding_avg_s":13800.0,"loser_holding_min":"0d 00:30","loser_holding_min_s":1800.0,"loser_holding_max":"0d 15:00","loser_holding_max_s":54000.0,"loser_holding_avg":"0d 04:50","loser_holding_avg_s":17400.0,"max_consecutive_wins":2,"max_consecutive_losses":9,"max_drawdown_account":0.03308905472146854,"max_relative_drawdown":0.03308905472146854,"max_drawdown_abs":33.30953049,"drawdown_start":"2025-12-03 21:00:00","drawdown_start_ts":1764795600000.0,"drawdown_end":"2026-02-20 11:30:00","drawdown_end_ts":1771587000000.0,"drawdown_duration":"78 days 14:30:00","drawdown_duration_s":6791400.0,"max_drawdown_low":-26.646427830000004,"max_drawdown_high":6.66310266,"csum_min":973.35357217,"csum_max":1006.66310266}},"strategy_comparison":[{"key":"SupertrendFuturesStrategyV8_1","trades":21,"profit_mean":-0.012728058084194046,"profit_mean_pct":-1.27,"profit_total_abs":-26.64642783,"profit_total":-0.02664642783,"profit_total_pct":-2.66,"duration_avg":"4:33:00","wins":6,"draws":0,"losses":15,"winrate":0.2857142857142857,"cagr":-0.10830083689524339,"expectancy":-1.2688775157142858,"expectancy_ratio":-0.3970263234141892,"sortino":-528.9798782845467,"sharpe":-1.8482516234111666,"calmar":-17.889681844413666,"sqn":-1.7718,"profit_factor":0.44416314722013517,"max_drawdown_account":0.03308905472146854,"max_drawdown_abs":"33.31"}]}