{"strategy":{"SupertrendFuturesStrategyV4":{"trades":[{"pair":"SOL/USDT:USDT","stake_amount":399.89315,"max_stake_amount":399.89315,"amount":4.79,"open_date":"2025-11-10 02:00:00+00:00","close_date":"2025-11-10 09:00:00+00:00","open_rate":166.97,"close_rate":168.46695000000003,"fee_open":0.0005,"fee_close":0.0005,"trade_duration":420,"profit_ratio":0.01591384368914364,"profit_abs":6.367019,"exit_reason":"trailing_stop_loss","initial_stop_loss_abs":164.46545,"initial_stop_loss_ratio":-0.03,"stop_loss_abs":168.46695000000003,"stop_loss_ratio":-0.015,"min_rate":166.04,"max_rate":169.74,"is_open":false,"enter_tag":"","leverage":2,"is_short":false,"open_timestamp":1762740000000,"close_timestamp":1762765200000,"orders":[{"amount":4.79,"safe_price":166.97,"ft_order_side":"buy","order_filled_timestamp":1762740000000,"ft_is_entry":true,"ft_order_tag":"","cost":800.1861931499999},{"amount":4.79,"safe_price":168.46695000000003,"ft_order_side":"sell","order_filled_timestamp":1762765200000,"ft_is_entry":false,"ft_order_tag":"trailing_stop_loss","cost":807.3601688452501}],"funding_fees":0.0,"weekday":0},{"pair":"SOL/USDT:USDT","stake_amount":399.7604,"max_stake_amount":399.7604,"amount":4.72,"open_date":"2025-11-10 10:00:00+00:00","close_date":"2025-11-10 12:00:00+00:00","open_rate":169.39,"close_rate":166.84914999999998,"fee_open":0.0005,"fee_close":0.0005,"trade_duration":120,"profit_ratio":-0.03196901548225288,"profit_abs":-12.78633639,"exit_reason":"stop_loss","initial_stop_loss_abs":166.84914999999998,"initial_stop_loss_ratio":-0.03,"stop_loss_abs":166.84914999999998,"stop_loss_ratio":-0.03,"min_rate":166.8,"max_rate":169.56,"is_open":false,"enter_tag":"","leverage":2,"is_short":false,"open_timestamp":1762768800000,"close_timestamp":1762776000000,"orders":[{"amount":4.72,"safe_price":169.39,"ft_order_side":"buy","order_filled_timestamp":1762768800000,"ft_is_entry":true,"ft_order_tag":"","cost":799.9205603999999},{"amount":4.72,"safe_price":166.84914999999998,"ft_order_side":"sell","order_filled_timestamp":1762776000000,"ft_is_entry":false,"ft_order_tag":"stop_loss","cost":787.9217519939998}],"funding_fees":0.0,"weekday":0},{"pair":"BTC/USDT:USDT","stake_amount":399.380625,"max_stake_amount":399.380625,"amount":0.0075,"open_date":"2025-11-10 14:00:00+00:00","close_date":"2025-11-10 14:00:00+00:00","open_rate":106501.5,"close_rate":104903.9775,"fee_open":0.0005,"fee_close":0.0005,"trade_duration":0,"profit_ratio":-0.031969015490689735,"profit_abs":-12.77418929,"exit_reason":"stop_loss","initial_stop_loss_abs":104903.9775,"initial_stop_loss_ratio":-0.03,"stop_loss_abs":104903.9775,"stop_loss_ratio":-0.03,"min_rate":104650.0,"max_rate":106501.5,"is_open":false,"enter_tag":"","leverage":2,"is_short":false,"open_timestamp":1762783200000,"close_timestamp":1762783200000,"orders":[{"amount":0.0075,"safe_price":106501.5,"ft_order_side":"buy","order_filled_timestamp":1762783200000,"ft_is_entry":true,"ft_order_tag":"","cost":799.160630625},{"amount":0.0075,"safe_price":104903.9775,"ft_order_side":"sell","order_filled_timestamp":1762783200000,"ft_is_entry":false,"ft_order_tag":"stop_loss","cost":787.1732211656249}],"funding_fees":0.0,"weekday":0},{"pair":"SOL/USDT:USDT","stake_amount":399.4551,"max_stake_amount":399.4551,"amount":4.71,"open_date":"2025-11-10 14:00:00+00:00","close_date":"2025-11-10 14:00:00+00:00","open_rate":169.62,"close_rate":167.0757,"fee_open":0.0005,"fee_close":0.0005,"trade_duration":0,"profit_ratio":-0.031969015483496316,"profit_abs":-12.77657137,"exit_reason":"stop_loss","initial_stop_loss_abs":167.0757,"initial_stop_loss_ratio":-0.03,"stop_loss_abs":167.0757,"stop_loss_ratio":-0.03,"min_rate":165.2,"max_rate":169.65,"is_open":false,"enter_tag":"","leverage":2,"is_short":false,"open_timestamp":1762783200000,"close_timestamp":1762783200000,"orders":[{"amount":4.71,"safe_price":169.62,"ft_order_side":"buy","order_filled_timestamp":1762783200000,"ft_is_entry":true,"ft_order_tag":"","cost":799.3096551},{"amount":4.71,"safe_price":167.0757,"ft_order_side":"sell","order_filled_timestamp":1762783200000,"ft_is_entry":false,"ft_order_tag":"stop_loss","cost":787.3200102735}],"funding_fees":0.0,"weekday":0},{"pair":"BTC/USDT:USDT","stake_amount":399.13262,"max_stake_amount":399.13262,"amount":0.0076,"open_date":"2025-11-10 16:00:00+00:00","close_date":"2025-11-11 01:00:00+00:00","open_rate":105034.9,"close_rate":106693.5515,"fee_open":0.0005,"fee_close":0.0005,"trade_duration":540,"profit_ratio":0.029552296770886353,"profit_abs":11.80118328,"exit_reason":"trailing_stop_loss","initial_stop_loss_abs":103459.3765,"initial_stop_loss_ratio":-0.03,"stop_loss_abs":106693.5515,"stop_loss_ratio":-0.015,"min_rate":104747.5,"max_rate":107499.8,"is_open":false,"enter_tag":"","leverage":2,"is_short":false,"open_timestamp":1762790400000,"close_timestamp":1762822800000,"orders":[{"amount":0.0076,"safe_price":105034.9,"ft_order_side":"buy","order_filled_timestamp":1762790400000,"ft_is_entry":true,"ft_order_tag":"","cost":798.6643726199999},{"amount":0.0076,"safe_price":106693.5515,"ft_order_side":"sell","order_filled_timestamp":1762822800000,"ft_is_entry":false,"ft_order_tag":"trailing_stop_loss","cost":811.2764268957}],"funding_fees":0.0,"weekday":1},{"pair":"BTC/USDT:USDT","stake_amount":398.80772,"max_stake_amount":398.80772,"amount":0.0076,"open_date":"2025-11-12 13:00:00+00:00","close_date":"2025-11-12 15:00:00+00:00","open_rate":104949.4,"close_rate":103375.159,"fee_open":0.0005,"fee_close":0.0005,"trade_duration":120,"profit_ratio":-0.03196901548172775,"profit_abs":-12.75586492,"exit_reason":"stop_loss","initial_stop_loss_abs":103375.159,"initial_stop_loss_ratio":-0.03,"stop_loss_abs":103375.159,"stop_loss_ratio":-0.03,"min_rate":101902.5,"max_rate":105146.9,"is_open":false,"enter_tag":"","leverage":2,"is_short":false,"open_timestamp":1762952400000,"close_timestamp":1762959600000,"orders":[{"amount":0.0076,"safe_price":104949.4,"ft_order_side":"buy","order_filled_timestamp":1762952400000,"ft_is_entry":true,"ft_order_tag":"","cost":798.0142477199998},{"amount":0.0076,"safe_price":103375.159,"ft_order_side":"sell","order_filled_timestamp":1762959600000,"ft_is_entry":false,"ft_order_tag":"stop_loss","cost":786.0440340042}],"funding_fees":0.0,"weekday":2},{"pair":"BTC/USDT:USDT","stake_amount":399.586,"max_stake_amount":399.586,"amount":0.0088,"open_date":"2025-11-27 14:00:00+00:00","close_date":"2025-11-28 13:00:00+00:00","open_rate":90815.0,"close_rate":91937.75625,"fee_open":0.0005,"fee_close":0.0005,"trade_duration":1380,"profit_ratio":0.022702514768952783,"profit_abs":9.07614287,"exit_reason":"trailing_stop_loss","initial_stop_loss_abs":89452.775,"initial_stop_loss_ratio":-0.03,"stop_loss_abs":91937.75625,"stop_loss_ratio":-0.015,"min_rate":90534.7,"max_rate":92632.5,"is_open":false,"enter_tag":"","leverage":2,"is_short":false,"open_timestamp":1764252000000,"close_timestamp":1764334800000,"orders":[{"amount":0.0088,"safe_price":90815.0,"ft_order_side":"buy","order_filled_timestamp":1764252000000,"ft_is_entry":true,"ft_order_tag":"","cost":799.571586},{"amount":0.0088,"safe_price":91937.75625,"ft_order_side":"sell","order_filled_timestamp":1764334800000,"ft_is_entry":false,"ft_order_tag":"trailing_stop_loss","cost":809.4567811275}],"funding_fees":0.0,"weekday":4},{"pair":"ETH/USDT:USDT","stake_amount":399.1659,"max_stake_amount":399.1659,"amount":0.268,"open_date":"2025-12-02 21:00:00+00:00","close_date":"2025-12-02 22:00:00+00:00","open_rate":2978.85,"close_rate":2997.3500000000004,"fee_open":0.0005,"fee_close":0.0005,"trade_duration":60,"profit_ratio":0.010409485490062933,"profit_abs":4.1571892,"exit_reason":"trailing_stop_loss","initial_stop_loss_abs":2934.16725,"initial_stop_loss_ratio":-0.03,"stop_loss_abs":2997.3500000000004,"stop_loss_ratio":-0.015,"min_rate":2976.3,"max_rate":3020.0,"is_open":false,"enter_tag":"","leverage":2,"is_short":false,"open_timestamp":1764709200000,"close_timestamp":1764712800000,"orders":[{"amount":0.268,"safe_price":2978.85,"ft_order_side":"buy","order_filled_timestamp":1764709200000,"ft_is_entry":true,"ft_order_tag":"","cost":798.7309659},{"amount":0.268,"safe_price":2997.3500000000004,"ft_order_side":"sell","order_filled_timestamp":1764712800000,"ft_is_entry":false,"ft_order_tag":"trailing_stop_loss","cost":803.6914449000001}],"funding_fees":0.0,"weekday":1},{"pair":"ETH/USDT:USDT","stake_amount":399.7643,"max_stake_amount":399.7643,"amount":0.26,"open_date":"2025-12-03 15:00:00+00:00","close_date":"2025-12-03 17:00:00+00:00","open_rate":3075.11,"close_rate":3109.1749750000004,"fee_open":0.0005,"fee_close":0.0005,"trade_duration":120,"profit_ratio":0.02013414402937681,"profit_abs":8.05293645,"exit_reason":"trailing_stop_loss","initial_stop_loss_abs":3028.98335,"initial_stop_loss_ratio":-0.03,"stop_loss_abs":3109.1749750000004,"stop_loss_ratio":-0.015,"min_rate":3054.0,"max_rate":3132.67,"is_open":false,"enter_tag":"","leverage":2,"is_short":false,"open_timestamp":1764774000000,"close_timestamp":1764781200000,"orders":[{"amount":0.26,"safe_price":3075.11,"ft_order_side":"buy","order_filled_timestamp":1764774000000,"ft_is_entry":true,"ft_order_tag":"","cost":799.9283643},{"amount":0.26,"safe_price":3109.1749750000004,"ft_order_side":"sell","order_filled_timestamp":1764781200000,"ft_is_entry":false,"ft_order_tag":"trailing_stop_loss","cost":808.7896862467501}],"funding_fees":0.0,"weekday":2},{"pair":"ETH/USDT:USDT","stake_amount":399.3255,"max_stake_amount":399.3255,"amount":0.252,"open_date":"2025-12-04 14:00:00+00:00","close_date":"2025-12-04 15:00:00+00:00","open_rate":3169.25,"close_rate":3199.20465,"fee_open":0.0005,"fee_close":0.0005,"trade_duration":60,"profit_ratio":0.016885410830109224,"profit_abs":6.74614651,"exit_reason":"trailing_stop_loss","initial_stop_loss_abs":3121.71125,"initial_stop_loss_ratio":-0.03,"stop_loss_abs":3199.20465,"stop_loss_ratio":-0.015,"min_rate":3137.53,"max_rate":3223.38,"is_open":false,"enter_tag":"","leverage":2,"is_short":false,"open_timestamp":1764856800000,"close_timestamp":1764860400000,"orders":[{"amount":0.252,"safe_price":3169.25,"ft_order_side":"buy","order_filled_timestamp":1764856800000,"ft_is_entry":true,"ft_order_tag":"","cost":799.0503254999999},{"amount":0.252,"safe_price":3199.20465,"ft_order_side":"sell","order_filled_timestamp":1764860400000,"ft_is_entry":false,"ft_order_tag":"trailing_stop_loss","cost":806.6026715859}],"funding_fees":0.0,"weekday":3},{"pair":"ETH/USDT:USDT","stake_amount":399.16194,"max_stake_amount":399.16194,"amount":0.249,"open_date":"2025-12-04 16:00:00+00:00","close_date":"2025-12-04 17:00:00+00:00","open_rate":3206.12,"close_rate":3158.0281999999997,"fee_open":0.0005,"fee_close":0.0005,"trade_duration":60,"profit_ratio":-0.03196901549000027,"profit_abs":-12.76719465,"exit_reason":"stop_loss","initial_stop_loss_abs":3158.0281999999997,"initial_stop_loss_ratio":-0.03,"stop_loss_abs":3158.0281999999997,"stop_loss_ratio":-0.03,"min_rate":3133.39,"max_rate":3224.0,"is_open":false,"enter_tag":"","leverage":2,"is_short":false,"open_timestamp":1764864000000,"close_timestamp":1764867600000,"orders":[{"amount":0.249,"safe_price":3206.12,"ft_order_side":"buy","order_filled_timestamp":1764864000000,"ft_is_entry":true,"ft_order_tag":"","cost":798.7230419399999},{"amount":0.249,"safe_price":3158.0281999999997,"ft_order_side":"sell","order_filled_timestamp":1764867600000,"ft_is_entry":false,"ft_order_tag":"stop_loss","cost":786.7421963108999}],"funding_fees":0.0,"weekday":3},{"pair":"ETH/USDT:USDT","stake_amount":399.640065,"max_stake_amount":399.640065,"amount":0.253,"open_date":"2025-12-04 18:00:00+00:00","close_date":"2025-12-04 19:00:00+00:00","open_rate":3159.21,"close_rate":3111.82185,"fee_open":0.0005,"fee_close":0.0005,"trade_duration":60,"profit_ratio":-0.03196901549469235,"profit_abs":-12.78248748,"exit_reason":"stop_loss","initial_stop_loss_abs":3111.82185,"initial_stop_loss_ratio":-0.03,"stop_loss_abs":3111.82185,"stop_loss_ratio":-0.03,"min_rate":3065.0,"max_rate":3164.97,"is_open":false,"enter_tag":"","leverage":2,"is_short":false,"open_timestamp":1764871200000,"close_timestamp":1764874800000,"orders":[{"amount":0.253,"safe_price":3159.21,"ft_order_side":"buy","order_filled_timestamp":1764871200000,"ft_is_entry":true,"ft_order_tag":"","cost":799.679770065},{"amount":0.253,"safe_price":3111.82185,"ft_order_side":"sell","order_filled_timestamp":1764874800000,"ft_is_entry":false,"ft_order_tag":"stop_loss","cost":787.6845735140249}],"funding_fees":0.0,"weekday":3},{"pair":"ETH/USDT:USDT","stake_amount":398.60716,"max_stake_amount":398.60716,"amount":0.238,"open_date":"2025-12-10 17:00:00+00:00","close_date":"2025-12-10 18:00:00+00:00","open_rate":3349.64,"close_rate":3402.5480500000003,"fee_open":0.0005,"fee_close":0.0005,"trade_duration":60,"profit_ratio":0.029559715291914326,"profit_abs":11.78860552,"exit_reason":"trailing_stop_loss","initial_stop_loss_abs":3299.3954,"initial_stop_loss_ratio":-0.03,"stop_loss_abs":3402.5480500000003,"stop_loss_ratio":-0.015,"min_rate":3344.63,"max_rate":3428.26,"is_open":false,"enter_tag":"","leverage":2,"is_short":false,"open_timestamp":1765386000000,"close_timestamp":1765389600000,"orders":[{"amount":0.238,"safe_price":3349.64,"ft_order_side":"buy","order_filled_timestamp":1765386000000,"ft_is_entry":true,"ft_order_tag":"","cost":797.6129271599999},{"amount":0.238,"safe_price":3402.5480500000003,"ft_order_side":"sell","order_filled_timestamp":1765389600000,"ft_is_entry":false,"ft_order_tag":"trailing_stop_loss","cost":810.2113391179499}],"funding_fees":0.0,"weekday":2},{"pair":"ETH/USDT:USDT","stake_amount":398.7987,"max_stake_amount":398.7987,"amount":0.236,"open_date":"2025-12-10 19:00:00+00:00","close_date":"2025-12-10 20:00:00+00:00","open_rate":3379.65,"close_rate":3408.9596,"fee_open":0.0005,"fee_close":0.0005,"trade_duration":60,"profit_ratio":0.01532841805503202,"profit_abs":6.11600967,"exit_reason":"trailing_stop_loss","initial_stop_loss_abs":3328.95525,"initial_stop_loss_ratio":-0.03,"stop_loss_abs":3408.9596,"stop_loss_ratio":-0.015,"min_rate":3343.0,"max_rate":3446.0,"is_open":false,"enter_tag":"","leverage":2,"is_short":false,"open_timestamp":1765393200000,"close_timestamp":1765396800000,"orders":[{"amount":0.236,"safe_price":3379.65,"ft_order_side":"buy","order_filled_timestamp":1765393200000,"ft_is_entry":true,"ft_order_tag":"","cost":797.9961986999999},{"amount":0.236,"safe_price":3408.9596,"ft_order_side":"sell","order_filled_timestamp":1765396800000,"ft_is_entry":false,"ft_order_tag":"trailing_stop_loss","cost":804.9167228327999}],"funding_fees":0.0,"weekday":2},{"pair":"ETH/USDT:USDT","stake_amount":399.14504,"max_stake_amount":399.14504,"amount":0.238,"open_date":"2025-12-10 21:00:00+00:00","close_date":"2025-12-11 00:00:00+00:00","open_rate":3354.16,"close_rate":3303.8475999999996,"fee_open":0.0005,"fee_close":0.0005,"trade_duration":180,"profit_ratio":-0.03196901548123582,"profit_abs":-12.7666541,"exit_reason":"stop_loss","initial_stop_loss_abs":3303.8475999999996,"initial_stop_loss_ratio":-0.03,"stop_loss_abs":3303.8475999999996,"stop_loss_ratio":-0.03,"min_rate":3256.71,"max_rate":3367.94,"is_open":false,"enter_tag":"","leverage":2,"is_short":false,"open_timestamp":1765400400000,"close_timestamp":1765411200000,"orders":[{"amount":0.238,"safe_price":3354.16,"ft_order_side":"buy","order_filled_timestamp":1765400400000,"ft_is_entry":true,"ft_order_tag":"","cost":798.6892250399999},{"amount":0.238,"safe_price":3303.8475999999996,"ft_order_side":"sell","order_filled_timestamp":1765411200000,"ft_is_entry":false,"ft_order_tag":"stop_loss","cost":786.7088866643999}],"funding_fees":0.0,"weekday":3},{"pair":"SOL/USDT:USDT","stake_amount":399.88375,"max_stake_amount":399.88375,"amount":5.75,"open_date":"2025-12-12 07:00:00+00:00","close_date":"2025-12-12 15:00:00+00:00","open_rate":139.09,"close_rate":137.00365,"fee_open":0.0005,"fee_close":0.0005,"trade_duration":480,"profit_ratio":-0.03196901548288083,"profit_abs":-12.79028174,"exit_reason":"stop_loss","initial_stop_loss_abs":137.00365,"initial_stop_loss_ratio":-0.03,"stop_loss_abs":137.00365,"stop_loss_ratio":-0.03,"min_rate":132.71,"max_rate":139.82,"is_open":false,"enter_tag":"","leverage":2,"is_short":false,"open_timestamp":1765522800000,"close_timestamp":1765551600000,"orders":[{"amount":5.75,"safe_price":139.09,"ft_order_side":"buy","order_filled_timestamp":1765522800000,"ft_is_entry":true,"ft_order_tag":"","cost":800.16738375},{"amount":5.75,"safe_price":137.00365,"ft_order_side":"sell","order_filled_timestamp":1765551600000,"ft_is_entry":false,"ft_order_tag":"stop_loss","cost":788.1648729937499}],"funding_fees":0.0,"weekday":4},{"pair":"ETH/USDT:USDT","stake_amount":399.95125,"max_stake_amount":399.95125,"amount":0.265,"open_date":"2025-12-29 08:00:00+00:00","close_date":"2025-12-29 09:00:00+00:00","open_rate":3018.5,"close_rate":2973.2225,"fee_open":0.0005,"fee_close":0.0005,"trade_duration":60,"profit_ratio":-0.032008548418150304,"profit_abs":-12.80825988,"exit_reason":"stop_loss","initial_stop_loss_abs":2973.2225,"initial_stop_loss_ratio":-0.03,"stop_loss_abs":2973.2225,"stop_loss_ratio":-0.03,"min_rate":2955.52,"max_rate":3025.79,"is_open":false,"enter_tag":"","leverage":2,"is_short":false,"open_timestamp":1766995200000,"close_timestamp":1766998800000,"orders":[{"amount":0.265,"safe_price":3018.5,"ft_order_side":"buy","order_filled_timestamp":1766995200000,"ft_is_entry":true,"ft_order_tag":"","cost":800.30245125},{"amount":0.265,"safe_price":2973.2225,"ft_order_side":"sell","order_filled_timestamp":1766998800000,"ft_is_entry":false,"ft_order_tag":"stop_loss","cost":788.29791448125}],"funding_fees":-0.015819145927711487,"weekday":0},{"pair":"SOL/USDT:USDT","stake_amount":399.5151,"max_stake_amount":399.5151,"amount":6.34,"open_date":"2025-12-29 10:00:00+00:00","close_date":"2025-12-29 12:00:00+00:00","open_rate":126.03,"close_rate":124.13955,"fee_open":0.0005,"fee_close":0.0005,"trade_duration":120,"profit_ratio":-0.031969015483497634,"profit_abs":-12.77849047,"exit_reason":"stop_loss","initial_stop_loss_abs":124.13955,"initial_stop_loss_ratio":-0.03,"stop_loss_abs":124.13955,"stop_loss_ratio":-0.03,"min_rate":122.82,"max_rate":126.34,"is_open":false,"enter_tag":"","leverage":2,"is_short":false,"open_timestamp":1767002400000,"close_timestamp":1767009600000,"orders":[{"amount":6.34,"safe_price":126.03,"ft_order_side":"buy","order_filled_timestamp":1767002400000,"ft_is_entry":true,"ft_order_tag":"","cost":799.4297151},{"amount":6.34,"safe_price":124.13955,"ft_order_side":"sell","order_filled_timestamp":1767009600000,"ft_is_entry":false,"ft_order_tag":"stop_loss","cost":787.4382693735}],"funding_fees":0.0,"weekday":0},{"pair":"SOL/USDT:USDT","stake_amount":399.8532,"max_stake_amount":399.8532,"amount":6.36,"open_date":"2025-12-31 15:00:00+00:00","close_date":"2025-12-31 20:00:00+00:00","open_rate":125.74,"close_rate":123.8539,"fee_open":0.0005,"fee_close":0.0005,"trade_duration":300,"profit_ratio":-0.03216859757945959,"profit_abs":-12.86914804,"exit_reason":"stop_loss","initial_stop_loss_abs":123.8539,"initial_stop_loss_ratio":-0.03,"stop_loss_abs":123.8539,"stop_loss_ratio":-0.03,"min_rate":123.4,"max_rate":125.8,"is_open":false,"enter_tag":"","leverage":2,"is_short":false,"open_timestamp":1767193200000,"close_timestamp":1767211200000,"orders":[{"amount":6.36,"safe_price":125.74,"ft_order_side":"buy","order_filled_timestamp":1767193200000,"ft_is_entry":true,"ft_order_tag":"","cost":800.1062532},{"amount":6.36,"safe_price":123.8539,"ft_order_side":"sell","order_filled_timestamp":1767211200000,"ft_is_entry":false,"ft_order_tag":"stop_loss","cost":788.104659402}],"funding_fees":-0.07984344000000002,"weekday":2},{"pair":"ETH/USDT:USDT","stake_amount":399.55461,"max_stake_amount":399.55461,"amount":0.266,"open_date":"2026-01-02 01:00:00+00:00","close_date":"2026-01-02 09:00:00+00:00","open_rate":3004.17,"close_rate":3030.1025,"fee_open":0.0005,"fee_close":0.0005,"trade_duration":480,"profit_ratio":0.015308967667015907,"profit_abs":6.11982699,"exit_reason":"trailing_stop_loss","initial_stop_loss_abs":2959.10745,"initial_stop_loss_ratio":-0.03,"stop_loss_abs":3030.1025,"stop_loss_ratio":-0.015,"min_rate":2990.52,"max_rate":3053.0,"is_open":false,"enter_tag":"","leverage":2,"is_short":false,"open_timestamp":1767315600000,"close_timestamp":1767344400000,"orders":[{"amount":0.266,"safe_price":3004.17,"ft_order_side":"buy","order_filled_timestamp":1767315600000,"ft_is_entry":true,"ft_order_tag":"","cost":799.50877461},{"amount":0.266,"safe_price":3030.1025,"ft_order_side":"sell","order_filled_timestamp":1767344400000,"ft_is_entry":false,"ft_order_tag":"trailing_stop_loss","cost":806.4102686325}],"funding_fees":0.024340229073058477,"weekday":4},{"pair":"BTC/USDT:USDT","stake_amount":395.604555,"max_stake_amount":395.604555,"amount":0.0089,"open_date":"2026-01-02 07:00:00+00:00","close_date":"2026-01-02 14:00:00+00:00","open_rate":88899.9,"close_rate":89472.38625000001,"fee_open":0.0005,"fee_close":0.0005,"trade_duration":420,"profit_ratio":0.01077027104972811,"profit_abs":4.26289867,"exit_reason":"trailing_stop_loss","initial_stop_loss_abs":87566.40149999999,"initial_stop_loss_ratio":-0.03,"stop_loss_abs":89472.38625000001,"stop_loss_ratio":-0.015,"min_rate":88404.5,"max_rate":90148.5,"is_open":false,"enter_tag":"","leverage":2,"is_short":false,"open_timestamp":1767337200000,"close_timestamp":1767362400000,"orders":[{"amount":0.0089,"safe_price":88899.9,"ft_order_side":"buy","order_filled_timestamp":1767337200000,"ft_is_entry":true,"ft_order_tag":"","cost":791.6047145549999},{"amount":0.0089,"safe_price":89472.38625000001,"ft_order_side":"sell","order_filled_timestamp":1767362400000,"ft_is_entry":false,"ft_order_tag":"trailing_stop_loss","cost":796.7023897438125}],"funding_fees":-0.038472279505800205,"weekday":4},{"pair":"SOL/USDT:USDT","stake_amount":399.559,"max_stake_amount":399.559,"amount":6.2,"open_date":"2026-01-02 11:00:00+00:00","close_date":"2026-01-02 14:00:00+00:00","open_rate":128.89,"close_rate":126.95664999999998,"fee_open":0.0005,"fee_close":0.0005,"trade_duration":180,"profit_ratio":-0.03196901550476142,"profit_abs":-12.77989462,"exit_reason":"stop_loss","initial_stop_loss_abs":126.95664999999998,"initial_stop_loss_ratio":-0.03,"stop_loss_abs":126.95664999999998,"stop_loss_ratio":-0.03,"min_rate":126.74,"max_rate":129.59,"is_open":false,"enter_tag":"","leverage":2,"is_short":false,"open_timestamp":1767351600000,"close_timestamp":1767362400000,"orders":[{"amount":6.2,"safe_price":128.89,"ft_order_side":"buy","order_filled_timestamp":1767351600000,"ft_is_entry":true,"ft_order_tag":"","cost":799.5175589999999},{"amount":6.2,"safe_price":126.95664999999998,"ft_order_side":"sell","order_filled_timestamp":1767362400000,"ft_is_entry":false,"ft_order_tag":"stop_loss","cost":787.5247956149999}],"funding_fees":0.0,"weekday":4},{"pair":"BTC/USDT:USDT","stake_amount":398.46635,"max_stake_amount":398.46635,"amount":0.0089,"open_date":"2026-01-02 15:00:00+00:00","close_date":"2026-01-02 16:00:00+00:00","open_rate":89543.0,"close_rate":90096.1725,"fee_open":0.0005,"fee_close":0.0005,"trade_duration":60,"profit_ratio":0.010348407598026911,"profit_abs":4.12555395,"exit_reason":"trailing_stop_loss","initial_stop_loss_abs":88199.855,"initial_stop_loss_ratio":-0.03,"stop_loss_abs":90096.1725,"stop_loss_ratio":-0.015,"min_rate":88756.0,"max_rate":90777.0,"is_open":false,"enter_tag":"","leverage":2,"is_short":false,"open_timestamp":1767366000000,"close_timestamp":1767369600000,"orders":[{"amount":0.0089,"safe_price":89543.0,"ft_order_side":"buy","order_filled_timestamp":1767366000000,"ft_is_entry":true,"ft_order_tag":"","cost":797.3311663499999},{"amount":0.0089,"safe_price":90096.1725,"ft_order_side":"sell","order_filled_timestamp":1767369600000,"ft_is_entry":false,"ft_order_tag":"trailing_stop_loss","cost":802.256863217625}],"funding_fees":0.0017130178479691103,"weekday":4},{"pair":"SOL/USDT:USDT","stake_amount":399.39615,"max_stake_amount":399.39615,"amount":6.21,"open_date":"2026-01-02 15:00:00+00:00","close_date":"2026-01-02 16:00:00+00:00","open_rate":128.63,"close_rate":130.78172500000002,"fee_open":0.0005,"fee_close":0.0005,"trade_duration":60,"profit_ratio":0.031413594862086704,"profit_abs":12.55274208,"exit_reason":"trailing_stop_loss","initial_stop_loss_abs":126.70054999999999,"initial_stop_loss_ratio":-0.03,"stop_loss_abs":130.78172500000002,"stop_loss_ratio":-0.015,"min_rate":127.33,"max_rate":131.77,"is_open":false,"enter_tag":"","leverage":2,"is_short":false,"open_timestamp":1767366000000,"close_timestamp":1767369600000,"orders":[{"amount":6.21,"safe_price":128.63,"ft_order_side":"buy","order_filled_timestamp":1767366000000,"ft_is_entry":true,"ft_order_tag":"","cost":799.1916961499999},{"amount":6.21,"safe_price":130.78172500000002,"ft_order_side":"sell","order_filled_timestamp":1767369600000,"ft_is_entry":false,"ft_order_tag":"trailing_stop_loss","cost":812.5605895061251}],"funding_fees":-0.003996765246866303,"weekday":4},{"pair":"DOGE/USDT:USDT","stake_amount":399.50015,"max_stake_amount":399.50015,"amount":5710.0,"open_date":"2026-01-03 08:00:00+00:00","close_date":"2026-01-03 09:00:00+00:00","open_rate":0.13993,"close_rate":0.14206,"fee_open":0.0005,"fee_close":0.0005,"trade_duration":60,"profit_ratio":0.02821444991075533,"profit_abs":11.27731281,"exit_reason":"trailing_stop_loss","initial_stop_loss_abs":0.13784,"initial_stop_loss_ratio":-0.03,"stop_loss_abs":0.14206,"stop_loss_ratio":-0.015,"min_rate":0.1393,"max_rate":0.14313,"is_open":false,"enter_tag":"","leverage":2,"is_short":false,"open_timestamp":1767427200000,"close_timestamp":1767430800000,"orders":[{"amount":5710.0,"safe_price":0.13993,"ft_order_side":"buy","order_filled_timestamp":1767427200000,"ft_is_entry":true,"ft_order_tag":"","cost":799.39980015},{"amount":5710.0,"safe_price":0.14206,"ft_order_side":"sell","order_filled_timestamp":1767430800000,"ft_is_entry":false,"ft_order_tag":"trailing_stop_loss","cost":811.5681813}],"funding_fees":-0.07990574000000002,"weekday":5},{"pair":"ETH/USDT:USDT","stake_amount":398.47584,"max_stake_amount":398.47584,"amount":0.258,"open_date":"2026-01-03 08:00:00+00:00","close_date":"2026-01-04 00:00:00+00:00","open_rate":3088.96,"close_rate":3143.237575,"fee_open":0.0005,"fee_close":0.0005,"trade_duration":960,"profit_ratio":0.03327522923984232,"profit_abs":13.26600461,"exit_reason":"trailing_stop_loss","initial_stop_loss_abs":3042.6256,"initial_stop_loss_ratio":-0.03,"stop_loss_abs":3143.237575,"stop_loss_ratio":-0.015,"min_rate":3082.0,"max_rate":3166.99,"is_open":false,"enter_tag":"","leverage":2,"is_short":false,"open_timestamp":1767427200000,"close_timestamp":1767484800000,"orders":[{"amount":0.258,"safe_price":3088.96,"ft_order_side":"buy","order_filled_timestamp":1767427200000,"ft_is_entry":true,"ft_order_tag":"","cost":797.35015584},{"amount":0.258,"safe_price":3143.237575,"ft_order_side":"sell","order_filled_timestamp":1767484800000,"ft_is_entry":false,"ft_order_tag":"trailing_stop_loss","cost":811.360771997175}],"funding_fees":0.06634374392858483,"weekday":6},{"pair":"DOGE/USDT:USDT","stake_amount":399.3979,"max_stake_amount":399.3979,"amount":5660.0,"open_date":"2026-01-03 17:00:00+00:00","close_date":"2026-01-04 00:00:00+00:00","open_rate":0.14113,"close_rate":0.14550721860930466,"fee_open":0.0005,"fee_close":0.0005,"trade_duration":420,"profit_ratio":0.05976739540666852,"profit_abs":23.8829077,"exit_reason":"roi","initial_stop_loss_abs":0.13902,"initial_stop_loss_ratio":-0.03,"stop_loss_abs":0.1461,"stop_loss_ratio":-0.015,"min_rate":0.14051,"max_rate":0.1472,"is_open":false,"enter_tag":"","leverage":2,"is_short":false,"open_timestamp":1767459600000,"close_timestamp":1767484800000,"orders":[{"amount":5660.0,"safe_price":0.14113,"ft_order_side":"buy","order_filled_timestamp":1767459600000,"ft_is_entry":true,"ft_order_tag":"","cost":799.1951978999999},{"amount":5660.0,"safe_price":0.14550721860930466,"ft_order_side":"sell","order_filled_timestamp":1767484800000,"ft_is_entry":false,"ft_order_tag":"roi","cost":823.9826427573287}],"funding_fees":-0.0809663,"weekday":6},{"pair":"SOL/USDT:USDT","stake_amount":399.33425,"max_stake_amount":399.33425,"amount":5.95,"open_date":"2026-01-04 05:00:00+00:00","close_date":"2026-01-05 01:00:00+00:00","open_rate":134.23,"close_rate":136.677175,"fee_open":0.0005,"fee_close":0.0005,"trade_duration":1200,"profit_ratio":0.034631935380021836,"profit_abs":13.8366328,"exit_reason":"trailing_stop_loss","initial_stop_loss_abs":132.21654999999998,"initial_stop_loss_ratio":-0.03,"stop_loss_abs":136.677175,"stop_loss_ratio":-0.015,"min_rate":132.95,"max_rate":137.71,"is_open":false,"enter_tag":"","leverage":2,"is_short":false,"open_timestamp":1767502800000,"close_timestamp":1767574800000,"orders":[{"amount":5.95,"safe_price":134.23,"ft_order_side":"buy","order_filled_timestamp":1767502800000,"ft_is_entry":true,"ft_order_tag":"","cost":799.0678342499999},{"amount":5.95,"safe_price":136.677175,"ft_order_side":"sell","order_filled_timestamp":1767574800000,"ft_is_entry":false,"ft_order_tag":"trailing_stop_loss","cost":813.6358058456251}],"funding_fees":0.08189039495362317,"weekday":0},{"pair":"BTC/USDT:USDT","stake_amount":396.67824,"max_stake_amount":396.67824,"amount":0.0087,"open_date":"2026-01-04 07:00:00+00:00","close_date":"2026-01-05 01:00:00+00:00","open_rate":91190.4,"close_rate":92694.5375,"fee_open":0.0005,"fee_close":0.0005,"trade_duration":1080,"profit_ratio":0.030620474372526636,"profit_abs":12.15254912,"exit_reason":"trailing_stop_loss","initial_stop_loss_abs":89822.544,"initial_stop_loss_ratio":-0.03,"stop_loss_abs":92694.5375,"stop_loss_ratio":-0.015,"min_rate":90811.1,"max_rate":93395.0,"is_open":false,"enter_tag":"","leverage":2,"is_short":false,"open_timestamp":1767510000000,"close_timestamp":1767574800000,"orders":[{"amount":0.0087,"safe_price":91190.4,"ft_order_side":"buy","order_filled_timestamp":1767510000000,"ft_is_entry":true,"ft_order_tag":"","cost":793.7531582399998},{"amount":0.0087,"safe_price":92694.5375,"ft_order_side":"sell","order_filled_timestamp":1767574800000,"ft_is_entry":false,"ft_order_tag":"trailing_stop_loss","cost":806.845697488125}],"funding_fees":-0.13354765564672044,"weekday":0},{"pair":"DOGE/USDT:USDT","stake_amount":399.33855,"max_stake_amount":399.33855,"amount":5310.0,"open_date":"2026-01-05 01:00:00+00:00","close_date":"2026-01-05 09:00:00+00:00","open_rate":0.15041,"close_rate":0.14816,"fee_open":0.0005,"fee_close":0.0005,"trade_duration":480,"profit_ratio":-0.03190695711947794,"profit_abs":-12.74804883,"exit_reason":"stop_loss","initial_stop_loss_abs":0.14816,"initial_stop_loss_ratio":-0.03,"stop_loss_abs":0.14816,"stop_loss_ratio":-0.03,"min_rate":0.14621,"max_rate":0.15243,"is_open":false,"enter_tag":"","leverage":2,"is_short":false,"open_timestamp":1767574800000,"close_timestamp":1767603600000,"orders":[{"amount":5310.0,"safe_price":0.15041,"ft_order_side":"buy","order_filled_timestamp":1767574800000,"ft_is_entry":true,"ft_order_tag":"","cost":799.0764385499998},{"amount":5310.0,"safe_price":0.14816,"ft_order_side":"sell","order_filled_timestamp":1767603600000,"ft_is_entry":false,"ft_order_tag":"stop_loss","cost":787.1229647999999}],"funding_fees":-0.00784548375036725,"weekday":0},{"pair":"BTC/USDT:USDT","stake_amount":398.05143,"max_stake_amount":398.05143,"amount":0.0086,"open_date":"2026-01-05 05:00:00+00:00","close_date":"2026-01-05 15:00:00+00:00","open_rate":92570.1,"close_rate":93284.97575,"fee_open":0.0005,"fee_close":0.0005,"trade_duration":600,"profit_ratio":0.013230913347079284,"profit_abs":5.26921727,"exit_reason":"trailing_stop_loss","initial_stop_loss_abs":91181.5485,"initial_stop_loss_ratio":-0.03,"stop_loss_abs":93284.97575,"stop_loss_ratio":-0.015,"min_rate":92112.3,"max_rate":93989.9,"is_open":false,"enter_tag":"","leverage":2,"is_short":false,"open_timestamp":1767589200000,"close_timestamp":1767625200000,"orders":[{"amount":0.0086,"safe_price":92570.1,"ft_order_side":"buy","order_filled_timestamp":1767589200000,"ft_is_entry":true,"ft_order_tag":"","cost":796.5009114300001},{"amount":0.0086,"safe_price":93284.97575,"ft_order_side":"sell","order_filled_timestamp":1767625200000,"ft_is_entry":false,"ft_order_tag":"trailing_stop_loss","cost":802.6519168457249}],"funding_fees":-0.079537358,"weekday":0},{"pair":"BTC/USDT:USDT","stake_amount":397.98955,"max_stake_amount":397.98955,"amount":0.0085,"open_date":"2026-01-05 17:00:00+00:00","close_date":"2026-01-06 17:00:00+00:00","open_rate":93644.6,"close_rate":92239.93100000001,"fee_open":0.0005,"fee_close":0.0005,"trade_duration":1440,"profit_ratio":-0.03199267311217693,"profit_abs":-12.73911595,"exit_reason":"stop_loss","initial_stop_loss_abs":92239.93100000001,"initial_stop_loss_ratio":-0.03,"stop_loss_abs":92239.93100000001,"stop_loss_ratio":-0.03,"min_rate":91501.0,"max_rate":94778.8,"is_open":false,"enter_tag":"","leverage":2,"is_short":false,"open_timestamp":1767632400000,"close_timestamp":1767718800000,"orders":[{"amount":0.0085,"safe_price":93644.6,"ft_order_side":"buy","order_filled_timestamp":1767632400000,"ft_is_entry":true,"ft_order_tag":"","cost":796.37708955},{"amount":0.0085,"safe_price":92239.93100000001,"ft_order_side":"sell","order_filled_timestamp":1767718800000,"ft_is_entry":false,"ft_order_tag":"stop_loss","cost":784.4314332067501}],"funding_fees":-0.009420189274393188,"weekday":1},{"pair":"ETH/USDT:USDT","stake_amount":399.062,"max_stake_amount":399.062,"amount":0.244,"open_date":"2026-01-06 16:00:00+00:00","close_date":"2026-01-06 17:00:00+00:00","open_rate":3271.0,"close_rate":3221.935,"fee_open":0.0005,"fee_close":0.0005,"trade_duration":60,"profit_ratio":-0.03196237453189549,"profit_abs":-12.76134659,"exit_reason":"stop_loss","initial_stop_loss_abs":3221.935,"initial_stop_loss_ratio":-0.03,"stop_loss_abs":3221.935,"stop_loss_ratio":-0.03,"min_rate":3188.13,"max_rate":3278.0,"is_open":false,"enter_tag":"","leverage":2,"is_short":false,"open_timestamp":1767715200000,"close_timestamp":1767718800000,"orders":[{"amount":0.244,"safe_price":3271.0,"ft_order_side":"buy","order_filled_timestamp":1767715200000,"ft_is_entry":true,"ft_order_tag":"","cost":798.523062},{"amount":0.244,"safe_price":3221.935,"ft_order_side":"sell","order_filled_timestamp":1767718800000,"ft_is_entry":false,"ft_order_tag":"stop_loss","cost":786.5452160699999}],"funding_fees":0.002651478961388237,"weekday":1},{"pair":"ETH/USDT:USDT","stake_amount":399.39375,"max_stake_amount":399.39375,"amount":0.25,"open_date":"2026-01-06 18:00:00+00:00","close_date":"2026-01-06 20:00:00+00:00","open_rate":3195.15,"close_rate":3224.6325,"fee_open":0.0005,"fee_close":0.0005,"trade_duration":120,"profit_ratio":0.01643708684755943,"profit_abs":6.56815219,"exit_reason":"trailing_stop_loss","initial_stop_loss_abs":3147.22275,"initial_stop_loss_ratio":-0.03,"stop_loss_abs":3224.6325,"stop_loss_ratio":-0.015,"min_rate":3181.03,"max_rate":3249.0,"is_open":false,"enter_tag":"","leverage":2,"is_short":false,"open_timestamp":1767722400000,"close_timestamp":1767729600000,"orders":[{"amount":0.25,"safe_price":3195.15,"ft_order_side":"buy","order_filled_timestamp":1767722400000,"ft_is_entry":true,"ft_order_tag":"","cost":799.18689375},{"amount":0.25,"safe_price":3224.6325,"ft_order_side":"sell","order_filled_timestamp":1767729600000,"ft_is_entry":false,"ft_order_tag":"trailing_stop_loss","cost":806.5612040625}],"funding_fees":0.0,"weekday":1},{"pair":"SOL/USDT:USDT","stake_amount":399.5725,"max_stake_amount":399.5725,"amount":5.77,"open_date":"2026-01-11 21:00:00+00:00","close_date":"2026-01-12 00:00:00+00:00","open_rate":138.5,"close_rate":140.190625,"fee_open":0.0005,"fee_close":0.0005,"trade_duration":180,"profit_ratio":0.0221884391817318,"profit_abs":8.87032306,"exit_reason":"trailing_stop_loss","initial_stop_loss_abs":136.42249999999999,"initial_stop_loss_ratio":-0.03,"stop_loss_abs":140.190625,"stop_loss_ratio":-0.015,"min_rate":137.46,"max_rate":141.25,"is_open":false,"enter_tag":"","leverage":2,"is_short":false,"open_timestamp":1768165200000,"close_timestamp":1768176000000,"orders":[{"amount":5.77,"safe_price":138.5,"ft_order_side":"buy","order_filled_timestamp":1768165200000,"ft_is_entry":true,"ft_order_tag":"","cost":799.5445725},{"amount":5.77,"safe_price":140.190625,"ft_order_side":"sell","order_filled_timestamp":1768176000000,"ft_is_entry":false,"ft_order_tag":"trailing_stop_loss","cost":809.3043562031249}],"funding_fees":-0.08056073999999999,"weekday":0},{"pair":"ETH/USDT:USDT","stake_amount":398.54464,"max_stake_amount":398.54464,"amount":0.256,"open_date":"2026-01-11 21:00:00+00:00","close_date":"2026-01-12 02:00:00+00:00","open_rate":3113.63,"close_rate":3143.7040500000003,"fee_open":0.0005,"fee_close":0.0005,"trade_duration":300,"profit_ratio":0.017208480877052956,"profit_abs":6.86177699,"exit_reason":"trailing_stop_loss","initial_stop_loss_abs":3066.92555,"initial_stop_loss_ratio":-0.03,"stop_loss_abs":3143.7040500000003,"stop_loss_ratio":-0.015,"min_rate":3091.0,"max_rate":3167.46,"is_open":false,"enter_tag":"","leverage":2,"is_short":false,"open_timestamp":1768165200000,"close_timestamp":1768183200000,"orders":[{"amount":0.256,"safe_price":3113.63,"ft_order_side":"buy","order_filled_timestamp":1768165200000,"ft_is_entry":true,"ft_order_tag":"","cost":797.48782464},{"amount":0.256,"safe_price":3143.7040500000003,"ft_order_side":"sell","order_filled_timestamp":1768183200000,"ft_is_entry":false,"ft_order_tag":"trailing_stop_loss","cost":805.1906309184}],"funding_fees":-0.03624105147732082,"weekday":0},{"pair":"SOL/USDT:USDT","stake_amount":399.596,"max_stake_amount":399.596,"amount":5.66,"open_date":"2026-01-12 01:00:00+00:00","close_date":"2026-01-12 03:00:00+00:00","open_rate":141.2,"close_rate":143.27730000000003,"fee_open":0.0005,"fee_close":0.0005,"trade_duration":120,"profit_ratio":0.027395103437280247,"profit_abs":10.95244724,"exit_reason":"trailing_stop_loss","initial_stop_loss_abs":139.082,"initial_stop_loss_ratio":-0.03,"stop_loss_abs":143.27730000000003,"stop_loss_ratio":-0.015,"min_rate":140.6,"max_rate":144.36,"is_open":false,"enter_tag":"","leverage":2,"is_short":false,"open_timestamp":1768179600000,"close_timestamp":1768186800000,"orders":[{"amount":5.66,"safe_price":141.2,"ft_order_side":"buy","order_filled_timestamp":1768179600000,"ft_is_entry":true,"ft_order_tag":"","cost":799.591596},{"amount":5.66,"safe_price":143.27730000000003,"ft_order_side":"sell","order_filled_timestamp":1768186800000,"ft_is_entry":false,"ft_order_tag":"trailing_stop_loss","cost":811.3549927590001}],"funding_fees":0.0,"weekday":0},{"pair":"SOL/USDT:USDT","stake_amount":399.7,"max_stake_amount":399.7,"amount":5.71,"open_date":"2026-01-12 09:00:00+00:00","close_date":"2026-01-12 15:00:00+00:00","open_rate":140.0,"close_rate":141.6099,"fee_open":0.0005,"fee_close":0.0005,"trade_duration":360,"profit_ratio":0.020976583862184494,"profit_abs":8.38853274,"exit_reason":"trailing_stop_loss","initial_stop_loss_abs":137.9,"initial_stop_loss_ratio":-0.03,"stop_loss_abs":141.6099,"stop_loss_ratio":-0.015,"min_rate":138.6,"max_rate":142.68,"is_open":false,"enter_tag":"","leverage":2,"is_short":false,"open_timestamp":1768208400000,"close_timestamp":1768230000000,"orders":[{"amount":5.71,"safe_price":140.0,"ft_order_side":"buy","order_filled_timestamp":1768208400000,"ft_is_entry":true,"ft_order_tag":"","cost":799.7996999999999},{"amount":5.71,"safe_price":141.6099,"ft_order_side":"sell","order_filled_timestamp":1768230000000,"ft_is_entry":false,"ft_order_tag":"trailing_stop_loss","cost":808.9968252645}],"funding_fees":0.0,"weekday":0},{"pair":"SOL/USDT:USDT","stake_amount":399.74055,"max_stake_amount":399.74055,"amount":5.61,"open_date":"2026-01-12 16:00:00+00:00","close_date":"2026-01-12 20:00:00+00:00","open_rate":142.51,"close_rate":140.37234999999998,"fee_open":0.0005,"fee_close":0.0005,"trade_duration":240,"profit_ratio":-0.031823896097444786,"profit_abs":-12.72766238,"exit_reason":"stop_loss","initial_stop_loss_abs":140.37234999999998,"initial_stop_loss_ratio":-0.03,"stop_loss_abs":140.37234999999998,"stop_loss_ratio":-0.03,"min_rate":139.91,"max_rate":144.25,"is_open":false,"enter_tag":"","leverage":2,"is_short":false,"open_timestamp":1768233600000,"close_timestamp":1768248000000,"orders":[{"amount":5.61,"safe_price":142.51,"ft_order_side":"buy","order_filled_timestamp":1768233600000,"ft_is_entry":true,"ft_order_tag":"","cost":799.8808405499999},{"amount":5.61,"safe_price":140.37234999999998,"ft_order_side":"sell","order_filled_timestamp":1768248000000,"ft_is_entry":false,"ft_order_tag":"stop_loss","cost":787.8826279417499}],"funding_fees":0.05803911408423877,"weekday":0},{"pair":"SOL/USDT:USDT","stake_amount":399.2877,"max_stake_amount":399.2877,"amount":5.49,"open_date":"2026-01-14 00:00:00+00:00","close_date":"2026-01-14 14:00:00+00:00","open_rate":145.46,"close_rate":146.38382500000003,"fee_open":0.0005,"fee_close":0.0005,"trade_duration":840,"profit_ratio":0.01029154180549893,"profit_abs":4.1113407,"exit_reason":"trailing_stop_loss","initial_stop_loss_abs":143.2781,"initial_stop_loss_ratio":-0.03,"stop_loss_abs":146.38382500000003,"stop_loss_ratio":-0.015,"min_rate":143.28,"max_rate":147.49,"is_open":false,"enter_tag":"","leverage":2,"is_short":false,"open_timestamp":1768348800000,"close_timestamp":1768399200000,"orders":[{"amount":5.49,"safe_price":145.46,"ft_order_side":"buy","order_filled_timestamp":1768348800000,"ft_is_entry":true,"ft_order_tag":"","cost":798.9746877},{"amount":5.49,"safe_price":146.38382500000003,"ft_order_side":"sell","order_filled_timestamp":1768399200000,"ft_is_entry":false,"ft_order_tag":"trailing_stop_loss","cost":804.0490228496252}],"funding_fees":-0.15934725000000002,"weekday":2},{"pair":"ETH/USDT:USDT","stake_amount":399.194325,"max_stake_amount":399.194325,"amount":0.243,"open_date":"2026-01-14 12:00:00+00:00","close_date":"2026-01-14 14:00:00+00:00","open_rate":3285.55,"close_rate":3332.150025,"fee_open":0.0005,"fee_close":0.0005,"trade_duration":120,"profit_ratio":0.026339297961875004,"profit_abs":10.51975552,"exit_reason":"trailing_stop_loss","initial_stop_loss_abs":3236.2667500000002,"initial_stop_loss_ratio":-0.03,"stop_loss_abs":3332.150025,"stop_loss_ratio":-0.015,"min_rate":3278.15,"max_rate":3357.33,"is_open":false,"enter_tag":"","leverage":2,"is_short":false,"open_timestamp":1768392000000,"close_timestamp":1768399200000,"orders":[{"amount":0.243,"safe_price":3285.55,"ft_order_side":"buy","order_filled_timestamp":1768392000000,"ft_is_entry":true,"ft_order_tag":"","cost":798.7878443249999},{"amount":0.243,"safe_price":3332.150025,"ft_order_side":"sell","order_filled_timestamp":1768399200000,"ft_is_entry":false,"ft_order_tag":"trailing_stop_loss","cost":810.1173123030375}],"funding_fees":0.0,"weekday":2},{"pair":"ETH/USDT:USDT","stake_amount":398.34298,"max_stake_amount":398.34298,"amount":0.238,"open_date":"2026-01-14 15:00:00+00:00","close_date":"2026-01-14 16:00:00+00:00","open_rate":3347.42,"close_rate":3377.9142,"fee_open":0.0005,"fee_close":0.0005,"trade_duration":60,"profit_ratio":0.01600260440747891,"profit_abs":6.37771239,"exit_reason":"trailing_stop_loss","initial_stop_loss_abs":3297.2087,"initial_stop_loss_ratio":-0.03,"stop_loss_abs":3377.9142,"stop_loss_ratio":-0.015,"min_rate":3326.01,"max_rate":3403.44,"is_open":false,"enter_tag":"","leverage":2,"is_short":false,"open_timestamp":1768402800000,"close_timestamp":1768406400000,"orders":[{"amount":0.238,"safe_price":3347.42,"ft_order_side":"buy","order_filled_timestamp":1768402800000,"ft_is_entry":true,"ft_order_tag":"","cost":797.08430298},{"amount":0.238,"safe_price":3377.9142,"ft_order_side":"sell","order_filled_timestamp":1768406400000,"ft_is_entry":false,"ft_order_tag":"trailing_stop_loss","cost":804.3455513898}],"funding_fees":-0.079592436,"weekday":2},{"pair":"DOGE/USDT:USDT","stake_amount":399.7965,"max_stake_amount":399.7965,"amount":5370.0,"open_date":"2026-01-14 16:00:00+00:00","close_date":"2026-01-14 17:00:00+00:00","open_rate":0.1489,"close_rate":0.15014,"fee_open":0.0005,"fee_close":0.0005,"trade_duration":60,"profit_ratio":0.014439939197627512,"profit_abs":5.77592367,"exit_reason":"trailing_stop_loss","initial_stop_loss_abs":0.14667,"initial_stop_loss_ratio":-0.03,"stop_loss_abs":0.15014,"stop_loss_ratio":-0.015,"min_rate":0.14746,"max_rate":0.15127,"is_open":false,"enter_tag":"","leverage":2,"is_short":false,"open_timestamp":1768406400000,"close_timestamp":1768410000000,"orders":[{"amount":5370.0,"safe_price":0.1489,"ft_order_side":"buy","order_filled_timestamp":1768406400000,"ft_is_entry":true,"ft_order_tag":"","cost":799.9927965},{"amount":5370.0,"safe_price":0.15014,"ft_order_side":"sell","order_filled_timestamp":1768410000000,"ft_is_entry":false,"ft_order_tag":"trailing_stop_loss","cost":806.6549259}],"funding_fees":-0.07995393,"weekday":2},{"pair":"ETH/USDT:USDT","stake_amount":399.18736,"max_stake_amount":399.18736,"amount":0.239,"open_date":"2026-01-14 18:00:00+00:00","close_date":"2026-01-14 19:00:00+00:00","open_rate":3340.48,"close_rate":3374.5,"fee_open":0.0005,"fee_close":0.0005,"trade_duration":60,"profit_ratio":0.0183489716488628,"profit_abs":7.32833989,"exit_reason":"trailing_stop_loss","initial_stop_loss_abs":3290.3728,"initial_stop_loss_ratio":-0.03,"stop_loss_abs":3374.5,"stop_loss_ratio":-0.015,"min_rate":3313.57,"max_rate":3400.0,"is_open":false,"enter_tag":"","leverage":2,"is_short":false,"open_timestamp":1768413600000,"close_timestamp":1768417200000,"orders":[{"amount":0.239,"safe_price":3340.48,"ft_order_side":"buy","order_filled_timestamp":1768413600000,"ft_is_entry":true,"ft_order_tag":"","cost":798.77390736},{"amount":0.239,"safe_price":3374.5,"ft_order_side":"sell","order_filled_timestamp":1768417200000,"ft_is_entry":false,"ft_order_tag":"trailing_stop_loss","cost":806.90875275}],"funding_fees":0.0,"weekday":2},{"pair":"SOL/USDT:USDT","stake_amount":399.4305,"max_stake_amount":399.4305,"amount":5.45,"open_date":"2026-01-14 15:00:00+00:00","close_date":"2026-01-15 02:00:00+00:00","open_rate":146.58,"close_rate":144.3813,"fee_open":0.0005,"fee_close":0.0005,"trade_duration":660,"profit_ratio":-0.032195156945155436,"profit_abs":-12.8661575,"exit_reason":"stop_loss","initial_stop_loss_abs":144.3813,"initial_stop_loss_ratio":-0.03,"stop_loss_abs":144.3813,"stop_loss_ratio":-0.03,"min_rate":144.21,"max_rate":148.36,"is_open":false,"enter_tag":"","leverage":2,"is_short":false,"open_timestamp":1768402800000,"close_timestamp":1768442400000,"orders":[{"amount":5.45,"safe_price":146.58,"ft_order_side":"buy","order_filled_timestamp":1768402800000,"ft_is_entry":true,"ft_order_tag":"","cost":799.2604305000001},{"amount":5.45,"safe_price":144.3813,"ft_order_side":"sell","order_filled_timestamp":1768442400000,"ft_is_entry":false,"ft_order_tag":"stop_loss","cost":787.2715240425}],"funding_fees":-0.0903729545549023,"weekday":3},{"pair":"ETH/USDT:USDT","stake_amount":398.78805,"max_stake_amount":398.78805,"amount":0.237,"open_date":"2026-01-15 10:00:00+00:00","close_date":"2026-01-15 15:00:00+00:00","open_rate":3365.3,"close_rate":3314.8205000000003,"fee_open":0.0005,"fee_close":0.0005,"trade_duration":300,"profit_ratio":-0.03196901549413363,"profit_abs":-12.75523578,"exit_reason":"stop_loss","initial_stop_loss_abs":3314.8205000000003,"initial_stop_loss_ratio":-0.03,"stop_loss_abs":3314.8205000000003,"stop_loss_ratio":-0.03,"min_rate":3285.0,"max_rate":3383.22,"is_open":false,"enter_tag":"","leverage":2,"is_short":false,"open_timestamp":1768471200000,"close_timestamp":1768489200000,"orders":[{"amount":0.237,"safe_price":3365.3,"ft_order_side":"buy","order_filled_timestamp":1768471200000,"ft_is_entry":true,"ft_order_tag":"","cost":797.97488805},{"amount":0.237,"safe_price":3314.8205000000003,"ft_order_side":"sell","order_filled_timestamp":1768489200000,"ft_is_entry":false,"ft_order_tag":"stop_loss","cost":786.0052647292499}],"funding_fees":0.0,"weekday":3},{"pair":"BTC/USDT:USDT","stake_amount":396.73158,"max_stake_amount":396.73158,"amount":0.0082,"open_date":"2026-01-14 19:00:00+00:00","close_date":"2026-01-15 19:00:00+00:00","open_rate":96763.8,"close_rate":95312.34300000001,"fee_open":0.0005,"fee_close":0.0005,"trade_duration":1440,"profit_ratio":-0.03212847638547025,"profit_abs":-12.75275439,"exit_reason":"stop_loss","initial_stop_loss_abs":95312.34300000001,"initial_stop_loss_ratio":-0.03,"stop_loss_abs":95312.34300000001,"stop_loss_ratio":-0.03,"min_rate":95121.8,"max_rate":97900.0,"is_open":false,"enter_tag":"","leverage":2,"is_short":false,"open_timestamp":1768417200000,"close_timestamp":1768503600000,"orders":[{"amount":0.0082,"safe_price":96763.8,"ft_order_side":"buy","order_filled_timestamp":1768417200000,"ft_is_entry":true,"ft_order_tag":"","cost":793.8598915800001},{"amount":0.0082,"safe_price":95312.34300000001,"ft_order_side":"sell","order_filled_timestamp":1768503600000,"ft_is_entry":false,"ft_order_tag":"stop_loss","cost":781.9519932063}],"funding_fees":-0.0632948023746703,"weekday":3}],"locks":[],"best_pair":{"key":"DOGE/USDT:USDT","trades":4,"profit_mean":0.017628706848893356,"profit_mean_pct":1.76,"profit_total_abs":28.18809535,"profit_total":0.02818809535,"profit_total_pct":2.82,"duration_avg":"4:15:00","wins":3,"draws":0,"losses":1,"winrate":0.75,"cagr":0.10352313275084346,"expectancy":7.047023837499999,"expectancy_ratio":0.5527923473995668,"sortino":-100,"sharpe":0.3967108834523182,"calmar":42.45597271513091,"sqn":0.9261,"profit_factor":3.211169389598267,"max_drawdown_account":0.012315048991854942,"max_drawdown_abs":12.748048830000002},"worst_pair":{"key":"SOL/USDT:USDT","trades":15,"profit_mean":-0.006214779056066751,"profit_mean_pct":-0.62,"profit_total_abs":-37.29550488999999,"profit_total":-0.03729550488999999,"profit_total_pct":-3.73,"duration_avg":"5:52:00","wins":7,"draws":0,"losses":8,"winrate":0.4666666666666667,"cagr":-0.12601431548267128,"expectancy":-2.4863669926666656,"expectancy_ratio":-0.1942957248320828,"sortino":-154.65248512637478,"sharpe":-0.6158230966946427,"calmar":-9.067131172149237,"sqn":-0.8282,"profit_factor":0.6356955159398446,"max_drawdown_account":0.07629495122594038,"max_drawdown_abs":76.78072263},"results_per_pair":[{"key":"DOGE/USDT:USDT","trades":4,"profit_mean":0.017628706848893356,"profit_mean_pct":1.76,"profit_total_abs":28.18809535,"profit_total":0.02818809535,"profit_total_pct":2.82,"duration_avg":"4:15:00","wins":3,"draws":0,"losses":1,"winrate":0.75,"cagr":0.10352313275084346,"expectancy":7.047023837499999,"expectancy_ratio":0.5527923473995668,"sortino":-100,"sharpe":0.3967108834523182,"calmar":42.45597271513091,"sqn":0.9261,"profit_factor":3.211169389598267,"max_drawdown_account":0.012315048991854942,"max_drawdown_abs":12.748048830000002},{"key":"ETH/USDT:USDT","trades":18,"profit_mean":0.0024106015242263763,"profit_mean_pct":0.24,"profit_total_abs":17.261277449999994,"profit_total":0.017261277449999994,"profit_total_pct":1.73,"duration_avg":"2:57:00","wins":12,"draws":0,"losses":6,"winrate":0.6666666666666666,"cagr":0.06252343489807788,"expectancy":0.9589598583333325,"expectancy_ratio":0.07507399108563373,"sortino":181.9952453244972,"sharpe":0.32240383375090353,"calmar":9.820606484761035,"sqn":0.3981,"profit_factor":1.2252219732569016,"max_drawdown_account":0.03260196912040176,"max_drawdown_abs":33.21998092},{"key":"BTC/USDT:USDT","trades":10,"profit_mean":-0.0010834302562864584,"profit_mean_pct":-0.11,"profit_total_abs":-4.3343793900000005,"profit_total":-0.00433437939,"profit_total_pct":-0.43,"duration_avg":"11:48:00","wins":6,"draws":0,"losses":4,"winrate":0.6,"cagr":-0.015275209961397196,"expectancy":-0.43343793900000094,"expectancy_ratio":-0.03398052447631561,"sortino":-64.29664438694806,"sharpe":-0.07731783602167377,"calmar":-3.2205285747001553,"sqn":-0.1251,"profit_factor":0.9150486888092111,"max_drawdown_account":0.02496370106072911,"max_drawdown_abs":25.49187034},{"key":"SOL/USDT:USDT","trades":15,"profit_mean":-0.006214779056066751,"profit_mean_pct":-0.62,"profit_total_abs":-37.29550488999999,"profit_total":-0.03729550488999999,"profit_total_pct":-3.73,"duration_avg":"5:52:00","wins":7,"draws":0,"losses":8,"winrate":0.4666666666666667,"cagr":-0.12601431548267128,"expectancy":-2.4863669926666656,"expectancy_ratio":-0.1942957248320828,"sortino":-154.65248512637478,"sharpe":-0.6158230966946427,"calmar":-9.067131172149237,"sqn":-0.8282,"profit_factor":0.6356955159398446,"max_drawdown_account":0.07629495122594038,"max_drawdown_abs":76.78072263},{"key":"TOTAL","trades":47,"profit_mean":0.00020956737080387997,"profit_mean_pct":0.02,"profit_total_abs":3.819488519999993,"profit_total":0.003819488519999993,"profit_total_pct":0.38,"duration_avg":"5:52:00","wins":28,"draws":0,"losses":19,"winrate":0.5957446808510638,"cagr":0.013600960630815395,"expectancy":0.08126571319149001,"expectancy_ratio":0.006359718000044978,"sortino":19.78300383833268,"sharpe":0.06403205942553239,"calmar":0.8356959533794305,"sqn":0.0498,"profit_factor":1.0157319340001112,"max_drawdown_account":0.08477467184365277,"max_drawdown_abs":85.31443379000001}],"results_per_enter_tag":[{"key":"","trades":47,"profit_mean":0.00020956737080387997,"profit_mean_pct":0.02,"profit_total_abs":3.819488519999993,"profit_total":0.003819488519999993,"profit_total_pct":0.38,"duration_avg":"5:52:00","wins":28,"draws":0,"losses":19,"winrate":0.5957446808510638,"cagr":0.013600960630815395,"expectancy":0.08126571319149001,"expectancy_ratio":0.006359718000044978,"sortino":19.78300383833268,"sharpe":0.06403205942553239,"calmar":0.8356959533794305,"sqn":0.0498,"profit_factor":1.0157319340001112,"max_drawdown_account":0.08477467184365277,"max_drawdown_abs":85.31443379000001},{"key":"TOTAL","trades":47,"profit_mean":0.00020956737080387997,"profit_mean_pct":0.02,"profit_total_abs":3.819488519999993,"profit_total":0.003819488519999993,"profit_total_pct":0.38,"duration_avg":"5:52:00","wins":28,"draws":0,"losses":19,"winrate":0.5957446808510638,"cagr":0.013600960630815395,"expectancy":0.08126571319149001,"expectancy_ratio":0.006359718000044978,"sortino":19.78300383833268,"sharpe":0.06403205942553239,"calmar":0.8356959533794305,"sqn":0.0498,"profit_factor":1.0157319340001112,"max_drawdown_account":0.08477467184365277,"max_drawdown_abs":85.31443379000001}],"exit_reason_summary":[{"key":"trailing_stop_loss","trades":27,"profit_mean":0.020664004502952343,"profit_mean_pct":2.07,"profit_total_abs":222.72227519,"profit_total":0.22272227519,"profit_total_pct":22.27,"duration_avg":"6:04:00","wins":27,"draws":0,"losses":0,"winrate":1.0,"cagr":1.0392134067524892,"expectancy":8.248973155185185,"expectancy_ratio":100.0,"sortino":-100,"sharpe":13.748088999574717,"calmar":-100,"sqn":13.9977,"profit_factor":0.0,"max_drawdown_account":0.0,"max_drawdown_abs":0.0},{"key":"roi","trades":1,"profit_mean":0.05976739540666852,"profit_mean_pct":5.98,"profit_total_abs":23.8829077,"profit_total":0.0238829077,"profit_total_pct":2.39,"duration_avg":"7:00:00","wins":1,"draws":0,"losses":0,"winrate":1.0,"cagr":0.08723607548160817,"expectancy":23.8829077,"expectancy_ratio":100.0,"sortino":-100,"sharpe":-100,"calmar":-100,"sqn":-100.0,"profit_factor":0.0,"max_drawdown_account":0.0,"max_drawdown_abs":0.0},{"key":"stop_loss","trades":19,"profit_mean":-0.031991886871505226,"profit_mean_pct":-3.2,"profit_total_abs":-242.78569436999996,"profit_total":-0.24278569436999997,"profit_total_pct":-24.28,"duration_avg":"5:32:00","wins":0,"draws":0,"losses":19,"winrate":0.0,"cagr":-0.6267593064176702,"expectancy":-12.778194440526313,"expectancy_ratio":-1.0,"sortino":-1257.5061551995325,"sharpe":-1257.5061551995325,"calmar":-18.54851764518718,"sqn":-1513.8525,"profit_factor":0.0,"max_drawdown_account":0.24278569437,"max_drawdown_abs":242.78569436999996},{"key":"TOTAL","trades":47,"profit_mean":0.00020956737080387997,"profit_mean_pct":0.02,"profit_total_abs":3.819488519999993,"profit_total":0.003819488519999993,"profit_total_pct":0.38,"duration_avg":"5:52:00","wins":28,"draws":0,"losses":19,"winrate":0.5957446808510638,"cagr":0.013600960630815395,"expectancy":0.08126571319149001,"expectancy_ratio":0.006359718000044978,"sortino":19.78300383833268,"sharpe":0.06403205942553239,"calmar":0.8356959533794305,"sqn":0.0498,"profit_factor":1.0157319340001112,"max_drawdown_account":0.08477467184365277,"max_drawdown_abs":85.31443379000001}],"mix_tag_stats":[{"key":["","trailing_stop_loss"],"trades":27,"profit_mean":0.020664004502952343,"profit_mean_pct":2.07,"profit_total_abs":222.72227519,"profit_total":0.22272227519,"profit_total_pct":22.27,"duration_avg":"6:04:00","wins":27,"draws":0,"losses":0,"winrate":1.0,"cagr":1.0392134067524892,"expectancy":8.248973155185185,"expectancy_ratio":100.0,"sortino":-100,"sharpe":13.748088999574717,"calmar":-100,"sqn":13.9977,"profit_factor":0.0,"max_drawdown_account":0.0,"max_drawdown_abs":0.0},{"key":["","roi"],"trades":1,"profit_mean":0.05976739540666852,"profit_mean_pct":5.98,"profit_total_abs":23.8829077,"profit_total":0.0238829077,"profit_total_pct":2.39,"duration_avg":"7:00:00","wins":1,"draws":0,"losses":0,"winrate":1.0,"cagr":0.08723607548160817,"expectancy":23.8829077,"expectancy_ratio":100.0,"sortino":-100,"sharpe":-100,"calmar":-100,"sqn":-100.0,"profit_factor":0.0,"max_drawdown_account":0.0,"max_drawdown_abs":0.0},{"key":["","stop_loss"],"trades":19,"profit_mean":-0.031991886871505226,"profit_mean_pct":-3.2,"profit_total_abs":-242.78569436999996,"profit_total":-0.24278569436999997,"profit_total_pct":-24.28,"duration_avg":"5:32:00","wins":0,"draws":0,"losses":19,"winrate":0.0,"cagr":-0.6267593064176702,"expectancy":-12.778194440526313,"expectancy_ratio":-1.0,"sortino":-1257.5061551995325,"sharpe":-1257.5061551995325,"calmar":-18.54851764518718,"sqn":-1513.8525,"profit_factor":0.0,"max_drawdown_account":0.24278569437,"max_drawdown_abs":242.78569436999996},{"key":"TOTAL","trades":47,"profit_mean":0.00020956737080387997,"profit_mean_pct":0.02,"profit_total_abs":3.819488519999993,"profit_total":0.003819488519999993,"profit_total_pct":0.38,"duration_avg":"5:52:00","wins":28,"draws":0,"losses":19,"winrate":0.5957446808510638,"cagr":0.013600960630815395,"expectancy":0.08126571319149001,"expectancy_ratio":0.006359718000044978,"sortino":19.78300383833268,"sharpe":0.06403205942553239,"calmar":0.8356959533794305,"sqn":0.0498,"profit_factor":1.0157319340001112,"max_drawdown_account":0.08477467184365277,"max_drawdown_abs":85.31443379000001}],"left_open_trades":[{"key":"TOTAL","trades":0,"profit_mean":0.0,"profit_mean_pct":0.0,"profit_total_abs":0.0,"profit_total":0.0,"profit_total_pct":0.0,"duration_avg":"0:00","wins":0,"draws":0,"losses":0,"winrate":0.0,"cagr":0.0,"expectancy":0.0,"expectancy_ratio":100.0,"sortino":0,"sharpe":0,"calmar":0,"sqn":0.0,"profit_factor":0.0,"max_drawdown_account":0.0,"max_drawdown_abs":0.0}],"total_trades":47,"trade_count_long":47,"trade_count_short":0,"total_volume":75105.94175560458,"avg_stake_amount":399.07537297872335,"profit_mean":0.00020956737080387997,"profit_median":0.013230913347079284,"profit_total":0.003819488519999993,"profit_total_long":0.003819488519999993,"profit_total_short":0.0,"profit_total_abs":3.819488519999993,"profit_total_long_abs":3.819488519999993,"profit_total_short_abs":0.0,"cagr":0.013600960630815395,"expectancy":0.08126571319149001,"expectancy_ratio":0.006359718000044978,"sortino":19.78300383833268,"sharpe":0.06403205942553239,"calmar":0.8356959533794305,"sqn":0.0498,"profit_factor":1.0157319340001112,"backtest_start":"2025-11-09 08:00:00","backtest_start_ts":1762675200000,"backtest_end":"2026-02-21 00:00:00","backtest_end_ts":1771632000000,"backtest_days":103,"backtest_run_start_ts":1771667164,"backtest_run_end_ts":1771667165,"trades_per_day":0.46,"market_change":-0.4152370334918748,"pairlist":["BTC/USDT:USDT","ETH/USDT:USDT","SOL/USDT:USDT","DOGE/USDT:USDT"],"stake_amount":400,"stake_currency":"USDT","stake_currency_decimals":3,"starting_balance":1000,"dry_run_wallet":1000,"final_balance":1003.8194885199999,"rejected_signals":16,"timedout_entry_orders":0,"timedout_exit_orders":2,"canceled_trade_entries":0,"canceled_entry_orders":0,"replaced_entry_orders":0,"max_open_trades":2,"max_open_trades_setting":2,"timeframe":"1h","timeframe_detail":"","timerange":"20251109-20260221","enable_protections":false,"strategy_name":"SupertrendFuturesStrategyV4","freqaimodel":null,"freqai_identifier":null,"stoploss":-0.03,"trailing_stop":true,"trailing_stop_positive":0.015,"trailing_stop_positive_offset":0.025,"trailing_only_offset_is_reached":true,"use_custom_stoploss":false,"minimal_roi":{"0":0.06},"use_exit_signal":true,"exit_profit_only":false,"exit_profit_offset":0.0,"ignore_roi_if_entry_signal":false,"trading_mode":"futures","margin_mode":"isolated","periodic_breakdown":{"day":[{"date":"10/11/2025","date_ts":1762732800000,"profit_abs":-31.97007805,"wins":1,"draws":0,"losses":3,"trades":4,"profit_factor":0.16607984},{"date":"11/11/2025","date_ts":1762819200000,"profit_abs":11.80118328,"wins":1,"draws":0,"losses":0,"trades":1,"profit_factor":0.0},{"date":"12/11/2025","date_ts":1762905600000,"profit_abs":-12.75586492,"wins":0,"draws":0,"losses":1,"trades":1,"profit_factor":0.0},{"date":"13/11/2025","date_ts":1762992000000,"profit_abs":0.0,"wins":0,"draws":0,"losses":0,"trades":0,"profit_factor":0.0},{"date":"14/11/2025","date_ts":1763078400000,"profit_abs":0.0,"wins":0,"draws":0,"losses":0,"trades":0,"profit_factor":0.0},{"date":"15/11/2025","date_ts":1763164800000,"profit_abs":0.0,"wins":0,"draws":0,"losses":0,"trades":0,"profit_factor":0.0},{"date":"16/11/2025","date_ts":1763251200000,"profit_abs":0.0,"wins":0,"draws":0,"losses":0,"trades":0,"profit_factor":0.0},{"date":"17/11/2025","date_ts":1763337600000,"profit_abs":0.0,"wins":0,"draws":0,"losses":0,"trades":0,"profit_factor":0.0},{"date":"18/11/2025","date_ts":1763424000000,"profit_abs":0.0,"wins":0,"draws":0,"losses":0,"trades":0,"profit_factor":0.0},{"date":"19/11/2025","date_ts":1763510400000,"profit_abs":0.0,"wins":0,"draws":0,"losses":0,"trades":0,"profit_factor":0.0},{"date":"20/11/2025","date_ts":1763596800000,"profit_abs":0.0,"wins":0,"draws":0,"losses":0,"trades":0,"profit_factor":0.0},{"date":"21/11/2025","date_ts":1763683200000,"profit_abs":0.0,"wins":0,"draws":0,"losses":0,"trades":0,"profit_factor":0.0},{"date":"22/11/2025","date_ts":1763769600000,"profit_abs":0.0,"wins":0,"draws":0,"losses":0,"trades":0,"profit_factor":0.0},{"date":"23/11/2025","date_ts":1763856000000,"profit_abs":0.0,"wins":0,"draws":0,"losses":0,"trades":0,"profit_factor":0.0},{"date":"24/11/2025","date_ts":1763942400000,"profit_abs":0.0,"wins":0,"draws":0,"losses":0,"trades":0,"profit_factor":0.0},{"date":"25/11/2025","date_ts":1764028800000,"profit_abs":0.0,"wins":0,"draws":0,"losses":0,"trades":0,"profit_factor":0.0},{"date":"26/11/2025","date_ts":1764115200000,"profit_abs":0.0,"wins":0,"draws":0,"losses":0,"trades":0,"profit_factor":0.0},{"date":"27/11/2025","date_ts":1764201600000,"profit_abs":0.0,"wins":0,"draws":0,"losses":0,"trades":0,"profit_factor":0.0},{"date":"28/11/2025","date_ts":1764288000000,"profit_abs":9.07614287,"wins":1,"draws":0,"losses":0,"trades":1,"profit_factor":0.0},{"date":"29/11/2025","date_ts":1764374400000,"profit_abs":0.0,"wins":0,"draws":0,"losses":0,"trades":0,"profit_factor":0.0},{"date":"30/11/2025","date_ts":1764460800000,"profit_abs":0.0,"wins":0,"draws":0,"losses":0,"trades":0,"profit_factor":0.0},{"date":"01/12/2025","date_ts":1764547200000,"profit_abs":0.0,"wins":0,"draws":0,"losses":0,"trades":0,"profit_factor":0.0},{"date":"02/12/2025","date_ts":1764633600000,"profit_abs":4.1571892,"wins":1,"draws":0,"losses":0,"trades":1,"profit_factor":0.0},{"date":"03/12/2025","date_ts":1764720000000,"profit_abs":8.05293645,"wins":1,"draws":0,"losses":0,"trades":1,"profit_factor":0.0},{"date":"04/12/2025","date_ts":1764806400000,"profit_abs":-18.80353562,"wins":1,"draws":0,"losses":2,"trades":3,"profit_factor":0.26404033},{"date":"05/12/2025","date_ts":1764892800000,"profit_abs":0.0,"wins":0,"draws":0,"losses":0,"trades":0,"profit_factor":0.0},{"date":"06/12/2025","date_ts":1764979200000,"profit_abs":0.0,"wins":0,"draws":0,"losses":0,"trades":0,"profit_factor":0.0},{"date":"07/12/2025","date_ts":1765065600000,"profit_abs":0.0,"wins":0,"draws":0,"losses":0,"trades":0,"profit_factor":0.0},{"date":"08/12/2025","date_ts":1765152000000,"profit_abs":0.0,"wins":0,"draws":0,"losses":0,"trades":0,"profit_factor":0.0},{"date":"09/12/2025","date_ts":1765238400000,"profit_abs":0.0,"wins":0,"draws":0,"losses":0,"trades":0,"profit_factor":0.0},{"date":"10/12/2025","date_ts":1765324800000,"profit_abs":17.90461519,"wins":2,"draws":0,"losses":0,"trades":2,"profit_factor":0.0},{"date":"11/12/2025","date_ts":1765411200000,"profit_abs":-12.7666541,"wins":0,"draws":0,"losses":1,"trades":1,"profit_factor":0.0},{"date":"12/12/2025","date_ts":1765497600000,"profit_abs":-12.79028174,"wins":0,"draws":0,"losses":1,"trades":1,"profit_factor":0.0},{"date":"13/12/2025","date_ts":1765584000000,"profit_abs":0.0,"wins":0,"draws":0,"losses":0,"trades":0,"profit_factor":0.0},{"date":"14/12/2025","date_ts":1765670400000,"profit_abs":0.0,"wins":0,"draws":0,"losses":0,"trades":0,"profit_factor":0.0},{"date":"15/12/2025","date_ts":1765756800000,"profit_abs":0.0,"wins":0,"draws":0,"losses":0,"trades":0,"profit_factor":0.0},{"date":"16/12/2025","date_ts":1765843200000,"profit_abs":0.0,"wins":0,"draws":0,"losses":0,"trades":0,"profit_factor":0.0},{"date":"17/12/2025","date_ts":1765929600000,"profit_abs":0.0,"wins":0,"draws":0,"losses":0,"trades":0,"profit_factor":0.0},{"date":"18/12/2025","date_ts":1766016000000,"profit_abs":0.0,"wins":0,"draws":0,"losses":0,"trades":0,"profit_factor":0.0},{"date":"19/12/2025","date_ts":1766102400000,"profit_abs":0.0,"wins":0,"draws":0,"losses":0,"trades":0,"profit_factor":0.0},{"date":"20/12/2025","date_ts":1766188800000,"profit_abs":0.0,"wins":0,"draws":0,"losses":0,"trades":0,"profit_factor":0.0},{"date":"21/12/2025","date_ts":1766275200000,"profit_abs":0.0,"wins":0,"draws":0,"losses":0,"trades":0,"profit_factor":0.0},{"date":"22/12/2025","date_ts":1766361600000,"profit_abs":0.0,"wins":0,"draws":0,"losses":0,"trades":0,"profit_factor":0.0},{"date":"23/12/2025","date_ts":1766448000000,"profit_abs":0.0,"wins":0,"draws":0,"losses":0,"trades":0,"profit_factor":0.0},{"date":"24/12/2025","date_ts":1766534400000,"profit_abs":0.0,"wins":0,"draws":0,"losses":0,"trades":0,"profit_factor":0.0},{"date":"25/12/2025","date_ts":1766620800000,"profit_abs":0.0,"wins":0,"draws":0,"losses":0,"trades":0,"profit_factor":0.0},{"date":"26/12/2025","date_ts":1766707200000,"profit_abs":0.0,"wins":0,"draws":0,"losses":0,"trades":0,"profit_factor":0.0},{"date":"27/12/2025","date_ts":1766793600000,"profit_abs":0.0,"wins":0,"draws":0,"losses":0,"trades":0,"profit_factor":0.0},{"date":"28/12/2025","date_ts":1766880000000,"profit_abs":0.0,"wins":0,"draws":0,"losses":0,"trades":0,"profit_factor":0.0},{"date":"29/12/2025","date_ts":1766966400000,"profit_abs":-25.58675035,"wins":0,"draws":0,"losses":2,"trades":2,"profit_factor":0.0},{"date":"30/12/2025","date_ts":1767052800000,"profit_abs":0.0,"wins":0,"draws":0,"losses":0,"trades":0,"profit_factor":0.0},{"date":"31/12/2025","date_ts":1767139200000,"profit_abs":-12.86914804,"wins":0,"draws":0,"losses":1,"trades":1,"profit_factor":0.0},{"date":"01/01/2026","date_ts":1767225600000,"profit_abs":0.0,"wins":0,"draws":0,"losses":0,"trades":0,"profit_factor":0.0},{"date":"02/01/2026","date_ts":1767312000000,"profit_abs":14.28112707,"wins":4,"draws":0,"losses":1,"trades":5,"profit_factor":2.1174683},{"date":"03/01/2026","date_ts":1767398400000,"profit_abs":11.27731281,"wins":1,"draws":0,"losses":0,"trades":1,"profit_factor":0.0},{"date":"04/01/2026","date_ts":1767484800000,"profit_abs":37.14891231,"wins":2,"draws":0,"losses":0,"trades":2,"profit_factor":0.0},{"date":"05/01/2026","date_ts":1767571200000,"profit_abs":18.51035036,"wins":3,"draws":0,"losses":1,"trades":4,"profit_factor":2.45201439},{"date":"06/01/2026","date_ts":1767657600000,"profit_abs":-18.93231035,"wins":1,"draws":0,"losses":2,"trades":3,"profit_factor":0.25756992},{"date":"07/01/2026","date_ts":1767744000000,"profit_abs":0.0,"wins":0,"draws":0,"losses":0,"trades":0,"profit_factor":0.0},{"date":"08/01/2026","date_ts":1767830400000,"profit_abs":0.0,"wins":0,"draws":0,"losses":0,"trades":0,"profit_factor":0.0},{"date":"09/01/2026","date_ts":1767916800000,"profit_abs":0.0,"wins":0,"draws":0,"losses":0,"trades":0,"profit_factor":0.0},{"date":"10/01/2026","date_ts":1768003200000,"profit_abs":0.0,"wins":0,"draws":0,"losses":0,"trades":0,"profit_factor":0.0},{"date":"11/01/2026","date_ts":1768089600000,"profit_abs":0.0,"wins":0,"draws":0,"losses":0,"trades":0,"profit_factor":0.0},{"date":"12/01/2026","date_ts":1768176000000,"profit_abs":22.34541765,"wins":4,"draws":0,"losses":1,"trades":5,"profit_factor":2.75565764},{"date":"13/01/2026","date_ts":1768262400000,"profit_abs":0.0,"wins":0,"draws":0,"losses":0,"trades":0,"profit_factor":0.0},{"date":"14/01/2026","date_ts":1768348800000,"profit_abs":34.11307217,"wins":5,"draws":0,"losses":0,"trades":5,"profit_factor":0.0},{"date":"15/01/2026","date_ts":1768435200000,"profit_abs":-38.37414767,"wins":0,"draws":0,"losses":3,"trades":3,"profit_factor":0.0}],"week":[{"date":"10/11/2025","date_ts":1762732800000,"profit_abs":-31.97007805,"wins":1,"draws":0,"losses":3,"trades":4,"profit_factor":0.16607984},{"date":"17/11/2025","date_ts":1763337600000,"profit_abs":-0.95468164,"wins":1,"draws":0,"losses":1,"trades":2,"profit_factor":0.92515744},{"date":"24/11/2025","date_ts":1763942400000,"profit_abs":0.0,"wins":0,"draws":0,"losses":0,"trades":0,"profit_factor":0.0},{"date":"01/12/2025","date_ts":1764547200000,"profit_abs":9.07614287,"wins":1,"draws":0,"losses":0,"trades":1,"profit_factor":0.0},{"date":"08/12/2025","date_ts":1765152000000,"profit_abs":-6.59340997,"wins":3,"draws":0,"losses":2,"trades":5,"profit_factor":0.74193769},{"date":"15/12/2025","date_ts":1765756800000,"profit_abs":-7.65232065,"wins":2,"draws":0,"losses":2,"trades":4,"profit_factor":0.70057754},{"date":"22/12/2025","date_ts":1766361600000,"profit_abs":0.0,"wins":0,"draws":0,"losses":0,"trades":0,"profit_factor":0.0},{"date":"29/12/2025","date_ts":1766966400000,"profit_abs":-25.58675035,"wins":0,"draws":0,"losses":2,"trades":2,"profit_factor":0.0},{"date":"05/01/2026","date_ts":1767571200000,"profit_abs":68.34855451,"wins":10,"draws":0,"losses":3,"trades":13,"profit_factor":2.7800451},{"date":"12/01/2026","date_ts":1768176000000,"profit_abs":3.4131073,"wins":5,"draws":0,"losses":3,"trades":8,"profit_factor":1.08928262},{"date":"19/01/2026","date_ts":1768780800000,"profit_abs":-4.2610755,"wins":5,"draws":0,"losses":3,"trades":8,"profit_factor":0.88895974}],"month":[{"date":"30/11/2025","date_ts":1764460800000,"profit_abs":-23.84861682,"wins":3,"draws":0,"losses":4,"trades":7,"profit_factor":0.53323088},{"date":"31/12/2025","date_ts":1767139200000,"profit_abs":-52.70162901,"wins":5,"draws":0,"losses":7,"trades":12,"profit_factor":0.41156601},{"date":"31/01/2026","date_ts":1769817600000,"profit_abs":80.36973435,"wins":20,"draws":0,"losses":8,"trades":28,"profit_factor":1.78693395}],"year":[{"date":"31/12/2025","date_ts":1767139200000,"profit_abs":-76.55024583,"wins":8,"draws":0,"losses":11,"trades":19,"profit_factor":0.45576065},{"date":"31/12/2026","date_ts":1798675200000,"profit_abs":80.36973435,"wins":20,"draws":0,"losses":8,"trades":28,"profit_factor":1.78693395}],"weekday":[{"date":"Monday","date_ts":0,"profit_abs":-16.70106039,"wins":8,"draws":0,"losses":7,"trades":15,"profit_factor":0.81318632},{"date":"Tuesday","date_ts":1,"profit_abs":-2.97393787,"wins":3,"draws":0,"losses":2,"trades":5,"profit_factor":0.8833771},{"date":"Wednesday","date_ts":2,"profit_abs":34.44561085,"wins":8,"draws":0,"losses":2,"trades":10,"profit_factor":2.34421828},{"date":"Thursday","date_ts":3,"profit_abs":-69.94433739,"wins":1,"draws":0,"losses":6,"trades":7,"profit_factor":0.08796589},{"date":"Friday","date_ts":4,"profit_abs":10.5669882,"wins":5,"draws":0,"losses":2,"trades":7,"profit_factor":1.41325441},{"date":"Saturday","date_ts":5,"profit_abs":11.27731281,"wins":1,"draws":0,"losses":0,"trades":1,"profit_factor":0.0},{"date":"Sunday","date_ts":6,"profit_abs":37.14891231,"wins":2,"draws":0,"losses":0,"trades":2,"profit_factor":0.0}]},"backtest_best_day":0.09304262464651084,"backtest_worst_day":-0.09629264882475932,"backtest_best_day_abs":37.14891231,"backtest_worst_day_abs":-38.37414767,"winning_days":11,"draw_days":47,"losing_days":9,"daily_profit":[["2025-11-10",-31.97007805],["2025-11-11",11.80118328],["2025-11-12",-12.75586492],["2025-11-13",0.0],["2025-11-14",0.0],["2025-11-15",0.0],["2025-11-16",0.0],["2025-11-17",0.0],["2025-11-18",0.0],["2025-11-19",0.0],["2025-11-20",0.0],["2025-11-21",0.0],["2025-11-22",0.0],["2025-11-23",0.0],["2025-11-24",0.0],["2025-11-25",0.0],["2025-11-26",0.0],["2025-11-27",0.0],["2025-11-28",9.07614287],["2025-11-29",0.0],["2025-11-30",0.0],["2025-12-01",0.0],["2025-12-02",4.1571892],["2025-12-03",8.05293645],["2025-12-04",-18.80353562],["2025-12-05",0.0],["2025-12-06",0.0],["2025-12-07",0.0],["2025-12-08",0.0],["2025-12-09",0.0],["2025-12-10",17.90461519],["2025-12-11",-12.7666541],["2025-12-12",-12.79028174],["2025-12-13",0.0],["2025-12-14",0.0],["2025-12-15",0.0],["2025-12-16",0.0],["2025-12-17",0.0],["2025-12-18",0.0],["2025-12-19",0.0],["2025-12-20",0.0],["2025-12-21",0.0],["2025-12-22",0.0],["2025-12-23",0.0],["2025-12-24",0.0],["2025-12-25",0.0],["2025-12-26",0.0],["2025-12-27",0.0],["2025-12-28",0.0],["2025-12-29",-25.58675035],["2025-12-30",0.0],["2025-12-31",-12.86914804],["2026-01-01",0.0],["2026-01-02",14.28112707],["2026-01-03",11.27731281],["2026-01-04",37.14891231],["2026-01-05",18.51035036],["2026-01-06",-18.93231035],["2026-01-07",0.0],["2026-01-08",0.0],["2026-01-09",0.0],["2026-01-10",0.0],["2026-01-11",0.0],["2026-01-12",22.34541765],["2026-01-13",0.0],["2026-01-14",34.11307217],["2026-01-15",-38.37414767]],"wins":28,"losses":19,"draws":0,"winrate":0.5957446808510638,"holding_avg":"5:52:00","holding_avg_s":21120.0,"winner_holding_min":"0d 01:00","winner_holding_min_s":3600.0,"winner_holding_max":"0d 23:00","winner_holding_max_s":82800.0,"winner_holding_avg":"0d 06:06","winner_holding_avg_s":21960.0,"loser_holding_min":"0d 00:00","loser_holding_min_s":0.0,"loser_holding_max":"1d 00:00","loser_holding_max_s":86400.0,"loser_holding_avg":"0d 05:32","loser_holding_avg_s":19920.0,"max_consecutive_wins":7,"max_consecutive_losses":5,"max_drawdown_account":0.08477467184365277,"max_relative_drawdown":0.08477467184365277,"max_drawdown_abs":85.31443379000001,"drawdown_start":"2025-11-10 09:00:00","drawdown_start_ts":1762765200000.0,"drawdown_end":"2026-01-02 14:00:00","drawdown_end_ts":1767362400000.0,"drawdown_duration":"53 days 05:00:00","drawdown_duration_s":4597200.0,"max_drawdown_low":-78.94741479000001,"max_drawdown_high":6.367019,"csum_min":921.05258521,"csum_max":1042.19363619}},"strategy_comparison":[{"key":"SupertrendFuturesStrategyV4","trades":47,"profit_mean":0.00020956737080387997,"profit_mean_pct":0.02,"profit_total_abs":3.819488519999993,"profit_total":0.003819488519999993,"profit_total_pct":0.38,"duration_avg":"5:52:00","wins":28,"draws":0,"losses":19,"winrate":0.5957446808510638,"cagr":0.013600960630815395,"expectancy":0.08126571319149001,"expectancy_ratio":0.006359718000044978,"sortino":19.78300383833268,"sharpe":0.06403205942553239,"calmar":0.8356959533794305,"sqn":0.0498,"profit_factor":1.0157319340001112,"max_drawdown_account":0.08477467184365277,"max_drawdown_abs":"85.314"}]}