{"strategy":{"SupertrendFuturesStrategyV4":{"trades":[{"pair":"SOL/USDT:USDT","stake_amount":329.5142,"max_stake_amount":329.5142,"amount":5.08,"open_date":"2026-01-22 03:00:00+00:00","close_date":"2026-01-23 14:30:00+00:00","open_rate":129.73,"close_rate":126.48674999999999,"fee_open":0.0005,"fee_close":0.0005,"trade_duration":2130,"profit_ratio":-0.05167990468627942,"profit_abs":-17.03777708,"exit_reason":"stop_loss","initial_stop_loss_abs":126.48674999999999,"initial_stop_loss_ratio":-0.05,"stop_loss_abs":126.48674999999999,"stop_loss_ratio":-0.05,"min_rate":125.46,"max_rate":130.89,"is_open":false,"enter_tag":"","leverage":2,"is_short":false,"open_timestamp":1769050800000,"close_timestamp":1769178600000,"orders":[{"amount":5.08,"safe_price":129.73,"ft_order_side":"buy","order_filled_timestamp":1769050800000,"ft_is_entry":true,"ft_order_tag":"","cost":659.3579141999999},{"amount":5.08,"safe_price":126.48674999999999,"ft_order_side":"sell","order_filled_timestamp":1769178600000,"ft_is_entry":false,"ft_order_tag":"stop_loss","cost":642.873966345}],"funding_fees":0.08872346271922651,"weekday":4},{"pair":"ETH/USDT:USDT","stake_amount":324.02212,"max_stake_amount":324.02212,"amount":0.218,"open_date":"2026-01-27 16:15:00+00:00","close_date":"2026-01-28 03:00:00+00:00","open_rate":2972.68,"close_rate":3003.3333000000002,"fee_open":0.0005,"fee_close":0.0005,"trade_duration":645,"profit_ratio":0.018593400917839484,"profit_abs":6.02768552,"exit_reason":"trailing_stop_loss","initial_stop_loss_abs":2898.363,"initial_stop_loss_ratio":-0.05,"stop_loss_abs":3003.3333000000002,"stop_loss_ratio":-0.02,"min_rate":2916.51,"max_rate":3033.67,"is_open":false,"enter_tag":"","leverage":2,"is_short":false,"open_timestamp":1769530500000,"close_timestamp":1769569200000,"orders":[{"amount":0.218,"safe_price":2972.68,"ft_order_side":"buy","order_filled_timestamp":1769530500000,"ft_is_entry":true,"ft_order_tag":"","cost":648.3682621199999},{"amount":0.218,"safe_price":3003.3333000000002,"ft_order_side":"sell","order_filled_timestamp":1769569200000,"ft_is_entry":false,"ft_order_tag":"trailing_stop_loss","cost":655.0540227297}],"funding_fees":-0.003348434338914325,"weekday":2},{"pair":"SOL/USDT:USDT","stake_amount":324.1254,"max_stake_amount":324.1254,"amount":5.16,"open_date":"2026-01-27 16:30:00+00:00","close_date":"2026-01-28 04:15:00+00:00","open_rate":125.63,"close_rate":126.5022,"fee_open":0.0005,"fee_close":0.0005,"trade_duration":705,"profit_ratio":0.011732906688162261,"profit_abs":3.80483454,"exit_reason":"trailing_stop_loss","initial_stop_loss_abs":122.48925,"initial_stop_loss_ratio":-0.05,"stop_loss_abs":126.5022,"stop_loss_ratio":-0.02,"min_rate":123.45,"max_rate":127.78,"is_open":false,"enter_tag":"","leverage":2,"is_short":false,"open_timestamp":1769531400000,"close_timestamp":1769573700000,"orders":[{"amount":5.16,"safe_price":125.63,"ft_order_side":"buy","order_filled_timestamp":1769531400000,"ft_is_entry":true,"ft_order_tag":"","cost":648.5749254},{"amount":5.16,"safe_price":126.5022,"ft_order_side":"sell","order_filled_timestamp":1769573700000,"ft_is_entry":false,"ft_order_tag":"trailing_stop_loss","cost":653.077727676}],"funding_fees":-0.045216385236745656,"weekday":2},{"pair":"DOGE/USDT:USDT","stake_amount":324.142,"max_stake_amount":324.142,"amount":5200.0,"open_date":"2026-01-27 16:30:00+00:00","close_date":"2026-01-28 09:30:00+00:00","open_rate":0.12467,"close_rate":0.12589,"fee_open":0.0005,"fee_close":0.0005,"trade_duration":1020,"profit_ratio":0.01732872977101789,"profit_abs":5.61977761,"exit_reason":"trailing_stop_loss","initial_stop_loss_abs":0.12156,"initial_stop_loss_ratio":-0.05,"stop_loss_abs":0.12589,"stop_loss_ratio":-0.02,"min_rate":0.1217,"max_rate":0.12716,"is_open":false,"enter_tag":"","leverage":2,"is_short":false,"open_timestamp":1769531400000,"close_timestamp":1769592600000,"orders":[{"amount":5200.0,"safe_price":0.12467,"ft_order_side":"buy","order_filled_timestamp":1769531400000,"ft_is_entry":true,"ft_order_tag":"","cost":648.6081419999999},{"amount":5200.0,"safe_price":0.12589,"ft_order_side":"sell","order_filled_timestamp":1769592600000,"ft_is_entry":false,"ft_order_tag":"trailing_stop_loss","cost":654.955314}],"funding_fees":-0.07276638628791571,"weekday":2},{"pair":"SOL/USDT:USDT","stake_amount":327.2381,"max_stake_amount":327.2381,"amount":5.14,"open_date":"2026-01-28 07:00:00+00:00","close_date":"2026-01-29 01:15:00+00:00","open_rate":127.33,"close_rate":124.14675,"fee_open":0.0005,"fee_close":0.0005,"trade_duration":1095,"profit_ratio":-0.05207274008661012,"profit_abs":-17.04870462,"exit_reason":"stop_loss","initial_stop_loss_abs":124.14675,"initial_stop_loss_ratio":-0.05,"stop_loss_abs":124.14675,"stop_loss_ratio":-0.05,"min_rate":124.03,"max_rate":128.27,"is_open":false,"enter_tag":"","leverage":2,"is_short":false,"open_timestamp":1769583600000,"close_timestamp":1769649300000,"orders":[{"amount":5.14,"safe_price":127.33,"ft_order_side":"buy","order_filled_timestamp":1769583600000,"ft_is_entry":true,"ft_order_tag":"","cost":654.8034380999999},{"amount":5.14,"safe_price":124.14675,"ft_order_side":"sell","order_filled_timestamp":1769649300000,"ft_is_entry":false,"ft_order_tag":"stop_loss","cost":638.4333521474999}],"funding_fees":-0.04050436842007173,"weekday":3},{"pair":"DOGE/USDT:USDT","stake_amount":329.4283,"max_stake_amount":329.4283,"amount":5210.0,"open_date":"2026-01-28 10:30:00+00:00","close_date":"2026-01-29 01:15:00+00:00","open_rate":0.12646,"close_rate":0.1233,"fee_open":0.0005,"fee_close":0.0005,"trade_duration":885,"profit_ratio":-0.052319704452692205,"profit_abs":-17.24420909,"exit_reason":"stop_loss","initial_stop_loss_abs":0.1233,"initial_stop_loss_ratio":-0.05,"stop_loss_abs":0.1233,"stop_loss_ratio":-0.05,"min_rate":0.12325,"max_rate":0.12722,"is_open":false,"enter_tag":"","leverage":2,"is_short":false,"open_timestamp":1769596200000,"close_timestamp":1769649300000,"orders":[{"amount":5210.0,"safe_price":0.12646,"ft_order_side":"buy","order_filled_timestamp":1769596200000,"ft_is_entry":true,"ft_order_tag":"","cost":659.1860283},{"amount":5210.0,"safe_price":0.1233,"ft_order_side":"sell","order_filled_timestamp":1769649300000,"ft_is_entry":false,"ft_order_tag":"stop_loss","cost":642.7141965}],"funding_fees":-0.12998429,"weekday":3},{"pair":"ETH/USDT:USDT","stake_amount":325.794035,"max_stake_amount":325.794035,"amount":0.217,"open_date":"2026-01-28 03:15:00+00:00","close_date":"2026-01-29 11:00:00+00:00","open_rate":3002.71,"close_rate":2927.64225,"fee_open":0.0005,"fee_close":0.0005,"trade_duration":1905,"profit_ratio":-0.052271550399441265,"profit_abs":-17.0382742,"exit_reason":"stop_loss","initial_stop_loss_abs":2927.64225,"initial_stop_loss_ratio":-0.05,"stop_loss_abs":2927.64225,"stop_loss_ratio":-0.05,"min_rate":2917.79,"max_rate":3045.47,"is_open":false,"enter_tag":"","leverage":2,"is_short":false,"open_timestamp":1769570100000,"close_timestamp":1769684400000,"orders":[{"amount":0.217,"safe_price":3002.71,"ft_order_side":"buy","order_filled_timestamp":1769570100000,"ft_is_entry":true,"ft_order_tag":"","cost":651.913864035},{"amount":0.217,"safe_price":2927.64225,"ft_order_side":"sell","order_filled_timestamp":1769684400000,"ft_is_entry":false,"ft_order_tag":"stop_loss","cost":635.616017434125}],"funding_fees":-0.10512923067623868,"weekday":3},{"pair":"DOGE/USDT:USDT","stake_amount":312.2305,"max_stake_amount":312.2305,"amount":6740.0,"open_date":"2026-02-12 06:45:00+00:00","close_date":"2026-02-12 12:45:00+00:00","open_rate":0.09265,"close_rate":0.09327,"fee_open":0.0005,"fee_close":0.0005,"trade_duration":360,"profit_ratio":0.011303569927841204,"profit_abs":3.53108395,"exit_reason":"trailing_stop_loss","initial_stop_loss_abs":0.09034,"initial_stop_loss_ratio":-0.05,"stop_loss_abs":0.09327,"stop_loss_ratio":-0.02,"min_rate":0.09235,"max_rate":0.09421,"is_open":false,"enter_tag":"","leverage":2,"is_short":false,"open_timestamp":1770878700000,"close_timestamp":1770900300000,"orders":[{"amount":6740.0,"safe_price":0.09265,"ft_order_side":"buy","order_filled_timestamp":1770878700000,"ft_is_entry":true,"ft_order_tag":"","cost":624.7732305},{"amount":6740.0,"safe_price":0.09327,"ft_order_side":"sell","order_filled_timestamp":1770900300000,"ft_is_entry":false,"ft_order_tag":"trailing_stop_loss","cost":628.9541199}],"funding_fees":-0.02116565250511841,"weekday":3},{"pair":"ETH/USDT:USDT","stake_amount":312.0532,"max_stake_amount":312.0532,"amount":0.314,"open_date":"2026-02-12 11:15:00+00:00","close_date":"2026-02-12 16:00:00+00:00","open_rate":1987.6,"close_rate":1937.9099999999999,"fee_open":0.0005,"fee_close":0.0005,"trade_duration":285,"profit_ratio":-0.051970455411262335,"profit_abs":-16.22565569,"exit_reason":"stop_loss","initial_stop_loss_abs":1937.9099999999999,"initial_stop_loss_ratio":-0.05,"stop_loss_abs":1937.9099999999999,"stop_loss_ratio":-0.05,"min_rate":1916.81,"max_rate":2001.28,"is_open":false,"enter_tag":"","leverage":2,"is_short":false,"open_timestamp":1770894900000,"close_timestamp":1770912000000,"orders":[{"amount":0.314,"safe_price":1987.6,"ft_order_side":"buy","order_filled_timestamp":1770894900000,"ft_is_entry":true,"ft_order_tag":"","cost":624.4184531999999},{"amount":0.314,"safe_price":1937.9099999999999,"ft_order_side":"sell","order_filled_timestamp":1770912000000,"ft_is_entry":false,"ft_order_tag":"stop_loss","cost":608.8079918699999}],"funding_fees":-0.006690615933342297,"weekday":3},{"pair":"BTC/USDT:USDT","stake_amount":309.67209,"max_stake_amount":309.67209,"amount":0.0091,"open_date":"2026-02-12 11:45:00+00:00","close_date":"2026-02-12 16:15:00+00:00","open_rate":68059.8,"close_rate":66358.30500000001,"fee_open":0.0005,"fee_close":0.0005,"trade_duration":270,"profit_ratio":-0.052032821277962535,"profit_abs":-16.12116907,"exit_reason":"stop_loss","initial_stop_loss_abs":66358.30500000001,"initial_stop_loss_ratio":-0.05,"stop_loss_abs":66358.30500000001,"stop_loss_ratio":-0.05,"min_rate":65953.7,"max_rate":68390.0,"is_open":false,"enter_tag":"","leverage":2,"is_short":false,"open_timestamp":1770896700000,"close_timestamp":1770912900000,"orders":[{"amount":0.0091,"safe_price":68059.8,"ft_order_side":"buy","order_filled_timestamp":1770896700000,"ft_is_entry":true,"ft_order_tag":"","cost":619.65385209},{"amount":0.0091,"safe_price":66358.30500000001,"ft_order_side":"sell","order_filled_timestamp":1770912900000,"ft_is_entry":false,"ft_order_tag":"stop_loss","cost":604.1625057877501}],"funding_fees":-0.02596218983994654,"weekday":3},{"pair":"DOGE/USDT:USDT","stake_amount":313.3255,"max_stake_amount":313.3255,"amount":6700.0,"open_date":"2026-02-12 13:00:00+00:00","close_date":"2026-02-12 16:30:00+00:00","open_rate":0.09353,"close_rate":0.0912,"fee_open":0.0005,"fee_close":0.0005,"trade_duration":210,"profit_ratio":-0.05178821039635054,"profit_abs":-16.2346802,"exit_reason":"stop_loss","initial_stop_loss_abs":0.0912,"initial_stop_loss_ratio":-0.05,"stop_loss_abs":0.0912,"stop_loss_ratio":-0.05,"min_rate":0.09106,"max_rate":0.09449,"is_open":false,"enter_tag":"","leverage":2,"is_short":false,"open_timestamp":1770901200000,"close_timestamp":1770913800000,"orders":[{"amount":6700.0,"safe_price":0.09353,"ft_order_side":"buy","order_filled_timestamp":1770901200000,"ft_is_entry":true,"ft_order_tag":"","cost":626.9643255000001},{"amount":6700.0,"safe_price":0.0912,"ft_order_side":"sell","order_filled_timestamp":1770913800000,"ft_is_entry":false,"ft_order_tag":"stop_loss","cost":611.3455200000001}],"funding_fees":-0.004834696104196258,"weekday":3},{"pair":"DOGE/USDT:USDT","stake_amount":297.45605,"max_stake_amount":297.45605,"amount":6410.0,"open_date":"2026-02-12 23:15:00+00:00","close_date":"2026-02-13 14:00:00+00:00","open_rate":0.09281,"close_rate":0.09338,"fee_open":0.0005,"fee_close":0.0005,"trade_duration":885,"profit_ratio":0.010222269817672226,"profit_abs":3.04219634,"exit_reason":"trailing_stop_loss","initial_stop_loss_abs":0.09049,"initial_stop_loss_ratio":-0.05,"stop_loss_abs":0.09338,"stop_loss_ratio":-0.02,"min_rate":0.09173,"max_rate":0.09432,"is_open":false,"enter_tag":"","leverage":2,"is_short":false,"open_timestamp":1770938100000,"close_timestamp":1770991200000,"orders":[{"amount":6410.0,"safe_price":0.09281,"ft_order_side":"buy","order_filled_timestamp":1770938100000,"ft_is_entry":true,"ft_order_tag":"","cost":595.20955605},{"amount":6410.0,"safe_price":0.09338,"ft_order_side":"sell","order_filled_timestamp":1770991200000,"ft_is_entry":false,"ft_order_tag":"trailing_stop_loss","cost":598.8650829000001}],"funding_fees":-0.014764712778236922,"weekday":4},{"pair":"BTC/USDT:USDT","stake_amount":294.8,"max_stake_amount":294.8,"amount":0.0088,"open_date":"2026-02-13 10:45:00+00:00","close_date":"2026-02-13 15:00:00+00:00","open_rate":67000.0,"close_rate":67888.458,"fee_open":0.0005,"fee_close":0.0005,"trade_duration":255,"profit_ratio":0.02449562593194583,"profit_abs":7.22492118,"exit_reason":"trailing_stop_loss","initial_stop_loss_abs":65325.0,"initial_stop_loss_ratio":-0.05,"stop_loss_abs":67888.458,"stop_loss_ratio":-0.02,"min_rate":66752.1,"max_rate":68574.2,"is_open":false,"enter_tag":"","leverage":2,"is_short":false,"open_timestamp":1770979500000,"close_timestamp":1770994800000,"orders":[{"amount":0.0088,"safe_price":67000.0,"ft_order_side":"buy","order_filled_timestamp":1770979500000,"ft_is_entry":true,"ft_order_tag":"","cost":589.8948},{"amount":0.0088,"safe_price":67888.458,"ft_order_side":"sell","order_filled_timestamp":1770994800000,"ft_is_entry":false,"ft_order_tag":"trailing_stop_loss","cost":597.7171396152}],"funding_fees":0.0,"weekday":4},{"pair":"DOGE/USDT:USDT","stake_amount":298.59375,"max_stake_amount":298.59375,"amount":6370.0,"open_date":"2026-02-13 14:45:00+00:00","close_date":"2026-02-13 15:00:00+00:00","open_rate":0.09375,"close_rate":0.09454,"fee_open":0.0005,"fee_close":0.0005,"trade_duration":15,"profit_ratio":0.014837487922705313,"profit_abs":4.43259635,"exit_reason":"trailing_stop_loss","initial_stop_loss_abs":0.09141,"initial_stop_loss_ratio":-0.05,"stop_loss_abs":0.09454,"stop_loss_ratio":-0.02,"min_rate":0.09372,"max_rate":0.09549,"is_open":false,"enter_tag":"","leverage":2,"is_short":false,"open_timestamp":1770993900000,"close_timestamp":1770994800000,"orders":[{"amount":6370.0,"safe_price":0.09375,"ft_order_side":"buy","order_filled_timestamp":1770993900000,"ft_is_entry":true,"ft_order_tag":"","cost":597.48609375},{"amount":6370.0,"safe_price":0.09454,"ft_order_side":"sell","order_filled_timestamp":1770994800000,"ft_is_entry":false,"ft_order_tag":"trailing_stop_loss","cost":602.5209098999999}],"funding_fees":0.0,"weekday":4},{"pair":"DOGE/USDT:USDT","stake_amount":302.5113,"max_stake_amount":302.5113,"amount":6370.0,"open_date":"2026-02-13 15:15:00+00:00","close_date":"2026-02-13 15:30:00+00:00","open_rate":0.09498,"close_rate":0.0957,"fee_open":0.0005,"fee_close":0.0005,"trade_duration":15,"profit_ratio":0.013146932534995926,"profit_abs":3.9790842,"exit_reason":"trailing_stop_loss","initial_stop_loss_abs":0.09261,"initial_stop_loss_ratio":-0.05,"stop_loss_abs":0.0957,"stop_loss_ratio":-0.02,"min_rate":0.09461,"max_rate":0.09666,"is_open":false,"enter_tag":"","leverage":2,"is_short":false,"open_timestamp":1770995700000,"close_timestamp":1770996600000,"orders":[{"amount":6370.0,"safe_price":0.09498,"ft_order_side":"buy","order_filled_timestamp":1770995700000,"ft_is_entry":true,"ft_order_tag":"","cost":605.3251113},{"amount":6370.0,"safe_price":0.0957,"ft_order_side":"sell","order_filled_timestamp":1770996600000,"ft_is_entry":false,"ft_order_tag":"trailing_stop_loss","cost":609.9138044999999}],"funding_fees":0.0,"weekday":4},{"pair":"DOGE/USDT:USDT","stake_amount":303.6582,"max_stake_amount":303.6582,"amount":6360.0,"open_date":"2026-02-13 15:45:00+00:00","close_date":"2026-02-13 23:00:00+00:00","open_rate":0.09549,"close_rate":0.09671,"fee_open":0.0005,"fee_close":0.0005,"trade_duration":435,"profit_ratio":0.023475255017511205,"profit_abs":7.13201791,"exit_reason":"trailing_stop_loss","initial_stop_loss_abs":0.09311,"initial_stop_loss_ratio":-0.05,"stop_loss_abs":0.09671,"stop_loss_ratio":-0.02,"min_rate":0.0949,"max_rate":0.09768,"is_open":false,"enter_tag":"","leverage":2,"is_short":false,"open_timestamp":1770997500000,"close_timestamp":1771023600000,"orders":[{"amount":6360.0,"safe_price":0.09549,"ft_order_side":"buy","order_filled_timestamp":1770997500000,"ft_is_entry":true,"ft_order_tag":"","cost":607.6200582},{"amount":6360.0,"safe_price":0.09671,"ft_order_side":"sell","order_filled_timestamp":1771023600000,"ft_is_entry":false,"ft_order_tag":"trailing_stop_loss","cost":615.3831378}],"funding_fees":-0.015986089833746595,"weekday":4},{"pair":"ETH/USDT:USDT","stake_amount":303.65577,"max_stake_amount":303.65577,"amount":0.297,"open_date":"2026-02-13 22:15:00+00:00","close_date":"2026-02-14 08:00:00+00:00","open_rate":2044.82,"close_rate":2070.9117,"fee_open":0.0005,"fee_close":0.0005,"trade_duration":585,"profit_ratio":0.023325962086973497,"profit_abs":7.08660451,"exit_reason":"trailing_stop_loss","initial_stop_loss_abs":1993.6995,"initial_stop_loss_ratio":-0.05,"stop_loss_abs":2070.9117,"stop_loss_ratio":-0.02,"min_rate":2041.05,"max_rate":2091.83,"is_open":false,"enter_tag":"","leverage":2,"is_short":false,"open_timestamp":1771020900000,"close_timestamp":1771056000000,"orders":[{"amount":0.297,"safe_price":2044.82,"ft_order_side":"buy","order_filled_timestamp":1771020900000,"ft_is_entry":true,"ft_order_tag":"","cost":607.6151957699999},{"amount":0.297,"safe_price":2070.9117,"ft_order_side":"sell","order_filled_timestamp":1771056000000,"ft_is_entry":false,"ft_order_tag":"trailing_stop_loss","cost":615.36830528745}],"funding_fees":-0.05144423418470308,"weekday":5},{"pair":"DOGE/USDT:USDT","stake_amount":306.02385,"max_stake_amount":306.02385,"amount":6330.0,"open_date":"2026-02-13 23:30:00+00:00","close_date":"2026-02-14 11:00:00+00:00","open_rate":0.09669,"close_rate":0.09806,"fee_open":0.0005,"fee_close":0.0005,"trade_duration":690,"profit_ratio":0.02598964271816602,"profit_abs":7.95742725,"exit_reason":"trailing_stop_loss","initial_stop_loss_abs":0.09428,"initial_stop_loss_ratio":-0.05,"stop_loss_abs":0.09806,"stop_loss_ratio":-0.02,"min_rate":0.09624,"max_rate":0.09905,"is_open":false,"enter_tag":"","leverage":2,"is_short":false,"open_timestamp":1771025400000,"close_timestamp":1771066800000,"orders":[{"amount":6330.0,"safe_price":0.09669,"ft_order_side":"buy","order_filled_timestamp":1771025400000,"ft_is_entry":true,"ft_order_tag":"","cost":612.3537238499999},{"amount":6330.0,"safe_price":0.09806,"ft_order_side":"sell","order_filled_timestamp":1771066800000,"ft_is_entry":false,"ft_order_tag":"trailing_stop_loss","cost":621.0301599}],"funding_fees":-0.09828899645071477,"weekday":5},{"pair":"ETH/USDT:USDT","stake_amount":307.98449,"max_stake_amount":307.98449,"amount":0.298,"open_date":"2026-02-14 08:30:00+00:00","close_date":"2026-02-14 12:30:00+00:00","open_rate":2067.01,"close_rate":2086.4745000000003,"fee_open":0.0005,"fee_close":0.0005,"trade_duration":240,"profit_ratio":0.016815659544529606,"profit_abs":5.18155181,"exit_reason":"trailing_stop_loss","initial_stop_loss_abs":2015.3347500000002,"initial_stop_loss_ratio":-0.05,"stop_loss_abs":2086.4745000000003,"stop_loss_ratio":-0.02,"min_rate":2067.01,"max_rate":2107.55,"is_open":false,"enter_tag":"","leverage":2,"is_short":false,"open_timestamp":1771057800000,"close_timestamp":1771072200000,"orders":[{"amount":0.298,"safe_price":2067.01,"ft_order_side":"buy","order_filled_timestamp":1771057800000,"ft_is_entry":true,"ft_order_tag":"","cost":616.27696449},{"amount":0.298,"safe_price":2086.4745000000003,"ft_order_side":"sell","order_filled_timestamp":1771072200000,"ft_is_entry":false,"ft_order_tag":"trailing_stop_loss","cost":622.0802857005}],"funding_fees":0.0,"weekday":5},{"pair":"BTC/USDT:USDT","stake_amount":303.82484,"max_stake_amount":303.82484,"amount":0.0088,"open_date":"2026-02-14 01:00:00+00:00","close_date":"2026-02-14 12:45:00+00:00","open_rate":69051.1,"close_rate":69858.162,"fee_open":0.0005,"fee_close":0.0005,"trade_duration":705,"profit_ratio":0.021366745148411765,"profit_abs":6.4949938,"exit_reason":"trailing_stop_loss","initial_stop_loss_abs":67324.82250000001,"initial_stop_loss_ratio":-0.05,"stop_loss_abs":69858.162,"stop_loss_ratio":-0.02,"min_rate":68690.1,"max_rate":70563.8,"is_open":false,"enter_tag":"","leverage":2,"is_short":false,"open_timestamp":1771030800000,"close_timestamp":1771073100000,"orders":[{"amount":0.0088,"safe_price":69051.1,"ft_order_side":"buy","order_filled_timestamp":1771030800000,"ft_is_entry":true,"ft_order_tag":"","cost":607.95350484},{"amount":0.0088,"safe_price":69858.162,"ft_order_side":"sell","order_filled_timestamp":1771073100000,"ft_is_entry":false,"ft_order_tag":"trailing_stop_loss","cost":615.0592015128}],"funding_fees":0.004048953970063395,"weekday":5},{"pair":"DOGE/USDT:USDT","stake_amount":314.9572,"max_stake_amount":314.9572,"amount":6320.0,"open_date":"2026-02-14 13:45:00+00:00","close_date":"2026-02-14 14:45:00+00:00","open_rate":0.09967,"close_rate":0.1027613156578289,"fee_open":0.0005,"fee_close":0.0005,"trade_duration":60,"profit_ratio":0.05997001499250375,"profit_abs":18.897432,"exit_reason":"roi","initial_stop_loss_abs":0.09718,"initial_stop_loss_ratio":-0.05,"stop_loss_abs":0.10241,"stop_loss_ratio":-0.02,"min_rate":0.09963,"max_rate":0.10344,"is_open":false,"enter_tag":"","leverage":2,"is_short":false,"open_timestamp":1771076700000,"close_timestamp":1771080300000,"orders":[{"amount":6320.0,"safe_price":0.09967,"ft_order_side":"buy","order_filled_timestamp":1771076700000,"ft_is_entry":true,"ft_order_tag":"","cost":630.2293572},{"amount":6320.0,"safe_price":0.1027613156578289,"ft_order_side":"sell","order_filled_timestamp":1771080300000,"ft_is_entry":false,"ft_order_tag":"roi","cost":649.7762407149573}],"funding_fees":0.0,"weekday":5},{"pair":"DOGE/USDT:USDT","stake_amount":320.845,"max_stake_amount":320.845,"amount":6230.0,"open_date":"2026-02-14 16:30:00+00:00","close_date":"2026-02-14 16:45:00+00:00","open_rate":0.103,"close_rate":0.10439,"fee_open":0.0005,"fee_close":0.0005,"trade_duration":15,"profit_ratio":0.024964313959525093,"profit_abs":8.01368015,"exit_reason":"trailing_stop_loss","initial_stop_loss_abs":0.10043,"initial_stop_loss_ratio":-0.05,"stop_loss_abs":0.10439,"stop_loss_ratio":-0.02,"min_rate":0.10241,"max_rate":0.10544,"is_open":false,"enter_tag":"","leverage":2,"is_short":false,"open_timestamp":1771086600000,"close_timestamp":1771087500000,"orders":[{"amount":6230.0,"safe_price":0.103,"ft_order_side":"buy","order_filled_timestamp":1771086600000,"ft_is_entry":true,"ft_order_tag":"","cost":642.0108449999999},{"amount":6230.0,"safe_price":0.10439,"ft_order_side":"sell","order_filled_timestamp":1771087500000,"ft_is_entry":false,"ft_order_tag":"trailing_stop_loss","cost":650.6748748499999}],"funding_fees":0.0,"weekday":5},{"pair":"DOGE/USDT:USDT","stake_amount":323.6805,"max_stake_amount":323.6805,"amount":5850.0,"open_date":"2026-02-14 23:30:00+00:00","close_date":"2026-02-15 01:00:00+00:00","open_rate":0.11066,"close_rate":0.11212,"fee_open":0.0005,"fee_close":0.0005,"trade_duration":90,"profit_ratio":0.024161333394390822,"profit_abs":7.82446275,"exit_reason":"trailing_stop_loss","initial_stop_loss_abs":0.1079,"initial_stop_loss_ratio":-0.05,"stop_loss_abs":0.11212,"stop_loss_ratio":-0.02,"min_rate":0.11042,"max_rate":0.11325,"is_open":false,"enter_tag":"","leverage":2,"is_short":false,"open_timestamp":1771111800000,"close_timestamp":1771117200000,"orders":[{"amount":5850.0,"safe_price":0.11066,"ft_order_side":"buy","order_filled_timestamp":1771111800000,"ft_is_entry":true,"ft_order_tag":"","cost":647.6846804999999},{"amount":5850.0,"safe_price":0.11212,"ft_order_side":"sell","order_filled_timestamp":1771117200000,"ft_is_entry":false,"ft_order_tag":"trailing_stop_loss","cost":656.2299509999999}],"funding_fees":-0.06490575,"weekday":6},{"pair":"DOGE/USDT:USDT","stake_amount":326.0719,"max_stake_amount":326.0719,"amount":5830.0,"open_date":"2026-02-15 01:30:00+00:00","close_date":"2026-02-15 01:45:00+00:00","open_rate":0.11186,"close_rate":0.11254,"fee_open":0.0005,"fee_close":0.0005,"trade_duration":15,"profit_ratio":0.01014690223277419,"profit_abs":3.310274,"exit_reason":"trailing_stop_loss","initial_stop_loss_abs":0.10907,"initial_stop_loss_ratio":-0.05,"stop_loss_abs":0.11254,"stop_loss_ratio":-0.02,"min_rate":0.11166,"max_rate":0.11367,"is_open":false,"enter_tag":"","leverage":2,"is_short":false,"open_timestamp":1771119000000,"close_timestamp":1771119900000,"orders":[{"amount":5830.0,"safe_price":0.11186,"ft_order_side":"buy","order_filled_timestamp":1771119000000,"ft_is_entry":true,"ft_order_tag":"","cost":652.4698719},{"amount":5830.0,"safe_price":0.11254,"ft_order_side":"sell","order_filled_timestamp":1771119900000,"ft_is_entry":false,"ft_order_tag":"trailing_stop_loss","cost":656.4362540999999}],"funding_fees":0.0,"weekday":6},{"pair":"DOGE/USDT:USDT","stake_amount":327.0192,"max_stake_amount":327.0192,"amount":5790.0,"open_date":"2026-02-15 02:15:00+00:00","close_date":"2026-02-15 03:00:00+00:00","open_rate":0.11296,"close_rate":0.11431,"fee_open":0.0005,"fee_close":0.0005,"trade_duration":45,"profit_ratio":0.02187937546807333,"profit_abs":7.15855335,"exit_reason":"trailing_stop_loss","initial_stop_loss_abs":0.11014,"initial_stop_loss_ratio":-0.05,"stop_loss_abs":0.11431,"stop_loss_ratio":-0.02,"min_rate":0.11186,"max_rate":0.11546,"is_open":false,"enter_tag":"","leverage":2,"is_short":false,"open_timestamp":1771121700000,"close_timestamp":1771124400000,"orders":[{"amount":5790.0,"safe_price":0.11296,"ft_order_side":"buy","order_filled_timestamp":1771121700000,"ft_is_entry":true,"ft_order_tag":"","cost":654.3654192},{"amount":5790.0,"safe_price":0.11431,"ft_order_side":"sell","order_filled_timestamp":1771124400000,"ft_is_entry":false,"ft_order_tag":"trailing_stop_loss","cost":662.1858274499999}],"funding_fees":0.0,"weekday":6},{"pair":"DOGE/USDT:USDT","stake_amount":329.9142,"max_stake_amount":329.9142,"amount":5790.0,"open_date":"2026-02-15 03:15:00+00:00","close_date":"2026-02-15 04:00:00+00:00","open_rate":0.11396,"close_rate":0.11749452726363181,"fee_open":0.0005,"fee_close":0.0005,"trade_duration":45,"profit_ratio":0.05997001499250375,"profit_abs":19.794852,"exit_reason":"roi","initial_stop_loss_abs":0.11112,"initial_stop_loss_ratio":-0.05,"stop_loss_abs":0.11637,"stop_loss_ratio":-0.02,"min_rate":0.11262,"max_rate":0.11754,"is_open":false,"enter_tag":"","leverage":2,"is_short":false,"open_timestamp":1771125300000,"close_timestamp":1771128000000,"orders":[{"amount":5790.0,"safe_price":0.11396,"ft_order_side":"buy","order_filled_timestamp":1771125300000,"ft_is_entry":true,"ft_order_tag":"","cost":660.1583142},{"amount":5790.0,"safe_price":0.11749452726363181,"ft_order_side":"sell","order_filled_timestamp":1771128000000,"ft_is_entry":false,"ft_order_tag":"roi","cost":680.6334595128563}],"funding_fees":0.0,"weekday":6},{"pair":"DOGE/USDT:USDT","stake_amount":336.4536,"max_stake_amount":336.4536,"amount":5880.0,"open_date":"2026-02-15 04:30:00+00:00","close_date":"2026-02-15 05:30:00+00:00","open_rate":0.11444,"close_rate":0.11564,"fee_open":0.0005,"fee_close":0.0005,"trade_duration":60,"profit_ratio":0.018951726513534564,"profit_abs":6.3795648,"exit_reason":"trailing_stop_loss","initial_stop_loss_abs":0.11158,"initial_stop_loss_ratio":-0.05,"stop_loss_abs":0.11564,"stop_loss_ratio":-0.02,"min_rate":0.11429,"max_rate":0.1168,"is_open":false,"enter_tag":"","leverage":2,"is_short":false,"open_timestamp":1771129800000,"close_timestamp":1771133400000,"orders":[{"amount":5880.0,"safe_price":0.11444,"ft_order_side":"buy","order_filled_timestamp":1771129800000,"ft_is_entry":true,"ft_order_tag":"","cost":673.2436535999999},{"amount":5880.0,"safe_price":0.11564,"ft_order_side":"sell","order_filled_timestamp":1771133400000,"ft_is_entry":false,"ft_order_tag":"trailing_stop_loss","cost":680.3031816}],"funding_fees":0.0,"weekday":6},{"pair":"DOGE/USDT:USDT","stake_amount":338.424,"max_stake_amount":338.424,"amount":5900.0,"open_date":"2026-02-15 06:15:00+00:00","close_date":"2026-02-15 07:30:00+00:00","open_rate":0.11472,"close_rate":0.11547,"fee_open":0.0005,"fee_close":0.0005,"trade_duration":75,"profit_ratio":0.011063244528363433,"profit_abs":3.7459395,"exit_reason":"trailing_stop_loss","initial_stop_loss_abs":0.11186,"initial_stop_loss_ratio":-0.05,"stop_loss_abs":0.11547,"stop_loss_ratio":-0.02,"min_rate":0.11408,"max_rate":0.11663,"is_open":false,"enter_tag":"","leverage":2,"is_short":false,"open_timestamp":1771136100000,"close_timestamp":1771140600000,"orders":[{"amount":5900.0,"safe_price":0.11472,"ft_order_side":"buy","order_filled_timestamp":1771136100000,"ft_is_entry":true,"ft_order_tag":"","cost":677.186424},{"amount":5900.0,"safe_price":0.11547,"ft_order_side":"sell","order_filled_timestamp":1771140600000,"ft_is_entry":false,"ft_order_tag":"trailing_stop_loss","cost":681.6136365}],"funding_fees":0.0,"weekday":6},{"pair":"BTC/USDT:USDT","stake_amount":313.26345,"max_stake_amount":313.26345,"amount":0.009,"open_date":"2026-02-14 13:00:00+00:00","close_date":"2026-02-15 08:30:00+00:00","open_rate":69614.1,"close_rate":70219.71,"fee_open":0.0005,"fee_close":0.0005,"trade_duration":1170,"profit_ratio":0.015112906658470116,"profit_abs":4.73668844,"exit_reason":"trailing_stop_loss","initial_stop_loss_abs":67873.7475,"initial_stop_loss_ratio":-0.05,"stop_loss_abs":70219.71,"stop_loss_ratio":-0.02,"min_rate":69194.0,"max_rate":70929.0,"is_open":false,"enter_tag":"","leverage":2,"is_short":false,"open_timestamp":1771074000000,"close_timestamp":1771144200000,"orders":[{"amount":0.009,"safe_price":69614.1,"ft_order_side":"buy","order_filled_timestamp":1771074000000,"ft_is_entry":true,"ft_order_tag":"","cost":626.84016345},{"amount":0.009,"safe_price":70219.71,"ft_order_side":"sell","order_filled_timestamp":1771144200000,"ft_is_entry":false,"ft_order_tag":"trailing_stop_loss","cost":632.293378695}],"funding_fees":-0.08454941701375163,"weekday":6},{"pair":"DOGE/USDT:USDT","stake_amount":341.0706,"max_stake_amount":341.0706,"amount":5990.0,"open_date":"2026-02-15 08:45:00+00:00","close_date":"2026-02-15 12:30:00+00:00","open_rate":0.11388,"close_rate":0.11104,"fee_open":0.0005,"fee_close":0.0005,"trade_duration":225,"profit_ratio":-0.0518262119379369,"profit_abs":-17.6852354,"exit_reason":"stop_loss","initial_stop_loss_abs":0.11104,"initial_stop_loss_ratio":-0.05,"stop_loss_abs":0.11104,"stop_loss_ratio":-0.05,"min_rate":0.11101,"max_rate":0.11528,"is_open":false,"enter_tag":"","leverage":2,"is_short":false,"open_timestamp":1771145100000,"close_timestamp":1771158600000,"orders":[{"amount":5990.0,"safe_price":0.11388,"ft_order_side":"buy","order_filled_timestamp":1771145100000,"ft_is_entry":true,"ft_order_tag":"","cost":682.4822706},{"amount":5990.0,"safe_price":0.11104,"ft_order_side":"sell","order_filled_timestamp":1771158600000,"ft_is_entry":false,"ft_order_tag":"stop_loss","cost":665.4621648}],"funding_fees":0.0,"weekday":6},{"pair":"ETH/USDT:USDT","stake_amount":314.763975,"max_stake_amount":314.763975,"amount":0.303,"open_date":"2026-02-14 12:45:00+00:00","close_date":"2026-02-15 12:45:00+00:00","open_rate":2077.65,"close_rate":2025.70875,"fee_open":0.0005,"fee_close":0.0005,"trade_duration":1440,"profit_ratio":-0.052448330110096676,"profit_abs":-16.51709929,"exit_reason":"stop_loss","initial_stop_loss_abs":2025.70875,"initial_stop_loss_ratio":-0.05,"stop_loss_abs":2025.70875,"stop_loss_ratio":-0.05,"min_rate":2009.13,"max_rate":2102.8,"is_open":false,"enter_tag":"","leverage":2,"is_short":false,"open_timestamp":1771073100000,"close_timestamp":1771159500000,"orders":[{"amount":0.303,"safe_price":2077.65,"ft_order_side":"buy","order_filled_timestamp":1771073100000,"ft_is_entry":true,"ft_order_tag":"","cost":629.842713975},{"amount":0.303,"safe_price":2025.70875,"ft_order_side":"sell","order_filled_timestamp":1771159500000,"ft_is_entry":false,"ft_order_tag":"stop_loss","cost":614.0966461256249}],"funding_fees":-0.1572416862515738,"weekday":6},{"pair":"BTC/USDT:USDT","stake_amount":340.89195,"max_stake_amount":340.89195,"amount":0.0097,"open_date":"2026-02-15 08:45:00+00:00","close_date":"2026-02-15 13:00:00+00:00","open_rate":70287.0,"close_rate":69282.0,"fee_open":0.0005,"fee_close":0.0005,"trade_duration":255,"profit_ratio":-0.03056745561232786,"profit_abs":-10.42540965,"exit_reason":"exit_signal","initial_stop_loss_abs":68529.825,"initial_stop_loss_ratio":-0.05,"stop_loss_abs":68529.825,"stop_loss_ratio":-0.05,"min_rate":69250.0,"max_rate":70632.7,"is_open":false,"enter_tag":"","leverage":2,"is_short":false,"open_timestamp":1771145100000,"close_timestamp":1771160400000,"orders":[{"amount":0.0097,"safe_price":70287.0,"ft_order_side":"buy","order_filled_timestamp":1771145100000,"ft_is_entry":true,"ft_order_tag":"","cost":682.12479195},{"amount":0.0097,"safe_price":69282.0,"ft_order_side":"sell","order_filled_timestamp":1771160400000,"ft_is_entry":false,"ft_order_tag":"exit_signal","cost":672.3714176999999}],"funding_fees":0.0,"weekday":6}],"locks":[],"best_pair":{"key":"DOGE/USDT:USDT","trades":18,"profit_mean":0.010637593722477726,"profit_mean_pct":1.06,"profit_total_abs":59.65481747000001,"profit_total":0.05965481747000001,"profit_total_pct":5.97,"duration_avg":"4:46:00","wins":15,"draws":0,"losses":3,"winrate":0.8333333333333334,"cagr":1.128316189908967,"expectancy":3.3141565261111112,"expectancy_ratio":0.1943250204821072,"sortino":67.03976536792811,"sharpe":3.9931543149157678,"calmar":136.67929392365843,"sqn":1.3405,"profit_factor":2.1659501228926428,"max_drawdown_account":0.029780445857156196,"max_drawdown_abs":29.94780534},"worst_pair":{"key":"ETH/USDT:USDT","trades":6,"profit_mean":-0.016325885561909614,"profit_mean_pct":-1.63,"profit_total_abs":-31.485187340000003,"profit_total":-0.031485187340000005,"profit_total_pct":-3.15,"duration_avg":"14:10:00","wins":3,"draws":0,"losses":3,"winrate":0.5,"cagr":-0.34100021930348945,"expectancy":-5.247531223333334,"expectancy_ratio":-0.3162368060547197,"sortino":-63.91081527842903,"sharpe":-1.890774070172739,"calmar":-57.61350407794555,"sqn":-1.0327,"profit_factor":0.3675263878905607,"max_drawdown_account":0.03728811184814482,"max_drawdown_abs":37.51287286},"results_per_pair":[{"key":"DOGE/USDT:USDT","trades":18,"profit_mean":0.010637593722477726,"profit_mean_pct":1.06,"profit_total_abs":59.65481747000001,"profit_total":0.05965481747000001,"profit_total_pct":5.97,"duration_avg":"4:46:00","wins":15,"draws":0,"losses":3,"winrate":0.8333333333333334,"cagr":1.128316189908967,"expectancy":3.3141565261111112,"expectancy_ratio":0.1943250204821072,"sortino":67.03976536792811,"sharpe":3.9931543149157678,"calmar":136.67929392365843,"sqn":1.3405,"profit_factor":2.1659501228926428,"max_drawdown_account":0.029780445857156196,"max_drawdown_abs":29.94780534},{"key":"BTC/USDT:USDT","trades":5,"profit_mean":-0.0043249998302925365,"profit_mean_pct":-0.43,"profit_total_abs":-8.089975300000003,"profit_total":-0.008089975300000003,"profit_total_pct":-0.81,"duration_avg":"8:51:00","wins":3,"draws":0,"losses":2,"winrate":0.6,"cagr":-0.10047416102693618,"expectancy":-1.6179950600000002,"expectancy_ratio":-0.12189857510949353,"sortino":-1.938268577076315,"sharpe":-0.5679445551543221,"calmar":-34.240418478448646,"sqn":-0.3329,"profit_factor":0.6952535622262664,"max_drawdown_account":0.01612116906999995,"max_drawdown_abs":16.12116907},{"key":"SOL/USDT:USDT","trades":3,"profit_mean":-0.030673246028242424,"profit_mean_pct":-3.07,"profit_total_abs":-30.28164716,"profit_total":-0.030281647159999998,"profit_total_pct":-3.03,"duration_avg":"21:50:00","wins":1,"draws":0,"losses":2,"winrate":0.3333333333333333,"cagr":-0.33024486151041166,"expectancy":-10.093882386666667,"expectancy_ratio":-0.5922513491127872,"sortino":-3781.599104339855,"sharpe":-2.102365102199791,"calmar":-68.2320470519385,"sqn":-1.4525,"profit_factor":0.11162297633081915,"max_drawdown_account":0.030281647160000032,"max_drawdown_abs":30.28164716},{"key":"ETH/USDT:USDT","trades":6,"profit_mean":-0.016325885561909614,"profit_mean_pct":-1.63,"profit_total_abs":-31.485187340000003,"profit_total":-0.031485187340000005,"profit_total_pct":-3.15,"duration_avg":"14:10:00","wins":3,"draws":0,"losses":3,"winrate":0.5,"cagr":-0.34100021930348945,"expectancy":-5.247531223333334,"expectancy_ratio":-0.3162368060547197,"sortino":-63.91081527842903,"sharpe":-1.890774070172739,"calmar":-57.61350407794555,"sqn":-1.0327,"profit_factor":0.3675263878905607,"max_drawdown_account":0.03728811184814482,"max_drawdown_abs":37.51287286},{"key":"TOTAL","trades":32,"profit_mean":-0.000628855112595268,"profit_mean_pct":-0.06,"profit_total_abs":-10.20199233000001,"profit_total":-0.01020199233000001,"profit_total_pct":-1.02,"duration_avg":"8:46:00","wins":22,"draws":0,"losses":10,"winrate":0.6875,"cagr":-0.12512415091252072,"expectancy":-0.3188122603124999,"expectancy_ratio":-0.019731141460710644,"sortino":-3.5312927659190314,"sharpe":-0.616075002306475,"calmar":-7.1054762630003845,"sqn":-0.1571,"profit_factor":0.9368603473257261,"max_drawdown_account":0.09796708833000002,"max_drawdown_abs":97.96708833000001}],"results_per_enter_tag":[{"key":"","trades":32,"profit_mean":-0.000628855112595268,"profit_mean_pct":-0.06,"profit_total_abs":-10.20199233000001,"profit_total":-0.01020199233000001,"profit_total_pct":-1.02,"duration_avg":"8:46:00","wins":22,"draws":0,"losses":10,"winrate":0.6875,"cagr":-0.12512415091252072,"expectancy":-0.3188122603124999,"expectancy_ratio":-0.019731141460710644,"sortino":-3.5312927659190314,"sharpe":-0.616075002306475,"calmar":-7.1054762630003845,"sqn":-0.1571,"profit_factor":0.9368603473257261,"max_drawdown_account":0.09796708833000002,"max_drawdown_abs":97.96708833000001},{"key":"TOTAL","trades":32,"profit_mean":-0.000628855112595268,"profit_mean_pct":-0.06,"profit_total_abs":-10.20199233000001,"profit_total":-0.01020199233000001,"profit_total_pct":-1.02,"duration_avg":"8:46:00","wins":22,"draws":0,"losses":10,"winrate":0.6875,"cagr":-0.12512415091252072,"expectancy":-0.3188122603124999,"expectancy_ratio":-0.019731141460710644,"sortino":-3.5312927659190314,"sharpe":-0.616075002306475,"calmar":-7.1054762630003845,"sqn":-0.1571,"profit_factor":0.9368603473257261,"max_drawdown_account":0.09796708833000002,"max_drawdown_abs":97.96708833000001}],"exit_reason_summary":[{"key":"trailing_stop_loss","trades":20,"profit_mean":0.017945699539145186,"profit_mean_pct":1.79,"profit_total_abs":112.68393796000001,"profit_total":0.11268393796000001,"profit_total_pct":11.27,"duration_avg":"6:41:00","wins":20,"draws":0,"losses":0,"winrate":1.0,"cagr":3.0224419177850654,"expectancy":5.634196898000001,"expectancy_ratio":100.0,"sortino":-100,"sharpe":46.29573955440771,"calmar":-100,"sqn":14.7877,"profit_factor":0.0,"max_drawdown_account":0.0,"max_drawdown_abs":0.0},{"key":"roi","trades":2,"profit_mean":0.05997001499250375,"profit_mean_pct":6.0,"profit_total_abs":38.692284,"profit_total":0.038692284,"profit_total_pct":3.87,"duration_avg":"0:52:00","wins":2,"draws":0,"losses":0,"winrate":1.0,"cagr":0.6402822634186747,"expectancy":19.346142,"expectancy_ratio":100.0,"sortino":-100,"sharpe":58.836525649862295,"calmar":-100,"sqn":43.115,"profit_factor":0.0,"max_drawdown_account":0.0,"max_drawdown_abs":0.0},{"key":"exit_signal","trades":1,"profit_mean":-0.03056745561232786,"profit_mean_pct":-3.06,"profit_total_abs":-10.42540965,"profit_total":-0.01042540965,"profit_total_pct":-1.04,"duration_avg":"4:15:00","wins":0,"draws":0,"losses":1,"winrate":0.0,"cagr":-0.1276949118276196,"expectancy":-10.42540965,"expectancy_ratio":-1.0,"sortino":-100,"sharpe":-100,"calmar":-68.23204705193852,"sqn":-100.0,"profit_factor":0.0,"max_drawdown_account":0.010425409650000005,"max_drawdown_abs":10.42540965},{"key":"stop_loss","trades":9,"profit_mean":-0.052045547639848005,"profit_mean_pct":-5.2,"profit_total_abs":-151.15280464,"profit_total":-0.15115280464,"profit_total_pct":-15.12,"duration_avg":"15:38:00","wins":0,"draws":0,"losses":9,"winrate":0.0,"cagr":-0.8819021661535412,"expectancy":-16.79475607111111,"expectancy_ratio":-1.0,"sortino":-201.9969344622965,"sharpe":-201.9969344622965,"calmar":-68.23204705193857,"sqn":-93.0377,"profit_factor":0.0,"max_drawdown_account":0.15115280464,"max_drawdown_abs":151.15280464},{"key":"TOTAL","trades":32,"profit_mean":-0.000628855112595268,"profit_mean_pct":-0.06,"profit_total_abs":-10.20199233000001,"profit_total":-0.01020199233000001,"profit_total_pct":-1.02,"duration_avg":"8:46:00","wins":22,"draws":0,"losses":10,"winrate":0.6875,"cagr":-0.12512415091252072,"expectancy":-0.3188122603124999,"expectancy_ratio":-0.019731141460710644,"sortino":-3.5312927659190314,"sharpe":-0.616075002306475,"calmar":-7.1054762630003845,"sqn":-0.1571,"profit_factor":0.9368603473257261,"max_drawdown_account":0.09796708833000002,"max_drawdown_abs":97.96708833000001}],"mix_tag_stats":[{"key":["","trailing_stop_loss"],"trades":20,"profit_mean":0.017945699539145186,"profit_mean_pct":1.79,"profit_total_abs":112.68393796000001,"profit_total":0.11268393796000001,"profit_total_pct":11.27,"duration_avg":"6:41:00","wins":20,"draws":0,"losses":0,"winrate":1.0,"cagr":3.0224419177850654,"expectancy":5.634196898000001,"expectancy_ratio":100.0,"sortino":-100,"sharpe":46.29573955440771,"calmar":-100,"sqn":14.7877,"profit_factor":0.0,"max_drawdown_account":0.0,"max_drawdown_abs":0.0},{"key":["","roi"],"trades":2,"profit_mean":0.05997001499250375,"profit_mean_pct":6.0,"profit_total_abs":38.692284,"profit_total":0.038692284,"profit_total_pct":3.87,"duration_avg":"0:52:00","wins":2,"draws":0,"losses":0,"winrate":1.0,"cagr":0.6402822634186747,"expectancy":19.346142,"expectancy_ratio":100.0,"sortino":-100,"sharpe":58.836525649862295,"calmar":-100,"sqn":43.115,"profit_factor":0.0,"max_drawdown_account":0.0,"max_drawdown_abs":0.0},{"key":["","exit_signal"],"trades":1,"profit_mean":-0.03056745561232786,"profit_mean_pct":-3.06,"profit_total_abs":-10.42540965,"profit_total":-0.01042540965,"profit_total_pct":-1.04,"duration_avg":"4:15:00","wins":0,"draws":0,"losses":1,"winrate":0.0,"cagr":-0.1276949118276196,"expectancy":-10.42540965,"expectancy_ratio":-1.0,"sortino":-100,"sharpe":-100,"calmar":-68.23204705193852,"sqn":-100.0,"profit_factor":0.0,"max_drawdown_account":0.010425409650000005,"max_drawdown_abs":10.42540965},{"key":["","stop_loss"],"trades":9,"profit_mean":-0.052045547639848005,"profit_mean_pct":-5.2,"profit_total_abs":-151.15280464,"profit_total":-0.15115280464,"profit_total_pct":-15.12,"duration_avg":"15:38:00","wins":0,"draws":0,"losses":9,"winrate":0.0,"cagr":-0.8819021661535412,"expectancy":-16.79475607111111,"expectancy_ratio":-1.0,"sortino":-201.9969344622965,"sharpe":-201.9969344622965,"calmar":-68.23204705193857,"sqn":-93.0377,"profit_factor":0.0,"max_drawdown_account":0.15115280464,"max_drawdown_abs":151.15280464},{"key":"TOTAL","trades":32,"profit_mean":-0.000628855112595268,"profit_mean_pct":-0.06,"profit_total_abs":-10.20199233000001,"profit_total":-0.01020199233000001,"profit_total_pct":-1.02,"duration_avg":"8:46:00","wins":22,"draws":0,"losses":10,"winrate":0.6875,"cagr":-0.12512415091252072,"expectancy":-0.3188122603124999,"expectancy_ratio":-0.019731141460710644,"sortino":-3.5312927659190314,"sharpe":-0.616075002306475,"calmar":-7.1054762630003845,"sqn":-0.1571,"profit_factor":0.9368603473257261,"max_drawdown_account":0.09796708833000002,"max_drawdown_abs":97.96708833000001}],"left_open_trades":[{"key":"TOTAL","trades":0,"profit_mean":0.0,"profit_mean_pct":0.0,"profit_total_abs":0.0,"profit_total":0.0,"profit_total_pct":0.0,"duration_avg":"0:00","wins":0,"draws":0,"losses":0,"winrate":0.0,"cagr":0.0,"expectancy":0.0,"expectancy_ratio":100.0,"sortino":0,"sharpe":0,"calmar":0,"sqn":0.0,"profit_factor":0.0,"max_drawdown_account":0.0,"max_drawdown_abs":0.0}],"total_trades":32,"trade_count_long":32,"trade_count_short":0,"total_volume":40741.00574382446,"avg_stake_amount":318.0440396875,"profit_mean":-0.000628855112595268,"profit_median":0.01399221022885062,"profit_total":-0.01020199233000001,"profit_total_long":-0.01020199233000001,"profit_total_short":0.0,"profit_total_abs":-10.20199233000001,"profit_total_long_abs":-10.20199233000001,"profit_total_short_abs":0.0,"cagr":-0.12512415091252072,"expectancy":-0.3188122603124999,"expectancy_ratio":-0.019731141460710644,"sortino":-3.5312927659190314,"sharpe":-0.616075002306475,"calmar":-7.1054762630003845,"sqn":-0.1571,"profit_factor":0.9368603473257261,"backtest_start":"2026-01-22 02:00:00","backtest_start_ts":1769047200000,"backtest_end":"2026-02-20 00:00:00","backtest_end_ts":1771545600000,"backtest_days":28,"backtest_run_start_ts":1771595269,"backtest_run_end_ts":1771595271,"trades_per_day":1.14,"market_change":-0.3004948512428234,"pairlist":["BTC/USDT:USDT","ETH/USDT:USDT","SOL/USDT:USDT","DOGE/USDT:USDT"],"stake_amount":"unlimited","stake_currency":"USDT","stake_currency_decimals":3,"starting_balance":1000,"dry_run_wallet":1000,"final_balance":989.79800767,"rejected_signals":0,"timedout_entry_orders":0,"timedout_exit_orders":0,"canceled_trade_entries":0,"canceled_entry_orders":0,"replaced_entry_orders":0,"max_open_trades":3,"max_open_trades_setting":3,"timeframe":"15m","timeframe_detail":"","timerange":"20260120-20260220","enable_protections":false,"strategy_name":"SupertrendFuturesStrategyV4","freqaimodel":null,"freqai_identifier":null,"stoploss":-0.05,"trailing_stop":true,"trailing_stop_positive":0.02,"trailing_stop_positive_offset":0.03,"trailing_only_offset_is_reached":true,"use_custom_stoploss":false,"minimal_roi":{"0":0.06},"use_exit_signal":true,"exit_profit_only":false,"exit_profit_offset":0.0,"ignore_roi_if_entry_signal":false,"trading_mode":"futures","margin_mode":"isolated","periodic_breakdown":{"day":[{"date":"23/01/2026","date_ts":1769126400000,"profit_abs":-17.03777708,"wins":0,"draws":0,"losses":1,"trades":1,"profit_factor":0.0},{"date":"24/01/2026","date_ts":1769212800000,"profit_abs":0.0,"wins":0,"draws":0,"losses":0,"trades":0,"profit_factor":0.0},{"date":"25/01/2026","date_ts":1769299200000,"profit_abs":0.0,"wins":0,"draws":0,"losses":0,"trades":0,"profit_factor":0.0},{"date":"26/01/2026","date_ts":1769385600000,"profit_abs":0.0,"wins":0,"draws":0,"losses":0,"trades":0,"profit_factor":0.0},{"date":"27/01/2026","date_ts":1769472000000,"profit_abs":0.0,"wins":0,"draws":0,"losses":0,"trades":0,"profit_factor":0.0},{"date":"28/01/2026","date_ts":1769558400000,"profit_abs":15.45229767,"wins":3,"draws":0,"losses":0,"trades":3,"profit_factor":0.0},{"date":"29/01/2026","date_ts":1769644800000,"profit_abs":-51.33118791,"wins":0,"draws":0,"losses":3,"trades":3,"profit_factor":0.0},{"date":"30/01/2026","date_ts":1769731200000,"profit_abs":0.0,"wins":0,"draws":0,"losses":0,"trades":0,"profit_factor":0.0},{"date":"31/01/2026","date_ts":1769817600000,"profit_abs":0.0,"wins":0,"draws":0,"losses":0,"trades":0,"profit_factor":0.0},{"date":"01/02/2026","date_ts":1769904000000,"profit_abs":0.0,"wins":0,"draws":0,"losses":0,"trades":0,"profit_factor":0.0},{"date":"02/02/2026","date_ts":1769990400000,"profit_abs":0.0,"wins":0,"draws":0,"losses":0,"trades":0,"profit_factor":0.0},{"date":"03/02/2026","date_ts":1770076800000,"profit_abs":0.0,"wins":0,"draws":0,"losses":0,"trades":0,"profit_factor":0.0},{"date":"04/02/2026","date_ts":1770163200000,"profit_abs":0.0,"wins":0,"draws":0,"losses":0,"trades":0,"profit_factor":0.0},{"date":"05/02/2026","date_ts":1770249600000,"profit_abs":0.0,"wins":0,"draws":0,"losses":0,"trades":0,"profit_factor":0.0},{"date":"06/02/2026","date_ts":1770336000000,"profit_abs":0.0,"wins":0,"draws":0,"losses":0,"trades":0,"profit_factor":0.0},{"date":"07/02/2026","date_ts":1770422400000,"profit_abs":0.0,"wins":0,"draws":0,"losses":0,"trades":0,"profit_factor":0.0},{"date":"08/02/2026","date_ts":1770508800000,"profit_abs":0.0,"wins":0,"draws":0,"losses":0,"trades":0,"profit_factor":0.0},{"date":"09/02/2026","date_ts":1770595200000,"profit_abs":0.0,"wins":0,"draws":0,"losses":0,"trades":0,"profit_factor":0.0},{"date":"10/02/2026","date_ts":1770681600000,"profit_abs":0.0,"wins":0,"draws":0,"losses":0,"trades":0,"profit_factor":0.0},{"date":"11/02/2026","date_ts":1770768000000,"profit_abs":0.0,"wins":0,"draws":0,"losses":0,"trades":0,"profit_factor":0.0},{"date":"12/02/2026","date_ts":1770854400000,"profit_abs":-45.05042101,"wins":1,"draws":0,"losses":3,"trades":4,"profit_factor":0.07268371},{"date":"13/02/2026","date_ts":1770940800000,"profit_abs":25.81081598,"wins":5,"draws":0,"losses":0,"trades":5,"profit_factor":0.0},{"date":"14/02/2026","date_ts":1771027200000,"profit_abs":53.63168952,"wins":6,"draws":0,"losses":0,"trades":6,"profit_factor":0.0},{"date":"15/02/2026","date_ts":1771113600000,"profit_abs":8.3225905,"wins":7,"draws":0,"losses":3,"trades":10,"profit_factor":1.18648916}],"week":[{"date":"26/01/2026","date_ts":1769385600000,"profit_abs":-17.03777708,"wins":0,"draws":0,"losses":1,"trades":1,"profit_factor":0.0},{"date":"02/02/2026","date_ts":1769990400000,"profit_abs":-35.87889024,"wins":3,"draws":0,"losses":3,"trades":6,"profit_factor":0.30103137},{"date":"09/02/2026","date_ts":1770595200000,"profit_abs":0.0,"wins":0,"draws":0,"losses":0,"trades":0,"profit_factor":0.0},{"date":"16/02/2026","date_ts":1771200000000,"profit_abs":42.71467499,"wins":19,"draws":0,"losses":6,"trades":25,"profit_factor":1.45826648}],"month":[{"date":"31/01/2026","date_ts":1769817600000,"profit_abs":-52.91666732,"wins":3,"draws":0,"losses":4,"trades":7,"profit_factor":0.22601333},{"date":"28/02/2026","date_ts":1772236800000,"profit_abs":42.71467499,"wins":19,"draws":0,"losses":6,"trades":25,"profit_factor":1.45826648}],"year":[{"date":"31/12/2026","date_ts":1798675200000,"profit_abs":-10.20199233,"wins":22,"draws":0,"losses":10,"trades":32,"profit_factor":0.93686035}],"weekday":[{"date":"Wednesday","date_ts":2,"profit_abs":15.45229767,"wins":3,"draws":0,"losses":0,"trades":3,"profit_factor":0.0},{"date":"Thursday","date_ts":3,"profit_abs":-96.38160892,"wins":1,"draws":0,"losses":6,"trades":7,"profit_factor":0.0353417},{"date":"Friday","date_ts":4,"profit_abs":8.7730389,"wins":5,"draws":0,"losses":1,"trades":6,"profit_factor":1.51491687},{"date":"Saturday","date_ts":5,"profit_abs":53.63168952,"wins":6,"draws":0,"losses":0,"trades":6,"profit_factor":0.0},{"date":"Sunday","date_ts":6,"profit_abs":8.3225905,"wins":7,"draws":0,"losses":3,"trades":10,"profit_factor":1.18648916}]},"backtest_best_day":0.17243233845010972,"backtest_worst_day":-0.15666399493874358,"backtest_best_day_abs":53.63168952,"backtest_worst_day_abs":-51.33118791,"winning_days":4,"draw_days":17,"losing_days":3,"daily_profit":[["2026-01-23",-17.03777708],["2026-01-24",0.0],["2026-01-25",0.0],["2026-01-26",0.0],["2026-01-27",0.0],["2026-01-28",15.45229767],["2026-01-29",-51.33118791],["2026-01-30",0.0],["2026-01-31",0.0],["2026-02-01",0.0],["2026-02-02",0.0],["2026-02-03",0.0],["2026-02-04",0.0],["2026-02-05",0.0],["2026-02-06",0.0],["2026-02-07",0.0],["2026-02-08",0.0],["2026-02-09",0.0],["2026-02-10",0.0],["2026-02-11",0.0],["2026-02-12",-45.05042101],["2026-02-13",25.81081598],["2026-02-14",53.63168952],["2026-02-15",8.3225905]],"wins":22,"losses":10,"draws":0,"winrate":0.6875,"holding_avg":"8:46:00","holding_avg_s":31560.0,"winner_holding_min":"0d 00:15","winner_holding_min_s":900.0,"winner_holding_max":"0d 19:30","winner_holding_max_s":70200.0,"winner_holding_avg":"0d 06:10","winner_holding_avg_s":22200.0,"loser_holding_min":"0d 03:30","loser_holding_min_s":12600.0,"loser_holding_max":"1d 11:30","loser_holding_max_s":127800.0,"loser_holding_avg":"0d 14:30","loser_holding_avg_s":52200.0,"max_consecutive_wins":18,"max_consecutive_losses":3,"max_drawdown_account":0.09796708833000002,"max_relative_drawdown":0.09796708833000002,"max_drawdown_abs":97.96708833000001,"drawdown_start":"2026-01-23 14:30:00","drawdown_start_ts":1769178600000.0,"drawdown_end":"2026-02-12 16:30:00","drawdown_end_ts":1770913800000.0,"drawdown_duration":"20 days 02:00:00","drawdown_duration_s":1735200.0,"max_drawdown_low":-97.96708833000001,"max_drawdown_high":0.0,"csum_min":902.03291167,"csum_max":1034.42575201}},"strategy_comparison":[{"key":"SupertrendFuturesStrategyV4","trades":32,"profit_mean":-0.000628855112595268,"profit_mean_pct":-0.06,"profit_total_abs":-10.20199233000001,"profit_total":-0.01020199233000001,"profit_total_pct":-1.02,"duration_avg":"8:46:00","wins":22,"draws":0,"losses":10,"winrate":0.6875,"cagr":-0.12512415091252072,"expectancy":-0.3188122603124999,"expectancy_ratio":-0.019731141460710644,"sortino":-3.5312927659190314,"sharpe":-0.616075002306475,"calmar":-7.1054762630003845,"sqn":-0.1571,"profit_factor":0.9368603473257261,"max_drawdown_account":0.09796708833000002,"max_drawdown_abs":"97.967"}]}