{"strategy":{"SupertrendFuturesStrategyV8_2":{"trades":[{"pair":"DOGE/USDT:USDT","stake_amount":99.7956,"max_stake_amount":99.7956,"amount":1520.0,"open_date":"2026-01-02 13:00:00+00:00","close_date":"2026-01-02 14:30:00+00:00","open_rate":0.13131,"close_rate":0.13397,"fee_open":0.0005,"fee_close":0.0005,"trade_duration":90,"profit_ratio":0.03847531721154882,"profit_abs":3.8415872,"exit_reason":"trailing_stop_loss","initial_stop_loss_abs":0.12935,"initial_stop_loss_ratio":-0.03,"stop_loss_abs":0.13397,"stop_loss_ratio":-0.02,"min_rate":0.1295,"max_rate":0.13532,"is_open":false,"enter_tag":"","leverage":2.0,"is_short":false,"open_timestamp":1767358800000,"close_timestamp":1767364200000,"orders":[{"amount":1520.0,"safe_price":0.13131,"ft_order_side":"buy","order_filled_timestamp":1767358800000,"ft_is_entry":true,"ft_order_tag":"","cost":199.6909956},{"amount":1520.0,"safe_price":0.13397,"ft_order_side":"sell","order_filled_timestamp":1767364200000,"ft_is_entry":false,"ft_order_tag":"trailing_stop_loss","cost":203.7362172}],"funding_fees":0.0,"weekday":4},{"pair":"DOGE/USDT:USDT","stake_amount":99.6512,"max_stake_amount":99.6512,"amount":1490.0,"open_date":"2026-01-02 15:30:00+00:00","close_date":"2026-01-02 16:00:00+00:00","open_rate":0.13376,"close_rate":0.13487,"fee_open":0.0005,"fee_close":0.0005,"trade_duration":30,"profit_ratio":0.014493678688898065,"profit_abs":1.44503463,"exit_reason":"trailing_stop_loss","initial_stop_loss_abs":0.13176,"initial_stop_loss_ratio":-0.03,"stop_loss_abs":0.13487,"stop_loss_ratio":-0.02,"min_rate":0.13352,"max_rate":0.13785,"is_open":false,"enter_tag":"","leverage":2.0,"is_short":false,"open_timestamp":1767367800000,"close_timestamp":1767369600000,"orders":[{"amount":1490.0,"safe_price":0.13376,"ft_order_side":"buy","order_filled_timestamp":1767367800000,"ft_is_entry":true,"ft_order_tag":"","cost":199.40205119999996},{"amount":1490.0,"safe_price":0.13487,"ft_order_side":"sell","order_filled_timestamp":1767369600000,"ft_is_entry":false,"ft_order_tag":"trailing_stop_loss","cost":201.05677815}],"funding_fees":-0.008736019488961282,"weekday":4},{"pair":"DOGE/USDT:USDT","stake_amount":99.576,"max_stake_amount":99.576,"amount":1440.0,"open_date":"2026-01-02 17:00:00+00:00","close_date":"2026-01-02 20:30:00+00:00","open_rate":0.1383,"close_rate":0.13916,"fee_open":0.0005,"fee_close":0.0005,"trade_duration":210,"profit_ratio":0.010425300726354104,"profit_abs":1.0386288,"exit_reason":"trailing_stop_loss","initial_stop_loss_abs":0.13623,"initial_stop_loss_ratio":-0.03,"stop_loss_abs":0.13916,"stop_loss_ratio":-0.02,"min_rate":0.13726,"max_rate":0.14056,"is_open":false,"enter_tag":"","leverage":2.0,"is_short":false,"open_timestamp":1767373200000,"close_timestamp":1767385800000,"orders":[{"amount":1440.0,"safe_price":0.1383,"ft_order_side":"buy","order_filled_timestamp":1767373200000,"ft_is_entry":true,"ft_order_tag":"","cost":199.251576},{"amount":1440.0,"safe_price":0.13916,"ft_order_side":"sell","order_filled_timestamp":1767385800000,"ft_is_entry":false,"ft_order_tag":"trailing_stop_loss","cost":200.4905952}],"funding_fees":0.0,"weekday":4},{"pair":"DOGE/USDT:USDT","stake_amount":99.76305,"max_stake_amount":99.76305,"amount":1310.0,"open_date":"2026-01-04 06:30:00+00:00","close_date":"2026-01-04 06:30:00+00:00","open_rate":0.15231,"close_rate":0.15003,"fee_open":0.0005,"fee_close":0.0005,"trade_duration":0,"profit_ratio":-0.03190801684050628,"profit_abs":-3.1848327,"exit_reason":"stop_loss","initial_stop_loss_abs":0.15003,"initial_stop_loss_ratio":-0.03,"stop_loss_abs":0.15003,"stop_loss_ratio":-0.03,"min_rate":0.14923,"max_rate":0.15258,"is_open":false,"enter_tag":"","leverage":2.0,"is_short":false,"open_timestamp":1767508200000,"close_timestamp":1767508200000,"orders":[{"amount":1310.0,"safe_price":0.15231,"ft_order_side":"buy","order_filled_timestamp":1767508200000,"ft_is_entry":true,"ft_order_tag":"","cost":199.62586305},{"amount":1310.0,"safe_price":0.15003,"ft_order_side":"sell","order_filled_timestamp":1767508200000,"ft_is_entry":false,"ft_order_tag":"stop_loss","cost":196.63756965}],"funding_fees":0.0,"weekday":6},{"pair":"ETH/USDT:USDT","stake_amount":99.682,"max_stake_amount":99.682,"amount":0.046,"open_date":"2026-01-06 17:00:00+00:00","close_date":"2026-01-06 18:00:00+00:00","open_rate":3250.5,"close_rate":3185.49,"fee_open":0.0005,"fee_close":0.0005,"trade_duration":60,"profit_ratio":-0.03146926536731634,"profit_abs":-3.13848777,"exit_reason":"stop_loss","initial_stop_loss_abs":3185.49,"initial_stop_loss_ratio":-0.03,"stop_loss_abs":3185.49,"stop_loss_ratio":-0.03,"min_rate":3181.03,"max_rate":3259.0,"is_open":false,"enter_tag":"","leverage":1.5,"is_short":false,"open_timestamp":1767718800000,"close_timestamp":1767722400000,"orders":[{"amount":0.046,"safe_price":3250.5,"ft_order_side":"buy","order_filled_timestamp":1767718800000,"ft_is_entry":true,"ft_order_tag":"","cost":149.5977615},{"amount":0.046,"safe_price":3185.49,"ft_order_side":"sell","order_filled_timestamp":1767722400000,"ft_is_entry":false,"ft_order_tag":"stop_loss","cost":146.60580627}],"funding_fees":0.0,"weekday":1},{"pair":"ETH/USDT:USDT","stake_amount":97.9527,"max_stake_amount":97.9527,"amount":0.047,"open_date":"2026-01-11 18:00:00+00:00","close_date":"2026-01-12 14:00:00+00:00","open_rate":3126.15,"close_rate":3063.627,"fee_open":0.0005,"fee_close":0.0005,"trade_duration":1200,"profit_ratio":-0.031659500077520865,"profit_abs":-3.10268408,"exit_reason":"stop_loss","initial_stop_loss_abs":3063.627,"initial_stop_loss_ratio":-0.03,"stop_loss_abs":3063.627,"stop_loss_ratio":-0.03,"min_rate":3063.06,"max_rate":3170.85,"is_open":false,"enter_tag":"","leverage":1.5,"is_short":false,"open_timestamp":1768154400000,"close_timestamp":1768226400000,"orders":[{"amount":0.047,"safe_price":3126.15,"ft_order_side":"buy","order_filled_timestamp":1768154400000,"ft_is_entry":true,"ft_order_tag":"","cost":147.002514525},{"amount":0.047,"safe_price":3063.627,"ft_order_side":"sell","order_filled_timestamp":1768226400000,"ft_is_entry":false,"ft_order_tag":"stop_loss","cost":144.06246423449997}],"funding_fees":-0.018643318522437988,"weekday":0},{"pair":"ETH/USDT:USDT","stake_amount":99.169,"max_stake_amount":99.169,"amount":0.062,"open_date":"2026-01-13 19:00:00+00:00","close_date":"2026-01-13 22:00:00+00:00","open_rate":3199.0,"close_rate":3298.2186093046516,"fee_open":0.0005,"fee_close":0.0005,"trade_duration":180,"profit_ratio":0.05997001499250375,"profit_abs":5.95014,"exit_reason":"roi","initial_stop_loss_abs":3151.015,"initial_stop_loss_ratio":-0.03,"stop_loss_abs":3364.02,"stop_loss_ratio":-0.02,"min_rate":3188.52,"max_rate":3398.0,"is_open":false,"enter_tag":"","leverage":2.0,"is_short":false,"open_timestamp":1768330800000,"close_timestamp":1768341600000,"orders":[{"amount":0.062,"safe_price":3199.0,"ft_order_side":"buy","order_filled_timestamp":1768330800000,"ft_is_entry":true,"ft_order_tag":"","cost":198.437169},{"amount":0.062,"safe_price":3298.2186093046516,"ft_order_side":"sell","order_filled_timestamp":1768341600000,"ft_is_entry":false,"ft_order_tag":"roi","cost":204.59179855377684}],"funding_fees":0.0,"weekday":1},{"pair":"ETH/USDT:USDT","stake_amount":98.54416,"max_stake_amount":98.54416,"amount":0.059,"open_date":"2026-01-14 18:00:00+00:00","close_date":"2026-01-14 19:30:00+00:00","open_rate":3340.48,"close_rate":3366.0,"fee_open":0.0005,"fee_close":0.0005,"trade_duration":90,"profit_ratio":0.013264969201384556,"profit_abs":1.30783884,"exit_reason":"trailing_stop_loss","initial_stop_loss_abs":3290.3728,"initial_stop_loss_ratio":-0.03,"stop_loss_abs":3366.0,"stop_loss_ratio":-0.02,"min_rate":3313.57,"max_rate":3400.0,"is_open":false,"enter_tag":"","leverage":2.0,"is_short":false,"open_timestamp":1768413600000,"close_timestamp":1768419000000,"orders":[{"amount":0.059,"safe_price":3340.48,"ft_order_side":"buy","order_filled_timestamp":1768413600000,"ft_is_entry":true,"ft_order_tag":"","cost":197.18686415999997},{"amount":0.059,"safe_price":3366.0,"ft_order_side":"sell","order_filled_timestamp":1768419000000,"ft_is_entry":false,"ft_order_tag":"trailing_stop_loss","cost":198.69329699999997}],"funding_fees":0.0,"weekday":2}],"locks":[],"best_pair":{"key":"DOGE/USDT:USDT","trades":4,"profit_mean":0.007871569946573677,"profit_mean_pct":0.79,"profit_total_abs":3.1404179300000004,"profit_total":0.003140417930000001,"profit_total_pct":0.31,"duration_avg":"1:22:00","wins":3,"draws":0,"losses":1,"winrate":0.75,"cagr":0.012942094466766196,"expectancy":0.7851044825000003,"expectancy_ratio":0.24651357118381775,"sortino":-100,"sharpe":0.26646159981851,"calmar":21.30078556143681,"sqn":0.5375,"profit_factor":1.9860542847352705,"max_drawdown_account":0.0031648144553723385,"max_drawdown_abs":3.1848327},"worst_pair":{"key":"BTC/USDT:USDT","trades":0,"profit_mean":0.0,"profit_mean_pct":0.0,"profit_total_abs":0.0,"profit_total":0.0,"profit_total_pct":0.0,"duration_avg":"0:00","wins":0,"draws":0,"losses":0,"winrate":0.0,"cagr":0.0,"expectancy":0.0,"expectancy_ratio":100.0,"sortino":0,"sharpe":0,"calmar":0,"sqn":0.0,"profit_factor":0.0,"max_drawdown_account":0.0,"max_drawdown_abs":0.0},"results_per_pair":[{"key":"DOGE/USDT:USDT","trades":4,"profit_mean":0.007871569946573677,"profit_mean_pct":0.79,"profit_total_abs":3.1404179300000004,"profit_total":0.003140417930000001,"profit_total_pct":0.31,"duration_avg":"1:22:00","wins":3,"draws":0,"losses":1,"winrate":0.75,"cagr":0.012942094466766196,"expectancy":0.7851044825000003,"expectancy_ratio":0.24651357118381775,"sortino":-100,"sharpe":0.26646159981851,"calmar":21.30078556143681,"sqn":0.5375,"profit_factor":1.9860542847352705,"max_drawdown_account":0.0031648144553723385,"max_drawdown_abs":3.1848327},{"key":"ETH/USDT:USDT","trades":4,"profit_mean":0.0025265546872627765,"profit_mean_pct":0.25,"profit_total_abs":1.0168069900000003,"profit_total":0.0010168069900000005,"profit_total_pct":0.1,"duration_avg":"6:22:00","wins":2,"draws":0,"losses":2,"winrate":0.5,"cagr":0.004176630416820926,"expectancy":0.2542017475,"expectancy_ratio":0.08145962124084116,"sortino":12.192623299183255,"sharpe":0.0581626164134469,"calmar":3.497267142954355,"sqn":0.1173,"profit_factor":1.1629192424816823,"max_drawdown_account":0.00624117185,"max_drawdown_abs":6.24117185},{"key":"BTC/USDT:USDT","trades":0,"profit_mean":0.0,"profit_mean_pct":0.0,"profit_total_abs":0.0,"profit_total":0.0,"profit_total_pct":0.0,"duration_avg":"0:00","wins":0,"draws":0,"losses":0,"winrate":0.0,"cagr":0.0,"expectancy":0.0,"expectancy_ratio":100.0,"sortino":0,"sharpe":0,"calmar":0,"sqn":0.0,"profit_factor":0.0,"max_drawdown_account":0.0,"max_drawdown_abs":0.0},{"key":"XRP/USDT:USDT","trades":0,"profit_mean":0.0,"profit_mean_pct":0.0,"profit_total_abs":0.0,"profit_total":0.0,"profit_total_pct":0.0,"duration_avg":"0:00","wins":0,"draws":0,"losses":0,"winrate":0.0,"cagr":0.0,"expectancy":0.0,"expectancy_ratio":100.0,"sortino":0,"sharpe":0,"calmar":0,"sqn":0.0,"profit_factor":0.0,"max_drawdown_account":0.0,"max_drawdown_abs":0.0},{"key":"TOTAL","trades":8,"profit_mean":0.005199062316918227,"profit_mean_pct":0.52,"profit_total_abs":4.157224920000001,"profit_total":0.004157224920000001,"profit_total_pct":0.42,"duration_avg":"3:52:00","wins":5,"draws":0,"losses":3,"winrate":0.625,"cagr":0.017159513891038314,"expectancy":0.5196531149999999,"expectancy_ratio":0.1653891992869876,"sortino":26.53668840423179,"sharpe":0.277895126541452,"calmar":9.52731824938199,"sqn":0.4281,"profit_factor":1.4410378647653,"max_drawdown_account":0.009366757461465822,"max_drawdown_abs":9.42600455}],"results_per_enter_tag":[{"key":"","trades":8,"profit_mean":0.005199062316918227,"profit_mean_pct":0.52,"profit_total_abs":4.157224920000001,"profit_total":0.004157224920000001,"profit_total_pct":0.42,"duration_avg":"3:52:00","wins":5,"draws":0,"losses":3,"winrate":0.625,"cagr":0.017159513891038314,"expectancy":0.5196531149999999,"expectancy_ratio":0.1653891992869876,"sortino":26.53668840423179,"sharpe":0.277895126541452,"calmar":9.52731824938199,"sqn":0.4281,"profit_factor":1.4410378647653,"max_drawdown_account":0.009366757461465822,"max_drawdown_abs":9.42600455},{"key":"TOTAL","trades":8,"profit_mean":0.005199062316918227,"profit_mean_pct":0.52,"profit_total_abs":4.157224920000001,"profit_total":0.004157224920000001,"profit_total_pct":0.42,"duration_avg":"3:52:00","wins":5,"draws":0,"losses":3,"winrate":0.625,"cagr":0.017159513891038314,"expectancy":0.5196531149999999,"expectancy_ratio":0.1653891992869876,"sortino":26.53668840423179,"sharpe":0.277895126541452,"calmar":9.52731824938199,"sqn":0.4281,"profit_factor":1.4410378647653,"max_drawdown_account":0.009366757461465822,"max_drawdown_abs":9.42600455}],"exit_reason_summary":[{"key":"trailing_stop_loss","trades":4,"profit_mean":0.019164816457046388,"profit_mean_pct":1.92,"profit_total_abs":7.63308947,"profit_total":0.00763308947,"profit_total_pct":0.76,"duration_avg":"1:45:00","wins":4,"draws":0,"losses":0,"winrate":1.0,"cagr":0.031676731996026275,"expectancy":1.9082723675,"expectancy_ratio":100.0,"sortino":-100,"sharpe":1.4555312186808491,"calmar":-100,"sqn":2.9361,"profit_factor":0.0,"max_drawdown_account":0.0,"max_drawdown_abs":0.0},{"key":"roi","trades":1,"profit_mean":0.05997001499250375,"profit_mean_pct":6.0,"profit_total_abs":5.95014,"profit_total":0.0059501400000000005,"profit_total_pct":0.6,"duration_avg":"3:00:00","wins":1,"draws":0,"losses":0,"winrate":1.0,"cagr":0.02462833601093717,"expectancy":5.95014,"expectancy_ratio":100.0,"sortino":-100,"sharpe":-100,"calmar":-100,"sqn":-100.0,"profit_factor":0.0,"max_drawdown_account":0.0,"max_drawdown_abs":0.0},{"key":"stop_loss","trades":3,"profit_mean":-0.03167892742844783,"profit_mean_pct":-3.17,"profit_total_abs":-9.42600455,"profit_total":-0.00942600455,"profit_total_pct":-0.94,"duration_avg":"7:00:00","wins":0,"draws":0,"losses":3,"winrate":0.0,"cagr":-0.0380959315509769,"expectancy":-3.142001516666667,"expectancy_ratio":-1.0,"sortino":-60.168730452097115,"sharpe":-60.168730452097115,"calmar":-21.466261993868276,"sqn":-132.132,"profit_factor":0.0,"max_drawdown_account":0.009426004550000016,"max_drawdown_abs":9.42600455},{"key":"TOTAL","trades":8,"profit_mean":0.005199062316918227,"profit_mean_pct":0.52,"profit_total_abs":4.157224920000001,"profit_total":0.004157224920000001,"profit_total_pct":0.42,"duration_avg":"3:52:00","wins":5,"draws":0,"losses":3,"winrate":0.625,"cagr":0.017159513891038314,"expectancy":0.5196531149999999,"expectancy_ratio":0.1653891992869876,"sortino":26.53668840423179,"sharpe":0.277895126541452,"calmar":9.52731824938199,"sqn":0.4281,"profit_factor":1.4410378647653,"max_drawdown_account":0.009366757461465822,"max_drawdown_abs":9.42600455}],"mix_tag_stats":[{"key":["","trailing_stop_loss"],"trades":4,"profit_mean":0.019164816457046388,"profit_mean_pct":1.92,"profit_total_abs":7.63308947,"profit_total":0.00763308947,"profit_total_pct":0.76,"duration_avg":"1:45:00","wins":4,"draws":0,"losses":0,"winrate":1.0,"cagr":0.031676731996026275,"expectancy":1.9082723675,"expectancy_ratio":100.0,"sortino":-100,"sharpe":1.4555312186808491,"calmar":-100,"sqn":2.9361,"profit_factor":0.0,"max_drawdown_account":0.0,"max_drawdown_abs":0.0},{"key":["","roi"],"trades":1,"profit_mean":0.05997001499250375,"profit_mean_pct":6.0,"profit_total_abs":5.95014,"profit_total":0.0059501400000000005,"profit_total_pct":0.6,"duration_avg":"3:00:00","wins":1,"draws":0,"losses":0,"winrate":1.0,"cagr":0.02462833601093717,"expectancy":5.95014,"expectancy_ratio":100.0,"sortino":-100,"sharpe":-100,"calmar":-100,"sqn":-100.0,"profit_factor":0.0,"max_drawdown_account":0.0,"max_drawdown_abs":0.0},{"key":["","stop_loss"],"trades":3,"profit_mean":-0.03167892742844783,"profit_mean_pct":-3.17,"profit_total_abs":-9.42600455,"profit_total":-0.00942600455,"profit_total_pct":-0.94,"duration_avg":"7:00:00","wins":0,"draws":0,"losses":3,"winrate":0.0,"cagr":-0.0380959315509769,"expectancy":-3.142001516666667,"expectancy_ratio":-1.0,"sortino":-60.168730452097115,"sharpe":-60.168730452097115,"calmar":-21.466261993868276,"sqn":-132.132,"profit_factor":0.0,"max_drawdown_account":0.009426004550000016,"max_drawdown_abs":9.42600455},{"key":"TOTAL","trades":8,"profit_mean":0.005199062316918227,"profit_mean_pct":0.52,"profit_total_abs":4.157224920000001,"profit_total":0.004157224920000001,"profit_total_pct":0.42,"duration_avg":"3:52:00","wins":5,"draws":0,"losses":3,"winrate":0.625,"cagr":0.017159513891038314,"expectancy":0.5196531149999999,"expectancy_ratio":0.1653891992869876,"sortino":26.53668840423179,"sharpe":0.277895126541452,"calmar":9.52731824938199,"sqn":0.4281,"profit_factor":1.4410378647653,"max_drawdown_account":0.009366757461465822,"max_drawdown_abs":9.42600455}],"left_open_trades":[{"key":"TOTAL","trades":0,"profit_mean":0.0,"profit_mean_pct":0.0,"profit_total_abs":0.0,"profit_total":0.0,"profit_total_pct":0.0,"duration_avg":"0:00","wins":0,"draws":0,"losses":0,"winrate":0.0,"cagr":0.0,"expectancy":0.0,"expectancy_ratio":100.0,"sortino":0,"sharpe":0,"calmar":0,"sqn":0.0,"profit_factor":0.0,"max_drawdown_account":0.0,"max_drawdown_abs":0.0}],"total_trades":8,"trade_count_long":8,"trade_count_short":0,"total_volume":2986.0693212932765,"avg_stake_amount":99.26671375,"profit_mean":0.005199062316918227,"profit_median":0.01184513496386933,"profit_total":0.004157224920000001,"profit_total_long":0.004157224920000001,"profit_total_short":0.0,"profit_total_abs":4.157224920000001,"profit_total_long_abs":4.157224920000001,"profit_total_short_abs":0.0,"cagr":0.017159513891038314,"expectancy":0.5196531149999999,"expectancy_ratio":0.1653891992869876,"sortino":26.53668840423179,"sharpe":0.277895126541452,"calmar":9.52731824938199,"sqn":0.4281,"profit_factor":1.4410378647653,"backtest_start":"2025-11-25 00:00:00","backtest_start_ts":1764028800000,"backtest_end":"2026-02-22 14:00:00","backtest_end_ts":1771768800000,"backtest_days":89,"backtest_run_start_ts":1771812900,"backtest_run_end_ts":1771812901,"trades_per_day":0.09,"market_change":-0.32625703932678735,"pairlist":["BTC/USDT:USDT","ETH/USDT:USDT","XRP/USDT:USDT","DOGE/USDT:USDT"],"stake_amount":100.0,"stake_currency":"USDT","stake_currency_decimals":3,"starting_balance":1000,"dry_run_wallet":1000,"final_balance":1004.15722492,"rejected_signals":0,"timedout_entry_orders":0,"timedout_exit_orders":1,"canceled_trade_entries":0,"canceled_entry_orders":0,"replaced_entry_orders":0,"max_open_trades":3,"max_open_trades_setting":3,"timeframe":"30m","timeframe_detail":"","timerange":"20251125-20260223","enable_protections":false,"strategy_name":"SupertrendFuturesStrategyV8_2","freqaimodel":null,"freqai_identifier":null,"stoploss":-0.03,"trailing_stop":true,"trailing_stop_positive":0.02,"trailing_stop_positive_offset":0.03,"trailing_only_offset_is_reached":true,"use_custom_stoploss":false,"minimal_roi":{"0":0.06},"use_exit_signal":true,"exit_profit_only":false,"exit_profit_offset":0.0,"ignore_roi_if_entry_signal":false,"trading_mode":"futures","margin_mode":"isolated","periodic_breakdown":{"day":[{"date":"02/01/2026","date_ts":1767312000000,"profit_abs":6.32525063,"wins":3,"draws":0,"losses":0,"trades":3,"profit_factor":0.0},{"date":"03/01/2026","date_ts":1767398400000,"profit_abs":0.0,"wins":0,"draws":0,"losses":0,"trades":0,"profit_factor":0.0},{"date":"04/01/2026","date_ts":1767484800000,"profit_abs":-3.1848327,"wins":0,"draws":0,"losses":1,"trades":1,"profit_factor":0.0},{"date":"05/01/2026","date_ts":1767571200000,"profit_abs":0.0,"wins":0,"draws":0,"losses":0,"trades":0,"profit_factor":0.0},{"date":"06/01/2026","date_ts":1767657600000,"profit_abs":-3.13848777,"wins":0,"draws":0,"losses":1,"trades":1,"profit_factor":0.0},{"date":"07/01/2026","date_ts":1767744000000,"profit_abs":0.0,"wins":0,"draws":0,"losses":0,"trades":0,"profit_factor":0.0},{"date":"08/01/2026","date_ts":1767830400000,"profit_abs":0.0,"wins":0,"draws":0,"losses":0,"trades":0,"profit_factor":0.0},{"date":"09/01/2026","date_ts":1767916800000,"profit_abs":0.0,"wins":0,"draws":0,"losses":0,"trades":0,"profit_factor":0.0},{"date":"10/01/2026","date_ts":1768003200000,"profit_abs":0.0,"wins":0,"draws":0,"losses":0,"trades":0,"profit_factor":0.0},{"date":"11/01/2026","date_ts":1768089600000,"profit_abs":0.0,"wins":0,"draws":0,"losses":0,"trades":0,"profit_factor":0.0},{"date":"12/01/2026","date_ts":1768176000000,"profit_abs":-3.10268408,"wins":0,"draws":0,"losses":1,"trades":1,"profit_factor":0.0},{"date":"13/01/2026","date_ts":1768262400000,"profit_abs":5.95014,"wins":1,"draws":0,"losses":0,"trades":1,"profit_factor":0.0},{"date":"14/01/2026","date_ts":1768348800000,"profit_abs":1.30783884,"wins":1,"draws":0,"losses":0,"trades":1,"profit_factor":0.0}],"week":[{"date":"05/01/2026","date_ts":1767571200000,"profit_abs":3.14041793,"wins":3,"draws":0,"losses":1,"trades":4,"profit_factor":1.98605428},{"date":"12/01/2026","date_ts":1768176000000,"profit_abs":-6.24117185,"wins":0,"draws":0,"losses":2,"trades":2,"profit_factor":0.0},{"date":"19/01/2026","date_ts":1768780800000,"profit_abs":7.25797884,"wins":2,"draws":0,"losses":0,"trades":2,"profit_factor":0.0}],"month":[{"date":"31/01/2026","date_ts":1769817600000,"profit_abs":4.15722492,"wins":5,"draws":0,"losses":3,"trades":8,"profit_factor":1.44103786}],"year":[{"date":"31/12/2026","date_ts":1798675200000,"profit_abs":4.15722492,"wins":5,"draws":0,"losses":3,"trades":8,"profit_factor":1.44103786}],"weekday":[{"date":"Monday","date_ts":0,"profit_abs":-3.10268408,"wins":0,"draws":0,"losses":1,"trades":1,"profit_factor":0.0},{"date":"Tuesday","date_ts":1,"profit_abs":2.81165223,"wins":1,"draws":0,"losses":1,"trades":2,"profit_factor":1.8958621},{"date":"Wednesday","date_ts":2,"profit_abs":1.30783884,"wins":1,"draws":0,"losses":0,"trades":1,"profit_factor":0.0},{"date":"Friday","date_ts":4,"profit_abs":6.32525063,"wins":3,"draws":0,"losses":0,"trades":3,"profit_factor":0.0},{"date":"Sunday","date_ts":6,"profit_abs":-3.1848327,"wins":0,"draws":0,"losses":1,"trades":1,"profit_factor":0.0}]},"backtest_best_day":0.06339429662680099,"backtest_worst_day":-0.03190801684050628,"backtest_best_day_abs":6.32525063,"backtest_worst_day_abs":-3.1848327,"winning_days":3,"draw_days":7,"losing_days":3,"daily_profit":[["2026-01-02",6.32525063],["2026-01-03",0.0],["2026-01-04",-3.1848327],["2026-01-05",0.0],["2026-01-06",-3.13848777],["2026-01-07",0.0],["2026-01-08",0.0],["2026-01-09",0.0],["2026-01-10",0.0],["2026-01-11",0.0],["2026-01-12",-3.10268408],["2026-01-13",5.95014],["2026-01-14",1.30783884]],"wins":5,"losses":3,"draws":0,"winrate":0.625,"holding_avg":"3:52:00","holding_avg_s":13920.0,"winner_holding_min":"0d 00:30","winner_holding_min_s":1800.0,"winner_holding_max":"0d 03:30","winner_holding_max_s":12600.0,"winner_holding_avg":"0d 02:00","winner_holding_avg_s":7200.0,"loser_holding_min":"0d 00:00","loser_holding_min_s":0.0,"loser_holding_max":"0d 20:00","loser_holding_max_s":72000.0,"loser_holding_avg":"0d 07:00","loser_holding_avg_s":25200.0,"max_consecutive_wins":3,"max_consecutive_losses":3,"max_drawdown_account":0.009366757461465822,"max_relative_drawdown":0.009366757461465822,"max_drawdown_abs":9.42600455,"drawdown_start":"2026-01-02 20:30:00","drawdown_start_ts":1767385800000.0,"drawdown_end":"2026-01-12 14:00:00","drawdown_end_ts":1768226400000.0,"drawdown_duration":"9 days 17:30:00","drawdown_duration_s":840600.0,"max_drawdown_low":-3.1007539199999994,"max_drawdown_high":6.32525063,"csum_min":996.89924608,"csum_max":1006.32525063},"SupertrendFuturesStrategyV8_1":{"trades":[{"pair":"BTC/USDT:USDT","stake_amount":99.73106,"max_stake_amount":99.73106,"amount":0.0022,"open_date":"2025-11-27 01:30:00+00:00","close_date":"2025-11-28 13:30:00+00:00","open_rate":90664.6,"close_rate":91706.175,"fee_open":0.0005,"fee_close":0.0005,"trade_duration":2160,"profit_ratio":0.020980674701905625,"profit_abs":2.09347114,"exit_reason":"trailing_stop_loss","initial_stop_loss_abs":89304.63100000001,"initial_stop_loss_ratio":-0.03,"stop_loss_abs":91706.175,"stop_loss_ratio":-0.02,"min_rate":90415.1,"max_rate":92632.5,"is_open":false,"enter_tag":"","leverage":2,"is_short":false,"open_timestamp":1764207000000,"close_timestamp":1764336600000,"orders":[{"amount":0.0022,"safe_price":90664.6,"ft_order_side":"buy","order_filled_timestamp":1764207000000,"ft_is_entry":true,"ft_order_tag":"","cost":199.56185106},{"amount":0.0022,"safe_price":91706.175,"ft_order_side":"sell","order_filled_timestamp":1764336600000,"ft_is_entry":false,"ft_order_tag":"trailing_stop_loss","cost":201.85446179250002}],"funding_fees":0.0026139928936373524,"weekday":4},{"pair":"DOGE/USDT:USDT","stake_amount":99.7107,"max_stake_amount":99.7107,"amount":1570.0,"open_date":"2026-01-02 03:30:00+00:00","close_date":"2026-01-02 04:00:00+00:00","open_rate":0.12702,"close_rate":0.12815,"fee_open":0.0005,"fee_close":0.0005,"trade_duration":30,"profit_ratio":0.01577568954461519,"profit_abs":1.57379155,"exit_reason":"trailing_stop_loss","initial_stop_loss_abs":0.12512,"initial_stop_loss_ratio":-0.03,"stop_loss_abs":0.12815,"stop_loss_ratio":-0.02,"min_rate":0.12702,"max_rate":0.12944,"is_open":false,"enter_tag":"","leverage":2,"is_short":false,"open_timestamp":1767324600000,"close_timestamp":1767326400000,"orders":[{"amount":1570.0,"safe_price":0.12702,"ft_order_side":"buy","order_filled_timestamp":1767324600000,"ft_is_entry":true,"ft_order_tag":"","cost":199.52111069999998},{"amount":1570.0,"safe_price":0.12815,"ft_order_side":"sell","order_filled_timestamp":1767326400000,"ft_is_entry":false,"ft_order_tag":"trailing_stop_loss","cost":201.29609774999997}],"funding_fees":0.0,"weekday":4},{"pair":"DOGE/USDT:USDT","stake_amount":99.9024,"max_stake_amount":99.9024,"amount":1560.0,"open_date":"2026-01-02 08:30:00+00:00","close_date":"2026-01-02 09:30:00+00:00","open_rate":0.12808,"close_rate":0.13205246623311653,"fee_open":0.0005,"fee_close":0.0005,"trade_duration":60,"profit_ratio":0.059970014992503755,"profit_abs":5.994144,"exit_reason":"roi","initial_stop_loss_abs":0.12616,"initial_stop_loss_ratio":-0.03,"stop_loss_abs":0.1335,"stop_loss_ratio":-0.02,"min_rate":0.12799,"max_rate":0.13484,"is_open":false,"enter_tag":"","leverage":2,"is_short":false,"open_timestamp":1767342600000,"close_timestamp":1767346200000,"orders":[{"amount":1560.0,"safe_price":0.12808,"ft_order_side":"buy","order_filled_timestamp":1767342600000,"ft_is_entry":true,"ft_order_tag":"","cost":199.9047024},{"amount":1560.0,"safe_price":0.13205246623311653,"ft_order_side":"sell","order_filled_timestamp":1767346200000,"ft_is_entry":false,"ft_order_tag":"roi","cost":206.10484824732362}],"funding_fees":0.0,"weekday":4},{"pair":"DOGE/USDT:USDT","stake_amount":99.7956,"max_stake_amount":99.7956,"amount":1520.0,"open_date":"2026-01-02 13:00:00+00:00","close_date":"2026-01-02 14:30:00+00:00","open_rate":0.13131,"close_rate":0.13397,"fee_open":0.0005,"fee_close":0.0005,"trade_duration":90,"profit_ratio":0.03847531721154882,"profit_abs":3.8415872,"exit_reason":"trailing_stop_loss","initial_stop_loss_abs":0.12935,"initial_stop_loss_ratio":-0.03,"stop_loss_abs":0.13397,"stop_loss_ratio":-0.02,"min_rate":0.1295,"max_rate":0.13532,"is_open":false,"enter_tag":"","leverage":2,"is_short":false,"open_timestamp":1767358800000,"close_timestamp":1767364200000,"orders":[{"amount":1520.0,"safe_price":0.13131,"ft_order_side":"buy","order_filled_timestamp":1767358800000,"ft_is_entry":true,"ft_order_tag":"","cost":199.6909956},{"amount":1520.0,"safe_price":0.13397,"ft_order_side":"sell","order_filled_timestamp":1767364200000,"ft_is_entry":false,"ft_order_tag":"trailing_stop_loss","cost":203.7362172}],"funding_fees":0.0,"weekday":4},{"pair":"DOGE/USDT:USDT","stake_amount":99.7704,"max_stake_amount":99.7704,"amount":1490.0,"open_date":"2026-01-02 15:00:00+00:00","close_date":"2026-01-02 15:30:00+00:00","open_rate":0.13392,"close_rate":0.13487,"fee_open":0.0005,"fee_close":0.0005,"trade_duration":30,"profit_ratio":0.012174393687266282,"profit_abs":1.21525145,"exit_reason":"trailing_stop_loss","initial_stop_loss_abs":0.13192,"initial_stop_loss_ratio":-0.03,"stop_loss_abs":0.13487,"stop_loss_ratio":-0.02,"min_rate":0.13298,"max_rate":0.13623,"is_open":false,"enter_tag":"","leverage":2,"is_short":false,"open_timestamp":1767366000000,"close_timestamp":1767367800000,"orders":[{"amount":1490.0,"safe_price":0.13392,"ft_order_side":"buy","order_filled_timestamp":1767366000000,"ft_is_entry":true,"ft_order_tag":"","cost":199.6405704},{"amount":1490.0,"safe_price":0.13487,"ft_order_side":"sell","order_filled_timestamp":1767367800000,"ft_is_entry":false,"ft_order_tag":"trailing_stop_loss","cost":201.05677814999999}],"funding_fees":0.0,"weekday":4},{"pair":"DOGE/USDT:USDT","stake_amount":99.3573,"max_stake_amount":99.3573,"amount":1470.0,"open_date":"2026-01-02 16:00:00+00:00","close_date":"2026-01-02 16:30:00+00:00","open_rate":0.13518,"close_rate":0.13715,"fee_open":0.0005,"fee_close":0.0005,"trade_duration":30,"profit_ratio":0.027031489403385064,"profit_abs":2.68711869,"exit_reason":"trailing_stop_loss","initial_stop_loss_abs":0.13316,"initial_stop_loss_ratio":-0.03,"stop_loss_abs":0.13715,"stop_loss_ratio":-0.02,"min_rate":0.1347,"max_rate":0.13853,"is_open":false,"enter_tag":"","leverage":2,"is_short":false,"open_timestamp":1767369600000,"close_timestamp":1767371400000,"orders":[{"amount":1470.0,"safe_price":0.13518,"ft_order_side":"buy","order_filled_timestamp":1767369600000,"ft_is_entry":true,"ft_order_tag":"","cost":198.81395729999997},{"amount":1470.0,"safe_price":0.13715,"ft_order_side":"sell","order_filled_timestamp":1767371400000,"ft_is_entry":false,"ft_order_tag":"trailing_stop_loss","cost":201.71130524999998}],"funding_fees":-0.008618757482398043,"weekday":4},{"pair":"DOGE/USDT:USDT","stake_amount":99.576,"max_stake_amount":99.576,"amount":1440.0,"open_date":"2026-01-02 17:00:00+00:00","close_date":"2026-01-02 20:30:00+00:00","open_rate":0.1383,"close_rate":0.13916,"fee_open":0.0005,"fee_close":0.0005,"trade_duration":210,"profit_ratio":0.010425300726354104,"profit_abs":1.0386288,"exit_reason":"trailing_stop_loss","initial_stop_loss_abs":0.13623,"initial_stop_loss_ratio":-0.03,"stop_loss_abs":0.13916,"stop_loss_ratio":-0.02,"min_rate":0.13726,"max_rate":0.14056,"is_open":false,"enter_tag":"","leverage":2,"is_short":false,"open_timestamp":1767373200000,"close_timestamp":1767385800000,"orders":[{"amount":1440.0,"safe_price":0.1383,"ft_order_side":"buy","order_filled_timestamp":1767373200000,"ft_is_entry":true,"ft_order_tag":"","cost":199.251576},{"amount":1440.0,"safe_price":0.13916,"ft_order_side":"sell","order_filled_timestamp":1767385800000,"ft_is_entry":false,"ft_order_tag":"trailing_stop_loss","cost":200.4905952}],"funding_fees":0.0,"weekday":4},{"pair":"DOGE/USDT:USDT","stake_amount":99.6424,"max_stake_amount":99.6424,"amount":1340.0,"open_date":"2026-01-04 03:30:00+00:00","close_date":"2026-01-04 03:30:00+00:00","open_rate":0.14872,"close_rate":0.1516944,"fee_open":0.0005,"fee_close":0.0005,"trade_duration":0,"profit_ratio":0.037961019470193126,"profit_abs":3.78441835,"exit_reason":"trailing_stop_loss","initial_stop_loss_abs":0.14649,"initial_stop_loss_ratio":-0.03,"stop_loss_abs":0.1504,"stop_loss_ratio":-0.02,"min_rate":0.14851,"max_rate":0.15191,"is_open":false,"enter_tag":"","leverage":2,"is_short":false,"open_timestamp":1767497400000,"close_timestamp":1767497400000,"orders":[{"amount":1340.0,"safe_price":0.14872,"ft_order_side":"buy","order_filled_timestamp":1767497400000,"ft_is_entry":true,"ft_order_tag":"","cost":199.38444239999998},{"amount":1340.0,"safe_price":0.1516944,"ft_order_side":"sell","order_filled_timestamp":1767497400000,"ft_is_entry":false,"ft_order_tag":"trailing_stop_loss","cost":203.372131248}],"funding_fees":0.0,"weekday":6},{"pair":"DOGE/USDT:USDT","stake_amount":99.684,"max_stake_amount":99.684,"amount":1300.0,"open_date":"2026-01-04 12:30:00+00:00","close_date":"2026-01-04 14:30:00+00:00","open_rate":0.15336,"close_rate":0.15106,"fee_open":0.0005,"fee_close":0.0005,"trade_duration":120,"profit_ratio":-0.0319638042220413,"profit_abs":-3.187873,"exit_reason":"stop_loss","initial_stop_loss_abs":0.15106,"initial_stop_loss_ratio":-0.03,"stop_loss_abs":0.15106,"stop_loss_ratio":-0.03,"min_rate":0.15036,"max_rate":0.15404,"is_open":false,"enter_tag":"","leverage":2,"is_short":false,"open_timestamp":1767529800000,"close_timestamp":1767537000000,"orders":[{"amount":1300.0,"safe_price":0.15336,"ft_order_side":"buy","order_filled_timestamp":1767529800000,"ft_is_entry":true,"ft_order_tag":"","cost":199.467684},{"amount":1300.0,"safe_price":0.15106,"ft_order_side":"sell","order_filled_timestamp":1767537000000,"ft_is_entry":false,"ft_order_tag":"stop_loss","cost":196.47618899999998}],"funding_fees":0.0,"weekday":6},{"pair":"ETH/USDT:USDT","stake_amount":99.1455,"max_stake_amount":99.1455,"amount":0.06,"open_date":"2026-01-06 14:30:00+00:00","close_date":"2026-01-06 16:00:00+00:00","open_rate":3304.85,"close_rate":3255.2772499999996,"fee_open":0.0005,"fee_close":0.0005,"trade_duration":90,"profit_ratio":-0.03196244250952475,"profit_abs":-3.17051681,"exit_reason":"stop_loss","initial_stop_loss_abs":3255.2772499999996,"initial_stop_loss_ratio":-0.03,"stop_loss_abs":3255.2772499999996,"stop_loss_ratio":-0.03,"min_rate":3245.8,"max_rate":3305.0,"is_open":false,"enter_tag":"","leverage":2,"is_short":false,"open_timestamp":1767709800000,"close_timestamp":1767715200000,"orders":[{"amount":0.06,"safe_price":3304.85,"ft_order_side":"buy","order_filled_timestamp":1767709800000,"ft_is_entry":true,"ft_order_tag":"","cost":198.3901455},{"amount":0.06,"safe_price":3255.2772499999996,"ft_order_side":"sell","order_filled_timestamp":1767715200000,"ft_is_entry":false,"ft_order_tag":"stop_loss","cost":195.41429331749995}],"funding_fees":0.0006520030232921894,"weekday":1},{"pair":"ETH/USDT:USDT","stake_amount":99.14025,"max_stake_amount":99.14025,"amount":0.061,"open_date":"2026-01-06 17:00:00+00:00","close_date":"2026-01-06 17:30:00+00:00","open_rate":3250.5,"close_rate":3201.7425,"fee_open":0.0005,"fee_close":0.0005,"trade_duration":30,"profit_ratio":-0.03196901553006017,"profit_abs":-3.1710009,"exit_reason":"stop_loss","initial_stop_loss_abs":3201.7425,"initial_stop_loss_ratio":-0.03,"stop_loss_abs":3201.7425,"stop_loss_ratio":-0.03,"min_rate":3188.13,"max_rate":3259.0,"is_open":false,"enter_tag":"","leverage":2,"is_short":false,"open_timestamp":1767718800000,"close_timestamp":1767720600000,"orders":[{"amount":0.061,"safe_price":3250.5,"ft_order_side":"buy","order_filled_timestamp":1767718800000,"ft_is_entry":true,"ft_order_tag":"","cost":198.37964024999997},{"amount":0.061,"safe_price":3201.7425,"ft_order_side":"sell","order_filled_timestamp":1767720600000,"ft_is_entry":false,"ft_order_tag":"stop_loss","cost":195.40394564624998}],"funding_fees":0.0,"weekday":1},{"pair":"ETH/USDT:USDT","stake_amount":98.540505,"max_stake_amount":98.540505,"amount":0.063,"open_date":"2026-01-11 17:00:00+00:00","close_date":"2026-01-12 14:00:00+00:00","open_rate":3128.27,"close_rate":3081.34595,"fee_open":0.0005,"fee_close":0.0005,"trade_duration":1260,"profit_ratio":-0.03222248982578387,"profit_abs":-3.17680803,"exit_reason":"stop_loss","initial_stop_loss_abs":3081.34595,"initial_stop_loss_ratio":-0.03,"stop_loss_abs":3081.34595,"stop_loss_ratio":-0.03,"min_rate":3063.06,"max_rate":3170.85,"is_open":false,"enter_tag":"","leverage":2,"is_short":false,"open_timestamp":1768150800000,"close_timestamp":1768226400000,"orders":[{"amount":0.063,"safe_price":3128.27,"ft_order_side":"buy","order_filled_timestamp":1768150800000,"ft_is_entry":true,"ft_order_tag":"","cost":197.17955050499998},{"amount":0.063,"safe_price":3081.34595,"ft_order_side":"sell","order_filled_timestamp":1768226400000,"ft_is_entry":false,"ft_order_tag":"stop_loss","cost":194.221857247425}],"funding_fees":-0.024989980147097725,"weekday":0},{"pair":"ETH/USDT:USDT","stake_amount":99.169,"max_stake_amount":99.169,"amount":0.062,"open_date":"2026-01-13 19:00:00+00:00","close_date":"2026-01-13 22:00:00+00:00","open_rate":3199.0,"close_rate":3298.2186093046516,"fee_open":0.0005,"fee_close":0.0005,"trade_duration":180,"profit_ratio":0.05997001499250375,"profit_abs":5.95014,"exit_reason":"roi","initial_stop_loss_abs":3151.015,"initial_stop_loss_ratio":-0.03,"stop_loss_abs":3364.02,"stop_loss_ratio":-0.02,"min_rate":3188.52,"max_rate":3398.0,"is_open":false,"enter_tag":"","leverage":2,"is_short":false,"open_timestamp":1768330800000,"close_timestamp":1768341600000,"orders":[{"amount":0.062,"safe_price":3199.0,"ft_order_side":"buy","order_filled_timestamp":1768330800000,"ft_is_entry":true,"ft_order_tag":"","cost":198.43716899999998},{"amount":0.062,"safe_price":3298.2186093046516,"ft_order_side":"sell","order_filled_timestamp":1768341600000,"ft_is_entry":false,"ft_order_tag":"roi","cost":204.59179855377684}],"funding_fees":0.0,"weekday":1},{"pair":"ETH/USDT:USDT","stake_amount":98.8017,"max_stake_amount":98.8017,"amount":0.06,"open_date":"2026-01-14 12:30:00+00:00","close_date":"2026-01-14 14:30:00+00:00","open_rate":3293.39,"close_rate":3323.7567,"fee_open":0.0005,"fee_close":0.0005,"trade_duration":120,"profit_ratio":0.01642356621261644,"profit_abs":1.6234876,"exit_reason":"trailing_stop_loss","initial_stop_loss_abs":3243.98915,"initial_stop_loss_ratio":-0.03,"stop_loss_abs":3323.7567,"stop_loss_ratio":-0.02,"min_rate":3288.2,"max_rate":3357.33,"is_open":false,"enter_tag":"","leverage":2,"is_short":false,"open_timestamp":1768393800000,"close_timestamp":1768401000000,"orders":[{"amount":0.06,"safe_price":3293.39,"ft_order_side":"buy","order_filled_timestamp":1768393800000,"ft_is_entry":true,"ft_order_tag":"","cost":197.7022017},{"amount":0.06,"safe_price":3323.7567,"ft_order_side":"sell","order_filled_timestamp":1768401000000,"ft_is_entry":false,"ft_order_tag":"trailing_stop_loss","cost":199.52511470099998}],"funding_fees":0.0,"weekday":2},{"pair":"ETH/USDT:USDT","stake_amount":98.74889,"max_stake_amount":98.74889,"amount":0.059,"open_date":"2026-01-14 15:00:00+00:00","close_date":"2026-01-14 16:30:00+00:00","open_rate":3347.42,"close_rate":3369.4056,"fee_open":0.0005,"fee_close":0.0005,"trade_duration":90,"profit_ratio":0.010924009202619347,"profit_abs":1.07927315,"exit_reason":"trailing_stop_loss","initial_stop_loss_abs":3297.2087,"initial_stop_loss_ratio":-0.03,"stop_loss_abs":3369.4056,"stop_loss_ratio":-0.02,"min_rate":3326.01,"max_rate":3403.44,"is_open":false,"enter_tag":"","leverage":2,"is_short":false,"open_timestamp":1768402800000,"close_timestamp":1768408200000,"orders":[{"amount":0.059,"safe_price":3347.42,"ft_order_side":"buy","order_filled_timestamp":1768402800000,"ft_is_entry":true,"ft_order_tag":"","cost":197.59652889},{"amount":0.059,"safe_price":3369.4056,"ft_order_side":"sell","order_filled_timestamp":1768408200000,"ft_is_entry":false,"ft_order_tag":"trailing_stop_loss","cost":198.89432786519998}],"funding_fees":-0.019730898,"weekday":2},{"pair":"ETH/USDT:USDT","stake_amount":99.975795,"max_stake_amount":99.975795,"amount":0.059,"open_date":"2026-01-14 19:30:00+00:00","close_date":"2026-01-15 00:00:00+00:00","open_rate":3389.01,"close_rate":3338.1748500000003,"fee_open":0.0005,"fee_close":0.0005,"trade_duration":270,"profit_ratio":-0.03199405720502474,"profit_abs":-3.20023062,"exit_reason":"stop_loss","initial_stop_loss_abs":3338.1748500000003,"initial_stop_loss_ratio":-0.03,"stop_loss_abs":3338.1748500000003,"stop_loss_ratio":-0.03,"min_rate":3335.24,"max_rate":3400.0,"is_open":false,"enter_tag":"","leverage":2,"is_short":false,"open_timestamp":1768419000000,"close_timestamp":1768435200000,"orders":[{"amount":0.059,"safe_price":3389.01,"ft_order_side":"buy","order_filled_timestamp":1768419000000,"ft_is_entry":true,"ft_order_tag":"","cost":200.051565795},{"amount":0.059,"safe_price":3338.1748500000003,"ft_order_side":"sell","order_filled_timestamp":1768435200000,"ft_is_entry":false,"ft_order_tag":"stop_loss","cost":197.050792308075}],"funding_fees":-0.002504814472703328,"weekday":3}],"locks":[],"best_pair":{"key":"DOGE/USDT:USDT","trades":8,"profit_mean":0.02123117760172813,"profit_mean_pct":2.12,"profit_total_abs":16.94706704,"profit_total":0.01694706704,"profit_total_pct":1.69,"duration_avg":"1:11:00","wins":7,"draws":0,"losses":1,"winrate":0.875,"cagr":0.07135013249593869,"expectancy":2.11838338,"expectancy_ratio":0.6645131032509766,"sortino":-100,"sharpe":1.433471000786331,"calmar":116.4146359005049,"sqn":2.2085,"profit_factor":6.316104826007811,"max_drawdown_account":0.0031249522733482393,"max_drawdown_abs":3.1878729999999997},"worst_pair":{"key":"ETH/USDT:USDT","trades":7,"profit_mean":-0.005832916380379143,"profit_mean_pct":-0.58,"profit_total_abs":-4.06565561,"profit_total":-0.004065655610000001,"profit_total_pct":-0.41,"duration_avg":"4:51:00","wins":3,"draws":0,"losses":4,"winrate":0.42857142857142855,"cagr":-0.01656894292646005,"expectancy":-0.5808079442857141,"expectancy_ratio":-0.1826647389360514,"sortino":-71.86913461953138,"sharpe":-0.2626577670511739,"calmar":-9.169094532490785,"sqn":-0.4282,"profit_factor":0.68033670686191,"max_drawdown_account":0.009518325740000022,"max_drawdown_abs":9.51832574},"results_per_pair":[{"key":"DOGE/USDT:USDT","trades":8,"profit_mean":0.02123117760172813,"profit_mean_pct":2.12,"profit_total_abs":16.94706704,"profit_total":0.01694706704,"profit_total_pct":1.69,"duration_avg":"1:11:00","wins":7,"draws":0,"losses":1,"winrate":0.875,"cagr":0.07135013249593869,"expectancy":2.11838338,"expectancy_ratio":0.6645131032509766,"sortino":-100,"sharpe":1.433471000786331,"calmar":116.4146359005049,"sqn":2.2085,"profit_factor":6.316104826007811,"max_drawdown_account":0.0031249522733482393,"max_drawdown_abs":3.1878729999999997},{"key":"BTC/USDT:USDT","trades":1,"profit_mean":0.020980674701905625,"profit_mean_pct":2.1,"profit_total_abs":2.09347114,"profit_total":0.0020934711400000003,"profit_total_pct":0.21,"duration_avg":"1 day, 12:00:00","wins":1,"draws":0,"losses":0,"winrate":1.0,"cagr":0.008613494063962168,"expectancy":2.09347114,"expectancy_ratio":100.0,"sortino":-100,"sharpe":-100,"calmar":-100,"sqn":-100.0,"profit_factor":0.0,"max_drawdown_account":0.0,"max_drawdown_abs":0.0},{"key":"XRP/USDT:USDT","trades":0,"profit_mean":0.0,"profit_mean_pct":0.0,"profit_total_abs":0.0,"profit_total":0.0,"profit_total_pct":0.0,"duration_avg":"0:00","wins":0,"draws":0,"losses":0,"winrate":0.0,"cagr":0.0,"expectancy":0.0,"expectancy_ratio":100.0,"sortino":0,"sharpe":0,"calmar":0,"sqn":0.0,"profit_factor":0.0,"max_drawdown_account":0.0,"max_drawdown_abs":0.0},{"key":"ETH/USDT:USDT","trades":7,"profit_mean":-0.005832916380379143,"profit_mean_pct":-0.58,"profit_total_abs":-4.06565561,"profit_total":-0.004065655610000001,"profit_total_pct":-0.41,"duration_avg":"4:51:00","wins":3,"draws":0,"losses":4,"winrate":0.42857142857142855,"cagr":-0.01656894292646005,"expectancy":-0.5808079442857141,"expectancy_ratio":-0.1826647389360514,"sortino":-71.86913461953138,"sharpe":-0.2626577670511739,"calmar":-9.169094532490785,"sqn":-0.4282,"profit_factor":0.68033670686191,"max_drawdown_account":0.009518325740000022,"max_drawdown_abs":9.51832574},{"key":"TOTAL","trades":16,"profit_mean":0.009374980053317291,"profit_mean_pct":0.94,"profit_total_abs":14.974882570000002,"profit_total":0.014974882570000002,"profit_total_pct":1.5,"duration_avg":"4:58:00","wins":11,"draws":0,"losses":5,"winrate":0.6875,"cagr":0.06285485939904945,"expectancy":0.9359301606250001,"expectancy_ratio":0.29419869772237806,"sortino":283.2232020445547,"sharpe":1.0247674236042719,"calmar":25.861407311108636,"sqn":1.1556,"profit_factor":1.94143583271161,"max_drawdown_account":0.01242990177247442,"max_drawdown_abs":12.706198740000001}],"results_per_enter_tag":[{"key":"","trades":16,"profit_mean":0.009374980053317291,"profit_mean_pct":0.94,"profit_total_abs":14.974882570000002,"profit_total":0.014974882570000002,"profit_total_pct":1.5,"duration_avg":"4:58:00","wins":11,"draws":0,"losses":5,"winrate":0.6875,"cagr":0.06285485939904945,"expectancy":0.9359301606250001,"expectancy_ratio":0.29419869772237806,"sortino":283.2232020445547,"sharpe":1.0247674236042719,"calmar":25.861407311108636,"sqn":1.1556,"profit_factor":1.94143583271161,"max_drawdown_account":0.01242990177247442,"max_drawdown_abs":12.706198740000001},{"key":"TOTAL","trades":16,"profit_mean":0.009374980053317291,"profit_mean_pct":0.94,"profit_total_abs":14.974882570000002,"profit_total":0.014974882570000002,"profit_total_pct":1.5,"duration_avg":"4:58:00","wins":11,"draws":0,"losses":5,"winrate":0.6875,"cagr":0.06285485939904945,"expectancy":0.9359301606250001,"expectancy_ratio":0.29419869772237806,"sortino":283.2232020445547,"sharpe":1.0247674236042719,"calmar":25.861407311108636,"sqn":1.1556,"profit_factor":1.94143583271161,"max_drawdown_account":0.01242990177247442,"max_drawdown_abs":12.706198740000001}],"exit_reason_summary":[{"key":"trailing_stop_loss","trades":9,"profit_mean":0.021130162240055997,"profit_mean_pct":2.11,"profit_total_abs":18.93702793,"profit_total":0.01893702793,"profit_total_pct":1.89,"duration_avg":"5:07:00","wins":9,"draws":0,"losses":0,"winrate":1.0,"cagr":0.07997391895394412,"expectancy":2.1041142144444445,"expectancy_ratio":100.0,"sortino":-100,"sharpe":3.9216925097465247,"calmar":-100,"sqn":5.7414,"profit_factor":0.0,"max_drawdown_account":0.0,"max_drawdown_abs":0.0},{"key":"roi","trades":2,"profit_mean":0.05997001499250375,"profit_mean_pct":6.0,"profit_total_abs":11.944284,"profit_total":0.011944284,"profit_total_pct":1.19,"duration_avg":"2:00:00","wins":2,"draws":0,"losses":0,"winrate":1.0,"cagr":0.04989981830895518,"expectancy":5.972142,"expectancy_ratio":100.0,"sortino":-100,"sharpe":116.5344649000854,"calmar":-100,"sqn":271.4363,"profit_factor":0.0,"max_drawdown_account":0.0,"max_drawdown_abs":0.0},{"key":"stop_loss","trades":5,"profit_mean":-0.03202236185848697,"profit_mean_pct":-3.2,"profit_total_abs":-15.90642936,"profit_total":-0.015906429360000002,"profit_total_pct":-1.59,"duration_avg":"5:54:00","wins":0,"draws":0,"losses":5,"winrate":0.0,"cagr":-0.06364314782860703,"expectancy":-3.181285872,"expectancy_ratio":-1.0,"sortino":-300.8417485329715,"sharpe":-300.8417485329715,"calmar":-21.466261993868386,"sqn":-560.5853,"profit_factor":0.0,"max_drawdown_account":0.015906429359999946,"max_drawdown_abs":15.90642936},{"key":"TOTAL","trades":16,"profit_mean":0.009374980053317291,"profit_mean_pct":0.94,"profit_total_abs":14.974882570000002,"profit_total":0.014974882570000002,"profit_total_pct":1.5,"duration_avg":"4:58:00","wins":11,"draws":0,"losses":5,"winrate":0.6875,"cagr":0.06285485939904945,"expectancy":0.9359301606250001,"expectancy_ratio":0.29419869772237806,"sortino":283.2232020445547,"sharpe":1.0247674236042719,"calmar":25.861407311108636,"sqn":1.1556,"profit_factor":1.94143583271161,"max_drawdown_account":0.01242990177247442,"max_drawdown_abs":12.706198740000001}],"mix_tag_stats":[{"key":["","trailing_stop_loss"],"trades":9,"profit_mean":0.021130162240055997,"profit_mean_pct":2.11,"profit_total_abs":18.93702793,"profit_total":0.01893702793,"profit_total_pct":1.89,"duration_avg":"5:07:00","wins":9,"draws":0,"losses":0,"winrate":1.0,"cagr":0.07997391895394412,"expectancy":2.1041142144444445,"expectancy_ratio":100.0,"sortino":-100,"sharpe":3.9216925097465247,"calmar":-100,"sqn":5.7414,"profit_factor":0.0,"max_drawdown_account":0.0,"max_drawdown_abs":0.0},{"key":["","roi"],"trades":2,"profit_mean":0.05997001499250375,"profit_mean_pct":6.0,"profit_total_abs":11.944284,"profit_total":0.011944284,"profit_total_pct":1.19,"duration_avg":"2:00:00","wins":2,"draws":0,"losses":0,"winrate":1.0,"cagr":0.04989981830895518,"expectancy":5.972142,"expectancy_ratio":100.0,"sortino":-100,"sharpe":116.5344649000854,"calmar":-100,"sqn":271.4363,"profit_factor":0.0,"max_drawdown_account":0.0,"max_drawdown_abs":0.0},{"key":["","stop_loss"],"trades":5,"profit_mean":-0.03202236185848697,"profit_mean_pct":-3.2,"profit_total_abs":-15.90642936,"profit_total":-0.015906429360000002,"profit_total_pct":-1.59,"duration_avg":"5:54:00","wins":0,"draws":0,"losses":5,"winrate":0.0,"cagr":-0.06364314782860703,"expectancy":-3.181285872,"expectancy_ratio":-1.0,"sortino":-300.8417485329715,"sharpe":-300.8417485329715,"calmar":-21.466261993868386,"sqn":-560.5853,"profit_factor":0.0,"max_drawdown_account":0.015906429359999946,"max_drawdown_abs":15.90642936},{"key":"TOTAL","trades":16,"profit_mean":0.009374980053317291,"profit_mean_pct":0.94,"profit_total_abs":14.974882570000002,"profit_total":0.014974882570000002,"profit_total_pct":1.5,"duration_avg":"4:58:00","wins":11,"draws":0,"losses":5,"winrate":0.6875,"cagr":0.06285485939904945,"expectancy":0.9359301606250001,"expectancy_ratio":0.29419869772237806,"sortino":283.2232020445547,"sharpe":1.0247674236042719,"calmar":25.861407311108636,"sqn":1.1556,"profit_factor":1.94143583271161,"max_drawdown_account":0.01242990177247442,"max_drawdown_abs":12.706198740000001}],"left_open_trades":[{"key":"TOTAL","trades":0,"profit_mean":0.0,"profit_mean_pct":0.0,"profit_total_abs":0.0,"profit_total":0.0,"profit_total_pct":0.0,"duration_avg":"0:00","wins":0,"draws":0,"losses":0,"winrate":0.0,"cagr":0.0,"expectancy":0.0,"expectancy_ratio":100.0,"sortino":0,"sharpe":0,"calmar":0,"sqn":0.0,"profit_factor":0.0,"max_drawdown_account":0.0,"max_drawdown_abs":0.0}],"total_trades":16,"trade_count_long":16,"trade_count_short":0,"total_volume":6384.17444497705,"avg_stake_amount":99.41821875,"profit_mean":0.009374980053317291,"profit_median":0.013975041615940736,"profit_total":0.014974882570000002,"profit_total_long":0.014974882570000002,"profit_total_short":0.0,"profit_total_abs":14.974882570000002,"profit_total_long_abs":14.974882570000002,"profit_total_short_abs":0.0,"cagr":0.06285485939904945,"expectancy":0.9359301606250001,"expectancy_ratio":0.29419869772237806,"sortino":283.2232020445547,"sharpe":1.0247674236042719,"calmar":25.861407311108636,"sqn":1.1556,"profit_factor":1.94143583271161,"backtest_start":"2025-11-25 00:00:00","backtest_start_ts":1764028800000,"backtest_end":"2026-02-22 14:00:00","backtest_end_ts":1771768800000,"backtest_days":89,"backtest_run_start_ts":1771812962,"backtest_run_end_ts":1771812963,"trades_per_day":0.18,"market_change":-0.32625703932678735,"pairlist":["BTC/USDT:USDT","ETH/USDT:USDT","XRP/USDT:USDT","DOGE/USDT:USDT"],"stake_amount":100.0,"stake_currency":"USDT","stake_currency_decimals":3,"starting_balance":1000,"dry_run_wallet":1000,"final_balance":1014.97488257,"rejected_signals":0,"timedout_entry_orders":0,"timedout_exit_orders":2,"canceled_trade_entries":0,"canceled_entry_orders":0,"replaced_entry_orders":0,"max_open_trades":3,"max_open_trades_setting":3,"timeframe":"30m","timeframe_detail":"","timerange":"20251125-20260223","enable_protections":false,"strategy_name":"SupertrendFuturesStrategyV8_1","freqaimodel":null,"freqai_identifier":null,"stoploss":-0.03,"trailing_stop":true,"trailing_stop_positive":0.02,"trailing_stop_positive_offset":0.03,"trailing_only_offset_is_reached":true,"use_custom_stoploss":false,"minimal_roi":{"0":0.06},"use_exit_signal":true,"exit_profit_only":false,"exit_profit_offset":0.0,"ignore_roi_if_entry_signal":false,"trading_mode":"futures","margin_mode":"isolated","periodic_breakdown":{"day":[{"date":"28/11/2025","date_ts":1764288000000,"profit_abs":2.09347114,"wins":1,"draws":0,"losses":0,"trades":1,"profit_factor":0.0},{"date":"29/11/2025","date_ts":1764374400000,"profit_abs":0.0,"wins":0,"draws":0,"losses":0,"trades":0,"profit_factor":0.0},{"date":"30/11/2025","date_ts":1764460800000,"profit_abs":0.0,"wins":0,"draws":0,"losses":0,"trades":0,"profit_factor":0.0},{"date":"01/12/2025","date_ts":1764547200000,"profit_abs":0.0,"wins":0,"draws":0,"losses":0,"trades":0,"profit_factor":0.0},{"date":"02/12/2025","date_ts":1764633600000,"profit_abs":0.0,"wins":0,"draws":0,"losses":0,"trades":0,"profit_factor":0.0},{"date":"03/12/2025","date_ts":1764720000000,"profit_abs":0.0,"wins":0,"draws":0,"losses":0,"trades":0,"profit_factor":0.0},{"date":"04/12/2025","date_ts":1764806400000,"profit_abs":0.0,"wins":0,"draws":0,"losses":0,"trades":0,"profit_factor":0.0},{"date":"05/12/2025","date_ts":1764892800000,"profit_abs":0.0,"wins":0,"draws":0,"losses":0,"trades":0,"profit_factor":0.0},{"date":"06/12/2025","date_ts":1764979200000,"profit_abs":0.0,"wins":0,"draws":0,"losses":0,"trades":0,"profit_factor":0.0},{"date":"07/12/2025","date_ts":1765065600000,"profit_abs":0.0,"wins":0,"draws":0,"losses":0,"trades":0,"profit_factor":0.0},{"date":"08/12/2025","date_ts":1765152000000,"profit_abs":0.0,"wins":0,"draws":0,"losses":0,"trades":0,"profit_factor":0.0},{"date":"09/12/2025","date_ts":1765238400000,"profit_abs":0.0,"wins":0,"draws":0,"losses":0,"trades":0,"profit_factor":0.0},{"date":"10/12/2025","date_ts":1765324800000,"profit_abs":0.0,"wins":0,"draws":0,"losses":0,"trades":0,"profit_factor":0.0},{"date":"11/12/2025","date_ts":1765411200000,"profit_abs":0.0,"wins":0,"draws":0,"losses":0,"trades":0,"profit_factor":0.0},{"date":"12/12/2025","date_ts":1765497600000,"profit_abs":0.0,"wins":0,"draws":0,"losses":0,"trades":0,"profit_factor":0.0},{"date":"13/12/2025","date_ts":1765584000000,"profit_abs":0.0,"wins":0,"draws":0,"losses":0,"trades":0,"profit_factor":0.0},{"date":"14/12/2025","date_ts":1765670400000,"profit_abs":0.0,"wins":0,"draws":0,"losses":0,"trades":0,"profit_factor":0.0},{"date":"15/12/2025","date_ts":1765756800000,"profit_abs":0.0,"wins":0,"draws":0,"losses":0,"trades":0,"profit_factor":0.0},{"date":"16/12/2025","date_ts":1765843200000,"profit_abs":0.0,"wins":0,"draws":0,"losses":0,"trades":0,"profit_factor":0.0},{"date":"17/12/2025","date_ts":1765929600000,"profit_abs":0.0,"wins":0,"draws":0,"losses":0,"trades":0,"profit_factor":0.0},{"date":"18/12/2025","date_ts":1766016000000,"profit_abs":0.0,"wins":0,"draws":0,"losses":0,"trades":0,"profit_factor":0.0},{"date":"19/12/2025","date_ts":1766102400000,"profit_abs":0.0,"wins":0,"draws":0,"losses":0,"trades":0,"profit_factor":0.0},{"date":"20/12/2025","date_ts":1766188800000,"profit_abs":0.0,"wins":0,"draws":0,"losses":0,"trades":0,"profit_factor":0.0},{"date":"21/12/2025","date_ts":1766275200000,"profit_abs":0.0,"wins":0,"draws":0,"losses":0,"trades":0,"profit_factor":0.0},{"date":"22/12/2025","date_ts":1766361600000,"profit_abs":0.0,"wins":0,"draws":0,"losses":0,"trades":0,"profit_factor":0.0},{"date":"23/12/2025","date_ts":1766448000000,"profit_abs":0.0,"wins":0,"draws":0,"losses":0,"trades":0,"profit_factor":0.0},{"date":"24/12/2025","date_ts":1766534400000,"profit_abs":0.0,"wins":0,"draws":0,"losses":0,"trades":0,"profit_factor":0.0},{"date":"25/12/2025","date_ts":1766620800000,"profit_abs":0.0,"wins":0,"draws":0,"losses":0,"trades":0,"profit_factor":0.0},{"date":"26/12/2025","date_ts":1766707200000,"profit_abs":0.0,"wins":0,"draws":0,"losses":0,"trades":0,"profit_factor":0.0},{"date":"27/12/2025","date_ts":1766793600000,"profit_abs":0.0,"wins":0,"draws":0,"losses":0,"trades":0,"profit_factor":0.0},{"date":"28/12/2025","date_ts":1766880000000,"profit_abs":0.0,"wins":0,"draws":0,"losses":0,"trades":0,"profit_factor":0.0},{"date":"29/12/2025","date_ts":1766966400000,"profit_abs":0.0,"wins":0,"draws":0,"losses":0,"trades":0,"profit_factor":0.0},{"date":"30/12/2025","date_ts":1767052800000,"profit_abs":0.0,"wins":0,"draws":0,"losses":0,"trades":0,"profit_factor":0.0},{"date":"31/12/2025","date_ts":1767139200000,"profit_abs":0.0,"wins":0,"draws":0,"losses":0,"trades":0,"profit_factor":0.0},{"date":"01/01/2026","date_ts":1767225600000,"profit_abs":0.0,"wins":0,"draws":0,"losses":0,"trades":0,"profit_factor":0.0},{"date":"02/01/2026","date_ts":1767312000000,"profit_abs":16.35052169,"wins":6,"draws":0,"losses":0,"trades":6,"profit_factor":0.0},{"date":"03/01/2026","date_ts":1767398400000,"profit_abs":0.0,"wins":0,"draws":0,"losses":0,"trades":0,"profit_factor":0.0},{"date":"04/01/2026","date_ts":1767484800000,"profit_abs":0.59654535,"wins":1,"draws":0,"losses":1,"trades":2,"profit_factor":1.18712958},{"date":"05/01/2026","date_ts":1767571200000,"profit_abs":0.0,"wins":0,"draws":0,"losses":0,"trades":0,"profit_factor":0.0},{"date":"06/01/2026","date_ts":1767657600000,"profit_abs":-6.34151771,"wins":0,"draws":0,"losses":2,"trades":2,"profit_factor":0.0},{"date":"07/01/2026","date_ts":1767744000000,"profit_abs":0.0,"wins":0,"draws":0,"losses":0,"trades":0,"profit_factor":0.0},{"date":"08/01/2026","date_ts":1767830400000,"profit_abs":0.0,"wins":0,"draws":0,"losses":0,"trades":0,"profit_factor":0.0},{"date":"09/01/2026","date_ts":1767916800000,"profit_abs":0.0,"wins":0,"draws":0,"losses":0,"trades":0,"profit_factor":0.0},{"date":"10/01/2026","date_ts":1768003200000,"profit_abs":0.0,"wins":0,"draws":0,"losses":0,"trades":0,"profit_factor":0.0},{"date":"11/01/2026","date_ts":1768089600000,"profit_abs":0.0,"wins":0,"draws":0,"losses":0,"trades":0,"profit_factor":0.0},{"date":"12/01/2026","date_ts":1768176000000,"profit_abs":-3.17680803,"wins":0,"draws":0,"losses":1,"trades":1,"profit_factor":0.0},{"date":"13/01/2026","date_ts":1768262400000,"profit_abs":5.95014,"wins":1,"draws":0,"losses":0,"trades":1,"profit_factor":0.0},{"date":"14/01/2026","date_ts":1768348800000,"profit_abs":2.70276075,"wins":2,"draws":0,"losses":0,"trades":2,"profit_factor":0.0},{"date":"15/01/2026","date_ts":1768435200000,"profit_abs":-3.20023062,"wins":0,"draws":0,"losses":1,"trades":1,"profit_factor":0.0}],"week":[{"date":"01/12/2025","date_ts":1764547200000,"profit_abs":2.09347114,"wins":1,"draws":0,"losses":0,"trades":1,"profit_factor":0.0},{"date":"08/12/2025","date_ts":1765152000000,"profit_abs":0.0,"wins":0,"draws":0,"losses":0,"trades":0,"profit_factor":0.0},{"date":"15/12/2025","date_ts":1765756800000,"profit_abs":0.0,"wins":0,"draws":0,"losses":0,"trades":0,"profit_factor":0.0},{"date":"22/12/2025","date_ts":1766361600000,"profit_abs":0.0,"wins":0,"draws":0,"losses":0,"trades":0,"profit_factor":0.0},{"date":"29/12/2025","date_ts":1766966400000,"profit_abs":0.0,"wins":0,"draws":0,"losses":0,"trades":0,"profit_factor":0.0},{"date":"05/01/2026","date_ts":1767571200000,"profit_abs":16.94706704,"wins":7,"draws":0,"losses":1,"trades":8,"profit_factor":6.31610483},{"date":"12/01/2026","date_ts":1768176000000,"profit_abs":-9.51832574,"wins":0,"draws":0,"losses":3,"trades":3,"profit_factor":0.0},{"date":"19/01/2026","date_ts":1768780800000,"profit_abs":5.45267013,"wins":3,"draws":0,"losses":1,"trades":4,"profit_factor":2.70383662}],"month":[{"date":"30/11/2025","date_ts":1764460800000,"profit_abs":2.09347114,"wins":1,"draws":0,"losses":0,"trades":1,"profit_factor":0.0},{"date":"31/12/2025","date_ts":1767139200000,"profit_abs":0.0,"wins":0,"draws":0,"losses":0,"trades":0,"profit_factor":0.0},{"date":"31/01/2026","date_ts":1769817600000,"profit_abs":12.88141143,"wins":10,"draws":0,"losses":5,"trades":15,"profit_factor":1.8098242}],"year":[{"date":"31/12/2025","date_ts":1767139200000,"profit_abs":2.09347114,"wins":1,"draws":0,"losses":0,"trades":1,"profit_factor":0.0},{"date":"31/12/2026","date_ts":1798675200000,"profit_abs":12.88141143,"wins":10,"draws":0,"losses":5,"trades":15,"profit_factor":1.8098242}],"weekday":[{"date":"Monday","date_ts":0,"profit_abs":-3.17680803,"wins":0,"draws":0,"losses":1,"trades":1,"profit_factor":0.0},{"date":"Tuesday","date_ts":1,"profit_abs":-0.39137771,"wins":1,"draws":0,"losses":2,"trades":3,"profit_factor":0.93828327},{"date":"Wednesday","date_ts":2,"profit_abs":2.70276075,"wins":2,"draws":0,"losses":0,"trades":2,"profit_factor":0.0},{"date":"Thursday","date_ts":3,"profit_abs":-3.20023062,"wins":0,"draws":0,"losses":1,"trades":1,"profit_factor":0.0},{"date":"Friday","date_ts":4,"profit_abs":18.44399283,"wins":7,"draws":0,"losses":0,"trades":7,"profit_factor":0.0},{"date":"Sunday","date_ts":6,"profit_abs":0.59654535,"wins":1,"draws":0,"losses":1,"trades":2,"profit_factor":1.18712958}]},"backtest_best_day":0.1638522055656732,"backtest_worst_day":-0.06393145803958492,"backtest_best_day_abs":16.35052169,"backtest_worst_day_abs":-6.34151771,"winning_days":5,"draw_days":41,"losing_days":3,"daily_profit":[["2025-11-28",2.09347114],["2025-11-29",0.0],["2025-11-30",0.0],["2025-12-01",0.0],["2025-12-02",0.0],["2025-12-03",0.0],["2025-12-04",0.0],["2025-12-05",0.0],["2025-12-06",0.0],["2025-12-07",0.0],["2025-12-08",0.0],["2025-12-09",0.0],["2025-12-10",0.0],["2025-12-11",0.0],["2025-12-12",0.0],["2025-12-13",0.0],["2025-12-14",0.0],["2025-12-15",0.0],["2025-12-16",0.0],["2025-12-17",0.0],["2025-12-18",0.0],["2025-12-19",0.0],["2025-12-20",0.0],["2025-12-21",0.0],["2025-12-22",0.0],["2025-12-23",0.0],["2025-12-24",0.0],["2025-12-25",0.0],["2025-12-26",0.0],["2025-12-27",0.0],["2025-12-28",0.0],["2025-12-29",0.0],["2025-12-30",0.0],["2025-12-31",0.0],["2026-01-01",0.0],["2026-01-02",16.35052169],["2026-01-03",0.0],["2026-01-04",0.59654535],["2026-01-05",0.0],["2026-01-06",-6.34151771],["2026-01-07",0.0],["2026-01-08",0.0],["2026-01-09",0.0],["2026-01-10",0.0],["2026-01-11",0.0],["2026-01-12",-3.17680803],["2026-01-13",5.95014],["2026-01-14",2.70276075],["2026-01-15",-3.20023062]],"wins":11,"losses":5,"draws":0,"winrate":0.6875,"holding_avg":"4:58:00","holding_avg_s":17880.0,"winner_holding_min":"0d 00:00","winner_holding_min_s":0.0,"winner_holding_max":"1d 12:00","winner_holding_max_s":129600.0,"winner_holding_avg":"0d 04:33","winner_holding_avg_s":16380.0,"loser_holding_min":"0d 00:30","loser_holding_min_s":1800.0,"loser_holding_max":"0d 21:00","loser_holding_max_s":75600.0,"loser_holding_avg":"0d 05:54","loser_holding_avg_s":21240.0,"max_consecutive_wins":8,"max_consecutive_losses":4,"max_drawdown_account":0.01242990177247442,"max_relative_drawdown":0.01242990177247442,"max_drawdown_abs":12.706198740000001,"drawdown_start":"2026-01-04 03:30:00","drawdown_start_ts":1767497400000.0,"drawdown_end":"2026-01-12 14:00:00","drawdown_end_ts":1768226400000.0,"drawdown_duration":"8 days 10:30:00","drawdown_duration_s":729000.0,"max_drawdown_low":9.52221244,"max_drawdown_high":22.228411180000002,"csum_min":1002.09347114,"csum_max":1022.22841118}},"strategy_comparison":[{"key":"SupertrendFuturesStrategyV8_2","trades":8,"profit_mean":0.005199062316918227,"profit_mean_pct":0.52,"profit_total_abs":4.157224920000001,"profit_total":0.004157224920000001,"profit_total_pct":0.42,"duration_avg":"3:52:00","wins":5,"draws":0,"losses":3,"winrate":0.625,"cagr":0.017159513891038314,"expectancy":0.5196531149999999,"expectancy_ratio":0.1653891992869876,"sortino":26.53668840423179,"sharpe":0.277895126541452,"calmar":9.52731824938199,"sqn":0.4281,"profit_factor":1.4410378647653,"max_drawdown_account":0.009366757461465822,"max_drawdown_abs":"9.426"},{"key":"SupertrendFuturesStrategyV8_1","trades":16,"profit_mean":0.009374980053317291,"profit_mean_pct":0.94,"profit_total_abs":14.974882570000002,"profit_total":0.014974882570000002,"profit_total_pct":1.5,"duration_avg":"4:58:00","wins":11,"draws":0,"losses":5,"winrate":0.6875,"cagr":0.06285485939904945,"expectancy":0.9359301606250001,"expectancy_ratio":0.29419869772237806,"sortino":283.2232020445547,"sharpe":1.0247674236042719,"calmar":25.861407311108636,"sqn":1.1556,"profit_factor":1.94143583271161,"max_drawdown_account":0.01242990177247442,"max_drawdown_abs":"12.706"}]}