{"strategy":{"SupertrendFuturesStrategyV8":{"trades":[{"pair":"BTC/USDT:USDT","stake_amount":398.92424,"max_stake_amount":398.92424,"amount":0.0088,"open_date":"2025-11-27 01:30:00+00:00","close_date":"2025-11-28 13:30:00+00:00","open_rate":90664.6,"close_rate":91706.175,"fee_open":0.0005,"fee_close":0.0005,"trade_duration":2160,"profit_ratio":0.020980674701905625,"profit_abs":8.37388456,"exit_reason":"trailing_stop_loss","initial_stop_loss_abs":89304.63100000001,"initial_stop_loss_ratio":-0.03,"stop_loss_abs":91706.175,"stop_loss_ratio":-0.02,"min_rate":90415.1,"max_rate":92632.5,"is_open":false,"enter_tag":"","leverage":2,"is_short":false,"open_timestamp":1764207000000,"close_timestamp":1764336600000,"orders":[{"amount":0.0088,"safe_price":90664.6,"ft_order_side":"buy","order_filled_timestamp":1764207000000,"ft_is_entry":true,"ft_order_tag":"","cost":798.24740424},{"amount":0.0088,"safe_price":91706.175,"ft_order_side":"sell","order_filled_timestamp":1764336600000,"ft_is_entry":false,"ft_order_tag":"trailing_stop_loss","cost":807.4178471700001}],"funding_fees":0.01045597157454941,"weekday":4},{"pair":"ETH/USDT:USDT","stake_amount":399.779725,"max_stake_amount":399.779725,"amount":0.263,"open_date":"2025-12-03 02:30:00+00:00","close_date":"2025-12-03 14:00:00+00:00","open_rate":3040.15,"close_rate":3062.7135,"fee_open":0.0005,"fee_close":0.0005,"trade_duration":690,"profit_ratio":0.01280673271751843,"profit_abs":5.12243202,"exit_reason":"trailing_stop_loss","initial_stop_loss_abs":2994.54775,"initial_stop_loss_ratio":-0.03,"stop_loss_abs":3062.7135,"stop_loss_ratio":-0.02,"min_rate":3017.51,"max_rate":3093.65,"is_open":false,"enter_tag":"","leverage":2,"is_short":false,"open_timestamp":1764729000000,"close_timestamp":1764770400000,"orders":[{"amount":0.263,"safe_price":3040.15,"ft_order_side":"buy","order_filled_timestamp":1764729000000,"ft_is_entry":true,"ft_order_tag":"","cost":799.959229725},{"amount":0.263,"safe_price":3062.7135,"ft_order_side":"sell","order_filled_timestamp":1764770400000,"ft_is_entry":false,"ft_order_tag":"trailing_stop_loss","cost":805.89639732525}],"funding_fees":-0.009241934581188336,"weekday":2},{"pair":"XRP/USDT:USDT","stake_amount":399.8367,"max_stake_amount":399.8367,"amount":366.0,"open_date":"2025-12-03 02:30:00+00:00","close_date":"2025-12-03 14:00:00+00:00","open_rate":2.1849,"close_rate":2.1522,"fee_open":0.0005,"fee_close":0.0005,"trade_duration":690,"profit_ratio":-0.032081619710052224,"profit_abs":-12.83382266,"exit_reason":"stop_loss","initial_stop_loss_abs":2.1522,"initial_stop_loss_ratio":-0.03,"stop_loss_abs":2.1522,"stop_loss_ratio":-0.03,"min_rate":2.1408,"max_rate":2.2185,"is_open":false,"enter_tag":"","leverage":2,"is_short":false,"open_timestamp":1764729000000,"close_timestamp":1764770400000,"orders":[{"amount":366.0,"safe_price":2.1849,"ft_order_side":"buy","order_filled_timestamp":1764729000000,"ft_is_entry":true,"ft_order_tag":"","cost":800.0732366999998},{"amount":366.0,"safe_price":2.1522,"ft_order_side":"sell","order_filled_timestamp":1764770400000,"ft_is_entry":false,"ft_order_tag":"stop_loss","cost":788.0990525999999}],"funding_fees":-0.07193335557073782,"weekday":2},{"pair":"SOL/USDT:USDT","stake_amount":399.4845,"max_stake_amount":399.4845,"amount":5.7,"open_date":"2025-12-05 07:30:00+00:00","close_date":"2025-12-05 08:30:00+00:00","open_rate":140.17,"close_rate":138.06744999999998,"fee_open":0.0005,"fee_close":0.0005,"trade_duration":60,"profit_ratio":-0.03193033119884025,"profit_abs":-12.76205023,"exit_reason":"stop_loss","initial_stop_loss_abs":138.06744999999998,"initial_stop_loss_ratio":-0.03,"stop_loss_abs":138.06744999999998,"stop_loss_ratio":-0.03,"min_rate":137.74,"max_rate":140.34,"is_open":false,"enter_tag":"","leverage":2,"is_short":false,"open_timestamp":1764919800000,"close_timestamp":1764923400000,"orders":[{"amount":5.7,"safe_price":140.17,"ft_order_side":"buy","order_filled_timestamp":1764919800000,"ft_is_entry":true,"ft_order_tag":"","cost":799.3684844999999},{"amount":5.7,"safe_price":138.06744999999998,"ft_order_side":"sell","order_filled_timestamp":1764923400000,"ft_is_entry":false,"ft_order_tag":"stop_loss","cost":787.3779572324999}],"funding_fees":0.015461501416634117,"weekday":4},{"pair":"SOL/USDT:USDT","stake_amount":399.88635,"max_stake_amount":399.88635,"amount":5.79,"open_date":"2025-12-08 13:30:00+00:00","close_date":"2025-12-08 15:00:00+00:00","open_rate":138.13,"close_rate":136.05804999999998,"fee_open":0.0005,"fee_close":0.0005,"trade_duration":90,"profit_ratio":-0.03196901548038144,"profit_abs":-12.7903649,"exit_reason":"stop_loss","initial_stop_loss_abs":136.05804999999998,"initial_stop_loss_ratio":-0.03,"stop_loss_abs":136.05804999999998,"stop_loss_ratio":-0.03,"min_rate":135.29,"max_rate":139.25,"is_open":false,"enter_tag":"","leverage":2,"is_short":false,"open_timestamp":1765200600000,"close_timestamp":1765206000000,"orders":[{"amount":5.79,"safe_price":138.13,"ft_order_side":"buy","order_filled_timestamp":1765200600000,"ft_is_entry":true,"ft_order_tag":"","cost":800.17258635},{"amount":5.79,"safe_price":136.05804999999998,"ft_order_side":"sell","order_filled_timestamp":1765206000000,"ft_is_entry":false,"ft_order_tag":"stop_loss","cost":788.1699975547498}],"funding_fees":0.0,"weekday":0},{"pair":"SOL/USDT:USDT","stake_amount":399.888,"max_stake_amount":399.888,"amount":5.76,"open_date":"2025-12-12 06:00:00+00:00","close_date":"2025-12-12 15:00:00+00:00","open_rate":138.85,"close_rate":136.76725,"fee_open":0.0005,"fee_close":0.0005,"trade_duration":540,"profit_ratio":-0.032169203478923124,"profit_abs":-12.87051048,"exit_reason":"stop_loss","initial_stop_loss_abs":136.76725,"initial_stop_loss_ratio":-0.03,"stop_loss_abs":136.76725,"stop_loss_ratio":-0.03,"min_rate":135.5,"max_rate":140.13,"is_open":false,"enter_tag":"","leverage":2,"is_short":false,"open_timestamp":1765519200000,"close_timestamp":1765551600000,"orders":[{"amount":5.76,"safe_price":138.85,"ft_order_side":"buy","order_filled_timestamp":1765519200000,"ft_is_entry":true,"ft_order_tag":"","cost":800.1758879999999},{"amount":5.76,"safe_price":136.76725,"ft_order_side":"sell","order_filled_timestamp":1765551600000,"ft_is_entry":false,"ft_order_tag":"stop_loss","cost":788.1732496799998}],"funding_fees":-0.0800928,"weekday":4},{"pair":"XRP/USDT:USDT","stake_amount":399.1581,"max_stake_amount":399.1581,"amount":414.0,"open_date":"2025-12-20 09:00:00+00:00","close_date":"2025-12-21 13:30:00+00:00","open_rate":1.9283,"close_rate":1.9077,"fee_open":0.0005,"fee_close":0.0005,"trade_duration":1710,"profit_ratio":-0.023524734073847024,"profit_abs":-9.3947832,"exit_reason":"exit_signal","initial_stop_loss_abs":1.8994,"initial_stop_loss_ratio":-0.03,"stop_loss_abs":1.8994,"stop_loss_ratio":-0.03,"min_rate":1.8939,"max_rate":1.9575,"is_open":false,"enter_tag":"","leverage":2,"is_short":false,"open_timestamp":1766221200000,"close_timestamp":1766323800000,"orders":[{"amount":414.0,"safe_price":1.9283,"ft_order_side":"buy","order_filled_timestamp":1766221200000,"ft_is_entry":true,"ft_order_tag":"","cost":798.7153580999999},{"amount":414.0,"safe_price":1.9077,"ft_order_side":"sell","order_filled_timestamp":1766323800000,"ft_is_entry":false,"ft_order_tag":"exit_signal","cost":790.1826938999999}],"funding_fees":-0.07233119913664289,"weekday":6},{"pair":"XRP/USDT:USDT","stake_amount":399.22375,"max_stake_amount":399.22375,"amount":425.0,"open_date":"2026-01-01 23:30:00+00:00","close_date":"2026-01-02 14:30:00+00:00","open_rate":1.8787,"close_rate":1.9042,"fee_open":0.0005,"fee_close":0.0005,"trade_duration":900,"profit_ratio":0.0247895737082567,"profit_abs":9.90153487,"exit_reason":"trailing_stop_loss","initial_stop_loss_abs":1.8506,"initial_stop_loss_ratio":-0.03,"stop_loss_abs":1.9042,"stop_loss_ratio":-0.02,"min_rate":1.8681,"max_rate":1.9234,"is_open":false,"enter_tag":"","leverage":2,"is_short":false,"open_timestamp":1767310200000,"close_timestamp":1767364200000,"orders":[{"amount":425.0,"safe_price":1.8787,"ft_order_side":"buy","order_filled_timestamp":1767310200000,"ft_is_entry":true,"ft_order_tag":"","cost":798.8467237499999},{"amount":425.0,"safe_price":1.9042,"ft_order_side":"sell","order_filled_timestamp":1767364200000,"ft_is_entry":false,"ft_order_tag":"trailing_stop_loss","cost":809.6896424999999}],"funding_fees":-0.13209888357127464,"weekday":4},{"pair":"SOL/USDT:USDT","stake_amount":399.8414,"max_stake_amount":399.8414,"amount":6.23,"open_date":"2026-01-02 09:30:00+00:00","close_date":"2026-01-02 16:00:00+00:00","open_rate":128.36,"close_rate":129.2643,"fee_open":0.0005,"fee_close":0.0005,"trade_duration":390,"profit_ratio":0.012066952637675361,"profit_abs":4.82727967,"exit_reason":"trailing_stop_loss","initial_stop_loss_abs":126.43460000000002,"initial_stop_loss_ratio":-0.03,"stop_loss_abs":129.2643,"stop_loss_ratio":-0.02,"min_rate":126.74,"max_rate":130.57,"is_open":false,"enter_tag":"","leverage":2,"is_short":false,"open_timestamp":1767346200000,"close_timestamp":1767369600000,"orders":[{"amount":6.23,"safe_price":128.36,"ft_order_side":"buy","order_filled_timestamp":1767346200000,"ft_is_entry":true,"ft_order_tag":"","cost":800.0826414},{"amount":6.23,"safe_price":129.2643,"ft_order_side":"sell","order_filled_timestamp":1767369600000,"ft_is_entry":false,"ft_order_tag":"trailing_stop_loss","cost":805.7192472945}],"funding_fees":-0.00400963727664687,"weekday":4},{"pair":"ETH/USDT:USDT","stake_amount":398.95583,"max_stake_amount":398.95583,"amount":0.259,"open_date":"2026-01-02 15:00:00+00:00","close_date":"2026-01-02 16:30:00+00:00","open_rate":3080.74,"close_rate":3114.045,"fee_open":0.0005,"fee_close":0.0005,"trade_duration":90,"profit_ratio":0.019829696669561823,"profit_abs":7.91512868,"exit_reason":"trailing_stop_loss","initial_stop_loss_abs":3034.5289,"initial_stop_loss_ratio":-0.03,"stop_loss_abs":3114.045,"stop_loss_ratio":-0.02,"min_rate":3053.05,"max_rate":3145.5,"is_open":false,"enter_tag":"","leverage":2,"is_short":false,"open_timestamp":1767366000000,"close_timestamp":1767371400000,"orders":[{"amount":0.259,"safe_price":3080.74,"ft_order_side":"buy","order_filled_timestamp":1767366000000,"ft_is_entry":true,"ft_order_tag":"","cost":798.31061583},{"amount":0.259,"safe_price":3114.045,"ft_order_side":"sell","order_filled_timestamp":1767371400000,"ft_is_entry":false,"ft_order_tag":"trailing_stop_loss","cost":806.9409238275}],"funding_fees":0.09135833790615717,"weekday":4},{"pair":"XRP/USDT:USDT","stake_amount":399.8196,"max_stake_amount":399.8196,"amount":417.0,"open_date":"2026-01-02 16:00:00+00:00","close_date":"2026-01-02 16:30:00+00:00","open_rate":1.9176,"close_rate":1.944,"fee_open":0.0005,"fee_close":0.0005,"trade_duration":30,"profit_ratio":0.02530800723960089,"profit_abs":10.12369665,"exit_reason":"trailing_stop_loss","initial_stop_loss_abs":1.8889,"initial_stop_loss_ratio":-0.03,"stop_loss_abs":1.944,"stop_loss_ratio":-0.02,"min_rate":1.9148,"max_rate":1.9636,"is_open":false,"enter_tag":"","leverage":2,"is_short":false,"open_timestamp":1767369600000,"close_timestamp":1767371400000,"orders":[{"amount":417.0,"safe_price":1.9176,"ft_order_side":"buy","order_filled_timestamp":1767369600000,"ft_is_entry":true,"ft_order_tag":"","cost":800.0390196},{"amount":417.0,"safe_price":1.944,"ft_order_side":"sell","order_filled_timestamp":1767371400000,"ft_is_entry":false,"ft_order_tag":"trailing_stop_loss","cost":811.053324}],"funding_fees":-0.07995975,"weekday":4},{"pair":"SOL/USDT:USDT","stake_amount":399.5912,"max_stake_amount":399.5912,"amount":6.14,"open_date":"2026-01-02 16:30:00+00:00","close_date":"2026-01-02 17:00:00+00:00","open_rate":130.16,"close_rate":130.9374,"fee_open":0.0005,"fee_close":0.0005,"trade_duration":30,"profit_ratio":0.00993435826146956,"profit_abs":3.97166698,"exit_reason":"trailing_stop_loss","initial_stop_loss_abs":128.20759999999999,"initial_stop_loss_ratio":-0.03,"stop_loss_abs":130.9374,"stop_loss_ratio":-0.02,"min_rate":130.15,"max_rate":132.26,"is_open":false,"enter_tag":"","leverage":2,"is_short":false,"open_timestamp":1767371400000,"close_timestamp":1767373200000,"orders":[{"amount":6.14,"safe_price":130.16,"ft_order_side":"buy","order_filled_timestamp":1767371400000,"ft_is_entry":true,"ft_order_tag":"","cost":799.5819911999998},{"amount":6.14,"safe_price":130.9374,"ft_order_side":"sell","order_filled_timestamp":1767373200000,"ft_is_entry":false,"ft_order_tag":"trailing_stop_loss","cost":804.3576138179999}],"funding_fees":0.0,"weekday":4},{"pair":"XRP/USDT:USDT","stake_amount":399.3085,"max_stake_amount":399.3085,"amount":389.0,"open_date":"2026-01-03 04:30:00+00:00","close_date":"2026-01-03 06:30:00+00:00","open_rate":2.053,"close_rate":2.0223,"fee_open":0.0005,"fee_close":0.0005,"trade_duration":120,"profit_ratio":-0.03187656050201884,"profit_abs":-12.73494585,"exit_reason":"stop_loss","initial_stop_loss_abs":2.0223,"initial_stop_loss_ratio":-0.03,"stop_loss_abs":2.0223,"stop_loss_ratio":-0.03,"min_rate":2.007,"max_rate":2.0546,"is_open":false,"enter_tag":"","leverage":2,"is_short":false,"open_timestamp":1767414600000,"close_timestamp":1767421800000,"orders":[{"amount":389.0,"safe_price":2.053,"ft_order_side":"buy","order_filled_timestamp":1767414600000,"ft_is_entry":true,"ft_order_tag":"","cost":799.0163084999999},{"amount":389.0,"safe_price":2.0223,"ft_order_side":"sell","order_filled_timestamp":1767421800000,"ft_is_entry":false,"ft_order_tag":"stop_loss","cost":787.0680373499999}],"funding_fees":0.0,"weekday":5},{"pair":"SOL/USDT:USDT","stake_amount":399.9303,"max_stake_amount":399.9303,"amount":6.09,"open_date":"2026-01-02 17:30:00+00:00","close_date":"2026-01-04 00:00:00+00:00","open_rate":131.34,"close_rate":133.5708,"fee_open":0.0005,"fee_close":0.0005,"trade_duration":1830,"profit_ratio":0.03195650222860929,"profit_abs":12.78676371,"exit_reason":"trailing_stop_loss","initial_stop_loss_abs":129.3699,"initial_stop_loss_ratio":-0.03,"stop_loss_abs":133.5708,"stop_loss_ratio":-0.02,"min_rate":129.53,"max_rate":134.92,"is_open":false,"enter_tag":"","leverage":2,"is_short":false,"open_timestamp":1767375000000,"close_timestamp":1767484800000,"orders":[{"amount":6.09,"safe_price":131.34,"ft_order_side":"buy","order_filled_timestamp":1767375000000,"ft_is_entry":true,"ft_order_tag":"","cost":800.2605302999999},{"amount":6.09,"safe_price":133.5708,"ft_order_side":"sell","order_filled_timestamp":1767484800000,"ft_is_entry":false,"ft_order_tag":"trailing_stop_loss","cost":813.8528950859999}],"funding_fees":0.007845091034354702,"weekday":6},{"pair":"XRP/USDT:USDT","stake_amount":399.3158,"max_stake_amount":399.3158,"amount":383.0,"open_date":"2026-01-04 10:00:00+00:00","close_date":"2026-01-04 12:00:00+00:00","open_rate":2.0852,"close_rate":2.0983,"fee_open":0.0005,"fee_close":0.0005,"trade_duration":120,"profit_ratio":0.010553183028665985,"profit_abs":4.21615975,"exit_reason":"trailing_stop_loss","initial_stop_loss_abs":2.054,"initial_stop_loss_ratio":-0.03,"stop_loss_abs":2.0983,"stop_loss_ratio":-0.02,"min_rate":2.0771,"max_rate":2.1194,"is_open":false,"enter_tag":"","leverage":2,"is_short":false,"open_timestamp":1767520800000,"close_timestamp":1767528000000,"orders":[{"amount":383.0,"safe_price":2.0852,"ft_order_side":"buy","order_filled_timestamp":1767520800000,"ft_is_entry":true,"ft_order_tag":"","cost":799.0309157999999},{"amount":383.0,"safe_price":2.0983,"ft_order_side":"sell","order_filled_timestamp":1767528000000,"ft_is_entry":false,"ft_order_tag":"trailing_stop_loss","cost":804.05072445}],"funding_fees":0.0,"weekday":6},{"pair":"ETH/USDT:USDT","stake_amount":399.80362,"max_stake_amount":399.80362,"amount":0.254,"open_date":"2026-01-04 02:00:00+00:00","close_date":"2026-01-05 01:30:00+00:00","open_rate":3148.06,"close_rate":3189.7799999999997,"fee_open":0.0005,"fee_close":0.0005,"trade_duration":1410,"profit_ratio":0.024350897601913293,"profit_abs":9.7404448,"exit_reason":"trailing_stop_loss","initial_stop_loss_abs":3100.8390999999997,"initial_stop_loss_ratio":-0.03,"stop_loss_abs":3189.7799999999997,"stop_loss_ratio":-0.02,"min_rate":3116.14,"max_rate":3222.0,"is_open":false,"enter_tag":"","leverage":2,"is_short":false,"open_timestamp":1767492000000,"close_timestamp":1767576600000,"orders":[{"amount":0.254,"safe_price":3148.06,"ft_order_side":"buy","order_filled_timestamp":1767492000000,"ft_is_entry":true,"ft_order_tag":"","cost":800.00704362},{"amount":0.254,"safe_price":3189.7799999999997,"ft_order_side":"sell","order_filled_timestamp":1767576600000,"ft_is_entry":false,"ft_order_tag":"trailing_stop_loss","cost":810.60922206}],"funding_fees":-0.05152952376345006,"weekday":0},{"pair":"XRP/USDT:USDT","stake_amount":399.6322,"max_stake_amount":399.6322,"amount":373.0,"open_date":"2026-01-05 03:00:00+00:00","close_date":"2026-01-05 06:30:00+00:00","open_rate":2.1428,"close_rate":2.1107,"fee_open":0.0005,"fee_close":0.0005,"trade_duration":210,"profit_ratio":-0.0319298536283473,"profit_abs":-12.76657775,"exit_reason":"stop_loss","initial_stop_loss_abs":2.1107,"initial_stop_loss_ratio":-0.03,"stop_loss_abs":2.1107,"stop_loss_ratio":-0.03,"min_rate":2.1087,"max_rate":2.153,"is_open":false,"enter_tag":"","leverage":2,"is_short":false,"open_timestamp":1767582000000,"close_timestamp":1767594600000,"orders":[{"amount":373.0,"safe_price":2.1428,"ft_order_side":"buy","order_filled_timestamp":1767582000000,"ft_is_entry":true,"ft_order_tag":"","cost":799.6640321999998},{"amount":373.0,"safe_price":2.1107,"ft_order_side":"sell","order_filled_timestamp":1767594600000,"ft_is_entry":false,"ft_order_tag":"stop_loss","cost":787.68474555}],"funding_fees":0.0,"weekday":0},{"pair":"ETH/USDT:USDT","stake_amount":398.89206,"max_stake_amount":398.89206,"amount":0.252,"open_date":"2026-01-05 05:00:00+00:00","close_date":"2026-01-05 17:30:00+00:00","open_rate":3165.81,"close_rate":3196.6605,"fee_open":0.0005,"fee_close":0.0005,"trade_duration":750,"profit_ratio":0.017263833847373553,"profit_abs":6.88984945,"exit_reason":"trailing_stop_loss","initial_stop_loss_abs":3118.32285,"initial_stop_loss_ratio":-0.03,"stop_loss_abs":3196.6605,"stop_loss_ratio":-0.02,"min_rate":3132.02,"max_rate":3228.95,"is_open":false,"enter_tag":"","leverage":2,"is_short":false,"open_timestamp":1767589200000,"close_timestamp":1767634200000,"orders":[{"amount":0.252,"safe_price":3165.81,"ft_order_side":"buy","order_filled_timestamp":1767589200000,"ft_is_entry":true,"ft_order_tag":"","cost":798.18301206},{"amount":0.252,"safe_price":3196.6605,"ft_order_side":"sell","order_filled_timestamp":1767634200000,"ft_is_entry":false,"ft_order_tag":"trailing_stop_loss","cost":805.9612252229999}],"funding_fees":-0.08280526367712304,"weekday":0},{"pair":"BTC/USDT:USDT","stake_amount":397.69128,"max_stake_amount":397.69128,"amount":0.0084,"open_date":"2026-01-05 20:30:00+00:00","close_date":"2026-01-06 07:00:00+00:00","open_rate":94688.4,"close_rate":93268.074,"fee_open":0.0005,"fee_close":0.0005,"trade_duration":630,"profit_ratio":-0.03186682941579721,"profit_abs":-12.67949676,"exit_reason":"stop_loss","initial_stop_loss_abs":93268.074,"initial_stop_loss_ratio":-0.03,"stop_loss_abs":93268.074,"stop_loss_ratio":-0.03,"min_rate":93257.6,"max_rate":94688.4,"is_open":false,"enter_tag":"","leverage":2,"is_short":false,"open_timestamp":1767645000000,"close_timestamp":1767682800000,"orders":[{"amount":0.0084,"safe_price":94688.4,"ft_order_side":"buy","order_filled_timestamp":1767645000000,"ft_is_entry":true,"ft_order_tag":"","cost":795.7802512799999},{"amount":0.0084,"safe_price":93268.074,"ft_order_side":"sell","order_filled_timestamp":1767682800000,"ft_is_entry":false,"ft_order_tag":"stop_loss","cost":783.8435475107999}],"funding_fees":0.04065883273545115,"weekday":1},{"pair":"ETH/USDT:USDT","stake_amount":398.47695,"max_stake_amount":398.47695,"amount":0.246,"open_date":"2026-01-06 11:30:00+00:00","close_date":"2026-01-06 14:00:00+00:00","open_rate":3239.65,"close_rate":3275.5635,"fee_open":0.0005,"fee_close":0.0005,"trade_duration":150,"profit_ratio":0.020150061559304166,"profit_abs":8.03334974,"exit_reason":"trailing_stop_loss","initial_stop_loss_abs":3191.05525,"initial_stop_loss_ratio":-0.03,"stop_loss_abs":3275.5635,"stop_loss_ratio":-0.02,"min_rate":3227.66,"max_rate":3308.65,"is_open":false,"enter_tag":"","leverage":2,"is_short":false,"open_timestamp":1767699000000,"close_timestamp":1767708000000,"orders":[{"amount":0.246,"safe_price":3239.65,"ft_order_side":"buy","order_filled_timestamp":1767699000000,"ft_is_entry":true,"ft_order_tag":"","cost":797.3523769499999},{"amount":0.246,"safe_price":3275.5635,"ft_order_side":"sell","order_filled_timestamp":1767708000000,"ft_is_entry":false,"ft_order_tag":"trailing_stop_loss","cost":806.1915153105}],"funding_fees":0.0,"weekday":1},{"pair":"ETH/USDT:USDT","stake_amount":398.78212,"max_stake_amount":398.78212,"amount":0.242,"open_date":"2026-01-06 15:30:00+00:00","close_date":"2026-01-06 16:00:00+00:00","open_rate":3295.72,"close_rate":3246.2841999999996,"fee_open":0.0005,"fee_close":0.0005,"trade_duration":30,"profit_ratio":-0.03196242433921269,"profit_abs":-12.75241636,"exit_reason":"stop_loss","initial_stop_loss_abs":3246.2841999999996,"initial_stop_loss_ratio":-0.03,"stop_loss_abs":3246.2841999999996,"stop_loss_ratio":-0.03,"min_rate":3245.8,"max_rate":3298.23,"is_open":false,"enter_tag":"","leverage":2,"is_short":false,"open_timestamp":1767713400000,"close_timestamp":1767715200000,"orders":[{"amount":0.242,"safe_price":3295.72,"ft_order_side":"buy","order_filled_timestamp":1767713400000,"ft_is_entry":true,"ft_order_tag":"","cost":797.9630221199999},{"amount":0.242,"safe_price":3246.2841999999996,"ft_order_side":"sell","order_filled_timestamp":1767715200000,"ft_is_entry":false,"ft_order_tag":"stop_loss","cost":785.9935767881998}],"funding_fees":0.002629745527278497,"weekday":1},{"pair":"ETH/USDT:USDT","stake_amount":399.8115,"max_stake_amount":399.8115,"amount":0.246,"open_date":"2026-01-06 17:00:00+00:00","close_date":"2026-01-06 17:30:00+00:00","open_rate":3250.5,"close_rate":3201.7425,"fee_open":0.0005,"fee_close":0.0005,"trade_duration":30,"profit_ratio":-0.0319690154985037,"profit_abs":-12.78797083,"exit_reason":"stop_loss","initial_stop_loss_abs":3201.7425,"initial_stop_loss_ratio":-0.03,"stop_loss_abs":3201.7425,"stop_loss_ratio":-0.03,"min_rate":3188.13,"max_rate":3259.0,"is_open":false,"enter_tag":"","leverage":2,"is_short":false,"open_timestamp":1767718800000,"close_timestamp":1767720600000,"orders":[{"amount":0.246,"safe_price":3250.5,"ft_order_side":"buy","order_filled_timestamp":1767718800000,"ft_is_entry":true,"ft_order_tag":"","cost":800.0228114999999},{"amount":0.246,"safe_price":3201.7425,"ft_order_side":"sell","order_filled_timestamp":1767720600000,"ft_is_entry":false,"ft_order_tag":"stop_loss","cost":788.0224693275}],"funding_fees":0.0,"weekday":1},{"pair":"SOL/USDT:USDT","stake_amount":399.7863,"max_stake_amount":399.7863,"amount":5.63,"open_date":"2026-01-12 02:30:00+00:00","close_date":"2026-01-12 03:00:00+00:00","open_rate":142.02,"close_rate":142.9164,"fee_open":0.0005,"fee_close":0.0005,"trade_duration":30,"profit_ratio":0.01061195636922449,"profit_abs":4.24463603,"exit_reason":"trailing_stop_loss","initial_stop_loss_abs":139.8897,"initial_stop_loss_ratio":-0.03,"stop_loss_abs":142.9164,"stop_loss_ratio":-0.02,"min_rate":141.67,"max_rate":144.36,"is_open":false,"enter_tag":"","leverage":2,"is_short":false,"open_timestamp":1768185000000,"close_timestamp":1768186800000,"orders":[{"amount":5.63,"safe_price":142.02,"ft_order_side":"buy","order_filled_timestamp":1768185000000,"ft_is_entry":true,"ft_order_tag":"","cost":799.9723863},{"amount":5.63,"safe_price":142.9164,"ft_order_side":"sell","order_filled_timestamp":1768186800000,"ft_is_entry":false,"ft_order_tag":"trailing_stop_loss","cost":805.0216416659999}],"funding_fees":0.0,"weekday":0},{"pair":"SOL/USDT:USDT","stake_amount":399.4804,"max_stake_amount":399.4804,"amount":5.57,"open_date":"2026-01-12 03:30:00+00:00","close_date":"2026-01-12 08:00:00+00:00","open_rate":143.44,"close_rate":141.2884,"fee_open":0.0005,"fee_close":0.0005,"trade_duration":270,"profit_ratio":-0.0321612916107559,"profit_abs":-12.85422954,"exit_reason":"stop_loss","initial_stop_loss_abs":141.2884,"initial_stop_loss_ratio":-0.03,"stop_loss_abs":141.2884,"stop_loss_ratio":-0.03,"min_rate":141.08,"max_rate":143.56,"is_open":false,"enter_tag":"","leverage":2,"is_short":false,"open_timestamp":1768188600000,"close_timestamp":1768204800000,"orders":[{"amount":5.57,"safe_price":143.44,"ft_order_side":"buy","order_filled_timestamp":1768188600000,"ft_is_entry":true,"ft_order_tag":"","cost":799.3602804},{"amount":5.57,"safe_price":141.2884,"ft_order_side":"sell","order_filled_timestamp":1768204800000,"ft_is_entry":false,"ft_order_tag":"stop_loss","cost":787.369876194}],"funding_fees":-0.07684894747259675,"weekday":0},{"pair":"ETH/USDT:USDT","stake_amount":399.875,"max_stake_amount":399.875,"amount":0.25,"open_date":"2026-01-13 19:00:00+00:00","close_date":"2026-01-13 22:00:00+00:00","open_rate":3199.0,"close_rate":3298.2186093046516,"fee_open":0.0005,"fee_close":0.0005,"trade_duration":180,"profit_ratio":0.05997001499250375,"profit_abs":23.9925,"exit_reason":"roi","initial_stop_loss_abs":3151.015,"initial_stop_loss_ratio":-0.03,"stop_loss_abs":3364.02,"stop_loss_ratio":-0.02,"min_rate":3188.52,"max_rate":3398.0,"is_open":false,"enter_tag":"","leverage":2,"is_short":false,"open_timestamp":1768330800000,"close_timestamp":1768341600000,"orders":[{"amount":0.25,"safe_price":3199.0,"ft_order_side":"buy","order_filled_timestamp":1768330800000,"ft_is_entry":true,"ft_order_tag":"","cost":800.149875},{"amount":0.25,"safe_price":3298.2186093046516,"ft_order_side":"sell","order_filled_timestamp":1768341600000,"ft_is_entry":false,"ft_order_tag":"roi","cost":824.9669296523259}],"funding_fees":0.0,"weekday":1},{"pair":"SOL/USDT:USDT","stake_amount":399.34875,"max_stake_amount":399.34875,"amount":5.45,"open_date":"2026-01-13 22:30:00+00:00","close_date":"2026-01-14 00:30:00+00:00","open_rate":146.55,"close_rate":144.35175,"fee_open":0.0005,"fee_close":0.0005,"trade_duration":120,"profit_ratio":-0.03216742874184685,"profit_abs":-12.85244547,"exit_reason":"stop_loss","initial_stop_loss_abs":144.35175,"initial_stop_loss_ratio":-0.03,"stop_loss_abs":144.35175,"stop_loss_ratio":-0.03,"min_rate":144.3,"max_rate":147.66,"is_open":false,"enter_tag":"","leverage":2,"is_short":false,"open_timestamp":1768343400000,"close_timestamp":1768350600000,"orders":[{"amount":5.45,"safe_price":146.55,"ft_order_side":"buy","order_filled_timestamp":1768343400000,"ft_is_entry":true,"ft_order_tag":"","cost":799.09684875},{"amount":5.45,"safe_price":144.35175,"ft_order_side":"sell","order_filled_timestamp":1768350600000,"ft_is_entry":false,"ft_order_tag":"stop_loss","cost":787.1103960187501}],"funding_fees":-0.07927570000000002,"weekday":2},{"pair":"ETH/USDT:USDT","stake_amount":398.50019,"max_stake_amount":398.50019,"amount":0.242,"open_date":"2026-01-14 12:30:00+00:00","close_date":"2026-01-14 14:30:00+00:00","open_rate":3293.39,"close_rate":3323.7567,"fee_open":0.0005,"fee_close":0.0005,"trade_duration":120,"profit_ratio":0.016423566204255922,"profit_abs":6.54806665,"exit_reason":"trailing_stop_loss","initial_stop_loss_abs":3243.98915,"initial_stop_loss_ratio":-0.03,"stop_loss_abs":3323.7567,"stop_loss_ratio":-0.02,"min_rate":3288.2,"max_rate":3357.33,"is_open":false,"enter_tag":"","leverage":2,"is_short":false,"open_timestamp":1768393800000,"close_timestamp":1768401000000,"orders":[{"amount":0.242,"safe_price":3293.39,"ft_order_side":"buy","order_filled_timestamp":1768393800000,"ft_is_entry":true,"ft_order_tag":"","cost":797.3988801899999},{"amount":0.242,"safe_price":3323.7567,"ft_order_side":"sell","order_filled_timestamp":1768401000000,"ft_is_entry":false,"ft_order_tag":"trailing_stop_loss","cost":804.7512959606998}],"funding_fees":0.0,"weekday":2},{"pair":"ETH/USDT:USDT","stake_amount":398.34298,"max_stake_amount":398.34298,"amount":0.238,"open_date":"2026-01-14 15:00:00+00:00","close_date":"2026-01-14 16:30:00+00:00","open_rate":3347.42,"close_rate":3369.4056,"fee_open":0.0005,"fee_close":0.0005,"trade_duration":90,"profit_ratio":0.010924009176252063,"profit_abs":4.35367812,"exit_reason":"trailing_stop_loss","initial_stop_loss_abs":3297.2087,"initial_stop_loss_ratio":-0.03,"stop_loss_abs":3369.4056,"stop_loss_ratio":-0.02,"min_rate":3326.01,"max_rate":3403.44,"is_open":false,"enter_tag":"","leverage":2,"is_short":false,"open_timestamp":1768402800000,"close_timestamp":1768408200000,"orders":[{"amount":0.238,"safe_price":3347.42,"ft_order_side":"buy","order_filled_timestamp":1768402800000,"ft_is_entry":true,"ft_order_tag":"","cost":797.08430298},{"amount":0.238,"safe_price":3369.4056,"ft_order_side":"sell","order_filled_timestamp":1768408200000,"ft_is_entry":false,"ft_order_tag":"trailing_stop_loss","cost":802.3194920663999}],"funding_fees":-0.079592436,"weekday":2},{"pair":"SOL/USDT:USDT","stake_amount":399.6896,"max_stake_amount":399.6896,"amount":9.44,"open_date":"2026-02-14 06:30:00+00:00","close_date":"2026-02-14 08:00:00+00:00","open_rate":84.68,"close_rate":85.2291,"fee_open":0.0005,"fee_close":0.0005,"trade_duration":90,"profit_ratio":0.011001810868502323,"profit_abs":4.39950804,"exit_reason":"trailing_stop_loss","initial_stop_loss_abs":83.4098,"initial_stop_loss_ratio":-0.03,"stop_loss_abs":85.2291,"stop_loss_ratio":-0.02,"min_rate":84.62,"max_rate":86.09,"is_open":false,"enter_tag":"","leverage":2,"is_short":false,"open_timestamp":1771050600000,"close_timestamp":1771056000000,"orders":[{"amount":9.44,"safe_price":84.68,"ft_order_side":"buy","order_filled_timestamp":1771050600000,"ft_is_entry":true,"ft_order_tag":"","cost":799.7788896},{"amount":9.44,"safe_price":85.2291,"ft_order_side":"sell","order_filled_timestamp":1771056000000,"ft_is_entry":false,"ft_order_tag":"trailing_stop_loss","cost":804.9649853519999}],"funding_fees":0.01797499015963269,"weekday":5},{"pair":"ETH/USDT:USDT","stake_amount":399.893945,"max_stake_amount":399.893945,"amount":0.389,"open_date":"2026-02-14 08:00:00+00:00","close_date":"2026-02-14 08:30:00+00:00","open_rate":2056.01,"close_rate":2070.9117,"fee_open":0.0005,"fee_close":0.0005,"trade_duration":30,"profit_ratio":0.012401157902058231,"profit_abs":4.96162753,"exit_reason":"trailing_stop_loss","initial_stop_loss_abs":2025.1698500000002,"initial_stop_loss_ratio":-0.03,"stop_loss_abs":2070.9117,"stop_loss_ratio":-0.02,"min_rate":2056.0,"max_rate":2091.83,"is_open":false,"enter_tag":"","leverage":2,"is_short":false,"open_timestamp":1771056000000,"close_timestamp":1771057800000,"orders":[{"amount":0.389,"safe_price":2056.01,"ft_order_side":"buy","order_filled_timestamp":1771056000000,"ft_is_entry":true,"ft_order_tag":"","cost":800.187783945},{"amount":0.389,"safe_price":2070.9117,"ft_order_side":"sell","order_filled_timestamp":1771057800000,"ft_is_entry":false,"ft_order_tag":"trailing_stop_loss","cost":805.98744362565}],"funding_fees":-0.03244750022759695,"weekday":5},{"pair":"BTC/USDT:USDT","stake_amount":397.784425,"max_stake_amount":397.784425,"amount":0.0115,"open_date":"2026-02-14 08:00:00+00:00","close_date":"2026-02-14 11:00:00+00:00","open_rate":69179.9,"close_rate":69757.28099999999,"fee_open":0.0005,"fee_close":0.0005,"trade_duration":180,"profit_ratio":0.014689771422952443,"profit_abs":5.84628396,"exit_reason":"trailing_stop_loss","initial_stop_loss_abs":68142.2015,"initial_stop_loss_ratio":-0.03,"stop_loss_abs":69757.28099999999,"stop_loss_ratio":-0.02,"min_rate":69171.4,"max_rate":70461.9,"is_open":false,"enter_tag":"","leverage":2,"is_short":false,"open_timestamp":1771056000000,"close_timestamp":1771066800000,"orders":[{"amount":0.0115,"safe_price":69179.9,"ft_order_side":"buy","order_filled_timestamp":1771056000000,"ft_is_entry":true,"ft_order_tag":"","cost":795.9666344249998},{"amount":0.0115,"safe_price":69757.28099999999,"ft_order_side":"sell","order_filled_timestamp":1771066800000,"ft_is_entry":false,"ft_order_tag":"trailing_stop_loss","cost":802.6098358657498}],"funding_fees":0.005291246665423755,"weekday":5},{"pair":"SOL/USDT:USDT","stake_amount":399.7188,"max_stake_amount":399.7188,"amount":9.36,"open_date":"2026-02-14 08:30:00+00:00","close_date":"2026-02-14 11:00:00+00:00","open_rate":85.41,"close_rate":86.2191,"fee_open":0.0005,"fee_close":0.0005,"trade_duration":150,"profit_ratio":0.016928321924655862,"profit_abs":6.76995181,"exit_reason":"trailing_stop_loss","initial_stop_loss_abs":84.12885,"initial_stop_loss_ratio":-0.03,"stop_loss_abs":86.2191,"stop_loss_ratio":-0.02,"min_rate":85.39,"max_rate":87.09,"is_open":false,"enter_tag":"","leverage":2,"is_short":false,"open_timestamp":1771057800000,"close_timestamp":1771066800000,"orders":[{"amount":9.36,"safe_price":85.41,"ft_order_side":"buy","order_filled_timestamp":1771057800000,"ft_is_entry":true,"ft_order_tag":"","cost":799.8373187999999},{"amount":9.36,"safe_price":86.2191,"ft_order_side":"sell","order_filled_timestamp":1771066800000,"ft_is_entry":false,"ft_order_tag":"trailing_stop_loss","cost":807.414281388}],"funding_fees":0.0,"weekday":5},{"pair":"SOL/USDT:USDT","stake_amount":399.7792,"max_stake_amount":399.7792,"amount":9.22,"open_date":"2026-02-14 11:30:00+00:00","close_date":"2026-02-14 16:30:00+00:00","open_rate":86.72,"close_rate":87.3081,"fee_open":0.0005,"fee_close":0.0005,"trade_duration":300,"profit_ratio":0.011631364491210142,"profit_abs":4.65230258,"exit_reason":"trailing_stop_loss","initial_stop_loss_abs":85.4192,"initial_stop_loss_ratio":-0.03,"stop_loss_abs":87.3081,"stop_loss_ratio":-0.02,"min_rate":85.95,"max_rate":88.19,"is_open":false,"enter_tag":"","leverage":2,"is_short":false,"open_timestamp":1771068600000,"close_timestamp":1771086600000,"orders":[{"amount":9.22,"safe_price":86.72,"ft_order_side":"buy","order_filled_timestamp":1771068600000,"ft_is_entry":true,"ft_order_tag":"","cost":799.9581792},{"amount":9.22,"safe_price":87.3081,"ft_order_side":"sell","order_filled_timestamp":1771086600000,"ft_is_entry":false,"ft_order_tag":"trailing_stop_loss","cost":805.383172341}],"funding_fees":0.03229011842504765,"weekday":5},{"pair":"ETH/USDT:USDT","stake_amount":399.149195,"max_stake_amount":399.149195,"amount":0.383,"open_date":"2026-02-14 15:00:00+00:00","close_date":"2026-02-15 01:30:00+00:00","open_rate":2084.33,"close_rate":2053.0650499999997,"fee_open":0.0005,"fee_close":0.0005,"trade_duration":630,"profit_ratio":-0.03227761168011545,"profit_abs":-12.89002451,"exit_reason":"stop_loss","initial_stop_loss_abs":2053.0650499999997,"initial_stop_loss_ratio":-0.03,"stop_loss_abs":2053.0650499999997,"stop_loss_ratio":-0.03,"min_rate":2052.49,"max_rate":2098.87,"is_open":false,"enter_tag":"","leverage":2,"is_short":false,"open_timestamp":1771081200000,"close_timestamp":1771119000000,"orders":[{"amount":0.383,"safe_price":2084.33,"ft_order_side":"buy","order_filled_timestamp":1771081200000,"ft_is_entry":true,"ft_order_tag":"","cost":798.697539195},{"amount":0.383,"safe_price":2053.0650499999997,"ft_order_side":"sell","order_filled_timestamp":1771119000000,"ft_is_entry":false,"ft_order_tag":"stop_loss","cost":786.717076107075}],"funding_fees":-0.12323750532726953,"weekday":6},{"pair":"SOL/USDT:USDT","stake_amount":399.7924,"max_stake_amount":399.7924,"amount":9.08,"open_date":"2026-02-14 17:00:00+00:00","close_date":"2026-02-15 04:00:00+00:00","open_rate":88.06,"close_rate":88.8525,"fee_open":0.0005,"fee_close":0.0005,"trade_duration":660,"profit_ratio":0.01611120074367072,"profit_abs":6.44435618,"exit_reason":"trailing_stop_loss","initial_stop_loss_abs":86.73910000000001,"initial_stop_loss_ratio":-0.03,"stop_loss_abs":88.8525,"stop_loss_ratio":-0.02,"min_rate":87.15,"max_rate":89.75,"is_open":false,"enter_tag":"","leverage":2,"is_short":false,"open_timestamp":1771088400000,"close_timestamp":1771128000000,"orders":[{"amount":9.08,"safe_price":88.06,"ft_order_side":"buy","order_filled_timestamp":1771088400000,"ft_is_entry":true,"ft_order_tag":"","cost":799.9845923999999},{"amount":9.08,"safe_price":88.8525,"ft_order_side":"sell","order_filled_timestamp":1771128000000,"ft_is_entry":false,"ft_order_tag":"trailing_stop_loss","cost":807.18409035}],"funding_fees":0.05163893235872765,"weekday":6}],"locks":[],"best_pair":{"key":"ETH/USDT:USDT","trades":12,"profit_mean":0.00815924326274245,"profit_mean_pct":0.82,"profit_total_abs":39.126665290000005,"profit_total":0.03912666529000001,"profit_total_pct":3.91,"duration_avg":"5:50:00","wins":9,"draws":0,"losses":3,"winrate":0.75,"cagr":0.16842269838726476,"expectancy":3.260555440833333,"expectancy_ratio":0.2545293138897078,"sortino":142.40667142278195,"sharpe":0.7911415544180468,"calmar":33.745945597149415,"sqn":1.0301,"profit_factor":2.018117255558831,"max_drawdown_account":0.024612467514316706,"max_drawdown_abs":25.540387189999997},"worst_pair":{"key":"XRP/USDT:USDT","trades":7,"profit_mean":-0.008394571991105973,"profit_mean_pct":-0.84,"profit_total_abs":-23.48873819,"profit_total":-0.02348873819,"profit_total_pct":-2.35,"duration_avg":"9:00:00","wins":3,"draws":0,"losses":4,"winrate":0.42857142857142855,"cagr":-0.09189610341386045,"expectancy":-3.355534027142858,"expectancy_ratio":-0.28120887708506614,"sortino":-3.4020964356557344,"sharpe":-0.4924530768067363,"calmar":-21.227747971714177,"sqn":-0.8118,"profit_factor":0.5078844651011344,"max_drawdown_account":0.02348873819000005,"max_drawdown_abs":23.48873819},"results_per_pair":[{"key":"ETH/USDT:USDT","trades":12,"profit_mean":0.00815924326274245,"profit_mean_pct":0.82,"profit_total_abs":39.126665290000005,"profit_total":0.03912666529000001,"profit_total_pct":3.91,"duration_avg":"5:50:00","wins":9,"draws":0,"losses":3,"winrate":0.75,"cagr":0.16842269838726476,"expectancy":3.260555440833333,"expectancy_ratio":0.2545293138897078,"sortino":142.40667142278195,"sharpe":0.7911415544180468,"calmar":33.745945597149415,"sqn":1.0301,"profit_factor":2.018117255558831,"max_drawdown_account":0.024612467514316706,"max_drawdown_abs":25.540387189999997},{"key":"BTC/USDT:USDT","trades":3,"profit_mean":0.0012678722363536198,"profit_mean_pct":0.13,"profit_total_abs":1.5406717600000013,"profit_total":0.0015406717600000013,"profit_total_pct":0.15,"duration_avg":"16:30:00","wins":2,"draws":0,"losses":1,"winrate":0.6666666666666666,"cagr":0.00626300267422919,"expectancy":0.5135572533333344,"expectancy_ratio":0.04050296814250953,"sortino":-100,"sharpe":0.03484520480219094,"calmar":2.600959665730795,"sqn":0.0774,"profit_factor":1.1215089044275288,"max_drawdown_account":0.012574201845313215,"max_drawdown_abs":12.67949676},{"key":"SOL/USDT:USDT","trades":13,"profit_mean":-0.003088830998902295,"profit_mean_pct":-0.31,"profit_total_abs":-16.033135619999992,"profit_total":-0.016033135619999993,"profit_total_pct":-1.6,"duration_avg":"5:51:00","wins":8,"draws":0,"losses":5,"winrate":0.6153846153846154,"cagr":-0.06344794613940896,"expectancy":-1.2333181246153835,"expectancy_ratio":-0.09615825708344972,"sortino":-80.95777186250662,"sharpe":-0.36159465685377085,"calmar":-8.857924188081471,"sqn":-0.4539,"profit_factor":0.7499885315830306,"max_drawdown_account":0.03842292560999999,"max_drawdown_abs":38.42292561},{"key":"XRP/USDT:USDT","trades":7,"profit_mean":-0.008394571991105973,"profit_mean_pct":-0.84,"profit_total_abs":-23.48873819,"profit_total":-0.02348873819,"profit_total_pct":-2.35,"duration_avg":"9:00:00","wins":3,"draws":0,"losses":4,"winrate":0.42857142857142855,"cagr":-0.09189610341386045,"expectancy":-3.355534027142858,"expectancy_ratio":-0.28120887708506614,"sortino":-3.4020964356557344,"sharpe":-0.4924530768067363,"calmar":-21.227747971714177,"sqn":-0.8118,"profit_factor":0.5078844651011344,"max_drawdown_account":0.02348873819000005,"max_drawdown_abs":23.48873819},{"key":"TOTAL","trades":35,"profit_mean":7.993511252853175e-05,"profit_mean_pct":0.01,"profit_total_abs":1.145463239999997,"profit_total":0.001145463239999997,"profit_total_pct":0.11,"duration_avg":"7:23:00","wins":22,"draws":0,"losses":13,"winrate":0.6285714285714286,"cagr":0.00465362585807183,"expectancy":0.03272752114285815,"expectancy_ratio":0.002610656676106604,"sortino":0.2675932238575114,"sharpe":0.023703406749680724,"calmar":0.406317457693156,"sqn":0.0186,"profit_factor":1.0070286910510566,"max_drawdown_account":0.059843859792866355,"max_drawdown_abs":60.651531469999995}],"results_per_enter_tag":[{"key":"","trades":35,"profit_mean":7.993511252853175e-05,"profit_mean_pct":0.01,"profit_total_abs":1.145463239999997,"profit_total":0.001145463239999997,"profit_total_pct":0.11,"duration_avg":"7:23:00","wins":22,"draws":0,"losses":13,"winrate":0.6285714285714286,"cagr":0.00465362585807183,"expectancy":0.03272752114285815,"expectancy_ratio":0.002610656676106604,"sortino":0.2675932238575114,"sharpe":0.023703406749680724,"calmar":0.406317457693156,"sqn":0.0186,"profit_factor":1.0070286910510566,"max_drawdown_account":0.059843859792866355,"max_drawdown_abs":60.651531469999995},{"key":"TOTAL","trades":35,"profit_mean":7.993511252853175e-05,"profit_mean_pct":0.01,"profit_total_abs":1.145463239999997,"profit_total":0.001145463239999997,"profit_total_pct":0.11,"duration_avg":"7:23:00","wins":22,"draws":0,"losses":13,"winrate":0.6285714285714286,"cagr":0.00465362585807183,"expectancy":0.03272752114285815,"expectancy_ratio":0.002610656676106604,"sortino":0.2675932238575114,"sharpe":0.023703406749680724,"calmar":0.406317457693156,"sqn":0.0186,"profit_factor":1.0070286910510566,"max_drawdown_account":0.059843859792866355,"max_drawdown_abs":60.651531469999995}],"exit_reason_summary":[{"key":"trailing_stop_loss","trades":21,"profit_mean":0.016700649204982716,"profit_mean_pct":1.67,"profit_total_abs":140.12260178,"profit_total":0.14012260178,"profit_total_pct":14.01,"duration_avg":"8:06:00","wins":21,"draws":0,"losses":0,"winrate":1.0,"cagr":0.7020417001305184,"expectancy":6.6725048466666665,"expectancy_ratio":100.0,"sortino":-100,"sharpe":12.505150495205905,"calmar":-100,"sqn":12.5453,"profit_factor":0.0,"max_drawdown_account":0.0,"max_drawdown_abs":0.0},{"key":"roi","trades":1,"profit_mean":0.05997001499250375,"profit_mean_pct":6.0,"profit_total_abs":23.9925,"profit_total":0.0239925,"profit_total_pct":2.4,"duration_avg":"3:00:00","wins":1,"draws":0,"losses":0,"winrate":1.0,"cagr":0.10092858006776928,"expectancy":23.9925,"expectancy_ratio":100.0,"sortino":-100,"sharpe":-100,"calmar":-100,"sqn":-100.0,"profit_factor":0.0,"max_drawdown_account":0.0,"max_drawdown_abs":0.0},{"key":"exit_signal","trades":1,"profit_mean":-0.023524734073847024,"profit_mean_pct":-2.35,"profit_total_abs":-9.3947832,"profit_total":-0.0093947832,"profit_total_pct":-0.94,"duration_avg":"1 day, 4:30:00","wins":0,"draws":0,"losses":1,"winrate":0.0,"cagr":-0.03755770680527637,"expectancy":-9.3947832,"expectancy_ratio":-1.0,"sortino":-100,"sharpe":-100,"calmar":-21.227747971714205,"sqn":-100.0,"profit_factor":0.0,"max_drawdown_account":0.009394783200000006,"max_drawdown_abs":9.3947832},{"key":"stop_loss","trades":12,"profit_mean":-0.03203009877373292,"profit_mean_pct":-3.2,"profit_total_abs":-153.57485534,"profit_total":-0.15357485534,"profit_total_pct":-15.36,"duration_avg":"4:45:00","wins":0,"draws":0,"losses":12,"winrate":0.0,"cagr":-0.4914526826341503,"expectancy":-12.797904611666667,"expectancy_ratio":-1.0,"sortino":-540.4044203750519,"sharpe":-540.4044203750519,"calmar":-21.227747971714223,"sqn":-703.6069,"profit_factor":0.0,"max_drawdown_account":0.15357485534,"max_drawdown_abs":153.57485534},{"key":"TOTAL","trades":35,"profit_mean":7.993511252853175e-05,"profit_mean_pct":0.01,"profit_total_abs":1.145463239999997,"profit_total":0.001145463239999997,"profit_total_pct":0.11,"duration_avg":"7:23:00","wins":22,"draws":0,"losses":13,"winrate":0.6285714285714286,"cagr":0.00465362585807183,"expectancy":0.03272752114285815,"expectancy_ratio":0.002610656676106604,"sortino":0.2675932238575114,"sharpe":0.023703406749680724,"calmar":0.406317457693156,"sqn":0.0186,"profit_factor":1.0070286910510566,"max_drawdown_account":0.059843859792866355,"max_drawdown_abs":60.651531469999995}],"mix_tag_stats":[{"key":["","trailing_stop_loss"],"trades":21,"profit_mean":0.016700649204982716,"profit_mean_pct":1.67,"profit_total_abs":140.12260178,"profit_total":0.14012260178,"profit_total_pct":14.01,"duration_avg":"8:06:00","wins":21,"draws":0,"losses":0,"winrate":1.0,"cagr":0.7020417001305184,"expectancy":6.6725048466666665,"expectancy_ratio":100.0,"sortino":-100,"sharpe":12.505150495205905,"calmar":-100,"sqn":12.5453,"profit_factor":0.0,"max_drawdown_account":0.0,"max_drawdown_abs":0.0},{"key":["","roi"],"trades":1,"profit_mean":0.05997001499250375,"profit_mean_pct":6.0,"profit_total_abs":23.9925,"profit_total":0.0239925,"profit_total_pct":2.4,"duration_avg":"3:00:00","wins":1,"draws":0,"losses":0,"winrate":1.0,"cagr":0.10092858006776928,"expectancy":23.9925,"expectancy_ratio":100.0,"sortino":-100,"sharpe":-100,"calmar":-100,"sqn":-100.0,"profit_factor":0.0,"max_drawdown_account":0.0,"max_drawdown_abs":0.0},{"key":["","exit_signal"],"trades":1,"profit_mean":-0.023524734073847024,"profit_mean_pct":-2.35,"profit_total_abs":-9.3947832,"profit_total":-0.0093947832,"profit_total_pct":-0.94,"duration_avg":"1 day, 4:30:00","wins":0,"draws":0,"losses":1,"winrate":0.0,"cagr":-0.03755770680527637,"expectancy":-9.3947832,"expectancy_ratio":-1.0,"sortino":-100,"sharpe":-100,"calmar":-21.227747971714205,"sqn":-100.0,"profit_factor":0.0,"max_drawdown_account":0.009394783200000006,"max_drawdown_abs":9.3947832},{"key":["","stop_loss"],"trades":12,"profit_mean":-0.03203009877373292,"profit_mean_pct":-3.2,"profit_total_abs":-153.57485534,"profit_total":-0.15357485534,"profit_total_pct":-15.36,"duration_avg":"4:45:00","wins":0,"draws":0,"losses":12,"winrate":0.0,"cagr":-0.4914526826341503,"expectancy":-12.797904611666667,"expectancy_ratio":-1.0,"sortino":-540.4044203750519,"sharpe":-540.4044203750519,"calmar":-21.227747971714223,"sqn":-703.6069,"profit_factor":0.0,"max_drawdown_account":0.15357485534,"max_drawdown_abs":153.57485534},{"key":"TOTAL","trades":35,"profit_mean":7.993511252853175e-05,"profit_mean_pct":0.01,"profit_total_abs":1.145463239999997,"profit_total":0.001145463239999997,"profit_total_pct":0.11,"duration_avg":"7:23:00","wins":22,"draws":0,"losses":13,"winrate":0.6285714285714286,"cagr":0.00465362585807183,"expectancy":0.03272752114285815,"expectancy_ratio":0.002610656676106604,"sortino":0.2675932238575114,"sharpe":0.023703406749680724,"calmar":0.406317457693156,"sqn":0.0186,"profit_factor":1.0070286910510566,"max_drawdown_account":0.059843859792866355,"max_drawdown_abs":60.651531469999995}],"left_open_trades":[{"key":"TOTAL","trades":0,"profit_mean":0.0,"profit_mean_pct":0.0,"profit_total_abs":0.0,"profit_total":0.0,"profit_total_pct":0.0,"duration_avg":"0:00","wins":0,"draws":0,"losses":0,"winrate":0.0,"cagr":0.0,"expectancy":0.0,"expectancy_ratio":100.0,"sortino":0,"sharpe":0,"calmar":0,"sqn":0.0,"profit_factor":0.0,"max_drawdown_account":0.0,"max_drawdown_abs":0.0}],"total_trades":35,"trade_count_long":35,"trade_count_short":0,"total_volume":55966.483417056144,"avg_stake_amount":399.3478545714286,"profit_mean":7.993511252853175e-05,"profit_median":0.011001810868502323,"profit_total":0.001145463239999997,"profit_total_long":0.001145463239999997,"profit_total_short":0.0,"profit_total_abs":1.145463239999997,"profit_total_long_abs":1.145463239999997,"profit_total_short_abs":0.0,"cagr":0.00465362585807183,"expectancy":0.03272752114285815,"expectancy_ratio":0.002610656676106604,"sortino":0.2675932238575114,"sharpe":0.023703406749680724,"calmar":0.406317457693156,"sqn":0.0186,"profit_factor":1.0070286910510566,"backtest_start":"2025-11-24 00:00:00","backtest_start_ts":1763942400000,"backtest_end":"2026-02-22 00:00:00","backtest_end_ts":1771718400000,"backtest_days":90,"backtest_run_start_ts":1771747892,"backtest_run_end_ts":1771747893,"trades_per_day":0.39,"market_change":-0.2898701280800732,"pairlist":["BTC/USDT:USDT","ETH/USDT:USDT","SOL/USDT:USDT","XRP/USDT:USDT"],"stake_amount":400,"stake_currency":"USDT","stake_currency_decimals":3,"starting_balance":1000,"dry_run_wallet":1000,"final_balance":1001.14546324,"rejected_signals":1,"timedout_entry_orders":0,"timedout_exit_orders":1,"canceled_trade_entries":0,"canceled_entry_orders":0,"replaced_entry_orders":0,"max_open_trades":2,"max_open_trades_setting":2,"timeframe":"30m","timeframe_detail":"","timerange":"20251124-20260222","enable_protections":false,"strategy_name":"SupertrendFuturesStrategyV8","freqaimodel":null,"freqai_identifier":null,"stoploss":-0.03,"trailing_stop":true,"trailing_stop_positive":0.02,"trailing_stop_positive_offset":0.03,"trailing_only_offset_is_reached":true,"use_custom_stoploss":false,"minimal_roi":{"0":0.06},"use_exit_signal":true,"exit_profit_only":false,"exit_profit_offset":0.0,"ignore_roi_if_entry_signal":false,"trading_mode":"futures","margin_mode":"isolated","periodic_breakdown":{"day":[{"date":"28/11/2025","date_ts":1764288000000,"profit_abs":8.37388456,"wins":1,"draws":0,"losses":0,"trades":1,"profit_factor":0.0},{"date":"29/11/2025","date_ts":1764374400000,"profit_abs":0.0,"wins":0,"draws":0,"losses":0,"trades":0,"profit_factor":0.0},{"date":"30/11/2025","date_ts":1764460800000,"profit_abs":0.0,"wins":0,"draws":0,"losses":0,"trades":0,"profit_factor":0.0},{"date":"01/12/2025","date_ts":1764547200000,"profit_abs":0.0,"wins":0,"draws":0,"losses":0,"trades":0,"profit_factor":0.0},{"date":"02/12/2025","date_ts":1764633600000,"profit_abs":0.0,"wins":0,"draws":0,"losses":0,"trades":0,"profit_factor":0.0},{"date":"03/12/2025","date_ts":1764720000000,"profit_abs":-7.71139064,"wins":1,"draws":0,"losses":1,"trades":2,"profit_factor":0.39913533},{"date":"04/12/2025","date_ts":1764806400000,"profit_abs":0.0,"wins":0,"draws":0,"losses":0,"trades":0,"profit_factor":0.0},{"date":"05/12/2025","date_ts":1764892800000,"profit_abs":-12.76205023,"wins":0,"draws":0,"losses":1,"trades":1,"profit_factor":0.0},{"date":"06/12/2025","date_ts":1764979200000,"profit_abs":0.0,"wins":0,"draws":0,"losses":0,"trades":0,"profit_factor":0.0},{"date":"07/12/2025","date_ts":1765065600000,"profit_abs":0.0,"wins":0,"draws":0,"losses":0,"trades":0,"profit_factor":0.0},{"date":"08/12/2025","date_ts":1765152000000,"profit_abs":-12.7903649,"wins":0,"draws":0,"losses":1,"trades":1,"profit_factor":0.0},{"date":"09/12/2025","date_ts":1765238400000,"profit_abs":0.0,"wins":0,"draws":0,"losses":0,"trades":0,"profit_factor":0.0},{"date":"10/12/2025","date_ts":1765324800000,"profit_abs":0.0,"wins":0,"draws":0,"losses":0,"trades":0,"profit_factor":0.0},{"date":"11/12/2025","date_ts":1765411200000,"profit_abs":0.0,"wins":0,"draws":0,"losses":0,"trades":0,"profit_factor":0.0},{"date":"12/12/2025","date_ts":1765497600000,"profit_abs":-12.87051048,"wins":0,"draws":0,"losses":1,"trades":1,"profit_factor":0.0},{"date":"13/12/2025","date_ts":1765584000000,"profit_abs":0.0,"wins":0,"draws":0,"losses":0,"trades":0,"profit_factor":0.0},{"date":"14/12/2025","date_ts":1765670400000,"profit_abs":0.0,"wins":0,"draws":0,"losses":0,"trades":0,"profit_factor":0.0},{"date":"15/12/2025","date_ts":1765756800000,"profit_abs":0.0,"wins":0,"draws":0,"losses":0,"trades":0,"profit_factor":0.0},{"date":"16/12/2025","date_ts":1765843200000,"profit_abs":0.0,"wins":0,"draws":0,"losses":0,"trades":0,"profit_factor":0.0},{"date":"17/12/2025","date_ts":1765929600000,"profit_abs":0.0,"wins":0,"draws":0,"losses":0,"trades":0,"profit_factor":0.0},{"date":"18/12/2025","date_ts":1766016000000,"profit_abs":0.0,"wins":0,"draws":0,"losses":0,"trades":0,"profit_factor":0.0},{"date":"19/12/2025","date_ts":1766102400000,"profit_abs":0.0,"wins":0,"draws":0,"losses":0,"trades":0,"profit_factor":0.0},{"date":"20/12/2025","date_ts":1766188800000,"profit_abs":0.0,"wins":0,"draws":0,"losses":0,"trades":0,"profit_factor":0.0},{"date":"21/12/2025","date_ts":1766275200000,"profit_abs":-9.3947832,"wins":0,"draws":0,"losses":1,"trades":1,"profit_factor":0.0},{"date":"22/12/2025","date_ts":1766361600000,"profit_abs":0.0,"wins":0,"draws":0,"losses":0,"trades":0,"profit_factor":0.0},{"date":"23/12/2025","date_ts":1766448000000,"profit_abs":0.0,"wins":0,"draws":0,"losses":0,"trades":0,"profit_factor":0.0},{"date":"24/12/2025","date_ts":1766534400000,"profit_abs":0.0,"wins":0,"draws":0,"losses":0,"trades":0,"profit_factor":0.0},{"date":"25/12/2025","date_ts":1766620800000,"profit_abs":0.0,"wins":0,"draws":0,"losses":0,"trades":0,"profit_factor":0.0},{"date":"26/12/2025","date_ts":1766707200000,"profit_abs":0.0,"wins":0,"draws":0,"losses":0,"trades":0,"profit_factor":0.0},{"date":"27/12/2025","date_ts":1766793600000,"profit_abs":0.0,"wins":0,"draws":0,"losses":0,"trades":0,"profit_factor":0.0},{"date":"28/12/2025","date_ts":1766880000000,"profit_abs":0.0,"wins":0,"draws":0,"losses":0,"trades":0,"profit_factor":0.0},{"date":"29/12/2025","date_ts":1766966400000,"profit_abs":0.0,"wins":0,"draws":0,"losses":0,"trades":0,"profit_factor":0.0},{"date":"30/12/2025","date_ts":1767052800000,"profit_abs":0.0,"wins":0,"draws":0,"losses":0,"trades":0,"profit_factor":0.0},{"date":"31/12/2025","date_ts":1767139200000,"profit_abs":0.0,"wins":0,"draws":0,"losses":0,"trades":0,"profit_factor":0.0},{"date":"01/01/2026","date_ts":1767225600000,"profit_abs":0.0,"wins":0,"draws":0,"losses":0,"trades":0,"profit_factor":0.0},{"date":"02/01/2026","date_ts":1767312000000,"profit_abs":36.73930685,"wins":5,"draws":0,"losses":0,"trades":5,"profit_factor":0.0},{"date":"03/01/2026","date_ts":1767398400000,"profit_abs":-12.73494585,"wins":0,"draws":0,"losses":1,"trades":1,"profit_factor":0.0},{"date":"04/01/2026","date_ts":1767484800000,"profit_abs":17.00292346,"wins":2,"draws":0,"losses":0,"trades":2,"profit_factor":0.0},{"date":"05/01/2026","date_ts":1767571200000,"profit_abs":3.8637165,"wins":2,"draws":0,"losses":1,"trades":3,"profit_factor":1.30264309},{"date":"06/01/2026","date_ts":1767657600000,"profit_abs":-30.18653421,"wins":1,"draws":0,"losses":3,"trades":4,"profit_factor":0.21018771},{"date":"07/01/2026","date_ts":1767744000000,"profit_abs":0.0,"wins":0,"draws":0,"losses":0,"trades":0,"profit_factor":0.0},{"date":"08/01/2026","date_ts":1767830400000,"profit_abs":0.0,"wins":0,"draws":0,"losses":0,"trades":0,"profit_factor":0.0},{"date":"09/01/2026","date_ts":1767916800000,"profit_abs":0.0,"wins":0,"draws":0,"losses":0,"trades":0,"profit_factor":0.0},{"date":"10/01/2026","date_ts":1768003200000,"profit_abs":0.0,"wins":0,"draws":0,"losses":0,"trades":0,"profit_factor":0.0},{"date":"11/01/2026","date_ts":1768089600000,"profit_abs":0.0,"wins":0,"draws":0,"losses":0,"trades":0,"profit_factor":0.0},{"date":"12/01/2026","date_ts":1768176000000,"profit_abs":-8.60959351,"wins":1,"draws":0,"losses":1,"trades":2,"profit_factor":0.33021318},{"date":"13/01/2026","date_ts":1768262400000,"profit_abs":23.9925,"wins":1,"draws":0,"losses":0,"trades":1,"profit_factor":0.0},{"date":"14/01/2026","date_ts":1768348800000,"profit_abs":-1.9507007,"wins":2,"draws":0,"losses":1,"trades":3,"profit_factor":0.84822338},{"date":"15/01/2026","date_ts":1768435200000,"profit_abs":0.0,"wins":0,"draws":0,"losses":0,"trades":0,"profit_factor":0.0},{"date":"16/01/2026","date_ts":1768521600000,"profit_abs":0.0,"wins":0,"draws":0,"losses":0,"trades":0,"profit_factor":0.0},{"date":"17/01/2026","date_ts":1768608000000,"profit_abs":0.0,"wins":0,"draws":0,"losses":0,"trades":0,"profit_factor":0.0},{"date":"18/01/2026","date_ts":1768694400000,"profit_abs":0.0,"wins":0,"draws":0,"losses":0,"trades":0,"profit_factor":0.0},{"date":"19/01/2026","date_ts":1768780800000,"profit_abs":0.0,"wins":0,"draws":0,"losses":0,"trades":0,"profit_factor":0.0},{"date":"20/01/2026","date_ts":1768867200000,"profit_abs":0.0,"wins":0,"draws":0,"losses":0,"trades":0,"profit_factor":0.0},{"date":"21/01/2026","date_ts":1768953600000,"profit_abs":0.0,"wins":0,"draws":0,"losses":0,"trades":0,"profit_factor":0.0},{"date":"22/01/2026","date_ts":1769040000000,"profit_abs":0.0,"wins":0,"draws":0,"losses":0,"trades":0,"profit_factor":0.0},{"date":"23/01/2026","date_ts":1769126400000,"profit_abs":0.0,"wins":0,"draws":0,"losses":0,"trades":0,"profit_factor":0.0},{"date":"24/01/2026","date_ts":1769212800000,"profit_abs":0.0,"wins":0,"draws":0,"losses":0,"trades":0,"profit_factor":0.0},{"date":"25/01/2026","date_ts":1769299200000,"profit_abs":0.0,"wins":0,"draws":0,"losses":0,"trades":0,"profit_factor":0.0},{"date":"26/01/2026","date_ts":1769385600000,"profit_abs":0.0,"wins":0,"draws":0,"losses":0,"trades":0,"profit_factor":0.0},{"date":"27/01/2026","date_ts":1769472000000,"profit_abs":0.0,"wins":0,"draws":0,"losses":0,"trades":0,"profit_factor":0.0},{"date":"28/01/2026","date_ts":1769558400000,"profit_abs":0.0,"wins":0,"draws":0,"losses":0,"trades":0,"profit_factor":0.0},{"date":"29/01/2026","date_ts":1769644800000,"profit_abs":0.0,"wins":0,"draws":0,"losses":0,"trades":0,"profit_factor":0.0},{"date":"30/01/2026","date_ts":1769731200000,"profit_abs":0.0,"wins":0,"draws":0,"losses":0,"trades":0,"profit_factor":0.0},{"date":"31/01/2026","date_ts":1769817600000,"profit_abs":0.0,"wins":0,"draws":0,"losses":0,"trades":0,"profit_factor":0.0},{"date":"01/02/2026","date_ts":1769904000000,"profit_abs":0.0,"wins":0,"draws":0,"losses":0,"trades":0,"profit_factor":0.0},{"date":"02/02/2026","date_ts":1769990400000,"profit_abs":0.0,"wins":0,"draws":0,"losses":0,"trades":0,"profit_factor":0.0},{"date":"03/02/2026","date_ts":1770076800000,"profit_abs":0.0,"wins":0,"draws":0,"losses":0,"trades":0,"profit_factor":0.0},{"date":"04/02/2026","date_ts":1770163200000,"profit_abs":0.0,"wins":0,"draws":0,"losses":0,"trades":0,"profit_factor":0.0},{"date":"05/02/2026","date_ts":1770249600000,"profit_abs":0.0,"wins":0,"draws":0,"losses":0,"trades":0,"profit_factor":0.0},{"date":"06/02/2026","date_ts":1770336000000,"profit_abs":0.0,"wins":0,"draws":0,"losses":0,"trades":0,"profit_factor":0.0},{"date":"07/02/2026","date_ts":1770422400000,"profit_abs":0.0,"wins":0,"draws":0,"losses":0,"trades":0,"profit_factor":0.0},{"date":"08/02/2026","date_ts":1770508800000,"profit_abs":0.0,"wins":0,"draws":0,"losses":0,"trades":0,"profit_factor":0.0},{"date":"09/02/2026","date_ts":1770595200000,"profit_abs":0.0,"wins":0,"draws":0,"losses":0,"trades":0,"profit_factor":0.0},{"date":"10/02/2026","date_ts":1770681600000,"profit_abs":0.0,"wins":0,"draws":0,"losses":0,"trades":0,"profit_factor":0.0},{"date":"11/02/2026","date_ts":1770768000000,"profit_abs":0.0,"wins":0,"draws":0,"losses":0,"trades":0,"profit_factor":0.0},{"date":"12/02/2026","date_ts":1770854400000,"profit_abs":0.0,"wins":0,"draws":0,"losses":0,"trades":0,"profit_factor":0.0},{"date":"13/02/2026","date_ts":1770940800000,"profit_abs":0.0,"wins":0,"draws":0,"losses":0,"trades":0,"profit_factor":0.0},{"date":"14/02/2026","date_ts":1771027200000,"profit_abs":26.62967392,"wins":5,"draws":0,"losses":0,"trades":5,"profit_factor":0.0},{"date":"15/02/2026","date_ts":1771113600000,"profit_abs":-6.44566833,"wins":1,"draws":0,"losses":1,"trades":2,"profit_factor":0.4999491}],"week":[{"date":"01/12/2025","date_ts":1764547200000,"profit_abs":8.37388456,"wins":1,"draws":0,"losses":0,"trades":1,"profit_factor":0.0},{"date":"08/12/2025","date_ts":1765152000000,"profit_abs":-33.26380577,"wins":1,"draws":0,"losses":3,"trades":4,"profit_factor":0.13344449},{"date":"15/12/2025","date_ts":1765756800000,"profit_abs":-12.87051048,"wins":0,"draws":0,"losses":1,"trades":1,"profit_factor":0.0},{"date":"22/12/2025","date_ts":1766361600000,"profit_abs":-9.3947832,"wins":0,"draws":0,"losses":1,"trades":1,"profit_factor":0.0},{"date":"29/12/2025","date_ts":1766966400000,"profit_abs":0.0,"wins":0,"draws":0,"losses":0,"trades":0,"profit_factor":0.0},{"date":"05/01/2026","date_ts":1767571200000,"profit_abs":44.87100096,"wins":9,"draws":0,"losses":2,"trades":11,"profit_factor":2.75954197},{"date":"12/01/2026","date_ts":1768176000000,"profit_abs":-38.79612772,"wins":2,"draws":0,"losses":4,"trades":6,"profit_factor":0.24039547},{"date":"19/01/2026","date_ts":1768780800000,"profit_abs":22.0417993,"wins":3,"draws":0,"losses":1,"trades":4,"profit_factor":2.71498874},{"date":"26/01/2026","date_ts":1769385600000,"profit_abs":0.0,"wins":0,"draws":0,"losses":0,"trades":0,"profit_factor":0.0},{"date":"02/02/2026","date_ts":1769990400000,"profit_abs":0.0,"wins":0,"draws":0,"losses":0,"trades":0,"profit_factor":0.0},{"date":"09/02/2026","date_ts":1770595200000,"profit_abs":0.0,"wins":0,"draws":0,"losses":0,"trades":0,"profit_factor":0.0},{"date":"16/02/2026","date_ts":1771200000000,"profit_abs":20.18400559,"wins":6,"draws":0,"losses":1,"trades":7,"profit_factor":2.56586247}],"month":[{"date":"30/11/2025","date_ts":1764460800000,"profit_abs":8.37388456,"wins":1,"draws":0,"losses":0,"trades":1,"profit_factor":0.0},{"date":"31/12/2025","date_ts":1767139200000,"profit_abs":-55.52909945,"wins":1,"draws":0,"losses":5,"trades":6,"profit_factor":0.08445676},{"date":"31/01/2026","date_ts":1769817600000,"profit_abs":28.11667254,"wins":14,"draws":0,"losses":7,"trades":21,"profit_factor":1.31440541},{"date":"28/02/2026","date_ts":1772236800000,"profit_abs":20.18400559,"wins":6,"draws":0,"losses":1,"trades":7,"profit_factor":2.56586247}],"year":[{"date":"31/12/2025","date_ts":1767139200000,"profit_abs":-47.15521489,"wins":2,"draws":0,"losses":5,"trades":7,"profit_factor":0.22252227},{"date":"31/12/2026","date_ts":1798675200000,"profit_abs":48.30067813,"wins":20,"draws":0,"losses":8,"trades":28,"profit_factor":1.47206384}],"weekday":[{"date":"Monday","date_ts":0,"profit_abs":-17.53624191,"wins":3,"draws":0,"losses":3,"trades":6,"profit_factor":0.54345986},{"date":"Tuesday","date_ts":1,"profit_abs":-6.19403421,"wins":2,"draws":0,"losses":3,"trades":5,"profit_factor":0.83793687},{"date":"Wednesday","date_ts":2,"profit_abs":-9.66209134,"wins":3,"draws":0,"losses":2,"trades":5,"profit_factor":0.62384215},{"date":"Friday","date_ts":4,"profit_abs":19.4806307,"wins":6,"draws":0,"losses":2,"trades":8,"profit_factor":1.7599955},{"date":"Saturday","date_ts":5,"profit_abs":13.89472807,"wins":5,"draws":0,"losses":1,"trades":6,"profit_factor":2.09107084},{"date":"Sunday","date_ts":6,"profit_abs":1.16247193,"wins":3,"draws":0,"losses":2,"trades":5,"profit_factor":1.05216432}]},"backtest_best_day":0.09192858851656434,"backtest_worst_day":-0.07564820769420944,"backtest_best_day_abs":36.73930685,"backtest_worst_day_abs":-30.18653421,"winning_days":6,"draw_days":64,"losing_days":10,"daily_profit":[["2025-11-28",8.37388456],["2025-11-29",0.0],["2025-11-30",0.0],["2025-12-01",0.0],["2025-12-02",0.0],["2025-12-03",-7.71139064],["2025-12-04",0.0],["2025-12-05",-12.76205023],["2025-12-06",0.0],["2025-12-07",0.0],["2025-12-08",-12.7903649],["2025-12-09",0.0],["2025-12-10",0.0],["2025-12-11",0.0],["2025-12-12",-12.87051048],["2025-12-13",0.0],["2025-12-14",0.0],["2025-12-15",0.0],["2025-12-16",0.0],["2025-12-17",0.0],["2025-12-18",0.0],["2025-12-19",0.0],["2025-12-20",0.0],["2025-12-21",-9.3947832],["2025-12-22",0.0],["2025-12-23",0.0],["2025-12-24",0.0],["2025-12-25",0.0],["2025-12-26",0.0],["2025-12-27",0.0],["2025-12-28",0.0],["2025-12-29",0.0],["2025-12-30",0.0],["2025-12-31",0.0],["2026-01-01",0.0],["2026-01-02",36.73930685],["2026-01-03",-12.73494585],["2026-01-04",17.00292346],["2026-01-05",3.8637165],["2026-01-06",-30.18653421],["2026-01-07",0.0],["2026-01-08",0.0],["2026-01-09",0.0],["2026-01-10",0.0],["2026-01-11",0.0],["2026-01-12",-8.60959351],["2026-01-13",23.9925],["2026-01-14",-1.9507007],["2026-01-15",0.0],["2026-01-16",0.0],["2026-01-17",0.0],["2026-01-18",0.0],["2026-01-19",0.0],["2026-01-20",0.0],["2026-01-21",0.0],["2026-01-22",0.0],["2026-01-23",0.0],["2026-01-24",0.0],["2026-01-25",0.0],["2026-01-26",0.0],["2026-01-27",0.0],["2026-01-28",0.0],["2026-01-29",0.0],["2026-01-30",0.0],["2026-01-31",0.0],["2026-02-01",0.0],["2026-02-02",0.0],["2026-02-03",0.0],["2026-02-04",0.0],["2026-02-05",0.0],["2026-02-06",0.0],["2026-02-07",0.0],["2026-02-08",0.0],["2026-02-09",0.0],["2026-02-10",0.0],["2026-02-11",0.0],["2026-02-12",0.0],["2026-02-13",0.0],["2026-02-14",26.62967392],["2026-02-15",-6.44566833]],"wins":22,"losses":13,"draws":0,"winrate":0.6285714285714286,"holding_avg":"7:23:00","holding_avg_s":26580.0,"winner_holding_min":"0d 00:30","winner_holding_min_s":1800.0,"winner_holding_max":"1d 12:00","winner_holding_max_s":129600.0,"winner_holding_avg":"0d 07:52","winner_holding_avg_s":28320.0,"loser_holding_min":"0d 00:30","loser_holding_min_s":1800.0,"loser_holding_max":"1d 04:30","loser_holding_max_s":102600.0,"loser_holding_avg":"0d 06:35","loser_holding_avg_s":23700.0,"max_consecutive_wins":7,"max_consecutive_losses":5,"max_drawdown_account":0.059843859792866355,"max_relative_drawdown":0.059843859792866355,"max_drawdown_abs":60.651531469999995,"drawdown_start":"2025-12-03 14:00:00","drawdown_start_ts":1764770400000.0,"drawdown_end":"2025-12-21 13:30:00","drawdown_end_ts":1766323800000.0,"drawdown_duration":"17 days 23:30:00","drawdown_duration_s":1553400.0,"max_drawdown_low":-47.155214889999996,"max_drawdown_high":13.49631658,"csum_min":952.84478511,"csum_max":1013.49631658}},"strategy_comparison":[{"key":"SupertrendFuturesStrategyV8","trades":35,"profit_mean":7.993511252853175e-05,"profit_mean_pct":0.01,"profit_total_abs":1.145463239999997,"profit_total":0.001145463239999997,"profit_total_pct":0.11,"duration_avg":"7:23:00","wins":22,"draws":0,"losses":13,"winrate":0.6285714285714286,"cagr":0.00465362585807183,"expectancy":0.03272752114285815,"expectancy_ratio":0.002610656676106604,"sortino":0.2675932238575114,"sharpe":0.023703406749680724,"calmar":0.406317457693156,"sqn":0.0186,"profit_factor":1.0070286910510566,"max_drawdown_account":0.059843859792866355,"max_drawdown_abs":"60.652"}]}