{"strategy":{"SupertrendFuturesStrategyV2":{"trades":[{"pair":"SOL/USDT:USDT","stake_amount":329.5396,"max_stake_amount":329.5396,"amount":5.08,"open_date":"2026-01-23 17:30:00+00:00","close_date":"2026-01-25 16:00:00+00:00","open_rate":129.74,"close_rate":125.1991,"fee_open":0.0005,"fee_close":0.0005,"trade_duration":2790,"profit_ratio":-0.07176322444362095,"profit_abs":-23.66064869,"exit_reason":"stop_loss","initial_stop_loss_abs":125.1991,"initial_stop_loss_ratio":-0.07,"stop_loss_abs":125.1991,"stop_loss_ratio":-0.07,"min_rate":122.31,"max_rate":130.13,"is_open":false,"enter_tag":"","leverage":2,"is_short":false,"open_timestamp":1769189400000,"close_timestamp":1769356800000,"orders":[{"amount":5.08,"safe_price":129.74,"ft_order_side":"buy","order_filled_timestamp":1769189400000,"ft_is_entry":true,"ft_order_tag":"","cost":659.4087396},{"amount":5.08,"safe_price":125.1991,"ft_order_side":"sell","order_filled_timestamp":1769356800000,"ft_is_entry":false,"ft_order_tag":"stop_loss","cost":636.329433714}],"funding_fees":0.05466862112467627,"weekday":6},{"pair":"BTC/USDT:USDT","stake_amount":326.86452,"max_stake_amount":326.86452,"amount":0.0072,"open_date":"2026-01-23 17:45:00+00:00","close_date":"2026-01-25 16:15:00+00:00","open_rate":90795.7,"close_rate":87860.8,"fee_open":0.0005,"fee_close":0.0005,"trade_duration":2790,"profit_ratio":-0.06700563186898022,"profit_abs":-21.91271458,"exit_reason":"exit_signal","initial_stop_loss_abs":87617.8505,"initial_stop_loss_ratio":-0.07,"stop_loss_abs":87617.8505,"stop_loss_ratio":-0.07,"min_rate":87510.0,"max_rate":91024.1,"is_open":false,"enter_tag":"","leverage":2,"is_short":false,"open_timestamp":1769190300000,"close_timestamp":1769357700000,"orders":[{"amount":0.0072,"safe_price":90795.7,"ft_order_side":"buy","order_filled_timestamp":1769190300000,"ft_is_entry":true,"ft_order_tag":"","cost":654.0559045199999},{"amount":0.0072,"safe_price":87860.8,"ft_order_side":"sell","order_filled_timestamp":1769357700000,"ft_is_entry":false,"ft_order_tag":"exit_signal","cost":632.91405888}],"funding_fees":-0.13827117785106388,"weekday":6},{"pair":"DOGE/USDT:USDT","stake_amount":314.39275,"max_stake_amount":314.39275,"amount":5110.0,"open_date":"2026-01-27 17:15:00+00:00","close_date":"2026-01-28 01:15:00+00:00","open_rate":0.12305,"close_rate":0.12502,"fee_open":0.0005,"fee_close":0.0005,"trade_duration":480,"profit_ratio":0.02986308711304418,"profit_abs":9.39343245,"exit_reason":"trailing_stop_loss","initial_stop_loss_abs":0.11875,"initial_stop_loss_ratio":-0.07,"stop_loss_abs":0.12502,"stop_loss_ratio":-0.025,"min_rate":0.1217,"max_rate":0.1266,"is_open":false,"enter_tag":"","leverage":2,"is_short":false,"open_timestamp":1769534100000,"close_timestamp":1769562900000,"orders":[{"amount":5110.0,"safe_price":0.12305,"ft_order_side":"buy","order_filled_timestamp":1769534100000,"ft_is_entry":true,"ft_order_tag":"","cost":629.09989275},{"amount":5110.0,"safe_price":0.12502,"ft_order_side":"sell","order_filled_timestamp":1769562900000,"ft_is_entry":false,"ft_order_tag":"trailing_stop_loss","cost":639.1716260999999}],"funding_fees":-0.039448696967758136,"weekday":2},{"pair":"SOL/USDT:USDT","stake_amount":314.496,"max_stake_amount":314.496,"amount":5.04,"open_date":"2026-01-27 17:15:00+00:00","close_date":"2026-01-28 09:15:00+00:00","open_rate":124.8,"close_rate":126.18275000000001,"fee_open":0.0005,"fee_close":0.0005,"trade_duration":960,"profit_ratio":0.019931629658563065,"profit_abs":6.27155201,"exit_reason":"trailing_stop_loss","initial_stop_loss_abs":120.43199999999999,"initial_stop_loss_ratio":-0.07,"stop_loss_abs":126.18275000000001,"stop_loss_ratio":-0.025,"min_rate":123.45,"max_rate":127.78,"is_open":false,"enter_tag":"","leverage":2,"is_short":false,"open_timestamp":1769534100000,"close_timestamp":1769591700000,"orders":[{"amount":5.04,"safe_price":124.8,"ft_order_side":"buy","order_filled_timestamp":1769534100000,"ft_is_entry":true,"ft_order_tag":"","cost":629.3064959999999},{"amount":5.04,"safe_price":126.18275000000001,"ft_order_side":"sell","order_filled_timestamp":1769591700000,"ft_is_entry":false,"ft_order_tag":"trailing_stop_loss","cost":636.2790405300001}],"funding_fees":-0.06503146459954956,"weekday":2},{"pair":"DOGE/USDT:USDT","stake_amount":317.8065,"max_stake_amount":317.8065,"amount":5100.0,"open_date":"2026-01-28 02:15:00+00:00","close_date":"2026-01-28 11:30:00+00:00","open_rate":0.12463,"close_rate":0.12607,"fee_open":0.0005,"fee_close":0.0005,"trade_duration":555,"profit_ratio":0.020985677692593428,"profit_abs":6.67271947,"exit_reason":"trailing_stop_loss","initial_stop_loss_abs":0.12027,"initial_stop_loss_ratio":-0.07,"stop_loss_abs":0.12607,"stop_loss_ratio":-0.025,"min_rate":0.12385,"max_rate":0.12766,"is_open":false,"enter_tag":"","leverage":2,"is_short":false,"open_timestamp":1769566500000,"close_timestamp":1769599800000,"orders":[{"amount":5100.0,"safe_price":0.12463,"ft_order_side":"buy","order_filled_timestamp":1769566500000,"ft_is_entry":true,"ft_order_tag":"","cost":635.9308065},{"amount":5100.0,"safe_price":0.12607,"ft_order_side":"sell","order_filled_timestamp":1769599800000,"ft_is_entry":false,"ft_order_tag":"trailing_stop_loss","cost":643.2784785}],"funding_fees":-0.031995534753290145,"weekday":2},{"pair":"DOGE/USDT:USDT","stake_amount":321.7389,"max_stake_amount":321.7389,"amount":5090.0,"open_date":"2026-01-28 11:45:00+00:00","close_date":"2026-01-29 02:30:00+00:00","open_rate":0.12642,"close_rate":0.122,"fee_open":0.0005,"fee_close":0.0005,"trade_duration":885,"profit_ratio":-0.07224925743108512,"profit_abs":-23.25701931,"exit_reason":"stop_loss","initial_stop_loss_abs":0.122,"initial_stop_loss_ratio":-0.07,"stop_loss_abs":0.122,"stop_loss_ratio":-0.07,"min_rate":0.12181,"max_rate":0.12722,"is_open":false,"enter_tag":"","leverage":2,"is_short":false,"open_timestamp":1769600700000,"close_timestamp":1769653800000,"orders":[{"amount":5090.0,"safe_price":0.12642,"ft_order_side":"buy","order_filled_timestamp":1769600700000,"ft_is_entry":true,"ft_order_tag":"","cost":643.7995389},{"amount":5090.0,"safe_price":0.122,"ft_order_side":"sell","order_filled_timestamp":1769653800000,"ft_is_entry":false,"ft_order_tag":"stop_loss","cost":621.29049}],"funding_fees":-0.12699041,"weekday":3},{"pair":"ETH/USDT:USDT","stake_amount":313.836075,"max_stake_amount":313.836075,"amount":0.315,"open_date":"2026-02-12 11:45:00+00:00","close_date":"2026-02-12 16:00:00+00:00","open_rate":1992.61,"close_rate":1922.86865,"fee_open":0.0005,"fee_close":0.0005,"trade_duration":255,"profit_ratio":-0.07195041150902963,"profit_abs":-22.59192506,"exit_reason":"stop_loss","initial_stop_loss_abs":1922.86865,"initial_stop_loss_ratio":-0.07,"stop_loss_abs":1922.86865,"stop_loss_ratio":-0.07,"min_rate":1916.81,"max_rate":1995.91,"is_open":false,"enter_tag":"","leverage":2,"is_short":false,"open_timestamp":1770896700000,"close_timestamp":1770912000000,"orders":[{"amount":0.315,"safe_price":1992.61,"ft_order_side":"buy","order_filled_timestamp":1770896700000,"ft_is_entry":true,"ft_order_tag":"","cost":627.9859860749999},{"amount":0.315,"safe_price":1922.86865,"ft_order_side":"sell","order_filled_timestamp":1770912000000,"ft_is_entry":false,"ft_order_tag":"stop_loss","cost":606.0064765623749}],"funding_fees":-0.006711923627397528,"weekday":3},{"pair":"DOGE/USDT:USDT","stake_amount":314.2724,"max_stake_amount":314.2724,"amount":6760.0,"open_date":"2026-02-12 08:15:00+00:00","close_date":"2026-02-13 15:00:00+00:00","open_rate":0.09298,"close_rate":0.0943,"fee_open":0.0005,"fee_close":0.0005,"trade_duration":1845,"profit_ratio":0.02630078843719008,"profit_abs":8.26974471,"exit_reason":"trailing_stop_loss","initial_stop_loss_abs":0.08973,"initial_stop_loss_ratio":-0.07,"stop_loss_abs":0.0943,"stop_loss_ratio":-0.025,"min_rate":0.09063,"max_rate":0.09549,"is_open":false,"enter_tag":"","leverage":2,"is_short":false,"open_timestamp":1770884100000,"close_timestamp":1770994800000,"orders":[{"amount":6760.0,"safe_price":0.09298,"ft_order_side":"buy","order_filled_timestamp":1770884100000,"ft_is_entry":true,"ft_order_tag":"","cost":628.8590724},{"amount":6760.0,"safe_price":0.0943,"ft_order_side":"sell","order_filled_timestamp":1770994800000,"ft_is_entry":false,"ft_order_tag":"trailing_stop_loss","cost":637.7867339999999}],"funding_fees":-0.02044889023355525,"weekday":4},{"pair":"DOGE/USDT:USDT","stake_amount":309.86505,"max_stake_amount":309.86505,"amount":6490.0,"open_date":"2026-02-13 15:45:00+00:00","close_date":"2026-02-13 23:15:00+00:00","open_rate":0.09549,"close_rate":0.09646,"fee_open":0.0005,"fee_close":0.0005,"trade_duration":450,"profit_ratio":0.018244338167924035,"profit_abs":5.6561094,"exit_reason":"trailing_stop_loss","initial_stop_loss_abs":0.09215,"initial_stop_loss_ratio":-0.07,"stop_loss_abs":0.09646,"stop_loss_ratio":-0.025,"min_rate":0.0949,"max_rate":0.09768,"is_open":false,"enter_tag":"","leverage":2,"is_short":false,"open_timestamp":1770997500000,"close_timestamp":1771024500000,"orders":[{"amount":6490.0,"safe_price":0.09549,"ft_order_side":"buy","order_filled_timestamp":1770997500000,"ft_is_entry":true,"ft_order_tag":"","cost":620.03996505},{"amount":6490.0,"safe_price":0.09646,"ft_order_side":"sell","order_filled_timestamp":1771024500000,"ft_is_entry":false,"ft_order_tag":"trailing_stop_loss","cost":626.3384126999999}],"funding_fees":-0.016312849531606194,"weekday":4},{"pair":"ETH/USDT:USDT","stake_amount":309.79023,"max_stake_amount":309.79023,"amount":0.303,"open_date":"2026-02-13 22:15:00+00:00","close_date":"2026-02-14 08:00:00+00:00","open_rate":2044.82,"close_rate":2065.682125,"fee_open":0.0005,"fee_close":0.0005,"trade_duration":585,"profit_ratio":0.018216125476744133,"profit_abs":5.64599929,"exit_reason":"trailing_stop_loss","initial_stop_loss_abs":1973.2513,"initial_stop_loss_ratio":-0.07,"stop_loss_abs":2065.682125,"stop_loss_ratio":-0.025,"min_rate":2041.05,"max_rate":2091.83,"is_open":false,"enter_tag":"","leverage":2,"is_short":false,"open_timestamp":1771020900000,"close_timestamp":1771056000000,"orders":[{"amount":0.303,"safe_price":2044.82,"ft_order_side":"buy","order_filled_timestamp":1771020900000,"ft_is_entry":true,"ft_order_tag":"","cost":619.89025023},{"amount":0.303,"safe_price":2065.682125,"ft_order_side":"sell","order_filled_timestamp":1771056000000,"ft_is_entry":false,"ft_order_tag":"trailing_stop_loss","cost":626.2146347169373}],"funding_fees":-0.052483511642979916,"weekday":5},{"pair":"DOGE/USDT:USDT","stake_amount":311.3418,"max_stake_amount":311.3418,"amount":6440.0,"open_date":"2026-02-13 23:30:00+00:00","close_date":"2026-02-14 11:15:00+00:00","open_rate":0.09669,"close_rate":0.099,"fee_open":0.0005,"fee_close":0.0005,"trade_duration":705,"profit_ratio":0.04541379144789712,"profit_abs":14.14628118,"exit_reason":"trailing_stop_loss","initial_stop_loss_abs":0.09331,"initial_stop_loss_ratio":-0.07,"stop_loss_abs":0.099,"stop_loss_ratio":-0.025,"min_rate":0.09624,"max_rate":0.10025,"is_open":false,"enter_tag":"","leverage":2,"is_short":false,"open_timestamp":1771025400000,"close_timestamp":1771067700000,"orders":[{"amount":6440.0,"safe_price":0.09669,"ft_order_side":"buy","order_filled_timestamp":1771025400000,"ft_is_entry":true,"ft_order_tag":"","cost":622.9949417999999},{"amount":6440.0,"safe_price":0.099,"ft_order_side":"sell","order_filled_timestamp":1771067700000,"ft_is_entry":false,"ft_order_tag":"trailing_stop_loss","cost":637.87878}],"funding_fees":-0.0999970200857193,"weekday":5},{"pair":"DOGE/USDT:USDT","stake_amount":317.9473,"max_stake_amount":317.9473,"amount":6380.0,"open_date":"2026-02-14 13:45:00+00:00","close_date":"2026-02-14 14:45:00+00:00","open_rate":0.09967,"close_rate":0.10215,"fee_open":0.0005,"fee_close":0.0005,"trade_duration":60,"profit_ratio":0.04771548208037047,"profit_abs":15.1785942,"exit_reason":"trailing_stop_loss","initial_stop_loss_abs":0.09619,"initial_stop_loss_ratio":-0.07,"stop_loss_abs":0.10215,"stop_loss_ratio":-0.025,"min_rate":0.09963,"max_rate":0.10344,"is_open":false,"enter_tag":"","leverage":2,"is_short":false,"open_timestamp":1771076700000,"close_timestamp":1771080300000,"orders":[{"amount":6380.0,"safe_price":0.09967,"ft_order_side":"buy","order_filled_timestamp":1771076700000,"ft_is_entry":true,"ft_order_tag":"","cost":636.2125473},{"amount":6380.0,"safe_price":0.10215,"ft_order_side":"sell","order_filled_timestamp":1771080300000,"ft_is_entry":false,"ft_order_tag":"trailing_stop_loss","cost":652.0428585}],"funding_fees":0.0,"weekday":5},{"pair":"DOGE/USDT:USDT","stake_amount":322.905,"max_stake_amount":322.905,"amount":6270.0,"open_date":"2026-02-14 16:30:00+00:00","close_date":"2026-02-14 16:45:00+00:00","open_rate":0.103,"close_rate":0.10413,"fee_open":0.0005,"fee_close":0.0005,"trade_duration":15,"profit_ratio":0.019920816290883683,"profit_abs":6.43574745,"exit_reason":"trailing_stop_loss","initial_stop_loss_abs":0.0994,"initial_stop_loss_ratio":-0.07,"stop_loss_abs":0.10413,"stop_loss_ratio":-0.025,"min_rate":0.10241,"max_rate":0.10544,"is_open":false,"enter_tag":"","leverage":2,"is_short":false,"open_timestamp":1771086600000,"close_timestamp":1771087500000,"orders":[{"amount":6270.0,"safe_price":0.103,"ft_order_side":"buy","order_filled_timestamp":1771086600000,"ft_is_entry":true,"ft_order_tag":"","cost":646.1329049999999},{"amount":6270.0,"safe_price":0.10413,"ft_order_side":"sell","order_filled_timestamp":1771087500000,"ft_is_entry":false,"ft_order_tag":"trailing_stop_loss","cost":653.22154755}],"funding_fees":0.0,"weekday":5},{"pair":"DOGE/USDT:USDT","stake_amount":325.3404,"max_stake_amount":325.3404,"amount":5880.0,"open_date":"2026-02-14 23:30:00+00:00","close_date":"2026-02-15 01:00:00+00:00","open_rate":0.11066,"close_rate":0.11184,"fee_open":0.0005,"fee_close":0.0005,"trade_duration":90,"profit_ratio":0.019105845595185418,"profit_abs":6.2190114,"exit_reason":"trailing_stop_loss","initial_stop_loss_abs":0.10679,"initial_stop_loss_ratio":-0.07,"stop_loss_abs":0.11184,"stop_loss_ratio":-0.025,"min_rate":0.11042,"max_rate":0.11325,"is_open":false,"enter_tag":"","leverage":2,"is_short":false,"open_timestamp":1771111800000,"close_timestamp":1771117200000,"orders":[{"amount":5880.0,"safe_price":0.11066,"ft_order_side":"buy","order_filled_timestamp":1771111800000,"ft_is_entry":true,"ft_order_tag":"","cost":651.0061403999999},{"amount":5880.0,"safe_price":0.11184,"ft_order_side":"sell","order_filled_timestamp":1771117200000,"ft_is_entry":false,"ft_order_tag":"trailing_stop_loss","cost":657.9480096}],"funding_fees":-0.0652386,"weekday":6},{"pair":"DOGE/USDT:USDT","stake_amount":327.1905,"max_stake_amount":327.1905,"amount":5850.0,"open_date":"2026-02-15 01:30:00+00:00","close_date":"2026-02-15 02:00:00+00:00","open_rate":0.11186,"close_rate":0.11314,"fee_open":0.0005,"fee_close":0.0005,"trade_duration":30,"profit_ratio":0.02086387523206035,"profit_abs":6.829875,"exit_reason":"trailing_stop_loss","initial_stop_loss_abs":0.10795,"initial_stop_loss_ratio":-0.07,"stop_loss_abs":0.11314,"stop_loss_ratio":-0.025,"min_rate":0.11166,"max_rate":0.11457,"is_open":false,"enter_tag":"","leverage":2,"is_short":false,"open_timestamp":1771119000000,"close_timestamp":1771120800000,"orders":[{"amount":5850.0,"safe_price":0.11186,"ft_order_side":"buy","order_filled_timestamp":1771119000000,"ft_is_entry":true,"ft_order_tag":"","cost":654.7081904999999},{"amount":5850.0,"safe_price":0.11314,"ft_order_side":"sell","order_filled_timestamp":1771120800000,"ft_is_entry":false,"ft_order_tag":"trailing_stop_loss","cost":662.1999345}],"funding_fees":0.0,"weekday":6},{"pair":"DOGE/USDT:USDT","stake_amount":329.2784,"max_stake_amount":329.2784,"amount":5830.0,"open_date":"2026-02-15 02:15:00+00:00","close_date":"2026-02-15 03:00:00+00:00","open_rate":0.11296,"close_rate":0.11402,"fee_open":0.0005,"fee_close":0.0005,"trade_duration":45,"profit_ratio":0.01674994655646681,"profit_abs":5.5181533,"exit_reason":"trailing_stop_loss","initial_stop_loss_abs":0.10901,"initial_stop_loss_ratio":-0.07,"stop_loss_abs":0.11402,"stop_loss_ratio":-0.025,"min_rate":0.11186,"max_rate":0.11546,"is_open":false,"enter_tag":"","leverage":2,"is_short":false,"open_timestamp":1771121700000,"close_timestamp":1771124400000,"orders":[{"amount":5830.0,"safe_price":0.11296,"ft_order_side":"buy","order_filled_timestamp":1771121700000,"ft_is_entry":true,"ft_order_tag":"","cost":658.8860784},{"amount":5830.0,"safe_price":0.11402,"ft_order_side":"sell","order_filled_timestamp":1771124400000,"ft_is_entry":false,"ft_order_tag":"trailing_stop_loss","cost":665.0689682999999}],"funding_fees":0.0,"weekday":6},{"pair":"DOGE/USDT:USDT","stake_amount":331.0538,"max_stake_amount":331.0538,"amount":5810.0,"open_date":"2026-02-15 03:15:00+00:00","close_date":"2026-02-15 04:00:00+00:00","open_rate":0.11396,"close_rate":0.11608,"fee_open":0.0005,"fee_close":0.0005,"trade_duration":45,"profit_ratio":0.03516984926280279,"profit_abs":11.6489338,"exit_reason":"trailing_stop_loss","initial_stop_loss_abs":0.10998,"initial_stop_loss_ratio":-0.07,"stop_loss_abs":0.11608,"stop_loss_ratio":-0.025,"min_rate":0.11262,"max_rate":0.11754,"is_open":false,"enter_tag":"","leverage":2,"is_short":false,"open_timestamp":1771125300000,"close_timestamp":1771128000000,"orders":[{"amount":5810.0,"safe_price":0.11396,"ft_order_side":"buy","order_filled_timestamp":1771125300000,"ft_is_entry":true,"ft_order_tag":"","cost":662.4386538},{"amount":5810.0,"safe_price":0.11608,"ft_order_side":"sell","order_filled_timestamp":1771128000000,"ft_is_entry":false,"ft_order_tag":"trailing_stop_loss","cost":674.7620124}],"funding_fees":0.0,"weekday":6},{"pair":"DOGE/USDT:USDT","stake_amount":335.3092,"max_stake_amount":335.3092,"amount":5860.0,"open_date":"2026-02-15 04:30:00+00:00","close_date":"2026-02-15 06:00:00+00:00","open_rate":0.11444,"close_rate":0.11535,"fee_open":0.0005,"fee_close":0.0005,"trade_duration":90,"profit_ratio":0.013888634151990764,"profit_abs":4.6593153,"exit_reason":"trailing_stop_loss","initial_stop_loss_abs":0.11044,"initial_stop_loss_ratio":-0.07,"stop_loss_abs":0.11535,"stop_loss_ratio":-0.025,"min_rate":0.11429,"max_rate":0.1168,"is_open":false,"enter_tag":"","leverage":2,"is_short":false,"open_timestamp":1771129800000,"close_timestamp":1771135200000,"orders":[{"amount":5860.0,"safe_price":0.11444,"ft_order_side":"buy","order_filled_timestamp":1771129800000,"ft_is_entry":true,"ft_order_tag":"","cost":670.9537091999999},{"amount":5860.0,"safe_price":0.11535,"ft_order_side":"sell","order_filled_timestamp":1771135200000,"ft_is_entry":false,"ft_order_tag":"trailing_stop_loss","cost":676.2889755}],"funding_fees":0.0,"weekday":6},{"pair":"DOGE/USDT:USDT","stake_amount":336.7032,"max_stake_amount":336.7032,"amount":5870.0,"open_date":"2026-02-15 06:15:00+00:00","close_date":"2026-02-15 12:45:00+00:00","open_rate":0.11472,"close_rate":0.11071,"fee_open":0.0005,"fee_close":0.0005,"trade_duration":390,"profit_ratio":-0.0719065857444758,"profit_abs":-24.22328311,"exit_reason":"stop_loss","initial_stop_loss_abs":0.11071,"initial_stop_loss_ratio":-0.07,"stop_loss_abs":0.11071,"stop_loss_ratio":-0.07,"min_rate":0.10856,"max_rate":0.11663,"is_open":false,"enter_tag":"","leverage":2,"is_short":false,"open_timestamp":1771136100000,"close_timestamp":1771159500000,"orders":[{"amount":5870.0,"safe_price":0.11472,"ft_order_side":"buy","order_filled_timestamp":1771136100000,"ft_is_entry":true,"ft_order_tag":"","cost":673.7431032},{"amount":5870.0,"safe_price":0.11071,"ft_order_side":"sell","order_filled_timestamp":1771159500000,"ft_is_entry":false,"ft_order_tag":"stop_loss","cost":650.19263385}],"funding_fees":-0.02294606342232509,"weekday":6},{"pair":"ETH/USDT:USDT","stake_amount":313.46241,"max_stake_amount":313.46241,"amount":0.302,"open_date":"2026-02-14 09:30:00+00:00","close_date":"2026-02-15 13:00:00+00:00","open_rate":2075.91,"close_rate":2009.54,"fee_open":0.0005,"fee_close":0.0005,"trade_duration":1650,"profit_ratio":-0.06637785439375506,"profit_abs":-20.81736569,"exit_reason":"exit_signal","initial_stop_loss_abs":2003.2531499999998,"initial_stop_loss_ratio":-0.07,"stop_loss_abs":2003.2531499999998,"stop_loss_ratio":-0.07,"min_rate":2008.43,"max_rate":2107.55,"is_open":false,"enter_tag":"","leverage":2,"is_short":false,"open_timestamp":1771061400000,"close_timestamp":1771160400000,"orders":[{"amount":0.302,"safe_price":2075.91,"ft_order_side":"buy","order_filled_timestamp":1771061400000,"ft_is_entry":true,"ft_order_tag":"","cost":627.2382824099999},{"amount":0.302,"safe_price":2009.54,"ft_order_side":"sell","order_filled_timestamp":1771160400000,"ft_is_entry":false,"ft_order_tag":"exit_signal","cost":607.18452054}],"funding_fees":-0.15672273679199766,"weekday":6},{"pair":"DOGE/USDT:USDT","stake_amount":321.96935,"max_stake_amount":321.96935,"amount":5930.0,"open_date":"2026-02-15 13:00:00+00:00","close_date":"2026-02-15 17:45:00+00:00","open_rate":0.10859,"close_rate":0.10479,"fee_open":0.0005,"fee_close":0.0005,"trade_duration":285,"profit_ratio":-0.07211537430474377,"profit_abs":-23.23054966,"exit_reason":"stop_loss","initial_stop_loss_abs":0.10479,"initial_stop_loss_ratio":-0.07,"stop_loss_abs":0.10479,"stop_loss_ratio":-0.07,"min_rate":0.10289,"max_rate":0.11008,"is_open":false,"enter_tag":"","leverage":2,"is_short":false,"open_timestamp":1771160400000,"close_timestamp":1771177500000,"orders":[{"amount":5930.0,"safe_price":0.10859,"ft_order_side":"buy","order_filled_timestamp":1771160400000,"ft_is_entry":true,"ft_order_tag":"","cost":644.2606693500001},{"amount":5930.0,"safe_price":0.10479,"ft_order_side":"sell","order_filled_timestamp":1771177500000,"ft_is_entry":false,"ft_order_tag":"stop_loss","cost":621.7154023499999}],"funding_fees":-0.06387796,"weekday":6},{"pair":"DOGE/USDT:USDT","stake_amount":314.20725,"max_stake_amount":314.20725,"amount":6170.0,"open_date":"2026-02-17 16:30:00+00:00","close_date":"2026-02-18 19:30:00+00:00","open_rate":0.10185,"close_rate":0.09829,"fee_open":0.0005,"fee_close":0.0005,"trade_duration":1620,"profit_ratio":-0.07184847486538878,"profit_abs":-22.58659936,"exit_reason":"stop_loss","initial_stop_loss_abs":0.09829,"initial_stop_loss_ratio":-0.07,"stop_loss_abs":0.09829,"stop_loss_ratio":-0.07,"min_rate":0.0974,"max_rate":0.10337,"is_open":false,"enter_tag":"","leverage":2,"is_short":false,"open_timestamp":1771345800000,"close_timestamp":1771443000000,"orders":[{"amount":6170.0,"safe_price":0.10185,"ft_order_side":"buy","order_filled_timestamp":1771345800000,"ft_is_entry":true,"ft_order_tag":"","cost":628.72870725},{"amount":6170.0,"safe_price":0.09829,"ft_order_side":"sell","order_filled_timestamp":1771443000000,"ft_is_entry":false,"ft_order_tag":"stop_loss","cost":606.7525246499999}],"funding_fees":-0.003967463604871909,"weekday":2}],"locks":[],"best_pair":{"key":"DOGE/USDT:USDT","trades":16,"profit_mean":0.0016314024801697283,"profit_mean_pct":0.16,"profit_total_abs":7.330466219999998,"profit_total":0.007330466219999998,"profit_total_pct":0.73,"duration_avg":"7:54:00","wins":12,"draws":0,"losses":4,"winrate":0.75,"cagr":0.09988906382396467,"expectancy":0.45815413874999944,"expectancy_ratio":0.019642728999714976,"sortino":8.560007406228952,"sharpe":0.3563380211679723,"calmar":7.6937207840942925,"sqn":0.1264,"profit_factor":1.0785709159988603,"max_drawdown_account":0.06501051052823809,"max_drawdown_abs":70.04043213},"worst_pair":{"key":"ETH/USDT:USDT","trades":3,"profit_mean":-0.040037380142013516,"profit_mean_pct":-4.0,"profit_total_abs":-37.763291460000005,"profit_total":-0.03776329146000001,"profit_total_pct":-3.78,"duration_avg":"13:50:00","wins":1,"draws":0,"losses":2,"winrate":0.3333333333333333,"cagr":-0.39456447978973475,"expectancy":-12.58776382,"expectancy_ratio":-0.5799571291083581,"sortino":-29.040072970168232,"sharpe":-1.9953194026783976,"calmar":-68.23204705193857,"sqn":-1.3785,"profit_factor":0.13006430633746302,"max_drawdown_account":0.03776329146000001,"max_drawdown_abs":37.763291460000005},"results_per_pair":[{"key":"DOGE/USDT:USDT","trades":16,"profit_mean":0.0016314024801697283,"profit_mean_pct":0.16,"profit_total_abs":7.330466219999998,"profit_total":0.007330466219999998,"profit_total_pct":0.73,"duration_avg":"7:54:00","wins":12,"draws":0,"losses":4,"winrate":0.75,"cagr":0.09988906382396467,"expectancy":0.45815413874999944,"expectancy_ratio":0.019642728999714976,"sortino":8.560007406228952,"sharpe":0.3563380211679723,"calmar":7.6937207840942925,"sqn":0.1264,"profit_factor":1.0785709159988603,"max_drawdown_account":0.06501051052823809,"max_drawdown_abs":70.04043213},{"key":"SOL/USDT:USDT","trades":2,"profit_mean":-0.02591579739252894,"profit_mean_pct":-2.59,"profit_total_abs":-17.389096679999998,"profit_total":-0.017389096679999997,"profit_total_pct":-1.74,"duration_avg":"1 day, 7:15:00","wins":1,"draws":0,"losses":1,"winrate":0.5,"cagr":-0.2044116062064767,"expectancy":-8.694548339999999,"expectancy_ratio":-0.367468722177287,"sortino":-100,"sharpe":-0.7927874563933875,"calmar":-50.14628628343274,"sqn":-0.5809,"profit_factor":0.26506255564542597,"max_drawdown_account":0.023660648690000015,"max_drawdown_abs":23.66064869},{"key":"BTC/USDT:USDT","trades":1,"profit_mean":-0.06700563186898022,"profit_mean_pct":-6.7,"profit_total_abs":-21.91271458,"profit_total":-0.02191271458,"profit_total_pct":-2.19,"duration_avg":"1 day, 22:30:00","wins":0,"draws":0,"losses":1,"winrate":0.0,"cagr":-0.2508559801898397,"expectancy":-21.91271458,"expectancy_ratio":-1.0,"sortino":-100,"sharpe":-100,"calmar":-68.23204705193841,"sqn":-100.0,"profit_factor":0.0,"max_drawdown_account":0.021912714580000055,"max_drawdown_abs":21.91271458},{"key":"ETH/USDT:USDT","trades":3,"profit_mean":-0.040037380142013516,"profit_mean_pct":-4.0,"profit_total_abs":-37.763291460000005,"profit_total":-0.03776329146000001,"profit_total_pct":-3.78,"duration_avg":"13:50:00","wins":1,"draws":0,"losses":2,"winrate":0.3333333333333333,"cagr":-0.39456447978973475,"expectancy":-12.58776382,"expectancy_ratio":-0.5799571291083581,"sortino":-29.040072970168232,"sharpe":-1.9953194026783976,"calmar":-68.23204705193857,"sqn":-1.3785,"profit_factor":0.13006430633746302,"max_drawdown_account":0.03776329146000001,"max_drawdown_abs":37.763291460000005},{"key":"TOTAL","trades":22,"profit_mean":-0.009674860336243773,"profit_mean_pct":-0.97,"profit_total_abs":-69.7346365,"profit_total":-0.06973463649999999,"profit_total_pct":-6.97,"duration_avg":"12:35:00","wins":14,"draws":0,"losses":8,"winrate":0.6363636363636364,"cagr":-0.610266370700943,"expectancy":-3.1697562045454557,"expectancy_ratio":-0.13911583807991745,"sortino":-47.68327361167463,"sharpe":-3.1594670812083874,"calmar":-53.47525485761896,"sqn":-0.9645,"profit_factor":0.617431445280227,"max_drawdown_account":0.08897829494196248,"max_drawdown_abs":90.85779782}],"results_per_enter_tag":[{"key":"","trades":22,"profit_mean":-0.009674860336243773,"profit_mean_pct":-0.97,"profit_total_abs":-69.7346365,"profit_total":-0.06973463649999999,"profit_total_pct":-6.97,"duration_avg":"12:35:00","wins":14,"draws":0,"losses":8,"winrate":0.6363636363636364,"cagr":-0.610266370700943,"expectancy":-3.1697562045454557,"expectancy_ratio":-0.13911583807991745,"sortino":-47.68327361167463,"sharpe":-3.1594670812083874,"calmar":-53.47525485761896,"sqn":-0.9645,"profit_factor":0.617431445280227,"max_drawdown_account":0.08897829494196248,"max_drawdown_abs":90.85779782},{"key":"TOTAL","trades":22,"profit_mean":-0.009674860336243773,"profit_mean_pct":-0.97,"profit_total_abs":-69.7346365,"profit_total":-0.06973463649999999,"profit_total_pct":-6.97,"duration_avg":"12:35:00","wins":14,"draws":0,"losses":8,"winrate":0.6363636363636364,"cagr":-0.610266370700943,"expectancy":-3.1697562045454557,"expectancy_ratio":-0.13911583807991745,"sortino":-47.68327361167463,"sharpe":-3.1594670812083874,"calmar":-53.47525485761896,"sqn":-0.9645,"profit_factor":0.617431445280227,"max_drawdown_account":0.08897829494196248,"max_drawdown_abs":90.85779782}],"exit_reason_summary":[{"key":"trailing_stop_loss","trades":14,"profit_mean":0.02516927765455117,"profit_mean_pct":2.52,"profit_total_abs":112.54546896,"profit_total":0.11254546895999999,"profit_total_pct":11.25,"duration_avg":"7:05:00","wins":14,"draws":0,"losses":0,"winrate":1.0,"cagr":3.0159214292333774,"expectancy":8.038962068571427,"expectancy_ratio":100.0,"sortino":-100,"sharpe":23.885411774699136,"calmar":-100,"sqn":9.0155,"profit_factor":0.0,"max_drawdown_account":0.0,"max_drawdown_abs":0.0},{"key":"exit_signal","trades":2,"profit_mean":-0.06669174313136764,"profit_mean_pct":-6.67,"profit_total_abs":-42.73008027,"profit_total":-0.042730080270000005,"profit_total_pct":-4.27,"duration_avg":"1 day, 13:00:00","wins":0,"draws":0,"losses":2,"winrate":0.0,"cagr":-0.43406048600103153,"expectancy":-21.365040135,"expectancy_ratio":-1.0,"sortino":-53.23529104075234,"sharpe":-53.23529104075234,"calmar":-68.23204705193852,"sqn":-39.0105,"profit_factor":0.0,"max_drawdown_account":0.04273008027000003,"max_drawdown_abs":42.73008027},{"key":"stop_loss","trades":6,"profit_mean":-0.07197222138305735,"profit_mean_pct":-7.2,"profit_total_abs":-139.55002519,"profit_total":-0.13955002519,"profit_total_pct":-13.96,"duration_avg":"17:18:00","wins":0,"draws":0,"losses":6,"winrate":0.0,"cagr":-0.8590380454087507,"expectancy":-23.25833753166667,"expectancy_ratio":-1.0,"sortino":-165.37397921693238,"sharpe":-165.37397921693238,"calmar":-68.23204705193855,"sqn":-90.3259,"profit_factor":0.0,"max_drawdown_account":0.13955002519000004,"max_drawdown_abs":139.55002519},{"key":"TOTAL","trades":22,"profit_mean":-0.009674860336243773,"profit_mean_pct":-0.97,"profit_total_abs":-69.7346365,"profit_total":-0.06973463649999999,"profit_total_pct":-6.97,"duration_avg":"12:35:00","wins":14,"draws":0,"losses":8,"winrate":0.6363636363636364,"cagr":-0.610266370700943,"expectancy":-3.1697562045454557,"expectancy_ratio":-0.13911583807991745,"sortino":-47.68327361167463,"sharpe":-3.1594670812083874,"calmar":-53.47525485761896,"sqn":-0.9645,"profit_factor":0.617431445280227,"max_drawdown_account":0.08897829494196248,"max_drawdown_abs":90.85779782}],"mix_tag_stats":[{"key":["","trailing_stop_loss"],"trades":14,"profit_mean":0.02516927765455117,"profit_mean_pct":2.52,"profit_total_abs":112.54546896,"profit_total":0.11254546895999999,"profit_total_pct":11.25,"duration_avg":"7:05:00","wins":14,"draws":0,"losses":0,"winrate":1.0,"cagr":3.0159214292333774,"expectancy":8.038962068571427,"expectancy_ratio":100.0,"sortino":-100,"sharpe":23.885411774699136,"calmar":-100,"sqn":9.0155,"profit_factor":0.0,"max_drawdown_account":0.0,"max_drawdown_abs":0.0},{"key":["","exit_signal"],"trades":2,"profit_mean":-0.06669174313136764,"profit_mean_pct":-6.67,"profit_total_abs":-42.73008027,"profit_total":-0.042730080270000005,"profit_total_pct":-4.27,"duration_avg":"1 day, 13:00:00","wins":0,"draws":0,"losses":2,"winrate":0.0,"cagr":-0.43406048600103153,"expectancy":-21.365040135,"expectancy_ratio":-1.0,"sortino":-53.23529104075234,"sharpe":-53.23529104075234,"calmar":-68.23204705193852,"sqn":-39.0105,"profit_factor":0.0,"max_drawdown_account":0.04273008027000003,"max_drawdown_abs":42.73008027},{"key":["","stop_loss"],"trades":6,"profit_mean":-0.07197222138305735,"profit_mean_pct":-7.2,"profit_total_abs":-139.55002519,"profit_total":-0.13955002519,"profit_total_pct":-13.96,"duration_avg":"17:18:00","wins":0,"draws":0,"losses":6,"winrate":0.0,"cagr":-0.8590380454087507,"expectancy":-23.25833753166667,"expectancy_ratio":-1.0,"sortino":-165.37397921693238,"sharpe":-165.37397921693238,"calmar":-68.23204705193855,"sqn":-90.3259,"profit_factor":0.0,"max_drawdown_account":0.13955002519000004,"max_drawdown_abs":139.55002519},{"key":"TOTAL","trades":22,"profit_mean":-0.009674860336243773,"profit_mean_pct":-0.97,"profit_total_abs":-69.7346365,"profit_total":-0.06973463649999999,"profit_total_pct":-6.97,"duration_avg":"12:35:00","wins":14,"draws":0,"losses":8,"winrate":0.6363636363636364,"cagr":-0.610266370700943,"expectancy":-3.1697562045454557,"expectancy_ratio":-0.13911583807991745,"sortino":-47.68327361167463,"sharpe":-3.1594670812083874,"calmar":-53.47525485761896,"sqn":-0.9645,"profit_factor":0.617431445280227,"max_drawdown_account":0.08897829494196248,"max_drawdown_abs":90.85779782}],"left_open_trades":[{"key":"TOTAL","trades":0,"profit_mean":0.0,"profit_mean_pct":0.0,"profit_total_abs":0.0,"profit_total":0.0,"profit_total_pct":0.0,"duration_avg":"0:00","wins":0,"draws":0,"losses":0,"winrate":0.0,"cagr":0.0,"expectancy":0.0,"expectancy_ratio":100.0,"sortino":0,"sharpe":0,"calmar":0,"sqn":0.0,"profit_factor":0.0,"max_drawdown_account":0.0,"max_drawdown_abs":0.0}],"total_trades":22,"trade_count_long":22,"trade_count_short":0,"total_volume":28196.54613407831,"avg_stake_amount":320.87775613636364,"profit_mean":-0.009674860336243773,"profit_median":0.018230231822334082,"profit_total":-0.06973463649999999,"profit_total_long":-0.06973463649999999,"profit_total_short":0.0,"profit_total_abs":-69.7346365,"profit_total_long_abs":-69.7346365,"profit_total_short_abs":0.0,"cagr":-0.6102663707009437,"expectancy":-3.1697562045454557,"expectancy_ratio":-0.13911583807991745,"sortino":-47.68327361167463,"sharpe":-3.1594670812083874,"calmar":-53.47525485761896,"sqn":-0.9645,"profit_factor":0.617431445280227,"backtest_start":"2026-01-22 02:00:00","backtest_start_ts":1769047200000,"backtest_end":"2026-02-20 00:00:00","backtest_end_ts":1771545600000,"backtest_days":28,"backtest_run_start_ts":1771594926,"backtest_run_end_ts":1771594927,"trades_per_day":0.79,"market_change":-0.3004948512428234,"pairlist":["BTC/USDT:USDT","ETH/USDT:USDT","SOL/USDT:USDT","DOGE/USDT:USDT"],"stake_amount":"unlimited","stake_currency":"USDT","stake_currency_decimals":3,"starting_balance":1000,"dry_run_wallet":1000,"final_balance":930.2653634999999,"rejected_signals":0,"timedout_entry_orders":0,"timedout_exit_orders":0,"canceled_trade_entries":0,"canceled_entry_orders":0,"replaced_entry_orders":0,"max_open_trades":3,"max_open_trades_setting":3,"timeframe":"15m","timeframe_detail":"","timerange":"20260120-20260220","enable_protections":false,"strategy_name":"SupertrendFuturesStrategyV2","freqaimodel":null,"freqai_identifier":null,"stoploss":-0.07,"trailing_stop":true,"trailing_stop_positive":0.025,"trailing_stop_positive_offset":0.035,"trailing_only_offset_is_reached":true,"use_custom_stoploss":false,"minimal_roi":{"0":0.08},"use_exit_signal":true,"exit_profit_only":false,"exit_profit_offset":0.0,"ignore_roi_if_entry_signal":false,"trading_mode":"futures","margin_mode":"isolated","periodic_breakdown":{"day":[{"date":"25/01/2026","date_ts":1769299200000,"profit_abs":-45.57336327,"wins":0,"draws":0,"losses":2,"trades":2,"profit_factor":0.0},{"date":"26/01/2026","date_ts":1769385600000,"profit_abs":0.0,"wins":0,"draws":0,"losses":0,"trades":0,"profit_factor":0.0},{"date":"27/01/2026","date_ts":1769472000000,"profit_abs":0.0,"wins":0,"draws":0,"losses":0,"trades":0,"profit_factor":0.0},{"date":"28/01/2026","date_ts":1769558400000,"profit_abs":22.33770393,"wins":3,"draws":0,"losses":0,"trades":3,"profit_factor":0.0},{"date":"29/01/2026","date_ts":1769644800000,"profit_abs":-23.25701931,"wins":0,"draws":0,"losses":1,"trades":1,"profit_factor":0.0},{"date":"30/01/2026","date_ts":1769731200000,"profit_abs":0.0,"wins":0,"draws":0,"losses":0,"trades":0,"profit_factor":0.0},{"date":"31/01/2026","date_ts":1769817600000,"profit_abs":0.0,"wins":0,"draws":0,"losses":0,"trades":0,"profit_factor":0.0},{"date":"01/02/2026","date_ts":1769904000000,"profit_abs":0.0,"wins":0,"draws":0,"losses":0,"trades":0,"profit_factor":0.0},{"date":"02/02/2026","date_ts":1769990400000,"profit_abs":0.0,"wins":0,"draws":0,"losses":0,"trades":0,"profit_factor":0.0},{"date":"03/02/2026","date_ts":1770076800000,"profit_abs":0.0,"wins":0,"draws":0,"losses":0,"trades":0,"profit_factor":0.0},{"date":"04/02/2026","date_ts":1770163200000,"profit_abs":0.0,"wins":0,"draws":0,"losses":0,"trades":0,"profit_factor":0.0},{"date":"05/02/2026","date_ts":1770249600000,"profit_abs":0.0,"wins":0,"draws":0,"losses":0,"trades":0,"profit_factor":0.0},{"date":"06/02/2026","date_ts":1770336000000,"profit_abs":0.0,"wins":0,"draws":0,"losses":0,"trades":0,"profit_factor":0.0},{"date":"07/02/2026","date_ts":1770422400000,"profit_abs":0.0,"wins":0,"draws":0,"losses":0,"trades":0,"profit_factor":0.0},{"date":"08/02/2026","date_ts":1770508800000,"profit_abs":0.0,"wins":0,"draws":0,"losses":0,"trades":0,"profit_factor":0.0},{"date":"09/02/2026","date_ts":1770595200000,"profit_abs":0.0,"wins":0,"draws":0,"losses":0,"trades":0,"profit_factor":0.0},{"date":"10/02/2026","date_ts":1770681600000,"profit_abs":0.0,"wins":0,"draws":0,"losses":0,"trades":0,"profit_factor":0.0},{"date":"11/02/2026","date_ts":1770768000000,"profit_abs":0.0,"wins":0,"draws":0,"losses":0,"trades":0,"profit_factor":0.0},{"date":"12/02/2026","date_ts":1770854400000,"profit_abs":-22.59192506,"wins":0,"draws":0,"losses":1,"trades":1,"profit_factor":0.0},{"date":"13/02/2026","date_ts":1770940800000,"profit_abs":13.92585411,"wins":2,"draws":0,"losses":0,"trades":2,"profit_factor":0.0},{"date":"14/02/2026","date_ts":1771027200000,"profit_abs":41.40662212,"wins":4,"draws":0,"losses":0,"trades":4,"profit_factor":0.0},{"date":"15/02/2026","date_ts":1771113600000,"profit_abs":-33.39590966,"wins":5,"draws":0,"losses":3,"trades":8,"profit_factor":0.51083458},{"date":"16/02/2026","date_ts":1771200000000,"profit_abs":0.0,"wins":0,"draws":0,"losses":0,"trades":0,"profit_factor":0.0},{"date":"17/02/2026","date_ts":1771286400000,"profit_abs":0.0,"wins":0,"draws":0,"losses":0,"trades":0,"profit_factor":0.0},{"date":"18/02/2026","date_ts":1771372800000,"profit_abs":-22.58659936,"wins":0,"draws":0,"losses":1,"trades":1,"profit_factor":0.0}],"week":[{"date":"26/01/2026","date_ts":1769385600000,"profit_abs":-45.57336327,"wins":0,"draws":0,"losses":2,"trades":2,"profit_factor":0.0},{"date":"02/02/2026","date_ts":1769990400000,"profit_abs":-0.91931538,"wins":3,"draws":0,"losses":1,"trades":4,"profit_factor":0.96047149},{"date":"09/02/2026","date_ts":1770595200000,"profit_abs":0.0,"wins":0,"draws":0,"losses":0,"trades":0,"profit_factor":0.0},{"date":"16/02/2026","date_ts":1771200000000,"profit_abs":-0.65535849,"wins":11,"draws":0,"losses":4,"trades":15,"profit_factor":0.99278741},{"date":"23/02/2026","date_ts":1771804800000,"profit_abs":-22.58659936,"wins":0,"draws":0,"losses":1,"trades":1,"profit_factor":0.0}],"month":[{"date":"31/01/2026","date_ts":1769817600000,"profit_abs":-46.49267865,"wins":3,"draws":0,"losses":3,"trades":6,"profit_factor":0.32453261},{"date":"28/02/2026","date_ts":1772236800000,"profit_abs":-23.24195785,"wins":11,"draws":0,"losses":5,"trades":16,"profit_factor":0.79513429}],"year":[{"date":"31/12/2026","date_ts":1798675200000,"profit_abs":-69.7346365,"wins":14,"draws":0,"losses":8,"trades":22,"profit_factor":0.61743145}],"weekday":[{"date":"Wednesday","date_ts":2,"profit_abs":-0.24889543,"wins":3,"draws":0,"losses":1,"trades":4,"profit_factor":0.98898039},{"date":"Thursday","date_ts":3,"profit_abs":-45.84894437,"wins":0,"draws":0,"losses":2,"trades":2,"profit_factor":0.0},{"date":"Friday","date_ts":4,"profit_abs":13.92585411,"wins":2,"draws":0,"losses":0,"trades":2,"profit_factor":0.0},{"date":"Saturday","date_ts":5,"profit_abs":41.40662212,"wins":4,"draws":0,"losses":0,"trades":4,"profit_factor":0.0},{"date":"Sunday","date_ts":6,"profit_abs":-78.96927293,"wins":5,"draws":0,"losses":5,"trades":10,"profit_factor":0.30634128}]},"backtest_best_day":0.1312662152958954,"backtest_worst_day":-0.13876885631260116,"backtest_best_day_abs":41.40662212,"backtest_worst_day_abs":-45.57336327,"winning_days":3,"draw_days":17,"losing_days":5,"daily_profit":[["2026-01-25",-45.57336327],["2026-01-26",0.0],["2026-01-27",0.0],["2026-01-28",22.33770393],["2026-01-29",-23.25701931],["2026-01-30",0.0],["2026-01-31",0.0],["2026-02-01",0.0],["2026-02-02",0.0],["2026-02-03",0.0],["2026-02-04",0.0],["2026-02-05",0.0],["2026-02-06",0.0],["2026-02-07",0.0],["2026-02-08",0.0],["2026-02-09",0.0],["2026-02-10",0.0],["2026-02-11",0.0],["2026-02-12",-22.59192506],["2026-02-13",13.92585411],["2026-02-14",41.40662212],["2026-02-15",-33.39590966],["2026-02-16",0.0],["2026-02-17",0.0],["2026-02-18",-22.58659936]],"wins":14,"losses":8,"draws":0,"winrate":0.6363636363636364,"holding_avg":"12:35:00","holding_avg_s":45300.0,"winner_holding_min":"0d 00:15","winner_holding_min_s":900.0,"winner_holding_max":"1d 06:45","winner_holding_max_s":110700.0,"winner_holding_avg":"0d 07:05","winner_holding_avg_s":25500.0,"loser_holding_min":"0d 04:15","loser_holding_min_s":15300.0,"loser_holding_max":"1d 22:30","loser_holding_max_s":167400.0,"loser_holding_avg":"0d 22:13","loser_holding_avg_s":79980.0,"max_consecutive_wins":11,"max_consecutive_losses":4,"max_drawdown_account":0.08897829494196248,"max_relative_drawdown":0.08897829494196248,"max_drawdown_abs":90.85779782,"drawdown_start":"2026-02-15 06:00:00","drawdown_start_ts":1771135200000.0,"drawdown_end":"2026-02-18 19:30:00","drawdown_end_ts":1771443000000.0,"drawdown_duration":"3 days 13:30:00","drawdown_duration_s":307800.0,"max_drawdown_low":-69.73463650000002,"max_drawdown_high":21.123161319999987,"csum_min":930.2653634999999,"csum_max":1021.12316132}},"strategy_comparison":[{"key":"SupertrendFuturesStrategyV2","trades":22,"profit_mean":-0.009674860336243773,"profit_mean_pct":-0.97,"profit_total_abs":-69.7346365,"profit_total":-0.06973463649999999,"profit_total_pct":-6.97,"duration_avg":"12:35:00","wins":14,"draws":0,"losses":8,"winrate":0.6363636363636364,"cagr":-0.610266370700943,"expectancy":-3.1697562045454557,"expectancy_ratio":-0.13911583807991745,"sortino":-47.68327361167463,"sharpe":-3.1594670812083874,"calmar":-53.47525485761896,"sqn":-0.9645,"profit_factor":0.617431445280227,"max_drawdown_account":0.08897829494196248,"max_drawdown_abs":"90.858"}]}