{"strategy":{"SupertrendFuturesStrategyV4":{"trades":[{"pair":"SOL/USDT:USDT","stake_amount":399.89315,"max_stake_amount":399.89315,"amount":4.79,"open_date":"2025-11-10 02:00:00+00:00","close_date":"2025-11-10 09:00:00+00:00","open_rate":166.97,"close_rate":168.04260000000002,"fee_open":0.0005,"fee_close":0.0005,"trade_duration":420,"profit_ratio":0.01083597506958559,"profit_abs":4.33539882,"exit_reason":"trailing_stop_loss","initial_stop_loss_abs":162.79575,"initial_stop_loss_ratio":-0.05,"stop_loss_abs":168.04260000000002,"stop_loss_ratio":-0.02,"min_rate":166.04,"max_rate":169.74,"is_open":false,"enter_tag":"","leverage":2,"is_short":false,"open_timestamp":1762740000000,"close_timestamp":1762765200000,"orders":[{"amount":4.79,"safe_price":166.97,"ft_order_side":"buy","order_filled_timestamp":1762740000000,"ft_is_entry":true,"ft_order_tag":"","cost":800.1861931499999},{"amount":4.79,"safe_price":168.04260000000002,"ft_order_side":"sell","order_filled_timestamp":1762765200000,"ft_is_entry":false,"ft_order_tag":"trailing_stop_loss","cost":805.326516027}],"funding_fees":0.0,"weekday":0},{"pair":"SOL/USDT:USDT","stake_amount":399.7604,"max_stake_amount":399.7604,"amount":4.72,"open_date":"2025-11-10 10:00:00+00:00","close_date":"2025-11-10 15:00:00+00:00","open_rate":169.39,"close_rate":165.15525,"fee_open":0.0005,"fee_close":0.0005,"trade_duration":300,"profit_ratio":-0.05194902548725637,"profit_abs":-20.77754679,"exit_reason":"stop_loss","initial_stop_loss_abs":165.15525,"initial_stop_loss_ratio":-0.05,"stop_loss_abs":165.15525,"stop_loss_ratio":-0.05,"min_rate":165.03,"max_rate":170.42,"is_open":false,"enter_tag":"","leverage":2,"is_short":false,"open_timestamp":1762768800000,"close_timestamp":1762786800000,"orders":[{"amount":4.72,"safe_price":169.39,"ft_order_side":"buy","order_filled_timestamp":1762768800000,"ft_is_entry":true,"ft_order_tag":"","cost":799.9205603999999},{"amount":4.72,"safe_price":165.15525,"ft_order_side":"sell","order_filled_timestamp":1762786800000,"ft_is_entry":false,"ft_order_tag":"stop_loss","cost":779.9225463899999}],"funding_fees":0.0,"weekday":0},{"pair":"BTC/USDT:USDT","stake_amount":399.380625,"max_stake_amount":399.380625,"amount":0.0075,"open_date":"2025-11-10 14:00:00+00:00","close_date":"2025-11-11 14:00:00+00:00","open_rate":106501.5,"close_rate":103838.9625,"fee_open":0.0005,"fee_close":0.0005,"trade_duration":1440,"profit_ratio":-0.051949025476307385,"profit_abs":-20.75780798,"exit_reason":"stop_loss","initial_stop_loss_abs":103838.9625,"initial_stop_loss_ratio":-0.05,"stop_loss_abs":103838.9625,"stop_loss_ratio":-0.05,"min_rate":103802.3,"max_rate":107499.8,"is_open":false,"enter_tag":"","leverage":2,"is_short":false,"open_timestamp":1762783200000,"close_timestamp":1762869600000,"orders":[{"amount":0.0075,"safe_price":106501.5,"ft_order_side":"buy","order_filled_timestamp":1762783200000,"ft_is_entry":true,"ft_order_tag":"","cost":799.160630625},{"amount":0.0075,"safe_price":103838.9625,"ft_order_side":"sell","order_filled_timestamp":1762869600000,"ft_is_entry":false,"ft_order_tag":"stop_loss","cost":779.1816148593749}],"funding_fees":0.0,"weekday":1},{"pair":"BTC/USDT:USDT","stake_amount":398.80772,"max_stake_amount":398.80772,"amount":0.0076,"open_date":"2025-11-12 13:00:00+00:00","close_date":"2025-11-12 15:00:00+00:00","open_rate":104949.4,"close_rate":102325.665,"fee_open":0.0005,"fee_close":0.0005,"trade_duration":120,"profit_ratio":-0.051949025494775036,"profit_abs":-20.72803125,"exit_reason":"stop_loss","initial_stop_loss_abs":102325.665,"initial_stop_loss_ratio":-0.05,"stop_loss_abs":102325.665,"stop_loss_ratio":-0.05,"min_rate":101902.5,"max_rate":105146.9,"is_open":false,"enter_tag":"","leverage":2,"is_short":false,"open_timestamp":1762952400000,"close_timestamp":1762959600000,"orders":[{"amount":0.0076,"safe_price":104949.4,"ft_order_side":"buy","order_filled_timestamp":1762952400000,"ft_is_entry":true,"ft_order_tag":"","cost":798.0142477199998},{"amount":0.0076,"safe_price":102325.665,"ft_order_side":"sell","order_filled_timestamp":1762959600000,"ft_is_entry":false,"ft_order_tag":"stop_loss","cost":778.0638915269999}],"funding_fees":0.0,"weekday":2},{"pair":"BTC/USDT:USDT","stake_amount":399.586,"max_stake_amount":399.586,"amount":0.0088,"open_date":"2025-11-27 14:00:00+00:00","close_date":"2025-11-28 13:00:00+00:00","open_rate":90815.0,"close_rate":91706.175,"fee_open":0.0005,"fee_close":0.0005,"trade_duration":1380,"profit_ratio":0.017607546224135084,"profit_abs":7.03924683,"exit_reason":"trailing_stop_loss","initial_stop_loss_abs":88544.625,"initial_stop_loss_ratio":-0.05,"stop_loss_abs":91706.175,"stop_loss_ratio":-0.02,"min_rate":90534.7,"max_rate":92632.5,"is_open":false,"enter_tag":"","leverage":2,"is_short":false,"open_timestamp":1764252000000,"close_timestamp":1764334800000,"orders":[{"amount":0.0088,"safe_price":90815.0,"ft_order_side":"buy","order_filled_timestamp":1764252000000,"ft_is_entry":true,"ft_order_tag":"","cost":799.571586},{"amount":0.0088,"safe_price":91706.175,"ft_order_side":"sell","order_filled_timestamp":1764334800000,"ft_is_entry":false,"ft_order_tag":"trailing_stop_loss","cost":807.4178471700001}],"funding_fees":0.0,"weekday":4},{"pair":"ETH/USDT:USDT","stake_amount":399.1659,"max_stake_amount":399.1659,"amount":0.268,"open_date":"2025-12-02 21:00:00+00:00","close_date":"2025-12-03 02:00:00+00:00","open_rate":2978.85,"close_rate":3018.3912,"fee_open":0.0005,"fee_close":0.0005,"trade_duration":300,"profit_ratio":0.024522427946598785,"profit_abs":9.79341128,"exit_reason":"trailing_stop_loss","initial_stop_loss_abs":2904.37875,"initial_stop_loss_ratio":-0.05,"stop_loss_abs":3018.3912,"stop_loss_ratio":-0.02,"min_rate":2976.3,"max_rate":3048.88,"is_open":false,"enter_tag":"","leverage":2,"is_short":false,"open_timestamp":1764709200000,"close_timestamp":1764727200000,"orders":[{"amount":0.268,"safe_price":2978.85,"ft_order_side":"buy","order_filled_timestamp":1764709200000,"ft_is_entry":true,"ft_order_tag":"","cost":798.7309659},{"amount":0.268,"safe_price":3018.3912,"ft_order_side":"sell","order_filled_timestamp":1764727200000,"ft_is_entry":false,"ft_order_tag":"trailing_stop_loss","cost":809.3333060208}],"funding_fees":0.0,"weekday":2},{"pair":"ETH/USDT:USDT","stake_amount":399.7643,"max_stake_amount":399.7643,"amount":0.26,"open_date":"2025-12-03 15:00:00+00:00","close_date":"2025-12-03 17:00:00+00:00","open_rate":3075.11,"close_rate":3101.3433,"fee_open":0.0005,"fee_close":0.0005,"trade_duration":120,"profit_ratio":0.015045644931633287,"profit_abs":6.01771907,"exit_reason":"trailing_stop_loss","initial_stop_loss_abs":2998.23225,"initial_stop_loss_ratio":-0.05,"stop_loss_abs":3101.3433,"stop_loss_ratio":-0.02,"min_rate":3054.0,"max_rate":3132.67,"is_open":false,"enter_tag":"","leverage":2,"is_short":false,"open_timestamp":1764774000000,"close_timestamp":1764781200000,"orders":[{"amount":0.26,"safe_price":3075.11,"ft_order_side":"buy","order_filled_timestamp":1764774000000,"ft_is_entry":true,"ft_order_tag":"","cost":799.9283643},{"amount":0.26,"safe_price":3101.3433,"ft_order_side":"sell","order_filled_timestamp":1764781200000,"ft_is_entry":false,"ft_order_tag":"trailing_stop_loss","cost":806.752432629}],"funding_fees":0.0,"weekday":2},{"pair":"ETH/USDT:USDT","stake_amount":399.3255,"max_stake_amount":399.3255,"amount":0.252,"open_date":"2025-12-04 14:00:00+00:00","close_date":"2025-12-04 15:00:00+00:00","open_rate":3169.25,"close_rate":3191.1462,"fee_open":0.0005,"fee_close":0.0005,"trade_duration":60,"profit_ratio":0.011805094947051618,"profit_abs":4.71643248,"exit_reason":"trailing_stop_loss","initial_stop_loss_abs":3090.0187499999997,"initial_stop_loss_ratio":-0.05,"stop_loss_abs":3191.1462,"stop_loss_ratio":-0.02,"min_rate":3137.53,"max_rate":3223.38,"is_open":false,"enter_tag":"","leverage":2,"is_short":false,"open_timestamp":1764856800000,"close_timestamp":1764860400000,"orders":[{"amount":0.252,"safe_price":3169.25,"ft_order_side":"buy","order_filled_timestamp":1764856800000,"ft_is_entry":true,"ft_order_tag":"","cost":799.0503254999999},{"amount":0.252,"safe_price":3191.1462,"ft_order_side":"sell","order_filled_timestamp":1764860400000,"ft_is_entry":false,"ft_order_tag":"trailing_stop_loss","cost":804.5709268211999}],"funding_fees":0.0,"weekday":3},{"pair":"ETH/USDT:USDT","stake_amount":399.16194,"max_stake_amount":399.16194,"amount":0.249,"open_date":"2025-12-04 16:00:00+00:00","close_date":"2025-12-04 19:00:00+00:00","open_rate":3206.12,"close_rate":3125.9669999999996,"fee_open":0.0005,"fee_close":0.0005,"trade_duration":180,"profit_ratio":-0.05194902548350037,"profit_abs":-20.74644183,"exit_reason":"stop_loss","initial_stop_loss_abs":3125.9669999999996,"initial_stop_loss_ratio":-0.05,"stop_loss_abs":3125.9669999999996,"stop_loss_ratio":-0.05,"min_rate":3065.0,"max_rate":3224.0,"is_open":false,"enter_tag":"","leverage":2,"is_short":false,"open_timestamp":1764864000000,"close_timestamp":1764874800000,"orders":[{"amount":0.249,"safe_price":3206.12,"ft_order_side":"buy","order_filled_timestamp":1764864000000,"ft_is_entry":true,"ft_order_tag":"","cost":798.7230419399999},{"amount":0.249,"safe_price":3125.9669999999996,"ft_order_side":"sell","order_filled_timestamp":1764874800000,"ft_is_entry":false,"ft_order_tag":"stop_loss","cost":778.7549658915}],"funding_fees":0.0,"weekday":3},{"pair":"ETH/USDT:USDT","stake_amount":398.60716,"max_stake_amount":398.60716,"amount":0.238,"open_date":"2025-12-10 17:00:00+00:00","close_date":"2025-12-10 18:00:00+00:00","open_rate":3349.64,"close_rate":3393.9774,"fee_open":0.0005,"fee_close":0.0005,"trade_duration":60,"profit_ratio":0.02444747420209302,"profit_abs":9.74981073,"exit_reason":"trailing_stop_loss","initial_stop_loss_abs":3265.899,"initial_stop_loss_ratio":-0.05,"stop_loss_abs":3393.9774,"stop_loss_ratio":-0.02,"min_rate":3344.63,"max_rate":3428.26,"is_open":false,"enter_tag":"","leverage":2,"is_short":false,"open_timestamp":1765386000000,"close_timestamp":1765389600000,"orders":[{"amount":0.238,"safe_price":3349.64,"ft_order_side":"buy","order_filled_timestamp":1765386000000,"ft_is_entry":true,"ft_order_tag":"","cost":797.6129271599999},{"amount":0.238,"safe_price":3393.9774,"ft_order_side":"sell","order_filled_timestamp":1765389600000,"ft_is_entry":false,"ft_order_tag":"trailing_stop_loss","cost":808.1705045106}],"funding_fees":0.0,"weekday":2},{"pair":"ETH/USDT:USDT","stake_amount":398.7987,"max_stake_amount":398.7987,"amount":0.236,"open_date":"2025-12-10 19:00:00+00:00","close_date":"2025-12-10 20:00:00+00:00","open_rate":3379.65,"close_rate":3400.3727999999996,"fee_open":0.0005,"fee_close":0.0005,"trade_duration":60,"profit_ratio":0.01025202404889601,"profit_abs":4.09053811,"exit_reason":"trailing_stop_loss","initial_stop_loss_abs":3295.15875,"initial_stop_loss_ratio":-0.05,"stop_loss_abs":3400.3727999999996,"stop_loss_ratio":-0.02,"min_rate":3343.0,"max_rate":3446.0,"is_open":false,"enter_tag":"","leverage":2,"is_short":false,"open_timestamp":1765393200000,"close_timestamp":1765396800000,"orders":[{"amount":0.236,"safe_price":3379.65,"ft_order_side":"buy","order_filled_timestamp":1765393200000,"ft_is_entry":true,"ft_order_tag":"","cost":797.9961986999999},{"amount":0.236,"safe_price":3400.3727999999996,"ft_order_side":"sell","order_filled_timestamp":1765396800000,"ft_is_entry":false,"ft_order_tag":"trailing_stop_loss","cost":802.8892247903998}],"funding_fees":0.0,"weekday":2},{"pair":"ETH/USDT:USDT","stake_amount":399.14504,"max_stake_amount":399.14504,"amount":0.238,"open_date":"2025-12-10 21:00:00+00:00","close_date":"2025-12-11 00:00:00+00:00","open_rate":3354.16,"close_rate":3270.3059999999996,"fee_open":0.0005,"fee_close":0.0005,"trade_duration":180,"profit_ratio":-0.05194902547723996,"profit_abs":-20.74556345,"exit_reason":"stop_loss","initial_stop_loss_abs":3270.3059999999996,"initial_stop_loss_ratio":-0.05,"stop_loss_abs":3270.3059999999996,"stop_loss_ratio":-0.05,"min_rate":3256.71,"max_rate":3367.94,"is_open":false,"enter_tag":"","leverage":2,"is_short":false,"open_timestamp":1765400400000,"close_timestamp":1765411200000,"orders":[{"amount":0.238,"safe_price":3354.16,"ft_order_side":"buy","order_filled_timestamp":1765400400000,"ft_is_entry":true,"ft_order_tag":"","cost":798.6892250399999},{"amount":0.238,"safe_price":3270.3059999999996,"ft_order_side":"sell","order_filled_timestamp":1765411200000,"ft_is_entry":false,"ft_order_tag":"stop_loss","cost":778.7219944139998}],"funding_fees":0.0,"weekday":3},{"pair":"SOL/USDT:USDT","stake_amount":399.88375,"max_stake_amount":399.88375,"amount":5.75,"open_date":"2025-12-12 07:00:00+00:00","close_date":"2025-12-12 15:00:00+00:00","open_rate":139.09,"close_rate":135.61275,"fee_open":0.0005,"fee_close":0.0005,"trade_duration":480,"profit_ratio":-0.051949025496629414,"profit_abs":-20.78395791,"exit_reason":"stop_loss","initial_stop_loss_abs":135.61275,"initial_stop_loss_ratio":-0.05,"stop_loss_abs":135.61275,"stop_loss_ratio":-0.05,"min_rate":132.71,"max_rate":139.82,"is_open":false,"enter_tag":"","leverage":2,"is_short":false,"open_timestamp":1765522800000,"close_timestamp":1765551600000,"orders":[{"amount":5.75,"safe_price":139.09,"ft_order_side":"buy","order_filled_timestamp":1765522800000,"ft_is_entry":true,"ft_order_tag":"","cost":800.16738375},{"amount":5.75,"safe_price":135.61275,"ft_order_side":"sell","order_filled_timestamp":1765551600000,"ft_is_entry":false,"ft_order_tag":"stop_loss","cost":780.1631991562499}],"funding_fees":0.0,"weekday":4},{"pair":"ETH/USDT:USDT","stake_amount":399.95125,"max_stake_amount":399.95125,"amount":0.265,"open_date":"2025-12-29 08:00:00+00:00","close_date":"2025-12-29 12:00:00+00:00","open_rate":3018.5,"close_rate":2943.0375,"fee_open":0.0005,"fee_close":0.0005,"trade_duration":240,"profit_ratio":-0.05198855839440989,"profit_abs":-20.80328536,"exit_reason":"stop_loss","initial_stop_loss_abs":2943.0375,"initial_stop_loss_ratio":-0.05,"stop_loss_abs":2943.0375,"stop_loss_ratio":-0.05,"min_rate":2908.88,"max_rate":3025.79,"is_open":false,"enter_tag":"","leverage":2,"is_short":false,"open_timestamp":1766995200000,"close_timestamp":1767009600000,"orders":[{"amount":0.265,"safe_price":3018.5,"ft_order_side":"buy","order_filled_timestamp":1766995200000,"ft_is_entry":true,"ft_order_tag":"","cost":800.30245125},{"amount":0.265,"safe_price":2943.0375,"ft_order_side":"sell","order_filled_timestamp":1767009600000,"ft_is_entry":false,"ft_order_tag":"stop_loss","cost":780.2948899687499}],"funding_fees":-0.015819145927711487,"weekday":0},{"pair":"SOL/USDT:USDT","stake_amount":399.5151,"max_stake_amount":399.5151,"amount":6.34,"open_date":"2025-12-29 10:00:00+00:00","close_date":"2025-12-29 12:00:00+00:00","open_rate":126.03,"close_rate":122.87925,"fee_open":0.0005,"fee_close":0.0005,"trade_duration":120,"profit_ratio":-0.051949025481001915,"profit_abs":-20.76479732,"exit_reason":"stop_loss","initial_stop_loss_abs":122.87925,"initial_stop_loss_ratio":-0.05,"stop_loss_abs":122.87925,"stop_loss_ratio":-0.05,"min_rate":122.82,"max_rate":126.34,"is_open":false,"enter_tag":"","leverage":2,"is_short":false,"open_timestamp":1767002400000,"close_timestamp":1767009600000,"orders":[{"amount":6.34,"safe_price":126.03,"ft_order_side":"buy","order_filled_timestamp":1767002400000,"ft_is_entry":true,"ft_order_tag":"","cost":799.4297151},{"amount":6.34,"safe_price":122.87925,"ft_order_side":"sell","order_filled_timestamp":1767009600000,"ft_is_entry":false,"ft_order_tag":"stop_loss","cost":779.4439722225}],"funding_fees":0.0,"weekday":0},{"pair":"SOL/USDT:USDT","stake_amount":399.8532,"max_stake_amount":399.8532,"amount":6.36,"open_date":"2025-12-31 15:00:00+00:00","close_date":"2026-01-02 03:00:00+00:00","open_rate":125.74,"close_rate":126.6903,"fee_open":0.0005,"fee_close":0.0005,"trade_duration":2160,"profit_ratio":0.012376767111110989,"profit_abs":4.95136438,"exit_reason":"trailing_stop_loss","initial_stop_loss_abs":122.59649999999999,"initial_stop_loss_ratio":-0.05,"stop_loss_abs":126.6903,"stop_loss_ratio":-0.02,"min_rate":123.4,"max_rate":127.97,"is_open":false,"enter_tag":"","leverage":2,"is_short":false,"open_timestamp":1767193200000,"close_timestamp":1767322800000,"orders":[{"amount":6.36,"safe_price":125.74,"ft_order_side":"buy","order_filled_timestamp":1767193200000,"ft_is_entry":true,"ft_order_tag":"","cost":800.1062532},{"amount":6.36,"safe_price":126.6903,"ft_order_side":"sell","order_filled_timestamp":1767322800000,"ft_is_entry":false,"ft_order_tag":"trailing_stop_loss","cost":806.153183154}],"funding_fees":-0.28981526684831554,"weekday":4},{"pair":"ETH/USDT:USDT","stake_amount":399.55461,"max_stake_amount":399.55461,"amount":0.266,"open_date":"2026-01-02 01:00:00+00:00","close_date":"2026-01-02 14:00:00+00:00","open_rate":3004.17,"close_rate":3097.345857928964,"fee_open":0.0005,"fee_close":0.0005,"trade_duration":780,"profit_ratio":0.06003090295464493,"profit_abs":23.99761683,"exit_reason":"roi","initial_stop_loss_abs":2929.06575,"initial_stop_loss_ratio":-0.05,"stop_loss_abs":3037.1319,"stop_loss_ratio":-0.02,"min_rate":2990.52,"max_rate":3109.99,"is_open":false,"enter_tag":"","leverage":2,"is_short":false,"open_timestamp":1767315600000,"close_timestamp":1767362400000,"orders":[{"amount":0.266,"safe_price":3004.17,"ft_order_side":"buy","order_filled_timestamp":1767315600000,"ft_is_entry":true,"ft_order_tag":"","cost":799.50877461},{"amount":0.266,"safe_price":3097.345857928964,"ft_order_side":"sell","order_filled_timestamp":1767362400000,"ft_is_entry":false,"ft_order_tag":"roi","cost":824.305945208209}],"funding_fees":0.024340229073058477,"weekday":4},{"pair":"BTC/USDT:USDT","stake_amount":395.604555,"max_stake_amount":395.604555,"amount":0.0089,"open_date":"2026-01-02 07:00:00+00:00","close_date":"2026-01-02 16:00:00+00:00","open_rate":88899.9,"close_rate":89869.23,"fee_open":0.0005,"fee_close":0.0005,"trade_duration":540,"profit_ratio":0.019693554034431984,"profit_abs":7.79475511,"exit_reason":"trailing_stop_loss","initial_stop_loss_abs":86677.4025,"initial_stop_loss_ratio":-0.05,"stop_loss_abs":89869.23,"stop_loss_ratio":-0.02,"min_rate":88404.5,"max_rate":90777.0,"is_open":false,"enter_tag":"","leverage":2,"is_short":false,"open_timestamp":1767337200000,"close_timestamp":1767369600000,"orders":[{"amount":0.0089,"safe_price":88899.9,"ft_order_side":"buy","order_filled_timestamp":1767337200000,"ft_is_entry":true,"ft_order_tag":"","cost":791.6047145549999},{"amount":0.0089,"safe_price":89869.23,"ft_order_side":"sell","order_filled_timestamp":1767369600000,"ft_is_entry":false,"ft_order_tag":"trailing_stop_loss","cost":800.2360650735}],"funding_fees":-0.0367592616578311,"weekday":4},{"pair":"SOL/USDT:USDT","stake_amount":399.39615,"max_stake_amount":399.39615,"amount":6.21,"open_date":"2026-01-02 15:00:00+00:00","close_date":"2026-01-02 16:00:00+00:00","open_rate":128.63,"close_rate":130.4523,"fee_open":0.0005,"fee_close":0.0005,"trade_duration":60,"profit_ratio":0.026296658838226343,"profit_abs":10.50803569,"exit_reason":"trailing_stop_loss","initial_stop_loss_abs":125.41425,"initial_stop_loss_ratio":-0.05,"stop_loss_abs":130.4523,"stop_loss_ratio":-0.02,"min_rate":127.33,"max_rate":131.77,"is_open":false,"enter_tag":"","leverage":2,"is_short":false,"open_timestamp":1767366000000,"close_timestamp":1767369600000,"orders":[{"amount":6.21,"safe_price":128.63,"ft_order_side":"buy","order_filled_timestamp":1767366000000,"ft_is_entry":true,"ft_order_tag":"","cost":799.1916961499999},{"amount":6.21,"safe_price":130.4523,"ft_order_side":"sell","order_filled_timestamp":1767369600000,"ft_is_entry":false,"ft_order_tag":"trailing_stop_loss","cost":810.5138373914999}],"funding_fees":-0.003996765246866303,"weekday":4},{"pair":"DOGE/USDT:USDT","stake_amount":399.50015,"max_stake_amount":399.50015,"amount":5710.0,"open_date":"2026-01-03 08:00:00+00:00","close_date":"2026-01-03 09:00:00+00:00","open_rate":0.13993,"close_rate":0.1417,"fee_open":0.0005,"fee_close":0.0005,"trade_duration":60,"profit_ratio":0.023074162911397873,"profit_abs":9.22274061,"exit_reason":"trailing_stop_loss","initial_stop_loss_abs":0.13644,"initial_stop_loss_ratio":-0.05,"stop_loss_abs":0.1417,"stop_loss_ratio":-0.02,"min_rate":0.1393,"max_rate":0.14313,"is_open":false,"enter_tag":"","leverage":2,"is_short":false,"open_timestamp":1767427200000,"close_timestamp":1767430800000,"orders":[{"amount":5710.0,"safe_price":0.13993,"ft_order_side":"buy","order_filled_timestamp":1767427200000,"ft_is_entry":true,"ft_order_tag":"","cost":799.39980015},{"amount":5710.0,"safe_price":0.1417,"ft_order_side":"sell","order_filled_timestamp":1767430800000,"ft_is_entry":false,"ft_order_tag":"trailing_stop_loss","cost":809.5115534999999}],"funding_fees":-0.07990574000000002,"weekday":5},{"pair":"ETH/USDT:USDT","stake_amount":398.47584,"max_stake_amount":398.47584,"amount":0.258,"open_date":"2026-01-03 08:00:00+00:00","close_date":"2026-01-04 00:00:00+00:00","open_rate":3088.96,"close_rate":3135.3201,"fee_open":0.0005,"fee_close":0.0005,"trade_duration":960,"profit_ratio":0.02815404832567017,"profit_abs":11.22431741,"exit_reason":"trailing_stop_loss","initial_stop_loss_abs":3011.736,"initial_stop_loss_ratio":-0.05,"stop_loss_abs":3135.3201,"stop_loss_ratio":-0.02,"min_rate":3082.0,"max_rate":3166.99,"is_open":false,"enter_tag":"","leverage":2,"is_short":false,"open_timestamp":1767427200000,"close_timestamp":1767484800000,"orders":[{"amount":0.258,"safe_price":3088.96,"ft_order_side":"buy","order_filled_timestamp":1767427200000,"ft_is_entry":true,"ft_order_tag":"","cost":797.35015584},{"amount":0.258,"safe_price":3135.3201,"ft_order_side":"sell","order_filled_timestamp":1767484800000,"ft_is_entry":false,"ft_order_tag":"trailing_stop_loss","cost":809.3170420928999}],"funding_fees":0.06634374392858483,"weekday":6},{"pair":"DOGE/USDT:USDT","stake_amount":399.3979,"max_stake_amount":399.3979,"amount":5660.0,"open_date":"2026-01-03 17:00:00+00:00","close_date":"2026-01-04 00:00:00+00:00","open_rate":0.14113,"close_rate":0.14550721860930466,"fee_open":0.0005,"fee_close":0.0005,"trade_duration":420,"profit_ratio":0.05976739540666852,"profit_abs":23.8829077,"exit_reason":"roi","initial_stop_loss_abs":0.13761,"initial_stop_loss_ratio":-0.05,"stop_loss_abs":0.14573,"stop_loss_ratio":-0.02,"min_rate":0.14051,"max_rate":0.1472,"is_open":false,"enter_tag":"","leverage":2,"is_short":false,"open_timestamp":1767459600000,"close_timestamp":1767484800000,"orders":[{"amount":5660.0,"safe_price":0.14113,"ft_order_side":"buy","order_filled_timestamp":1767459600000,"ft_is_entry":true,"ft_order_tag":"","cost":799.1951978999999},{"amount":5660.0,"safe_price":0.14550721860930466,"ft_order_side":"sell","order_filled_timestamp":1767484800000,"ft_is_entry":false,"ft_order_tag":"roi","cost":823.9826427573287}],"funding_fees":-0.0809663,"weekday":6},{"pair":"SOL/USDT:USDT","stake_amount":399.33425,"max_stake_amount":399.33425,"amount":5.95,"open_date":"2026-01-04 05:00:00+00:00","close_date":"2026-01-05 01:00:00+00:00","open_rate":134.23,"close_rate":136.3329,"fee_open":0.0005,"fee_close":0.0005,"trade_duration":1200,"profit_ratio":0.02950743419941384,"profit_abs":11.78922077,"exit_reason":"trailing_stop_loss","initial_stop_loss_abs":130.87425,"initial_stop_loss_ratio":-0.05,"stop_loss_abs":136.3329,"stop_loss_ratio":-0.02,"min_rate":132.95,"max_rate":137.71,"is_open":false,"enter_tag":"","leverage":2,"is_short":false,"open_timestamp":1767502800000,"close_timestamp":1767574800000,"orders":[{"amount":5.95,"safe_price":134.23,"ft_order_side":"buy","order_filled_timestamp":1767502800000,"ft_is_entry":true,"ft_order_tag":"","cost":799.0678342499999},{"amount":5.95,"safe_price":136.3329,"ft_order_side":"sell","order_filled_timestamp":1767574800000,"ft_is_entry":false,"ft_order_tag":"trailing_stop_loss","cost":811.5863453774999}],"funding_fees":0.08189039495362317,"weekday":0},{"pair":"BTC/USDT:USDT","stake_amount":396.67824,"max_stake_amount":396.67824,"amount":0.0087,"open_date":"2026-01-04 07:00:00+00:00","close_date":"2026-01-05 01:00:00+00:00","open_rate":91190.4,"close_rate":92461.05,"fee_open":0.0005,"fee_close":0.0005,"trade_duration":1080,"profit_ratio":0.02550471373857371,"profit_abs":10.12222354,"exit_reason":"trailing_stop_loss","initial_stop_loss_abs":88910.64,"initial_stop_loss_ratio":-0.05,"stop_loss_abs":92461.05,"stop_loss_ratio":-0.02,"min_rate":90811.1,"max_rate":93395.0,"is_open":false,"enter_tag":"","leverage":2,"is_short":false,"open_timestamp":1767510000000,"close_timestamp":1767574800000,"orders":[{"amount":0.0087,"safe_price":91190.4,"ft_order_side":"buy","order_filled_timestamp":1767510000000,"ft_is_entry":true,"ft_order_tag":"","cost":793.7531582399998},{"amount":0.0087,"safe_price":92461.05,"ft_order_side":"sell","order_filled_timestamp":1767574800000,"ft_is_entry":false,"ft_order_tag":"trailing_stop_loss","cost":804.8133405675}],"funding_fees":-0.13354765564672044,"weekday":0},{"pair":"DOGE/USDT:USDT","stake_amount":399.33855,"max_stake_amount":399.33855,"amount":5310.0,"open_date":"2026-01-05 01:00:00+00:00","close_date":"2026-01-05 09:00:00+00:00","open_rate":0.15041,"close_rate":0.14665,"fee_open":0.0005,"fee_close":0.0005,"trade_duration":480,"profit_ratio":-0.05196534093202615,"profit_abs":-20.76213978,"exit_reason":"stop_loss","initial_stop_loss_abs":0.14665,"initial_stop_loss_ratio":-0.05,"stop_loss_abs":0.14665,"stop_loss_ratio":-0.05,"min_rate":0.14621,"max_rate":0.15243,"is_open":false,"enter_tag":"","leverage":2,"is_short":false,"open_timestamp":1767574800000,"close_timestamp":1767603600000,"orders":[{"amount":5310.0,"safe_price":0.15041,"ft_order_side":"buy","order_filled_timestamp":1767574800000,"ft_is_entry":true,"ft_order_tag":"","cost":799.0764385499998},{"amount":5310.0,"safe_price":0.14665,"ft_order_side":"sell","order_filled_timestamp":1767603600000,"ft_is_entry":false,"ft_order_tag":"stop_loss","cost":779.1008557499999}],"funding_fees":-0.00784548375036725,"weekday":0},{"pair":"BTC/USDT:USDT","stake_amount":398.05143,"max_stake_amount":398.05143,"amount":0.0086,"open_date":"2026-01-05 05:00:00+00:00","close_date":"2026-01-05 17:00:00+00:00","open_rate":92570.1,"close_rate":93524.11200000001,"fee_open":0.0005,"fee_close":0.0005,"trade_duration":720,"profit_ratio":0.018316344640218463,"profit_abs":7.2944926,"exit_reason":"trailing_stop_loss","initial_stop_loss_abs":90255.8475,"initial_stop_loss_ratio":-0.05,"stop_loss_abs":93524.11200000001,"stop_loss_ratio":-0.02,"min_rate":92112.3,"max_rate":94468.8,"is_open":false,"enter_tag":"","leverage":2,"is_short":false,"open_timestamp":1767589200000,"close_timestamp":1767632400000,"orders":[{"amount":0.0086,"safe_price":92570.1,"ft_order_side":"buy","order_filled_timestamp":1767589200000,"ft_is_entry":true,"ft_order_tag":"","cost":796.5009114300001},{"amount":0.0086,"safe_price":93524.11200000001,"ft_order_side":"sell","order_filled_timestamp":1767632400000,"ft_is_entry":false,"ft_order_tag":"trailing_stop_loss","cost":804.7095168816}],"funding_fees":-0.10980548698226733,"weekday":0},{"pair":"BTC/USDT:USDT","stake_amount":395.346,"max_stake_amount":395.346,"amount":0.0084,"open_date":"2026-01-05 21:00:00+00:00","close_date":"2026-01-06 17:00:00+00:00","open_rate":94130.0,"close_rate":91776.75,"fee_open":0.0005,"fee_close":0.0005,"trade_duration":1200,"profit_ratio":-0.05197256109314634,"profit_abs":-20.55741771,"exit_reason":"stop_loss","initial_stop_loss_abs":91776.75,"initial_stop_loss_ratio":-0.05,"stop_loss_abs":91776.75,"stop_loss_ratio":-0.05,"min_rate":91501.0,"max_rate":94421.9,"is_open":false,"enter_tag":"","leverage":2,"is_short":false,"open_timestamp":1767646800000,"close_timestamp":1767718800000,"orders":[{"amount":0.0084,"safe_price":94130.0,"ft_order_side":"buy","order_filled_timestamp":1767646800000,"ft_is_entry":true,"ft_order_tag":"","cost":791.0873459999999},{"amount":0.0084,"safe_price":91776.75,"ft_order_side":"sell","order_filled_timestamp":1767718800000,"ft_is_entry":false,"ft_order_tag":"stop_loss","cost":771.3101623499999}],"funding_fees":-0.009309363518223854,"weekday":1},{"pair":"ETH/USDT:USDT","stake_amount":399.062,"max_stake_amount":399.062,"amount":0.244,"open_date":"2026-01-06 16:00:00+00:00","close_date":"2026-01-06 17:00:00+00:00","open_rate":3271.0,"close_rate":3189.225,"fee_open":0.0005,"fee_close":0.0005,"trade_duration":60,"profit_ratio":-0.051942384526897985,"profit_abs":-20.73859597,"exit_reason":"stop_loss","initial_stop_loss_abs":3189.225,"initial_stop_loss_ratio":-0.05,"stop_loss_abs":3189.225,"stop_loss_ratio":-0.05,"min_rate":3188.13,"max_rate":3278.0,"is_open":false,"enter_tag":"","leverage":2,"is_short":false,"open_timestamp":1767715200000,"close_timestamp":1767718800000,"orders":[{"amount":0.244,"safe_price":3271.0,"ft_order_side":"buy","order_filled_timestamp":1767715200000,"ft_is_entry":true,"ft_order_tag":"","cost":798.523062},{"amount":0.244,"safe_price":3189.225,"ft_order_side":"sell","order_filled_timestamp":1767718800000,"ft_is_entry":false,"ft_order_tag":"stop_loss","cost":778.5599854499999}],"funding_fees":0.002651478961388237,"weekday":1},{"pair":"ETH/USDT:USDT","stake_amount":399.39375,"max_stake_amount":399.39375,"amount":0.25,"open_date":"2026-01-06 18:00:00+00:00","close_date":"2026-01-06 21:00:00+00:00","open_rate":3195.15,"close_rate":3294.2491995997993,"fee_open":0.0005,"fee_close":0.0005,"trade_duration":180,"profit_ratio":0.059970014992503755,"profit_abs":23.963625,"exit_reason":"roi","initial_stop_loss_abs":3115.2712500000002,"initial_stop_loss_ratio":-0.05,"stop_loss_abs":3266.7227999999996,"stop_loss_ratio":-0.02,"min_rate":3181.03,"max_rate":3299.72,"is_open":false,"enter_tag":"","leverage":2,"is_short":false,"open_timestamp":1767722400000,"close_timestamp":1767733200000,"orders":[{"amount":0.25,"safe_price":3195.15,"ft_order_side":"buy","order_filled_timestamp":1767722400000,"ft_is_entry":true,"ft_order_tag":"","cost":799.18689375},{"amount":0.25,"safe_price":3294.2491995997993,"ft_order_side":"sell","order_filled_timestamp":1767733200000,"ft_is_entry":false,"ft_order_tag":"roi","cost":823.9740810498997}],"funding_fees":0.0,"weekday":1},{"pair":"SOL/USDT:USDT","stake_amount":399.5725,"max_stake_amount":399.5725,"amount":5.77,"open_date":"2026-01-11 21:00:00+00:00","close_date":"2026-01-12 00:00:00+00:00","open_rate":138.5,"close_rate":139.8375,"fee_open":0.0005,"fee_close":0.0005,"trade_duration":180,"profit_ratio":0.01709425791893547,"profit_abs":6.83381057,"exit_reason":"trailing_stop_loss","initial_stop_loss_abs":135.0375,"initial_stop_loss_ratio":-0.05,"stop_loss_abs":139.8375,"stop_loss_ratio":-0.02,"min_rate":137.46,"max_rate":141.25,"is_open":false,"enter_tag":"","leverage":2,"is_short":false,"open_timestamp":1768165200000,"close_timestamp":1768176000000,"orders":[{"amount":5.77,"safe_price":138.5,"ft_order_side":"buy","order_filled_timestamp":1768165200000,"ft_is_entry":true,"ft_order_tag":"","cost":799.5445725},{"amount":5.77,"safe_price":139.8375,"ft_order_side":"sell","order_filled_timestamp":1768176000000,"ft_is_entry":false,"ft_order_tag":"trailing_stop_loss","cost":807.2658061874998}],"funding_fees":-0.08056073999999999,"weekday":0},{"pair":"ETH/USDT:USDT","stake_amount":398.54464,"max_stake_amount":398.54464,"amount":0.256,"open_date":"2026-01-11 21:00:00+00:00","close_date":"2026-01-12 02:00:00+00:00","open_rate":3113.63,"close_rate":3135.7854,"fee_open":0.0005,"fee_close":0.0005,"trade_duration":300,"profit_ratio":0.012127122272199909,"profit_abs":4.83561618,"exit_reason":"trailing_stop_loss","initial_stop_loss_abs":3035.78925,"initial_stop_loss_ratio":-0.05,"stop_loss_abs":3135.7854,"stop_loss_ratio":-0.02,"min_rate":3091.0,"max_rate":3167.46,"is_open":false,"enter_tag":"","leverage":2,"is_short":false,"open_timestamp":1768165200000,"close_timestamp":1768183200000,"orders":[{"amount":0.256,"safe_price":3113.63,"ft_order_side":"buy","order_filled_timestamp":1768165200000,"ft_is_entry":true,"ft_order_tag":"","cost":797.48782464},{"amount":0.256,"safe_price":3135.7854,"ft_order_side":"sell","order_filled_timestamp":1768183200000,"ft_is_entry":false,"ft_order_tag":"trailing_stop_loss","cost":803.1624429312}],"funding_fees":-0.03624105147732082,"weekday":0},{"pair":"SOL/USDT:USDT","stake_amount":399.596,"max_stake_amount":399.596,"amount":5.66,"open_date":"2026-01-12 01:00:00+00:00","close_date":"2026-01-12 03:00:00+00:00","open_rate":141.2,"close_rate":142.9164,"fee_open":0.0005,"fee_close":0.0005,"trade_duration":120,"profit_ratio":0.022288314771132238,"profit_abs":8.91077459,"exit_reason":"trailing_stop_loss","initial_stop_loss_abs":137.67,"initial_stop_loss_ratio":-0.05,"stop_loss_abs":142.9164,"stop_loss_ratio":-0.02,"min_rate":140.6,"max_rate":144.36,"is_open":false,"enter_tag":"","leverage":2,"is_short":false,"open_timestamp":1768179600000,"close_timestamp":1768186800000,"orders":[{"amount":5.66,"safe_price":141.2,"ft_order_side":"buy","order_filled_timestamp":1768179600000,"ft_is_entry":true,"ft_order_tag":"","cost":799.591596},{"amount":5.66,"safe_price":142.9164,"ft_order_side":"sell","order_filled_timestamp":1768186800000,"ft_is_entry":false,"ft_order_tag":"trailing_stop_loss","cost":809.311277412}],"funding_fees":0.0,"weekday":0},{"pair":"SOL/USDT:USDT","stake_amount":399.7,"max_stake_amount":399.7,"amount":5.71,"open_date":"2026-01-12 09:00:00+00:00","close_date":"2026-01-12 15:00:00+00:00","open_rate":140.0,"close_rate":141.2532,"fee_open":0.0005,"fee_close":0.0005,"trade_duration":360,"profit_ratio":0.015885962722916747,"profit_abs":6.35279411,"exit_reason":"trailing_stop_loss","initial_stop_loss_abs":136.5,"initial_stop_loss_ratio":-0.05,"stop_loss_abs":141.2532,"stop_loss_ratio":-0.02,"min_rate":138.6,"max_rate":142.68,"is_open":false,"enter_tag":"","leverage":2,"is_short":false,"open_timestamp":1768208400000,"close_timestamp":1768230000000,"orders":[{"amount":5.71,"safe_price":140.0,"ft_order_side":"buy","order_filled_timestamp":1768208400000,"ft_is_entry":true,"ft_order_tag":"","cost":799.7996999999999},{"amount":5.71,"safe_price":141.2532,"ft_order_side":"sell","order_filled_timestamp":1768230000000,"ft_is_entry":false,"ft_order_tag":"trailing_stop_loss","cost":806.9590498859999}],"funding_fees":0.0,"weekday":0},{"pair":"SOL/USDT:USDT","stake_amount":399.74055,"max_stake_amount":399.74055,"amount":5.61,"open_date":"2026-01-12 16:00:00+00:00","close_date":"2026-01-12 21:00:00+00:00","open_rate":142.51,"close_rate":138.94725,"fee_open":0.0005,"fee_close":0.0005,"trade_duration":300,"profit_ratio":-0.05180390608119561,"profit_abs":-20.71847597,"exit_reason":"stop_loss","initial_stop_loss_abs":138.94725,"initial_stop_loss_ratio":-0.05,"stop_loss_abs":138.94725,"stop_loss_ratio":-0.05,"min_rate":138.22,"max_rate":144.25,"is_open":false,"enter_tag":"","leverage":2,"is_short":false,"open_timestamp":1768233600000,"close_timestamp":1768251600000,"orders":[{"amount":5.61,"safe_price":142.51,"ft_order_side":"buy","order_filled_timestamp":1768233600000,"ft_is_entry":true,"ft_order_tag":"","cost":799.8808405499999},{"amount":5.61,"safe_price":138.94725,"ft_order_side":"sell","order_filled_timestamp":1768251600000,"ft_is_entry":false,"ft_order_tag":"stop_loss","cost":779.8838195362499}],"funding_fees":0.05803911408423877,"weekday":0},{"pair":"ETH/USDT:USDT","stake_amount":399.194325,"max_stake_amount":399.194325,"amount":0.243,"open_date":"2026-01-14 12:00:00+00:00","close_date":"2026-01-14 14:00:00+00:00","open_rate":3285.55,"close_rate":3323.7567,"fee_open":0.0005,"fee_close":0.0005,"trade_duration":120,"profit_ratio":0.021235168762906924,"profit_abs":8.48119734,"exit_reason":"trailing_stop_loss","initial_stop_loss_abs":3203.41125,"initial_stop_loss_ratio":-0.05,"stop_loss_abs":3323.7567,"stop_loss_ratio":-0.02,"min_rate":3278.15,"max_rate":3357.33,"is_open":false,"enter_tag":"","leverage":2,"is_short":false,"open_timestamp":1768392000000,"close_timestamp":1768399200000,"orders":[{"amount":0.243,"safe_price":3285.55,"ft_order_side":"buy","order_filled_timestamp":1768392000000,"ft_is_entry":true,"ft_order_tag":"","cost":798.7878443249999},{"amount":0.243,"safe_price":3323.7567,"ft_order_side":"sell","order_filled_timestamp":1768399200000,"ft_is_entry":false,"ft_order_tag":"trailing_stop_loss","cost":808.0767145390499}],"funding_fees":0.0,"weekday":2},{"pair":"SOL/USDT:USDT","stake_amount":399.2877,"max_stake_amount":399.2877,"amount":5.49,"open_date":"2026-01-14 00:00:00+00:00","close_date":"2026-01-14 16:00:00+00:00","open_rate":145.46,"close_rate":146.87640000000002,"fee_open":0.0005,"fee_close":0.0005,"trade_duration":960,"profit_ratio":0.01694686899152938,"profit_abs":6.77005968,"exit_reason":"trailing_stop_loss","initial_stop_loss_abs":141.8235,"initial_stop_loss_ratio":-0.05,"stop_loss_abs":146.87640000000002,"stop_loss_ratio":-0.02,"min_rate":143.28,"max_rate":148.36,"is_open":false,"enter_tag":"","leverage":2,"is_short":false,"open_timestamp":1768348800000,"close_timestamp":1768406400000,"orders":[{"amount":5.49,"safe_price":145.46,"ft_order_side":"buy","order_filled_timestamp":1768348800000,"ft_is_entry":true,"ft_order_tag":"","cost":798.9746877},{"amount":5.49,"safe_price":146.87640000000002,"ft_order_side":"sell","order_filled_timestamp":1768406400000,"ft_is_entry":false,"ft_order_tag":"trailing_stop_loss","cost":806.7546117180001}],"funding_fees":-0.20351290671172195,"weekday":2},{"pair":"ETH/USDT:USDT","stake_amount":398.34298,"max_stake_amount":398.34298,"amount":0.238,"open_date":"2026-01-14 15:00:00+00:00","close_date":"2026-01-14 16:00:00+00:00","open_rate":3347.42,"close_rate":3369.4056,"fee_open":0.0005,"fee_close":0.0005,"trade_duration":60,"profit_ratio":0.010924009176252063,"profit_abs":4.35367812,"exit_reason":"trailing_stop_loss","initial_stop_loss_abs":3263.7345,"initial_stop_loss_ratio":-0.05,"stop_loss_abs":3369.4056,"stop_loss_ratio":-0.02,"min_rate":3326.01,"max_rate":3403.44,"is_open":false,"enter_tag":"","leverage":2,"is_short":false,"open_timestamp":1768402800000,"close_timestamp":1768406400000,"orders":[{"amount":0.238,"safe_price":3347.42,"ft_order_side":"buy","order_filled_timestamp":1768402800000,"ft_is_entry":true,"ft_order_tag":"","cost":797.08430298},{"amount":0.238,"safe_price":3369.4056,"ft_order_side":"sell","order_filled_timestamp":1768406400000,"ft_is_entry":false,"ft_order_tag":"trailing_stop_loss","cost":802.3194920663999}],"funding_fees":-0.079592436,"weekday":2},{"pair":"DOGE/USDT:USDT","stake_amount":399.7965,"max_stake_amount":399.7965,"amount":5370.0,"open_date":"2026-01-14 16:00:00+00:00","close_date":"2026-01-15 00:00:00+00:00","open_rate":0.1489,"close_rate":0.14518,"fee_open":0.0005,"fee_close":0.0005,"trade_duration":480,"profit_ratio":-0.052312903319998834,"profit_abs":-20.92497291,"exit_reason":"stop_loss","initial_stop_loss_abs":0.14518,"initial_stop_loss_ratio":-0.05,"stop_loss_abs":0.14518,"stop_loss_ratio":-0.05,"min_rate":0.14516,"max_rate":0.15127,"is_open":false,"enter_tag":"","leverage":2,"is_short":false,"open_timestamp":1768406400000,"close_timestamp":1768435200000,"orders":[{"amount":5370.0,"safe_price":0.1489,"ft_order_side":"buy","order_filled_timestamp":1768406400000,"ft_is_entry":true,"ft_order_tag":"","cost":799.9927965},{"amount":5370.0,"safe_price":0.14518,"ft_order_side":"sell","order_filled_timestamp":1768435200000,"ft_is_entry":false,"ft_order_tag":"stop_loss","cost":780.0064083}],"funding_fees":-0.15896811,"weekday":3},{"pair":"SOL/USDT:USDT","stake_amount":399.8944,"max_stake_amount":399.8944,"amount":5.44,"open_date":"2026-01-14 17:00:00+00:00","close_date":"2026-01-15 03:00:00+00:00","open_rate":147.02,"close_rate":143.3445,"fee_open":0.0005,"fee_close":0.0005,"trade_duration":600,"profit_ratio":-0.052065107382251966,"profit_abs":-20.83095515,"exit_reason":"stop_loss","initial_stop_loss_abs":143.3445,"initial_stop_loss_ratio":-0.05,"stop_loss_abs":143.3445,"stop_loss_ratio":-0.05,"min_rate":143.11,"max_rate":147.69,"is_open":false,"enter_tag":"","leverage":2,"is_short":false,"open_timestamp":1768410000000,"close_timestamp":1768446000000,"orders":[{"amount":5.44,"safe_price":147.02,"ft_order_side":"buy","order_filled_timestamp":1768410000000,"ft_is_entry":true,"ft_order_tag":"","cost":800.1886944000001},{"amount":5.44,"safe_price":143.3445,"ft_order_side":"sell","order_filled_timestamp":1768446000000,"ft_is_entry":false,"ft_order_tag":"stop_loss","cost":780.1839770400001}],"funding_fees":-0.04644371321888868,"weekday":3},{"pair":"ETH/USDT:USDT","stake_amount":398.78805,"max_stake_amount":398.78805,"amount":0.237,"open_date":"2026-01-15 10:00:00+00:00","close_date":"2026-01-15 18:00:00+00:00","open_rate":3365.3,"close_rate":3281.1675,"fee_open":0.0005,"fee_close":0.0005,"trade_duration":480,"profit_ratio":-0.052096970622207285,"profit_abs":-20.78603715,"exit_reason":"stop_loss","initial_stop_loss_abs":3281.1675,"initial_stop_loss_ratio":-0.05,"stop_loss_abs":3281.1675,"stop_loss_ratio":-0.05,"min_rate":3272.46,"max_rate":3383.22,"is_open":false,"enter_tag":"","leverage":2,"is_short":false,"open_timestamp":1768471200000,"close_timestamp":1768500000000,"orders":[{"amount":0.237,"safe_price":3365.3,"ft_order_side":"buy","order_filled_timestamp":1768471200000,"ft_is_entry":true,"ft_order_tag":"","cost":797.97488805},{"amount":0.237,"safe_price":3281.1675,"ft_order_side":"sell","order_filled_timestamp":1768500000000,"ft_is_entry":false,"ft_order_tag":"stop_loss","cost":778.0255158487499}],"funding_fees":-0.059028255911180764,"weekday":3},{"pair":"BTC/USDT:USDT","stake_amount":398.179635,"max_stake_amount":398.179635,"amount":0.0083,"open_date":"2026-01-15 04:00:00+00:00","close_date":"2026-01-19 00:00:00+00:00","open_rate":95946.9,"close_rate":93625.1,"fee_open":0.0005,"fee_close":0.0005,"trade_duration":5520,"profit_ratio":-0.051406995966920124,"profit_abs":-20.4794535,"exit_reason":"exit_signal","initial_stop_loss_abs":93548.2275,"initial_stop_loss_ratio":-0.05,"stop_loss_abs":93548.2275,"stop_loss_ratio":-0.05,"min_rate":91816.7,"max_rate":97162.1,"is_open":false,"enter_tag":"","leverage":2,"is_short":false,"open_timestamp":1768449600000,"close_timestamp":1768780800000,"orders":[{"amount":0.0083,"safe_price":95946.9,"ft_order_side":"buy","order_filled_timestamp":1768449600000,"ft_is_entry":true,"ft_order_tag":"","cost":796.7574496349998},{"amount":0.0083,"safe_price":93625.1,"ft_order_side":"sell","order_filled_timestamp":1768780800000,"ft_is_entry":false,"ft_order_tag":"exit_signal","cost":777.476874165}],"funding_fees":-0.4217897036441969,"weekday":0}],"locks":[],"best_pair":{"key":"ETH/USDT:USDT","trades":16,"profit_mean":0.0011617480035121842,"profit_mean_pct":0.12,"profit_total_abs":7.404038789999991,"profit_total":0.007404038789999991,"profit_total_pct":0.74,"duration_avg":"4:19:00","wins":11,"draws":0,"losses":5,"winrate":0.6875,"cagr":0.026485629468307126,"expectancy":0.4627524243750001,"expectancy_ratio":0.022286301492801197,"sortino":53.27557274034884,"sharpe":0.08901047610888313,"calmar":2.892441309444135,"sqn":0.1162,"profit_factor":1.071316164776964,"max_drawdown_account":0.04748028722088672,"max_drawdown_abs":48.4549418},"worst_pair":{"key":"BTC/USDT:USDT","trades":8,"profit_mean":-0.015769431174223705,"profit_mean_pct":-1.58,"profit_total_abs":-50.27199236,"profit_total":-0.05027199236,"profit_total_pct":-5.03,"duration_avg":"1 day, 1:00:00","wins":4,"draws":0,"losses":4,"winrate":0.5,"cagr":-0.16705047301433218,"expectancy":-6.283999045,"expectancy_ratio":-0.3045948932842638,"sortino":-80.34691644592378,"sharpe":-0.6487740670056271,"calmar":-18.54851764518718,"sqn":-1.1568,"profit_factor":0.39081021343147243,"max_drawdown_account":0.05027199236000001,"max_drawdown_abs":50.27199236},"results_per_pair":[{"key":"ETH/USDT:USDT","trades":16,"profit_mean":0.0011617480035121842,"profit_mean_pct":0.12,"profit_total_abs":7.404038789999991,"profit_total":0.007404038789999991,"profit_total_pct":0.74,"duration_avg":"4:19:00","wins":11,"draws":0,"losses":5,"winrate":0.6875,"cagr":0.026485629468307126,"expectancy":0.4627524243750001,"expectancy_ratio":0.022286301492801197,"sortino":53.27557274034884,"sharpe":0.08901047610888313,"calmar":2.892441309444135,"sqn":0.1162,"profit_factor":1.071316164776964,"max_drawdown_account":0.04748028722088672,"max_drawdown_abs":48.4549418},{"key":"DOGE/USDT:USDT","trades":4,"profit_mean":-0.005359171483489649,"profit_mean_pct":-0.54,"profit_total_abs":-8.58146438,"profit_total":-0.00858146438,"profit_total_pct":-0.86,"duration_avg":"6:00:00","wins":2,"draws":0,"losses":2,"winrate":0.5,"cagr":-0.030079603531220966,"expectancy":-2.145366095,"expectancy_ratio":-0.10292706577947452,"sortino":-19.550498534784722,"sharpe":-0.08203392436327227,"calmar":-3.9446959240562416,"sqn":-0.1915,"profit_factor":0.7941458684410508,"max_drawdown_account":0.04035125812949883,"max_drawdown_abs":41.68711269},{"key":"SOL/USDT:USDT","trades":13,"profit_mean":-0.00834491156196036,"profit_mean_pct":-0.83,"profit_total_abs":-43.424274530000005,"profit_total":-0.04342427453000001,"profit_total_pct":-4.34,"duration_avg":"9:18:00","wins":8,"draws":0,"losses":5,"winrate":0.6153846153846154,"cagr":-0.14557216695522135,"expectancy":-3.340328809999999,"expectancy_ratio":-0.16078484882980437,"sortino":-223.10750264987604,"sharpe":-0.578742839795706,"calmar":-12.979237798271528,"sqn":-0.8314,"profit_factor":0.5819593930425087,"max_drawdown_account":0.062057259052332156,"max_drawdown_abs":62.32630202000001},{"key":"BTC/USDT:USDT","trades":8,"profit_mean":-0.015769431174223705,"profit_mean_pct":-1.58,"profit_total_abs":-50.27199236,"profit_total":-0.05027199236,"profit_total_pct":-5.03,"duration_avg":"1 day, 1:00:00","wins":4,"draws":0,"losses":4,"winrate":0.5,"cagr":-0.16705047301433218,"expectancy":-6.283999045,"expectancy_ratio":-0.3045948932842638,"sortino":-80.34691644592378,"sharpe":-0.6487740670056271,"calmar":-18.54851764518718,"sqn":-1.1568,"profit_factor":0.39081021343147243,"max_drawdown_account":0.05027199236000001,"max_drawdown_abs":50.27199236},{"key":"TOTAL","trades":41,"profit_mean":-0.005792390672610682,"profit_mean_pct":-0.58,"profit_total_abs":-94.87369248000002,"profit_total":-0.09487369248000002,"profit_total_pct":-9.49,"duration_avg":"10:06:00","wins":25,"draws":0,"losses":16,"winrate":0.6097560975609756,"cagr":-0.2975897970509055,"expectancy":-2.313992499512194,"expectancy_ratio":-0.11154946880915806,"sortino":-178.78651071874307,"sharpe":-1.1412315506014228,"calmar":-14.17314974521528,"sqn":-0.9491,"profit_factor":0.7141544861765325,"max_drawdown_account":0.12416198168113077,"max_drawdown_abs":124.70027339}],"results_per_enter_tag":[{"key":"","trades":41,"profit_mean":-0.005792390672610682,"profit_mean_pct":-0.58,"profit_total_abs":-94.87369248000002,"profit_total":-0.09487369248000002,"profit_total_pct":-9.49,"duration_avg":"10:06:00","wins":25,"draws":0,"losses":16,"winrate":0.6097560975609756,"cagr":-0.2975897970509055,"expectancy":-2.313992499512194,"expectancy_ratio":-0.11154946880915806,"sortino":-178.78651071874307,"sharpe":-1.1412315506014228,"calmar":-14.17314974521528,"sqn":-0.9491,"profit_factor":0.7141544861765325,"max_drawdown_account":0.12416198168113077,"max_drawdown_abs":124.70027339},{"key":"TOTAL","trades":41,"profit_mean":-0.005792390672610682,"profit_mean_pct":-0.58,"profit_total_abs":-94.87369248000002,"profit_total":-0.09487369248000002,"profit_total_pct":-9.49,"duration_avg":"10:06:00","wins":25,"draws":0,"losses":16,"winrate":0.6097560975609756,"cagr":-0.2975897970509055,"expectancy":-2.313992499512194,"expectancy_ratio":-0.11154946880915806,"sortino":-178.78651071874307,"sharpe":-1.1412315506014228,"calmar":-14.17314974521528,"sqn":-0.9491,"profit_factor":0.7141544861765325,"max_drawdown_account":0.12416198168113077,"max_drawdown_abs":124.70027339}],"exit_reason_summary":[{"key":"trailing_stop_loss","trades":22,"profit_mean":0.018815526172041342,"profit_mean_pct":1.88,"profit_total_abs":165.18763801999998,"profit_total":0.16518763801999997,"profit_total_pct":16.52,"duration_avg":"8:33:00","wins":22,"draws":0,"losses":0,"winrate":1.0,"cagr":0.7190413747572151,"expectancy":7.50852900090909,"expectancy_ratio":100.0,"sortino":-100,"sharpe":13.00347746161407,"calmar":-100,"sqn":14.6028,"profit_factor":0.0,"max_drawdown_account":0.0,"max_drawdown_abs":0.0},{"key":"roi","trades":3,"profit_mean":0.05992277111793907,"profit_mean_pct":5.99,"profit_total_abs":71.84414953000001,"profit_total":0.07184414953000001,"profit_total_pct":7.18,"duration_avg":"7:40:00","wins":3,"draws":0,"losses":0,"winrate":1.0,"cagr":0.2787250622206354,"expectancy":23.948049843333337,"expectancy_ratio":100.0,"sortino":-100,"sharpe":277.00562150908667,"calmar":-100,"sqn":704.0007,"profit_factor":0.0,"max_drawdown_account":0.0,"max_drawdown_abs":0.0},{"key":"exit_signal","trades":1,"profit_mean":-0.051406995966920124,"profit_mean_pct":-5.14,"profit_total_abs":-20.4794535,"profit_total":-0.0204794535,"profit_total_pct":-2.05,"duration_avg":"3 days, 20:00:00","wins":0,"draws":0,"losses":1,"winrate":0.0,"cagr":-0.07070240353627033,"expectancy":-20.4794535,"expectancy_ratio":-1.0,"sortino":-100,"sharpe":-100,"calmar":-18.548517645187204,"sqn":-100.0,"profit_factor":0.0,"max_drawdown_account":0.020479453499999977,"max_drawdown_abs":20.4794535},{"key":"stop_loss","trades":15,"profit_mean":-0.051986060716589635,"profit_mean_pct":-5.2,"profit_total_abs":-311.42602653000006,"profit_total":-0.31142602653000007,"profit_total_pct":-31.14,"duration_avg":"7:24:00","wins":0,"draws":0,"losses":15,"winrate":0.0,"cagr":-0.7334692731427934,"expectancy":-20.761735102000003,"expectancy_ratio":-1.0,"sortino":-789.4625321318296,"sharpe":-789.4625321318296,"calmar":-18.548517645187182,"sqn":-1061.6835,"profit_factor":0.0,"max_drawdown_account":0.31142602653000007,"max_drawdown_abs":311.42602653000006},{"key":"TOTAL","trades":41,"profit_mean":-0.005792390672610682,"profit_mean_pct":-0.58,"profit_total_abs":-94.87369248000002,"profit_total":-0.09487369248000002,"profit_total_pct":-9.49,"duration_avg":"10:06:00","wins":25,"draws":0,"losses":16,"winrate":0.6097560975609756,"cagr":-0.2975897970509055,"expectancy":-2.313992499512194,"expectancy_ratio":-0.11154946880915806,"sortino":-178.78651071874307,"sharpe":-1.1412315506014228,"calmar":-14.17314974521528,"sqn":-0.9491,"profit_factor":0.7141544861765325,"max_drawdown_account":0.12416198168113077,"max_drawdown_abs":124.70027339}],"mix_tag_stats":[{"key":["","trailing_stop_loss"],"trades":22,"profit_mean":0.018815526172041342,"profit_mean_pct":1.88,"profit_total_abs":165.18763801999998,"profit_total":0.16518763801999997,"profit_total_pct":16.52,"duration_avg":"8:33:00","wins":22,"draws":0,"losses":0,"winrate":1.0,"cagr":0.7190413747572151,"expectancy":7.50852900090909,"expectancy_ratio":100.0,"sortino":-100,"sharpe":13.00347746161407,"calmar":-100,"sqn":14.6028,"profit_factor":0.0,"max_drawdown_account":0.0,"max_drawdown_abs":0.0},{"key":["","roi"],"trades":3,"profit_mean":0.05992277111793907,"profit_mean_pct":5.99,"profit_total_abs":71.84414953000001,"profit_total":0.07184414953000001,"profit_total_pct":7.18,"duration_avg":"7:40:00","wins":3,"draws":0,"losses":0,"winrate":1.0,"cagr":0.2787250622206354,"expectancy":23.948049843333337,"expectancy_ratio":100.0,"sortino":-100,"sharpe":277.00562150908667,"calmar":-100,"sqn":704.0007,"profit_factor":0.0,"max_drawdown_account":0.0,"max_drawdown_abs":0.0},{"key":["","exit_signal"],"trades":1,"profit_mean":-0.051406995966920124,"profit_mean_pct":-5.14,"profit_total_abs":-20.4794535,"profit_total":-0.0204794535,"profit_total_pct":-2.05,"duration_avg":"3 days, 20:00:00","wins":0,"draws":0,"losses":1,"winrate":0.0,"cagr":-0.07070240353627033,"expectancy":-20.4794535,"expectancy_ratio":-1.0,"sortino":-100,"sharpe":-100,"calmar":-18.548517645187204,"sqn":-100.0,"profit_factor":0.0,"max_drawdown_account":0.020479453499999977,"max_drawdown_abs":20.4794535},{"key":["","stop_loss"],"trades":15,"profit_mean":-0.051986060716589635,"profit_mean_pct":-5.2,"profit_total_abs":-311.42602653000006,"profit_total":-0.31142602653000007,"profit_total_pct":-31.14,"duration_avg":"7:24:00","wins":0,"draws":0,"losses":15,"winrate":0.0,"cagr":-0.7334692731427934,"expectancy":-20.761735102000003,"expectancy_ratio":-1.0,"sortino":-789.4625321318296,"sharpe":-789.4625321318296,"calmar":-18.548517645187182,"sqn":-1061.6835,"profit_factor":0.0,"max_drawdown_account":0.31142602653000007,"max_drawdown_abs":311.42602653000006},{"key":"TOTAL","trades":41,"profit_mean":-0.005792390672610682,"profit_mean_pct":-0.58,"profit_total_abs":-94.87369248000002,"profit_total":-0.09487369248000002,"profit_total_pct":-9.49,"duration_avg":"10:06:00","wins":25,"draws":0,"losses":16,"winrate":0.6097560975609756,"cagr":-0.2975897970509055,"expectancy":-2.313992499512194,"expectancy_ratio":-0.11154946880915806,"sortino":-178.78651071874307,"sharpe":-1.1412315506014228,"calmar":-14.17314974521528,"sqn":-0.9491,"profit_factor":0.7141544861765325,"max_drawdown_account":0.12416198168113077,"max_drawdown_abs":124.70027339}],"left_open_trades":[{"key":"TOTAL","trades":0,"profit_mean":0.0,"profit_mean_pct":0.0,"profit_total_abs":0.0,"profit_total":0.0,"profit_total_pct":0.0,"duration_avg":"0:00","wins":0,"draws":0,"losses":0,"winrate":0.0,"cagr":0.0,"expectancy":0.0,"expectancy_ratio":100.0,"sortino":0,"sharpe":0,"calmar":0,"sqn":0.0,"profit_factor":0.0,"max_drawdown_account":0.0,"max_drawdown_abs":0.0}],"total_trades":41,"trade_count_long":41,"trade_count_short":0,"total_volume":65413.60962907246,"avg_stake_amount":399.03342536585365,"profit_mean":-0.005792390672610682,"profit_median":0.012127122272199909,"profit_total":-0.09487369248000002,"profit_total_long":-0.09487369248000002,"profit_total_short":0.0,"profit_total_abs":-94.87369248000002,"profit_total_long_abs":-94.87369248000002,"profit_total_short_abs":0.0,"cagr":-0.2975897970509055,"expectancy":-2.313992499512194,"expectancy_ratio":-0.11154946880915806,"sortino":-178.78651071874307,"sharpe":-1.1412315506014228,"calmar":-14.17314974521528,"sqn":-0.9491,"profit_factor":0.7141544861765325,"backtest_start":"2025-11-09 08:00:00","backtest_start_ts":1762675200000,"backtest_end":"2026-02-21 00:00:00","backtest_end_ts":1771632000000,"backtest_days":103,"backtest_run_start_ts":1771666968,"backtest_run_end_ts":1771666969,"trades_per_day":0.4,"market_change":-0.4152370334918748,"pairlist":["BTC/USDT:USDT","ETH/USDT:USDT","SOL/USDT:USDT","DOGE/USDT:USDT"],"stake_amount":400,"stake_currency":"USDT","stake_currency_decimals":3,"starting_balance":1000,"dry_run_wallet":1000,"final_balance":905.12630752,"rejected_signals":16,"timedout_entry_orders":0,"timedout_exit_orders":1,"canceled_trade_entries":0,"canceled_entry_orders":0,"replaced_entry_orders":0,"max_open_trades":2,"max_open_trades_setting":2,"timeframe":"1h","timeframe_detail":"","timerange":"20251109-20260221","enable_protections":false,"strategy_name":"SupertrendFuturesStrategyV4","freqaimodel":null,"freqai_identifier":null,"stoploss":-0.05,"trailing_stop":true,"trailing_stop_positive":0.02,"trailing_stop_positive_offset":0.03,"trailing_only_offset_is_reached":true,"use_custom_stoploss":false,"minimal_roi":{"0":0.06},"use_exit_signal":true,"exit_profit_only":false,"exit_profit_offset":0.0,"ignore_roi_if_entry_signal":false,"trading_mode":"futures","margin_mode":"isolated","periodic_breakdown":{"day":[{"date":"10/11/2025","date_ts":1762732800000,"profit_abs":-16.44214797,"wins":1,"draws":0,"losses":1,"trades":2,"profit_factor":0.20865788},{"date":"11/11/2025","date_ts":1762819200000,"profit_abs":-20.75780798,"wins":0,"draws":0,"losses":1,"trades":1,"profit_factor":0.0},{"date":"12/11/2025","date_ts":1762905600000,"profit_abs":-20.72803125,"wins":0,"draws":0,"losses":1,"trades":1,"profit_factor":0.0},{"date":"13/11/2025","date_ts":1762992000000,"profit_abs":0.0,"wins":0,"draws":0,"losses":0,"trades":0,"profit_factor":0.0},{"date":"14/11/2025","date_ts":1763078400000,"profit_abs":0.0,"wins":0,"draws":0,"losses":0,"trades":0,"profit_factor":0.0},{"date":"15/11/2025","date_ts":1763164800000,"profit_abs":0.0,"wins":0,"draws":0,"losses":0,"trades":0,"profit_factor":0.0},{"date":"16/11/2025","date_ts":1763251200000,"profit_abs":0.0,"wins":0,"draws":0,"losses":0,"trades":0,"profit_factor":0.0},{"date":"17/11/2025","date_ts":1763337600000,"profit_abs":0.0,"wins":0,"draws":0,"losses":0,"trades":0,"profit_factor":0.0},{"date":"18/11/2025","date_ts":1763424000000,"profit_abs":0.0,"wins":0,"draws":0,"losses":0,"trades":0,"profit_factor":0.0},{"date":"19/11/2025","date_ts":1763510400000,"profit_abs":0.0,"wins":0,"draws":0,"losses":0,"trades":0,"profit_factor":0.0},{"date":"20/11/2025","date_ts":1763596800000,"profit_abs":0.0,"wins":0,"draws":0,"losses":0,"trades":0,"profit_factor":0.0},{"date":"21/11/2025","date_ts":1763683200000,"profit_abs":0.0,"wins":0,"draws":0,"losses":0,"trades":0,"profit_factor":0.0},{"date":"22/11/2025","date_ts":1763769600000,"profit_abs":0.0,"wins":0,"draws":0,"losses":0,"trades":0,"profit_factor":0.0},{"date":"23/11/2025","date_ts":1763856000000,"profit_abs":0.0,"wins":0,"draws":0,"losses":0,"trades":0,"profit_factor":0.0},{"date":"24/11/2025","date_ts":1763942400000,"profit_abs":0.0,"wins":0,"draws":0,"losses":0,"trades":0,"profit_factor":0.0},{"date":"25/11/2025","date_ts":1764028800000,"profit_abs":0.0,"wins":0,"draws":0,"losses":0,"trades":0,"profit_factor":0.0},{"date":"26/11/2025","date_ts":1764115200000,"profit_abs":0.0,"wins":0,"draws":0,"losses":0,"trades":0,"profit_factor":0.0},{"date":"27/11/2025","date_ts":1764201600000,"profit_abs":0.0,"wins":0,"draws":0,"losses":0,"trades":0,"profit_factor":0.0},{"date":"28/11/2025","date_ts":1764288000000,"profit_abs":7.03924683,"wins":1,"draws":0,"losses":0,"trades":1,"profit_factor":0.0},{"date":"29/11/2025","date_ts":1764374400000,"profit_abs":0.0,"wins":0,"draws":0,"losses":0,"trades":0,"profit_factor":0.0},{"date":"30/11/2025","date_ts":1764460800000,"profit_abs":0.0,"wins":0,"draws":0,"losses":0,"trades":0,"profit_factor":0.0},{"date":"01/12/2025","date_ts":1764547200000,"profit_abs":0.0,"wins":0,"draws":0,"losses":0,"trades":0,"profit_factor":0.0},{"date":"02/12/2025","date_ts":1764633600000,"profit_abs":0.0,"wins":0,"draws":0,"losses":0,"trades":0,"profit_factor":0.0},{"date":"03/12/2025","date_ts":1764720000000,"profit_abs":15.81113035,"wins":2,"draws":0,"losses":0,"trades":2,"profit_factor":0.0},{"date":"04/12/2025","date_ts":1764806400000,"profit_abs":-16.03000935,"wins":1,"draws":0,"losses":1,"trades":2,"profit_factor":0.22733693},{"date":"05/12/2025","date_ts":1764892800000,"profit_abs":0.0,"wins":0,"draws":0,"losses":0,"trades":0,"profit_factor":0.0},{"date":"06/12/2025","date_ts":1764979200000,"profit_abs":0.0,"wins":0,"draws":0,"losses":0,"trades":0,"profit_factor":0.0},{"date":"07/12/2025","date_ts":1765065600000,"profit_abs":0.0,"wins":0,"draws":0,"losses":0,"trades":0,"profit_factor":0.0},{"date":"08/12/2025","date_ts":1765152000000,"profit_abs":0.0,"wins":0,"draws":0,"losses":0,"trades":0,"profit_factor":0.0},{"date":"09/12/2025","date_ts":1765238400000,"profit_abs":0.0,"wins":0,"draws":0,"losses":0,"trades":0,"profit_factor":0.0},{"date":"10/12/2025","date_ts":1765324800000,"profit_abs":13.84034884,"wins":2,"draws":0,"losses":0,"trades":2,"profit_factor":0.0},{"date":"11/12/2025","date_ts":1765411200000,"profit_abs":-20.74556345,"wins":0,"draws":0,"losses":1,"trades":1,"profit_factor":0.0},{"date":"12/12/2025","date_ts":1765497600000,"profit_abs":-20.78395791,"wins":0,"draws":0,"losses":1,"trades":1,"profit_factor":0.0},{"date":"13/12/2025","date_ts":1765584000000,"profit_abs":0.0,"wins":0,"draws":0,"losses":0,"trades":0,"profit_factor":0.0},{"date":"14/12/2025","date_ts":1765670400000,"profit_abs":0.0,"wins":0,"draws":0,"losses":0,"trades":0,"profit_factor":0.0},{"date":"15/12/2025","date_ts":1765756800000,"profit_abs":0.0,"wins":0,"draws":0,"losses":0,"trades":0,"profit_factor":0.0},{"date":"16/12/2025","date_ts":1765843200000,"profit_abs":0.0,"wins":0,"draws":0,"losses":0,"trades":0,"profit_factor":0.0},{"date":"17/12/2025","date_ts":1765929600000,"profit_abs":0.0,"wins":0,"draws":0,"losses":0,"trades":0,"profit_factor":0.0},{"date":"18/12/2025","date_ts":1766016000000,"profit_abs":0.0,"wins":0,"draws":0,"losses":0,"trades":0,"profit_factor":0.0},{"date":"19/12/2025","date_ts":1766102400000,"profit_abs":0.0,"wins":0,"draws":0,"losses":0,"trades":0,"profit_factor":0.0},{"date":"20/12/2025","date_ts":1766188800000,"profit_abs":0.0,"wins":0,"draws":0,"losses":0,"trades":0,"profit_factor":0.0},{"date":"21/12/2025","date_ts":1766275200000,"profit_abs":0.0,"wins":0,"draws":0,"losses":0,"trades":0,"profit_factor":0.0},{"date":"22/12/2025","date_ts":1766361600000,"profit_abs":0.0,"wins":0,"draws":0,"losses":0,"trades":0,"profit_factor":0.0},{"date":"23/12/2025","date_ts":1766448000000,"profit_abs":0.0,"wins":0,"draws":0,"losses":0,"trades":0,"profit_factor":0.0},{"date":"24/12/2025","date_ts":1766534400000,"profit_abs":0.0,"wins":0,"draws":0,"losses":0,"trades":0,"profit_factor":0.0},{"date":"25/12/2025","date_ts":1766620800000,"profit_abs":0.0,"wins":0,"draws":0,"losses":0,"trades":0,"profit_factor":0.0},{"date":"26/12/2025","date_ts":1766707200000,"profit_abs":0.0,"wins":0,"draws":0,"losses":0,"trades":0,"profit_factor":0.0},{"date":"27/12/2025","date_ts":1766793600000,"profit_abs":0.0,"wins":0,"draws":0,"losses":0,"trades":0,"profit_factor":0.0},{"date":"28/12/2025","date_ts":1766880000000,"profit_abs":0.0,"wins":0,"draws":0,"losses":0,"trades":0,"profit_factor":0.0},{"date":"29/12/2025","date_ts":1766966400000,"profit_abs":-41.56808268,"wins":0,"draws":0,"losses":2,"trades":2,"profit_factor":0.0},{"date":"30/12/2025","date_ts":1767052800000,"profit_abs":0.0,"wins":0,"draws":0,"losses":0,"trades":0,"profit_factor":0.0},{"date":"31/12/2025","date_ts":1767139200000,"profit_abs":0.0,"wins":0,"draws":0,"losses":0,"trades":0,"profit_factor":0.0},{"date":"01/01/2026","date_ts":1767225600000,"profit_abs":0.0,"wins":0,"draws":0,"losses":0,"trades":0,"profit_factor":0.0},{"date":"02/01/2026","date_ts":1767312000000,"profit_abs":47.25177201,"wins":4,"draws":0,"losses":0,"trades":4,"profit_factor":0.0},{"date":"03/01/2026","date_ts":1767398400000,"profit_abs":9.22274061,"wins":1,"draws":0,"losses":0,"trades":1,"profit_factor":0.0},{"date":"04/01/2026","date_ts":1767484800000,"profit_abs":35.10722511,"wins":2,"draws":0,"losses":0,"trades":2,"profit_factor":0.0},{"date":"05/01/2026","date_ts":1767571200000,"profit_abs":8.44379713,"wins":3,"draws":0,"losses":1,"trades":4,"profit_factor":1.40669205},{"date":"06/01/2026","date_ts":1767657600000,"profit_abs":-17.33238868,"wins":1,"draws":0,"losses":2,"trades":3,"profit_factor":0.58028906},{"date":"07/01/2026","date_ts":1767744000000,"profit_abs":0.0,"wins":0,"draws":0,"losses":0,"trades":0,"profit_factor":0.0},{"date":"08/01/2026","date_ts":1767830400000,"profit_abs":0.0,"wins":0,"draws":0,"losses":0,"trades":0,"profit_factor":0.0},{"date":"09/01/2026","date_ts":1767916800000,"profit_abs":0.0,"wins":0,"draws":0,"losses":0,"trades":0,"profit_factor":0.0},{"date":"10/01/2026","date_ts":1768003200000,"profit_abs":0.0,"wins":0,"draws":0,"losses":0,"trades":0,"profit_factor":0.0},{"date":"11/01/2026","date_ts":1768089600000,"profit_abs":0.0,"wins":0,"draws":0,"losses":0,"trades":0,"profit_factor":0.0},{"date":"12/01/2026","date_ts":1768176000000,"profit_abs":6.21451948,"wins":4,"draws":0,"losses":1,"trades":5,"profit_factor":1.29995061},{"date":"13/01/2026","date_ts":1768262400000,"profit_abs":0.0,"wins":0,"draws":0,"losses":0,"trades":0,"profit_factor":0.0},{"date":"14/01/2026","date_ts":1768348800000,"profit_abs":19.60493514,"wins":3,"draws":0,"losses":0,"trades":3,"profit_factor":0.0},{"date":"15/01/2026","date_ts":1768435200000,"profit_abs":-62.54196521,"wins":0,"draws":0,"losses":3,"trades":3,"profit_factor":0.0},{"date":"16/01/2026","date_ts":1768521600000,"profit_abs":0.0,"wins":0,"draws":0,"losses":0,"trades":0,"profit_factor":0.0},{"date":"17/01/2026","date_ts":1768608000000,"profit_abs":0.0,"wins":0,"draws":0,"losses":0,"trades":0,"profit_factor":0.0},{"date":"18/01/2026","date_ts":1768694400000,"profit_abs":0.0,"wins":0,"draws":0,"losses":0,"trades":0,"profit_factor":0.0},{"date":"19/01/2026","date_ts":1768780800000,"profit_abs":-20.4794535,"wins":0,"draws":0,"losses":1,"trades":1,"profit_factor":0.0}],"week":[{"date":"10/11/2025","date_ts":1762732800000,"profit_abs":-16.44214797,"wins":1,"draws":0,"losses":1,"trades":2,"profit_factor":0.20865788},{"date":"17/11/2025","date_ts":1763337600000,"profit_abs":-41.48583923,"wins":0,"draws":0,"losses":2,"trades":2,"profit_factor":0.0},{"date":"24/11/2025","date_ts":1763942400000,"profit_abs":0.0,"wins":0,"draws":0,"losses":0,"trades":0,"profit_factor":0.0},{"date":"01/12/2025","date_ts":1764547200000,"profit_abs":7.03924683,"wins":1,"draws":0,"losses":0,"trades":1,"profit_factor":0.0},{"date":"08/12/2025","date_ts":1765152000000,"profit_abs":-0.218879,"wins":3,"draws":0,"losses":1,"trades":4,"profit_factor":0.98944981},{"date":"15/12/2025","date_ts":1765756800000,"profit_abs":-27.68917252,"wins":2,"draws":0,"losses":2,"trades":4,"profit_factor":0.33326531},{"date":"22/12/2025","date_ts":1766361600000,"profit_abs":0.0,"wins":0,"draws":0,"losses":0,"trades":0,"profit_factor":0.0},{"date":"29/12/2025","date_ts":1766966400000,"profit_abs":-41.56808268,"wins":0,"draws":0,"losses":2,"trades":2,"profit_factor":0.0},{"date":"05/01/2026","date_ts":1767571200000,"profit_abs":100.02553486,"wins":10,"draws":0,"losses":1,"trades":11,"profit_factor":5.81768912},{"date":"12/01/2026","date_ts":1768176000000,"profit_abs":-11.1178692,"wins":5,"draws":0,"losses":3,"trades":8,"profit_factor":0.82072143},{"date":"19/01/2026","date_ts":1768780800000,"profit_abs":-63.41648357,"wins":3,"draws":0,"losses":4,"trades":7,"profit_factor":0.2361431}],"month":[{"date":"30/11/2025","date_ts":1764460800000,"profit_abs":-50.88874037,"wins":2,"draws":0,"losses":3,"trades":5,"profit_factor":0.18268595},{"date":"31/12/2025","date_ts":1767139200000,"profit_abs":-69.4761342,"wins":5,"draws":0,"losses":5,"trades":10,"profit_factor":0.33095698},{"date":"31/01/2026","date_ts":1769817600000,"profit_abs":25.49118209,"wins":18,"draws":0,"losses":8,"trades":26,"profit_factor":1.15374838}],"year":[{"date":"31/12/2025","date_ts":1767139200000,"profit_abs":-120.36487457,"wins":7,"draws":0,"losses":8,"trades":15,"profit_factor":0.27537935},{"date":"31/12/2026","date_ts":1798675200000,"profit_abs":25.49118209,"wins":18,"draws":0,"losses":8,"trades":26,"profit_factor":1.15374838}],"weekday":[{"date":"Monday","date_ts":0,"profit_abs":-63.83136754,"wins":8,"draws":0,"losses":6,"trades":14,"profit_factor":0.48649685},{"date":"Tuesday","date_ts":1,"profit_abs":-38.09019666,"wins":1,"draws":0,"losses":3,"trades":4,"profit_factor":0.38617485},{"date":"Wednesday","date_ts":2,"profit_abs":28.52838308,"wins":7,"draws":0,"losses":1,"trades":8,"profit_factor":2.37631899},{"date":"Thursday","date_ts":3,"profit_abs":-99.31753801,"wins":1,"draws":0,"losses":5,"trades":6,"profit_factor":0.0453355},{"date":"Friday","date_ts":4,"profit_abs":33.50706093,"wins":5,"draws":0,"losses":1,"trades":6,"profit_factor":2.61215978},{"date":"Saturday","date_ts":5,"profit_abs":9.22274061,"wins":1,"draws":0,"losses":0,"trades":1,"profit_factor":0.0},{"date":"Sunday","date_ts":6,"profit_abs":35.10722511,"wins":2,"draws":0,"losses":0,"trades":2,"profit_factor":0.0}]},"backtest_best_day":0.11839788293841425,"backtest_worst_day":-0.15647498132445808,"backtest_best_day_abs":47.25177201,"backtest_worst_day_abs":-62.54196521,"winning_days":9,"draw_days":52,"losing_days":10,"daily_profit":[["2025-11-10",-16.44214797],["2025-11-11",-20.75780798],["2025-11-12",-20.72803125],["2025-11-13",0.0],["2025-11-14",0.0],["2025-11-15",0.0],["2025-11-16",0.0],["2025-11-17",0.0],["2025-11-18",0.0],["2025-11-19",0.0],["2025-11-20",0.0],["2025-11-21",0.0],["2025-11-22",0.0],["2025-11-23",0.0],["2025-11-24",0.0],["2025-11-25",0.0],["2025-11-26",0.0],["2025-11-27",0.0],["2025-11-28",7.03924683],["2025-11-29",0.0],["2025-11-30",0.0],["2025-12-01",0.0],["2025-12-02",0.0],["2025-12-03",15.81113035],["2025-12-04",-16.03000935],["2025-12-05",0.0],["2025-12-06",0.0],["2025-12-07",0.0],["2025-12-08",0.0],["2025-12-09",0.0],["2025-12-10",13.84034884],["2025-12-11",-20.74556345],["2025-12-12",-20.78395791],["2025-12-13",0.0],["2025-12-14",0.0],["2025-12-15",0.0],["2025-12-16",0.0],["2025-12-17",0.0],["2025-12-18",0.0],["2025-12-19",0.0],["2025-12-20",0.0],["2025-12-21",0.0],["2025-12-22",0.0],["2025-12-23",0.0],["2025-12-24",0.0],["2025-12-25",0.0],["2025-12-26",0.0],["2025-12-27",0.0],["2025-12-28",0.0],["2025-12-29",-41.56808268],["2025-12-30",0.0],["2025-12-31",0.0],["2026-01-01",0.0],["2026-01-02",47.25177201],["2026-01-03",9.22274061],["2026-01-04",35.10722511],["2026-01-05",8.44379713],["2026-01-06",-17.33238868],["2026-01-07",0.0],["2026-01-08",0.0],["2026-01-09",0.0],["2026-01-10",0.0],["2026-01-11",0.0],["2026-01-12",6.21451948],["2026-01-13",0.0],["2026-01-14",19.60493514],["2026-01-15",-62.54196521],["2026-01-16",0.0],["2026-01-17",0.0],["2026-01-18",0.0],["2026-01-19",-20.4794535]],"wins":25,"losses":16,"draws":0,"winrate":0.6097560975609756,"holding_avg":"10:06:00","holding_avg_s":36360.0,"winner_holding_min":"0d 01:00","winner_holding_min_s":3600.0,"winner_holding_max":"1d 12:00","winner_holding_max_s":129600.0,"winner_holding_avg":"0d 08:26","winner_holding_avg_s":30360.0,"loser_holding_min":"0d 01:00","loser_holding_min_s":3600.0,"loser_holding_max":"3d 20:00","loser_holding_max_s":331200.0,"loser_holding_avg":"0d 12:41","loser_holding_avg_s":45660.0,"max_consecutive_wins":9,"max_consecutive_losses":4,"max_drawdown_account":0.12416198168113077,"max_relative_drawdown":0.12416198168113077,"max_drawdown_abs":124.70027339,"drawdown_start":"2025-11-10 09:00:00","drawdown_start_ts":1762765200000.0,"drawdown_end":"2025-12-29 12:00:00","drawdown_end_ts":1767009600000.0,"drawdown_duration":"49 days 03:00:00","drawdown_duration_s":4244400.0,"max_drawdown_low":-120.36487457000001,"max_drawdown_high":4.33539882,"csum_min":879.63512543,"csum_max":1004.33539882}},"strategy_comparison":[{"key":"SupertrendFuturesStrategyV4","trades":41,"profit_mean":-0.005792390672610682,"profit_mean_pct":-0.58,"profit_total_abs":-94.87369248000002,"profit_total":-0.09487369248000002,"profit_total_pct":-9.49,"duration_avg":"10:06:00","wins":25,"draws":0,"losses":16,"winrate":0.6097560975609756,"cagr":-0.2975897970509055,"expectancy":-2.313992499512194,"expectancy_ratio":-0.11154946880915806,"sortino":-178.78651071874307,"sharpe":-1.1412315506014228,"calmar":-14.17314974521528,"sqn":-0.9491,"profit_factor":0.7141544861765325,"max_drawdown_account":0.12416198168113077,"max_drawdown_abs":"124.7"}]}