{"strategy":{"SupertrendFuturesStrategy":{"trades":[{"pair":"DOGE/USDT:USDT","stake_amount":399.97705,"max_stake_amount":399.97705,"amount":5170.0,"open_date":"2025-11-25 23:15:00+00:00","close_date":"2025-11-26 00:00:00+00:00","open_rate":0.15473,"close_rate":0.15295,"fee_open":0.0005,"fee_close":0.0005,"trade_duration":45,"profit_ratio":-0.025042683475638577,"profit_abs":-10.02150691,"exit_reason":"exit_signal","initial_stop_loss_abs":0.15164,"initial_stop_loss_ratio":-0.04,"stop_loss_abs":0.15164,"stop_loss_ratio":-0.04,"min_rate":0.15283,"max_rate":0.15499,"is_open":false,"enter_tag":"","leverage":2.0,"is_short":false,"open_timestamp":1764112500000,"close_timestamp":1764115200000,"orders":[{"amount":5170.0,"safe_price":0.15473,"ft_order_side":"buy","order_filled_timestamp":1764112500000,"ft_is_entry":true,"ft_order_tag":"","cost":800.35407705},{"amount":5170.0,"safe_price":0.15295,"ft_order_side":"sell","order_filled_timestamp":1764115200000,"ft_is_entry":false,"ft_order_tag":"exit_signal","cost":791.1468757499999}],"funding_fees":-0.023554109049937235,"weekday":2},{"pair":"DOGE/USDT:USDT","stake_amount":399.24075,"max_stake_amount":399.24075,"amount":5190.0,"open_date":"2025-11-28 15:45:00+00:00","close_date":"2025-11-28 16:15:00+00:00","open_rate":0.15385,"close_rate":0.15296,"fee_open":0.0005,"fee_close":0.0005,"trade_duration":30,"profit_ratio":-0.013510926536878088,"profit_abs":-5.3968095,"exit_reason":"exit_signal","initial_stop_loss_abs":0.15078,"initial_stop_loss_ratio":-0.04,"stop_loss_abs":0.15078,"stop_loss_ratio":-0.04,"min_rate":0.15101,"max_rate":0.15392,"is_open":false,"enter_tag":"","leverage":2.0,"is_short":false,"open_timestamp":1764344700000,"close_timestamp":1764346500000,"orders":[{"amount":5190.0,"safe_price":0.15385,"ft_order_side":"buy","order_filled_timestamp":1764344700000,"ft_is_entry":true,"ft_order_tag":"","cost":798.88074075},{"amount":5190.0,"safe_price":0.15296,"ft_order_side":"sell","order_filled_timestamp":1764346500000,"ft_is_entry":false,"ft_order_tag":"exit_signal","cost":794.2593312}],"funding_fees":0.01846244834591761,"weekday":4},{"pair":"SOL/USDT:USDT","stake_amount":399.6288,"max_stake_amount":399.6288,"amount":5.76,"open_date":"2025-11-30 14:30:00+00:00","close_date":"2025-11-30 14:45:00+00:00","open_rate":138.76,"close_rate":138.3,"fee_open":0.0005,"fee_close":0.0005,"trade_duration":15,"profit_ratio":-0.008622526442169518,"profit_abs":-3.4475328,"exit_reason":"exit_signal","initial_stop_loss_abs":135.98479999999998,"initial_stop_loss_ratio":-0.04,"stop_loss_abs":135.98479999999998,"stop_loss_ratio":-0.04,"min_rate":138.11,"max_rate":138.83,"is_open":false,"enter_tag":"","leverage":2.0,"is_short":false,"open_timestamp":1764513000000,"close_timestamp":1764513900000,"orders":[{"amount":5.76,"safe_price":138.76,"ft_order_side":"buy","order_filled_timestamp":1764513000000,"ft_is_entry":true,"ft_order_tag":"","cost":799.6572287999999},{"amount":5.76,"safe_price":138.3,"ft_order_side":"sell","order_filled_timestamp":1764513900000,"ft_is_entry":false,"ft_order_tag":"exit_signal","cost":797.006304}],"funding_fees":0.0,"weekday":6},{"pair":"SOL/USDT:USDT","stake_amount":399.819,"max_stake_amount":399.819,"amount":5.53,"open_date":"2025-12-03 22:15:00+00:00","close_date":"2025-12-04 00:00:00+00:00","open_rate":144.6,"close_rate":144.59,"fee_open":0.0005,"fee_close":0.0005,"trade_duration":105,"profit_ratio":-0.002337047244012848,"profit_abs":-0.93486309,"exit_reason":"exit_signal","initial_stop_loss_abs":141.708,"initial_stop_loss_ratio":-0.04,"stop_loss_abs":141.708,"stop_loss_ratio":-0.04,"min_rate":143.02,"max_rate":145.55,"is_open":false,"enter_tag":"","leverage":2.0,"is_short":false,"open_timestamp":1764800100000,"close_timestamp":1764806400000,"orders":[{"amount":5.53,"safe_price":144.6,"ft_order_side":"buy","order_filled_timestamp":1764800100000,"ft_is_entry":true,"ft_order_tag":"","cost":800.037819},{"amount":5.53,"safe_price":144.59,"ft_order_side":"sell","order_filled_timestamp":1764806400000,"ft_is_entry":false,"ft_order_tag":"exit_signal","cost":799.98249135}],"funding_fees":-0.07995274000000002,"weekday":3},{"pair":"ETH/USDT:USDT","stake_amount":398.83536,"max_stake_amount":398.83536,"amount":0.252,"open_date":"2025-12-03 22:15:00+00:00","close_date":"2025-12-04 00:15:00+00:00","open_rate":3165.36,"close_rate":3173.52,"fee_open":0.0005,"fee_close":0.0005,"trade_duration":120,"profit_ratio":0.003120650604039852,"profit_abs":1.24524812,"exit_reason":"exit_signal","initial_stop_loss_abs":3102.0528,"initial_stop_loss_ratio":-0.04,"stop_loss_abs":3102.0528,"stop_loss_ratio":-0.04,"min_rate":3153.24,"max_rate":3215.56,"is_open":false,"enter_tag":"","leverage":2.0,"is_short":false,"open_timestamp":1764800100000,"close_timestamp":1764807300000,"orders":[{"amount":0.252,"safe_price":3165.36,"ft_order_side":"buy","order_filled_timestamp":1764800100000,"ft_is_entry":true,"ft_order_tag":"","cost":798.06955536},{"amount":0.252,"safe_price":3173.52,"ft_order_side":"sell","order_filled_timestamp":1764807300000,"ft_is_entry":false,"ft_order_tag":"exit_signal","cost":800.1269035199999}],"funding_fees":-0.012372996609508177,"weekday":3},{"pair":"SOL/USDT:USDT","stake_amount":399.83925,"max_stake_amount":399.83925,"amount":5.45,"open_date":"2025-12-04 01:15:00+00:00","close_date":"2025-12-04 01:45:00+00:00","open_rate":146.73,"close_rate":145.32,"fee_open":0.0005,"fee_close":0.0005,"trade_duration":30,"profit_ratio":-0.02119876475583513,"profit_abs":-8.48033625,"exit_reason":"exit_signal","initial_stop_loss_abs":143.7954,"initial_stop_loss_ratio":-0.04,"stop_loss_abs":143.7954,"stop_loss_ratio":-0.04,"min_rate":144.01,"max_rate":146.8,"is_open":false,"enter_tag":"","leverage":2.0,"is_short":false,"open_timestamp":1764810900000,"close_timestamp":1764812700000,"orders":[{"amount":5.45,"safe_price":146.73,"ft_order_side":"buy","order_filled_timestamp":1764810900000,"ft_is_entry":true,"ft_order_tag":"","cost":800.0783392499999},{"amount":5.45,"safe_price":145.32,"ft_order_side":"sell","order_filled_timestamp":1764812700000,"ft_is_entry":false,"ft_order_tag":"exit_signal","cost":792.389997}],"funding_fees":0.0,"weekday":3},{"pair":"ETH/USDT:USDT","stake_amount":399.42588,"max_stake_amount":399.42588,"amount":0.249,"open_date":"2025-12-04 01:30:00+00:00","close_date":"2025-12-04 02:00:00+00:00","open_rate":3208.24,"close_rate":3201.14,"fee_open":0.0005,"fee_close":0.0005,"trade_duration":30,"profit_ratio":-0.006420679394237998,"profit_abs":-2.56586781,"exit_reason":"exit_signal","initial_stop_loss_abs":3144.0751999999998,"initial_stop_loss_ratio":-0.04,"stop_loss_abs":3144.0751999999998,"stop_loss_ratio":-0.04,"min_rate":3197.0,"max_rate":3219.87,"is_open":false,"enter_tag":"","leverage":2.0,"is_short":false,"open_timestamp":1764811800000,"close_timestamp":1764813600000,"orders":[{"amount":0.249,"safe_price":3208.24,"ft_order_side":"buy","order_filled_timestamp":1764811800000,"ft_is_entry":true,"ft_order_tag":"","cost":799.2511858799999},{"amount":0.249,"safe_price":3201.14,"ft_order_side":"sell","order_filled_timestamp":1764813600000,"ft_is_entry":false,"ft_order_tag":"exit_signal","cost":797.4824019299999}],"funding_fees":0.0,"weekday":3},{"pair":"SOL/USDT:USDT","stake_amount":399.80785,"max_stake_amount":399.80785,"amount":5.69,"open_date":"2025-12-10 20:30:00+00:00","close_date":"2025-12-10 20:45:00+00:00","open_rate":140.53,"close_rate":137.7194,"fee_open":0.0005,"fee_close":0.0005,"trade_duration":15,"profit_ratio":-0.04195902048225527,"profit_abs":-16.78393354,"exit_reason":"stop_loss","initial_stop_loss_abs":137.7194,"initial_stop_loss_ratio":-0.04,"stop_loss_abs":137.7194,"stop_loss_ratio":-0.04,"min_rate":137.36,"max_rate":141.04,"is_open":false,"enter_tag":"","leverage":2.0,"is_short":false,"open_timestamp":1765398600000,"close_timestamp":1765399500000,"orders":[{"amount":5.69,"safe_price":140.53,"ft_order_side":"buy","order_filled_timestamp":1765398600000,"ft_is_entry":true,"ft_order_tag":"","cost":800.0155078500001},{"amount":5.69,"safe_price":137.7194,"ft_order_side":"sell","order_filled_timestamp":1765399500000,"ft_is_entry":false,"ft_order_tag":"stop_loss","cost":784.015197693}],"funding_fees":0.0,"weekday":2},{"pair":"SOL/USDT:USDT","stake_amount":399.75075,"max_stake_amount":399.75075,"amount":5.95,"open_date":"2025-12-11 19:00:00+00:00","close_date":"2025-12-11 20:00:00+00:00","open_rate":134.37,"close_rate":133.81,"fee_open":0.0005,"fee_close":0.0005,"trade_duration":60,"profit_ratio":-0.010325863339075422,"profit_abs":-4.1298355,"exit_reason":"exit_signal","initial_stop_loss_abs":131.6826,"initial_stop_loss_ratio":-0.04,"stop_loss_abs":131.6826,"stop_loss_ratio":-0.04,"min_rate":133.49,"max_rate":135.4,"is_open":false,"enter_tag":"","leverage":2.0,"is_short":false,"open_timestamp":1765479600000,"close_timestamp":1765483200000,"orders":[{"amount":5.95,"safe_price":134.37,"ft_order_side":"buy","order_filled_timestamp":1765479600000,"ft_is_entry":true,"ft_order_tag":"","cost":799.90125075},{"amount":5.95,"safe_price":133.81,"ft_order_side":"sell","order_filled_timestamp":1765483200000,"ft_is_entry":false,"ft_order_tag":"exit_signal","cost":796.56758475}],"funding_fees":0.0,"weekday":3},{"pair":"SOL/USDT:USDT","stake_amount":399.9576,"max_stake_amount":399.9576,"amount":5.88,"open_date":"2025-12-11 21:00:00+00:00","close_date":"2025-12-11 22:30:00+00:00","open_rate":136.04,"close_rate":136.74,"fee_open":0.0005,"fee_close":0.0005,"trade_duration":90,"profit_ratio":0.008281804407998881,"profit_abs":3.3140268,"exit_reason":"exit_signal","initial_stop_loss_abs":133.3192,"initial_stop_loss_ratio":-0.04,"stop_loss_abs":133.3192,"stop_loss_ratio":-0.04,"min_rate":136.01,"max_rate":137.75,"is_open":false,"enter_tag":"","leverage":2.0,"is_short":false,"open_timestamp":1765486800000,"close_timestamp":1765492200000,"orders":[{"amount":5.88,"safe_price":136.04,"ft_order_side":"buy","order_filled_timestamp":1765486800000,"ft_is_entry":true,"ft_order_tag":"","cost":800.3151575999999},{"amount":5.88,"safe_price":136.74,"ft_order_side":"sell","order_filled_timestamp":1765492200000,"ft_is_entry":false,"ft_order_tag":"exit_signal","cost":804.4332155999999}],"funding_fees":0.0,"weekday":3},{"pair":"ETH/USDT:USDT","stake_amount":399.946575,"max_stake_amount":399.946575,"amount":0.245,"open_date":"2025-12-11 21:45:00+00:00","close_date":"2025-12-11 22:30:00+00:00","open_rate":3264.87,"close_rate":3237.31,"fee_open":0.0005,"fee_close":0.0005,"trade_duration":45,"profit_ratio":-0.01886488108495777,"profit_abs":-7.54871705,"exit_reason":"exit_signal","initial_stop_loss_abs":3199.5726,"initial_stop_loss_ratio":-0.04,"stop_loss_abs":3199.5726,"stop_loss_ratio":-0.04,"min_rate":3229.08,"max_rate":3268.49,"is_open":false,"enter_tag":"","leverage":2.0,"is_short":false,"open_timestamp":1765489500000,"close_timestamp":1765492200000,"orders":[{"amount":0.245,"safe_price":3264.87,"ft_order_side":"buy","order_filled_timestamp":1765489500000,"ft_is_entry":true,"ft_order_tag":"","cost":800.2930965749999},{"amount":0.245,"safe_price":3237.31,"ft_order_side":"sell","order_filled_timestamp":1765492200000,"ft_is_entry":false,"ft_order_tag":"exit_signal","cost":793.537520475}],"funding_fees":0.0,"weekday":3},{"pair":"SOL/USDT:USDT","stake_amount":399.8197,"max_stake_amount":399.8197,"amount":5.74,"open_date":"2025-12-12 06:30:00+00:00","close_date":"2025-12-12 08:00:00+00:00","open_rate":139.31,"close_rate":139.04,"fee_open":0.0005,"fee_close":0.0005,"trade_duration":90,"profit_ratio":-0.006070900376385635,"profit_abs":-2.4284792,"exit_reason":"exit_signal","initial_stop_loss_abs":136.5238,"initial_stop_loss_ratio":-0.04,"stop_loss_abs":136.5238,"stop_loss_ratio":-0.04,"min_rate":138.63,"max_rate":139.38,"is_open":false,"enter_tag":"","leverage":2.0,"is_short":false,"open_timestamp":1765521000000,"close_timestamp":1765526400000,"orders":[{"amount":5.74,"safe_price":139.31,"ft_order_side":"buy","order_filled_timestamp":1765521000000,"ft_is_entry":true,"ft_order_tag":"","cost":800.0392197},{"amount":5.74,"safe_price":139.04,"ft_order_side":"sell","order_filled_timestamp":1765526400000,"ft_is_entry":false,"ft_order_tag":"exit_signal","cost":798.4886448}],"funding_fees":-0.07981470000000002,"weekday":4},{"pair":"DOGE/USDT:USDT","stake_amount":399.65625,"max_stake_amount":399.65625,"amount":6090.0,"open_date":"2025-12-16 12:30:00+00:00","close_date":"2025-12-16 12:45:00+00:00","open_rate":0.13125,"close_rate":0.13123,"fee_open":0.0005,"fee_close":0.0005,"trade_duration":15,"profit_ratio":-0.0023034577949120677,"profit_abs":-0.9210516,"exit_reason":"exit_signal","initial_stop_loss_abs":0.12863,"initial_stop_loss_ratio":-0.04,"stop_loss_abs":0.12863,"stop_loss_ratio":-0.04,"min_rate":0.13093,"max_rate":0.13163,"is_open":false,"enter_tag":"","leverage":2.0,"is_short":false,"open_timestamp":1765888200000,"close_timestamp":1765889100000,"orders":[{"amount":6090.0,"safe_price":0.13125,"ft_order_side":"buy","order_filled_timestamp":1765888200000,"ft_is_entry":true,"ft_order_tag":"","cost":799.7121562499999},{"amount":6090.0,"safe_price":0.13123,"ft_order_side":"sell","order_filled_timestamp":1765889100000,"ft_is_entry":false,"ft_order_tag":"exit_signal","cost":799.59029535}],"funding_fees":0.0,"weekday":1},{"pair":"SOL/USDT:USDT","stake_amount":399.406,"max_stake_amount":399.406,"amount":6.07,"open_date":"2025-12-17 15:30:00+00:00","close_date":"2025-12-17 15:30:00+00:00","open_rate":131.6,"close_rate":128.968,"fee_open":0.0005,"fee_close":0.0005,"trade_duration":0,"profit_ratio":-0.04195902048975512,"profit_abs":-16.76706388,"exit_reason":"stop_loss","initial_stop_loss_abs":128.968,"initial_stop_loss_ratio":-0.04,"stop_loss_abs":128.968,"stop_loss_ratio":-0.04,"min_rate":128.63,"max_rate":131.77,"is_open":false,"enter_tag":"","leverage":2.0,"is_short":false,"open_timestamp":1765985400000,"close_timestamp":1765985400000,"orders":[{"amount":6.07,"safe_price":131.6,"ft_order_side":"buy","order_filled_timestamp":1765985400000,"ft_is_entry":true,"ft_order_tag":"","cost":799.211406},{"amount":6.07,"safe_price":128.968,"ft_order_side":"sell","order_filled_timestamp":1765985400000,"ft_is_entry":false,"ft_order_tag":"stop_loss","cost":783.2271778799999}],"funding_fees":0.0,"weekday":2},{"pair":"BTC/USDT:USDT","stake_amount":399.1041,"max_stake_amount":399.1041,"amount":0.009,"open_date":"2025-12-17 15:45:00+00:00","close_date":"2025-12-17 16:00:00+00:00","open_rate":88689.8,"close_rate":87192.9,"fee_open":0.0005,"fee_close":0.0005,"trade_duration":15,"profit_ratio":-0.03582987928246774,"profit_abs":-14.30700165,"exit_reason":"exit_signal","initial_stop_loss_abs":86916.004,"initial_stop_loss_ratio":-0.04,"stop_loss_abs":86916.004,"stop_loss_ratio":-0.04,"min_rate":86906.0,"max_rate":88776.9,"is_open":false,"enter_tag":"","leverage":2.0,"is_short":false,"open_timestamp":1765986300000,"close_timestamp":1765987200000,"orders":[{"amount":0.009,"safe_price":88689.8,"ft_order_side":"buy","order_filled_timestamp":1765986300000,"ft_is_entry":true,"ft_order_tag":"","cost":798.6073040999999},{"amount":0.009,"safe_price":87192.9,"ft_order_side":"sell","order_filled_timestamp":1765987200000,"ft_is_entry":false,"ft_order_tag":"exit_signal","cost":785.1284680499998}],"funding_fees":-0.04342949554729484,"weekday":2},{"pair":"ETH/USDT:USDT","stake_amount":399.07296,"max_stake_amount":399.07296,"amount":0.272,"open_date":"2025-12-18 14:15:00+00:00","close_date":"2025-12-18 14:30:00+00:00","open_rate":2934.36,"close_rate":2952.9027,"fee_open":0.0005,"fee_close":0.0005,"trade_duration":15,"profit_ratio":0.010626694068351724,"profit_abs":4.24294667,"exit_reason":"trailing_stop_loss","initial_stop_loss_abs":2875.6728000000003,"initial_stop_loss_ratio":-0.04,"stop_loss_abs":2952.9027,"stop_loss_ratio":-0.02,"min_rate":2925.53,"max_rate":2987.55,"is_open":false,"enter_tag":"","leverage":2.0,"is_short":false,"open_timestamp":1766067300000,"close_timestamp":1766068200000,"orders":[{"amount":0.272,"safe_price":2934.36,"ft_order_side":"buy","order_filled_timestamp":1766067300000,"ft_is_entry":true,"ft_order_tag":"","cost":798.5449929600001},{"amount":0.272,"safe_price":2952.9027,"ft_order_side":"sell","order_filled_timestamp":1766068200000,"ft_is_entry":false,"ft_order_tag":"trailing_stop_loss","cost":803.5911291672}],"funding_fees":0.0,"weekday":3},{"pair":"SOL/USDT:USDT","stake_amount":399.399,"max_stake_amount":399.399,"amount":6.37,"open_date":"2025-12-18 14:15:00+00:00","close_date":"2025-12-18 15:00:00+00:00","open_rate":125.4,"close_rate":125.85,"fee_open":0.0005,"fee_close":0.0005,"trade_duration":45,"profit_ratio":0.0051708595463034026,"profit_abs":2.06626875,"exit_reason":"exit_signal","initial_stop_loss_abs":122.89200000000001,"initial_stop_loss_ratio":-0.04,"stop_loss_abs":122.89200000000001,"stop_loss_ratio":-0.04,"min_rate":124.73,"max_rate":127.35,"is_open":false,"enter_tag":"","leverage":2.0,"is_short":false,"open_timestamp":1766067300000,"close_timestamp":1766070000000,"orders":[{"amount":6.37,"safe_price":125.4,"ft_order_side":"buy","order_filled_timestamp":1766067300000,"ft_is_entry":true,"ft_order_tag":"","cost":799.1973989999999},{"amount":6.37,"safe_price":125.85,"ft_order_side":"sell","order_filled_timestamp":1766070000000,"ft_is_entry":false,"ft_order_tag":"exit_signal","cost":802.06533225}],"funding_fees":0.0,"weekday":3},{"pair":"ETH/USDT:USDT","stake_amount":399.57324,"max_stake_amount":399.57324,"amount":0.271,"open_date":"2025-12-18 15:00:00+00:00","close_date":"2025-12-18 15:15:00+00:00","open_rate":2948.88,"close_rate":2936.53,"fee_open":0.0005,"fee_close":0.0005,"trade_duration":15,"profit_ratio":-0.010366690031689762,"profit_abs":-4.14432305,"exit_reason":"exit_signal","initial_stop_loss_abs":2889.9024,"initial_stop_loss_ratio":-0.04,"stop_loss_abs":2889.9024,"stop_loss_ratio":-0.04,"min_rate":2931.3,"max_rate":2971.96,"is_open":false,"enter_tag":"","leverage":2.0,"is_short":false,"open_timestamp":1766070000000,"close_timestamp":1766070900000,"orders":[{"amount":0.271,"safe_price":2948.88,"ft_order_side":"buy","order_filled_timestamp":1766070000000,"ft_is_entry":true,"ft_order_tag":"","cost":799.5460532400001},{"amount":0.271,"safe_price":2936.53,"ft_order_side":"sell","order_filled_timestamp":1766070900000,"ft_is_entry":false,"ft_order_tag":"exit_signal","cost":796.197529815}],"funding_fees":0.0,"weekday":3},{"pair":"ETH/USDT:USDT","stake_amount":398.71164,"max_stake_amount":398.71164,"amount":0.268,"open_date":"2025-12-18 15:45:00+00:00","close_date":"2025-12-18 16:00:00+00:00","open_rate":2975.46,"close_rate":2964.14,"fee_open":0.0005,"fee_close":0.0005,"trade_duration":15,"profit_ratio":-0.009678719865977748,"profit_abs":-3.86094778,"exit_reason":"exit_signal","initial_stop_loss_abs":2915.9508,"initial_stop_loss_ratio":-0.04,"stop_loss_abs":2915.9508,"stop_loss_ratio":-0.04,"min_rate":2946.97,"max_rate":2976.0,"is_open":false,"enter_tag":"","leverage":2.0,"is_short":false,"open_timestamp":1766072700000,"close_timestamp":1766073600000,"orders":[{"amount":0.268,"safe_price":2975.46,"ft_order_side":"buy","order_filled_timestamp":1766072700000,"ft_is_entry":true,"ft_order_tag":"","cost":797.8219916400001},{"amount":0.268,"safe_price":2964.14,"ft_order_side":"sell","order_filled_timestamp":1766073600000,"ft_is_entry":false,"ft_order_tag":"exit_signal","cost":794.78671476}],"funding_fees":-0.031281380973292326,"weekday":3},{"pair":"SOL/USDT:USDT","stake_amount":399.4676,"max_stake_amount":399.4676,"amount":6.23,"open_date":"2025-12-18 15:45:00+00:00","close_date":"2025-12-18 16:00:00+00:00","open_rate":128.24,"close_rate":127.36,"fee_open":0.0005,"fee_close":0.0005,"trade_duration":15,"profit_ratio":-0.015793155597646696,"profit_abs":-6.31200839,"exit_reason":"exit_signal","initial_stop_loss_abs":125.6752,"initial_stop_loss_ratio":-0.04,"stop_loss_abs":125.6752,"stop_loss_ratio":-0.04,"min_rate":126.66,"max_rate":128.28,"is_open":false,"enter_tag":"","leverage":2.0,"is_short":false,"open_timestamp":1766072700000,"close_timestamp":1766073600000,"orders":[{"amount":6.23,"safe_price":128.24,"ft_order_side":"buy","order_filled_timestamp":1766072700000,"ft_is_entry":true,"ft_order_tag":"","cost":799.3346676000001},{"amount":6.23,"safe_price":127.36,"ft_order_side":"sell","order_filled_timestamp":1766073600000,"ft_is_entry":false,"ft_order_tag":"exit_signal","cost":793.8495264}],"funding_fees":-0.03341439480494509,"weekday":3},{"pair":"DOGE/USDT:USDT","stake_amount":399.55825,"max_stake_amount":399.55825,"amount":6370.0,"open_date":"2025-12-19 04:00:00+00:00","close_date":"2025-12-19 05:30:00+00:00","open_rate":0.12545,"close_rate":0.12549,"fee_open":0.0005,"fee_close":0.0005,"trade_duration":90,"profit_ratio":-0.0013619336206747163,"profit_abs":-0.5444439,"exit_reason":"exit_signal","initial_stop_loss_abs":0.12295,"initial_stop_loss_ratio":-0.04,"stop_loss_abs":0.12295,"stop_loss_ratio":-0.04,"min_rate":0.12531,"max_rate":0.12641,"is_open":false,"enter_tag":"","leverage":2.0,"is_short":false,"open_timestamp":1766116800000,"close_timestamp":1766122200000,"orders":[{"amount":6370.0,"safe_price":0.12545,"ft_order_side":"buy","order_filled_timestamp":1766116800000,"ft_is_entry":true,"ft_order_tag":"","cost":799.51605825},{"amount":6370.0,"safe_price":0.12549,"ft_order_side":"sell","order_filled_timestamp":1766122200000,"ft_is_entry":false,"ft_order_tag":"exit_signal","cost":799.7709856499998}],"funding_fees":0.0,"weekday":4},{"pair":"DOGE/USDT:USDT","stake_amount":399.37565,"max_stake_amount":399.37565,"amount":6070.0,"open_date":"2025-12-19 16:45:00+00:00","close_date":"2025-12-19 17:00:00+00:00","open_rate":0.13159,"close_rate":0.13098,"fee_open":0.0005,"fee_close":0.0005,"trade_duration":15,"profit_ratio":-0.011260955129244406,"profit_abs":-4.49959995,"exit_reason":"exit_signal","initial_stop_loss_abs":0.12896,"initial_stop_loss_ratio":-0.04,"stop_loss_abs":0.12896,"stop_loss_ratio":-0.04,"min_rate":0.13078,"max_rate":0.1318,"is_open":false,"enter_tag":"","leverage":2.0,"is_short":false,"open_timestamp":1766162700000,"close_timestamp":1766163600000,"orders":[{"amount":6070.0,"safe_price":0.13159,"ft_order_side":"buy","order_filled_timestamp":1766162700000,"ft_is_entry":true,"ft_order_tag":"","cost":799.15067565},{"amount":6070.0,"safe_price":0.13098,"ft_order_side":"sell","order_filled_timestamp":1766163600000,"ft_is_entry":false,"ft_order_tag":"exit_signal","cost":795.4461243000001}],"funding_fees":0.0,"weekday":4},{"pair":"DOGE/USDT:USDT","stake_amount":399.4624,"max_stake_amount":399.4624,"amount":6640.0,"open_date":"2026-01-01 10:00:00+00:00","close_date":"2026-01-01 11:00:00+00:00","open_rate":0.12032,"close_rate":0.12048,"fee_open":0.0005,"fee_close":0.0005,"trade_duration":60,"profit_ratio":0.0006579157229895692,"profit_abs":0.262944,"exit_reason":"exit_signal","initial_stop_loss_abs":0.11792,"initial_stop_loss_ratio":-0.04,"stop_loss_abs":0.11792,"stop_loss_ratio":-0.04,"min_rate":0.12015,"max_rate":0.12071,"is_open":false,"enter_tag":"","leverage":2.0,"is_short":false,"open_timestamp":1767261600000,"close_timestamp":1767265200000,"orders":[{"amount":6640.0,"safe_price":0.12032,"ft_order_side":"buy","order_filled_timestamp":1767261600000,"ft_is_entry":true,"ft_order_tag":"","cost":799.3242624},{"amount":6640.0,"safe_price":0.12048,"ft_order_side":"sell","order_filled_timestamp":1767265200000,"ft_is_entry":false,"ft_order_tag":"exit_signal","cost":800.3871935999999}],"funding_fees":0.0,"weekday":3},{"pair":"DOGE/USDT:USDT","stake_amount":399.7512,"max_stake_amount":399.7512,"amount":5970.0,"open_date":"2026-01-02 15:00:00+00:00","close_date":"2026-01-02 15:30:00+00:00","open_rate":0.13392,"close_rate":0.136063791895948,"fee_open":0.0005,"fee_close":0.0005,"trade_duration":30,"profit_ratio":0.02998500749625187,"profit_abs":11.992536,"exit_reason":"roi","initial_stop_loss_abs":0.13125,"initial_stop_loss_ratio":-0.04,"stop_loss_abs":0.13487,"stop_loss_ratio":-0.02,"min_rate":0.13298,"max_rate":0.13623,"is_open":false,"enter_tag":"","leverage":2.0,"is_short":false,"open_timestamp":1767366000000,"close_timestamp":1767367800000,"orders":[{"amount":5970.0,"safe_price":0.13392,"ft_order_side":"buy","order_filled_timestamp":1767366000000,"ft_is_entry":true,"ft_order_tag":"","cost":799.9021512},{"amount":5970.0,"safe_price":0.136063791895948,"ft_order_side":"sell","order_filled_timestamp":1767367800000,"ft_is_entry":false,"ft_order_tag":"roi","cost":812.7069880376189}],"funding_fees":0.0,"weekday":4},{"pair":"ETH/USDT:USDT","stake_amount":398.8675,"max_stake_amount":398.8675,"amount":0.25,"open_date":"2026-01-05 02:15:00+00:00","close_date":"2026-01-05 02:30:00+00:00","open_rate":3190.94,"close_rate":3184.09,"fee_open":0.0005,"fee_close":0.0005,"trade_duration":15,"profit_ratio":-0.006288114944577265,"profit_abs":-2.50937875,"exit_reason":"exit_signal","initial_stop_loss_abs":3127.1212,"initial_stop_loss_ratio":-0.04,"stop_loss_abs":3127.1212,"stop_loss_ratio":-0.04,"min_rate":3181.26,"max_rate":3195.7,"is_open":false,"enter_tag":"","leverage":2.0,"is_short":false,"open_timestamp":1767579300000,"close_timestamp":1767580200000,"orders":[{"amount":0.25,"safe_price":3190.94,"ft_order_side":"buy","order_filled_timestamp":1767579300000,"ft_is_entry":true,"ft_order_tag":"","cost":798.1338675},{"amount":0.25,"safe_price":3184.09,"ft_order_side":"sell","order_filled_timestamp":1767580200000,"ft_is_entry":false,"ft_order_tag":"exit_signal","cost":796.42051125}],"funding_fees":0.0,"weekday":0},{"pair":"DOGE/USDT:USDT","stake_amount":399.9717,"max_stake_amount":399.9717,"amount":5210.0,"open_date":"2026-01-06 14:45:00+00:00","close_date":"2026-01-06 15:15:00+00:00","open_rate":0.15354,"close_rate":0.15245,"fee_open":0.0005,"fee_close":0.0005,"trade_duration":30,"profit_ratio":-0.01618306386731084,"profit_abs":-6.47600395,"exit_reason":"exit_signal","initial_stop_loss_abs":0.15047,"initial_stop_loss_ratio":-0.04,"stop_loss_abs":0.15047,"stop_loss_ratio":-0.04,"min_rate":0.15186,"max_rate":0.15404,"is_open":false,"enter_tag":"","leverage":2.0,"is_short":false,"open_timestamp":1767710700000,"close_timestamp":1767712500000,"orders":[{"amount":5210.0,"safe_price":0.15354,"ft_order_side":"buy","order_filled_timestamp":1767710700000,"ft_is_entry":true,"ft_order_tag":"","cost":800.3433716999999},{"amount":5210.0,"safe_price":0.15245,"ft_order_side":"sell","order_filled_timestamp":1767712500000,"ft_is_entry":false,"ft_order_tag":"exit_signal","cost":794.6616322499999}],"funding_fees":0.0,"weekday":1},{"pair":"SOL/USDT:USDT","stake_amount":399.9606,"max_stake_amount":399.9606,"amount":5.64,"open_date":"2026-01-06 15:45:00+00:00","close_date":"2026-01-06 16:00:00+00:00","open_rate":141.83,"close_rate":141.54,"fee_open":0.0005,"fee_close":0.0005,"trade_duration":15,"profit_ratio":-0.006110347496414804,"profit_abs":-2.4451202,"exit_reason":"exit_signal","initial_stop_loss_abs":138.9934,"initial_stop_loss_ratio":-0.04,"stop_loss_abs":138.9934,"stop_loss_ratio":-0.04,"min_rate":140.45,"max_rate":142.31,"is_open":false,"enter_tag":"","leverage":2.0,"is_short":false,"open_timestamp":1767714300000,"close_timestamp":1767715200000,"orders":[{"amount":5.64,"safe_price":141.83,"ft_order_side":"buy","order_filled_timestamp":1767714300000,"ft_is_entry":true,"ft_order_tag":"","cost":800.3211606},{"amount":5.64,"safe_price":141.54,"ft_order_side":"sell","order_filled_timestamp":1767715200000,"ft_is_entry":false,"ft_order_tag":"exit_signal","cost":798.6847427999999}],"funding_fees":-0.010416798527481303,"weekday":1},{"pair":"DOGE/USDT:USDT","stake_amount":399.5935,"max_stake_amount":399.5935,"amount":5300.0,"open_date":"2026-01-07 09:15:00+00:00","close_date":"2026-01-07 09:45:00+00:00","open_rate":0.15079,"close_rate":0.14922,"fee_open":0.0005,"fee_close":0.0005,"trade_duration":30,"profit_ratio":-0.02280184929088609,"profit_abs":-9.1160265,"exit_reason":"exit_signal","initial_stop_loss_abs":0.14778,"initial_stop_loss_ratio":-0.04,"stop_loss_abs":0.14778,"stop_loss_ratio":-0.04,"min_rate":0.1482,"max_rate":0.15124,"is_open":false,"enter_tag":"","leverage":2.0,"is_short":false,"open_timestamp":1767777300000,"close_timestamp":1767779100000,"orders":[{"amount":5300.0,"safe_price":0.15079,"ft_order_side":"buy","order_filled_timestamp":1767777300000,"ft_is_entry":true,"ft_order_tag":"","cost":799.5865934999999},{"amount":5300.0,"safe_price":0.14922,"ft_order_side":"sell","order_filled_timestamp":1767779100000,"ft_is_entry":false,"ft_order_tag":"exit_signal","cost":791.2614329999999}],"funding_fees":0.0,"weekday":2},{"pair":"SOL/USDT:USDT","stake_amount":399.504,"max_stake_amount":399.504,"amount":5.8,"open_date":"2026-01-08 17:15:00+00:00","close_date":"2026-01-08 18:45:00+00:00","open_rate":137.76,"close_rate":138.17,"fee_open":0.0005,"fee_close":0.0005,"trade_duration":90,"profit_ratio":0.003947431046381571,"profit_abs":1.577803,"exit_reason":"exit_signal","initial_stop_loss_abs":135.0048,"initial_stop_loss_ratio":-0.04,"stop_loss_abs":135.0048,"stop_loss_ratio":-0.04,"min_rate":137.18,"max_rate":139.02,"is_open":false,"enter_tag":"","leverage":2.0,"is_short":false,"open_timestamp":1767892500000,"close_timestamp":1767897900000,"orders":[{"amount":5.8,"safe_price":137.76,"ft_order_side":"buy","order_filled_timestamp":1767892500000,"ft_is_entry":true,"ft_order_tag":"","cost":799.4075039999999},{"amount":5.8,"safe_price":138.17,"ft_order_side":"sell","order_filled_timestamp":1767897900000,"ft_is_entry":false,"ft_order_tag":"exit_signal","cost":801.7866929999998}],"funding_fees":0.0,"weekday":3},{"pair":"SOL/USDT:USDT","stake_amount":399.38595,"max_stake_amount":399.38595,"amount":5.71,"open_date":"2026-01-08 22:15:00+00:00","close_date":"2026-01-08 22:45:00+00:00","open_rate":139.89,"close_rate":138.56,"fee_open":0.0005,"fee_close":0.0005,"trade_duration":30,"profit_ratio":-0.02099493537240244,"profit_abs":-8.38927475,"exit_reason":"exit_signal","initial_stop_loss_abs":137.0922,"initial_stop_loss_ratio":-0.04,"stop_loss_abs":137.0922,"stop_loss_ratio":-0.04,"min_rate":138.2,"max_rate":139.96,"is_open":false,"enter_tag":"","leverage":2.0,"is_short":false,"open_timestamp":1767910500000,"close_timestamp":1767912300000,"orders":[{"amount":5.71,"safe_price":139.89,"ft_order_side":"buy","order_filled_timestamp":1767910500000,"ft_is_entry":true,"ft_order_tag":"","cost":799.17128595},{"amount":5.71,"safe_price":138.56,"ft_order_side":"sell","order_filled_timestamp":1767912300000,"ft_is_entry":false,"ft_order_tag":"exit_signal","cost":791.5731887999999}],"funding_fees":0.0,"weekday":3},{"pair":"SOL/USDT:USDT","stake_amount":399.61435,"max_stake_amount":399.61435,"amount":5.71,"open_date":"2026-01-11 17:00:00+00:00","close_date":"2026-01-11 17:30:00+00:00","open_rate":139.97,"close_rate":139.46,"fee_open":0.0005,"fee_close":0.0005,"trade_duration":30,"profit_ratio":-0.009278992710546205,"profit_abs":-3.70987265,"exit_reason":"exit_signal","initial_stop_loss_abs":137.1706,"initial_stop_loss_ratio":-0.04,"stop_loss_abs":137.1706,"stop_loss_ratio":-0.04,"min_rate":138.69,"max_rate":140.18,"is_open":false,"enter_tag":"","leverage":2.0,"is_short":false,"open_timestamp":1768150800000,"close_timestamp":1768152600000,"orders":[{"amount":5.71,"safe_price":139.97,"ft_order_side":"buy","order_filled_timestamp":1768150800000,"ft_is_entry":true,"ft_order_tag":"","cost":799.62831435},{"amount":5.71,"safe_price":139.46,"ft_order_side":"sell","order_filled_timestamp":1768152600000,"ft_is_entry":false,"ft_order_tag":"exit_signal","cost":796.7147583}],"funding_fees":0.0,"weekday":6},{"pair":"SOL/USDT:USDT","stake_amount":399.735,"max_stake_amount":399.735,"amount":5.64,"open_date":"2026-01-12 01:30:00+00:00","close_date":"2026-01-12 03:00:00+00:00","open_rate":141.75,"close_rate":143.3100300150075,"fee_open":0.0005,"fee_close":0.0005,"trade_duration":90,"profit_ratio":0.01999000499750125,"profit_abs":7.9947,"exit_reason":"roi","initial_stop_loss_abs":138.915,"initial_stop_loss_ratio":-0.04,"stop_loss_abs":142.75799999999998,"stop_loss_ratio":-0.02,"min_rate":140.6,"max_rate":144.2,"is_open":false,"enter_tag":"","leverage":2.0,"is_short":false,"open_timestamp":1768181400000,"close_timestamp":1768186800000,"orders":[{"amount":5.64,"safe_price":141.75,"ft_order_side":"buy","order_filled_timestamp":1768181400000,"ft_is_entry":true,"ft_order_tag":"","cost":799.8697349999999},{"amount":5.64,"safe_price":143.3100300150075,"ft_order_side":"sell","order_filled_timestamp":1768186800000,"ft_is_entry":false,"ft_order_tag":"roi","cost":808.6727035692845}],"funding_fees":0.0,"weekday":0},{"pair":"DOGE/USDT:USDT","stake_amount":399.3192,"max_stake_amount":399.3192,"amount":5320.0,"open_date":"2026-01-14 16:30:00+00:00","close_date":"2026-01-14 17:00:00+00:00","open_rate":0.15012,"close_rate":0.14969,"fee_open":0.0005,"fee_close":0.0005,"trade_duration":30,"profit_ratio":-0.007722024945427633,"profit_abs":-3.0850946,"exit_reason":"exit_signal","initial_stop_loss_abs":0.14712,"initial_stop_loss_ratio":-0.04,"stop_loss_abs":0.14712,"stop_loss_ratio":-0.04,"min_rate":0.14928,"max_rate":0.15127,"is_open":false,"enter_tag":"","leverage":2.0,"is_short":false,"open_timestamp":1768408200000,"close_timestamp":1768410000000,"orders":[{"amount":5320.0,"safe_price":0.15012,"ft_order_side":"buy","order_filled_timestamp":1768408200000,"ft_is_entry":true,"ft_order_tag":"","cost":799.0377192},{"amount":5320.0,"safe_price":0.14969,"ft_order_side":"sell","order_filled_timestamp":1768410000000,"ft_is_entry":false,"ft_order_tag":"exit_signal","cost":796.7489753999998}],"funding_fees":0.0,"weekday":2},{"pair":"SOL/USDT:USDT","stake_amount":399.6437,"max_stake_amount":399.6437,"amount":5.42,"open_date":"2026-01-14 16:45:00+00:00","close_date":"2026-01-14 17:00:00+00:00","open_rate":147.47,"close_rate":147.02,"fee_open":0.0005,"fee_close":0.0005,"trade_duration":15,"profit_ratio":-0.008095836803914446,"profit_abs":-3.2370679,"exit_reason":"exit_signal","initial_stop_loss_abs":144.5206,"initial_stop_loss_ratio":-0.04,"stop_loss_abs":144.5206,"stop_loss_ratio":-0.04,"min_rate":146.64,"max_rate":147.84,"is_open":false,"enter_tag":"","leverage":2.0,"is_short":false,"open_timestamp":1768409100000,"close_timestamp":1768410000000,"orders":[{"amount":5.42,"safe_price":147.47,"ft_order_side":"buy","order_filled_timestamp":1768409100000,"ft_is_entry":true,"ft_order_tag":"","cost":799.6870436999999},{"amount":5.42,"safe_price":147.02,"ft_order_side":"sell","order_filled_timestamp":1768410000000,"ft_is_entry":false,"ft_order_tag":"exit_signal","cost":797.2468242}],"funding_fees":0.0,"weekday":2},{"pair":"ETH/USDT:USDT","stake_amount":399.20043,"max_stake_amount":399.20043,"amount":0.237,"open_date":"2026-01-14 17:00:00+00:00","close_date":"2026-01-14 17:30:00+00:00","open_rate":3368.78,"close_rate":3369.2,"fee_open":0.0005,"fee_close":0.0005,"trade_duration":30,"profit_ratio":-0.0017499012947589693,"profit_abs":-0.69891063,"exit_reason":"exit_signal","initial_stop_loss_abs":3301.4044000000004,"initial_stop_loss_ratio":-0.04,"stop_loss_abs":3301.4044000000004,"stop_loss_ratio":-0.04,"min_rate":3336.3,"max_rate":3379.99,"is_open":false,"enter_tag":"","leverage":2.0,"is_short":false,"open_timestamp":1768410000000,"close_timestamp":1768411800000,"orders":[{"amount":0.237,"safe_price":3368.78,"ft_order_side":"buy","order_filled_timestamp":1768410000000,"ft_is_entry":true,"ft_order_tag":"","cost":798.8000604299999},{"amount":0.237,"safe_price":3369.2,"ft_order_side":"sell","order_filled_timestamp":1768411800000,"ft_is_entry":false,"ft_order_tag":"exit_signal","cost":798.8996501999999}],"funding_fees":0.0,"weekday":2},{"pair":"BTC/USDT:USDT","stake_amount":398.66432,"max_stake_amount":398.66432,"amount":0.0082,"open_date":"2026-01-14 17:00:00+00:00","close_date":"2026-01-14 18:00:00+00:00","open_rate":97235.2,"close_rate":96895.5,"fee_open":0.0005,"fee_close":0.0005,"trade_duration":60,"profit_ratio":-0.008979198406786206,"profit_abs":-3.58147587,"exit_reason":"exit_signal","initial_stop_loss_abs":95290.496,"initial_stop_loss_ratio":-0.04,"stop_loss_abs":95290.496,"stop_loss_ratio":-0.04,"min_rate":96630.5,"max_rate":97722.6,"is_open":false,"enter_tag":"","leverage":2.0,"is_short":false,"open_timestamp":1768410000000,"close_timestamp":1768413600000,"orders":[{"amount":0.0082,"safe_price":97235.2,"ft_order_side":"buy","order_filled_timestamp":1768410000000,"ft_is_entry":true,"ft_order_tag":"","cost":797.72730432},{"amount":0.0082,"safe_price":96895.5,"ft_order_side":"sell","order_filled_timestamp":1768413600000,"ft_is_entry":false,"ft_order_tag":"exit_signal","cost":794.94037155}],"funding_fees":0.0,"weekday":2},{"pair":"DOGE/USDT:USDT","stake_amount":399.62565,"max_stake_amount":399.62565,"amount":8370.0,"open_date":"2026-02-13 15:45:00+00:00","close_date":"2026-02-13 16:45:00+00:00","open_rate":0.09549,"close_rate":0.09656,"fee_open":0.0005,"fee_close":0.0005,"trade_duration":60,"profit_ratio":0.020336704902556256,"profit_abs":8.13113245,"exit_reason":"roi","initial_stop_loss_abs":0.09359,"initial_stop_loss_ratio":-0.04,"stop_loss_abs":0.09359,"stop_loss_ratio":-0.04,"min_rate":0.0949,"max_rate":0.09686,"is_open":false,"enter_tag":"","leverage":2.0,"is_short":false,"open_timestamp":1770997500000,"close_timestamp":1771001100000,"orders":[{"amount":8370.0,"safe_price":0.09549,"ft_order_side":"buy","order_filled_timestamp":1770997500000,"ft_is_entry":true,"ft_order_tag":"","cost":799.65092565},{"amount":8370.0,"safe_price":0.09656,"ft_order_side":"sell","order_filled_timestamp":1771001100000,"ft_is_entry":false,"ft_order_tag":"roi","cost":808.6113036}],"funding_fees":-0.02103829746988349,"weekday":4},{"pair":"DOGE/USDT:USDT","stake_amount":399.54645,"max_stake_amount":399.54645,"amount":7110.0,"open_date":"2026-02-15 01:45:00+00:00","close_date":"2026-02-15 02:00:00+00:00","open_rate":0.11239,"close_rate":0.11343,"fee_open":0.0005,"fee_close":0.0005,"trade_duration":15,"profit_ratio":0.01648948637168203,"profit_abs":6.5916099,"exit_reason":"trailing_stop_loss","initial_stop_loss_abs":0.11015,"initial_stop_loss_ratio":-0.04,"stop_loss_abs":0.11343,"stop_loss_ratio":-0.02,"min_rate":0.11186,"max_rate":0.11457,"is_open":false,"enter_tag":"","leverage":2.0,"is_short":false,"open_timestamp":1771119900000,"close_timestamp":1771120800000,"orders":[{"amount":7110.0,"safe_price":0.11239,"ft_order_side":"buy","order_filled_timestamp":1771119900000,"ft_is_entry":true,"ft_order_tag":"","cost":799.49244645},{"amount":7110.0,"safe_price":0.11343,"ft_order_side":"sell","order_filled_timestamp":1771120800000,"ft_is_entry":false,"ft_order_tag":"trailing_stop_loss","cost":806.8905436499999}],"funding_fees":0.0,"weekday":6},{"pair":"DOGE/USDT:USDT","stake_amount":399.8784,"max_stake_amount":399.8784,"amount":7080.0,"open_date":"2026-02-15 02:15:00+00:00","close_date":"2026-02-15 02:30:00+00:00","open_rate":0.11296,"close_rate":0.11232,"fee_open":0.0005,"fee_close":0.0005,"trade_duration":15,"profit_ratio":-0.01331911947708865,"profit_abs":-5.3286912,"exit_reason":"exit_signal","initial_stop_loss_abs":0.11071,"initial_stop_loss_ratio":-0.04,"stop_loss_abs":0.11071,"stop_loss_ratio":-0.04,"min_rate":0.11186,"max_rate":0.11355,"is_open":false,"enter_tag":"","leverage":2.0,"is_short":false,"open_timestamp":1771121700000,"close_timestamp":1771122600000,"orders":[{"amount":7080.0,"safe_price":0.11296,"ft_order_side":"buy","order_filled_timestamp":1771121700000,"ft_is_entry":true,"ft_order_tag":"","cost":800.1566783999999},{"amount":7080.0,"safe_price":0.11232,"ft_order_side":"sell","order_filled_timestamp":1771122600000,"ft_is_entry":false,"ft_order_tag":"exit_signal","cost":795.6232127999999}],"funding_fees":0.0,"weekday":6},{"pair":"DOGE/USDT:USDT","stake_amount":399.9996,"max_stake_amount":399.9996,"amount":7020.0,"open_date":"2026-02-15 03:15:00+00:00","close_date":"2026-02-15 04:00:00+00:00","open_rate":0.11396,"close_rate":0.11578427213606803,"fee_open":0.0005,"fee_close":0.0005,"trade_duration":45,"profit_ratio":0.029985007496251874,"profit_abs":11.999988,"exit_reason":"roi","initial_stop_loss_abs":0.11169,"initial_stop_loss_ratio":-0.04,"stop_loss_abs":0.11637,"stop_loss_ratio":-0.02,"min_rate":0.11262,"max_rate":0.11754,"is_open":false,"enter_tag":"","leverage":2.0,"is_short":false,"open_timestamp":1771125300000,"close_timestamp":1771128000000,"orders":[{"amount":7020.0,"safe_price":0.11396,"ft_order_side":"buy","order_filled_timestamp":1771125300000,"ft_is_entry":true,"ft_order_tag":"","cost":800.3991996000001},{"amount":7020.0,"safe_price":0.11578427213606803,"ft_order_side":"sell","order_filled_timestamp":1771128000000,"ft_is_entry":false,"ft_order_tag":"roi","cost":813.2119931903951}],"funding_fees":0.0,"weekday":6}],"locks":[],"best_pair":{"key":"DOGE/USDT:USDT","trades":14,"profit_mean":-0.0011465637248806765,"profit_mean_pct":-0.11,"profit_total_abs":-6.411017760000002,"profit_total":-0.006411017760000002,"profit_total_pct":-0.64,"duration_avg":"0:36:00","wins":5,"draws":0,"losses":9,"winrate":0.35714285714285715,"cagr":-0.025746693254324438,"expectancy":-0.45792983999999937,"expectancy_ratio":-0.09080058709110306,"sortino":-0.4428578646823678,"sharpe":-0.19131531864802379,"calmar":-4.894486268881515,"sqn":-0.2321,"profit_factor":0.8587546423027287,"max_drawdown_account":0.027805056909999962,"max_drawdown_abs":27.80505691},"worst_pair":{"key":"SOL/USDT:USDT","trades":16,"profit_mean":-0.009709769444514276,"profit_mean_pct":-0.97,"profit_total_abs":-62.11258960000001,"profit_total":-0.062112589600000004,"profit_total_pct":-6.21,"duration_avg":"0:46:00","wins":4,"draws":0,"losses":12,"winrate":0.25,"cagr":-0.2289977563972878,"expectancy":-3.8820368499999995,"expectancy_ratio":-0.6044794338715077,"sortino":-2.5694652422709376,"sharpe":-2.0663636007847757,"calmar":-19.717452168987172,"sqn":-2.3563,"profit_factor":0.1940274215046564,"max_drawdown_account":0.0668702217,"max_drawdown_abs":66.87022169999999},"results_per_pair":[{"key":"DOGE/USDT:USDT","trades":14,"profit_mean":-0.0011465637248806765,"profit_mean_pct":-0.11,"profit_total_abs":-6.411017760000002,"profit_total":-0.006411017760000002,"profit_total_pct":-0.64,"duration_avg":"0:36:00","wins":5,"draws":0,"losses":9,"winrate":0.35714285714285715,"cagr":-0.025746693254324438,"expectancy":-0.45792983999999937,"expectancy_ratio":-0.09080058709110306,"sortino":-0.4428578646823678,"sharpe":-0.19131531864802379,"calmar":-4.894486268881515,"sqn":-0.2321,"profit_factor":0.8587546423027287,"max_drawdown_account":0.027805056909999962,"max_drawdown_abs":27.80505691},{"key":"ETH/USDT:USDT","trades":8,"profit_mean":-0.004952705242975992,"profit_mean_pct":-0.5,"profit_total_abs":-15.83995028,"profit_total":-0.01583995028,"profit_total_pct":-1.58,"duration_avg":"0:36:00","wins":2,"draws":0,"losses":6,"winrate":0.25,"cagr":-0.06270200212272081,"expectancy":-1.9799937849999996,"expectancy_ratio":-0.5570087164640614,"sortino":-1.5963654648006151,"sharpe":-0.9990313644379415,"calmar":-19.70507891298298,"sqn":-1.5564,"profit_factor":0.25732171138125143,"max_drawdown_account":0.01706394954890453,"max_drawdown_abs":17.0851984},{"key":"BTC/USDT:USDT","trades":2,"profit_mean":-0.022404538844626974,"profit_mean_pct":-2.24,"profit_total_abs":-17.88847752,"profit_total":-0.017888477519999998,"profit_total_pct":-1.79,"duration_avg":"0:38:00","wins":0,"draws":0,"losses":2,"winrate":0.0,"cagr":-0.07058920015015002,"expectancy":-8.94423876,"expectancy_ratio":-1.0,"sortino":-0.7080904007528019,"sharpe":-0.7080904007528019,"calmar":-21.227747971714177,"sqn":-1.6678,"profit_factor":0.0,"max_drawdown_account":0.017888477520000036,"max_drawdown_abs":17.88847752},{"key":"SOL/USDT:USDT","trades":16,"profit_mean":-0.009709769444514276,"profit_mean_pct":-0.97,"profit_total_abs":-62.11258960000001,"profit_total":-0.062112589600000004,"profit_total_pct":-6.21,"duration_avg":"0:46:00","wins":4,"draws":0,"losses":12,"winrate":0.25,"cagr":-0.2289977563972878,"expectancy":-3.8820368499999995,"expectancy_ratio":-0.6044794338715077,"sortino":-2.5694652422709376,"sharpe":-2.0663636007847757,"calmar":-19.717452168987172,"sqn":-2.3563,"profit_factor":0.1940274215046564,"max_drawdown_account":0.0668702217,"max_drawdown_abs":66.87022169999999},{"key":"TOTAL","trades":40,"profit_mean":-0.006395973072340496,"profit_mean_pct":-0.64,"profit_total_abs":-102.25203515999999,"profit_total":-0.10225203515999999,"profit_total_pct":-10.23,"duration_avg":"0:40:00","wins":11,"draws":0,"losses":29,"winrate":0.275,"cagr":-0.3543231948723933,"expectancy":-2.556300879,"expectancy_ratio":-0.4585399729619255,"sortino":-5.0140710114097145,"sharpe":-3.3472513316132413,"calmar":-17.554786466809748,"sqn":-2.4618,"profit_factor":0.3675310717766545,"max_drawdown_account":0.12364607431000002,"max_drawdown_abs":123.64607431000002}],"results_per_enter_tag":[{"key":"","trades":40,"profit_mean":-0.006395973072340496,"profit_mean_pct":-0.64,"profit_total_abs":-102.25203515999999,"profit_total":-0.10225203515999999,"profit_total_pct":-10.23,"duration_avg":"0:40:00","wins":11,"draws":0,"losses":29,"winrate":0.275,"cagr":-0.3543231948723933,"expectancy":-2.556300879,"expectancy_ratio":-0.4585399729619255,"sortino":-5.0140710114097145,"sharpe":-3.3472513316132413,"calmar":-17.554786466809748,"sqn":-2.4618,"profit_factor":0.3675310717766545,"max_drawdown_account":0.12364607431000002,"max_drawdown_abs":123.64607431000002},{"key":"TOTAL","trades":40,"profit_mean":-0.006395973072340496,"profit_mean_pct":-0.64,"profit_total_abs":-102.25203515999999,"profit_total":-0.10225203515999999,"profit_total_pct":-10.23,"duration_avg":"0:40:00","wins":11,"draws":0,"losses":29,"winrate":0.275,"cagr":-0.3543231948723933,"expectancy":-2.556300879,"expectancy_ratio":-0.4585399729619255,"sortino":-5.0140710114097145,"sharpe":-3.3472513316132413,"calmar":-17.554786466809748,"sqn":-2.4618,"profit_factor":0.3675310717766545,"max_drawdown_account":0.12364607431000002,"max_drawdown_abs":123.64607431000002}],"exit_reason_summary":[{"key":"roi","trades":4,"profit_mean":0.025074181223140313,"profit_mean_pct":2.51,"profit_total_abs":40.11835645,"profit_total":0.04011835645,"profit_total_pct":4.01,"duration_avg":"0:56:00","wins":4,"draws":0,"losses":0,"winrate":1.0,"cagr":0.1729515851485499,"expectancy":10.0295891125,"expectancy_ratio":100.0,"sortino":-100,"sharpe":4.328963728151496,"calmar":-100,"sqn":8.8304,"profit_factor":0.0,"max_drawdown_account":0.0,"max_drawdown_abs":0.0},{"key":"trailing_stop_loss","trades":2,"profit_mean":0.013558090220016878,"profit_mean_pct":1.36,"profit_total_abs":10.83455657,"profit_total":0.01083455657,"profit_total_pct":1.08,"duration_avg":"0:15:00","wins":2,"draws":0,"losses":0,"winrate":1.0,"cagr":0.0446728932289322,"expectancy":5.417278285,"expectancy_ratio":100.0,"sortino":-100,"sharpe":1.9585033164013088,"calmar":-100,"sqn":4.6131,"profit_factor":0.0,"max_drawdown_account":0.0,"max_drawdown_abs":0.0},{"key":"stop_loss","trades":2,"profit_mean":-0.041959020486005194,"profit_mean_pct":-4.2,"profit_total_abs":-33.55099742,"profit_total":-0.03355099742,"profit_total_pct":-3.36,"duration_avg":"0:08:00","wins":0,"draws":0,"losses":2,"winrate":0.0,"cagr":-0.12925221844217238,"expectancy":-16.77549871,"expectancy_ratio":-1.0,"sortino":-844.3704466258582,"sharpe":-844.3704466258582,"calmar":-21.22774797171419,"sqn":-1988.8366,"profit_factor":0.0,"max_drawdown_account":0.03355099742000005,"max_drawdown_abs":33.55099742},{"key":"exit_signal","trades":32,"profit_mean":-0.009354180851693887,"profit_mean_pct":-0.94,"profit_total_abs":-119.65395076,"profit_total":-0.11965395076,"profit_total_pct":-11.97,"duration_avg":"0:42:00","wins":5,"draws":0,"losses":27,"winrate":0.15625,"cagr":-0.4035983060856593,"expectancy":-3.7391859612499996,"expectancy_ratio":-0.78799430774496,"sortino":-7.973763870303619,"sharpe":-6.744307438654511,"calmar":-21.227747971714212,"sqn":-5.528,"profit_factor":0.06608082045041772,"max_drawdown_account":0.11965395076000004,"max_drawdown_abs":119.65395076},{"key":"TOTAL","trades":40,"profit_mean":-0.006395973072340496,"profit_mean_pct":-0.64,"profit_total_abs":-102.25203515999999,"profit_total":-0.10225203515999999,"profit_total_pct":-10.23,"duration_avg":"0:40:00","wins":11,"draws":0,"losses":29,"winrate":0.275,"cagr":-0.3543231948723933,"expectancy":-2.556300879,"expectancy_ratio":-0.4585399729619255,"sortino":-5.0140710114097145,"sharpe":-3.3472513316132413,"calmar":-17.554786466809748,"sqn":-2.4618,"profit_factor":0.3675310717766545,"max_drawdown_account":0.12364607431000002,"max_drawdown_abs":123.64607431000002}],"mix_tag_stats":[{"key":["","roi"],"trades":4,"profit_mean":0.025074181223140313,"profit_mean_pct":2.51,"profit_total_abs":40.11835645,"profit_total":0.04011835645,"profit_total_pct":4.01,"duration_avg":"0:56:00","wins":4,"draws":0,"losses":0,"winrate":1.0,"cagr":0.1729515851485499,"expectancy":10.0295891125,"expectancy_ratio":100.0,"sortino":-100,"sharpe":4.328963728151496,"calmar":-100,"sqn":8.8304,"profit_factor":0.0,"max_drawdown_account":0.0,"max_drawdown_abs":0.0},{"key":["","trailing_stop_loss"],"trades":2,"profit_mean":0.013558090220016878,"profit_mean_pct":1.36,"profit_total_abs":10.83455657,"profit_total":0.01083455657,"profit_total_pct":1.08,"duration_avg":"0:15:00","wins":2,"draws":0,"losses":0,"winrate":1.0,"cagr":0.0446728932289322,"expectancy":5.417278285,"expectancy_ratio":100.0,"sortino":-100,"sharpe":1.9585033164013088,"calmar":-100,"sqn":4.6131,"profit_factor":0.0,"max_drawdown_account":0.0,"max_drawdown_abs":0.0},{"key":["","stop_loss"],"trades":2,"profit_mean":-0.041959020486005194,"profit_mean_pct":-4.2,"profit_total_abs":-33.55099742,"profit_total":-0.03355099742,"profit_total_pct":-3.36,"duration_avg":"0:08:00","wins":0,"draws":0,"losses":2,"winrate":0.0,"cagr":-0.12925221844217238,"expectancy":-16.77549871,"expectancy_ratio":-1.0,"sortino":-844.3704466258582,"sharpe":-844.3704466258582,"calmar":-21.22774797171419,"sqn":-1988.8366,"profit_factor":0.0,"max_drawdown_account":0.03355099742000005,"max_drawdown_abs":33.55099742},{"key":["","exit_signal"],"trades":32,"profit_mean":-0.009354180851693887,"profit_mean_pct":-0.94,"profit_total_abs":-119.65395076,"profit_total":-0.11965395076,"profit_total_pct":-11.97,"duration_avg":"0:42:00","wins":5,"draws":0,"losses":27,"winrate":0.15625,"cagr":-0.4035983060856593,"expectancy":-3.7391859612499996,"expectancy_ratio":-0.78799430774496,"sortino":-7.973763870303619,"sharpe":-6.744307438654511,"calmar":-21.227747971714212,"sqn":-5.528,"profit_factor":0.06608082045041772,"max_drawdown_account":0.11965395076000004,"max_drawdown_abs":119.65395076},{"key":"TOTAL","trades":40,"profit_mean":-0.006395973072340496,"profit_mean_pct":-0.64,"profit_total_abs":-102.25203515999999,"profit_total":-0.10225203515999999,"profit_total_pct":-10.23,"duration_avg":"0:40:00","wins":11,"draws":0,"losses":29,"winrate":0.275,"cagr":-0.3543231948723933,"expectancy":-2.556300879,"expectancy_ratio":-0.4585399729619255,"sortino":-5.0140710114097145,"sharpe":-3.3472513316132413,"calmar":-17.554786466809748,"sqn":-2.4618,"profit_factor":0.3675310717766545,"max_drawdown_account":0.12364607431000002,"max_drawdown_abs":123.64607431000002}],"left_open_trades":[{"key":"TOTAL","trades":0,"profit_mean":0.0,"profit_mean_pct":0.0,"profit_total_abs":0.0,"profit_total":0.0,"profit_total_pct":0.0,"duration_avg":"0:00","wins":0,"draws":0,"losses":0,"winrate":0.0,"cagr":0.0,"expectancy":0.0,"expectancy_ratio":100.0,"sortino":0,"sharpe":0,"calmar":0,"sqn":0.0,"profit_factor":0.0,"max_drawdown_account":0.0,"max_drawdown_abs":0.0}],"total_trades":40,"trade_count_long":40,"trade_count_short":0,"total_volume":63886.307978092496,"avg_stake_amount":399.52743012499997,"profit_mean":-0.006395973072340496,"profit_median":-0.007908930874671039,"profit_total":-0.10225203515999999,"profit_total_long":-0.10225203515999999,"profit_total_short":0.0,"profit_total_abs":-102.25203515999999,"profit_total_long_abs":-102.25203515999999,"profit_total_short_abs":0.0,"cagr":-0.3543231948723933,"expectancy":-2.556300879,"expectancy_ratio":-0.4585399729619255,"sortino":-5.0140710114097145,"sharpe":-3.3472513316132413,"calmar":-17.554786466809748,"sqn":-2.4618,"profit_factor":0.3675310717766545,"backtest_start":"2025-11-24 00:00:00","backtest_start_ts":1763942400000,"backtest_end":"2026-02-22 00:00:00","backtest_end_ts":1771718400000,"backtest_days":90,"backtest_run_start_ts":1771721675,"backtest_run_end_ts":1771721676,"trades_per_day":0.44,"market_change":-0.29123801999264065,"pairlist":["BTC/USDT:USDT","ETH/USDT:USDT","SOL/USDT:USDT","DOGE/USDT:USDT"],"stake_amount":400,"stake_currency":"USDT","stake_currency_decimals":3,"starting_balance":1000,"dry_run_wallet":1000,"final_balance":897.74796484,"rejected_signals":2,"timedout_entry_orders":0,"timedout_exit_orders":1,"canceled_trade_entries":0,"canceled_entry_orders":0,"replaced_entry_orders":0,"max_open_trades":2,"max_open_trades_setting":2,"timeframe":"15m","timeframe_detail":"","timerange":"20251124-20260222","enable_protections":false,"strategy_name":"SupertrendFuturesStrategy","freqaimodel":null,"freqai_identifier":null,"stoploss":-0.04,"trailing_stop":true,"trailing_stop_positive":0.02,"trailing_stop_positive_offset":0.03,"trailing_only_offset_is_reached":true,"use_custom_stoploss":false,"minimal_roi":{"60":0.02,"30":0.03,"15":0.04,"0":0.05},"use_exit_signal":true,"exit_profit_only":false,"exit_profit_offset":0.0,"ignore_roi_if_entry_signal":false,"trading_mode":"futures","margin_mode":"isolated","periodic_breakdown":{"day":[{"date":"26/11/2025","date_ts":1764115200000,"profit_abs":-10.02150691,"wins":0,"draws":0,"losses":1,"trades":1,"profit_factor":0.0},{"date":"27/11/2025","date_ts":1764201600000,"profit_abs":0.0,"wins":0,"draws":0,"losses":0,"trades":0,"profit_factor":0.0},{"date":"28/11/2025","date_ts":1764288000000,"profit_abs":-5.3968095,"wins":0,"draws":0,"losses":1,"trades":1,"profit_factor":0.0},{"date":"29/11/2025","date_ts":1764374400000,"profit_abs":0.0,"wins":0,"draws":0,"losses":0,"trades":0,"profit_factor":0.0},{"date":"30/11/2025","date_ts":1764460800000,"profit_abs":-3.4475328,"wins":0,"draws":0,"losses":1,"trades":1,"profit_factor":0.0},{"date":"01/12/2025","date_ts":1764547200000,"profit_abs":0.0,"wins":0,"draws":0,"losses":0,"trades":0,"profit_factor":0.0},{"date":"02/12/2025","date_ts":1764633600000,"profit_abs":0.0,"wins":0,"draws":0,"losses":0,"trades":0,"profit_factor":0.0},{"date":"03/12/2025","date_ts":1764720000000,"profit_abs":0.0,"wins":0,"draws":0,"losses":0,"trades":0,"profit_factor":0.0},{"date":"04/12/2025","date_ts":1764806400000,"profit_abs":-10.73581903,"wins":1,"draws":0,"losses":3,"trades":4,"profit_factor":0.10393466},{"date":"05/12/2025","date_ts":1764892800000,"profit_abs":0.0,"wins":0,"draws":0,"losses":0,"trades":0,"profit_factor":0.0},{"date":"06/12/2025","date_ts":1764979200000,"profit_abs":0.0,"wins":0,"draws":0,"losses":0,"trades":0,"profit_factor":0.0},{"date":"07/12/2025","date_ts":1765065600000,"profit_abs":0.0,"wins":0,"draws":0,"losses":0,"trades":0,"profit_factor":0.0},{"date":"08/12/2025","date_ts":1765152000000,"profit_abs":0.0,"wins":0,"draws":0,"losses":0,"trades":0,"profit_factor":0.0},{"date":"09/12/2025","date_ts":1765238400000,"profit_abs":0.0,"wins":0,"draws":0,"losses":0,"trades":0,"profit_factor":0.0},{"date":"10/12/2025","date_ts":1765324800000,"profit_abs":-16.78393354,"wins":0,"draws":0,"losses":1,"trades":1,"profit_factor":0.0},{"date":"11/12/2025","date_ts":1765411200000,"profit_abs":-8.36452575,"wins":1,"draws":0,"losses":2,"trades":3,"profit_factor":0.28377034},{"date":"12/12/2025","date_ts":1765497600000,"profit_abs":-2.4284792,"wins":0,"draws":0,"losses":1,"trades":1,"profit_factor":0.0},{"date":"13/12/2025","date_ts":1765584000000,"profit_abs":0.0,"wins":0,"draws":0,"losses":0,"trades":0,"profit_factor":0.0},{"date":"14/12/2025","date_ts":1765670400000,"profit_abs":0.0,"wins":0,"draws":0,"losses":0,"trades":0,"profit_factor":0.0},{"date":"15/12/2025","date_ts":1765756800000,"profit_abs":0.0,"wins":0,"draws":0,"losses":0,"trades":0,"profit_factor":0.0},{"date":"16/12/2025","date_ts":1765843200000,"profit_abs":-0.9210516,"wins":0,"draws":0,"losses":1,"trades":1,"profit_factor":0.0},{"date":"17/12/2025","date_ts":1765929600000,"profit_abs":-31.07406553,"wins":0,"draws":0,"losses":2,"trades":2,"profit_factor":0.0},{"date":"18/12/2025","date_ts":1766016000000,"profit_abs":-8.0080638,"wins":2,"draws":0,"losses":3,"trades":5,"profit_factor":0.4406714},{"date":"19/12/2025","date_ts":1766102400000,"profit_abs":-5.04404385,"wins":0,"draws":0,"losses":2,"trades":2,"profit_factor":0.0},{"date":"20/12/2025","date_ts":1766188800000,"profit_abs":0.0,"wins":0,"draws":0,"losses":0,"trades":0,"profit_factor":0.0},{"date":"21/12/2025","date_ts":1766275200000,"profit_abs":0.0,"wins":0,"draws":0,"losses":0,"trades":0,"profit_factor":0.0},{"date":"22/12/2025","date_ts":1766361600000,"profit_abs":0.0,"wins":0,"draws":0,"losses":0,"trades":0,"profit_factor":0.0},{"date":"23/12/2025","date_ts":1766448000000,"profit_abs":0.0,"wins":0,"draws":0,"losses":0,"trades":0,"profit_factor":0.0},{"date":"24/12/2025","date_ts":1766534400000,"profit_abs":0.0,"wins":0,"draws":0,"losses":0,"trades":0,"profit_factor":0.0},{"date":"25/12/2025","date_ts":1766620800000,"profit_abs":0.0,"wins":0,"draws":0,"losses":0,"trades":0,"profit_factor":0.0},{"date":"26/12/2025","date_ts":1766707200000,"profit_abs":0.0,"wins":0,"draws":0,"losses":0,"trades":0,"profit_factor":0.0},{"date":"27/12/2025","date_ts":1766793600000,"profit_abs":0.0,"wins":0,"draws":0,"losses":0,"trades":0,"profit_factor":0.0},{"date":"28/12/2025","date_ts":1766880000000,"profit_abs":0.0,"wins":0,"draws":0,"losses":0,"trades":0,"profit_factor":0.0},{"date":"29/12/2025","date_ts":1766966400000,"profit_abs":0.0,"wins":0,"draws":0,"losses":0,"trades":0,"profit_factor":0.0},{"date":"30/12/2025","date_ts":1767052800000,"profit_abs":0.0,"wins":0,"draws":0,"losses":0,"trades":0,"profit_factor":0.0},{"date":"31/12/2025","date_ts":1767139200000,"profit_abs":0.0,"wins":0,"draws":0,"losses":0,"trades":0,"profit_factor":0.0},{"date":"01/01/2026","date_ts":1767225600000,"profit_abs":0.262944,"wins":1,"draws":0,"losses":0,"trades":1,"profit_factor":0.0},{"date":"02/01/2026","date_ts":1767312000000,"profit_abs":11.992536,"wins":1,"draws":0,"losses":0,"trades":1,"profit_factor":0.0},{"date":"03/01/2026","date_ts":1767398400000,"profit_abs":0.0,"wins":0,"draws":0,"losses":0,"trades":0,"profit_factor":0.0},{"date":"04/01/2026","date_ts":1767484800000,"profit_abs":0.0,"wins":0,"draws":0,"losses":0,"trades":0,"profit_factor":0.0},{"date":"05/01/2026","date_ts":1767571200000,"profit_abs":-2.50937875,"wins":0,"draws":0,"losses":1,"trades":1,"profit_factor":0.0},{"date":"06/01/2026","date_ts":1767657600000,"profit_abs":-8.92112415,"wins":0,"draws":0,"losses":2,"trades":2,"profit_factor":0.0},{"date":"07/01/2026","date_ts":1767744000000,"profit_abs":-9.1160265,"wins":0,"draws":0,"losses":1,"trades":1,"profit_factor":0.0},{"date":"08/01/2026","date_ts":1767830400000,"profit_abs":-6.81147175,"wins":1,"draws":0,"losses":1,"trades":2,"profit_factor":0.18807383},{"date":"09/01/2026","date_ts":1767916800000,"profit_abs":0.0,"wins":0,"draws":0,"losses":0,"trades":0,"profit_factor":0.0},{"date":"10/01/2026","date_ts":1768003200000,"profit_abs":0.0,"wins":0,"draws":0,"losses":0,"trades":0,"profit_factor":0.0},{"date":"11/01/2026","date_ts":1768089600000,"profit_abs":-3.70987265,"wins":0,"draws":0,"losses":1,"trades":1,"profit_factor":0.0},{"date":"12/01/2026","date_ts":1768176000000,"profit_abs":7.9947,"wins":1,"draws":0,"losses":0,"trades":1,"profit_factor":0.0},{"date":"13/01/2026","date_ts":1768262400000,"profit_abs":0.0,"wins":0,"draws":0,"losses":0,"trades":0,"profit_factor":0.0},{"date":"14/01/2026","date_ts":1768348800000,"profit_abs":-10.602549,"wins":0,"draws":0,"losses":4,"trades":4,"profit_factor":0.0},{"date":"15/01/2026","date_ts":1768435200000,"profit_abs":0.0,"wins":0,"draws":0,"losses":0,"trades":0,"profit_factor":0.0},{"date":"16/01/2026","date_ts":1768521600000,"profit_abs":0.0,"wins":0,"draws":0,"losses":0,"trades":0,"profit_factor":0.0},{"date":"17/01/2026","date_ts":1768608000000,"profit_abs":0.0,"wins":0,"draws":0,"losses":0,"trades":0,"profit_factor":0.0},{"date":"18/01/2026","date_ts":1768694400000,"profit_abs":0.0,"wins":0,"draws":0,"losses":0,"trades":0,"profit_factor":0.0},{"date":"19/01/2026","date_ts":1768780800000,"profit_abs":0.0,"wins":0,"draws":0,"losses":0,"trades":0,"profit_factor":0.0},{"date":"20/01/2026","date_ts":1768867200000,"profit_abs":0.0,"wins":0,"draws":0,"losses":0,"trades":0,"profit_factor":0.0},{"date":"21/01/2026","date_ts":1768953600000,"profit_abs":0.0,"wins":0,"draws":0,"losses":0,"trades":0,"profit_factor":0.0},{"date":"22/01/2026","date_ts":1769040000000,"profit_abs":0.0,"wins":0,"draws":0,"losses":0,"trades":0,"profit_factor":0.0},{"date":"23/01/2026","date_ts":1769126400000,"profit_abs":0.0,"wins":0,"draws":0,"losses":0,"trades":0,"profit_factor":0.0},{"date":"24/01/2026","date_ts":1769212800000,"profit_abs":0.0,"wins":0,"draws":0,"losses":0,"trades":0,"profit_factor":0.0},{"date":"25/01/2026","date_ts":1769299200000,"profit_abs":0.0,"wins":0,"draws":0,"losses":0,"trades":0,"profit_factor":0.0},{"date":"26/01/2026","date_ts":1769385600000,"profit_abs":0.0,"wins":0,"draws":0,"losses":0,"trades":0,"profit_factor":0.0},{"date":"27/01/2026","date_ts":1769472000000,"profit_abs":0.0,"wins":0,"draws":0,"losses":0,"trades":0,"profit_factor":0.0},{"date":"28/01/2026","date_ts":1769558400000,"profit_abs":0.0,"wins":0,"draws":0,"losses":0,"trades":0,"profit_factor":0.0},{"date":"29/01/2026","date_ts":1769644800000,"profit_abs":0.0,"wins":0,"draws":0,"losses":0,"trades":0,"profit_factor":0.0},{"date":"30/01/2026","date_ts":1769731200000,"profit_abs":0.0,"wins":0,"draws":0,"losses":0,"trades":0,"profit_factor":0.0},{"date":"31/01/2026","date_ts":1769817600000,"profit_abs":0.0,"wins":0,"draws":0,"losses":0,"trades":0,"profit_factor":0.0},{"date":"01/02/2026","date_ts":1769904000000,"profit_abs":0.0,"wins":0,"draws":0,"losses":0,"trades":0,"profit_factor":0.0},{"date":"02/02/2026","date_ts":1769990400000,"profit_abs":0.0,"wins":0,"draws":0,"losses":0,"trades":0,"profit_factor":0.0},{"date":"03/02/2026","date_ts":1770076800000,"profit_abs":0.0,"wins":0,"draws":0,"losses":0,"trades":0,"profit_factor":0.0},{"date":"04/02/2026","date_ts":1770163200000,"profit_abs":0.0,"wins":0,"draws":0,"losses":0,"trades":0,"profit_factor":0.0},{"date":"05/02/2026","date_ts":1770249600000,"profit_abs":0.0,"wins":0,"draws":0,"losses":0,"trades":0,"profit_factor":0.0},{"date":"06/02/2026","date_ts":1770336000000,"profit_abs":0.0,"wins":0,"draws":0,"losses":0,"trades":0,"profit_factor":0.0},{"date":"07/02/2026","date_ts":1770422400000,"profit_abs":0.0,"wins":0,"draws":0,"losses":0,"trades":0,"profit_factor":0.0},{"date":"08/02/2026","date_ts":1770508800000,"profit_abs":0.0,"wins":0,"draws":0,"losses":0,"trades":0,"profit_factor":0.0},{"date":"09/02/2026","date_ts":1770595200000,"profit_abs":0.0,"wins":0,"draws":0,"losses":0,"trades":0,"profit_factor":0.0},{"date":"10/02/2026","date_ts":1770681600000,"profit_abs":0.0,"wins":0,"draws":0,"losses":0,"trades":0,"profit_factor":0.0},{"date":"11/02/2026","date_ts":1770768000000,"profit_abs":0.0,"wins":0,"draws":0,"losses":0,"trades":0,"profit_factor":0.0},{"date":"12/02/2026","date_ts":1770854400000,"profit_abs":0.0,"wins":0,"draws":0,"losses":0,"trades":0,"profit_factor":0.0},{"date":"13/02/2026","date_ts":1770940800000,"profit_abs":8.13113245,"wins":1,"draws":0,"losses":0,"trades":1,"profit_factor":0.0},{"date":"14/02/2026","date_ts":1771027200000,"profit_abs":0.0,"wins":0,"draws":0,"losses":0,"trades":0,"profit_factor":0.0},{"date":"15/02/2026","date_ts":1771113600000,"profit_abs":13.2629067,"wins":2,"draws":0,"losses":1,"trades":3,"profit_factor":3.4889614}],"week":[{"date":"01/12/2025","date_ts":1764547200000,"profit_abs":-18.86584921,"wins":0,"draws":0,"losses":3,"trades":3,"profit_factor":0.0},{"date":"08/12/2025","date_ts":1765152000000,"profit_abs":-10.73581903,"wins":1,"draws":0,"losses":3,"trades":4,"profit_factor":0.10393466},{"date":"15/12/2025","date_ts":1765756800000,"profit_abs":-27.57693849,"wins":1,"draws":0,"losses":4,"trades":5,"profit_factor":0.10728143},{"date":"22/12/2025","date_ts":1766361600000,"profit_abs":-45.04722478,"wins":2,"draws":0,"losses":8,"trades":10,"profit_factor":0.12285149},{"date":"29/12/2025","date_ts":1766966400000,"profit_abs":0.0,"wins":0,"draws":0,"losses":0,"trades":0,"profit_factor":0.0},{"date":"05/01/2026","date_ts":1767571200000,"profit_abs":9.74610125,"wins":2,"draws":0,"losses":1,"trades":3,"profit_factor":4.88387016},{"date":"12/01/2026","date_ts":1768176000000,"profit_abs":-20.56379505,"wins":2,"draws":0,"losses":5,"trades":7,"profit_factor":0.31764031},{"date":"19/01/2026","date_ts":1768780800000,"profit_abs":-10.602549,"wins":0,"draws":0,"losses":4,"trades":4,"profit_factor":0.0},{"date":"26/01/2026","date_ts":1769385600000,"profit_abs":0.0,"wins":0,"draws":0,"losses":0,"trades":0,"profit_factor":0.0},{"date":"02/02/2026","date_ts":1769990400000,"profit_abs":0.0,"wins":0,"draws":0,"losses":0,"trades":0,"profit_factor":0.0},{"date":"09/02/2026","date_ts":1770595200000,"profit_abs":0.0,"wins":0,"draws":0,"losses":0,"trades":0,"profit_factor":0.0},{"date":"16/02/2026","date_ts":1771200000000,"profit_abs":21.39403915,"wins":3,"draws":0,"losses":1,"trades":4,"profit_factor":5.01487689}],"month":[{"date":"30/11/2025","date_ts":1764460800000,"profit_abs":-18.86584921,"wins":0,"draws":0,"losses":3,"trades":3,"profit_factor":0.0},{"date":"31/12/2025","date_ts":1767139200000,"profit_abs":-83.3599823,"wins":4,"draws":0,"losses":15,"trades":19,"profit_factor":0.11534189},{"date":"31/01/2026","date_ts":1769817600000,"profit_abs":-21.4202428,"wins":4,"draws":0,"losses":10,"trades":14,"profit_factor":0.50471395},{"date":"28/02/2026","date_ts":1772236800000,"profit_abs":21.39403915,"wins":3,"draws":0,"losses":1,"trades":4,"profit_factor":5.01487689}],"year":[{"date":"31/12/2025","date_ts":1767139200000,"profit_abs":-102.22583151,"wins":4,"draws":0,"losses":18,"trades":22,"profit_factor":0.09610111},{"date":"31/12/2026","date_ts":1798675200000,"profit_abs":-0.02620365,"wins":7,"draws":0,"losses":11,"trades":18,"profit_factor":0.99946057}],"weekday":[{"date":"Monday","date_ts":0,"profit_abs":5.48532125,"wins":1,"draws":0,"losses":1,"trades":2,"profit_factor":3.18592799},{"date":"Tuesday","date_ts":1,"profit_abs":-9.84217575,"wins":0,"draws":0,"losses":3,"trades":3,"profit_factor":0.0},{"date":"Wednesday","date_ts":2,"profit_abs":-77.59808148,"wins":0,"draws":0,"losses":9,"trades":9,"profit_factor":0.0},{"date":"Thursday","date_ts":3,"profit_abs":-33.65693633,"wins":6,"draws":0,"losses":9,"trades":15,"profit_factor":0.2741058},{"date":"Friday","date_ts":4,"profit_abs":7.2543359,"wins":2,"draws":0,"losses":4,"trades":6,"profit_factor":1.5636917},{"date":"Sunday","date_ts":6,"profit_abs":6.10550125,"wins":2,"draws":0,"losses":3,"trades":5,"profit_factor":1.48898398}]},"backtest_best_day":0.03315537439084525,"backtest_worst_day":-0.07778889977222286,"backtest_best_day_abs":13.2629067,"backtest_worst_day_abs":-31.07406553,"winning_days":5,"draw_days":60,"losing_days":17,"daily_profit":[["2025-11-26",-10.02150691],["2025-11-27",0.0],["2025-11-28",-5.3968095],["2025-11-29",0.0],["2025-11-30",-3.4475328],["2025-12-01",0.0],["2025-12-02",0.0],["2025-12-03",0.0],["2025-12-04",-10.73581903],["2025-12-05",0.0],["2025-12-06",0.0],["2025-12-07",0.0],["2025-12-08",0.0],["2025-12-09",0.0],["2025-12-10",-16.78393354],["2025-12-11",-8.36452575],["2025-12-12",-2.4284792],["2025-12-13",0.0],["2025-12-14",0.0],["2025-12-15",0.0],["2025-12-16",-0.9210516],["2025-12-17",-31.07406553],["2025-12-18",-8.0080638],["2025-12-19",-5.04404385],["2025-12-20",0.0],["2025-12-21",0.0],["2025-12-22",0.0],["2025-12-23",0.0],["2025-12-24",0.0],["2025-12-25",0.0],["2025-12-26",0.0],["2025-12-27",0.0],["2025-12-28",0.0],["2025-12-29",0.0],["2025-12-30",0.0],["2025-12-31",0.0],["2026-01-01",0.262944],["2026-01-02",11.992536],["2026-01-03",0.0],["2026-01-04",0.0],["2026-01-05",-2.50937875],["2026-01-06",-8.92112415],["2026-01-07",-9.1160265],["2026-01-08",-6.81147175],["2026-01-09",0.0],["2026-01-10",0.0],["2026-01-11",-3.70987265],["2026-01-12",7.9947],["2026-01-13",0.0],["2026-01-14",-10.602549],["2026-01-15",0.0],["2026-01-16",0.0],["2026-01-17",0.0],["2026-01-18",0.0],["2026-01-19",0.0],["2026-01-20",0.0],["2026-01-21",0.0],["2026-01-22",0.0],["2026-01-23",0.0],["2026-01-24",0.0],["2026-01-25",0.0],["2026-01-26",0.0],["2026-01-27",0.0],["2026-01-28",0.0],["2026-01-29",0.0],["2026-01-30",0.0],["2026-01-31",0.0],["2026-02-01",0.0],["2026-02-02",0.0],["2026-02-03",0.0],["2026-02-04",0.0],["2026-02-05",0.0],["2026-02-06",0.0],["2026-02-07",0.0],["2026-02-08",0.0],["2026-02-09",0.0],["2026-02-10",0.0],["2026-02-11",0.0],["2026-02-12",0.0],["2026-02-13",8.13113245],["2026-02-14",0.0],["2026-02-15",13.2629067]],"wins":11,"losses":29,"draws":0,"winrate":0.275,"holding_avg":"0:40:00","holding_avg_s":2400.0,"winner_holding_min":"0d 00:15","winner_holding_min_s":900.0,"winner_holding_max":"0d 02:00","winner_holding_max_s":7200.0,"winner_holding_avg":"0d 01:00","winner_holding_avg_s":3600.0,"loser_holding_min":"0d 00:00","loser_holding_min_s":0.0,"loser_holding_max":"0d 01:45","loser_holding_max_s":6300.0,"loser_holding_avg":"0d 00:33","loser_holding_avg_s":1980.0,"max_consecutive_wins":2,"max_consecutive_losses":5,"max_drawdown_account":0.12364607431000002,"max_relative_drawdown":0.12364607431000002,"max_drawdown_abs":123.64607431000002,"drawdown_start":"2025-11-26 00:00:00","drawdown_start_ts":1764115200000.0,"drawdown_end":"2026-01-14 18:00:00","drawdown_end_ts":1768413600000.0,"drawdown_duration":"49 days 18:00:00","drawdown_duration_s":4298400.0,"max_drawdown_low":-123.64607431000002,"max_drawdown_high":0.0,"csum_min":876.35392569,"csum_max":989.97849309}},"strategy_comparison":[{"key":"SupertrendFuturesStrategy","trades":40,"profit_mean":-0.006395973072340496,"profit_mean_pct":-0.64,"profit_total_abs":-102.25203515999999,"profit_total":-0.10225203515999999,"profit_total_pct":-10.23,"duration_avg":"0:40:00","wins":11,"draws":0,"losses":29,"winrate":0.275,"cagr":-0.3543231948723933,"expectancy":-2.556300879,"expectancy_ratio":-0.4585399729619255,"sortino":-5.0140710114097145,"sharpe":-3.3472513316132413,"calmar":-17.554786466809748,"sqn":-2.4618,"profit_factor":0.3675310717766545,"max_drawdown_account":0.12364607431000002,"max_drawdown_abs":"123.646"}]}