{"strategy":{"SupertrendFuturesStrategyV2":{"trades":[{"pair":"SOL/USDT:USDT","stake_amount":329.5142,"max_stake_amount":329.5142,"amount":5.08,"open_date":"2026-01-22 03:00:00+00:00","close_date":"2026-01-23 14:45:00+00:00","open_rate":129.73,"close_rate":125.69,"fee_open":0.0005,"fee_close":0.0005,"trade_duration":2145,"profit_ratio":-0.06395083121306076,"profit_abs":-21.08324334,"exit_reason":"exit_signal","initial_stop_loss_abs":125.18944999999998,"initial_stop_loss_ratio":-0.07,"stop_loss_abs":125.18944999999998,"stop_loss_ratio":-0.07,"min_rate":125.22,"max_rate":130.89,"is_open":false,"enter_tag":"","leverage":2,"is_short":false,"open_timestamp":1769050800000,"close_timestamp":1769179500000,"orders":[{"amount":5.08,"safe_price":129.73,"ft_order_side":"buy","order_filled_timestamp":1769050800000,"ft_is_entry":true,"ft_order_tag":"","cost":659.3579141999999},{"amount":5.08,"safe_price":125.69,"ft_order_side":"sell","order_filled_timestamp":1769179500000,"ft_is_entry":false,"ft_order_tag":"exit_signal","cost":638.8244525999999}],"funding_fees":0.08872346271922651,"weekday":4},{"pair":"ETH/USDT:USDT","stake_amount":322.53578,"max_stake_amount":322.53578,"amount":0.217,"open_date":"2026-01-27 16:15:00+00:00","close_date":"2026-01-28 03:15:00+00:00","open_rate":2972.68,"close_rate":2995.7491250000003,"fee_open":0.0005,"fee_close":0.0005,"trade_duration":660,"profit_ratio":0.01349591673824221,"profit_abs":4.35509249,"exit_reason":"trailing_stop_loss","initial_stop_loss_abs":2868.6362,"initial_stop_loss_ratio":-0.07,"stop_loss_abs":2995.7491250000003,"stop_loss_ratio":-0.025,"min_rate":2916.51,"max_rate":3033.67,"is_open":false,"enter_tag":"","leverage":2,"is_short":false,"open_timestamp":1769530500000,"close_timestamp":1769570100000,"orders":[{"amount":0.217,"safe_price":2972.68,"ft_order_side":"buy","order_filled_timestamp":1769530500000,"ft_is_entry":true,"ft_order_tag":"","cost":645.3940957799999},{"amount":0.217,"safe_price":2995.7491250000003,"ft_order_side":"sell","order_filled_timestamp":1769570100000,"ft_is_entry":false,"ft_order_tag":"trailing_stop_loss","cost":650.4025989050625}],"funding_fees":-0.0033330745483688465,"weekday":2},{"pair":"DOGE/USDT:USDT","stake_amount":322.8953,"max_stake_amount":322.8953,"amount":5180.0,"open_date":"2026-01-27 16:30:00+00:00","close_date":"2026-01-28 11:30:00+00:00","open_rate":0.12467,"close_rate":0.12607,"fee_open":0.0005,"fee_close":0.0005,"trade_duration":1140,"profit_ratio":0.020213466914099917,"profit_abs":6.53009688,"exit_reason":"trailing_stop_loss","initial_stop_loss_abs":0.12031,"initial_stop_loss_ratio":-0.07,"stop_loss_abs":0.12607,"stop_loss_ratio":-0.025,"min_rate":0.1217,"max_rate":0.12766,"is_open":false,"enter_tag":"","leverage":2,"is_short":false,"open_timestamp":1769531400000,"close_timestamp":1769599800000,"orders":[{"amount":5180.0,"safe_price":0.12467,"ft_order_side":"buy","order_filled_timestamp":1769531400000,"ft_is_entry":true,"ft_order_tag":"","cost":646.1134953},{"amount":5180.0,"safe_price":0.12607,"ft_order_side":"sell","order_filled_timestamp":1769599800000,"ft_is_entry":false,"ft_order_tag":"trailing_stop_loss","cost":653.3691212999998}],"funding_fees":-0.07248651557142374,"weekday":2},{"pair":"SOL/USDT:USDT","stake_amount":322.8691,"max_stake_amount":322.8691,"amount":5.14,"open_date":"2026-01-27 16:30:00+00:00","close_date":"2026-01-28 14:15:00+00:00","open_rate":125.63,"close_rate":126.66662500000001,"fee_open":0.0005,"fee_close":0.0005,"trade_duration":1305,"profit_ratio":0.014282019520002678,"profit_abs":4.6135284,"exit_reason":"trailing_stop_loss","initial_stop_loss_abs":121.23294999999999,"initial_stop_loss_ratio":-0.07,"stop_loss_abs":126.66662500000001,"stop_loss_ratio":-0.025,"min_rate":123.45,"max_rate":128.27,"is_open":false,"enter_tag":"","leverage":2,"is_short":false,"open_timestamp":1769531400000,"close_timestamp":1769609700000,"orders":[{"amount":5.14,"safe_price":125.63,"ft_order_side":"buy","order_filled_timestamp":1769531400000,"ft_is_entry":true,"ft_order_tag":"","cost":646.0610690999998},{"amount":5.14,"safe_price":126.66662500000001,"ft_order_side":"sell","order_filled_timestamp":1769609700000,"ft_is_entry":false,"ft_order_tag":"trailing_stop_loss","cost":651.3919857262499}],"funding_fees":-0.06632177143684222,"weekday":2},{"pair":"DOGE/USDT:USDT","stake_amount":326.1636,"max_stake_amount":326.1636,"amount":5160.0,"open_date":"2026-01-28 11:45:00+00:00","close_date":"2026-01-29 02:30:00+00:00","open_rate":0.12642,"close_rate":0.122,"fee_open":0.0005,"fee_close":0.0005,"trade_duration":885,"profit_ratio":-0.07224925743108512,"profit_abs":-23.57686044,"exit_reason":"stop_loss","initial_stop_loss_abs":0.122,"initial_stop_loss_ratio":-0.07,"stop_loss_abs":0.122,"stop_loss_ratio":-0.07,"min_rate":0.12181,"max_rate":0.12722,"is_open":false,"enter_tag":"","leverage":2,"is_short":false,"open_timestamp":1769600700000,"close_timestamp":1769653800000,"orders":[{"amount":5160.0,"safe_price":0.12642,"ft_order_side":"buy","order_filled_timestamp":1769600700000,"ft_is_entry":true,"ft_order_tag":"","cost":652.6533636},{"amount":5160.0,"safe_price":0.122,"ft_order_side":"sell","order_filled_timestamp":1769653800000,"ft_is_entry":false,"ft_order_tag":"stop_loss","cost":629.83476}],"funding_fees":-0.12873684000000002,"weekday":3},{"pair":"ETH/USDT:USDT","stake_amount":326.607575,"max_stake_amount":326.607575,"amount":0.215,"open_date":"2026-01-28 12:00:00+00:00","close_date":"2026-01-29 11:00:00+00:00","open_rate":3038.21,"close_rate":2931.87265,"fee_open":0.0005,"fee_close":0.0005,"trade_duration":1380,"profit_ratio":-0.07207785429777096,"profit_abs":-23.55294379,"exit_reason":"stop_loss","initial_stop_loss_abs":2931.87265,"initial_stop_loss_ratio":-0.07,"stop_loss_abs":2931.87265,"stop_loss_ratio":-0.07,"min_rate":2917.79,"max_rate":3045.47,"is_open":false,"enter_tag":"","leverage":2,"is_short":false,"open_timestamp":1769601600000,"close_timestamp":1769684400000,"orders":[{"amount":0.215,"safe_price":3038.21,"ft_order_side":"buy","order_filled_timestamp":1769601600000,"ft_is_entry":true,"ft_order_tag":"","cost":653.5417575749999},{"amount":0.215,"safe_price":2931.87265,"ft_order_side":"sell","order_filled_timestamp":1769684400000,"ft_is_entry":false,"ft_order_tag":"stop_loss","cost":630.6677960598748}],"funding_fees":-0.04862965194612424,"weekday":3},{"pair":"DOGE/USDT:USDT","stake_amount":312.2042,"max_stake_amount":312.2042,"amount":6790.0,"open_date":"2026-02-11 14:15:00+00:00","close_date":"2026-02-11 15:00:00+00:00","open_rate":0.09196,"close_rate":0.08875,"fee_open":0.0005,"fee_close":0.0005,"trade_duration":45,"profit_ratio":-0.07174218458408899,"profit_abs":-22.40941045,"exit_reason":"stop_loss","initial_stop_loss_abs":0.08875,"initial_stop_loss_ratio":-0.07,"stop_loss_abs":0.08875,"stop_loss_ratio":-0.07,"min_rate":0.08781,"max_rate":0.09206,"is_open":false,"enter_tag":"","leverage":2,"is_short":false,"open_timestamp":1770819300000,"close_timestamp":1770822000000,"orders":[{"amount":6790.0,"safe_price":0.09196,"ft_order_side":"buy","order_filled_timestamp":1770819300000,"ft_is_entry":true,"ft_order_tag":"","cost":624.7206042},{"amount":6790.0,"safe_price":0.08875,"ft_order_side":"sell","order_filled_timestamp":1770822000000,"ft_is_entry":false,"ft_order_tag":"stop_loss","cost":602.9138062499999}],"funding_fees":0.0,"weekday":2},{"pair":"ETH/USDT:USDT","stake_amount":311.91818,"max_stake_amount":311.91818,"amount":0.314,"open_date":"2026-02-11 14:30:00+00:00","close_date":"2026-02-11 15:00:00+00:00","open_rate":1986.74,"close_rate":1917.2041,"fee_open":0.0005,"fee_close":0.0005,"trade_duration":30,"profit_ratio":-0.0719290354704027,"profit_abs":-22.44719182,"exit_reason":"stop_loss","initial_stop_loss_abs":1917.2041,"initial_stop_loss_ratio":-0.07,"stop_loss_abs":1917.2041,"stop_loss_ratio":-0.07,"min_rate":1901.33,"max_rate":1995.94,"is_open":false,"enter_tag":"","leverage":2,"is_short":false,"open_timestamp":1770820200000,"close_timestamp":1770822000000,"orders":[{"amount":0.314,"safe_price":1986.74,"ft_order_side":"buy","order_filled_timestamp":1770820200000,"ft_is_entry":true,"ft_order_tag":"","cost":624.14827818},{"amount":0.314,"safe_price":1917.2041,"ft_order_side":"sell","order_filled_timestamp":1770822000000,"ft_is_entry":false,"ft_order_tag":"stop_loss","cost":602.3030884437}],"funding_fees":0.0,"weekday":2},{"pair":"DOGE/USDT:USDT","stake_amount":297.5476,"max_stake_amount":297.5476,"amount":6460.0,"open_date":"2026-02-12 04:00:00+00:00","close_date":"2026-02-12 13:15:00+00:00","open_rate":0.09212,"close_rate":0.09304,"fee_open":0.0005,"fee_close":0.0005,"trade_duration":555,"profit_ratio":0.017886838062654294,"profit_abs":5.32484683,"exit_reason":"trailing_stop_loss","initial_stop_loss_abs":0.0889,"initial_stop_loss_ratio":-0.07,"stop_loss_abs":0.09304,"stop_loss_ratio":-0.025,"min_rate":0.09143,"max_rate":0.09421,"is_open":false,"enter_tag":"","leverage":2,"is_short":false,"open_timestamp":1770868800000,"close_timestamp":1770902100000,"orders":[{"amount":6460.0,"safe_price":0.09212,"ft_order_side":"buy","order_filled_timestamp":1770868800000,"ft_is_entry":true,"ft_order_tag":"","cost":595.3927475999999},{"amount":6460.0,"safe_price":0.09304,"ft_order_side":"sell","order_filled_timestamp":1770902100000,"ft_is_entry":false,"ft_order_tag":"trailing_stop_loss","cost":601.3389192}],"funding_fees":-0.02028636723784346,"weekday":3},{"pair":"ETH/USDT:USDT","stake_amount":286.2144,"max_stake_amount":286.2144,"amount":0.288,"open_date":"2026-02-12 11:15:00+00:00","close_date":"2026-02-12 16:00:00+00:00","open_rate":1987.6,"close_rate":1918.0339999999999,"fee_open":0.0005,"fee_close":0.0005,"trade_duration":285,"profit_ratio":-0.0719504653866466,"profit_abs":-20.60355591,"exit_reason":"stop_loss","initial_stop_loss_abs":1918.0339999999999,"initial_stop_loss_ratio":-0.07,"stop_loss_abs":1918.0339999999999,"stop_loss_ratio":-0.07,"min_rate":1916.81,"max_rate":2001.28,"is_open":false,"enter_tag":"","leverage":2,"is_short":false,"open_timestamp":1770894900000,"close_timestamp":1770912000000,"orders":[{"amount":0.288,"safe_price":1987.6,"ft_order_side":"buy","order_filled_timestamp":1770894900000,"ft_is_entry":true,"ft_order_tag":"","cost":572.7150143999999},{"amount":0.288,"safe_price":1918.0339999999999,"ft_order_side":"sell","order_filled_timestamp":1770912000000,"ft_is_entry":false,"ft_order_tag":"stop_loss","cost":552.669988896}],"funding_fees":-0.006136615887906311,"weekday":3},{"pair":"BTC/USDT:USDT","stake_amount":309.2817,"max_stake_amount":309.2817,"amount":0.0091,"open_date":"2026-02-11 14:30:00+00:00","close_date":"2026-02-12 16:45:00+00:00","open_rate":67974.0,"close_rate":65594.91,"fee_open":0.0005,"fee_close":0.0005,"trade_duration":1575,"profit_ratio":-0.0722348100375037,"profit_abs":-22.3520753,"exit_reason":"stop_loss","initial_stop_loss_abs":65594.91,"initial_stop_loss_ratio":-0.07,"stop_loss_abs":65594.91,"stop_loss_ratio":-0.07,"min_rate":65514.7,"max_rate":68390.0,"is_open":false,"enter_tag":"","leverage":2,"is_short":false,"open_timestamp":1770820200000,"close_timestamp":1770914700000,"orders":[{"amount":0.0091,"safe_price":67974.0,"ft_order_side":"buy","order_filled_timestamp":1770820200000,"ft_is_entry":true,"ft_order_tag":"","cost":618.8726816999999},{"amount":0.0091,"safe_price":65594.91,"ft_order_side":"sell","order_filled_timestamp":1770914700000,"ft_is_entry":false,"ft_order_tag":"stop_loss","cost":597.2121378405001}],"funding_fees":-0.09461776367593157,"weekday":3},{"pair":"ETH/USDT:USDT","stake_amount":284.503,"max_stake_amount":284.503,"amount":0.293,"open_date":"2026-02-12 23:00:00+00:00","close_date":"2026-02-13 14:30:00+00:00","open_rate":1942.0,"close_rate":1966.0433750000002,"fee_open":0.0005,"fee_close":0.0005,"trade_duration":930,"profit_ratio":0.02251427967348333,"profit_abs":6.4085828,"exit_reason":"trailing_stop_loss","initial_stop_loss_abs":1874.03,"initial_stop_loss_ratio":-0.07,"stop_loss_abs":1966.0433750000002,"stop_loss_ratio":-0.025,"min_rate":1923.64,"max_rate":1990.93,"is_open":false,"enter_tag":"","leverage":2,"is_short":false,"open_timestamp":1770937200000,"close_timestamp":1770993000000,"orders":[{"amount":0.293,"safe_price":1942.0,"ft_order_side":"buy","order_filled_timestamp":1770937200000,"ft_is_entry":true,"ft_order_tag":"","cost":569.290503},{"amount":0.293,"safe_price":1966.0433750000002,"ft_order_side":"sell","order_filled_timestamp":1770993000000,"ft_is_entry":false,"ft_order_tag":"trailing_stop_loss","cost":576.3387342294375}],"funding_fees":-0.0635977198343599,"weekday":4},{"pair":"DOGE/USDT:USDT","stake_amount":299.4288,"max_stake_amount":299.4288,"amount":6420.0,"open_date":"2026-02-12 13:30:00+00:00","close_date":"2026-02-13 15:00:00+00:00","open_rate":0.09328,"close_rate":0.0943,"fee_open":0.0005,"fee_close":0.0005,"trade_duration":1530,"profit_ratio":0.019783954840254057,"profit_abs":5.9268478,"exit_reason":"trailing_stop_loss","initial_stop_loss_abs":0.09002,"initial_stop_loss_ratio":-0.07,"stop_loss_abs":0.0943,"stop_loss_ratio":-0.025,"min_rate":0.09063,"max_rate":0.09549,"is_open":false,"enter_tag":"","leverage":2,"is_short":false,"open_timestamp":1770903000000,"close_timestamp":1770994800000,"orders":[{"amount":6420.0,"safe_price":0.09328,"ft_order_side":"buy","order_filled_timestamp":1770903000000,"ft_is_entry":true,"ft_order_tag":"","cost":599.1570288},{"amount":6420.0,"safe_price":0.0943,"ft_order_side":"sell","order_filled_timestamp":1770994800000,"ft_is_entry":false,"ft_order_tag":"trailing_stop_loss","cost":605.7087029999999}],"funding_fees":-0.019420395754352764,"weekday":4},{"pair":"BTC/USDT:USDT","stake_amount":271.75251,"max_stake_amount":271.75251,"amount":0.0082,"open_date":"2026-02-12 23:15:00+00:00","close_date":"2026-02-13 15:00:00+00:00","open_rate":66281.1,"close_rate":67717.0225,"fee_open":0.0005,"fee_close":0.0005,"trade_duration":945,"profit_ratio":0.04095659793852345,"profit_abs":11.13562332,"exit_reason":"trailing_stop_loss","initial_stop_loss_abs":63961.2615,"initial_stop_loss_ratio":-0.07,"stop_loss_abs":67717.0225,"stop_loss_ratio":-0.025,"min_rate":65836.0,"max_rate":68574.2,"is_open":false,"enter_tag":"","leverage":2,"is_short":false,"open_timestamp":1770938100000,"close_timestamp":1770994800000,"orders":[{"amount":0.0082,"safe_price":66281.1,"ft_order_side":"buy","order_filled_timestamp":1770938100000,"ft_is_entry":true,"ft_order_tag":"","cost":543.77677251},{"amount":0.0082,"safe_price":67717.0225,"ft_order_side":"sell","order_filled_timestamp":1770994800000,"ft_is_entry":false,"ft_order_tag":"trailing_stop_loss","cost":555.55722429225}],"funding_fees":-0.08954887427169175,"weekday":4},{"pair":"DOGE/USDT:USDT","stake_amount":293.0133,"max_stake_amount":293.0133,"amount":6170.0,"open_date":"2026-02-13 15:15:00+00:00","close_date":"2026-02-13 23:15:00+00:00","open_rate":0.09498,"close_rate":0.09646,"fee_open":0.0005,"fee_close":0.0005,"trade_duration":480,"profit_ratio":0.02908140504465024,"profit_abs":8.52549908,"exit_reason":"trailing_stop_loss","initial_stop_loss_abs":0.09166,"initial_stop_loss_ratio":-0.07,"stop_loss_abs":0.09646,"stop_loss_ratio":-0.025,"min_rate":0.09461,"max_rate":0.09768,"is_open":false,"enter_tag":"","leverage":2,"is_short":false,"open_timestamp":1770995700000,"close_timestamp":1771024500000,"orders":[{"amount":6170.0,"safe_price":0.09498,"ft_order_side":"buy","order_filled_timestamp":1770995700000,"ft_is_entry":true,"ft_order_tag":"","cost":586.3196132999999},{"amount":6170.0,"safe_price":0.09646,"ft_order_side":"sell","order_filled_timestamp":1771024500000,"ft_is_entry":false,"ft_order_tag":"trailing_stop_loss","cost":595.4557791000001}],"funding_fees":-0.015508517967644101,"weekday":4},{"pair":"ETH/USDT:USDT","stake_amount":292.40926,"max_stake_amount":292.40926,"amount":0.286,"open_date":"2026-02-13 22:15:00+00:00","close_date":"2026-02-14 08:00:00+00:00","open_rate":2044.82,"close_rate":2065.682125,"fee_open":0.0005,"fee_close":0.0005,"trade_duration":585,"profit_ratio":0.018216125467832113,"profit_abs":5.32922705,"exit_reason":"trailing_stop_loss","initial_stop_loss_abs":1973.2513,"initial_stop_loss_ratio":-0.07,"stop_loss_abs":2065.682125,"stop_loss_ratio":-0.025,"min_rate":2041.05,"max_rate":2091.83,"is_open":false,"enter_tag":"","leverage":2,"is_short":false,"open_timestamp":1771020900000,"close_timestamp":1771056000000,"orders":[{"amount":0.286,"safe_price":2044.82,"ft_order_side":"buy","order_filled_timestamp":1771020900000,"ft_is_entry":true,"ft_order_tag":"","cost":585.1109292599999},{"amount":0.286,"safe_price":2065.682125,"ft_order_side":"sell","order_filled_timestamp":1771056000000,"ft_is_entry":false,"ft_order_tag":"trailing_stop_loss","cost":591.0804802938749}],"funding_fees":-0.049538892177862226,"weekday":5},{"pair":"DOGE/USDT:USDT","stake_amount":295.8714,"max_stake_amount":295.8714,"amount":6120.0,"open_date":"2026-02-13 23:30:00+00:00","close_date":"2026-02-14 11:15:00+00:00","open_rate":0.09669,"close_rate":0.099,"fee_open":0.0005,"fee_close":0.0005,"trade_duration":705,"profit_ratio":0.04541379146132581,"profit_abs":13.44336038,"exit_reason":"trailing_stop_loss","initial_stop_loss_abs":0.09331,"initial_stop_loss_ratio":-0.07,"stop_loss_abs":0.099,"stop_loss_ratio":-0.025,"min_rate":0.09624,"max_rate":0.10025,"is_open":false,"enter_tag":"","leverage":2,"is_short":false,"open_timestamp":1771025400000,"close_timestamp":1771067700000,"orders":[{"amount":6120.0,"safe_price":0.09669,"ft_order_side":"buy","order_filled_timestamp":1771025400000,"ft_is_entry":true,"ft_order_tag":"","cost":592.0386714},{"amount":6120.0,"safe_price":0.099,"ft_order_side":"sell","order_filled_timestamp":1771067700000,"ft_is_entry":false,"ft_order_tag":"trailing_stop_loss","cost":606.1829399999999}],"funding_fees":-0.09502822405661523,"weekday":5},{"pair":"ETH/USDT:USDT","stake_amount":297.64944,"max_stake_amount":297.64944,"amount":0.288,"open_date":"2026-02-14 08:30:00+00:00","close_date":"2026-02-14 12:30:00+00:00","open_rate":2067.01,"close_rate":2081.205625,"fee_open":0.0005,"fee_close":0.0005,"trade_duration":240,"profit_ratio":0.011722690705677392,"profit_abs":3.49099695,"exit_reason":"trailing_stop_loss","initial_stop_loss_abs":1994.6646500000002,"initial_stop_loss_ratio":-0.07,"stop_loss_abs":2081.205625,"stop_loss_ratio":-0.025,"min_rate":2067.01,"max_rate":2107.55,"is_open":false,"enter_tag":"","leverage":2,"is_short":false,"open_timestamp":1771057800000,"close_timestamp":1771072200000,"orders":[{"amount":0.288,"safe_price":2067.01,"ft_order_side":"buy","order_filled_timestamp":1771057800000,"ft_is_entry":true,"ft_order_tag":"","cost":595.59652944},{"amount":0.288,"safe_price":2081.205625,"ft_order_side":"sell","order_filled_timestamp":1771072200000,"ft_is_entry":false,"ft_order_tag":"trailing_stop_loss","cost":599.6869136099999}],"funding_fees":0.0,"weekday":5},{"pair":"BTC/USDT:USDT","stake_amount":293.467175,"max_stake_amount":293.467175,"amount":0.0085,"open_date":"2026-02-14 01:00:00+00:00","close_date":"2026-02-14 12:45:00+00:00","open_rate":69051.1,"close_rate":69681.7525,"fee_open":0.0005,"fee_close":0.0005,"trade_duration":705,"profit_ratio":0.016262317316541722,"profit_abs":4.77484255,"exit_reason":"trailing_stop_loss","initial_stop_loss_abs":66634.31150000001,"initial_stop_loss_ratio":-0.07,"stop_loss_abs":69681.7525,"stop_loss_ratio":-0.025,"min_rate":68690.1,"max_rate":70563.8,"is_open":false,"enter_tag":"","leverage":2,"is_short":false,"open_timestamp":1771030800000,"close_timestamp":1771073100000,"orders":[{"amount":0.0085,"safe_price":69051.1,"ft_order_side":"buy","order_filled_timestamp":1771030800000,"ft_is_entry":true,"ft_order_tag":"","cost":587.227817175},{"amount":0.0085,"safe_price":69681.7525,"ft_order_side":"sell","order_filled_timestamp":1771073100000,"ft_is_entry":false,"ft_order_tag":"trailing_stop_loss","cost":592.5910436981251}],"funding_fees":0.003910921448356688,"weekday":5},{"pair":"DOGE/USDT:USDT","stake_amount":304.49185,"max_stake_amount":304.49185,"amount":6110.0,"open_date":"2026-02-14 13:45:00+00:00","close_date":"2026-02-14 14:45:00+00:00","open_rate":0.09967,"close_rate":0.10215,"fee_open":0.0005,"fee_close":0.0005,"trade_duration":60,"profit_ratio":0.04771548208037047,"profit_abs":14.5362399,"exit_reason":"trailing_stop_loss","initial_stop_loss_abs":0.09619,"initial_stop_loss_ratio":-0.07,"stop_loss_abs":0.10215,"stop_loss_ratio":-0.025,"min_rate":0.09963,"max_rate":0.10344,"is_open":false,"enter_tag":"","leverage":2,"is_short":false,"open_timestamp":1771076700000,"close_timestamp":1771080300000,"orders":[{"amount":6110.0,"safe_price":0.09967,"ft_order_side":"buy","order_filled_timestamp":1771076700000,"ft_is_entry":true,"ft_order_tag":"","cost":609.28819185},{"amount":6110.0,"safe_price":0.10215,"ft_order_side":"sell","order_filled_timestamp":1771080300000,"ft_is_entry":false,"ft_order_tag":"trailing_stop_loss","cost":624.44856825}],"funding_fees":0.0,"weekday":5},{"pair":"DOGE/USDT:USDT","stake_amount":309.515,"max_stake_amount":309.515,"amount":6010.0,"open_date":"2026-02-14 16:30:00+00:00","close_date":"2026-02-14 16:45:00+00:00","open_rate":0.103,"close_rate":0.10413,"fee_open":0.0005,"fee_close":0.0005,"trade_duration":15,"profit_ratio":0.019920816290883686,"profit_abs":6.16887435,"exit_reason":"trailing_stop_loss","initial_stop_loss_abs":0.0994,"initial_stop_loss_ratio":-0.07,"stop_loss_abs":0.10413,"stop_loss_ratio":-0.025,"min_rate":0.10241,"max_rate":0.10544,"is_open":false,"enter_tag":"","leverage":2,"is_short":false,"open_timestamp":1771086600000,"close_timestamp":1771087500000,"orders":[{"amount":6010.0,"safe_price":0.103,"ft_order_side":"buy","order_filled_timestamp":1771086600000,"ft_is_entry":true,"ft_order_tag":"","cost":619.3395149999999},{"amount":6010.0,"safe_price":0.10413,"ft_order_side":"sell","order_filled_timestamp":1771087500000,"ft_is_entry":false,"ft_order_tag":"trailing_stop_loss","cost":626.1342106499999}],"funding_fees":0.0,"weekday":5},{"pair":"DOGE/USDT:USDT","stake_amount":311.5079,"max_stake_amount":311.5079,"amount":5630.0,"open_date":"2026-02-14 23:30:00+00:00","close_date":"2026-02-15 01:00:00+00:00","open_rate":0.11066,"close_rate":0.11184,"fee_open":0.0005,"fee_close":0.0005,"trade_duration":90,"profit_ratio":0.019105845595185418,"profit_abs":5.95459765,"exit_reason":"trailing_stop_loss","initial_stop_loss_abs":0.10679,"initial_stop_loss_ratio":-0.07,"stop_loss_abs":0.11184,"stop_loss_ratio":-0.025,"min_rate":0.11042,"max_rate":0.11325,"is_open":false,"enter_tag":"","leverage":2,"is_short":false,"open_timestamp":1771111800000,"close_timestamp":1771117200000,"orders":[{"amount":5630.0,"safe_price":0.11066,"ft_order_side":"buy","order_filled_timestamp":1771111800000,"ft_is_entry":true,"ft_order_tag":"","cost":623.3273078999999},{"amount":5630.0,"safe_price":0.11184,"ft_order_side":"sell","order_filled_timestamp":1771117200000,"ft_is_entry":false,"ft_order_tag":"trailing_stop_loss","cost":629.9740295999999}],"funding_fees":-0.062464849999999995,"weekday":6},{"pair":"DOGE/USDT:USDT","stake_amount":313.208,"max_stake_amount":313.208,"amount":5600.0,"open_date":"2026-02-15 01:30:00+00:00","close_date":"2026-02-15 02:00:00+00:00","open_rate":0.11186,"close_rate":0.11314,"fee_open":0.0005,"fee_close":0.0005,"trade_duration":30,"profit_ratio":0.020863875232060354,"profit_abs":6.538,"exit_reason":"trailing_stop_loss","initial_stop_loss_abs":0.10795,"initial_stop_loss_ratio":-0.07,"stop_loss_abs":0.11314,"stop_loss_ratio":-0.025,"min_rate":0.11166,"max_rate":0.11457,"is_open":false,"enter_tag":"","leverage":2,"is_short":false,"open_timestamp":1771119000000,"close_timestamp":1771120800000,"orders":[{"amount":5600.0,"safe_price":0.11186,"ft_order_side":"buy","order_filled_timestamp":1771119000000,"ft_is_entry":true,"ft_order_tag":"","cost":626.729208},{"amount":5600.0,"safe_price":0.11314,"ft_order_side":"sell","order_filled_timestamp":1771120800000,"ft_is_entry":false,"ft_order_tag":"trailing_stop_loss","cost":633.900792}],"funding_fees":0.0,"weekday":6},{"pair":"DOGE/USDT:USDT","stake_amount":315.7232,"max_stake_amount":315.7232,"amount":5590.0,"open_date":"2026-02-15 02:15:00+00:00","close_date":"2026-02-15 03:00:00+00:00","open_rate":0.11296,"close_rate":0.11402,"fee_open":0.0005,"fee_close":0.0005,"trade_duration":45,"profit_ratio":0.01674994655646681,"profit_abs":5.2909909,"exit_reason":"trailing_stop_loss","initial_stop_loss_abs":0.10901,"initial_stop_loss_ratio":-0.07,"stop_loss_abs":0.11402,"stop_loss_ratio":-0.025,"min_rate":0.11186,"max_rate":0.11546,"is_open":false,"enter_tag":"","leverage":2,"is_short":false,"open_timestamp":1771121700000,"close_timestamp":1771124400000,"orders":[{"amount":5590.0,"safe_price":0.11296,"ft_order_side":"buy","order_filled_timestamp":1771121700000,"ft_is_entry":true,"ft_order_tag":"","cost":631.7621232},{"amount":5590.0,"safe_price":0.11402,"ft_order_side":"sell","order_filled_timestamp":1771124400000,"ft_is_entry":false,"ft_order_tag":"trailing_stop_loss","cost":637.6904859}],"funding_fees":0.0,"weekday":6},{"pair":"DOGE/USDT:USDT","stake_amount":317.3786,"max_stake_amount":317.3786,"amount":5570.0,"open_date":"2026-02-15 03:15:00+00:00","close_date":"2026-02-15 04:00:00+00:00","open_rate":0.11396,"close_rate":0.11608,"fee_open":0.0005,"fee_close":0.0005,"trade_duration":45,"profit_ratio":0.03516984926280278,"profit_abs":11.1677386,"exit_reason":"trailing_stop_loss","initial_stop_loss_abs":0.10998,"initial_stop_loss_ratio":-0.07,"stop_loss_abs":0.11608,"stop_loss_ratio":-0.025,"min_rate":0.11262,"max_rate":0.11754,"is_open":false,"enter_tag":"","leverage":2,"is_short":false,"open_timestamp":1771125300000,"close_timestamp":1771128000000,"orders":[{"amount":5570.0,"safe_price":0.11396,"ft_order_side":"buy","order_filled_timestamp":1771125300000,"ft_is_entry":true,"ft_order_tag":"","cost":635.0745786},{"amount":5570.0,"safe_price":0.11608,"ft_order_side":"sell","order_filled_timestamp":1771128000000,"ft_is_entry":false,"ft_order_tag":"trailing_stop_loss","cost":646.8888828}],"funding_fees":0.0,"weekday":6},{"pair":"DOGE/USDT:USDT","stake_amount":321.0042,"max_stake_amount":321.0042,"amount":5610.0,"open_date":"2026-02-15 04:30:00+00:00","close_date":"2026-02-15 06:00:00+00:00","open_rate":0.11444,"close_rate":0.11535,"fee_open":0.0005,"fee_close":0.0005,"trade_duration":90,"profit_ratio":0.013888634151990766,"profit_abs":4.46053905,"exit_reason":"trailing_stop_loss","initial_stop_loss_abs":0.11044,"initial_stop_loss_ratio":-0.07,"stop_loss_abs":0.11535,"stop_loss_ratio":-0.025,"min_rate":0.11429,"max_rate":0.1168,"is_open":false,"enter_tag":"","leverage":2,"is_short":false,"open_timestamp":1771129800000,"close_timestamp":1771135200000,"orders":[{"amount":5610.0,"safe_price":0.11444,"ft_order_side":"buy","order_filled_timestamp":1771129800000,"ft_is_entry":true,"ft_order_tag":"","cost":642.3294042},{"amount":5610.0,"safe_price":0.11535,"ft_order_side":"sell","order_filled_timestamp":1771135200000,"ft_is_entry":false,"ft_order_tag":"trailing_stop_loss","cost":647.4370567499999}],"funding_fees":0.0,"weekday":6},{"pair":"BTC/USDT:USDT","stake_amount":302.821335,"max_stake_amount":302.821335,"amount":0.0087,"open_date":"2026-02-14 13:00:00+00:00","close_date":"2026-02-15 12:15:00+00:00","open_rate":69614.1,"close_rate":70042.3875,"fee_open":0.0005,"fee_close":0.0005,"trade_duration":1395,"profit_ratio":0.010023556486274949,"profit_abs":3.03686443,"exit_reason":"trailing_stop_loss","initial_stop_loss_abs":67177.60650000001,"initial_stop_loss_ratio":-0.07,"stop_loss_abs":70042.3875,"stop_loss_ratio":-0.025,"min_rate":69194.0,"max_rate":70929.0,"is_open":false,"enter_tag":"","leverage":2,"is_short":false,"open_timestamp":1771074000000,"close_timestamp":1771157700000,"orders":[{"amount":0.0087,"safe_price":69614.1,"ft_order_side":"buy","order_filled_timestamp":1771074000000,"ft_is_entry":true,"ft_order_tag":"","cost":605.9454913349999},{"amount":0.0087,"safe_price":70042.3875,"ft_order_side":"sell","order_filled_timestamp":1771157700000,"ft_is_entry":false,"ft_order_tag":"trailing_stop_loss","cost":609.6734556356248}],"funding_fees":-0.08173110311329325,"weekday":6},{"pair":"DOGE/USDT:USDT","stake_amount":322.3632,"max_stake_amount":322.3632,"amount":5620.0,"open_date":"2026-02-15 06:15:00+00:00","close_date":"2026-02-15 12:45:00+00:00","open_rate":0.11472,"close_rate":0.11071,"fee_open":0.0005,"fee_close":0.0005,"trade_duration":390,"profit_ratio":-0.07190658574384194,"profit_abs":-23.1916271,"exit_reason":"stop_loss","initial_stop_loss_abs":0.11071,"initial_stop_loss_ratio":-0.07,"stop_loss_abs":0.11071,"stop_loss_ratio":-0.07,"min_rate":0.10856,"max_rate":0.11663,"is_open":false,"enter_tag":"","leverage":2,"is_short":false,"open_timestamp":1771136100000,"close_timestamp":1771159500000,"orders":[{"amount":5620.0,"safe_price":0.11472,"ft_order_side":"buy","order_filled_timestamp":1771136100000,"ft_is_entry":true,"ft_order_tag":"","cost":645.0487631999999},{"amount":5620.0,"safe_price":0.11071,"ft_order_side":"sell","order_filled_timestamp":1771159500000,"ft_is_entry":false,"ft_order_tag":"stop_loss","cost":622.5012951}],"funding_fees":-0.02196880348099949,"weekday":6},{"pair":"ETH/USDT:USDT","stake_amount":304.375725,"max_stake_amount":304.375725,"amount":0.293,"open_date":"2026-02-14 12:45:00+00:00","close_date":"2026-02-15 13:00:00+00:00","open_rate":2077.65,"close_rate":2009.54,"fee_open":0.0005,"fee_close":0.0005,"trade_duration":1455,"profit_ratio":-0.06799723327611555,"profit_abs":-20.70705553,"exit_reason":"exit_signal","initial_stop_loss_abs":2004.93225,"initial_stop_loss_ratio":-0.07,"stop_loss_abs":2004.93225,"stop_loss_ratio":-0.07,"min_rate":2008.43,"max_rate":2102.8,"is_open":false,"enter_tag":"","leverage":2,"is_short":false,"open_timestamp":1771073100000,"close_timestamp":1771160400000,"orders":[{"amount":0.293,"safe_price":2077.65,"ft_order_side":"buy","order_filled_timestamp":1771073100000,"ft_is_entry":true,"ft_order_tag":"","cost":609.055825725},{"amount":0.293,"safe_price":2009.54,"ft_order_side":"sell","order_filled_timestamp":1771160400000,"ft_is_entry":false,"ft_order_tag":"exit_signal","cost":589.0896176099999}],"funding_fees":-0.1520521916558123,"weekday":6},{"pair":"DOGE/USDT:USDT","stake_amount":309.0763,"max_stake_amount":309.0763,"amount":5980.0,"open_date":"2026-02-16 05:00:00+00:00","close_date":"2026-02-16 13:30:00+00:00","open_rate":0.10337,"close_rate":0.10054,"fee_open":0.0005,"fee_close":0.0005,"trade_duration":510,"profit_ratio":-0.05680027081089487,"profit_abs":-17.56439535,"exit_reason":"exit_signal","initial_stop_loss_abs":0.09976,"initial_stop_loss_ratio":-0.07,"stop_loss_abs":0.09976,"stop_loss_ratio":-0.07,"min_rate":0.10017,"max_rate":0.10355,"is_open":false,"enter_tag":"","leverage":2,"is_short":false,"open_timestamp":1771218000000,"close_timestamp":1771248600000,"orders":[{"amount":5980.0,"safe_price":0.10337,"ft_order_side":"buy","order_filled_timestamp":1771218000000,"ft_is_entry":true,"ft_order_tag":"","cost":618.4616763},{"amount":5980.0,"safe_price":0.10054,"ft_order_side":"sell","order_filled_timestamp":1771248600000,"ft_is_entry":false,"ft_order_tag":"exit_signal","cost":601.5298146}],"funding_fees":-0.03130445424898405,"weekday":0}],"locks":[],"best_pair":{"key":"DOGE/USDT:USDT","trades":16,"profit_mean":0.002068475432677105,"profit_mean_pct":0.21,"profit_total_abs":7.125338079999999,"profit_total":0.007125338079999999,"profit_total_pct":0.71,"duration_avg":"6:53:00","wins":12,"draws":0,"losses":4,"winrate":0.75,"cagr":0.09697294741364071,"expectancy":0.4453336299999986,"expectancy_ratio":0.020535939867508235,"sortino":2.012104589301776,"sharpe":0.3701055335945088,"calmar":10.641245151608647,"sqn":0.1313,"profit_factor":1.0821437594700327,"max_drawdown_account":0.045687924317957644,"max_drawdown_abs":45.98627089},"worst_pair":{"key":"ETH/USDT:USDT","trades":8,"profit_mean":-0.027250696980712596,"profit_mean_pct":-2.73,"profit_total_abs":-67.72684776,"profit_total":-0.06772684776,"profit_total_pct":-6.77,"duration_avg":"11:36:00","wins":4,"draws":0,"losses":4,"winrate":0.5,"cagr":-0.5991576828124618,"expectancy":-8.46585597,"expectancy_ratio":-0.38784943462466914,"sortino":-37.376179979690015,"sharpe":-3.445394560106575,"calmar":-64.38876291930436,"sqn":-1.67,"profit_factor":0.22430113075066166,"max_drawdown_account":0.07176937797098659,"max_drawdown_abs":72.08194025},"results_per_pair":[{"key":"DOGE/USDT:USDT","trades":16,"profit_mean":0.002068475432677105,"profit_mean_pct":0.21,"profit_total_abs":7.125338079999999,"profit_total":0.007125338079999999,"profit_total_pct":0.71,"duration_avg":"6:53:00","wins":12,"draws":0,"losses":4,"winrate":0.75,"cagr":0.09697294741364071,"expectancy":0.4453336299999986,"expectancy_ratio":0.020535939867508235,"sortino":2.012104589301776,"sharpe":0.3701055335945088,"calmar":10.641245151608647,"sqn":0.1313,"profit_factor":1.0821437594700327,"max_drawdown_account":0.045687924317957644,"max_drawdown_abs":45.98627089},{"key":"BTC/USDT:USDT","trades":4,"profit_mean":-0.001248084574040896,"profit_mean_pct":-0.12,"profit_total_abs":-3.404744999999999,"profit_total":-0.003404744999999999,"profit_total_pct":-0.34,"duration_avg":"19:15:00","wins":3,"draws":0,"losses":1,"winrate":0.75,"cagr":-0.043485194943883254,"expectancy":-0.8511862499999996,"expectancy_ratio":-0.038080859990660354,"sortino":-100,"sharpe":-0.18185805858073767,"calmar":-10.393340122644105,"sqn":-0.1154,"profit_factor":0.8476765600373583,"max_drawdown_account":0.022352075300000024,"max_drawdown_abs":22.3520753},{"key":"SOL/USDT:USDT","trades":2,"profit_mean":-0.02483440584652904,"profit_mean_pct":-2.48,"profit_total_abs":-16.46971494,"profit_total":-0.016469714939999998,"profit_total_pct":-1.65,"duration_avg":"1 day, 4:45:00","wins":1,"draws":0,"losses":1,"winrate":0.5,"cagr":-0.1946530752461082,"expectancy":-8.23485747,"expectancy_ratio":-0.39058779226706963,"sortino":-100,"sharpe":-0.8746331065149553,"calmar":-53.30120923975908,"sqn":-0.6409,"profit_factor":0.21882441546586068,"max_drawdown_account":0.021083243339999967,"max_drawdown_abs":21.08324334},{"key":"ETH/USDT:USDT","trades":8,"profit_mean":-0.027250696980712596,"profit_mean_pct":-2.73,"profit_total_abs":-67.72684776,"profit_total":-0.06772684776,"profit_total_pct":-6.77,"duration_avg":"11:36:00","wins":4,"draws":0,"losses":4,"winrate":0.5,"cagr":-0.5991576828124618,"expectancy":-8.46585597,"expectancy_ratio":-0.38784943462466914,"sortino":-37.376179979690015,"sharpe":-3.445394560106575,"calmar":-64.38876291930436,"sqn":-1.67,"profit_factor":0.22430113075066166,"max_drawdown_account":0.07176937797098659,"max_drawdown_abs":72.08194025},{"key":"TOTAL","trades":30,"profit_mean":-0.00798570396373629,"profit_mean_pct":-0.8,"profit_total_abs":-80.47596962,"profit_total":-0.08047596962,"profit_total_pct":-8.05,"duration_avg":"11:15:00","wins":20,"draws":0,"losses":10,"winrate":0.6666666666666666,"cagr":-0.6650200871970191,"expectancy":-2.6825323206666667,"expectancy_ratio":-0.12334142078365873,"sortino":-31.537077906150266,"sharpe":-3.9898577716468973,"calmar":-40.61368664422912,"sqn":-1.0497,"profit_factor":0.6299757376490239,"max_drawdown_account":0.13520171645000004,"max_drawdown_abs":135.20171645}],"results_per_enter_tag":[{"key":"","trades":30,"profit_mean":-0.00798570396373629,"profit_mean_pct":-0.8,"profit_total_abs":-80.47596962,"profit_total":-0.08047596962,"profit_total_pct":-8.05,"duration_avg":"11:15:00","wins":20,"draws":0,"losses":10,"winrate":0.6666666666666666,"cagr":-0.6650200871970191,"expectancy":-2.6825323206666667,"expectancy_ratio":-0.12334142078365873,"sortino":-31.537077906150266,"sharpe":-3.9898577716468973,"calmar":-40.61368664422912,"sqn":-1.0497,"profit_factor":0.6299757376490239,"max_drawdown_account":0.13520171645000004,"max_drawdown_abs":135.20171645},{"key":"TOTAL","trades":30,"profit_mean":-0.00798570396373629,"profit_mean_pct":-0.8,"profit_total_abs":-80.47596962,"profit_total":-0.08047596962,"profit_total_pct":-8.05,"duration_avg":"11:15:00","wins":20,"draws":0,"losses":10,"winrate":0.6666666666666666,"cagr":-0.6650200871970191,"expectancy":-2.6825323206666667,"expectancy_ratio":-0.12334142078365873,"sortino":-31.537077906150266,"sharpe":-3.9898577716468973,"calmar":-40.61368664422912,"sqn":-1.0497,"profit_factor":0.6299757376490239,"max_drawdown_account":0.13520171645000004,"max_drawdown_abs":135.20171645}],"exit_reason_summary":[{"key":"trailing_stop_loss","trades":20,"profit_mean":0.022663370466966124,"profit_mean_pct":2.27,"profit_total_abs":137.01238941,"profit_total":0.13701238941,"profit_total_pct":13.7,"duration_avg":"9:38:00","wins":20,"draws":0,"losses":0,"winrate":1.0,"cagr":4.332602046334758,"expectancy":6.8506194705,"expectancy_ratio":100.0,"sortino":-100,"sharpe":29.636106545562676,"calmar":-100,"sqn":9.4663,"profit_factor":0.0,"max_drawdown_account":0.0,"max_drawdown_abs":0.0},{"key":"exit_signal","trades":3,"profit_mean":-0.06291611176669039,"profit_mean_pct":-6.29,"profit_total_abs":-59.35469422,"profit_total":-0.05935469422,"profit_total_pct":-5.94,"duration_avg":"22:50:00","wins":0,"draws":0,"losses":3,"winrate":0.0,"cagr":-0.5496112567045335,"expectancy":-19.784898073333334,"expectancy_ratio":-1.0,"sortino":-25.670808149809535,"sharpe":-25.670808149809535,"calmar":-68.23204705193851,"sqn":-17.7356,"profit_factor":0.0,"max_drawdown_account":0.05935469422000005,"max_drawdown_abs":59.35469422},{"key":"stop_loss","trades":7,"profit_mean":-0.07201288470733429,"profit_mean_pct":-7.2,"profit_total_abs":-158.13366481,"profit_total":-0.15813366481,"profit_total_pct":-15.81,"duration_avg":"10:56:00","wins":0,"draws":0,"losses":7,"winrate":0.0,"cagr":-0.8939548102822568,"expectancy":-22.590523544285713,"expectancy_ratio":-1.0,"sortino":-113.56604141910624,"sharpe":-113.56604141910624,"calmar":-68.23204705193855,"sqn":-58.2422,"profit_factor":0.0,"max_drawdown_account":0.15813366481000002,"max_drawdown_abs":158.13366481},{"key":"TOTAL","trades":30,"profit_mean":-0.00798570396373629,"profit_mean_pct":-0.8,"profit_total_abs":-80.47596962,"profit_total":-0.08047596962,"profit_total_pct":-8.05,"duration_avg":"11:15:00","wins":20,"draws":0,"losses":10,"winrate":0.6666666666666666,"cagr":-0.6650200871970191,"expectancy":-2.6825323206666667,"expectancy_ratio":-0.12334142078365873,"sortino":-31.537077906150266,"sharpe":-3.9898577716468973,"calmar":-40.61368664422912,"sqn":-1.0497,"profit_factor":0.6299757376490239,"max_drawdown_account":0.13520171645000004,"max_drawdown_abs":135.20171645}],"mix_tag_stats":[{"key":["","trailing_stop_loss"],"trades":20,"profit_mean":0.022663370466966124,"profit_mean_pct":2.27,"profit_total_abs":137.01238941,"profit_total":0.13701238941,"profit_total_pct":13.7,"duration_avg":"9:38:00","wins":20,"draws":0,"losses":0,"winrate":1.0,"cagr":4.332602046334758,"expectancy":6.8506194705,"expectancy_ratio":100.0,"sortino":-100,"sharpe":29.636106545562676,"calmar":-100,"sqn":9.4663,"profit_factor":0.0,"max_drawdown_account":0.0,"max_drawdown_abs":0.0},{"key":["","exit_signal"],"trades":3,"profit_mean":-0.06291611176669039,"profit_mean_pct":-6.29,"profit_total_abs":-59.35469422,"profit_total":-0.05935469422,"profit_total_pct":-5.94,"duration_avg":"22:50:00","wins":0,"draws":0,"losses":3,"winrate":0.0,"cagr":-0.5496112567045335,"expectancy":-19.784898073333334,"expectancy_ratio":-1.0,"sortino":-25.670808149809535,"sharpe":-25.670808149809535,"calmar":-68.23204705193851,"sqn":-17.7356,"profit_factor":0.0,"max_drawdown_account":0.05935469422000005,"max_drawdown_abs":59.35469422},{"key":["","stop_loss"],"trades":7,"profit_mean":-0.07201288470733429,"profit_mean_pct":-7.2,"profit_total_abs":-158.13366481,"profit_total":-0.15813366481,"profit_total_pct":-15.81,"duration_avg":"10:56:00","wins":0,"draws":0,"losses":7,"winrate":0.0,"cagr":-0.8939548102822568,"expectancy":-22.590523544285713,"expectancy_ratio":-1.0,"sortino":-113.56604141910624,"sharpe":-113.56604141910624,"calmar":-68.23204705193855,"sqn":-58.2422,"profit_factor":0.0,"max_drawdown_account":0.15813366481000002,"max_drawdown_abs":158.13366481},{"key":"TOTAL","trades":30,"profit_mean":-0.00798570396373629,"profit_mean_pct":-0.8,"profit_total_abs":-80.47596962,"profit_total":-0.08047596962,"profit_total_pct":-8.05,"duration_avg":"11:15:00","wins":20,"draws":0,"losses":10,"winrate":0.6666666666666666,"cagr":-0.6650200871970191,"expectancy":-2.6825323206666667,"expectancy_ratio":-0.12334142078365873,"sortino":-31.537077906150266,"sharpe":-3.9898577716468973,"calmar":-40.61368664422912,"sqn":-1.0497,"profit_factor":0.6299757376490239,"max_drawdown_account":0.13520171645000004,"max_drawdown_abs":135.20171645}],"left_open_trades":[{"key":"TOTAL","trades":0,"profit_mean":0.0,"profit_mean_pct":0.0,"profit_total_abs":0.0,"profit_total":0.0,"profit_total_pct":0.0,"duration_avg":"0:00","wins":0,"draws":0,"losses":0,"winrate":0.0,"cagr":0.0,"expectancy":0.0,"expectancy_ratio":100.0,"sortino":0,"sharpe":0,"calmar":0,"sqn":0.0,"profit_factor":0.0,"max_drawdown_account":0.0,"max_drawdown_abs":0.0}],"total_trades":30,"trade_count_long":30,"trade_count_short":0,"total_volume":36866.649654170695,"avg_stake_amount":307.577061,"profit_mean":-0.00798570396373629,"profit_median":0.0152721684182722,"profit_total":-0.08047596962,"profit_total_long":-0.08047596962,"profit_total_short":0.0,"profit_total_abs":-80.47596962,"profit_total_long_abs":-80.47596962,"profit_total_short_abs":0.0,"cagr":-0.6650200871970191,"expectancy":-2.6825323206666667,"expectancy_ratio":-0.12334142078365873,"sortino":-31.537077906150266,"sharpe":-3.9898577716468973,"calmar":-40.61368664422912,"sqn":-1.0497,"profit_factor":0.6299757376490239,"backtest_start":"2026-01-22 02:00:00","backtest_start_ts":1769047200000,"backtest_end":"2026-02-20 00:00:00","backtest_end_ts":1771545600000,"backtest_days":28,"backtest_run_start_ts":1771553454,"backtest_run_end_ts":1771553455,"trades_per_day":1.07,"market_change":-0.3004948512428234,"pairlist":["BTC/USDT:USDT","ETH/USDT:USDT","SOL/USDT:USDT","DOGE/USDT:USDT"],"stake_amount":"unlimited","stake_currency":"USDT","stake_currency_decimals":3,"starting_balance":1000,"dry_run_wallet":1000,"final_balance":919.52403038,"rejected_signals":0,"timedout_entry_orders":0,"timedout_exit_orders":0,"canceled_trade_entries":0,"canceled_entry_orders":0,"replaced_entry_orders":0,"max_open_trades":3,"max_open_trades_setting":3,"timeframe":"15m","timeframe_detail":"","timerange":"20260120-20260220","enable_protections":false,"strategy_name":"SupertrendFuturesStrategyV2","freqaimodel":null,"freqai_identifier":null,"stoploss":-0.07,"trailing_stop":true,"trailing_stop_positive":0.025,"trailing_stop_positive_offset":0.035,"trailing_only_offset_is_reached":true,"use_custom_stoploss":false,"minimal_roi":{"0":0.08},"use_exit_signal":true,"exit_profit_only":false,"exit_profit_offset":0.0,"ignore_roi_if_entry_signal":false,"trading_mode":"futures","margin_mode":"isolated","periodic_breakdown":{"day":[{"date":"23/01/2026","date_ts":1769126400000,"profit_abs":-21.08324334,"wins":0,"draws":0,"losses":1,"trades":1,"profit_factor":0.0},{"date":"24/01/2026","date_ts":1769212800000,"profit_abs":0.0,"wins":0,"draws":0,"losses":0,"trades":0,"profit_factor":0.0},{"date":"25/01/2026","date_ts":1769299200000,"profit_abs":0.0,"wins":0,"draws":0,"losses":0,"trades":0,"profit_factor":0.0},{"date":"26/01/2026","date_ts":1769385600000,"profit_abs":0.0,"wins":0,"draws":0,"losses":0,"trades":0,"profit_factor":0.0},{"date":"27/01/2026","date_ts":1769472000000,"profit_abs":0.0,"wins":0,"draws":0,"losses":0,"trades":0,"profit_factor":0.0},{"date":"28/01/2026","date_ts":1769558400000,"profit_abs":15.49871777,"wins":3,"draws":0,"losses":0,"trades":3,"profit_factor":0.0},{"date":"29/01/2026","date_ts":1769644800000,"profit_abs":-47.12980423,"wins":0,"draws":0,"losses":2,"trades":2,"profit_factor":0.0},{"date":"30/01/2026","date_ts":1769731200000,"profit_abs":0.0,"wins":0,"draws":0,"losses":0,"trades":0,"profit_factor":0.0},{"date":"31/01/2026","date_ts":1769817600000,"profit_abs":0.0,"wins":0,"draws":0,"losses":0,"trades":0,"profit_factor":0.0},{"date":"01/02/2026","date_ts":1769904000000,"profit_abs":0.0,"wins":0,"draws":0,"losses":0,"trades":0,"profit_factor":0.0},{"date":"02/02/2026","date_ts":1769990400000,"profit_abs":0.0,"wins":0,"draws":0,"losses":0,"trades":0,"profit_factor":0.0},{"date":"03/02/2026","date_ts":1770076800000,"profit_abs":0.0,"wins":0,"draws":0,"losses":0,"trades":0,"profit_factor":0.0},{"date":"04/02/2026","date_ts":1770163200000,"profit_abs":0.0,"wins":0,"draws":0,"losses":0,"trades":0,"profit_factor":0.0},{"date":"05/02/2026","date_ts":1770249600000,"profit_abs":0.0,"wins":0,"draws":0,"losses":0,"trades":0,"profit_factor":0.0},{"date":"06/02/2026","date_ts":1770336000000,"profit_abs":0.0,"wins":0,"draws":0,"losses":0,"trades":0,"profit_factor":0.0},{"date":"07/02/2026","date_ts":1770422400000,"profit_abs":0.0,"wins":0,"draws":0,"losses":0,"trades":0,"profit_factor":0.0},{"date":"08/02/2026","date_ts":1770508800000,"profit_abs":0.0,"wins":0,"draws":0,"losses":0,"trades":0,"profit_factor":0.0},{"date":"09/02/2026","date_ts":1770595200000,"profit_abs":0.0,"wins":0,"draws":0,"losses":0,"trades":0,"profit_factor":0.0},{"date":"10/02/2026","date_ts":1770681600000,"profit_abs":0.0,"wins":0,"draws":0,"losses":0,"trades":0,"profit_factor":0.0},{"date":"11/02/2026","date_ts":1770768000000,"profit_abs":-44.85660227,"wins":0,"draws":0,"losses":2,"trades":2,"profit_factor":0.0},{"date":"12/02/2026","date_ts":1770854400000,"profit_abs":-37.63078438,"wins":1,"draws":0,"losses":2,"trades":3,"profit_factor":0.12396155},{"date":"13/02/2026","date_ts":1770940800000,"profit_abs":31.996553,"wins":4,"draws":0,"losses":0,"trades":4,"profit_factor":0.0},{"date":"14/02/2026","date_ts":1771027200000,"profit_abs":47.74354118,"wins":6,"draws":0,"losses":0,"trades":6,"profit_factor":0.0},{"date":"15/02/2026","date_ts":1771113600000,"profit_abs":-7.449952,"wins":6,"draws":0,"losses":2,"trades":8,"profit_factor":0.83029213},{"date":"16/02/2026","date_ts":1771200000000,"profit_abs":-17.56439535,"wins":0,"draws":0,"losses":1,"trades":1,"profit_factor":0.0}],"week":[{"date":"26/01/2026","date_ts":1769385600000,"profit_abs":-21.08324334,"wins":0,"draws":0,"losses":1,"trades":1,"profit_factor":0.0},{"date":"02/02/2026","date_ts":1769990400000,"profit_abs":-31.63108646,"wins":3,"draws":0,"losses":2,"trades":5,"profit_factor":0.32885173},{"date":"09/02/2026","date_ts":1770595200000,"profit_abs":0.0,"wins":0,"draws":0,"losses":0,"trades":0,"profit_factor":0.0},{"date":"16/02/2026","date_ts":1771200000000,"profit_abs":-27.76163982,"wins":17,"draws":0,"losses":7,"trades":24,"profit_factor":0.8140239}],"month":[{"date":"31/01/2026","date_ts":1769817600000,"profit_abs":-52.7143298,"wins":3,"draws":0,"losses":3,"trades":6,"profit_factor":0.22721046},{"date":"28/02/2026","date_ts":1772236800000,"profit_abs":-27.76163982,"wins":17,"draws":0,"losses":7,"trades":24,"profit_factor":0.8140239}],"year":[{"date":"31/12/2026","date_ts":1798675200000,"profit_abs":-80.47596962,"wins":20,"draws":0,"losses":10,"trades":30,"profit_factor":0.62997574}],"weekday":[{"date":"Monday","date_ts":0,"profit_abs":-17.56439535,"wins":0,"draws":0,"losses":1,"trades":1,"profit_factor":0.0},{"date":"Wednesday","date_ts":2,"profit_abs":-29.3578845,"wins":3,"draws":0,"losses":2,"trades":5,"profit_factor":0.34551698},{"date":"Thursday","date_ts":3,"profit_abs":-84.76058861,"wins":1,"draws":0,"losses":4,"trades":5,"profit_factor":0.05910885},{"date":"Friday","date_ts":4,"profit_abs":10.91330966,"wins":4,"draws":0,"losses":1,"trades":5,"profit_factor":1.51762955},{"date":"Saturday","date_ts":5,"profit_abs":47.74354118,"wins":6,"draws":0,"losses":0,"trades":6,"profit_factor":0.0},{"date":"Sunday","date_ts":6,"profit_abs":-7.449952,"wins":6,"draws":0,"losses":2,"trades":8,"profit_factor":0.83029213}]},"backtest_best_day":0.1592512233226312,"backtest_worst_day":-0.1443271117288561,"backtest_best_day_abs":47.74354118,"backtest_worst_day_abs":-47.12980423,"winning_days":3,"draw_days":16,"losing_days":6,"daily_profit":[["2026-01-23",-21.08324334],["2026-01-24",0.0],["2026-01-25",0.0],["2026-01-26",0.0],["2026-01-27",0.0],["2026-01-28",15.49871777],["2026-01-29",-47.12980423],["2026-01-30",0.0],["2026-01-31",0.0],["2026-02-01",0.0],["2026-02-02",0.0],["2026-02-03",0.0],["2026-02-04",0.0],["2026-02-05",0.0],["2026-02-06",0.0],["2026-02-07",0.0],["2026-02-08",0.0],["2026-02-09",0.0],["2026-02-10",0.0],["2026-02-11",-44.85660227],["2026-02-12",-37.63078438],["2026-02-13",31.996553],["2026-02-14",47.74354118],["2026-02-15",-7.449952],["2026-02-16",-17.56439535]],"wins":20,"losses":10,"draws":0,"winrate":0.6666666666666666,"holding_avg":"11:15:00","holding_avg_s":40500.0,"winner_holding_min":"0d 00:15","winner_holding_min_s":900.0,"winner_holding_max":"1d 01:30","winner_holding_max_s":91800.0,"winner_holding_avg":"0d 09:38","winner_holding_avg_s":34680.0,"loser_holding_min":"0d 00:30","loser_holding_min_s":1800.0,"loser_holding_max":"1d 11:45","loser_holding_max_s":128700.0,"loser_holding_avg":"0d 14:30","loser_holding_avg_s":52200.0,"max_consecutive_wins":16,"max_consecutive_losses":4,"max_drawdown_account":0.13520171645000004,"max_relative_drawdown":0.13520171645000004,"max_drawdown_abs":135.20171645,"drawdown_start":"2026-01-23 14:45:00","drawdown_start_ts":1769179500000.0,"drawdown_end":"2026-02-12 16:45:00","drawdown_end_ts":1770914700000.0,"drawdown_duration":"20 days 02:00:00","drawdown_duration_s":1735200.0,"max_drawdown_low":-135.20171645,"max_drawdown_high":0.0,"csum_min":864.79828355,"csum_max":994.41547443}},"strategy_comparison":[{"key":"SupertrendFuturesStrategyV2","trades":30,"profit_mean":-0.00798570396373629,"profit_mean_pct":-0.8,"profit_total_abs":-80.47596962,"profit_total":-0.08047596962,"profit_total_pct":-8.05,"duration_avg":"11:15:00","wins":20,"draws":0,"losses":10,"winrate":0.6666666666666666,"cagr":-0.6650200871970191,"expectancy":-2.6825323206666667,"expectancy_ratio":-0.12334142078365873,"sortino":-31.537077906150266,"sharpe":-3.9898577716468973,"calmar":-40.61368664422912,"sqn":-1.0497,"profit_factor":0.6299757376490239,"max_drawdown_account":0.13520171645000004,"max_drawdown_abs":"135.202"}]}