{"strategy":{"SupertrendFuturesStrategyV8_1":{"trades":[{"pair":"DOGE/USDT:USDT","stake_amount":99.7107,"max_stake_amount":99.7107,"amount":1570.0,"open_date":"2026-01-02 03:30:00+00:00","close_date":"2026-01-02 04:00:00+00:00","open_rate":0.12702,"close_rate":0.12815,"fee_open":0.0005,"fee_close":0.0005,"trade_duration":30,"profit_ratio":0.01577568954461519,"profit_abs":1.57379155,"exit_reason":"trailing_stop_loss","initial_stop_loss_abs":0.12512,"initial_stop_loss_ratio":-0.03,"stop_loss_abs":0.12815,"stop_loss_ratio":-0.02,"min_rate":0.12702,"max_rate":0.12944,"is_open":false,"enter_tag":"","leverage":2,"is_short":false,"open_timestamp":1767324600000,"close_timestamp":1767326400000,"orders":[{"amount":1570.0,"safe_price":0.12702,"ft_order_side":"buy","order_filled_timestamp":1767324600000,"ft_is_entry":true,"ft_order_tag":"","cost":199.52111069999998},{"amount":1570.0,"safe_price":0.12815,"ft_order_side":"sell","order_filled_timestamp":1767326400000,"ft_is_entry":false,"ft_order_tag":"trailing_stop_loss","cost":201.29609774999997}],"funding_fees":0.0,"weekday":4},{"pair":"DOGE/USDT:USDT","stake_amount":99.9024,"max_stake_amount":99.9024,"amount":1560.0,"open_date":"2026-01-02 08:30:00+00:00","close_date":"2026-01-02 09:30:00+00:00","open_rate":0.12808,"close_rate":0.13205246623311653,"fee_open":0.0005,"fee_close":0.0005,"trade_duration":60,"profit_ratio":0.059970014992503755,"profit_abs":5.994144,"exit_reason":"roi","initial_stop_loss_abs":0.12616,"initial_stop_loss_ratio":-0.03,"stop_loss_abs":0.1335,"stop_loss_ratio":-0.02,"min_rate":0.12799,"max_rate":0.13484,"is_open":false,"enter_tag":"","leverage":2,"is_short":false,"open_timestamp":1767342600000,"close_timestamp":1767346200000,"orders":[{"amount":1560.0,"safe_price":0.12808,"ft_order_side":"buy","order_filled_timestamp":1767342600000,"ft_is_entry":true,"ft_order_tag":"","cost":199.9047024},{"amount":1560.0,"safe_price":0.13205246623311653,"ft_order_side":"sell","order_filled_timestamp":1767346200000,"ft_is_entry":false,"ft_order_tag":"roi","cost":206.10484824732362}],"funding_fees":0.0,"weekday":4},{"pair":"DOGE/USDT:USDT","stake_amount":99.7956,"max_stake_amount":99.7956,"amount":1520.0,"open_date":"2026-01-02 13:00:00+00:00","close_date":"2026-01-02 14:30:00+00:00","open_rate":0.13131,"close_rate":0.13397,"fee_open":0.0005,"fee_close":0.0005,"trade_duration":90,"profit_ratio":0.03847531721154882,"profit_abs":3.8415872,"exit_reason":"trailing_stop_loss","initial_stop_loss_abs":0.12935,"initial_stop_loss_ratio":-0.03,"stop_loss_abs":0.13397,"stop_loss_ratio":-0.02,"min_rate":0.1295,"max_rate":0.13532,"is_open":false,"enter_tag":"","leverage":2,"is_short":false,"open_timestamp":1767358800000,"close_timestamp":1767364200000,"orders":[{"amount":1520.0,"safe_price":0.13131,"ft_order_side":"buy","order_filled_timestamp":1767358800000,"ft_is_entry":true,"ft_order_tag":"","cost":199.6909956},{"amount":1520.0,"safe_price":0.13397,"ft_order_side":"sell","order_filled_timestamp":1767364200000,"ft_is_entry":false,"ft_order_tag":"trailing_stop_loss","cost":203.7362172}],"funding_fees":0.0,"weekday":4},{"pair":"DOGE/USDT:USDT","stake_amount":99.7704,"max_stake_amount":99.7704,"amount":1490.0,"open_date":"2026-01-02 15:00:00+00:00","close_date":"2026-01-02 15:30:00+00:00","open_rate":0.13392,"close_rate":0.13487,"fee_open":0.0005,"fee_close":0.0005,"trade_duration":30,"profit_ratio":0.012174393687266282,"profit_abs":1.21525145,"exit_reason":"trailing_stop_loss","initial_stop_loss_abs":0.13192,"initial_stop_loss_ratio":-0.03,"stop_loss_abs":0.13487,"stop_loss_ratio":-0.02,"min_rate":0.13298,"max_rate":0.13623,"is_open":false,"enter_tag":"","leverage":2,"is_short":false,"open_timestamp":1767366000000,"close_timestamp":1767367800000,"orders":[{"amount":1490.0,"safe_price":0.13392,"ft_order_side":"buy","order_filled_timestamp":1767366000000,"ft_is_entry":true,"ft_order_tag":"","cost":199.6405704},{"amount":1490.0,"safe_price":0.13487,"ft_order_side":"sell","order_filled_timestamp":1767367800000,"ft_is_entry":false,"ft_order_tag":"trailing_stop_loss","cost":201.05677814999999}],"funding_fees":0.0,"weekday":4},{"pair":"DOGE/USDT:USDT","stake_amount":99.3573,"max_stake_amount":99.3573,"amount":1470.0,"open_date":"2026-01-02 16:00:00+00:00","close_date":"2026-01-02 16:30:00+00:00","open_rate":0.13518,"close_rate":0.13715,"fee_open":0.0005,"fee_close":0.0005,"trade_duration":30,"profit_ratio":0.027031489403385064,"profit_abs":2.68711869,"exit_reason":"trailing_stop_loss","initial_stop_loss_abs":0.13316,"initial_stop_loss_ratio":-0.03,"stop_loss_abs":0.13715,"stop_loss_ratio":-0.02,"min_rate":0.1347,"max_rate":0.13853,"is_open":false,"enter_tag":"","leverage":2,"is_short":false,"open_timestamp":1767369600000,"close_timestamp":1767371400000,"orders":[{"amount":1470.0,"safe_price":0.13518,"ft_order_side":"buy","order_filled_timestamp":1767369600000,"ft_is_entry":true,"ft_order_tag":"","cost":198.81395729999997},{"amount":1470.0,"safe_price":0.13715,"ft_order_side":"sell","order_filled_timestamp":1767371400000,"ft_is_entry":false,"ft_order_tag":"trailing_stop_loss","cost":201.71130524999998}],"funding_fees":-0.008618757482398043,"weekday":4},{"pair":"DOGE/USDT:USDT","stake_amount":99.576,"max_stake_amount":99.576,"amount":1440.0,"open_date":"2026-01-02 17:00:00+00:00","close_date":"2026-01-02 20:30:00+00:00","open_rate":0.1383,"close_rate":0.13916,"fee_open":0.0005,"fee_close":0.0005,"trade_duration":210,"profit_ratio":0.010425300726354104,"profit_abs":1.0386288,"exit_reason":"trailing_stop_loss","initial_stop_loss_abs":0.13623,"initial_stop_loss_ratio":-0.03,"stop_loss_abs":0.13916,"stop_loss_ratio":-0.02,"min_rate":0.13726,"max_rate":0.14056,"is_open":false,"enter_tag":"","leverage":2,"is_short":false,"open_timestamp":1767373200000,"close_timestamp":1767385800000,"orders":[{"amount":1440.0,"safe_price":0.1383,"ft_order_side":"buy","order_filled_timestamp":1767373200000,"ft_is_entry":true,"ft_order_tag":"","cost":199.251576},{"amount":1440.0,"safe_price":0.13916,"ft_order_side":"sell","order_filled_timestamp":1767385800000,"ft_is_entry":false,"ft_order_tag":"trailing_stop_loss","cost":200.4905952}],"funding_fees":0.0,"weekday":4},{"pair":"DOGE/USDT:USDT","stake_amount":99.6424,"max_stake_amount":99.6424,"amount":1340.0,"open_date":"2026-01-04 03:30:00+00:00","close_date":"2026-01-04 03:30:00+00:00","open_rate":0.14872,"close_rate":0.1516944,"fee_open":0.0005,"fee_close":0.0005,"trade_duration":0,"profit_ratio":0.037961019470193126,"profit_abs":3.78441835,"exit_reason":"trailing_stop_loss","initial_stop_loss_abs":0.14649,"initial_stop_loss_ratio":-0.03,"stop_loss_abs":0.1504,"stop_loss_ratio":-0.02,"min_rate":0.14851,"max_rate":0.15191,"is_open":false,"enter_tag":"","leverage":2,"is_short":false,"open_timestamp":1767497400000,"close_timestamp":1767497400000,"orders":[{"amount":1340.0,"safe_price":0.14872,"ft_order_side":"buy","order_filled_timestamp":1767497400000,"ft_is_entry":true,"ft_order_tag":"","cost":199.38444239999998},{"amount":1340.0,"safe_price":0.1516944,"ft_order_side":"sell","order_filled_timestamp":1767497400000,"ft_is_entry":false,"ft_order_tag":"trailing_stop_loss","cost":203.372131248}],"funding_fees":0.0,"weekday":6},{"pair":"DOGE/USDT:USDT","stake_amount":99.684,"max_stake_amount":99.684,"amount":1300.0,"open_date":"2026-01-04 12:30:00+00:00","close_date":"2026-01-04 14:30:00+00:00","open_rate":0.15336,"close_rate":0.15106,"fee_open":0.0005,"fee_close":0.0005,"trade_duration":120,"profit_ratio":-0.0319638042220413,"profit_abs":-3.187873,"exit_reason":"stop_loss","initial_stop_loss_abs":0.15106,"initial_stop_loss_ratio":-0.03,"stop_loss_abs":0.15106,"stop_loss_ratio":-0.03,"min_rate":0.15036,"max_rate":0.15404,"is_open":false,"enter_tag":"","leverage":2,"is_short":false,"open_timestamp":1767529800000,"close_timestamp":1767537000000,"orders":[{"amount":1300.0,"safe_price":0.15336,"ft_order_side":"buy","order_filled_timestamp":1767529800000,"ft_is_entry":true,"ft_order_tag":"","cost":199.467684},{"amount":1300.0,"safe_price":0.15106,"ft_order_side":"sell","order_filled_timestamp":1767537000000,"ft_is_entry":false,"ft_order_tag":"stop_loss","cost":196.47618899999998}],"funding_fees":0.0,"weekday":6}],"locks":[],"best_pair":{"key":"DOGE/USDT:USDT","trades":8,"profit_mean":0.02123117760172813,"profit_mean_pct":2.12,"profit_total_abs":16.94706704,"profit_total":0.01694706704,"profit_total_pct":1.69,"duration_avg":"1:11:00","wins":7,"draws":0,"losses":1,"winrate":0.875,"cagr":0.07135013249593869,"expectancy":2.11838338,"expectancy_ratio":0.6645131032509766,"sortino":-100,"sharpe":1.433471000786331,"calmar":116.4146359005049,"sqn":2.2085,"profit_factor":6.316104826007811,"max_drawdown_account":0.0031249522733482393,"max_drawdown_abs":3.1878729999999997},"worst_pair":{"key":"DOGE/USDT:USDT","trades":8,"profit_mean":0.02123117760172813,"profit_mean_pct":2.12,"profit_total_abs":16.94706704,"profit_total":0.01694706704,"profit_total_pct":1.69,"duration_avg":"1:11:00","wins":7,"draws":0,"losses":1,"winrate":0.875,"cagr":0.07135013249593869,"expectancy":2.11838338,"expectancy_ratio":0.6645131032509766,"sortino":-100,"sharpe":1.433471000786331,"calmar":116.4146359005049,"sqn":2.2085,"profit_factor":6.316104826007811,"max_drawdown_account":0.0031249522733482393,"max_drawdown_abs":3.1878729999999997},"results_per_pair":[{"key":"DOGE/USDT:USDT","trades":8,"profit_mean":0.02123117760172813,"profit_mean_pct":2.12,"profit_total_abs":16.94706704,"profit_total":0.01694706704,"profit_total_pct":1.69,"duration_avg":"1:11:00","wins":7,"draws":0,"losses":1,"winrate":0.875,"cagr":0.07135013249593869,"expectancy":2.11838338,"expectancy_ratio":0.6645131032509766,"sortino":-100,"sharpe":1.433471000786331,"calmar":116.4146359005049,"sqn":2.2085,"profit_factor":6.316104826007811,"max_drawdown_account":0.0031249522733482393,"max_drawdown_abs":3.1878729999999997},{"key":"TOTAL","trades":8,"profit_mean":0.02123117760172813,"profit_mean_pct":2.12,"profit_total_abs":16.94706704,"profit_total":0.01694706704,"profit_total_pct":1.69,"duration_avg":"1:11:00","wins":7,"draws":0,"losses":1,"winrate":0.875,"cagr":0.07135013249593869,"expectancy":2.11838338,"expectancy_ratio":0.6645131032509766,"sortino":-100,"sharpe":1.433471000786331,"calmar":116.4146359005049,"sqn":2.2085,"profit_factor":6.316104826007811,"max_drawdown_account":0.0031249522733482393,"max_drawdown_abs":3.1878729999999997}],"results_per_enter_tag":[{"key":"","trades":8,"profit_mean":0.02123117760172813,"profit_mean_pct":2.12,"profit_total_abs":16.94706704,"profit_total":0.01694706704,"profit_total_pct":1.69,"duration_avg":"1:11:00","wins":7,"draws":0,"losses":1,"winrate":0.875,"cagr":0.07135013249593869,"expectancy":2.11838338,"expectancy_ratio":0.6645131032509766,"sortino":-100,"sharpe":1.433471000786331,"calmar":116.4146359005049,"sqn":2.2085,"profit_factor":6.316104826007811,"max_drawdown_account":0.0031249522733482393,"max_drawdown_abs":3.1878729999999997},{"key":"TOTAL","trades":8,"profit_mean":0.02123117760172813,"profit_mean_pct":2.12,"profit_total_abs":16.94706704,"profit_total":0.01694706704,"profit_total_pct":1.69,"duration_avg":"1:11:00","wins":7,"draws":0,"losses":1,"winrate":0.875,"cagr":0.07135013249593869,"expectancy":2.11838338,"expectancy_ratio":0.6645131032509766,"sortino":-100,"sharpe":1.433471000786331,"calmar":116.4146359005049,"sqn":2.2085,"profit_factor":6.316104826007811,"max_drawdown_account":0.0031249522733482393,"max_drawdown_abs":3.1878729999999997}],"exit_reason_summary":[{"key":"trailing_stop_loss","trades":6,"profit_mean":0.023640535007227098,"profit_mean_pct":2.36,"profit_total_abs":14.140796040000001,"profit_total":0.014140796040000002,"profit_total_pct":1.41,"duration_avg":"1:05:00","wins":6,"draws":0,"losses":0,"winrate":1.0,"cagr":0.05927736294769792,"expectancy":2.3567993400000002,"expectancy_ratio":100.0,"sortino":-100,"sharpe":2.6278994359305625,"calmar":-100,"sqn":4.5623,"profit_factor":0.0,"max_drawdown_account":0.0,"max_drawdown_abs":0.0},{"key":"roi","trades":1,"profit_mean":0.059970014992503755,"profit_mean_pct":6.0,"profit_total_abs":5.994144,"profit_total":0.005994144000000001,"profit_total_pct":0.6,"duration_avg":"1:00:00","wins":1,"draws":0,"losses":0,"winrate":1.0,"cagr":0.024812165160237765,"expectancy":5.994144,"expectancy_ratio":100.0,"sortino":-100,"sharpe":-100,"calmar":-100,"sqn":-100.0,"profit_factor":0.0,"max_drawdown_account":0.0,"max_drawdown_abs":0.0},{"key":"stop_loss","trades":1,"profit_mean":-0.0319638042220413,"profit_mean_pct":-3.2,"profit_total_abs":-3.187873,"profit_total":-0.0031878730000000004,"profit_total_pct":-0.32,"duration_avg":"2:00:00","wins":0,"draws":0,"losses":1,"winrate":0.0,"cagr":-0.013009381320993052,"expectancy":-3.187873,"expectancy_ratio":-1.0,"sortino":-100,"sharpe":-100,"calmar":-21.46626199386853,"sqn":-100.0,"profit_factor":0.0,"max_drawdown_account":0.003187872999999968,"max_drawdown_abs":3.187873},{"key":"TOTAL","trades":8,"profit_mean":0.02123117760172813,"profit_mean_pct":2.12,"profit_total_abs":16.94706704,"profit_total":0.01694706704,"profit_total_pct":1.69,"duration_avg":"1:11:00","wins":7,"draws":0,"losses":1,"winrate":0.875,"cagr":0.07135013249593869,"expectancy":2.11838338,"expectancy_ratio":0.6645131032509766,"sortino":-100,"sharpe":1.433471000786331,"calmar":116.4146359005049,"sqn":2.2085,"profit_factor":6.316104826007811,"max_drawdown_account":0.0031249522733482393,"max_drawdown_abs":3.1878729999999997}],"mix_tag_stats":[{"key":["","trailing_stop_loss"],"trades":6,"profit_mean":0.023640535007227098,"profit_mean_pct":2.36,"profit_total_abs":14.140796040000001,"profit_total":0.014140796040000002,"profit_total_pct":1.41,"duration_avg":"1:05:00","wins":6,"draws":0,"losses":0,"winrate":1.0,"cagr":0.05927736294769792,"expectancy":2.3567993400000002,"expectancy_ratio":100.0,"sortino":-100,"sharpe":2.6278994359305625,"calmar":-100,"sqn":4.5623,"profit_factor":0.0,"max_drawdown_account":0.0,"max_drawdown_abs":0.0},{"key":["","roi"],"trades":1,"profit_mean":0.059970014992503755,"profit_mean_pct":6.0,"profit_total_abs":5.994144,"profit_total":0.005994144000000001,"profit_total_pct":0.6,"duration_avg":"1:00:00","wins":1,"draws":0,"losses":0,"winrate":1.0,"cagr":0.024812165160237765,"expectancy":5.994144,"expectancy_ratio":100.0,"sortino":-100,"sharpe":-100,"calmar":-100,"sqn":-100.0,"profit_factor":0.0,"max_drawdown_account":0.0,"max_drawdown_abs":0.0},{"key":["","stop_loss"],"trades":1,"profit_mean":-0.0319638042220413,"profit_mean_pct":-3.2,"profit_total_abs":-3.187873,"profit_total":-0.0031878730000000004,"profit_total_pct":-0.32,"duration_avg":"2:00:00","wins":0,"draws":0,"losses":1,"winrate":0.0,"cagr":-0.013009381320993052,"expectancy":-3.187873,"expectancy_ratio":-1.0,"sortino":-100,"sharpe":-100,"calmar":-21.46626199386853,"sqn":-100.0,"profit_factor":0.0,"max_drawdown_account":0.003187872999999968,"max_drawdown_abs":3.187873},{"key":"TOTAL","trades":8,"profit_mean":0.02123117760172813,"profit_mean_pct":2.12,"profit_total_abs":16.94706704,"profit_total":0.01694706704,"profit_total_pct":1.69,"duration_avg":"1:11:00","wins":7,"draws":0,"losses":1,"winrate":0.875,"cagr":0.07135013249593869,"expectancy":2.11838338,"expectancy_ratio":0.6645131032509766,"sortino":-100,"sharpe":1.433471000786331,"calmar":116.4146359005049,"sqn":2.2085,"profit_factor":6.316104826007811,"max_drawdown_account":0.0031249522733482393,"max_drawdown_abs":3.1878729999999997}],"left_open_trades":[{"key":"TOTAL","trades":0,"profit_mean":0.0,"profit_mean_pct":0.0,"profit_total_abs":0.0,"profit_total":0.0,"profit_total_pct":0.0,"duration_avg":"0:00","wins":0,"draws":0,"losses":0,"winrate":0.0,"cagr":0.0,"expectancy":0.0,"expectancy_ratio":100.0,"sortino":0,"sharpe":0,"calmar":0,"sqn":0.0,"profit_factor":0.0,"max_drawdown_account":0.0,"max_drawdown_abs":0.0}],"total_trades":8,"trade_count_long":8,"trade_count_short":0,"total_volume":3209.9192008453238,"avg_stake_amount":99.67984999999999,"profit_mean":0.02123117760172813,"profit_median":0.021403589474000125,"profit_total":0.01694706704,"profit_total_long":0.01694706704,"profit_total_short":0.0,"profit_total_abs":16.94706704,"profit_total_long_abs":16.94706704,"profit_total_short_abs":0.0,"cagr":0.07135013249593869,"expectancy":2.11838338,"expectancy_ratio":0.6645131032509766,"sortino":-100,"sharpe":1.433471000786331,"calmar":116.4146359005049,"sqn":2.2085,"profit_factor":6.316104826007811,"backtest_start":"2025-11-25 00:00:00","backtest_start_ts":1764028800000,"backtest_end":"2026-02-22 14:00:00","backtest_end_ts":1771768800000,"backtest_days":89,"backtest_run_start_ts":1771813512,"backtest_run_end_ts":1771813513,"trades_per_day":0.09,"market_change":-0.3648344370860927,"pairlist":["DOGE/USDT:USDT"],"stake_amount":100.0,"stake_currency":"USDT","stake_currency_decimals":3,"starting_balance":1000,"dry_run_wallet":1000,"final_balance":1016.94706704,"rejected_signals":0,"timedout_entry_orders":0,"timedout_exit_orders":2,"canceled_trade_entries":0,"canceled_entry_orders":0,"replaced_entry_orders":0,"max_open_trades":1,"max_open_trades_setting":3,"timeframe":"30m","timeframe_detail":"","timerange":"20251125-20260223","enable_protections":false,"strategy_name":"SupertrendFuturesStrategyV8_1","freqaimodel":null,"freqai_identifier":null,"stoploss":-0.03,"trailing_stop":true,"trailing_stop_positive":0.02,"trailing_stop_positive_offset":0.03,"trailing_only_offset_is_reached":true,"use_custom_stoploss":false,"minimal_roi":{"0":0.06},"use_exit_signal":true,"exit_profit_only":false,"exit_profit_offset":0.0,"ignore_roi_if_entry_signal":false,"trading_mode":"futures","margin_mode":"isolated","periodic_breakdown":{"day":[{"date":"02/01/2026","date_ts":1767312000000,"profit_abs":16.35052169,"wins":6,"draws":0,"losses":0,"trades":6,"profit_factor":0.0},{"date":"03/01/2026","date_ts":1767398400000,"profit_abs":0.0,"wins":0,"draws":0,"losses":0,"trades":0,"profit_factor":0.0},{"date":"04/01/2026","date_ts":1767484800000,"profit_abs":0.59654535,"wins":1,"draws":0,"losses":1,"trades":2,"profit_factor":1.18712958}],"week":[{"date":"05/01/2026","date_ts":1767571200000,"profit_abs":16.94706704,"wins":7,"draws":0,"losses":1,"trades":8,"profit_factor":6.31610483}],"month":[{"date":"31/01/2026","date_ts":1769817600000,"profit_abs":16.94706704,"wins":7,"draws":0,"losses":1,"trades":8,"profit_factor":6.31610483}],"year":[{"date":"31/12/2026","date_ts":1798675200000,"profit_abs":16.94706704,"wins":7,"draws":0,"losses":1,"trades":8,"profit_factor":6.31610483}],"weekday":[{"date":"Friday","date_ts":4,"profit_abs":16.35052169,"wins":6,"draws":0,"losses":0,"trades":6,"profit_factor":0.0},{"date":"Sunday","date_ts":6,"profit_abs":0.59654535,"wins":1,"draws":0,"losses":1,"trades":2,"profit_factor":1.18712958}]},"backtest_best_day":0.1638522055656732,"backtest_worst_day":0.0,"backtest_best_day_abs":16.35052169,"backtest_worst_day_abs":0.0,"winning_days":2,"draw_days":1,"losing_days":0,"daily_profit":[["2026-01-02",16.35052169],["2026-01-03",0.0],["2026-01-04",0.59654535]],"wins":7,"losses":1,"draws":0,"winrate":0.875,"holding_avg":"1:11:00","holding_avg_s":4260.0,"winner_holding_min":"0d 00:00","winner_holding_min_s":0.0,"winner_holding_max":"0d 03:30","winner_holding_max_s":12600.0,"winner_holding_avg":"0d 01:04","winner_holding_avg_s":3840.0,"loser_holding_min":"0d 02:00","loser_holding_min_s":7200.0,"loser_holding_max":"0d 02:00","loser_holding_max_s":7200.0,"loser_holding_avg":"0d 02:00","loser_holding_avg_s":7200.0,"max_consecutive_wins":7,"max_consecutive_losses":1,"max_drawdown_account":0.0031249522733482393,"max_relative_drawdown":0.0031249522733482393,"max_drawdown_abs":3.1878729999999997,"drawdown_start":"2026-01-04 03:30:00","drawdown_start_ts":1767497400000.0,"drawdown_end":"2026-01-04 14:30:00","drawdown_end_ts":1767537000000.0,"drawdown_duration":"0 days 11:00:00","drawdown_duration_s":39600.0,"max_drawdown_low":16.94706704,"max_drawdown_high":20.13494004,"csum_min":1001.57379155,"csum_max":1020.13494004}},"strategy_comparison":[{"key":"SupertrendFuturesStrategyV8_1","trades":8,"profit_mean":0.02123117760172813,"profit_mean_pct":2.12,"profit_total_abs":16.94706704,"profit_total":0.01694706704,"profit_total_pct":1.69,"duration_avg":"1:11:00","wins":7,"draws":0,"losses":1,"winrate":0.875,"cagr":0.07135013249593869,"expectancy":2.11838338,"expectancy_ratio":0.6645131032509766,"sortino":-100,"sharpe":1.433471000786331,"calmar":116.4146359005049,"sqn":2.2085,"profit_factor":6.316104826007811,"max_drawdown_account":0.0031249522733482393,"max_drawdown_abs":"3.188"}]}