{"strategy":{"SupertrendStrategyV2":{"trades":[{"pair":"DOGE/USDT","stake_amount":329.99999992,"max_stake_amount":329.99999992,"amount":2630.530091,"open_date":"2026-01-21 16:15:00+00:00","close_date":"2026-01-21 16:45:00+00:00","open_rate":0.12545,"close_rate":0.1213,"fee_open":0.0015,"fee_close":0.0015,"trade_duration":30,"profit_ratio":-0.03597732139072733,"profit_abs":-11.89032483,"exit_reason":"exit_signal","initial_stop_loss_abs":0.11793,"initial_stop_loss_ratio":-0.06,"stop_loss_abs":0.11793,"stop_loss_ratio":-0.06,"min_rate":0.12039,"max_rate":0.1255,"is_open":false,"enter_tag":"","leverage":1.0,"is_short":false,"open_timestamp":1769012100000,"close_timestamp":1769013900000,"orders":[{"amount":2630.530091,"safe_price":0.12545,"ft_order_side":"buy","order_filled_timestamp":1769012100000,"ft_is_entry":true,"ft_order_tag":"","cost":330.49499991582394},{"amount":2630.530091,"safe_price":0.1213,"ft_order_side":"sell","order_filled_timestamp":1769013900000,"ft_is_entry":false,"ft_order_tag":"exit_signal","cost":319.5619249883575}],"funding_fees":0.0,"weekday":2},{"pair":"BTC/USDT","stake_amount":326.07604073,"max_stake_amount":326.07604073,"amount":0.00364081,"open_date":"2026-01-23 07:15:00+00:00","close_date":"2026-01-25 08:45:00+00:00","open_rate":89561.4,"close_rate":88316.0,"fee_open":0.0015,"fee_close":0.0015,"trade_duration":2970,"profit_ratio":-0.016859396721167246,"profit_abs":-5.5056915,"exit_reason":"exit_signal","initial_stop_loss_abs":84187.71599999999,"initial_stop_loss_ratio":-0.06,"stop_loss_abs":84187.71599999999,"stop_loss_ratio":-0.06,"min_rate":88133.5,"max_rate":91222.0,"is_open":false,"enter_tag":"","leverage":1.0,"is_short":false,"open_timestamp":1769152500000,"close_timestamp":1769330700000,"orders":[{"amount":0.00364081,"safe_price":89561.4,"ft_order_side":"buy","order_filled_timestamp":1769152500000,"ft_is_entry":true,"ft_order_tag":"","cost":326.565154795101},{"amount":0.00364081,"safe_price":88316.0,"ft_order_side":"sell","order_filled_timestamp":1769330700000,"ft_is_entry":false,"ft_order_tag":"exit_signal","cost":322.02408862394003}],"funding_fees":0.0,"weekday":6},{"pair":"SOL/USDT","stake_amount":324.2592396,"max_stake_amount":324.2592396,"amount":2.579628,"open_date":"2026-01-27 16:30:00+00:00","close_date":"2026-01-29 15:00:00+00:00","open_rate":125.7,"close_rate":118.158,"fee_open":0.0015,"fee_close":0.0015,"trade_duration":2790,"profit_ratio":-0.06281577632553204,"profit_abs":-20.39914876,"exit_reason":"stop_loss","initial_stop_loss_abs":118.158,"initial_stop_loss_ratio":-0.06,"stop_loss_abs":118.158,"stop_loss_ratio":-0.06,"min_rate":117.36,"max_rate":128.33,"is_open":false,"enter_tag":"","leverage":1.0,"is_short":false,"open_timestamp":1769531400000,"close_timestamp":1769698800000,"orders":[{"amount":2.579628,"safe_price":125.7,"ft_order_side":"buy","order_filled_timestamp":1769531400000,"ft_is_entry":true,"ft_order_tag":"","cost":324.7456284594},{"amount":2.579628,"safe_price":118.158,"ft_order_side":"sell","order_filled_timestamp":1769698800000,"ft_is_entry":false,"ft_order_tag":"stop_loss","cost":305.26089075183603}],"funding_fees":0.0,"weekday":3},{"pair":"DOGE/USDT","stake_amount":324.25931454,"max_stake_amount":324.25931454,"amount":2600.106764,"open_date":"2026-01-27 16:30:00+00:00","close_date":"2026-01-29 15:00:00+00:00","open_rate":0.12471,"close_rate":0.11723,"fee_open":0.0015,"fee_close":0.0015,"trade_duration":2790,"profit_ratio":-0.06279499041734513,"profit_abs":-20.39240334,"exit_reason":"stop_loss","initial_stop_loss_abs":0.11723,"initial_stop_loss_ratio":-0.06,"stop_loss_abs":0.11723,"stop_loss_ratio":-0.06,"min_rate":0.11577,"max_rate":0.1277,"is_open":false,"enter_tag":"","leverage":1.0,"is_short":false,"open_timestamp":1769531400000,"close_timestamp":1769698800000,"orders":[{"amount":2600.106764,"safe_price":0.12471,"ft_order_side":"buy","order_filled_timestamp":1769531400000,"ft_is_entry":true,"ft_order_tag":"","cost":324.7457035102477},{"amount":2600.106764,"safe_price":0.11723,"ft_order_side":"sell","order_filled_timestamp":1769698800000,"ft_is_entry":false,"ft_order_tag":"stop_loss","cost":305.2677317176356}],"funding_fees":0.0,"weekday":3},{"pair":"DOGE/USDT","stake_amount":310.79810233,"max_stake_amount":310.79810233,"amount":3383.388878,"open_date":"2026-02-12 05:00:00+00:00","close_date":"2026-02-14 14:30:00+00:00","open_rate":0.09186,"close_rate":0.10133579369053579,"fee_open":0.0015,"fee_close":0.0015,"trade_duration":3450,"profit_ratio":0.09985022465237788,"profit_abs":31.07981023,"exit_reason":"roi","initial_stop_loss_abs":0.08635,"initial_stop_loss_ratio":-0.06,"stop_loss_abs":0.09888,"stop_loss_ratio":-0.03,"min_rate":0.09071,"max_rate":0.10193,"is_open":false,"enter_tag":"","leverage":1.0,"is_short":false,"open_timestamp":1770872400000,"close_timestamp":1771079400000,"orders":[{"amount":3383.388878,"safe_price":0.09186,"ft_order_side":"buy","order_filled_timestamp":1770872400000,"ft_is_entry":true,"ft_order_tag":"","cost":311.26429948657966},{"amount":3383.388878,"safe_price":0.10133579369053579,"ft_order_side":"sell","order_filled_timestamp":1771079400000,"ft_is_entry":false,"ft_order_tag":"roi","cost":343.3726849118352}],"funding_fees":0.0,"weekday":5},{"pair":"DOGE/USDT","stake_amount":321.05443974,"max_stake_amount":321.05443974,"amount":3115.823367,"open_date":"2026-02-14 16:30:00+00:00","close_date":"2026-02-14 23:15:00+00:00","open_rate":0.10304,"close_rate":0.11022,"fee_open":0.0015,"fee_close":0.0015,"trade_duration":405,"profit_ratio":0.06647743835121529,"profit_abs":21.37489104,"exit_reason":"trailing_stop_loss","initial_stop_loss_abs":0.09686,"initial_stop_loss_ratio":-0.06,"stop_loss_abs":0.11022,"stop_loss_ratio":-0.03,"min_rate":0.10247,"max_rate":0.11362,"is_open":false,"enter_tag":"","leverage":1.0,"is_short":false,"open_timestamp":1771086600000,"close_timestamp":1771110900000,"orders":[{"amount":3115.823367,"safe_price":0.10304,"ft_order_side":"buy","order_filled_timestamp":1771086600000,"ft_is_entry":true,"ft_order_tag":"","cost":321.53602139528357},{"amount":3115.823367,"safe_price":0.11022,"ft_order_side":"sell","order_filled_timestamp":1771110900000,"ft_is_entry":false,"ft_order_tag":"trailing_stop_loss","cost":343.9411905880061}],"funding_fees":0.0,"weekday":5},{"pair":"ETH/USDT","stake_amount":310.7980134,"max_stake_amount":310.7980134,"amount":0.156282,"open_date":"2026-02-12 11:15:00+00:00","close_date":"2026-02-15 03:30:00+00:00","open_rate":1988.7,"close_rate":2044.7114999999997,"fee_open":0.0015,"fee_close":0.0015,"trade_duration":3855,"profit_ratio":0.025085006751858135,"profit_abs":7.80806482,"exit_reason":"trailing_stop_loss","initial_stop_loss_abs":1869.378,"initial_stop_loss_ratio":-0.06,"stop_loss_abs":2044.7114999999997,"stop_loss_ratio":-0.03,"min_rate":1896.4,"max_rate":2107.95,"is_open":false,"enter_tag":"","leverage":1.0,"is_short":false,"open_timestamp":1770894900000,"close_timestamp":1771126200000,"orders":[{"amount":0.156282,"safe_price":1988.7,"ft_order_side":"buy","order_filled_timestamp":1770894900000,"ft_is_entry":true,"ft_order_tag":"","cost":311.2642104201},{"amount":0.156282,"safe_price":2044.7114999999997,"ft_order_side":"sell","order_filled_timestamp":1771126200000,"ft_is_entry":false,"ft_order_tag":"trailing_stop_loss","cost":320.0309300469645}],"funding_fees":0.0,"weekday":6},{"pair":"DOGE/USDT","stake_amount":328.10815374,"max_stake_amount":328.10815374,"amount":2964.207731,"open_date":"2026-02-14 23:30:00+00:00","close_date":"2026-02-15 04:15:00+00:00","open_rate":0.11069,"close_rate":0.11406,"fee_open":0.0015,"fee_close":0.0015,"trade_duration":285,"profit_ratio":0.027358681909130565,"profit_abs":8.99007152,"exit_reason":"trailing_stop_loss","initial_stop_loss_abs":0.10405,"initial_stop_loss_ratio":-0.06,"stop_loss_abs":0.11406,"stop_loss_ratio":-0.03,"min_rate":0.11049,"max_rate":0.11758,"is_open":false,"enter_tag":"","leverage":1.0,"is_short":false,"open_timestamp":1771111800000,"close_timestamp":1771128900000,"orders":[{"amount":2964.207731,"safe_price":0.11069,"ft_order_side":"buy","order_filled_timestamp":1771111800000,"ft_is_entry":true,"ft_order_tag":"","cost":328.6003159750066},{"amount":2964.207731,"safe_price":0.11406,"ft_order_side":"sell","order_filled_timestamp":1771128900000,"ft_is_entry":false,"ft_order_tag":"trailing_stop_loss","cost":338.6046800985568}],"funding_fees":0.0,"weekday":6},{"pair":"DOGE/USDT","stake_amount":333.65153875,"max_stake_amount":333.65153875,"amount":2913.987238,"open_date":"2026-02-15 04:30:00+00:00","close_date":"2026-02-15 13:45:00+00:00","open_rate":0.1145,"close_rate":0.10763,"fee_open":0.0015,"fee_close":0.0015,"trade_duration":555,"profit_ratio":-0.06281577632704129,"profit_abs":-20.9900183,"exit_reason":"stop_loss","initial_stop_loss_abs":0.10763,"initial_stop_loss_ratio":-0.06,"stop_loss_abs":0.10763,"stop_loss_ratio":-0.06,"min_rate":0.10717,"max_rate":0.1169,"is_open":false,"enter_tag":"","leverage":1.0,"is_short":false,"open_timestamp":1771129800000,"close_timestamp":1771163100000,"orders":[{"amount":2913.987238,"safe_price":0.1145,"ft_order_side":"buy","order_filled_timestamp":1771129800000,"ft_is_entry":true,"ft_order_tag":"","cost":334.15201605912654},{"amount":2913.987238,"safe_price":0.10763,"ft_order_side":"sell","order_filled_timestamp":1771163100000,"ft_is_entry":false,"ft_order_tag":"stop_loss","cost":314.10289509557896}],"funding_fees":0.0,"weekday":6},{"pair":"DOGE/USDT","stake_amount":326.72483271,"max_stake_amount":326.72483271,"amount":3205.384408,"open_date":"2026-02-17 16:30:00+00:00","close_date":"2026-02-19 16:00:00+00:00","open_rate":0.10193,"close_rate":0.09582,"fee_open":0.0015,"fee_close":0.0015,"trade_duration":2850,"profit_ratio":-0.06275904498098664,"profit_abs":-20.53569588,"exit_reason":"stop_loss","initial_stop_loss_abs":0.09582,"initial_stop_loss_ratio":-0.06,"stop_loss_abs":0.09582,"stop_loss_ratio":-0.06,"min_rate":0.09557,"max_rate":0.10339,"is_open":false,"enter_tag":"","leverage":1.0,"is_short":false,"open_timestamp":1771345800000,"close_timestamp":1771516800000,"orders":[{"amount":3205.384408,"safe_price":0.10193,"ft_order_side":"buy","order_filled_timestamp":1771345800000,"ft_is_entry":true,"ft_order_tag":"","cost":327.21491995650115},{"amount":3205.384408,"safe_price":0.09582,"ft_order_side":"sell","order_filled_timestamp":1771516800000,"ft_is_entry":false,"ft_order_tag":"stop_loss","cost":307.6006438755218}],"funding_fees":0.0,"weekday":3}],"locks":[],"best_pair":{"key":"ETH/USDT","trades":1,"profit_mean":0.025085006751858135,"profit_mean_pct":2.51,"profit_total_abs":7.80806482,"profit_total":0.00780806482,"profit_total_pct":0.78,"duration_avg":"2 days, 16:15:00","wins":1,"draws":0,"losses":0,"winrate":1.0,"cagr":0.09590073242078723,"expectancy":7.80806482,"expectancy_ratio":100.0,"sortino":-100,"sharpe":-100,"calmar":-100,"sqn":-100.0,"profit_factor":0.0,"max_drawdown_account":0.0,"max_drawdown_abs":0.0},"worst_pair":{"key":"SOL/USDT","trades":1,"profit_mean":-0.06281577632553204,"profit_mean_pct":-6.28,"profit_total_abs":-20.39914876,"profit_total":-0.02039914876,"profit_total_pct":-2.04,"duration_avg":"1 day, 22:30:00","wins":0,"draws":0,"losses":1,"winrate":0.0,"cagr":-0.215467381612079,"expectancy":-20.39914876,"expectancy_ratio":-1.0,"sortino":-100,"sharpe":-100,"calmar":-61.6289457243316,"sqn":-100.0,"profit_factor":0.0,"max_drawdown_account":0.020399148760000003,"max_drawdown_abs":20.39914876},"results_per_pair":[{"key":"ETH/USDT","trades":1,"profit_mean":0.025085006751858135,"profit_mean_pct":2.51,"profit_total_abs":7.80806482,"profit_total":0.00780806482,"profit_total_pct":0.78,"duration_avg":"2 days, 16:15:00","wins":1,"draws":0,"losses":0,"winrate":1.0,"cagr":0.09590073242078723,"expectancy":7.80806482,"expectancy_ratio":100.0,"sortino":-100,"sharpe":-100,"calmar":-100,"sqn":-100.0,"profit_factor":0.0,"max_drawdown_account":0.0,"max_drawdown_abs":0.0},{"key":"BTC/USDT","trades":1,"profit_mean":-0.016859396721167246,"profit_mean_pct":-1.69,"profit_total_abs":-5.5056915,"profit_total":-0.0055056915,"profit_total_pct":-0.55,"duration_avg":"2 days, 1:30:00","wins":0,"draws":0,"losses":1,"winrate":0.0,"cagr":-0.06293646152182886,"expectancy":-5.5056915,"expectancy_ratio":-1.0,"sortino":-100,"sharpe":-100,"calmar":-61.62894572433147,"sqn":-100.0,"profit_factor":0.0,"max_drawdown_account":0.005505691500000012,"max_drawdown_abs":5.5056915},{"key":"DOGE/USDT","trades":7,"profit_mean":-0.004380112600482379,"profit_mean_pct":-0.44,"profit_total_abs":-12.363669559999995,"profit_total":-0.012363669559999995,"profit_total_pct":-1.24,"duration_avg":"1 day, 0:41:00","wins":3,"draws":0,"losses":4,"winrate":0.42857142857142855,"cagr":-0.13625667232839023,"expectancy":-1.7662385085714298,"expectancy_ratio":-0.09572013457191886,"sortino":-2.0078697318208683,"sharpe":-0.3742665880941308,"calmar":-18.8842081333298,"sqn":-0.2125,"profit_factor":0.8324897644991419,"max_drawdown_account":0.040349053287650684,"max_drawdown_abs":41.525714179999994},{"key":"SOL/USDT","trades":1,"profit_mean":-0.06281577632553204,"profit_mean_pct":-6.28,"profit_total_abs":-20.39914876,"profit_total":-0.02039914876,"profit_total_pct":-2.04,"duration_avg":"1 day, 22:30:00","wins":0,"draws":0,"losses":1,"winrate":0.0,"cagr":-0.215467381612079,"expectancy":-20.39914876,"expectancy_ratio":-1.0,"sortino":-100,"sharpe":-100,"calmar":-61.6289457243316,"sqn":-100.0,"profit_factor":0.0,"max_drawdown_account":0.020399148760000003,"max_drawdown_abs":20.39914876},{"key":"TOTAL","trades":10,"profit_mean":-0.00852509544982178,"profit_mean_pct":-0.85,"profit_total_abs":-30.460445000000004,"profit_total":-0.030460445000000003,"profit_total_pct":-3.05,"duration_avg":"1 day, 9:18:00","wins":4,"draws":0,"losses":6,"winrate":0.4,"cagr":-0.30526372852363437,"expectancy":-3.046044499999998,"expectancy_ratio":-0.18328818911200007,"sortino":-3.1819206823117683,"sharpe":-1.0275201330000108,"calmar":-32.26196182956715,"sqn":-0.5002,"profit_factor":0.694519684813333,"max_drawdown_account":0.05818756843000006,"max_drawdown_abs":58.18756843}],"results_per_enter_tag":[{"key":"","trades":10,"profit_mean":-0.00852509544982178,"profit_mean_pct":-0.85,"profit_total_abs":-30.460445000000004,"profit_total":-0.030460445000000003,"profit_total_pct":-3.05,"duration_avg":"1 day, 9:18:00","wins":4,"draws":0,"losses":6,"winrate":0.4,"cagr":-0.30526372852363437,"expectancy":-3.046044499999998,"expectancy_ratio":-0.18328818911200007,"sortino":-3.1819206823117683,"sharpe":-1.0275201330000108,"calmar":-32.26196182956715,"sqn":-0.5002,"profit_factor":0.694519684813333,"max_drawdown_account":0.05818756843000006,"max_drawdown_abs":58.18756843},{"key":"TOTAL","trades":10,"profit_mean":-0.00852509544982178,"profit_mean_pct":-0.85,"profit_total_abs":-30.460445000000004,"profit_total":-0.030460445000000003,"profit_total_pct":-3.05,"duration_avg":"1 day, 9:18:00","wins":4,"draws":0,"losses":6,"winrate":0.4,"cagr":-0.30526372852363437,"expectancy":-3.046044499999998,"expectancy_ratio":-0.18328818911200007,"sortino":-3.1819206823117683,"sharpe":-1.0275201330000108,"calmar":-32.26196182956715,"sqn":-0.5002,"profit_factor":0.694519684813333,"max_drawdown_account":0.05818756843000006,"max_drawdown_abs":58.18756843}],"exit_reason_summary":[{"key":"trailing_stop_loss","trades":3,"profit_mean":0.03964037567073467,"profit_mean_pct":3.96,"profit_total_abs":38.17302738,"profit_total":0.03817302738,"profit_total_pct":3.82,"duration_avg":"1 day, 1:15:00","wins":3,"draws":0,"losses":0,"winrate":1.0,"cagr":0.5544010595307973,"expectancy":12.72434246,"expectancy_ratio":100.0,"sortino":-100,"sharpe":3.834117985744787,"calmar":-100,"sqn":2.9327,"profit_factor":0.0,"max_drawdown_account":0.0,"max_drawdown_abs":0.0},{"key":"roi","trades":1,"profit_mean":0.09985022465237788,"profit_mean_pct":9.99,"profit_total_abs":31.07981023,"profit_total":0.03107981023,"profit_total_pct":3.11,"duration_avg":"2 days, 9:30:00","wins":1,"draws":0,"losses":0,"winrate":1.0,"cagr":0.43385723486371575,"expectancy":31.07981023,"expectancy_ratio":100.0,"sortino":-100,"sharpe":-100,"calmar":-100,"sqn":-100.0,"profit_factor":0.0,"max_drawdown_account":0.0,"max_drawdown_abs":0.0},{"key":"exit_signal","trades":2,"profit_mean":-0.02641835905594729,"profit_mean_pct":-2.64,"profit_total_abs":-17.396016330000002,"profit_total":-0.017396016330000003,"profit_total_pct":-1.74,"duration_avg":"1 day, 1:00:00","wins":0,"draws":0,"losses":2,"winrate":0.0,"cagr":-0.18667667874514482,"expectancy":-8.698008165000001,"expectancy_ratio":-1.0,"sortino":-3.3583702957023416,"sharpe":-3.3583702957023416,"calmar":-61.62894572433179,"sqn":-2.7247,"profit_factor":0.0,"max_drawdown_account":0.01739601632999995,"max_drawdown_abs":17.396016330000002},{"key":"stop_loss","trades":4,"profit_mean":-0.06279639701272627,"profit_mean_pct":-6.28,"profit_total_abs":-82.31726628000001,"profit_total":-0.08231726628000001,"profit_total_pct":-8.23,"duration_avg":"1 day, 13:26:00","wins":0,"draws":0,"losses":4,"winrate":0.0,"cagr":-0.6363069630010902,"expectancy":-20.579316570000003,"expectancy_ratio":-1.0,"sortino":-207.9885337842328,"sharpe":-207.9885337842328,"calmar":-61.62894572433161,"sqn":-146.1354,"profit_factor":0.0,"max_drawdown_account":0.08231726628000001,"max_drawdown_abs":82.31726628000001},{"key":"TOTAL","trades":10,"profit_mean":-0.00852509544982178,"profit_mean_pct":-0.85,"profit_total_abs":-30.460445000000004,"profit_total":-0.030460445000000003,"profit_total_pct":-3.05,"duration_avg":"1 day, 9:18:00","wins":4,"draws":0,"losses":6,"winrate":0.4,"cagr":-0.30526372852363437,"expectancy":-3.046044499999998,"expectancy_ratio":-0.18328818911200007,"sortino":-3.1819206823117683,"sharpe":-1.0275201330000108,"calmar":-32.26196182956715,"sqn":-0.5002,"profit_factor":0.694519684813333,"max_drawdown_account":0.05818756843000006,"max_drawdown_abs":58.18756843}],"mix_tag_stats":[{"key":["","trailing_stop_loss"],"trades":3,"profit_mean":0.03964037567073467,"profit_mean_pct":3.96,"profit_total_abs":38.17302738,"profit_total":0.03817302738,"profit_total_pct":3.82,"duration_avg":"1 day, 1:15:00","wins":3,"draws":0,"losses":0,"winrate":1.0,"cagr":0.5544010595307973,"expectancy":12.72434246,"expectancy_ratio":100.0,"sortino":-100,"sharpe":3.834117985744787,"calmar":-100,"sqn":2.9327,"profit_factor":0.0,"max_drawdown_account":0.0,"max_drawdown_abs":0.0},{"key":["","roi"],"trades":1,"profit_mean":0.09985022465237788,"profit_mean_pct":9.99,"profit_total_abs":31.07981023,"profit_total":0.03107981023,"profit_total_pct":3.11,"duration_avg":"2 days, 9:30:00","wins":1,"draws":0,"losses":0,"winrate":1.0,"cagr":0.43385723486371575,"expectancy":31.07981023,"expectancy_ratio":100.0,"sortino":-100,"sharpe":-100,"calmar":-100,"sqn":-100.0,"profit_factor":0.0,"max_drawdown_account":0.0,"max_drawdown_abs":0.0},{"key":["","exit_signal"],"trades":2,"profit_mean":-0.02641835905594729,"profit_mean_pct":-2.64,"profit_total_abs":-17.396016330000002,"profit_total":-0.017396016330000003,"profit_total_pct":-1.74,"duration_avg":"1 day, 1:00:00","wins":0,"draws":0,"losses":2,"winrate":0.0,"cagr":-0.18667667874514482,"expectancy":-8.698008165000001,"expectancy_ratio":-1.0,"sortino":-3.3583702957023416,"sharpe":-3.3583702957023416,"calmar":-61.62894572433179,"sqn":-2.7247,"profit_factor":0.0,"max_drawdown_account":0.01739601632999995,"max_drawdown_abs":17.396016330000002},{"key":["","stop_loss"],"trades":4,"profit_mean":-0.06279639701272627,"profit_mean_pct":-6.28,"profit_total_abs":-82.31726628000001,"profit_total":-0.08231726628000001,"profit_total_pct":-8.23,"duration_avg":"1 day, 13:26:00","wins":0,"draws":0,"losses":4,"winrate":0.0,"cagr":-0.6363069630010902,"expectancy":-20.579316570000003,"expectancy_ratio":-1.0,"sortino":-207.9885337842328,"sharpe":-207.9885337842328,"calmar":-61.62894572433161,"sqn":-146.1354,"profit_factor":0.0,"max_drawdown_account":0.08231726628000001,"max_drawdown_abs":82.31726628000001},{"key":"TOTAL","trades":10,"profit_mean":-0.00852509544982178,"profit_mean_pct":-0.85,"profit_total_abs":-30.460445000000004,"profit_total":-0.030460445000000003,"profit_total_pct":-3.05,"duration_avg":"1 day, 9:18:00","wins":4,"draws":0,"losses":6,"winrate":0.4,"cagr":-0.30526372852363437,"expectancy":-3.046044499999998,"expectancy_ratio":-0.18328818911200007,"sortino":-3.1819206823117683,"sharpe":-1.0275201330000108,"calmar":-32.26196182956715,"sqn":-0.5002,"profit_factor":0.694519684813333,"max_drawdown_account":0.05818756843000006,"max_drawdown_abs":58.18756843}],"left_open_trades":[{"key":"TOTAL","trades":0,"profit_mean":0.0,"profit_mean_pct":0.0,"profit_total_abs":0.0,"profit_total":0.0,"profit_total_pct":0.0,"duration_avg":"0:00","wins":0,"draws":0,"losses":0,"winrate":0.0,"cagr":0.0,"expectancy":0.0,"expectancy_ratio":100.0,"sortino":0,"sharpe":0,"calmar":0,"sqn":0.0,"profit_factor":0.0,"max_drawdown_account":0.0,"max_drawdown_abs":0.0}],"total_trades":10,"trade_count_long":10,"trade_count_short":0,"total_volume":6460.350930671402,"avg_stake_amount":323.57296754600003,"profit_mean":-0.00852509544982178,"profit_median":-0.02641835905594729,"profit_total":-0.030460445000000003,"profit_total_long":-0.030460445000000003,"profit_total_short":0.0,"profit_total_abs":-30.460445000000004,"profit_total_long_abs":-30.460445000000004,"profit_total_short_abs":0.0,"cagr":-0.3052637285236335,"expectancy":-3.046044499999998,"expectancy_ratio":-0.18328818911200007,"sortino":-3.1819206823117683,"sharpe":-1.0275201330000108,"calmar":-32.26196182956715,"sqn":-0.5002,"profit_factor":0.694519684813333,"backtest_start":"2026-01-20 00:00:00","backtest_start_ts":1768867200000,"backtest_end":"2026-02-20 00:00:00","backtest_end_ts":1771545600000,"backtest_days":31,"backtest_run_start_ts":1771559514,"backtest_run_end_ts":1771559515,"trades_per_day":0.32,"market_change":-0.3195652300127002,"pairlist":["BTC/USDT","ETH/USDT","SOL/USDT","DOGE/USDT"],"stake_amount":"unlimited","stake_currency":"USDT","stake_currency_decimals":3,"starting_balance":1000,"dry_run_wallet":1000,"final_balance":969.5395550000001,"rejected_signals":0,"timedout_entry_orders":0,"timedout_exit_orders":0,"canceled_trade_entries":0,"canceled_entry_orders":0,"replaced_entry_orders":0,"max_open_trades":3,"max_open_trades_setting":3,"timeframe":"15m","timeframe_detail":"","timerange":"20260120-20260220","enable_protections":false,"strategy_name":"SupertrendStrategyV2","freqaimodel":null,"freqai_identifier":null,"stoploss":-0.06,"trailing_stop":true,"trailing_stop_positive":0.03,"trailing_stop_positive_offset":0.04,"trailing_only_offset_is_reached":true,"use_custom_stoploss":false,"minimal_roi":{"0":0.1},"use_exit_signal":true,"exit_profit_only":false,"exit_profit_offset":0.0,"ignore_roi_if_entry_signal":false,"trading_mode":"spot","margin_mode":"","periodic_breakdown":{"day":[{"date":"21/01/2026","date_ts":1768953600000,"profit_abs":-11.89032483,"wins":0,"draws":0,"losses":1,"trades":1,"profit_factor":0.0},{"date":"22/01/2026","date_ts":1769040000000,"profit_abs":0.0,"wins":0,"draws":0,"losses":0,"trades":0,"profit_factor":0.0},{"date":"23/01/2026","date_ts":1769126400000,"profit_abs":0.0,"wins":0,"draws":0,"losses":0,"trades":0,"profit_factor":0.0},{"date":"24/01/2026","date_ts":1769212800000,"profit_abs":0.0,"wins":0,"draws":0,"losses":0,"trades":0,"profit_factor":0.0},{"date":"25/01/2026","date_ts":1769299200000,"profit_abs":-5.5056915,"wins":0,"draws":0,"losses":1,"trades":1,"profit_factor":0.0},{"date":"26/01/2026","date_ts":1769385600000,"profit_abs":0.0,"wins":0,"draws":0,"losses":0,"trades":0,"profit_factor":0.0},{"date":"27/01/2026","date_ts":1769472000000,"profit_abs":0.0,"wins":0,"draws":0,"losses":0,"trades":0,"profit_factor":0.0},{"date":"28/01/2026","date_ts":1769558400000,"profit_abs":0.0,"wins":0,"draws":0,"losses":0,"trades":0,"profit_factor":0.0},{"date":"29/01/2026","date_ts":1769644800000,"profit_abs":-40.7915521,"wins":0,"draws":0,"losses":2,"trades":2,"profit_factor":0.0},{"date":"30/01/2026","date_ts":1769731200000,"profit_abs":0.0,"wins":0,"draws":0,"losses":0,"trades":0,"profit_factor":0.0},{"date":"31/01/2026","date_ts":1769817600000,"profit_abs":0.0,"wins":0,"draws":0,"losses":0,"trades":0,"profit_factor":0.0},{"date":"01/02/2026","date_ts":1769904000000,"profit_abs":0.0,"wins":0,"draws":0,"losses":0,"trades":0,"profit_factor":0.0},{"date":"02/02/2026","date_ts":1769990400000,"profit_abs":0.0,"wins":0,"draws":0,"losses":0,"trades":0,"profit_factor":0.0},{"date":"03/02/2026","date_ts":1770076800000,"profit_abs":0.0,"wins":0,"draws":0,"losses":0,"trades":0,"profit_factor":0.0},{"date":"04/02/2026","date_ts":1770163200000,"profit_abs":0.0,"wins":0,"draws":0,"losses":0,"trades":0,"profit_factor":0.0},{"date":"05/02/2026","date_ts":1770249600000,"profit_abs":0.0,"wins":0,"draws":0,"losses":0,"trades":0,"profit_factor":0.0},{"date":"06/02/2026","date_ts":1770336000000,"profit_abs":0.0,"wins":0,"draws":0,"losses":0,"trades":0,"profit_factor":0.0},{"date":"07/02/2026","date_ts":1770422400000,"profit_abs":0.0,"wins":0,"draws":0,"losses":0,"trades":0,"profit_factor":0.0},{"date":"08/02/2026","date_ts":1770508800000,"profit_abs":0.0,"wins":0,"draws":0,"losses":0,"trades":0,"profit_factor":0.0},{"date":"09/02/2026","date_ts":1770595200000,"profit_abs":0.0,"wins":0,"draws":0,"losses":0,"trades":0,"profit_factor":0.0},{"date":"10/02/2026","date_ts":1770681600000,"profit_abs":0.0,"wins":0,"draws":0,"losses":0,"trades":0,"profit_factor":0.0},{"date":"11/02/2026","date_ts":1770768000000,"profit_abs":0.0,"wins":0,"draws":0,"losses":0,"trades":0,"profit_factor":0.0},{"date":"12/02/2026","date_ts":1770854400000,"profit_abs":0.0,"wins":0,"draws":0,"losses":0,"trades":0,"profit_factor":0.0},{"date":"13/02/2026","date_ts":1770940800000,"profit_abs":0.0,"wins":0,"draws":0,"losses":0,"trades":0,"profit_factor":0.0},{"date":"14/02/2026","date_ts":1771027200000,"profit_abs":52.45470127,"wins":2,"draws":0,"losses":0,"trades":2,"profit_factor":0.0},{"date":"15/02/2026","date_ts":1771113600000,"profit_abs":-4.19188196,"wins":2,"draws":0,"losses":1,"trades":3,"profit_factor":0.80029165},{"date":"16/02/2026","date_ts":1771200000000,"profit_abs":0.0,"wins":0,"draws":0,"losses":0,"trades":0,"profit_factor":0.0},{"date":"17/02/2026","date_ts":1771286400000,"profit_abs":0.0,"wins":0,"draws":0,"losses":0,"trades":0,"profit_factor":0.0},{"date":"18/02/2026","date_ts":1771372800000,"profit_abs":0.0,"wins":0,"draws":0,"losses":0,"trades":0,"profit_factor":0.0},{"date":"19/02/2026","date_ts":1771459200000,"profit_abs":-20.53569588,"wins":0,"draws":0,"losses":1,"trades":1,"profit_factor":0.0}],"week":[{"date":"26/01/2026","date_ts":1769385600000,"profit_abs":-17.39601633,"wins":0,"draws":0,"losses":2,"trades":2,"profit_factor":0.0},{"date":"02/02/2026","date_ts":1769990400000,"profit_abs":-40.7915521,"wins":0,"draws":0,"losses":2,"trades":2,"profit_factor":0.0},{"date":"09/02/2026","date_ts":1770595200000,"profit_abs":0.0,"wins":0,"draws":0,"losses":0,"trades":0,"profit_factor":0.0},{"date":"16/02/2026","date_ts":1771200000000,"profit_abs":48.26281931,"wins":4,"draws":0,"losses":1,"trades":5,"profit_factor":3.2993224},{"date":"23/02/2026","date_ts":1771804800000,"profit_abs":-20.53569588,"wins":0,"draws":0,"losses":1,"trades":1,"profit_factor":0.0}],"month":[{"date":"31/01/2026","date_ts":1769817600000,"profit_abs":-58.18756843,"wins":0,"draws":0,"losses":4,"trades":4,"profit_factor":0.0},{"date":"28/02/2026","date_ts":1772236800000,"profit_abs":27.72712343,"wins":4,"draws":0,"losses":2,"trades":6,"profit_factor":1.66770973}],"year":[{"date":"31/12/2026","date_ts":1798675200000,"profit_abs":-30.460445,"wins":4,"draws":0,"losses":6,"trades":10,"profit_factor":0.69451968}],"weekday":[{"date":"Wednesday","date_ts":2,"profit_abs":-11.89032483,"wins":0,"draws":0,"losses":1,"trades":1,"profit_factor":0.0},{"date":"Thursday","date_ts":3,"profit_abs":-61.32724798,"wins":0,"draws":0,"losses":3,"trades":3,"profit_factor":0.0},{"date":"Saturday","date_ts":5,"profit_abs":52.45470127,"wins":2,"draws":0,"losses":0,"trades":2,"profit_factor":0.0},{"date":"Sunday","date_ts":6,"profit_abs":-9.69757346,"wins":2,"draws":0,"losses":2,"trades":4,"profit_factor":0.63399458}]},"backtest_best_day":0.16632766300359317,"backtest_worst_day":-0.12561076674287716,"backtest_best_day_abs":52.45470127,"backtest_worst_day_abs":-40.7915521,"winning_days":1,"draw_days":24,"losing_days":5,"daily_profit":[["2026-01-21",-11.89032483],["2026-01-22",0.0],["2026-01-23",0.0],["2026-01-24",0.0],["2026-01-25",-5.5056915],["2026-01-26",0.0],["2026-01-27",0.0],["2026-01-28",0.0],["2026-01-29",-40.7915521],["2026-01-30",0.0],["2026-01-31",0.0],["2026-02-01",0.0],["2026-02-02",0.0],["2026-02-03",0.0],["2026-02-04",0.0],["2026-02-05",0.0],["2026-02-06",0.0],["2026-02-07",0.0],["2026-02-08",0.0],["2026-02-09",0.0],["2026-02-10",0.0],["2026-02-11",0.0],["2026-02-12",0.0],["2026-02-13",0.0],["2026-02-14",52.45470127],["2026-02-15",-4.19188196],["2026-02-16",0.0],["2026-02-17",0.0],["2026-02-18",0.0],["2026-02-19",-20.53569588]],"wins":4,"losses":6,"draws":0,"winrate":0.4,"holding_avg":"1 day, 9:18:00","holding_avg_s":119880.0,"winner_holding_min":"0d 04:45","winner_holding_min_s":17100.0,"winner_holding_max":"2d 16:15","winner_holding_max_s":231300.0,"winner_holding_avg":"1d 09:19","winner_holding_avg_s":119940.0,"loser_holding_min":"0d 00:30","loser_holding_min_s":1800.0,"loser_holding_max":"2d 01:30","loser_holding_max_s":178200.0,"loser_holding_avg":"1d 09:18","loser_holding_avg_s":119880.0,"max_consecutive_wins":4,"max_consecutive_losses":4,"max_drawdown_account":0.05818756843000006,"max_relative_drawdown":0.05818756843000006,"max_drawdown_abs":58.18756843,"drawdown_start":"2026-01-21 16:45:00","drawdown_start_ts":1769013900000.0,"drawdown_end":"2026-01-29 15:00:00","drawdown_end_ts":1769698800000.0,"drawdown_duration":"7 days 22:15:00","drawdown_duration_s":684900.0,"max_drawdown_low":-58.18756843,"max_drawdown_high":0.0,"csum_min":941.81243157,"csum_max":1011.06526918}},"strategy_comparison":[{"key":"SupertrendStrategyV2","trades":10,"profit_mean":-0.00852509544982178,"profit_mean_pct":-0.85,"profit_total_abs":-30.460445000000004,"profit_total":-0.030460445000000003,"profit_total_pct":-3.05,"duration_avg":"1 day, 9:18:00","wins":4,"draws":0,"losses":6,"winrate":0.4,"cagr":-0.30526372852363437,"expectancy":-3.046044499999998,"expectancy_ratio":-0.18328818911200007,"sortino":-3.1819206823117683,"sharpe":-1.0275201330000108,"calmar":-32.26196182956715,"sqn":-0.5002,"profit_factor":0.694519684813333,"max_drawdown_account":0.05818756843000006,"max_drawdown_abs":"58.188"}]}