{"strategy":{"SupertrendFuturesStrategyV5_2":{"trades":[{"pair":"SOL/USDT:USDT","stake_amount":329.7855,"max_stake_amount":329.7855,"amount":5.06,"open_date":"2026-01-22 02:15:00+00:00","close_date":"2026-01-23 14:30:00+00:00","open_rate":130.35,"close_rate":125.78774999999999,"fee_open":0.0005,"fee_close":0.0005,"trade_duration":2175,"profit_ratio":-0.07166119474182683,"profit_abs":-23.64463935,"exit_reason":"stop_loss","initial_stop_loss_abs":125.78774999999999,"initial_stop_loss_ratio":-0.07,"stop_loss_abs":125.78774999999999,"stop_loss_ratio":-0.07,"min_rate":125.46,"max_rate":130.89,"is_open":false,"enter_tag":"","leverage":2,"is_short":false,"open_timestamp":1769048100000,"close_timestamp":1769178600000,"orders":[{"amount":5.06,"safe_price":130.35,"ft_order_side":"buy","order_filled_timestamp":1769048100000,"ft_is_entry":true,"ft_order_tag":"","cost":659.9007854999999},{"amount":5.06,"safe_price":125.78774999999999,"ft_order_side":"sell","order_filled_timestamp":1769178600000,"ft_is_entry":false,"ft_order_tag":"stop_loss","cost":636.8042580074998}],"funding_fees":0.08837415774789097,"weekday":4},{"pair":"ETH/USDT:USDT","stake_amount":321.04944,"max_stake_amount":321.04944,"amount":0.216,"open_date":"2026-01-27 16:15:00+00:00","close_date":"2026-01-28 03:15:00+00:00","open_rate":2972.68,"close_rate":2995.7491250000003,"fee_open":0.0005,"fee_close":0.0005,"trade_duration":660,"profit_ratio":0.013495916740250746,"profit_abs":4.33502294,"exit_reason":"trailing_stop_loss","initial_stop_loss_abs":2868.6362,"initial_stop_loss_ratio":-0.07,"stop_loss_abs":2995.7491250000003,"stop_loss_ratio":-0.025,"min_rate":2916.51,"max_rate":3033.67,"is_open":false,"enter_tag":"","leverage":2,"is_short":false,"open_timestamp":1769530500000,"close_timestamp":1769570100000,"orders":[{"amount":0.216,"safe_price":2972.68,"ft_order_side":"buy","order_filled_timestamp":1769530500000,"ft_is_entry":true,"ft_order_tag":"","cost":642.4199294399999},{"amount":0.216,"safe_price":2995.7491250000003,"ft_order_side":"sell","order_filled_timestamp":1769570100000,"ft_is_entry":false,"ft_order_tag":"trailing_stop_loss","cost":647.4053519055}],"funding_fees":-0.0033177147578233677,"weekday":2},{"pair":"DOGE/USDT:USDT","stake_amount":321.6486,"max_stake_amount":321.6486,"amount":5160.0,"open_date":"2026-01-27 16:30:00+00:00","close_date":"2026-01-28 11:30:00+00:00","open_rate":0.12467,"close_rate":0.12607,"fee_open":0.0005,"fee_close":0.0005,"trade_duration":1140,"profit_ratio":0.020213466942894623,"profit_abs":6.50488416,"exit_reason":"trailing_stop_loss","initial_stop_loss_abs":0.12031,"initial_stop_loss_ratio":-0.07,"stop_loss_abs":0.12607,"stop_loss_ratio":-0.025,"min_rate":0.1217,"max_rate":0.12766,"is_open":false,"enter_tag":"","leverage":2,"is_short":false,"open_timestamp":1769531400000,"close_timestamp":1769599800000,"orders":[{"amount":5160.0,"safe_price":0.12467,"ft_order_side":"buy","order_filled_timestamp":1769531400000,"ft_is_entry":true,"ft_order_tag":"","cost":643.6188486},{"amount":5160.0,"safe_price":0.12607,"ft_order_side":"sell","order_filled_timestamp":1769599800000,"ft_is_entry":false,"ft_order_tag":"trailing_stop_loss","cost":650.8464605999999}],"funding_fees":-0.07220664485493175,"weekday":2},{"pair":"SOL/USDT:USDT","stake_amount":321.6128,"max_stake_amount":321.6128,"amount":5.12,"open_date":"2026-01-27 16:30:00+00:00","close_date":"2026-01-28 14:15:00+00:00","open_rate":125.63,"close_rate":126.66662500000001,"fee_open":0.0005,"fee_close":0.0005,"trade_duration":1305,"profit_ratio":0.01428201952737911,"profit_abs":4.59557693,"exit_reason":"trailing_stop_loss","initial_stop_loss_abs":121.23294999999999,"initial_stop_loss_ratio":-0.07,"stop_loss_abs":126.66662500000001,"stop_loss_ratio":-0.025,"min_rate":123.45,"max_rate":128.27,"is_open":false,"enter_tag":"","leverage":2,"is_short":false,"open_timestamp":1769531400000,"close_timestamp":1769609700000,"orders":[{"amount":5.12,"safe_price":125.63,"ft_order_side":"buy","order_filled_timestamp":1769531400000,"ft_is_entry":true,"ft_order_tag":"","cost":643.5472127999999},{"amount":5.12,"safe_price":126.66662500000001,"ft_order_side":"sell","order_filled_timestamp":1769609700000,"ft_is_entry":false,"ft_order_tag":"trailing_stop_loss","cost":648.85738656}],"funding_fees":-0.06606371006938369,"weekday":2},{"pair":"DOGE/USDT:USDT","stake_amount":325.5315,"max_stake_amount":325.5315,"amount":5150.0,"open_date":"2026-01-28 11:45:00+00:00","close_date":"2026-01-29 02:30:00+00:00","open_rate":0.12642,"close_rate":0.122,"fee_open":0.0005,"fee_close":0.0005,"trade_duration":885,"profit_ratio":-0.07224925743108512,"profit_abs":-23.53116885,"exit_reason":"stop_loss","initial_stop_loss_abs":0.122,"initial_stop_loss_ratio":-0.07,"stop_loss_abs":0.122,"stop_loss_ratio":-0.07,"min_rate":0.12181,"max_rate":0.12722,"is_open":false,"enter_tag":"","leverage":2,"is_short":false,"open_timestamp":1769600700000,"close_timestamp":1769653800000,"orders":[{"amount":5150.0,"safe_price":0.12642,"ft_order_side":"buy","order_filled_timestamp":1769600700000,"ft_is_entry":true,"ft_order_tag":"","cost":651.3885315},{"amount":5150.0,"safe_price":0.122,"ft_order_side":"sell","order_filled_timestamp":1769653800000,"ft_is_entry":false,"ft_order_tag":"stop_loss","cost":628.6141499999999}],"funding_fees":-0.12848735,"weekday":3},{"pair":"ETH/USDT:USDT","stake_amount":322.6892,"max_stake_amount":322.6892,"amount":0.215,"open_date":"2026-01-28 03:30:00+00:00","close_date":"2026-01-29 14:45:00+00:00","open_rate":3001.76,"close_rate":2896.6984,"fee_open":0.0005,"fee_close":0.0005,"trade_duration":2115,"profit_ratio":-0.0722516624802373,"profit_abs":-23.32648858,"exit_reason":"stop_loss","initial_stop_loss_abs":2896.6984,"initial_stop_loss_ratio":-0.07,"stop_loss_abs":2896.6984,"stop_loss_ratio":-0.07,"min_rate":2874.15,"max_rate":3045.47,"is_open":false,"enter_tag":"","leverage":2,"is_short":false,"open_timestamp":1769571000000,"close_timestamp":1769697900000,"orders":[{"amount":0.215,"safe_price":3001.76,"ft_order_side":"buy","order_filled_timestamp":1769571000000,"ft_is_entry":true,"ft_order_tag":"","cost":645.7010892000001},{"amount":0.215,"safe_price":2896.6984,"ft_order_side":"sell","order_filled_timestamp":1769697900000,"ft_is_entry":false,"ft_order_tag":"stop_loss","cost":623.1015510779999}],"funding_fees":-0.10416029767461435,"weekday":3},{"pair":"DOGE/USDT:USDT","stake_amount":311.76725,"max_stake_amount":311.76725,"amount":6730.0,"open_date":"2026-02-12 06:45:00+00:00","close_date":"2026-02-12 15:00:00+00:00","open_rate":0.09265,"close_rate":0.09331,"fee_open":0.0005,"fee_close":0.0005,"trade_duration":495,"profit_ratio":0.012166171536870728,"profit_abs":3.79491035,"exit_reason":"trailing_stop_loss","initial_stop_loss_abs":0.08941,"initial_stop_loss_ratio":-0.07,"stop_loss_abs":0.09331,"stop_loss_ratio":-0.025,"min_rate":0.09235,"max_rate":0.09449,"is_open":false,"enter_tag":"","leverage":2,"is_short":false,"open_timestamp":1770878700000,"close_timestamp":1770908400000,"orders":[{"amount":6730.0,"safe_price":0.09265,"ft_order_side":"buy","order_filled_timestamp":1770878700000,"ft_is_entry":true,"ft_order_tag":"","cost":623.84626725},{"amount":6730.0,"safe_price":0.09331,"ft_order_side":"sell","order_filled_timestamp":1770908400000,"ft_is_entry":false,"ft_order_tag":"trailing_stop_loss","cost":628.29028815}],"funding_fees":-0.02113424945985859,"weekday":3},{"pair":"ETH/USDT:USDT","stake_amount":311.0594,"max_stake_amount":311.0594,"amount":0.313,"open_date":"2026-02-12 11:15:00+00:00","close_date":"2026-02-12 16:00:00+00:00","open_rate":1987.6,"close_rate":1918.0339999999999,"fee_open":0.0005,"fee_close":0.0005,"trade_duration":285,"profit_ratio":-0.07195046539568374,"profit_abs":-22.39205903,"exit_reason":"stop_loss","initial_stop_loss_abs":1918.0339999999999,"initial_stop_loss_ratio":-0.07,"stop_loss_abs":1918.0339999999999,"stop_loss_ratio":-0.07,"min_rate":1916.81,"max_rate":2001.28,"is_open":false,"enter_tag":"","leverage":2,"is_short":false,"open_timestamp":1770894900000,"close_timestamp":1770912000000,"orders":[{"amount":0.313,"safe_price":1987.6,"ft_order_side":"buy","order_filled_timestamp":1770894900000,"ft_is_entry":true,"ft_order_tag":"","cost":622.4298593999999},{"amount":0.313,"safe_price":1918.0339999999999,"ft_order_side":"sell","order_filled_timestamp":1770912000000,"ft_is_entry":false,"ft_order_tag":"stop_loss","cost":600.6448143209999}],"funding_fees":-0.006669308239287067,"weekday":3},{"pair":"BTC/USDT:USDT","stake_amount":310.179415,"max_stake_amount":310.179415,"amount":0.0091,"open_date":"2026-02-12 11:30:00+00:00","close_date":"2026-02-12 16:45:00+00:00","open_rate":68171.3,"close_rate":65785.3045,"fee_open":0.0005,"fee_close":0.0005,"trade_duration":315,"profit_ratio":-0.0720126942089914,"profit_abs":-22.34802379,"exit_reason":"stop_loss","initial_stop_loss_abs":65785.3045,"initial_stop_loss_ratio":-0.07,"stop_loss_abs":65785.3045,"stop_loss_ratio":-0.07,"min_rate":65514.7,"max_rate":68390.0,"is_open":false,"enter_tag":"","leverage":2,"is_short":false,"open_timestamp":1770895800000,"close_timestamp":1770914700000,"orders":[{"amount":0.0091,"safe_price":68171.3,"ft_order_side":"buy","order_filled_timestamp":1770895800000,"ft_is_entry":true,"ft_order_tag":"","cost":620.669009415},{"amount":0.0091,"safe_price":65785.3045,"ft_order_side":"sell","order_filled_timestamp":1770914700000,"ft_is_entry":false,"ft_order_tag":"stop_loss","cost":598.945594085475}],"funding_fees":-0.02596218983994654,"weekday":3},{"pair":"ETH/USDT:USDT","stake_amount":298.08872,"max_stake_amount":298.08872,"amount":0.304,"open_date":"2026-02-13 10:00:00+00:00","close_date":"2026-02-13 15:00:00+00:00","open_rate":1961.11,"close_rate":2021.9348224112052,"fee_open":0.0005,"fee_close":0.0005,"trade_duration":300,"profit_ratio":0.059970014992503734,"profit_abs":17.8853232,"exit_reason":"roi","initial_stop_loss_abs":1892.4711499999999,"initial_stop_loss_ratio":-0.07,"stop_loss_abs":2005.6125000000002,"stop_loss_ratio":-0.025,"min_rate":1943.0,"max_rate":2031.0,"is_open":false,"enter_tag":"","leverage":2,"is_short":false,"open_timestamp":1770976800000,"close_timestamp":1770994800000,"orders":[{"amount":0.304,"safe_price":1961.11,"ft_order_side":"buy","order_filled_timestamp":1770976800000,"ft_is_entry":true,"ft_order_tag":"","cost":596.4755287199999},{"amount":0.304,"safe_price":2021.9348224112052,"ft_order_side":"sell","order_filled_timestamp":1770994800000,"ft_is_entry":false,"ft_order_tag":"roi","cost":614.9755201060128}],"funding_fees":0.0,"weekday":4},{"pair":"BTC/USDT:USDT","stake_amount":281.67468,"max_stake_amount":281.67468,"amount":0.0084,"open_date":"2026-02-13 12:30:00+00:00","close_date":"2026-02-13 15:00:00+00:00","open_rate":67065.4,"close_rate":67717.0225,"fee_open":0.0005,"fee_close":0.0005,"trade_duration":150,"profit_ratio":0.017414026297491742,"profit_abs":4.90754283,"exit_reason":"trailing_stop_loss","initial_stop_loss_abs":64718.11099999999,"initial_stop_loss_ratio":-0.07,"stop_loss_abs":67717.0225,"stop_loss_ratio":-0.025,"min_rate":66804.1,"max_rate":68574.2,"is_open":false,"enter_tag":"","leverage":2,"is_short":false,"open_timestamp":1770985800000,"close_timestamp":1770994800000,"orders":[{"amount":0.0084,"safe_price":67065.4,"ft_order_side":"buy","order_filled_timestamp":1770985800000,"ft_is_entry":true,"ft_order_tag":"","cost":563.6310346799999},{"amount":0.0084,"safe_price":67717.0225,"ft_order_side":"sell","order_filled_timestamp":1770994800000,"ft_is_entry":false,"ft_order_tag":"trailing_stop_loss","cost":569.1074004945}],"funding_fees":0.0,"weekday":4},{"pair":"DOGE/USDT:USDT","stake_amount":312.7563,"max_stake_amount":312.7563,"amount":6670.0,"open_date":"2026-02-12 15:15:00+00:00","close_date":"2026-02-13 15:15:00+00:00","open_rate":0.09378,"close_rate":0.09486,"fee_open":0.0005,"fee_close":0.0005,"trade_duration":1440,"profit_ratio":0.020946127842279633,"profit_abs":6.55430896,"exit_reason":"trailing_stop_loss","initial_stop_loss_abs":0.0905,"initial_stop_loss_ratio":-0.07,"stop_loss_abs":0.09486,"stop_loss_ratio":-0.025,"min_rate":0.09063,"max_rate":0.09606,"is_open":false,"enter_tag":"","leverage":2,"is_short":false,"open_timestamp":1770909300000,"close_timestamp":1770995700000,"orders":[{"amount":6670.0,"safe_price":0.09378,"ft_order_side":"buy","order_filled_timestamp":1770909300000,"ft_is_entry":true,"ft_order_tag":"","cost":625.8253563},{"amount":6670.0,"safe_price":0.09486,"ft_order_side":"sell","order_filled_timestamp":1770995700000,"ft_is_entry":false,"ft_order_tag":"trailing_stop_loss","cost":633.0325581}],"funding_fees":-0.020176641694942828,"weekday":4},{"pair":"ETH/USDT:USDT","stake_amount":307.02784,"max_stake_amount":307.02784,"amount":0.304,"open_date":"2026-02-13 15:15:00+00:00","close_date":"2026-02-13 16:00:00+00:00","open_rate":2019.92,"close_rate":2036.6397500000003,"fee_open":0.0005,"fee_close":0.0005,"trade_duration":45,"profit_ratio":0.014481860351323763,"profit_abs":4.44855747,"exit_reason":"trailing_stop_loss","initial_stop_loss_abs":1949.2228,"initial_stop_loss_ratio":-0.07,"stop_loss_abs":2036.6397500000003,"stop_loss_ratio":-0.025,"min_rate":2013.04,"max_rate":2062.42,"is_open":false,"enter_tag":"","leverage":2,"is_short":false,"open_timestamp":1770995700000,"close_timestamp":1770998400000,"orders":[{"amount":0.304,"safe_price":2019.92,"ft_order_side":"buy","order_filled_timestamp":1770995700000,"ft_is_entry":true,"ft_order_tag":"","cost":614.36270784},{"amount":0.304,"safe_price":2036.6397500000003,"ft_order_side":"sell","order_filled_timestamp":1770998400000,"ft_is_entry":false,"ft_order_tag":"trailing_stop_loss","cost":619.448053242}],"funding_fees":-0.017649444840025886,"weekday":4},{"pair":"ETH/USDT:USDT","stake_amount":308.550585,"max_stake_amount":308.550585,"amount":0.301,"open_date":"2026-02-13 16:15:00+00:00","close_date":"2026-02-14 08:00:00+00:00","open_rate":2050.17,"close_rate":2065.682125,"fee_open":0.0005,"fee_close":0.0005,"trade_duration":945,"profit_ratio":0.012949510371207854,"profit_abs":3.99757679,"exit_reason":"trailing_stop_loss","initial_stop_loss_abs":1978.41405,"initial_stop_loss_ratio":-0.07,"stop_loss_abs":2065.682125,"stop_loss_ratio":-0.025,"min_rate":2038.21,"max_rate":2091.83,"is_open":false,"enter_tag":"","leverage":2,"is_short":false,"open_timestamp":1770999300000,"close_timestamp":1771056000000,"orders":[{"amount":0.301,"safe_price":2050.17,"ft_order_side":"buy","order_filled_timestamp":1770999300000,"ft_is_entry":true,"ft_order_tag":"","cost":617.409720585},{"amount":0.301,"safe_price":2065.682125,"ft_order_side":"sell","order_filled_timestamp":1771056000000,"ft_is_entry":false,"ft_order_tag":"trailing_stop_loss","cost":622.0812047848124}],"funding_fees":-0.0521370858235543,"weekday":5},{"pair":"DOGE/USDT:USDT","stake_amount":307.9674,"max_stake_amount":307.9674,"amount":6420.0,"open_date":"2026-02-13 15:30:00+00:00","close_date":"2026-02-14 11:00:00+00:00","open_rate":0.09594,"close_rate":0.09891562781390693,"fee_open":0.0005,"fee_close":0.0005,"trade_duration":1170,"profit_ratio":0.05959411323388782,"profit_abs":18.36222063,"exit_reason":"roi","initial_stop_loss_abs":0.09259,"initial_stop_loss_ratio":-0.07,"stop_loss_abs":0.09782,"stop_loss_ratio":-0.025,"min_rate":0.0949,"max_rate":0.09905,"is_open":false,"enter_tag":"","leverage":2,"is_short":false,"open_timestamp":1770996600000,"close_timestamp":1771066800000,"orders":[{"amount":6420.0,"safe_price":0.09594,"ft_order_side":"buy","order_filled_timestamp":1770996600000,"ft_is_entry":true,"ft_order_tag":"","cost":616.2427673999999},{"amount":6420.0,"safe_price":0.09891562781390693,"ft_order_side":"sell","order_filled_timestamp":1771066800000,"ft_is_entry":false,"ft_order_tag":"roi","cost":635.3558497305652}],"funding_fees":-0.11582337233588978,"weekday":5},{"pair":"BTC/USDT:USDT","stake_amount":307.52505,"max_stake_amount":307.52505,"amount":0.009,"open_date":"2026-02-13 15:15:00+00:00","close_date":"2026-02-14 11:45:00+00:00","open_rate":68338.9,"close_rate":70458.46568284142,"fee_open":0.0005,"fee_close":0.0005,"trade_duration":1230,"profit_ratio":0.059885716792744244,"profit_abs":18.42556623,"exit_reason":"roi","initial_stop_loss_abs":65947.0385,"initial_stop_loss_ratio":-0.07,"stop_loss_abs":69681.7525,"stop_loss_ratio":-0.025,"min_rate":68088.0,"max_rate":70563.8,"is_open":false,"enter_tag":"","leverage":2,"is_short":false,"open_timestamp":1770995700000,"close_timestamp":1771069500000,"orders":[{"amount":0.009,"safe_price":68338.9,"ft_order_side":"buy","order_filled_timestamp":1770995700000,"ft_is_entry":true,"ft_order_tag":"","cost":615.3576250499999},{"amount":0.009,"safe_price":70458.46568284142,"ft_order_side":"sell","order_filled_timestamp":1771069500000,"ft_is_entry":false,"ft_order_tag":"roi","cost":634.4432542411454}],"funding_fees":-0.025936774815967616,"weekday":5},{"pair":"ETH/USDT:USDT","stake_amount":310.0515,"max_stake_amount":310.0515,"amount":0.3,"open_date":"2026-02-14 08:30:00+00:00","close_date":"2026-02-14 12:30:00+00:00","open_rate":2067.01,"close_rate":2081.205625,"fee_open":0.0005,"fee_close":0.0005,"trade_duration":240,"profit_ratio":0.011722690717766113,"profit_abs":3.63645516,"exit_reason":"trailing_stop_loss","initial_stop_loss_abs":1994.6646500000002,"initial_stop_loss_ratio":-0.07,"stop_loss_abs":2081.205625,"stop_loss_ratio":-0.025,"min_rate":2067.01,"max_rate":2107.55,"is_open":false,"enter_tag":"","leverage":2,"is_short":false,"open_timestamp":1771057800000,"close_timestamp":1771072200000,"orders":[{"amount":0.3,"safe_price":2067.01,"ft_order_side":"buy","order_filled_timestamp":1771057800000,"ft_is_entry":true,"ft_order_tag":"","cost":620.4130515},{"amount":0.3,"safe_price":2081.205625,"ft_order_side":"sell","order_filled_timestamp":1771072200000,"ft_is_entry":false,"ft_order_tag":"trailing_stop_loss","cost":624.67386834375}],"funding_fees":0.0,"weekday":5},{"pair":"DOGE/USDT:USDT","stake_amount":316.608,"max_stake_amount":316.608,"amount":6400.0,"open_date":"2026-02-14 11:15:00+00:00","close_date":"2026-02-14 12:30:00+00:00","open_rate":0.09894,"close_rate":0.09961,"fee_open":0.0005,"fee_close":0.0005,"trade_duration":75,"profit_ratio":0.011531024461490702,"profit_abs":3.65264,"exit_reason":"trailing_stop_loss","initial_stop_loss_abs":0.09548,"initial_stop_loss_ratio":-0.07,"stop_loss_abs":0.09961,"stop_loss_ratio":-0.025,"min_rate":0.09882,"max_rate":0.10087,"is_open":false,"enter_tag":"","leverage":2,"is_short":false,"open_timestamp":1771067700000,"close_timestamp":1771072200000,"orders":[{"amount":6400.0,"safe_price":0.09894,"ft_order_side":"buy","order_filled_timestamp":1771067700000,"ft_is_entry":true,"ft_order_tag":"","cost":633.532608},{"amount":6400.0,"safe_price":0.09961,"ft_order_side":"sell","order_filled_timestamp":1771072200000,"ft_is_entry":false,"ft_order_tag":"trailing_stop_loss","cost":637.822752}],"funding_fees":0.0,"weekday":5},{"pair":"DOGE/USDT:USDT","stake_amount":325.30575,"max_stake_amount":325.30575,"amount":6550.0,"open_date":"2026-02-14 13:30:00+00:00","close_date":"2026-02-14 14:45:00+00:00","open_rate":0.09933,"close_rate":0.10241077038519257,"fee_open":0.0005,"fee_close":0.0005,"trade_duration":75,"profit_ratio":0.059970014992503755,"profit_abs":19.518345,"exit_reason":"roi","initial_stop_loss_abs":0.09586,"initial_stop_loss_ratio":-0.07,"stop_loss_abs":0.10215,"stop_loss_ratio":-0.025,"min_rate":0.09932,"max_rate":0.10344,"is_open":false,"enter_tag":"","leverage":2,"is_short":false,"open_timestamp":1771075800000,"close_timestamp":1771080300000,"orders":[{"amount":6550.0,"safe_price":0.09933,"ft_order_side":"buy","order_filled_timestamp":1771075800000,"ft_is_entry":true,"ft_order_tag":"","cost":650.93680575},{"amount":6550.0,"safe_price":0.10241077038519257,"ft_order_side":"sell","order_filled_timestamp":1771080300000,"ft_is_entry":false,"ft_order_tag":"roi","cost":671.1259412960228}],"funding_fees":0.0,"weekday":5},{"pair":"DOGE/USDT:USDT","stake_amount":331.3362,"max_stake_amount":331.3362,"amount":6420.0,"open_date":"2026-02-14 15:00:00+00:00","close_date":"2026-02-14 16:45:00+00:00","open_rate":0.10322,"close_rate":0.10413,"fee_open":0.0005,"fee_close":0.0005,"trade_duration":105,"profit_ratio":0.015539980331109331,"profit_abs":5.15153251,"exit_reason":"trailing_stop_loss","initial_stop_loss_abs":0.09961,"initial_stop_loss_ratio":-0.07,"stop_loss_abs":0.10413,"stop_loss_ratio":-0.025,"min_rate":0.10241,"max_rate":0.10544,"is_open":false,"enter_tag":"","leverage":2,"is_short":false,"open_timestamp":1771081200000,"close_timestamp":1771087500000,"orders":[{"amount":6420.0,"safe_price":0.10322,"ft_order_side":"buy","order_filled_timestamp":1771081200000,"ft_is_entry":true,"ft_order_tag":"","cost":663.0037362},{"amount":6420.0,"safe_price":0.10413,"ft_order_side":"sell","order_filled_timestamp":1771087500000,"ft_is_entry":false,"ft_order_tag":"trailing_stop_loss","cost":668.8488573}],"funding_fees":-0.02507399159917383,"weekday":5},{"pair":"DOGE/USDT:USDT","stake_amount":332.994,"max_stake_amount":332.994,"amount":6350.0,"open_date":"2026-02-14 17:00:00+00:00","close_date":"2026-02-14 18:15:00+00:00","open_rate":0.10488,"close_rate":0.10584,"fee_open":0.0005,"fee_close":0.0005,"trade_duration":75,"profit_ratio":0.01628933816844438,"profit_abs":5.426964,"exit_reason":"trailing_stop_loss","initial_stop_loss_abs":0.10121,"initial_stop_loss_ratio":-0.07,"stop_loss_abs":0.10584,"stop_loss_ratio":-0.025,"min_rate":0.1048,"max_rate":0.10717,"is_open":false,"enter_tag":"","leverage":2,"is_short":false,"open_timestamp":1771088400000,"close_timestamp":1771092900000,"orders":[{"amount":6350.0,"safe_price":0.10488,"ft_order_side":"buy","order_filled_timestamp":1771088400000,"ft_is_entry":true,"ft_order_tag":"","cost":666.320994},{"amount":6350.0,"safe_price":0.10584,"ft_order_side":"sell","order_filled_timestamp":1771092900000,"ft_is_entry":false,"ft_order_tag":"trailing_stop_loss","cost":672.420042}],"funding_fees":0.0,"weekday":5},{"pair":"DOGE/USDT:USDT","stake_amount":335.1636,"max_stake_amount":335.1636,"amount":6280.0,"open_date":"2026-02-14 18:30:00+00:00","close_date":"2026-02-14 20:00:00+00:00","open_rate":0.10674,"close_rate":0.10788,"fee_open":0.0005,"fee_close":0.0005,"trade_duration":90,"profit_ratio":0.019339964643872554,"profit_abs":6.4852932,"exit_reason":"trailing_stop_loss","initial_stop_loss_abs":0.10301,"initial_stop_loss_ratio":-0.07,"stop_loss_abs":0.10788,"stop_loss_ratio":-0.025,"min_rate":0.10629,"max_rate":0.10929,"is_open":false,"enter_tag":"","leverage":2,"is_short":false,"open_timestamp":1771093800000,"close_timestamp":1771099200000,"orders":[{"amount":6280.0,"safe_price":0.10674,"ft_order_side":"buy","order_filled_timestamp":1771093800000,"ft_is_entry":true,"ft_order_tag":"","cost":670.6623636},{"amount":6280.0,"safe_price":0.10788,"ft_order_side":"sell","order_filled_timestamp":1771099200000,"ft_is_entry":false,"ft_order_tag":"trailing_stop_loss","cost":677.8251432}],"funding_fees":0.0,"weekday":5},{"pair":"DOGE/USDT:USDT","stake_amount":336.9112,"max_stake_amount":336.9112,"amount":6040.0,"open_date":"2026-02-14 21:15:00+00:00","close_date":"2026-02-15 01:45:00+00:00","open_rate":0.11156,"close_rate":0.11225,"fee_open":0.0005,"fee_close":0.0005,"trade_duration":270,"profit_ratio":0.0101598537411108,"profit_abs":3.42468,"exit_reason":"trailing_stop_loss","initial_stop_loss_abs":0.10766,"initial_stop_loss_ratio":-0.07,"stop_loss_abs":0.11225,"stop_loss_ratio":-0.025,"min_rate":0.10936,"max_rate":0.11367,"is_open":false,"enter_tag":"","leverage":2,"is_short":false,"open_timestamp":1771103700000,"close_timestamp":1771119900000,"orders":[{"amount":6040.0,"safe_price":0.11156,"ft_order_side":"buy","order_filled_timestamp":1771103700000,"ft_is_entry":true,"ft_order_tag":"","cost":674.1593111999999},{"amount":6040.0,"safe_price":0.11225,"ft_order_side":"sell","order_filled_timestamp":1771119900000,"ft_is_entry":false,"ft_order_tag":"trailing_stop_loss","cost":678.328995}],"funding_fees":-0.0670138,"weekday":6},{"pair":"DOGE/USDT:USDT","stake_amount":338.3152,"max_stake_amount":338.3152,"amount":5990.0,"open_date":"2026-02-15 02:15:00+00:00","close_date":"2026-02-15 03:00:00+00:00","open_rate":0.11296,"close_rate":0.11402,"fee_open":0.0005,"fee_close":0.0005,"trade_duration":45,"profit_ratio":0.01674994655646681,"profit_abs":5.6695949,"exit_reason":"trailing_stop_loss","initial_stop_loss_abs":0.10901,"initial_stop_loss_ratio":-0.07,"stop_loss_abs":0.11402,"stop_loss_ratio":-0.025,"min_rate":0.11186,"max_rate":0.11546,"is_open":false,"enter_tag":"","leverage":2,"is_short":false,"open_timestamp":1771121700000,"close_timestamp":1771124400000,"orders":[{"amount":5990.0,"safe_price":0.11296,"ft_order_side":"buy","order_filled_timestamp":1771121700000,"ft_is_entry":true,"ft_order_tag":"","cost":676.9687152},{"amount":5990.0,"safe_price":0.11402,"ft_order_side":"sell","order_filled_timestamp":1771124400000,"ft_is_entry":false,"ft_order_tag":"trailing_stop_loss","cost":683.3212898999999}],"funding_fees":0.0,"weekday":6},{"pair":"DOGE/USDT:USDT","stake_amount":340.1706,"max_stake_amount":340.1706,"amount":5970.0,"open_date":"2026-02-15 03:15:00+00:00","close_date":"2026-02-15 04:00:00+00:00","open_rate":0.11396,"close_rate":0.11749452726363181,"fee_open":0.0005,"fee_close":0.0005,"trade_duration":45,"profit_ratio":0.05997001499250375,"profit_abs":20.410236,"exit_reason":"roi","initial_stop_loss_abs":0.10998,"initial_stop_loss_ratio":-0.07,"stop_loss_abs":0.11608,"stop_loss_ratio":-0.025,"min_rate":0.11262,"max_rate":0.11754,"is_open":false,"enter_tag":"","leverage":2,"is_short":false,"open_timestamp":1771125300000,"close_timestamp":1771128000000,"orders":[{"amount":5970.0,"safe_price":0.11396,"ft_order_side":"buy","order_filled_timestamp":1771125300000,"ft_is_entry":true,"ft_order_tag":"","cost":680.6813706},{"amount":5970.0,"safe_price":0.11749452726363181,"ft_order_side":"sell","order_filled_timestamp":1771128000000,"ft_is_entry":false,"ft_order_tag":"roi","cost":701.7930489277638}],"funding_fees":0.0,"weekday":6},{"pair":"DOGE/USDT:USDT","stake_amount":346.5864,"max_stake_amount":346.5864,"amount":5920.0,"open_date":"2026-02-15 04:15:00+00:00","close_date":"2026-02-15 10:15:00+00:00","open_rate":0.11709,"close_rate":0.113,"fee_open":0.0005,"fee_close":0.0005,"trade_duration":360,"profit_ratio":-0.0718567019426582,"profit_abs":-24.91700792,"exit_reason":"stop_loss","initial_stop_loss_abs":0.113,"initial_stop_loss_ratio":-0.07,"stop_loss_abs":0.113,"stop_loss_ratio":-0.07,"min_rate":0.11209,"max_rate":0.11744,"is_open":false,"enter_tag":"","leverage":2,"is_short":false,"open_timestamp":1771128900000,"close_timestamp":1771150500000,"orders":[{"amount":5920.0,"safe_price":0.11709,"ft_order_side":"buy","order_filled_timestamp":1771128900000,"ft_is_entry":true,"ft_order_tag":"","cost":693.5193864},{"amount":5920.0,"safe_price":0.113,"ft_order_side":"sell","order_filled_timestamp":1771150500000,"ft_is_entry":false,"ft_order_tag":"stop_loss","cost":669.29448}],"funding_fees":-0.02314151541059021,"weekday":6},{"pair":"DOGE/USDT:USDT","stake_amount":338.79,"max_stake_amount":338.79,"amount":6000.0,"open_date":"2026-02-15 10:30:00+00:00","close_date":"2026-02-15 12:45:00+00:00","open_rate":0.11293,"close_rate":0.10898,"fee_open":0.0005,"fee_close":0.0005,"trade_duration":135,"profit_ratio":-0.07188391990137934,"profit_abs":-24.36573,"exit_reason":"stop_loss","initial_stop_loss_abs":0.10898,"initial_stop_loss_ratio":-0.07,"stop_loss_abs":0.10898,"stop_loss_ratio":-0.07,"min_rate":0.10856,"max_rate":0.11391,"is_open":false,"enter_tag":"","leverage":2,"is_short":false,"open_timestamp":1771151400000,"close_timestamp":1771159500000,"orders":[{"amount":6000.0,"safe_price":0.11293,"ft_order_side":"buy","order_filled_timestamp":1771151400000,"ft_is_entry":true,"ft_order_tag":"","cost":677.9187900000001},{"amount":6000.0,"safe_price":0.10898,"ft_order_side":"sell","order_filled_timestamp":1771159500000,"ft_is_entry":false,"ft_order_tag":"stop_loss","cost":654.2069399999999}],"funding_fees":0.0,"weekday":6},{"pair":"BTC/USDT:USDT","stake_amount":320.63304,"max_stake_amount":320.63304,"amount":0.0091,"open_date":"2026-02-14 12:00:00+00:00","close_date":"2026-02-15 13:00:00+00:00","open_rate":70468.8,"close_rate":69282.0,"fee_open":0.0005,"fee_close":0.0005,"trade_duration":1500,"profit_ratio":-0.035914817921990555,"profit_abs":-11.52123499,"exit_reason":"exit_signal","initial_stop_loss_abs":68002.392,"initial_stop_loss_ratio":-0.07,"stop_loss_abs":68002.392,"stop_loss_ratio":-0.07,"min_rate":69194.0,"max_rate":70929.0,"is_open":false,"enter_tag":"","leverage":2,"is_short":false,"open_timestamp":1771070400000,"close_timestamp":1771160400000,"orders":[{"amount":0.0091,"safe_price":70468.8,"ft_order_side":"buy","order_filled_timestamp":1771070400000,"ft_is_entry":true,"ft_order_tag":"","cost":641.5867130400001},{"amount":0.0091,"safe_price":69282.0,"ft_order_side":"sell","order_filled_timestamp":1771160400000,"ft_is_entry":false,"ft_order_tag":"exit_signal","cost":630.7814331000001}],"funding_fees":-0.0854888549805711,"weekday":6},{"pair":"ETH/USDT:USDT","stake_amount":325.152225,"max_stake_amount":325.152225,"amount":0.313,"open_date":"2026-02-14 12:45:00+00:00","close_date":"2026-02-15 13:00:00+00:00","open_rate":2077.65,"close_rate":2009.54,"fee_open":0.0005,"fee_close":0.0005,"trade_duration":1455,"profit_ratio":-0.06799723327789907,"profit_abs":-22.12050642,"exit_reason":"exit_signal","initial_stop_loss_abs":2004.93225,"initial_stop_loss_ratio":-0.07,"stop_loss_abs":2004.93225,"stop_loss_ratio":-0.07,"min_rate":2008.43,"max_rate":2102.8,"is_open":false,"enter_tag":"","leverage":2,"is_short":false,"open_timestamp":1771073100000,"close_timestamp":1771160400000,"orders":[{"amount":0.313,"safe_price":2077.65,"ft_order_side":"buy","order_filled_timestamp":1771073100000,"ft_is_entry":true,"ft_order_tag":"","cost":650.629602225},{"amount":0.313,"safe_price":2009.54,"ft_order_side":"sell","order_filled_timestamp":1771160400000,"ft_is_entry":false,"ft_order_tag":"exit_signal","cost":629.3005130099999}],"funding_fees":-0.16243118084733532,"weekday":6},{"pair":"DOGE/USDT:USDT","stake_amount":319.2546,"max_stake_amount":319.2546,"amount":5880.0,"open_date":"2026-02-15 13:00:00+00:00","close_date":"2026-02-15 17:45:00+00:00","open_rate":0.10859,"close_rate":0.10479,"fee_open":0.0005,"fee_close":0.0005,"trade_duration":285,"profit_ratio":-0.07211537430474375,"profit_abs":-23.03467656,"exit_reason":"stop_loss","initial_stop_loss_abs":0.10479,"initial_stop_loss_ratio":-0.07,"stop_loss_abs":0.10479,"stop_loss_ratio":-0.07,"min_rate":0.10289,"max_rate":0.11008,"is_open":false,"enter_tag":"","leverage":2,"is_short":false,"open_timestamp":1771160400000,"close_timestamp":1771177500000,"orders":[{"amount":5880.0,"safe_price":0.10859,"ft_order_side":"buy","order_filled_timestamp":1771160400000,"ft_is_entry":true,"ft_order_tag":"","cost":638.8284546},{"amount":5880.0,"safe_price":0.10479,"ft_order_side":"sell","order_filled_timestamp":1771177500000,"ft_is_entry":false,"ft_order_tag":"stop_loss","cost":616.4732825999998}],"funding_fees":-0.06333936,"weekday":6}],"locks":[],"best_pair":{"key":"DOGE/USDT:USDT","trades":16,"profit_mean":0.0021477977414730287,"profit_mean_pct":0.21,"profit_total_abs":9.107026380000002,"profit_total":0.009107026380000003,"profit_total_pct":0.91,"duration_avg":"6:58:00","wins":12,"draws":0,"losses":4,"winrate":0.75,"cagr":0.12544585881235837,"expectancy":0.5691891487500005,"expectancy_ratio":0.023753680189109172,"sortino":8.534290771088294,"sharpe":0.4095480388157324,"calmar":9.292194366980437,"sqn":0.1453,"profit_factor":1.0950147207564367,"max_drawdown_account":0.06687236920823593,"max_drawdown_abs":72.31741448},"worst_pair":{"key":"ETH/USDT:USDT","trades":8,"profit_mean":-0.01244742099759599,"profit_mean_pct":-1.24,"profit_total_abs":-33.536118470000005,"profit_total":-0.03353611847000001,"profit_total_pct":-3.35,"duration_avg":"12:36:00","wins":5,"draws":0,"losses":3,"winrate":0.625,"cagr":-0.35896154449685747,"expectancy":-4.192014808750001,"expectancy_ratio":-0.185380598330404,"sortino":-44.29961276309152,"sharpe":-1.533205731276923,"calmar":-50.26751062323661,"sqn":-0.7431,"profit_factor":0.5056517377855895,"max_drawdown_account":0.04552121211124125,"max_drawdown_abs":45.71854761},"results_per_pair":[{"key":"DOGE/USDT:USDT","trades":16,"profit_mean":0.0021477977414730287,"profit_mean_pct":0.21,"profit_total_abs":9.107026380000002,"profit_total":0.009107026380000003,"profit_total_pct":0.91,"duration_avg":"6:58:00","wins":12,"draws":0,"losses":4,"winrate":0.75,"cagr":0.12544585881235837,"expectancy":0.5691891487500005,"expectancy_ratio":0.023753680189109172,"sortino":8.534290771088294,"sharpe":0.4095480388157324,"calmar":9.292194366980437,"sqn":0.1453,"profit_factor":1.0950147207564367,"max_drawdown_account":0.06687236920823593,"max_drawdown_abs":72.31741448},{"key":"BTC/USDT:USDT","trades":4,"profit_mean":-0.007656942260186492,"profit_mean_pct":-0.77,"profit_total_abs":-10.536149719999997,"profit_total":-0.010536149719999997,"profit_total_pct":-1.05,"duration_avg":"13:19:00","wins":2,"draws":0,"losses":2,"winrate":0.5,"cagr":-0.12896656022559494,"expectancy":-2.6340374299999985,"expectancy_ratio":-0.1555414865798843,"sortino":-1.328007919469731,"sharpe":-0.46212698893547843,"calmar":-32.168529539645284,"sqn":-0.2933,"profit_factor":0.6889170268402315,"max_drawdown_account":0.022348023789999956,"max_drawdown_abs":22.34802379},{"key":"SOL/USDT:USDT","trades":2,"profit_mean":-0.02868958760722386,"profit_mean_pct":-2.87,"profit_total_abs":-19.04906242,"profit_total":-0.01904906242,"profit_total_pct":-1.9,"duration_avg":"1 day, 5:00:00","wins":1,"draws":0,"losses":1,"winrate":0.5,"cagr":-0.22175486444275927,"expectancy":-9.52453121,"expectancy_ratio":-0.40281989794866546,"sortino":-100,"sharpe":-0.9205004030066547,"calmar":-54.97045246058079,"sqn":-0.6745,"profit_factor":0.19436020410266905,"max_drawdown_account":0.023644639350000034,"max_drawdown_abs":23.64463935},{"key":"ETH/USDT:USDT","trades":8,"profit_mean":-0.01244742099759599,"profit_mean_pct":-1.24,"profit_total_abs":-33.536118470000005,"profit_total":-0.03353611847000001,"profit_total_pct":-3.35,"duration_avg":"12:36:00","wins":5,"draws":0,"losses":3,"winrate":0.625,"cagr":-0.35896154449685747,"expectancy":-4.192014808750001,"expectancy_ratio":-0.185380598330404,"sortino":-44.29961276309152,"sharpe":-1.533205731276923,"calmar":-50.26751062323661,"sqn":-0.7431,"profit_factor":0.5056517377855895,"max_drawdown_account":0.04552121211124125,"max_drawdown_abs":45.71854761},{"key":"TOTAL","trades":30,"profit_mean":-0.005107384945746436,"profit_mean_pct":-0.51,"profit_total_abs":-54.01430423000001,"profit_total":-0.054014304230000004,"profit_total_pct":-5.4,"duration_avg":"10:47:00","wins":20,"draws":0,"losses":10,"winrate":0.6666666666666666,"cagr":-0.5151156825178071,"expectancy":-1.8004768076666675,"expectancy_ratio":-0.081395312364279,"sortino":-10.14653841960082,"sharpe":-2.397414733525234,"calmar":-36.58909516640612,"sqn":-0.6307,"profit_factor":0.7558140629071632,"max_drawdown_account":0.1007269114182111,"max_drawdown_abs":105.95915589}],"results_per_enter_tag":[{"key":"","trades":30,"profit_mean":-0.005107384945746436,"profit_mean_pct":-0.51,"profit_total_abs":-54.01430423000001,"profit_total":-0.054014304230000004,"profit_total_pct":-5.4,"duration_avg":"10:47:00","wins":20,"draws":0,"losses":10,"winrate":0.6666666666666666,"cagr":-0.5151156825178071,"expectancy":-1.8004768076666675,"expectancy_ratio":-0.081395312364279,"sortino":-10.14653841960082,"sharpe":-2.397414733525234,"calmar":-36.58909516640612,"sqn":-0.6307,"profit_factor":0.7558140629071632,"max_drawdown_account":0.1007269114182111,"max_drawdown_abs":105.95915589},{"key":"TOTAL","trades":30,"profit_mean":-0.005107384945746436,"profit_mean_pct":-0.51,"profit_total_abs":-54.01430423000001,"profit_total":-0.054014304230000004,"profit_total_pct":-5.4,"duration_avg":"10:47:00","wins":20,"draws":0,"losses":10,"winrate":0.6666666666666666,"cagr":-0.5151156825178071,"expectancy":-1.8004768076666675,"expectancy_ratio":-0.081395312364279,"sortino":-10.14653841960082,"sharpe":-2.397414733525234,"calmar":-36.58909516640612,"sqn":-0.6307,"profit_factor":0.7558140629071632,"max_drawdown_account":0.1007269114182111,"max_drawdown_abs":105.95915589}],"exit_reason_summary":[{"key":"roi","trades":5,"profit_mean":0.059877975000828663,"profit_mean_pct":5.99,"profit_total_abs":94.60169106,"profit_total":0.09460169105999999,"profit_total_pct":9.46,"duration_avg":"9:24:00","wins":5,"draws":0,"losses":0,"winrate":1.0,"cagr":2.2488637311632744,"expectancy":18.920338211999997,"expectancy_ratio":100.0,"sortino":-100,"sharpe":70.38683921806924,"calmar":-100,"sqn":41.2632,"profit_factor":0.0,"max_drawdown_account":0.0,"max_drawdown_abs":0.0},{"key":"trailing_stop_loss","trades":15,"profit_mean":0.015152126548663927,"profit_mean_pct":1.52,"profit_total_abs":72.5855402,"profit_total":0.07258554019999999,"profit_total_pct":7.26,"duration_avg":"7:52:00","wins":15,"draws":0,"losses":0,"winrate":1.0,"cagr":1.4928838653647096,"expectancy":4.839036013333333,"expectancy_ratio":100.0,"sortino":-100,"sharpe":46.96152482734816,"calmar":-100,"sqn":17.1683,"profit_factor":0.0,"max_drawdown_account":0.0,"max_drawdown_abs":0.0},{"key":"exit_signal","trades":2,"profit_mean":-0.05195602559994481,"profit_mean_pct":-5.2,"profit_total_abs":-33.64174141,"profit_total":-0.03364174141,"profit_total_pct":-3.36,"duration_avg":"1 day, 0:38:00","wins":0,"draws":0,"losses":2,"winrate":0.0,"cagr":-0.3598741980190605,"expectancy":-16.820870705,"expectancy_ratio":-1.0,"sortino":-4.331325785844641,"sharpe":-4.331325785844641,"calmar":-68.23204705193855,"sqn":-3.174,"profit_factor":0.0,"max_drawdown_account":0.03364174141000001,"max_drawdown_abs":33.64174141},{"key":"stop_loss","trades":8,"profit_mean":-0.0719976588008257,"profit_mean_pct":-7.2,"profit_total_abs":-187.55979408000002,"profit_total":-0.18755979408,"profit_total_pct":-18.76,"duration_avg":"13:39:00","wins":0,"draws":0,"losses":8,"winrate":0.0,"cagr":-0.9333091023646589,"expectancy":-23.444974260000002,"expectancy_ratio":-1.0,"sortino":-153.56100054324975,"sharpe":-153.56100054324975,"calmar":-68.2320470519386,"sqn":-74.4306,"profit_factor":0.0,"max_drawdown_account":0.18755979407999995,"max_drawdown_abs":187.55979408},{"key":"TOTAL","trades":30,"profit_mean":-0.005107384945746436,"profit_mean_pct":-0.51,"profit_total_abs":-54.01430423000001,"profit_total":-0.054014304230000004,"profit_total_pct":-5.4,"duration_avg":"10:47:00","wins":20,"draws":0,"losses":10,"winrate":0.6666666666666666,"cagr":-0.5151156825178071,"expectancy":-1.8004768076666675,"expectancy_ratio":-0.081395312364279,"sortino":-10.14653841960082,"sharpe":-2.397414733525234,"calmar":-36.58909516640612,"sqn":-0.6307,"profit_factor":0.7558140629071632,"max_drawdown_account":0.1007269114182111,"max_drawdown_abs":105.95915589}],"mix_tag_stats":[{"key":["","roi"],"trades":5,"profit_mean":0.059877975000828663,"profit_mean_pct":5.99,"profit_total_abs":94.60169106,"profit_total":0.09460169105999999,"profit_total_pct":9.46,"duration_avg":"9:24:00","wins":5,"draws":0,"losses":0,"winrate":1.0,"cagr":2.2488637311632744,"expectancy":18.920338211999997,"expectancy_ratio":100.0,"sortino":-100,"sharpe":70.38683921806924,"calmar":-100,"sqn":41.2632,"profit_factor":0.0,"max_drawdown_account":0.0,"max_drawdown_abs":0.0},{"key":["","trailing_stop_loss"],"trades":15,"profit_mean":0.015152126548663927,"profit_mean_pct":1.52,"profit_total_abs":72.5855402,"profit_total":0.07258554019999999,"profit_total_pct":7.26,"duration_avg":"7:52:00","wins":15,"draws":0,"losses":0,"winrate":1.0,"cagr":1.4928838653647096,"expectancy":4.839036013333333,"expectancy_ratio":100.0,"sortino":-100,"sharpe":46.96152482734816,"calmar":-100,"sqn":17.1683,"profit_factor":0.0,"max_drawdown_account":0.0,"max_drawdown_abs":0.0},{"key":["","exit_signal"],"trades":2,"profit_mean":-0.05195602559994481,"profit_mean_pct":-5.2,"profit_total_abs":-33.64174141,"profit_total":-0.03364174141,"profit_total_pct":-3.36,"duration_avg":"1 day, 0:38:00","wins":0,"draws":0,"losses":2,"winrate":0.0,"cagr":-0.3598741980190605,"expectancy":-16.820870705,"expectancy_ratio":-1.0,"sortino":-4.331325785844641,"sharpe":-4.331325785844641,"calmar":-68.23204705193855,"sqn":-3.174,"profit_factor":0.0,"max_drawdown_account":0.03364174141000001,"max_drawdown_abs":33.64174141},{"key":["","stop_loss"],"trades":8,"profit_mean":-0.0719976588008257,"profit_mean_pct":-7.2,"profit_total_abs":-187.55979408000002,"profit_total":-0.18755979408,"profit_total_pct":-18.76,"duration_avg":"13:39:00","wins":0,"draws":0,"losses":8,"winrate":0.0,"cagr":-0.9333091023646589,"expectancy":-23.444974260000002,"expectancy_ratio":-1.0,"sortino":-153.56100054324975,"sharpe":-153.56100054324975,"calmar":-68.2320470519386,"sqn":-74.4306,"profit_factor":0.0,"max_drawdown_account":0.18755979407999995,"max_drawdown_abs":187.55979408},{"key":"TOTAL","trades":30,"profit_mean":-0.005107384945746436,"profit_mean_pct":-0.51,"profit_total_abs":-54.01430423000001,"profit_total":-0.054014304230000004,"profit_total_pct":-5.4,"duration_avg":"10:47:00","wins":20,"draws":0,"losses":10,"winrate":0.6666666666666666,"cagr":-0.5151156825178071,"expectancy":-1.8004768076666675,"expectancy_ratio":-0.081395312364279,"sortino":-10.14653841960082,"sharpe":-2.397414733525234,"calmar":-36.58909516640612,"sqn":-0.6307,"profit_factor":0.7558140629071632,"max_drawdown_account":0.1007269114182111,"max_drawdown_abs":105.95915589}],"left_open_trades":[{"key":"TOTAL","trades":0,"profit_mean":0.0,"profit_mean_pct":0.0,"profit_total_abs":0.0,"profit_total":0.0,"profit_total_pct":0.0,"duration_avg":"0:00","wins":0,"draws":0,"losses":0,"winrate":0.0,"cagr":0.0,"expectancy":0.0,"expectancy_ratio":100.0,"sortino":0,"sharpe":0,"calmar":0,"sqn":0.0,"profit_factor":0.0,"max_drawdown_account":0.0,"max_drawdown_abs":0.0}],"total_trades":30,"trade_count_long":30,"trade_count_short":0,"total_volume":38450.158458079044,"avg_stake_amount":320.53953316666673,"profit_mean":-0.005107384945746436,"profit_median":0.0132227135557293,"profit_total":-0.054014304230000004,"profit_total_long":-0.054014304230000004,"profit_total_short":0.0,"profit_total_abs":-54.01430423000001,"profit_total_long_abs":-54.01430423000001,"profit_total_short_abs":0.0,"cagr":-0.5151156825178071,"expectancy":-1.8004768076666675,"expectancy_ratio":-0.081395312364279,"sortino":-10.14653841960082,"sharpe":-2.397414733525234,"calmar":-36.58909516640612,"sqn":-0.6307,"profit_factor":0.7558140629071632,"backtest_start":"2026-01-22 02:00:00","backtest_start_ts":1769047200000,"backtest_end":"2026-02-20 00:00:00","backtest_end_ts":1771545600000,"backtest_days":28,"backtest_run_start_ts":1771601886,"backtest_run_end_ts":1771601887,"trades_per_day":1.07,"market_change":-0.3004948512428234,"pairlist":["BTC/USDT:USDT","ETH/USDT:USDT","SOL/USDT:USDT","DOGE/USDT:USDT"],"stake_amount":"unlimited","stake_currency":"USDT","stake_currency_decimals":3,"starting_balance":1000,"dry_run_wallet":1000,"final_balance":945.98569577,"rejected_signals":0,"timedout_entry_orders":0,"timedout_exit_orders":0,"canceled_trade_entries":0,"canceled_entry_orders":0,"replaced_entry_orders":0,"max_open_trades":3,"max_open_trades_setting":3,"timeframe":"15m","timeframe_detail":"","timerange":"20260120-20260220","enable_protections":false,"strategy_name":"SupertrendFuturesStrategyV5_2","freqaimodel":null,"freqai_identifier":null,"stoploss":-0.07,"trailing_stop":true,"trailing_stop_positive":0.025,"trailing_stop_positive_offset":0.035,"trailing_only_offset_is_reached":true,"use_custom_stoploss":false,"minimal_roi":{"0":0.06},"use_exit_signal":true,"exit_profit_only":false,"exit_profit_offset":0.0,"ignore_roi_if_entry_signal":false,"trading_mode":"futures","margin_mode":"isolated","periodic_breakdown":{"day":[{"date":"23/01/2026","date_ts":1769126400000,"profit_abs":-23.64463935,"wins":0,"draws":0,"losses":1,"trades":1,"profit_factor":0.0},{"date":"24/01/2026","date_ts":1769212800000,"profit_abs":0.0,"wins":0,"draws":0,"losses":0,"trades":0,"profit_factor":0.0},{"date":"25/01/2026","date_ts":1769299200000,"profit_abs":0.0,"wins":0,"draws":0,"losses":0,"trades":0,"profit_factor":0.0},{"date":"26/01/2026","date_ts":1769385600000,"profit_abs":0.0,"wins":0,"draws":0,"losses":0,"trades":0,"profit_factor":0.0},{"date":"27/01/2026","date_ts":1769472000000,"profit_abs":0.0,"wins":0,"draws":0,"losses":0,"trades":0,"profit_factor":0.0},{"date":"28/01/2026","date_ts":1769558400000,"profit_abs":15.43548403,"wins":3,"draws":0,"losses":0,"trades":3,"profit_factor":0.0},{"date":"29/01/2026","date_ts":1769644800000,"profit_abs":-46.85765743,"wins":0,"draws":0,"losses":2,"trades":2,"profit_factor":0.0},{"date":"30/01/2026","date_ts":1769731200000,"profit_abs":0.0,"wins":0,"draws":0,"losses":0,"trades":0,"profit_factor":0.0},{"date":"31/01/2026","date_ts":1769817600000,"profit_abs":0.0,"wins":0,"draws":0,"losses":0,"trades":0,"profit_factor":0.0},{"date":"01/02/2026","date_ts":1769904000000,"profit_abs":0.0,"wins":0,"draws":0,"losses":0,"trades":0,"profit_factor":0.0},{"date":"02/02/2026","date_ts":1769990400000,"profit_abs":0.0,"wins":0,"draws":0,"losses":0,"trades":0,"profit_factor":0.0},{"date":"03/02/2026","date_ts":1770076800000,"profit_abs":0.0,"wins":0,"draws":0,"losses":0,"trades":0,"profit_factor":0.0},{"date":"04/02/2026","date_ts":1770163200000,"profit_abs":0.0,"wins":0,"draws":0,"losses":0,"trades":0,"profit_factor":0.0},{"date":"05/02/2026","date_ts":1770249600000,"profit_abs":0.0,"wins":0,"draws":0,"losses":0,"trades":0,"profit_factor":0.0},{"date":"06/02/2026","date_ts":1770336000000,"profit_abs":0.0,"wins":0,"draws":0,"losses":0,"trades":0,"profit_factor":0.0},{"date":"07/02/2026","date_ts":1770422400000,"profit_abs":0.0,"wins":0,"draws":0,"losses":0,"trades":0,"profit_factor":0.0},{"date":"08/02/2026","date_ts":1770508800000,"profit_abs":0.0,"wins":0,"draws":0,"losses":0,"trades":0,"profit_factor":0.0},{"date":"09/02/2026","date_ts":1770595200000,"profit_abs":0.0,"wins":0,"draws":0,"losses":0,"trades":0,"profit_factor":0.0},{"date":"10/02/2026","date_ts":1770681600000,"profit_abs":0.0,"wins":0,"draws":0,"losses":0,"trades":0,"profit_factor":0.0},{"date":"11/02/2026","date_ts":1770768000000,"profit_abs":0.0,"wins":0,"draws":0,"losses":0,"trades":0,"profit_factor":0.0},{"date":"12/02/2026","date_ts":1770854400000,"profit_abs":-40.94517247,"wins":1,"draws":0,"losses":2,"trades":3,"profit_factor":0.08482126},{"date":"13/02/2026","date_ts":1770940800000,"profit_abs":33.79573246,"wins":4,"draws":0,"losses":0,"trades":4,"profit_factor":0.0},{"date":"14/02/2026","date_ts":1771027200000,"profit_abs":84.65659352,"wins":9,"draws":0,"losses":0,"trades":9,"profit_factor":0.0},{"date":"15/02/2026","date_ts":1771113600000,"profit_abs":-76.45464499,"wins":3,"draws":0,"losses":5,"trades":8,"profit_factor":0.27845174}],"week":[{"date":"26/01/2026","date_ts":1769385600000,"profit_abs":-23.64463935,"wins":0,"draws":0,"losses":1,"trades":1,"profit_factor":0.0},{"date":"02/02/2026","date_ts":1769990400000,"profit_abs":-31.4221734,"wins":3,"draws":0,"losses":2,"trades":5,"profit_factor":0.3294122},{"date":"09/02/2026","date_ts":1770595200000,"profit_abs":0.0,"wins":0,"draws":0,"losses":0,"trades":0,"profit_factor":0.0},{"date":"16/02/2026","date_ts":1771200000000,"profit_abs":1.05250852,"wins":17,"draws":0,"losses":7,"trades":24,"profit_factor":1.00698417}],"month":[{"date":"31/01/2026","date_ts":1769817600000,"profit_abs":-55.06681275,"wins":3,"draws":0,"losses":3,"trades":6,"profit_factor":0.2189359},{"date":"28/02/2026","date_ts":1772236800000,"profit_abs":1.05250852,"wins":17,"draws":0,"losses":7,"trades":24,"profit_factor":1.00698417}],"year":[{"date":"31/12/2026","date_ts":1798675200000,"profit_abs":-54.01430423,"wins":20,"draws":0,"losses":10,"trades":30,"profit_factor":0.75581406}],"weekday":[{"date":"Wednesday","date_ts":2,"profit_abs":15.43548403,"wins":3,"draws":0,"losses":0,"trades":3,"profit_factor":0.0},{"date":"Thursday","date_ts":3,"profit_abs":-87.8028299,"wins":1,"draws":0,"losses":4,"trades":5,"profit_factor":0.04143017},{"date":"Friday","date_ts":4,"profit_abs":10.15109311,"wins":4,"draws":0,"losses":1,"trades":5,"profit_factor":1.42931901},{"date":"Saturday","date_ts":5,"profit_abs":84.65659352,"wins":9,"draws":0,"losses":0,"trades":9,"profit_factor":0.0},{"date":"Sunday","date_ts":6,"profit_abs":-76.45464499,"wins":3,"draws":0,"losses":5,"trades":8,"profit_factor":0.27845174}]},"backtest_best_day":0.26682235371302676,"backtest_worst_day":-0.23288823205858955,"backtest_best_day_abs":84.65659352,"backtest_worst_day_abs":-76.45464499,"winning_days":3,"draw_days":17,"losing_days":4,"daily_profit":[["2026-01-23",-23.64463935],["2026-01-24",0.0],["2026-01-25",0.0],["2026-01-26",0.0],["2026-01-27",0.0],["2026-01-28",15.43548403],["2026-01-29",-46.85765743],["2026-01-30",0.0],["2026-01-31",0.0],["2026-02-01",0.0],["2026-02-02",0.0],["2026-02-03",0.0],["2026-02-04",0.0],["2026-02-05",0.0],["2026-02-06",0.0],["2026-02-07",0.0],["2026-02-08",0.0],["2026-02-09",0.0],["2026-02-10",0.0],["2026-02-11",0.0],["2026-02-12",-40.94517247],["2026-02-13",33.79573246],["2026-02-14",84.65659352],["2026-02-15",-76.45464499]],"wins":20,"losses":10,"draws":0,"winrate":0.6666666666666666,"holding_avg":"10:47:00","holding_avg_s":38820.0,"winner_holding_min":"0d 00:45","winner_holding_min_s":2700.0,"winner_holding_max":"1d 00:00","winner_holding_max_s":86400.0,"winner_holding_avg":"0d 08:15","winner_holding_avg_s":29700.0,"loser_holding_min":"0d 02:15","loser_holding_min_s":8100.0,"loser_holding_max":"1d 12:15","loser_holding_max_s":130500.0,"loser_holding_avg":"0d 15:51","loser_holding_avg_s":57060.0,"max_consecutive_wins":16,"max_consecutive_losses":5,"max_drawdown_account":0.1007269114182111,"max_relative_drawdown":0.1007269114182111,"max_drawdown_abs":105.95915589,"drawdown_start":"2026-02-15 04:00:00","drawdown_start_ts":1771128000000.0,"drawdown_end":"2026-02-15 17:45:00","drawdown_end_ts":1771177500000.0,"drawdown_duration":"0 days 13:45:00","drawdown_duration_s":49500.0,"max_drawdown_low":-54.01430423000001,"max_drawdown_high":51.94485165999999,"csum_min":903.98801478,"csum_max":1051.94485166}},"strategy_comparison":[{"key":"SupertrendFuturesStrategyV5_2","trades":30,"profit_mean":-0.005107384945746436,"profit_mean_pct":-0.51,"profit_total_abs":-54.01430423000001,"profit_total":-0.054014304230000004,"profit_total_pct":-5.4,"duration_avg":"10:47:00","wins":20,"draws":0,"losses":10,"winrate":0.6666666666666666,"cagr":-0.5151156825178071,"expectancy":-1.8004768076666675,"expectancy_ratio":-0.081395312364279,"sortino":-10.14653841960082,"sharpe":-2.397414733525234,"calmar":-36.58909516640612,"sqn":-0.6307,"profit_factor":0.7558140629071632,"max_drawdown_account":0.1007269114182111,"max_drawdown_abs":"105.959"}]}