{"strategy":{"SupertrendFuturesStrategyV8_1":{"trades":[{"pair":"UNI/USDT:USDT","stake_amount":99.1155,"max_stake_amount":99.1155,"amount":33.0,"open_date":"2025-12-03 02:30:00+00:00","close_date":"2025-12-03 04:30:00+00:00","open_rate":6.007,"close_rate":6.052,"fee_open":0.0005,"fee_close":0.0005,"trade_duration":120,"profit_ratio":0.012968544860248416,"profit_abs":1.2860265,"exit_reason":"trailing_stop_loss","initial_stop_loss_abs":5.917,"initial_stop_loss_ratio":-0.03,"stop_loss_abs":6.052,"stop_loss_ratio":-0.02,"min_rate":5.968,"max_rate":6.113,"is_open":false,"enter_tag":"","leverage":2,"is_short":false,"open_timestamp":1764729000000,"close_timestamp":1764736200000,"orders":[{"amount":33.0,"safe_price":6.007,"ft_order_side":"buy","order_filled_timestamp":1764729000000,"ft_is_entry":true,"ft_order_tag":"","cost":198.33011549999998},{"amount":33.0,"safe_price":6.052,"ft_order_side":"sell","order_filled_timestamp":1764736200000,"ft_is_entry":false,"ft_order_tag":"trailing_stop_loss","cost":199.81585799999996}],"funding_fees":0.0,"weekday":2},{"pair":"UNI/USDT:USDT","stake_amount":97.824,"max_stake_amount":97.824,"amount":32.0,"open_date":"2025-12-03 05:00:00+00:00","close_date":"2025-12-03 09:30:00+00:00","open_rate":6.114,"close_rate":6.023,"fee_open":0.0005,"fee_close":0.0005,"trade_duration":270,"profit_ratio":-0.031773054121450886,"profit_abs":-3.10972133,"exit_reason":"stop_loss","initial_stop_loss_abs":6.023,"initial_stop_loss_ratio":-0.03,"stop_loss_abs":6.023,"stop_loss_ratio":-0.03,"min_rate":6.014,"max_rate":6.172,"is_open":false,"enter_tag":"","leverage":2,"is_short":false,"open_timestamp":1764738000000,"close_timestamp":1764754200000,"orders":[{"amount":32.0,"safe_price":6.114,"ft_order_side":"buy","order_filled_timestamp":1764738000000,"ft_is_entry":true,"ft_order_tag":"","cost":195.745824},{"amount":32.0,"safe_price":6.023,"ft_order_side":"sell","order_filled_timestamp":1764754200000,"ft_is_entry":false,"ft_order_tag":"stop_loss","cost":192.83236799999997}],"funding_fees":-0.0035293274074512386,"weekday":2},{"pair":"UNI/USDT:USDT","stake_amount":98.515,"max_stake_amount":98.515,"amount":34.0,"open_date":"2025-12-10 20:00:00+00:00","close_date":"2025-12-10 20:00:00+00:00","open_rate":5.795,"close_rate":5.9109,"fee_open":0.0005,"fee_close":0.0005,"trade_duration":0,"profit_ratio":0.03796101949025488,"profit_abs":3.7415997,"exit_reason":"trailing_stop_loss","initial_stop_loss_abs":5.709,"initial_stop_loss_ratio":-0.03,"stop_loss_abs":5.882,"stop_loss_ratio":-0.02,"min_rate":5.754,"max_rate":5.941,"is_open":false,"enter_tag":"","leverage":2,"is_short":false,"open_timestamp":1765396800000,"close_timestamp":1765396800000,"orders":[{"amount":34.0,"safe_price":5.795,"ft_order_side":"buy","order_filled_timestamp":1765396800000,"ft_is_entry":true,"ft_order_tag":"","cost":197.128515},{"amount":34.0,"safe_price":5.9109,"ft_order_side":"sell","order_filled_timestamp":1765396800000,"ft_is_entry":false,"ft_order_tag":"trailing_stop_loss","cost":201.0710853}],"funding_fees":0.0,"weekday":2},{"pair":"UNI/USDT:USDT","stake_amount":99.552,"max_stake_amount":99.552,"amount":34.0,"open_date":"2025-12-10 20:30:00+00:00","close_date":"2025-12-10 20:30:00+00:00","open_rate":5.856,"close_rate":5.769,"fee_open":0.0005,"fee_close":0.0005,"trade_duration":0,"profit_ratio":-0.0316824169882272,"profit_abs":-3.155625,"exit_reason":"stop_loss","initial_stop_loss_abs":5.769,"initial_stop_loss_ratio":-0.03,"stop_loss_abs":5.769,"stop_loss_ratio":-0.03,"min_rate":5.733,"max_rate":5.892,"is_open":false,"enter_tag":"","leverage":2,"is_short":false,"open_timestamp":1765398600000,"close_timestamp":1765398600000,"orders":[{"amount":34.0,"safe_price":5.856,"ft_order_side":"buy","order_filled_timestamp":1765398600000,"ft_is_entry":true,"ft_order_tag":"","cost":199.20355199999997},{"amount":34.0,"safe_price":5.769,"ft_order_side":"sell","order_filled_timestamp":1765398600000,"ft_is_entry":false,"ft_order_tag":"stop_loss","cost":196.24407300000001}],"funding_fees":0.0,"weekday":2},{"pair":"UNI/USDT:USDT","stake_amount":97.444,"max_stake_amount":97.444,"amount":34.0,"open_date":"2025-12-20 11:30:00+00:00","close_date":"2025-12-20 14:00:00+00:00","open_rate":5.732,"close_rate":5.83,"fee_open":0.0005,"fee_close":0.0005,"trade_duration":150,"profit_ratio":0.03216082119442721,"profit_abs":3.135446,"exit_reason":"trailing_stop_loss","initial_stop_loss_abs":5.647,"initial_stop_loss_ratio":-0.03,"stop_loss_abs":5.83,"stop_loss_ratio":-0.02,"min_rate":5.673,"max_rate":5.888,"is_open":false,"enter_tag":"","leverage":2,"is_short":false,"open_timestamp":1766230200000,"close_timestamp":1766239200000,"orders":[{"amount":34.0,"safe_price":5.732,"ft_order_side":"buy","order_filled_timestamp":1766230200000,"ft_is_entry":true,"ft_order_tag":"","cost":194.985444},{"amount":34.0,"safe_price":5.83,"ft_order_side":"sell","order_filled_timestamp":1766239200000,"ft_is_entry":false,"ft_order_tag":"trailing_stop_loss","cost":198.31911}],"funding_fees":0.0,"weekday":5},{"pair":"UNI/USDT:USDT","stake_amount":99.705,"max_stake_amount":99.705,"amount":34.0,"open_date":"2025-12-20 14:30:00+00:00","close_date":"2025-12-20 14:30:00+00:00","open_rate":5.865,"close_rate":5.9823,"fee_open":0.0005,"fee_close":0.0005,"trade_duration":0,"profit_ratio":0.03796101949025487,"profit_abs":3.7867959,"exit_reason":"trailing_stop_loss","initial_stop_loss_abs":5.778,"initial_stop_loss_ratio":-0.03,"stop_loss_abs":5.937,"stop_loss_ratio":-0.02,"min_rate":5.835,"max_rate":5.996,"is_open":false,"enter_tag":"","leverage":2,"is_short":false,"open_timestamp":1766241000000,"close_timestamp":1766241000000,"orders":[{"amount":34.0,"safe_price":5.865,"ft_order_side":"buy","order_filled_timestamp":1766241000000,"ft_is_entry":true,"ft_order_tag":"","cost":199.509705},{"amount":34.0,"safe_price":5.9823,"ft_order_side":"sell","order_filled_timestamp":1766241000000,"ft_is_entry":false,"ft_order_tag":"trailing_stop_loss","cost":203.4998991}],"funding_fees":0.0,"weekday":5},{"pair":"UNI/USDT:USDT","stake_amount":97.9935,"max_stake_amount":97.9935,"amount":33.0,"open_date":"2025-12-20 15:00:00+00:00","close_date":"2025-12-20 15:30:00+00:00","open_rate":5.939,"close_rate":6.015,"fee_open":0.0005,"fee_close":0.0005,"trade_duration":30,"profit_ratio":0.023568953021384578,"profit_abs":2.310759,"exit_reason":"trailing_stop_loss","initial_stop_loss_abs":5.85,"initial_stop_loss_ratio":-0.03,"stop_loss_abs":6.015,"stop_loss_ratio":-0.02,"min_rate":5.907,"max_rate":6.075,"is_open":false,"enter_tag":"","leverage":2,"is_short":false,"open_timestamp":1766242800000,"close_timestamp":1766244600000,"orders":[{"amount":33.0,"safe_price":5.939,"ft_order_side":"buy","order_filled_timestamp":1766242800000,"ft_is_entry":true,"ft_order_tag":"","cost":196.0849935},{"amount":33.0,"safe_price":6.015,"ft_order_side":"sell","order_filled_timestamp":1766244600000,"ft_is_entry":false,"ft_order_tag":"trailing_stop_loss","cost":198.59424749999997}],"funding_fees":0.0,"weekday":5},{"pair":"UNI/USDT:USDT","stake_amount":99.04,"max_stake_amount":99.04,"amount":32.0,"open_date":"2025-12-21 02:30:00+00:00","close_date":"2025-12-21 05:00:00+00:00","open_rate":6.19,"close_rate":6.381985992996498,"fee_open":0.0005,"fee_close":0.0005,"trade_duration":150,"profit_ratio":0.059970014992503755,"profit_abs":5.9424,"exit_reason":"roi","initial_stop_loss_abs":6.098,"initial_stop_loss_ratio":-0.03,"stop_loss_abs":6.43,"stop_loss_ratio":-0.02,"min_rate":6.127,"max_rate":6.494,"is_open":false,"enter_tag":"","leverage":2,"is_short":false,"open_timestamp":1766284200000,"close_timestamp":1766293200000,"orders":[{"amount":32.0,"safe_price":6.19,"ft_order_side":"buy","order_filled_timestamp":1766284200000,"ft_is_entry":true,"ft_order_tag":"","cost":198.17904000000001},{"amount":32.0,"safe_price":6.381985992996498,"ft_order_side":"sell","order_filled_timestamp":1766293200000,"ft_is_entry":false,"ft_order_tag":"roi","cost":204.32566355177585}],"funding_fees":0.0,"weekday":6},{"pair":"UNI/USDT:USDT","stake_amount":98.2855,"max_stake_amount":98.2855,"amount":31.0,"open_date":"2025-12-21 05:30:00+00:00","close_date":"2025-12-21 06:00:00+00:00","open_rate":6.341,"close_rate":6.384,"fee_open":0.0005,"fee_close":0.0005,"trade_duration":30,"profit_ratio":0.011549973318024792,"profit_abs":1.1357625,"exit_reason":"trailing_stop_loss","initial_stop_loss_abs":6.246,"initial_stop_loss_ratio":-0.03,"stop_loss_abs":6.384,"stop_loss_ratio":-0.02,"min_rate":6.324,"max_rate":6.448,"is_open":false,"enter_tag":"","leverage":2,"is_short":false,"open_timestamp":1766295000000,"close_timestamp":1766296800000,"orders":[{"amount":31.0,"safe_price":6.341,"ft_order_side":"buy","order_filled_timestamp":1766295000000,"ft_is_entry":true,"ft_order_tag":"","cost":196.6692855},{"amount":31.0,"safe_price":6.384,"ft_order_side":"sell","order_filled_timestamp":1766296800000,"ft_is_entry":false,"ft_order_tag":"trailing_stop_loss","cost":198.002952}],"funding_fees":0.0,"weekday":6},{"pair":"UNI/USDT:USDT","stake_amount":98.425,"max_stake_amount":98.425,"amount":31.0,"open_date":"2025-12-21 13:00:00+00:00","close_date":"2025-12-21 13:00:00+00:00","open_rate":6.35,"close_rate":6.255,"fee_open":0.0005,"fee_close":0.0005,"trade_duration":0,"profit_ratio":-0.03189035403558064,"profit_abs":-3.1403775,"exit_reason":"stop_loss","initial_stop_loss_abs":6.255,"initial_stop_loss_ratio":-0.03,"stop_loss_abs":6.255,"stop_loss_ratio":-0.03,"min_rate":6.121,"max_rate":6.351,"is_open":false,"enter_tag":"","leverage":2,"is_short":false,"open_timestamp":1766322000000,"close_timestamp":1766322000000,"orders":[{"amount":31.0,"safe_price":6.35,"ft_order_side":"buy","order_filled_timestamp":1766322000000,"ft_is_entry":true,"ft_order_tag":"","cost":196.948425},{"amount":31.0,"safe_price":6.255,"ft_order_side":"sell","order_filled_timestamp":1766322000000,"ft_is_entry":false,"ft_order_tag":"stop_loss","cost":194.0019525}],"funding_fees":0.0,"weekday":6},{"pair":"UNI/USDT:USDT","stake_amount":98.239,"max_stake_amount":98.239,"amount":31.0,"open_date":"2025-12-28 07:00:00+00:00","close_date":"2025-12-28 09:30:00+00:00","open_rate":6.338,"close_rate":6.243,"fee_open":0.0005,"fee_close":0.0005,"trade_duration":150,"profit_ratio":-0.03214640707415305,"profit_abs":-3.1596099,"exit_reason":"stop_loss","initial_stop_loss_abs":6.243,"initial_stop_loss_ratio":-0.03,"stop_loss_abs":6.243,"stop_loss_ratio":-0.03,"min_rate":6.243,"max_rate":6.392,"is_open":false,"enter_tag":"","leverage":2,"is_short":false,"open_timestamp":1766905200000,"close_timestamp":1766914200000,"orders":[{"amount":31.0,"safe_price":6.338,"ft_order_side":"buy","order_filled_timestamp":1766905200000,"ft_is_entry":true,"ft_order_tag":"","cost":196.576239},{"amount":31.0,"safe_price":6.243,"ft_order_side":"sell","order_filled_timestamp":1766914200000,"ft_is_entry":false,"ft_order_tag":"stop_loss","cost":193.62976650000002}],"funding_fees":-0.0196044,"weekday":6},{"pair":"UNI/USDT:USDT","stake_amount":98.425,"max_stake_amount":98.425,"amount":31.0,"open_date":"2025-12-28 14:30:00+00:00","close_date":"2025-12-28 15:00:00+00:00","open_rate":6.35,"close_rate":6.546948474237118,"fee_open":0.0005,"fee_close":0.0005,"trade_duration":30,"profit_ratio":0.059970014992503755,"profit_abs":5.9055,"exit_reason":"roi","initial_stop_loss_abs":6.255,"initial_stop_loss_ratio":-0.03,"stop_loss_abs":6.498,"stop_loss_ratio":-0.02,"min_rate":6.343,"max_rate":6.563,"is_open":false,"enter_tag":"","leverage":2,"is_short":false,"open_timestamp":1766932200000,"close_timestamp":1766934000000,"orders":[{"amount":31.0,"safe_price":6.35,"ft_order_side":"buy","order_filled_timestamp":1766932200000,"ft_is_entry":true,"ft_order_tag":"","cost":196.948425},{"amount":31.0,"safe_price":6.546948474237118,"ft_order_side":"sell","order_filled_timestamp":1766934000000,"ft_is_entry":false,"ft_order_tag":"roi","cost":203.0568804027013}],"funding_fees":0.0,"weekday":6},{"pair":"UNI/USDT:USDT","stake_amount":97.376,"max_stake_amount":97.376,"amount":32.0,"open_date":"2026-01-03 01:00:00+00:00","close_date":"2026-01-03 05:30:00+00:00","open_rate":6.086,"close_rate":5.995,"fee_open":0.0005,"fee_close":0.0005,"trade_duration":270,"profit_ratio":-0.031873810055209006,"profit_abs":-3.105296,"exit_reason":"stop_loss","initial_stop_loss_abs":5.995,"initial_stop_loss_ratio":-0.03,"stop_loss_abs":5.995,"stop_loss_ratio":-0.03,"min_rate":5.966,"max_rate":6.118,"is_open":false,"enter_tag":"","leverage":2,"is_short":false,"open_timestamp":1767402000000,"close_timestamp":1767418200000,"orders":[{"amount":32.0,"safe_price":6.086,"ft_order_side":"buy","order_filled_timestamp":1767402000000,"ft_is_entry":true,"ft_order_tag":"","cost":194.849376},{"amount":32.0,"safe_price":5.995,"ft_order_side":"sell","order_filled_timestamp":1767418200000,"ft_is_entry":false,"ft_order_tag":"stop_loss","cost":191.93591999999998}],"funding_fees":0.0,"weekday":5},{"pair":"UNI/USDT:USDT","stake_amount":98.872,"max_stake_amount":98.872,"amount":34.0,"open_date":"2026-01-14 08:30:00+00:00","close_date":"2026-01-14 11:00:00+00:00","open_rate":5.816,"close_rate":5.729,"fee_open":0.0005,"fee_close":0.0005,"trade_duration":150,"profit_ratio":-0.03188656703285221,"profit_abs":-3.154265,"exit_reason":"stop_loss","initial_stop_loss_abs":5.729,"initial_stop_loss_ratio":-0.03,"stop_loss_abs":5.729,"stop_loss_ratio":-0.03,"min_rate":5.699,"max_rate":5.833,"is_open":false,"enter_tag":"","leverage":2,"is_short":false,"open_timestamp":1768379400000,"close_timestamp":1768388400000,"orders":[{"amount":34.0,"safe_price":5.816,"ft_order_side":"buy","order_filled_timestamp":1768379400000,"ft_is_entry":true,"ft_order_tag":"","cost":197.842872},{"amount":34.0,"safe_price":5.729,"ft_order_side":"sell","order_filled_timestamp":1768388400000,"ft_is_entry":false,"ft_order_tag":"stop_loss","cost":194.88339299999998}],"funding_fees":0.0,"weekday":2},{"pair":"UNI/USDT:USDT","stake_amount":98.368,"max_stake_amount":98.368,"amount":53.0,"open_date":"2026-02-14 17:30:00+00:00","close_date":"2026-02-14 17:30:00+00:00","open_rate":3.712,"close_rate":3.657,"fee_open":0.0005,"fee_close":0.0005,"trade_duration":0,"profit_ratio":-0.03160300237812128,"profit_abs":-3.1102785,"exit_reason":"stop_loss","initial_stop_loss_abs":3.657,"initial_stop_loss_ratio":-0.03,"stop_loss_abs":3.657,"stop_loss_ratio":-0.03,"min_rate":3.652,"max_rate":3.73,"is_open":false,"enter_tag":"","leverage":2,"is_short":false,"open_timestamp":1771090200000,"close_timestamp":1771090200000,"orders":[{"amount":53.0,"safe_price":3.712,"ft_order_side":"buy","order_filled_timestamp":1771090200000,"ft_is_entry":true,"ft_order_tag":"","cost":196.834368},{"amount":53.0,"safe_price":3.657,"ft_order_side":"sell","order_filled_timestamp":1771090200000,"ft_is_entry":false,"ft_order_tag":"stop_loss","cost":193.91791049999998}],"funding_fees":0.0,"weekday":5},{"pair":"UNI/USDT:USDT","stake_amount":98.361,"max_stake_amount":98.361,"amount":54.0,"open_date":"2026-02-21 10:30:00+00:00","close_date":"2026-02-22 00:00:00+00:00","open_rate":3.643,"close_rate":3.589,"fee_open":0.0005,"fee_close":0.0005,"trade_duration":810,"profit_ratio":-0.03193535276566229,"profit_abs":-3.14276383,"exit_reason":"stop_loss","initial_stop_loss_abs":3.589,"initial_stop_loss_ratio":-0.03,"stop_loss_abs":3.589,"stop_loss_ratio":-0.03,"min_rate":3.571,"max_rate":3.68,"is_open":false,"enter_tag":"","leverage":2,"is_short":false,"open_timestamp":1771669800000,"close_timestamp":1771718400000,"orders":[{"amount":54.0,"safe_price":3.643,"ft_order_side":"buy","order_filled_timestamp":1771669800000,"ft_is_entry":true,"ft_order_tag":"","cost":196.82036099999996},{"amount":54.0,"safe_price":3.589,"ft_order_side":"sell","order_filled_timestamp":1771718400000,"ft_is_entry":false,"ft_order_tag":"stop_loss","cost":193.902903}],"funding_fees":-0.03149983473244632,"weekday":6}],"locks":[],"best_pair":{"key":"UNI/USDT:USDT","trades":16,"profit_mean":0.001332462306771605,"profit_mean_pct":0.13,"profit_total_abs":2.166352539999999,"profit_total":0.002166352539999999,"profit_total_pct":0.22,"duration_avg":"2:15:00","wins":8,"draws":0,"losses":8,"winrate":0.5,"cagr":0.009226764982757985,"expectancy":0.13539703375000034,"expectancy_ratio":0.04319239925550722,"sortino":22.613513504405645,"sharpe":0.13786684096665733,"calmar":3.784828597320792,"sqn":0.1502,"profit_factor":1.0863847985110147,"max_drawdown_account":0.012715425485293454,"max_drawdown_abs":12.90709073},"worst_pair":{"key":"UNI/USDT:USDT","trades":16,"profit_mean":0.001332462306771605,"profit_mean_pct":0.13,"profit_total_abs":2.166352539999999,"profit_total":0.002166352539999999,"profit_total_pct":0.22,"duration_avg":"2:15:00","wins":8,"draws":0,"losses":8,"winrate":0.5,"cagr":0.009226764982757985,"expectancy":0.13539703375000034,"expectancy_ratio":0.04319239925550722,"sortino":22.613513504405645,"sharpe":0.13786684096665733,"calmar":3.784828597320792,"sqn":0.1502,"profit_factor":1.0863847985110147,"max_drawdown_account":0.012715425485293454,"max_drawdown_abs":12.90709073},"results_per_pair":[{"key":"UNI/USDT:USDT","trades":16,"profit_mean":0.001332462306771605,"profit_mean_pct":0.13,"profit_total_abs":2.166352539999999,"profit_total":0.002166352539999999,"profit_total_pct":0.22,"duration_avg":"2:15:00","wins":8,"draws":0,"losses":8,"winrate":0.5,"cagr":0.009226764982757985,"expectancy":0.13539703375000034,"expectancy_ratio":0.04319239925550722,"sortino":22.613513504405645,"sharpe":0.13786684096665733,"calmar":3.784828597320792,"sqn":0.1502,"profit_factor":1.0863847985110147,"max_drawdown_account":0.012715425485293454,"max_drawdown_abs":12.90709073},{"key":"TOTAL","trades":16,"profit_mean":0.001332462306771605,"profit_mean_pct":0.13,"profit_total_abs":2.166352539999999,"profit_total":0.002166352539999999,"profit_total_pct":0.22,"duration_avg":"2:15:00","wins":8,"draws":0,"losses":8,"winrate":0.5,"cagr":0.009226764982757985,"expectancy":0.13539703375000034,"expectancy_ratio":0.04319239925550722,"sortino":22.613513504405645,"sharpe":0.13786684096665733,"calmar":3.784828597320792,"sqn":0.1502,"profit_factor":1.0863847985110147,"max_drawdown_account":0.012715425485293454,"max_drawdown_abs":12.90709073}],"results_per_enter_tag":[{"key":"","trades":16,"profit_mean":0.001332462306771605,"profit_mean_pct":0.13,"profit_total_abs":2.166352539999999,"profit_total":0.002166352539999999,"profit_total_pct":0.22,"duration_avg":"2:15:00","wins":8,"draws":0,"losses":8,"winrate":0.5,"cagr":0.009226764982757985,"expectancy":0.13539703375000034,"expectancy_ratio":0.04319239925550722,"sortino":22.613513504405645,"sharpe":0.13786684096665733,"calmar":3.784828597320792,"sqn":0.1502,"profit_factor":1.0863847985110147,"max_drawdown_account":0.012715425485293454,"max_drawdown_abs":12.90709073},{"key":"TOTAL","trades":16,"profit_mean":0.001332462306771605,"profit_mean_pct":0.13,"profit_total_abs":2.166352539999999,"profit_total":0.002166352539999999,"profit_total_pct":0.22,"duration_avg":"2:15:00","wins":8,"draws":0,"losses":8,"winrate":0.5,"cagr":0.009226764982757985,"expectancy":0.13539703375000034,"expectancy_ratio":0.04319239925550722,"sortino":22.613513504405645,"sharpe":0.13786684096665733,"calmar":3.784828597320792,"sqn":0.1502,"profit_factor":1.0863847985110147,"max_drawdown_account":0.012715425485293454,"max_drawdown_abs":12.90709073}],"exit_reason_summary":[{"key":"trailing_stop_loss","trades":6,"profit_mean":0.02602838856243246,"profit_mean_pct":2.6,"profit_total_abs":15.396389600000001,"profit_total":0.015396389600000001,"profit_total_pct":1.54,"duration_avg":"0:55:00","wins":6,"draws":0,"losses":0,"winrate":1.0,"cagr":0.06699598209931068,"expectancy":2.5660649333333336,"expectancy_ratio":100.0,"sortino":-100,"sharpe":3.178954541872723,"calmar":-100,"sqn":5.333,"profit_factor":0.0,"max_drawdown_account":0.0,"max_drawdown_abs":0.0},{"key":"roi","trades":2,"profit_mean":0.059970014992503755,"profit_mean_pct":6.0,"profit_total_abs":11.8479,"profit_total":0.0118479,"profit_total_pct":1.18,"duration_avg":"1:30:00","wins":2,"draws":0,"losses":0,"winrate":1.0,"cagr":0.0512596796502236,"expectancy":5.92395,"expectancy_ratio":100.0,"sortino":-100,"sharpe":142.65696834604134,"calmar":-100,"sqn":321.0813,"profit_factor":0.0,"max_drawdown_account":0.0,"max_drawdown_abs":0.0},{"key":"stop_loss","trades":8,"profit_mean":-0.031848870556407075,"profit_mean_pct":-3.18,"profit_total_abs":-25.077937059999996,"profit_total":-0.025077937059999996,"profit_total_pct":-2.51,"duration_avg":"3:26:00","wins":0,"draws":0,"losses":8,"winrate":0.0,"cagr":-0.1021863616018045,"expectancy":-3.1347421324999996,"expectancy_ratio":-1.0,"sortino":-261.776538166288,"sharpe":-261.776538166288,"calmar":-22.215085086677714,"sqn":-389.7102,"profit_factor":0.0,"max_drawdown_account":0.025077937059999954,"max_drawdown_abs":25.077937059999996},{"key":"TOTAL","trades":16,"profit_mean":0.001332462306771605,"profit_mean_pct":0.13,"profit_total_abs":2.166352539999999,"profit_total":0.002166352539999999,"profit_total_pct":0.22,"duration_avg":"2:15:00","wins":8,"draws":0,"losses":8,"winrate":0.5,"cagr":0.009226764982757985,"expectancy":0.13539703375000034,"expectancy_ratio":0.04319239925550722,"sortino":22.613513504405645,"sharpe":0.13786684096665733,"calmar":3.784828597320792,"sqn":0.1502,"profit_factor":1.0863847985110147,"max_drawdown_account":0.012715425485293454,"max_drawdown_abs":12.90709073}],"mix_tag_stats":[{"key":["","trailing_stop_loss"],"trades":6,"profit_mean":0.02602838856243246,"profit_mean_pct":2.6,"profit_total_abs":15.396389600000001,"profit_total":0.015396389600000001,"profit_total_pct":1.54,"duration_avg":"0:55:00","wins":6,"draws":0,"losses":0,"winrate":1.0,"cagr":0.06699598209931068,"expectancy":2.5660649333333336,"expectancy_ratio":100.0,"sortino":-100,"sharpe":3.178954541872723,"calmar":-100,"sqn":5.333,"profit_factor":0.0,"max_drawdown_account":0.0,"max_drawdown_abs":0.0},{"key":["","roi"],"trades":2,"profit_mean":0.059970014992503755,"profit_mean_pct":6.0,"profit_total_abs":11.8479,"profit_total":0.0118479,"profit_total_pct":1.18,"duration_avg":"1:30:00","wins":2,"draws":0,"losses":0,"winrate":1.0,"cagr":0.0512596796502236,"expectancy":5.92395,"expectancy_ratio":100.0,"sortino":-100,"sharpe":142.65696834604134,"calmar":-100,"sqn":321.0813,"profit_factor":0.0,"max_drawdown_account":0.0,"max_drawdown_abs":0.0},{"key":["","stop_loss"],"trades":8,"profit_mean":-0.031848870556407075,"profit_mean_pct":-3.18,"profit_total_abs":-25.077937059999996,"profit_total":-0.025077937059999996,"profit_total_pct":-2.51,"duration_avg":"3:26:00","wins":0,"draws":0,"losses":8,"winrate":0.0,"cagr":-0.1021863616018045,"expectancy":-3.1347421324999996,"expectancy_ratio":-1.0,"sortino":-261.776538166288,"sharpe":-261.776538166288,"calmar":-22.215085086677714,"sqn":-389.7102,"profit_factor":0.0,"max_drawdown_account":0.025077937059999954,"max_drawdown_abs":25.077937059999996},{"key":"TOTAL","trades":16,"profit_mean":0.001332462306771605,"profit_mean_pct":0.13,"profit_total_abs":2.166352539999999,"profit_total":0.002166352539999999,"profit_total_pct":0.22,"duration_avg":"2:15:00","wins":8,"draws":0,"losses":8,"winrate":0.5,"cagr":0.009226764982757985,"expectancy":0.13539703375000034,"expectancy_ratio":0.04319239925550722,"sortino":22.613513504405645,"sharpe":0.13786684096665733,"calmar":3.784828597320792,"sqn":0.1502,"profit_factor":1.0863847985110147,"max_drawdown_account":0.012715425485293454,"max_drawdown_abs":12.90709073}],"left_open_trades":[{"key":"TOTAL","trades":0,"profit_mean":0.0,"profit_mean_pct":0.0,"profit_total_abs":0.0,"profit_total":0.0,"profit_total_pct":0.0,"duration_avg":"0:00","wins":0,"draws":0,"losses":0,"winrate":0.0,"cagr":0.0,"expectancy":0.0,"expectancy_ratio":100.0,"sortino":0,"sharpe":0,"calmar":0,"sqn":0.0,"profit_factor":0.0,"max_drawdown_account":0.0,"max_drawdown_abs":0.0}],"total_trades":16,"trade_count_long":16,"trade_count_short":0,"total_volume":6310.6905228544765,"avg_stake_amount":98.47128125,"profit_mean":0.001332462306771605,"profit_median":-0.010026514530048245,"profit_total":0.002166352539999999,"profit_total_long":0.002166352539999999,"profit_total_short":0.0,"profit_total_abs":2.166352539999999,"profit_total_long_abs":2.166352539999999,"profit_total_short_abs":0.0,"cagr":0.009226764982757985,"expectancy":0.13539703375000034,"expectancy_ratio":0.04319239925550722,"sortino":22.613513504405645,"sharpe":0.13786684096665733,"calmar":3.784828597320792,"sqn":0.1502,"profit_factor":1.0863847985110147,"backtest_start":"2025-11-28 04:00:00","backtest_start_ts":1764302400000,"backtest_end":"2026-02-22 04:00:00","backtest_end_ts":1771732800000,"backtest_days":86,"backtest_run_start_ts":1771816728,"backtest_run_end_ts":1771816729,"trades_per_day":0.19,"market_change":-0.41624365482233505,"pairlist":["UNI/USDT:USDT"],"stake_amount":100.0,"stake_currency":"USDT","stake_currency_decimals":3,"starting_balance":1000,"dry_run_wallet":1000,"final_balance":1002.16635254,"rejected_signals":0,"timedout_entry_orders":0,"timedout_exit_orders":1,"canceled_trade_entries":0,"canceled_entry_orders":0,"replaced_entry_orders":0,"max_open_trades":1,"max_open_trades_setting":1,"timeframe":"30m","timeframe_detail":"","timerange":"20251125-20260223","enable_protections":false,"strategy_name":"SupertrendFuturesStrategyV8_1","freqaimodel":null,"freqai_identifier":null,"stoploss":-0.03,"trailing_stop":true,"trailing_stop_positive":0.02,"trailing_stop_positive_offset":0.03,"trailing_only_offset_is_reached":true,"use_custom_stoploss":false,"minimal_roi":{"0":0.06},"use_exit_signal":true,"exit_profit_only":false,"exit_profit_offset":0.0,"ignore_roi_if_entry_signal":false,"trading_mode":"futures","margin_mode":"isolated","periodic_breakdown":{"day":[{"date":"03/12/2025","date_ts":1764720000000,"profit_abs":-1.82369483,"wins":1,"draws":0,"losses":1,"trades":2,"profit_factor":0.4135504},{"date":"04/12/2025","date_ts":1764806400000,"profit_abs":0.0,"wins":0,"draws":0,"losses":0,"trades":0,"profit_factor":0.0},{"date":"05/12/2025","date_ts":1764892800000,"profit_abs":0.0,"wins":0,"draws":0,"losses":0,"trades":0,"profit_factor":0.0},{"date":"06/12/2025","date_ts":1764979200000,"profit_abs":0.0,"wins":0,"draws":0,"losses":0,"trades":0,"profit_factor":0.0},{"date":"07/12/2025","date_ts":1765065600000,"profit_abs":0.0,"wins":0,"draws":0,"losses":0,"trades":0,"profit_factor":0.0},{"date":"08/12/2025","date_ts":1765152000000,"profit_abs":0.0,"wins":0,"draws":0,"losses":0,"trades":0,"profit_factor":0.0},{"date":"09/12/2025","date_ts":1765238400000,"profit_abs":0.0,"wins":0,"draws":0,"losses":0,"trades":0,"profit_factor":0.0},{"date":"10/12/2025","date_ts":1765324800000,"profit_abs":0.5859747,"wins":1,"draws":0,"losses":1,"trades":2,"profit_factor":1.18569212},{"date":"11/12/2025","date_ts":1765411200000,"profit_abs":0.0,"wins":0,"draws":0,"losses":0,"trades":0,"profit_factor":0.0},{"date":"12/12/2025","date_ts":1765497600000,"profit_abs":0.0,"wins":0,"draws":0,"losses":0,"trades":0,"profit_factor":0.0},{"date":"13/12/2025","date_ts":1765584000000,"profit_abs":0.0,"wins":0,"draws":0,"losses":0,"trades":0,"profit_factor":0.0},{"date":"14/12/2025","date_ts":1765670400000,"profit_abs":0.0,"wins":0,"draws":0,"losses":0,"trades":0,"profit_factor":0.0},{"date":"15/12/2025","date_ts":1765756800000,"profit_abs":0.0,"wins":0,"draws":0,"losses":0,"trades":0,"profit_factor":0.0},{"date":"16/12/2025","date_ts":1765843200000,"profit_abs":0.0,"wins":0,"draws":0,"losses":0,"trades":0,"profit_factor":0.0},{"date":"17/12/2025","date_ts":1765929600000,"profit_abs":0.0,"wins":0,"draws":0,"losses":0,"trades":0,"profit_factor":0.0},{"date":"18/12/2025","date_ts":1766016000000,"profit_abs":0.0,"wins":0,"draws":0,"losses":0,"trades":0,"profit_factor":0.0},{"date":"19/12/2025","date_ts":1766102400000,"profit_abs":0.0,"wins":0,"draws":0,"losses":0,"trades":0,"profit_factor":0.0},{"date":"20/12/2025","date_ts":1766188800000,"profit_abs":9.2330009,"wins":3,"draws":0,"losses":0,"trades":3,"profit_factor":0.0},{"date":"21/12/2025","date_ts":1766275200000,"profit_abs":3.937785,"wins":2,"draws":0,"losses":1,"trades":3,"profit_factor":2.25392091},{"date":"22/12/2025","date_ts":1766361600000,"profit_abs":0.0,"wins":0,"draws":0,"losses":0,"trades":0,"profit_factor":0.0},{"date":"23/12/2025","date_ts":1766448000000,"profit_abs":0.0,"wins":0,"draws":0,"losses":0,"trades":0,"profit_factor":0.0},{"date":"24/12/2025","date_ts":1766534400000,"profit_abs":0.0,"wins":0,"draws":0,"losses":0,"trades":0,"profit_factor":0.0},{"date":"25/12/2025","date_ts":1766620800000,"profit_abs":0.0,"wins":0,"draws":0,"losses":0,"trades":0,"profit_factor":0.0},{"date":"26/12/2025","date_ts":1766707200000,"profit_abs":0.0,"wins":0,"draws":0,"losses":0,"trades":0,"profit_factor":0.0},{"date":"27/12/2025","date_ts":1766793600000,"profit_abs":0.0,"wins":0,"draws":0,"losses":0,"trades":0,"profit_factor":0.0},{"date":"28/12/2025","date_ts":1766880000000,"profit_abs":2.7458901,"wins":1,"draws":0,"losses":1,"trades":2,"profit_factor":1.86905985},{"date":"29/12/2025","date_ts":1766966400000,"profit_abs":0.0,"wins":0,"draws":0,"losses":0,"trades":0,"profit_factor":0.0},{"date":"30/12/2025","date_ts":1767052800000,"profit_abs":0.0,"wins":0,"draws":0,"losses":0,"trades":0,"profit_factor":0.0},{"date":"31/12/2025","date_ts":1767139200000,"profit_abs":0.0,"wins":0,"draws":0,"losses":0,"trades":0,"profit_factor":0.0},{"date":"01/01/2026","date_ts":1767225600000,"profit_abs":0.0,"wins":0,"draws":0,"losses":0,"trades":0,"profit_factor":0.0},{"date":"02/01/2026","date_ts":1767312000000,"profit_abs":0.0,"wins":0,"draws":0,"losses":0,"trades":0,"profit_factor":0.0},{"date":"03/01/2026","date_ts":1767398400000,"profit_abs":-3.105296,"wins":0,"draws":0,"losses":1,"trades":1,"profit_factor":0.0},{"date":"04/01/2026","date_ts":1767484800000,"profit_abs":0.0,"wins":0,"draws":0,"losses":0,"trades":0,"profit_factor":0.0},{"date":"05/01/2026","date_ts":1767571200000,"profit_abs":0.0,"wins":0,"draws":0,"losses":0,"trades":0,"profit_factor":0.0},{"date":"06/01/2026","date_ts":1767657600000,"profit_abs":0.0,"wins":0,"draws":0,"losses":0,"trades":0,"profit_factor":0.0},{"date":"07/01/2026","date_ts":1767744000000,"profit_abs":0.0,"wins":0,"draws":0,"losses":0,"trades":0,"profit_factor":0.0},{"date":"08/01/2026","date_ts":1767830400000,"profit_abs":0.0,"wins":0,"draws":0,"losses":0,"trades":0,"profit_factor":0.0},{"date":"09/01/2026","date_ts":1767916800000,"profit_abs":0.0,"wins":0,"draws":0,"losses":0,"trades":0,"profit_factor":0.0},{"date":"10/01/2026","date_ts":1768003200000,"profit_abs":0.0,"wins":0,"draws":0,"losses":0,"trades":0,"profit_factor":0.0},{"date":"11/01/2026","date_ts":1768089600000,"profit_abs":0.0,"wins":0,"draws":0,"losses":0,"trades":0,"profit_factor":0.0},{"date":"12/01/2026","date_ts":1768176000000,"profit_abs":0.0,"wins":0,"draws":0,"losses":0,"trades":0,"profit_factor":0.0},{"date":"13/01/2026","date_ts":1768262400000,"profit_abs":0.0,"wins":0,"draws":0,"losses":0,"trades":0,"profit_factor":0.0},{"date":"14/01/2026","date_ts":1768348800000,"profit_abs":-3.154265,"wins":0,"draws":0,"losses":1,"trades":1,"profit_factor":0.0},{"date":"15/01/2026","date_ts":1768435200000,"profit_abs":0.0,"wins":0,"draws":0,"losses":0,"trades":0,"profit_factor":0.0},{"date":"16/01/2026","date_ts":1768521600000,"profit_abs":0.0,"wins":0,"draws":0,"losses":0,"trades":0,"profit_factor":0.0},{"date":"17/01/2026","date_ts":1768608000000,"profit_abs":0.0,"wins":0,"draws":0,"losses":0,"trades":0,"profit_factor":0.0},{"date":"18/01/2026","date_ts":1768694400000,"profit_abs":0.0,"wins":0,"draws":0,"losses":0,"trades":0,"profit_factor":0.0},{"date":"19/01/2026","date_ts":1768780800000,"profit_abs":0.0,"wins":0,"draws":0,"losses":0,"trades":0,"profit_factor":0.0},{"date":"20/01/2026","date_ts":1768867200000,"profit_abs":0.0,"wins":0,"draws":0,"losses":0,"trades":0,"profit_factor":0.0},{"date":"21/01/2026","date_ts":1768953600000,"profit_abs":0.0,"wins":0,"draws":0,"losses":0,"trades":0,"profit_factor":0.0},{"date":"22/01/2026","date_ts":1769040000000,"profit_abs":0.0,"wins":0,"draws":0,"losses":0,"trades":0,"profit_factor":0.0},{"date":"23/01/2026","date_ts":1769126400000,"profit_abs":0.0,"wins":0,"draws":0,"losses":0,"trades":0,"profit_factor":0.0},{"date":"24/01/2026","date_ts":1769212800000,"profit_abs":0.0,"wins":0,"draws":0,"losses":0,"trades":0,"profit_factor":0.0},{"date":"25/01/2026","date_ts":1769299200000,"profit_abs":0.0,"wins":0,"draws":0,"losses":0,"trades":0,"profit_factor":0.0},{"date":"26/01/2026","date_ts":1769385600000,"profit_abs":0.0,"wins":0,"draws":0,"losses":0,"trades":0,"profit_factor":0.0},{"date":"27/01/2026","date_ts":1769472000000,"profit_abs":0.0,"wins":0,"draws":0,"losses":0,"trades":0,"profit_factor":0.0},{"date":"28/01/2026","date_ts":1769558400000,"profit_abs":0.0,"wins":0,"draws":0,"losses":0,"trades":0,"profit_factor":0.0},{"date":"29/01/2026","date_ts":1769644800000,"profit_abs":0.0,"wins":0,"draws":0,"losses":0,"trades":0,"profit_factor":0.0},{"date":"30/01/2026","date_ts":1769731200000,"profit_abs":0.0,"wins":0,"draws":0,"losses":0,"trades":0,"profit_factor":0.0},{"date":"31/01/2026","date_ts":1769817600000,"profit_abs":0.0,"wins":0,"draws":0,"losses":0,"trades":0,"profit_factor":0.0},{"date":"01/02/2026","date_ts":1769904000000,"profit_abs":0.0,"wins":0,"draws":0,"losses":0,"trades":0,"profit_factor":0.0},{"date":"02/02/2026","date_ts":1769990400000,"profit_abs":0.0,"wins":0,"draws":0,"losses":0,"trades":0,"profit_factor":0.0},{"date":"03/02/2026","date_ts":1770076800000,"profit_abs":0.0,"wins":0,"draws":0,"losses":0,"trades":0,"profit_factor":0.0},{"date":"04/02/2026","date_ts":1770163200000,"profit_abs":0.0,"wins":0,"draws":0,"losses":0,"trades":0,"profit_factor":0.0},{"date":"05/02/2026","date_ts":1770249600000,"profit_abs":0.0,"wins":0,"draws":0,"losses":0,"trades":0,"profit_factor":0.0},{"date":"06/02/2026","date_ts":1770336000000,"profit_abs":0.0,"wins":0,"draws":0,"losses":0,"trades":0,"profit_factor":0.0},{"date":"07/02/2026","date_ts":1770422400000,"profit_abs":0.0,"wins":0,"draws":0,"losses":0,"trades":0,"profit_factor":0.0},{"date":"08/02/2026","date_ts":1770508800000,"profit_abs":0.0,"wins":0,"draws":0,"losses":0,"trades":0,"profit_factor":0.0},{"date":"09/02/2026","date_ts":1770595200000,"profit_abs":0.0,"wins":0,"draws":0,"losses":0,"trades":0,"profit_factor":0.0},{"date":"10/02/2026","date_ts":1770681600000,"profit_abs":0.0,"wins":0,"draws":0,"losses":0,"trades":0,"profit_factor":0.0},{"date":"11/02/2026","date_ts":1770768000000,"profit_abs":0.0,"wins":0,"draws":0,"losses":0,"trades":0,"profit_factor":0.0},{"date":"12/02/2026","date_ts":1770854400000,"profit_abs":0.0,"wins":0,"draws":0,"losses":0,"trades":0,"profit_factor":0.0},{"date":"13/02/2026","date_ts":1770940800000,"profit_abs":0.0,"wins":0,"draws":0,"losses":0,"trades":0,"profit_factor":0.0},{"date":"14/02/2026","date_ts":1771027200000,"profit_abs":-3.1102785,"wins":0,"draws":0,"losses":1,"trades":1,"profit_factor":0.0},{"date":"15/02/2026","date_ts":1771113600000,"profit_abs":0.0,"wins":0,"draws":0,"losses":0,"trades":0,"profit_factor":0.0},{"date":"16/02/2026","date_ts":1771200000000,"profit_abs":0.0,"wins":0,"draws":0,"losses":0,"trades":0,"profit_factor":0.0},{"date":"17/02/2026","date_ts":1771286400000,"profit_abs":0.0,"wins":0,"draws":0,"losses":0,"trades":0,"profit_factor":0.0},{"date":"18/02/2026","date_ts":1771372800000,"profit_abs":0.0,"wins":0,"draws":0,"losses":0,"trades":0,"profit_factor":0.0},{"date":"19/02/2026","date_ts":1771459200000,"profit_abs":0.0,"wins":0,"draws":0,"losses":0,"trades":0,"profit_factor":0.0},{"date":"20/02/2026","date_ts":1771545600000,"profit_abs":0.0,"wins":0,"draws":0,"losses":0,"trades":0,"profit_factor":0.0},{"date":"21/02/2026","date_ts":1771632000000,"profit_abs":0.0,"wins":0,"draws":0,"losses":0,"trades":0,"profit_factor":0.0},{"date":"22/02/2026","date_ts":1771718400000,"profit_abs":-3.14276383,"wins":0,"draws":0,"losses":1,"trades":1,"profit_factor":0.0}],"week":[{"date":"08/12/2025","date_ts":1765152000000,"profit_abs":-1.82369483,"wins":1,"draws":0,"losses":1,"trades":2,"profit_factor":0.4135504},{"date":"15/12/2025","date_ts":1765756800000,"profit_abs":0.5859747,"wins":1,"draws":0,"losses":1,"trades":2,"profit_factor":1.18569212},{"date":"22/12/2025","date_ts":1766361600000,"profit_abs":13.1707859,"wins":5,"draws":0,"losses":1,"trades":6,"profit_factor":5.19401359},{"date":"29/12/2025","date_ts":1766966400000,"profit_abs":2.7458901,"wins":1,"draws":0,"losses":1,"trades":2,"profit_factor":1.86905985},{"date":"05/01/2026","date_ts":1767571200000,"profit_abs":-3.105296,"wins":0,"draws":0,"losses":1,"trades":1,"profit_factor":0.0},{"date":"12/01/2026","date_ts":1768176000000,"profit_abs":0.0,"wins":0,"draws":0,"losses":0,"trades":0,"profit_factor":0.0},{"date":"19/01/2026","date_ts":1768780800000,"profit_abs":-3.154265,"wins":0,"draws":0,"losses":1,"trades":1,"profit_factor":0.0},{"date":"26/01/2026","date_ts":1769385600000,"profit_abs":0.0,"wins":0,"draws":0,"losses":0,"trades":0,"profit_factor":0.0},{"date":"02/02/2026","date_ts":1769990400000,"profit_abs":0.0,"wins":0,"draws":0,"losses":0,"trades":0,"profit_factor":0.0},{"date":"09/02/2026","date_ts":1770595200000,"profit_abs":0.0,"wins":0,"draws":0,"losses":0,"trades":0,"profit_factor":0.0},{"date":"16/02/2026","date_ts":1771200000000,"profit_abs":-3.1102785,"wins":0,"draws":0,"losses":1,"trades":1,"profit_factor":0.0},{"date":"23/02/2026","date_ts":1771804800000,"profit_abs":-3.14276383,"wins":0,"draws":0,"losses":1,"trades":1,"profit_factor":0.0}],"month":[{"date":"31/12/2025","date_ts":1767139200000,"profit_abs":14.67895587,"wins":8,"draws":0,"losses":4,"trades":12,"profit_factor":2.16821059},{"date":"31/01/2026","date_ts":1769817600000,"profit_abs":-6.259561,"wins":0,"draws":0,"losses":2,"trades":2,"profit_factor":0.0},{"date":"28/02/2026","date_ts":1772236800000,"profit_abs":-6.25304233,"wins":0,"draws":0,"losses":2,"trades":2,"profit_factor":0.0}],"year":[{"date":"31/12/2025","date_ts":1767139200000,"profit_abs":14.67895587,"wins":8,"draws":0,"losses":4,"trades":12,"profit_factor":2.16821059},{"date":"31/12/2026","date_ts":1798675200000,"profit_abs":-12.51260333,"wins":0,"draws":0,"losses":4,"trades":4,"profit_factor":0.0}],"weekday":[{"date":"Wednesday","date_ts":2,"profit_abs":-4.39198513,"wins":2,"draws":0,"losses":3,"trades":5,"profit_factor":0.5337403},{"date":"Saturday","date_ts":5,"profit_abs":3.0174264,"wins":3,"draws":0,"losses":2,"trades":5,"profit_factor":1.48546219},{"date":"Sunday","date_ts":6,"profit_abs":3.54091127,"wins":3,"draws":0,"losses":3,"trades":6,"profit_factor":1.37498725}]},"backtest_best_day":0.09369079370606666,"backtest_worst_day":-0.03193535276566229,"backtest_best_day_abs":9.2330009,"backtest_worst_day_abs":-3.154265,"winning_days":4,"draw_days":73,"losing_days":5,"daily_profit":[["2025-12-03",-1.82369483],["2025-12-04",0.0],["2025-12-05",0.0],["2025-12-06",0.0],["2025-12-07",0.0],["2025-12-08",0.0],["2025-12-09",0.0],["2025-12-10",0.5859747],["2025-12-11",0.0],["2025-12-12",0.0],["2025-12-13",0.0],["2025-12-14",0.0],["2025-12-15",0.0],["2025-12-16",0.0],["2025-12-17",0.0],["2025-12-18",0.0],["2025-12-19",0.0],["2025-12-20",9.2330009],["2025-12-21",3.937785],["2025-12-22",0.0],["2025-12-23",0.0],["2025-12-24",0.0],["2025-12-25",0.0],["2025-12-26",0.0],["2025-12-27",0.0],["2025-12-28",2.7458901],["2025-12-29",0.0],["2025-12-30",0.0],["2025-12-31",0.0],["2026-01-01",0.0],["2026-01-02",0.0],["2026-01-03",-3.105296],["2026-01-04",0.0],["2026-01-05",0.0],["2026-01-06",0.0],["2026-01-07",0.0],["2026-01-08",0.0],["2026-01-09",0.0],["2026-01-10",0.0],["2026-01-11",0.0],["2026-01-12",0.0],["2026-01-13",0.0],["2026-01-14",-3.154265],["2026-01-15",0.0],["2026-01-16",0.0],["2026-01-17",0.0],["2026-01-18",0.0],["2026-01-19",0.0],["2026-01-20",0.0],["2026-01-21",0.0],["2026-01-22",0.0],["2026-01-23",0.0],["2026-01-24",0.0],["2026-01-25",0.0],["2026-01-26",0.0],["2026-01-27",0.0],["2026-01-28",0.0],["2026-01-29",0.0],["2026-01-30",0.0],["2026-01-31",0.0],["2026-02-01",0.0],["2026-02-02",0.0],["2026-02-03",0.0],["2026-02-04",0.0],["2026-02-05",0.0],["2026-02-06",0.0],["2026-02-07",0.0],["2026-02-08",0.0],["2026-02-09",0.0],["2026-02-10",0.0],["2026-02-11",0.0],["2026-02-12",0.0],["2026-02-13",0.0],["2026-02-14",-3.1102785],["2026-02-15",0.0],["2026-02-16",0.0],["2026-02-17",0.0],["2026-02-18",0.0],["2026-02-19",0.0],["2026-02-20",0.0],["2026-02-21",0.0],["2026-02-22",-3.14276383]],"wins":8,"losses":8,"draws":0,"winrate":0.5,"holding_avg":"2:15:00","holding_avg_s":8100.0,"winner_holding_min":"0d 00:00","winner_holding_min_s":0.0,"winner_holding_max":"0d 02:30","winner_holding_max_s":9000.0,"winner_holding_avg":"0d 01:04","winner_holding_avg_s":3840.0,"loser_holding_min":"0d 00:00","loser_holding_min_s":0.0,"loser_holding_max":"0d 13:30","loser_holding_max_s":48600.0,"loser_holding_avg":"0d 03:26","loser_holding_avg_s":12360.0,"max_consecutive_wins":5,"max_consecutive_losses":4,"max_drawdown_account":0.012715425485293454,"max_relative_drawdown":0.012715425485293454,"max_drawdown_abs":12.90709073,"drawdown_start":"2025-12-21 06:00:00","drawdown_start_ts":1766296800000.0,"drawdown_end":"2026-02-22 00:00:00","drawdown_end_ts":1771718400000.0,"drawdown_duration":"62 days 18:00:00","drawdown_duration_s":5421600.0,"max_drawdown_low":2.16635254,"max_drawdown_high":15.07344327,"csum_min":998.17630517,"csum_max":1015.07344327}},"strategy_comparison":[{"key":"SupertrendFuturesStrategyV8_1","trades":16,"profit_mean":0.001332462306771605,"profit_mean_pct":0.13,"profit_total_abs":2.166352539999999,"profit_total":0.002166352539999999,"profit_total_pct":0.22,"duration_avg":"2:15:00","wins":8,"draws":0,"losses":8,"winrate":0.5,"cagr":0.009226764982757985,"expectancy":0.13539703375000034,"expectancy_ratio":0.04319239925550722,"sortino":22.613513504405645,"sharpe":0.13786684096665733,"calmar":3.784828597320792,"sqn":0.1502,"profit_factor":1.0863847985110147,"max_drawdown_account":0.012715425485293454,"max_drawdown_abs":"12.907"}]}