{"strategy":{"SupertrendStrategy_Optimized":{"trades":[{"pair":"ETH/USDT","stake_amount":329.99884525,"max_stake_amount":329.99884525,"amount":0.112975,"open_date":"2025-11-25 12:30:00+00:00","close_date":"2025-11-26 17:30:00+00:00","open_rate":2920.99,"close_rate":2988.273695543315,"fee_open":0.0015,"fee_close":0.0015,"trade_duration":1740,"profit_ratio":0.01997004494772997,"profit_abs":6.59997691,"exit_reason":"roi","initial_stop_loss_abs":2716.5206999999996,"initial_stop_loss_ratio":-0.07,"stop_loss_abs":2716.5206999999996,"stop_loss_ratio":-0.07,"min_rate":2856.65,"max_rate":3015.21,"is_open":false,"enter_tag":"","leverage":1.0,"is_short":false,"open_timestamp":1764073800000,"close_timestamp":1764178200000,"orders":[{"amount":0.112975,"safe_price":2920.99,"ft_order_side":"buy","order_filled_timestamp":1764073800000,"ft_is_entry":true,"ft_order_tag":"","cost":330.493843517875},{"amount":0.112975,"safe_price":2988.273695543315,"ft_order_side":"sell","order_filled_timestamp":1764178200000,"ft_is_entry":false,"ft_order_tag":"roi","cost":338.1066210851371}],"funding_fees":0.0,"weekday":2},{"pair":"ETH/USDT","stake_amount":332.17669287,"max_stake_amount":332.17669287,"amount":0.110121,"open_date":"2025-11-26 18:45:00+00:00","close_date":"2025-11-28 13:45:00+00:00","open_rate":3016.47,"close_rate":3085.953034551828,"fee_open":0.0015,"fee_close":0.0015,"trade_duration":2580,"profit_ratio":0.019970044940416532,"profit_abs":6.64353386,"exit_reason":"roi","initial_stop_loss_abs":2805.3170999999998,"initial_stop_loss_ratio":-0.07,"stop_loss_abs":2805.3170999999998,"stop_loss_ratio":-0.07,"min_rate":2986.19,"max_rate":3087.28,"is_open":false,"enter_tag":"","leverage":1.0,"is_short":false,"open_timestamp":1764182700000,"close_timestamp":1764337500000,"orders":[{"amount":0.110121,"safe_price":3016.47,"ft_order_side":"buy","order_filled_timestamp":1764182700000,"ft_is_entry":true,"ft_order_tag":"","cost":332.67495790930496},{"amount":0.110121,"safe_price":3085.953034551828,"ft_order_side":"sell","order_filled_timestamp":1764337500000,"ft_is_entry":false,"ft_order_tag":"roi","cost":340.3379764690587}],"funding_fees":0.0,"weekday":4},{"pair":"ETH/USDT","stake_amount":334.36980968,"max_stake_amount":334.36980968,"amount":0.108776,"open_date":"2025-11-28 14:00:00+00:00","close_date":"2025-12-01 00:45:00+00:00","open_rate":3073.93,"close_rate":2858.7548999999995,"fee_open":0.0015,"fee_close":0.0015,"trade_duration":3525,"profit_ratio":-0.07278582127818053,"profit_abs":-24.37388728,"exit_reason":"stop_loss","initial_stop_loss_abs":2858.7548999999995,"initial_stop_loss_ratio":-0.07,"stop_loss_abs":2858.7548999999995,"stop_loss_ratio":-0.07,"min_rate":2830.47,"max_rate":3099.0,"is_open":false,"enter_tag":"","leverage":1.0,"is_short":false,"open_timestamp":1764338400000,"close_timestamp":1764549900000,"orders":[{"amount":0.108776,"safe_price":3073.93,"ft_order_side":"buy","order_filled_timestamp":1764338400000,"ft_is_entry":true,"ft_order_tag":"","cost":334.87136439452},{"amount":0.108776,"safe_price":2858.7548999999995,"ft_order_side":"sell","order_filled_timestamp":1764549900000,"ft_is_entry":false,"ft_order_tag":"stop_loss","cost":311.4303688869036}],"funding_fees":0.0,"weekday":0},{"pair":"ETH/USDT","stake_amount":326.32578,"max_stake_amount":326.32578,"amount":0.10827,"open_date":"2025-12-02 22:15:00+00:00","close_date":"2025-12-03 06:15:00+00:00","open_rate":3014.0,"close_rate":3083.4261392088133,"fee_open":0.0015,"fee_close":0.0015,"trade_duration":480,"profit_ratio":0.019970044932601096,"profit_abs":6.5265156,"exit_reason":"roi","initial_stop_loss_abs":2803.02,"initial_stop_loss_ratio":-0.07,"stop_loss_abs":2803.02,"stop_loss_ratio":-0.07,"min_rate":2985.55,"max_rate":3085.79,"is_open":false,"enter_tag":"","leverage":1.0,"is_short":false,"open_timestamp":1764713700000,"close_timestamp":1764742500000,"orders":[{"amount":0.10827,"safe_price":3014.0,"ft_order_side":"buy","order_filled_timestamp":1764713700000,"ft_is_entry":true,"ft_order_tag":"","cost":326.81526867},{"amount":0.10827,"safe_price":3083.4261392088133,"ft_order_side":"sell","order_filled_timestamp":1764742500000,"ft_is_entry":false,"ft_order_tag":"roi","cost":334.3433119142765}],"funding_fees":0.0,"weekday":2},{"pair":"ETH/USDT","stake_amount":328.4784257,"max_stake_amount":328.4784257,"amount":0.107218,"open_date":"2025-12-03 06:45:00+00:00","close_date":"2025-12-03 14:30:00+00:00","open_rate":3063.65,"close_rate":3134.2198047070606,"fee_open":0.0015,"fee_close":0.0015,"trade_duration":465,"profit_ratio":0.019970044920441975,"profit_abs":6.56956851,"exit_reason":"roi","initial_stop_loss_abs":2849.1945,"initial_stop_loss_ratio":-0.07,"stop_loss_abs":2849.1945,"stop_loss_ratio":-0.07,"min_rate":3028.87,"max_rate":3146.0,"is_open":false,"enter_tag":"","leverage":1.0,"is_short":false,"open_timestamp":1764744300000,"close_timestamp":1764772200000,"orders":[{"amount":0.107218,"safe_price":3063.65,"ft_order_side":"buy","order_filled_timestamp":1764744300000,"ft_is_entry":true,"ft_order_tag":"","cost":328.97114333855},{"amount":0.107218,"safe_price":3134.2198047070606,"ft_order_side":"sell","order_filled_timestamp":1764772200000,"ft_is_entry":false,"ft_order_tag":"roi","cost":336.54884618961324}],"funding_fees":0.0,"weekday":2},{"pair":"BTC/USDT","stake_amount":326.32612718,"max_stake_amount":326.32612718,"amount":0.00355275,"open_date":"2025-12-02 22:15:00+00:00","close_date":"2025-12-03 22:45:00+00:00","open_rate":91851.7,"close_rate":93967.46274411617,"fee_open":0.0015,"fee_close":0.0015,"trade_duration":1470,"profit_ratio":0.019970044921891698,"profit_abs":6.52652254,"exit_reason":"roi","initial_stop_loss_abs":85422.08099999999,"initial_stop_loss_ratio":-0.07,"stop_loss_abs":85422.08099999999,"stop_loss_ratio":-0.07,"min_rate":91004.0,"max_rate":94162.8,"is_open":false,"enter_tag":"","leverage":1.0,"is_short":false,"open_timestamp":1764713700000,"close_timestamp":1764801900000,"orders":[{"amount":0.00355275,"safe_price":91851.7,"ft_order_side":"buy","order_filled_timestamp":1764713700000,"ft_is_entry":true,"ft_order_tag":"","cost":326.81561636576254},{"amount":0.00355275,"safe_price":93967.46274411617,"ft_order_side":"sell","order_filled_timestamp":1764801900000,"ft_is_entry":false,"ft_order_tag":"roi","cost":334.343667619055}],"funding_fees":0.0,"weekday":2},{"pair":"ETH/USDT","stake_amount":330.6480534,"max_stake_amount":330.6480534,"amount":0.10558,"open_date":"2025-12-03 14:45:00+00:00","close_date":"2025-12-03 23:00:00+00:00","open_rate":3131.73,"close_rate":3203.867996995493,"fee_open":0.0015,"fee_close":0.0015,"trade_duration":495,"profit_ratio":0.019970044938640765,"profit_abs":6.61296107,"exit_reason":"roi","initial_stop_loss_abs":2912.5089,"initial_stop_loss_ratio":-0.07,"stop_loss_abs":2912.5089,"stop_loss_ratio":-0.07,"min_rate":3056.72,"max_rate":3218.05,"is_open":false,"enter_tag":"","leverage":1.0,"is_short":false,"open_timestamp":1764773100000,"close_timestamp":1764802800000,"orders":[{"amount":0.10558,"safe_price":3131.73,"ft_order_side":"buy","order_filled_timestamp":1764773100000,"ft_is_entry":true,"ft_order_tag":"","cost":331.1440254801},{"amount":0.10558,"safe_price":3203.867996995493,"ft_order_side":"sell","order_filled_timestamp":1764802800000,"ft_is_entry":false,"ft_order_tag":"roi","cost":338.77177969746833}],"funding_fees":0.0,"weekday":2},{"pair":"ETH/USDT","stake_amount":334.9844694,"max_stake_amount":334.9844694,"amount":0.104922,"open_date":"2025-12-03 23:15:00+00:00","close_date":"2025-12-07 14:15:00+00:00","open_rate":3192.7,"close_rate":2969.211,"fee_open":0.0015,"fee_close":0.0015,"trade_duration":5220,"profit_ratio":-0.0727858212772994,"profit_abs":-24.4186929,"exit_reason":"stop_loss","initial_stop_loss_abs":2969.211,"initial_stop_loss_ratio":-0.07,"stop_loss_abs":2969.211,"stop_loss_ratio":-0.07,"min_rate":2908.0,"max_rate":3240.74,"is_open":false,"enter_tag":"","leverage":1.0,"is_short":false,"open_timestamp":1764803700000,"close_timestamp":1765116900000,"orders":[{"amount":0.104922,"safe_price":3192.7,"ft_order_side":"buy","order_filled_timestamp":1764803700000,"ft_is_entry":true,"ft_order_tag":"","cost":335.4869461041},{"amount":0.104922,"safe_price":2969.211,"ft_order_side":"sell","order_filled_timestamp":1765116900000,"ft_is_entry":false,"ft_order_tag":"stop_loss","cost":312.00285987681303}],"funding_fees":0.0,"weekday":6},{"pair":"BTC/USDT","stake_amount":334.98425608,"max_stake_amount":334.98425608,"amount":0.00357187,"open_date":"2025-12-03 23:00:00+00:00","close_date":"2025-12-09 18:15:00+00:00","open_rate":93784.0,"close_rate":93963.6,"fee_open":0.0015,"fee_close":0.0015,"trade_duration":8355,"profit_ratio":-0.0010862044448776316,"profit_abs":-0.36440718,"exit_reason":"exit_signal","initial_stop_loss_abs":87219.12,"initial_stop_loss_ratio":-0.07,"stop_loss_abs":87219.12,"stop_loss_ratio":-0.07,"min_rate":87731.7,"max_rate":94600.0,"is_open":false,"enter_tag":"","leverage":1.0,"is_short":false,"open_timestamp":1764802800000,"close_timestamp":1765304100000,"orders":[{"amount":0.00357187,"safe_price":93784.0,"ft_order_side":"buy","order_filled_timestamp":1764802800000,"ft_is_entry":true,"ft_order_tag":"","cost":335.48673246412005},{"amount":0.00357187,"safe_price":93963.6,"ft_order_side":"sell","order_filled_timestamp":1765304100000,"ft_is_entry":false,"ft_order_tag":"exit_signal","cost":336.12920257789807}],"funding_fees":0.0,"weekday":1},{"pair":"ETH/USDT","stake_amount":326.80588,"max_stake_amount":326.80588,"amount":0.09848,"open_date":"2025-12-10 05:30:00+00:00","close_date":"2025-12-10 18:30:00+00:00","open_rate":3318.5,"close_rate":3394.9401602403605,"fee_open":0.0015,"fee_close":0.0015,"trade_duration":780,"profit_ratio":0.019970044932601096,"profit_abs":6.5361176,"exit_reason":"roi","initial_stop_loss_abs":3086.205,"initial_stop_loss_ratio":-0.07,"stop_loss_abs":3361.4,"stop_loss_ratio":-0.02,"min_rate":3297.26,"max_rate":3430.0,"is_open":false,"enter_tag":"","leverage":1.0,"is_short":false,"open_timestamp":1765344600000,"close_timestamp":1765391400000,"orders":[{"amount":0.09848,"safe_price":3318.5,"ft_order_side":"buy","order_filled_timestamp":1765344600000,"ft_is_entry":true,"ft_order_tag":"","cost":327.29608882},{"amount":0.09848,"safe_price":3394.9401602403605,"ft_order_side":"sell","order_filled_timestamp":1765391400000,"ft_is_entry":false,"ft_order_tag":"roi","cost":334.83520754094144}],"funding_fees":0.0,"weekday":2},{"pair":"ETH/USDT","stake_amount":328.96019472,"max_stake_amount":328.96019472,"amount":0.097276,"open_date":"2025-12-10 19:00:00+00:00","close_date":"2025-12-12 15:30:00+00:00","open_rate":3381.72,"close_rate":3144.9995999999996,"fee_open":0.0015,"fee_close":0.0015,"trade_duration":2670,"profit_ratio":-0.0727858212556093,"profit_abs":-23.97955339,"exit_reason":"stop_loss","initial_stop_loss_abs":3144.9995999999996,"initial_stop_loss_ratio":-0.07,"stop_loss_abs":3144.9995999999996,"stop_loss_ratio":-0.07,"min_rate":3085.47,"max_rate":3448.0,"is_open":false,"enter_tag":"","leverage":1.0,"is_short":false,"open_timestamp":1765393200000,"close_timestamp":1765553400000,"orders":[{"amount":0.097276,"safe_price":3381.72,"ft_order_side":"buy","order_filled_timestamp":1765393200000,"ft_is_entry":true,"ft_order_tag":"","cost":329.45363501208004},{"amount":0.097276,"safe_price":3144.9995999999996,"ft_order_side":"sell","order_filled_timestamp":1765553400000,"ft_is_entry":false,"ft_order_tag":"stop_loss","cost":306.3918805612344}],"funding_fees":0.0,"weekday":4},{"pair":"ETH/USDT","stake_amount":321.049809,"max_stake_amount":321.049809,"amount":0.103185,"open_date":"2025-12-13 08:45:00+00:00","close_date":"2025-12-16 04:45:00+00:00","open_rate":3111.4,"close_rate":2893.602,"fee_open":0.0015,"fee_close":0.0015,"trade_duration":4080,"profit_ratio":-0.07278582127725715,"profit_abs":-23.40292583,"exit_reason":"stop_loss","initial_stop_loss_abs":2893.602,"initial_stop_loss_ratio":-0.07,"stop_loss_abs":2893.602,"stop_loss_ratio":-0.07,"min_rate":2878.18,"max_rate":3177.78,"is_open":false,"enter_tag":"","leverage":1.0,"is_short":false,"open_timestamp":1765615500000,"close_timestamp":1765860300000,"orders":[{"amount":0.103185,"safe_price":3111.4,"ft_order_side":"buy","order_filled_timestamp":1765615500000,"ft_is_entry":true,"ft_order_tag":"","cost":321.5313837135},{"amount":0.103185,"safe_price":2893.602,"ft_order_side":"sell","order_filled_timestamp":1765860300000,"ft_is_entry":false,"ft_order_tag":"stop_loss","cost":299.02418685355497}],"funding_fees":0.0,"weekday":1},{"pair":"BTC/USDT","stake_amount":313.32662876,"max_stake_amount":313.32662876,"amount":0.00359569,"open_date":"2025-12-16 10:45:00+00:00","close_date":"2025-12-17 14:45:00+00:00","open_rate":87139.5,"close_rate":89146.71932899348,"fee_open":0.0015,"fee_close":0.0015,"trade_duration":1680,"profit_ratio":0.01997004494821631,"profit_abs":6.26653258,"exit_reason":"roi","initial_stop_loss_abs":81039.735,"initial_stop_loss_ratio":-0.07,"stop_loss_abs":81039.735,"stop_loss_ratio":-0.07,"min_rate":86109.0,"max_rate":89693.9,"is_open":false,"enter_tag":"","leverage":1.0,"is_short":false,"open_timestamp":1765881900000,"close_timestamp":1765982700000,"orders":[{"amount":0.00359569,"safe_price":87139.5,"ft_order_side":"buy","order_filled_timestamp":1765881900000,"ft_is_entry":true,"ft_order_tag":"","cost":313.79661869813253},{"amount":0.00359569,"safe_price":89146.71932899348,"ft_order_side":"sell","order_filled_timestamp":1765982700000,"ft_is_entry":false,"ft_order_tag":"roi","cost":321.0247831749047}],"funding_fees":0.0,"weekday":2},{"pair":"ETH/USDT","stake_amount":315.39207178,"max_stake_amount":315.39207178,"amount":0.105283,"open_date":"2025-12-17 15:00:00+00:00","close_date":"2025-12-18 19:45:00+00:00","open_rate":2995.66,"close_rate":2785.9637999999995,"fee_open":0.0015,"fee_close":0.0015,"trade_duration":1725,"profit_ratio":-0.07278582126048985,"profit_abs":-22.99050507,"exit_reason":"stop_loss","initial_stop_loss_abs":2785.9637999999995,"initial_stop_loss_ratio":-0.07,"stop_loss_abs":2785.9637999999995,"stop_loss_ratio":-0.07,"min_rate":2775.01,"max_rate":3031.03,"is_open":false,"enter_tag":"","leverage":1.0,"is_short":false,"open_timestamp":1765983600000,"close_timestamp":1766087100000,"orders":[{"amount":0.105283,"safe_price":2995.66,"ft_order_side":"buy","order_filled_timestamp":1765983600000,"ft_is_entry":true,"ft_order_tag":"","cost":315.86515988767},{"amount":0.105283,"safe_price":2785.9637999999995,"ft_order_side":"sell","order_filled_timestamp":1766087100000,"ft_is_entry":false,"ft_order_tag":"stop_loss","cost":293.75459869553305}],"funding_fees":0.0,"weekday":3},{"pair":"ETH/USDT","stake_amount":307.8069837,"max_stake_amount":307.8069837,"amount":0.106027,"open_date":"2025-12-19 03:45:00+00:00","close_date":"2025-12-19 11:30:00+00:00","open_rate":2903.1,"close_rate":2969.9716074111166,"fee_open":0.0015,"fee_close":0.0015,"trade_duration":465,"profit_ratio":0.019970044919625403,"profit_abs":6.15613967,"exit_reason":"roi","initial_stop_loss_abs":2699.883,"initial_stop_loss_ratio":-0.07,"stop_loss_abs":2699.883,"stop_loss_ratio":-0.07,"min_rate":2900.16,"max_rate":2984.6,"is_open":false,"enter_tag":"","leverage":1.0,"is_short":false,"open_timestamp":1766115900000,"close_timestamp":1766143800000,"orders":[{"amount":0.106027,"safe_price":2903.1,"ft_order_side":"buy","order_filled_timestamp":1766115900000,"ft_is_entry":true,"ft_order_tag":"","cost":308.26869417555},{"amount":0.106027,"safe_price":2969.9716074111166,"ft_order_side":"sell","order_filled_timestamp":1766143800000,"ft_is_entry":false,"ft_order_tag":"roi","cost":315.36952538840694}],"funding_fees":0.0,"weekday":4},{"pair":"ETH/USDT","stake_amount":309.83778488,"max_stake_amount":309.83778488,"amount":0.104497,"open_date":"2025-12-19 12:15:00+00:00","close_date":"2025-12-22 00:00:00+00:00","open_rate":2965.04,"close_rate":3033.338367551327,"fee_open":0.0015,"fee_close":0.0015,"trade_duration":3585,"profit_ratio":0.019970044940335482,"profit_abs":6.1967557,"exit_reason":"roi","initial_stop_loss_abs":2757.4871999999996,"initial_stop_loss_ratio":-0.07,"stop_loss_abs":2757.4871999999996,"stop_loss_ratio":-0.07,"min_rate":2935.3,"max_rate":3047.19,"is_open":false,"enter_tag":"","leverage":1.0,"is_short":false,"open_timestamp":1766146500000,"close_timestamp":1766361600000,"orders":[{"amount":0.104497,"safe_price":2965.04,"ft_order_side":"buy","order_filled_timestamp":1766146500000,"ft_is_entry":true,"ft_order_tag":"","cost":310.30254155732},{"amount":0.104497,"safe_price":3033.338367551327,"ft_order_side":"sell","order_filled_timestamp":1766361600000,"ft_is_entry":false,"ft_order_tag":"roi","cost":317.450221533102}],"funding_fees":0.0,"weekday":0},{"pair":"SOL/USDT","stake_amount":308.37678592,"max_stake_amount":308.37678592,"amount":2.493344,"open_date":"2025-12-25 16:00:00+00:00","close_date":"2025-12-29 00:15:00+00:00","open_rate":123.68,"close_rate":126.5289133700551,"fee_open":0.0015,"fee_close":0.0015,"trade_duration":4815,"profit_ratio":0.019970044937781786,"profit_abs":6.16753572,"exit_reason":"roi","initial_stop_loss_abs":115.0224,"initial_stop_loss_ratio":-0.07,"stop_loss_abs":115.0224,"stop_loss_ratio":-0.07,"min_rate":119.24,"max_rate":126.86,"is_open":false,"enter_tag":"","leverage":1.0,"is_short":false,"open_timestamp":1766678400000,"close_timestamp":1766967300000,"orders":[{"amount":2.493344,"safe_price":123.68,"ft_order_side":"buy","order_filled_timestamp":1766678400000,"ft_is_entry":true,"ft_order_tag":"","cost":308.83935109888006},{"amount":2.493344,"safe_price":126.5289133700551,"ft_order_side":"sell","order_filled_timestamp":1766967300000,"ft_is_entry":false,"ft_order_tag":"roi","cost":315.95332713821324}],"funding_fees":0.0,"weekday":0},{"pair":"SOL/USDT","stake_amount":313.91980368,"max_stake_amount":313.91980368,"amount":2.480403,"open_date":"2025-12-29 01:15:00+00:00","close_date":"2026-01-02 09:45:00+00:00","open_rate":126.56,"close_rate":129.475252879319,"fee_open":0.0015,"fee_close":0.0015,"trade_duration":6270,"profit_ratio":0.019970044921150377,"profit_abs":6.27839607,"exit_reason":"roi","initial_stop_loss_abs":117.7008,"initial_stop_loss_ratio":-0.07,"stop_loss_abs":117.7008,"stop_loss_ratio":-0.07,"min_rate":122.3,"max_rate":130.16,"is_open":false,"enter_tag":"","leverage":1.0,"is_short":false,"open_timestamp":1766970900000,"close_timestamp":1767347100000,"orders":[{"amount":2.480403,"safe_price":126.56,"ft_order_side":"buy","order_filled_timestamp":1766970900000,"ft_is_entry":true,"ft_order_tag":"","cost":314.39068338552},{"amount":2.480403,"safe_price":129.475252879319,"ft_order_side":"sell","order_filled_timestamp":1767347100000,"ft_is_entry":false,"ft_order_tag":"roi","cost":321.6325318761229}],"funding_fees":0.0,"weekday":4},{"pair":"DOGE/USDT","stake_amount":315.99169269,"max_stake_amount":315.99169269,"amount":2420.4649,"open_date":"2026-01-02 09:45:00+00:00","close_date":"2026-01-02 14:30:00+00:00","open_rate":0.13055,"close_rate":0.13355716074111168,"fee_open":0.0015,"fee_close":0.0015,"trade_duration":285,"profit_ratio":0.01997004492027749,"profit_abs":6.31983385,"exit_reason":"roi","initial_stop_loss_abs":0.12142,"initial_stop_loss_ratio":-0.07,"stop_loss_abs":0.12142,"stop_loss_ratio":-0.07,"min_rate":0.12852,"max_rate":0.13482,"is_open":false,"enter_tag":"","leverage":1.0,"is_short":false,"open_timestamp":1767347100000,"close_timestamp":1767364200000,"orders":[{"amount":2420.4649,"safe_price":0.13055,"ft_order_side":"buy","order_filled_timestamp":1767347100000,"ft_is_entry":true,"ft_order_tag":"","cost":316.4656802340425},{"amount":2420.4649,"safe_price":0.13355716074111168,"ft_order_side":"sell","order_filled_timestamp":1767364200000,"ft_is_entry":false,"ft_order_tag":"roi","cost":323.7553253470951}],"funding_fees":0.0,"weekday":4},{"pair":"ETH/USDT","stake_amount":311.88230575,"max_stake_amount":311.88230575,"amount":0.102925,"open_date":"2025-12-22 00:30:00+00:00","close_date":"2026-01-02 14:45:00+00:00","open_rate":3030.19,"close_rate":3099.9890686029044,"fee_open":0.0015,"fee_close":0.0015,"trade_duration":16695,"profit_ratio":0.019970044948608774,"profit_abs":6.23764612,"exit_reason":"roi","initial_stop_loss_abs":2818.0767,"initial_stop_loss_ratio":-0.07,"stop_loss_abs":2818.0767,"stop_loss_ratio":-0.07,"min_rate":2888.88,"max_rate":3109.54,"is_open":false,"enter_tag":"","leverage":1.0,"is_short":false,"open_timestamp":1766363400000,"close_timestamp":1767365100000,"orders":[{"amount":0.102925,"safe_price":3030.19,"ft_order_side":"buy","order_filled_timestamp":1766363400000,"ft_is_entry":true,"ft_order_tag":"","cost":312.350129208625},{"amount":0.102925,"safe_price":3099.9890686029044,"ft_order_side":"sell","order_filled_timestamp":1767365100000,"ft_is_entry":false,"ft_order_tag":"roi","cost":319.5449744482829}],"funding_fees":0.0,"weekday":4},{"pair":"BTC/USDT","stake_amount":315.39443418,"max_stake_amount":315.39443418,"amount":0.00355507,"open_date":"2025-12-17 15:45:00+00:00","close_date":"2026-01-02 16:30:00+00:00","open_rate":88716.8,"close_rate":90760.35172759139,"fee_open":0.0015,"fee_close":0.0015,"trade_duration":23085,"profit_ratio":0.019970044921457184,"profit_abs":6.30788868,"exit_reason":"roi","initial_stop_loss_abs":82506.624,"initial_stop_loss_ratio":-0.07,"stop_loss_abs":82506.624,"stop_loss_ratio":-0.07,"min_rate":84456.2,"max_rate":90818.0,"is_open":false,"enter_tag":"","leverage":1.0,"is_short":false,"open_timestamp":1765986300000,"close_timestamp":1767371400000,"orders":[{"amount":0.00355507,"safe_price":88716.8,"ft_order_side":"buy","order_filled_timestamp":1765986300000,"ft_is_entry":true,"ft_order_tag":"","cost":315.86752582726405},{"amount":0.00355507,"safe_price":90760.35172759139,"ft_order_side":"sell","order_filled_timestamp":1767371400000,"ft_is_entry":false,"ft_order_tag":"roi","cost":323.14339272163267}],"funding_fees":0.0,"weekday":4},{"pair":"DOGE/USDT","stake_amount":320.13566108,"max_stake_amount":320.13566108,"amount":2403.420879,"open_date":"2026-01-02 14:45:00+00:00","close_date":"2026-01-02 16:45:00+00:00","open_rate":0.1332,"close_rate":0.13760220330495745,"fee_open":0.0015,"fee_close":0.0015,"trade_duration":120,"profit_ratio":0.029955067391154055,"profit_abs":9.60406983,"exit_reason":"roi","initial_stop_loss_abs":0.12388,"initial_stop_loss_ratio":-0.07,"stop_loss_abs":0.13577,"stop_loss_ratio":-0.02,"min_rate":0.13265,"max_rate":0.13854,"is_open":false,"enter_tag":"","leverage":1.0,"is_short":false,"open_timestamp":1767365100000,"close_timestamp":1767372300000,"orders":[{"amount":2403.420879,"safe_price":0.1332,"ft_order_side":"buy","order_filled_timestamp":1767365100000,"ft_is_entry":true,"ft_order_tag":"","cost":320.6158645744242},{"amount":2403.420879,"safe_price":0.13760220330495745,"ft_order_side":"sell","order_filled_timestamp":1767372300000,"ft_is_entry":false,"ft_order_tag":"roi","cost":331.2120824321668}],"funding_fees":0.0,"weekday":4},{"pair":"ETH/USDT","stake_amount":320.13397636,"max_stake_amount":320.13397636,"amount":0.103858,"open_date":"2026-01-02 15:00:00+00:00","close_date":"2026-01-04 00:00:00+00:00","open_rate":3082.42,"close_rate":3153.422163244867,"fee_open":0.0015,"fee_close":0.0015,"trade_duration":1980,"profit_ratio":0.01997004494133434,"profit_abs":6.40267953,"exit_reason":"roi","initial_stop_loss_abs":2866.6506,"initial_stop_loss_ratio":-0.07,"stop_loss_abs":2866.6506,"stop_loss_ratio":-0.07,"min_rate":3055.05,"max_rate":3159.16,"is_open":false,"enter_tag":"","leverage":1.0,"is_short":false,"open_timestamp":1767366000000,"close_timestamp":1767484800000,"orders":[{"amount":0.103858,"safe_price":3082.42,"ft_order_side":"buy","order_filled_timestamp":1767366000000,"ft_is_entry":true,"ft_order_tag":"","cost":320.61417732454004},{"amount":0.103858,"safe_price":3153.422163244867,"ft_order_side":"sell","order_filled_timestamp":1767484800000,"ft_is_entry":false,"ft_order_tag":"roi","cost":327.99938120883087}],"funding_fees":0.0,"weekday":6},{"pair":"DOGE/USDT","stake_amount":325.38660744,"max_stake_amount":325.38660744,"amount":2281.173636,"open_date":"2026-01-03 13:00:00+00:00","close_date":"2026-01-04 00:15:00+00:00","open_rate":0.14264,"close_rate":0.14592564847270906,"fee_open":0.0015,"fee_close":0.0015,"trade_duration":675,"profit_ratio":0.019970044936342416,"profit_abs":6.50773215,"exit_reason":"roi","initial_stop_loss_abs":0.13266,"initial_stop_loss_ratio":-0.07,"stop_loss_abs":0.13266,"stop_loss_ratio":-0.07,"min_rate":0.14062,"max_rate":0.14593,"is_open":false,"enter_tag":"","leverage":1.0,"is_short":false,"open_timestamp":1767445200000,"close_timestamp":1767485700000,"orders":[{"amount":2281.173636,"safe_price":0.14264,"ft_order_side":"buy","order_filled_timestamp":1767445200000,"ft_is_entry":true,"ft_order_tag":"","cost":325.87468735019854},{"amount":2281.173636,"safe_price":0.14592564847270906,"ft_order_side":"sell","order_filled_timestamp":1767485700000,"ft_is_entry":false,"ft_order_tag":"roi","cost":333.3810647253158}],"funding_fees":0.0,"weekday":6},{"pair":"DOGE/USDT","stake_amount":329.64704319,"max_stake_amount":329.64704319,"amount":2279.401488,"open_date":"2026-01-04 00:30:00+00:00","close_date":"2026-01-04 03:30:00+00:00","open_rate":0.14462,"close_rate":0.14939962944416624,"fee_open":0.0015,"fee_close":0.0015,"trade_duration":180,"profit_ratio":0.029955067411512,"profit_abs":9.8894113,"exit_reason":"roi","initial_stop_loss_abs":0.1345,"initial_stop_loss_ratio":-0.07,"stop_loss_abs":0.14773,"stop_loss_ratio":-0.02,"min_rate":0.14459,"max_rate":0.15074,"is_open":false,"enter_tag":"","leverage":1.0,"is_short":false,"open_timestamp":1767486600000,"close_timestamp":1767497400000,"orders":[{"amount":2279.401488,"safe_price":0.14462,"ft_order_side":"buy","order_filled_timestamp":1767486600000,"ft_is_entry":true,"ft_order_tag":"","cost":330.1415137593519},{"amount":2279.401488,"safe_price":0.14939962944416624,"ft_order_side":"sell","order_filled_timestamp":1767497400000,"ft_is_entry":false,"ft_order_tag":"roi","cost":341.05255026817366}],"funding_fees":0.0,"weekday":6},{"pair":"BTC/USDT","stake_amount":325.3864247,"max_stake_amount":325.3864247,"amount":0.00361019,"open_date":"2026-01-02 16:45:00+00:00","close_date":"2026-01-05 00:45:00+00:00","open_rate":90130.0,"close_rate":92206.10415623436,"fee_open":0.0015,"fee_close":0.0015,"trade_duration":3360,"profit_ratio":0.019970044920326436,"profit_abs":6.50772849,"exit_reason":"roi","initial_stop_loss_abs":83820.9,"initial_stop_loss_ratio":-0.07,"stop_loss_abs":83820.9,"stop_loss_ratio":-0.07,"min_rate":89321.2,"max_rate":92423.1,"is_open":false,"enter_tag":"","leverage":1.0,"is_short":false,"open_timestamp":1767372300000,"close_timestamp":1767573900000,"orders":[{"amount":0.00361019,"safe_price":90130.0,"ft_order_side":"buy","order_filled_timestamp":1767372300000,"ft_is_entry":true,"ft_order_tag":"","cost":325.87450433705004},{"amount":0.00361019,"safe_price":92206.10415623436,"ft_order_side":"sell","order_filled_timestamp":1767573900000,"ft_is_entry":false,"ft_order_tag":"roi","cost":333.3808774965414}],"funding_fees":0.0,"weekday":0},{"pair":"ETH/USDT","stake_amount":329.64549225,"max_stake_amount":329.64549225,"amount":0.104991,"open_date":"2026-01-04 00:30:00+00:00","close_date":"2026-01-05 01:30:00+00:00","open_rate":3139.75,"close_rate":3212.0727341011516,"fee_open":0.0015,"fee_close":0.0015,"trade_duration":1500,"profit_ratio":0.01997004494774619,"profit_abs":6.59290985,"exit_reason":"roi","initial_stop_loss_abs":2919.9674999999997,"initial_stop_loss_ratio":-0.07,"stop_loss_abs":2919.9674999999997,"stop_loss_ratio":-0.07,"min_rate":3118.2,"max_rate":3222.0,"is_open":false,"enter_tag":"","leverage":1.0,"is_short":false,"open_timestamp":1767486600000,"close_timestamp":1767576600000,"orders":[{"amount":0.104991,"safe_price":3139.75,"ft_order_side":"buy","order_filled_timestamp":1767486600000,"ft_is_entry":true,"ft_order_tag":"","cost":330.13996048837504},{"amount":0.104991,"safe_price":3212.0727341011516,"ft_order_side":"sell","order_filled_timestamp":1767576600000,"ft_is_entry":false,"ft_order_tag":"roi","cost":337.744586518653}],"funding_fees":0.0,"weekday":0},{"pair":"ETH/USDT","stake_amount":337.23117445,"max_stake_amount":337.23117445,"amount":0.105449,"open_date":"2026-01-05 02:00:00+00:00","close_date":"2026-01-06 14:00:00+00:00","open_rate":3198.05,"close_rate":3271.7156484727093,"fee_open":0.0015,"fee_close":0.0015,"trade_duration":2160,"profit_ratio":0.01997004493556198,"profit_abs":6.74462349,"exit_reason":"roi","initial_stop_loss_abs":2974.1865,"initial_stop_loss_ratio":-0.07,"stop_loss_abs":2974.1865,"stop_loss_ratio":-0.07,"min_rate":3135.23,"max_rate":3284.24,"is_open":false,"enter_tag":"","leverage":1.0,"is_short":false,"open_timestamp":1767578400000,"close_timestamp":1767708000000,"orders":[{"amount":0.105449,"safe_price":3198.05,"ft_order_side":"buy","order_filled_timestamp":1767578400000,"ft_is_entry":true,"ft_order_tag":"","cost":337.737021211675},{"amount":0.105449,"safe_price":3271.7156484727093,"ft_order_side":"sell","order_filled_timestamp":1767708000000,"ft_is_entry":false,"ft_order_tag":"roi","cost":345.51664213092243}],"funding_fees":0.0,"weekday":1},{"pair":"DOGE/USDT","stake_amount":332.91054902,"max_stake_amount":332.91054902,"amount":2194.098392,"open_date":"2026-01-04 09:30:00+00:00","close_date":"2026-01-06 14:15:00+00:00","open_rate":0.15173,"close_rate":0.15522503254882322,"fee_open":0.0015,"fee_close":0.0015,"trade_duration":3165,"profit_ratio":0.01997004493151175,"profit_abs":6.65821098,"exit_reason":"roi","initial_stop_loss_abs":0.14111,"initial_stop_loss_ratio":-0.07,"stop_loss_abs":0.14111,"stop_loss_ratio":-0.07,"min_rate":0.14587,"max_rate":0.15662,"is_open":false,"enter_tag":"","leverage":1.0,"is_short":false,"open_timestamp":1767519000000,"close_timestamp":1767708900000,"orders":[{"amount":2194.098392,"safe_price":0.15173,"ft_order_side":"buy","order_filled_timestamp":1767519000000,"ft_is_entry":true,"ft_order_tag":"","cost":333.4099148416873},{"amount":2194.098392,"safe_price":0.15522503254882322,"ft_order_side":"sell","order_filled_timestamp":1767708900000,"ft_is_entry":false,"ft_order_tag":"roi","cost":341.089862804991}],"funding_fees":0.0,"weekday":1},{"pair":"ETH/USDT","stake_amount":341.65597884,"max_stake_amount":341.65597884,"amount":0.103802,"open_date":"2026-01-06 14:45:00+00:00","close_date":"2026-01-08 14:30:00+00:00","open_rate":3291.42,"close_rate":3061.0206,"fee_open":0.0015,"fee_close":0.0015,"trade_duration":2865,"profit_ratio":-0.07278582127528203,"profit_abs":-24.90501258,"exit_reason":"stop_loss","initial_stop_loss_abs":3061.0206,"initial_stop_loss_ratio":-0.07,"stop_loss_abs":3061.0206,"stop_loss_ratio":-0.07,"min_rate":3058.0,"max_rate":3302.3,"is_open":false,"enter_tag":"","leverage":1.0,"is_short":false,"open_timestamp":1767710700000,"close_timestamp":1767882600000,"orders":[{"amount":0.103802,"safe_price":3291.42,"ft_order_side":"buy","order_filled_timestamp":1767710700000,"ft_is_entry":true,"ft_order_tag":"","cost":342.1684628082601},{"amount":0.103802,"safe_price":3061.0206,"ft_order_side":"sell","order_filled_timestamp":1767882600000,"ft_is_entry":false,"ft_order_tag":"stop_loss","cost":318.21667041168183}],"funding_fees":0.0,"weekday":3},{"pair":"SOL/USDT","stake_amount":341.6565712,"max_stake_amount":341.6565712,"amount":2.42344,"open_date":"2026-01-06 14:15:00+00:00","close_date":"2026-01-12 03:15:00+00:00","open_rate":140.98,"close_rate":144.22741111667503,"fee_open":0.0015,"fee_close":0.0015,"trade_duration":7980,"profit_ratio":0.019970044920910972,"profit_abs":6.83313142,"exit_reason":"roi","initial_stop_loss_abs":131.11139999999997,"initial_stop_loss_ratio":-0.07,"stop_loss_abs":131.11139999999997,"stop_loss_ratio":-0.07,"min_rate":132.69,"max_rate":144.38,"is_open":false,"enter_tag":"","leverage":1.0,"is_short":false,"open_timestamp":1767708900000,"close_timestamp":1768187700000,"orders":[{"amount":2.42344,"safe_price":140.98,"ft_order_side":"buy","order_filled_timestamp":1767708900000,"ft_is_entry":true,"ft_order_tag":"","cost":342.1690560568},{"amount":2.42344,"safe_price":144.22741111667503,"ft_order_side":"sell","order_filled_timestamp":1768187700000,"ft_is_entry":false,"ft_order_tag":"roi","cost":350.0507669123898}],"funding_fees":0.0,"weekday":0},{"pair":"BTC/USDT","stake_amount":337.23331982,"max_stake_amount":337.23331982,"amount":0.00362535,"open_date":"2026-01-05 03:15:00+00:00","close_date":"2026-01-13 22:00:00+00:00","open_rate":93020.9,"close_rate":95163.59474211317,"fee_open":0.0015,"fee_close":0.0015,"trade_duration":12645,"profit_ratio":0.0199700449435563,"profit_abs":6.7446664,"exit_reason":"roi","initial_stop_loss_abs":86509.43699999999,"initial_stop_loss_ratio":-0.07,"stop_loss_abs":94612.14,"stop_loss_ratio":-0.02,"min_rate":89327.8,"max_rate":96543.0,"is_open":false,"enter_tag":"","leverage":1.0,"is_short":false,"open_timestamp":1767582900000,"close_timestamp":1768341600000,"orders":[{"amount":0.00362535,"safe_price":93020.9,"ft_order_side":"buy","order_filled_timestamp":1767582900000,"ft_is_entry":true,"ft_order_tag":"","cost":337.7391697947225},{"amount":0.00362535,"safe_price":95163.59474211317,"ft_order_side":"sell","order_filled_timestamp":1768341600000,"ft_is_entry":false,"ft_order_tag":"roi","cost":345.51884020561744}],"funding_fees":0.0,"weekday":1},{"pair":"DOGE/USDT","stake_amount":321.42423167,"max_stake_amount":321.42423167,"amount":2257.35116,"open_date":"2026-01-08 17:15:00+00:00","close_date":"2026-01-13 22:00:00+00:00","open_rate":0.14239,"close_rate":0.14566988983475213,"fee_open":0.0015,"fee_close":0.0015,"trade_duration":7485,"profit_ratio":0.019970044921889907,"profit_abs":6.42848463,"exit_reason":"roi","initial_stop_loss_abs":0.13243,"initial_stop_loss_ratio":-0.07,"stop_loss_abs":0.14728,"stop_loss_ratio":-0.02,"min_rate":0.13495,"max_rate":0.15028,"is_open":false,"enter_tag":"","leverage":1.0,"is_short":false,"open_timestamp":1767892500000,"close_timestamp":1768341600000,"orders":[{"amount":2257.35116,"safe_price":0.14239,"ft_order_side":"buy","order_filled_timestamp":1767892500000,"ft_is_entry":true,"ft_order_tag":"","cost":321.90636801990865},{"amount":2257.35116,"safe_price":0.14566988983475213,"ft_order_side":"sell","order_filled_timestamp":1768341600000,"ft_is_entry":false,"ft_order_tag":"roi","cost":329.3213369377433}],"funding_fees":0.0,"weekday":1},{"pair":"ETH/USDT","stake_amount":335.69231263,"max_stake_amount":335.69231263,"amount":0.105913,"open_date":"2026-01-12 03:15:00+00:00","close_date":"2026-01-13 22:00:00+00:00","open_rate":3169.51,"close_rate":3242.518242363545,"fee_open":0.0015,"fee_close":0.0015,"trade_duration":2565,"profit_ratio":0.019970044924867508,"profit_abs":6.71384625,"exit_reason":"roi","initial_stop_loss_abs":2947.6443,"initial_stop_loss_ratio":-0.07,"stop_loss_abs":3312.4,"stop_loss_ratio":-0.02,"min_rate":3066.0,"max_rate":3380.0,"is_open":false,"enter_tag":"","leverage":1.0,"is_short":false,"open_timestamp":1768187700000,"close_timestamp":1768341600000,"orders":[{"amount":0.105913,"safe_price":3169.51,"ft_order_side":"buy","order_filled_timestamp":1768187700000,"ft_is_entry":true,"ft_order_tag":"","cost":336.195851098945},{"amount":0.105913,"safe_price":3242.518242363545,"ft_order_side":"sell","order_filled_timestamp":1768341600000,"ft_is_entry":false,"ft_order_tag":"roi","cost":343.9399718553553}],"funding_fees":0.0,"weekday":1},{"pair":"BTC/USDT","stake_amount":342.25500387,"max_stake_amount":342.25500387,"amount":0.00359039,"open_date":"2026-01-13 22:30:00+00:00","close_date":"2026-01-14 16:30:00+00:00","open_rate":95325.3,"close_rate":97521.07556334502,"fee_open":0.0015,"fee_close":0.0015,"trade_duration":1080,"profit_ratio":0.01997004494036144,"profit_abs":6.84510008,"exit_reason":"roi","initial_stop_loss_abs":88652.529,"initial_stop_loss_ratio":-0.07,"stop_loss_abs":88652.529,"stop_loss_ratio":-0.07,"min_rate":94521.7,"max_rate":97535.1,"is_open":false,"enter_tag":"","leverage":1.0,"is_short":false,"open_timestamp":1768343400000,"close_timestamp":1768408200000,"orders":[{"amount":0.00359039,"safe_price":95325.3,"ft_order_side":"buy","order_filled_timestamp":1768343400000,"ft_is_entry":true,"ft_order_tag":"","cost":342.76838637280053},{"amount":0.00359039,"safe_price":97521.07556334502,"ft_order_side":"sell","order_filled_timestamp":1768408200000,"ft_is_entry":false,"ft_order_tag":"roi","cost":350.6639025336161}],"funding_fees":0.0,"weekday":2},{"pair":"DOGE/USDT","stake_amount":342.25568335,"max_stake_amount":342.25568335,"amount":2312.538401,"open_date":"2026-01-13 23:45:00+00:00","close_date":"2026-01-16 11:30:00+00:00","open_rate":0.148,"close_rate":0.13764,"fee_open":0.0015,"fee_close":0.0015,"trade_duration":3585,"profit_ratio":-0.07278582127494661,"profit_abs":-24.94872804,"exit_reason":"stop_loss","initial_stop_loss_abs":0.13764,"initial_stop_loss_ratio":-0.07,"stop_loss_abs":0.13764,"stop_loss_ratio":-0.07,"min_rate":0.13738,"max_rate":0.1513,"is_open":false,"enter_tag":"","leverage":1.0,"is_short":false,"open_timestamp":1768347900000,"close_timestamp":1768563000000,"orders":[{"amount":2312.538401,"safe_price":0.148,"ft_order_side":"buy","order_filled_timestamp":1768347900000,"ft_is_entry":true,"ft_order_tag":"","cost":342.7690668730219},{"amount":2312.538401,"safe_price":0.13764,"ft_order_side":"sell","order_filled_timestamp":1768563000000,"ft_is_entry":false,"ft_order_tag":"stop_loss","cost":318.7752321919105}],"funding_fees":0.0,"weekday":4},{"pair":"SOL/USDT","stake_amount":342.25556827,"max_stake_amount":342.25556827,"amount":2.327161,"open_date":"2026-01-13 22:15:00+00:00","close_date":"2026-01-19 00:00:00+00:00","open_rate":147.07,"close_rate":136.77509999999998,"fee_open":0.0015,"fee_close":0.0015,"trade_duration":7305,"profit_ratio":-0.07278582127089377,"profit_abs":-24.94871965,"exit_reason":"stop_loss","initial_stop_loss_abs":136.77509999999998,"initial_stop_loss_ratio":-0.07,"stop_loss_abs":136.77509999999998,"stop_loss_ratio":-0.07,"min_rate":130.0,"max_rate":148.42,"is_open":false,"enter_tag":"","leverage":1.0,"is_short":false,"open_timestamp":1768342500000,"close_timestamp":1768780800000,"orders":[{"amount":2.327161,"safe_price":147.07,"ft_order_side":"buy","order_filled_timestamp":1768342500000,"ft_is_entry":true,"ft_order_tag":"","cost":342.768951622405},{"amount":2.327161,"safe_price":136.77509999999998,"ft_order_side":"sell","order_filled_timestamp":1768780800000,"ft_is_entry":false,"ft_order_tag":"stop_loss","cost":318.7751250088366}],"funding_fees":0.0,"weekday":0},{"pair":"ETH/USDT","stake_amount":322.07361687,"max_stake_amount":322.07361687,"amount":0.097233,"open_date":"2026-01-16 12:45:00+00:00","close_date":"2026-01-20 13:30:00+00:00","open_rate":3312.39,"close_rate":3080.5226999999995,"fee_open":0.0015,"fee_close":0.0015,"trade_duration":5805,"profit_ratio":-0.07278582126270763,"profit_abs":-23.4775563,"exit_reason":"stop_loss","initial_stop_loss_abs":3080.5226999999995,"initial_stop_loss_ratio":-0.07,"stop_loss_abs":3080.5226999999995,"stop_loss_ratio":-0.07,"min_rate":3073.61,"max_rate":3369.0,"is_open":false,"enter_tag":"","leverage":1.0,"is_short":false,"open_timestamp":1768567500000,"close_timestamp":1768915800000,"orders":[{"amount":0.097233,"safe_price":3312.39,"ft_order_side":"buy","order_filled_timestamp":1768567500000,"ft_is_entry":true,"ft_order_tag":"","cost":322.556727295305},{"amount":0.097233,"safe_price":3080.5226999999995,"ft_order_side":"sell","order_filled_timestamp":1768915800000,"ft_is_entry":false,"ft_order_tag":"stop_loss","cost":299.9777563846336}],"funding_fees":0.0,"weekday":1},{"pair":"BTC/USDT","stake_amount":344.51417511,"max_stake_amount":344.51417511,"amount":0.00353337,"open_date":"2026-01-14 16:45:00+00:00","close_date":"2026-01-20 14:30:00+00:00","open_rate":97503.0,"close_rate":90677.79,"fee_open":0.0015,"fee_close":0.0015,"trade_duration":8505,"profit_ratio":-0.07278582125463978,"profit_abs":-25.11336079,"exit_reason":"stop_loss","initial_stop_loss_abs":90677.79,"initial_stop_loss_ratio":-0.07,"stop_loss_abs":90677.79,"stop_loss_ratio":-0.07,"min_rate":90670.0,"max_rate":97925.4,"is_open":false,"enter_tag":"","leverage":1.0,"is_short":false,"open_timestamp":1768409100000,"close_timestamp":1768919400000,"orders":[{"amount":0.00353337,"safe_price":97503.0,"ft_order_side":"buy","order_filled_timestamp":1768409100000,"ft_is_entry":true,"ft_order_tag":"","cost":345.030946372665},{"amount":0.00353337,"safe_price":90677.79,"ft_order_side":"sell","order_filled_timestamp":1768919400000,"ft_is_entry":false,"ft_order_tag":"stop_loss","cost":320.8787801265785}],"funding_fees":0.0,"weekday":1},{"pair":"ETH/USDT","stake_amount":312.01320404,"max_stake_amount":312.01320404,"amount":0.104828,"open_date":"2026-01-21 14:45:00+00:00","close_date":"2026-01-21 19:45:00+00:00","open_rate":2976.43,"close_rate":3044.9907310966446,"fee_open":0.0015,"fee_close":0.0015,"trade_duration":300,"profit_ratio":0.019970044930040946,"profit_abs":6.24026408,"exit_reason":"roi","initial_stop_loss_abs":2768.0798999999997,"initial_stop_loss_ratio":-0.07,"stop_loss_abs":2768.0798999999997,"stop_loss_ratio":-0.07,"min_rate":2866.36,"max_rate":3069.5,"is_open":false,"enter_tag":"","leverage":1.0,"is_short":false,"open_timestamp":1769006700000,"close_timestamp":1769024700000,"orders":[{"amount":0.104828,"safe_price":2976.43,"ft_order_side":"buy","order_filled_timestamp":1769006700000,"ft_is_entry":true,"ft_order_tag":"","cost":312.48122384606},{"amount":0.104828,"safe_price":3044.9907310966446,"ft_order_side":"sell","order_filled_timestamp":1769024700000,"ft_is_entry":false,"ft_order_tag":"roi","cost":319.67908879193817}],"funding_fees":0.0,"weekday":2},{"pair":"DOGE/USDT","stake_amount":312.013406,"max_stake_amount":312.013406,"amount":2486.360714,"open_date":"2026-01-21 14:45:00+00:00","close_date":"2026-01-21 21:15:00+00:00","open_rate":0.12549,"close_rate":0.1283806059088633,"fee_open":0.0015,"fee_close":0.0015,"trade_duration":390,"profit_ratio":0.019970044932610058,"profit_abs":6.24026812,"exit_reason":"roi","initial_stop_loss_abs":0.11671,"initial_stop_loss_ratio":-0.07,"stop_loss_abs":0.11671,"stop_loss_ratio":-0.07,"min_rate":0.12028,"max_rate":0.1287,"is_open":false,"enter_tag":"","leverage":1.0,"is_short":false,"open_timestamp":1769006700000,"close_timestamp":1769030100000,"orders":[{"amount":2486.360714,"safe_price":0.12549,"ft_order_side":"buy","order_filled_timestamp":1769006700000,"ft_is_entry":true,"ft_order_tag":"","cost":312.48142610885975},{"amount":2486.360714,"safe_price":0.1283806059088633,"ft_order_side":"sell","order_filled_timestamp":1769030100000,"ft_is_entry":false,"ft_order_tag":"roi","cost":319.67929571377095}],"funding_fees":0.0,"weekday":2},{"pair":"ETH/USDT","stake_amount":316.13044125,"max_stake_amount":316.13044125,"amount":0.106307,"open_date":"2026-01-27 16:15:00+00:00","close_date":"2026-01-28 11:45:00+00:00","open_rate":2973.75,"close_rate":3042.2489984977465,"fee_open":0.0015,"fee_close":0.0015,"trade_duration":1170,"profit_ratio":0.01997004491680853,"profit_abs":6.32260882,"exit_reason":"roi","initial_stop_loss_abs":2765.5874999999996,"initial_stop_loss_ratio":-0.07,"stop_loss_abs":2765.5874999999996,"stop_loss_ratio":-0.07,"min_rate":2918.31,"max_rate":3045.79,"is_open":false,"enter_tag":"","leverage":1.0,"is_short":false,"open_timestamp":1769530500000,"close_timestamp":1769600700000,"orders":[{"amount":0.106307,"safe_price":2973.75,"ft_order_side":"buy","order_filled_timestamp":1769530500000,"ft_is_entry":true,"ft_order_tag":"","cost":316.604636911875},{"amount":0.106307,"safe_price":3042.2489984977465,"ft_order_side":"sell","order_filled_timestamp":1769600700000,"ft_is_entry":false,"ft_order_tag":"roi","cost":323.89748282972494}],"funding_fees":0.0,"weekday":2},{"pair":"SOL/USDT","stake_amount":316.13192016,"max_stake_amount":316.13192016,"amount":2.500648,"open_date":"2026-01-27 16:15:00+00:00","close_date":"2026-01-29 15:00:00+00:00","open_rate":126.42,"close_rate":117.5706,"fee_open":0.0015,"fee_close":0.0015,"trade_duration":2805,"profit_ratio":-0.07278582126789823,"profit_abs":-23.04443632,"exit_reason":"stop_loss","initial_stop_loss_abs":117.5706,"initial_stop_loss_ratio":-0.07,"stop_loss_abs":117.5706,"stop_loss_ratio":-0.07,"min_rate":117.36,"max_rate":128.33,"is_open":false,"enter_tag":"","leverage":1.0,"is_short":false,"open_timestamp":1769530500000,"close_timestamp":1769698800000,"orders":[{"amount":2.500648,"safe_price":126.42,"ft_order_side":"buy","order_filled_timestamp":1769530500000,"ft_is_entry":true,"ft_order_tag":"","cost":316.60611804024},{"amount":2.500648,"safe_price":117.5706,"ft_order_side":"sell","order_filled_timestamp":1769698800000,"ft_is_entry":false,"ft_order_tag":"stop_loss","cost":294.44368977742323}],"funding_fees":0.0,"weekday":3},{"pair":"ETH/USDT","stake_amount":318.21643023,"max_stake_amount":318.21643023,"amount":0.104683,"open_date":"2026-01-28 12:00:00+00:00","close_date":"2026-01-29 15:00:00+00:00","open_rate":3039.81,"close_rate":2827.0233,"fee_open":0.0015,"fee_close":0.0015,"trade_duration":1620,"profit_ratio":-0.07278582126302763,"profit_abs":-23.19638668,"exit_reason":"stop_loss","initial_stop_loss_abs":2827.0233,"initial_stop_loss_ratio":-0.07,"stop_loss_abs":2827.0233,"stop_loss_ratio":-0.07,"min_rate":2812.54,"max_rate":3046.0,"is_open":false,"enter_tag":"","leverage":1.0,"is_short":false,"open_timestamp":1769601600000,"close_timestamp":1769698800000,"orders":[{"amount":0.104683,"safe_price":3039.81,"ft_order_side":"buy","order_filled_timestamp":1769601600000,"ft_is_entry":true,"ft_order_tag":"","cost":318.693754875345},{"amount":0.104683,"safe_price":2827.0233,"ft_order_side":"sell","order_filled_timestamp":1769698800000,"ft_is_entry":false,"ft_order_tag":"stop_loss","cost":296.3851920340708}],"funding_fees":0.0,"weekday":3},{"pair":"BTC/USDT","stake_amount":312.0131975,"max_stake_amount":312.0131975,"amount":0.00348257,"open_date":"2026-01-21 14:30:00+00:00","close_date":"2026-01-30 01:30:00+00:00","open_rate":89592.8,"close_rate":83321.304,"fee_open":0.0015,"fee_close":0.0015,"trade_duration":12180,"profit_ratio":-0.07278582126339062,"profit_abs":-22.74420203,"exit_reason":"stop_loss","initial_stop_loss_abs":83321.304,"initial_stop_loss_ratio":-0.07,"stop_loss_abs":83321.304,"stop_loss_ratio":-0.07,"min_rate":81010.0,"max_rate":91222.0,"is_open":false,"enter_tag":"","leverage":1.0,"is_short":false,"open_timestamp":1769005800000,"close_timestamp":1769736600000,"orders":[{"amount":0.00348257,"safe_price":89592.8,"ft_order_side":"buy","order_filled_timestamp":1769005800000,"ft_is_entry":true,"ft_order_tag":"","cost":312.481217292244},{"amount":0.00348257,"safe_price":83321.304,"ft_order_side":"sell","order_filled_timestamp":1769736600000,"ft_is_entry":false,"ft_order_tag":"stop_loss","cost":290.6075320817869}],"funding_fees":0.0,"weekday":4},{"pair":"DOGE/USDT","stake_amount":295.45338432,"max_stake_amount":295.45338432,"amount":3210.402959,"open_date":"2026-02-11 14:15:00+00:00","close_date":"2026-02-12 11:00:00+00:00","open_rate":0.09203,"close_rate":0.09414986980470706,"fee_open":0.0015,"fee_close":0.0015,"trade_duration":1245,"profit_ratio":0.01997004494498583,"profit_abs":5.90906769,"exit_reason":"roi","initial_stop_loss_abs":0.08559,"initial_stop_loss_ratio":-0.07,"stop_loss_abs":0.08559,"stop_loss_ratio":-0.07,"min_rate":0.08788,"max_rate":0.09424,"is_open":false,"enter_tag":"","leverage":1.0,"is_short":false,"open_timestamp":1770819300000,"close_timestamp":1770894000000,"orders":[{"amount":3210.402959,"safe_price":0.09203,"ft_order_side":"buy","order_filled_timestamp":1770819300000,"ft_is_entry":true,"ft_order_tag":"","cost":295.89656439324517},{"amount":3210.402959,"safe_price":0.09414986980470706,"ft_order_side":"sell","order_filled_timestamp":1770894000000,"ft_is_entry":false,"ft_order_tag":"roi","cost":302.7124091414121}],"funding_fees":0.0,"weekday":3},{"pair":"DOGE/USDT","stake_amount":297.40337664,"max_stake_amount":297.40337664,"amount":3173.318146,"open_date":"2026-02-12 11:15:00+00:00","close_date":"2026-02-13 15:15:00+00:00","open_rate":0.09372,"close_rate":0.09587879819729593,"fee_open":0.0015,"fee_close":0.0015,"trade_duration":1680,"profit_ratio":0.019970044922990877,"profit_abs":5.94806753,"exit_reason":"roi","initial_stop_loss_abs":0.08716,"initial_stop_loss_ratio":-0.07,"stop_loss_abs":0.08716,"stop_loss_ratio":-0.07,"min_rate":0.09071,"max_rate":0.0961,"is_open":false,"enter_tag":"","leverage":1.0,"is_short":false,"open_timestamp":1770894900000,"close_timestamp":1770995700000,"orders":[{"amount":3173.318146,"safe_price":0.09372,"ft_order_side":"buy","order_filled_timestamp":1770894900000,"ft_is_entry":true,"ft_order_tag":"","cost":297.8494817080847},{"amount":3173.318146,"safe_price":0.09587879819729593,"ft_order_side":"sell","order_filled_timestamp":1770995700000,"ft_is_entry":false,"ft_order_tag":"roi","cost":304.7103110313555}],"funding_fees":0.0,"weekday":4},{"pair":"ETH/USDT","stake_amount":295.451415,"max_stake_amount":295.451415,"amount":0.147475,"open_date":"2026-02-11 14:15:00+00:00","close_date":"2026-02-13 15:30:00+00:00","open_rate":2003.4,"close_rate":2049.547421131698,"fee_open":0.0015,"fee_close":0.0015,"trade_duration":2955,"profit_ratio":0.0199700449326011,"profit_abs":5.9090283,"exit_reason":"roi","initial_stop_loss_abs":1863.162,"initial_stop_loss_ratio":-0.07,"stop_loss_abs":1863.162,"stop_loss_ratio":-0.07,"min_rate":1896.4,"max_rate":2050.58,"is_open":false,"enter_tag":"","leverage":1.0,"is_short":false,"open_timestamp":1770819300000,"close_timestamp":1770996600000,"orders":[{"amount":0.147475,"safe_price":2003.4,"ft_order_side":"buy","order_filled_timestamp":1770819300000,"ft_is_entry":true,"ft_order_tag":"","cost":295.8945921225},{"amount":0.147475,"safe_price":2049.547421131698,"ft_order_side":"sell","order_filled_timestamp":1770996600000,"ft_is_entry":false,"ft_order_tag":"roi","cost":302.71039144029425}],"funding_fees":0.0,"weekday":4},{"pair":"DOGE/USDT","stake_amount":301.31621827,"max_stake_amount":301.31621827,"amount":3138.710607,"open_date":"2026-02-13 15:30:00+00:00","close_date":"2026-02-14 09:45:00+00:00","open_rate":0.096,"close_rate":0.0982113169754632,"fee_open":0.0015,"fee_close":0.0015,"trade_duration":1095,"profit_ratio":0.019970044947712037,"profit_abs":6.02632437,"exit_reason":"roi","initial_stop_loss_abs":0.08928,"initial_stop_loss_ratio":-0.07,"stop_loss_abs":0.08928,"stop_loss_ratio":-0.07,"min_rate":0.09498,"max_rate":0.09835,"is_open":false,"enter_tag":"","leverage":1.0,"is_short":false,"open_timestamp":1770996600000,"close_timestamp":1771062300000,"orders":[{"amount":3138.710607,"safe_price":0.096,"ft_order_side":"buy","order_filled_timestamp":1770996600000,"ft_is_entry":true,"ft_order_tag":"","cost":301.76819259940805},{"amount":3138.710607,"safe_price":0.0982113169754632,"ft_order_side":"sell","order_filled_timestamp":1771062300000,"ft_is_entry":false,"ft_order_tag":"roi","cost":308.719287671803}],"funding_fees":0.0,"weekday":5},{"pair":"BTC/USDT","stake_amount":295.4527885,"max_stake_amount":295.4527885,"amount":0.00431633,"open_date":"2026-02-11 14:15:00+00:00","close_date":"2026-02-14 11:00:00+00:00","open_rate":68450.0,"close_rate":70026.71507260892,"fee_open":0.0015,"fee_close":0.0015,"trade_duration":4125,"profit_ratio":0.0199700449326011,"profit_abs":5.90905577,"exit_reason":"roi","initial_stop_loss_abs":63658.49999999999,"initial_stop_loss_ratio":-0.07,"stop_loss_abs":63658.49999999999,"stop_loss_ratio":-0.07,"min_rate":65120.1,"max_rate":70179.0,"is_open":false,"enter_tag":"","leverage":1.0,"is_short":false,"open_timestamp":1770819300000,"close_timestamp":1771066800000,"orders":[{"amount":0.00431633,"safe_price":68450.0,"ft_order_side":"buy","order_filled_timestamp":1770819300000,"ft_is_entry":true,"ft_order_tag":"","cost":295.89596768275004},{"amount":0.00431633,"safe_price":70026.71507260892,"ft_order_side":"sell","order_filled_timestamp":1771066800000,"ft_is_entry":false,"ft_order_tag":"roi","cost":302.7117986859581}],"funding_fees":0.0,"weekday":5},{"pair":"ETH/USDT","stake_amount":301.31558234,"max_stake_amount":301.31558234,"amount":0.146642,"open_date":"2026-02-13 19:30:00+00:00","close_date":"2026-02-14 11:15:00+00:00","open_rate":2054.77,"close_rate":2102.1007060590887,"fee_open":0.0015,"fee_close":0.0015,"trade_duration":945,"profit_ratio":0.019970044943205287,"profit_abs":6.02631165,"exit_reason":"roi","initial_stop_loss_abs":1910.9361,"initial_stop_loss_ratio":-0.07,"stop_loss_abs":1910.9361,"stop_loss_ratio":-0.07,"min_rate":2038.75,"max_rate":2107.95,"is_open":false,"enter_tag":"","leverage":1.0,"is_short":false,"open_timestamp":1771011000000,"close_timestamp":1771067700000,"orders":[{"amount":0.146642,"safe_price":2054.77,"ft_order_side":"buy","order_filled_timestamp":1771011000000,"ft_is_entry":true,"ft_order_tag":"","cost":301.76755571351003},{"amount":0.146642,"safe_price":2102.1007060590887,"ft_order_side":"sell","order_filled_timestamp":1771067700000,"ft_is_entry":false,"ft_order_tag":"roi","cost":308.7186361155238}],"funding_fees":0.0,"weekday":5},{"pair":"DOGE/USDT","stake_amount":303.30490528,"max_stake_amount":303.30490528,"amount":3095.579764,"open_date":"2026-02-14 10:15:00+00:00","close_date":"2026-02-14 14:15:00+00:00","open_rate":0.09798,"close_rate":0.10069,"fee_open":0.0015,"fee_close":0.0015,"trade_duration":240,"profit_ratio":0.024580347269187428,"profit_abs":7.46652291,"exit_reason":"roi","initial_stop_loss_abs":0.09113,"initial_stop_loss_ratio":-0.07,"stop_loss_abs":0.09113,"stop_loss_ratio":-0.07,"min_rate":0.0979,"max_rate":0.10121,"is_open":false,"enter_tag":"","leverage":1.0,"is_short":false,"open_timestamp":1771064100000,"close_timestamp":1771078500000,"orders":[{"amount":3095.579764,"safe_price":0.09798,"ft_order_side":"buy","order_filled_timestamp":1771064100000,"ft_is_entry":true,"ft_order_tag":"","cost":303.75986263463506},{"amount":3095.579764,"safe_price":0.10069,"ft_order_side":"sell","order_filled_timestamp":1771078500000,"ft_is_entry":false,"ft_order_tag":"roi","cost":312.1614673268158}],"funding_fees":0.0,"weekday":5},{"pair":"DOGE/USDT","stake_amount":309.70752913,"max_stake_amount":309.70752913,"amount":3005.701952,"open_date":"2026-02-14 16:30:00+00:00","close_date":"2026-02-14 18:30:00+00:00","open_rate":0.10304,"close_rate":0.1068,"fee_open":0.0015,"fee_close":0.0015,"trade_duration":120,"profit_ratio":0.0333858683923436,"profit_abs":10.35536459,"exit_reason":"roi","initial_stop_loss_abs":0.09583,"initial_stop_loss_ratio":-0.07,"stop_loss_abs":0.10528,"stop_loss_ratio":-0.02,"min_rate":0.10247,"max_rate":0.10742,"is_open":false,"enter_tag":"","leverage":1.0,"is_short":false,"open_timestamp":1771086600000,"close_timestamp":1771093800000,"orders":[{"amount":3005.701952,"safe_price":0.10304,"ft_order_side":"buy","order_filled_timestamp":1771086600000,"ft_is_entry":true,"ft_order_tag":"","cost":310.17209042778114},{"amount":3005.701952,"safe_price":0.1068,"ft_order_side":"sell","order_filled_timestamp":1771093800000,"ft_is_entry":false,"ft_order_tag":"roi","cost":321.49048192631045}],"funding_fees":0.0,"weekday":5},{"pair":"DOGE/USDT","stake_amount":313.12479937,"max_stake_amount":313.12479937,"amount":2828.844515,"open_date":"2026-02-14 23:30:00+00:00","close_date":"2026-02-15 02:00:00+00:00","open_rate":0.11069,"close_rate":0.11434825738607911,"fee_open":0.0015,"fee_close":0.0015,"trade_duration":150,"profit_ratio":0.029955067395838773,"profit_abs":9.39374398,"exit_reason":"roi","initial_stop_loss_abs":0.10295,"initial_stop_loss_ratio":-0.07,"stop_loss_abs":0.1123,"stop_loss_ratio":-0.02,"min_rate":0.11049,"max_rate":0.11459,"is_open":false,"enter_tag":"","leverage":1.0,"is_short":false,"open_timestamp":1771111800000,"close_timestamp":1771120800000,"orders":[{"amount":2828.844515,"safe_price":0.11069,"ft_order_side":"buy","order_filled_timestamp":1771111800000,"ft_is_entry":true,"ft_order_tag":"","cost":313.59448656439804},{"amount":2828.844515,"safe_price":0.11434825738607911,"ft_order_side":"sell","order_filled_timestamp":1771120800000,"ft_is_entry":false,"ft_order_tag":"roi","cost":323.95865086747773}],"funding_fees":0.0,"weekday":6},{"pair":"DOGE/USDT","stake_amount":316.22473497,"max_stake_amount":316.22473497,"amount":2798.448982,"open_date":"2026-02-15 02:15:00+00:00","close_date":"2026-02-15 04:00:00+00:00","open_rate":0.113,"close_rate":0.11523,"fee_open":0.0015,"fee_close":0.0015,"trade_duration":105,"profit_ratio":0.01667989165708158,"profit_abs":5.28250621,"exit_reason":"trailing_stop_loss","initial_stop_loss_abs":0.10509,"initial_stop_loss_ratio":-0.07,"stop_loss_abs":0.11523,"stop_loss_ratio":-0.02,"min_rate":0.11191,"max_rate":0.11758,"is_open":false,"enter_tag":"","leverage":1.0,"is_short":false,"open_timestamp":1771121700000,"close_timestamp":1771128000000,"orders":[{"amount":2798.448982,"safe_price":0.113,"ft_order_side":"buy","order_filled_timestamp":1771121700000,"ft_is_entry":true,"ft_order_tag":"","cost":316.69907206844897},{"amount":2798.448982,"safe_price":0.11523,"ft_order_side":"sell","order_filled_timestamp":1771128000000,"ft_is_entry":false,"ft_order_tag":"trailing_stop_loss","cost":322.9489741101538}],"funding_fees":0.0,"weekday":6},{"pair":"DOGE/USDT","stake_amount":317.96796199,"max_stake_amount":317.96796199,"amount":2713.500273,"open_date":"2026-02-15 04:15:00+00:00","close_date":"2026-02-15 12:45:00+00:00","open_rate":0.11718,"close_rate":0.10898,"fee_open":0.0015,"fee_close":0.0015,"trade_duration":510,"profit_ratio":-0.07276369964214927,"profit_abs":-23.17123007,"exit_reason":"stop_loss","initial_stop_loss_abs":0.10898,"initial_stop_loss_ratio":-0.07,"stop_loss_abs":0.10898,"stop_loss_ratio":-0.07,"min_rate":0.10863,"max_rate":0.11748,"is_open":false,"enter_tag":"","leverage":1.0,"is_short":false,"open_timestamp":1771128900000,"close_timestamp":1771159500000,"orders":[{"amount":2713.500273,"safe_price":0.11718,"ft_order_side":"buy","order_filled_timestamp":1771128900000,"ft_is_entry":true,"ft_order_tag":"","cost":318.4449139331253},{"amount":2713.500273,"safe_price":0.10898,"ft_order_side":"sell","order_filled_timestamp":1771159500000,"ft_is_entry":false,"ft_order_tag":"stop_loss","cost":296.1608356411673}],"funding_fees":0.0,"weekday":6},{"pair":"ETH/USDT","stake_amount":307.24161,"max_stake_amount":307.24161,"amount":0.146445,"open_date":"2026-02-14 12:15:00+00:00","close_date":"2026-02-15 19:00:00+00:00","open_rate":2098.0,"close_rate":1951.1399999999999,"fee_open":0.0015,"fee_close":0.0015,"trade_duration":1845,"profit_ratio":-0.07278582126501046,"profit_abs":-22.39637716,"exit_reason":"stop_loss","initial_stop_loss_abs":1951.1399999999999,"initial_stop_loss_ratio":-0.07,"stop_loss_abs":1951.1399999999999,"stop_loss_ratio":-0.07,"min_rate":1935.0,"max_rate":2103.83,"is_open":false,"enter_tag":"","leverage":1.0,"is_short":false,"open_timestamp":1771071300000,"close_timestamp":1771182000000,"orders":[{"amount":0.146445,"safe_price":2098.0,"ft_order_side":"buy","order_filled_timestamp":1771071300000,"ft_is_entry":true,"ft_order_tag":"","cost":307.702472415},{"amount":0.146445,"safe_price":1951.1399999999999,"ft_order_side":"sell","order_filled_timestamp":1771182000000,"ft_is_entry":false,"ft_order_tag":"stop_loss","cost":286.16329934595}],"funding_fees":0.0,"weekday":6},{"pair":"BTC/USDT","stake_amount":307.24352895,"max_stake_amount":307.24352895,"amount":0.00438387,"open_date":"2026-02-14 12:45:00+00:00","close_date":"2026-02-21 00:00:00+00:00","open_rate":70085.0,"close_rate":68014.1,"fee_open":0.0015,"fee_close":0.0015,"trade_duration":9315,"profit_ratio":-0.03245539981499109,"profit_abs":-9.98666914,"exit_reason":"force_exit","initial_stop_loss_abs":65179.049999999996,"initial_stop_loss_ratio":-0.07,"stop_loss_abs":65179.049999999996,"stop_loss_ratio":-0.07,"min_rate":65641.2,"max_rate":70969.2,"is_open":false,"enter_tag":"","leverage":1.0,"is_short":false,"open_timestamp":1771073100000,"close_timestamp":1771632000000,"orders":[{"amount":0.00438387,"safe_price":70085.0,"ft_order_side":"buy","order_filled_timestamp":1771073100000,"ft_is_entry":true,"ft_order_tag":"","cost":307.704394243425},{"amount":0.00438387,"safe_price":68014.1,"ft_order_side":"sell","order_filled_timestamp":1771632000000,"ft_is_entry":false,"ft_order_tag":"force_exit","cost":298.61222002585055}],"funding_fees":0.0,"weekday":5}],"locks":[],"best_pair":{"key":"DOGE/USDT","trades":16,"profit_mean":0.011170134253646371,"profit_mean_pct":1.12,"profit_total_abs":53.90965003,"profit_total":0.05390965003,"profit_total_pct":5.39,"duration_avg":"21:54:00","wins":14,"draws":0,"losses":2,"winrate":0.875,"cagr":0.24643420213278944,"expectancy":3.3693531268749997,"expectancy_ratio":0.14003973649240575,"sortino":13.320317427909805,"sharpe":1.1286287182791286,"calmar":49.605632960735015,"sqn":1.2441,"profit_factor":2.1203178919392456,"max_drawdown_account":0.02386506912088646,"max_drawdown_abs":24.94872804},"worst_pair":{"key":"ETH/USDT","trades":26,"profit_mean":-0.012137754904680654,"profit_mean_pct":-1.21,"profit_total_abs":-104.10941018000001,"profit_total":-0.10410941018000001,"profit_total_pct":-10.41,"duration_avg":"1 day, 21:01:00","wins":17,"draws":0,"losses":9,"winrate":0.6538461538461539,"cagr":-0.3694922749365992,"expectancy":-4.004208083846154,"expectancy_ratio":-0.16908004624982964,"sortino":-30.393811069659932,"sharpe":-1.5958383780756078,"calmar":-19.739542954370815,"sqn":-1.3975,"profit_factor":0.5115465330560477,"max_drawdown_account":0.11581906985105626,"max_drawdown_abs":117.35292095000001},"results_per_pair":[{"key":"DOGE/USDT","trades":16,"profit_mean":0.011170134253646371,"profit_mean_pct":1.12,"profit_total_abs":53.90965003,"profit_total":0.05390965003,"profit_total_pct":5.39,"duration_avg":"21:54:00","wins":14,"draws":0,"losses":2,"winrate":0.875,"cagr":0.24643420213278944,"expectancy":3.3693531268749997,"expectancy_ratio":0.14003973649240575,"sortino":13.320317427909805,"sharpe":1.1286287182791286,"calmar":49.605632960735015,"sqn":1.2441,"profit_factor":2.1203178919392456,"max_drawdown_account":0.02386506912088646,"max_drawdown_abs":24.94872804},{"key":"BTC/USDT","trades":11,"profit_mean":-0.003574812022680786,"profit_mean_pct":-0.36,"profit_total_abs":-13.101144600000001,"profit_total":-0.013101144600000001,"profit_total_pct":-1.31,"duration_avg":"5 days, 10:00:00","wins":7,"draws":0,"losses":4,"winrate":0.6363636363636364,"cagr":-0.05382505667580617,"expectancy":-1.191013145454546,"expectancy_ratio":-0.08184442467998543,"sortino":-0.2874159919224797,"sharpe":-0.24446128590892321,"calmar":-5.754677348962499,"sqn":-0.32,"profit_factor":0.7749278321300401,"max_drawdown_account":0.049993718544732293,"max_drawdown_abs":51.93517619},{"key":"SOL/USDT","trades":5,"profit_mean":-0.017132301551789776,"profit_mean_pct":-1.71,"profit_total_abs":-28.71409276,"profit_total":-0.02871409276,"profit_total_pct":-2.87,"duration_avg":"4 days, 1:15:00","wins":3,"draws":0,"losses":2,"winrate":0.6,"cagr":-0.11505568926700416,"expectancy":-5.742818552000001,"expectancy_ratio":-0.23931822927376445,"sortino":-6.622480812269178,"sharpe":-0.4226800437848456,"calmar":-13.391711129567609,"sqn":-0.7699,"profit_factor":0.4017044268155887,"max_drawdown_account":0.04708539368880575,"max_drawdown_abs":47.993155970000004},{"key":"ETH/USDT","trades":26,"profit_mean":-0.012137754904680654,"profit_mean_pct":-1.21,"profit_total_abs":-104.10941018000001,"profit_total":-0.10410941018000001,"profit_total_pct":-10.41,"duration_avg":"1 day, 21:01:00","wins":17,"draws":0,"losses":9,"winrate":0.6538461538461539,"cagr":-0.3694922749365992,"expectancy":-4.004208083846154,"expectancy_ratio":-0.16908004624982964,"sortino":-30.393811069659932,"sharpe":-1.5958383780756078,"calmar":-19.739542954370815,"sqn":-1.3975,"profit_factor":0.5115465330560477,"max_drawdown_account":0.11581906985105626,"max_drawdown_abs":117.35292095000001},{"key":"TOTAL","trades":58,"profit_mean":-0.0045145503357205624,"profit_mean_pct":-0.45,"profit_total_abs":-92.01499751,"profit_total":-0.09201499751,"profit_total_pct":-9.2,"duration_avg":"2 days, 11:16:00","wins":41,"draws":0,"losses":17,"winrate":0.7068965517241379,"cagr":-0.33300407977932756,"expectancy":-1.5864654743103443,"expectancy_ratio":-0.07339497778395687,"sortino":-3.2172785710830794,"sharpe":-1.511463657185911,"calmar":-14.18911731006133,"sqn":-0.8959,"profit_factor":0.7495936052076766,"max_drawdown_account":0.1424066988181402,"max_drawdown_abs":148.67024879000002}],"results_per_enter_tag":[{"key":"","trades":58,"profit_mean":-0.0045145503357205624,"profit_mean_pct":-0.45,"profit_total_abs":-92.01499751,"profit_total":-0.09201499751,"profit_total_pct":-9.2,"duration_avg":"2 days, 11:16:00","wins":41,"draws":0,"losses":17,"winrate":0.7068965517241379,"cagr":-0.33300407977932756,"expectancy":-1.5864654743103443,"expectancy_ratio":-0.07339497778395687,"sortino":-3.2172785710830794,"sharpe":-1.511463657185911,"calmar":-14.18911731006133,"sqn":-0.8959,"profit_factor":0.7495936052076766,"max_drawdown_account":0.1424066988181402,"max_drawdown_abs":148.67024879000002},{"key":"TOTAL","trades":58,"profit_mean":-0.0045145503357205624,"profit_mean_pct":-0.45,"profit_total_abs":-92.01499751,"profit_total":-0.09201499751,"profit_total_pct":-9.2,"duration_avg":"2 days, 11:16:00","wins":41,"draws":0,"losses":17,"winrate":0.7068965517241379,"cagr":-0.33300407977932756,"expectancy":-1.5864654743103443,"expectancy_ratio":-0.07339497778395687,"sortino":-3.2172785710830794,"sharpe":-1.511463657185911,"calmar":-14.18911731006133,"sqn":-0.8959,"profit_factor":0.7495936052076766,"max_drawdown_account":0.1424066988181402,"max_drawdown_abs":148.67024879000002}],"exit_reason_summary":[{"key":"roi","trades":40,"profit_mean":0.02116957476299442,"profit_mean_pct":2.12,"profit_total_abs":270.16514669000003,"profit_total":0.27016514669,"profit_total_pct":27.02,"duration_avg":"2 days, 3:45:00","wins":40,"draws":0,"losses":0,"winrate":1.0,"cagr":1.727314907336695,"expectancy":6.754128667250001,"expectancy_ratio":100.0,"sortino":-100,"sharpe":55.48230438049376,"calmar":-100,"sqn":39.4457,"profit_factor":0.0,"max_drawdown_account":0.0,"max_drawdown_abs":0.0},{"key":"trailing_stop_loss","trades":1,"profit_mean":0.01667989165708158,"profit_mean_pct":1.67,"profit_total_abs":5.28250621,"profit_total":0.00528250621,"profit_total_pct":0.53,"duration_avg":"1:45:00","wins":1,"draws":0,"losses":0,"winrate":1.0,"cagr":0.02235000924199615,"expectancy":5.28250621,"expectancy_ratio":100.0,"sortino":-100,"sharpe":-100,"calmar":-100,"sqn":-100.0,"profit_factor":0.0,"max_drawdown_account":0.0,"max_drawdown_abs":0.0},{"key":"exit_signal","trades":1,"profit_mean":-0.0010862044448776316,"profit_mean_pct":-0.11,"profit_total_abs":-0.36440718,"profit_total":-0.00036440718,"profit_total_pct":-0.04,"duration_avg":"5 days, 19:15:00","wins":0,"draws":0,"losses":1,"winrate":0.0,"cagr":-0.0015279448494051051,"expectancy":-0.36440718,"expectancy_ratio":-1.0,"sortino":-100,"sharpe":-100,"calmar":-21.95973928108707,"sqn":-100.0,"profit_factor":0.0,"max_drawdown_account":0.00036440717999994374,"max_drawdown_abs":0.36440718},{"key":"force_exit","trades":1,"profit_mean":-0.03245539981499109,"profit_mean_pct":-3.25,"profit_total_abs":-9.98666914,"profit_total":-0.00998666914,"profit_total_pct":-1.0,"duration_avg":"6 days, 11:15:00","wins":0,"draws":0,"losses":1,"winrate":0.0,"cagr":-0.041234451796855365,"expectancy":-9.98666914,"expectancy_ratio":-1.0,"sortino":-100,"sharpe":-100,"calmar":-21.95973928108367,"sqn":-100.0,"profit_factor":0.0,"max_drawdown_account":0.009986669140000003,"max_drawdown_abs":9.98666914},{"key":"stop_loss","trades":15,"profit_mean":-0.0727843464925855,"profit_mean_pct":-7.28,"profit_total_abs":-357.11157409,"profit_total":-0.35711157409,"profit_total_pct":-35.71,"duration_avg":"2 days, 23:23:00","wins":0,"draws":0,"losses":15,"winrate":0.0,"cagr":-0.8433062461082876,"expectancy":-23.807438272666666,"expectancy_ratio":-1.0,"sortino":-88.94238805172296,"sharpe":-88.94238805172296,"calmar":-21.95973928108368,"sqn":-101.0309,"profit_factor":0.0,"max_drawdown_account":0.35711157409,"max_drawdown_abs":357.1115740899999},{"key":"TOTAL","trades":58,"profit_mean":-0.0045145503357205624,"profit_mean_pct":-0.45,"profit_total_abs":-92.01499751,"profit_total":-0.09201499751,"profit_total_pct":-9.2,"duration_avg":"2 days, 11:16:00","wins":41,"draws":0,"losses":17,"winrate":0.7068965517241379,"cagr":-0.33300407977932756,"expectancy":-1.5864654743103443,"expectancy_ratio":-0.07339497778395687,"sortino":-3.2172785710830794,"sharpe":-1.511463657185911,"calmar":-14.18911731006133,"sqn":-0.8959,"profit_factor":0.7495936052076766,"max_drawdown_account":0.1424066988181402,"max_drawdown_abs":148.67024879000002}],"mix_tag_stats":[{"key":["","roi"],"trades":40,"profit_mean":0.02116957476299442,"profit_mean_pct":2.12,"profit_total_abs":270.16514669000003,"profit_total":0.27016514669,"profit_total_pct":27.02,"duration_avg":"2 days, 3:45:00","wins":40,"draws":0,"losses":0,"winrate":1.0,"cagr":1.727314907336695,"expectancy":6.754128667250001,"expectancy_ratio":100.0,"sortino":-100,"sharpe":55.48230438049376,"calmar":-100,"sqn":39.4457,"profit_factor":0.0,"max_drawdown_account":0.0,"max_drawdown_abs":0.0},{"key":["","trailing_stop_loss"],"trades":1,"profit_mean":0.01667989165708158,"profit_mean_pct":1.67,"profit_total_abs":5.28250621,"profit_total":0.00528250621,"profit_total_pct":0.53,"duration_avg":"1:45:00","wins":1,"draws":0,"losses":0,"winrate":1.0,"cagr":0.02235000924199615,"expectancy":5.28250621,"expectancy_ratio":100.0,"sortino":-100,"sharpe":-100,"calmar":-100,"sqn":-100.0,"profit_factor":0.0,"max_drawdown_account":0.0,"max_drawdown_abs":0.0},{"key":["","exit_signal"],"trades":1,"profit_mean":-0.0010862044448776316,"profit_mean_pct":-0.11,"profit_total_abs":-0.36440718,"profit_total":-0.00036440718,"profit_total_pct":-0.04,"duration_avg":"5 days, 19:15:00","wins":0,"draws":0,"losses":1,"winrate":0.0,"cagr":-0.0015279448494051051,"expectancy":-0.36440718,"expectancy_ratio":-1.0,"sortino":-100,"sharpe":-100,"calmar":-21.95973928108707,"sqn":-100.0,"profit_factor":0.0,"max_drawdown_account":0.00036440717999994374,"max_drawdown_abs":0.36440718},{"key":["","force_exit"],"trades":1,"profit_mean":-0.03245539981499109,"profit_mean_pct":-3.25,"profit_total_abs":-9.98666914,"profit_total":-0.00998666914,"profit_total_pct":-1.0,"duration_avg":"6 days, 11:15:00","wins":0,"draws":0,"losses":1,"winrate":0.0,"cagr":-0.041234451796855365,"expectancy":-9.98666914,"expectancy_ratio":-1.0,"sortino":-100,"sharpe":-100,"calmar":-21.95973928108367,"sqn":-100.0,"profit_factor":0.0,"max_drawdown_account":0.009986669140000003,"max_drawdown_abs":9.98666914},{"key":["","stop_loss"],"trades":15,"profit_mean":-0.0727843464925855,"profit_mean_pct":-7.28,"profit_total_abs":-357.11157409,"profit_total":-0.35711157409,"profit_total_pct":-35.71,"duration_avg":"2 days, 23:23:00","wins":0,"draws":0,"losses":15,"winrate":0.0,"cagr":-0.8433062461082876,"expectancy":-23.807438272666666,"expectancy_ratio":-1.0,"sortino":-88.94238805172296,"sharpe":-88.94238805172296,"calmar":-21.95973928108368,"sqn":-101.0309,"profit_factor":0.0,"max_drawdown_account":0.35711157409,"max_drawdown_abs":357.1115740899999},{"key":"TOTAL","trades":58,"profit_mean":-0.0045145503357205624,"profit_mean_pct":-0.45,"profit_total_abs":-92.01499751,"profit_total":-0.09201499751,"profit_total_pct":-9.2,"duration_avg":"2 days, 11:16:00","wins":41,"draws":0,"losses":17,"winrate":0.7068965517241379,"cagr":-0.33300407977932756,"expectancy":-1.5864654743103443,"expectancy_ratio":-0.07339497778395687,"sortino":-3.2172785710830794,"sharpe":-1.511463657185911,"calmar":-14.18911731006133,"sqn":-0.8959,"profit_factor":0.7495936052076766,"max_drawdown_account":0.1424066988181402,"max_drawdown_abs":148.67024879000002}],"left_open_trades":[{"key":"BTC/USDT","trades":1,"profit_mean":-0.03245539981499109,"profit_mean_pct":-3.25,"profit_total_abs":-9.98666914,"profit_total":-0.00998666914,"profit_total_pct":-1.0,"duration_avg":"6 days, 11:15:00","wins":0,"draws":0,"losses":1,"winrate":0.0,"cagr":-0.041234451796855365,"expectancy":-9.98666914,"expectancy_ratio":-1.0,"sortino":-100,"sharpe":-100,"calmar":-21.95973928108367,"sqn":-100.0,"profit_factor":0.0,"max_drawdown_account":0.009986669140000003,"max_drawdown_abs":9.98666914},{"key":"TOTAL","trades":1,"profit_mean":-0.03245539981499109,"profit_mean_pct":-3.25,"profit_total_abs":-9.98666914,"profit_total":-0.00998666914,"profit_total_pct":-1.0,"duration_avg":"6 days, 11:15:00","wins":0,"draws":0,"losses":1,"winrate":0.0,"cagr":-0.041234451796855365,"expectancy":-9.98666914,"expectancy_ratio":-1.0,"sortino":-100,"sharpe":-100,"calmar":-21.95973928108367,"sqn":-100.0,"profit_factor":0.0,"max_drawdown_account":0.009986669140000003,"max_drawdown_abs":9.98666914}],"total_trades":58,"trade_count_long":58,"trade_count_short":0,"total_volume":37232.02710795398,"avg_stake_amount":320.79752859793103,"profit_mean":-0.0045145503357205624,"profit_median":0.019970044923929193,"profit_total":-0.09201499751,"profit_total_long":-0.09201499751,"profit_total_short":0.0,"profit_total_abs":-92.01499751,"profit_total_long_abs":-92.01499751,"profit_total_short_abs":0.0,"cagr":-0.33300407977932756,"expectancy":-1.5864654743103443,"expectancy_ratio":-0.07339497778395687,"sortino":-3.2172785710830794,"sharpe":-1.511463657185911,"calmar":-14.18911731006133,"sqn":-0.8959,"profit_factor":0.7495936052076766,"backtest_start":"2025-11-25 02:00:00","backtest_start_ts":1764036000000,"backtest_end":"2026-02-21 00:00:00","backtest_end_ts":1771632000000,"backtest_days":87,"backtest_run_start_ts":1771636136,"backtest_run_end_ts":1771636138,"trades_per_day":0.67,"market_change":-0.2841111918622262,"pairlist":["BTC/USDT","ETH/USDT","SOL/USDT","DOGE/USDT"],"stake_amount":"unlimited","stake_currency":"USDT","stake_currency_decimals":3,"starting_balance":1000,"dry_run_wallet":1000,"final_balance":907.9850024899999,"rejected_signals":132,"timedout_entry_orders":0,"timedout_exit_orders":0,"canceled_trade_entries":0,"canceled_entry_orders":0,"replaced_entry_orders":0,"max_open_trades":3,"max_open_trades_setting":3,"timeframe":"15m","timeframe_detail":"","timerange":"20251123-20260221","enable_protections":false,"strategy_name":"SupertrendStrategy_Optimized","freqaimodel":null,"freqai_identifier":null,"stoploss":-0.07,"trailing_stop":true,"trailing_stop_positive":0.02,"trailing_stop_positive_offset":0.03,"trailing_only_offset_is_reached":true,"use_custom_stoploss":false,"minimal_roi":{"240":0.02,"120":0.03,"60":0.05,"30":0.08,"0":0.12},"use_exit_signal":true,"exit_profit_only":false,"exit_profit_offset":0.0,"ignore_roi_if_entry_signal":false,"trading_mode":"spot","margin_mode":"","periodic_breakdown":{"day":[{"date":"26/11/2025","date_ts":1764115200000,"profit_abs":6.59997691,"wins":1,"draws":0,"losses":0,"trades":1,"profit_factor":0.0},{"date":"27/11/2025","date_ts":1764201600000,"profit_abs":0.0,"wins":0,"draws":0,"losses":0,"trades":0,"profit_factor":0.0},{"date":"28/11/2025","date_ts":1764288000000,"profit_abs":6.64353386,"wins":1,"draws":0,"losses":0,"trades":1,"profit_factor":0.0},{"date":"29/11/2025","date_ts":1764374400000,"profit_abs":0.0,"wins":0,"draws":0,"losses":0,"trades":0,"profit_factor":0.0},{"date":"30/11/2025","date_ts":1764460800000,"profit_abs":0.0,"wins":0,"draws":0,"losses":0,"trades":0,"profit_factor":0.0},{"date":"01/12/2025","date_ts":1764547200000,"profit_abs":-24.37388728,"wins":0,"draws":0,"losses":1,"trades":1,"profit_factor":0.0},{"date":"02/12/2025","date_ts":1764633600000,"profit_abs":0.0,"wins":0,"draws":0,"losses":0,"trades":0,"profit_factor":0.0},{"date":"03/12/2025","date_ts":1764720000000,"profit_abs":26.23556772,"wins":4,"draws":0,"losses":0,"trades":4,"profit_factor":0.0},{"date":"04/12/2025","date_ts":1764806400000,"profit_abs":0.0,"wins":0,"draws":0,"losses":0,"trades":0,"profit_factor":0.0},{"date":"05/12/2025","date_ts":1764892800000,"profit_abs":0.0,"wins":0,"draws":0,"losses":0,"trades":0,"profit_factor":0.0},{"date":"06/12/2025","date_ts":1764979200000,"profit_abs":0.0,"wins":0,"draws":0,"losses":0,"trades":0,"profit_factor":0.0},{"date":"07/12/2025","date_ts":1765065600000,"profit_abs":-24.4186929,"wins":0,"draws":0,"losses":1,"trades":1,"profit_factor":0.0},{"date":"08/12/2025","date_ts":1765152000000,"profit_abs":0.0,"wins":0,"draws":0,"losses":0,"trades":0,"profit_factor":0.0},{"date":"09/12/2025","date_ts":1765238400000,"profit_abs":-0.36440718,"wins":0,"draws":0,"losses":1,"trades":1,"profit_factor":0.0},{"date":"10/12/2025","date_ts":1765324800000,"profit_abs":6.5361176,"wins":1,"draws":0,"losses":0,"trades":1,"profit_factor":0.0},{"date":"11/12/2025","date_ts":1765411200000,"profit_abs":0.0,"wins":0,"draws":0,"losses":0,"trades":0,"profit_factor":0.0},{"date":"12/12/2025","date_ts":1765497600000,"profit_abs":-23.97955339,"wins":0,"draws":0,"losses":1,"trades":1,"profit_factor":0.0},{"date":"13/12/2025","date_ts":1765584000000,"profit_abs":0.0,"wins":0,"draws":0,"losses":0,"trades":0,"profit_factor":0.0},{"date":"14/12/2025","date_ts":1765670400000,"profit_abs":0.0,"wins":0,"draws":0,"losses":0,"trades":0,"profit_factor":0.0},{"date":"15/12/2025","date_ts":1765756800000,"profit_abs":0.0,"wins":0,"draws":0,"losses":0,"trades":0,"profit_factor":0.0},{"date":"16/12/2025","date_ts":1765843200000,"profit_abs":-23.40292583,"wins":0,"draws":0,"losses":1,"trades":1,"profit_factor":0.0},{"date":"17/12/2025","date_ts":1765929600000,"profit_abs":6.26653258,"wins":1,"draws":0,"losses":0,"trades":1,"profit_factor":0.0},{"date":"18/12/2025","date_ts":1766016000000,"profit_abs":-22.99050507,"wins":0,"draws":0,"losses":1,"trades":1,"profit_factor":0.0},{"date":"19/12/2025","date_ts":1766102400000,"profit_abs":6.15613967,"wins":1,"draws":0,"losses":0,"trades":1,"profit_factor":0.0},{"date":"20/12/2025","date_ts":1766188800000,"profit_abs":0.0,"wins":0,"draws":0,"losses":0,"trades":0,"profit_factor":0.0},{"date":"21/12/2025","date_ts":1766275200000,"profit_abs":0.0,"wins":0,"draws":0,"losses":0,"trades":0,"profit_factor":0.0},{"date":"22/12/2025","date_ts":1766361600000,"profit_abs":6.1967557,"wins":1,"draws":0,"losses":0,"trades":1,"profit_factor":0.0},{"date":"23/12/2025","date_ts":1766448000000,"profit_abs":0.0,"wins":0,"draws":0,"losses":0,"trades":0,"profit_factor":0.0},{"date":"24/12/2025","date_ts":1766534400000,"profit_abs":0.0,"wins":0,"draws":0,"losses":0,"trades":0,"profit_factor":0.0},{"date":"25/12/2025","date_ts":1766620800000,"profit_abs":0.0,"wins":0,"draws":0,"losses":0,"trades":0,"profit_factor":0.0},{"date":"26/12/2025","date_ts":1766707200000,"profit_abs":0.0,"wins":0,"draws":0,"losses":0,"trades":0,"profit_factor":0.0},{"date":"27/12/2025","date_ts":1766793600000,"profit_abs":0.0,"wins":0,"draws":0,"losses":0,"trades":0,"profit_factor":0.0},{"date":"28/12/2025","date_ts":1766880000000,"profit_abs":0.0,"wins":0,"draws":0,"losses":0,"trades":0,"profit_factor":0.0},{"date":"29/12/2025","date_ts":1766966400000,"profit_abs":6.16753572,"wins":1,"draws":0,"losses":0,"trades":1,"profit_factor":0.0},{"date":"30/12/2025","date_ts":1767052800000,"profit_abs":0.0,"wins":0,"draws":0,"losses":0,"trades":0,"profit_factor":0.0},{"date":"31/12/2025","date_ts":1767139200000,"profit_abs":0.0,"wins":0,"draws":0,"losses":0,"trades":0,"profit_factor":0.0},{"date":"01/01/2026","date_ts":1767225600000,"profit_abs":0.0,"wins":0,"draws":0,"losses":0,"trades":0,"profit_factor":0.0},{"date":"02/01/2026","date_ts":1767312000000,"profit_abs":34.74783455,"wins":5,"draws":0,"losses":0,"trades":5,"profit_factor":0.0},{"date":"03/01/2026","date_ts":1767398400000,"profit_abs":0.0,"wins":0,"draws":0,"losses":0,"trades":0,"profit_factor":0.0},{"date":"04/01/2026","date_ts":1767484800000,"profit_abs":22.79982298,"wins":3,"draws":0,"losses":0,"trades":3,"profit_factor":0.0},{"date":"05/01/2026","date_ts":1767571200000,"profit_abs":13.10063834,"wins":2,"draws":0,"losses":0,"trades":2,"profit_factor":0.0},{"date":"06/01/2026","date_ts":1767657600000,"profit_abs":13.40283447,"wins":2,"draws":0,"losses":0,"trades":2,"profit_factor":0.0},{"date":"07/01/2026","date_ts":1767744000000,"profit_abs":0.0,"wins":0,"draws":0,"losses":0,"trades":0,"profit_factor":0.0},{"date":"08/01/2026","date_ts":1767830400000,"profit_abs":-24.90501258,"wins":0,"draws":0,"losses":1,"trades":1,"profit_factor":0.0},{"date":"09/01/2026","date_ts":1767916800000,"profit_abs":0.0,"wins":0,"draws":0,"losses":0,"trades":0,"profit_factor":0.0},{"date":"10/01/2026","date_ts":1768003200000,"profit_abs":0.0,"wins":0,"draws":0,"losses":0,"trades":0,"profit_factor":0.0},{"date":"11/01/2026","date_ts":1768089600000,"profit_abs":0.0,"wins":0,"draws":0,"losses":0,"trades":0,"profit_factor":0.0},{"date":"12/01/2026","date_ts":1768176000000,"profit_abs":6.83313142,"wins":1,"draws":0,"losses":0,"trades":1,"profit_factor":0.0},{"date":"13/01/2026","date_ts":1768262400000,"profit_abs":19.88699728,"wins":3,"draws":0,"losses":0,"trades":3,"profit_factor":0.0},{"date":"14/01/2026","date_ts":1768348800000,"profit_abs":6.84510008,"wins":1,"draws":0,"losses":0,"trades":1,"profit_factor":0.0},{"date":"15/01/2026","date_ts":1768435200000,"profit_abs":0.0,"wins":0,"draws":0,"losses":0,"trades":0,"profit_factor":0.0},{"date":"16/01/2026","date_ts":1768521600000,"profit_abs":-24.94872804,"wins":0,"draws":0,"losses":1,"trades":1,"profit_factor":0.0},{"date":"17/01/2026","date_ts":1768608000000,"profit_abs":0.0,"wins":0,"draws":0,"losses":0,"trades":0,"profit_factor":0.0},{"date":"18/01/2026","date_ts":1768694400000,"profit_abs":0.0,"wins":0,"draws":0,"losses":0,"trades":0,"profit_factor":0.0},{"date":"19/01/2026","date_ts":1768780800000,"profit_abs":-24.94871965,"wins":0,"draws":0,"losses":1,"trades":1,"profit_factor":0.0},{"date":"20/01/2026","date_ts":1768867200000,"profit_abs":-48.59091709,"wins":0,"draws":0,"losses":2,"trades":2,"profit_factor":0.0},{"date":"21/01/2026","date_ts":1768953600000,"profit_abs":12.4805322,"wins":2,"draws":0,"losses":0,"trades":2,"profit_factor":0.0},{"date":"22/01/2026","date_ts":1769040000000,"profit_abs":0.0,"wins":0,"draws":0,"losses":0,"trades":0,"profit_factor":0.0},{"date":"23/01/2026","date_ts":1769126400000,"profit_abs":0.0,"wins":0,"draws":0,"losses":0,"trades":0,"profit_factor":0.0},{"date":"24/01/2026","date_ts":1769212800000,"profit_abs":0.0,"wins":0,"draws":0,"losses":0,"trades":0,"profit_factor":0.0},{"date":"25/01/2026","date_ts":1769299200000,"profit_abs":0.0,"wins":0,"draws":0,"losses":0,"trades":0,"profit_factor":0.0},{"date":"26/01/2026","date_ts":1769385600000,"profit_abs":0.0,"wins":0,"draws":0,"losses":0,"trades":0,"profit_factor":0.0},{"date":"27/01/2026","date_ts":1769472000000,"profit_abs":0.0,"wins":0,"draws":0,"losses":0,"trades":0,"profit_factor":0.0},{"date":"28/01/2026","date_ts":1769558400000,"profit_abs":6.32260882,"wins":1,"draws":0,"losses":0,"trades":1,"profit_factor":0.0},{"date":"29/01/2026","date_ts":1769644800000,"profit_abs":-46.240823,"wins":0,"draws":0,"losses":2,"trades":2,"profit_factor":0.0},{"date":"30/01/2026","date_ts":1769731200000,"profit_abs":-22.74420203,"wins":0,"draws":0,"losses":1,"trades":1,"profit_factor":0.0},{"date":"31/01/2026","date_ts":1769817600000,"profit_abs":0.0,"wins":0,"draws":0,"losses":0,"trades":0,"profit_factor":0.0},{"date":"01/02/2026","date_ts":1769904000000,"profit_abs":0.0,"wins":0,"draws":0,"losses":0,"trades":0,"profit_factor":0.0},{"date":"02/02/2026","date_ts":1769990400000,"profit_abs":0.0,"wins":0,"draws":0,"losses":0,"trades":0,"profit_factor":0.0},{"date":"03/02/2026","date_ts":1770076800000,"profit_abs":0.0,"wins":0,"draws":0,"losses":0,"trades":0,"profit_factor":0.0},{"date":"04/02/2026","date_ts":1770163200000,"profit_abs":0.0,"wins":0,"draws":0,"losses":0,"trades":0,"profit_factor":0.0},{"date":"05/02/2026","date_ts":1770249600000,"profit_abs":0.0,"wins":0,"draws":0,"losses":0,"trades":0,"profit_factor":0.0},{"date":"06/02/2026","date_ts":1770336000000,"profit_abs":0.0,"wins":0,"draws":0,"losses":0,"trades":0,"profit_factor":0.0},{"date":"07/02/2026","date_ts":1770422400000,"profit_abs":0.0,"wins":0,"draws":0,"losses":0,"trades":0,"profit_factor":0.0},{"date":"08/02/2026","date_ts":1770508800000,"profit_abs":0.0,"wins":0,"draws":0,"losses":0,"trades":0,"profit_factor":0.0},{"date":"09/02/2026","date_ts":1770595200000,"profit_abs":0.0,"wins":0,"draws":0,"losses":0,"trades":0,"profit_factor":0.0},{"date":"10/02/2026","date_ts":1770681600000,"profit_abs":0.0,"wins":0,"draws":0,"losses":0,"trades":0,"profit_factor":0.0},{"date":"11/02/2026","date_ts":1770768000000,"profit_abs":0.0,"wins":0,"draws":0,"losses":0,"trades":0,"profit_factor":0.0},{"date":"12/02/2026","date_ts":1770854400000,"profit_abs":5.90906769,"wins":1,"draws":0,"losses":0,"trades":1,"profit_factor":0.0},{"date":"13/02/2026","date_ts":1770940800000,"profit_abs":11.85709583,"wins":2,"draws":0,"losses":0,"trades":2,"profit_factor":0.0},{"date":"14/02/2026","date_ts":1771027200000,"profit_abs":35.78357929,"wins":5,"draws":0,"losses":0,"trades":5,"profit_factor":0.0},{"date":"15/02/2026","date_ts":1771113600000,"profit_abs":-30.89135704,"wins":2,"draws":0,"losses":2,"trades":4,"profit_factor":0.32207638},{"date":"16/02/2026","date_ts":1771200000000,"profit_abs":0.0,"wins":0,"draws":0,"losses":0,"trades":0,"profit_factor":0.0},{"date":"17/02/2026","date_ts":1771286400000,"profit_abs":0.0,"wins":0,"draws":0,"losses":0,"trades":0,"profit_factor":0.0},{"date":"18/02/2026","date_ts":1771372800000,"profit_abs":0.0,"wins":0,"draws":0,"losses":0,"trades":0,"profit_factor":0.0},{"date":"19/02/2026","date_ts":1771459200000,"profit_abs":0.0,"wins":0,"draws":0,"losses":0,"trades":0,"profit_factor":0.0},{"date":"20/02/2026","date_ts":1771545600000,"profit_abs":0.0,"wins":0,"draws":0,"losses":0,"trades":0,"profit_factor":0.0},{"date":"21/02/2026","date_ts":1771632000000,"profit_abs":-9.98666914,"wins":0,"draws":0,"losses":1,"trades":1,"profit_factor":0.0}],"week":[{"date":"01/12/2025","date_ts":1764547200000,"profit_abs":-11.13037651,"wins":2,"draws":0,"losses":1,"trades":3,"profit_factor":0.54334832},{"date":"08/12/2025","date_ts":1765152000000,"profit_abs":1.81687482,"wins":4,"draws":0,"losses":1,"trades":5,"profit_factor":1.07440508},{"date":"15/12/2025","date_ts":1765756800000,"profit_abs":-17.80784297,"wins":1,"draws":0,"losses":2,"trades":3,"profit_factor":0.26849031},{"date":"22/12/2025","date_ts":1766361600000,"profit_abs":-27.77400295,"wins":3,"draws":0,"losses":2,"trades":5,"profit_factor":0.40133759},{"date":"29/12/2025","date_ts":1766966400000,"profit_abs":6.16753572,"wins":1,"draws":0,"losses":0,"trades":1,"profit_factor":0.0},{"date":"05/01/2026","date_ts":1767571200000,"profit_abs":70.64829587,"wins":10,"draws":0,"losses":0,"trades":10,"profit_factor":0.0},{"date":"12/01/2026","date_ts":1768176000000,"profit_abs":-4.66904669,"wins":3,"draws":0,"losses":1,"trades":4,"profit_factor":0.81252582},{"date":"19/01/2026","date_ts":1768780800000,"profit_abs":-23.16535033,"wins":4,"draws":0,"losses":2,"trades":6,"profit_factor":0.53574078},{"date":"26/01/2026","date_ts":1769385600000,"profit_abs":-36.11038489,"wins":2,"draws":0,"losses":2,"trades":4,"profit_factor":0.25684908},{"date":"02/02/2026","date_ts":1769990400000,"profit_abs":-62.66241621,"wins":1,"draws":0,"losses":3,"trades":4,"profit_factor":0.0916519},{"date":"09/02/2026","date_ts":1770595200000,"profit_abs":0.0,"wins":0,"draws":0,"losses":0,"trades":0,"profit_factor":0.0},{"date":"16/02/2026","date_ts":1771200000000,"profit_abs":22.65838577,"wins":10,"draws":0,"losses":2,"trades":12,"profit_factor":1.49724765},{"date":"23/02/2026","date_ts":1771804800000,"profit_abs":-9.98666914,"wins":0,"draws":0,"losses":1,"trades":1,"profit_factor":0.0}],"month":[{"date":"30/11/2025","date_ts":1764460800000,"profit_abs":13.24351077,"wins":2,"draws":0,"losses":0,"trades":2,"profit_factor":0.0},{"date":"31/12/2025","date_ts":1767139200000,"profit_abs":-61.97132266,"wins":9,"draws":0,"losses":6,"trades":15,"profit_factor":0.48154156},{"date":"31/01/2026","date_ts":1769817600000,"profit_abs":-55.95890225,"wins":20,"draws":0,"losses":8,"trades":28,"profit_factor":0.70912066},{"date":"28/02/2026","date_ts":1772236800000,"profit_abs":12.67171663,"wins":10,"draws":0,"losses":3,"trades":13,"profit_factor":1.22809615}],"year":[{"date":"31/12/2025","date_ts":1767139200000,"profit_abs":-48.72781189,"wins":11,"draws":0,"losses":6,"trades":17,"profit_factor":0.59233813},{"date":"31/12/2026","date_ts":1798675200000,"profit_abs":-43.28718562,"wins":30,"draws":0,"losses":11,"trades":41,"profit_factor":0.8254075}],"weekday":[{"date":"Monday","date_ts":0,"profit_abs":-17.02454575,"wins":5,"draws":0,"losses":2,"trades":7,"profit_factor":0.65483281},{"date":"Tuesday","date_ts":1,"profit_abs":-39.06841835,"wins":5,"draws":0,"losses":4,"trades":9,"profit_factor":0.46006961},{"date":"Wednesday","date_ts":2,"profit_abs":71.28643591,"wins":11,"draws":0,"losses":0,"trades":11,"profit_factor":0.0},{"date":"Thursday","date_ts":3,"profit_abs":-88.22727296,"wins":1,"draws":0,"losses":4,"trades":5,"profit_factor":0.06277138},{"date":"Friday","date_ts":4,"profit_abs":-12.26787955,"wins":9,"draws":0,"losses":3,"trades":12,"profit_factor":0.82883418},{"date":"Saturday","date_ts":5,"profit_abs":25.79691015,"wins":5,"draws":0,"losses":1,"trades":6,"profit_factor":3.58313456},{"date":"Sunday","date_ts":6,"profit_abs":-32.51022696,"wins":5,"draws":0,"losses":3,"trades":8,"profit_factor":0.53547727}]},"backtest_best_day":0.11787635048504945,"backtest_worst_day":-0.14557164253092586,"backtest_best_day_abs":35.78357929,"backtest_worst_day_abs":-48.59091709,"winning_days":20,"draw_days":54,"losing_days":14,"daily_profit":[["2025-11-26",6.59997691],["2025-11-27",0.0],["2025-11-28",6.64353386],["2025-11-29",0.0],["2025-11-30",0.0],["2025-12-01",-24.37388728],["2025-12-02",0.0],["2025-12-03",26.23556772],["2025-12-04",0.0],["2025-12-05",0.0],["2025-12-06",0.0],["2025-12-07",-24.4186929],["2025-12-08",0.0],["2025-12-09",-0.36440718],["2025-12-10",6.5361176],["2025-12-11",0.0],["2025-12-12",-23.97955339],["2025-12-13",0.0],["2025-12-14",0.0],["2025-12-15",0.0],["2025-12-16",-23.40292583],["2025-12-17",6.26653258],["2025-12-18",-22.99050507],["2025-12-19",6.15613967],["2025-12-20",0.0],["2025-12-21",0.0],["2025-12-22",6.1967557],["2025-12-23",0.0],["2025-12-24",0.0],["2025-12-25",0.0],["2025-12-26",0.0],["2025-12-27",0.0],["2025-12-28",0.0],["2025-12-29",6.16753572],["2025-12-30",0.0],["2025-12-31",0.0],["2026-01-01",0.0],["2026-01-02",34.74783455],["2026-01-03",0.0],["2026-01-04",22.79982298],["2026-01-05",13.10063834],["2026-01-06",13.40283447],["2026-01-07",0.0],["2026-01-08",-24.90501258],["2026-01-09",0.0],["2026-01-10",0.0],["2026-01-11",0.0],["2026-01-12",6.83313142],["2026-01-13",19.88699728],["2026-01-14",6.84510008],["2026-01-15",0.0],["2026-01-16",-24.94872804],["2026-01-17",0.0],["2026-01-18",0.0],["2026-01-19",-24.94871965],["2026-01-20",-48.59091709],["2026-01-21",12.4805322],["2026-01-22",0.0],["2026-01-23",0.0],["2026-01-24",0.0],["2026-01-25",0.0],["2026-01-26",0.0],["2026-01-27",0.0],["2026-01-28",6.32260882],["2026-01-29",-46.240823],["2026-01-30",-22.74420203],["2026-01-31",0.0],["2026-02-01",0.0],["2026-02-02",0.0],["2026-02-03",0.0],["2026-02-04",0.0],["2026-02-05",0.0],["2026-02-06",0.0],["2026-02-07",0.0],["2026-02-08",0.0],["2026-02-09",0.0],["2026-02-10",0.0],["2026-02-11",0.0],["2026-02-12",5.90906769],["2026-02-13",11.85709583],["2026-02-14",35.78357929],["2026-02-15",-30.89135704],["2026-02-16",0.0],["2026-02-17",0.0],["2026-02-18",0.0],["2026-02-19",0.0],["2026-02-20",0.0],["2026-02-21",-9.98666914]],"wins":41,"losses":17,"draws":0,"winrate":0.7068965517241379,"holding_avg":"2 days, 11:16:00","holding_avg_s":213360.0,"winner_holding_min":"0d 01:45","winner_holding_min_s":6300.0,"winner_holding_max":"16d 00:45","winner_holding_max_s":1385100.0,"winner_holding_avg":"2d 02:32","winner_holding_avg_s":181920.0,"loser_holding_min":"0d 08:30","loser_holding_min_s":30600.0,"loser_holding_max":"8d 11:00","loser_holding_max_s":730800.0,"loser_holding_avg":"3d 08:19","loser_holding_avg_s":289140.0,"max_consecutive_wins":15,"max_consecutive_losses":4,"max_drawdown_account":0.1424066988181402,"max_relative_drawdown":0.1424066988181402,"max_drawdown_abs":148.67024879000002,"drawdown_start":"2026-01-14 16:30:00","drawdown_start_ts":1768408200000.0,"drawdown_end":"2026-01-30 01:30:00","drawdown_end_ts":1769736600000.0,"drawdown_duration":"15 days 09:00:00","drawdown_duration_s":1328400.0,"max_drawdown_low":-104.68671414,"max_drawdown_high":43.98353465,"csum_min":895.31328586,"csum_max":1043.98353465}},"strategy_comparison":[{"key":"SupertrendStrategy_Optimized","trades":58,"profit_mean":-0.0045145503357205624,"profit_mean_pct":-0.45,"profit_total_abs":-92.01499751,"profit_total":-0.09201499751,"profit_total_pct":-9.2,"duration_avg":"2 days, 11:16:00","wins":41,"draws":0,"losses":17,"winrate":0.7068965517241379,"cagr":-0.33300407977932756,"expectancy":-1.5864654743103443,"expectancy_ratio":-0.07339497778395687,"sortino":-3.2172785710830794,"sharpe":-1.511463657185911,"calmar":-14.18911731006133,"sqn":-0.8959,"profit_factor":0.7495936052076766,"max_drawdown_account":0.1424066988181402,"max_drawdown_abs":"148.67"}]}