{"strategy":{"SupertrendFuturesStrategyV7_1":{"trades":[{"pair":"DOGE/USDT:USDT","stake_amount":399.4269,"max_stake_amount":399.4269,"amount":5420.0,"open_date":"2025-12-03 02:30:00+00:00","close_date":"2025-12-03 06:30:00+00:00","open_rate":0.14739,"close_rate":0.1519613756878439,"fee_open":0.0005,"fee_close":0.0005,"trade_duration":240,"profit_ratio":0.05997001499250375,"profit_abs":23.965614,"exit_reason":"roi","initial_stop_loss_abs":0.14518,"initial_stop_loss_ratio":-0.03,"stop_loss_abs":0.15015,"stop_loss_ratio":-0.02,"min_rate":0.14675,"max_rate":0.15199,"is_open":false,"enter_tag":"","leverage":2,"is_short":false,"open_timestamp":1764729000000,"close_timestamp":1764743400000,"orders":[{"amount":5420.0,"safe_price":0.14739,"ft_order_side":"buy","order_filled_timestamp":1764729000000,"ft_is_entry":true,"ft_order_tag":"","cost":799.2532269},{"amount":5420.0,"safe_price":0.1519613756878439,"ft_order_side":"sell","order_filled_timestamp":1764743400000,"ft_is_entry":false,"ft_order_tag":"roi","cost":824.042471556228}],"funding_fees":0.0,"weekday":2},{"pair":"ETH/USDT:USDT","stake_amount":399.779725,"max_stake_amount":399.779725,"amount":0.263,"open_date":"2025-12-03 02:30:00+00:00","close_date":"2025-12-03 14:00:00+00:00","open_rate":3040.15,"close_rate":3062.7135,"fee_open":0.0005,"fee_close":0.0005,"trade_duration":690,"profit_ratio":0.01280673271751843,"profit_abs":5.12243202,"exit_reason":"trailing_stop_loss","initial_stop_loss_abs":2994.54775,"initial_stop_loss_ratio":-0.03,"stop_loss_abs":3062.7135,"stop_loss_ratio":-0.02,"min_rate":3017.51,"max_rate":3093.65,"is_open":false,"enter_tag":"","leverage":2,"is_short":false,"open_timestamp":1764729000000,"close_timestamp":1764770400000,"orders":[{"amount":0.263,"safe_price":3040.15,"ft_order_side":"buy","order_filled_timestamp":1764729000000,"ft_is_entry":true,"ft_order_tag":"","cost":799.959229725},{"amount":0.263,"safe_price":3062.7135,"ft_order_side":"sell","order_filled_timestamp":1764770400000,"ft_is_entry":false,"ft_order_tag":"trailing_stop_loss","cost":805.89639732525}],"funding_fees":-0.009241934581188336,"weekday":2},{"pair":"SOL/USDT:USDT","stake_amount":399.4845,"max_stake_amount":399.4845,"amount":5.7,"open_date":"2025-12-05 07:30:00+00:00","close_date":"2025-12-05 08:30:00+00:00","open_rate":140.17,"close_rate":138.06744999999998,"fee_open":0.0005,"fee_close":0.0005,"trade_duration":60,"profit_ratio":-0.03193033119884025,"profit_abs":-12.76205023,"exit_reason":"stop_loss","initial_stop_loss_abs":138.06744999999998,"initial_stop_loss_ratio":-0.03,"stop_loss_abs":138.06744999999998,"stop_loss_ratio":-0.03,"min_rate":137.74,"max_rate":140.34,"is_open":false,"enter_tag":"","leverage":2,"is_short":false,"open_timestamp":1764919800000,"close_timestamp":1764923400000,"orders":[{"amount":5.7,"safe_price":140.17,"ft_order_side":"buy","order_filled_timestamp":1764919800000,"ft_is_entry":true,"ft_order_tag":"","cost":799.3684844999999},{"amount":5.7,"safe_price":138.06744999999998,"ft_order_side":"sell","order_filled_timestamp":1764923400000,"ft_is_entry":false,"ft_order_tag":"stop_loss","cost":787.3779572324999}],"funding_fees":0.015461501416634117,"weekday":4},{"pair":"SOL/USDT:USDT","stake_amount":399.88635,"max_stake_amount":399.88635,"amount":5.79,"open_date":"2025-12-08 13:30:00+00:00","close_date":"2025-12-08 15:00:00+00:00","open_rate":138.13,"close_rate":136.05804999999998,"fee_open":0.0005,"fee_close":0.0005,"trade_duration":90,"profit_ratio":-0.03196901548038144,"profit_abs":-12.7903649,"exit_reason":"stop_loss","initial_stop_loss_abs":136.05804999999998,"initial_stop_loss_ratio":-0.03,"stop_loss_abs":136.05804999999998,"stop_loss_ratio":-0.03,"min_rate":135.29,"max_rate":139.25,"is_open":false,"enter_tag":"","leverage":2,"is_short":false,"open_timestamp":1765200600000,"close_timestamp":1765206000000,"orders":[{"amount":5.79,"safe_price":138.13,"ft_order_side":"buy","order_filled_timestamp":1765200600000,"ft_is_entry":true,"ft_order_tag":"","cost":800.17258635},{"amount":5.79,"safe_price":136.05804999999998,"ft_order_side":"sell","order_filled_timestamp":1765206000000,"ft_is_entry":false,"ft_order_tag":"stop_loss","cost":788.1699975547498}],"funding_fees":0.0,"weekday":0},{"pair":"SOL/USDT:USDT","stake_amount":399.888,"max_stake_amount":399.888,"amount":5.76,"open_date":"2025-12-12 06:00:00+00:00","close_date":"2025-12-12 15:00:00+00:00","open_rate":138.85,"close_rate":136.76725,"fee_open":0.0005,"fee_close":0.0005,"trade_duration":540,"profit_ratio":-0.032169203478923124,"profit_abs":-12.87051048,"exit_reason":"stop_loss","initial_stop_loss_abs":136.76725,"initial_stop_loss_ratio":-0.03,"stop_loss_abs":136.76725,"stop_loss_ratio":-0.03,"min_rate":135.5,"max_rate":140.13,"is_open":false,"enter_tag":"","leverage":2,"is_short":false,"open_timestamp":1765519200000,"close_timestamp":1765551600000,"orders":[{"amount":5.76,"safe_price":138.85,"ft_order_side":"buy","order_filled_timestamp":1765519200000,"ft_is_entry":true,"ft_order_tag":"","cost":800.1758879999999},{"amount":5.76,"safe_price":136.76725,"ft_order_side":"sell","order_filled_timestamp":1765551600000,"ft_is_entry":false,"ft_order_tag":"stop_loss","cost":788.1732496799998}],"funding_fees":-0.0800928,"weekday":4},{"pair":"ETH/USDT:USDT","stake_amount":399.251145,"max_stake_amount":399.251145,"amount":0.269,"open_date":"2025-12-19 17:30:00+00:00","close_date":"2025-12-22 00:00:00+00:00","open_rate":2968.41,"close_rate":3060.476743371685,"fee_open":0.0005,"fee_close":0.0005,"trade_duration":3270,"profit_ratio":0.060074607530753506,"profit_abs":23.99684827,"exit_reason":"roi","initial_stop_loss_abs":2923.8838499999997,"initial_stop_loss_ratio":-0.03,"stop_loss_abs":3031.38,"stop_loss_ratio":-0.02,"min_rate":2933.09,"max_rate":3062.0,"is_open":false,"enter_tag":"","leverage":2,"is_short":false,"open_timestamp":1766165400000,"close_timestamp":1766361600000,"orders":[{"amount":0.269,"safe_price":2968.41,"ft_order_side":"buy","order_filled_timestamp":1766165400000,"ft_is_entry":true,"ft_order_tag":"","cost":798.901541145},{"amount":0.269,"safe_price":3060.476743371685,"ft_order_side":"sell","order_filled_timestamp":1766361600000,"ft_is_entry":false,"ft_order_tag":"roi","cost":823.6798780889668}],"funding_fees":0.04177956895987976,"weekday":0},{"pair":"ETH/USDT:USDT","stake_amount":399.083355,"max_stake_amount":399.083355,"amount":0.261,"open_date":"2025-12-22 14:30:00+00:00","close_date":"2025-12-22 18:30:00+00:00","open_rate":3058.11,"close_rate":3012.23835,"fee_open":0.0005,"fee_close":0.0005,"trade_duration":240,"profit_ratio":-0.032008865734919914,"profit_abs":-12.78059263,"exit_reason":"stop_loss","initial_stop_loss_abs":3012.23835,"initial_stop_loss_ratio":-0.03,"stop_loss_abs":3012.23835,"stop_loss_ratio":-0.03,"min_rate":3005.6,"max_rate":3073.72,"is_open":false,"enter_tag":"","leverage":2,"is_short":false,"open_timestamp":1766413800000,"close_timestamp":1766428200000,"orders":[{"amount":0.261,"safe_price":3058.11,"ft_order_side":"buy","order_filled_timestamp":1766413800000,"ft_is_entry":true,"ft_order_tag":"","cost":798.565793355},{"amount":0.261,"safe_price":3012.23835,"ft_order_side":"sell","order_filled_timestamp":1766428200000,"ft_is_entry":false,"ft_order_tag":"stop_loss","cost":786.5873064546751}],"funding_fees":-0.01591152322114195,"weekday":0},{"pair":"DOGE/USDT:USDT","stake_amount":399.3796,"max_stake_amount":399.3796,"amount":5960.0,"open_date":"2025-12-22 15:00:00+00:00","close_date":"2025-12-22 19:30:00+00:00","open_rate":0.13402,"close_rate":0.13201,"fee_open":0.0005,"fee_close":0.0005,"trade_duration":270,"profit_ratio":-0.03203436906454004,"profit_abs":-12.80027044,"exit_reason":"stop_loss","initial_stop_loss_abs":0.13201,"initial_stop_loss_ratio":-0.03,"stop_loss_abs":0.13201,"stop_loss_ratio":-0.03,"min_rate":0.1316,"max_rate":0.13537,"is_open":false,"enter_tag":"","leverage":2,"is_short":false,"open_timestamp":1766415600000,"close_timestamp":1766431800000,"orders":[{"amount":5960.0,"safe_price":0.13402,"ft_order_side":"buy","order_filled_timestamp":1766415600000,"ft_is_entry":true,"ft_order_tag":"","cost":799.1585795999999},{"amount":5960.0,"safe_price":0.13201,"ft_order_side":"sell","order_filled_timestamp":1766431800000,"ft_is_entry":false,"ft_order_tag":"stop_loss","cost":787.1729897999999}],"funding_fees":-0.027901036251891678,"weekday":0},{"pair":"DOGE/USDT:USDT","stake_amount":399.4779,"max_stake_amount":399.4779,"amount":6290.0,"open_date":"2026-01-02 03:30:00+00:00","close_date":"2026-01-02 04:00:00+00:00","open_rate":0.12702,"close_rate":0.12815,"fee_open":0.0005,"fee_close":0.0005,"trade_duration":30,"profit_ratio":0.01577568954461519,"profit_abs":6.30519035,"exit_reason":"trailing_stop_loss","initial_stop_loss_abs":0.12512,"initial_stop_loss_ratio":-0.03,"stop_loss_abs":0.12815,"stop_loss_ratio":-0.02,"min_rate":0.12702,"max_rate":0.12944,"is_open":false,"enter_tag":"","leverage":2,"is_short":false,"open_timestamp":1767324600000,"close_timestamp":1767326400000,"orders":[{"amount":6290.0,"safe_price":0.12702,"ft_order_side":"buy","order_filled_timestamp":1767324600000,"ft_is_entry":true,"ft_order_tag":"","cost":799.3552778999999},{"amount":6290.0,"safe_price":0.12815,"ft_order_side":"sell","order_filled_timestamp":1767326400000,"ft_is_entry":false,"ft_order_tag":"trailing_stop_loss","cost":806.4665317499998}],"funding_fees":0.0,"weekday":4},{"pair":"DOGE/USDT:USDT","stake_amount":399.6096,"max_stake_amount":399.6096,"amount":6240.0,"open_date":"2026-01-02 08:30:00+00:00","close_date":"2026-01-02 09:30:00+00:00","open_rate":0.12808,"close_rate":0.13205246623311653,"fee_open":0.0005,"fee_close":0.0005,"trade_duration":60,"profit_ratio":0.059970014992503755,"profit_abs":23.976576,"exit_reason":"roi","initial_stop_loss_abs":0.12616,"initial_stop_loss_ratio":-0.03,"stop_loss_abs":0.1335,"stop_loss_ratio":-0.02,"min_rate":0.12799,"max_rate":0.13484,"is_open":false,"enter_tag":"","leverage":2,"is_short":false,"open_timestamp":1767342600000,"close_timestamp":1767346200000,"orders":[{"amount":6240.0,"safe_price":0.12808,"ft_order_side":"buy","order_filled_timestamp":1767342600000,"ft_is_entry":true,"ft_order_tag":"","cost":799.6188096},{"amount":6240.0,"safe_price":0.13205246623311653,"ft_order_side":"sell","order_filled_timestamp":1767346200000,"ft_is_entry":false,"ft_order_tag":"roi","cost":824.4193929892945}],"funding_fees":0.0,"weekday":4},{"pair":"SOL/USDT:USDT","stake_amount":399.625,"max_stake_amount":399.625,"amount":6.25,"open_date":"2026-01-02 09:00:00+00:00","close_date":"2026-01-02 11:00:00+00:00","open_rate":127.88,"close_rate":128.6703,"fee_open":0.0005,"fee_close":0.0005,"trade_duration":120,"profit_ratio":0.010348670669357221,"profit_abs":4.13765531,"exit_reason":"trailing_stop_loss","initial_stop_loss_abs":125.9618,"initial_stop_loss_ratio":-0.03,"stop_loss_abs":128.6703,"stop_loss_ratio":-0.02,"min_rate":127.74,"max_rate":129.97,"is_open":false,"enter_tag":"","leverage":2,"is_short":false,"open_timestamp":1767344400000,"close_timestamp":1767351600000,"orders":[{"amount":6.25,"safe_price":127.88,"ft_order_side":"buy","order_filled_timestamp":1767344400000,"ft_is_entry":true,"ft_order_tag":"","cost":799.6496249999999},{"amount":6.25,"safe_price":128.6703,"ft_order_side":"sell","order_filled_timestamp":1767351600000,"ft_is_entry":false,"ft_order_tag":"trailing_stop_loss","cost":804.5914696874999}],"funding_fees":0.0,"weekday":4},{"pair":"DOGE/USDT:USDT","stake_amount":399.83895,"max_stake_amount":399.83895,"amount":6090.0,"open_date":"2026-01-02 13:00:00+00:00","close_date":"2026-01-02 14:30:00+00:00","open_rate":0.13131,"close_rate":0.13397,"fee_open":0.0005,"fee_close":0.0005,"trade_duration":90,"profit_ratio":0.038475317211548815,"profit_abs":15.3916224,"exit_reason":"trailing_stop_loss","initial_stop_loss_abs":0.12935,"initial_stop_loss_ratio":-0.03,"stop_loss_abs":0.13397,"stop_loss_ratio":-0.02,"min_rate":0.1295,"max_rate":0.13532,"is_open":false,"enter_tag":"","leverage":2,"is_short":false,"open_timestamp":1767358800000,"close_timestamp":1767364200000,"orders":[{"amount":6090.0,"safe_price":0.13131,"ft_order_side":"buy","order_filled_timestamp":1767358800000,"ft_is_entry":true,"ft_order_tag":"","cost":800.07773895},{"amount":6090.0,"safe_price":0.13397,"ft_order_side":"sell","order_filled_timestamp":1767364200000,"ft_is_entry":false,"ft_order_tag":"trailing_stop_loss","cost":816.28523865}],"funding_fees":0.0,"weekday":4},{"pair":"ETH/USDT:USDT","stake_amount":398.95583,"max_stake_amount":398.95583,"amount":0.259,"open_date":"2026-01-02 15:00:00+00:00","close_date":"2026-01-02 16:30:00+00:00","open_rate":3080.74,"close_rate":3114.045,"fee_open":0.0005,"fee_close":0.0005,"trade_duration":90,"profit_ratio":0.019829696669561823,"profit_abs":7.91512868,"exit_reason":"trailing_stop_loss","initial_stop_loss_abs":3034.5289,"initial_stop_loss_ratio":-0.03,"stop_loss_abs":3114.045,"stop_loss_ratio":-0.02,"min_rate":3053.05,"max_rate":3145.5,"is_open":false,"enter_tag":"","leverage":2,"is_short":false,"open_timestamp":1767366000000,"close_timestamp":1767371400000,"orders":[{"amount":0.259,"safe_price":3080.74,"ft_order_side":"buy","order_filled_timestamp":1767366000000,"ft_is_entry":true,"ft_order_tag":"","cost":798.31061583},{"amount":0.259,"safe_price":3114.045,"ft_order_side":"sell","order_filled_timestamp":1767371400000,"ft_is_entry":false,"ft_order_tag":"trailing_stop_loss","cost":806.9409238275}],"funding_fees":0.09135833790615717,"weekday":4},{"pair":"SOL/USDT:USDT","stake_amount":399.39615,"max_stake_amount":399.39615,"amount":6.21,"open_date":"2026-01-02 15:00:00+00:00","close_date":"2026-01-02 16:30:00+00:00","open_rate":128.63,"close_rate":130.4523,"fee_open":0.0005,"fee_close":0.0005,"trade_duration":90,"profit_ratio":0.026296658838226343,"profit_abs":10.50803569,"exit_reason":"trailing_stop_loss","initial_stop_loss_abs":126.70054999999999,"initial_stop_loss_ratio":-0.03,"stop_loss_abs":130.4523,"stop_loss_ratio":-0.02,"min_rate":127.33,"max_rate":131.77,"is_open":false,"enter_tag":"","leverage":2,"is_short":false,"open_timestamp":1767366000000,"close_timestamp":1767371400000,"orders":[{"amount":6.21,"safe_price":128.63,"ft_order_side":"buy","order_filled_timestamp":1767366000000,"ft_is_entry":true,"ft_order_tag":"","cost":799.1916961499999},{"amount":6.21,"safe_price":130.4523,"ft_order_side":"sell","order_filled_timestamp":1767371400000,"ft_is_entry":false,"ft_order_tag":"trailing_stop_loss","cost":810.5138373914999}],"funding_fees":-0.003996765246866303,"weekday":4},{"pair":"DOGE/USDT:USDT","stake_amount":399.79225,"max_stake_amount":399.79225,"amount":5830.0,"open_date":"2026-01-02 16:30:00+00:00","close_date":"2026-01-02 17:00:00+00:00","open_rate":0.13715,"close_rate":0.13806,"fee_open":0.0005,"fee_close":0.0005,"trade_duration":30,"profit_ratio":0.01125787816991978,"profit_abs":4.50306285,"exit_reason":"trailing_stop_loss","initial_stop_loss_abs":0.1351,"initial_stop_loss_ratio":-0.03,"stop_loss_abs":0.13806,"stop_loss_ratio":-0.02,"min_rate":0.13681,"max_rate":0.13945,"is_open":false,"enter_tag":"","leverage":2,"is_short":false,"open_timestamp":1767371400000,"close_timestamp":1767373200000,"orders":[{"amount":5830.0,"safe_price":0.13715,"ft_order_side":"buy","order_filled_timestamp":1767371400000,"ft_is_entry":true,"ft_order_tag":"","cost":799.9842922499998},{"amount":5830.0,"safe_price":0.13806,"ft_order_side":"sell","order_filled_timestamp":1767373200000,"ft_is_entry":false,"ft_order_tag":"trailing_stop_loss","cost":805.2922448999999}],"funding_fees":0.0,"weekday":4},{"pair":"SOL/USDT:USDT","stake_amount":399.7162,"max_stake_amount":399.7162,"amount":6.11,"open_date":"2026-01-02 17:00:00+00:00","close_date":"2026-01-02 22:00:00+00:00","open_rate":130.84,"close_rate":131.9571,"fee_open":0.0005,"fee_close":0.0005,"trade_duration":300,"profit_ratio":0.015059750010073428,"profit_abs":6.02263586,"exit_reason":"trailing_stop_loss","initial_stop_loss_abs":128.8774,"initial_stop_loss_ratio":-0.03,"stop_loss_abs":131.9571,"stop_loss_ratio":-0.02,"min_rate":130.28,"max_rate":133.29,"is_open":false,"enter_tag":"","leverage":2,"is_short":false,"open_timestamp":1767373200000,"close_timestamp":1767391200000,"orders":[{"amount":6.11,"safe_price":130.84,"ft_order_side":"buy","order_filled_timestamp":1767373200000,"ft_is_entry":true,"ft_order_tag":"","cost":799.8321162},{"amount":6.11,"safe_price":131.9571,"ft_order_side":"sell","order_filled_timestamp":1767391200000,"ft_is_entry":false,"ft_order_tag":"trailing_stop_loss","cost":806.6610099405}],"funding_fees":0.0,"weekday":4},{"pair":"SOL/USDT:USDT","stake_amount":399.3669,"max_stake_amount":399.3669,"amount":6.03,"open_date":"2026-01-02 22:30:00+00:00","close_date":"2026-01-03 07:00:00+00:00","open_rate":132.46,"close_rate":130.47310000000002,"fee_open":0.0005,"fee_close":0.0005,"trade_duration":510,"profit_ratio":-0.03201041087961882,"profit_abs":-12.79029051,"exit_reason":"stop_loss","initial_stop_loss_abs":130.47310000000002,"initial_stop_loss_ratio":-0.03,"stop_loss_abs":130.47310000000002,"stop_loss_ratio":-0.03,"min_rate":129.93,"max_rate":133.16,"is_open":false,"enter_tag":"","leverage":2,"is_short":false,"open_timestamp":1767393000000,"close_timestamp":1767423600000,"orders":[{"amount":6.03,"safe_price":132.46,"ft_order_side":"buy","order_filled_timestamp":1767393000000,"ft_is_entry":true,"ft_order_tag":"","cost":799.1331669},{"amount":6.03,"safe_price":130.47310000000002,"ft_order_side":"sell","order_filled_timestamp":1767423600000,"ft_is_entry":false,"ft_order_tag":"stop_loss","cost":787.1461693965001}],"funding_fees":-0.01654021093952985,"weekday":5},{"pair":"DOGE/USDT:USDT","stake_amount":399.5028,"max_stake_amount":399.5028,"amount":5210.0,"open_date":"2026-01-04 12:30:00+00:00","close_date":"2026-01-04 14:30:00+00:00","open_rate":0.15336,"close_rate":0.15106,"fee_open":0.0005,"fee_close":0.0005,"trade_duration":120,"profit_ratio":-0.0319638042220413,"profit_abs":-12.7760141,"exit_reason":"stop_loss","initial_stop_loss_abs":0.15106,"initial_stop_loss_ratio":-0.03,"stop_loss_abs":0.15106,"stop_loss_ratio":-0.03,"min_rate":0.15036,"max_rate":0.15404,"is_open":false,"enter_tag":"","leverage":2,"is_short":false,"open_timestamp":1767529800000,"close_timestamp":1767537000000,"orders":[{"amount":5210.0,"safe_price":0.15336,"ft_order_side":"buy","order_filled_timestamp":1767529800000,"ft_is_entry":true,"ft_order_tag":"","cost":799.4051027999999},{"amount":5210.0,"safe_price":0.15106,"ft_order_side":"sell","order_filled_timestamp":1767537000000,"ft_is_entry":false,"ft_order_tag":"stop_loss","cost":787.4161113}],"funding_fees":0.0,"weekday":6},{"pair":"ETH/USDT:USDT","stake_amount":399.80362,"max_stake_amount":399.80362,"amount":0.254,"open_date":"2026-01-04 02:00:00+00:00","close_date":"2026-01-05 01:30:00+00:00","open_rate":3148.06,"close_rate":3189.7799999999997,"fee_open":0.0005,"fee_close":0.0005,"trade_duration":1410,"profit_ratio":0.024350897601913293,"profit_abs":9.7404448,"exit_reason":"trailing_stop_loss","initial_stop_loss_abs":3100.8390999999997,"initial_stop_loss_ratio":-0.03,"stop_loss_abs":3189.7799999999997,"stop_loss_ratio":-0.02,"min_rate":3116.14,"max_rate":3222.0,"is_open":false,"enter_tag":"","leverage":2,"is_short":false,"open_timestamp":1767492000000,"close_timestamp":1767576600000,"orders":[{"amount":0.254,"safe_price":3148.06,"ft_order_side":"buy","order_filled_timestamp":1767492000000,"ft_is_entry":true,"ft_order_tag":"","cost":800.00704362},{"amount":0.254,"safe_price":3189.7799999999997,"ft_order_side":"sell","order_filled_timestamp":1767576600000,"ft_is_entry":false,"ft_order_tag":"trailing_stop_loss","cost":810.60922206}],"funding_fees":-0.05152952376345006,"weekday":0},{"pair":"BTC/USDT:USDT","stake_amount":398.05143,"max_stake_amount":398.05143,"amount":0.0086,"open_date":"2026-01-05 05:00:00+00:00","close_date":"2026-01-05 17:30:00+00:00","open_rate":92570.1,"close_rate":93524.11200000001,"fee_open":0.0005,"fee_close":0.0005,"trade_duration":750,"profit_ratio":0.018316344640218463,"profit_abs":7.2944926,"exit_reason":"trailing_stop_loss","initial_stop_loss_abs":91181.5485,"initial_stop_loss_ratio":-0.03,"stop_loss_abs":93524.11200000001,"stop_loss_ratio":-0.02,"min_rate":92112.3,"max_rate":94468.8,"is_open":false,"enter_tag":"","leverage":2,"is_short":false,"open_timestamp":1767589200000,"close_timestamp":1767634200000,"orders":[{"amount":0.0086,"safe_price":92570.1,"ft_order_side":"buy","order_filled_timestamp":1767589200000,"ft_is_entry":true,"ft_order_tag":"","cost":796.5009114300001},{"amount":0.0086,"safe_price":93524.11200000001,"ft_order_side":"sell","order_filled_timestamp":1767634200000,"ft_is_entry":false,"ft_order_tag":"trailing_stop_loss","cost":804.7095168816}],"funding_fees":-0.10980548698226733,"weekday":0},{"pair":"ETH/USDT:USDT","stake_amount":398.89206,"max_stake_amount":398.89206,"amount":0.252,"open_date":"2026-01-05 05:00:00+00:00","close_date":"2026-01-05 17:30:00+00:00","open_rate":3165.81,"close_rate":3196.6605,"fee_open":0.0005,"fee_close":0.0005,"trade_duration":750,"profit_ratio":0.017263833847373553,"profit_abs":6.88984945,"exit_reason":"trailing_stop_loss","initial_stop_loss_abs":3118.32285,"initial_stop_loss_ratio":-0.03,"stop_loss_abs":3196.6605,"stop_loss_ratio":-0.02,"min_rate":3132.02,"max_rate":3228.95,"is_open":false,"enter_tag":"","leverage":2,"is_short":false,"open_timestamp":1767589200000,"close_timestamp":1767634200000,"orders":[{"amount":0.252,"safe_price":3165.81,"ft_order_side":"buy","order_filled_timestamp":1767589200000,"ft_is_entry":true,"ft_order_tag":"","cost":798.18301206},{"amount":0.252,"safe_price":3196.6605,"ft_order_side":"sell","order_filled_timestamp":1767634200000,"ft_is_entry":false,"ft_order_tag":"trailing_stop_loss","cost":805.9612252229999}],"funding_fees":-0.08280526367712304,"weekday":0},{"pair":"BTC/USDT:USDT","stake_amount":397.69128,"max_stake_amount":397.69128,"amount":0.0084,"open_date":"2026-01-05 20:30:00+00:00","close_date":"2026-01-06 07:00:00+00:00","open_rate":94688.4,"close_rate":93268.074,"fee_open":0.0005,"fee_close":0.0005,"trade_duration":630,"profit_ratio":-0.03186682941579721,"profit_abs":-12.67949676,"exit_reason":"stop_loss","initial_stop_loss_abs":93268.074,"initial_stop_loss_ratio":-0.03,"stop_loss_abs":93268.074,"stop_loss_ratio":-0.03,"min_rate":93257.6,"max_rate":94688.4,"is_open":false,"enter_tag":"","leverage":2,"is_short":false,"open_timestamp":1767645000000,"close_timestamp":1767682800000,"orders":[{"amount":0.0084,"safe_price":94688.4,"ft_order_side":"buy","order_filled_timestamp":1767645000000,"ft_is_entry":true,"ft_order_tag":"","cost":795.7802512799999},{"amount":0.0084,"safe_price":93268.074,"ft_order_side":"sell","order_filled_timestamp":1767682800000,"ft_is_entry":false,"ft_order_tag":"stop_loss","cost":783.8435475107999}],"funding_fees":0.04065883273545115,"weekday":1},{"pair":"ETH/USDT:USDT","stake_amount":398.47695,"max_stake_amount":398.47695,"amount":0.246,"open_date":"2026-01-06 11:30:00+00:00","close_date":"2026-01-06 14:00:00+00:00","open_rate":3239.65,"close_rate":3275.5635,"fee_open":0.0005,"fee_close":0.0005,"trade_duration":150,"profit_ratio":0.020150061559304166,"profit_abs":8.03334974,"exit_reason":"trailing_stop_loss","initial_stop_loss_abs":3191.05525,"initial_stop_loss_ratio":-0.03,"stop_loss_abs":3275.5635,"stop_loss_ratio":-0.02,"min_rate":3227.66,"max_rate":3308.65,"is_open":false,"enter_tag":"","leverage":2,"is_short":false,"open_timestamp":1767699000000,"close_timestamp":1767708000000,"orders":[{"amount":0.246,"safe_price":3239.65,"ft_order_side":"buy","order_filled_timestamp":1767699000000,"ft_is_entry":true,"ft_order_tag":"","cost":797.3523769499999},{"amount":0.246,"safe_price":3275.5635,"ft_order_side":"sell","order_filled_timestamp":1767708000000,"ft_is_entry":false,"ft_order_tag":"trailing_stop_loss","cost":806.1915153105}],"funding_fees":0.0,"weekday":1},{"pair":"ETH/USDT:USDT","stake_amount":398.78212,"max_stake_amount":398.78212,"amount":0.242,"open_date":"2026-01-06 15:30:00+00:00","close_date":"2026-01-06 16:00:00+00:00","open_rate":3295.72,"close_rate":3246.2841999999996,"fee_open":0.0005,"fee_close":0.0005,"trade_duration":30,"profit_ratio":-0.03196242433921269,"profit_abs":-12.75241636,"exit_reason":"stop_loss","initial_stop_loss_abs":3246.2841999999996,"initial_stop_loss_ratio":-0.03,"stop_loss_abs":3246.2841999999996,"stop_loss_ratio":-0.03,"min_rate":3245.8,"max_rate":3298.23,"is_open":false,"enter_tag":"","leverage":2,"is_short":false,"open_timestamp":1767713400000,"close_timestamp":1767715200000,"orders":[{"amount":0.242,"safe_price":3295.72,"ft_order_side":"buy","order_filled_timestamp":1767713400000,"ft_is_entry":true,"ft_order_tag":"","cost":797.9630221199999},{"amount":0.242,"safe_price":3246.2841999999996,"ft_order_side":"sell","order_filled_timestamp":1767715200000,"ft_is_entry":false,"ft_order_tag":"stop_loss","cost":785.9935767881998}],"funding_fees":0.002629745527278497,"weekday":1},{"pair":"ETH/USDT:USDT","stake_amount":399.8115,"max_stake_amount":399.8115,"amount":0.246,"open_date":"2026-01-06 17:00:00+00:00","close_date":"2026-01-06 17:30:00+00:00","open_rate":3250.5,"close_rate":3201.7425,"fee_open":0.0005,"fee_close":0.0005,"trade_duration":30,"profit_ratio":-0.0319690154985037,"profit_abs":-12.78797083,"exit_reason":"stop_loss","initial_stop_loss_abs":3201.7425,"initial_stop_loss_ratio":-0.03,"stop_loss_abs":3201.7425,"stop_loss_ratio":-0.03,"min_rate":3188.13,"max_rate":3259.0,"is_open":false,"enter_tag":"","leverage":2,"is_short":false,"open_timestamp":1767718800000,"close_timestamp":1767720600000,"orders":[{"amount":0.246,"safe_price":3250.5,"ft_order_side":"buy","order_filled_timestamp":1767718800000,"ft_is_entry":true,"ft_order_tag":"","cost":800.0228114999999},{"amount":0.246,"safe_price":3201.7425,"ft_order_side":"sell","order_filled_timestamp":1767720600000,"ft_is_entry":false,"ft_order_tag":"stop_loss","cost":788.0224693275}],"funding_fees":0.0,"weekday":1},{"pair":"SOL/USDT:USDT","stake_amount":399.7863,"max_stake_amount":399.7863,"amount":5.63,"open_date":"2026-01-12 02:30:00+00:00","close_date":"2026-01-12 03:00:00+00:00","open_rate":142.02,"close_rate":142.9164,"fee_open":0.0005,"fee_close":0.0005,"trade_duration":30,"profit_ratio":0.01061195636922449,"profit_abs":4.24463603,"exit_reason":"trailing_stop_loss","initial_stop_loss_abs":139.8897,"initial_stop_loss_ratio":-0.03,"stop_loss_abs":142.9164,"stop_loss_ratio":-0.02,"min_rate":141.67,"max_rate":144.36,"is_open":false,"enter_tag":"","leverage":2,"is_short":false,"open_timestamp":1768185000000,"close_timestamp":1768186800000,"orders":[{"amount":5.63,"safe_price":142.02,"ft_order_side":"buy","order_filled_timestamp":1768185000000,"ft_is_entry":true,"ft_order_tag":"","cost":799.9723863},{"amount":5.63,"safe_price":142.9164,"ft_order_side":"sell","order_filled_timestamp":1768186800000,"ft_is_entry":false,"ft_order_tag":"trailing_stop_loss","cost":805.0216416659999}],"funding_fees":0.0,"weekday":0},{"pair":"SOL/USDT:USDT","stake_amount":399.4804,"max_stake_amount":399.4804,"amount":5.57,"open_date":"2026-01-12 03:30:00+00:00","close_date":"2026-01-12 08:00:00+00:00","open_rate":143.44,"close_rate":141.2884,"fee_open":0.0005,"fee_close":0.0005,"trade_duration":270,"profit_ratio":-0.0321612916107559,"profit_abs":-12.85422954,"exit_reason":"stop_loss","initial_stop_loss_abs":141.2884,"initial_stop_loss_ratio":-0.03,"stop_loss_abs":141.2884,"stop_loss_ratio":-0.03,"min_rate":141.08,"max_rate":143.56,"is_open":false,"enter_tag":"","leverage":2,"is_short":false,"open_timestamp":1768188600000,"close_timestamp":1768204800000,"orders":[{"amount":5.57,"safe_price":143.44,"ft_order_side":"buy","order_filled_timestamp":1768188600000,"ft_is_entry":true,"ft_order_tag":"","cost":799.3602804},{"amount":5.57,"safe_price":141.2884,"ft_order_side":"sell","order_filled_timestamp":1768204800000,"ft_is_entry":false,"ft_order_tag":"stop_loss","cost":787.369876194}],"funding_fees":-0.07684894747259675,"weekday":0},{"pair":"ETH/USDT:USDT","stake_amount":399.875,"max_stake_amount":399.875,"amount":0.25,"open_date":"2026-01-13 19:00:00+00:00","close_date":"2026-01-13 22:00:00+00:00","open_rate":3199.0,"close_rate":3298.2186093046516,"fee_open":0.0005,"fee_close":0.0005,"trade_duration":180,"profit_ratio":0.05997001499250375,"profit_abs":23.9925,"exit_reason":"roi","initial_stop_loss_abs":3151.015,"initial_stop_loss_ratio":-0.03,"stop_loss_abs":3364.02,"stop_loss_ratio":-0.02,"min_rate":3188.52,"max_rate":3398.0,"is_open":false,"enter_tag":"","leverage":2,"is_short":false,"open_timestamp":1768330800000,"close_timestamp":1768341600000,"orders":[{"amount":0.25,"safe_price":3199.0,"ft_order_side":"buy","order_filled_timestamp":1768330800000,"ft_is_entry":true,"ft_order_tag":"","cost":800.149875},{"amount":0.25,"safe_price":3298.2186093046516,"ft_order_side":"sell","order_filled_timestamp":1768341600000,"ft_is_entry":false,"ft_order_tag":"roi","cost":824.9669296523259}],"funding_fees":0.0,"weekday":1},{"pair":"SOL/USDT:USDT","stake_amount":399.34875,"max_stake_amount":399.34875,"amount":5.45,"open_date":"2026-01-13 22:30:00+00:00","close_date":"2026-01-14 00:30:00+00:00","open_rate":146.55,"close_rate":144.35175,"fee_open":0.0005,"fee_close":0.0005,"trade_duration":120,"profit_ratio":-0.03216742874184685,"profit_abs":-12.85244547,"exit_reason":"stop_loss","initial_stop_loss_abs":144.35175,"initial_stop_loss_ratio":-0.03,"stop_loss_abs":144.35175,"stop_loss_ratio":-0.03,"min_rate":144.3,"max_rate":147.66,"is_open":false,"enter_tag":"","leverage":2,"is_short":false,"open_timestamp":1768343400000,"close_timestamp":1768350600000,"orders":[{"amount":5.45,"safe_price":146.55,"ft_order_side":"buy","order_filled_timestamp":1768343400000,"ft_is_entry":true,"ft_order_tag":"","cost":799.09684875},{"amount":5.45,"safe_price":144.35175,"ft_order_side":"sell","order_filled_timestamp":1768350600000,"ft_is_entry":false,"ft_order_tag":"stop_loss","cost":787.1103960187501}],"funding_fees":-0.07927570000000002,"weekday":2},{"pair":"ETH/USDT:USDT","stake_amount":398.50019,"max_stake_amount":398.50019,"amount":0.242,"open_date":"2026-01-14 12:30:00+00:00","close_date":"2026-01-14 14:30:00+00:00","open_rate":3293.39,"close_rate":3323.7567,"fee_open":0.0005,"fee_close":0.0005,"trade_duration":120,"profit_ratio":0.016423566204255922,"profit_abs":6.54806665,"exit_reason":"trailing_stop_loss","initial_stop_loss_abs":3243.98915,"initial_stop_loss_ratio":-0.03,"stop_loss_abs":3323.7567,"stop_loss_ratio":-0.02,"min_rate":3288.2,"max_rate":3357.33,"is_open":false,"enter_tag":"","leverage":2,"is_short":false,"open_timestamp":1768393800000,"close_timestamp":1768401000000,"orders":[{"amount":0.242,"safe_price":3293.39,"ft_order_side":"buy","order_filled_timestamp":1768393800000,"ft_is_entry":true,"ft_order_tag":"","cost":797.3988801899999},{"amount":0.242,"safe_price":3323.7567,"ft_order_side":"sell","order_filled_timestamp":1768401000000,"ft_is_entry":false,"ft_order_tag":"trailing_stop_loss","cost":804.7512959606998}],"funding_fees":0.0,"weekday":2},{"pair":"ETH/USDT:USDT","stake_amount":398.34298,"max_stake_amount":398.34298,"amount":0.238,"open_date":"2026-01-14 15:00:00+00:00","close_date":"2026-01-14 16:30:00+00:00","open_rate":3347.42,"close_rate":3369.4056,"fee_open":0.0005,"fee_close":0.0005,"trade_duration":90,"profit_ratio":0.010924009176252063,"profit_abs":4.35367812,"exit_reason":"trailing_stop_loss","initial_stop_loss_abs":3297.2087,"initial_stop_loss_ratio":-0.03,"stop_loss_abs":3369.4056,"stop_loss_ratio":-0.02,"min_rate":3326.01,"max_rate":3403.44,"is_open":false,"enter_tag":"","leverage":2,"is_short":false,"open_timestamp":1768402800000,"close_timestamp":1768408200000,"orders":[{"amount":0.238,"safe_price":3347.42,"ft_order_side":"buy","order_filled_timestamp":1768402800000,"ft_is_entry":true,"ft_order_tag":"","cost":797.08430298},{"amount":0.238,"safe_price":3369.4056,"ft_order_side":"sell","order_filled_timestamp":1768408200000,"ft_is_entry":false,"ft_order_tag":"trailing_stop_loss","cost":802.3194920663999}],"funding_fees":-0.079592436,"weekday":2},{"pair":"ETH/USDT:USDT","stake_amount":399.90318,"max_stake_amount":399.90318,"amount":0.236,"open_date":"2026-01-14 19:30:00+00:00","close_date":"2026-01-15 00:00:00+00:00","open_rate":3389.01,"close_rate":3338.1748500000003,"fee_open":0.0005,"fee_close":0.0005,"trade_duration":270,"profit_ratio":-0.031994057180031184,"profit_abs":-12.80092247,"exit_reason":"stop_loss","initial_stop_loss_abs":3338.1748500000003,"initial_stop_loss_ratio":-0.03,"stop_loss_abs":3338.1748500000003,"stop_loss_ratio":-0.03,"min_rate":3335.24,"max_rate":3400.0,"is_open":false,"enter_tag":"","leverage":2,"is_short":false,"open_timestamp":1768419000000,"close_timestamp":1768435200000,"orders":[{"amount":0.236,"safe_price":3389.01,"ft_order_side":"buy","order_filled_timestamp":1768419000000,"ft_is_entry":true,"ft_order_tag":"","cost":800.20626318},{"amount":0.236,"safe_price":3338.1748500000003,"ft_order_side":"sell","order_filled_timestamp":1768435200000,"ft_is_entry":false,"ft_order_tag":"stop_loss","cost":788.2031692323}],"funding_fees":-0.010019257890813312,"weekday":3},{"pair":"ETH/USDT:USDT","stake_amount":399.92745,"max_stake_amount":399.92745,"amount":0.39,"open_date":"2026-02-14 06:30:00+00:00","close_date":"2026-02-14 08:00:00+00:00","open_rate":2050.91,"close_rate":2070.9117,"fee_open":0.0005,"fee_close":0.0005,"trade_duration":90,"profit_ratio":0.017405397933535453,"profit_abs":6.96437686,"exit_reason":"trailing_stop_loss","initial_stop_loss_abs":2020.1463499999998,"initial_stop_loss_ratio":-0.03,"stop_loss_abs":2070.9117,"stop_loss_ratio":-0.02,"min_rate":2049.55,"max_rate":2091.83,"is_open":false,"enter_tag":"","leverage":2,"is_short":false,"open_timestamp":1771050600000,"close_timestamp":1771056000000,"orders":[{"amount":0.39,"safe_price":2050.91,"ft_order_side":"buy","order_filled_timestamp":1771050600000,"ft_is_entry":true,"ft_order_tag":"","cost":800.2548274499999},{"amount":0.39,"safe_price":2070.9117,"ft_order_side":"sell","order_filled_timestamp":1771056000000,"ft_is_entry":false,"ft_order_tag":"trailing_stop_loss","cost":808.0593907814999}],"funding_fees":-0.03253091282458306,"weekday":5},{"pair":"DOGE/USDT:USDT","stake_amount":399.8619,"max_stake_amount":399.8619,"amount":8220.0,"open_date":"2026-02-13 21:30:00+00:00","close_date":"2026-02-14 11:00:00+00:00","open_rate":0.09729,"close_rate":0.09925,"fee_open":0.0005,"fee_close":0.0005,"trade_duration":810,"profit_ratio":0.03793359794900474,"profit_abs":15.17578465,"exit_reason":"trailing_stop_loss","initial_stop_loss_abs":0.09584,"initial_stop_loss_ratio":-0.03,"stop_loss_abs":0.09925,"stop_loss_ratio":-0.02,"min_rate":0.09624,"max_rate":0.10025,"is_open":false,"enter_tag":"","leverage":2,"is_short":false,"open_timestamp":1771018200000,"close_timestamp":1771066800000,"orders":[{"amount":8220.0,"safe_price":0.09729,"ft_order_side":"buy","order_filled_timestamp":1771018200000,"ft_is_entry":true,"ft_order_tag":"","cost":800.1236618999999},{"amount":8220.0,"safe_price":0.09925,"ft_order_side":"sell","order_filled_timestamp":1771066800000,"ft_is_entry":false,"ft_order_tag":"trailing_stop_loss","cost":816.2429175}],"funding_fees":-0.12763594799761066,"weekday":5},{"pair":"BTC/USDT:USDT","stake_amount":397.784425,"max_stake_amount":397.784425,"amount":0.0115,"open_date":"2026-02-14 08:00:00+00:00","close_date":"2026-02-14 11:00:00+00:00","open_rate":69179.9,"close_rate":69757.28099999999,"fee_open":0.0005,"fee_close":0.0005,"trade_duration":180,"profit_ratio":0.014689771422952443,"profit_abs":5.84628396,"exit_reason":"trailing_stop_loss","initial_stop_loss_abs":68142.2015,"initial_stop_loss_ratio":-0.03,"stop_loss_abs":69757.28099999999,"stop_loss_ratio":-0.02,"min_rate":69171.4,"max_rate":70461.9,"is_open":false,"enter_tag":"","leverage":2,"is_short":false,"open_timestamp":1771056000000,"close_timestamp":1771066800000,"orders":[{"amount":0.0115,"safe_price":69179.9,"ft_order_side":"buy","order_filled_timestamp":1771056000000,"ft_is_entry":true,"ft_order_tag":"","cost":795.9666344249998},{"amount":0.0115,"safe_price":69757.28099999999,"ft_order_side":"sell","order_filled_timestamp":1771066800000,"ft_is_entry":false,"ft_order_tag":"trailing_stop_loss","cost":802.6098358657498}],"funding_fees":0.005291246665423755,"weekday":5},{"pair":"SOL/USDT:USDT","stake_amount":399.7792,"max_stake_amount":399.7792,"amount":9.22,"open_date":"2026-02-14 11:30:00+00:00","close_date":"2026-02-14 16:30:00+00:00","open_rate":86.72,"close_rate":87.3081,"fee_open":0.0005,"fee_close":0.0005,"trade_duration":300,"profit_ratio":0.011631364491210142,"profit_abs":4.65230258,"exit_reason":"trailing_stop_loss","initial_stop_loss_abs":85.4192,"initial_stop_loss_ratio":-0.03,"stop_loss_abs":87.3081,"stop_loss_ratio":-0.02,"min_rate":85.95,"max_rate":88.19,"is_open":false,"enter_tag":"","leverage":2,"is_short":false,"open_timestamp":1771068600000,"close_timestamp":1771086600000,"orders":[{"amount":9.22,"safe_price":86.72,"ft_order_side":"buy","order_filled_timestamp":1771068600000,"ft_is_entry":true,"ft_order_tag":"","cost":799.9581792},{"amount":9.22,"safe_price":87.3081,"ft_order_side":"sell","order_filled_timestamp":1771086600000,"ft_is_entry":false,"ft_order_tag":"trailing_stop_loss","cost":805.383172341}],"funding_fees":0.03229011842504765,"weekday":5},{"pair":"ETH/USDT:USDT","stake_amount":399.73824,"max_stake_amount":399.73824,"amount":0.384,"open_date":"2026-02-14 17:00:00+00:00","close_date":"2026-02-15 02:00:00+00:00","open_rate":2081.97,"close_rate":2050.74045,"fee_open":0.0005,"fee_close":0.0005,"trade_duration":540,"profit_ratio":-0.03215996009557771,"profit_abs":-12.86199363,"exit_reason":"stop_loss","initial_stop_loss_abs":2050.74045,"initial_stop_loss_ratio":-0.03,"stop_loss_abs":2050.74045,"stop_loss_ratio":-0.03,"min_rate":2050.39,"max_rate":2098.87,"is_open":false,"enter_tag":"","leverage":2,"is_short":false,"open_timestamp":1771088400000,"close_timestamp":1771120800000,"orders":[{"amount":0.384,"safe_price":2081.97,"ft_order_side":"buy","order_filled_timestamp":1771088400000,"ft_is_entry":true,"ft_order_tag":"","cost":799.8762182399998},{"amount":0.384,"safe_price":2050.74045,"ft_order_side":"sell","order_filled_timestamp":1771120800000,"ft_is_entry":false,"ft_order_tag":"stop_loss","cost":787.8780749663999}],"funding_fees":-0.07636602094939812,"weekday":6},{"pair":"BTC/USDT:USDT","stake_amount":399.302425,"max_stake_amount":399.302425,"amount":0.0115,"open_date":"2026-02-14 14:00:00+00:00","close_date":"2026-02-15 08:30:00+00:00","open_rate":69443.9,"close_rate":70219.71,"fee_open":0.0005,"fee_close":0.0005,"trade_duration":1110,"profit_ratio":0.020051745302417413,"profit_abs":8.01071388,"exit_reason":"trailing_stop_loss","initial_stop_loss_abs":68402.24149999999,"initial_stop_loss_ratio":-0.03,"stop_loss_abs":70219.71,"stop_loss_ratio":-0.02,"min_rate":69222.2,"max_rate":70929.0,"is_open":false,"enter_tag":"","leverage":2,"is_short":false,"open_timestamp":1771077600000,"close_timestamp":1771144200000,"orders":[{"amount":0.0115,"safe_price":69443.9,"ft_order_side":"buy","order_filled_timestamp":1771077600000,"ft_is_entry":true,"ft_order_tag":"","cost":799.0041524249999},{"amount":0.0115,"safe_price":70219.71,"ft_order_side":"sell","order_filled_timestamp":1771144200000,"ft_is_entry":false,"ft_order_tag":"trailing_stop_loss","cost":807.9304283325}],"funding_fees":-0.1080353661842382,"weekday":6}],"locks":[],"best_pair":{"key":"DOGE/USDT:USDT","trades":8,"profit_mean":0.019923042446689333,"profit_mean_pct":1.99,"profit_total_abs":63.74156571,"profit_total":0.06374156571,"profit_total_pct":6.37,"duration_avg":"3:26:00","wins":6,"draws":0,"losses":2,"winrate":0.75,"cagr":0.30387962179828887,"expectancy":7.96769571375,"expectancy_ratio":0.6230534150719924,"sortino":1181.285730069528,"sharpe":1.0477987105112323,"calmar":114.60840299251663,"sqn":1.5417,"profit_factor":3.4922136602879696,"max_drawdown_account":0.01250068387550362,"max_drawdown_abs":12.80027044},"worst_pair":{"key":"SOL/USDT:USDT","trades":11,"profit_mean":-0.010769025546570431,"profit_mean_pct":-1.08,"profit_total_abs":-47.35462566,"profit_total":-0.04735462566,"profit_total_pct":-4.74,"duration_avg":"3:41:00","wins":5,"draws":0,"losses":6,"winrate":0.45454545454545453,"cagr":-0.18805172248351898,"expectancy":-4.304965969090908,"expectancy_ratio":-0.3358012529020782,"sortino":-262.09771151613677,"sharpe":-1.1243629051342054,"calmar":-20.465799315628587,"sqn":-1.4381,"profit_factor":0.38436436967952325,"max_drawdown_account":0.05200692823999998,"max_drawdown_abs":52.00692824},"results_per_pair":[{"key":"DOGE/USDT:USDT","trades":8,"profit_mean":0.019923042446689333,"profit_mean_pct":1.99,"profit_total_abs":63.74156571,"profit_total":0.06374156571,"profit_total_pct":6.37,"duration_avg":"3:26:00","wins":6,"draws":0,"losses":2,"winrate":0.75,"cagr":0.30387962179828887,"expectancy":7.96769571375,"expectancy_ratio":0.6230534150719924,"sortino":1181.285730069528,"sharpe":1.0477987105112323,"calmar":114.60840299251663,"sqn":1.5417,"profit_factor":3.4922136602879696,"max_drawdown_account":0.01250068387550362,"max_drawdown_abs":12.80027044},{"key":"ETH/USDT:USDT","trades":15,"profit_mean":0.006606966358981784,"profit_mean_pct":0.66,"profit_total_abs":39.572778670000005,"profit_total":0.03957277867,"profit_total_pct":3.96,"duration_avg":"8:50:00","wins":10,"draws":0,"losses":5,"winrate":0.6666666666666666,"cagr":0.18134546630563775,"expectancy":2.6381852446666674,"expectancy_ratio":0.20616009753182496,"sortino":245.22831745939502,"sharpe":0.7227145465943692,"calmar":36.529009012531425,"sqn":0.8021,"profit_factor":1.6184802925954749,"max_drawdown_account":0.02434928214653304,"max_drawdown_abs":25.540387189999997},{"key":"BTC/USDT:USDT","trades":4,"profit_mean":0.005297757987447778,"profit_mean_pct":0.53,"profit_total_abs":8.47199368,"profit_total":0.008471993680000001,"profit_total_pct":0.85,"duration_avg":"11:08:00","wins":3,"draws":0,"losses":1,"winrate":0.75,"cagr":0.03689067356164499,"expectancy":2.11799842,"expectancy_ratio":0.1670412051905441,"sortino":-100,"sharpe":0.22196496356833612,"calmar":15.12751429589658,"sqn":0.4276,"profit_factor":1.6681648207621769,"max_drawdown_account":0.01258767605020062,"max_drawdown_abs":12.67949676},{"key":"SOL/USDT:USDT","trades":11,"profit_mean":-0.010769025546570431,"profit_mean_pct":-1.08,"profit_total_abs":-47.35462566,"profit_total":-0.04735462566,"profit_total_pct":-4.74,"duration_avg":"3:41:00","wins":5,"draws":0,"losses":6,"winrate":0.45454545454545453,"cagr":-0.18805172248351898,"expectancy":-4.304965969090908,"expectancy_ratio":-0.3358012529020782,"sortino":-262.09771151613677,"sharpe":-1.1243629051342054,"calmar":-20.465799315628587,"sqn":-1.4381,"profit_factor":0.38436436967952325,"max_drawdown_account":0.05200692823999998,"max_drawdown_abs":52.00692824},{"key":"TOTAL","trades":38,"profit_mean":0.004242646997256784,"profit_mean_pct":0.42,"profit_total_abs":64.4317124,"profit_total":0.0644317124,"profit_total_pct":6.44,"duration_avg":"6:27:00","wins":24,"draws":0,"losses":14,"winrate":0.631578947368421,"cagr":0.3075160982941063,"expectancy":1.6955713789473696,"expectancy_ratio":0.13249640822358666,"sortino":294.3021900121326,"sharpe":1.1749873446246248,"calmar":38.2426445277541,"sqn":0.8368,"profit_factor":1.3596331080354496,"max_drawdown_account":0.037868601221694484,"max_drawdown_abs":40.43764547999999}],"results_per_enter_tag":[{"key":"","trades":38,"profit_mean":0.004242646997256784,"profit_mean_pct":0.42,"profit_total_abs":64.4317124,"profit_total":0.0644317124,"profit_total_pct":6.44,"duration_avg":"6:27:00","wins":24,"draws":0,"losses":14,"winrate":0.631578947368421,"cagr":0.3075160982941063,"expectancy":1.6955713789473696,"expectancy_ratio":0.13249640822358666,"sortino":294.3021900121326,"sharpe":1.1749873446246248,"calmar":38.2426445277541,"sqn":0.8368,"profit_factor":1.3596331080354496,"max_drawdown_account":0.037868601221694484,"max_drawdown_abs":40.43764547999999},{"key":"TOTAL","trades":38,"profit_mean":0.004242646997256784,"profit_mean_pct":0.42,"profit_total_abs":64.4317124,"profit_total":0.0644317124,"profit_total_pct":6.44,"duration_avg":"6:27:00","wins":24,"draws":0,"losses":14,"winrate":0.631578947368421,"cagr":0.3075160982941063,"expectancy":1.6955713789473696,"expectancy_ratio":0.13249640822358666,"sortino":294.3021900121326,"sharpe":1.1749873446246248,"calmar":38.2426445277541,"sqn":0.8368,"profit_factor":1.3596331080354496,"max_drawdown_account":0.037868601221694484,"max_drawdown_abs":40.43764547999999}],"exit_reason_summary":[{"key":"trailing_stop_loss","trades":20,"profit_mean":0.018480147016424163,"profit_mean_pct":1.85,"profit_total_abs":147.65974247999998,"profit_total":0.14765974247999997,"profit_total_pct":14.77,"duration_avg":"6:02:00","wins":20,"draws":0,"losses":0,"winrate":1.0,"cagr":0.8065279837167492,"expectancy":7.382987123999999,"expectancy_ratio":100.0,"sortino":-100,"sharpe":10.542576323191474,"calmar":-100,"sqn":10.2227,"profit_factor":0.0,"max_drawdown_account":0.0,"max_drawdown_abs":0.0},{"key":"roi","trades":4,"profit_mean":0.059996163127066196,"profit_mean_pct":6.0,"profit_total_abs":95.93153827,"profit_total":0.09593153827,"profit_total_pct":9.59,"duration_avg":"15:38:00","wins":4,"draws":0,"losses":0,"winrate":1.0,"cagr":0.48195394644183853,"expectancy":23.9828845675,"expectancy_ratio":100.0,"sortino":-100,"sharpe":1724.2533108115108,"calmar":-100,"sqn":3321.8055,"profit_factor":0.0,"max_drawdown_account":0.0,"max_drawdown_abs":0.0},{"key":"stop_loss","trades":14,"profit_mean":-0.03202621478149929,"profit_mean_pct":-3.2,"profit_total_abs":-179.15956834999997,"profit_total":-0.17915956834999996,"profit_total_pct":-17.92,"duration_avg":"4:26:00","wins":0,"draws":0,"losses":14,"winrate":0.0,"cagr":-0.5716320768898175,"expectancy":-12.797112024999999,"expectancy_ratio":-1.0,"sortino":-818.3400900428865,"sharpe":-818.3400900428865,"calmar":-22.476439028873884,"sqn":-937.6699,"profit_factor":0.0,"max_drawdown_account":0.17915956834999996,"max_drawdown_abs":179.15956834999997},{"key":"TOTAL","trades":38,"profit_mean":0.004242646997256784,"profit_mean_pct":0.42,"profit_total_abs":64.4317124,"profit_total":0.0644317124,"profit_total_pct":6.44,"duration_avg":"6:27:00","wins":24,"draws":0,"losses":14,"winrate":0.631578947368421,"cagr":0.3075160982941063,"expectancy":1.6955713789473696,"expectancy_ratio":0.13249640822358666,"sortino":294.3021900121326,"sharpe":1.1749873446246248,"calmar":38.2426445277541,"sqn":0.8368,"profit_factor":1.3596331080354496,"max_drawdown_account":0.037868601221694484,"max_drawdown_abs":40.43764547999999}],"mix_tag_stats":[{"key":["","trailing_stop_loss"],"trades":20,"profit_mean":0.018480147016424163,"profit_mean_pct":1.85,"profit_total_abs":147.65974247999998,"profit_total":0.14765974247999997,"profit_total_pct":14.77,"duration_avg":"6:02:00","wins":20,"draws":0,"losses":0,"winrate":1.0,"cagr":0.8065279837167492,"expectancy":7.382987123999999,"expectancy_ratio":100.0,"sortino":-100,"sharpe":10.542576323191474,"calmar":-100,"sqn":10.2227,"profit_factor":0.0,"max_drawdown_account":0.0,"max_drawdown_abs":0.0},{"key":["","roi"],"trades":4,"profit_mean":0.059996163127066196,"profit_mean_pct":6.0,"profit_total_abs":95.93153827,"profit_total":0.09593153827,"profit_total_pct":9.59,"duration_avg":"15:38:00","wins":4,"draws":0,"losses":0,"winrate":1.0,"cagr":0.48195394644183853,"expectancy":23.9828845675,"expectancy_ratio":100.0,"sortino":-100,"sharpe":1724.2533108115108,"calmar":-100,"sqn":3321.8055,"profit_factor":0.0,"max_drawdown_account":0.0,"max_drawdown_abs":0.0},{"key":["","stop_loss"],"trades":14,"profit_mean":-0.03202621478149929,"profit_mean_pct":-3.2,"profit_total_abs":-179.15956834999997,"profit_total":-0.17915956834999996,"profit_total_pct":-17.92,"duration_avg":"4:26:00","wins":0,"draws":0,"losses":14,"winrate":0.0,"cagr":-0.5716320768898175,"expectancy":-12.797112024999999,"expectancy_ratio":-1.0,"sortino":-818.3400900428865,"sharpe":-818.3400900428865,"calmar":-22.476439028873884,"sqn":-937.6699,"profit_factor":0.0,"max_drawdown_account":0.17915956834999996,"max_drawdown_abs":179.15956834999997},{"key":"TOTAL","trades":38,"profit_mean":0.004242646997256784,"profit_mean_pct":0.42,"profit_total_abs":64.4317124,"profit_total":0.0644317124,"profit_total_pct":6.44,"duration_avg":"6:27:00","wins":24,"draws":0,"losses":14,"winrate":0.631578947368421,"cagr":0.3075160982941063,"expectancy":1.6955713789473696,"expectancy_ratio":0.13249640822358666,"sortino":294.3021900121326,"sharpe":1.1749873446246248,"calmar":38.2426445277541,"sqn":0.8368,"profit_factor":1.3596331080354496,"max_drawdown_account":0.037868601221694484,"max_drawdown_abs":40.43764547999999}],"left_open_trades":[{"key":"TOTAL","trades":0,"profit_mean":0.0,"profit_mean_pct":0.0,"profit_total_abs":0.0,"profit_total":0.0,"profit_total_pct":0.0,"duration_avg":"0:00","wins":0,"draws":0,"losses":0,"winrate":0.0,"cagr":0.0,"expectancy":0.0,"expectancy_ratio":100.0,"sortino":0,"sharpe":0,"calmar":0,"sqn":0.0,"profit_factor":0.0,"max_drawdown_account":0.0,"max_drawdown_abs":0.0}],"total_trades":38,"trade_count_long":38,"trade_count_short":0,"total_volume":60824.38658175938,"avg_stake_amount":399.3315935526316,"profit_mean":0.004242646997256784,"profit_median":0.012219048604364286,"profit_total":0.0644317124,"profit_total_long":0.0644317124,"profit_total_short":0.0,"profit_total_abs":64.4317124,"profit_total_long_abs":64.4317124,"profit_total_short_abs":0.0,"cagr":0.3075160982941063,"expectancy":1.6955713789473696,"expectancy_ratio":0.13249640822358666,"sortino":294.3021900121326,"sharpe":1.1749873446246248,"calmar":38.2426445277541,"sqn":0.8368,"profit_factor":1.3596331080354496,"backtest_start":"2025-11-28 04:00:00","backtest_start_ts":1764302400000,"backtest_end":"2026-02-22 00:00:00","backtest_end_ts":1771718400000,"backtest_days":85,"backtest_run_start_ts":1771734984,"backtest_run_end_ts":1771734985,"trades_per_day":0.45,"market_change":-0.33705594140829076,"pairlist":["BTC/USDT:USDT","ETH/USDT:USDT","SOL/USDT:USDT","DOGE/USDT:USDT"],"stake_amount":400,"stake_currency":"USDT","stake_currency_decimals":3,"starting_balance":1000,"dry_run_wallet":1000,"final_balance":1064.4317124,"rejected_signals":15,"timedout_entry_orders":0,"timedout_exit_orders":1,"canceled_trade_entries":0,"canceled_entry_orders":0,"replaced_entry_orders":0,"max_open_trades":2,"max_open_trades_setting":2,"timeframe":"30m","timeframe_detail":"","timerange":"20251124-20260222","enable_protections":false,"strategy_name":"SupertrendFuturesStrategyV7_1","freqaimodel":null,"freqai_identifier":null,"stoploss":-0.03,"trailing_stop":true,"trailing_stop_positive":0.02,"trailing_stop_positive_offset":0.03,"trailing_only_offset_is_reached":true,"use_custom_stoploss":false,"minimal_roi":{"0":0.06},"use_exit_signal":true,"exit_profit_only":false,"exit_profit_offset":0.0,"ignore_roi_if_entry_signal":false,"trading_mode":"futures","margin_mode":"isolated","periodic_breakdown":{"day":[{"date":"03/12/2025","date_ts":1764720000000,"profit_abs":29.08804602,"wins":2,"draws":0,"losses":0,"trades":2,"profit_factor":0.0},{"date":"04/12/2025","date_ts":1764806400000,"profit_abs":0.0,"wins":0,"draws":0,"losses":0,"trades":0,"profit_factor":0.0},{"date":"05/12/2025","date_ts":1764892800000,"profit_abs":-12.76205023,"wins":0,"draws":0,"losses":1,"trades":1,"profit_factor":0.0},{"date":"06/12/2025","date_ts":1764979200000,"profit_abs":0.0,"wins":0,"draws":0,"losses":0,"trades":0,"profit_factor":0.0},{"date":"07/12/2025","date_ts":1765065600000,"profit_abs":0.0,"wins":0,"draws":0,"losses":0,"trades":0,"profit_factor":0.0},{"date":"08/12/2025","date_ts":1765152000000,"profit_abs":-12.7903649,"wins":0,"draws":0,"losses":1,"trades":1,"profit_factor":0.0},{"date":"09/12/2025","date_ts":1765238400000,"profit_abs":0.0,"wins":0,"draws":0,"losses":0,"trades":0,"profit_factor":0.0},{"date":"10/12/2025","date_ts":1765324800000,"profit_abs":0.0,"wins":0,"draws":0,"losses":0,"trades":0,"profit_factor":0.0},{"date":"11/12/2025","date_ts":1765411200000,"profit_abs":0.0,"wins":0,"draws":0,"losses":0,"trades":0,"profit_factor":0.0},{"date":"12/12/2025","date_ts":1765497600000,"profit_abs":-12.87051048,"wins":0,"draws":0,"losses":1,"trades":1,"profit_factor":0.0},{"date":"13/12/2025","date_ts":1765584000000,"profit_abs":0.0,"wins":0,"draws":0,"losses":0,"trades":0,"profit_factor":0.0},{"date":"14/12/2025","date_ts":1765670400000,"profit_abs":0.0,"wins":0,"draws":0,"losses":0,"trades":0,"profit_factor":0.0},{"date":"15/12/2025","date_ts":1765756800000,"profit_abs":0.0,"wins":0,"draws":0,"losses":0,"trades":0,"profit_factor":0.0},{"date":"16/12/2025","date_ts":1765843200000,"profit_abs":0.0,"wins":0,"draws":0,"losses":0,"trades":0,"profit_factor":0.0},{"date":"17/12/2025","date_ts":1765929600000,"profit_abs":0.0,"wins":0,"draws":0,"losses":0,"trades":0,"profit_factor":0.0},{"date":"18/12/2025","date_ts":1766016000000,"profit_abs":0.0,"wins":0,"draws":0,"losses":0,"trades":0,"profit_factor":0.0},{"date":"19/12/2025","date_ts":1766102400000,"profit_abs":0.0,"wins":0,"draws":0,"losses":0,"trades":0,"profit_factor":0.0},{"date":"20/12/2025","date_ts":1766188800000,"profit_abs":0.0,"wins":0,"draws":0,"losses":0,"trades":0,"profit_factor":0.0},{"date":"21/12/2025","date_ts":1766275200000,"profit_abs":0.0,"wins":0,"draws":0,"losses":0,"trades":0,"profit_factor":0.0},{"date":"22/12/2025","date_ts":1766361600000,"profit_abs":-1.5840148,"wins":1,"draws":0,"losses":2,"trades":3,"profit_factor":0.93807813},{"date":"23/12/2025","date_ts":1766448000000,"profit_abs":0.0,"wins":0,"draws":0,"losses":0,"trades":0,"profit_factor":0.0},{"date":"24/12/2025","date_ts":1766534400000,"profit_abs":0.0,"wins":0,"draws":0,"losses":0,"trades":0,"profit_factor":0.0},{"date":"25/12/2025","date_ts":1766620800000,"profit_abs":0.0,"wins":0,"draws":0,"losses":0,"trades":0,"profit_factor":0.0},{"date":"26/12/2025","date_ts":1766707200000,"profit_abs":0.0,"wins":0,"draws":0,"losses":0,"trades":0,"profit_factor":0.0},{"date":"27/12/2025","date_ts":1766793600000,"profit_abs":0.0,"wins":0,"draws":0,"losses":0,"trades":0,"profit_factor":0.0},{"date":"28/12/2025","date_ts":1766880000000,"profit_abs":0.0,"wins":0,"draws":0,"losses":0,"trades":0,"profit_factor":0.0},{"date":"29/12/2025","date_ts":1766966400000,"profit_abs":0.0,"wins":0,"draws":0,"losses":0,"trades":0,"profit_factor":0.0},{"date":"30/12/2025","date_ts":1767052800000,"profit_abs":0.0,"wins":0,"draws":0,"losses":0,"trades":0,"profit_factor":0.0},{"date":"31/12/2025","date_ts":1767139200000,"profit_abs":0.0,"wins":0,"draws":0,"losses":0,"trades":0,"profit_factor":0.0},{"date":"01/01/2026","date_ts":1767225600000,"profit_abs":0.0,"wins":0,"draws":0,"losses":0,"trades":0,"profit_factor":0.0},{"date":"02/01/2026","date_ts":1767312000000,"profit_abs":78.75990714,"wins":8,"draws":0,"losses":0,"trades":8,"profit_factor":0.0},{"date":"03/01/2026","date_ts":1767398400000,"profit_abs":-12.79029051,"wins":0,"draws":0,"losses":1,"trades":1,"profit_factor":0.0},{"date":"04/01/2026","date_ts":1767484800000,"profit_abs":-12.7760141,"wins":0,"draws":0,"losses":1,"trades":1,"profit_factor":0.0},{"date":"05/01/2026","date_ts":1767571200000,"profit_abs":23.92478685,"wins":3,"draws":0,"losses":0,"trades":3,"profit_factor":0.0},{"date":"06/01/2026","date_ts":1767657600000,"profit_abs":-30.18653421,"wins":1,"draws":0,"losses":3,"trades":4,"profit_factor":0.21018771},{"date":"07/01/2026","date_ts":1767744000000,"profit_abs":0.0,"wins":0,"draws":0,"losses":0,"trades":0,"profit_factor":0.0},{"date":"08/01/2026","date_ts":1767830400000,"profit_abs":0.0,"wins":0,"draws":0,"losses":0,"trades":0,"profit_factor":0.0},{"date":"09/01/2026","date_ts":1767916800000,"profit_abs":0.0,"wins":0,"draws":0,"losses":0,"trades":0,"profit_factor":0.0},{"date":"10/01/2026","date_ts":1768003200000,"profit_abs":0.0,"wins":0,"draws":0,"losses":0,"trades":0,"profit_factor":0.0},{"date":"11/01/2026","date_ts":1768089600000,"profit_abs":0.0,"wins":0,"draws":0,"losses":0,"trades":0,"profit_factor":0.0},{"date":"12/01/2026","date_ts":1768176000000,"profit_abs":-8.60959351,"wins":1,"draws":0,"losses":1,"trades":2,"profit_factor":0.33021318},{"date":"13/01/2026","date_ts":1768262400000,"profit_abs":23.9925,"wins":1,"draws":0,"losses":0,"trades":1,"profit_factor":0.0},{"date":"14/01/2026","date_ts":1768348800000,"profit_abs":-1.9507007,"wins":2,"draws":0,"losses":1,"trades":3,"profit_factor":0.84822338},{"date":"15/01/2026","date_ts":1768435200000,"profit_abs":-12.80092247,"wins":0,"draws":0,"losses":1,"trades":1,"profit_factor":0.0},{"date":"16/01/2026","date_ts":1768521600000,"profit_abs":0.0,"wins":0,"draws":0,"losses":0,"trades":0,"profit_factor":0.0},{"date":"17/01/2026","date_ts":1768608000000,"profit_abs":0.0,"wins":0,"draws":0,"losses":0,"trades":0,"profit_factor":0.0},{"date":"18/01/2026","date_ts":1768694400000,"profit_abs":0.0,"wins":0,"draws":0,"losses":0,"trades":0,"profit_factor":0.0},{"date":"19/01/2026","date_ts":1768780800000,"profit_abs":0.0,"wins":0,"draws":0,"losses":0,"trades":0,"profit_factor":0.0},{"date":"20/01/2026","date_ts":1768867200000,"profit_abs":0.0,"wins":0,"draws":0,"losses":0,"trades":0,"profit_factor":0.0},{"date":"21/01/2026","date_ts":1768953600000,"profit_abs":0.0,"wins":0,"draws":0,"losses":0,"trades":0,"profit_factor":0.0},{"date":"22/01/2026","date_ts":1769040000000,"profit_abs":0.0,"wins":0,"draws":0,"losses":0,"trades":0,"profit_factor":0.0},{"date":"23/01/2026","date_ts":1769126400000,"profit_abs":0.0,"wins":0,"draws":0,"losses":0,"trades":0,"profit_factor":0.0},{"date":"24/01/2026","date_ts":1769212800000,"profit_abs":0.0,"wins":0,"draws":0,"losses":0,"trades":0,"profit_factor":0.0},{"date":"25/01/2026","date_ts":1769299200000,"profit_abs":0.0,"wins":0,"draws":0,"losses":0,"trades":0,"profit_factor":0.0},{"date":"26/01/2026","date_ts":1769385600000,"profit_abs":0.0,"wins":0,"draws":0,"losses":0,"trades":0,"profit_factor":0.0},{"date":"27/01/2026","date_ts":1769472000000,"profit_abs":0.0,"wins":0,"draws":0,"losses":0,"trades":0,"profit_factor":0.0},{"date":"28/01/2026","date_ts":1769558400000,"profit_abs":0.0,"wins":0,"draws":0,"losses":0,"trades":0,"profit_factor":0.0},{"date":"29/01/2026","date_ts":1769644800000,"profit_abs":0.0,"wins":0,"draws":0,"losses":0,"trades":0,"profit_factor":0.0},{"date":"30/01/2026","date_ts":1769731200000,"profit_abs":0.0,"wins":0,"draws":0,"losses":0,"trades":0,"profit_factor":0.0},{"date":"31/01/2026","date_ts":1769817600000,"profit_abs":0.0,"wins":0,"draws":0,"losses":0,"trades":0,"profit_factor":0.0},{"date":"01/02/2026","date_ts":1769904000000,"profit_abs":0.0,"wins":0,"draws":0,"losses":0,"trades":0,"profit_factor":0.0},{"date":"02/02/2026","date_ts":1769990400000,"profit_abs":0.0,"wins":0,"draws":0,"losses":0,"trades":0,"profit_factor":0.0},{"date":"03/02/2026","date_ts":1770076800000,"profit_abs":0.0,"wins":0,"draws":0,"losses":0,"trades":0,"profit_factor":0.0},{"date":"04/02/2026","date_ts":1770163200000,"profit_abs":0.0,"wins":0,"draws":0,"losses":0,"trades":0,"profit_factor":0.0},{"date":"05/02/2026","date_ts":1770249600000,"profit_abs":0.0,"wins":0,"draws":0,"losses":0,"trades":0,"profit_factor":0.0},{"date":"06/02/2026","date_ts":1770336000000,"profit_abs":0.0,"wins":0,"draws":0,"losses":0,"trades":0,"profit_factor":0.0},{"date":"07/02/2026","date_ts":1770422400000,"profit_abs":0.0,"wins":0,"draws":0,"losses":0,"trades":0,"profit_factor":0.0},{"date":"08/02/2026","date_ts":1770508800000,"profit_abs":0.0,"wins":0,"draws":0,"losses":0,"trades":0,"profit_factor":0.0},{"date":"09/02/2026","date_ts":1770595200000,"profit_abs":0.0,"wins":0,"draws":0,"losses":0,"trades":0,"profit_factor":0.0},{"date":"10/02/2026","date_ts":1770681600000,"profit_abs":0.0,"wins":0,"draws":0,"losses":0,"trades":0,"profit_factor":0.0},{"date":"11/02/2026","date_ts":1770768000000,"profit_abs":0.0,"wins":0,"draws":0,"losses":0,"trades":0,"profit_factor":0.0},{"date":"12/02/2026","date_ts":1770854400000,"profit_abs":0.0,"wins":0,"draws":0,"losses":0,"trades":0,"profit_factor":0.0},{"date":"13/02/2026","date_ts":1770940800000,"profit_abs":0.0,"wins":0,"draws":0,"losses":0,"trades":0,"profit_factor":0.0},{"date":"14/02/2026","date_ts":1771027200000,"profit_abs":32.63874805,"wins":4,"draws":0,"losses":0,"trades":4,"profit_factor":0.0},{"date":"15/02/2026","date_ts":1771113600000,"profit_abs":-4.85127975,"wins":1,"draws":0,"losses":1,"trades":2,"profit_factor":0.62282054}],"week":[{"date":"08/12/2025","date_ts":1765152000000,"profit_abs":3.53563089,"wins":2,"draws":0,"losses":2,"trades":4,"profit_factor":1.13836778},{"date":"15/12/2025","date_ts":1765756800000,"profit_abs":-12.87051048,"wins":0,"draws":0,"losses":1,"trades":1,"profit_factor":0.0},{"date":"22/12/2025","date_ts":1766361600000,"profit_abs":-1.5840148,"wins":1,"draws":0,"losses":2,"trades":3,"profit_factor":0.93807813},{"date":"29/12/2025","date_ts":1766966400000,"profit_abs":0.0,"wins":0,"draws":0,"losses":0,"trades":0,"profit_factor":0.0},{"date":"05/01/2026","date_ts":1767571200000,"profit_abs":77.11838938,"wins":11,"draws":0,"losses":2,"trades":13,"profit_factor":4.01640736},{"date":"12/01/2026","date_ts":1768176000000,"profit_abs":-38.79612772,"wins":2,"draws":0,"losses":4,"trades":6,"profit_factor":0.24039547},{"date":"19/01/2026","date_ts":1768780800000,"profit_abs":9.24087683,"wins":3,"draws":0,"losses":2,"trades":5,"profit_factor":1.3602208},{"date":"26/01/2026","date_ts":1769385600000,"profit_abs":0.0,"wins":0,"draws":0,"losses":0,"trades":0,"profit_factor":0.0},{"date":"02/02/2026","date_ts":1769990400000,"profit_abs":0.0,"wins":0,"draws":0,"losses":0,"trades":0,"profit_factor":0.0},{"date":"09/02/2026","date_ts":1770595200000,"profit_abs":0.0,"wins":0,"draws":0,"losses":0,"trades":0,"profit_factor":0.0},{"date":"16/02/2026","date_ts":1771200000000,"profit_abs":27.7874683,"wins":5,"draws":0,"losses":1,"trades":6,"profit_factor":3.16043244}],"month":[{"date":"31/12/2025","date_ts":1767139200000,"profit_abs":-10.91889439,"wins":3,"draws":0,"losses":5,"trades":8,"profit_factor":0.82940237},{"date":"31/01/2026","date_ts":1769817600000,"profit_abs":47.56313849,"wins":16,"draws":0,"losses":8,"trades":24,"profit_factor":1.46496606},{"date":"28/02/2026","date_ts":1772236800000,"profit_abs":27.7874683,"wins":5,"draws":0,"losses":1,"trades":6,"profit_factor":3.16043244}],"year":[{"date":"31/12/2025","date_ts":1767139200000,"profit_abs":-10.91889439,"wins":3,"draws":0,"losses":5,"trades":8,"profit_factor":0.82940237},{"date":"31/12/2026","date_ts":1798675200000,"profit_abs":75.35060679,"wins":21,"draws":0,"losses":9,"trades":30,"profit_factor":1.6543363}],"weekday":[{"date":"Monday","date_ts":0,"profit_abs":0.94081364,"wins":5,"draws":0,"losses":4,"trades":9,"profit_factor":1.01836613},{"date":"Tuesday","date_ts":1,"profit_abs":-6.19403421,"wins":2,"draws":0,"losses":3,"trades":5,"profit_factor":0.83793687},{"date":"Wednesday","date_ts":2,"profit_abs":27.13734532,"wins":4,"draws":0,"losses":1,"trades":5,"profit_factor":3.11145384},{"date":"Thursday","date_ts":3,"profit_abs":-12.80092247,"wins":0,"draws":0,"losses":1,"trades":1,"profit_factor":0.0},{"date":"Friday","date_ts":4,"profit_abs":53.12734643,"wins":8,"draws":0,"losses":2,"trades":10,"profit_factor":3.07265076},{"date":"Saturday","date_ts":5,"profit_abs":19.84845754,"wins":4,"draws":0,"losses":1,"trades":5,"profit_factor":2.5518379},{"date":"Sunday","date_ts":6,"profit_abs":-17.62729385,"wins":1,"draws":0,"losses":2,"trades":3,"profit_factor":0.31245462}]},"backtest_best_day":0.19701367610580636,"backtest_worst_day":-0.07564820769420944,"backtest_best_day_abs":78.75990714,"backtest_worst_day_abs":-30.18653421,"winning_days":5,"draw_days":59,"losing_days":11,"daily_profit":[["2025-12-03",29.08804602],["2025-12-04",0.0],["2025-12-05",-12.76205023],["2025-12-06",0.0],["2025-12-07",0.0],["2025-12-08",-12.7903649],["2025-12-09",0.0],["2025-12-10",0.0],["2025-12-11",0.0],["2025-12-12",-12.87051048],["2025-12-13",0.0],["2025-12-14",0.0],["2025-12-15",0.0],["2025-12-16",0.0],["2025-12-17",0.0],["2025-12-18",0.0],["2025-12-19",0.0],["2025-12-20",0.0],["2025-12-21",0.0],["2025-12-22",-1.5840148],["2025-12-23",0.0],["2025-12-24",0.0],["2025-12-25",0.0],["2025-12-26",0.0],["2025-12-27",0.0],["2025-12-28",0.0],["2025-12-29",0.0],["2025-12-30",0.0],["2025-12-31",0.0],["2026-01-01",0.0],["2026-01-02",78.75990714],["2026-01-03",-12.79029051],["2026-01-04",-12.7760141],["2026-01-05",23.92478685],["2026-01-06",-30.18653421],["2026-01-07",0.0],["2026-01-08",0.0],["2026-01-09",0.0],["2026-01-10",0.0],["2026-01-11",0.0],["2026-01-12",-8.60959351],["2026-01-13",23.9925],["2026-01-14",-1.9507007],["2026-01-15",-12.80092247],["2026-01-16",0.0],["2026-01-17",0.0],["2026-01-18",0.0],["2026-01-19",0.0],["2026-01-20",0.0],["2026-01-21",0.0],["2026-01-22",0.0],["2026-01-23",0.0],["2026-01-24",0.0],["2026-01-25",0.0],["2026-01-26",0.0],["2026-01-27",0.0],["2026-01-28",0.0],["2026-01-29",0.0],["2026-01-30",0.0],["2026-01-31",0.0],["2026-02-01",0.0],["2026-02-02",0.0],["2026-02-03",0.0],["2026-02-04",0.0],["2026-02-05",0.0],["2026-02-06",0.0],["2026-02-07",0.0],["2026-02-08",0.0],["2026-02-09",0.0],["2026-02-10",0.0],["2026-02-11",0.0],["2026-02-12",0.0],["2026-02-13",0.0],["2026-02-14",32.63874805],["2026-02-15",-4.85127975]],"wins":24,"losses":14,"draws":0,"winrate":0.631578947368421,"holding_avg":"6:27:00","holding_avg_s":23220.0,"winner_holding_min":"0d 00:30","winner_holding_min_s":1800.0,"winner_holding_max":"2d 06:30","winner_holding_max_s":196200.0,"winner_holding_avg":"0d 07:38","winner_holding_avg_s":27480.0,"loser_holding_min":"0d 00:30","loser_holding_min_s":1800.0,"loser_holding_max":"0d 10:30","loser_holding_max_s":37800.0,"loser_holding_avg":"0d 04:26","loser_holding_avg_s":15960.0,"max_consecutive_wins":8,"max_consecutive_losses":3,"max_drawdown_account":0.037868601221694484,"max_relative_drawdown":0.03887611032382214,"max_drawdown_abs":40.43764547999999,"drawdown_start":"2026-01-02 22:00:00","drawdown_start_ts":1767391200000.0,"drawdown_end":"2026-01-12 08:00:00","drawdown_end_ts":1768204800000.0,"drawdown_duration":"9 days 10:00:00","drawdown_duration_s":813600.0,"max_drawdown_low":27.40336727000001,"max_drawdown_high":67.84101275,"csum_min":989.08110561,"csum_max":1069.28299215}},"strategy_comparison":[{"key":"SupertrendFuturesStrategyV7_1","trades":38,"profit_mean":0.004242646997256784,"profit_mean_pct":0.42,"profit_total_abs":64.4317124,"profit_total":0.0644317124,"profit_total_pct":6.44,"duration_avg":"6:27:00","wins":24,"draws":0,"losses":14,"winrate":0.631578947368421,"cagr":0.3075160982941063,"expectancy":1.6955713789473696,"expectancy_ratio":0.13249640822358666,"sortino":294.3021900121326,"sharpe":1.1749873446246248,"calmar":38.2426445277541,"sqn":0.8368,"profit_factor":1.3596331080354496,"max_drawdown_account":0.037868601221694484,"max_drawdown_abs":"40.438"}]}