{
  "strategy_name": "SupertrendFuturesStrategyV4",
  "params": {
    "roi": {
      "0": 0.06
    },
    "stoploss": {
      "stoploss": -0.04
    },
    "trailing": {
      "trailing_stop": true,
      "trailing_stop_positive": 0.02,
      "trailing_stop_positive_offset": 0.03,
      "trailing_only_offset_is_reached": true
    },
    "max_open_trades": {
      "max_open_trades": 2
    },
    "buy": {
      "adx_threshold_long": 34,
      "adx_threshold_short": 22,
      "atr_multiplier": 2.338,
      "atr_period": 13,
      "ema_fast": 18,
      "ema_slow": 183
    }
  },
  "ft_stratparam_v": 1,
  "export_time": "2026-02-21 09:32:41.539583+00:00"
}