{"strategy":{"SupertrendFuturesStrategyV4":{"trades":[{"pair":"BTC/USDT:USDT","stake_amount":399.586,"max_stake_amount":399.586,"amount":0.0088,"open_date":"2025-11-27 14:00:00+00:00","close_date":"2025-11-28 13:00:00+00:00","open_rate":90815.0,"close_rate":91706.175,"fee_open":0.0005,"fee_close":0.0005,"trade_duration":1380,"profit_ratio":0.017607546224135084,"profit_abs":7.03924683,"exit_reason":"trailing_stop_loss","initial_stop_loss_abs":88998.7,"initial_stop_loss_ratio":-0.04,"stop_loss_abs":91706.175,"stop_loss_ratio":-0.02,"min_rate":90534.7,"max_rate":92632.5,"is_open":false,"enter_tag":"","leverage":2,"is_short":false,"open_timestamp":1764252000000,"close_timestamp":1764334800000,"orders":[{"amount":0.0088,"safe_price":90815.0,"ft_order_side":"buy","order_filled_timestamp":1764252000000,"ft_is_entry":true,"ft_order_tag":"","cost":799.571586},{"amount":0.0088,"safe_price":91706.175,"ft_order_side":"sell","order_filled_timestamp":1764334800000,"ft_is_entry":false,"ft_order_tag":"trailing_stop_loss","cost":807.4178471700001}],"funding_fees":0.0,"weekday":4},{"pair":"ETH/USDT:USDT","stake_amount":399.7643,"max_stake_amount":399.7643,"amount":0.26,"open_date":"2025-12-03 15:00:00+00:00","close_date":"2025-12-03 17:00:00+00:00","open_rate":3075.11,"close_rate":3101.3433,"fee_open":0.0005,"fee_close":0.0005,"trade_duration":120,"profit_ratio":0.015045644931633287,"profit_abs":6.01771907,"exit_reason":"trailing_stop_loss","initial_stop_loss_abs":3013.6078,"initial_stop_loss_ratio":-0.04,"stop_loss_abs":3101.3433,"stop_loss_ratio":-0.02,"min_rate":3054.0,"max_rate":3132.67,"is_open":false,"enter_tag":"","leverage":2,"is_short":false,"open_timestamp":1764774000000,"close_timestamp":1764781200000,"orders":[{"amount":0.26,"safe_price":3075.11,"ft_order_side":"buy","order_filled_timestamp":1764774000000,"ft_is_entry":true,"ft_order_tag":"","cost":799.9283643},{"amount":0.26,"safe_price":3101.3433,"ft_order_side":"sell","order_filled_timestamp":1764781200000,"ft_is_entry":false,"ft_order_tag":"trailing_stop_loss","cost":806.752432629}],"funding_fees":0.0,"weekday":2},{"pair":"BTC/USDT:USDT","stake_amount":396.96611,"max_stake_amount":396.96611,"amount":0.0086,"open_date":"2025-12-03 15:00:00+00:00","close_date":"2025-12-04 00:00:00+00:00","open_rate":92317.7,"close_rate":93210.381,"fee_open":0.0005,"fee_close":0.0005,"trade_duration":540,"profit_ratio":0.017320994797356836,"profit_abs":6.87928585,"exit_reason":"trailing_stop_loss","initial_stop_loss_abs":90471.34599999999,"initial_stop_loss_ratio":-0.04,"stop_loss_abs":93210.381,"stop_loss_ratio":-0.02,"min_rate":91737.9,"max_rate":94151.9,"is_open":false,"enter_tag":"","leverage":2,"is_short":false,"open_timestamp":1764774000000,"close_timestamp":1764806400000,"orders":[{"amount":0.0086,"safe_price":92317.7,"ft_order_side":"buy","order_filled_timestamp":1764774000000,"ft_is_entry":true,"ft_order_tag":"","cost":794.32918611},{"amount":0.0086,"safe_price":93210.381,"ft_order_side":"sell","order_filled_timestamp":1764806400000,"ft_is_entry":false,"ft_order_tag":"trailing_stop_loss","cost":802.0100812382999}],"funding_fees":0.0,"weekday":3},{"pair":"ETH/USDT:USDT","stake_amount":399.3255,"max_stake_amount":399.3255,"amount":0.252,"open_date":"2025-12-04 14:00:00+00:00","close_date":"2025-12-04 15:00:00+00:00","open_rate":3169.25,"close_rate":3191.1462,"fee_open":0.0005,"fee_close":0.0005,"trade_duration":60,"profit_ratio":0.011805094947051618,"profit_abs":4.71643248,"exit_reason":"trailing_stop_loss","initial_stop_loss_abs":3105.865,"initial_stop_loss_ratio":-0.04,"stop_loss_abs":3191.1462,"stop_loss_ratio":-0.02,"min_rate":3137.53,"max_rate":3223.38,"is_open":false,"enter_tag":"","leverage":2,"is_short":false,"open_timestamp":1764856800000,"close_timestamp":1764860400000,"orders":[{"amount":0.252,"safe_price":3169.25,"ft_order_side":"buy","order_filled_timestamp":1764856800000,"ft_is_entry":true,"ft_order_tag":"","cost":799.0503254999999},{"amount":0.252,"safe_price":3191.1462,"ft_order_side":"sell","order_filled_timestamp":1764860400000,"ft_is_entry":false,"ft_order_tag":"trailing_stop_loss","cost":804.5709268211999}],"funding_fees":0.0,"weekday":3},{"pair":"SOL/USDT:USDT","stake_amount":399.90525,"max_stake_amount":399.90525,"amount":5.55,"open_date":"2025-12-04 02:00:00+00:00","close_date":"2025-12-04 17:00:00+00:00","open_rate":144.11,"close_rate":141.2278,"fee_open":0.0005,"fee_close":0.0005,"trade_duration":900,"profit_ratio":-0.041959020477258406,"profit_abs":-16.78802239,"exit_reason":"stop_loss","initial_stop_loss_abs":141.2278,"initial_stop_loss_ratio":-0.04,"stop_loss_abs":141.2278,"stop_loss_ratio":-0.04,"min_rate":141.05,"max_rate":146.07,"is_open":false,"enter_tag":"","leverage":2,"is_short":false,"open_timestamp":1764813600000,"close_timestamp":1764867600000,"orders":[{"amount":5.55,"safe_price":144.11,"ft_order_side":"buy","order_filled_timestamp":1764813600000,"ft_is_entry":true,"ft_order_tag":"","cost":800.21040525},{"amount":5.55,"safe_price":141.2278,"ft_order_side":"sell","order_filled_timestamp":1764867600000,"ft_is_entry":false,"ft_order_tag":"stop_loss","cost":784.206197145}],"funding_fees":0.0,"weekday":3},{"pair":"ETH/USDT:USDT","stake_amount":399.16194,"max_stake_amount":399.16194,"amount":0.249,"open_date":"2025-12-04 16:00:00+00:00","close_date":"2025-12-04 17:00:00+00:00","open_rate":3206.12,"close_rate":3141.9975999999997,"fee_open":0.0005,"fee_close":0.0005,"trade_duration":60,"profit_ratio":-0.04195902048675033,"profit_abs":-16.75681824,"exit_reason":"stop_loss","initial_stop_loss_abs":3141.9975999999997,"initial_stop_loss_ratio":-0.04,"stop_loss_abs":3141.9975999999997,"stop_loss_ratio":-0.04,"min_rate":3133.39,"max_rate":3224.0,"is_open":false,"enter_tag":"","leverage":2,"is_short":false,"open_timestamp":1764864000000,"close_timestamp":1764867600000,"orders":[{"amount":0.249,"safe_price":3206.12,"ft_order_side":"buy","order_filled_timestamp":1764864000000,"ft_is_entry":true,"ft_order_tag":"","cost":798.7230419399999},{"amount":0.249,"safe_price":3141.9975999999997,"ft_order_side":"sell","order_filled_timestamp":1764867600000,"ft_is_entry":false,"ft_order_tag":"stop_loss","cost":782.7485811011999}],"funding_fees":0.0,"weekday":3},{"pair":"ETH/USDT:USDT","stake_amount":399.640065,"max_stake_amount":399.640065,"amount":0.253,"open_date":"2025-12-04 18:00:00+00:00","close_date":"2025-12-04 19:00:00+00:00","open_rate":3159.21,"close_rate":3096.0258,"fee_open":0.0005,"fee_close":0.0005,"trade_duration":60,"profit_ratio":-0.04195902049300643,"profit_abs":-16.77688993,"exit_reason":"stop_loss","initial_stop_loss_abs":3096.0258,"initial_stop_loss_ratio":-0.04,"stop_loss_abs":3096.0258,"stop_loss_ratio":-0.04,"min_rate":3065.0,"max_rate":3164.97,"is_open":false,"enter_tag":"","leverage":2,"is_short":false,"open_timestamp":1764871200000,"close_timestamp":1764874800000,"orders":[{"amount":0.253,"safe_price":3159.21,"ft_order_side":"buy","order_filled_timestamp":1764871200000,"ft_is_entry":true,"ft_order_tag":"","cost":799.679770065},{"amount":0.253,"safe_price":3096.0258,"ft_order_side":"sell","order_filled_timestamp":1764874800000,"ft_is_entry":false,"ft_order_tag":"stop_loss","cost":783.6861746637}],"funding_fees":0.0,"weekday":3},{"pair":"ETH/USDT:USDT","stake_amount":399.14504,"max_stake_amount":399.14504,"amount":0.238,"open_date":"2025-12-10 21:00:00+00:00","close_date":"2025-12-11 00:00:00+00:00","open_rate":3354.16,"close_rate":3287.0768,"fee_open":0.0005,"fee_close":0.0005,"trade_duration":180,"profit_ratio":-0.04195902049175841,"profit_abs":-16.75610878,"exit_reason":"stop_loss","initial_stop_loss_abs":3287.0768,"initial_stop_loss_ratio":-0.04,"stop_loss_abs":3287.0768,"stop_loss_ratio":-0.04,"min_rate":3256.71,"max_rate":3367.94,"is_open":false,"enter_tag":"","leverage":2,"is_short":false,"open_timestamp":1765400400000,"close_timestamp":1765411200000,"orders":[{"amount":0.238,"safe_price":3354.16,"ft_order_side":"buy","order_filled_timestamp":1765400400000,"ft_is_entry":true,"ft_order_tag":"","cost":798.6892250399999},{"amount":0.238,"safe_price":3287.0768,"ft_order_side":"sell","order_filled_timestamp":1765411200000,"ft_is_entry":false,"ft_order_tag":"stop_loss","cost":782.7154405391999}],"funding_fees":0.0,"weekday":3},{"pair":"SOL/USDT:USDT","stake_amount":399.3417,"max_stake_amount":399.3417,"amount":5.77,"open_date":"2025-12-12 15:00:00+00:00","close_date":"2025-12-12 15:00:00+00:00","open_rate":138.42,"close_rate":135.65159999999997,"fee_open":0.0005,"fee_close":0.0005,"trade_duration":0,"profit_ratio":-0.0419590204997666,"profit_abs":-16.76436457,"exit_reason":"stop_loss","initial_stop_loss_abs":135.65159999999997,"initial_stop_loss_ratio":-0.04,"stop_loss_abs":135.65159999999997,"stop_loss_ratio":-0.04,"min_rate":132.71,"max_rate":138.46,"is_open":false,"enter_tag":"","leverage":2,"is_short":false,"open_timestamp":1765551600000,"close_timestamp":1765551600000,"orders":[{"amount":5.77,"safe_price":138.42,"ft_order_side":"buy","order_filled_timestamp":1765551600000,"ft_is_entry":true,"ft_order_tag":"","cost":799.0827416999998},{"amount":5.77,"safe_price":135.65159999999997,"ft_order_side":"sell","order_filled_timestamp":1765551600000,"ft_is_entry":false,"ft_order_tag":"stop_loss","cost":783.1010868659997}],"funding_fees":0.0,"weekday":4},{"pair":"DOGE/USDT:USDT","stake_amount":399.8769,"max_stake_amount":399.8769,"amount":6180.0,"open_date":"2026-01-02 12:00:00+00:00","close_date":"2026-01-02 13:00:00+00:00","open_rate":0.12941,"close_rate":0.13116,"fee_open":0.0005,"fee_close":0.0005,"trade_duration":60,"profit_ratio":0.025019790545187954,"profit_abs":10.0098387,"exit_reason":"trailing_stop_loss","initial_stop_loss_abs":0.12683,"initial_stop_loss_ratio":-0.04,"stop_loss_abs":0.13116,"stop_loss_ratio":-0.02,"min_rate":0.12923,"max_rate":0.13248,"is_open":false,"enter_tag":"","leverage":2,"is_short":false,"open_timestamp":1767355200000,"close_timestamp":1767358800000,"orders":[{"amount":6180.0,"safe_price":0.12941,"ft_order_side":"buy","order_filled_timestamp":1767355200000,"ft_is_entry":true,"ft_order_tag":"","cost":800.1536768999999},{"amount":6180.0,"safe_price":0.13116,"ft_order_side":"sell","order_filled_timestamp":1767358800000,"ft_is_entry":false,"ft_order_tag":"trailing_stop_loss","cost":810.9740843999999}],"funding_fees":0.0,"weekday":4},{"pair":"ETH/USDT:USDT","stake_amount":399.03857,"max_stake_amount":399.03857,"amount":0.266,"open_date":"2026-01-02 03:00:00+00:00","close_date":"2026-01-02 14:00:00+00:00","open_rate":3000.29,"close_rate":3093.345517758879,"fee_open":0.0005,"fee_close":0.0005,"trade_duration":660,"profit_ratio":0.06003098169546436,"profit_abs":23.96665443,"exit_reason":"roi","initial_stop_loss_abs":2940.2842,"initial_stop_loss_ratio":-0.04,"stop_loss_abs":3037.1319,"stop_loss_ratio":-0.02,"min_rate":2998.0,"max_rate":3109.99,"is_open":false,"enter_tag":"","leverage":2,"is_short":false,"open_timestamp":1767322800000,"close_timestamp":1767362400000,"orders":[{"amount":0.266,"safe_price":3000.29,"ft_order_side":"buy","order_filled_timestamp":1767322800000,"ft_is_entry":true,"ft_order_tag":"","cost":798.4761785699999},{"amount":0.266,"safe_price":3093.345517758879,"ft_order_side":"sell","order_filled_timestamp":1767362400000,"ft_is_entry":false,"ft_order_tag":"roi","cost":823.2413226777238}],"funding_fees":0.024340229073058477,"weekday":4},{"pair":"DOGE/USDT:USDT","stake_amount":399.50015,"max_stake_amount":399.50015,"amount":5710.0,"open_date":"2026-01-03 08:00:00+00:00","close_date":"2026-01-03 09:00:00+00:00","open_rate":0.13993,"close_rate":0.1417,"fee_open":0.0005,"fee_close":0.0005,"trade_duration":60,"profit_ratio":0.023074162911397873,"profit_abs":9.22274061,"exit_reason":"trailing_stop_loss","initial_stop_loss_abs":0.13714,"initial_stop_loss_ratio":-0.04,"stop_loss_abs":0.1417,"stop_loss_ratio":-0.02,"min_rate":0.1393,"max_rate":0.14313,"is_open":false,"enter_tag":"","leverage":2,"is_short":false,"open_timestamp":1767427200000,"close_timestamp":1767430800000,"orders":[{"amount":5710.0,"safe_price":0.13993,"ft_order_side":"buy","order_filled_timestamp":1767427200000,"ft_is_entry":true,"ft_order_tag":"","cost":799.39980015},{"amount":5710.0,"safe_price":0.1417,"ft_order_side":"sell","order_filled_timestamp":1767430800000,"ft_is_entry":false,"ft_order_tag":"trailing_stop_loss","cost":809.5115534999999}],"funding_fees":-0.07990574000000002,"weekday":5},{"pair":"ETH/USDT:USDT","stake_amount":398.47584,"max_stake_amount":398.47584,"amount":0.258,"open_date":"2026-01-03 08:00:00+00:00","close_date":"2026-01-04 00:00:00+00:00","open_rate":3088.96,"close_rate":3135.3201,"fee_open":0.0005,"fee_close":0.0005,"trade_duration":960,"profit_ratio":0.02815404832567017,"profit_abs":11.22431741,"exit_reason":"trailing_stop_loss","initial_stop_loss_abs":3027.1808,"initial_stop_loss_ratio":-0.04,"stop_loss_abs":3135.3201,"stop_loss_ratio":-0.02,"min_rate":3082.0,"max_rate":3166.99,"is_open":false,"enter_tag":"","leverage":2,"is_short":false,"open_timestamp":1767427200000,"close_timestamp":1767484800000,"orders":[{"amount":0.258,"safe_price":3088.96,"ft_order_side":"buy","order_filled_timestamp":1767427200000,"ft_is_entry":true,"ft_order_tag":"","cost":797.35015584},{"amount":0.258,"safe_price":3135.3201,"ft_order_side":"sell","order_filled_timestamp":1767484800000,"ft_is_entry":false,"ft_order_tag":"trailing_stop_loss","cost":809.3170420928999}],"funding_fees":0.06634374392858483,"weekday":6},{"pair":"DOGE/USDT:USDT","stake_amount":399.3979,"max_stake_amount":399.3979,"amount":5660.0,"open_date":"2026-01-03 17:00:00+00:00","close_date":"2026-01-04 00:00:00+00:00","open_rate":0.14113,"close_rate":0.14550721860930466,"fee_open":0.0005,"fee_close":0.0005,"trade_duration":420,"profit_ratio":0.05976739540666852,"profit_abs":23.8829077,"exit_reason":"roi","initial_stop_loss_abs":0.13831,"initial_stop_loss_ratio":-0.04,"stop_loss_abs":0.14573,"stop_loss_ratio":-0.02,"min_rate":0.14051,"max_rate":0.1472,"is_open":false,"enter_tag":"","leverage":2,"is_short":false,"open_timestamp":1767459600000,"close_timestamp":1767484800000,"orders":[{"amount":5660.0,"safe_price":0.14113,"ft_order_side":"buy","order_filled_timestamp":1767459600000,"ft_is_entry":true,"ft_order_tag":"","cost":799.1951978999999},{"amount":5660.0,"safe_price":0.14550721860930466,"ft_order_side":"sell","order_filled_timestamp":1767484800000,"ft_is_entry":false,"ft_order_tag":"roi","cost":823.9826427573287}],"funding_fees":-0.0809663,"weekday":6},{"pair":"BTC/USDT:USDT","stake_amount":396.67824,"max_stake_amount":396.67824,"amount":0.0087,"open_date":"2026-01-04 07:00:00+00:00","close_date":"2026-01-05 01:00:00+00:00","open_rate":91190.4,"close_rate":92461.05,"fee_open":0.0005,"fee_close":0.0005,"trade_duration":1080,"profit_ratio":0.02550471373857371,"profit_abs":10.12222354,"exit_reason":"trailing_stop_loss","initial_stop_loss_abs":89366.59199999999,"initial_stop_loss_ratio":-0.04,"stop_loss_abs":92461.05,"stop_loss_ratio":-0.02,"min_rate":90811.1,"max_rate":93395.0,"is_open":false,"enter_tag":"","leverage":2,"is_short":false,"open_timestamp":1767510000000,"close_timestamp":1767574800000,"orders":[{"amount":0.0087,"safe_price":91190.4,"ft_order_side":"buy","order_filled_timestamp":1767510000000,"ft_is_entry":true,"ft_order_tag":"","cost":793.7531582399998},{"amount":0.0087,"safe_price":92461.05,"ft_order_side":"sell","order_filled_timestamp":1767574800000,"ft_is_entry":false,"ft_order_tag":"trailing_stop_loss","cost":804.8133405675}],"funding_fees":-0.13354765564672044,"weekday":0},{"pair":"ETH/USDT:USDT","stake_amount":398.5641,"max_stake_amount":398.5641,"amount":0.254,"open_date":"2026-01-04 07:00:00+00:00","close_date":"2026-01-05 01:00:00+00:00","open_rate":3138.3,"close_rate":3189.7799999999997,"fee_open":0.0005,"fee_close":0.0005,"trade_duration":1080,"profit_ratio":0.03064655600314793,"profit_abs":12.22072432,"exit_reason":"trailing_stop_loss","initial_stop_loss_abs":3075.534,"initial_stop_loss_ratio":-0.04,"stop_loss_abs":3189.7799999999997,"stop_loss_ratio":-0.02,"min_rate":3116.14,"max_rate":3222.0,"is_open":false,"enter_tag":"","leverage":2,"is_short":false,"open_timestamp":1767510000000,"close_timestamp":1767574800000,"orders":[{"amount":0.254,"safe_price":3138.3,"ft_order_side":"buy","order_filled_timestamp":1767510000000,"ft_is_entry":true,"ft_order_tag":"","cost":797.5267641},{"amount":0.254,"safe_price":3189.7799999999997,"ft_order_side":"sell","order_filled_timestamp":1767574800000,"ft_is_entry":false,"ft_order_tag":"trailing_stop_loss","cost":810.60922206}],"funding_fees":-0.05152952376345006,"weekday":0},{"pair":"BTC/USDT:USDT","stake_amount":398.05143,"max_stake_amount":398.05143,"amount":0.0086,"open_date":"2026-01-05 05:00:00+00:00","close_date":"2026-01-05 17:00:00+00:00","open_rate":92570.1,"close_rate":93524.11200000001,"fee_open":0.0005,"fee_close":0.0005,"trade_duration":720,"profit_ratio":0.018316344640218463,"profit_abs":7.2944926,"exit_reason":"trailing_stop_loss","initial_stop_loss_abs":90718.698,"initial_stop_loss_ratio":-0.04,"stop_loss_abs":93524.11200000001,"stop_loss_ratio":-0.02,"min_rate":92112.3,"max_rate":94468.8,"is_open":false,"enter_tag":"","leverage":2,"is_short":false,"open_timestamp":1767589200000,"close_timestamp":1767632400000,"orders":[{"amount":0.0086,"safe_price":92570.1,"ft_order_side":"buy","order_filled_timestamp":1767589200000,"ft_is_entry":true,"ft_order_tag":"","cost":796.5009114300001},{"amount":0.0086,"safe_price":93524.11200000001,"ft_order_side":"sell","order_filled_timestamp":1767632400000,"ft_is_entry":false,"ft_order_tag":"trailing_stop_loss","cost":804.7095168816}],"funding_fees":-0.10980548698226733,"weekday":0},{"pair":"BTC/USDT:USDT","stake_amount":395.346,"max_stake_amount":395.346,"amount":0.0084,"open_date":"2026-01-05 21:00:00+00:00","close_date":"2026-01-06 17:00:00+00:00","open_rate":94130.0,"close_rate":92649.6,"fee_open":0.0005,"fee_close":0.0005,"trade_duration":1200,"profit_ratio":-0.03344546906707821,"profit_abs":-13.22914368,"exit_reason":"exit_signal","initial_stop_loss_abs":92247.4,"initial_stop_loss_ratio":-0.04,"stop_loss_abs":92247.4,"stop_loss_ratio":-0.04,"min_rate":91501.0,"max_rate":94421.9,"is_open":false,"enter_tag":"","leverage":2,"is_short":false,"open_timestamp":1767646800000,"close_timestamp":1767718800000,"orders":[{"amount":0.0084,"safe_price":94130.0,"ft_order_side":"buy","order_filled_timestamp":1767646800000,"ft_is_entry":true,"ft_order_tag":"","cost":791.0873459999999},{"amount":0.0084,"safe_price":92649.6,"ft_order_side":"sell","order_filled_timestamp":1767718800000,"ft_is_entry":false,"ft_order_tag":"exit_signal","cost":778.6457683199999}],"funding_fees":-0.009309363518223854,"weekday":1},{"pair":"SOL/USDT:USDT","stake_amount":399.5725,"max_stake_amount":399.5725,"amount":5.77,"open_date":"2026-01-11 21:00:00+00:00","close_date":"2026-01-12 00:00:00+00:00","open_rate":138.5,"close_rate":139.8375,"fee_open":0.0005,"fee_close":0.0005,"trade_duration":180,"profit_ratio":0.01709425791893547,"profit_abs":6.83381057,"exit_reason":"trailing_stop_loss","initial_stop_loss_abs":135.73,"initial_stop_loss_ratio":-0.04,"stop_loss_abs":139.8375,"stop_loss_ratio":-0.02,"min_rate":137.46,"max_rate":141.25,"is_open":false,"enter_tag":"","leverage":2,"is_short":false,"open_timestamp":1768165200000,"close_timestamp":1768176000000,"orders":[{"amount":5.77,"safe_price":138.5,"ft_order_side":"buy","order_filled_timestamp":1768165200000,"ft_is_entry":true,"ft_order_tag":"","cost":799.5445725},{"amount":5.77,"safe_price":139.8375,"ft_order_side":"sell","order_filled_timestamp":1768176000000,"ft_is_entry":false,"ft_order_tag":"trailing_stop_loss","cost":807.2658061874998}],"funding_fees":-0.08056073999999999,"weekday":0},{"pair":"SOL/USDT:USDT","stake_amount":399.596,"max_stake_amount":399.596,"amount":5.66,"open_date":"2026-01-12 01:00:00+00:00","close_date":"2026-01-12 03:00:00+00:00","open_rate":141.2,"close_rate":142.9164,"fee_open":0.0005,"fee_close":0.0005,"trade_duration":120,"profit_ratio":0.022288314771132238,"profit_abs":8.91077459,"exit_reason":"trailing_stop_loss","initial_stop_loss_abs":138.37599999999998,"initial_stop_loss_ratio":-0.04,"stop_loss_abs":142.9164,"stop_loss_ratio":-0.02,"min_rate":140.6,"max_rate":144.36,"is_open":false,"enter_tag":"","leverage":2,"is_short":false,"open_timestamp":1768179600000,"close_timestamp":1768186800000,"orders":[{"amount":5.66,"safe_price":141.2,"ft_order_side":"buy","order_filled_timestamp":1768179600000,"ft_is_entry":true,"ft_order_tag":"","cost":799.591596},{"amount":5.66,"safe_price":142.9164,"ft_order_side":"sell","order_filled_timestamp":1768186800000,"ft_is_entry":false,"ft_order_tag":"trailing_stop_loss","cost":809.311277412}],"funding_fees":0.0,"weekday":0},{"pair":"SOL/USDT:USDT","stake_amount":399.7,"max_stake_amount":399.7,"amount":5.71,"open_date":"2026-01-12 09:00:00+00:00","close_date":"2026-01-12 15:00:00+00:00","open_rate":140.0,"close_rate":141.2532,"fee_open":0.0005,"fee_close":0.0005,"trade_duration":360,"profit_ratio":0.015885962722916747,"profit_abs":6.35279411,"exit_reason":"trailing_stop_loss","initial_stop_loss_abs":137.2,"initial_stop_loss_ratio":-0.04,"stop_loss_abs":141.2532,"stop_loss_ratio":-0.02,"min_rate":138.6,"max_rate":142.68,"is_open":false,"enter_tag":"","leverage":2,"is_short":false,"open_timestamp":1768208400000,"close_timestamp":1768230000000,"orders":[{"amount":5.71,"safe_price":140.0,"ft_order_side":"buy","order_filled_timestamp":1768208400000,"ft_is_entry":true,"ft_order_tag":"","cost":799.7996999999999},{"amount":5.71,"safe_price":141.2532,"ft_order_side":"sell","order_filled_timestamp":1768230000000,"ft_is_entry":false,"ft_order_tag":"trailing_stop_loss","cost":806.9590498859999}],"funding_fees":0.0,"weekday":0},{"pair":"ETH/USDT:USDT","stake_amount":399.194325,"max_stake_amount":399.194325,"amount":0.243,"open_date":"2026-01-14 12:00:00+00:00","close_date":"2026-01-14 14:00:00+00:00","open_rate":3285.55,"close_rate":3323.7567,"fee_open":0.0005,"fee_close":0.0005,"trade_duration":120,"profit_ratio":0.021235168762906924,"profit_abs":8.48119734,"exit_reason":"trailing_stop_loss","initial_stop_loss_abs":3219.839,"initial_stop_loss_ratio":-0.04,"stop_loss_abs":3323.7567,"stop_loss_ratio":-0.02,"min_rate":3278.15,"max_rate":3357.33,"is_open":false,"enter_tag":"","leverage":2,"is_short":false,"open_timestamp":1768392000000,"close_timestamp":1768399200000,"orders":[{"amount":0.243,"safe_price":3285.55,"ft_order_side":"buy","order_filled_timestamp":1768392000000,"ft_is_entry":true,"ft_order_tag":"","cost":798.7878443249999},{"amount":0.243,"safe_price":3323.7567,"ft_order_side":"sell","order_filled_timestamp":1768399200000,"ft_is_entry":false,"ft_order_tag":"trailing_stop_loss","cost":808.0767145390499}],"funding_fees":0.0,"weekday":2},{"pair":"SOL/USDT:USDT","stake_amount":399.2877,"max_stake_amount":399.2877,"amount":5.49,"open_date":"2026-01-14 00:00:00+00:00","close_date":"2026-01-14 16:00:00+00:00","open_rate":145.46,"close_rate":146.87640000000002,"fee_open":0.0005,"fee_close":0.0005,"trade_duration":960,"profit_ratio":0.01694686899152938,"profit_abs":6.77005968,"exit_reason":"trailing_stop_loss","initial_stop_loss_abs":142.5508,"initial_stop_loss_ratio":-0.04,"stop_loss_abs":146.87640000000002,"stop_loss_ratio":-0.02,"min_rate":143.28,"max_rate":148.36,"is_open":false,"enter_tag":"","leverage":2,"is_short":false,"open_timestamp":1768348800000,"close_timestamp":1768406400000,"orders":[{"amount":5.49,"safe_price":145.46,"ft_order_side":"buy","order_filled_timestamp":1768348800000,"ft_is_entry":true,"ft_order_tag":"","cost":798.9746877},{"amount":5.49,"safe_price":146.87640000000002,"ft_order_side":"sell","order_filled_timestamp":1768406400000,"ft_is_entry":false,"ft_order_tag":"trailing_stop_loss","cost":806.7546117180001}],"funding_fees":-0.20351290671172195,"weekday":2},{"pair":"ETH/USDT:USDT","stake_amount":398.34298,"max_stake_amount":398.34298,"amount":0.238,"open_date":"2026-01-14 15:00:00+00:00","close_date":"2026-01-14 16:00:00+00:00","open_rate":3347.42,"close_rate":3369.4056,"fee_open":0.0005,"fee_close":0.0005,"trade_duration":60,"profit_ratio":0.010924009176252063,"profit_abs":4.35367812,"exit_reason":"trailing_stop_loss","initial_stop_loss_abs":3280.4716,"initial_stop_loss_ratio":-0.04,"stop_loss_abs":3369.4056,"stop_loss_ratio":-0.02,"min_rate":3326.01,"max_rate":3403.44,"is_open":false,"enter_tag":"","leverage":2,"is_short":false,"open_timestamp":1768402800000,"close_timestamp":1768406400000,"orders":[{"amount":0.238,"safe_price":3347.42,"ft_order_side":"buy","order_filled_timestamp":1768402800000,"ft_is_entry":true,"ft_order_tag":"","cost":797.08430298},{"amount":0.238,"safe_price":3369.4056,"ft_order_side":"sell","order_filled_timestamp":1768406400000,"ft_is_entry":false,"ft_order_tag":"trailing_stop_loss","cost":802.3194920663999}],"funding_fees":-0.079592436,"weekday":2},{"pair":"DOGE/USDT:USDT","stake_amount":399.7965,"max_stake_amount":399.7965,"amount":5370.0,"open_date":"2026-01-14 16:00:00+00:00","close_date":"2026-01-15 00:00:00+00:00","open_rate":0.1489,"close_rate":0.14593,"fee_open":0.0005,"fee_close":0.0005,"trade_duration":480,"profit_ratio":-0.04224909707671349,"profit_abs":-16.89948666,"exit_reason":"stop_loss","initial_stop_loss_abs":0.14593,"initial_stop_loss_ratio":-0.04,"stop_loss_abs":0.14593,"stop_loss_ratio":-0.04,"min_rate":0.14516,"max_rate":0.15127,"is_open":false,"enter_tag":"","leverage":2,"is_short":false,"open_timestamp":1768406400000,"close_timestamp":1768435200000,"orders":[{"amount":5370.0,"safe_price":0.1489,"ft_order_side":"buy","order_filled_timestamp":1768406400000,"ft_is_entry":true,"ft_order_tag":"","cost":799.9927965},{"amount":5370.0,"safe_price":0.14593,"ft_order_side":"sell","order_filled_timestamp":1768435200000,"ft_is_entry":false,"ft_order_tag":"stop_loss","cost":784.03592205}],"funding_fees":-0.15896811,"weekday":3},{"pair":"SOL/USDT:USDT","stake_amount":399.8944,"max_stake_amount":399.8944,"amount":5.44,"open_date":"2026-01-14 17:00:00+00:00","close_date":"2026-01-15 03:00:00+00:00","open_rate":147.02,"close_rate":144.0796,"fee_open":0.0005,"fee_close":0.0005,"trade_duration":600,"profit_ratio":-0.042075102404746,"profit_abs":-16.83401063,"exit_reason":"stop_loss","initial_stop_loss_abs":144.0796,"initial_stop_loss_ratio":-0.04,"stop_loss_abs":144.0796,"stop_loss_ratio":-0.04,"min_rate":143.11,"max_rate":147.69,"is_open":false,"enter_tag":"","leverage":2,"is_short":false,"open_timestamp":1768410000000,"close_timestamp":1768446000000,"orders":[{"amount":5.44,"safe_price":147.02,"ft_order_side":"buy","order_filled_timestamp":1768410000000,"ft_is_entry":true,"ft_order_tag":"","cost":800.1886944000001},{"amount":5.44,"safe_price":144.0796,"ft_order_side":"sell","order_filled_timestamp":1768446000000,"ft_is_entry":false,"ft_order_tag":"stop_loss","cost":784.184920512}],"funding_fees":-0.04644371321888868,"weekday":3},{"pair":"BTC/USDT:USDT","stake_amount":398.179635,"max_stake_amount":398.179635,"amount":0.0083,"open_date":"2026-01-15 04:00:00+00:00","close_date":"2026-01-18 23:00:00+00:00","open_rate":95946.9,"close_rate":94027.962,"fee_open":0.0005,"fee_close":0.0005,"trade_duration":5460,"profit_ratio":-0.04294956292617859,"profit_abs":-17.11019211,"exit_reason":"stop_loss","initial_stop_loss_abs":94027.962,"initial_stop_loss_ratio":-0.04,"stop_loss_abs":94027.962,"stop_loss_ratio":-0.04,"min_rate":93555.0,"max_rate":97162.1,"is_open":false,"enter_tag":"","leverage":2,"is_short":false,"open_timestamp":1768449600000,"close_timestamp":1768777200000,"orders":[{"amount":0.0083,"safe_price":95946.9,"ft_order_side":"buy","order_filled_timestamp":1768449600000,"ft_is_entry":true,"ft_order_tag":"","cost":796.7574496349998},{"amount":0.0083,"safe_price":94027.962,"ft_order_side":"sell","order_filled_timestamp":1768777200000,"ft_is_entry":false,"ft_order_tag":"stop_loss","cost":780.8223006423}],"funding_fees":-0.3946110345156373,"weekday":6},{"pair":"ETH/USDT:USDT","stake_amount":399.56597,"max_stake_amount":399.56597,"amount":0.386,"open_date":"2026-02-14 13:00:00+00:00","close_date":"2026-02-15 12:00:00+00:00","open_rate":2070.29,"close_rate":2028.8842,"fee_open":0.0005,"fee_close":0.0005,"trade_duration":1380,"profit_ratio":-0.04246010015429436,"profit_abs":-16.97409391,"exit_reason":"stop_loss","initial_stop_loss_abs":2028.8842,"initial_stop_loss_ratio":-0.04,"stop_loss_abs":2028.8842,"stop_loss_ratio":-0.04,"min_rate":2009.13,"max_rate":2102.8,"is_open":false,"enter_tag":"","leverage":2,"is_short":false,"open_timestamp":1771074000000,"close_timestamp":1771156800000,"orders":[{"amount":0.386,"safe_price":2070.29,"ft_order_side":"buy","order_filled_timestamp":1771074000000,"ft_is_entry":true,"ft_order_tag":"","cost":799.5315059699999},{"amount":0.386,"safe_price":2028.8842,"ft_order_side":"sell","order_filled_timestamp":1771156800000,"ft_is_entry":false,"ft_order_tag":"stop_loss","cost":783.5408758506}],"funding_fees":-0.2003144913963944,"weekday":6},{"pair":"DOGE/USDT:USDT","stake_amount":399.7312,"max_stake_amount":399.7312,"amount":7040.0,"open_date":"2026-02-15 11:00:00+00:00","close_date":"2026-02-15 12:00:00+00:00","open_rate":0.11356,"close_rate":0.11129,"fee_open":0.0005,"fee_close":0.0005,"trade_duration":60,"profit_ratio":-0.04193790741121162,"profit_abs":-16.772272,"exit_reason":"stop_loss","initial_stop_loss_abs":0.11129,"initial_stop_loss_ratio":-0.04,"stop_loss_abs":0.11129,"stop_loss_ratio":-0.04,"min_rate":0.10856,"max_rate":0.11391,"is_open":false,"enter_tag":"","leverage":2,"is_short":false,"open_timestamp":1771153200000,"close_timestamp":1771156800000,"orders":[{"amount":7040.0,"safe_price":0.11356,"ft_order_side":"buy","order_filled_timestamp":1771153200000,"ft_is_entry":true,"ft_order_tag":"","cost":799.8621311999999},{"amount":7040.0,"safe_price":0.11129,"ft_order_side":"sell","order_filled_timestamp":1771156800000,"ft_is_entry":false,"ft_order_tag":"stop_loss","cost":783.8733407999999}],"funding_fees":0.0,"weekday":6},{"pair":"DOGE/USDT:USDT","stake_amount":399.8775,"max_stake_amount":399.8775,"amount":7860.0,"open_date":"2026-02-17 19:00:00+00:00","close_date":"2026-02-18 11:00:00+00:00","open_rate":0.10175,"close_rate":0.09972,"fee_open":0.0005,"fee_close":0.0005,"trade_duration":960,"profit_ratio":-0.0418395796631259,"profit_abs":-16.73907187,"exit_reason":"stop_loss","initial_stop_loss_abs":0.09972,"initial_stop_loss_ratio":-0.04,"stop_loss_abs":0.09972,"stop_loss_ratio":-0.04,"min_rate":0.09907,"max_rate":0.1021,"is_open":false,"enter_tag":"","leverage":2,"is_short":false,"open_timestamp":1771354800000,"close_timestamp":1771412400000,"orders":[{"amount":7860.0,"safe_price":0.10175,"ft_order_side":"buy","order_filled_timestamp":1771354800000,"ft_is_entry":true,"ft_order_tag":"","cost":800.1548775},{"amount":7860.0,"safe_price":0.09972,"ft_order_side":"sell","order_filled_timestamp":1771412400000,"ft_is_entry":false,"ft_order_tag":"stop_loss","cost":784.1910996}],"funding_fees":0.00850523128415061,"weekday":2}],"locks":[],"best_pair":{"key":"ETH/USDT:USDT","trades":11,"profit_mean":0.0008640311105742575,"profit_mean_pct":0.09,"profit_total_abs":3.7168123099999946,"profit_total":0.0037168123099999948,"profit_total_pct":0.37,"duration_avg":"7:11:00","wins":7,"draws":0,"losses":4,"winrate":0.6363636363636364,"cagr":0.013233610362698434,"expectancy":0.33789202818181696,"expectancy_ratio":0.020093510702051898,"sortino":7.520695620045671,"sharpe":0.049555553298022734,"calmar":1.3855963281330483,"sqn":0.0768,"profit_factor":1.0552571544306424,"max_drawdown_account":0.04975573138879155,"max_drawdown_abs":50.28981695},"worst_pair":{"key":"SOL/USDT:USDT","trades":7,"profit_mean":-0.007682534139608168,"profit_mean_pct":-0.77,"profit_total_abs":-21.51895864,"profit_total":-0.021518958640000002,"profit_total_pct":-2.15,"duration_avg":"7:26:00","wins":4,"draws":0,"losses":3,"winrate":0.5714285714285714,"cagr":-0.07419249885657175,"expectancy":-3.0741369485714296,"expectancy_ratio":-0.18303374098617098,"sortino":-138.03624656051886,"sharpe":-0.33522343924193554,"calmar":-11.896166568296302,"sqn":-0.6324,"profit_factor":0.5729212710322679,"max_drawdown_account":0.033552386960000034,"max_drawdown_abs":33.55238696},"results_per_pair":[{"key":"ETH/USDT:USDT","trades":11,"profit_mean":0.0008640311105742575,"profit_mean_pct":0.09,"profit_total_abs":3.7168123099999946,"profit_total":0.0037168123099999948,"profit_total_pct":0.37,"duration_avg":"7:11:00","wins":7,"draws":0,"losses":4,"winrate":0.6363636363636364,"cagr":0.013233610362698434,"expectancy":0.33789202818181696,"expectancy_ratio":0.020093510702051898,"sortino":7.520695620045671,"sharpe":0.049555553298022734,"calmar":1.3855963281330483,"sqn":0.0768,"profit_factor":1.0552571544306424,"max_drawdown_account":0.04975573138879155,"max_drawdown_abs":50.28981695},{"key":"BTC/USDT:USDT","trades":6,"profit_mean":0.0003924279011712148,"profit_mean_pct":0.04,"profit_total_abs":0.995913029999997,"profit_total":0.000995913029999997,"profit_total_pct":0.1,"duration_avg":"1 day, 4:50:00","wins":4,"draws":0,"losses":2,"winrate":0.6666666666666666,"cagr":0.003533678917076566,"expectancy":0.1659855050000001,"expectancy_ratio":0.010941934005998188,"sortino":0.09519443389180744,"sharpe":0.016861464952933926,"calmar":0.6279490598928743,"sqn":0.0339,"profit_factor":1.0328258020179946,"max_drawdown_account":0.02941753016268255,"max_drawdown_abs":30.33933579},{"key":"DOGE/USDT:USDT","trades":6,"profit_mean":-0.0030275392146327748,"profit_mean_pct":-0.3,"profit_total_abs":-7.2953435200000065,"profit_total":-0.007295343520000007,"profit_total_pct":-0.73,"duration_avg":"5:40:00","wins":3,"draws":0,"losses":3,"winrate":0.5,"cagr":-0.025613457579268473,"expectancy":-1.2158905866666672,"expectancy_ratio":-0.07235889037434595,"sortino":-19.57255177842955,"sharpe":-0.08302390797037783,"calmar":-2.800035224927115,"sqn":-0.1668,"profit_factor":0.8552822192513081,"max_drawdown_account":0.04832718060250275,"max_drawdown_abs":50.41083053},{"key":"SOL/USDT:USDT","trades":7,"profit_mean":-0.007682534139608168,"profit_mean_pct":-0.77,"profit_total_abs":-21.51895864,"profit_total":-0.021518958640000002,"profit_total_pct":-2.15,"duration_avg":"7:26:00","wins":4,"draws":0,"losses":3,"winrate":0.5714285714285714,"cagr":-0.07419249885657175,"expectancy":-3.0741369485714296,"expectancy_ratio":-0.18303374098617098,"sortino":-138.03624656051886,"sharpe":-0.33522343924193554,"calmar":-11.896166568296302,"sqn":-0.6324,"profit_factor":0.5729212710322679,"max_drawdown_account":0.033552386960000034,"max_drawdown_abs":33.55238696},{"key":"TOTAL","trades":30,"profit_mean":-0.0020028021547236568,"profit_mean_pct":-0.2,"profit_total_abs":-24.10157682000001,"profit_total":-0.02410157682000001,"profit_total_pct":-2.41,"duration_avg":"11:16:00","wins":18,"draws":0,"losses":12,"winrate":0.6,"cagr":-0.08282279626541378,"expectancy":-0.8033858940000016,"expectancy_ratio":-0.04859177247018254,"sortino":-4.461990161830533,"sharpe":-0.33039331181142473,"calmar":-4.752562255712643,"sqn":-0.3197,"profit_factor":0.878520568824544,"max_drawdown_account":0.09406473789696206,"max_drawdown_abs":101.32912718}],"results_per_enter_tag":[{"key":"","trades":30,"profit_mean":-0.0020028021547236568,"profit_mean_pct":-0.2,"profit_total_abs":-24.10157682000001,"profit_total":-0.02410157682000001,"profit_total_pct":-2.41,"duration_avg":"11:16:00","wins":18,"draws":0,"losses":12,"winrate":0.6,"cagr":-0.08282279626541378,"expectancy":-0.8033858940000016,"expectancy_ratio":-0.04859177247018254,"sortino":-4.461990161830533,"sharpe":-0.33039331181142473,"calmar":-4.752562255712643,"sqn":-0.3197,"profit_factor":0.878520568824544,"max_drawdown_account":0.09406473789696206,"max_drawdown_abs":101.32912718},{"key":"TOTAL","trades":30,"profit_mean":-0.0020028021547236568,"profit_mean_pct":-0.2,"profit_total_abs":-24.10157682000001,"profit_total":-0.02410157682000001,"profit_total_pct":-2.41,"duration_avg":"11:16:00","wins":18,"draws":0,"losses":12,"winrate":0.6,"cagr":-0.08282279626541378,"expectancy":-0.8033858940000016,"expectancy_ratio":-0.04859177247018254,"sortino":-4.461990161830533,"sharpe":-0.33039331181142473,"calmar":-4.752562255712643,"sqn":-0.3197,"profit_factor":0.878520568824544,"max_drawdown_account":0.09406473789696206,"max_drawdown_abs":101.32912718}],"exit_reason_summary":[{"key":"trailing_stop_loss","trades":16,"profit_mean":0.01980434246300286,"profit_mean_pct":1.98,"profit_total_abs":126.44933581999999,"profit_total":0.12644933581999998,"profit_total_pct":12.64,"duration_avg":"8:11:00","wins":16,"draws":0,"losses":0,"winrate":1.0,"cagr":0.5249305636768431,"expectancy":7.903083488749999,"expectancy_ratio":100.0,"sortino":-100,"sharpe":10.80226310041175,"calmar":-100,"sqn":14.0971,"profit_factor":0.0,"max_drawdown_account":0.0,"max_drawdown_abs":0.0},{"key":"roi","trades":2,"profit_mean":0.059899188551066435,"profit_mean_pct":5.99,"profit_total_abs":47.849562129999995,"profit_total":0.047849562129999995,"profit_total_pct":4.78,"duration_avg":"9:00:00","wins":2,"draws":0,"losses":0,"winrate":1.0,"cagr":0.18013889371667657,"expectancy":23.924781064999998,"expectancy_ratio":100.0,"sortino":-100,"sharpe":211.95775583901994,"calmar":-100,"sqn":571.3604,"profit_factor":0.0,"max_drawdown_account":0.0,"max_drawdown_abs":0.0},{"key":"exit_signal","trades":1,"profit_mean":-0.03344546906707821,"profit_mean_pct":-3.34,"profit_total_abs":-13.22914368,"profit_total":-0.01322914368,"profit_total_pct":-1.32,"duration_avg":"20:00:00","wins":0,"draws":0,"losses":1,"winrate":0.0,"cagr":-0.046096559810285376,"expectancy":-13.22914368,"expectancy_ratio":-1.0,"sortino":-100,"sharpe":-100,"calmar":-18.548517645187193,"sqn":-100.0,"profit_factor":0.0,"max_drawdown_account":0.013229143679999993,"max_drawdown_abs":13.22914368},{"key":"stop_loss","trades":11,"profit_mean":-0.04211876837134638,"profit_mean_pct":-4.21,"profit_total_abs":-185.17133109,"profit_total":-0.18517133109,"profit_total_pct":-18.52,"duration_avg":"15:22:00","wins":0,"draws":0,"losses":11,"winrate":0.0,"cagr":-0.5159986199885468,"expectancy":-16.83375737181818,"expectancy_ratio":-1.0,"sortino":-309.7305312745867,"sharpe":-309.7305312745867,"calmar":-18.548517645187186,"sqn":-480.0452,"profit_factor":0.0,"max_drawdown_account":0.18517133108999997,"max_drawdown_abs":185.17133109},{"key":"TOTAL","trades":30,"profit_mean":-0.0020028021547236568,"profit_mean_pct":-0.2,"profit_total_abs":-24.10157682000001,"profit_total":-0.02410157682000001,"profit_total_pct":-2.41,"duration_avg":"11:16:00","wins":18,"draws":0,"losses":12,"winrate":0.6,"cagr":-0.08282279626541378,"expectancy":-0.8033858940000016,"expectancy_ratio":-0.04859177247018254,"sortino":-4.461990161830533,"sharpe":-0.33039331181142473,"calmar":-4.752562255712643,"sqn":-0.3197,"profit_factor":0.878520568824544,"max_drawdown_account":0.09406473789696206,"max_drawdown_abs":101.32912718}],"mix_tag_stats":[{"key":["","trailing_stop_loss"],"trades":16,"profit_mean":0.01980434246300286,"profit_mean_pct":1.98,"profit_total_abs":126.44933581999999,"profit_total":0.12644933581999998,"profit_total_pct":12.64,"duration_avg":"8:11:00","wins":16,"draws":0,"losses":0,"winrate":1.0,"cagr":0.5249305636768431,"expectancy":7.903083488749999,"expectancy_ratio":100.0,"sortino":-100,"sharpe":10.80226310041175,"calmar":-100,"sqn":14.0971,"profit_factor":0.0,"max_drawdown_account":0.0,"max_drawdown_abs":0.0},{"key":["","roi"],"trades":2,"profit_mean":0.059899188551066435,"profit_mean_pct":5.99,"profit_total_abs":47.849562129999995,"profit_total":0.047849562129999995,"profit_total_pct":4.78,"duration_avg":"9:00:00","wins":2,"draws":0,"losses":0,"winrate":1.0,"cagr":0.18013889371667657,"expectancy":23.924781064999998,"expectancy_ratio":100.0,"sortino":-100,"sharpe":211.95775583901994,"calmar":-100,"sqn":571.3604,"profit_factor":0.0,"max_drawdown_account":0.0,"max_drawdown_abs":0.0},{"key":["","exit_signal"],"trades":1,"profit_mean":-0.03344546906707821,"profit_mean_pct":-3.34,"profit_total_abs":-13.22914368,"profit_total":-0.01322914368,"profit_total_pct":-1.32,"duration_avg":"20:00:00","wins":0,"draws":0,"losses":1,"winrate":0.0,"cagr":-0.046096559810285376,"expectancy":-13.22914368,"expectancy_ratio":-1.0,"sortino":-100,"sharpe":-100,"calmar":-18.548517645187193,"sqn":-100.0,"profit_factor":0.0,"max_drawdown_account":0.013229143679999993,"max_drawdown_abs":13.22914368},{"key":["","stop_loss"],"trades":11,"profit_mean":-0.04211876837134638,"profit_mean_pct":-4.21,"profit_total_abs":-185.17133109,"profit_total":-0.18517133109,"profit_total_pct":-18.52,"duration_avg":"15:22:00","wins":0,"draws":0,"losses":11,"winrate":0.0,"cagr":-0.5159986199885468,"expectancy":-16.83375737181818,"expectancy_ratio":-1.0,"sortino":-309.7305312745867,"sharpe":-309.7305312745867,"calmar":-18.548517645187186,"sqn":-480.0452,"profit_factor":0.0,"max_drawdown_account":0.18517133108999997,"max_drawdown_abs":185.17133109},{"key":"TOTAL","trades":30,"profit_mean":-0.0020028021547236568,"profit_mean_pct":-0.2,"profit_total_abs":-24.10157682000001,"profit_total":-0.02410157682000001,"profit_total_pct":-2.41,"duration_avg":"11:16:00","wins":18,"draws":0,"losses":12,"winrate":0.6,"cagr":-0.08282279626541378,"expectancy":-0.8033858940000016,"expectancy_ratio":-0.04859177247018254,"sortino":-4.461990161830533,"sharpe":-0.33039331181142473,"calmar":-4.752562255712643,"sqn":-0.3197,"profit_factor":0.878520568824544,"max_drawdown_account":0.09406473789696206,"max_drawdown_abs":101.32912718}],"left_open_trades":[{"key":"TOTAL","trades":0,"profit_mean":0.0,"profit_mean_pct":0.0,"profit_total_abs":0.0,"profit_total":0.0,"profit_total_pct":0.0,"duration_avg":"0:00","wins":0,"draws":0,"losses":0,"winrate":0.0,"cagr":0.0,"expectancy":0.0,"expectancy_ratio":100.0,"sortino":0,"sharpe":0,"calmar":0,"sqn":0.0,"profit_factor":0.0,"max_drawdown_account":0.0,"max_drawdown_abs":0.0}],"total_trades":30,"trade_count_long":30,"trade_count_short":0,"total_volume":47907.3266664395,"avg_stake_amount":399.0167915,"profit_mean":-0.0020028021547236568,"profit_median":0.015465803827275016,"profit_total":-0.02410157682000001,"profit_total_long":-0.02410157682000001,"profit_total_short":0.0,"profit_total_abs":-24.10157682000001,"profit_total_long_abs":-24.10157682000001,"profit_total_short_abs":0.0,"cagr":-0.08282279626541378,"expectancy":-0.8033858940000016,"expectancy_ratio":-0.04859177247018254,"sortino":-4.461990161830533,"sharpe":-0.33039331181142473,"calmar":-4.752562255712643,"sqn":-0.3197,"profit_factor":0.878520568824544,"backtest_start":"2025-11-09 08:00:00","backtest_start_ts":1762675200000,"backtest_end":"2026-02-21 00:00:00","backtest_end_ts":1771632000000,"backtest_days":103,"backtest_run_start_ts":1771666940,"backtest_run_end_ts":1771666941,"trades_per_day":0.29,"market_change":-0.4152370334918748,"pairlist":["BTC/USDT:USDT","ETH/USDT:USDT","SOL/USDT:USDT","DOGE/USDT:USDT"],"stake_amount":400,"stake_currency":"USDT","stake_currency_decimals":3,"starting_balance":1000,"dry_run_wallet":1000,"final_balance":975.89842318,"rejected_signals":12,"timedout_entry_orders":0,"timedout_exit_orders":1,"canceled_trade_entries":0,"canceled_entry_orders":0,"replaced_entry_orders":0,"max_open_trades":2,"max_open_trades_setting":2,"timeframe":"1h","timeframe_detail":"","timerange":"20251109-20260221","enable_protections":false,"strategy_name":"SupertrendFuturesStrategyV4","freqaimodel":null,"freqai_identifier":null,"stoploss":-0.04,"trailing_stop":true,"trailing_stop_positive":0.02,"trailing_stop_positive_offset":0.03,"trailing_only_offset_is_reached":true,"use_custom_stoploss":false,"minimal_roi":{"0":0.06},"use_exit_signal":true,"exit_profit_only":false,"exit_profit_offset":0.0,"ignore_roi_if_entry_signal":false,"trading_mode":"futures","margin_mode":"isolated","periodic_breakdown":{"day":[{"date":"28/11/2025","date_ts":1764288000000,"profit_abs":7.03924683,"wins":1,"draws":0,"losses":0,"trades":1,"profit_factor":0.0},{"date":"29/11/2025","date_ts":1764374400000,"profit_abs":0.0,"wins":0,"draws":0,"losses":0,"trades":0,"profit_factor":0.0},{"date":"30/11/2025","date_ts":1764460800000,"profit_abs":0.0,"wins":0,"draws":0,"losses":0,"trades":0,"profit_factor":0.0},{"date":"01/12/2025","date_ts":1764547200000,"profit_abs":0.0,"wins":0,"draws":0,"losses":0,"trades":0,"profit_factor":0.0},{"date":"02/12/2025","date_ts":1764633600000,"profit_abs":0.0,"wins":0,"draws":0,"losses":0,"trades":0,"profit_factor":0.0},{"date":"03/12/2025","date_ts":1764720000000,"profit_abs":6.01771907,"wins":1,"draws":0,"losses":0,"trades":1,"profit_factor":0.0},{"date":"04/12/2025","date_ts":1764806400000,"profit_abs":-38.72601223,"wins":2,"draws":0,"losses":3,"trades":5,"profit_factor":0.23043163},{"date":"05/12/2025","date_ts":1764892800000,"profit_abs":0.0,"wins":0,"draws":0,"losses":0,"trades":0,"profit_factor":0.0},{"date":"06/12/2025","date_ts":1764979200000,"profit_abs":0.0,"wins":0,"draws":0,"losses":0,"trades":0,"profit_factor":0.0},{"date":"07/12/2025","date_ts":1765065600000,"profit_abs":0.0,"wins":0,"draws":0,"losses":0,"trades":0,"profit_factor":0.0},{"date":"08/12/2025","date_ts":1765152000000,"profit_abs":0.0,"wins":0,"draws":0,"losses":0,"trades":0,"profit_factor":0.0},{"date":"09/12/2025","date_ts":1765238400000,"profit_abs":0.0,"wins":0,"draws":0,"losses":0,"trades":0,"profit_factor":0.0},{"date":"10/12/2025","date_ts":1765324800000,"profit_abs":0.0,"wins":0,"draws":0,"losses":0,"trades":0,"profit_factor":0.0},{"date":"11/12/2025","date_ts":1765411200000,"profit_abs":-16.75610878,"wins":0,"draws":0,"losses":1,"trades":1,"profit_factor":0.0},{"date":"12/12/2025","date_ts":1765497600000,"profit_abs":-16.76436457,"wins":0,"draws":0,"losses":1,"trades":1,"profit_factor":0.0},{"date":"13/12/2025","date_ts":1765584000000,"profit_abs":0.0,"wins":0,"draws":0,"losses":0,"trades":0,"profit_factor":0.0},{"date":"14/12/2025","date_ts":1765670400000,"profit_abs":0.0,"wins":0,"draws":0,"losses":0,"trades":0,"profit_factor":0.0},{"date":"15/12/2025","date_ts":1765756800000,"profit_abs":0.0,"wins":0,"draws":0,"losses":0,"trades":0,"profit_factor":0.0},{"date":"16/12/2025","date_ts":1765843200000,"profit_abs":0.0,"wins":0,"draws":0,"losses":0,"trades":0,"profit_factor":0.0},{"date":"17/12/2025","date_ts":1765929600000,"profit_abs":0.0,"wins":0,"draws":0,"losses":0,"trades":0,"profit_factor":0.0},{"date":"18/12/2025","date_ts":1766016000000,"profit_abs":0.0,"wins":0,"draws":0,"losses":0,"trades":0,"profit_factor":0.0},{"date":"19/12/2025","date_ts":1766102400000,"profit_abs":0.0,"wins":0,"draws":0,"losses":0,"trades":0,"profit_factor":0.0},{"date":"20/12/2025","date_ts":1766188800000,"profit_abs":0.0,"wins":0,"draws":0,"losses":0,"trades":0,"profit_factor":0.0},{"date":"21/12/2025","date_ts":1766275200000,"profit_abs":0.0,"wins":0,"draws":0,"losses":0,"trades":0,"profit_factor":0.0},{"date":"22/12/2025","date_ts":1766361600000,"profit_abs":0.0,"wins":0,"draws":0,"losses":0,"trades":0,"profit_factor":0.0},{"date":"23/12/2025","date_ts":1766448000000,"profit_abs":0.0,"wins":0,"draws":0,"losses":0,"trades":0,"profit_factor":0.0},{"date":"24/12/2025","date_ts":1766534400000,"profit_abs":0.0,"wins":0,"draws":0,"losses":0,"trades":0,"profit_factor":0.0},{"date":"25/12/2025","date_ts":1766620800000,"profit_abs":0.0,"wins":0,"draws":0,"losses":0,"trades":0,"profit_factor":0.0},{"date":"26/12/2025","date_ts":1766707200000,"profit_abs":0.0,"wins":0,"draws":0,"losses":0,"trades":0,"profit_factor":0.0},{"date":"27/12/2025","date_ts":1766793600000,"profit_abs":0.0,"wins":0,"draws":0,"losses":0,"trades":0,"profit_factor":0.0},{"date":"28/12/2025","date_ts":1766880000000,"profit_abs":0.0,"wins":0,"draws":0,"losses":0,"trades":0,"profit_factor":0.0},{"date":"29/12/2025","date_ts":1766966400000,"profit_abs":0.0,"wins":0,"draws":0,"losses":0,"trades":0,"profit_factor":0.0},{"date":"30/12/2025","date_ts":1767052800000,"profit_abs":0.0,"wins":0,"draws":0,"losses":0,"trades":0,"profit_factor":0.0},{"date":"31/12/2025","date_ts":1767139200000,"profit_abs":0.0,"wins":0,"draws":0,"losses":0,"trades":0,"profit_factor":0.0},{"date":"01/01/2026","date_ts":1767225600000,"profit_abs":0.0,"wins":0,"draws":0,"losses":0,"trades":0,"profit_factor":0.0},{"date":"02/01/2026","date_ts":1767312000000,"profit_abs":33.97649313,"wins":2,"draws":0,"losses":0,"trades":2,"profit_factor":0.0},{"date":"03/01/2026","date_ts":1767398400000,"profit_abs":9.22274061,"wins":1,"draws":0,"losses":0,"trades":1,"profit_factor":0.0},{"date":"04/01/2026","date_ts":1767484800000,"profit_abs":35.10722511,"wins":2,"draws":0,"losses":0,"trades":2,"profit_factor":0.0},{"date":"05/01/2026","date_ts":1767571200000,"profit_abs":29.63744046,"wins":3,"draws":0,"losses":0,"trades":3,"profit_factor":0.0},{"date":"06/01/2026","date_ts":1767657600000,"profit_abs":-13.22914368,"wins":0,"draws":0,"losses":1,"trades":1,"profit_factor":0.0},{"date":"07/01/2026","date_ts":1767744000000,"profit_abs":0.0,"wins":0,"draws":0,"losses":0,"trades":0,"profit_factor":0.0},{"date":"08/01/2026","date_ts":1767830400000,"profit_abs":0.0,"wins":0,"draws":0,"losses":0,"trades":0,"profit_factor":0.0},{"date":"09/01/2026","date_ts":1767916800000,"profit_abs":0.0,"wins":0,"draws":0,"losses":0,"trades":0,"profit_factor":0.0},{"date":"10/01/2026","date_ts":1768003200000,"profit_abs":0.0,"wins":0,"draws":0,"losses":0,"trades":0,"profit_factor":0.0},{"date":"11/01/2026","date_ts":1768089600000,"profit_abs":0.0,"wins":0,"draws":0,"losses":0,"trades":0,"profit_factor":0.0},{"date":"12/01/2026","date_ts":1768176000000,"profit_abs":22.09737927,"wins":3,"draws":0,"losses":0,"trades":3,"profit_factor":0.0},{"date":"13/01/2026","date_ts":1768262400000,"profit_abs":0.0,"wins":0,"draws":0,"losses":0,"trades":0,"profit_factor":0.0},{"date":"14/01/2026","date_ts":1768348800000,"profit_abs":19.60493514,"wins":3,"draws":0,"losses":0,"trades":3,"profit_factor":0.0},{"date":"15/01/2026","date_ts":1768435200000,"profit_abs":-33.73349729,"wins":0,"draws":0,"losses":2,"trades":2,"profit_factor":0.0},{"date":"16/01/2026","date_ts":1768521600000,"profit_abs":0.0,"wins":0,"draws":0,"losses":0,"trades":0,"profit_factor":0.0},{"date":"17/01/2026","date_ts":1768608000000,"profit_abs":0.0,"wins":0,"draws":0,"losses":0,"trades":0,"profit_factor":0.0},{"date":"18/01/2026","date_ts":1768694400000,"profit_abs":-17.11019211,"wins":0,"draws":0,"losses":1,"trades":1,"profit_factor":0.0},{"date":"19/01/2026","date_ts":1768780800000,"profit_abs":0.0,"wins":0,"draws":0,"losses":0,"trades":0,"profit_factor":0.0},{"date":"20/01/2026","date_ts":1768867200000,"profit_abs":0.0,"wins":0,"draws":0,"losses":0,"trades":0,"profit_factor":0.0},{"date":"21/01/2026","date_ts":1768953600000,"profit_abs":0.0,"wins":0,"draws":0,"losses":0,"trades":0,"profit_factor":0.0},{"date":"22/01/2026","date_ts":1769040000000,"profit_abs":0.0,"wins":0,"draws":0,"losses":0,"trades":0,"profit_factor":0.0},{"date":"23/01/2026","date_ts":1769126400000,"profit_abs":0.0,"wins":0,"draws":0,"losses":0,"trades":0,"profit_factor":0.0},{"date":"24/01/2026","date_ts":1769212800000,"profit_abs":0.0,"wins":0,"draws":0,"losses":0,"trades":0,"profit_factor":0.0},{"date":"25/01/2026","date_ts":1769299200000,"profit_abs":0.0,"wins":0,"draws":0,"losses":0,"trades":0,"profit_factor":0.0},{"date":"26/01/2026","date_ts":1769385600000,"profit_abs":0.0,"wins":0,"draws":0,"losses":0,"trades":0,"profit_factor":0.0},{"date":"27/01/2026","date_ts":1769472000000,"profit_abs":0.0,"wins":0,"draws":0,"losses":0,"trades":0,"profit_factor":0.0},{"date":"28/01/2026","date_ts":1769558400000,"profit_abs":0.0,"wins":0,"draws":0,"losses":0,"trades":0,"profit_factor":0.0},{"date":"29/01/2026","date_ts":1769644800000,"profit_abs":0.0,"wins":0,"draws":0,"losses":0,"trades":0,"profit_factor":0.0},{"date":"30/01/2026","date_ts":1769731200000,"profit_abs":0.0,"wins":0,"draws":0,"losses":0,"trades":0,"profit_factor":0.0},{"date":"31/01/2026","date_ts":1769817600000,"profit_abs":0.0,"wins":0,"draws":0,"losses":0,"trades":0,"profit_factor":0.0},{"date":"01/02/2026","date_ts":1769904000000,"profit_abs":0.0,"wins":0,"draws":0,"losses":0,"trades":0,"profit_factor":0.0},{"date":"02/02/2026","date_ts":1769990400000,"profit_abs":0.0,"wins":0,"draws":0,"losses":0,"trades":0,"profit_factor":0.0},{"date":"03/02/2026","date_ts":1770076800000,"profit_abs":0.0,"wins":0,"draws":0,"losses":0,"trades":0,"profit_factor":0.0},{"date":"04/02/2026","date_ts":1770163200000,"profit_abs":0.0,"wins":0,"draws":0,"losses":0,"trades":0,"profit_factor":0.0},{"date":"05/02/2026","date_ts":1770249600000,"profit_abs":0.0,"wins":0,"draws":0,"losses":0,"trades":0,"profit_factor":0.0},{"date":"06/02/2026","date_ts":1770336000000,"profit_abs":0.0,"wins":0,"draws":0,"losses":0,"trades":0,"profit_factor":0.0},{"date":"07/02/2026","date_ts":1770422400000,"profit_abs":0.0,"wins":0,"draws":0,"losses":0,"trades":0,"profit_factor":0.0},{"date":"08/02/2026","date_ts":1770508800000,"profit_abs":0.0,"wins":0,"draws":0,"losses":0,"trades":0,"profit_factor":0.0},{"date":"09/02/2026","date_ts":1770595200000,"profit_abs":0.0,"wins":0,"draws":0,"losses":0,"trades":0,"profit_factor":0.0},{"date":"10/02/2026","date_ts":1770681600000,"profit_abs":0.0,"wins":0,"draws":0,"losses":0,"trades":0,"profit_factor":0.0},{"date":"11/02/2026","date_ts":1770768000000,"profit_abs":0.0,"wins":0,"draws":0,"losses":0,"trades":0,"profit_factor":0.0},{"date":"12/02/2026","date_ts":1770854400000,"profit_abs":0.0,"wins":0,"draws":0,"losses":0,"trades":0,"profit_factor":0.0},{"date":"13/02/2026","date_ts":1770940800000,"profit_abs":0.0,"wins":0,"draws":0,"losses":0,"trades":0,"profit_factor":0.0},{"date":"14/02/2026","date_ts":1771027200000,"profit_abs":0.0,"wins":0,"draws":0,"losses":0,"trades":0,"profit_factor":0.0},{"date":"15/02/2026","date_ts":1771113600000,"profit_abs":-33.74636591,"wins":0,"draws":0,"losses":2,"trades":2,"profit_factor":0.0},{"date":"16/02/2026","date_ts":1771200000000,"profit_abs":0.0,"wins":0,"draws":0,"losses":0,"trades":0,"profit_factor":0.0},{"date":"17/02/2026","date_ts":1771286400000,"profit_abs":0.0,"wins":0,"draws":0,"losses":0,"trades":0,"profit_factor":0.0},{"date":"18/02/2026","date_ts":1771372800000,"profit_abs":-16.73907187,"wins":0,"draws":0,"losses":1,"trades":1,"profit_factor":0.0}],"week":[{"date":"01/12/2025","date_ts":1764547200000,"profit_abs":7.03924683,"wins":1,"draws":0,"losses":0,"trades":1,"profit_factor":0.0},{"date":"08/12/2025","date_ts":1765152000000,"profit_abs":-32.70829316,"wins":3,"draws":0,"losses":3,"trades":6,"profit_factor":0.35001653},{"date":"15/12/2025","date_ts":1765756800000,"profit_abs":-33.52047335,"wins":0,"draws":0,"losses":2,"trades":2,"profit_factor":0.0},{"date":"22/12/2025","date_ts":1766361600000,"profit_abs":0.0,"wins":0,"draws":0,"losses":0,"trades":0,"profit_factor":0.0},{"date":"29/12/2025","date_ts":1766966400000,"profit_abs":0.0,"wins":0,"draws":0,"losses":0,"trades":0,"profit_factor":0.0},{"date":"05/01/2026","date_ts":1767571200000,"profit_abs":107.94389931,"wins":8,"draws":0,"losses":0,"trades":8,"profit_factor":0.0},{"date":"12/01/2026","date_ts":1768176000000,"profit_abs":8.86823559,"wins":3,"draws":0,"losses":1,"trades":4,"profit_factor":1.67035598},{"date":"19/01/2026","date_ts":1768780800000,"profit_abs":-31.23875426,"wins":3,"draws":0,"losses":3,"trades":6,"profit_factor":0.3855923},{"date":"26/01/2026","date_ts":1769385600000,"profit_abs":0.0,"wins":0,"draws":0,"losses":0,"trades":0,"profit_factor":0.0},{"date":"02/02/2026","date_ts":1769990400000,"profit_abs":0.0,"wins":0,"draws":0,"losses":0,"trades":0,"profit_factor":0.0},{"date":"09/02/2026","date_ts":1770595200000,"profit_abs":0.0,"wins":0,"draws":0,"losses":0,"trades":0,"profit_factor":0.0},{"date":"16/02/2026","date_ts":1771200000000,"profit_abs":-33.74636591,"wins":0,"draws":0,"losses":2,"trades":2,"profit_factor":0.0},{"date":"23/02/2026","date_ts":1771804800000,"profit_abs":-16.73907187,"wins":0,"draws":0,"losses":1,"trades":1,"profit_factor":0.0}],"month":[{"date":"30/11/2025","date_ts":1764460800000,"profit_abs":7.03924683,"wins":1,"draws":0,"losses":0,"trades":1,"profit_factor":0.0},{"date":"31/12/2025","date_ts":1767139200000,"profit_abs":-66.22876651,"wins":3,"draws":0,"losses":5,"trades":8,"profit_factor":0.21007842},{"date":"31/01/2026","date_ts":1769817600000,"profit_abs":85.57338064,"wins":14,"draws":0,"losses":4,"trades":18,"profit_factor":2.33556418},{"date":"28/02/2026","date_ts":1772236800000,"profit_abs":-50.48543778,"wins":0,"draws":0,"losses":3,"trades":3,"profit_factor":0.0}],"year":[{"date":"31/12/2025","date_ts":1767139200000,"profit_abs":-59.18951968,"wins":4,"draws":0,"losses":5,"trades":9,"profit_factor":0.29403669},{"date":"31/12/2026","date_ts":1798675200000,"profit_abs":35.08794286,"wins":14,"draws":0,"losses":7,"trades":21,"profit_factor":1.30628904}],"weekday":[{"date":"Monday","date_ts":0,"profit_abs":51.73481973,"wins":6,"draws":0,"losses":0,"trades":6,"profit_factor":0.0},{"date":"Tuesday","date_ts":1,"profit_abs":-13.22914368,"wins":0,"draws":0,"losses":1,"trades":1,"profit_factor":0.0},{"date":"Wednesday","date_ts":2,"profit_abs":8.88358234,"wins":4,"draws":0,"losses":1,"trades":5,"profit_factor":1.53070937},{"date":"Thursday","date_ts":3,"profit_abs":-89.2156183,"wins":2,"draws":0,"losses":6,"trades":8,"profit_factor":0.11502395},{"date":"Friday","date_ts":4,"profit_abs":24.25137539,"wins":3,"draws":0,"losses":1,"trades":4,"profit_factor":2.44660272},{"date":"Saturday","date_ts":5,"profit_abs":9.22274061,"wins":1,"draws":0,"losses":0,"trades":1,"profit_factor":0.0},{"date":"Sunday","date_ts":6,"profit_abs":-15.74933291,"wins":2,"draws":0,"losses":3,"trades":5,"profit_factor":0.69031854}]},"backtest_best_day":0.08792144373233869,"backtest_worst_day":-0.09675097171260671,"backtest_best_day_abs":35.10722511,"backtest_worst_day_abs":-38.72601223,"winning_days":8,"draw_days":67,"losing_days":8,"daily_profit":[["2025-11-28",7.03924683],["2025-11-29",0.0],["2025-11-30",0.0],["2025-12-01",0.0],["2025-12-02",0.0],["2025-12-03",6.01771907],["2025-12-04",-38.72601223],["2025-12-05",0.0],["2025-12-06",0.0],["2025-12-07",0.0],["2025-12-08",0.0],["2025-12-09",0.0],["2025-12-10",0.0],["2025-12-11",-16.75610878],["2025-12-12",-16.76436457],["2025-12-13",0.0],["2025-12-14",0.0],["2025-12-15",0.0],["2025-12-16",0.0],["2025-12-17",0.0],["2025-12-18",0.0],["2025-12-19",0.0],["2025-12-20",0.0],["2025-12-21",0.0],["2025-12-22",0.0],["2025-12-23",0.0],["2025-12-24",0.0],["2025-12-25",0.0],["2025-12-26",0.0],["2025-12-27",0.0],["2025-12-28",0.0],["2025-12-29",0.0],["2025-12-30",0.0],["2025-12-31",0.0],["2026-01-01",0.0],["2026-01-02",33.97649313],["2026-01-03",9.22274061],["2026-01-04",35.10722511],["2026-01-05",29.63744046],["2026-01-06",-13.22914368],["2026-01-07",0.0],["2026-01-08",0.0],["2026-01-09",0.0],["2026-01-10",0.0],["2026-01-11",0.0],["2026-01-12",22.09737927],["2026-01-13",0.0],["2026-01-14",19.60493514],["2026-01-15",-33.73349729],["2026-01-16",0.0],["2026-01-17",0.0],["2026-01-18",-17.11019211],["2026-01-19",0.0],["2026-01-20",0.0],["2026-01-21",0.0],["2026-01-22",0.0],["2026-01-23",0.0],["2026-01-24",0.0],["2026-01-25",0.0],["2026-01-26",0.0],["2026-01-27",0.0],["2026-01-28",0.0],["2026-01-29",0.0],["2026-01-30",0.0],["2026-01-31",0.0],["2026-02-01",0.0],["2026-02-02",0.0],["2026-02-03",0.0],["2026-02-04",0.0],["2026-02-05",0.0],["2026-02-06",0.0],["2026-02-07",0.0],["2026-02-08",0.0],["2026-02-09",0.0],["2026-02-10",0.0],["2026-02-11",0.0],["2026-02-12",0.0],["2026-02-13",0.0],["2026-02-14",0.0],["2026-02-15",-33.74636591],["2026-02-16",0.0],["2026-02-17",0.0],["2026-02-18",-16.73907187]],"wins":18,"losses":12,"draws":0,"winrate":0.6,"holding_avg":"11:16:00","holding_avg_s":40560.0,"winner_holding_min":"0d 01:00","winner_holding_min_s":3600.0,"winner_holding_max":"0d 23:00","winner_holding_max_s":82800.0,"winner_holding_avg":"0d 08:17","winner_holding_avg_s":29820.0,"loser_holding_min":"0d 00:00","loser_holding_min_s":0.0,"loser_holding_max":"3d 19:00","loser_holding_max_s":327600.0,"loser_holding_avg":"0d 15:45","loser_holding_avg_s":56700.0,"max_consecutive_wins":8,"max_consecutive_losses":6,"max_drawdown_account":0.09406473789696206,"max_relative_drawdown":0.09406473789696206,"max_drawdown_abs":101.32912718,"drawdown_start":"2026-01-14 16:00:00","drawdown_start_ts":1768406400000.0,"drawdown_end":"2026-02-18 11:00:00","drawdown_end_ts":1771412400000.0,"drawdown_duration":"34 days 19:00:00","drawdown_duration_s":3006000.0,"max_drawdown_low":-24.10157682000001,"max_drawdown_high":77.22755036,"csum_min":940.81048032,"csum_max":1077.22755036}},"strategy_comparison":[{"key":"SupertrendFuturesStrategyV4","trades":30,"profit_mean":-0.0020028021547236568,"profit_mean_pct":-0.2,"profit_total_abs":-24.10157682000001,"profit_total":-0.02410157682000001,"profit_total_pct":-2.41,"duration_avg":"11:16:00","wins":18,"draws":0,"losses":12,"winrate":0.6,"cagr":-0.08282279626541378,"expectancy":-0.8033858940000016,"expectancy_ratio":-0.04859177247018254,"sortino":-4.461990161830533,"sharpe":-0.33039331181142473,"calmar":-4.752562255712643,"sqn":-0.3197,"profit_factor":0.878520568824544,"max_drawdown_account":0.09406473789696206,"max_drawdown_abs":"101.329"}]}