{"strategy":{"SupertrendFuturesStrategyV4":{"trades":[{"pair":"SOL/USDT:USDT","stake_amount":399.89315,"max_stake_amount":399.89315,"amount":4.79,"open_date":"2025-11-10 02:00:00+00:00","close_date":"2025-11-10 09:00:00+00:00","open_rate":166.97,"close_rate":168.04260000000002,"fee_open":0.0005,"fee_close":0.0005,"trade_duration":420,"profit_ratio":0.01083597506958559,"profit_abs":4.33539882,"exit_reason":"trailing_stop_loss","initial_stop_loss_abs":164.46545,"initial_stop_loss_ratio":-0.03,"stop_loss_abs":168.04260000000002,"stop_loss_ratio":-0.02,"min_rate":166.04,"max_rate":169.74,"is_open":false,"enter_tag":"","leverage":2,"is_short":false,"open_timestamp":1762740000000,"close_timestamp":1762765200000,"orders":[{"amount":4.79,"safe_price":166.97,"ft_order_side":"buy","order_filled_timestamp":1762740000000,"ft_is_entry":true,"ft_order_tag":"","cost":800.1861931499999},{"amount":4.79,"safe_price":168.04260000000002,"ft_order_side":"sell","order_filled_timestamp":1762765200000,"ft_is_entry":false,"ft_order_tag":"trailing_stop_loss","cost":805.326516027}],"funding_fees":0.0,"weekday":0},{"pair":"SOL/USDT:USDT","stake_amount":399.7604,"max_stake_amount":399.7604,"amount":4.72,"open_date":"2025-11-10 10:00:00+00:00","close_date":"2025-11-10 12:00:00+00:00","open_rate":169.39,"close_rate":166.84914999999998,"fee_open":0.0005,"fee_close":0.0005,"trade_duration":120,"profit_ratio":-0.03196901548225288,"profit_abs":-12.78633639,"exit_reason":"stop_loss","initial_stop_loss_abs":166.84914999999998,"initial_stop_loss_ratio":-0.03,"stop_loss_abs":166.84914999999998,"stop_loss_ratio":-0.03,"min_rate":166.8,"max_rate":169.56,"is_open":false,"enter_tag":"","leverage":2,"is_short":false,"open_timestamp":1762768800000,"close_timestamp":1762776000000,"orders":[{"amount":4.72,"safe_price":169.39,"ft_order_side":"buy","order_filled_timestamp":1762768800000,"ft_is_entry":true,"ft_order_tag":"","cost":799.9205603999999},{"amount":4.72,"safe_price":166.84914999999998,"ft_order_side":"sell","order_filled_timestamp":1762776000000,"ft_is_entry":false,"ft_order_tag":"stop_loss","cost":787.9217519939998}],"funding_fees":0.0,"weekday":0},{"pair":"BTC/USDT:USDT","stake_amount":399.380625,"max_stake_amount":399.380625,"amount":0.0075,"open_date":"2025-11-10 14:00:00+00:00","close_date":"2025-11-10 14:00:00+00:00","open_rate":106501.5,"close_rate":104903.9775,"fee_open":0.0005,"fee_close":0.0005,"trade_duration":0,"profit_ratio":-0.031969015490689735,"profit_abs":-12.77418929,"exit_reason":"stop_loss","initial_stop_loss_abs":104903.9775,"initial_stop_loss_ratio":-0.03,"stop_loss_abs":104903.9775,"stop_loss_ratio":-0.03,"min_rate":104650.0,"max_rate":106501.5,"is_open":false,"enter_tag":"","leverage":2,"is_short":false,"open_timestamp":1762783200000,"close_timestamp":1762783200000,"orders":[{"amount":0.0075,"safe_price":106501.5,"ft_order_side":"buy","order_filled_timestamp":1762783200000,"ft_is_entry":true,"ft_order_tag":"","cost":799.160630625},{"amount":0.0075,"safe_price":104903.9775,"ft_order_side":"sell","order_filled_timestamp":1762783200000,"ft_is_entry":false,"ft_order_tag":"stop_loss","cost":787.1732211656249}],"funding_fees":0.0,"weekday":0},{"pair":"SOL/USDT:USDT","stake_amount":399.4551,"max_stake_amount":399.4551,"amount":4.71,"open_date":"2025-11-10 14:00:00+00:00","close_date":"2025-11-10 14:00:00+00:00","open_rate":169.62,"close_rate":167.0757,"fee_open":0.0005,"fee_close":0.0005,"trade_duration":0,"profit_ratio":-0.031969015483496316,"profit_abs":-12.77657137,"exit_reason":"stop_loss","initial_stop_loss_abs":167.0757,"initial_stop_loss_ratio":-0.03,"stop_loss_abs":167.0757,"stop_loss_ratio":-0.03,"min_rate":165.2,"max_rate":169.65,"is_open":false,"enter_tag":"","leverage":2,"is_short":false,"open_timestamp":1762783200000,"close_timestamp":1762783200000,"orders":[{"amount":4.71,"safe_price":169.62,"ft_order_side":"buy","order_filled_timestamp":1762783200000,"ft_is_entry":true,"ft_order_tag":"","cost":799.3096551},{"amount":4.71,"safe_price":167.0757,"ft_order_side":"sell","order_filled_timestamp":1762783200000,"ft_is_entry":false,"ft_order_tag":"stop_loss","cost":787.3200102735}],"funding_fees":0.0,"weekday":0},{"pair":"BTC/USDT:USDT","stake_amount":399.13262,"max_stake_amount":399.13262,"amount":0.0076,"open_date":"2025-11-10 16:00:00+00:00","close_date":"2025-11-11 01:00:00+00:00","open_rate":105034.9,"close_rate":106424.802,"fee_open":0.0005,"fee_close":0.0005,"trade_duration":540,"profit_ratio":0.02444007436561494,"profit_abs":9.75970833,"exit_reason":"trailing_stop_loss","initial_stop_loss_abs":103459.3765,"initial_stop_loss_ratio":-0.03,"stop_loss_abs":106424.802,"stop_loss_ratio":-0.02,"min_rate":104747.5,"max_rate":107499.8,"is_open":false,"enter_tag":"","leverage":2,"is_short":false,"open_timestamp":1762790400000,"close_timestamp":1762822800000,"orders":[{"amount":0.0076,"safe_price":105034.9,"ft_order_side":"buy","order_filled_timestamp":1762790400000,"ft_is_entry":true,"ft_order_tag":"","cost":798.6643726199999},{"amount":0.0076,"safe_price":106424.802,"ft_order_side":"sell","order_filled_timestamp":1762822800000,"ft_is_entry":false,"ft_order_tag":"trailing_stop_loss","cost":809.2329094475999}],"funding_fees":0.0,"weekday":1},{"pair":"BTC/USDT:USDT","stake_amount":398.80772,"max_stake_amount":398.80772,"amount":0.0076,"open_date":"2025-11-12 13:00:00+00:00","close_date":"2025-11-12 15:00:00+00:00","open_rate":104949.4,"close_rate":103375.159,"fee_open":0.0005,"fee_close":0.0005,"trade_duration":120,"profit_ratio":-0.03196901548172775,"profit_abs":-12.75586492,"exit_reason":"stop_loss","initial_stop_loss_abs":103375.159,"initial_stop_loss_ratio":-0.03,"stop_loss_abs":103375.159,"stop_loss_ratio":-0.03,"min_rate":101902.5,"max_rate":105146.9,"is_open":false,"enter_tag":"","leverage":2,"is_short":false,"open_timestamp":1762952400000,"close_timestamp":1762959600000,"orders":[{"amount":0.0076,"safe_price":104949.4,"ft_order_side":"buy","order_filled_timestamp":1762952400000,"ft_is_entry":true,"ft_order_tag":"","cost":798.0142477199998},{"amount":0.0076,"safe_price":103375.159,"ft_order_side":"sell","order_filled_timestamp":1762959600000,"ft_is_entry":false,"ft_order_tag":"stop_loss","cost":786.0440340042}],"funding_fees":0.0,"weekday":2},{"pair":"BTC/USDT:USDT","stake_amount":399.586,"max_stake_amount":399.586,"amount":0.0088,"open_date":"2025-11-27 14:00:00+00:00","close_date":"2025-11-28 13:00:00+00:00","open_rate":90815.0,"close_rate":91706.175,"fee_open":0.0005,"fee_close":0.0005,"trade_duration":1380,"profit_ratio":0.017607546224135084,"profit_abs":7.03924683,"exit_reason":"trailing_stop_loss","initial_stop_loss_abs":89452.775,"initial_stop_loss_ratio":-0.03,"stop_loss_abs":91706.175,"stop_loss_ratio":-0.02,"min_rate":90534.7,"max_rate":92632.5,"is_open":false,"enter_tag":"","leverage":2,"is_short":false,"open_timestamp":1764252000000,"close_timestamp":1764334800000,"orders":[{"amount":0.0088,"safe_price":90815.0,"ft_order_side":"buy","order_filled_timestamp":1764252000000,"ft_is_entry":true,"ft_order_tag":"","cost":799.571586},{"amount":0.0088,"safe_price":91706.175,"ft_order_side":"sell","order_filled_timestamp":1764334800000,"ft_is_entry":false,"ft_order_tag":"trailing_stop_loss","cost":807.4178471700001}],"funding_fees":0.0,"weekday":4},{"pair":"ETH/USDT:USDT","stake_amount":399.1659,"max_stake_amount":399.1659,"amount":0.268,"open_date":"2025-12-02 21:00:00+00:00","close_date":"2025-12-03 02:00:00+00:00","open_rate":2978.85,"close_rate":3018.3912,"fee_open":0.0005,"fee_close":0.0005,"trade_duration":300,"profit_ratio":0.024522427946598785,"profit_abs":9.79341128,"exit_reason":"trailing_stop_loss","initial_stop_loss_abs":2934.16725,"initial_stop_loss_ratio":-0.03,"stop_loss_abs":3018.3912,"stop_loss_ratio":-0.02,"min_rate":2976.3,"max_rate":3048.88,"is_open":false,"enter_tag":"","leverage":2,"is_short":false,"open_timestamp":1764709200000,"close_timestamp":1764727200000,"orders":[{"amount":0.268,"safe_price":2978.85,"ft_order_side":"buy","order_filled_timestamp":1764709200000,"ft_is_entry":true,"ft_order_tag":"","cost":798.7309659},{"amount":0.268,"safe_price":3018.3912,"ft_order_side":"sell","order_filled_timestamp":1764727200000,"ft_is_entry":false,"ft_order_tag":"trailing_stop_loss","cost":809.3333060208}],"funding_fees":0.0,"weekday":2},{"pair":"ETH/USDT:USDT","stake_amount":399.7643,"max_stake_amount":399.7643,"amount":0.26,"open_date":"2025-12-03 15:00:00+00:00","close_date":"2025-12-03 17:00:00+00:00","open_rate":3075.11,"close_rate":3101.3433,"fee_open":0.0005,"fee_close":0.0005,"trade_duration":120,"profit_ratio":0.015045644931633287,"profit_abs":6.01771907,"exit_reason":"trailing_stop_loss","initial_stop_loss_abs":3028.98335,"initial_stop_loss_ratio":-0.03,"stop_loss_abs":3101.3433,"stop_loss_ratio":-0.02,"min_rate":3054.0,"max_rate":3132.67,"is_open":false,"enter_tag":"","leverage":2,"is_short":false,"open_timestamp":1764774000000,"close_timestamp":1764781200000,"orders":[{"amount":0.26,"safe_price":3075.11,"ft_order_side":"buy","order_filled_timestamp":1764774000000,"ft_is_entry":true,"ft_order_tag":"","cost":799.9283643},{"amount":0.26,"safe_price":3101.3433,"ft_order_side":"sell","order_filled_timestamp":1764781200000,"ft_is_entry":false,"ft_order_tag":"trailing_stop_loss","cost":806.752432629}],"funding_fees":0.0,"weekday":2},{"pair":"ETH/USDT:USDT","stake_amount":399.3255,"max_stake_amount":399.3255,"amount":0.252,"open_date":"2025-12-04 14:00:00+00:00","close_date":"2025-12-04 15:00:00+00:00","open_rate":3169.25,"close_rate":3191.1462,"fee_open":0.0005,"fee_close":0.0005,"trade_duration":60,"profit_ratio":0.011805094947051618,"profit_abs":4.71643248,"exit_reason":"trailing_stop_loss","initial_stop_loss_abs":3121.71125,"initial_stop_loss_ratio":-0.03,"stop_loss_abs":3191.1462,"stop_loss_ratio":-0.02,"min_rate":3137.53,"max_rate":3223.38,"is_open":false,"enter_tag":"","leverage":2,"is_short":false,"open_timestamp":1764856800000,"close_timestamp":1764860400000,"orders":[{"amount":0.252,"safe_price":3169.25,"ft_order_side":"buy","order_filled_timestamp":1764856800000,"ft_is_entry":true,"ft_order_tag":"","cost":799.0503254999999},{"amount":0.252,"safe_price":3191.1462,"ft_order_side":"sell","order_filled_timestamp":1764860400000,"ft_is_entry":false,"ft_order_tag":"trailing_stop_loss","cost":804.5709268211999}],"funding_fees":0.0,"weekday":3},{"pair":"ETH/USDT:USDT","stake_amount":399.16194,"max_stake_amount":399.16194,"amount":0.249,"open_date":"2025-12-04 16:00:00+00:00","close_date":"2025-12-04 17:00:00+00:00","open_rate":3206.12,"close_rate":3158.0281999999997,"fee_open":0.0005,"fee_close":0.0005,"trade_duration":60,"profit_ratio":-0.03196901549000027,"profit_abs":-12.76719465,"exit_reason":"stop_loss","initial_stop_loss_abs":3158.0281999999997,"initial_stop_loss_ratio":-0.03,"stop_loss_abs":3158.0281999999997,"stop_loss_ratio":-0.03,"min_rate":3133.39,"max_rate":3224.0,"is_open":false,"enter_tag":"","leverage":2,"is_short":false,"open_timestamp":1764864000000,"close_timestamp":1764867600000,"orders":[{"amount":0.249,"safe_price":3206.12,"ft_order_side":"buy","order_filled_timestamp":1764864000000,"ft_is_entry":true,"ft_order_tag":"","cost":798.7230419399999},{"amount":0.249,"safe_price":3158.0281999999997,"ft_order_side":"sell","order_filled_timestamp":1764867600000,"ft_is_entry":false,"ft_order_tag":"stop_loss","cost":786.7421963108999}],"funding_fees":0.0,"weekday":3},{"pair":"ETH/USDT:USDT","stake_amount":399.640065,"max_stake_amount":399.640065,"amount":0.253,"open_date":"2025-12-04 18:00:00+00:00","close_date":"2025-12-04 19:00:00+00:00","open_rate":3159.21,"close_rate":3111.82185,"fee_open":0.0005,"fee_close":0.0005,"trade_duration":60,"profit_ratio":-0.03196901549469235,"profit_abs":-12.78248748,"exit_reason":"stop_loss","initial_stop_loss_abs":3111.82185,"initial_stop_loss_ratio":-0.03,"stop_loss_abs":3111.82185,"stop_loss_ratio":-0.03,"min_rate":3065.0,"max_rate":3164.97,"is_open":false,"enter_tag":"","leverage":2,"is_short":false,"open_timestamp":1764871200000,"close_timestamp":1764874800000,"orders":[{"amount":0.253,"safe_price":3159.21,"ft_order_side":"buy","order_filled_timestamp":1764871200000,"ft_is_entry":true,"ft_order_tag":"","cost":799.679770065},{"amount":0.253,"safe_price":3111.82185,"ft_order_side":"sell","order_filled_timestamp":1764874800000,"ft_is_entry":false,"ft_order_tag":"stop_loss","cost":787.6845735140249}],"funding_fees":0.0,"weekday":3},{"pair":"ETH/USDT:USDT","stake_amount":398.60716,"max_stake_amount":398.60716,"amount":0.238,"open_date":"2025-12-10 17:00:00+00:00","close_date":"2025-12-10 18:00:00+00:00","open_rate":3349.64,"close_rate":3393.9774,"fee_open":0.0005,"fee_close":0.0005,"trade_duration":60,"profit_ratio":0.02444747420209302,"profit_abs":9.74981073,"exit_reason":"trailing_stop_loss","initial_stop_loss_abs":3299.3954,"initial_stop_loss_ratio":-0.03,"stop_loss_abs":3393.9774,"stop_loss_ratio":-0.02,"min_rate":3344.63,"max_rate":3428.26,"is_open":false,"enter_tag":"","leverage":2,"is_short":false,"open_timestamp":1765386000000,"close_timestamp":1765389600000,"orders":[{"amount":0.238,"safe_price":3349.64,"ft_order_side":"buy","order_filled_timestamp":1765386000000,"ft_is_entry":true,"ft_order_tag":"","cost":797.6129271599999},{"amount":0.238,"safe_price":3393.9774,"ft_order_side":"sell","order_filled_timestamp":1765389600000,"ft_is_entry":false,"ft_order_tag":"trailing_stop_loss","cost":808.1705045106}],"funding_fees":0.0,"weekday":2},{"pair":"ETH/USDT:USDT","stake_amount":398.7987,"max_stake_amount":398.7987,"amount":0.236,"open_date":"2025-12-10 19:00:00+00:00","close_date":"2025-12-10 20:00:00+00:00","open_rate":3379.65,"close_rate":3400.3727999999996,"fee_open":0.0005,"fee_close":0.0005,"trade_duration":60,"profit_ratio":0.01025202404889601,"profit_abs":4.09053811,"exit_reason":"trailing_stop_loss","initial_stop_loss_abs":3328.95525,"initial_stop_loss_ratio":-0.03,"stop_loss_abs":3400.3727999999996,"stop_loss_ratio":-0.02,"min_rate":3343.0,"max_rate":3446.0,"is_open":false,"enter_tag":"","leverage":2,"is_short":false,"open_timestamp":1765393200000,"close_timestamp":1765396800000,"orders":[{"amount":0.236,"safe_price":3379.65,"ft_order_side":"buy","order_filled_timestamp":1765393200000,"ft_is_entry":true,"ft_order_tag":"","cost":797.9961986999999},{"amount":0.236,"safe_price":3400.3727999999996,"ft_order_side":"sell","order_filled_timestamp":1765396800000,"ft_is_entry":false,"ft_order_tag":"trailing_stop_loss","cost":802.8892247903998}],"funding_fees":0.0,"weekday":2},{"pair":"ETH/USDT:USDT","stake_amount":399.14504,"max_stake_amount":399.14504,"amount":0.238,"open_date":"2025-12-10 21:00:00+00:00","close_date":"2025-12-11 00:00:00+00:00","open_rate":3354.16,"close_rate":3303.8475999999996,"fee_open":0.0005,"fee_close":0.0005,"trade_duration":180,"profit_ratio":-0.03196901548123582,"profit_abs":-12.7666541,"exit_reason":"stop_loss","initial_stop_loss_abs":3303.8475999999996,"initial_stop_loss_ratio":-0.03,"stop_loss_abs":3303.8475999999996,"stop_loss_ratio":-0.03,"min_rate":3256.71,"max_rate":3367.94,"is_open":false,"enter_tag":"","leverage":2,"is_short":false,"open_timestamp":1765400400000,"close_timestamp":1765411200000,"orders":[{"amount":0.238,"safe_price":3354.16,"ft_order_side":"buy","order_filled_timestamp":1765400400000,"ft_is_entry":true,"ft_order_tag":"","cost":798.6892250399999},{"amount":0.238,"safe_price":3303.8475999999996,"ft_order_side":"sell","order_filled_timestamp":1765411200000,"ft_is_entry":false,"ft_order_tag":"stop_loss","cost":786.7088866643999}],"funding_fees":0.0,"weekday":3},{"pair":"SOL/USDT:USDT","stake_amount":399.88375,"max_stake_amount":399.88375,"amount":5.75,"open_date":"2025-12-12 07:00:00+00:00","close_date":"2025-12-12 15:00:00+00:00","open_rate":139.09,"close_rate":137.00365,"fee_open":0.0005,"fee_close":0.0005,"trade_duration":480,"profit_ratio":-0.03196901548288083,"profit_abs":-12.79028174,"exit_reason":"stop_loss","initial_stop_loss_abs":137.00365,"initial_stop_loss_ratio":-0.03,"stop_loss_abs":137.00365,"stop_loss_ratio":-0.03,"min_rate":132.71,"max_rate":139.82,"is_open":false,"enter_tag":"","leverage":2,"is_short":false,"open_timestamp":1765522800000,"close_timestamp":1765551600000,"orders":[{"amount":5.75,"safe_price":139.09,"ft_order_side":"buy","order_filled_timestamp":1765522800000,"ft_is_entry":true,"ft_order_tag":"","cost":800.16738375},{"amount":5.75,"safe_price":137.00365,"ft_order_side":"sell","order_filled_timestamp":1765551600000,"ft_is_entry":false,"ft_order_tag":"stop_loss","cost":788.1648729937499}],"funding_fees":0.0,"weekday":4},{"pair":"ETH/USDT:USDT","stake_amount":399.95125,"max_stake_amount":399.95125,"amount":0.265,"open_date":"2025-12-29 08:00:00+00:00","close_date":"2025-12-29 09:00:00+00:00","open_rate":3018.5,"close_rate":2973.2225,"fee_open":0.0005,"fee_close":0.0005,"trade_duration":60,"profit_ratio":-0.032008548418150304,"profit_abs":-12.80825988,"exit_reason":"stop_loss","initial_stop_loss_abs":2973.2225,"initial_stop_loss_ratio":-0.03,"stop_loss_abs":2973.2225,"stop_loss_ratio":-0.03,"min_rate":2955.52,"max_rate":3025.79,"is_open":false,"enter_tag":"","leverage":2,"is_short":false,"open_timestamp":1766995200000,"close_timestamp":1766998800000,"orders":[{"amount":0.265,"safe_price":3018.5,"ft_order_side":"buy","order_filled_timestamp":1766995200000,"ft_is_entry":true,"ft_order_tag":"","cost":800.30245125},{"amount":0.265,"safe_price":2973.2225,"ft_order_side":"sell","order_filled_timestamp":1766998800000,"ft_is_entry":false,"ft_order_tag":"stop_loss","cost":788.29791448125}],"funding_fees":-0.015819145927711487,"weekday":0},{"pair":"SOL/USDT:USDT","stake_amount":399.5151,"max_stake_amount":399.5151,"amount":6.34,"open_date":"2025-12-29 10:00:00+00:00","close_date":"2025-12-29 12:00:00+00:00","open_rate":126.03,"close_rate":124.13955,"fee_open":0.0005,"fee_close":0.0005,"trade_duration":120,"profit_ratio":-0.031969015483497634,"profit_abs":-12.77849047,"exit_reason":"stop_loss","initial_stop_loss_abs":124.13955,"initial_stop_loss_ratio":-0.03,"stop_loss_abs":124.13955,"stop_loss_ratio":-0.03,"min_rate":122.82,"max_rate":126.34,"is_open":false,"enter_tag":"","leverage":2,"is_short":false,"open_timestamp":1767002400000,"close_timestamp":1767009600000,"orders":[{"amount":6.34,"safe_price":126.03,"ft_order_side":"buy","order_filled_timestamp":1767002400000,"ft_is_entry":true,"ft_order_tag":"","cost":799.4297151},{"amount":6.34,"safe_price":124.13955,"ft_order_side":"sell","order_filled_timestamp":1767009600000,"ft_is_entry":false,"ft_order_tag":"stop_loss","cost":787.4382693735}],"funding_fees":0.0,"weekday":0},{"pair":"SOL/USDT:USDT","stake_amount":399.8532,"max_stake_amount":399.8532,"amount":6.36,"open_date":"2025-12-31 15:00:00+00:00","close_date":"2025-12-31 20:00:00+00:00","open_rate":125.74,"close_rate":123.8539,"fee_open":0.0005,"fee_close":0.0005,"trade_duration":300,"profit_ratio":-0.03216859757945959,"profit_abs":-12.86914804,"exit_reason":"stop_loss","initial_stop_loss_abs":123.8539,"initial_stop_loss_ratio":-0.03,"stop_loss_abs":123.8539,"stop_loss_ratio":-0.03,"min_rate":123.4,"max_rate":125.8,"is_open":false,"enter_tag":"","leverage":2,"is_short":false,"open_timestamp":1767193200000,"close_timestamp":1767211200000,"orders":[{"amount":6.36,"safe_price":125.74,"ft_order_side":"buy","order_filled_timestamp":1767193200000,"ft_is_entry":true,"ft_order_tag":"","cost":800.1062532},{"amount":6.36,"safe_price":123.8539,"ft_order_side":"sell","order_filled_timestamp":1767211200000,"ft_is_entry":false,"ft_order_tag":"stop_loss","cost":788.104659402}],"funding_fees":-0.07984344000000002,"weekday":2},{"pair":"ETH/USDT:USDT","stake_amount":399.55461,"max_stake_amount":399.55461,"amount":0.266,"open_date":"2026-01-02 01:00:00+00:00","close_date":"2026-01-02 14:00:00+00:00","open_rate":3004.17,"close_rate":3097.345857928964,"fee_open":0.0005,"fee_close":0.0005,"trade_duration":780,"profit_ratio":0.06003090295464493,"profit_abs":23.99761683,"exit_reason":"roi","initial_stop_loss_abs":2959.10745,"initial_stop_loss_ratio":-0.03,"stop_loss_abs":3037.1319,"stop_loss_ratio":-0.02,"min_rate":2990.52,"max_rate":3109.99,"is_open":false,"enter_tag":"","leverage":2,"is_short":false,"open_timestamp":1767315600000,"close_timestamp":1767362400000,"orders":[{"amount":0.266,"safe_price":3004.17,"ft_order_side":"buy","order_filled_timestamp":1767315600000,"ft_is_entry":true,"ft_order_tag":"","cost":799.50877461},{"amount":0.266,"safe_price":3097.345857928964,"ft_order_side":"sell","order_filled_timestamp":1767362400000,"ft_is_entry":false,"ft_order_tag":"roi","cost":824.305945208209}],"funding_fees":0.024340229073058477,"weekday":4},{"pair":"BTC/USDT:USDT","stake_amount":395.604555,"max_stake_amount":395.604555,"amount":0.0089,"open_date":"2026-01-02 07:00:00+00:00","close_date":"2026-01-02 16:00:00+00:00","open_rate":88899.9,"close_rate":89869.23,"fee_open":0.0005,"fee_close":0.0005,"trade_duration":540,"profit_ratio":0.019693554034431984,"profit_abs":7.79475511,"exit_reason":"trailing_stop_loss","initial_stop_loss_abs":87566.40149999999,"initial_stop_loss_ratio":-0.03,"stop_loss_abs":89869.23,"stop_loss_ratio":-0.02,"min_rate":88404.5,"max_rate":90777.0,"is_open":false,"enter_tag":"","leverage":2,"is_short":false,"open_timestamp":1767337200000,"close_timestamp":1767369600000,"orders":[{"amount":0.0089,"safe_price":88899.9,"ft_order_side":"buy","order_filled_timestamp":1767337200000,"ft_is_entry":true,"ft_order_tag":"","cost":791.6047145549999},{"amount":0.0089,"safe_price":89869.23,"ft_order_side":"sell","order_filled_timestamp":1767369600000,"ft_is_entry":false,"ft_order_tag":"trailing_stop_loss","cost":800.2360650735}],"funding_fees":-0.0367592616578311,"weekday":4},{"pair":"SOL/USDT:USDT","stake_amount":399.39615,"max_stake_amount":399.39615,"amount":6.21,"open_date":"2026-01-02 15:00:00+00:00","close_date":"2026-01-02 16:00:00+00:00","open_rate":128.63,"close_rate":130.4523,"fee_open":0.0005,"fee_close":0.0005,"trade_duration":60,"profit_ratio":0.026296658838226343,"profit_abs":10.50803569,"exit_reason":"trailing_stop_loss","initial_stop_loss_abs":126.70054999999999,"initial_stop_loss_ratio":-0.03,"stop_loss_abs":130.4523,"stop_loss_ratio":-0.02,"min_rate":127.33,"max_rate":131.77,"is_open":false,"enter_tag":"","leverage":2,"is_short":false,"open_timestamp":1767366000000,"close_timestamp":1767369600000,"orders":[{"amount":6.21,"safe_price":128.63,"ft_order_side":"buy","order_filled_timestamp":1767366000000,"ft_is_entry":true,"ft_order_tag":"","cost":799.1916961499999},{"amount":6.21,"safe_price":130.4523,"ft_order_side":"sell","order_filled_timestamp":1767369600000,"ft_is_entry":false,"ft_order_tag":"trailing_stop_loss","cost":810.5138373914999}],"funding_fees":-0.003996765246866303,"weekday":4},{"pair":"DOGE/USDT:USDT","stake_amount":399.50015,"max_stake_amount":399.50015,"amount":5710.0,"open_date":"2026-01-03 08:00:00+00:00","close_date":"2026-01-03 09:00:00+00:00","open_rate":0.13993,"close_rate":0.1417,"fee_open":0.0005,"fee_close":0.0005,"trade_duration":60,"profit_ratio":0.023074162911397873,"profit_abs":9.22274061,"exit_reason":"trailing_stop_loss","initial_stop_loss_abs":0.13784,"initial_stop_loss_ratio":-0.03,"stop_loss_abs":0.1417,"stop_loss_ratio":-0.02,"min_rate":0.1393,"max_rate":0.14313,"is_open":false,"enter_tag":"","leverage":2,"is_short":false,"open_timestamp":1767427200000,"close_timestamp":1767430800000,"orders":[{"amount":5710.0,"safe_price":0.13993,"ft_order_side":"buy","order_filled_timestamp":1767427200000,"ft_is_entry":true,"ft_order_tag":"","cost":799.39980015},{"amount":5710.0,"safe_price":0.1417,"ft_order_side":"sell","order_filled_timestamp":1767430800000,"ft_is_entry":false,"ft_order_tag":"trailing_stop_loss","cost":809.5115534999999}],"funding_fees":-0.07990574000000002,"weekday":5},{"pair":"ETH/USDT:USDT","stake_amount":398.47584,"max_stake_amount":398.47584,"amount":0.258,"open_date":"2026-01-03 08:00:00+00:00","close_date":"2026-01-04 00:00:00+00:00","open_rate":3088.96,"close_rate":3135.3201,"fee_open":0.0005,"fee_close":0.0005,"trade_duration":960,"profit_ratio":0.02815404832567017,"profit_abs":11.22431741,"exit_reason":"trailing_stop_loss","initial_stop_loss_abs":3042.6256,"initial_stop_loss_ratio":-0.03,"stop_loss_abs":3135.3201,"stop_loss_ratio":-0.02,"min_rate":3082.0,"max_rate":3166.99,"is_open":false,"enter_tag":"","leverage":2,"is_short":false,"open_timestamp":1767427200000,"close_timestamp":1767484800000,"orders":[{"amount":0.258,"safe_price":3088.96,"ft_order_side":"buy","order_filled_timestamp":1767427200000,"ft_is_entry":true,"ft_order_tag":"","cost":797.35015584},{"amount":0.258,"safe_price":3135.3201,"ft_order_side":"sell","order_filled_timestamp":1767484800000,"ft_is_entry":false,"ft_order_tag":"trailing_stop_loss","cost":809.3170420928999}],"funding_fees":0.06634374392858483,"weekday":6},{"pair":"DOGE/USDT:USDT","stake_amount":399.3979,"max_stake_amount":399.3979,"amount":5660.0,"open_date":"2026-01-03 17:00:00+00:00","close_date":"2026-01-04 00:00:00+00:00","open_rate":0.14113,"close_rate":0.14550721860930466,"fee_open":0.0005,"fee_close":0.0005,"trade_duration":420,"profit_ratio":0.05976739540666852,"profit_abs":23.8829077,"exit_reason":"roi","initial_stop_loss_abs":0.13902,"initial_stop_loss_ratio":-0.03,"stop_loss_abs":0.14573,"stop_loss_ratio":-0.02,"min_rate":0.14051,"max_rate":0.1472,"is_open":false,"enter_tag":"","leverage":2,"is_short":false,"open_timestamp":1767459600000,"close_timestamp":1767484800000,"orders":[{"amount":5660.0,"safe_price":0.14113,"ft_order_side":"buy","order_filled_timestamp":1767459600000,"ft_is_entry":true,"ft_order_tag":"","cost":799.1951978999999},{"amount":5660.0,"safe_price":0.14550721860930466,"ft_order_side":"sell","order_filled_timestamp":1767484800000,"ft_is_entry":false,"ft_order_tag":"roi","cost":823.9826427573287}],"funding_fees":-0.0809663,"weekday":6},{"pair":"SOL/USDT:USDT","stake_amount":399.33425,"max_stake_amount":399.33425,"amount":5.95,"open_date":"2026-01-04 05:00:00+00:00","close_date":"2026-01-05 01:00:00+00:00","open_rate":134.23,"close_rate":136.3329,"fee_open":0.0005,"fee_close":0.0005,"trade_duration":1200,"profit_ratio":0.02950743419941384,"profit_abs":11.78922077,"exit_reason":"trailing_stop_loss","initial_stop_loss_abs":132.21654999999998,"initial_stop_loss_ratio":-0.03,"stop_loss_abs":136.3329,"stop_loss_ratio":-0.02,"min_rate":132.95,"max_rate":137.71,"is_open":false,"enter_tag":"","leverage":2,"is_short":false,"open_timestamp":1767502800000,"close_timestamp":1767574800000,"orders":[{"amount":5.95,"safe_price":134.23,"ft_order_side":"buy","order_filled_timestamp":1767502800000,"ft_is_entry":true,"ft_order_tag":"","cost":799.0678342499999},{"amount":5.95,"safe_price":136.3329,"ft_order_side":"sell","order_filled_timestamp":1767574800000,"ft_is_entry":false,"ft_order_tag":"trailing_stop_loss","cost":811.5863453774999}],"funding_fees":0.08189039495362317,"weekday":0},{"pair":"BTC/USDT:USDT","stake_amount":396.67824,"max_stake_amount":396.67824,"amount":0.0087,"open_date":"2026-01-04 07:00:00+00:00","close_date":"2026-01-05 01:00:00+00:00","open_rate":91190.4,"close_rate":92461.05,"fee_open":0.0005,"fee_close":0.0005,"trade_duration":1080,"profit_ratio":0.02550471373857371,"profit_abs":10.12222354,"exit_reason":"trailing_stop_loss","initial_stop_loss_abs":89822.544,"initial_stop_loss_ratio":-0.03,"stop_loss_abs":92461.05,"stop_loss_ratio":-0.02,"min_rate":90811.1,"max_rate":93395.0,"is_open":false,"enter_tag":"","leverage":2,"is_short":false,"open_timestamp":1767510000000,"close_timestamp":1767574800000,"orders":[{"amount":0.0087,"safe_price":91190.4,"ft_order_side":"buy","order_filled_timestamp":1767510000000,"ft_is_entry":true,"ft_order_tag":"","cost":793.7531582399998},{"amount":0.0087,"safe_price":92461.05,"ft_order_side":"sell","order_filled_timestamp":1767574800000,"ft_is_entry":false,"ft_order_tag":"trailing_stop_loss","cost":804.8133405675}],"funding_fees":-0.13354765564672044,"weekday":0},{"pair":"DOGE/USDT:USDT","stake_amount":399.33855,"max_stake_amount":399.33855,"amount":5310.0,"open_date":"2026-01-05 01:00:00+00:00","close_date":"2026-01-05 09:00:00+00:00","open_rate":0.15041,"close_rate":0.14816,"fee_open":0.0005,"fee_close":0.0005,"trade_duration":480,"profit_ratio":-0.03190695711947794,"profit_abs":-12.74804883,"exit_reason":"stop_loss","initial_stop_loss_abs":0.14816,"initial_stop_loss_ratio":-0.03,"stop_loss_abs":0.14816,"stop_loss_ratio":-0.03,"min_rate":0.14621,"max_rate":0.15243,"is_open":false,"enter_tag":"","leverage":2,"is_short":false,"open_timestamp":1767574800000,"close_timestamp":1767603600000,"orders":[{"amount":5310.0,"safe_price":0.15041,"ft_order_side":"buy","order_filled_timestamp":1767574800000,"ft_is_entry":true,"ft_order_tag":"","cost":799.0764385499998},{"amount":5310.0,"safe_price":0.14816,"ft_order_side":"sell","order_filled_timestamp":1767603600000,"ft_is_entry":false,"ft_order_tag":"stop_loss","cost":787.1229647999999}],"funding_fees":-0.00784548375036725,"weekday":0},{"pair":"BTC/USDT:USDT","stake_amount":398.05143,"max_stake_amount":398.05143,"amount":0.0086,"open_date":"2026-01-05 05:00:00+00:00","close_date":"2026-01-05 17:00:00+00:00","open_rate":92570.1,"close_rate":93524.11200000001,"fee_open":0.0005,"fee_close":0.0005,"trade_duration":720,"profit_ratio":0.018316344640218463,"profit_abs":7.2944926,"exit_reason":"trailing_stop_loss","initial_stop_loss_abs":91181.5485,"initial_stop_loss_ratio":-0.03,"stop_loss_abs":93524.11200000001,"stop_loss_ratio":-0.02,"min_rate":92112.3,"max_rate":94468.8,"is_open":false,"enter_tag":"","leverage":2,"is_short":false,"open_timestamp":1767589200000,"close_timestamp":1767632400000,"orders":[{"amount":0.0086,"safe_price":92570.1,"ft_order_side":"buy","order_filled_timestamp":1767589200000,"ft_is_entry":true,"ft_order_tag":"","cost":796.5009114300001},{"amount":0.0086,"safe_price":93524.11200000001,"ft_order_side":"sell","order_filled_timestamp":1767632400000,"ft_is_entry":false,"ft_order_tag":"trailing_stop_loss","cost":804.7095168816}],"funding_fees":-0.10980548698226733,"weekday":0},{"pair":"BTC/USDT:USDT","stake_amount":395.346,"max_stake_amount":395.346,"amount":0.0084,"open_date":"2026-01-05 21:00:00+00:00","close_date":"2026-01-06 16:00:00+00:00","open_rate":94130.0,"close_rate":92718.05,"fee_open":0.0005,"fee_close":0.0005,"trade_duration":1140,"profit_ratio":-0.03199255109814384,"profit_abs":-12.65445117,"exit_reason":"stop_loss","initial_stop_loss_abs":92718.05,"initial_stop_loss_ratio":-0.03,"stop_loss_abs":92718.05,"stop_loss_ratio":-0.03,"min_rate":92288.0,"max_rate":94421.9,"is_open":false,"enter_tag":"","leverage":2,"is_short":false,"open_timestamp":1767646800000,"close_timestamp":1767715200000,"orders":[{"amount":0.0084,"safe_price":94130.0,"ft_order_side":"buy","order_filled_timestamp":1767646800000,"ft_is_entry":true,"ft_order_tag":"","cost":791.0873459999999},{"amount":0.0084,"safe_price":92718.05,"ft_order_side":"sell","order_filled_timestamp":1767715200000,"ft_is_entry":false,"ft_order_tag":"stop_loss","cost":779.2210358099999}],"funding_fees":-0.009309363518223854,"weekday":1},{"pair":"ETH/USDT:USDT","stake_amount":399.062,"max_stake_amount":399.062,"amount":0.244,"open_date":"2026-01-06 16:00:00+00:00","close_date":"2026-01-06 17:00:00+00:00","open_rate":3271.0,"close_rate":3221.935,"fee_open":0.0005,"fee_close":0.0005,"trade_duration":60,"profit_ratio":-0.03196237453189549,"profit_abs":-12.76134659,"exit_reason":"stop_loss","initial_stop_loss_abs":3221.935,"initial_stop_loss_ratio":-0.03,"stop_loss_abs":3221.935,"stop_loss_ratio":-0.03,"min_rate":3188.13,"max_rate":3278.0,"is_open":false,"enter_tag":"","leverage":2,"is_short":false,"open_timestamp":1767715200000,"close_timestamp":1767718800000,"orders":[{"amount":0.244,"safe_price":3271.0,"ft_order_side":"buy","order_filled_timestamp":1767715200000,"ft_is_entry":true,"ft_order_tag":"","cost":798.523062},{"amount":0.244,"safe_price":3221.935,"ft_order_side":"sell","order_filled_timestamp":1767718800000,"ft_is_entry":false,"ft_order_tag":"stop_loss","cost":786.5452160699999}],"funding_fees":0.002651478961388237,"weekday":1},{"pair":"ETH/USDT:USDT","stake_amount":399.39375,"max_stake_amount":399.39375,"amount":0.25,"open_date":"2026-01-06 18:00:00+00:00","close_date":"2026-01-06 21:00:00+00:00","open_rate":3195.15,"close_rate":3294.2491995997993,"fee_open":0.0005,"fee_close":0.0005,"trade_duration":180,"profit_ratio":0.059970014992503755,"profit_abs":23.963625,"exit_reason":"roi","initial_stop_loss_abs":3147.22275,"initial_stop_loss_ratio":-0.03,"stop_loss_abs":3266.7227999999996,"stop_loss_ratio":-0.02,"min_rate":3181.03,"max_rate":3299.72,"is_open":false,"enter_tag":"","leverage":2,"is_short":false,"open_timestamp":1767722400000,"close_timestamp":1767733200000,"orders":[{"amount":0.25,"safe_price":3195.15,"ft_order_side":"buy","order_filled_timestamp":1767722400000,"ft_is_entry":true,"ft_order_tag":"","cost":799.18689375},{"amount":0.25,"safe_price":3294.2491995997993,"ft_order_side":"sell","order_filled_timestamp":1767733200000,"ft_is_entry":false,"ft_order_tag":"roi","cost":823.9740810498997}],"funding_fees":0.0,"weekday":1},{"pair":"SOL/USDT:USDT","stake_amount":399.5725,"max_stake_amount":399.5725,"amount":5.77,"open_date":"2026-01-11 21:00:00+00:00","close_date":"2026-01-12 00:00:00+00:00","open_rate":138.5,"close_rate":139.8375,"fee_open":0.0005,"fee_close":0.0005,"trade_duration":180,"profit_ratio":0.01709425791893547,"profit_abs":6.83381057,"exit_reason":"trailing_stop_loss","initial_stop_loss_abs":136.42249999999999,"initial_stop_loss_ratio":-0.03,"stop_loss_abs":139.8375,"stop_loss_ratio":-0.02,"min_rate":137.46,"max_rate":141.25,"is_open":false,"enter_tag":"","leverage":2,"is_short":false,"open_timestamp":1768165200000,"close_timestamp":1768176000000,"orders":[{"amount":5.77,"safe_price":138.5,"ft_order_side":"buy","order_filled_timestamp":1768165200000,"ft_is_entry":true,"ft_order_tag":"","cost":799.5445725},{"amount":5.77,"safe_price":139.8375,"ft_order_side":"sell","order_filled_timestamp":1768176000000,"ft_is_entry":false,"ft_order_tag":"trailing_stop_loss","cost":807.2658061874998}],"funding_fees":-0.08056073999999999,"weekday":0},{"pair":"ETH/USDT:USDT","stake_amount":398.54464,"max_stake_amount":398.54464,"amount":0.256,"open_date":"2026-01-11 21:00:00+00:00","close_date":"2026-01-12 02:00:00+00:00","open_rate":3113.63,"close_rate":3135.7854,"fee_open":0.0005,"fee_close":0.0005,"trade_duration":300,"profit_ratio":0.012127122272199909,"profit_abs":4.83561618,"exit_reason":"trailing_stop_loss","initial_stop_loss_abs":3066.92555,"initial_stop_loss_ratio":-0.03,"stop_loss_abs":3135.7854,"stop_loss_ratio":-0.02,"min_rate":3091.0,"max_rate":3167.46,"is_open":false,"enter_tag":"","leverage":2,"is_short":false,"open_timestamp":1768165200000,"close_timestamp":1768183200000,"orders":[{"amount":0.256,"safe_price":3113.63,"ft_order_side":"buy","order_filled_timestamp":1768165200000,"ft_is_entry":true,"ft_order_tag":"","cost":797.48782464},{"amount":0.256,"safe_price":3135.7854,"ft_order_side":"sell","order_filled_timestamp":1768183200000,"ft_is_entry":false,"ft_order_tag":"trailing_stop_loss","cost":803.1624429312}],"funding_fees":-0.03624105147732082,"weekday":0},{"pair":"SOL/USDT:USDT","stake_amount":399.596,"max_stake_amount":399.596,"amount":5.66,"open_date":"2026-01-12 01:00:00+00:00","close_date":"2026-01-12 03:00:00+00:00","open_rate":141.2,"close_rate":142.9164,"fee_open":0.0005,"fee_close":0.0005,"trade_duration":120,"profit_ratio":0.022288314771132238,"profit_abs":8.91077459,"exit_reason":"trailing_stop_loss","initial_stop_loss_abs":139.082,"initial_stop_loss_ratio":-0.03,"stop_loss_abs":142.9164,"stop_loss_ratio":-0.02,"min_rate":140.6,"max_rate":144.36,"is_open":false,"enter_tag":"","leverage":2,"is_short":false,"open_timestamp":1768179600000,"close_timestamp":1768186800000,"orders":[{"amount":5.66,"safe_price":141.2,"ft_order_side":"buy","order_filled_timestamp":1768179600000,"ft_is_entry":true,"ft_order_tag":"","cost":799.591596},{"amount":5.66,"safe_price":142.9164,"ft_order_side":"sell","order_filled_timestamp":1768186800000,"ft_is_entry":false,"ft_order_tag":"trailing_stop_loss","cost":809.311277412}],"funding_fees":0.0,"weekday":0},{"pair":"SOL/USDT:USDT","stake_amount":399.7,"max_stake_amount":399.7,"amount":5.71,"open_date":"2026-01-12 09:00:00+00:00","close_date":"2026-01-12 15:00:00+00:00","open_rate":140.0,"close_rate":141.2532,"fee_open":0.0005,"fee_close":0.0005,"trade_duration":360,"profit_ratio":0.015885962722916747,"profit_abs":6.35279411,"exit_reason":"trailing_stop_loss","initial_stop_loss_abs":137.9,"initial_stop_loss_ratio":-0.03,"stop_loss_abs":141.2532,"stop_loss_ratio":-0.02,"min_rate":138.6,"max_rate":142.68,"is_open":false,"enter_tag":"","leverage":2,"is_short":false,"open_timestamp":1768208400000,"close_timestamp":1768230000000,"orders":[{"amount":5.71,"safe_price":140.0,"ft_order_side":"buy","order_filled_timestamp":1768208400000,"ft_is_entry":true,"ft_order_tag":"","cost":799.7996999999999},{"amount":5.71,"safe_price":141.2532,"ft_order_side":"sell","order_filled_timestamp":1768230000000,"ft_is_entry":false,"ft_order_tag":"trailing_stop_loss","cost":806.9590498859999}],"funding_fees":0.0,"weekday":0},{"pair":"SOL/USDT:USDT","stake_amount":399.74055,"max_stake_amount":399.74055,"amount":5.61,"open_date":"2026-01-12 16:00:00+00:00","close_date":"2026-01-12 20:00:00+00:00","open_rate":142.51,"close_rate":140.37234999999998,"fee_open":0.0005,"fee_close":0.0005,"trade_duration":240,"profit_ratio":-0.031823896097444786,"profit_abs":-12.72766238,"exit_reason":"stop_loss","initial_stop_loss_abs":140.37234999999998,"initial_stop_loss_ratio":-0.03,"stop_loss_abs":140.37234999999998,"stop_loss_ratio":-0.03,"min_rate":139.91,"max_rate":144.25,"is_open":false,"enter_tag":"","leverage":2,"is_short":false,"open_timestamp":1768233600000,"close_timestamp":1768248000000,"orders":[{"amount":5.61,"safe_price":142.51,"ft_order_side":"buy","order_filled_timestamp":1768233600000,"ft_is_entry":true,"ft_order_tag":"","cost":799.8808405499999},{"amount":5.61,"safe_price":140.37234999999998,"ft_order_side":"sell","order_filled_timestamp":1768248000000,"ft_is_entry":false,"ft_order_tag":"stop_loss","cost":787.8826279417499}],"funding_fees":0.05803911408423877,"weekday":0},{"pair":"ETH/USDT:USDT","stake_amount":399.194325,"max_stake_amount":399.194325,"amount":0.243,"open_date":"2026-01-14 12:00:00+00:00","close_date":"2026-01-14 14:00:00+00:00","open_rate":3285.55,"close_rate":3323.7567,"fee_open":0.0005,"fee_close":0.0005,"trade_duration":120,"profit_ratio":0.021235168762906924,"profit_abs":8.48119734,"exit_reason":"trailing_stop_loss","initial_stop_loss_abs":3236.2667500000002,"initial_stop_loss_ratio":-0.03,"stop_loss_abs":3323.7567,"stop_loss_ratio":-0.02,"min_rate":3278.15,"max_rate":3357.33,"is_open":false,"enter_tag":"","leverage":2,"is_short":false,"open_timestamp":1768392000000,"close_timestamp":1768399200000,"orders":[{"amount":0.243,"safe_price":3285.55,"ft_order_side":"buy","order_filled_timestamp":1768392000000,"ft_is_entry":true,"ft_order_tag":"","cost":798.7878443249999},{"amount":0.243,"safe_price":3323.7567,"ft_order_side":"sell","order_filled_timestamp":1768399200000,"ft_is_entry":false,"ft_order_tag":"trailing_stop_loss","cost":808.0767145390499}],"funding_fees":0.0,"weekday":2},{"pair":"SOL/USDT:USDT","stake_amount":399.2877,"max_stake_amount":399.2877,"amount":5.49,"open_date":"2026-01-14 00:00:00+00:00","close_date":"2026-01-14 16:00:00+00:00","open_rate":145.46,"close_rate":146.87640000000002,"fee_open":0.0005,"fee_close":0.0005,"trade_duration":960,"profit_ratio":0.01694686899152938,"profit_abs":6.77005968,"exit_reason":"trailing_stop_loss","initial_stop_loss_abs":143.2781,"initial_stop_loss_ratio":-0.03,"stop_loss_abs":146.87640000000002,"stop_loss_ratio":-0.02,"min_rate":143.28,"max_rate":148.36,"is_open":false,"enter_tag":"","leverage":2,"is_short":false,"open_timestamp":1768348800000,"close_timestamp":1768406400000,"orders":[{"amount":5.49,"safe_price":145.46,"ft_order_side":"buy","order_filled_timestamp":1768348800000,"ft_is_entry":true,"ft_order_tag":"","cost":798.9746877},{"amount":5.49,"safe_price":146.87640000000002,"ft_order_side":"sell","order_filled_timestamp":1768406400000,"ft_is_entry":false,"ft_order_tag":"trailing_stop_loss","cost":806.7546117180001}],"funding_fees":-0.20351290671172195,"weekday":2},{"pair":"ETH/USDT:USDT","stake_amount":398.34298,"max_stake_amount":398.34298,"amount":0.238,"open_date":"2026-01-14 15:00:00+00:00","close_date":"2026-01-14 16:00:00+00:00","open_rate":3347.42,"close_rate":3369.4056,"fee_open":0.0005,"fee_close":0.0005,"trade_duration":60,"profit_ratio":0.010924009176252063,"profit_abs":4.35367812,"exit_reason":"trailing_stop_loss","initial_stop_loss_abs":3297.2087,"initial_stop_loss_ratio":-0.03,"stop_loss_abs":3369.4056,"stop_loss_ratio":-0.02,"min_rate":3326.01,"max_rate":3403.44,"is_open":false,"enter_tag":"","leverage":2,"is_short":false,"open_timestamp":1768402800000,"close_timestamp":1768406400000,"orders":[{"amount":0.238,"safe_price":3347.42,"ft_order_side":"buy","order_filled_timestamp":1768402800000,"ft_is_entry":true,"ft_order_tag":"","cost":797.08430298},{"amount":0.238,"safe_price":3369.4056,"ft_order_side":"sell","order_filled_timestamp":1768406400000,"ft_is_entry":false,"ft_order_tag":"trailing_stop_loss","cost":802.3194920663999}],"funding_fees":-0.079592436,"weekday":2},{"pair":"DOGE/USDT:USDT","stake_amount":399.7965,"max_stake_amount":399.7965,"amount":5370.0,"open_date":"2026-01-14 16:00:00+00:00","close_date":"2026-01-14 18:00:00+00:00","open_rate":0.1489,"close_rate":0.14667,"fee_open":0.0005,"fee_close":0.0005,"trade_duration":120,"profit_ratio":-0.03212193768797267,"profit_abs":-12.84865938,"exit_reason":"stop_loss","initial_stop_loss_abs":0.14667,"initial_stop_loss_ratio":-0.03,"stop_loss_abs":0.14667,"stop_loss_ratio":-0.03,"min_rate":0.14617,"max_rate":0.15127,"is_open":false,"enter_tag":"","leverage":2,"is_short":false,"open_timestamp":1768406400000,"close_timestamp":1768413600000,"orders":[{"amount":5370.0,"safe_price":0.1489,"ft_order_side":"buy","order_filled_timestamp":1768406400000,"ft_is_entry":true,"ft_order_tag":"","cost":799.9927965},{"amount":5370.0,"safe_price":0.14667,"ft_order_side":"sell","order_filled_timestamp":1768413600000,"ft_is_entry":false,"ft_order_tag":"stop_loss","cost":788.01170895}],"funding_fees":-0.07995393,"weekday":2},{"pair":"ETH/USDT:USDT","stake_amount":399.18736,"max_stake_amount":399.18736,"amount":0.239,"open_date":"2026-01-14 18:00:00+00:00","close_date":"2026-01-14 19:00:00+00:00","open_rate":3340.48,"close_rate":3366.0,"fee_open":0.0005,"fee_close":0.0005,"trade_duration":60,"profit_ratio":0.013264969201384556,"profit_abs":5.29785564,"exit_reason":"trailing_stop_loss","initial_stop_loss_abs":3290.3728,"initial_stop_loss_ratio":-0.03,"stop_loss_abs":3366.0,"stop_loss_ratio":-0.02,"min_rate":3313.57,"max_rate":3400.0,"is_open":false,"enter_tag":"","leverage":2,"is_short":false,"open_timestamp":1768413600000,"close_timestamp":1768417200000,"orders":[{"amount":0.239,"safe_price":3340.48,"ft_order_side":"buy","order_filled_timestamp":1768413600000,"ft_is_entry":true,"ft_order_tag":"","cost":798.77390736},{"amount":0.239,"safe_price":3366.0,"ft_order_side":"sell","order_filled_timestamp":1768417200000,"ft_is_entry":false,"ft_order_tag":"trailing_stop_loss","cost":804.8762369999998}],"funding_fees":0.0,"weekday":2},{"pair":"SOL/USDT:USDT","stake_amount":399.8944,"max_stake_amount":399.8944,"amount":5.44,"open_date":"2026-01-14 17:00:00+00:00","close_date":"2026-01-15 01:00:00+00:00","open_rate":147.02,"close_rate":144.81470000000002,"fee_open":0.0005,"fee_close":0.0005,"trade_duration":480,"profit_ratio":-0.032085097402245924,"profit_abs":-12.8370661,"exit_reason":"stop_loss","initial_stop_loss_abs":144.81470000000002,"initial_stop_loss_ratio":-0.03,"stop_loss_abs":144.81470000000002,"stop_loss_ratio":-0.03,"min_rate":144.69,"max_rate":147.69,"is_open":false,"enter_tag":"","leverage":2,"is_short":false,"open_timestamp":1768410000000,"close_timestamp":1768438800000,"orders":[{"amount":5.44,"safe_price":147.02,"ft_order_side":"buy","order_filled_timestamp":1768410000000,"ft_is_entry":true,"ft_order_tag":"","cost":800.1886944000001},{"amount":5.44,"safe_price":144.81470000000002,"ft_order_side":"sell","order_filled_timestamp":1768438800000,"ft_is_entry":false,"ft_order_tag":"stop_loss","cost":788.1858639840001}],"funding_fees":-0.04644371321888868,"weekday":3},{"pair":"ETH/USDT:USDT","stake_amount":398.78805,"max_stake_amount":398.78805,"amount":0.237,"open_date":"2026-01-15 10:00:00+00:00","close_date":"2026-01-15 15:00:00+00:00","open_rate":3365.3,"close_rate":3314.8205000000003,"fee_open":0.0005,"fee_close":0.0005,"trade_duration":300,"profit_ratio":-0.03196901549413363,"profit_abs":-12.75523578,"exit_reason":"stop_loss","initial_stop_loss_abs":3314.8205000000003,"initial_stop_loss_ratio":-0.03,"stop_loss_abs":3314.8205000000003,"stop_loss_ratio":-0.03,"min_rate":3285.0,"max_rate":3383.22,"is_open":false,"enter_tag":"","leverage":2,"is_short":false,"open_timestamp":1768471200000,"close_timestamp":1768489200000,"orders":[{"amount":0.237,"safe_price":3365.3,"ft_order_side":"buy","order_filled_timestamp":1768471200000,"ft_is_entry":true,"ft_order_tag":"","cost":797.97488805},{"amount":0.237,"safe_price":3314.8205000000003,"ft_order_side":"sell","order_filled_timestamp":1768489200000,"ft_is_entry":false,"ft_order_tag":"stop_loss","cost":786.0052647292499}],"funding_fees":0.0,"weekday":3},{"pair":"BTC/USDT:USDT","stake_amount":396.73158,"max_stake_amount":396.73158,"amount":0.0082,"open_date":"2026-01-14 19:00:00+00:00","close_date":"2026-01-15 19:00:00+00:00","open_rate":96763.8,"close_rate":95312.34300000001,"fee_open":0.0005,"fee_close":0.0005,"trade_duration":1440,"profit_ratio":-0.03212847638547025,"profit_abs":-12.75275439,"exit_reason":"stop_loss","initial_stop_loss_abs":95312.34300000001,"initial_stop_loss_ratio":-0.03,"stop_loss_abs":95312.34300000001,"stop_loss_ratio":-0.03,"min_rate":95121.8,"max_rate":97900.0,"is_open":false,"enter_tag":"","leverage":2,"is_short":false,"open_timestamp":1768417200000,"close_timestamp":1768503600000,"orders":[{"amount":0.0082,"safe_price":96763.8,"ft_order_side":"buy","order_filled_timestamp":1768417200000,"ft_is_entry":true,"ft_order_tag":"","cost":793.8598915800001},{"amount":0.0082,"safe_price":95312.34300000001,"ft_order_side":"sell","order_filled_timestamp":1768503600000,"ft_is_entry":false,"ft_order_tag":"stop_loss","cost":781.9519932063}],"funding_fees":-0.0632948023746703,"weekday":3}],"locks":[],"best_pair":{"key":"ETH/USDT:USDT","trades":18,"profit_mean":0.005551773158429286,"profit_mean_pct":0.56,"profit_total_abs":39.88063970999999,"profit_total":0.03988063970999999,"profit_total_pct":3.99,"duration_avg":"3:30:00","wins":12,"draws":0,"losses":6,"winrate":0.6666666666666666,"cagr":0.14864075542302801,"expectancy":2.215591094999999,"expectancy_ratio":0.1734517505295019,"sortino":420.48375786459155,"sharpe":0.61844129510064,"calmar":20.247466207914545,"sqn":0.7637,"profit_factor":1.520355251588506,"max_drawdown_account":0.036534287390149356,"max_drawdown_abs":37.28424727},"worst_pair":{"key":"SOL/USDT:USDT","trades":14,"profit_mean":-0.006078441464252739,"profit_mean_pct":-0.61,"profit_total_abs":-34.06546226,"profit_total":-0.03406546226,"profit_total_pct":-3.41,"duration_avg":"6:00:00","wins":7,"draws":0,"losses":7,"winrate":0.5,"cagr":-0.11557846841046293,"expectancy":-2.433247304285714,"expectancy_ratio":-0.1901705499022015,"sortino":-149.45874137765534,"sharpe":-0.6017524571004953,"calmar":-9.91554686472883,"sqn":-0.8355,"profit_factor":0.6196589001955968,"max_drawdown_account":0.06372455664232779,"max_drawdown_abs":64.00082800999999},"results_per_pair":[{"key":"ETH/USDT:USDT","trades":18,"profit_mean":0.005551773158429286,"profit_mean_pct":0.56,"profit_total_abs":39.88063970999999,"profit_total":0.03988063970999999,"profit_total_pct":3.99,"duration_avg":"3:30:00","wins":12,"draws":0,"losses":6,"winrate":0.6666666666666666,"cagr":0.14864075542302801,"expectancy":2.215591094999999,"expectancy_ratio":0.1734517505295019,"sortino":420.48375786459155,"sharpe":0.61844129510064,"calmar":20.247466207914545,"sqn":0.7637,"profit_factor":1.520355251588506,"max_drawdown_account":0.036534287390149356,"max_drawdown_abs":37.28424727},{"key":"DOGE/USDT:USDT","trades":4,"profit_mean":0.004703165877653945,"profit_mean_pct":0.47,"profit_total_abs":7.508940099999997,"profit_total":0.0075089400999999965,"profit_total_pct":0.75,"duration_avg":"4:30:00","wins":2,"draws":0,"losses":2,"winrate":0.5,"cagr":0.026864458499804122,"expectancy":1.8772350249999992,"expectancy_ratio":0.1466778469792933,"sortino":27.686899225082076,"sharpe":0.08948816365104975,"calmar":5.621451469025986,"sqn":0.2089,"profit_factor":1.2933556939585864,"max_drawdown_account":0.024776467200496206,"max_drawdown_abs":25.596708210000003},{"key":"BTC/USDT:USDT","trades":9,"profit_mean":-0.0024996472725619333,"profit_mean_pct":-0.25,"profit_total_abs":-8.92683336,"profit_total":-0.00892683336,"profit_total_pct":-0.89,"duration_avg":"12:53:00","wins":5,"draws":0,"losses":4,"winrate":0.5555555555555556,"cagr":-0.03127641460789787,"expectancy":-0.9918703733333345,"expectancy_ratio":-0.07788957457169732,"sortino":-35.35675952897676,"sharpe":-0.15700124407903376,"calmar":-6.624433289794949,"sqn":-0.266,"profit_factor":0.8247484572136808,"max_drawdown_account":0.024995274138949163,"max_drawdown_abs":25.40720556},{"key":"SOL/USDT:USDT","trades":14,"profit_mean":-0.006078441464252739,"profit_mean_pct":-0.61,"profit_total_abs":-34.06546226,"profit_total":-0.03406546226,"profit_total_pct":-3.41,"duration_avg":"6:00:00","wins":7,"draws":0,"losses":7,"winrate":0.5,"cagr":-0.11557846841046293,"expectancy":-2.433247304285714,"expectancy_ratio":-0.1901705499022015,"sortino":-149.45874137765534,"sharpe":-0.6017524571004953,"calmar":-9.91554686472883,"sqn":-0.8355,"profit_factor":0.6196589001955968,"max_drawdown_account":0.06372455664232779,"max_drawdown_abs":64.00082800999999},{"key":"TOTAL","trades":45,"profit_mean":0.0002477683202166045,"profit_mean_pct":0.02,"profit_total_abs":4.397284190000001,"profit_total":0.0043972841900000005,"profit_total_pct":0.44,"duration_avg":"6:15:00","wins":26,"draws":0,"losses":19,"winrate":0.5777777777777777,"cagr":0.015669954601127634,"expectancy":0.09771742644444359,"expectancy_ratio":0.007648618793144379,"sortino":18.0639004750426,"sharpe":0.06902867924359767,"calmar":0.915387003979901,"sqn":0.0549,"profit_factor":1.0181151497732366,"max_drawdown_account":0.08910231741820589,"max_drawdown_abs":89.48861149999999}],"results_per_enter_tag":[{"key":"","trades":45,"profit_mean":0.0002477683202166045,"profit_mean_pct":0.02,"profit_total_abs":4.397284190000001,"profit_total":0.0043972841900000005,"profit_total_pct":0.44,"duration_avg":"6:15:00","wins":26,"draws":0,"losses":19,"winrate":0.5777777777777777,"cagr":0.015669954601127634,"expectancy":0.09771742644444359,"expectancy_ratio":0.007648618793144379,"sortino":18.0639004750426,"sharpe":0.06902867924359767,"calmar":0.915387003979901,"sqn":0.0549,"profit_factor":1.0181151497732366,"max_drawdown_account":0.08910231741820589,"max_drawdown_abs":89.48861149999999},{"key":"TOTAL","trades":45,"profit_mean":0.0002477683202166045,"profit_mean_pct":0.02,"profit_total_abs":4.397284190000001,"profit_total":0.0043972841900000005,"profit_total_pct":0.44,"duration_avg":"6:15:00","wins":26,"draws":0,"losses":19,"winrate":0.5777777777777777,"cagr":0.015669954601127634,"expectancy":0.09771742644444359,"expectancy_ratio":0.007648618793144379,"sortino":18.0639004750426,"sharpe":0.06902867924359767,"calmar":0.915387003979901,"sqn":0.0549,"profit_factor":1.0181151497732366,"max_drawdown_account":0.08910231741820589,"max_drawdown_abs":89.48861149999999}],"exit_reason_summary":[{"key":"trailing_stop_loss","trades":23,"profit_mean":0.019098689227860784,"profit_mean_pct":1.91,"profit_total_abs":175.29383760999997,"profit_total":0.17529383760999998,"profit_total_pct":17.53,"duration_avg":"7:03:00","wins":23,"draws":0,"losses":0,"winrate":1.0,"cagr":0.7724633250444399,"expectancy":7.621471200434781,"expectancy_ratio":100.0,"sortino":-100,"sharpe":13.932210028422125,"calmar":-100,"sqn":15.3177,"profit_factor":0.0,"max_drawdown_account":0.0,"max_drawdown_abs":0.0},{"key":"roi","trades":3,"profit_mean":0.05992277111793907,"profit_mean_pct":5.99,"profit_total_abs":71.84414953000001,"profit_total":0.07184414953000001,"profit_total_pct":7.18,"duration_avg":"7:40:00","wins":3,"draws":0,"losses":0,"winrate":1.0,"cagr":0.2787250622206354,"expectancy":23.948049843333337,"expectancy_ratio":100.0,"sortino":-100,"sharpe":277.00562150908667,"calmar":-100,"sqn":704.0007,"profit_factor":0.0,"max_drawdown_account":0.0,"max_drawdown_abs":0.0},{"key":"stop_loss","trades":19,"profit_mean":-0.03199413637815095,"profit_mean_pct":-3.2,"profit_total_abs":-242.74070295,"profit_total":-0.24274070295000003,"profit_total_pct":-24.27,"duration_avg":"5:03:00","wins":0,"draws":0,"losses":19,"winrate":0.0,"cagr":-0.6266807126087328,"expectancy":-12.775826471052632,"expectancy_ratio":-1.0,"sortino":-997.1709150166809,"sharpe":-997.1709150166809,"calmar":-18.548517645187182,"sqn":-1200.4472,"profit_factor":0.0,"max_drawdown_account":0.24274070295000003,"max_drawdown_abs":242.74070294999996},{"key":"TOTAL","trades":45,"profit_mean":0.0002477683202166045,"profit_mean_pct":0.02,"profit_total_abs":4.397284190000001,"profit_total":0.0043972841900000005,"profit_total_pct":0.44,"duration_avg":"6:15:00","wins":26,"draws":0,"losses":19,"winrate":0.5777777777777777,"cagr":0.015669954601127634,"expectancy":0.09771742644444359,"expectancy_ratio":0.007648618793144379,"sortino":18.0639004750426,"sharpe":0.06902867924359767,"calmar":0.915387003979901,"sqn":0.0549,"profit_factor":1.0181151497732366,"max_drawdown_account":0.08910231741820589,"max_drawdown_abs":89.48861149999999}],"mix_tag_stats":[{"key":["","trailing_stop_loss"],"trades":23,"profit_mean":0.019098689227860784,"profit_mean_pct":1.91,"profit_total_abs":175.29383760999997,"profit_total":0.17529383760999998,"profit_total_pct":17.53,"duration_avg":"7:03:00","wins":23,"draws":0,"losses":0,"winrate":1.0,"cagr":0.7724633250444399,"expectancy":7.621471200434781,"expectancy_ratio":100.0,"sortino":-100,"sharpe":13.932210028422125,"calmar":-100,"sqn":15.3177,"profit_factor":0.0,"max_drawdown_account":0.0,"max_drawdown_abs":0.0},{"key":["","roi"],"trades":3,"profit_mean":0.05992277111793907,"profit_mean_pct":5.99,"profit_total_abs":71.84414953000001,"profit_total":0.07184414953000001,"profit_total_pct":7.18,"duration_avg":"7:40:00","wins":3,"draws":0,"losses":0,"winrate":1.0,"cagr":0.2787250622206354,"expectancy":23.948049843333337,"expectancy_ratio":100.0,"sortino":-100,"sharpe":277.00562150908667,"calmar":-100,"sqn":704.0007,"profit_factor":0.0,"max_drawdown_account":0.0,"max_drawdown_abs":0.0},{"key":["","stop_loss"],"trades":19,"profit_mean":-0.03199413637815095,"profit_mean_pct":-3.2,"profit_total_abs":-242.74070295,"profit_total":-0.24274070295000003,"profit_total_pct":-24.27,"duration_avg":"5:03:00","wins":0,"draws":0,"losses":19,"winrate":0.0,"cagr":-0.6266807126087328,"expectancy":-12.775826471052632,"expectancy_ratio":-1.0,"sortino":-997.1709150166809,"sharpe":-997.1709150166809,"calmar":-18.548517645187182,"sqn":-1200.4472,"profit_factor":0.0,"max_drawdown_account":0.24274070295000003,"max_drawdown_abs":242.74070294999996},{"key":"TOTAL","trades":45,"profit_mean":0.0002477683202166045,"profit_mean_pct":0.02,"profit_total_abs":4.397284190000001,"profit_total":0.0043972841900000005,"profit_total_pct":0.44,"duration_avg":"6:15:00","wins":26,"draws":0,"losses":19,"winrate":0.5777777777777777,"cagr":0.015669954601127634,"expectancy":0.09771742644444359,"expectancy_ratio":0.007648618793144379,"sortino":18.0639004750426,"sharpe":0.06902867924359767,"calmar":0.915387003979901,"sqn":0.0549,"profit_factor":1.0181151497732366,"max_drawdown_account":0.08910231741820589,"max_drawdown_abs":89.48861149999999}],"left_open_trades":[{"key":"TOTAL","trades":0,"profit_mean":0.0,"profit_mean_pct":0.0,"profit_total_abs":0.0,"profit_total":0.0,"profit_total_pct":0.0,"duration_avg":"0:00","wins":0,"draws":0,"losses":0,"winrate":0.0,"cagr":0.0,"expectancy":0.0,"expectancy_ratio":100.0,"sortino":0,"sharpe":0,"calmar":0,"sqn":0.0,"profit_factor":0.0,"max_drawdown_account":0.0,"max_drawdown_abs":0.0}],"total_trades":45,"trade_count_long":45,"trade_count_short":0,"total_volume":71902.52813225513,"avg_stake_amount":399.0297228888889,"profit_mean":0.0002477683202166045,"profit_median":0.011805094947051618,"profit_total":0.0043972841900000005,"profit_total_long":0.0043972841900000005,"profit_total_short":0.0,"profit_total_abs":4.397284190000001,"profit_total_long_abs":4.397284190000001,"profit_total_short_abs":0.0,"cagr":0.015669954601127634,"expectancy":0.09771742644444359,"expectancy_ratio":0.007648618793144379,"sortino":18.0639004750426,"sharpe":0.06902867924359767,"calmar":0.915387003979901,"sqn":0.0549,"profit_factor":1.0181151497732366,"backtest_start":"2025-11-09 08:00:00","backtest_start_ts":1762675200000,"backtest_end":"2026-02-21 00:00:00","backtest_end_ts":1771632000000,"backtest_days":103,"backtest_run_start_ts":1771667220,"backtest_run_end_ts":1771667221,"trades_per_day":0.44,"market_change":-0.4152370334918748,"pairlist":["BTC/USDT:USDT","ETH/USDT:USDT","SOL/USDT:USDT","DOGE/USDT:USDT"],"stake_amount":400,"stake_currency":"USDT","stake_currency_decimals":3,"starting_balance":1000,"dry_run_wallet":1000,"final_balance":1004.39728419,"rejected_signals":15,"timedout_entry_orders":0,"timedout_exit_orders":1,"canceled_trade_entries":0,"canceled_entry_orders":0,"replaced_entry_orders":0,"max_open_trades":2,"max_open_trades_setting":2,"timeframe":"1h","timeframe_detail":"","timerange":"20251109-20260221","enable_protections":false,"strategy_name":"SupertrendFuturesStrategyV4","freqaimodel":null,"freqai_identifier":null,"stoploss":-0.03,"trailing_stop":true,"trailing_stop_positive":0.02,"trailing_stop_positive_offset":0.03,"trailing_only_offset_is_reached":true,"use_custom_stoploss":false,"minimal_roi":{"0":0.06},"use_exit_signal":true,"exit_profit_only":false,"exit_profit_offset":0.0,"ignore_roi_if_entry_signal":false,"trading_mode":"futures","margin_mode":"isolated","periodic_breakdown":{"day":[{"date":"10/11/2025","date_ts":1762732800000,"profit_abs":-34.00169823,"wins":1,"draws":0,"losses":3,"trades":4,"profit_factor":0.11308626},{"date":"11/11/2025","date_ts":1762819200000,"profit_abs":9.75970833,"wins":1,"draws":0,"losses":0,"trades":1,"profit_factor":0.0},{"date":"12/11/2025","date_ts":1762905600000,"profit_abs":-12.75586492,"wins":0,"draws":0,"losses":1,"trades":1,"profit_factor":0.0},{"date":"13/11/2025","date_ts":1762992000000,"profit_abs":0.0,"wins":0,"draws":0,"losses":0,"trades":0,"profit_factor":0.0},{"date":"14/11/2025","date_ts":1763078400000,"profit_abs":0.0,"wins":0,"draws":0,"losses":0,"trades":0,"profit_factor":0.0},{"date":"15/11/2025","date_ts":1763164800000,"profit_abs":0.0,"wins":0,"draws":0,"losses":0,"trades":0,"profit_factor":0.0},{"date":"16/11/2025","date_ts":1763251200000,"profit_abs":0.0,"wins":0,"draws":0,"losses":0,"trades":0,"profit_factor":0.0},{"date":"17/11/2025","date_ts":1763337600000,"profit_abs":0.0,"wins":0,"draws":0,"losses":0,"trades":0,"profit_factor":0.0},{"date":"18/11/2025","date_ts":1763424000000,"profit_abs":0.0,"wins":0,"draws":0,"losses":0,"trades":0,"profit_factor":0.0},{"date":"19/11/2025","date_ts":1763510400000,"profit_abs":0.0,"wins":0,"draws":0,"losses":0,"trades":0,"profit_factor":0.0},{"date":"20/11/2025","date_ts":1763596800000,"profit_abs":0.0,"wins":0,"draws":0,"losses":0,"trades":0,"profit_factor":0.0},{"date":"21/11/2025","date_ts":1763683200000,"profit_abs":0.0,"wins":0,"draws":0,"losses":0,"trades":0,"profit_factor":0.0},{"date":"22/11/2025","date_ts":1763769600000,"profit_abs":0.0,"wins":0,"draws":0,"losses":0,"trades":0,"profit_factor":0.0},{"date":"23/11/2025","date_ts":1763856000000,"profit_abs":0.0,"wins":0,"draws":0,"losses":0,"trades":0,"profit_factor":0.0},{"date":"24/11/2025","date_ts":1763942400000,"profit_abs":0.0,"wins":0,"draws":0,"losses":0,"trades":0,"profit_factor":0.0},{"date":"25/11/2025","date_ts":1764028800000,"profit_abs":0.0,"wins":0,"draws":0,"losses":0,"trades":0,"profit_factor":0.0},{"date":"26/11/2025","date_ts":1764115200000,"profit_abs":0.0,"wins":0,"draws":0,"losses":0,"trades":0,"profit_factor":0.0},{"date":"27/11/2025","date_ts":1764201600000,"profit_abs":0.0,"wins":0,"draws":0,"losses":0,"trades":0,"profit_factor":0.0},{"date":"28/11/2025","date_ts":1764288000000,"profit_abs":7.03924683,"wins":1,"draws":0,"losses":0,"trades":1,"profit_factor":0.0},{"date":"29/11/2025","date_ts":1764374400000,"profit_abs":0.0,"wins":0,"draws":0,"losses":0,"trades":0,"profit_factor":0.0},{"date":"30/11/2025","date_ts":1764460800000,"profit_abs":0.0,"wins":0,"draws":0,"losses":0,"trades":0,"profit_factor":0.0},{"date":"01/12/2025","date_ts":1764547200000,"profit_abs":0.0,"wins":0,"draws":0,"losses":0,"trades":0,"profit_factor":0.0},{"date":"02/12/2025","date_ts":1764633600000,"profit_abs":0.0,"wins":0,"draws":0,"losses":0,"trades":0,"profit_factor":0.0},{"date":"03/12/2025","date_ts":1764720000000,"profit_abs":15.81113035,"wins":2,"draws":0,"losses":0,"trades":2,"profit_factor":0.0},{"date":"04/12/2025","date_ts":1764806400000,"profit_abs":-20.83324965,"wins":1,"draws":0,"losses":2,"trades":3,"profit_factor":0.18459848},{"date":"05/12/2025","date_ts":1764892800000,"profit_abs":0.0,"wins":0,"draws":0,"losses":0,"trades":0,"profit_factor":0.0},{"date":"06/12/2025","date_ts":1764979200000,"profit_abs":0.0,"wins":0,"draws":0,"losses":0,"trades":0,"profit_factor":0.0},{"date":"07/12/2025","date_ts":1765065600000,"profit_abs":0.0,"wins":0,"draws":0,"losses":0,"trades":0,"profit_factor":0.0},{"date":"08/12/2025","date_ts":1765152000000,"profit_abs":0.0,"wins":0,"draws":0,"losses":0,"trades":0,"profit_factor":0.0},{"date":"09/12/2025","date_ts":1765238400000,"profit_abs":0.0,"wins":0,"draws":0,"losses":0,"trades":0,"profit_factor":0.0},{"date":"10/12/2025","date_ts":1765324800000,"profit_abs":13.84034884,"wins":2,"draws":0,"losses":0,"trades":2,"profit_factor":0.0},{"date":"11/12/2025","date_ts":1765411200000,"profit_abs":-12.7666541,"wins":0,"draws":0,"losses":1,"trades":1,"profit_factor":0.0},{"date":"12/12/2025","date_ts":1765497600000,"profit_abs":-12.79028174,"wins":0,"draws":0,"losses":1,"trades":1,"profit_factor":0.0},{"date":"13/12/2025","date_ts":1765584000000,"profit_abs":0.0,"wins":0,"draws":0,"losses":0,"trades":0,"profit_factor":0.0},{"date":"14/12/2025","date_ts":1765670400000,"profit_abs":0.0,"wins":0,"draws":0,"losses":0,"trades":0,"profit_factor":0.0},{"date":"15/12/2025","date_ts":1765756800000,"profit_abs":0.0,"wins":0,"draws":0,"losses":0,"trades":0,"profit_factor":0.0},{"date":"16/12/2025","date_ts":1765843200000,"profit_abs":0.0,"wins":0,"draws":0,"losses":0,"trades":0,"profit_factor":0.0},{"date":"17/12/2025","date_ts":1765929600000,"profit_abs":0.0,"wins":0,"draws":0,"losses":0,"trades":0,"profit_factor":0.0},{"date":"18/12/2025","date_ts":1766016000000,"profit_abs":0.0,"wins":0,"draws":0,"losses":0,"trades":0,"profit_factor":0.0},{"date":"19/12/2025","date_ts":1766102400000,"profit_abs":0.0,"wins":0,"draws":0,"losses":0,"trades":0,"profit_factor":0.0},{"date":"20/12/2025","date_ts":1766188800000,"profit_abs":0.0,"wins":0,"draws":0,"losses":0,"trades":0,"profit_factor":0.0},{"date":"21/12/2025","date_ts":1766275200000,"profit_abs":0.0,"wins":0,"draws":0,"losses":0,"trades":0,"profit_factor":0.0},{"date":"22/12/2025","date_ts":1766361600000,"profit_abs":0.0,"wins":0,"draws":0,"losses":0,"trades":0,"profit_factor":0.0},{"date":"23/12/2025","date_ts":1766448000000,"profit_abs":0.0,"wins":0,"draws":0,"losses":0,"trades":0,"profit_factor":0.0},{"date":"24/12/2025","date_ts":1766534400000,"profit_abs":0.0,"wins":0,"draws":0,"losses":0,"trades":0,"profit_factor":0.0},{"date":"25/12/2025","date_ts":1766620800000,"profit_abs":0.0,"wins":0,"draws":0,"losses":0,"trades":0,"profit_factor":0.0},{"date":"26/12/2025","date_ts":1766707200000,"profit_abs":0.0,"wins":0,"draws":0,"losses":0,"trades":0,"profit_factor":0.0},{"date":"27/12/2025","date_ts":1766793600000,"profit_abs":0.0,"wins":0,"draws":0,"losses":0,"trades":0,"profit_factor":0.0},{"date":"28/12/2025","date_ts":1766880000000,"profit_abs":0.0,"wins":0,"draws":0,"losses":0,"trades":0,"profit_factor":0.0},{"date":"29/12/2025","date_ts":1766966400000,"profit_abs":-25.58675035,"wins":0,"draws":0,"losses":2,"trades":2,"profit_factor":0.0},{"date":"30/12/2025","date_ts":1767052800000,"profit_abs":0.0,"wins":0,"draws":0,"losses":0,"trades":0,"profit_factor":0.0},{"date":"31/12/2025","date_ts":1767139200000,"profit_abs":-12.86914804,"wins":0,"draws":0,"losses":1,"trades":1,"profit_factor":0.0},{"date":"01/01/2026","date_ts":1767225600000,"profit_abs":0.0,"wins":0,"draws":0,"losses":0,"trades":0,"profit_factor":0.0},{"date":"02/01/2026","date_ts":1767312000000,"profit_abs":42.30040763,"wins":3,"draws":0,"losses":0,"trades":3,"profit_factor":0.0},{"date":"03/01/2026","date_ts":1767398400000,"profit_abs":9.22274061,"wins":1,"draws":0,"losses":0,"trades":1,"profit_factor":0.0},{"date":"04/01/2026","date_ts":1767484800000,"profit_abs":35.10722511,"wins":2,"draws":0,"losses":0,"trades":2,"profit_factor":0.0},{"date":"05/01/2026","date_ts":1767571200000,"profit_abs":16.45788808,"wins":3,"draws":0,"losses":1,"trades":4,"profit_factor":2.29101232},{"date":"06/01/2026","date_ts":1767657600000,"profit_abs":-1.45217276,"wins":1,"draws":0,"losses":2,"trades":3,"profit_factor":0.94286338},{"date":"07/01/2026","date_ts":1767744000000,"profit_abs":0.0,"wins":0,"draws":0,"losses":0,"trades":0,"profit_factor":0.0},{"date":"08/01/2026","date_ts":1767830400000,"profit_abs":0.0,"wins":0,"draws":0,"losses":0,"trades":0,"profit_factor":0.0},{"date":"09/01/2026","date_ts":1767916800000,"profit_abs":0.0,"wins":0,"draws":0,"losses":0,"trades":0,"profit_factor":0.0},{"date":"10/01/2026","date_ts":1768003200000,"profit_abs":0.0,"wins":0,"draws":0,"losses":0,"trades":0,"profit_factor":0.0},{"date":"11/01/2026","date_ts":1768089600000,"profit_abs":0.0,"wins":0,"draws":0,"losses":0,"trades":0,"profit_factor":0.0},{"date":"12/01/2026","date_ts":1768176000000,"profit_abs":14.20533307,"wins":4,"draws":0,"losses":1,"trades":5,"profit_factor":2.11609914},{"date":"13/01/2026","date_ts":1768262400000,"profit_abs":0.0,"wins":0,"draws":0,"losses":0,"trades":0,"profit_factor":0.0},{"date":"14/01/2026","date_ts":1768348800000,"profit_abs":12.0541314,"wins":4,"draws":0,"losses":1,"trades":5,"profit_factor":1.93816258},{"date":"15/01/2026","date_ts":1768435200000,"profit_abs":-38.34505627,"wins":0,"draws":0,"losses":3,"trades":3,"profit_factor":0.0}],"week":[{"date":"10/11/2025","date_ts":1762732800000,"profit_abs":-34.00169823,"wins":1,"draws":0,"losses":3,"trades":4,"profit_factor":0.11308626},{"date":"17/11/2025","date_ts":1763337600000,"profit_abs":-2.99615659,"wins":1,"draws":0,"losses":1,"trades":2,"profit_factor":0.76511537},{"date":"24/11/2025","date_ts":1763942400000,"profit_abs":0.0,"wins":0,"draws":0,"losses":0,"trades":0,"profit_factor":0.0},{"date":"01/12/2025","date_ts":1764547200000,"profit_abs":7.03924683,"wins":1,"draws":0,"losses":0,"trades":1,"profit_factor":0.0},{"date":"08/12/2025","date_ts":1765152000000,"profit_abs":-5.0221193,"wins":3,"draws":0,"losses":2,"trades":5,"profit_factor":0.80343711},{"date":"15/12/2025","date_ts":1765756800000,"profit_abs":-11.716587,"wins":2,"draws":0,"losses":2,"trades":4,"profit_factor":0.54154962},{"date":"22/12/2025","date_ts":1766361600000,"profit_abs":0.0,"wins":0,"draws":0,"losses":0,"trades":0,"profit_factor":0.0},{"date":"29/12/2025","date_ts":1766966400000,"profit_abs":-25.58675035,"wins":0,"draws":0,"losses":2,"trades":2,"profit_factor":0.0},{"date":"05/01/2026","date_ts":1767571200000,"profit_abs":90.21911339,"wins":9,"draws":0,"losses":2,"trades":11,"profit_factor":4.52181833},{"date":"12/01/2026","date_ts":1768176000000,"profit_abs":12.75316031,"wins":5,"draws":0,"losses":3,"trades":8,"profit_factor":1.33434723},{"date":"19/01/2026","date_ts":1768780800000,"profit_abs":-26.29092487,"wins":4,"draws":0,"losses":4,"trades":8,"profit_factor":0.48644234}],"month":[{"date":"30/11/2025","date_ts":1764460800000,"profit_abs":-29.95860799,"wins":3,"draws":0,"losses":4,"trades":7,"profit_factor":0.41364511},{"date":"31/12/2025","date_ts":1767139200000,"profit_abs":-55.19460469,"wins":5,"draws":0,"losses":7,"trades":12,"profit_factor":0.38373097},{"date":"31/01/2026","date_ts":1769817600000,"profit_abs":89.55049687,"wins":18,"draws":0,"losses":8,"trades":26,"profit_factor":1.87721311}],"year":[{"date":"31/12/2025","date_ts":1767139200000,"profit_abs":-85.15321268,"wins":8,"draws":0,"losses":11,"trades":19,"profit_factor":0.39459726},{"date":"31/12/2026","date_ts":1798675200000,"profit_abs":89.55049687,"wins":18,"draws":0,"losses":8,"trades":26,"profit_factor":1.87721311}],"weekday":[{"date":"Monday","date_ts":0,"profit_abs":-28.92522743,"wins":8,"draws":0,"losses":7,"trades":15,"profit_factor":0.67645},{"date":"Tuesday","date_ts":1,"profit_abs":8.30753557,"wins":2,"draws":0,"losses":2,"trades":4,"profit_factor":1.32686503},{"date":"Wednesday","date_ts":2,"profit_abs":16.08059763,"wins":8,"draws":0,"losses":3,"trades":11,"profit_factor":1.41796368},{"date":"Thursday","date_ts":3,"profit_abs":-71.94496002,"wins":1,"draws":0,"losses":6,"trades":7,"profit_factor":0.06152292},{"date":"Friday","date_ts":4,"profit_abs":36.54937272,"wins":4,"draws":0,"losses":1,"trades":5,"profit_factor":3.85758934},{"date":"Saturday","date_ts":5,"profit_abs":9.22274061,"wins":1,"draws":0,"losses":0,"trades":1,"profit_factor":0.0},{"date":"Sunday","date_ts":6,"profit_abs":35.10722511,"wins":2,"draws":0,"losses":0,"trades":2,"profit_factor":0.0}]},"backtest_best_day":0.10602111582730325,"backtest_worst_day":-0.0961825892818498,"backtest_best_day_abs":42.30040763,"backtest_worst_day_abs":-38.34505627,"winning_days":10,"draw_days":48,"losing_days":9,"daily_profit":[["2025-11-10",-34.00169823],["2025-11-11",9.75970833],["2025-11-12",-12.75586492],["2025-11-13",0.0],["2025-11-14",0.0],["2025-11-15",0.0],["2025-11-16",0.0],["2025-11-17",0.0],["2025-11-18",0.0],["2025-11-19",0.0],["2025-11-20",0.0],["2025-11-21",0.0],["2025-11-22",0.0],["2025-11-23",0.0],["2025-11-24",0.0],["2025-11-25",0.0],["2025-11-26",0.0],["2025-11-27",0.0],["2025-11-28",7.03924683],["2025-11-29",0.0],["2025-11-30",0.0],["2025-12-01",0.0],["2025-12-02",0.0],["2025-12-03",15.81113035],["2025-12-04",-20.83324965],["2025-12-05",0.0],["2025-12-06",0.0],["2025-12-07",0.0],["2025-12-08",0.0],["2025-12-09",0.0],["2025-12-10",13.84034884],["2025-12-11",-12.7666541],["2025-12-12",-12.79028174],["2025-12-13",0.0],["2025-12-14",0.0],["2025-12-15",0.0],["2025-12-16",0.0],["2025-12-17",0.0],["2025-12-18",0.0],["2025-12-19",0.0],["2025-12-20",0.0],["2025-12-21",0.0],["2025-12-22",0.0],["2025-12-23",0.0],["2025-12-24",0.0],["2025-12-25",0.0],["2025-12-26",0.0],["2025-12-27",0.0],["2025-12-28",0.0],["2025-12-29",-25.58675035],["2025-12-30",0.0],["2025-12-31",-12.86914804],["2026-01-01",0.0],["2026-01-02",42.30040763],["2026-01-03",9.22274061],["2026-01-04",35.10722511],["2026-01-05",16.45788808],["2026-01-06",-1.45217276],["2026-01-07",0.0],["2026-01-08",0.0],["2026-01-09",0.0],["2026-01-10",0.0],["2026-01-11",0.0],["2026-01-12",14.20533307],["2026-01-13",0.0],["2026-01-14",12.0541314],["2026-01-15",-38.34505627]],"wins":26,"losses":19,"draws":0,"winrate":0.5777777777777777,"holding_avg":"6:15:00","holding_avg_s":22500.0,"winner_holding_min":"0d 01:00","winner_holding_min_s":3600.0,"winner_holding_max":"0d 23:00","winner_holding_max_s":82800.0,"winner_holding_avg":"0d 07:07","winner_holding_avg_s":25620.0,"loser_holding_min":"0d 00:00","loser_holding_min_s":0.0,"loser_holding_max":"1d 00:00","loser_holding_max_s":86400.0,"loser_holding_avg":"0d 05:03","loser_holding_avg_s":18180.0,"max_consecutive_wins":8,"max_consecutive_losses":5,"max_drawdown_account":0.08910231741820589,"max_relative_drawdown":0.08910231741820589,"max_drawdown_abs":89.48861149999999,"drawdown_start":"2025-11-10 09:00:00","drawdown_start_ts":1762765200000.0,"drawdown_end":"2025-12-31 20:00:00","drawdown_end_ts":1767211200000.0,"drawdown_duration":"51 days 11:00:00","drawdown_duration_s":4446000.0,"max_drawdown_low":-85.15321268,"max_drawdown_high":4.33539882,"csum_min":914.84678732,"csum_max":1050.2931442}},"strategy_comparison":[{"key":"SupertrendFuturesStrategyV4","trades":45,"profit_mean":0.0002477683202166045,"profit_mean_pct":0.02,"profit_total_abs":4.397284190000001,"profit_total":0.0043972841900000005,"profit_total_pct":0.44,"duration_avg":"6:15:00","wins":26,"draws":0,"losses":19,"winrate":0.5777777777777777,"cagr":0.015669954601127634,"expectancy":0.09771742644444359,"expectancy_ratio":0.007648618793144379,"sortino":18.0639004750426,"sharpe":0.06902867924359767,"calmar":0.915387003979901,"sqn":0.0549,"profit_factor":1.0181151497732366,"max_drawdown_account":0.08910231741820589,"max_drawdown_abs":"89.489"}]}