{"strategy":{"RSIReversalStrategy":{"trades":[{"pair":"BTC/USDT","stake_amount":329.99925186,"max_stake_amount":329.99925186,"amount":0.00377526,"open_date":"2025-12-01 01:15:00+00:00","close_date":"2025-12-01 21:45:00+00:00","open_rate":87411.0,"close_rate":86437.9,"fee_open":0.0015,"fee_close":0.0015,"trade_duration":1230,"profit_ratio":-0.014094625517996532,"profit_abs":-4.6581927,"exit_reason":"exit_signal","initial_stop_loss_abs":83040.45,"initial_stop_loss_ratio":-0.05,"stop_loss_abs":83040.45,"stop_loss_ratio":-0.05,"min_rate":83833.4,"max_rate":87749.9,"is_open":false,"enter_tag":"","leverage":1.0,"is_short":false,"open_timestamp":1764551700000,"close_timestamp":1764625500000,"orders":[{"amount":0.00377526,"safe_price":87411.0,"ft_order_side":"buy","order_filled_timestamp":1764551700000,"ft_is_entry":true,"ft_order_tag":"","cost":330.49425073779},{"amount":0.00377526,"safe_price":86437.9,"ft_order_side":"sell","order_filled_timestamp":1764625500000,"ft_is_entry":false,"ft_order_tag":"exit_signal","cost":326.815034673531}],"funding_fees":0.0,"weekday":0},{"pair":"ETH/USDT","stake_amount":329.9998566,"max_stake_amount":329.9998566,"amount":0.115826,"open_date":"2025-12-01 01:15:00+00:00","close_date":"2025-12-01 21:45:00+00:00","open_rate":2849.1,"close_rate":2795.71,"fee_open":0.0015,"fee_close":0.0015,"trade_duration":1230,"profit_ratio":-0.021678624164897433,"profit_abs":-7.16467378,"exit_reason":"exit_signal","initial_stop_loss_abs":2706.645,"initial_stop_loss_ratio":-0.05,"stop_loss_abs":2706.645,"stop_loss_ratio":-0.05,"min_rate":2719.43,"max_rate":2874.28,"is_open":false,"enter_tag":"","leverage":1.0,"is_short":false,"open_timestamp":1764551700000,"close_timestamp":1764625500000,"orders":[{"amount":0.115826,"safe_price":2849.1,"ft_order_side":"buy","order_filled_timestamp":1764551700000,"ft_is_entry":true,"ft_order_tag":"","cost":330.4948563849},{"amount":0.115826,"safe_price":2795.71,"ft_order_side":"sell","order_filled_timestamp":1764625500000,"ft_is_entry":false,"ft_order_tag":"exit_signal","cost":324.30163031969005}],"funding_fees":0.0,"weekday":0},{"pair":"ETH/USDT","stake_amount":326.095968,"max_stake_amount":326.095968,"amount":0.110616,"open_date":"2025-12-07 14:45:00+00:00","close_date":"2025-12-07 17:30:00+00:00","open_rate":2948.0,"close_rate":3104.74,"fee_open":0.0015,"fee_close":0.0015,"trade_duration":165,"profit_ratio":0.05001347707607886,"profit_abs":16.33365701,"exit_reason":"exit_signal","initial_stop_loss_abs":2800.6,"initial_stop_loss_ratio":-0.05,"stop_loss_abs":3056.51775,"stop_loss_ratio":-0.025,"min_rate":2940.21,"max_rate":3134.89,"is_open":false,"enter_tag":"","leverage":1.0,"is_short":false,"open_timestamp":1765118700000,"close_timestamp":1765128600000,"orders":[{"amount":0.110616,"safe_price":2948.0,"ft_order_side":"buy","order_filled_timestamp":1765118700000,"ft_is_entry":true,"ft_order_tag":"","cost":326.58511195200003},{"amount":0.110616,"safe_price":3104.74,"ft_order_side":"sell","order_filled_timestamp":1765128600000,"ft_is_entry":false,"ft_order_tag":"exit_signal","cost":343.94907071976}],"funding_fees":0.0,"weekday":6},{"pair":"ETH/USDT","stake_amount":331.48723801,"max_stake_amount":331.48723801,"amount":0.108841,"open_date":"2025-12-07 22:30:00+00:00","close_date":"2025-12-08 01:45:00+00:00","open_rate":3045.61,"close_rate":3116.77,"fee_open":0.0015,"fee_close":0.0015,"trade_duration":195,"profit_ratio":0.02029928141819038,"profit_abs":6.73904616,"exit_reason":"exit_signal","initial_stop_loss_abs":2893.3295,"initial_stop_loss_ratio":-0.05,"stop_loss_abs":2893.3295,"stop_loss_ratio":-0.05,"min_rate":3013.14,"max_rate":3134.59,"is_open":false,"enter_tag":"","leverage":1.0,"is_short":false,"open_timestamp":1765146600000,"close_timestamp":1765158300000,"orders":[{"amount":0.108841,"safe_price":3045.61,"ft_order_side":"buy","order_filled_timestamp":1765146600000,"ft_is_entry":true,"ft_order_tag":"","cost":331.98446886701504},{"amount":0.108841,"safe_price":3116.77,"ft_order_side":"sell","order_filled_timestamp":1765158300000,"ft_is_entry":false,"ft_order_tag":"exit_signal","cost":339.741212115355}],"funding_fees":0.0,"weekday":0},{"pair":"ETH/USDT","stake_amount":333.709519,"max_stake_amount":333.709519,"amount":0.103532,"open_date":"2025-12-11 02:45:00+00:00","close_date":"2025-12-11 18:45:00+00:00","open_rate":3223.25,"close_rate":3232.08,"fee_open":0.0015,"fee_close":0.0015,"trade_duration":960,"profit_ratio":-0.0002642418180016689,"profit_abs":-0.08831228,"exit_reason":"exit_signal","initial_stop_loss_abs":3062.0874999999996,"initial_stop_loss_ratio":-0.05,"stop_loss_abs":3062.0874999999996,"stop_loss_ratio":-0.05,"min_rate":3145.01,"max_rate":3234.0,"is_open":false,"enter_tag":"","leverage":1.0,"is_short":false,"open_timestamp":1765421100000,"close_timestamp":1765478700000,"orders":[{"amount":0.103532,"safe_price":3223.25,"ft_order_side":"buy","order_filled_timestamp":1765421100000,"ft_is_entry":true,"ft_order_tag":"","cost":334.2100832785},{"amount":0.103532,"safe_price":3232.08,"ft_order_side":"sell","order_filled_timestamp":1765478700000,"ft_is_entry":false,"ft_order_tag":"exit_signal","cost":335.12564211984005}],"funding_fees":0.0,"weekday":3},{"pair":"BTC/USDT","stake_amount":333.71210321,"max_stake_amount":333.71210321,"amount":0.00370501,"open_date":"2025-12-11 03:00:00+00:00","close_date":"2025-12-11 18:45:00+00:00","open_rate":90070.5,"close_rate":91146.3,"fee_open":0.0015,"fee_close":0.0015,"trade_duration":945,"profit_ratio":0.008912692202484288,"profit_abs":2.97873467,"exit_reason":"exit_signal","initial_stop_loss_abs":85566.97499999999,"initial_stop_loss_ratio":-0.05,"stop_loss_abs":85566.97499999999,"stop_loss_ratio":-0.05,"min_rate":89255.9,"max_rate":91183.4,"is_open":false,"enter_tag":"","leverage":1.0,"is_short":false,"open_timestamp":1765422000000,"close_timestamp":1765478700000,"orders":[{"amount":0.00370501,"safe_price":90070.5,"ft_order_side":"buy","order_filled_timestamp":1765422000000,"ft_is_entry":true,"ft_order_tag":"","cost":334.21267135980753},{"amount":0.00370501,"safe_price":91146.3,"ft_order_side":"sell","order_filled_timestamp":1765478700000,"ft_is_entry":false,"ft_order_tag":"exit_signal","cost":338.2044998924445}],"funding_fees":0.0,"weekday":3},{"pair":"ETH/USDT","stake_amount":334.66509916,"max_stake_amount":334.66509916,"amount":0.108871,"open_date":"2025-12-12 16:15:00+00:00","close_date":"2025-12-13 08:15:00+00:00","open_rate":3073.96,"close_rate":3098.54,"fee_open":0.0015,"fee_close":0.0015,"trade_duration":960,"profit_ratio":0.00497674093275287,"profit_abs":1.66803981,"exit_reason":"exit_signal","initial_stop_loss_abs":2920.2619999999997,"initial_stop_loss_ratio":-0.05,"stop_loss_abs":2920.2619999999997,"stop_loss_ratio":-0.05,"min_rate":3037.58,"max_rate":3132.77,"is_open":false,"enter_tag":"","leverage":1.0,"is_short":false,"open_timestamp":1765556100000,"close_timestamp":1765613700000,"orders":[{"amount":0.108871,"safe_price":3073.96,"ft_order_side":"buy","order_filled_timestamp":1765556100000,"ft_is_entry":true,"ft_order_tag":"","cost":335.16709680874004},{"amount":0.108871,"safe_price":3098.54,"ft_order_side":"sell","order_filled_timestamp":1765613700000,"ft_is_entry":false,"ft_order_tag":"exit_signal","cost":337.84716006251}],"funding_fees":0.0,"weekday":5},{"pair":"BTC/USDT","stake_amount":334.6655294,"max_stake_amount":334.6655294,"amount":0.00371932,"open_date":"2025-12-12 16:15:00+00:00","close_date":"2025-12-13 08:30:00+00:00","open_rate":89980.3,"close_rate":90503.9,"fee_open":0.0015,"fee_close":0.0015,"trade_duration":975,"profit_ratio":0.0028061137559532066,"profit_abs":0.94051821,"exit_reason":"exit_signal","initial_stop_loss_abs":85481.285,"initial_stop_loss_ratio":-0.05,"stop_loss_abs":85481.285,"stop_loss_ratio":-0.05,"min_rate":89466.6,"max_rate":90659.9,"is_open":false,"enter_tag":"","leverage":1.0,"is_short":false,"open_timestamp":1765556100000,"close_timestamp":1765614600000,"orders":[{"amount":0.00371932,"safe_price":89980.3,"ft_order_side":"buy","order_filled_timestamp":1765556100000,"ft_is_entry":true,"ft_order_tag":"","cost":335.167527690094},{"amount":0.00371932,"safe_price":90503.9,"ft_order_side":"sell","order_filled_timestamp":1765614600000,"ft_is_entry":false,"ft_order_tag":"exit_signal","cost":337.117884796022}],"funding_fees":0.0,"weekday":5},{"pair":"BTC/USDT","stake_amount":335.52692928,"max_stake_amount":335.52692928,"amount":0.00384708,"open_date":"2025-12-15 15:45:00+00:00","close_date":"2025-12-16 06:30:00+00:00","open_rate":87216.0,"close_rate":86408.0,"fee_open":0.0015,"fee_close":0.0015,"trade_duration":885,"profit_ratio":-0.012232110475030035,"profit_abs":-4.11035877,"exit_reason":"exit_signal","initial_stop_loss_abs":82855.2,"initial_stop_loss_ratio":-0.05,"stop_loss_abs":82855.2,"stop_loss_ratio":-0.05,"min_rate":85147.7,"max_rate":87401.8,"is_open":false,"enter_tag":"","leverage":1.0,"is_short":false,"open_timestamp":1765813500000,"close_timestamp":1765866600000,"orders":[{"amount":0.00384708,"safe_price":87216.0,"ft_order_side":"buy","order_filled_timestamp":1765813500000,"ft_is_entry":true,"ft_order_tag":"","cost":336.03021967392},{"amount":0.00384708,"safe_price":86408.0,"ft_order_side":"sell","order_filled_timestamp":1765866600000,"ft_is_entry":false,"ft_order_tag":"exit_signal","cost":332.91711637296004}],"funding_fees":0.0,"weekday":1},{"pair":"ETH/USDT","stake_amount":335.52550968,"max_stake_amount":335.52550968,"amount":0.111336,"open_date":"2025-12-15 15:45:00+00:00","close_date":"2025-12-16 10:45:00+00:00","open_rate":3013.63,"close_rate":2955.8,"fee_open":0.0015,"fee_close":0.0015,"trade_duration":1140,"profit_ratio":-0.02212750697405296,"profit_abs":-7.43547957,"exit_reason":"exit_signal","initial_stop_loss_abs":2862.9485,"initial_stop_loss_ratio":-0.05,"stop_loss_abs":2862.9485,"stop_loss_ratio":-0.05,"min_rate":2878.18,"max_rate":3029.16,"is_open":false,"enter_tag":"","leverage":1.0,"is_short":false,"open_timestamp":1765813500000,"close_timestamp":1765881900000,"orders":[{"amount":0.111336,"safe_price":3013.63,"ft_order_side":"buy","order_filled_timestamp":1765813500000,"ft_is_entry":true,"ft_order_tag":"","cost":336.02879794452},{"amount":0.111336,"safe_price":2955.8,"ft_order_side":"sell","order_filled_timestamp":1765881900000,"ft_is_entry":false,"ft_order_tag":"exit_signal","cost":329.58057922320006}],"funding_fees":0.0,"weekday":1},{"pair":"BTC/USDT","stake_amount":331.71634182,"max_stake_amount":331.71634182,"amount":0.00376262,"open_date":"2025-12-22 20:15:00+00:00","close_date":"2025-12-23 12:00:00+00:00","open_rate":88161.0,"close_rate":87852.0,"fee_open":0.0015,"fee_close":0.0015,"trade_duration":945,"profit_ratio":-0.006489958800643968,"profit_abs":-2.15605463,"exit_reason":"exit_signal","initial_stop_loss_abs":83752.95,"initial_stop_loss_ratio":-0.05,"stop_loss_abs":83752.95,"stop_loss_ratio":-0.05,"min_rate":87047.8,"max_rate":88938.2,"is_open":false,"enter_tag":"","leverage":1.0,"is_short":false,"open_timestamp":1766434500000,"close_timestamp":1766491200000,"orders":[{"amount":0.00376262,"safe_price":88161.0,"ft_order_side":"buy","order_filled_timestamp":1766434500000,"ft_is_entry":true,"ft_order_tag":"","cost":332.21391633273},{"amount":0.00376262,"safe_price":87852.0,"ft_order_side":"sell","order_filled_timestamp":1766491200000,"ft_is_entry":false,"ft_order_tag":"exit_signal","cost":331.04952277836}],"funding_fees":0.0,"weekday":1},{"pair":"DOGE/USDT","stake_amount":331.00548484,"max_stake_amount":331.00548484,"amount":2625.569008,"open_date":"2025-12-25 11:00:00+00:00","close_date":"2025-12-25 15:45:00+00:00","open_rate":0.12607,"close_rate":0.12792,"fee_open":0.0015,"fee_close":0.0015,"trade_duration":285,"profit_ratio":0.011634923290594559,"profit_abs":3.85700026,"exit_reason":"exit_signal","initial_stop_loss_abs":0.11977,"initial_stop_loss_ratio":-0.05,"stop_loss_abs":0.11977,"stop_loss_ratio":-0.05,"min_rate":0.12591,"max_rate":0.12824,"is_open":false,"enter_tag":"","leverage":1.0,"is_short":false,"open_timestamp":1766660400000,"close_timestamp":1766677500000,"orders":[{"amount":2625.569008,"safe_price":0.12607,"ft_order_side":"buy","order_filled_timestamp":1766660400000,"ft_is_entry":true,"ft_order_tag":"","cost":331.50199306581777},{"amount":2625.569008,"safe_price":0.12792,"ft_order_side":"sell","order_filled_timestamp":1766677500000,"ft_is_entry":false,"ft_order_tag":"exit_signal","cost":336.366581684615}],"funding_fees":0.0,"weekday":3},{"pair":"ETH/USDT","stake_amount":332.27720352,"max_stake_amount":332.27720352,"amount":0.113648,"open_date":"2025-12-25 23:15:00+00:00","close_date":"2025-12-26 02:15:00+00:00","open_rate":2923.74,"close_rate":2953.7,"fee_open":0.0015,"fee_close":0.0015,"trade_duration":180,"profit_ratio":0.007220947059980288,"profit_abs":2.40295513,"exit_reason":"exit_signal","initial_stop_loss_abs":2777.553,"initial_stop_loss_ratio":-0.05,"stop_loss_abs":2777.553,"stop_loss_ratio":-0.05,"min_rate":2891.2,"max_rate":2994.19,"is_open":false,"enter_tag":"","leverage":1.0,"is_short":false,"open_timestamp":1766704500000,"close_timestamp":1766715300000,"orders":[{"amount":0.113648,"safe_price":2923.74,"ft_order_side":"buy","order_filled_timestamp":1766704500000,"ft_is_entry":true,"ft_order_tag":"","cost":332.77561932528005},{"amount":0.113648,"safe_price":2953.7,"ft_order_side":"sell","order_filled_timestamp":1766715300000,"ft_is_entry":false,"ft_order_tag":"exit_signal","cost":336.1856207464}],"funding_fees":0.0,"weekday":4},{"pair":"SOL/USDT","stake_amount":332.27825857,"max_stake_amount":332.27825857,"amount":2.765989,"open_date":"2025-12-26 00:15:00+00:00","close_date":"2025-12-26 02:30:00+00:00","open_rate":120.13,"close_rate":123.6,"fee_open":0.0015,"fee_close":0.0015,"trade_duration":135,"profit_ratio":0.025803341100406572,"profit_abs":8.58675008,"exit_reason":"exit_signal","initial_stop_loss_abs":114.12349999999999,"initial_stop_loss_ratio":-0.05,"stop_loss_abs":114.12349999999999,"stop_loss_ratio":-0.05,"min_rate":119.24,"max_rate":124.34,"is_open":false,"enter_tag":"","leverage":1.0,"is_short":false,"open_timestamp":1766708100000,"close_timestamp":1766716200000,"orders":[{"amount":2.765989,"safe_price":120.13,"ft_order_side":"buy","order_filled_timestamp":1766708100000,"ft_is_entry":true,"ft_order_tag":"","cost":332.776675957855},{"amount":2.765989,"safe_price":123.6,"ft_order_side":"sell","order_filled_timestamp":1766716200000,"ft_is_entry":false,"ft_order_tag":"exit_signal","cost":342.3890547606}],"funding_fees":0.0,"weekday":4},{"pair":"DOGE/USDT","stake_amount":335.90489767,"max_stake_amount":335.90489767,"amount":2746.564985,"open_date":"2025-12-26 15:30:00+00:00","close_date":"2025-12-27 03:45:00+00:00","open_rate":0.1223,"close_rate":0.12314,"fee_open":0.0015,"fee_close":0.0015,"trade_duration":735,"profit_ratio":0.0038522755448317015,"profit_abs":1.29593922,"exit_reason":"exit_signal","initial_stop_loss_abs":0.11619,"initial_stop_loss_ratio":-0.05,"stop_loss_abs":0.11619,"stop_loss_ratio":-0.05,"min_rate":0.12066,"max_rate":0.12344,"is_open":false,"enter_tag":"","leverage":1.0,"is_short":false,"open_timestamp":1766763000000,"close_timestamp":1766807100000,"orders":[{"amount":2746.564985,"safe_price":0.1223,"ft_order_side":"buy","order_filled_timestamp":1766763000000,"ft_is_entry":true,"ft_order_tag":"","cost":336.40875501199827},{"amount":2746.564985,"safe_price":0.12314,"ft_order_side":"sell","order_filled_timestamp":1766807100000,"ft_is_entry":false,"ft_order_tag":"exit_signal","cost":338.7193302712794}],"funding_fees":0.0,"weekday":5},{"pair":"BTC/USDT","stake_amount":335.9040642,"max_stake_amount":335.9040642,"amount":0.0038607,"open_date":"2025-12-26 15:30:00+00:00","close_date":"2025-12-27 09:15:00+00:00","open_rate":87006.0,"close_rate":87649.7,"fee_open":0.0015,"fee_close":0.0015,"trade_duration":1065,"profit_ratio":0.004380671830502703,"profit_abs":1.4736927,"exit_reason":"exit_signal","initial_stop_loss_abs":82655.7,"initial_stop_loss_ratio":-0.05,"stop_loss_abs":82655.7,"stop_loss_ratio":-0.05,"min_rate":86816.7,"max_rate":87791.7,"is_open":false,"enter_tag":"","leverage":1.0,"is_short":false,"open_timestamp":1766763000000,"close_timestamp":1766826900000,"orders":[{"amount":0.0038607,"safe_price":87006.0,"ft_order_side":"buy","order_filled_timestamp":1766763000000,"ft_is_entry":true,"ft_order_tag":"","cost":336.4079202963},{"amount":0.0038607,"safe_price":87649.7,"ft_order_side":"sell","order_filled_timestamp":1766826900000,"ft_is_entry":false,"ft_order_tag":"exit_signal","cost":338.896780585185}],"funding_fees":0.0,"weekday":5},{"pair":"DOGE/USDT","stake_amount":336.81887621,"max_stake_amount":336.81887621,"amount":2695.413542,"open_date":"2025-12-29 10:00:00+00:00","close_date":"2025-12-30 03:45:00+00:00","open_rate":0.12496,"close_rate":0.12333,"fee_open":0.0015,"fee_close":0.0015,"trade_duration":1065,"profit_ratio":-0.01600060697600656,"profit_abs":-5.39739042,"exit_reason":"exit_signal","initial_stop_loss_abs":0.11872,"initial_stop_loss_ratio":-0.05,"stop_loss_abs":0.11872,"stop_loss_ratio":-0.05,"min_rate":0.12228,"max_rate":0.1258,"is_open":false,"enter_tag":"","leverage":1.0,"is_short":false,"open_timestamp":1767002400000,"close_timestamp":1767066300000,"orders":[{"amount":2695.413542,"safe_price":0.12496,"ft_order_side":"buy","order_filled_timestamp":1767002400000,"ft_is_entry":true,"ft_order_tag":"","cost":337.32410452263247},{"amount":2695.413542,"safe_price":0.12333,"ft_order_side":"sell","order_filled_timestamp":1767066300000,"ft_is_entry":false,"ft_order_tag":"exit_signal","cost":332.9239901630623}],"funding_fees":0.0,"weekday":1},{"pair":"ETH/USDT","stake_amount":336.81753864,"max_stake_amount":336.81753864,"amount":0.113146,"open_date":"2025-12-29 10:00:00+00:00","close_date":"2025-12-30 04:00:00+00:00","open_rate":2976.84,"close_rate":2951.59,"fee_open":0.0015,"fee_close":0.0015,"trade_duration":1080,"profit_ratio":-0.011452247258188976,"profit_abs":-3.86310371,"exit_reason":"exit_signal","initial_stop_loss_abs":2827.998,"initial_stop_loss_ratio":-0.05,"stop_loss_abs":2827.998,"stop_loss_ratio":-0.05,"min_rate":2910.74,"max_rate":2984.37,"is_open":false,"enter_tag":"","leverage":1.0,"is_short":false,"open_timestamp":1767002400000,"close_timestamp":1767067200000,"orders":[{"amount":0.113146,"safe_price":2976.84,"ft_order_side":"buy","order_filled_timestamp":1767002400000,"ft_is_entry":true,"ft_order_tag":"","cost":337.32276494796},{"amount":0.113146,"safe_price":2951.59,"ft_order_side":"sell","order_filled_timestamp":1767067200000,"ft_is_entry":false,"ft_order_tag":"exit_signal","cost":334.46154304321}],"funding_fees":0.0,"weekday":1},{"pair":"SOL/USDT","stake_amount":336.81876823,"max_stake_amount":336.81876823,"amount":2.673377,"open_date":"2025-12-29 10:45:00+00:00","close_date":"2025-12-30 04:00:00+00:00","open_rate":125.99,"close_rate":123.78,"fee_open":0.0015,"fee_close":0.0015,"trade_duration":1035,"profit_ratio":-0.020484037021095976,"profit_abs":-6.90975723,"exit_reason":"exit_signal","initial_stop_loss_abs":119.69049999999999,"initial_stop_loss_ratio":-0.05,"stop_loss_abs":119.69049999999999,"stop_loss_ratio":-0.05,"min_rate":122.3,"max_rate":126.09,"is_open":false,"enter_tag":"","leverage":1.0,"is_short":false,"open_timestamp":1767005100000,"close_timestamp":1767067200000,"orders":[{"amount":2.673377,"safe_price":125.99,"ft_order_side":"buy","order_filled_timestamp":1767005100000,"ft_is_entry":true,"ft_order_tag":"","cost":337.323996382345},{"amount":2.673377,"safe_price":123.78,"ft_order_side":"sell","order_filled_timestamp":1767067200000,"ft_is_entry":false,"ft_order_tag":"exit_signal","cost":331.40697096759}],"funding_fees":0.0,"weekday":1},{"pair":"DOGE/USDT","stake_amount":331.48269332,"max_stake_amount":331.48269332,"amount":2794.021353,"open_date":"2025-12-31 17:30:00+00:00","close_date":"2026-01-01 01:15:00+00:00","open_rate":0.11864,"close_rate":0.11852,"fee_open":0.0015,"fee_close":0.0015,"trade_duration":465,"profit_ratio":-0.004003940149665687,"profit_abs":-1.32922772,"exit_reason":"exit_signal","initial_stop_loss_abs":0.11271,"initial_stop_loss_ratio":-0.05,"stop_loss_abs":0.11271,"stop_loss_ratio":-0.05,"min_rate":0.11612,"max_rate":0.11886,"is_open":false,"enter_tag":"","leverage":1.0,"is_short":false,"open_timestamp":1767202200000,"close_timestamp":1767230100000,"orders":[{"amount":2794.021353,"safe_price":0.11864,"ft_order_side":"buy","order_filled_timestamp":1767202200000,"ft_is_entry":true,"ft_order_tag":"","cost":331.9799173598999},{"amount":2794.021353,"safe_price":0.11852,"ft_order_side":"sell","order_filled_timestamp":1767230100000,"ft_is_entry":false,"ft_order_tag":"exit_signal","cost":331.6441318736964}],"funding_fees":0.0,"weekday":3},{"pair":"ETH/USDT","stake_amount":331.04238552,"max_stake_amount":331.04238552,"amount":0.104692,"open_date":"2026-01-07 15:45:00+00:00","close_date":"2026-01-07 23:30:00+00:00","open_rate":3162.06,"close_rate":3171.01,"fee_open":0.0015,"fee_close":0.0015,"trade_duration":465,"profit_ratio":-0.0001735520069557297,"profit_abs":-0.05753925,"exit_reason":"exit_signal","initial_stop_loss_abs":3003.957,"initial_stop_loss_ratio":-0.05,"stop_loss_abs":3003.957,"stop_loss_ratio":-0.05,"min_rate":3125.27,"max_rate":3181.58,"is_open":false,"enter_tag":"","leverage":1.0,"is_short":false,"open_timestamp":1767800700000,"close_timestamp":1767828600000,"orders":[{"amount":0.104692,"safe_price":3162.06,"ft_order_side":"buy","order_filled_timestamp":1767800700000,"ft_is_entry":true,"ft_order_tag":"","cost":331.53894909828},{"amount":0.104692,"safe_price":3171.01,"ft_order_side":"sell","order_filled_timestamp":1767828600000,"ft_is_entry":false,"ft_order_tag":"exit_signal","cost":332.47734798838}],"funding_fees":0.0,"weekday":2},{"pair":"ETH/USDT","stake_amount":331.02211058,"max_stake_amount":331.02211058,"amount":0.100723,"open_date":"2026-01-15 04:00:00+00:00","close_date":"2026-01-15 07:45:00+00:00","open_rate":3286.46,"close_rate":3330.06,"fee_open":0.0015,"fee_close":0.0015,"trade_duration":225,"profit_ratio":0.010231307481458214,"profit_abs":3.39186918,"exit_reason":"exit_signal","initial_stop_loss_abs":3122.1369999999997,"initial_stop_loss_ratio":-0.05,"stop_loss_abs":3122.1369999999997,"stop_loss_ratio":-0.05,"min_rate":3284.8,"max_rate":3335.28,"is_open":false,"enter_tag":"","leverage":1.0,"is_short":false,"open_timestamp":1768449600000,"close_timestamp":1768463100000,"orders":[{"amount":0.100723,"safe_price":3286.46,"ft_order_side":"buy","order_filled_timestamp":1768449600000,"ft_is_entry":true,"ft_order_tag":"","cost":331.51864374587},{"amount":0.100723,"safe_price":3330.06,"ft_order_side":"sell","order_filled_timestamp":1768463100000,"ft_is_entry":false,"ft_order_tag":"exit_signal","cost":335.91675383007}],"funding_fees":0.0,"weekday":3},{"pair":"SOL/USDT","stake_amount":332.1443478,"max_stake_amount":332.1443478,"amount":2.329203,"open_date":"2026-01-18 01:30:00+00:00","close_date":"2026-01-18 19:15:00+00:00","open_rate":142.6,"close_rate":142.93,"fee_open":0.0015,"fee_close":0.0015,"trade_duration":1065,"profit_ratio":-0.0006882733436920673,"profit_abs":-0.22894901,"exit_reason":"exit_signal","initial_stop_loss_abs":135.47,"initial_stop_loss_ratio":-0.05,"stop_loss_abs":135.47,"stop_loss_ratio":-0.05,"min_rate":141.51,"max_rate":143.24,"is_open":false,"enter_tag":"","leverage":1.0,"is_short":false,"open_timestamp":1768699800000,"close_timestamp":1768763700000,"orders":[{"amount":2.329203,"safe_price":142.6,"ft_order_side":"buy","order_filled_timestamp":1768699800000,"ft_is_entry":true,"ft_order_tag":"","cost":332.64256432170004},{"amount":2.329203,"safe_price":142.93,"ft_order_side":"sell","order_filled_timestamp":1768763700000,"ft_is_entry":false,"ft_order_tag":"exit_signal","cost":333.4123542671851}],"funding_fees":0.0,"weekday":6},{"pair":"BTC/USDT","stake_amount":332.06795886,"max_stake_amount":332.06795886,"amount":0.00358446,"open_date":"2026-01-19 00:30:00+00:00","close_date":"2026-01-19 08:30:00+00:00","open_rate":92641.0,"close_rate":92964.3,"fee_open":0.0015,"fee_close":0.0015,"trade_duration":480,"profit_ratio":0.0004838550260172171,"profit_abs":0.16091376,"exit_reason":"exit_signal","initial_stop_loss_abs":88008.95,"initial_stop_loss_ratio":-0.05,"stop_loss_abs":88008.95,"stop_loss_ratio":-0.05,"min_rate":92250.0,"max_rate":93228.9,"is_open":false,"enter_tag":"","leverage":1.0,"is_short":false,"open_timestamp":1768782600000,"close_timestamp":1768811400000,"orders":[{"amount":0.00358446,"safe_price":92641.0,"ft_order_side":"buy","order_filled_timestamp":1768782600000,"ft_is_entry":true,"ft_order_tag":"","cost":332.56606079829},{"amount":0.00358446,"safe_price":92964.3,"ft_order_side":"sell","order_filled_timestamp":1768811400000,"ft_is_entry":false,"ft_order_tag":"exit_signal","cost":333.726655000167}],"funding_fees":0.0,"weekday":0},{"pair":"ETH/USDT","stake_amount":332.06768995,"max_stake_amount":332.06768995,"amount":0.103109,"open_date":"2026-01-19 00:45:00+00:00","close_date":"2026-01-19 11:30:00+00:00","open_rate":3220.55,"close_rate":3225.27,"fee_open":0.0015,"fee_close":0.0015,"trade_duration":645,"profit_ratio":-0.0015343087384955217,"profit_abs":-0.5102586,"exit_reason":"exit_signal","initial_stop_loss_abs":3059.5225,"initial_stop_loss_ratio":-0.05,"stop_loss_abs":3059.5225,"stop_loss_ratio":-0.05,"min_rate":3187.77,"max_rate":3230.0,"is_open":false,"enter_tag":"","leverage":1.0,"is_short":false,"open_timestamp":1768783500000,"close_timestamp":1768822200000,"orders":[{"amount":0.103109,"safe_price":3220.55,"ft_order_side":"buy","order_filled_timestamp":1768783500000,"ft_is_entry":true,"ft_order_tag":"","cost":332.56579148492506},{"amount":0.103109,"safe_price":3225.27,"ft_order_side":"sell","order_filled_timestamp":1768822200000,"ft_is_entry":false,"ft_order_tag":"exit_signal","cost":333.05319597664504}],"funding_fees":0.0,"weekday":0},{"pair":"SOL/USDT","stake_amount":332.0687601,"max_stake_amount":332.0687601,"amount":2.478495,"open_date":"2026-01-19 00:30:00+00:00","close_date":"2026-01-19 11:45:00+00:00","open_rate":133.98,"close_rate":134.21,"fee_open":0.0015,"fee_close":0.0015,"trade_duration":675,"profit_ratio":-0.0012839749151185079,"profit_abs":-0.42700751,"exit_reason":"exit_signal","initial_stop_loss_abs":127.28099999999998,"initial_stop_loss_ratio":-0.05,"stop_loss_abs":127.28099999999998,"stop_loss_ratio":-0.05,"min_rate":132.71,"max_rate":134.64,"is_open":false,"enter_tag":"","leverage":1.0,"is_short":false,"open_timestamp":1768782600000,"close_timestamp":1768823100000,"orders":[{"amount":2.478495,"safe_price":133.98,"ft_order_side":"buy","order_filled_timestamp":1768782600000,"ft_is_entry":true,"ft_order_tag":"","cost":332.56686324015},{"amount":2.478495,"safe_price":134.21,"ft_order_side":"sell","order_filled_timestamp":1768823100000,"ft_is_entry":false,"ft_order_tag":"exit_signal","cost":333.1377721709251}],"funding_fees":0.0,"weekday":0},{"pair":"ETH/USDT","stake_amount":331.810623,"max_stake_amount":331.810623,"amount":0.106324,"open_date":"2026-01-20 07:15:00+00:00","close_date":"2026-01-20 22:30:00+00:00","open_rate":3120.75,"close_rate":2964.7124999999996,"fee_open":0.0015,"fee_close":0.0015,"trade_duration":915,"profit_ratio":-0.05284573139604961,"profit_abs":-17.56107722,"exit_reason":"stop_loss","initial_stop_loss_abs":2964.7124999999996,"initial_stop_loss_ratio":-0.05,"stop_loss_abs":2964.7124999999996,"stop_loss_ratio":-0.05,"min_rate":2907.4,"max_rate":3131.89,"is_open":false,"enter_tag":"","leverage":1.0,"is_short":false,"open_timestamp":1768893300000,"close_timestamp":1768948200000,"orders":[{"amount":0.106324,"safe_price":3120.75,"ft_order_side":"buy","order_filled_timestamp":1768893300000,"ft_is_entry":true,"ft_order_tag":"","cost":332.30833893450006},{"amount":0.106324,"safe_price":2964.7124999999996,"ft_order_side":"sell","order_filled_timestamp":1768948200000,"ft_is_entry":false,"ft_order_tag":"stop_loss","cost":315.692921987775}],"funding_fees":0.0,"weekday":1},{"pair":"SOL/USDT","stake_amount":326.01736701,"max_stake_amount":326.01736701,"amount":2.652057,"open_date":"2026-01-25 16:30:00+00:00","close_date":"2026-01-26 01:15:00+00:00","open_rate":122.93,"close_rate":121.1,"fee_open":0.0015,"fee_close":0.0015,"trade_duration":525,"profit_ratio":-0.017837434836752392,"profit_abs":-5.82403651,"exit_reason":"exit_signal","initial_stop_loss_abs":116.7835,"initial_stop_loss_ratio":-0.05,"stop_loss_abs":116.7835,"stop_loss_ratio":-0.05,"min_rate":117.16,"max_rate":123.17,"is_open":false,"enter_tag":"","leverage":1.0,"is_short":false,"open_timestamp":1769358600000,"close_timestamp":1769390100000,"orders":[{"amount":2.652057,"safe_price":122.93,"ft_order_side":"buy","order_filled_timestamp":1769358600000,"ft_is_entry":true,"ft_order_tag":"","cost":326.50639306051505},{"amount":2.652057,"safe_price":121.1,"ft_order_side":"sell","order_filled_timestamp":1769390100000,"ft_is_entry":false,"ft_order_tag":"exit_signal","cost":321.64584885405003}],"funding_fees":0.0,"weekday":0},{"pair":"ETH/USDT","stake_amount":326.01601518,"max_stake_amount":326.01601518,"amount":0.116211,"open_date":"2026-01-25 20:30:00+00:00","close_date":"2026-01-26 01:15:00+00:00","open_rate":2805.38,"close_rate":2868.33,"fee_open":0.0015,"fee_close":0.0015,"trade_duration":285,"profit_ratio":0.019376304866373185,"profit_abs":6.32646118,"exit_reason":"exit_signal","initial_stop_loss_abs":2665.111,"initial_stop_loss_ratio":-0.05,"stop_loss_abs":2665.111,"stop_loss_ratio":-0.05,"min_rate":2786.34,"max_rate":2882.74,"is_open":false,"enter_tag":"","leverage":1.0,"is_short":false,"open_timestamp":1769373000000,"close_timestamp":1769390100000,"orders":[{"amount":0.116211,"safe_price":2805.38,"ft_order_side":"buy","order_filled_timestamp":1769373000000,"ft_is_entry":true,"ft_order_tag":"","cost":326.50503920277004},{"amount":0.116211,"safe_price":2868.33,"ft_order_side":"sell","order_filled_timestamp":1769390100000,"ft_is_entry":false,"ft_order_tag":"exit_signal","cost":333.831494876445}],"funding_fees":0.0,"weekday":0},{"pair":"DOGE/USDT","stake_amount":326.18327218,"max_stake_amount":326.18327218,"amount":2622.26282,"open_date":"2026-01-28 15:30:00+00:00","close_date":"2026-01-28 20:30:00+00:00","open_rate":0.12439,"close_rate":0.12599,"fee_open":0.0015,"fee_close":0.0015,"trade_duration":300,"profit_ratio":0.009828733049717785,"profit_abs":3.21077726,"exit_reason":"exit_signal","initial_stop_loss_abs":0.11818,"initial_stop_loss_ratio":-0.05,"stop_loss_abs":0.11818,"stop_loss_ratio":-0.05,"min_rate":0.1237,"max_rate":0.1263,"is_open":false,"enter_tag":"","leverage":1.0,"is_short":false,"open_timestamp":1769614200000,"close_timestamp":1769632200000,"orders":[{"amount":2622.26282,"safe_price":0.12439,"ft_order_side":"buy","order_filled_timestamp":1769614200000,"ft_is_entry":true,"ft_order_tag":"","cost":326.6725470880697},{"amount":2622.26282,"safe_price":0.12599,"ft_order_side":"sell","order_filled_timestamp":1769632200000,"ft_is_entry":false,"ft_order_tag":"exit_signal","cost":330.8744610308377}],"funding_fees":0.0,"weekday":2},{"pair":"BTC/USDT","stake_amount":327.2422292,"max_stake_amount":327.2422292,"amount":0.00382829,"open_date":"2026-01-29 15:30:00+00:00","close_date":"2026-01-30 01:30:00+00:00","open_rate":85480.0,"close_rate":81206.0,"fee_open":0.0015,"fee_close":0.0015,"trade_duration":600,"profit_ratio":-0.052845731401644634,"profit_abs":-17.31929498,"exit_reason":"stop_loss","initial_stop_loss_abs":81206.0,"initial_stop_loss_ratio":-0.05,"stop_loss_abs":81206.0,"stop_loss_ratio":-0.05,"min_rate":81010.0,"max_rate":85657.9,"is_open":false,"enter_tag":"","leverage":1.0,"is_short":false,"open_timestamp":1769700600000,"close_timestamp":1769736600000,"orders":[{"amount":0.00382829,"safe_price":85480.0,"ft_order_side":"buy","order_filled_timestamp":1769700600000,"ft_is_entry":true,"ft_order_tag":"","cost":327.7330925438},{"amount":0.00382829,"safe_price":81206.0,"ft_order_side":"sell","order_filled_timestamp":1769736600000,"ft_is_entry":false,"ft_order_tag":"stop_loss","cost":311.34643791661}],"funding_fees":0.0,"weekday":4},{"pair":"SOL/USDT","stake_amount":327.2427912,"max_stake_amount":327.2427912,"amount":2.760145,"open_date":"2026-01-29 15:30:00+00:00","close_date":"2026-01-30 01:30:00+00:00","open_rate":118.56,"close_rate":112.63199999999999,"fee_open":0.0015,"fee_close":0.0015,"trade_duration":600,"profit_ratio":-0.052845731389897295,"profit_abs":-17.31932472,"exit_reason":"stop_loss","initial_stop_loss_abs":112.63199999999999,"initial_stop_loss_ratio":-0.05,"stop_loss_abs":112.63199999999999,"stop_loss_ratio":-0.05,"min_rate":111.9,"max_rate":119.98,"is_open":false,"enter_tag":"","leverage":1.0,"is_short":false,"open_timestamp":1769700600000,"close_timestamp":1769736600000,"orders":[{"amount":2.760145,"safe_price":118.56,"ft_order_side":"buy","order_filled_timestamp":1769700600000,"ft_is_entry":true,"ft_order_tag":"","cost":327.7336553868},{"amount":2.760145,"safe_price":112.63199999999999,"ft_order_side":"sell","order_filled_timestamp":1769736600000,"ft_is_entry":false,"ft_order_tag":"stop_loss","cost":311.34697261746004}],"funding_fees":0.0,"weekday":4},{"pair":"DOGE/USDT","stake_amount":327.24282872,"max_stake_amount":327.24282872,"amount":2801.25688,"open_date":"2026-01-29 15:30:00+00:00","close_date":"2026-01-30 12:00:00+00:00","open_rate":0.11682,"close_rate":0.11555,"fee_open":0.0015,"fee_close":0.0015,"trade_duration":1230,"profit_ratio":-0.013834367437127059,"profit_abs":-4.53398833,"exit_reason":"exit_signal","initial_stop_loss_abs":0.11098,"initial_stop_loss_ratio":-0.05,"stop_loss_abs":0.11098,"stop_loss_ratio":-0.05,"min_rate":0.11208,"max_rate":0.11879,"is_open":false,"enter_tag":"","leverage":1.0,"is_short":false,"open_timestamp":1769700600000,"close_timestamp":1769774400000,"orders":[{"amount":2801.25688,"safe_price":0.11682,"ft_order_side":"buy","order_filled_timestamp":1769700600000,"ft_is_entry":true,"ft_order_tag":"","cost":327.73369296468235},{"amount":2801.25688,"safe_price":0.11555,"ft_order_side":"sell","order_filled_timestamp":1769774400000,"ft_is_entry":false,"ft_order_tag":"exit_signal","cost":324.170760332726}],"funding_fees":0.0,"weekday":4},{"pair":"DOGE/USDT","stake_amount":314.31586803,"max_stake_amount":314.31586803,"amount":2764.431557,"open_date":"2026-01-31 06:45:00+00:00","close_date":"2026-01-31 14:15:00+00:00","open_rate":0.1137,"close_rate":0.10802,"fee_open":0.0015,"fee_close":0.0015,"trade_duration":450,"profit_ratio":-0.052801887754497914,"profit_abs":-16.62136589,"exit_reason":"stop_loss","initial_stop_loss_abs":0.10802,"initial_stop_loss_ratio":-0.05,"stop_loss_abs":0.10802,"stop_loss_ratio":-0.05,"min_rate":0.105,"max_rate":0.11406,"is_open":false,"enter_tag":"","leverage":1.0,"is_short":false,"open_timestamp":1769841900000,"close_timestamp":1769868900000,"orders":[{"amount":2764.431557,"safe_price":0.1137,"ft_order_side":"buy","order_filled_timestamp":1769841900000,"ft_is_entry":true,"ft_order_tag":"","cost":314.78734183294637},{"amount":2764.431557,"safe_price":0.10802,"ft_order_side":"sell","order_filled_timestamp":1769868900000,"ft_is_entry":false,"ft_order_tag":"stop_loss","cost":299.0618176323207}],"funding_fees":0.0,"weekday":5},{"pair":"ETH/USDT","stake_amount":308.83010478,"max_stake_amount":308.83010478,"amount":0.121647,"open_date":"2026-01-31 15:00:00+00:00","close_date":"2026-01-31 17:00:00+00:00","open_rate":2538.74,"close_rate":2411.803,"fee_open":0.0015,"fee_close":0.0015,"trade_duration":120,"profit_ratio":-0.052845731417504774,"profit_abs":-16.3448333,"exit_reason":"stop_loss","initial_stop_loss_abs":2411.803,"initial_stop_loss_ratio":-0.05,"stop_loss_abs":2411.803,"stop_loss_ratio":-0.05,"min_rate":2359.0,"max_rate":2555.15,"is_open":false,"enter_tag":"","leverage":1.0,"is_short":false,"open_timestamp":1769871600000,"close_timestamp":1769878800000,"orders":[{"amount":0.121647,"safe_price":2538.74,"ft_order_side":"buy","order_filled_timestamp":1769871600000,"ft_is_entry":true,"ft_order_tag":"","cost":309.29334993717003},{"amount":0.121647,"safe_price":2411.803,"ft_order_side":"sell","order_filled_timestamp":1769878800000,"ft_is_entry":false,"ft_order_tag":"stop_loss","cost":293.8286824403115}],"funding_fees":0.0,"weekday":5},{"pair":"SOL/USDT","stake_amount":308.83080655,"max_stake_amount":308.83080655,"amount":2.829935,"open_date":"2026-01-31 15:00:00+00:00","close_date":"2026-01-31 17:00:00+00:00","open_rate":109.13,"close_rate":103.67349999999999,"fee_open":0.0015,"fee_close":0.0015,"trade_duration":120,"profit_ratio":-0.05284573141369849,"profit_abs":-16.34487044,"exit_reason":"stop_loss","initial_stop_loss_abs":103.67349999999999,"initial_stop_loss_ratio":-0.05,"stop_loss_abs":103.67349999999999,"stop_loss_ratio":-0.05,"min_rate":100.25,"max_rate":110.21,"is_open":false,"enter_tag":"","leverage":1.0,"is_short":false,"open_timestamp":1769871600000,"close_timestamp":1769878800000,"orders":[{"amount":2.829935,"safe_price":109.13,"ft_order_side":"buy","order_filled_timestamp":1769871600000,"ft_is_entry":true,"ft_order_tag":"","cost":309.294052759825},{"amount":2.829935,"safe_price":103.67349999999999,"ft_order_side":"sell","order_filled_timestamp":1769878800000,"ft_is_entry":false,"ft_order_tag":"stop_loss","cost":293.8293501218337}],"funding_fees":0.0,"weekday":5},{"pair":"DOGE/USDT","stake_amount":308.8308173,"max_stake_amount":308.8308173,"amount":2886.808911,"open_date":"2026-01-31 15:00:00+00:00","close_date":"2026-01-31 17:00:00+00:00","open_rate":0.10698,"close_rate":0.10164,"fee_open":0.0015,"fee_close":0.0015,"trade_duration":120,"profit_ratio":-0.052761855543002674,"profit_abs":-16.3189287,"exit_reason":"stop_loss","initial_stop_loss_abs":0.10164,"initial_stop_loss_ratio":-0.05,"stop_loss_abs":0.10164,"stop_loss_ratio":-0.05,"min_rate":0.09876,"max_rate":0.1082,"is_open":false,"enter_tag":"","leverage":1.0,"is_short":false,"open_timestamp":1769871600000,"close_timestamp":1769878800000,"orders":[{"amount":2886.808911,"safe_price":0.10698,"ft_order_side":"buy","order_filled_timestamp":1769871600000,"ft_is_entry":true,"ft_order_tag":"","cost":309.2940635247282},{"amount":2886.808911,"safe_price":0.10164,"ft_order_side":"sell","order_filled_timestamp":1769878800000,"ft_is_entry":false,"ft_order_tag":"stop_loss","cost":293.85538060061106}],"funding_fees":0.0,"weekday":5},{"pair":"ETH/USDT","stake_amount":292.65657687,"max_stake_amount":292.65657687,"amount":0.120897,"open_date":"2026-01-31 17:30:00+00:00","close_date":"2026-01-31 18:30:00+00:00","open_rate":2420.71,"close_rate":2299.6745,"fee_open":0.0015,"fee_close":0.0015,"trade_duration":60,"profit_ratio":-0.052845731400013495,"profit_abs":-15.48884933,"exit_reason":"stop_loss","initial_stop_loss_abs":2299.6745,"initial_stop_loss_ratio":-0.05,"stop_loss_abs":2299.6745,"stop_loss_ratio":-0.05,"min_rate":2240.2,"max_rate":2431.37,"is_open":false,"enter_tag":"","leverage":1.0,"is_short":false,"open_timestamp":1769880600000,"close_timestamp":1769884200000,"orders":[{"amount":0.120897,"safe_price":2420.71,"ft_order_side":"buy","order_filled_timestamp":1769880600000,"ft_is_entry":true,"ft_order_tag":"","cost":293.09556173530507},{"amount":0.120897,"safe_price":2299.6745,"ft_order_side":"sell","order_filled_timestamp":1769884200000,"ft_is_entry":false,"ft_order_tag":"stop_loss","cost":278.44078364853976}],"funding_fees":0.0,"weekday":5},{"pair":"SOL/USDT","stake_amount":292.657872,"max_stake_amount":292.657872,"amount":2.814018,"open_date":"2026-01-31 17:30:00+00:00","close_date":"2026-01-31 18:30:00+00:00","open_rate":104.0,"close_rate":98.8,"fee_open":0.0015,"fee_close":0.0015,"trade_duration":60,"profit_ratio":-0.052845731417907764,"profit_abs":-15.48891788,"exit_reason":"stop_loss","initial_stop_loss_abs":98.8,"initial_stop_loss_ratio":-0.05,"stop_loss_abs":98.8,"stop_loss_ratio":-0.05,"min_rate":96.42,"max_rate":104.51,"is_open":false,"enter_tag":"","leverage":1.0,"is_short":false,"open_timestamp":1769880600000,"close_timestamp":1769884200000,"orders":[{"amount":2.814018,"safe_price":104.0,"ft_order_side":"buy","order_filled_timestamp":1769880600000,"ft_is_entry":true,"ft_order_tag":"","cost":293.09685880800004},{"amount":2.814018,"safe_price":98.8,"ft_order_side":"sell","order_filled_timestamp":1769884200000,"ft_is_entry":false,"ft_order_tag":"stop_loss","cost":278.44201586760005}],"funding_fees":0.0,"weekday":5},{"pair":"BTC/USDT","stake_amount":292.65770088,"max_stake_amount":292.65770088,"amount":0.00369811,"open_date":"2026-01-31 17:30:00+00:00","close_date":"2026-02-01 00:15:00+00:00","open_rate":79137.1,"close_rate":79346.1,"fee_open":0.0015,"fee_close":0.0015,"trade_duration":405,"profit_ratio":-0.0003624314929336375,"profit_abs":-0.10622747,"exit_reason":"exit_signal","initial_stop_loss_abs":75180.245,"initial_stop_loss_ratio":-0.05,"stop_loss_abs":75180.245,"stop_loss_ratio":-0.05,"min_rate":75678.0,"max_rate":79422.0,"is_open":false,"enter_tag":"","leverage":1.0,"is_short":false,"open_timestamp":1769880600000,"close_timestamp":1769904900000,"orders":[{"amount":0.00369811,"safe_price":79137.1,"ft_order_side":"buy","order_filled_timestamp":1769880600000,"ft_is_entry":true,"ft_order_tag":"","cost":293.0966874323216},{"amount":0.00369811,"safe_price":79346.1,"ft_order_side":"sell","order_filled_timestamp":1769904900000,"ft_is_entry":false,"ft_order_tag":"exit_signal","cost":293.87075177980654}],"funding_fees":0.0,"weekday":6},{"pair":"BTC/USDT","stake_amount":282.39972144,"max_stake_amount":282.39972144,"amount":0.00442807,"open_date":"2026-02-05 21:00:00+00:00","close_date":"2026-02-06 00:00:00+00:00","open_rate":63774.9,"close_rate":60586.155,"fee_open":0.0015,"fee_close":0.0015,"trade_duration":180,"profit_ratio":-0.05284573141219201,"profit_abs":-14.94600526,"exit_reason":"stop_loss","initial_stop_loss_abs":60586.155,"initial_stop_loss_ratio":-0.05,"stop_loss_abs":60586.155,"stop_loss_ratio":-0.05,"min_rate":60038.9,"max_rate":64916.5,"is_open":false,"enter_tag":"","leverage":1.0,"is_short":false,"open_timestamp":1770325200000,"close_timestamp":1770336000000,"orders":[{"amount":0.00442807,"safe_price":63774.9,"ft_order_side":"buy","order_filled_timestamp":1770325200000,"ft_is_entry":true,"ft_order_tag":"","cost":282.82332102516455},{"amount":0.00442807,"safe_price":60586.155,"ft_order_side":"sell","order_filled_timestamp":1770336000000,"ft_is_entry":false,"ft_order_tag":"stop_loss","cost":268.6821549739063}],"funding_fees":0.0,"weekday":4},{"pair":"ETH/USDT","stake_amount":282.39927411,"max_stake_amount":282.39927411,"amount":0.151031,"open_date":"2026-02-05 21:00:00+00:00","close_date":"2026-02-06 00:00:00+00:00","open_rate":1869.81,"close_rate":1776.3194999999998,"fee_open":0.0015,"fee_close":0.0015,"trade_duration":180,"profit_ratio":-0.052845731394863246,"profit_abs":-14.94598158,"exit_reason":"stop_loss","initial_stop_loss_abs":1776.3194999999998,"initial_stop_loss_ratio":-0.05,"stop_loss_abs":1776.3194999999998,"stop_loss_ratio":-0.05,"min_rate":1753.95,"max_rate":1912.74,"is_open":false,"enter_tag":"","leverage":1.0,"is_short":false,"open_timestamp":1770325200000,"close_timestamp":1770336000000,"orders":[{"amount":0.151031,"safe_price":1869.81,"ft_order_side":"buy","order_filled_timestamp":1770325200000,"ft_is_entry":true,"ft_order_tag":"","cost":282.822873021165},{"amount":0.151031,"safe_price":1776.3194999999998,"ft_order_side":"sell","order_filled_timestamp":1770336000000,"ft_is_entry":false,"ft_order_tag":"stop_loss","cost":268.6817293701068}],"funding_fees":0.0,"weekday":4},{"pair":"BTC/USDT","stake_amount":272.53533938,"max_stake_amount":272.53533938,"amount":0.00400554,"open_date":"2026-02-07 07:30:00+00:00","close_date":"2026-02-07 12:30:00+00:00","open_rate":68039.6,"close_rate":69320.0,"fee_open":0.0015,"fee_close":0.0015,"trade_duration":300,"profit_ratio":0.015766575249680715,"profit_abs":4.30339436,"exit_reason":"exit_signal","initial_stop_loss_abs":64637.62,"initial_stop_loss_ratio":-0.05,"stop_loss_abs":64637.62,"stop_loss_ratio":-0.05,"min_rate":67582.7,"max_rate":70000.9,"is_open":false,"enter_tag":"","leverage":1.0,"is_short":false,"open_timestamp":1770449400000,"close_timestamp":1770467400000,"orders":[{"amount":0.00400554,"safe_price":68039.6,"ft_order_side":"buy","order_filled_timestamp":1770449400000,"ft_is_entry":true,"ft_order_tag":"","cost":272.94414239307605},{"amount":0.00400554,"safe_price":69320.0,"ft_order_side":"sell","order_filled_timestamp":1770467400000,"ft_is_entry":false,"ft_order_tag":"exit_signal","cost":278.08052884920005}],"funding_fees":0.0,"weekday":5},{"pair":"SOL/USDT","stake_amount":273.95597343,"max_stake_amount":273.95597343,"amount":3.239399,"open_date":"2026-02-09 09:00:00+00:00","close_date":"2026-02-09 15:15:00+00:00","open_rate":84.57,"close_rate":85.11,"fee_open":0.0015,"fee_close":0.0015,"trade_duration":375,"profit_ratio":0.003370609228338801,"profit_abs":0.92478363,"exit_reason":"exit_signal","initial_stop_loss_abs":80.3415,"initial_stop_loss_ratio":-0.05,"stop_loss_abs":80.3415,"stop_loss_ratio":-0.05,"min_rate":82.88,"max_rate":85.8,"is_open":false,"enter_tag":"","leverage":1.0,"is_short":false,"open_timestamp":1770627600000,"close_timestamp":1770650100000,"orders":[{"amount":3.239399,"safe_price":84.57,"ft_order_side":"buy","order_filled_timestamp":1770627600000,"ft_is_entry":true,"ft_order_tag":"","cost":274.366907390145},{"amount":3.239399,"safe_price":85.11,"ft_order_side":"sell","order_filled_timestamp":1770650100000,"ft_is_entry":false,"ft_order_tag":"exit_signal","cost":276.11880676333504}],"funding_fees":0.0,"weekday":0},{"pair":"ETH/USDT","stake_amount":273.95540292,"max_stake_amount":273.95540292,"amount":0.134138,"open_date":"2026-02-09 10:00:00+00:00","close_date":"2026-02-09 17:00:00+00:00","open_rate":2042.34,"close_rate":2091.11,"fee_open":0.0015,"fee_close":0.0015,"trade_duration":420,"profit_ratio":0.02081243374366669,"profit_abs":5.71023119,"exit_reason":"exit_signal","initial_stop_loss_abs":1940.2229999999997,"initial_stop_loss_ratio":-0.05,"stop_loss_abs":1940.2229999999997,"stop_loss_ratio":-0.05,"min_rate":2009.0,"max_rate":2109.87,"is_open":false,"enter_tag":"","leverage":1.0,"is_short":false,"open_timestamp":1770631200000,"close_timestamp":1770656400000,"orders":[{"amount":0.134138,"safe_price":2042.34,"ft_order_side":"buy","order_filled_timestamp":1770631200000,"ft_is_entry":true,"ft_order_tag":"","cost":274.36633602438},{"amount":0.134138,"safe_price":2091.11,"ft_order_side":"sell","order_filled_timestamp":1770656400000,"ft_is_entry":false,"ft_order_tag":"exit_signal","cost":280.91805914977004}],"funding_fees":0.0,"weekday":0},{"pair":"BTC/USDT","stake_amount":273.95577809,"max_stake_amount":273.95577809,"amount":0.00398542,"open_date":"2026-02-09 11:00:00+00:00","close_date":"2026-02-09 17:45:00+00:00","open_rate":68739.5,"close_rate":70847.1,"fee_open":0.0015,"fee_close":0.0015,"trade_duration":405,"profit_ratio":0.02757333169738389,"profit_abs":7.56520435,"exit_reason":"exit_signal","initial_stop_loss_abs":65302.524999999994,"initial_stop_loss_ratio":-0.05,"stop_loss_abs":65302.524999999994,"stop_loss_ratio":-0.05,"min_rate":68309.4,"max_rate":70993.7,"is_open":false,"enter_tag":"","leverage":1.0,"is_short":false,"open_timestamp":1770634800000,"close_timestamp":1770659100000,"orders":[{"amount":0.00398542,"safe_price":68739.5,"ft_order_side":"buy","order_filled_timestamp":1770634800000,"ft_is_entry":true,"ft_order_tag":"","cost":274.366711757135},{"amount":0.00398542,"safe_price":70847.1,"ft_order_side":"sell","order_filled_timestamp":1770659100000,"ft_is_entry":false,"ft_order_tag":"exit_signal","cost":282.778982455923}],"funding_fees":0.0,"weekday":0},{"pair":"ETH/USDT","stake_amount":278.6404116,"max_stake_amount":278.6404116,"amount":0.13847,"open_date":"2026-02-10 07:15:00+00:00","close_date":"2026-02-11 14:15:00+00:00","open_rate":2012.28,"close_rate":2003.4,"fee_open":0.0015,"fee_close":0.0015,"trade_duration":1860,"profit_ratio":-0.007395192602902037,"profit_abs":-2.06369041,"exit_reason":"exit_signal","initial_stop_loss_abs":1911.666,"initial_stop_loss_ratio":-0.05,"stop_loss_abs":1911.666,"stop_loss_ratio":-0.05,"min_rate":1932.0,"max_rate":2047.0,"is_open":false,"enter_tag":"","leverage":1.0,"is_short":false,"open_timestamp":1770707700000,"close_timestamp":1770819300000,"orders":[{"amount":0.13847,"safe_price":2012.28,"ft_order_side":"buy","order_filled_timestamp":1770707700000,"ft_is_entry":true,"ft_order_tag":"","cost":279.0583722174},{"amount":0.13847,"safe_price":2003.4,"ft_order_side":"sell","order_filled_timestamp":1770819300000,"ft_is_entry":false,"ft_order_tag":"exit_signal","cost":277.82691419700006}],"funding_fees":0.0,"weekday":2},{"pair":"ETH/USDT","stake_amount":277.9600705,"max_stake_amount":277.9600705,"amount":0.145586,"open_date":"2026-02-12 17:15:00+00:00","close_date":"2026-02-12 23:00:00+00:00","open_rate":1909.25,"close_rate":1943.0,"fee_open":0.0015,"fee_close":0.0015,"trade_duration":345,"profit_ratio":0.01462863973982155,"profit_abs":4.072277,"exit_reason":"exit_signal","initial_stop_loss_abs":1813.7875,"initial_stop_loss_ratio":-0.05,"stop_loss_abs":1813.7875,"stop_loss_ratio":-0.05,"min_rate":1901.92,"max_rate":1951.0,"is_open":false,"enter_tag":"","leverage":1.0,"is_short":false,"open_timestamp":1770916500000,"close_timestamp":1770937200000,"orders":[{"amount":0.145586,"safe_price":1909.25,"ft_order_side":"buy","order_filled_timestamp":1770916500000,"ft_is_entry":true,"ft_order_tag":"","cost":278.37701060575},{"amount":0.145586,"safe_price":1943.0,"ft_order_side":"sell","order_filled_timestamp":1770937200000,"ft_is_entry":false,"ft_order_tag":"exit_signal","cost":283.29790839699996}],"funding_fees":0.0,"weekday":3},{"pair":"BTC/USDT","stake_amount":279.30442902,"max_stake_amount":279.30442902,"amount":0.00405176,"open_date":"2026-02-15 14:00:00+00:00","close_date":"2026-02-16 09:15:00+00:00","open_rate":68934.1,"close_rate":68886.9,"fee_open":0.0015,"fee_close":0.0015,"trade_duration":1155,"profit_ratio":-0.0036781675853599445,"profit_abs":-1.02886949,"exit_reason":"exit_signal","initial_stop_loss_abs":65487.395000000004,"initial_stop_loss_ratio":-0.05,"stop_loss_abs":65487.395000000004,"stop_loss_ratio":-0.05,"min_rate":68060.0,"max_rate":69259.2,"is_open":false,"enter_tag":"","leverage":1.0,"is_short":false,"open_timestamp":1771164000000,"close_timestamp":1771233300000,"orders":[{"amount":0.00405176,"safe_price":68934.1,"ft_order_side":"buy","order_filled_timestamp":1771164000000,"ft_is_entry":true,"ft_order_tag":"","cost":279.72338565952407},{"amount":0.00405176,"safe_price":68886.9,"ft_order_side":"sell","order_filled_timestamp":1771233300000,"ft_is_entry":false,"ft_order_tag":"exit_signal","cost":279.53185572291596}],"funding_fees":0.0,"weekday":0},{"pair":"SOL/USDT","stake_amount":279.30484832,"max_stake_amount":279.30484832,"amount":3.272848,"open_date":"2026-02-15 20:00:00+00:00","close_date":"2026-02-16 09:30:00+00:00","open_rate":85.34,"close_rate":86.03,"fee_open":0.0015,"fee_close":0.0015,"trade_duration":810,"profit_ratio":0.005065579516905061,"profit_abs":1.41696318,"exit_reason":"exit_signal","initial_stop_loss_abs":81.073,"initial_stop_loss_ratio":-0.05,"stop_loss_abs":81.073,"stop_loss_ratio":-0.05,"min_rate":84.45,"max_rate":86.7,"is_open":false,"enter_tag":"","leverage":1.0,"is_short":false,"open_timestamp":1771185600000,"close_timestamp":1771234200000,"orders":[{"amount":3.272848,"safe_price":85.34,"ft_order_side":"buy","order_filled_timestamp":1771185600000,"ft_is_entry":true,"ft_order_tag":"","cost":279.72380559248006},{"amount":3.272848,"safe_price":86.03,"ft_order_side":"sell","order_filled_timestamp":1771234200000,"ft_is_entry":false,"ft_order_tag":"exit_signal","cost":281.98545811016004}],"funding_fees":0.0,"weekday":0},{"pair":"DOGE/USDT","stake_amount":279.30492077,"max_stake_amount":279.30492077,"amount":2718.560646,"open_date":"2026-02-15 20:00:00+00:00","close_date":"2026-02-16 09:45:00+00:00","open_rate":0.10274,"close_rate":0.10317,"fee_open":0.0015,"fee_close":0.0015,"trade_duration":825,"profit_ratio":0.0011772782580327353,"profit_abs":0.32931284,"exit_reason":"exit_signal","initial_stop_loss_abs":0.09761,"initial_stop_loss_ratio":-0.05,"stop_loss_abs":0.09761,"stop_loss_ratio":-0.05,"min_rate":0.10121,"max_rate":0.10358,"is_open":false,"enter_tag":"","leverage":1.0,"is_short":false,"open_timestamp":1771185600000,"close_timestamp":1771235100000,"orders":[{"amount":2718.560646,"safe_price":0.10274,"ft_order_side":"buy","order_filled_timestamp":1771185600000,"ft_is_entry":true,"ft_order_tag":"","cost":279.72387815119504},{"amount":2718.560646,"safe_price":0.10317,"ft_order_side":"sell","order_filled_timestamp":1771235100000,"ft_is_entry":false,"ft_order_tag":"exit_signal","cost":280.8946127005917}],"funding_fees":0.0,"weekday":0},{"pair":"BTC/USDT","stake_amount":279.54146482,"max_stake_amount":279.54146482,"amount":0.00418161,"open_date":"2026-02-17 15:30:00+00:00","close_date":"2026-02-18 05:00:00+00:00","open_rate":66850.2,"close_rate":67823.0,"fee_open":0.0015,"fee_close":0.0015,"trade_duration":810,"profit_ratio":0.01151284134983871,"profit_abs":3.22314401,"exit_reason":"exit_signal","initial_stop_loss_abs":63507.689999999995,"initial_stop_loss_ratio":-0.05,"stop_loss_abs":63507.689999999995,"stop_loss_ratio":-0.05,"min_rate":66622.8,"max_rate":68239.9,"is_open":false,"enter_tag":"","leverage":1.0,"is_short":false,"open_timestamp":1771342200000,"close_timestamp":1771390800000,"orders":[{"amount":0.00418161,"safe_price":66850.2,"ft_order_side":"buy","order_filled_timestamp":1771342200000,"ft_is_entry":true,"ft_order_tag":"","cost":279.960777019233},{"amount":0.00418161,"safe_price":67823.0,"ft_order_side":"sell","order_filled_timestamp":1771390800000,"ft_is_entry":false,"ft_order_tag":"exit_signal","cost":284.034749032545}],"funding_fees":0.0,"weekday":2},{"pair":"SOL/USDT","stake_amount":279.54158788,"max_stake_amount":279.54158788,"amount":3.351014,"open_date":"2026-02-17 15:15:00+00:00","close_date":"2026-02-18 08:30:00+00:00","open_rate":83.42,"close_rate":85.7,"fee_open":0.0015,"fee_close":0.0015,"trade_duration":1035,"profit_ratio":0.02425419650976178,"profit_abs":6.79022669,"exit_reason":"exit_signal","initial_stop_loss_abs":79.249,"initial_stop_loss_ratio":-0.05,"stop_loss_abs":79.249,"stop_loss_ratio":-0.05,"min_rate":82.92,"max_rate":86.08,"is_open":false,"enter_tag":"","leverage":1.0,"is_short":false,"open_timestamp":1771341300000,"close_timestamp":1771403400000,"orders":[{"amount":3.351014,"safe_price":83.42,"ft_order_side":"buy","order_filled_timestamp":1771341300000,"ft_is_entry":true,"ft_order_tag":"","cost":279.96090026182003},{"amount":3.351014,"safe_price":85.7,"ft_order_side":"sell","order_filled_timestamp":1771403400000,"ft_is_entry":false,"ft_order_tag":"exit_signal","cost":287.6126726497}],"funding_fees":0.0,"weekday":2},{"pair":"SOL/USDT","stake_amount":282.84607429,"max_stake_amount":282.84607429,"amount":3.383731,"open_date":"2026-02-18 11:30:00+00:00","close_date":"2026-02-19 06:30:00+00:00","open_rate":83.59,"close_rate":82.41,"fee_open":0.0015,"fee_close":0.0015,"trade_duration":1140,"profit_ratio":-0.017069741724242582,"profit_abs":-4.8353516,"exit_reason":"exit_signal","initial_stop_loss_abs":79.4105,"initial_stop_loss_ratio":-0.05,"stop_loss_abs":79.4105,"stop_loss_ratio":-0.05,"min_rate":80.49,"max_rate":84.0,"is_open":false,"enter_tag":"","leverage":1.0,"is_short":false,"open_timestamp":1771414200000,"close_timestamp":1771482600000,"orders":[{"amount":3.383731,"safe_price":83.59,"ft_order_side":"buy","order_filled_timestamp":1771414200000,"ft_is_entry":true,"ft_order_tag":"","cost":283.270343401435},{"amount":3.383731,"safe_price":82.41,"ft_order_side":"sell","order_filled_timestamp":1771482600000,"ft_is_entry":false,"ft_order_tag":"exit_signal","cost":279.271551617565}],"funding_fees":0.0,"weekday":3},{"pair":"SOL/USDT","stake_amount":281.2503519,"max_stake_amount":281.2503519,"amount":3.51519,"open_date":"2026-02-19 14:00:00+00:00","close_date":"2026-02-19 19:00:00+00:00","open_rate":80.01,"close_rate":81.99,"fee_open":0.0015,"fee_close":0.0015,"trade_duration":300,"profit_ratio":0.02167727037115867,"profit_abs":6.10588503,"exit_reason":"exit_signal","initial_stop_loss_abs":76.0095,"initial_stop_loss_ratio":-0.05,"stop_loss_abs":76.0095,"stop_loss_ratio":-0.05,"min_rate":79.94,"max_rate":82.21,"is_open":false,"enter_tag":"","leverage":1.0,"is_short":false,"open_timestamp":1771509600000,"close_timestamp":1771527600000,"orders":[{"amount":3.51519,"safe_price":80.01,"ft_order_side":"buy","order_filled_timestamp":1771509600000,"ft_is_entry":true,"ft_order_tag":"","cost":281.67222742785003},{"amount":3.51519,"safe_price":81.99,"ft_order_side":"sell","order_filled_timestamp":1771527600000,"ft_is_entry":false,"ft_order_tag":"exit_signal","cost":288.64274374215}],"funding_fees":0.0,"weekday":3},{"pair":"ETH/USDT","stake_amount":281.24903936,"max_stake_amount":281.24903936,"amount":0.146368,"open_date":"2026-02-19 14:00:00+00:00","close_date":"2026-02-20 00:15:00+00:00","open_rate":1921.52,"close_rate":1954.8,"fee_open":0.0015,"fee_close":0.0015,"trade_duration":615,"profit_ratio":0.014272234176893802,"profit_abs":4.02007323,"exit_reason":"exit_signal","initial_stop_loss_abs":1825.444,"initial_stop_loss_ratio":-0.05,"stop_loss_abs":1825.444,"stop_loss_ratio":-0.05,"min_rate":1906.2,"max_rate":1964.58,"is_open":false,"enter_tag":"","leverage":1.0,"is_short":false,"open_timestamp":1771509600000,"close_timestamp":1771546500000,"orders":[{"amount":0.146368,"safe_price":1921.52,"ft_order_side":"buy","order_filled_timestamp":1771509600000,"ft_is_entry":true,"ft_order_tag":"","cost":281.67091291904},{"amount":0.146368,"safe_price":1954.8,"ft_order_side":"sell","order_filled_timestamp":1771546500000,"ft_is_entry":false,"ft_order_tag":"exit_signal","cost":286.5493466496}],"funding_fees":0.0,"weekday":4},{"pair":"DOGE/USDT","stake_amount":284.59197751,"max_stake_amount":284.59197751,"amount":2956.185494,"open_date":"2026-02-20 14:00:00+00:00","close_date":"2026-02-20 15:00:00+00:00","open_rate":0.09627,"close_rate":0.09806,"fee_open":0.0015,"fee_close":0.0015,"trade_duration":60,"profit_ratio":0.015542335180650277,"profit_abs":4.42985874,"exit_reason":"trailing_stop_loss","initial_stop_loss_abs":0.09146,"initial_stop_loss_ratio":-0.05,"stop_loss_abs":0.09806,"stop_loss_ratio":-0.025,"min_rate":0.09622,"max_rate":0.10057,"is_open":false,"enter_tag":"","leverage":1.0,"is_short":false,"open_timestamp":1771596000000,"close_timestamp":1771599600000,"orders":[{"amount":2956.185494,"safe_price":0.09627,"ft_order_side":"buy","order_filled_timestamp":1771596000000,"ft_is_entry":true,"ft_order_tag":"","cost":285.01886547364103},{"amount":2956.185494,"safe_price":0.09806,"ft_order_side":"sell","order_filled_timestamp":1771599600000,"ft_is_entry":false,"ft_order_tag":"trailing_stop_loss","cost":290.3183748659525}],"funding_fees":0.0,"weekday":4}],"locks":[],"best_pair":{"key":"BTC/USDT","trades":14,"profit_mean":-0.005079476826710003,"profit_mean_pct":-0.51,"profit_total_abs":-23.679401239999997,"profit_total":-0.02367940124,"profit_total_pct":-2.37,"duration_avg":"12:21:00","wins":7,"draws":0,"losses":7,"winrate":0.5,"cagr":-0.09461701058109806,"expectancy":-1.6913858028571425,"expectancy_ratio":-0.26711110521225834,"sortino":-0.8028915982128794,"sharpe":-0.7689821582455659,"calmar":-13.62091892953387,"sqn":-0.9122,"profit_factor":0.46577778957548327,"max_drawdown_account":0.03774227446999998,"max_drawdown_abs":37.74227447},"worst_pair":{"key":"SOL/USDT","trades":13,"profit_mean":-0.0104407430258334,"profit_mean_pct":-1.04,"profit_total_abs":-43.553606290000005,"profit_total":-0.043553606290000005,"profit_total_pct":-4.36,"duration_avg":"10:06:00","wins":5,"draws":0,"losses":8,"winrate":0.38461538461538464,"cagr":-0.16864677823507923,"expectancy":-3.3502774069230776,"expectancy_ratio":-0.39778761273452223,"sortino":-1.4402419016831591,"sharpe":-1.1201286207815018,"calmar":-15.248368524945628,"sqn":-1.3748,"profit_factor":0.35359512930640136,"max_drawdown_account":0.06201039553121156,"max_drawdown_abs":62.54286330000001},"results_per_pair":[{"key":"BTC/USDT","trades":14,"profit_mean":-0.005079476826710003,"profit_mean_pct":-0.51,"profit_total_abs":-23.679401239999997,"profit_total":-0.02367940124,"profit_total_pct":-2.37,"duration_avg":"12:21:00","wins":7,"draws":0,"losses":7,"winrate":0.5,"cagr":-0.09461701058109806,"expectancy":-1.6913858028571425,"expectancy_ratio":-0.26711110521225834,"sortino":-0.8028915982128794,"sharpe":-0.7689821582455659,"calmar":-13.62091892953387,"sqn":-0.9122,"profit_factor":0.46577778957548327,"max_drawdown_account":0.03774227446999998,"max_drawdown_abs":37.74227447},{"key":"DOGE/USDT","trades":10,"profit_mean":-0.009736711253647284,"profit_mean_pct":-0.97,"profit_total_abs":-31.07801274,"profit_total":-0.031078012739999997,"profit_total_pct":-3.11,"duration_avg":"9:14:00","wins":5,"draws":0,"losses":5,"winrate":0.5,"cagr":-0.1227371700997324,"expectancy":-3.107801274,"expectancy_ratio":-0.3515540633189074,"sortino":-1.05814463449014,"sharpe":-0.9147433968621916,"calmar":-16.545119852213805,"sqn":-1.264,"profit_factor":0.29689187336218525,"max_drawdown_account":0.04077998699501947,"max_drawdown_abs":40.9901238},{"key":"ETH/USDT","trades":20,"profit_mean":-0.005708861633835478,"profit_mean_pct":-0.57,"profit_total_abs":-34.85918914,"profit_total":-0.034859189139999996,"profit_total_pct":-3.49,"duration_avg":"10:02:00","wins":9,"draws":0,"losses":11,"winrate":0.45,"cagr":-0.13684986342251404,"expectancy":-1.7429594570000009,"expectancy_ratio":-0.22417799775562663,"sortino":-1.122553311990838,"sharpe":-0.8619537619164844,"calmar":-12.01567496455454,"sqn":-0.8653,"profit_factor":0.5924036404443153,"max_drawdown_account":0.06298438151628666,"max_drawdown_abs":64.08583707},{"key":"SOL/USDT","trades":13,"profit_mean":-0.0104407430258334,"profit_mean_pct":-1.04,"profit_total_abs":-43.553606290000005,"profit_total":-0.043553606290000005,"profit_total_pct":-4.36,"duration_avg":"10:06:00","wins":5,"draws":0,"losses":8,"winrate":0.38461538461538464,"cagr":-0.16864677823507923,"expectancy":-3.3502774069230776,"expectancy_ratio":-0.39778761273452223,"sortino":-1.4402419016831591,"sharpe":-1.1201286207815018,"calmar":-15.248368524945628,"sqn":-1.3748,"profit_factor":0.35359512930640136,"max_drawdown_account":0.06201039553121156,"max_drawdown_abs":62.54286330000001},{"key":"TOTAL","trades":57,"profit_mean":-0.00734011719513959,"profit_mean_pct":-0.73,"profit_total_abs":-133.17020940999998,"profit_total":-0.13317020941,"profit_total_pct":-13.32,"duration_avg":"10:29:00","wins":26,"draws":0,"losses":31,"winrate":0.45614035087719296,"cagr":-0.4472020199223501,"expectancy":-2.3363194633333335,"expectancy_ratio":-0.2999897604068156,"sortino":-4.3671466207170235,"sharpe":-3.6030523038141653,"calmar":-15.148556594520498,"sqn":-2.1788,"profit_factor":0.44840592441327465,"max_drawdown_account":0.19085326279884224,"max_drawdown_abs":194.79691368}],"results_per_enter_tag":[{"key":"","trades":57,"profit_mean":-0.00734011719513959,"profit_mean_pct":-0.73,"profit_total_abs":-133.17020940999998,"profit_total":-0.13317020941,"profit_total_pct":-13.32,"duration_avg":"10:29:00","wins":26,"draws":0,"losses":31,"winrate":0.45614035087719296,"cagr":-0.4472020199223501,"expectancy":-2.3363194633333335,"expectancy_ratio":-0.2999897604068156,"sortino":-4.3671466207170235,"sharpe":-3.6030523038141653,"calmar":-15.148556594520498,"sqn":-2.1788,"profit_factor":0.44840592441327465,"max_drawdown_account":0.19085326279884224,"max_drawdown_abs":194.79691368},{"key":"TOTAL","trades":57,"profit_mean":-0.00734011719513959,"profit_mean_pct":-0.73,"profit_total_abs":-133.17020940999998,"profit_total":-0.13317020941,"profit_total_pct":-13.32,"duration_avg":"10:29:00","wins":26,"draws":0,"losses":31,"winrate":0.45614035087719296,"cagr":-0.4472020199223501,"expectancy":-2.3363194633333335,"expectancy_ratio":-0.2999897604068156,"sortino":-4.3671466207170235,"sharpe":-3.6030523038141653,"calmar":-15.148556594520498,"sqn":-2.1788,"profit_factor":0.44840592441327465,"max_drawdown_account":0.19085326279884224,"max_drawdown_abs":194.79691368}],"exit_reason_summary":[{"key":"exit_signal","trades":45,"profit_mean":0.0032721402363925555,"profit_mean_pct":0.33,"profit_total_abs":41.09938115,"profit_total":0.041099381149999996,"profit_total_pct":4.11,"duration_avg":"11:59:00","wins":25,"draws":0,"losses":20,"winrate":0.5555555555555556,"cagr":0.1818240581347872,"expectancy":0.9133195811111114,"expectancy_ratio":0.29119779131121803,"sortino":3.4947265629398423,"sharpe":1.8812902633100232,"calmar":43.37867255221665,"sqn":1.2773,"profit_factor":1.65519503045024,"max_drawdown_account":0.020569454992172814,"max_drawdown_abs":20.99448702},{"key":"trailing_stop_loss","trades":1,"profit_mean":0.015542335180650277,"profit_mean_pct":1.55,"profit_total_abs":4.42985874,"profit_total":0.004429858740000001,"profit_total_pct":0.44,"duration_avg":"1:00:00","wins":1,"draws":0,"losses":0,"winrate":1.0,"cagr":0.018502355023191308,"expectancy":4.42985874,"expectancy_ratio":100.0,"sortino":-100,"sharpe":-100,"calmar":-100,"sqn":-100.0,"profit_factor":0.0,"max_drawdown_account":0.0,"max_drawdown_abs":0.0},{"key":"stop_loss","trades":11,"profit_mean":-0.052834120540115624,"profit_mean_pct":-5.28,"profit_total_abs":-178.6994493,"profit_total":-0.1786994493,"profit_total_pct":-17.87,"duration_avg":"5:10:00","wins":0,"draws":0,"losses":11,"winrate":0.0,"cagr":-0.5580449643716558,"expectancy":-16.24540448181818,"expectancy_ratio":-1.0,"sortino":-43.55963292256607,"sharpe":-43.55963292256607,"calmar":-21.710196789253185,"sqn":-57.6803,"profit_factor":0.0,"max_drawdown_account":0.17869944929999998,"max_drawdown_abs":178.6994493},{"key":"TOTAL","trades":57,"profit_mean":-0.00734011719513959,"profit_mean_pct":-0.73,"profit_total_abs":-133.17020940999998,"profit_total":-0.13317020941,"profit_total_pct":-13.32,"duration_avg":"10:29:00","wins":26,"draws":0,"losses":31,"winrate":0.45614035087719296,"cagr":-0.4472020199223501,"expectancy":-2.3363194633333335,"expectancy_ratio":-0.2999897604068156,"sortino":-4.3671466207170235,"sharpe":-3.6030523038141653,"calmar":-15.148556594520498,"sqn":-2.1788,"profit_factor":0.44840592441327465,"max_drawdown_account":0.19085326279884224,"max_drawdown_abs":194.79691368}],"mix_tag_stats":[{"key":["","exit_signal"],"trades":45,"profit_mean":0.0032721402363925555,"profit_mean_pct":0.33,"profit_total_abs":41.09938115,"profit_total":0.041099381149999996,"profit_total_pct":4.11,"duration_avg":"11:59:00","wins":25,"draws":0,"losses":20,"winrate":0.5555555555555556,"cagr":0.1818240581347872,"expectancy":0.9133195811111114,"expectancy_ratio":0.29119779131121803,"sortino":3.4947265629398423,"sharpe":1.8812902633100232,"calmar":43.37867255221665,"sqn":1.2773,"profit_factor":1.65519503045024,"max_drawdown_account":0.020569454992172814,"max_drawdown_abs":20.99448702},{"key":["","trailing_stop_loss"],"trades":1,"profit_mean":0.015542335180650277,"profit_mean_pct":1.55,"profit_total_abs":4.42985874,"profit_total":0.004429858740000001,"profit_total_pct":0.44,"duration_avg":"1:00:00","wins":1,"draws":0,"losses":0,"winrate":1.0,"cagr":0.018502355023191308,"expectancy":4.42985874,"expectancy_ratio":100.0,"sortino":-100,"sharpe":-100,"calmar":-100,"sqn":-100.0,"profit_factor":0.0,"max_drawdown_account":0.0,"max_drawdown_abs":0.0},{"key":["","stop_loss"],"trades":11,"profit_mean":-0.052834120540115624,"profit_mean_pct":-5.28,"profit_total_abs":-178.6994493,"profit_total":-0.1786994493,"profit_total_pct":-17.87,"duration_avg":"5:10:00","wins":0,"draws":0,"losses":11,"winrate":0.0,"cagr":-0.5580449643716558,"expectancy":-16.24540448181818,"expectancy_ratio":-1.0,"sortino":-43.55963292256607,"sharpe":-43.55963292256607,"calmar":-21.710196789253185,"sqn":-57.6803,"profit_factor":0.0,"max_drawdown_account":0.17869944929999998,"max_drawdown_abs":178.6994493},{"key":"TOTAL","trades":57,"profit_mean":-0.00734011719513959,"profit_mean_pct":-0.73,"profit_total_abs":-133.17020940999998,"profit_total":-0.13317020941,"profit_total_pct":-13.32,"duration_avg":"10:29:00","wins":26,"draws":0,"losses":31,"winrate":0.45614035087719296,"cagr":-0.4472020199223501,"expectancy":-2.3363194633333335,"expectancy_ratio":-0.2999897604068156,"sortino":-4.3671466207170235,"sharpe":-3.6030523038141653,"calmar":-15.148556594520498,"sqn":-2.1788,"profit_factor":0.44840592441327465,"max_drawdown_account":0.19085326279884224,"max_drawdown_abs":194.79691368}],"left_open_trades":[{"key":"TOTAL","trades":0,"profit_mean":0.0,"profit_mean_pct":0.0,"profit_total_abs":0.0,"profit_total":0.0,"profit_total_pct":0.0,"duration_avg":"0:00","wins":0,"draws":0,"losses":0,"winrate":0.0,"cagr":0.0,"expectancy":0.0,"expectancy_ratio":100.0,"sortino":0,"sharpe":0,"calmar":0,"sqn":0.0,"profit_factor":0.0,"max_drawdown_account":0.0,"max_drawdown_abs":0.0}],"total_trades":57,"trade_count_long":57,"trade_count_short":0,"total_volume":35593.642631498216,"avg_stake_amount":312.4578231977193,"profit_mean":-0.00734011719513959,"profit_median":-0.0003624314929336375,"profit_total":-0.13317020941,"profit_total_long":-0.13317020941,"profit_total_short":0.0,"profit_total_abs":-133.17020940999998,"profit_total_long_abs":-133.17020940999998,"profit_total_short_abs":0.0,"cagr":-0.4472020199223501,"expectancy":-2.3363194633333335,"expectancy_ratio":-0.2999897604068156,"sortino":-4.3671466207170235,"sharpe":-3.6030523038141653,"calmar":-15.148556594520498,"sqn":-2.1788,"profit_factor":0.44840592441327465,"backtest_start":"2025-11-24 01:00:00","backtest_start_ts":1763946000000,"backtest_end":"2026-02-21 00:00:00","backtest_end_ts":1771632000000,"backtest_days":88,"backtest_run_start_ts":1771637152,"backtest_run_end_ts":1771637153,"trades_per_day":0.65,"market_change":-0.2739803094224613,"pairlist":["BTC/USDT","ETH/USDT","SOL/USDT","DOGE/USDT"],"stake_amount":"unlimited","stake_currency":"USDT","stake_currency_decimals":3,"starting_balance":1000,"dry_run_wallet":1000,"final_balance":866.82979059,"rejected_signals":6,"timedout_entry_orders":0,"timedout_exit_orders":0,"canceled_trade_entries":0,"canceled_entry_orders":0,"replaced_entry_orders":0,"max_open_trades":3,"max_open_trades_setting":3,"timeframe":"15m","timeframe_detail":"","timerange":"20251123-20260221","enable_protections":false,"strategy_name":"RSIReversalStrategy","freqaimodel":null,"freqai_identifier":null,"stoploss":-0.05,"trailing_stop":true,"trailing_stop_positive":0.025,"trailing_stop_positive_offset":0.035,"trailing_only_offset_is_reached":true,"use_custom_stoploss":false,"minimal_roi":{"0":0.06},"use_exit_signal":true,"exit_profit_only":false,"exit_profit_offset":0.0,"ignore_roi_if_entry_signal":false,"trading_mode":"spot","margin_mode":"","periodic_breakdown":{"day":[{"date":"01/12/2025","date_ts":1764547200000,"profit_abs":-11.82286648,"wins":0,"draws":0,"losses":2,"trades":2,"profit_factor":0.0},{"date":"02/12/2025","date_ts":1764633600000,"profit_abs":0.0,"wins":0,"draws":0,"losses":0,"trades":0,"profit_factor":0.0},{"date":"03/12/2025","date_ts":1764720000000,"profit_abs":0.0,"wins":0,"draws":0,"losses":0,"trades":0,"profit_factor":0.0},{"date":"04/12/2025","date_ts":1764806400000,"profit_abs":0.0,"wins":0,"draws":0,"losses":0,"trades":0,"profit_factor":0.0},{"date":"05/12/2025","date_ts":1764892800000,"profit_abs":0.0,"wins":0,"draws":0,"losses":0,"trades":0,"profit_factor":0.0},{"date":"06/12/2025","date_ts":1764979200000,"profit_abs":0.0,"wins":0,"draws":0,"losses":0,"trades":0,"profit_factor":0.0},{"date":"07/12/2025","date_ts":1765065600000,"profit_abs":16.33365701,"wins":1,"draws":0,"losses":0,"trades":1,"profit_factor":0.0},{"date":"08/12/2025","date_ts":1765152000000,"profit_abs":6.73904616,"wins":1,"draws":0,"losses":0,"trades":1,"profit_factor":0.0},{"date":"09/12/2025","date_ts":1765238400000,"profit_abs":0.0,"wins":0,"draws":0,"losses":0,"trades":0,"profit_factor":0.0},{"date":"10/12/2025","date_ts":1765324800000,"profit_abs":0.0,"wins":0,"draws":0,"losses":0,"trades":0,"profit_factor":0.0},{"date":"11/12/2025","date_ts":1765411200000,"profit_abs":2.89042239,"wins":1,"draws":0,"losses":1,"trades":2,"profit_factor":33.72956366},{"date":"12/12/2025","date_ts":1765497600000,"profit_abs":0.0,"wins":0,"draws":0,"losses":0,"trades":0,"profit_factor":0.0},{"date":"13/12/2025","date_ts":1765584000000,"profit_abs":2.60855802,"wins":2,"draws":0,"losses":0,"trades":2,"profit_factor":0.0},{"date":"14/12/2025","date_ts":1765670400000,"profit_abs":0.0,"wins":0,"draws":0,"losses":0,"trades":0,"profit_factor":0.0},{"date":"15/12/2025","date_ts":1765756800000,"profit_abs":0.0,"wins":0,"draws":0,"losses":0,"trades":0,"profit_factor":0.0},{"date":"16/12/2025","date_ts":1765843200000,"profit_abs":-11.54583834,"wins":0,"draws":0,"losses":2,"trades":2,"profit_factor":0.0},{"date":"17/12/2025","date_ts":1765929600000,"profit_abs":0.0,"wins":0,"draws":0,"losses":0,"trades":0,"profit_factor":0.0},{"date":"18/12/2025","date_ts":1766016000000,"profit_abs":0.0,"wins":0,"draws":0,"losses":0,"trades":0,"profit_factor":0.0},{"date":"19/12/2025","date_ts":1766102400000,"profit_abs":0.0,"wins":0,"draws":0,"losses":0,"trades":0,"profit_factor":0.0},{"date":"20/12/2025","date_ts":1766188800000,"profit_abs":0.0,"wins":0,"draws":0,"losses":0,"trades":0,"profit_factor":0.0},{"date":"21/12/2025","date_ts":1766275200000,"profit_abs":0.0,"wins":0,"draws":0,"losses":0,"trades":0,"profit_factor":0.0},{"date":"22/12/2025","date_ts":1766361600000,"profit_abs":0.0,"wins":0,"draws":0,"losses":0,"trades":0,"profit_factor":0.0},{"date":"23/12/2025","date_ts":1766448000000,"profit_abs":-2.15605463,"wins":0,"draws":0,"losses":1,"trades":1,"profit_factor":0.0},{"date":"24/12/2025","date_ts":1766534400000,"profit_abs":0.0,"wins":0,"draws":0,"losses":0,"trades":0,"profit_factor":0.0},{"date":"25/12/2025","date_ts":1766620800000,"profit_abs":3.85700026,"wins":1,"draws":0,"losses":0,"trades":1,"profit_factor":0.0},{"date":"26/12/2025","date_ts":1766707200000,"profit_abs":10.98970521,"wins":2,"draws":0,"losses":0,"trades":2,"profit_factor":0.0},{"date":"27/12/2025","date_ts":1766793600000,"profit_abs":2.76963192,"wins":2,"draws":0,"losses":0,"trades":2,"profit_factor":0.0},{"date":"28/12/2025","date_ts":1766880000000,"profit_abs":0.0,"wins":0,"draws":0,"losses":0,"trades":0,"profit_factor":0.0},{"date":"29/12/2025","date_ts":1766966400000,"profit_abs":0.0,"wins":0,"draws":0,"losses":0,"trades":0,"profit_factor":0.0},{"date":"30/12/2025","date_ts":1767052800000,"profit_abs":-16.17025136,"wins":0,"draws":0,"losses":3,"trades":3,"profit_factor":0.0},{"date":"31/12/2025","date_ts":1767139200000,"profit_abs":0.0,"wins":0,"draws":0,"losses":0,"trades":0,"profit_factor":0.0},{"date":"01/01/2026","date_ts":1767225600000,"profit_abs":-1.32922772,"wins":0,"draws":0,"losses":1,"trades":1,"profit_factor":0.0},{"date":"02/01/2026","date_ts":1767312000000,"profit_abs":0.0,"wins":0,"draws":0,"losses":0,"trades":0,"profit_factor":0.0},{"date":"03/01/2026","date_ts":1767398400000,"profit_abs":0.0,"wins":0,"draws":0,"losses":0,"trades":0,"profit_factor":0.0},{"date":"04/01/2026","date_ts":1767484800000,"profit_abs":0.0,"wins":0,"draws":0,"losses":0,"trades":0,"profit_factor":0.0},{"date":"05/01/2026","date_ts":1767571200000,"profit_abs":0.0,"wins":0,"draws":0,"losses":0,"trades":0,"profit_factor":0.0},{"date":"06/01/2026","date_ts":1767657600000,"profit_abs":0.0,"wins":0,"draws":0,"losses":0,"trades":0,"profit_factor":0.0},{"date":"07/01/2026","date_ts":1767744000000,"profit_abs":-0.05753925,"wins":0,"draws":0,"losses":1,"trades":1,"profit_factor":0.0},{"date":"08/01/2026","date_ts":1767830400000,"profit_abs":0.0,"wins":0,"draws":0,"losses":0,"trades":0,"profit_factor":0.0},{"date":"09/01/2026","date_ts":1767916800000,"profit_abs":0.0,"wins":0,"draws":0,"losses":0,"trades":0,"profit_factor":0.0},{"date":"10/01/2026","date_ts":1768003200000,"profit_abs":0.0,"wins":0,"draws":0,"losses":0,"trades":0,"profit_factor":0.0},{"date":"11/01/2026","date_ts":1768089600000,"profit_abs":0.0,"wins":0,"draws":0,"losses":0,"trades":0,"profit_factor":0.0},{"date":"12/01/2026","date_ts":1768176000000,"profit_abs":0.0,"wins":0,"draws":0,"losses":0,"trades":0,"profit_factor":0.0},{"date":"13/01/2026","date_ts":1768262400000,"profit_abs":0.0,"wins":0,"draws":0,"losses":0,"trades":0,"profit_factor":0.0},{"date":"14/01/2026","date_ts":1768348800000,"profit_abs":0.0,"wins":0,"draws":0,"losses":0,"trades":0,"profit_factor":0.0},{"date":"15/01/2026","date_ts":1768435200000,"profit_abs":3.39186918,"wins":1,"draws":0,"losses":0,"trades":1,"profit_factor":0.0},{"date":"16/01/2026","date_ts":1768521600000,"profit_abs":0.0,"wins":0,"draws":0,"losses":0,"trades":0,"profit_factor":0.0},{"date":"17/01/2026","date_ts":1768608000000,"profit_abs":0.0,"wins":0,"draws":0,"losses":0,"trades":0,"profit_factor":0.0},{"date":"18/01/2026","date_ts":1768694400000,"profit_abs":-0.22894901,"wins":0,"draws":0,"losses":1,"trades":1,"profit_factor":0.0},{"date":"19/01/2026","date_ts":1768780800000,"profit_abs":-0.77635235,"wins":1,"draws":0,"losses":2,"trades":3,"profit_factor":0.17168418},{"date":"20/01/2026","date_ts":1768867200000,"profit_abs":-17.56107722,"wins":0,"draws":0,"losses":1,"trades":1,"profit_factor":0.0},{"date":"21/01/2026","date_ts":1768953600000,"profit_abs":0.0,"wins":0,"draws":0,"losses":0,"trades":0,"profit_factor":0.0},{"date":"22/01/2026","date_ts":1769040000000,"profit_abs":0.0,"wins":0,"draws":0,"losses":0,"trades":0,"profit_factor":0.0},{"date":"23/01/2026","date_ts":1769126400000,"profit_abs":0.0,"wins":0,"draws":0,"losses":0,"trades":0,"profit_factor":0.0},{"date":"24/01/2026","date_ts":1769212800000,"profit_abs":0.0,"wins":0,"draws":0,"losses":0,"trades":0,"profit_factor":0.0},{"date":"25/01/2026","date_ts":1769299200000,"profit_abs":0.0,"wins":0,"draws":0,"losses":0,"trades":0,"profit_factor":0.0},{"date":"26/01/2026","date_ts":1769385600000,"profit_abs":0.50242467,"wins":1,"draws":0,"losses":1,"trades":2,"profit_factor":1.08626743},{"date":"27/01/2026","date_ts":1769472000000,"profit_abs":0.0,"wins":0,"draws":0,"losses":0,"trades":0,"profit_factor":0.0},{"date":"28/01/2026","date_ts":1769558400000,"profit_abs":3.21077726,"wins":1,"draws":0,"losses":0,"trades":1,"profit_factor":0.0},{"date":"29/01/2026","date_ts":1769644800000,"profit_abs":0.0,"wins":0,"draws":0,"losses":0,"trades":0,"profit_factor":0.0},{"date":"30/01/2026","date_ts":1769731200000,"profit_abs":-39.17260803,"wins":0,"draws":0,"losses":3,"trades":3,"profit_factor":0.0},{"date":"31/01/2026","date_ts":1769817600000,"profit_abs":-96.60776554,"wins":0,"draws":0,"losses":6,"trades":6,"profit_factor":0.0},{"date":"01/02/2026","date_ts":1769904000000,"profit_abs":-0.10622747,"wins":0,"draws":0,"losses":1,"trades":1,"profit_factor":0.0},{"date":"02/02/2026","date_ts":1769990400000,"profit_abs":0.0,"wins":0,"draws":0,"losses":0,"trades":0,"profit_factor":0.0},{"date":"03/02/2026","date_ts":1770076800000,"profit_abs":0.0,"wins":0,"draws":0,"losses":0,"trades":0,"profit_factor":0.0},{"date":"04/02/2026","date_ts":1770163200000,"profit_abs":0.0,"wins":0,"draws":0,"losses":0,"trades":0,"profit_factor":0.0},{"date":"05/02/2026","date_ts":1770249600000,"profit_abs":0.0,"wins":0,"draws":0,"losses":0,"trades":0,"profit_factor":0.0},{"date":"06/02/2026","date_ts":1770336000000,"profit_abs":-29.89198684,"wins":0,"draws":0,"losses":2,"trades":2,"profit_factor":0.0},{"date":"07/02/2026","date_ts":1770422400000,"profit_abs":4.30339436,"wins":1,"draws":0,"losses":0,"trades":1,"profit_factor":0.0},{"date":"08/02/2026","date_ts":1770508800000,"profit_abs":0.0,"wins":0,"draws":0,"losses":0,"trades":0,"profit_factor":0.0},{"date":"09/02/2026","date_ts":1770595200000,"profit_abs":14.20021917,"wins":3,"draws":0,"losses":0,"trades":3,"profit_factor":0.0},{"date":"10/02/2026","date_ts":1770681600000,"profit_abs":0.0,"wins":0,"draws":0,"losses":0,"trades":0,"profit_factor":0.0},{"date":"11/02/2026","date_ts":1770768000000,"profit_abs":-2.06369041,"wins":0,"draws":0,"losses":1,"trades":1,"profit_factor":0.0},{"date":"12/02/2026","date_ts":1770854400000,"profit_abs":4.072277,"wins":1,"draws":0,"losses":0,"trades":1,"profit_factor":0.0},{"date":"13/02/2026","date_ts":1770940800000,"profit_abs":0.0,"wins":0,"draws":0,"losses":0,"trades":0,"profit_factor":0.0},{"date":"14/02/2026","date_ts":1771027200000,"profit_abs":0.0,"wins":0,"draws":0,"losses":0,"trades":0,"profit_factor":0.0},{"date":"15/02/2026","date_ts":1771113600000,"profit_abs":0.0,"wins":0,"draws":0,"losses":0,"trades":0,"profit_factor":0.0},{"date":"16/02/2026","date_ts":1771200000000,"profit_abs":0.71740653,"wins":2,"draws":0,"losses":1,"trades":3,"profit_factor":1.69727651},{"date":"17/02/2026","date_ts":1771286400000,"profit_abs":0.0,"wins":0,"draws":0,"losses":0,"trades":0,"profit_factor":0.0},{"date":"18/02/2026","date_ts":1771372800000,"profit_abs":10.0133707,"wins":2,"draws":0,"losses":0,"trades":2,"profit_factor":0.0},{"date":"19/02/2026","date_ts":1771459200000,"profit_abs":1.27053343,"wins":1,"draws":0,"losses":1,"trades":2,"profit_factor":1.26275926},{"date":"20/02/2026","date_ts":1771545600000,"profit_abs":8.44993197,"wins":2,"draws":0,"losses":0,"trades":2,"profit_factor":0.0}],"week":[{"date":"01/12/2025","date_ts":1764547200000,"profit_abs":-11.82286648,"wins":0,"draws":0,"losses":2,"trades":2,"profit_factor":0.0},{"date":"08/12/2025","date_ts":1765152000000,"profit_abs":23.07270317,"wins":2,"draws":0,"losses":0,"trades":2,"profit_factor":0.0},{"date":"15/12/2025","date_ts":1765756800000,"profit_abs":5.49898041,"wins":3,"draws":0,"losses":1,"trades":4,"profit_factor":63.26744922},{"date":"22/12/2025","date_ts":1766361600000,"profit_abs":-11.54583834,"wins":0,"draws":0,"losses":2,"trades":2,"profit_factor":0.0},{"date":"29/12/2025","date_ts":1766966400000,"profit_abs":15.46028276,"wins":5,"draws":0,"losses":1,"trades":6,"profit_factor":8.17063591},{"date":"05/01/2026","date_ts":1767571200000,"profit_abs":-17.49947908,"wins":0,"draws":0,"losses":4,"trades":4,"profit_factor":0.0},{"date":"12/01/2026","date_ts":1768176000000,"profit_abs":-0.05753925,"wins":0,"draws":0,"losses":1,"trades":1,"profit_factor":0.0},{"date":"19/01/2026","date_ts":1768780800000,"profit_abs":2.38656782,"wins":2,"draws":0,"losses":3,"trades":5,"profit_factor":3.04642161},{"date":"26/01/2026","date_ts":1769385600000,"profit_abs":-17.05865255,"wins":1,"draws":0,"losses":2,"trades":3,"profit_factor":0.27053369},{"date":"02/02/2026","date_ts":1769990400000,"profit_abs":-132.67582378,"wins":1,"draws":0,"losses":10,"trades":11,"profit_factor":0.02362836},{"date":"09/02/2026","date_ts":1770595200000,"profit_abs":-11.38837331,"wins":4,"draws":0,"losses":2,"trades":6,"profit_factor":0.61901585},{"date":"16/02/2026","date_ts":1771200000000,"profit_abs":2.72599312,"wins":3,"draws":0,"losses":2,"trades":5,"profit_factor":1.88146817},{"date":"23/02/2026","date_ts":1771804800000,"profit_abs":19.7338361,"wins":5,"draws":0,"losses":1,"trades":6,"profit_factor":5.08115846}],"month":[{"date":"31/12/2025","date_ts":1767139200000,"profit_abs":4.49301016,"wins":10,"draws":0,"losses":9,"trades":19,"profit_factor":1.10753118},{"date":"31/01/2026","date_ts":1769817600000,"profit_abs":-148.62844801,"wins":4,"draws":0,"losses":16,"trades":20,"profit_factor":0.08094327},{"date":"28/02/2026","date_ts":1772236800000,"profit_abs":10.96522844,"wins":12,"draws":0,"losses":6,"trades":18,"profit_factor":1.28912071}],"year":[{"date":"31/12/2025","date_ts":1767139200000,"profit_abs":4.49301016,"wins":10,"draws":0,"losses":9,"trades":19,"profit_factor":1.10753118},{"date":"31/12/2026","date_ts":1798675200000,"profit_abs":-137.66321957,"wins":16,"draws":0,"losses":22,"trades":38,"profit_factor":0.31045857}],"weekday":[{"date":"Monday","date_ts":0,"profit_abs":9.5598777,"wins":8,"draws":0,"losses":6,"trades":14,"profit_factor":1.48742461},{"date":"Tuesday","date_ts":1,"profit_abs":-47.43322155,"wins":0,"draws":0,"losses":7,"trades":7,"profit_factor":0.0},{"date":"Wednesday","date_ts":2,"profit_abs":11.1029183,"wins":3,"draws":0,"losses":2,"trades":5,"profit_factor":6.23418964},{"date":"Thursday","date_ts":3,"profit_abs":14.15287454,"wins":5,"draws":0,"losses":3,"trades":8,"profit_factor":3.26341274},{"date":"Friday","date_ts":4,"profit_abs":-49.62495769,"wins":4,"draws":0,"losses":5,"trades":9,"profit_factor":0.28147037},{"date":"Saturday","date_ts":5,"profit_abs":-86.92618124,"wins":5,"draws":0,"losses":6,"trades":11,"profit_factor":0.10021538},{"date":"Sunday","date_ts":6,"profit_abs":15.99848053,"wins":1,"draws":0,"losses":2,"trades":3,"profit_factor":48.73151305}]},"backtest_best_day":0.051756374669389385,"backtest_worst_day":-0.3169466689466251,"backtest_best_day_abs":16.33365701,"backtest_worst_day_abs":-96.60776554,"winning_days":17,"draw_days":51,"losing_days":14,"daily_profit":[["2025-12-01",-11.82286648],["2025-12-02",0.0],["2025-12-03",0.0],["2025-12-04",0.0],["2025-12-05",0.0],["2025-12-06",0.0],["2025-12-07",16.33365701],["2025-12-08",6.73904616],["2025-12-09",0.0],["2025-12-10",0.0],["2025-12-11",2.89042239],["2025-12-12",0.0],["2025-12-13",2.60855802],["2025-12-14",0.0],["2025-12-15",0.0],["2025-12-16",-11.54583834],["2025-12-17",0.0],["2025-12-18",0.0],["2025-12-19",0.0],["2025-12-20",0.0],["2025-12-21",0.0],["2025-12-22",0.0],["2025-12-23",-2.15605463],["2025-12-24",0.0],["2025-12-25",3.85700026],["2025-12-26",10.98970521],["2025-12-27",2.76963192],["2025-12-28",0.0],["2025-12-29",0.0],["2025-12-30",-16.17025136],["2025-12-31",0.0],["2026-01-01",-1.32922772],["2026-01-02",0.0],["2026-01-03",0.0],["2026-01-04",0.0],["2026-01-05",0.0],["2026-01-06",0.0],["2026-01-07",-0.05753925],["2026-01-08",0.0],["2026-01-09",0.0],["2026-01-10",0.0],["2026-01-11",0.0],["2026-01-12",0.0],["2026-01-13",0.0],["2026-01-14",0.0],["2026-01-15",3.39186918],["2026-01-16",0.0],["2026-01-17",0.0],["2026-01-18",-0.22894901],["2026-01-19",-0.77635235],["2026-01-20",-17.56107722],["2026-01-21",0.0],["2026-01-22",0.0],["2026-01-23",0.0],["2026-01-24",0.0],["2026-01-25",0.0],["2026-01-26",0.50242467],["2026-01-27",0.0],["2026-01-28",3.21077726],["2026-01-29",0.0],["2026-01-30",-39.17260803],["2026-01-31",-96.60776554],["2026-02-01",-0.10622747],["2026-02-02",0.0],["2026-02-03",0.0],["2026-02-04",0.0],["2026-02-05",0.0],["2026-02-06",-29.89198684],["2026-02-07",4.30339436],["2026-02-08",0.0],["2026-02-09",14.20021917],["2026-02-10",0.0],["2026-02-11",-2.06369041],["2026-02-12",4.072277],["2026-02-13",0.0],["2026-02-14",0.0],["2026-02-15",0.0],["2026-02-16",0.71740653],["2026-02-17",0.0],["2026-02-18",10.0133707],["2026-02-19",1.27053343],["2026-02-20",8.44993197]],"wins":26,"losses":31,"draws":0,"winrate":0.45614035087719296,"holding_avg":"10:29:00","holding_avg_s":37740.0,"winner_holding_min":"0d 01:00","winner_holding_min_s":3600.0,"winner_holding_max":"0d 17:45","winner_holding_max_s":63900.0,"winner_holding_avg":"0d 08:29","winner_holding_avg_s":30540.0,"loser_holding_min":"0d 01:00","loser_holding_min_s":3600.0,"loser_holding_max":"1d 07:00","loser_holding_max_s":111600.0,"loser_holding_avg":"0d 12:09","loser_holding_avg_s":43740.0,"max_consecutive_wins":5,"max_consecutive_losses":12,"max_drawdown_account":0.19085326279884224,"max_relative_drawdown":0.19085326279884224,"max_drawdown_abs":194.79691368,"drawdown_start":"2025-12-27 09:15:00","drawdown_start_ts":1766826900000.0,"drawdown_end":"2026-02-06 00:00:00","drawdown_end_ts":1770336000000.0,"drawdown_duration":"40 days 14:45:00","drawdown_duration_s":3509100.0,"max_drawdown_low":-174.13365216,"max_drawdown_high":20.66326152,"csum_min":825.86634784,"csum_max":1020.66326152}},"strategy_comparison":[{"key":"RSIReversalStrategy","trades":57,"profit_mean":-0.00734011719513959,"profit_mean_pct":-0.73,"profit_total_abs":-133.17020940999998,"profit_total":-0.13317020941,"profit_total_pct":-13.32,"duration_avg":"10:29:00","wins":26,"draws":0,"losses":31,"winrate":0.45614035087719296,"cagr":-0.4472020199223501,"expectancy":-2.3363194633333335,"expectancy_ratio":-0.2999897604068156,"sortino":-4.3671466207170235,"sharpe":-3.6030523038141653,"calmar":-15.148556594520498,"sqn":-2.1788,"profit_factor":0.44840592441327465,"max_drawdown_account":0.19085326279884224,"max_drawdown_abs":"194.797"}]}