{
  "strategy_name": "RSIReversalStrategy",
  "params": {
    "roi": {
      "0": 0.06
    },
    "stoploss": {
      "stoploss": -0.05
    },
    "trailing": {
      "trailing_stop": true,
      "trailing_stop_positive": 0.025,
      "trailing_stop_positive_offset": 0.035,
      "trailing_only_offset_is_reached": true
    },
    "max_open_trades": {
      "max_open_trades": 3
    },
    "sell": {
      "rsi_overbought": 70
    },
    "buy": {
      "rsi_oversold": 21,
      "rsi_period": 8
    }
  },
  "ft_stratparam_v": 1,
  "export_time": "2026-02-20 02:47:07.763083+00:00"
}