{"strategy":{"SupertrendFuturesStrategyV8_1":{"trades":[{"pair":"LINK/USDT:USDT","stake_amount":99.9296,"max_stake_amount":99.9296,"amount":14.8,"open_date":"2025-12-02 23:00:00+00:00","close_date":"2025-12-03 02:00:00+00:00","open_rate":13.504,"close_rate":13.922833416708352,"fee_open":0.0005,"fee_close":0.0005,"trade_duration":180,"profit_ratio":0.059770736669579896,"profit_abs":5.97585224,"exit_reason":"roi","initial_stop_loss_abs":13.30144,"initial_stop_loss_ratio":-0.03,"stop_loss_abs":13.794659999999999,"stop_loss_ratio":-0.02,"min_rate":13.43,"max_rate":13.934,"is_open":false,"enter_tag":"","leverage":2,"is_short":false,"open_timestamp":1764716400000,"close_timestamp":1764727200000,"orders":[{"amount":14.8,"safe_price":13.504,"ft_order_side":"buy","order_filled_timestamp":1764716400000,"ft_is_entry":true,"ft_order_tag":"","cost":199.9591296},{"amount":14.8,"safe_price":13.922833416708352,"ft_order_side":"sell","order_filled_timestamp":1764727200000,"ft_is_entry":false,"ft_order_tag":"roi","cost":206.16096353456723}],"funding_fees":-0.019923760000000002,"weekday":2},{"pair":"LINK/USDT:USDT","stake_amount":99.3661,"max_stake_amount":99.3661,"amount":13.7,"open_date":"2025-12-03 10:30:00+00:00","close_date":"2025-12-03 11:00:00+00:00","open_rate":14.506,"close_rate":14.28841,"fee_open":0.0005,"fee_close":0.0005,"trade_duration":30,"profit_ratio":-0.03196901550734202,"profit_abs":-3.17822471,"exit_reason":"stop_loss","initial_stop_loss_abs":14.28841,"initial_stop_loss_ratio":-0.03,"stop_loss_abs":14.28841,"stop_loss_ratio":-0.03,"min_rate":14.273,"max_rate":14.507,"is_open":false,"enter_tag":"","leverage":2,"is_short":false,"open_timestamp":1764757800000,"close_timestamp":1764759600000,"orders":[{"amount":13.7,"safe_price":14.506,"ft_order_side":"buy","order_filled_timestamp":1764757800000,"ft_is_entry":true,"ft_order_tag":"","cost":198.8315661},{"amount":13.7,"safe_price":14.28841,"ft_order_side":"sell","order_filled_timestamp":1764759600000,"ft_is_entry":false,"ft_order_tag":"stop_loss","cost":195.84909260849997}],"funding_fees":0.0,"weekday":2},{"pair":"LINK/USDT:USDT","stake_amount":99.941,"max_stake_amount":99.941,"amount":13.9,"open_date":"2025-12-03 15:30:00+00:00","close_date":"2025-12-03 22:30:00+00:00","open_rate":14.38,"close_rate":14.55696,"fee_open":0.0005,"fee_close":0.0005,"trade_duration":420,"profit_ratio":0.02244378746178886,"profit_abs":2.24417609,"exit_reason":"trailing_stop_loss","initial_stop_loss_abs":14.1643,"initial_stop_loss_ratio":-0.03,"stop_loss_abs":14.55696,"stop_loss_ratio":-0.02,"min_rate":14.28,"max_rate":14.704,"is_open":false,"enter_tag":"","leverage":2,"is_short":false,"open_timestamp":1764775800000,"close_timestamp":1764801000000,"orders":[{"amount":13.9,"safe_price":14.38,"ft_order_side":"buy","order_filled_timestamp":1764775800000,"ft_is_entry":true,"ft_order_tag":"","cost":199.981941},{"amount":13.9,"safe_price":14.55696,"ft_order_side":"sell","order_filled_timestamp":1764801000000,"ft_is_entry":false,"ft_order_tag":"trailing_stop_loss","cost":202.442914872}],"funding_fees":-0.014456041524216425,"weekday":2},{"pair":"LINK/USDT:USDT","stake_amount":99.416,"max_stake_amount":99.416,"amount":13.6,"open_date":"2025-12-03 23:30:00+00:00","close_date":"2025-12-04 00:30:00+00:00","open_rate":14.62,"close_rate":14.7213,"fee_open":0.0005,"fee_close":0.0005,"trade_duration":60,"profit_ratio":0.011762813270278033,"profit_abs":1.16999655,"exit_reason":"trailing_stop_loss","initial_stop_loss_abs":14.400699999999999,"initial_stop_loss_ratio":-0.03,"stop_loss_abs":14.7213,"stop_loss_ratio":-0.02,"min_rate":14.511,"max_rate":14.87,"is_open":false,"enter_tag":"","leverage":2,"is_short":false,"open_timestamp":1764804600000,"close_timestamp":1764808200000,"orders":[{"amount":13.6,"safe_price":14.62,"ft_order_side":"buy","order_filled_timestamp":1764804600000,"ft_is_entry":true,"ft_order_tag":"","cost":198.93141599999998},{"amount":13.6,"safe_price":14.7213,"ft_order_side":"sell","order_filled_timestamp":1764808200000,"ft_is_entry":false,"ft_order_tag":"trailing_stop_loss","cost":200.30978484}],"funding_fees":-0.008162605050845914,"weekday":3},{"pair":"LINK/USDT:USDT","stake_amount":99.56925,"max_stake_amount":99.56925,"amount":13.5,"open_date":"2025-12-04 01:00:00+00:00","close_date":"2025-12-04 04:30:00+00:00","open_rate":14.751,"close_rate":14.529734999999999,"fee_open":0.0005,"fee_close":0.0005,"trade_duration":210,"profit_ratio":-0.03196901547970607,"profit_abs":-3.18472246,"exit_reason":"stop_loss","initial_stop_loss_abs":14.529734999999999,"initial_stop_loss_ratio":-0.03,"stop_loss_abs":14.529734999999999,"stop_loss_ratio":-0.03,"min_rate":14.418,"max_rate":14.923,"is_open":false,"enter_tag":"","leverage":2,"is_short":false,"open_timestamp":1764810000000,"close_timestamp":1764822600000,"orders":[{"amount":13.5,"safe_price":14.751,"ft_order_side":"buy","order_filled_timestamp":1764810000000,"ft_is_entry":true,"ft_order_tag":"","cost":199.23806925},{"amount":13.5,"safe_price":14.529734999999999,"ft_order_side":"sell","order_filled_timestamp":1764822600000,"ft_is_entry":false,"ft_order_tag":"stop_loss","cost":196.24949821124997}],"funding_fees":0.0,"weekday":3},{"pair":"LINK/USDT:USDT","stake_amount":99.9271,"max_stake_amount":99.9271,"amount":15.8,"open_date":"2025-12-20 11:30:00+00:00","close_date":"2025-12-21 01:30:00+00:00","open_rate":12.649,"close_rate":12.459264999999998,"fee_open":0.0005,"fee_close":0.0005,"trade_duration":840,"profit_ratio":-0.03215091937954803,"profit_abs":-3.21435451,"exit_reason":"stop_loss","initial_stop_loss_abs":12.459264999999998,"initial_stop_loss_ratio":-0.03,"stop_loss_abs":12.459264999999998,"stop_loss_ratio":-0.03,"min_rate":12.446,"max_rate":12.688,"is_open":false,"enter_tag":"","leverage":2,"is_short":false,"open_timestamp":1766230200000,"close_timestamp":1766280600000,"orders":[{"amount":15.8,"safe_price":12.649,"ft_order_side":"buy","order_filled_timestamp":1766230200000,"ft_is_entry":true,"ft_order_tag":"","cost":199.9541271},{"amount":15.8,"safe_price":12.459264999999998,"ft_order_side":"sell","order_filled_timestamp":1766280600000,"ft_is_entry":false,"ft_order_tag":"stop_loss","cost":196.95481519349997}],"funding_fees":-0.018186215727242435,"weekday":6},{"pair":"LINK/USDT:USDT","stake_amount":99.90135,"max_stake_amount":99.90135,"amount":15.3,"open_date":"2026-01-02 10:00:00+00:00","close_date":"2026-01-02 14:00:00+00:00","open_rate":13.059,"close_rate":12.863114999999999,"fee_open":0.0005,"fee_close":0.0005,"trade_duration":240,"profit_ratio":-0.03196901549475509,"profit_abs":-3.19534468,"exit_reason":"stop_loss","initial_stop_loss_abs":12.863114999999999,"initial_stop_loss_ratio":-0.03,"stop_loss_abs":12.863114999999999,"stop_loss_ratio":-0.03,"min_rate":12.855,"max_rate":13.115,"is_open":false,"enter_tag":"","leverage":2,"is_short":false,"open_timestamp":1767348000000,"close_timestamp":1767362400000,"orders":[{"amount":15.3,"safe_price":13.059,"ft_order_side":"buy","order_filled_timestamp":1767348000000,"ft_is_entry":true,"ft_order_tag":"","cost":199.90260134999997},{"amount":15.3,"safe_price":12.863114999999999,"ft_order_side":"sell","order_filled_timestamp":1767362400000,"ft_is_entry":false,"ft_order_tag":"stop_loss","cost":196.90406232975}],"funding_fees":0.0,"weekday":4},{"pair":"LINK/USDT:USDT","stake_amount":99.9243,"max_stake_amount":99.9243,"amount":15.3,"open_date":"2026-01-02 15:00:00+00:00","close_date":"2026-01-02 16:30:00+00:00","open_rate":13.062,"close_rate":13.20561,"fee_open":0.0005,"fee_close":0.0005,"trade_duration":90,"profit_ratio":0.019767898131969358,"profit_abs":1.97628103,"exit_reason":"trailing_stop_loss","initial_stop_loss_abs":12.866069999999999,"initial_stop_loss_ratio":-0.03,"stop_loss_abs":13.20561,"stop_loss_ratio":-0.02,"min_rate":12.941,"max_rate":13.339,"is_open":false,"enter_tag":"","leverage":2,"is_short":false,"open_timestamp":1767366000000,"close_timestamp":1767371400000,"orders":[{"amount":15.3,"safe_price":13.062,"ft_order_side":"buy","order_filled_timestamp":1767366000000,"ft_is_entry":true,"ft_order_tag":"","cost":199.9485243},{"amount":15.3,"safe_price":13.20561,"ft_order_side":"sell","order_filled_timestamp":1767371400000,"ft_is_entry":false,"ft_order_tag":"trailing_stop_loss","cost":202.14685591650002}],"funding_fees":-0.02000475,"weekday":4},{"pair":"LINK/USDT:USDT","stake_amount":99.75,"max_stake_amount":99.75,"amount":15.0,"open_date":"2026-01-02 17:00:00+00:00","close_date":"2026-01-03 06:30:00+00:00","open_rate":13.3,"close_rate":13.1005,"fee_open":0.0005,"fee_close":0.0005,"trade_duration":810,"profit_ratio":-0.03216850973009736,"profit_abs":-3.21041325,"exit_reason":"stop_loss","initial_stop_loss_abs":13.1005,"initial_stop_loss_ratio":-0.03,"stop_loss_abs":13.1005,"stop_loss_ratio":-0.03,"min_rate":13.088,"max_rate":13.44,"is_open":false,"enter_tag":"","leverage":2,"is_short":false,"open_timestamp":1767373200000,"close_timestamp":1767421800000,"orders":[{"amount":15.0,"safe_price":13.3,"ft_order_side":"buy","order_filled_timestamp":1767373200000,"ft_is_entry":true,"ft_order_tag":"","cost":199.59975},{"amount":15.0,"safe_price":13.1005,"ft_order_side":"sell","order_filled_timestamp":1767421800000,"ft_is_entry":false,"ft_order_tag":"stop_loss","cost":196.60575375}],"funding_fees":-0.0199095,"weekday":5},{"pair":"LINK/USDT:USDT","stake_amount":99.3426,"max_stake_amount":99.3426,"amount":14.7,"open_date":"2026-01-04 12:30:00+00:00","close_date":"2026-01-04 19:00:00+00:00","open_rate":13.516,"close_rate":13.31326,"fee_open":0.0005,"fee_close":0.0005,"trade_duration":390,"profit_ratio":-0.032065431027130574,"profit_abs":-3.18705602,"exit_reason":"stop_loss","initial_stop_loss_abs":13.31326,"initial_stop_loss_ratio":-0.03,"stop_loss_abs":13.31326,"stop_loss_ratio":-0.03,"min_rate":13.304,"max_rate":13.574,"is_open":false,"enter_tag":"","leverage":2,"is_short":false,"open_timestamp":1767529800000,"close_timestamp":1767553200000,"orders":[{"amount":14.7,"safe_price":13.516,"ft_order_side":"buy","order_filled_timestamp":1767529800000,"ft_is_entry":true,"ft_order_tag":"","cost":198.78454259999998},{"amount":14.7,"safe_price":13.31326,"ft_order_side":"sell","order_filled_timestamp":1767553200000,"ft_is_entry":false,"ft_order_tag":"stop_loss","cost":195.80277446099998}],"funding_fees":-0.009582958843176025,"weekday":6},{"pair":"LINK/USDT:USDT","stake_amount":99.71745,"max_stake_amount":99.71745,"amount":14.7,"open_date":"2026-01-05 05:00:00+00:00","close_date":"2026-01-05 17:30:00+00:00","open_rate":13.567,"close_rate":13.6719,"fee_open":0.0005,"fee_close":0.0005,"trade_duration":750,"profit_ratio":0.013311522351080638,"profit_abs":1.32805476,"exit_reason":"trailing_stop_loss","initial_stop_loss_abs":13.363495,"initial_stop_loss_ratio":-0.03,"stop_loss_abs":13.6719,"stop_loss_ratio":-0.02,"min_rate":13.384,"max_rate":13.81,"is_open":false,"enter_tag":"","leverage":2,"is_short":false,"open_timestamp":1767589200000,"close_timestamp":1767634200000,"orders":[{"amount":14.7,"safe_price":13.567,"ft_order_side":"buy","order_filled_timestamp":1767589200000,"ft_is_entry":true,"ft_order_tag":"","cost":199.53461744999998},{"amount":14.7,"safe_price":13.6719,"ft_order_side":"sell","order_filled_timestamp":1767634200000,"ft_is_entry":false,"ft_order_tag":"trailing_stop_loss","cost":201.077418465}],"funding_fees":-0.013769321940553686,"weekday":0},{"pair":"LINK/USDT:USDT","stake_amount":99.6188,"max_stake_amount":99.6188,"amount":14.8,"open_date":"2026-01-13 14:30:00+00:00","close_date":"2026-01-13 17:30:00+00:00","open_rate":13.462,"close_rate":13.544189999999999,"fee_open":0.0005,"fee_close":0.0005,"trade_duration":180,"profit_ratio":0.009997958193645672,"profit_abs":0.99648259,"exit_reason":"trailing_stop_loss","initial_stop_loss_abs":13.260069999999999,"initial_stop_loss_ratio":-0.03,"stop_loss_abs":13.544189999999999,"stop_loss_ratio":-0.02,"min_rate":13.344,"max_rate":13.681,"is_open":false,"enter_tag":"","leverage":2,"is_short":false,"open_timestamp":1768314600000,"close_timestamp":1768325400000,"orders":[{"amount":14.8,"safe_price":13.462,"ft_order_side":"buy","order_filled_timestamp":1768314600000,"ft_is_entry":true,"ft_order_tag":"","cost":199.33721880000002},{"amount":14.8,"safe_price":13.544189999999999,"ft_order_side":"sell","order_filled_timestamp":1768325400000,"ft_is_entry":false,"ft_order_tag":"trailing_stop_loss","cost":200.55423900599996}],"funding_fees":-0.020083600000000004,"weekday":1},{"pair":"LINK/USDT:USDT","stake_amount":99.6201,"max_stake_amount":99.6201,"amount":14.2,"open_date":"2026-01-14 14:30:00+00:00","close_date":"2026-01-14 15:00:00+00:00","open_rate":14.031,"close_rate":14.13027,"fee_open":0.0005,"fee_close":0.0005,"trade_duration":30,"profit_ratio":0.012136952660970118,"profit_abs":1.20968898,"exit_reason":"trailing_stop_loss","initial_stop_loss_abs":13.820535,"initial_stop_loss_ratio":-0.03,"stop_loss_abs":14.13027,"stop_loss_ratio":-0.02,"min_rate":13.999,"max_rate":14.273,"is_open":false,"enter_tag":"","leverage":2,"is_short":false,"open_timestamp":1768401000000,"close_timestamp":1768402800000,"orders":[{"amount":14.2,"safe_price":14.031,"ft_order_side":"buy","order_filled_timestamp":1768401000000,"ft_is_entry":true,"ft_order_tag":"","cost":199.33982009999997},{"amount":14.2,"safe_price":14.13027,"ft_order_side":"sell","order_filled_timestamp":1768402800000,"ft_is_entry":false,"ft_order_tag":"trailing_stop_loss","cost":200.75015891699996}],"funding_fees":0.0,"weekday":2},{"pair":"LINK/USDT:USDT","stake_amount":99.428,"max_stake_amount":99.428,"amount":14.0,"open_date":"2026-01-14 15:30:00+00:00","close_date":"2026-01-15 01:00:00+00:00","open_rate":14.204,"close_rate":13.99094,"fee_open":0.0005,"fee_close":0.0005,"trade_duration":570,"profit_ratio":-0.032367774152912275,"profit_abs":-3.21987218,"exit_reason":"stop_loss","initial_stop_loss_abs":13.99094,"initial_stop_loss_ratio":-0.03,"stop_loss_abs":13.99094,"stop_loss_ratio":-0.03,"min_rate":13.982,"max_rate":14.399,"is_open":false,"enter_tag":"","leverage":2,"is_short":false,"open_timestamp":1768404600000,"close_timestamp":1768438800000,"orders":[{"amount":14.0,"safe_price":14.204,"ft_order_side":"buy","order_filled_timestamp":1768404600000,"ft_is_entry":true,"ft_order_tag":"","cost":198.95542799999998},{"amount":14.0,"safe_price":13.99094,"ft_order_side":"sell","order_filled_timestamp":1768438800000,"ft_is_entry":false,"ft_order_tag":"stop_loss","cost":195.97109658}],"funding_fees":-0.0396676,"weekday":3},{"pair":"LINK/USDT:USDT","stake_amount":99.765,"max_stake_amount":99.765,"amount":22.5,"open_date":"2026-02-14 02:00:00+00:00","close_date":"2026-02-14 11:00:00+00:00","open_rate":8.868,"close_rate":8.943660000000001,"fee_open":0.0005,"fee_close":0.0005,"trade_duration":540,"profit_ratio":0.01505946841143654,"profit_abs":1.50315907,"exit_reason":"trailing_stop_loss","initial_stop_loss_abs":8.73498,"initial_stop_loss_ratio":-0.03,"stop_loss_abs":8.943660000000001,"stop_loss_ratio":-0.02,"min_rate":8.787,"max_rate":9.034,"is_open":false,"enter_tag":"","leverage":2,"is_short":false,"open_timestamp":1771034400000,"close_timestamp":1771066800000,"orders":[{"amount":22.5,"safe_price":8.868,"ft_order_side":"buy","order_filled_timestamp":1771034400000,"ft_is_entry":true,"ft_order_tag":"","cost":199.629765},{"amount":22.5,"safe_price":8.943660000000001,"ft_order_side":"sell","order_filled_timestamp":1771066800000,"ft_is_entry":false,"ft_order_tag":"trailing_stop_loss","cost":201.33296617500002}],"funding_fees":0.0011902494727412056,"weekday":5},{"pair":"LINK/USDT:USDT","stake_amount":99.5826,"max_stake_amount":99.5826,"amount":22.1,"open_date":"2026-02-14 11:30:00+00:00","close_date":"2026-02-14 20:00:00+00:00","open_rate":9.012,"close_rate":9.09117,"fee_open":0.0005,"fee_close":0.0005,"trade_duration":510,"profit_ratio":0.015420313313306976,"profit_abs":1.53636269,"exit_reason":"trailing_stop_loss","initial_stop_loss_abs":8.87682,"initial_stop_loss_ratio":-0.03,"stop_loss_abs":9.09117,"stop_loss_ratio":-0.02,"min_rate":8.901,"max_rate":9.188,"is_open":false,"enter_tag":"","leverage":2,"is_short":false,"open_timestamp":1771068600000,"close_timestamp":1771099200000,"orders":[{"amount":22.1,"safe_price":9.012,"ft_order_side":"buy","order_filled_timestamp":1771068600000,"ft_is_entry":true,"ft_order_tag":"","cost":199.26478260000002},{"amount":22.1,"safe_price":9.09117,"ft_order_side":"sell","order_filled_timestamp":1771099200000,"ft_is_entry":false,"ft_order_tag":"trailing_stop_loss","cost":201.0153144285}],"funding_fees":-0.013254283254882218,"weekday":5}],"locks":[],"best_pair":{"key":"LINK/USDT:USDT","trades":16,"profit_mean":-0.002811764394214709,"profit_mean_pct":-0.28,"profit_total_abs":-4.449933810000001,"profit_total":-0.004449933810000001,"profit_total_pct":-0.44,"duration_avg":"6:06:00","wins":9,"draws":0,"losses":7,"winrate":0.5625,"cagr":-0.01875047460621382,"expectancy":-0.27812086312499984,"expectancy_ratio":-0.0869516347394117,"sortino":-65.55392326282522,"sharpe":-0.35333549063340436,"calmar":-7.097067526453952,"sqn":-0.385,"profit_factor":0.8012534063099163,"max_drawdown_account":0.013929085196210188,"max_drawdown_abs":14.01560989},"worst_pair":{"key":"LINK/USDT:USDT","trades":16,"profit_mean":-0.002811764394214709,"profit_mean_pct":-0.28,"profit_total_abs":-4.449933810000001,"profit_total":-0.004449933810000001,"profit_total_pct":-0.44,"duration_avg":"6:06:00","wins":9,"draws":0,"losses":7,"winrate":0.5625,"cagr":-0.01875047460621382,"expectancy":-0.27812086312499984,"expectancy_ratio":-0.0869516347394117,"sortino":-65.55392326282522,"sharpe":-0.35333549063340436,"calmar":-7.097067526453952,"sqn":-0.385,"profit_factor":0.8012534063099163,"max_drawdown_account":0.013929085196210188,"max_drawdown_abs":14.01560989},"results_per_pair":[{"key":"LINK/USDT:USDT","trades":16,"profit_mean":-0.002811764394214709,"profit_mean_pct":-0.28,"profit_total_abs":-4.449933810000001,"profit_total":-0.004449933810000001,"profit_total_pct":-0.44,"duration_avg":"6:06:00","wins":9,"draws":0,"losses":7,"winrate":0.5625,"cagr":-0.01875047460621382,"expectancy":-0.27812086312499984,"expectancy_ratio":-0.0869516347394117,"sortino":-65.55392326282522,"sharpe":-0.35333549063340436,"calmar":-7.097067526453952,"sqn":-0.385,"profit_factor":0.8012534063099163,"max_drawdown_account":0.013929085196210188,"max_drawdown_abs":14.01560989},{"key":"TOTAL","trades":16,"profit_mean":-0.002811764394214709,"profit_mean_pct":-0.28,"profit_total_abs":-4.449933810000001,"profit_total":-0.004449933810000001,"profit_total_pct":-0.44,"duration_avg":"6:06:00","wins":9,"draws":0,"losses":7,"winrate":0.5625,"cagr":-0.01875047460621382,"expectancy":-0.27812086312499984,"expectancy_ratio":-0.0869516347394117,"sortino":-65.55392326282522,"sharpe":-0.35333549063340436,"calmar":-7.097067526453952,"sqn":-0.385,"profit_factor":0.8012534063099163,"max_drawdown_account":0.013929085196210188,"max_drawdown_abs":14.01560989}],"results_per_enter_tag":[{"key":"","trades":16,"profit_mean":-0.002811764394214709,"profit_mean_pct":-0.28,"profit_total_abs":-4.449933810000001,"profit_total":-0.004449933810000001,"profit_total_pct":-0.44,"duration_avg":"6:06:00","wins":9,"draws":0,"losses":7,"winrate":0.5625,"cagr":-0.01875047460621382,"expectancy":-0.27812086312499984,"expectancy_ratio":-0.0869516347394117,"sortino":-65.55392326282522,"sharpe":-0.35333549063340436,"calmar":-7.097067526453952,"sqn":-0.385,"profit_factor":0.8012534063099163,"max_drawdown_account":0.013929085196210188,"max_drawdown_abs":14.01560989},{"key":"TOTAL","trades":16,"profit_mean":-0.002811764394214709,"profit_mean_pct":-0.28,"profit_total_abs":-4.449933810000001,"profit_total":-0.004449933810000001,"profit_total_pct":-0.44,"duration_avg":"6:06:00","wins":9,"draws":0,"losses":7,"winrate":0.5625,"cagr":-0.01875047460621382,"expectancy":-0.27812086312499984,"expectancy_ratio":-0.0869516347394117,"sortino":-65.55392326282522,"sharpe":-0.35333549063340436,"calmar":-7.097067526453952,"sqn":-0.385,"profit_factor":0.8012534063099163,"max_drawdown_account":0.013929085196210188,"max_drawdown_abs":14.01560989}],"exit_reason_summary":[{"key":"trailing_stop_loss","trades":8,"profit_mean":0.014987589224309525,"profit_mean_pct":1.5,"profit_total_abs":11.96420176,"profit_total":0.01196420176,"profit_total_pct":1.2,"duration_avg":"5:22:00","wins":8,"draws":0,"losses":0,"winrate":1.0,"cagr":0.05177260769352654,"expectancy":1.49552522,"expectancy_ratio":100.0,"sortino":-100,"sharpe":6.7022496732357455,"calmar":-100,"sqn":9.9777,"profit_factor":0.0,"max_drawdown_account":0.0,"max_drawdown_abs":0.0},{"key":"roi","trades":1,"profit_mean":0.059770736669579896,"profit_mean_pct":5.98,"profit_total_abs":5.97585224,"profit_total":0.00597585224,"profit_total_pct":0.6,"duration_avg":"3:00:00","wins":1,"draws":0,"losses":0,"winrate":1.0,"cagr":0.025609579567190233,"expectancy":5.97585224,"expectancy_ratio":100.0,"sortino":-100,"sharpe":-100,"calmar":-100,"sqn":-100.0,"profit_factor":0.0,"max_drawdown_account":0.0,"max_drawdown_abs":0.0},{"key":"stop_loss","trades":7,"profit_mean":-0.032094240110213064,"profit_mean_pct":-3.21,"profit_total_abs":-22.389987809999997,"profit_total":-0.022389987809999998,"profit_total_pct":-2.24,"duration_avg":"7:21:00","wins":0,"draws":0,"losses":7,"winrate":0.0,"cagr":-0.09163341559814797,"expectancy":-3.198569687142857,"expectancy_ratio":-1.0,"sortino":-329.8367134032343,"sharpe":-329.8367134032343,"calmar":-22.215085086677693,"sqn":-519.5515,"profit_factor":0.0,"max_drawdown_account":0.02238998780999998,"max_drawdown_abs":22.389987809999997},{"key":"TOTAL","trades":16,"profit_mean":-0.002811764394214709,"profit_mean_pct":-0.28,"profit_total_abs":-4.449933810000001,"profit_total":-0.004449933810000001,"profit_total_pct":-0.44,"duration_avg":"6:06:00","wins":9,"draws":0,"losses":7,"winrate":0.5625,"cagr":-0.01875047460621382,"expectancy":-0.27812086312499984,"expectancy_ratio":-0.0869516347394117,"sortino":-65.55392326282522,"sharpe":-0.35333549063340436,"calmar":-7.097067526453952,"sqn":-0.385,"profit_factor":0.8012534063099163,"max_drawdown_account":0.013929085196210188,"max_drawdown_abs":14.01560989}],"mix_tag_stats":[{"key":["","trailing_stop_loss"],"trades":8,"profit_mean":0.014987589224309525,"profit_mean_pct":1.5,"profit_total_abs":11.96420176,"profit_total":0.01196420176,"profit_total_pct":1.2,"duration_avg":"5:22:00","wins":8,"draws":0,"losses":0,"winrate":1.0,"cagr":0.05177260769352654,"expectancy":1.49552522,"expectancy_ratio":100.0,"sortino":-100,"sharpe":6.7022496732357455,"calmar":-100,"sqn":9.9777,"profit_factor":0.0,"max_drawdown_account":0.0,"max_drawdown_abs":0.0},{"key":["","roi"],"trades":1,"profit_mean":0.059770736669579896,"profit_mean_pct":5.98,"profit_total_abs":5.97585224,"profit_total":0.00597585224,"profit_total_pct":0.6,"duration_avg":"3:00:00","wins":1,"draws":0,"losses":0,"winrate":1.0,"cagr":0.025609579567190233,"expectancy":5.97585224,"expectancy_ratio":100.0,"sortino":-100,"sharpe":-100,"calmar":-100,"sqn":-100.0,"profit_factor":0.0,"max_drawdown_account":0.0,"max_drawdown_abs":0.0},{"key":["","stop_loss"],"trades":7,"profit_mean":-0.032094240110213064,"profit_mean_pct":-3.21,"profit_total_abs":-22.389987809999997,"profit_total":-0.022389987809999998,"profit_total_pct":-2.24,"duration_avg":"7:21:00","wins":0,"draws":0,"losses":7,"winrate":0.0,"cagr":-0.09163341559814797,"expectancy":-3.198569687142857,"expectancy_ratio":-1.0,"sortino":-329.8367134032343,"sharpe":-329.8367134032343,"calmar":-22.215085086677693,"sqn":-519.5515,"profit_factor":0.0,"max_drawdown_account":0.02238998780999998,"max_drawdown_abs":22.389987809999997},{"key":"TOTAL","trades":16,"profit_mean":-0.002811764394214709,"profit_mean_pct":-0.28,"profit_total_abs":-4.449933810000001,"profit_total":-0.004449933810000001,"profit_total_pct":-0.44,"duration_avg":"6:06:00","wins":9,"draws":0,"losses":7,"winrate":0.5625,"cagr":-0.01875047460621382,"expectancy":-0.27812086312499984,"expectancy_ratio":-0.0869516347394117,"sortino":-65.55392326282522,"sharpe":-0.35333549063340436,"calmar":-7.097067526453952,"sqn":-0.385,"profit_factor":0.8012534063099163,"max_drawdown_account":0.013929085196210188,"max_drawdown_abs":14.01560989}],"left_open_trades":[{"key":"TOTAL","trades":0,"profit_mean":0.0,"profit_mean_pct":0.0,"profit_total_abs":0.0,"profit_total":0.0,"profit_total_pct":0.0,"duration_avg":"0:00","wins":0,"draws":0,"losses":0,"winrate":0.0,"cagr":0.0,"expectancy":0.0,"expectancy_ratio":100.0,"sortino":0,"sharpe":0,"calmar":0,"sqn":0.0,"profit_factor":0.0,"max_drawdown_account":0.0,"max_drawdown_abs":0.0}],"total_trades":16,"trade_count_long":16,"trade_count_short":0,"total_volume":6381.321008538567,"avg_stake_amount":99.674953125,"profit_mean":-0.002811764394214709,"profit_median":0.010880385731961852,"profit_total":-0.004449933810000001,"profit_total_long":-0.004449933810000001,"profit_total_short":0.0,"profit_total_abs":-4.449933810000001,"profit_total_long_abs":-4.449933810000001,"profit_total_short_abs":0.0,"cagr":-0.01875047460621382,"expectancy":-0.27812086312499984,"expectancy_ratio":-0.0869516347394117,"sortino":-65.55392326282522,"sharpe":-0.35333549063340436,"calmar":-7.097067526453952,"sqn":-0.385,"profit_factor":0.8012534063099163,"backtest_start":"2025-11-28 04:00:00","backtest_start_ts":1764302400000,"backtest_end":"2026-02-22 04:00:00","backtest_end_ts":1771732800000,"backtest_days":86,"backtest_run_start_ts":1771816699,"backtest_run_end_ts":1771816700,"trades_per_day":0.19,"market_change":-0.3334841287793109,"pairlist":["LINK/USDT:USDT"],"stake_amount":100.0,"stake_currency":"USDT","stake_currency_decimals":3,"starting_balance":1000,"dry_run_wallet":1000,"final_balance":995.55006619,"rejected_signals":0,"timedout_entry_orders":0,"timedout_exit_orders":0,"canceled_trade_entries":0,"canceled_entry_orders":0,"replaced_entry_orders":0,"max_open_trades":1,"max_open_trades_setting":1,"timeframe":"30m","timeframe_detail":"","timerange":"20251125-20260223","enable_protections":false,"strategy_name":"SupertrendFuturesStrategyV8_1","freqaimodel":null,"freqai_identifier":null,"stoploss":-0.03,"trailing_stop":true,"trailing_stop_positive":0.02,"trailing_stop_positive_offset":0.03,"trailing_only_offset_is_reached":true,"use_custom_stoploss":false,"minimal_roi":{"0":0.06},"use_exit_signal":true,"exit_profit_only":false,"exit_profit_offset":0.0,"ignore_roi_if_entry_signal":false,"trading_mode":"futures","margin_mode":"isolated","periodic_breakdown":{"day":[{"date":"03/12/2025","date_ts":1764720000000,"profit_abs":5.04180362,"wins":2,"draws":0,"losses":1,"trades":3,"profit_factor":2.58635845},{"date":"04/12/2025","date_ts":1764806400000,"profit_abs":-2.01472591,"wins":1,"draws":0,"losses":1,"trades":2,"profit_factor":0.36737787},{"date":"05/12/2025","date_ts":1764892800000,"profit_abs":0.0,"wins":0,"draws":0,"losses":0,"trades":0,"profit_factor":0.0},{"date":"06/12/2025","date_ts":1764979200000,"profit_abs":0.0,"wins":0,"draws":0,"losses":0,"trades":0,"profit_factor":0.0},{"date":"07/12/2025","date_ts":1765065600000,"profit_abs":0.0,"wins":0,"draws":0,"losses":0,"trades":0,"profit_factor":0.0},{"date":"08/12/2025","date_ts":1765152000000,"profit_abs":0.0,"wins":0,"draws":0,"losses":0,"trades":0,"profit_factor":0.0},{"date":"09/12/2025","date_ts":1765238400000,"profit_abs":0.0,"wins":0,"draws":0,"losses":0,"trades":0,"profit_factor":0.0},{"date":"10/12/2025","date_ts":1765324800000,"profit_abs":0.0,"wins":0,"draws":0,"losses":0,"trades":0,"profit_factor":0.0},{"date":"11/12/2025","date_ts":1765411200000,"profit_abs":0.0,"wins":0,"draws":0,"losses":0,"trades":0,"profit_factor":0.0},{"date":"12/12/2025","date_ts":1765497600000,"profit_abs":0.0,"wins":0,"draws":0,"losses":0,"trades":0,"profit_factor":0.0},{"date":"13/12/2025","date_ts":1765584000000,"profit_abs":0.0,"wins":0,"draws":0,"losses":0,"trades":0,"profit_factor":0.0},{"date":"14/12/2025","date_ts":1765670400000,"profit_abs":0.0,"wins":0,"draws":0,"losses":0,"trades":0,"profit_factor":0.0},{"date":"15/12/2025","date_ts":1765756800000,"profit_abs":0.0,"wins":0,"draws":0,"losses":0,"trades":0,"profit_factor":0.0},{"date":"16/12/2025","date_ts":1765843200000,"profit_abs":0.0,"wins":0,"draws":0,"losses":0,"trades":0,"profit_factor":0.0},{"date":"17/12/2025","date_ts":1765929600000,"profit_abs":0.0,"wins":0,"draws":0,"losses":0,"trades":0,"profit_factor":0.0},{"date":"18/12/2025","date_ts":1766016000000,"profit_abs":0.0,"wins":0,"draws":0,"losses":0,"trades":0,"profit_factor":0.0},{"date":"19/12/2025","date_ts":1766102400000,"profit_abs":0.0,"wins":0,"draws":0,"losses":0,"trades":0,"profit_factor":0.0},{"date":"20/12/2025","date_ts":1766188800000,"profit_abs":0.0,"wins":0,"draws":0,"losses":0,"trades":0,"profit_factor":0.0},{"date":"21/12/2025","date_ts":1766275200000,"profit_abs":-3.21435451,"wins":0,"draws":0,"losses":1,"trades":1,"profit_factor":0.0},{"date":"22/12/2025","date_ts":1766361600000,"profit_abs":0.0,"wins":0,"draws":0,"losses":0,"trades":0,"profit_factor":0.0},{"date":"23/12/2025","date_ts":1766448000000,"profit_abs":0.0,"wins":0,"draws":0,"losses":0,"trades":0,"profit_factor":0.0},{"date":"24/12/2025","date_ts":1766534400000,"profit_abs":0.0,"wins":0,"draws":0,"losses":0,"trades":0,"profit_factor":0.0},{"date":"25/12/2025","date_ts":1766620800000,"profit_abs":0.0,"wins":0,"draws":0,"losses":0,"trades":0,"profit_factor":0.0},{"date":"26/12/2025","date_ts":1766707200000,"profit_abs":0.0,"wins":0,"draws":0,"losses":0,"trades":0,"profit_factor":0.0},{"date":"27/12/2025","date_ts":1766793600000,"profit_abs":0.0,"wins":0,"draws":0,"losses":0,"trades":0,"profit_factor":0.0},{"date":"28/12/2025","date_ts":1766880000000,"profit_abs":0.0,"wins":0,"draws":0,"losses":0,"trades":0,"profit_factor":0.0},{"date":"29/12/2025","date_ts":1766966400000,"profit_abs":0.0,"wins":0,"draws":0,"losses":0,"trades":0,"profit_factor":0.0},{"date":"30/12/2025","date_ts":1767052800000,"profit_abs":0.0,"wins":0,"draws":0,"losses":0,"trades":0,"profit_factor":0.0},{"date":"31/12/2025","date_ts":1767139200000,"profit_abs":0.0,"wins":0,"draws":0,"losses":0,"trades":0,"profit_factor":0.0},{"date":"01/01/2026","date_ts":1767225600000,"profit_abs":0.0,"wins":0,"draws":0,"losses":0,"trades":0,"profit_factor":0.0},{"date":"02/01/2026","date_ts":1767312000000,"profit_abs":-1.21906365,"wins":1,"draws":0,"losses":1,"trades":2,"profit_factor":0.61848759},{"date":"03/01/2026","date_ts":1767398400000,"profit_abs":-3.21041325,"wins":0,"draws":0,"losses":1,"trades":1,"profit_factor":0.0},{"date":"04/01/2026","date_ts":1767484800000,"profit_abs":-3.18705602,"wins":0,"draws":0,"losses":1,"trades":1,"profit_factor":0.0},{"date":"05/01/2026","date_ts":1767571200000,"profit_abs":1.32805476,"wins":1,"draws":0,"losses":0,"trades":1,"profit_factor":0.0},{"date":"06/01/2026","date_ts":1767657600000,"profit_abs":0.0,"wins":0,"draws":0,"losses":0,"trades":0,"profit_factor":0.0},{"date":"07/01/2026","date_ts":1767744000000,"profit_abs":0.0,"wins":0,"draws":0,"losses":0,"trades":0,"profit_factor":0.0},{"date":"08/01/2026","date_ts":1767830400000,"profit_abs":0.0,"wins":0,"draws":0,"losses":0,"trades":0,"profit_factor":0.0},{"date":"09/01/2026","date_ts":1767916800000,"profit_abs":0.0,"wins":0,"draws":0,"losses":0,"trades":0,"profit_factor":0.0},{"date":"10/01/2026","date_ts":1768003200000,"profit_abs":0.0,"wins":0,"draws":0,"losses":0,"trades":0,"profit_factor":0.0},{"date":"11/01/2026","date_ts":1768089600000,"profit_abs":0.0,"wins":0,"draws":0,"losses":0,"trades":0,"profit_factor":0.0},{"date":"12/01/2026","date_ts":1768176000000,"profit_abs":0.0,"wins":0,"draws":0,"losses":0,"trades":0,"profit_factor":0.0},{"date":"13/01/2026","date_ts":1768262400000,"profit_abs":0.99648259,"wins":1,"draws":0,"losses":0,"trades":1,"profit_factor":0.0},{"date":"14/01/2026","date_ts":1768348800000,"profit_abs":1.20968898,"wins":1,"draws":0,"losses":0,"trades":1,"profit_factor":0.0},{"date":"15/01/2026","date_ts":1768435200000,"profit_abs":-3.21987218,"wins":0,"draws":0,"losses":1,"trades":1,"profit_factor":0.0},{"date":"16/01/2026","date_ts":1768521600000,"profit_abs":0.0,"wins":0,"draws":0,"losses":0,"trades":0,"profit_factor":0.0},{"date":"17/01/2026","date_ts":1768608000000,"profit_abs":0.0,"wins":0,"draws":0,"losses":0,"trades":0,"profit_factor":0.0},{"date":"18/01/2026","date_ts":1768694400000,"profit_abs":0.0,"wins":0,"draws":0,"losses":0,"trades":0,"profit_factor":0.0},{"date":"19/01/2026","date_ts":1768780800000,"profit_abs":0.0,"wins":0,"draws":0,"losses":0,"trades":0,"profit_factor":0.0},{"date":"20/01/2026","date_ts":1768867200000,"profit_abs":0.0,"wins":0,"draws":0,"losses":0,"trades":0,"profit_factor":0.0},{"date":"21/01/2026","date_ts":1768953600000,"profit_abs":0.0,"wins":0,"draws":0,"losses":0,"trades":0,"profit_factor":0.0},{"date":"22/01/2026","date_ts":1769040000000,"profit_abs":0.0,"wins":0,"draws":0,"losses":0,"trades":0,"profit_factor":0.0},{"date":"23/01/2026","date_ts":1769126400000,"profit_abs":0.0,"wins":0,"draws":0,"losses":0,"trades":0,"profit_factor":0.0},{"date":"24/01/2026","date_ts":1769212800000,"profit_abs":0.0,"wins":0,"draws":0,"losses":0,"trades":0,"profit_factor":0.0},{"date":"25/01/2026","date_ts":1769299200000,"profit_abs":0.0,"wins":0,"draws":0,"losses":0,"trades":0,"profit_factor":0.0},{"date":"26/01/2026","date_ts":1769385600000,"profit_abs":0.0,"wins":0,"draws":0,"losses":0,"trades":0,"profit_factor":0.0},{"date":"27/01/2026","date_ts":1769472000000,"profit_abs":0.0,"wins":0,"draws":0,"losses":0,"trades":0,"profit_factor":0.0},{"date":"28/01/2026","date_ts":1769558400000,"profit_abs":0.0,"wins":0,"draws":0,"losses":0,"trades":0,"profit_factor":0.0},{"date":"29/01/2026","date_ts":1769644800000,"profit_abs":0.0,"wins":0,"draws":0,"losses":0,"trades":0,"profit_factor":0.0},{"date":"30/01/2026","date_ts":1769731200000,"profit_abs":0.0,"wins":0,"draws":0,"losses":0,"trades":0,"profit_factor":0.0},{"date":"31/01/2026","date_ts":1769817600000,"profit_abs":0.0,"wins":0,"draws":0,"losses":0,"trades":0,"profit_factor":0.0},{"date":"01/02/2026","date_ts":1769904000000,"profit_abs":0.0,"wins":0,"draws":0,"losses":0,"trades":0,"profit_factor":0.0},{"date":"02/02/2026","date_ts":1769990400000,"profit_abs":0.0,"wins":0,"draws":0,"losses":0,"trades":0,"profit_factor":0.0},{"date":"03/02/2026","date_ts":1770076800000,"profit_abs":0.0,"wins":0,"draws":0,"losses":0,"trades":0,"profit_factor":0.0},{"date":"04/02/2026","date_ts":1770163200000,"profit_abs":0.0,"wins":0,"draws":0,"losses":0,"trades":0,"profit_factor":0.0},{"date":"05/02/2026","date_ts":1770249600000,"profit_abs":0.0,"wins":0,"draws":0,"losses":0,"trades":0,"profit_factor":0.0},{"date":"06/02/2026","date_ts":1770336000000,"profit_abs":0.0,"wins":0,"draws":0,"losses":0,"trades":0,"profit_factor":0.0},{"date":"07/02/2026","date_ts":1770422400000,"profit_abs":0.0,"wins":0,"draws":0,"losses":0,"trades":0,"profit_factor":0.0},{"date":"08/02/2026","date_ts":1770508800000,"profit_abs":0.0,"wins":0,"draws":0,"losses":0,"trades":0,"profit_factor":0.0},{"date":"09/02/2026","date_ts":1770595200000,"profit_abs":0.0,"wins":0,"draws":0,"losses":0,"trades":0,"profit_factor":0.0},{"date":"10/02/2026","date_ts":1770681600000,"profit_abs":0.0,"wins":0,"draws":0,"losses":0,"trades":0,"profit_factor":0.0},{"date":"11/02/2026","date_ts":1770768000000,"profit_abs":0.0,"wins":0,"draws":0,"losses":0,"trades":0,"profit_factor":0.0},{"date":"12/02/2026","date_ts":1770854400000,"profit_abs":0.0,"wins":0,"draws":0,"losses":0,"trades":0,"profit_factor":0.0},{"date":"13/02/2026","date_ts":1770940800000,"profit_abs":0.0,"wins":0,"draws":0,"losses":0,"trades":0,"profit_factor":0.0},{"date":"14/02/2026","date_ts":1771027200000,"profit_abs":3.03952176,"wins":2,"draws":0,"losses":0,"trades":2,"profit_factor":0.0}],"week":[{"date":"08/12/2025","date_ts":1765152000000,"profit_abs":3.02707771,"wins":3,"draws":0,"losses":2,"trades":5,"profit_factor":1.47573516},{"date":"15/12/2025","date_ts":1765756800000,"profit_abs":0.0,"wins":0,"draws":0,"losses":0,"trades":0,"profit_factor":0.0},{"date":"22/12/2025","date_ts":1766361600000,"profit_abs":-3.21435451,"wins":0,"draws":0,"losses":1,"trades":1,"profit_factor":0.0},{"date":"29/12/2025","date_ts":1766966400000,"profit_abs":0.0,"wins":0,"draws":0,"losses":0,"trades":0,"profit_factor":0.0},{"date":"05/01/2026","date_ts":1767571200000,"profit_abs":-6.28847816,"wins":2,"draws":0,"losses":3,"trades":5,"profit_factor":0.34445949},{"date":"12/01/2026","date_ts":1768176000000,"profit_abs":0.0,"wins":0,"draws":0,"losses":0,"trades":0,"profit_factor":0.0},{"date":"19/01/2026","date_ts":1768780800000,"profit_abs":-1.01370061,"wins":2,"draws":0,"losses":1,"trades":3,"profit_factor":0.68517365},{"date":"26/01/2026","date_ts":1769385600000,"profit_abs":0.0,"wins":0,"draws":0,"losses":0,"trades":0,"profit_factor":0.0},{"date":"02/02/2026","date_ts":1769990400000,"profit_abs":0.0,"wins":0,"draws":0,"losses":0,"trades":0,"profit_factor":0.0},{"date":"09/02/2026","date_ts":1770595200000,"profit_abs":0.0,"wins":0,"draws":0,"losses":0,"trades":0,"profit_factor":0.0},{"date":"16/02/2026","date_ts":1771200000000,"profit_abs":3.03952176,"wins":2,"draws":0,"losses":0,"trades":2,"profit_factor":0.0}],"month":[{"date":"31/12/2025","date_ts":1767139200000,"profit_abs":-0.1872768,"wins":3,"draws":0,"losses":3,"trades":6,"profit_factor":0.98044577},{"date":"31/01/2026","date_ts":1769817600000,"profit_abs":-7.30217877,"wins":4,"draws":0,"losses":4,"trades":8,"profit_factor":0.43008213},{"date":"28/02/2026","date_ts":1772236800000,"profit_abs":3.03952176,"wins":2,"draws":0,"losses":0,"trades":2,"profit_factor":0.0}],"year":[{"date":"31/12/2025","date_ts":1767139200000,"profit_abs":-0.1872768,"wins":3,"draws":0,"losses":3,"trades":6,"profit_factor":0.98044577},{"date":"31/12/2026","date_ts":1798675200000,"profit_abs":-4.26265701,"wins":6,"draws":0,"losses":4,"trades":10,"profit_factor":0.66730965}],"weekday":[{"date":"Monday","date_ts":0,"profit_abs":1.32805476,"wins":1,"draws":0,"losses":0,"trades":1,"profit_factor":0.0},{"date":"Tuesday","date_ts":1,"profit_abs":0.99648259,"wins":1,"draws":0,"losses":0,"trades":1,"profit_factor":0.0},{"date":"Wednesday","date_ts":2,"profit_abs":6.2514926,"wins":3,"draws":0,"losses":1,"trades":4,"profit_factor":2.96697627},{"date":"Thursday","date_ts":3,"profit_abs":-5.23459809,"wins":1,"draws":0,"losses":2,"trades":3,"profit_factor":0.18268081},{"date":"Friday","date_ts":4,"profit_abs":-1.21906365,"wins":1,"draws":0,"losses":1,"trades":2,"profit_factor":0.61848759},{"date":"Saturday","date_ts":5,"profit_abs":-0.17089149,"wins":2,"draws":0,"losses":1,"trades":3,"profit_factor":0.94676963},{"date":"Sunday","date_ts":6,"profit_abs":-6.40141053,"wins":0,"draws":0,"losses":2,"trades":2,"profit_factor":0.0}]},"backtest_best_day":0.05024550862402674,"backtest_worst_day":-0.032367774152912275,"backtest_best_day_abs":5.04180362,"backtest_worst_day_abs":-3.21987218,"winning_days":5,"draw_days":63,"losing_days":6,"daily_profit":[["2025-12-03",5.04180362],["2025-12-04",-2.01472591],["2025-12-05",0.0],["2025-12-06",0.0],["2025-12-07",0.0],["2025-12-08",0.0],["2025-12-09",0.0],["2025-12-10",0.0],["2025-12-11",0.0],["2025-12-12",0.0],["2025-12-13",0.0],["2025-12-14",0.0],["2025-12-15",0.0],["2025-12-16",0.0],["2025-12-17",0.0],["2025-12-18",0.0],["2025-12-19",0.0],["2025-12-20",0.0],["2025-12-21",-3.21435451],["2025-12-22",0.0],["2025-12-23",0.0],["2025-12-24",0.0],["2025-12-25",0.0],["2025-12-26",0.0],["2025-12-27",0.0],["2025-12-28",0.0],["2025-12-29",0.0],["2025-12-30",0.0],["2025-12-31",0.0],["2026-01-01",0.0],["2026-01-02",-1.21906365],["2026-01-03",-3.21041325],["2026-01-04",-3.18705602],["2026-01-05",1.32805476],["2026-01-06",0.0],["2026-01-07",0.0],["2026-01-08",0.0],["2026-01-09",0.0],["2026-01-10",0.0],["2026-01-11",0.0],["2026-01-12",0.0],["2026-01-13",0.99648259],["2026-01-14",1.20968898],["2026-01-15",-3.21987218],["2026-01-16",0.0],["2026-01-17",0.0],["2026-01-18",0.0],["2026-01-19",0.0],["2026-01-20",0.0],["2026-01-21",0.0],["2026-01-22",0.0],["2026-01-23",0.0],["2026-01-24",0.0],["2026-01-25",0.0],["2026-01-26",0.0],["2026-01-27",0.0],["2026-01-28",0.0],["2026-01-29",0.0],["2026-01-30",0.0],["2026-01-31",0.0],["2026-02-01",0.0],["2026-02-02",0.0],["2026-02-03",0.0],["2026-02-04",0.0],["2026-02-05",0.0],["2026-02-06",0.0],["2026-02-07",0.0],["2026-02-08",0.0],["2026-02-09",0.0],["2026-02-10",0.0],["2026-02-11",0.0],["2026-02-12",0.0],["2026-02-13",0.0],["2026-02-14",3.03952176]],"wins":9,"losses":7,"draws":0,"winrate":0.5625,"holding_avg":"6:06:00","holding_avg_s":21960.0,"winner_holding_min":"0d 00:30","winner_holding_min_s":1800.0,"winner_holding_max":"0d 12:30","winner_holding_max_s":45000.0,"winner_holding_avg":"0d 05:07","winner_holding_avg_s":18420.0,"loser_holding_min":"0d 00:30","loser_holding_min_s":1800.0,"loser_holding_max":"0d 14:00","loser_holding_max_s":50400.0,"loser_holding_avg":"0d 07:21","loser_holding_avg_s":26460.0,"max_consecutive_wins":3,"max_consecutive_losses":3,"max_drawdown_account":0.013929085196210188,"max_relative_drawdown":0.013929085196210188,"max_drawdown_abs":14.01560989,"drawdown_start":"2025-12-04 00:30:00","drawdown_start_ts":1764808200000.0,"drawdown_end":"2026-01-04 19:00:00","drawdown_end_ts":1767553200000.0,"drawdown_duration":"31 days 18:30:00","drawdown_duration_s":2745000.0,"max_drawdown_low":-7.80380972,"max_drawdown_high":6.21180017,"csum_min":992.19619028,"csum_max":1006.21180017}},"strategy_comparison":[{"key":"SupertrendFuturesStrategyV8_1","trades":16,"profit_mean":-0.002811764394214709,"profit_mean_pct":-0.28,"profit_total_abs":-4.449933810000001,"profit_total":-0.004449933810000001,"profit_total_pct":-0.44,"duration_avg":"6:06:00","wins":9,"draws":0,"losses":7,"winrate":0.5625,"cagr":-0.01875047460621382,"expectancy":-0.27812086312499984,"expectancy_ratio":-0.0869516347394117,"sortino":-65.55392326282522,"sharpe":-0.35333549063340436,"calmar":-7.097067526453952,"sqn":-0.385,"profit_factor":0.8012534063099163,"max_drawdown_account":0.013929085196210188,"max_drawdown_abs":"14.016"}]}