{"strategy":{"SupertrendFuturesStrategyV8_1":{"trades":[{"pair":"BTC/USDT:USDT","stake_amount":99.73106,"max_stake_amount":99.73106,"amount":0.0022,"open_date":"2025-11-27 01:30:00+00:00","close_date":"2025-11-28 13:30:00+00:00","open_rate":90664.6,"close_rate":91706.175,"fee_open":0.0005,"fee_close":0.0005,"trade_duration":2160,"profit_ratio":0.020980674701905625,"profit_abs":2.09347114,"exit_reason":"trailing_stop_loss","initial_stop_loss_abs":89304.63100000001,"initial_stop_loss_ratio":-0.03,"stop_loss_abs":91706.175,"stop_loss_ratio":-0.02,"min_rate":90415.1,"max_rate":92632.5,"is_open":false,"enter_tag":"","leverage":2,"is_short":false,"open_timestamp":1764207000000,"close_timestamp":1764336600000,"orders":[{"amount":0.0022,"safe_price":90664.6,"ft_order_side":"buy","order_filled_timestamp":1764207000000,"ft_is_entry":true,"ft_order_tag":"","cost":199.56185106},{"amount":0.0022,"safe_price":91706.175,"ft_order_side":"sell","order_filled_timestamp":1764336600000,"ft_is_entry":false,"ft_order_tag":"trailing_stop_loss","cost":201.85446179250002}],"funding_fees":0.0026139928936373524,"weekday":4}],"locks":[],"best_pair":{"key":"BTC/USDT:USDT","trades":1,"profit_mean":0.020980674701905625,"profit_mean_pct":2.1,"profit_total_abs":2.09347114,"profit_total":0.0020934711400000003,"profit_total_pct":0.21,"duration_avg":"1 day, 12:00:00","wins":1,"draws":0,"losses":0,"winrate":1.0,"cagr":0.008613494063962168,"expectancy":2.09347114,"expectancy_ratio":100.0,"sortino":-100,"sharpe":-100,"calmar":-100,"sqn":-100.0,"profit_factor":0.0,"max_drawdown_account":0.0,"max_drawdown_abs":0.0},"worst_pair":{"key":"BTC/USDT:USDT","trades":1,"profit_mean":0.020980674701905625,"profit_mean_pct":2.1,"profit_total_abs":2.09347114,"profit_total":0.0020934711400000003,"profit_total_pct":0.21,"duration_avg":"1 day, 12:00:00","wins":1,"draws":0,"losses":0,"winrate":1.0,"cagr":0.008613494063962168,"expectancy":2.09347114,"expectancy_ratio":100.0,"sortino":-100,"sharpe":-100,"calmar":-100,"sqn":-100.0,"profit_factor":0.0,"max_drawdown_account":0.0,"max_drawdown_abs":0.0},"results_per_pair":[{"key":"BTC/USDT:USDT","trades":1,"profit_mean":0.020980674701905625,"profit_mean_pct":2.1,"profit_total_abs":2.09347114,"profit_total":0.0020934711400000003,"profit_total_pct":0.21,"duration_avg":"1 day, 12:00:00","wins":1,"draws":0,"losses":0,"winrate":1.0,"cagr":0.008613494063962168,"expectancy":2.09347114,"expectancy_ratio":100.0,"sortino":-100,"sharpe":-100,"calmar":-100,"sqn":-100.0,"profit_factor":0.0,"max_drawdown_account":0.0,"max_drawdown_abs":0.0},{"key":"TOTAL","trades":1,"profit_mean":0.020980674701905625,"profit_mean_pct":2.1,"profit_total_abs":2.09347114,"profit_total":0.0020934711400000003,"profit_total_pct":0.21,"duration_avg":"1 day, 12:00:00","wins":1,"draws":0,"losses":0,"winrate":1.0,"cagr":0.008613494063962168,"expectancy":2.09347114,"expectancy_ratio":100.0,"sortino":-100,"sharpe":-100,"calmar":-100,"sqn":-100.0,"profit_factor":0.0,"max_drawdown_account":0.0,"max_drawdown_abs":0.0}],"results_per_enter_tag":[{"key":"","trades":1,"profit_mean":0.020980674701905625,"profit_mean_pct":2.1,"profit_total_abs":2.09347114,"profit_total":0.0020934711400000003,"profit_total_pct":0.21,"duration_avg":"1 day, 12:00:00","wins":1,"draws":0,"losses":0,"winrate":1.0,"cagr":0.008613494063962168,"expectancy":2.09347114,"expectancy_ratio":100.0,"sortino":-100,"sharpe":-100,"calmar":-100,"sqn":-100.0,"profit_factor":0.0,"max_drawdown_account":0.0,"max_drawdown_abs":0.0},{"key":"TOTAL","trades":1,"profit_mean":0.020980674701905625,"profit_mean_pct":2.1,"profit_total_abs":2.09347114,"profit_total":0.0020934711400000003,"profit_total_pct":0.21,"duration_avg":"1 day, 12:00:00","wins":1,"draws":0,"losses":0,"winrate":1.0,"cagr":0.008613494063962168,"expectancy":2.09347114,"expectancy_ratio":100.0,"sortino":-100,"sharpe":-100,"calmar":-100,"sqn":-100.0,"profit_factor":0.0,"max_drawdown_account":0.0,"max_drawdown_abs":0.0}],"exit_reason_summary":[{"key":"trailing_stop_loss","trades":1,"profit_mean":0.020980674701905625,"profit_mean_pct":2.1,"profit_total_abs":2.09347114,"profit_total":0.0020934711400000003,"profit_total_pct":0.21,"duration_avg":"1 day, 12:00:00","wins":1,"draws":0,"losses":0,"winrate":1.0,"cagr":0.008613494063962168,"expectancy":2.09347114,"expectancy_ratio":100.0,"sortino":-100,"sharpe":-100,"calmar":-100,"sqn":-100.0,"profit_factor":0.0,"max_drawdown_account":0.0,"max_drawdown_abs":0.0},{"key":"TOTAL","trades":1,"profit_mean":0.020980674701905625,"profit_mean_pct":2.1,"profit_total_abs":2.09347114,"profit_total":0.0020934711400000003,"profit_total_pct":0.21,"duration_avg":"1 day, 12:00:00","wins":1,"draws":0,"losses":0,"winrate":1.0,"cagr":0.008613494063962168,"expectancy":2.09347114,"expectancy_ratio":100.0,"sortino":-100,"sharpe":-100,"calmar":-100,"sqn":-100.0,"profit_factor":0.0,"max_drawdown_account":0.0,"max_drawdown_abs":0.0}],"mix_tag_stats":[{"key":["","trailing_stop_loss"],"trades":1,"profit_mean":0.020980674701905625,"profit_mean_pct":2.1,"profit_total_abs":2.09347114,"profit_total":0.0020934711400000003,"profit_total_pct":0.21,"duration_avg":"1 day, 12:00:00","wins":1,"draws":0,"losses":0,"winrate":1.0,"cagr":0.008613494063962168,"expectancy":2.09347114,"expectancy_ratio":100.0,"sortino":-100,"sharpe":-100,"calmar":-100,"sqn":-100.0,"profit_factor":0.0,"max_drawdown_account":0.0,"max_drawdown_abs":0.0},{"key":"TOTAL","trades":1,"profit_mean":0.020980674701905625,"profit_mean_pct":2.1,"profit_total_abs":2.09347114,"profit_total":0.0020934711400000003,"profit_total_pct":0.21,"duration_avg":"1 day, 12:00:00","wins":1,"draws":0,"losses":0,"winrate":1.0,"cagr":0.008613494063962168,"expectancy":2.09347114,"expectancy_ratio":100.0,"sortino":-100,"sharpe":-100,"calmar":-100,"sqn":-100.0,"profit_factor":0.0,"max_drawdown_account":0.0,"max_drawdown_abs":0.0}],"left_open_trades":[{"key":"TOTAL","trades":0,"profit_mean":0.0,"profit_mean_pct":0.0,"profit_total_abs":0.0,"profit_total":0.0,"profit_total_pct":0.0,"duration_avg":"0:00","wins":0,"draws":0,"losses":0,"winrate":0.0,"cagr":0.0,"expectancy":0.0,"expectancy_ratio":100.0,"sortino":0,"sharpe":0,"calmar":0,"sqn":0.0,"profit_factor":0.0,"max_drawdown_account":0.0,"max_drawdown_abs":0.0}],"total_trades":1,"trade_count_long":1,"trade_count_short":0,"total_volume":401.4163128525,"avg_stake_amount":99.73106,"profit_mean":0.020980674701905625,"profit_median":0.020980674701905625,"profit_total":0.0020934711400000003,"profit_total_long":0.0020934711400000003,"profit_total_short":0.0,"profit_total_abs":2.09347114,"profit_total_long_abs":2.09347114,"profit_total_short_abs":0.0,"cagr":0.008613494063962168,"expectancy":2.09347114,"expectancy_ratio":100.0,"sortino":-100,"sharpe":-100,"calmar":-100,"sqn":-100.0,"profit_factor":0.0,"backtest_start":"2025-11-25 00:00:00","backtest_start_ts":1764028800000,"backtest_end":"2026-02-22 14:00:00","backtest_end_ts":1771768800000,"backtest_days":89,"backtest_run_start_ts":1771813551,"backtest_run_end_ts":1771813551,"trades_per_day":0.01,"market_change":-0.2303474844575187,"pairlist":["BTC/USDT:USDT"],"stake_amount":100.0,"stake_currency":"USDT","stake_currency_decimals":3,"starting_balance":1000,"dry_run_wallet":1000,"final_balance":1002.09347114,"rejected_signals":0,"timedout_entry_orders":0,"timedout_exit_orders":0,"canceled_trade_entries":0,"canceled_entry_orders":0,"replaced_entry_orders":0,"max_open_trades":1,"max_open_trades_setting":3,"timeframe":"30m","timeframe_detail":"","timerange":"20251125-20260223","enable_protections":false,"strategy_name":"SupertrendFuturesStrategyV8_1","freqaimodel":null,"freqai_identifier":null,"stoploss":-0.03,"trailing_stop":true,"trailing_stop_positive":0.02,"trailing_stop_positive_offset":0.03,"trailing_only_offset_is_reached":true,"use_custom_stoploss":false,"minimal_roi":{"0":0.06},"use_exit_signal":true,"exit_profit_only":false,"exit_profit_offset":0.0,"ignore_roi_if_entry_signal":false,"trading_mode":"futures","margin_mode":"isolated","periodic_breakdown":{"day":[{"date":"28/11/2025","date_ts":1764288000000,"profit_abs":2.09347114,"wins":1,"draws":0,"losses":0,"trades":1,"profit_factor":0.0}],"week":[{"date":"01/12/2025","date_ts":1764547200000,"profit_abs":2.09347114,"wins":1,"draws":0,"losses":0,"trades":1,"profit_factor":0.0}],"month":[{"date":"30/11/2025","date_ts":1764460800000,"profit_abs":2.09347114,"wins":1,"draws":0,"losses":0,"trades":1,"profit_factor":0.0}],"year":[{"date":"31/12/2025","date_ts":1767139200000,"profit_abs":2.09347114,"wins":1,"draws":0,"losses":0,"trades":1,"profit_factor":0.0}],"weekday":[{"date":"Friday","date_ts":4,"profit_abs":2.09347114,"wins":1,"draws":0,"losses":0,"trades":1,"profit_factor":0.0}]},"backtest_best_day":0.020980674701905625,"backtest_worst_day":0.020980674701905625,"backtest_best_day_abs":2.09347114,"backtest_worst_day_abs":2.09347114,"winning_days":1,"draw_days":0,"losing_days":0,"daily_profit":[["2025-11-28",2.09347114]],"wins":1,"losses":0,"draws":0,"winrate":1.0,"holding_avg":"1 day, 12:00:00","holding_avg_s":129600.0,"winner_holding_min":"1d 12:00","winner_holding_min_s":129600.0,"winner_holding_max":"1d 12:00","winner_holding_max_s":129600.0,"winner_holding_avg":"1d 12:00","winner_holding_avg_s":129600.0,"loser_holding_min":"0d 00:00","loser_holding_min_s":0.0,"loser_holding_max":"0d 00:00","loser_holding_max_s":0.0,"loser_holding_avg":"0d 00:00","loser_holding_avg_s":0.0,"max_consecutive_wins":1,"max_consecutive_losses":0,"max_drawdown_account":0.0,"max_relative_drawdown":0.0,"max_drawdown_abs":0.0,"drawdown_start":"2025-11-28 13:30:00","drawdown_start_ts":1764336600000.0,"drawdown_end":"2025-11-28 13:30:00","drawdown_end_ts":1764336600000.0,"drawdown_duration":"0 days 00:00:00","drawdown_duration_s":0.0,"max_drawdown_low":0.0,"max_drawdown_high":0.0,"csum_min":1002.09347114,"csum_max":1002.09347114}},"strategy_comparison":[{"key":"SupertrendFuturesStrategyV8_1","trades":1,"profit_mean":0.020980674701905625,"profit_mean_pct":2.1,"profit_total_abs":2.09347114,"profit_total":0.0020934711400000003,"profit_total_pct":0.21,"duration_avg":"1 day, 12:00:00","wins":1,"draws":0,"losses":0,"winrate":1.0,"cagr":0.008613494063962168,"expectancy":2.09347114,"expectancy_ratio":100.0,"sortino":-100,"sharpe":-100,"calmar":-100,"sqn":-100.0,"profit_factor":0.0,"max_drawdown_account":0.0,"max_drawdown_abs":"0"}]}