{"strategy":{"MultiPairFuturesStrategy":{"trades":[{"pair":"PEPE/USDT:USDT","stake_amount":149.178,"max_stake_amount":149.178,"amount":23000000.0,"open_date":"2025-05-09 08:30:00+00:00","close_date":"2025-05-09 08:30:00+00:00","open_rate":1.2972e-05,"close_rate":1.2778e-05,"fee_open":0.0005,"fee_close":0.0005,"trade_duration":0,"profit_ratio":-0.03187968149751828,"profit_abs":-4.758125,"exit_reason":"stop_loss","initial_stop_loss_abs":1.2778e-05,"initial_stop_loss_ratio":-0.03,"stop_loss_abs":1.2778e-05,"stop_loss_ratio":-0.03,"min_rate":1.2737e-05,"max_rate":1.3972e-05,"is_open":false,"enter_tag":"","leverage":2.0,"is_short":false,"open_timestamp":1746779400000,"close_timestamp":1746779400000,"orders":[{"amount":23000000.0,"safe_price":1.2972e-05,"ft_order_side":"buy","order_filled_timestamp":1746779400000,"ft_is_entry":true,"ft_order_tag":"","cost":298.505178},{"amount":23000000.0,"safe_price":1.2778e-05,"ft_order_side":"sell","order_filled_timestamp":1746779400000,"ft_is_entry":false,"ft_order_tag":"stop_loss","cost":294.040947}],"funding_fees":0.0,"weekday":4},{"pair":"PEPE/USDT:USDT","stake_amount":195.84,"max_stake_amount":195.84,"amount":32000000.0,"open_date":"2025-08-09 05:30:00+00:00","close_date":"2025-08-09 09:30:00+00:00","open_rate":1.224e-05,"close_rate":1.2337e-05,"fee_open":0.0005,"fee_close":0.0005,"trade_duration":240,"profit_ratio":0.013834830950537802,"profit_abs":2.710768,"exit_reason":"trailing_stop_loss","initial_stop_loss_abs":1.2057e-05,"initial_stop_loss_ratio":-0.03,"stop_loss_abs":1.2337e-05,"stop_loss_ratio":-0.02,"min_rate":1.2146e-05,"max_rate":1.2461e-05,"is_open":false,"enter_tag":"","leverage":2.0,"is_short":false,"open_timestamp":1754717400000,"close_timestamp":1754731800000,"orders":[{"amount":32000000.0,"safe_price":1.224e-05,"ft_order_side":"buy","order_filled_timestamp":1754717400000,"ft_is_entry":true,"ft_order_tag":"","cost":391.87584},{"amount":32000000.0,"safe_price":1.2337e-05,"ft_order_side":"sell","order_filled_timestamp":1754731800000,"ft_is_entry":false,"ft_order_tag":"trailing_stop_loss","cost":394.981392}],"funding_fees":0.0,"weekday":5},{"pair":"PEPE/USDT:USDT","stake_amount":74.4155,"max_stake_amount":74.4155,"amount":31000000.0,"open_date":"2025-10-10 21:30:00+00:00","close_date":"2025-10-10 21:30:00+00:00","open_rate":4.801e-06,"close_rate":4.873e-06,"fee_open":0.0005,"fee_close":0.0005,"trade_duration":0,"profit_ratio":-0.032024760557741894,"profit_abs":-2.381947,"exit_reason":"stop_loss","initial_stop_loss_abs":4.873e-06,"initial_stop_loss_ratio":-0.03,"stop_loss_abs":4.873e-06,"stop_loss_ratio":-0.03,"min_rate":4.766e-06,"max_rate":6.764e-06,"is_open":false,"enter_tag":"","leverage":2.0,"is_short":true,"open_timestamp":1760131800000,"close_timestamp":1760131800000,"orders":[{"amount":31000000.0,"safe_price":4.801e-06,"ft_order_side":"sell","order_filled_timestamp":1760131800000,"ft_is_entry":true,"ft_order_tag":"","cost":148.9054155},{"amount":31000000.0,"safe_price":4.873e-06,"ft_order_side":"buy","order_filled_timestamp":1760131800000,"ft_is_entry":false,"ft_order_tag":"stop_loss","cost":151.13853149999997}],"funding_fees":0.0,"weekday":4},{"pair":"PEPE/USDT:USDT","stake_amount":196.758,"max_stake_amount":196.758,"amount":68000000.0,"open_date":"2025-11-03 15:30:00+00:00","close_date":"2025-11-03 15:30:00+00:00","open_rate":5.787e-06,"close_rate":5.67126e-06,"fee_open":0.0005,"fee_close":0.0005,"trade_duration":0,"profit_ratio":0.03803901950975488,"profit_abs":7.48073916,"exit_reason":"trailing_stop_loss","initial_stop_loss_abs":5.873e-06,"initial_stop_loss_ratio":-0.03,"stop_loss_abs":5.548e-06,"stop_loss_ratio":-0.02,"min_rate":5.494e-06,"max_rate":5.852e-06,"is_open":false,"enter_tag":"","leverage":2.0,"is_short":true,"open_timestamp":1762183800000,"close_timestamp":1762183800000,"orders":[{"amount":68000000.0,"safe_price":5.787e-06,"ft_order_side":"sell","order_filled_timestamp":1762183800000,"ft_is_entry":true,"ft_order_tag":"","cost":393.71275799999995},{"amount":68000000.0,"safe_price":5.67126e-06,"ft_order_side":"buy","order_filled_timestamp":1762183800000,"ft_is_entry":false,"ft_order_tag":"trailing_stop_loss","cost":385.83850283999993}],"funding_fees":0.0,"weekday":0},{"pair":"PEPE/USDT:USDT","stake_amount":198.904,"max_stake_amount":198.904,"amount":92000000.0,"open_date":"2025-12-01 00:30:00+00:00","close_date":"2025-12-01 01:00:00+00:00","open_rate":4.324e-06,"close_rate":4.281e-06,"fee_open":0.0005,"fee_close":0.0005,"trade_duration":30,"profit_ratio":0.0179078901152704,"profit_abs":3.56017,"exit_reason":"trailing_stop_loss","initial_stop_loss_abs":4.388e-06,"initial_stop_loss_ratio":-0.03,"stop_loss_abs":4.281e-06,"stop_loss_ratio":-0.02,"min_rate":4.233e-06,"max_rate":4.338e-06,"is_open":false,"enter_tag":"","leverage":2.0,"is_short":true,"open_timestamp":1764549000000,"close_timestamp":1764550800000,"orders":[{"amount":92000000.0,"safe_price":4.324e-06,"ft_order_side":"sell","order_filled_timestamp":1764549000000,"ft_is_entry":true,"ft_order_tag":"","cost":398.0069039999999},{"amount":92000000.0,"safe_price":4.281e-06,"ft_order_side":"buy","order_filled_timestamp":1764550800000,"ft_is_entry":false,"ft_order_tag":"trailing_stop_loss","cost":394.048926}],"funding_fees":0.0,"weekday":0},{"pair":"PEPE/USDT:USDT","stake_amount":198.214,"max_stake_amount":198.214,"amount":92000000.0,"open_date":"2025-12-12 16:00:00+00:00","close_date":"2025-12-12 16:30:00+00:00","open_rate":4.309e-06,"close_rate":4.247e-06,"fee_open":0.0005,"fee_close":0.0005,"trade_duration":30,"profit_ratio":0.026792732689712533,"profit_abs":5.30803937,"exit_reason":"trailing_stop_loss","initial_stop_loss_abs":4.373e-06,"initial_stop_loss_ratio":-0.03,"stop_loss_abs":4.247e-06,"stop_loss_ratio":-0.02,"min_rate":4.205e-06,"max_rate":4.324e-06,"is_open":false,"enter_tag":"","leverage":2.0,"is_short":true,"open_timestamp":1765555200000,"close_timestamp":1765557000000,"orders":[{"amount":92000000.0,"safe_price":4.309e-06,"ft_order_side":"sell","order_filled_timestamp":1765555200000,"ft_is_entry":true,"ft_order_tag":"","cost":396.62621399999995},{"amount":92000000.0,"safe_price":4.247e-06,"ft_order_side":"buy","order_filled_timestamp":1765557000000,"ft_is_entry":false,"ft_order_tag":"trailing_stop_loss","cost":390.919362}],"funding_fees":-0.002384630342710247,"weekday":4},{"pair":"PEPE/USDT:USDT","stake_amount":198.061,"max_stake_amount":198.061,"amount":106000000.0,"open_date":"2025-12-18 17:30:00+00:00","close_date":"2025-12-18 18:00:00+00:00","open_rate":3.737e-06,"close_rate":3.793e-06,"fee_open":0.0005,"fee_close":0.0005,"trade_duration":30,"profit_ratio":-0.032001550681682825,"profit_abs":-6.33509,"exit_reason":"stop_loss","initial_stop_loss_abs":3.793e-06,"initial_stop_loss_ratio":-0.03,"stop_loss_abs":3.793e-06,"stop_loss_ratio":-0.03,"min_rate":3.717e-06,"max_rate":3.82e-06,"is_open":false,"enter_tag":"","leverage":2.0,"is_short":true,"open_timestamp":1766079000000,"close_timestamp":1766080800000,"orders":[{"amount":106000000.0,"safe_price":3.737e-06,"ft_order_side":"sell","order_filled_timestamp":1766079000000,"ft_is_entry":true,"ft_order_tag":"","cost":396.320061},{"amount":106000000.0,"safe_price":3.793e-06,"ft_order_side":"buy","order_filled_timestamp":1766080800000,"ft_is_entry":false,"ft_order_tag":"stop_loss","cost":402.259029}],"funding_fees":0.0,"weekday":3},{"pair":"PEPE/USDT:USDT","stake_amount":198.381,"max_stake_amount":198.381,"amount":89000000.0,"open_date":"2026-01-01 17:30:00+00:00","close_date":"2026-01-01 18:00:00+00:00","open_rate":4.458e-06,"close_rate":4.493e-06,"fee_open":0.0005,"fee_close":0.0005,"trade_duration":30,"profit_ratio":0.01368741380767669,"profit_abs":2.7166805,"exit_reason":"trailing_stop_loss","initial_stop_loss_abs":4.392e-06,"initial_stop_loss_ratio":-0.03,"stop_loss_abs":4.493e-06,"stop_loss_ratio":-0.02,"min_rate":4.439e-06,"max_rate":4.538e-06,"is_open":false,"enter_tag":"","leverage":2.0,"is_short":false,"open_timestamp":1767288600000,"close_timestamp":1767290400000,"orders":[{"amount":89000000.0,"safe_price":4.458e-06,"ft_order_side":"buy","order_filled_timestamp":1767288600000,"ft_is_entry":true,"ft_order_tag":"","cost":396.96038100000004},{"amount":89000000.0,"safe_price":4.493e-06,"ft_order_side":"sell","order_filled_timestamp":1767290400000,"ft_is_entry":false,"ft_order_tag":"trailing_stop_loss","cost":400.0769385}],"funding_fees":0.0,"weekday":3},{"pair":"PEPE/USDT:USDT","stake_amount":197.575,"max_stake_amount":197.575,"amount":70000000.0,"open_date":"2026-01-02 13:00:00+00:00","close_date":"2026-01-02 13:00:00+00:00","open_rate":5.645e-06,"close_rate":5.7579e-06,"fee_open":0.0005,"fee_close":0.0005,"trade_duration":0,"profit_ratio":0.03796101949025487,"profit_abs":7.5038985,"exit_reason":"trailing_stop_loss","initial_stop_loss_abs":5.561e-06,"initial_stop_loss_ratio":-0.03,"stop_loss_abs":5.756e-06,"stop_loss_ratio":-0.02,"min_rate":5.578e-06,"max_rate":5.814e-06,"is_open":false,"enter_tag":"","leverage":2.0,"is_short":false,"open_timestamp":1767358800000,"close_timestamp":1767358800000,"orders":[{"amount":70000000.0,"safe_price":5.645e-06,"ft_order_side":"buy","order_filled_timestamp":1767358800000,"ft_is_entry":true,"ft_order_tag":"","cost":395.347575},{"amount":70000000.0,"safe_price":5.7579e-06,"ft_order_side":"sell","order_filled_timestamp":1767358800000,"ft_is_entry":false,"ft_order_tag":"trailing_stop_loss","cost":403.25452650000005}],"funding_fees":0.0,"weekday":4},{"pair":"PEPE/USDT:USDT","stake_amount":198.128,"max_stake_amount":198.128,"amount":61000000.0,"open_date":"2026-01-13 22:30:00+00:00","close_date":"2026-01-13 23:00:00+00:00","open_rate":6.496e-06,"close_rate":6.548e-06,"fee_open":0.0005,"fee_close":0.0005,"trade_duration":30,"profit_ratio":0.013994849865707539,"profit_abs":2.774158,"exit_reason":"trailing_stop_loss","initial_stop_loss_abs":6.399e-06,"initial_stop_loss_ratio":-0.03,"stop_loss_abs":6.548e-06,"stop_loss_ratio":-0.02,"min_rate":6.436e-06,"max_rate":6.614e-06,"is_open":false,"enter_tag":"","leverage":2.0,"is_short":false,"open_timestamp":1768343400000,"close_timestamp":1768345200000,"orders":[{"amount":61000000.0,"safe_price":6.496e-06,"ft_order_side":"buy","order_filled_timestamp":1768343400000,"ft_is_entry":true,"ft_order_tag":"","cost":396.454128},{"amount":61000000.0,"safe_price":6.548e-06,"ft_order_side":"sell","order_filled_timestamp":1768345200000,"ft_is_entry":false,"ft_order_tag":"trailing_stop_loss","cost":399.62771399999997}],"funding_fees":0.0,"weekday":1},{"pair":"PEPE/USDT:USDT","stake_amount":198.8525,"max_stake_amount":198.8525,"amount":77000000.0,"open_date":"2026-01-19 00:30:00+00:00","close_date":"2026-01-19 01:30:00+00:00","open_rate":5.165e-06,"close_rate":5.242e-06,"fee_open":0.0005,"fee_close":0.0005,"trade_duration":60,"profit_ratio":-0.03184690118534582,"profit_abs":-6.3296695,"exit_reason":"stop_loss","initial_stop_loss_abs":5.242e-06,"initial_stop_loss_ratio":-0.03,"stop_loss_abs":5.242e-06,"stop_loss_ratio":-0.03,"min_rate":5.096e-06,"max_rate":5.252e-06,"is_open":false,"enter_tag":"","leverage":2.0,"is_short":true,"open_timestamp":1768782600000,"close_timestamp":1768786200000,"orders":[{"amount":77000000.0,"safe_price":5.165e-06,"ft_order_side":"sell","order_filled_timestamp":1768782600000,"ft_is_entry":true,"ft_order_tag":"","cost":397.90385249999997},{"amount":77000000.0,"safe_price":5.242e-06,"ft_order_side":"buy","order_filled_timestamp":1768786200000,"ft_is_entry":false,"ft_order_tag":"stop_loss","cost":403.835817}],"funding_fees":0.0,"weekday":0}],"locks":[],"best_pair":{"key":"PEPE/USDT:USDT","trades":11,"profit_mean":0.0031331693187841734,"profit_mean_pct":0.31,"profit_total_abs":12.24962203,"profit_total":0.012249622029999999,"profit_total_pct":1.22,"duration_avg":"0:41:00","wins":7,"draws":0,"losses":4,"winrate":0.6363636363636364,"cagr":0.010688171503297372,"expectancy":1.1136020027272724,"expectancy_ratio":0.22491521883986199,"sortino":0.34632868985220133,"sharpe":0.11292077774263631,"calmar":8.943058606585348,"sqn":0.7102,"profit_factor":1.6185168518096202,"max_drawdown_account":0.0062604674533643,"max_drawdown_abs":6.33509},"worst_pair":{"key":"PEPE/USDT:USDT","trades":11,"profit_mean":0.0031331693187841734,"profit_mean_pct":0.31,"profit_total_abs":12.24962203,"profit_total":0.012249622029999999,"profit_total_pct":1.22,"duration_avg":"0:41:00","wins":7,"draws":0,"losses":4,"winrate":0.6363636363636364,"cagr":0.010688171503297372,"expectancy":1.1136020027272724,"expectancy_ratio":0.22491521883986199,"sortino":0.34632868985220133,"sharpe":0.11292077774263631,"calmar":8.943058606585348,"sqn":0.7102,"profit_factor":1.6185168518096202,"max_drawdown_account":0.0062604674533643,"max_drawdown_abs":6.33509},"results_per_pair":[{"key":"PEPE/USDT:USDT","trades":11,"profit_mean":0.0031331693187841734,"profit_mean_pct":0.31,"profit_total_abs":12.24962203,"profit_total":0.012249622029999999,"profit_total_pct":1.22,"duration_avg":"0:41:00","wins":7,"draws":0,"losses":4,"winrate":0.6363636363636364,"cagr":0.010688171503297372,"expectancy":1.1136020027272724,"expectancy_ratio":0.22491521883986199,"sortino":0.34632868985220133,"sharpe":0.11292077774263631,"calmar":8.943058606585348,"sqn":0.7102,"profit_factor":1.6185168518096202,"max_drawdown_account":0.0062604674533643,"max_drawdown_abs":6.33509},{"key":"TOTAL","trades":11,"profit_mean":0.0031331693187841734,"profit_mean_pct":0.31,"profit_total_abs":12.24962203,"profit_total":0.012249622029999999,"profit_total_pct":1.22,"duration_avg":"0:41:00","wins":7,"draws":0,"losses":4,"winrate":0.6363636363636364,"cagr":0.010688171503297372,"expectancy":1.1136020027272724,"expectancy_ratio":0.22491521883986199,"sortino":0.34632868985220133,"sharpe":0.11292077774263631,"calmar":8.943058606585348,"sqn":0.7102,"profit_factor":1.6185168518096202,"max_drawdown_account":0.0062604674533643,"max_drawdown_abs":6.33509}],"results_per_enter_tag":[{"key":"","trades":11,"profit_mean":0.0031331693187841734,"profit_mean_pct":0.31,"profit_total_abs":12.24962203,"profit_total":0.012249622029999999,"profit_total_pct":1.22,"duration_avg":"0:41:00","wins":7,"draws":0,"losses":4,"winrate":0.6363636363636364,"cagr":0.010688171503297372,"expectancy":1.1136020027272724,"expectancy_ratio":0.22491521883986199,"sortino":0.34632868985220133,"sharpe":0.11292077774263631,"calmar":8.943058606585348,"sqn":0.7102,"profit_factor":1.6185168518096202,"max_drawdown_account":0.0062604674533643,"max_drawdown_abs":6.33509},{"key":"TOTAL","trades":11,"profit_mean":0.0031331693187841734,"profit_mean_pct":0.31,"profit_total_abs":12.24962203,"profit_total":0.012249622029999999,"profit_total_pct":1.22,"duration_avg":"0:41:00","wins":7,"draws":0,"losses":4,"winrate":0.6363636363636364,"cagr":0.010688171503297372,"expectancy":1.1136020027272724,"expectancy_ratio":0.22491521883986199,"sortino":0.34632868985220133,"sharpe":0.11292077774263631,"calmar":8.943058606585348,"sqn":0.7102,"profit_factor":1.6185168518096202,"max_drawdown_account":0.0062604674533643,"max_drawdown_abs":6.33509}],"exit_reason_summary":[{"key":"trailing_stop_loss","trades":7,"profit_mean":0.023173965204130672,"profit_mean_pct":2.32,"profit_total_abs":32.054453529999996,"profit_total":0.03205445353,"profit_total_pct":3.21,"duration_avg":"0:51:00","wins":7,"draws":0,"losses":0,"winrate":1.0,"cagr":0.02793392580402143,"expectancy":4.579207647142857,"expectancy_ratio":100.0,"sortino":-100,"sharpe":0.7227839088680235,"calmar":-100,"sqn":5.5337,"profit_factor":0.0,"max_drawdown_account":0.0,"max_drawdown_abs":0.0},{"key":"stop_loss","trades":4,"profit_mean":-0.0319382234805722,"profit_mean_pct":-3.19,"profit_total_abs":-19.8048315,"profit_total":-0.019804831499999998,"profit_total_pct":-1.98,"duration_avg":"0:22:00","wins":0,"draws":0,"losses":4,"winrate":0.0,"cagr":-0.017315569250973772,"expectancy":-4.951207875,"expectancy_ratio":-1.0,"sortino":-0.5599341211786438,"sharpe":-0.5599341211786438,"calmar":-4.570567745105937,"sqn":-5.3048,"profit_factor":0.0,"max_drawdown_account":0.019804831499999977,"max_drawdown_abs":19.8048315},{"key":"TOTAL","trades":11,"profit_mean":0.0031331693187841734,"profit_mean_pct":0.31,"profit_total_abs":12.24962203,"profit_total":0.012249622029999999,"profit_total_pct":1.22,"duration_avg":"0:41:00","wins":7,"draws":0,"losses":4,"winrate":0.6363636363636364,"cagr":0.010688171503297372,"expectancy":1.1136020027272724,"expectancy_ratio":0.22491521883986199,"sortino":0.34632868985220133,"sharpe":0.11292077774263631,"calmar":8.943058606585348,"sqn":0.7102,"profit_factor":1.6185168518096202,"max_drawdown_account":0.0062604674533643,"max_drawdown_abs":6.33509}],"mix_tag_stats":[{"key":["","trailing_stop_loss"],"trades":7,"profit_mean":0.023173965204130672,"profit_mean_pct":2.32,"profit_total_abs":32.054453529999996,"profit_total":0.03205445353,"profit_total_pct":3.21,"duration_avg":"0:51:00","wins":7,"draws":0,"losses":0,"winrate":1.0,"cagr":0.02793392580402143,"expectancy":4.579207647142857,"expectancy_ratio":100.0,"sortino":-100,"sharpe":0.7227839088680235,"calmar":-100,"sqn":5.5337,"profit_factor":0.0,"max_drawdown_account":0.0,"max_drawdown_abs":0.0},{"key":["","stop_loss"],"trades":4,"profit_mean":-0.0319382234805722,"profit_mean_pct":-3.19,"profit_total_abs":-19.8048315,"profit_total":-0.019804831499999998,"profit_total_pct":-1.98,"duration_avg":"0:22:00","wins":0,"draws":0,"losses":4,"winrate":0.0,"cagr":-0.017315569250973772,"expectancy":-4.951207875,"expectancy_ratio":-1.0,"sortino":-0.5599341211786438,"sharpe":-0.5599341211786438,"calmar":-4.570567745105937,"sqn":-5.3048,"profit_factor":0.0,"max_drawdown_account":0.019804831499999977,"max_drawdown_abs":19.8048315},{"key":"TOTAL","trades":11,"profit_mean":0.0031331693187841734,"profit_mean_pct":0.31,"profit_total_abs":12.24962203,"profit_total":0.012249622029999999,"profit_total_pct":1.22,"duration_avg":"0:41:00","wins":7,"draws":0,"losses":4,"winrate":0.6363636363636364,"cagr":0.010688171503297372,"expectancy":1.1136020027272724,"expectancy_ratio":0.22491521883986199,"sortino":0.34632868985220133,"sharpe":0.11292077774263631,"calmar":8.943058606585348,"sqn":0.7102,"profit_factor":1.6185168518096202,"max_drawdown_account":0.0062604674533643,"max_drawdown_abs":6.33509}],"left_open_trades":[{"key":"TOTAL","trades":0,"profit_mean":0.0,"profit_mean_pct":0.0,"profit_total_abs":0.0,"profit_total":0.0,"profit_total_pct":0.0,"duration_avg":"0:00","wins":0,"draws":0,"losses":0,"winrate":0.0,"cagr":0.0,"expectancy":0.0,"expectancy_ratio":100.0,"sortino":0,"sharpe":0,"calmar":0,"sqn":0.0,"profit_factor":0.0,"max_drawdown_account":0.0,"max_drawdown_abs":0.0}],"total_trades":11,"trade_count_long":5,"trade_count_short":6,"total_volume":8030.63999334,"avg_stake_amount":182.20972727272726,"profit_mean":0.0031331693187841734,"profit_median":0.013834830950537802,"profit_total":0.012249622029999999,"profit_total_long":0.01094738,"profit_total_short":0.0013022420300000013,"profit_total_abs":12.24962203,"profit_total_long_abs":10.947379999999999,"profit_total_short_abs":1.3022420300000013,"cagr":0.010688171503297372,"expectancy":1.1136020027272724,"expectancy_ratio":0.22491521883986199,"sortino":0.34632868985220133,"sharpe":0.11292077774263631,"calmar":8.943058606585348,"sqn":0.7102,"profit_factor":1.6185168518096202,"backtest_start":"2025-01-01 00:00:00","backtest_start_ts":1735689600000,"backtest_end":"2026-02-23 00:00:00","backtest_end_ts":1771804800000,"backtest_days":418,"backtest_run_start_ts":1771821929,"backtest_run_end_ts":1771821929,"trades_per_day":0.03,"market_change":-0.8017504179368671,"pairlist":["PEPE/USDT:USDT"],"stake_amount":150,"stake_currency":"USDT","stake_currency_decimals":3,"starting_balance":1000,"dry_run_wallet":1000,"final_balance":1012.24962203,"rejected_signals":0,"timedout_entry_orders":0,"timedout_exit_orders":1,"canceled_trade_entries":0,"canceled_entry_orders":0,"replaced_entry_orders":0,"max_open_trades":1,"max_open_trades_setting":2,"timeframe":"30m","timeframe_detail":"","timerange":"20250101-20260223","enable_protections":false,"strategy_name":"MultiPairFuturesStrategy","freqaimodel":null,"freqai_identifier":null,"stoploss":-0.03,"trailing_stop":true,"trailing_stop_positive":0.02,"trailing_stop_positive_offset":0.03,"trailing_only_offset_is_reached":true,"use_custom_stoploss":false,"minimal_roi":{},"use_exit_signal":true,"exit_profit_only":false,"exit_profit_offset":0.0,"ignore_roi_if_entry_signal":false,"trading_mode":"futures","margin_mode":"isolated","periodic_breakdown":{"day":[{"date":"09/05/2025","date_ts":1746748800000,"profit_abs":-4.758125,"wins":0,"draws":0,"losses":1,"trades":1,"profit_factor":0.0},{"date":"10/05/2025","date_ts":1746835200000,"profit_abs":0.0,"wins":0,"draws":0,"losses":0,"trades":0,"profit_factor":0.0},{"date":"11/05/2025","date_ts":1746921600000,"profit_abs":0.0,"wins":0,"draws":0,"losses":0,"trades":0,"profit_factor":0.0},{"date":"12/05/2025","date_ts":1747008000000,"profit_abs":0.0,"wins":0,"draws":0,"losses":0,"trades":0,"profit_factor":0.0},{"date":"13/05/2025","date_ts":1747094400000,"profit_abs":0.0,"wins":0,"draws":0,"losses":0,"trades":0,"profit_factor":0.0},{"date":"14/05/2025","date_ts":1747180800000,"profit_abs":0.0,"wins":0,"draws":0,"losses":0,"trades":0,"profit_factor":0.0},{"date":"15/05/2025","date_ts":1747267200000,"profit_abs":0.0,"wins":0,"draws":0,"losses":0,"trades":0,"profit_factor":0.0},{"date":"16/05/2025","date_ts":1747353600000,"profit_abs":0.0,"wins":0,"draws":0,"losses":0,"trades":0,"profit_factor":0.0},{"date":"17/05/2025","date_ts":1747440000000,"profit_abs":0.0,"wins":0,"draws":0,"losses":0,"trades":0,"profit_factor":0.0},{"date":"18/05/2025","date_ts":1747526400000,"profit_abs":0.0,"wins":0,"draws":0,"losses":0,"trades":0,"profit_factor":0.0},{"date":"19/05/2025","date_ts":1747612800000,"profit_abs":0.0,"wins":0,"draws":0,"losses":0,"trades":0,"profit_factor":0.0},{"date":"20/05/2025","date_ts":1747699200000,"profit_abs":0.0,"wins":0,"draws":0,"losses":0,"trades":0,"profit_factor":0.0},{"date":"21/05/2025","date_ts":1747785600000,"profit_abs":0.0,"wins":0,"draws":0,"losses":0,"trades":0,"profit_factor":0.0},{"date":"22/05/2025","date_ts":1747872000000,"profit_abs":0.0,"wins":0,"draws":0,"losses":0,"trades":0,"profit_factor":0.0},{"date":"23/05/2025","date_ts":1747958400000,"profit_abs":0.0,"wins":0,"draws":0,"losses":0,"trades":0,"profit_factor":0.0},{"date":"24/05/2025","date_ts":1748044800000,"profit_abs":0.0,"wins":0,"draws":0,"losses":0,"trades":0,"profit_factor":0.0},{"date":"25/05/2025","date_ts":1748131200000,"profit_abs":0.0,"wins":0,"draws":0,"losses":0,"trades":0,"profit_factor":0.0},{"date":"26/05/2025","date_ts":1748217600000,"profit_abs":0.0,"wins":0,"draws":0,"losses":0,"trades":0,"profit_factor":0.0},{"date":"27/05/2025","date_ts":1748304000000,"profit_abs":0.0,"wins":0,"draws":0,"losses":0,"trades":0,"profit_factor":0.0},{"date":"28/05/2025","date_ts":1748390400000,"profit_abs":0.0,"wins":0,"draws":0,"losses":0,"trades":0,"profit_factor":0.0},{"date":"29/05/2025","date_ts":1748476800000,"profit_abs":0.0,"wins":0,"draws":0,"losses":0,"trades":0,"profit_factor":0.0},{"date":"30/05/2025","date_ts":1748563200000,"profit_abs":0.0,"wins":0,"draws":0,"losses":0,"trades":0,"profit_factor":0.0},{"date":"31/05/2025","date_ts":1748649600000,"profit_abs":0.0,"wins":0,"draws":0,"losses":0,"trades":0,"profit_factor":0.0},{"date":"01/06/2025","date_ts":1748736000000,"profit_abs":0.0,"wins":0,"draws":0,"losses":0,"trades":0,"profit_factor":0.0},{"date":"02/06/2025","date_ts":1748822400000,"profit_abs":0.0,"wins":0,"draws":0,"losses":0,"trades":0,"profit_factor":0.0},{"date":"03/06/2025","date_ts":1748908800000,"profit_abs":0.0,"wins":0,"draws":0,"losses":0,"trades":0,"profit_factor":0.0},{"date":"04/06/2025","date_ts":1748995200000,"profit_abs":0.0,"wins":0,"draws":0,"losses":0,"trades":0,"profit_factor":0.0},{"date":"05/06/2025","date_ts":1749081600000,"profit_abs":0.0,"wins":0,"draws":0,"losses":0,"trades":0,"profit_factor":0.0},{"date":"06/06/2025","date_ts":1749168000000,"profit_abs":0.0,"wins":0,"draws":0,"losses":0,"trades":0,"profit_factor":0.0},{"date":"07/06/2025","date_ts":1749254400000,"profit_abs":0.0,"wins":0,"draws":0,"losses":0,"trades":0,"profit_factor":0.0},{"date":"08/06/2025","date_ts":1749340800000,"profit_abs":0.0,"wins":0,"draws":0,"losses":0,"trades":0,"profit_factor":0.0},{"date":"09/06/2025","date_ts":1749427200000,"profit_abs":0.0,"wins":0,"draws":0,"losses":0,"trades":0,"profit_factor":0.0},{"date":"10/06/2025","date_ts":1749513600000,"profit_abs":0.0,"wins":0,"draws":0,"losses":0,"trades":0,"profit_factor":0.0},{"date":"11/06/2025","date_ts":1749600000000,"profit_abs":0.0,"wins":0,"draws":0,"losses":0,"trades":0,"profit_factor":0.0},{"date":"12/06/2025","date_ts":1749686400000,"profit_abs":0.0,"wins":0,"draws":0,"losses":0,"trades":0,"profit_factor":0.0},{"date":"13/06/2025","date_ts":1749772800000,"profit_abs":0.0,"wins":0,"draws":0,"losses":0,"trades":0,"profit_factor":0.0},{"date":"14/06/2025","date_ts":1749859200000,"profit_abs":0.0,"wins":0,"draws":0,"losses":0,"trades":0,"profit_factor":0.0},{"date":"15/06/2025","date_ts":1749945600000,"profit_abs":0.0,"wins":0,"draws":0,"losses":0,"trades":0,"profit_factor":0.0},{"date":"16/06/2025","date_ts":1750032000000,"profit_abs":0.0,"wins":0,"draws":0,"losses":0,"trades":0,"profit_factor":0.0},{"date":"17/06/2025","date_ts":1750118400000,"profit_abs":0.0,"wins":0,"draws":0,"losses":0,"trades":0,"profit_factor":0.0},{"date":"18/06/2025","date_ts":1750204800000,"profit_abs":0.0,"wins":0,"draws":0,"losses":0,"trades":0,"profit_factor":0.0},{"date":"19/06/2025","date_ts":1750291200000,"profit_abs":0.0,"wins":0,"draws":0,"losses":0,"trades":0,"profit_factor":0.0},{"date":"20/06/2025","date_ts":1750377600000,"profit_abs":0.0,"wins":0,"draws":0,"losses":0,"trades":0,"profit_factor":0.0},{"date":"21/06/2025","date_ts":1750464000000,"profit_abs":0.0,"wins":0,"draws":0,"losses":0,"trades":0,"profit_factor":0.0},{"date":"22/06/2025","date_ts":1750550400000,"profit_abs":0.0,"wins":0,"draws":0,"losses":0,"trades":0,"profit_factor":0.0},{"date":"23/06/2025","date_ts":1750636800000,"profit_abs":0.0,"wins":0,"draws":0,"losses":0,"trades":0,"profit_factor":0.0},{"date":"24/06/2025","date_ts":1750723200000,"profit_abs":0.0,"wins":0,"draws":0,"losses":0,"trades":0,"profit_factor":0.0},{"date":"25/06/2025","date_ts":1750809600000,"profit_abs":0.0,"wins":0,"draws":0,"losses":0,"trades":0,"profit_factor":0.0},{"date":"26/06/2025","date_ts":1750896000000,"profit_abs":0.0,"wins":0,"draws":0,"losses":0,"trades":0,"profit_factor":0.0},{"date":"27/06/2025","date_ts":1750982400000,"profit_abs":0.0,"wins":0,"draws":0,"losses":0,"trades":0,"profit_factor":0.0},{"date":"28/06/2025","date_ts":1751068800000,"profit_abs":0.0,"wins":0,"draws":0,"losses":0,"trades":0,"profit_factor":0.0},{"date":"29/06/2025","date_ts":1751155200000,"profit_abs":0.0,"wins":0,"draws":0,"losses":0,"trades":0,"profit_factor":0.0},{"date":"30/06/2025","date_ts":1751241600000,"profit_abs":0.0,"wins":0,"draws":0,"losses":0,"trades":0,"profit_factor":0.0},{"date":"01/07/2025","date_ts":1751328000000,"profit_abs":0.0,"wins":0,"draws":0,"losses":0,"trades":0,"profit_factor":0.0},{"date":"02/07/2025","date_ts":1751414400000,"profit_abs":0.0,"wins":0,"draws":0,"losses":0,"trades":0,"profit_factor":0.0},{"date":"03/07/2025","date_ts":1751500800000,"profit_abs":0.0,"wins":0,"draws":0,"losses":0,"trades":0,"profit_factor":0.0},{"date":"04/07/2025","date_ts":1751587200000,"profit_abs":0.0,"wins":0,"draws":0,"losses":0,"trades":0,"profit_factor":0.0},{"date":"05/07/2025","date_ts":1751673600000,"profit_abs":0.0,"wins":0,"draws":0,"losses":0,"trades":0,"profit_factor":0.0},{"date":"06/07/2025","date_ts":1751760000000,"profit_abs":0.0,"wins":0,"draws":0,"losses":0,"trades":0,"profit_factor":0.0},{"date":"07/07/2025","date_ts":1751846400000,"profit_abs":0.0,"wins":0,"draws":0,"losses":0,"trades":0,"profit_factor":0.0},{"date":"08/07/2025","date_ts":1751932800000,"profit_abs":0.0,"wins":0,"draws":0,"losses":0,"trades":0,"profit_factor":0.0},{"date":"09/07/2025","date_ts":1752019200000,"profit_abs":0.0,"wins":0,"draws":0,"losses":0,"trades":0,"profit_factor":0.0},{"date":"10/07/2025","date_ts":1752105600000,"profit_abs":0.0,"wins":0,"draws":0,"losses":0,"trades":0,"profit_factor":0.0},{"date":"11/07/2025","date_ts":1752192000000,"profit_abs":0.0,"wins":0,"draws":0,"losses":0,"trades":0,"profit_factor":0.0},{"date":"12/07/2025","date_ts":1752278400000,"profit_abs":0.0,"wins":0,"draws":0,"losses":0,"trades":0,"profit_factor":0.0},{"date":"13/07/2025","date_ts":1752364800000,"profit_abs":0.0,"wins":0,"draws":0,"losses":0,"trades":0,"profit_factor":0.0},{"date":"14/07/2025","date_ts":1752451200000,"profit_abs":0.0,"wins":0,"draws":0,"losses":0,"trades":0,"profit_factor":0.0},{"date":"15/07/2025","date_ts":1752537600000,"profit_abs":0.0,"wins":0,"draws":0,"losses":0,"trades":0,"profit_factor":0.0},{"date":"16/07/2025","date_ts":1752624000000,"profit_abs":0.0,"wins":0,"draws":0,"losses":0,"trades":0,"profit_factor":0.0},{"date":"17/07/2025","date_ts":1752710400000,"profit_abs":0.0,"wins":0,"draws":0,"losses":0,"trades":0,"profit_factor":0.0},{"date":"18/07/2025","date_ts":1752796800000,"profit_abs":0.0,"wins":0,"draws":0,"losses":0,"trades":0,"profit_factor":0.0},{"date":"19/07/2025","date_ts":1752883200000,"profit_abs":0.0,"wins":0,"draws":0,"losses":0,"trades":0,"profit_factor":0.0},{"date":"20/07/2025","date_ts":1752969600000,"profit_abs":0.0,"wins":0,"draws":0,"losses":0,"trades":0,"profit_factor":0.0},{"date":"21/07/2025","date_ts":1753056000000,"profit_abs":0.0,"wins":0,"draws":0,"losses":0,"trades":0,"profit_factor":0.0},{"date":"22/07/2025","date_ts":1753142400000,"profit_abs":0.0,"wins":0,"draws":0,"losses":0,"trades":0,"profit_factor":0.0},{"date":"23/07/2025","date_ts":1753228800000,"profit_abs":0.0,"wins":0,"draws":0,"losses":0,"trades":0,"profit_factor":0.0},{"date":"24/07/2025","date_ts":1753315200000,"profit_abs":0.0,"wins":0,"draws":0,"losses":0,"trades":0,"profit_factor":0.0},{"date":"25/07/2025","date_ts":1753401600000,"profit_abs":0.0,"wins":0,"draws":0,"losses":0,"trades":0,"profit_factor":0.0},{"date":"26/07/2025","date_ts":1753488000000,"profit_abs":0.0,"wins":0,"draws":0,"losses":0,"trades":0,"profit_factor":0.0},{"date":"27/07/2025","date_ts":1753574400000,"profit_abs":0.0,"wins":0,"draws":0,"losses":0,"trades":0,"profit_factor":0.0},{"date":"28/07/2025","date_ts":1753660800000,"profit_abs":0.0,"wins":0,"draws":0,"losses":0,"trades":0,"profit_factor":0.0},{"date":"29/07/2025","date_ts":1753747200000,"profit_abs":0.0,"wins":0,"draws":0,"losses":0,"trades":0,"profit_factor":0.0},{"date":"30/07/2025","date_ts":1753833600000,"profit_abs":0.0,"wins":0,"draws":0,"losses":0,"trades":0,"profit_factor":0.0},{"date":"31/07/2025","date_ts":1753920000000,"profit_abs":0.0,"wins":0,"draws":0,"losses":0,"trades":0,"profit_factor":0.0},{"date":"01/08/2025","date_ts":1754006400000,"profit_abs":0.0,"wins":0,"draws":0,"losses":0,"trades":0,"profit_factor":0.0},{"date":"02/08/2025","date_ts":1754092800000,"profit_abs":0.0,"wins":0,"draws":0,"losses":0,"trades":0,"profit_factor":0.0},{"date":"03/08/2025","date_ts":1754179200000,"profit_abs":0.0,"wins":0,"draws":0,"losses":0,"trades":0,"profit_factor":0.0},{"date":"04/08/2025","date_ts":1754265600000,"profit_abs":0.0,"wins":0,"draws":0,"losses":0,"trades":0,"profit_factor":0.0},{"date":"05/08/2025","date_ts":1754352000000,"profit_abs":0.0,"wins":0,"draws":0,"losses":0,"trades":0,"profit_factor":0.0},{"date":"06/08/2025","date_ts":1754438400000,"profit_abs":0.0,"wins":0,"draws":0,"losses":0,"trades":0,"profit_factor":0.0},{"date":"07/08/2025","date_ts":1754524800000,"profit_abs":0.0,"wins":0,"draws":0,"losses":0,"trades":0,"profit_factor":0.0},{"date":"08/08/2025","date_ts":1754611200000,"profit_abs":0.0,"wins":0,"draws":0,"losses":0,"trades":0,"profit_factor":0.0},{"date":"09/08/2025","date_ts":1754697600000,"profit_abs":2.710768,"wins":1,"draws":0,"losses":0,"trades":1,"profit_factor":0.0},{"date":"10/08/2025","date_ts":1754784000000,"profit_abs":0.0,"wins":0,"draws":0,"losses":0,"trades":0,"profit_factor":0.0},{"date":"11/08/2025","date_ts":1754870400000,"profit_abs":0.0,"wins":0,"draws":0,"losses":0,"trades":0,"profit_factor":0.0},{"date":"12/08/2025","date_ts":1754956800000,"profit_abs":0.0,"wins":0,"draws":0,"losses":0,"trades":0,"profit_factor":0.0},{"date":"13/08/2025","date_ts":1755043200000,"profit_abs":0.0,"wins":0,"draws":0,"losses":0,"trades":0,"profit_factor":0.0},{"date":"14/08/2025","date_ts":1755129600000,"profit_abs":0.0,"wins":0,"draws":0,"losses":0,"trades":0,"profit_factor":0.0},{"date":"15/08/2025","date_ts":1755216000000,"profit_abs":0.0,"wins":0,"draws":0,"losses":0,"trades":0,"profit_factor":0.0},{"date":"16/08/2025","date_ts":1755302400000,"profit_abs":0.0,"wins":0,"draws":0,"losses":0,"trades":0,"profit_factor":0.0},{"date":"17/08/2025","date_ts":1755388800000,"profit_abs":0.0,"wins":0,"draws":0,"losses":0,"trades":0,"profit_factor":0.0},{"date":"18/08/2025","date_ts":1755475200000,"profit_abs":0.0,"wins":0,"draws":0,"losses":0,"trades":0,"profit_factor":0.0},{"date":"19/08/2025","date_ts":1755561600000,"profit_abs":0.0,"wins":0,"draws":0,"losses":0,"trades":0,"profit_factor":0.0},{"date":"20/08/2025","date_ts":1755648000000,"profit_abs":0.0,"wins":0,"draws":0,"losses":0,"trades":0,"profit_factor":0.0},{"date":"21/08/2025","date_ts":1755734400000,"profit_abs":0.0,"wins":0,"draws":0,"losses":0,"trades":0,"profit_factor":0.0},{"date":"22/08/2025","date_ts":1755820800000,"profit_abs":0.0,"wins":0,"draws":0,"losses":0,"trades":0,"profit_factor":0.0},{"date":"23/08/2025","date_ts":1755907200000,"profit_abs":0.0,"wins":0,"draws":0,"losses":0,"trades":0,"profit_factor":0.0},{"date":"24/08/2025","date_ts":1755993600000,"profit_abs":0.0,"wins":0,"draws":0,"losses":0,"trades":0,"profit_factor":0.0},{"date":"25/08/2025","date_ts":1756080000000,"profit_abs":0.0,"wins":0,"draws":0,"losses":0,"trades":0,"profit_factor":0.0},{"date":"26/08/2025","date_ts":1756166400000,"profit_abs":0.0,"wins":0,"draws":0,"losses":0,"trades":0,"profit_factor":0.0},{"date":"27/08/2025","date_ts":1756252800000,"profit_abs":0.0,"wins":0,"draws":0,"losses":0,"trades":0,"profit_factor":0.0},{"date":"28/08/2025","date_ts":1756339200000,"profit_abs":0.0,"wins":0,"draws":0,"losses":0,"trades":0,"profit_factor":0.0},{"date":"29/08/2025","date_ts":1756425600000,"profit_abs":0.0,"wins":0,"draws":0,"losses":0,"trades":0,"profit_factor":0.0},{"date":"30/08/2025","date_ts":1756512000000,"profit_abs":0.0,"wins":0,"draws":0,"losses":0,"trades":0,"profit_factor":0.0},{"date":"31/08/2025","date_ts":1756598400000,"profit_abs":0.0,"wins":0,"draws":0,"losses":0,"trades":0,"profit_factor":0.0},{"date":"01/09/2025","date_ts":1756684800000,"profit_abs":0.0,"wins":0,"draws":0,"losses":0,"trades":0,"profit_factor":0.0},{"date":"02/09/2025","date_ts":1756771200000,"profit_abs":0.0,"wins":0,"draws":0,"losses":0,"trades":0,"profit_factor":0.0},{"date":"03/09/2025","date_ts":1756857600000,"profit_abs":0.0,"wins":0,"draws":0,"losses":0,"trades":0,"profit_factor":0.0},{"date":"04/09/2025","date_ts":1756944000000,"profit_abs":0.0,"wins":0,"draws":0,"losses":0,"trades":0,"profit_factor":0.0},{"date":"05/09/2025","date_ts":1757030400000,"profit_abs":0.0,"wins":0,"draws":0,"losses":0,"trades":0,"profit_factor":0.0},{"date":"06/09/2025","date_ts":1757116800000,"profit_abs":0.0,"wins":0,"draws":0,"losses":0,"trades":0,"profit_factor":0.0},{"date":"07/09/2025","date_ts":1757203200000,"profit_abs":0.0,"wins":0,"draws":0,"losses":0,"trades":0,"profit_factor":0.0},{"date":"08/09/2025","date_ts":1757289600000,"profit_abs":0.0,"wins":0,"draws":0,"losses":0,"trades":0,"profit_factor":0.0},{"date":"09/09/2025","date_ts":1757376000000,"profit_abs":0.0,"wins":0,"draws":0,"losses":0,"trades":0,"profit_factor":0.0},{"date":"10/09/2025","date_ts":1757462400000,"profit_abs":0.0,"wins":0,"draws":0,"losses":0,"trades":0,"profit_factor":0.0},{"date":"11/09/2025","date_ts":1757548800000,"profit_abs":0.0,"wins":0,"draws":0,"losses":0,"trades":0,"profit_factor":0.0},{"date":"12/09/2025","date_ts":1757635200000,"profit_abs":0.0,"wins":0,"draws":0,"losses":0,"trades":0,"profit_factor":0.0},{"date":"13/09/2025","date_ts":1757721600000,"profit_abs":0.0,"wins":0,"draws":0,"losses":0,"trades":0,"profit_factor":0.0},{"date":"14/09/2025","date_ts":1757808000000,"profit_abs":0.0,"wins":0,"draws":0,"losses":0,"trades":0,"profit_factor":0.0},{"date":"15/09/2025","date_ts":1757894400000,"profit_abs":0.0,"wins":0,"draws":0,"losses":0,"trades":0,"profit_factor":0.0},{"date":"16/09/2025","date_ts":1757980800000,"profit_abs":0.0,"wins":0,"draws":0,"losses":0,"trades":0,"profit_factor":0.0},{"date":"17/09/2025","date_ts":1758067200000,"profit_abs":0.0,"wins":0,"draws":0,"losses":0,"trades":0,"profit_factor":0.0},{"date":"18/09/2025","date_ts":1758153600000,"profit_abs":0.0,"wins":0,"draws":0,"losses":0,"trades":0,"profit_factor":0.0},{"date":"19/09/2025","date_ts":1758240000000,"profit_abs":0.0,"wins":0,"draws":0,"losses":0,"trades":0,"profit_factor":0.0},{"date":"20/09/2025","date_ts":1758326400000,"profit_abs":0.0,"wins":0,"draws":0,"losses":0,"trades":0,"profit_factor":0.0},{"date":"21/09/2025","date_ts":1758412800000,"profit_abs":0.0,"wins":0,"draws":0,"losses":0,"trades":0,"profit_factor":0.0},{"date":"22/09/2025","date_ts":1758499200000,"profit_abs":0.0,"wins":0,"draws":0,"losses":0,"trades":0,"profit_factor":0.0},{"date":"23/09/2025","date_ts":1758585600000,"profit_abs":0.0,"wins":0,"draws":0,"losses":0,"trades":0,"profit_factor":0.0},{"date":"24/09/2025","date_ts":1758672000000,"profit_abs":0.0,"wins":0,"draws":0,"losses":0,"trades":0,"profit_factor":0.0},{"date":"25/09/2025","date_ts":1758758400000,"profit_abs":0.0,"wins":0,"draws":0,"losses":0,"trades":0,"profit_factor":0.0},{"date":"26/09/2025","date_ts":1758844800000,"profit_abs":0.0,"wins":0,"draws":0,"losses":0,"trades":0,"profit_factor":0.0},{"date":"27/09/2025","date_ts":1758931200000,"profit_abs":0.0,"wins":0,"draws":0,"losses":0,"trades":0,"profit_factor":0.0},{"date":"28/09/2025","date_ts":1759017600000,"profit_abs":0.0,"wins":0,"draws":0,"losses":0,"trades":0,"profit_factor":0.0},{"date":"29/09/2025","date_ts":1759104000000,"profit_abs":0.0,"wins":0,"draws":0,"losses":0,"trades":0,"profit_factor":0.0},{"date":"30/09/2025","date_ts":1759190400000,"profit_abs":0.0,"wins":0,"draws":0,"losses":0,"trades":0,"profit_factor":0.0},{"date":"01/10/2025","date_ts":1759276800000,"profit_abs":0.0,"wins":0,"draws":0,"losses":0,"trades":0,"profit_factor":0.0},{"date":"02/10/2025","date_ts":1759363200000,"profit_abs":0.0,"wins":0,"draws":0,"losses":0,"trades":0,"profit_factor":0.0},{"date":"03/10/2025","date_ts":1759449600000,"profit_abs":0.0,"wins":0,"draws":0,"losses":0,"trades":0,"profit_factor":0.0},{"date":"04/10/2025","date_ts":1759536000000,"profit_abs":0.0,"wins":0,"draws":0,"losses":0,"trades":0,"profit_factor":0.0},{"date":"05/10/2025","date_ts":1759622400000,"profit_abs":0.0,"wins":0,"draws":0,"losses":0,"trades":0,"profit_factor":0.0},{"date":"06/10/2025","date_ts":1759708800000,"profit_abs":0.0,"wins":0,"draws":0,"losses":0,"trades":0,"profit_factor":0.0},{"date":"07/10/2025","date_ts":1759795200000,"profit_abs":0.0,"wins":0,"draws":0,"losses":0,"trades":0,"profit_factor":0.0},{"date":"08/10/2025","date_ts":1759881600000,"profit_abs":0.0,"wins":0,"draws":0,"losses":0,"trades":0,"profit_factor":0.0},{"date":"09/10/2025","date_ts":1759968000000,"profit_abs":0.0,"wins":0,"draws":0,"losses":0,"trades":0,"profit_factor":0.0},{"date":"10/10/2025","date_ts":1760054400000,"profit_abs":-2.381947,"wins":0,"draws":0,"losses":1,"trades":1,"profit_factor":0.0},{"date":"11/10/2025","date_ts":1760140800000,"profit_abs":0.0,"wins":0,"draws":0,"losses":0,"trades":0,"profit_factor":0.0},{"date":"12/10/2025","date_ts":1760227200000,"profit_abs":0.0,"wins":0,"draws":0,"losses":0,"trades":0,"profit_factor":0.0},{"date":"13/10/2025","date_ts":1760313600000,"profit_abs":0.0,"wins":0,"draws":0,"losses":0,"trades":0,"profit_factor":0.0},{"date":"14/10/2025","date_ts":1760400000000,"profit_abs":0.0,"wins":0,"draws":0,"losses":0,"trades":0,"profit_factor":0.0},{"date":"15/10/2025","date_ts":1760486400000,"profit_abs":0.0,"wins":0,"draws":0,"losses":0,"trades":0,"profit_factor":0.0},{"date":"16/10/2025","date_ts":1760572800000,"profit_abs":0.0,"wins":0,"draws":0,"losses":0,"trades":0,"profit_factor":0.0},{"date":"17/10/2025","date_ts":1760659200000,"profit_abs":0.0,"wins":0,"draws":0,"losses":0,"trades":0,"profit_factor":0.0},{"date":"18/10/2025","date_ts":1760745600000,"profit_abs":0.0,"wins":0,"draws":0,"losses":0,"trades":0,"profit_factor":0.0},{"date":"19/10/2025","date_ts":1760832000000,"profit_abs":0.0,"wins":0,"draws":0,"losses":0,"trades":0,"profit_factor":0.0},{"date":"20/10/2025","date_ts":1760918400000,"profit_abs":0.0,"wins":0,"draws":0,"losses":0,"trades":0,"profit_factor":0.0},{"date":"21/10/2025","date_ts":1761004800000,"profit_abs":0.0,"wins":0,"draws":0,"losses":0,"trades":0,"profit_factor":0.0},{"date":"22/10/2025","date_ts":1761091200000,"profit_abs":0.0,"wins":0,"draws":0,"losses":0,"trades":0,"profit_factor":0.0},{"date":"23/10/2025","date_ts":1761177600000,"profit_abs":0.0,"wins":0,"draws":0,"losses":0,"trades":0,"profit_factor":0.0},{"date":"24/10/2025","date_ts":1761264000000,"profit_abs":0.0,"wins":0,"draws":0,"losses":0,"trades":0,"profit_factor":0.0},{"date":"25/10/2025","date_ts":1761350400000,"profit_abs":0.0,"wins":0,"draws":0,"losses":0,"trades":0,"profit_factor":0.0},{"date":"26/10/2025","date_ts":1761436800000,"profit_abs":0.0,"wins":0,"draws":0,"losses":0,"trades":0,"profit_factor":0.0},{"date":"27/10/2025","date_ts":1761523200000,"profit_abs":0.0,"wins":0,"draws":0,"losses":0,"trades":0,"profit_factor":0.0},{"date":"28/10/2025","date_ts":1761609600000,"profit_abs":0.0,"wins":0,"draws":0,"losses":0,"trades":0,"profit_factor":0.0},{"date":"29/10/2025","date_ts":1761696000000,"profit_abs":0.0,"wins":0,"draws":0,"losses":0,"trades":0,"profit_factor":0.0},{"date":"30/10/2025","date_ts":1761782400000,"profit_abs":0.0,"wins":0,"draws":0,"losses":0,"trades":0,"profit_factor":0.0},{"date":"31/10/2025","date_ts":1761868800000,"profit_abs":0.0,"wins":0,"draws":0,"losses":0,"trades":0,"profit_factor":0.0},{"date":"01/11/2025","date_ts":1761955200000,"profit_abs":0.0,"wins":0,"draws":0,"losses":0,"trades":0,"profit_factor":0.0},{"date":"02/11/2025","date_ts":1762041600000,"profit_abs":0.0,"wins":0,"draws":0,"losses":0,"trades":0,"profit_factor":0.0},{"date":"03/11/2025","date_ts":1762128000000,"profit_abs":7.48073916,"wins":1,"draws":0,"losses":0,"trades":1,"profit_factor":0.0},{"date":"04/11/2025","date_ts":1762214400000,"profit_abs":0.0,"wins":0,"draws":0,"losses":0,"trades":0,"profit_factor":0.0},{"date":"05/11/2025","date_ts":1762300800000,"profit_abs":0.0,"wins":0,"draws":0,"losses":0,"trades":0,"profit_factor":0.0},{"date":"06/11/2025","date_ts":1762387200000,"profit_abs":0.0,"wins":0,"draws":0,"losses":0,"trades":0,"profit_factor":0.0},{"date":"07/11/2025","date_ts":1762473600000,"profit_abs":0.0,"wins":0,"draws":0,"losses":0,"trades":0,"profit_factor":0.0},{"date":"08/11/2025","date_ts":1762560000000,"profit_abs":0.0,"wins":0,"draws":0,"losses":0,"trades":0,"profit_factor":0.0},{"date":"09/11/2025","date_ts":1762646400000,"profit_abs":0.0,"wins":0,"draws":0,"losses":0,"trades":0,"profit_factor":0.0},{"date":"10/11/2025","date_ts":1762732800000,"profit_abs":0.0,"wins":0,"draws":0,"losses":0,"trades":0,"profit_factor":0.0},{"date":"11/11/2025","date_ts":1762819200000,"profit_abs":0.0,"wins":0,"draws":0,"losses":0,"trades":0,"profit_factor":0.0},{"date":"12/11/2025","date_ts":1762905600000,"profit_abs":0.0,"wins":0,"draws":0,"losses":0,"trades":0,"profit_factor":0.0},{"date":"13/11/2025","date_ts":1762992000000,"profit_abs":0.0,"wins":0,"draws":0,"losses":0,"trades":0,"profit_factor":0.0},{"date":"14/11/2025","date_ts":1763078400000,"profit_abs":0.0,"wins":0,"draws":0,"losses":0,"trades":0,"profit_factor":0.0},{"date":"15/11/2025","date_ts":1763164800000,"profit_abs":0.0,"wins":0,"draws":0,"losses":0,"trades":0,"profit_factor":0.0},{"date":"16/11/2025","date_ts":1763251200000,"profit_abs":0.0,"wins":0,"draws":0,"losses":0,"trades":0,"profit_factor":0.0},{"date":"17/11/2025","date_ts":1763337600000,"profit_abs":0.0,"wins":0,"draws":0,"losses":0,"trades":0,"profit_factor":0.0},{"date":"18/11/2025","date_ts":1763424000000,"profit_abs":0.0,"wins":0,"draws":0,"losses":0,"trades":0,"profit_factor":0.0},{"date":"19/11/2025","date_ts":1763510400000,"profit_abs":0.0,"wins":0,"draws":0,"losses":0,"trades":0,"profit_factor":0.0},{"date":"20/11/2025","date_ts":1763596800000,"profit_abs":0.0,"wins":0,"draws":0,"losses":0,"trades":0,"profit_factor":0.0},{"date":"21/11/2025","date_ts":1763683200000,"profit_abs":0.0,"wins":0,"draws":0,"losses":0,"trades":0,"profit_factor":0.0},{"date":"22/11/2025","date_ts":1763769600000,"profit_abs":0.0,"wins":0,"draws":0,"losses":0,"trades":0,"profit_factor":0.0},{"date":"23/11/2025","date_ts":1763856000000,"profit_abs":0.0,"wins":0,"draws":0,"losses":0,"trades":0,"profit_factor":0.0},{"date":"24/11/2025","date_ts":1763942400000,"profit_abs":0.0,"wins":0,"draws":0,"losses":0,"trades":0,"profit_factor":0.0},{"date":"25/11/2025","date_ts":1764028800000,"profit_abs":0.0,"wins":0,"draws":0,"losses":0,"trades":0,"profit_factor":0.0},{"date":"26/11/2025","date_ts":1764115200000,"profit_abs":0.0,"wins":0,"draws":0,"losses":0,"trades":0,"profit_factor":0.0},{"date":"27/11/2025","date_ts":1764201600000,"profit_abs":0.0,"wins":0,"draws":0,"losses":0,"trades":0,"profit_factor":0.0},{"date":"28/11/2025","date_ts":1764288000000,"profit_abs":0.0,"wins":0,"draws":0,"losses":0,"trades":0,"profit_factor":0.0},{"date":"29/11/2025","date_ts":1764374400000,"profit_abs":0.0,"wins":0,"draws":0,"losses":0,"trades":0,"profit_factor":0.0},{"date":"30/11/2025","date_ts":1764460800000,"profit_abs":0.0,"wins":0,"draws":0,"losses":0,"trades":0,"profit_factor":0.0},{"date":"01/12/2025","date_ts":1764547200000,"profit_abs":3.56017,"wins":1,"draws":0,"losses":0,"trades":1,"profit_factor":0.0},{"date":"02/12/2025","date_ts":1764633600000,"profit_abs":0.0,"wins":0,"draws":0,"losses":0,"trades":0,"profit_factor":0.0},{"date":"03/12/2025","date_ts":1764720000000,"profit_abs":0.0,"wins":0,"draws":0,"losses":0,"trades":0,"profit_factor":0.0},{"date":"04/12/2025","date_ts":1764806400000,"profit_abs":0.0,"wins":0,"draws":0,"losses":0,"trades":0,"profit_factor":0.0},{"date":"05/12/2025","date_ts":1764892800000,"profit_abs":0.0,"wins":0,"draws":0,"losses":0,"trades":0,"profit_factor":0.0},{"date":"06/12/2025","date_ts":1764979200000,"profit_abs":0.0,"wins":0,"draws":0,"losses":0,"trades":0,"profit_factor":0.0},{"date":"07/12/2025","date_ts":1765065600000,"profit_abs":0.0,"wins":0,"draws":0,"losses":0,"trades":0,"profit_factor":0.0},{"date":"08/12/2025","date_ts":1765152000000,"profit_abs":0.0,"wins":0,"draws":0,"losses":0,"trades":0,"profit_factor":0.0},{"date":"09/12/2025","date_ts":1765238400000,"profit_abs":0.0,"wins":0,"draws":0,"losses":0,"trades":0,"profit_factor":0.0},{"date":"10/12/2025","date_ts":1765324800000,"profit_abs":0.0,"wins":0,"draws":0,"losses":0,"trades":0,"profit_factor":0.0},{"date":"11/12/2025","date_ts":1765411200000,"profit_abs":0.0,"wins":0,"draws":0,"losses":0,"trades":0,"profit_factor":0.0},{"date":"12/12/2025","date_ts":1765497600000,"profit_abs":5.30803937,"wins":1,"draws":0,"losses":0,"trades":1,"profit_factor":0.0},{"date":"13/12/2025","date_ts":1765584000000,"profit_abs":0.0,"wins":0,"draws":0,"losses":0,"trades":0,"profit_factor":0.0},{"date":"14/12/2025","date_ts":1765670400000,"profit_abs":0.0,"wins":0,"draws":0,"losses":0,"trades":0,"profit_factor":0.0},{"date":"15/12/2025","date_ts":1765756800000,"profit_abs":0.0,"wins":0,"draws":0,"losses":0,"trades":0,"profit_factor":0.0},{"date":"16/12/2025","date_ts":1765843200000,"profit_abs":0.0,"wins":0,"draws":0,"losses":0,"trades":0,"profit_factor":0.0},{"date":"17/12/2025","date_ts":1765929600000,"profit_abs":0.0,"wins":0,"draws":0,"losses":0,"trades":0,"profit_factor":0.0},{"date":"18/12/2025","date_ts":1766016000000,"profit_abs":-6.33509,"wins":0,"draws":0,"losses":1,"trades":1,"profit_factor":0.0},{"date":"19/12/2025","date_ts":1766102400000,"profit_abs":0.0,"wins":0,"draws":0,"losses":0,"trades":0,"profit_factor":0.0},{"date":"20/12/2025","date_ts":1766188800000,"profit_abs":0.0,"wins":0,"draws":0,"losses":0,"trades":0,"profit_factor":0.0},{"date":"21/12/2025","date_ts":1766275200000,"profit_abs":0.0,"wins":0,"draws":0,"losses":0,"trades":0,"profit_factor":0.0},{"date":"22/12/2025","date_ts":1766361600000,"profit_abs":0.0,"wins":0,"draws":0,"losses":0,"trades":0,"profit_factor":0.0},{"date":"23/12/2025","date_ts":1766448000000,"profit_abs":0.0,"wins":0,"draws":0,"losses":0,"trades":0,"profit_factor":0.0},{"date":"24/12/2025","date_ts":1766534400000,"profit_abs":0.0,"wins":0,"draws":0,"losses":0,"trades":0,"profit_factor":0.0},{"date":"25/12/2025","date_ts":1766620800000,"profit_abs":0.0,"wins":0,"draws":0,"losses":0,"trades":0,"profit_factor":0.0},{"date":"26/12/2025","date_ts":1766707200000,"profit_abs":0.0,"wins":0,"draws":0,"losses":0,"trades":0,"profit_factor":0.0},{"date":"27/12/2025","date_ts":1766793600000,"profit_abs":0.0,"wins":0,"draws":0,"losses":0,"trades":0,"profit_factor":0.0},{"date":"28/12/2025","date_ts":1766880000000,"profit_abs":0.0,"wins":0,"draws":0,"losses":0,"trades":0,"profit_factor":0.0},{"date":"29/12/2025","date_ts":1766966400000,"profit_abs":0.0,"wins":0,"draws":0,"losses":0,"trades":0,"profit_factor":0.0},{"date":"30/12/2025","date_ts":1767052800000,"profit_abs":0.0,"wins":0,"draws":0,"losses":0,"trades":0,"profit_factor":0.0},{"date":"31/12/2025","date_ts":1767139200000,"profit_abs":0.0,"wins":0,"draws":0,"losses":0,"trades":0,"profit_factor":0.0},{"date":"01/01/2026","date_ts":1767225600000,"profit_abs":2.7166805,"wins":1,"draws":0,"losses":0,"trades":1,"profit_factor":0.0},{"date":"02/01/2026","date_ts":1767312000000,"profit_abs":7.5038985,"wins":1,"draws":0,"losses":0,"trades":1,"profit_factor":0.0},{"date":"03/01/2026","date_ts":1767398400000,"profit_abs":0.0,"wins":0,"draws":0,"losses":0,"trades":0,"profit_factor":0.0},{"date":"04/01/2026","date_ts":1767484800000,"profit_abs":0.0,"wins":0,"draws":0,"losses":0,"trades":0,"profit_factor":0.0},{"date":"05/01/2026","date_ts":1767571200000,"profit_abs":0.0,"wins":0,"draws":0,"losses":0,"trades":0,"profit_factor":0.0},{"date":"06/01/2026","date_ts":1767657600000,"profit_abs":0.0,"wins":0,"draws":0,"losses":0,"trades":0,"profit_factor":0.0},{"date":"07/01/2026","date_ts":1767744000000,"profit_abs":0.0,"wins":0,"draws":0,"losses":0,"trades":0,"profit_factor":0.0},{"date":"08/01/2026","date_ts":1767830400000,"profit_abs":0.0,"wins":0,"draws":0,"losses":0,"trades":0,"profit_factor":0.0},{"date":"09/01/2026","date_ts":1767916800000,"profit_abs":0.0,"wins":0,"draws":0,"losses":0,"trades":0,"profit_factor":0.0},{"date":"10/01/2026","date_ts":1768003200000,"profit_abs":0.0,"wins":0,"draws":0,"losses":0,"trades":0,"profit_factor":0.0},{"date":"11/01/2026","date_ts":1768089600000,"profit_abs":0.0,"wins":0,"draws":0,"losses":0,"trades":0,"profit_factor":0.0},{"date":"12/01/2026","date_ts":1768176000000,"profit_abs":0.0,"wins":0,"draws":0,"losses":0,"trades":0,"profit_factor":0.0},{"date":"13/01/2026","date_ts":1768262400000,"profit_abs":2.774158,"wins":1,"draws":0,"losses":0,"trades":1,"profit_factor":0.0},{"date":"14/01/2026","date_ts":1768348800000,"profit_abs":0.0,"wins":0,"draws":0,"losses":0,"trades":0,"profit_factor":0.0},{"date":"15/01/2026","date_ts":1768435200000,"profit_abs":0.0,"wins":0,"draws":0,"losses":0,"trades":0,"profit_factor":0.0},{"date":"16/01/2026","date_ts":1768521600000,"profit_abs":0.0,"wins":0,"draws":0,"losses":0,"trades":0,"profit_factor":0.0},{"date":"17/01/2026","date_ts":1768608000000,"profit_abs":0.0,"wins":0,"draws":0,"losses":0,"trades":0,"profit_factor":0.0},{"date":"18/01/2026","date_ts":1768694400000,"profit_abs":0.0,"wins":0,"draws":0,"losses":0,"trades":0,"profit_factor":0.0},{"date":"19/01/2026","date_ts":1768780800000,"profit_abs":-6.3296695,"wins":0,"draws":0,"losses":1,"trades":1,"profit_factor":0.0}],"week":[{"date":"12/05/2025","date_ts":1747008000000,"profit_abs":-4.758125,"wins":0,"draws":0,"losses":1,"trades":1,"profit_factor":0.0},{"date":"19/05/2025","date_ts":1747612800000,"profit_abs":0.0,"wins":0,"draws":0,"losses":0,"trades":0,"profit_factor":0.0},{"date":"26/05/2025","date_ts":1748217600000,"profit_abs":0.0,"wins":0,"draws":0,"losses":0,"trades":0,"profit_factor":0.0},{"date":"02/06/2025","date_ts":1748822400000,"profit_abs":0.0,"wins":0,"draws":0,"losses":0,"trades":0,"profit_factor":0.0},{"date":"09/06/2025","date_ts":1749427200000,"profit_abs":0.0,"wins":0,"draws":0,"losses":0,"trades":0,"profit_factor":0.0},{"date":"16/06/2025","date_ts":1750032000000,"profit_abs":0.0,"wins":0,"draws":0,"losses":0,"trades":0,"profit_factor":0.0},{"date":"23/06/2025","date_ts":1750636800000,"profit_abs":0.0,"wins":0,"draws":0,"losses":0,"trades":0,"profit_factor":0.0},{"date":"30/06/2025","date_ts":1751241600000,"profit_abs":0.0,"wins":0,"draws":0,"losses":0,"trades":0,"profit_factor":0.0},{"date":"07/07/2025","date_ts":1751846400000,"profit_abs":0.0,"wins":0,"draws":0,"losses":0,"trades":0,"profit_factor":0.0},{"date":"14/07/2025","date_ts":1752451200000,"profit_abs":0.0,"wins":0,"draws":0,"losses":0,"trades":0,"profit_factor":0.0},{"date":"21/07/2025","date_ts":1753056000000,"profit_abs":0.0,"wins":0,"draws":0,"losses":0,"trades":0,"profit_factor":0.0},{"date":"28/07/2025","date_ts":1753660800000,"profit_abs":0.0,"wins":0,"draws":0,"losses":0,"trades":0,"profit_factor":0.0},{"date":"04/08/2025","date_ts":1754265600000,"profit_abs":0.0,"wins":0,"draws":0,"losses":0,"trades":0,"profit_factor":0.0},{"date":"11/08/2025","date_ts":1754870400000,"profit_abs":2.710768,"wins":1,"draws":0,"losses":0,"trades":1,"profit_factor":0.0},{"date":"18/08/2025","date_ts":1755475200000,"profit_abs":0.0,"wins":0,"draws":0,"losses":0,"trades":0,"profit_factor":0.0},{"date":"25/08/2025","date_ts":1756080000000,"profit_abs":0.0,"wins":0,"draws":0,"losses":0,"trades":0,"profit_factor":0.0},{"date":"01/09/2025","date_ts":1756684800000,"profit_abs":0.0,"wins":0,"draws":0,"losses":0,"trades":0,"profit_factor":0.0},{"date":"08/09/2025","date_ts":1757289600000,"profit_abs":0.0,"wins":0,"draws":0,"losses":0,"trades":0,"profit_factor":0.0},{"date":"15/09/2025","date_ts":1757894400000,"profit_abs":0.0,"wins":0,"draws":0,"losses":0,"trades":0,"profit_factor":0.0},{"date":"22/09/2025","date_ts":1758499200000,"profit_abs":0.0,"wins":0,"draws":0,"losses":0,"trades":0,"profit_factor":0.0},{"date":"29/09/2025","date_ts":1759104000000,"profit_abs":0.0,"wins":0,"draws":0,"losses":0,"trades":0,"profit_factor":0.0},{"date":"06/10/2025","date_ts":1759708800000,"profit_abs":0.0,"wins":0,"draws":0,"losses":0,"trades":0,"profit_factor":0.0},{"date":"13/10/2025","date_ts":1760313600000,"profit_abs":-2.381947,"wins":0,"draws":0,"losses":1,"trades":1,"profit_factor":0.0},{"date":"20/10/2025","date_ts":1760918400000,"profit_abs":0.0,"wins":0,"draws":0,"losses":0,"trades":0,"profit_factor":0.0},{"date":"27/10/2025","date_ts":1761523200000,"profit_abs":0.0,"wins":0,"draws":0,"losses":0,"trades":0,"profit_factor":0.0},{"date":"03/11/2025","date_ts":1762128000000,"profit_abs":7.48073916,"wins":1,"draws":0,"losses":0,"trades":1,"profit_factor":0.0},{"date":"10/11/2025","date_ts":1762732800000,"profit_abs":0.0,"wins":0,"draws":0,"losses":0,"trades":0,"profit_factor":0.0},{"date":"17/11/2025","date_ts":1763337600000,"profit_abs":0.0,"wins":0,"draws":0,"losses":0,"trades":0,"profit_factor":0.0},{"date":"24/11/2025","date_ts":1763942400000,"profit_abs":0.0,"wins":0,"draws":0,"losses":0,"trades":0,"profit_factor":0.0},{"date":"01/12/2025","date_ts":1764547200000,"profit_abs":3.56017,"wins":1,"draws":0,"losses":0,"trades":1,"profit_factor":0.0},{"date":"08/12/2025","date_ts":1765152000000,"profit_abs":0.0,"wins":0,"draws":0,"losses":0,"trades":0,"profit_factor":0.0},{"date":"15/12/2025","date_ts":1765756800000,"profit_abs":5.30803937,"wins":1,"draws":0,"losses":0,"trades":1,"profit_factor":0.0},{"date":"22/12/2025","date_ts":1766361600000,"profit_abs":-6.33509,"wins":0,"draws":0,"losses":1,"trades":1,"profit_factor":0.0},{"date":"29/12/2025","date_ts":1766966400000,"profit_abs":0.0,"wins":0,"draws":0,"losses":0,"trades":0,"profit_factor":0.0},{"date":"05/01/2026","date_ts":1767571200000,"profit_abs":10.220579,"wins":2,"draws":0,"losses":0,"trades":2,"profit_factor":0.0},{"date":"12/01/2026","date_ts":1768176000000,"profit_abs":0.0,"wins":0,"draws":0,"losses":0,"trades":0,"profit_factor":0.0},{"date":"19/01/2026","date_ts":1768780800000,"profit_abs":-3.5555115,"wins":1,"draws":0,"losses":1,"trades":2,"profit_factor":0.43827849}],"month":[{"date":"31/05/2025","date_ts":1748649600000,"profit_abs":-4.758125,"wins":0,"draws":0,"losses":1,"trades":1,"profit_factor":0.0},{"date":"30/06/2025","date_ts":1751241600000,"profit_abs":0.0,"wins":0,"draws":0,"losses":0,"trades":0,"profit_factor":0.0},{"date":"31/07/2025","date_ts":1753920000000,"profit_abs":0.0,"wins":0,"draws":0,"losses":0,"trades":0,"profit_factor":0.0},{"date":"31/08/2025","date_ts":1756598400000,"profit_abs":2.710768,"wins":1,"draws":0,"losses":0,"trades":1,"profit_factor":0.0},{"date":"30/09/2025","date_ts":1759190400000,"profit_abs":0.0,"wins":0,"draws":0,"losses":0,"trades":0,"profit_factor":0.0},{"date":"31/10/2025","date_ts":1761868800000,"profit_abs":-2.381947,"wins":0,"draws":0,"losses":1,"trades":1,"profit_factor":0.0},{"date":"30/11/2025","date_ts":1764460800000,"profit_abs":7.48073916,"wins":1,"draws":0,"losses":0,"trades":1,"profit_factor":0.0},{"date":"31/12/2025","date_ts":1767139200000,"profit_abs":2.53311937,"wins":2,"draws":0,"losses":1,"trades":3,"profit_factor":1.39985531},{"date":"31/01/2026","date_ts":1769817600000,"profit_abs":6.6650675,"wins":3,"draws":0,"losses":1,"trades":4,"profit_factor":2.05298823}],"year":[{"date":"31/12/2025","date_ts":1767139200000,"profit_abs":5.58455453,"wins":4,"draws":0,"losses":3,"trades":7,"profit_factor":1.4144332},{"date":"31/12/2026","date_ts":1798675200000,"profit_abs":6.6650675,"wins":3,"draws":0,"losses":1,"trades":4,"profit_factor":2.05298823}],"weekday":[{"date":"Monday","date_ts":0,"profit_abs":4.71123966,"wins":2,"draws":0,"losses":1,"trades":3,"profit_factor":1.74431053},{"date":"Tuesday","date_ts":1,"profit_abs":2.774158,"wins":1,"draws":0,"losses":0,"trades":1,"profit_factor":0.0},{"date":"Thursday","date_ts":3,"profit_abs":-3.6184095,"wins":1,"draws":0,"losses":1,"trades":2,"profit_factor":0.42883061},{"date":"Friday","date_ts":4,"profit_abs":5.67186587,"wins":2,"draws":0,"losses":2,"trades":4,"profit_factor":1.79437096},{"date":"Saturday","date_ts":5,"profit_abs":2.710768,"wins":1,"draws":0,"losses":0,"trades":1,"profit_factor":0.0}]},"backtest_best_day":0.03803901950975488,"backtest_worst_day":-0.032024760557741894,"backtest_best_day_abs":7.5038985,"backtest_worst_day_abs":-6.33509,"winning_days":7,"draw_days":245,"losing_days":4,"daily_profit":[["2025-05-09",-4.758125],["2025-05-10",0.0],["2025-05-11",0.0],["2025-05-12",0.0],["2025-05-13",0.0],["2025-05-14",0.0],["2025-05-15",0.0],["2025-05-16",0.0],["2025-05-17",0.0],["2025-05-18",0.0],["2025-05-19",0.0],["2025-05-20",0.0],["2025-05-21",0.0],["2025-05-22",0.0],["2025-05-23",0.0],["2025-05-24",0.0],["2025-05-25",0.0],["2025-05-26",0.0],["2025-05-27",0.0],["2025-05-28",0.0],["2025-05-29",0.0],["2025-05-30",0.0],["2025-05-31",0.0],["2025-06-01",0.0],["2025-06-02",0.0],["2025-06-03",0.0],["2025-06-04",0.0],["2025-06-05",0.0],["2025-06-06",0.0],["2025-06-07",0.0],["2025-06-08",0.0],["2025-06-09",0.0],["2025-06-10",0.0],["2025-06-11",0.0],["2025-06-12",0.0],["2025-06-13",0.0],["2025-06-14",0.0],["2025-06-15",0.0],["2025-06-16",0.0],["2025-06-17",0.0],["2025-06-18",0.0],["2025-06-19",0.0],["2025-06-20",0.0],["2025-06-21",0.0],["2025-06-22",0.0],["2025-06-23",0.0],["2025-06-24",0.0],["2025-06-25",0.0],["2025-06-26",0.0],["2025-06-27",0.0],["2025-06-28",0.0],["2025-06-29",0.0],["2025-06-30",0.0],["2025-07-01",0.0],["2025-07-02",0.0],["2025-07-03",0.0],["2025-07-04",0.0],["2025-07-05",0.0],["2025-07-06",0.0],["2025-07-07",0.0],["2025-07-08",0.0],["2025-07-09",0.0],["2025-07-10",0.0],["2025-07-11",0.0],["2025-07-12",0.0],["2025-07-13",0.0],["2025-07-14",0.0],["2025-07-15",0.0],["2025-07-16",0.0],["2025-07-17",0.0],["2025-07-18",0.0],["2025-07-19",0.0],["2025-07-20",0.0],["2025-07-21",0.0],["2025-07-22",0.0],["2025-07-23",0.0],["2025-07-24",0.0],["2025-07-25",0.0],["2025-07-26",0.0],["2025-07-27",0.0],["2025-07-28",0.0],["2025-07-29",0.0],["2025-07-30",0.0],["2025-07-31",0.0],["2025-08-01",0.0],["2025-08-02",0.0],["2025-08-03",0.0],["2025-08-04",0.0],["2025-08-05",0.0],["2025-08-06",0.0],["2025-08-07",0.0],["2025-08-08",0.0],["2025-08-09",2.710768],["2025-08-10",0.0],["2025-08-11",0.0],["2025-08-12",0.0],["2025-08-13",0.0],["2025-08-14",0.0],["2025-08-15",0.0],["2025-08-16",0.0],["2025-08-17",0.0],["2025-08-18",0.0],["2025-08-19",0.0],["2025-08-20",0.0],["2025-08-21",0.0],["2025-08-22",0.0],["2025-08-23",0.0],["2025-08-24",0.0],["2025-08-25",0.0],["2025-08-26",0.0],["2025-08-27",0.0],["2025-08-28",0.0],["2025-08-29",0.0],["2025-08-30",0.0],["2025-08-31",0.0],["2025-09-01",0.0],["2025-09-02",0.0],["2025-09-03",0.0],["2025-09-04",0.0],["2025-09-05",0.0],["2025-09-06",0.0],["2025-09-07",0.0],["2025-09-08",0.0],["2025-09-09",0.0],["2025-09-10",0.0],["2025-09-11",0.0],["2025-09-12",0.0],["2025-09-13",0.0],["2025-09-14",0.0],["2025-09-15",0.0],["2025-09-16",0.0],["2025-09-17",0.0],["2025-09-18",0.0],["2025-09-19",0.0],["2025-09-20",0.0],["2025-09-21",0.0],["2025-09-22",0.0],["2025-09-23",0.0],["2025-09-24",0.0],["2025-09-25",0.0],["2025-09-26",0.0],["2025-09-27",0.0],["2025-09-28",0.0],["2025-09-29",0.0],["2025-09-30",0.0],["2025-10-01",0.0],["2025-10-02",0.0],["2025-10-03",0.0],["2025-10-04",0.0],["2025-10-05",0.0],["2025-10-06",0.0],["2025-10-07",0.0],["2025-10-08",0.0],["2025-10-09",0.0],["2025-10-10",-2.381947],["2025-10-11",0.0],["2025-10-12",0.0],["2025-10-13",0.0],["2025-10-14",0.0],["2025-10-15",0.0],["2025-10-16",0.0],["2025-10-17",0.0],["2025-10-18",0.0],["2025-10-19",0.0],["2025-10-20",0.0],["2025-10-21",0.0],["2025-10-22",0.0],["2025-10-23",0.0],["2025-10-24",0.0],["2025-10-25",0.0],["2025-10-26",0.0],["2025-10-27",0.0],["2025-10-28",0.0],["2025-10-29",0.0],["2025-10-30",0.0],["2025-10-31",0.0],["2025-11-01",0.0],["2025-11-02",0.0],["2025-11-03",7.48073916],["2025-11-04",0.0],["2025-11-05",0.0],["2025-11-06",0.0],["2025-11-07",0.0],["2025-11-08",0.0],["2025-11-09",0.0],["2025-11-10",0.0],["2025-11-11",0.0],["2025-11-12",0.0],["2025-11-13",0.0],["2025-11-14",0.0],["2025-11-15",0.0],["2025-11-16",0.0],["2025-11-17",0.0],["2025-11-18",0.0],["2025-11-19",0.0],["2025-11-20",0.0],["2025-11-21",0.0],["2025-11-22",0.0],["2025-11-23",0.0],["2025-11-24",0.0],["2025-11-25",0.0],["2025-11-26",0.0],["2025-11-27",0.0],["2025-11-28",0.0],["2025-11-29",0.0],["2025-11-30",0.0],["2025-12-01",3.56017],["2025-12-02",0.0],["2025-12-03",0.0],["2025-12-04",0.0],["2025-12-05",0.0],["2025-12-06",0.0],["2025-12-07",0.0],["2025-12-08",0.0],["2025-12-09",0.0],["2025-12-10",0.0],["2025-12-11",0.0],["2025-12-12",5.30803937],["2025-12-13",0.0],["2025-12-14",0.0],["2025-12-15",0.0],["2025-12-16",0.0],["2025-12-17",0.0],["2025-12-18",-6.33509],["2025-12-19",0.0],["2025-12-20",0.0],["2025-12-21",0.0],["2025-12-22",0.0],["2025-12-23",0.0],["2025-12-24",0.0],["2025-12-25",0.0],["2025-12-26",0.0],["2025-12-27",0.0],["2025-12-28",0.0],["2025-12-29",0.0],["2025-12-30",0.0],["2025-12-31",0.0],["2026-01-01",2.7166805],["2026-01-02",7.5038985],["2026-01-03",0.0],["2026-01-04",0.0],["2026-01-05",0.0],["2026-01-06",0.0],["2026-01-07",0.0],["2026-01-08",0.0],["2026-01-09",0.0],["2026-01-10",0.0],["2026-01-11",0.0],["2026-01-12",0.0],["2026-01-13",2.774158],["2026-01-14",0.0],["2026-01-15",0.0],["2026-01-16",0.0],["2026-01-17",0.0],["2026-01-18",0.0],["2026-01-19",-6.3296695]],"wins":7,"losses":4,"draws":0,"winrate":0.6363636363636364,"holding_avg":"0:41:00","holding_avg_s":2460.0,"winner_holding_min":"0d 00:00","winner_holding_min_s":0.0,"winner_holding_max":"0d 04:00","winner_holding_max_s":14400.0,"winner_holding_avg":"0d 00:51","winner_holding_avg_s":3060.0,"loser_holding_min":"0d 00:00","loser_holding_min_s":0.0,"loser_holding_max":"0d 01:00","loser_holding_max_s":3600.0,"loser_holding_avg":"0d 00:22","loser_holding_avg_s":1320.0,"max_consecutive_wins":3,"max_consecutive_losses":1,"max_drawdown_account":0.0062604674533643,"max_relative_drawdown":0.0062604674533643,"max_drawdown_abs":6.33509,"drawdown_start":"2025-12-12 16:30:00","drawdown_start_ts":1765557000000.0,"drawdown_end":"2025-12-18 18:00:00","drawdown_end_ts":1766080800000.0,"drawdown_duration":"6 days 01:30:00","drawdown_duration_s":523800.0,"max_drawdown_low":5.584554529999999,"max_drawdown_high":11.91964453,"csum_min":995.241875,"csum_max":1018.57929153}},"strategy_comparison":[{"key":"MultiPairFuturesStrategy","trades":11,"profit_mean":0.0031331693187841734,"profit_mean_pct":0.31,"profit_total_abs":12.24962203,"profit_total":0.012249622029999999,"profit_total_pct":1.22,"duration_avg":"0:41:00","wins":7,"draws":0,"losses":4,"winrate":0.6363636363636364,"cagr":0.010688171503297372,"expectancy":1.1136020027272724,"expectancy_ratio":0.22491521883986199,"sortino":0.34632868985220133,"sharpe":0.11292077774263631,"calmar":8.943058606585348,"sqn":0.7102,"profit_factor":1.6185168518096202,"max_drawdown_account":0.0062604674533643,"max_drawdown_abs":"6.335"}]}