{"strategy":{"SupertrendStrategy_Advanced":{"trades":[{"pair":"ETH/USDT","stake_amount":99.99899697,"max_stake_amount":99.99899697,"amount":0.033151,"open_date":"2025-11-26 18:45:00+00:00","close_date":"2025-11-28 13:45:00+00:00","open_rate":3016.47,"close_rate":3085.953034551828,"fee_open":0.0015,"fee_close":0.0015,"trade_duration":2580,"profit_ratio":0.019970044938592172,"profit_abs":1.99997994,"exit_reason":"roi","initial_stop_loss_abs":2865.6465,"initial_stop_loss_ratio":-0.05,"stop_loss_abs":2865.6465,"stop_loss_ratio":-0.05,"min_rate":2986.19,"max_rate":3087.28,"is_open":false,"enter_tag":"","leverage":1.0,"is_short":false,"open_timestamp":1764182700000,"close_timestamp":1764337500000,"orders":[{"amount":0.033151,"safe_price":3016.47,"ft_order_side":"buy","order_filled_timestamp":1764182700000,"ft_is_entry":true,"ft_order_tag":"","cost":100.148995465455},{"amount":0.033151,"safe_price":3085.953034551828,"ft_order_side":"sell","order_filled_timestamp":1764337500000,"ft_is_entry":false,"ft_order_tag":"roi","cost":102.45588269200029}],"funding_fees":0.0,"weekday":4},{"pair":"ETH/USDT","stake_amount":99.9988668,"max_stake_amount":99.9988668,"amount":0.03283,"open_date":"2025-12-03 04:30:00+00:00","close_date":"2025-12-03 14:30:00+00:00","open_rate":3045.96,"close_rate":3116.1223234852278,"fee_open":0.0015,"fee_close":0.0015,"trade_duration":600,"profit_ratio":0.01997004497254164,"profit_abs":1.99997734,"exit_reason":"roi","initial_stop_loss_abs":2893.662,"initial_stop_loss_ratio":-0.05,"stop_loss_abs":2893.662,"stop_loss_ratio":-0.05,"min_rate":3028.87,"max_rate":3146.0,"is_open":false,"enter_tag":"","leverage":1.0,"is_short":false,"open_timestamp":1764736200000,"close_timestamp":1764772200000,"orders":[{"amount":0.03283,"safe_price":3045.96,"ft_order_side":"buy","order_filled_timestamp":1764736200000,"ft_is_entry":true,"ft_order_tag":"","cost":100.14886510020001},{"amount":0.03283,"safe_price":3116.1223234852278,"ft_order_side":"sell","order_filled_timestamp":1764772200000,"ft_is_entry":false,"ft_order_tag":"roi","cost":102.45574932384007}],"funding_fees":0.0,"weekday":2},{"pair":"ETH/USDT","stake_amount":99.99702294,"max_stake_amount":99.99702294,"amount":0.031861,"open_date":"2025-12-03 21:00:00+00:00","close_date":"2025-12-04 01:00:00+00:00","open_rate":3138.54,"close_rate":3210.83486229344,"fee_open":0.0015,"fee_close":0.0015,"trade_duration":240,"profit_ratio":0.01997004494458348,"profit_abs":1.99994046,"exit_reason":"roi","initial_stop_loss_abs":2981.613,"initial_stop_loss_ratio":-0.05,"stop_loss_abs":2981.613,"stop_loss_ratio":-0.05,"min_rate":3128.7,"max_rate":3238.0,"is_open":false,"enter_tag":"","leverage":1.0,"is_short":false,"open_timestamp":1764795600000,"close_timestamp":1764810000000,"orders":[{"amount":0.031861,"safe_price":3138.54,"ft_order_side":"buy","order_filled_timestamp":1764795600000,"ft_is_entry":true,"ft_order_tag":"","cost":100.14701847441},{"amount":0.031861,"safe_price":3210.83486229344,"ft_order_side":"sell","order_filled_timestamp":1764810000000,"ft_is_entry":false,"ft_order_tag":"roi","cost":102.45386016185259}],"funding_fees":0.0,"weekday":3},{"pair":"ETH/USDT","stake_amount":99.99741892,"max_stake_amount":99.99741892,"amount":0.030922,"open_date":"2025-12-11 21:15:00+00:00","close_date":"2025-12-12 15:45:00+00:00","open_rate":3233.86,"close_rate":3072.167,"fee_open":0.0015,"fee_close":0.0015,"trade_duration":1110,"profit_ratio":-0.052845731439431796,"profit_abs":-5.2923634,"exit_reason":"stop_loss","initial_stop_loss_abs":3072.167,"initial_stop_loss_ratio":-0.05,"stop_loss_abs":3072.167,"stop_loss_ratio":-0.05,"min_rate":3057.23,"max_rate":3273.33,"is_open":false,"enter_tag":"","leverage":1.0,"is_short":false,"open_timestamp":1765487700000,"close_timestamp":1765554300000,"orders":[{"amount":0.030922,"safe_price":3233.86,"ft_order_side":"buy","order_filled_timestamp":1765487700000,"ft_is_entry":true,"ft_order_tag":"","cost":100.14741504838003},{"amount":0.030922,"safe_price":3072.167,"ft_order_side":"sell","order_filled_timestamp":1765554300000,"ft_is_entry":false,"ft_order_tag":"stop_loss","cost":95.140044295961}],"funding_fees":0.0,"weekday":4},{"pair":"ETH/USDT","stake_amount":99.99818556,"max_stake_amount":99.99818556,"amount":0.033059,"open_date":"2025-12-23 00:45:00+00:00","close_date":"2026-01-02 14:45:00+00:00","open_rate":3024.84,"close_rate":3094.515833750626,"fee_open":0.0015,"fee_close":0.0015,"trade_duration":15240,"profit_ratio":0.019970044920618855,"profit_abs":1.99996371,"exit_reason":"roi","initial_stop_loss_abs":2873.598,"initial_stop_loss_ratio":-0.05,"stop_loss_abs":2873.598,"stop_loss_ratio":-0.05,"min_rate":2888.88,"max_rate":3109.54,"is_open":false,"enter_tag":"","leverage":1.0,"is_short":false,"open_timestamp":1766450700000,"close_timestamp":1767365100000,"orders":[{"amount":0.033059,"safe_price":3024.84,"ft_order_side":"buy","order_filled_timestamp":1766450700000,"ft_is_entry":true,"ft_order_tag":"","cost":100.14818283834},{"amount":0.033059,"safe_price":3094.515833750626,"ft_order_side":"sell","order_filled_timestamp":1767365100000,"ft_is_entry":false,"ft_order_tag":"roi","cost":102.45505134638388}],"funding_fees":0.0,"weekday":4},{"pair":"DOGE/USDT","stake_amount":99.99999996,"max_stake_amount":99.99999996,"amount":686.718857,"open_date":"2026-01-04 01:30:00+00:00","close_date":"2026-01-04 03:30:00+00:00","open_rate":0.14562,"close_rate":0.1504326790185278,"fee_open":0.0015,"fee_close":0.0015,"trade_duration":120,"profit_ratio":0.02995506741198003,"profit_abs":3.0,"exit_reason":"roi","initial_stop_loss_abs":0.13834,"initial_stop_loss_ratio":-0.05,"stop_loss_abs":0.14773,"stop_loss_ratio":-0.02,"min_rate":0.14547,"max_rate":0.15074,"is_open":false,"enter_tag":"","leverage":1.0,"is_short":false,"open_timestamp":1767490200000,"close_timestamp":1767497400000,"orders":[{"amount":686.718857,"safe_price":0.14562,"ft_order_side":"buy","order_filled_timestamp":1767490200000,"ft_is_entry":true,"ft_order_tag":"","cost":100.14999995627451},{"amount":686.718857,"safe_price":0.1504326790185278,"ft_order_side":"sell","order_filled_timestamp":1767497400000,"ft_is_entry":false,"ft_order_tag":"roi","cost":103.45991482713787}],"funding_fees":0.0,"weekday":6},{"pair":"SOL/USDT","stake_amount":99.99990396,"max_stake_amount":99.99990396,"amount":0.704572,"open_date":"2026-01-06 14:45:00+00:00","close_date":"2026-01-07 18:00:00+00:00","open_rate":141.93,"close_rate":134.8335,"fee_open":0.0015,"fee_close":0.0015,"trade_duration":1635,"profit_ratio":-0.052845731432022,"profit_abs":-5.29249492,"exit_reason":"stop_loss","initial_stop_loss_abs":134.8335,"initial_stop_loss_ratio":-0.05,"stop_loss_abs":134.8335,"stop_loss_ratio":-0.05,"min_rate":134.83,"max_rate":143.18,"is_open":false,"enter_tag":"","leverage":1.0,"is_short":false,"open_timestamp":1767710700000,"close_timestamp":1767808800000,"orders":[{"amount":0.704572,"safe_price":141.93,"ft_order_side":"buy","order_filled_timestamp":1767710700000,"ft_is_entry":true,"ft_order_tag":"","cost":100.14990381594001},{"amount":0.704572,"safe_price":134.8335,"ft_order_side":"sell","order_filled_timestamp":1767808800000,"ft_is_entry":false,"ft_order_tag":"stop_loss","cost":95.14240862514299}],"funding_fees":0.0,"weekday":2},{"pair":"ETH/USDT","stake_amount":99.99992244,"max_stake_amount":99.99992244,"amount":0.030382,"open_date":"2026-01-06 14:45:00+00:00","close_date":"2026-01-07 19:15:00+00:00","open_rate":3291.42,"close_rate":3126.8489999999997,"fee_open":0.0015,"fee_close":0.0015,"trade_duration":1710,"profit_ratio":-0.05284573145145286,"profit_abs":-5.2924959,"exit_reason":"stop_loss","initial_stop_loss_abs":3126.8489999999997,"initial_stop_loss_ratio":-0.05,"stop_loss_abs":3126.8489999999997,"stop_loss_ratio":-0.05,"min_rate":3125.27,"max_rate":3302.3,"is_open":false,"enter_tag":"","leverage":1.0,"is_short":false,"open_timestamp":1767710700000,"close_timestamp":1767813300000,"orders":[{"amount":0.030382,"safe_price":3291.42,"ft_order_side":"buy","order_filled_timestamp":1767710700000,"ft_is_entry":true,"ft_order_tag":"","cost":100.14992232366001},{"amount":0.030382,"safe_price":3126.8489999999997,"ft_order_side":"sell","order_filled_timestamp":1767813300000,"ft_is_entry":false,"ft_order_tag":"stop_loss","cost":95.142426207477}],"funding_fees":0.0,"weekday":2},{"pair":"SOL/USDT","stake_amount":99.99998688,"max_stake_amount":99.99998688,"amount":0.725584,"open_date":"2026-01-08 17:15:00+00:00","close_date":"2026-01-09 03:45:00+00:00","open_rate":137.82,"close_rate":140.99462193289938,"fee_open":0.0015,"fee_close":0.0015,"trade_duration":630,"profit_ratio":0.019970044956565156,"profit_abs":1.99999974,"exit_reason":"roi","initial_stop_loss_abs":130.92899999999997,"initial_stop_loss_ratio":-0.05,"stop_loss_abs":130.92899999999997,"stop_loss_ratio":-0.05,"min_rate":136.52,"max_rate":141.18,"is_open":false,"enter_tag":"","leverage":1.0,"is_short":false,"open_timestamp":1767892500000,"close_timestamp":1767930300000,"orders":[{"amount":0.725584,"safe_price":137.82,"ft_order_side":"buy","order_filled_timestamp":1767892500000,"ft_is_entry":true,"ft_order_tag":"","cost":100.14998686032},{"amount":0.725584,"safe_price":140.99462193289938,"ft_order_side":"sell","order_filled_timestamp":1767930300000,"ft_is_entry":false,"ft_order_tag":"roi","cost":102.45689692320171}],"funding_fees":0.0,"weekday":4},{"pair":"SOL/USDT","stake_amount":99.99993454,"max_stake_amount":99.99993454,"amount":0.696718,"open_date":"2026-01-12 03:30:00+00:00","close_date":"2026-01-13 22:00:00+00:00","open_rate":143.53,"close_rate":146.83614922383575,"fee_open":0.0015,"fee_close":0.0015,"trade_duration":2550,"profit_ratio":0.019970044924613073,"profit_abs":1.99999869,"exit_reason":"roi","initial_stop_loss_abs":136.3535,"initial_stop_loss_ratio":-0.05,"stop_loss_abs":145.7358,"stop_loss_ratio":-0.02,"min_rate":137.86,"max_rate":148.71,"is_open":false,"enter_tag":"","leverage":1.0,"is_short":false,"open_timestamp":1768188600000,"close_timestamp":1768341600000,"orders":[{"amount":0.696718,"safe_price":143.53,"ft_order_side":"buy","order_filled_timestamp":1768188600000,"ft_is_entry":true,"ft_order_tag":"","cost":100.14993444181},{"amount":0.696718,"safe_price":146.83614922383575,"ft_order_side":"sell","order_filled_timestamp":1768341600000,"ft_is_entry":false,"ft_order_tag":"roi","cost":102.45684329725479}],"funding_fees":0.0,"weekday":1},{"pair":"DOGE/USDT","stake_amount":99.9999999,"max_stake_amount":99.9999999,"amount":675.675675,"open_date":"2026-01-13 23:45:00+00:00","close_date":"2026-01-15 15:45:00+00:00","open_rate":0.148,"close_rate":0.1406,"fee_open":0.0015,"fee_close":0.0015,"trade_duration":2400,"profit_ratio":-0.05284573135589116,"profit_abs":-5.29249999,"exit_reason":"stop_loss","initial_stop_loss_abs":0.1406,"initial_stop_loss_ratio":-0.05,"stop_loss_abs":0.1406,"stop_loss_ratio":-0.05,"min_rate":0.1401,"max_rate":0.1513,"is_open":false,"enter_tag":"","leverage":1.0,"is_short":false,"open_timestamp":1768347900000,"close_timestamp":1768491900000,"orders":[{"amount":675.675675,"safe_price":0.148,"ft_order_side":"buy","order_filled_timestamp":1768347900000,"ft_is_entry":true,"ft_order_tag":"","cost":100.14999989985},{"amount":675.675675,"safe_price":0.1406,"ft_order_side":"sell","order_filled_timestamp":1768491900000,"ft_is_entry":false,"ft_order_tag":"stop_loss","cost":95.1424999048575}],"funding_fees":0.0,"weekday":3},{"pair":"SOL/USDT","stake_amount":99.99995236,"max_stake_amount":99.99995236,"amount":0.679948,"open_date":"2026-01-13 22:15:00+00:00","close_date":"2026-01-18 23:30:00+00:00","open_rate":147.07,"close_rate":139.7165,"fee_open":0.0015,"fee_close":0.0015,"trade_duration":7275,"profit_ratio":-0.05284573141634548,"profit_abs":-5.29249748,"exit_reason":"stop_loss","initial_stop_loss_abs":139.7165,"initial_stop_loss_ratio":-0.05,"stop_loss_abs":139.7165,"stop_loss_ratio":-0.05,"min_rate":139.16,"max_rate":148.42,"is_open":false,"enter_tag":"","leverage":1.0,"is_short":false,"open_timestamp":1768342500000,"close_timestamp":1768779000000,"orders":[{"amount":0.679948,"safe_price":147.07,"ft_order_side":"buy","order_filled_timestamp":1768342500000,"ft_is_entry":true,"ft_order_tag":"","cost":100.14995228854},{"amount":0.679948,"safe_price":139.7165,"ft_order_side":"sell","order_filled_timestamp":1768779000000,"ft_is_entry":false,"ft_order_tag":"stop_loss","cost":95.14245467411301}],"funding_fees":0.0,"weekday":6}],"locks":[],"best_pair":{"key":"BTC/USDT","trades":0,"profit_mean":0.0,"profit_mean_pct":0.0,"profit_total_abs":0.0,"profit_total":0.0,"profit_total_pct":0.0,"duration_avg":"0:00","wins":0,"draws":0,"losses":0,"winrate":0.0,"cagr":0.0,"expectancy":0.0,"expectancy_ratio":100.0,"sortino":0,"sharpe":0,"calmar":0,"sqn":0.0,"profit_factor":0.0,"max_drawdown_account":0.0,"max_drawdown_abs":0.0},"worst_pair":{"key":"SOL/USDT","trades":4,"profit_mean":-0.016437843241797312,"profit_mean_pct":-1.64,"profit_total_abs":-6.58499397,"profit_total":-0.00658499397,"profit_total_pct":-0.66,"duration_avg":"2 days, 2:22:00","wins":2,"draws":0,"losses":2,"winrate":0.5,"cagr":-0.027337440307527716,"expectancy":-1.6462484925000003,"expectancy_ratio":-0.31105331591924434,"sortino":-1129724.615145252,"sharpe":-0.3965850988435704,"calmar":-21.959739281083586,"sqn":-0.782,"profit_factor":0.3778933681615113,"max_drawdown_account":0.006584993970000028,"max_drawdown_abs":6.58499397},"results_per_pair":[{"key":"BTC/USDT","trades":0,"profit_mean":0.0,"profit_mean_pct":0.0,"profit_total_abs":0.0,"profit_total":0.0,"profit_total_pct":0.0,"duration_avg":"0:00","wins":0,"draws":0,"losses":0,"winrate":0.0,"cagr":0.0,"expectancy":0.0,"expectancy_ratio":100.0,"sortino":0,"sharpe":0,"calmar":0,"sqn":0.0,"profit_factor":0.0,"max_drawdown_account":0.0,"max_drawdown_abs":0.0},{"key":"DOGE/USDT","trades":2,"profit_mean":-0.011445331971955564,"profit_mean_pct":-1.14,"profit_total_abs":-2.2924999899999996,"profit_total":-0.0022924999899999994,"profit_total_pct":-0.23,"duration_avg":"21:00:00","wins":1,"draws":0,"losses":1,"winrate":0.5,"cagr":-0.009582790799647412,"expectancy":-1.1462499949999998,"expectancy_ratio":-0.21658006559580545,"sortino":-100,"sharpe":-0.12141743055289872,"calmar":-9.54061979857154,"sqn":-0.2765,"profit_factor":0.566839868808389,"max_drawdown_account":0.0052766699800598305,"max_drawdown_abs":5.29249999},{"key":"ETH/USDT","trades":6,"profit_mean":-0.004301880519091418,"profit_mean_pct":-0.43,"profit_total_abs":-2.5849978499999997,"profit_total":-0.0025849978499999995,"profit_total_pct":-0.26,"duration_avg":"2 days, 11:40:00","wins":4,"draws":0,"losses":2,"winrate":0.6666666666666666,"cagr":-0.01080039971452329,"expectancy":-0.43083297499999995,"expectancy_ratio":-0.08140551759625181,"sortino":-8568.434540178836,"sharpe":-0.16512903286715125,"calmar":-6.651970044081977,"sqn":-0.2802,"profit_factor":0.7557834472112445,"max_drawdown_account":0.008533694296874419,"max_drawdown_abs":8.584895589999999},{"key":"SOL/USDT","trades":4,"profit_mean":-0.016437843241797312,"profit_mean_pct":-1.64,"profit_total_abs":-6.58499397,"profit_total":-0.00658499397,"profit_total_pct":-0.66,"duration_avg":"2 days, 2:22:00","wins":2,"draws":0,"losses":2,"winrate":0.5,"cagr":-0.027337440307527716,"expectancy":-1.6462484925000003,"expectancy_ratio":-0.31105331591924434,"sortino":-1129724.615145252,"sharpe":-0.3965850988435704,"calmar":-21.959739281083586,"sqn":-0.782,"profit_factor":0.3778933681615113,"max_drawdown_account":0.006584993970000028,"max_drawdown_abs":6.58499397},{"key":"TOTAL","trades":12,"profit_mean":-0.009537776668804074,"profit_mean_pct":-0.95,"profit_total_abs":-11.46249181,"profit_total":-0.01146249181,"profit_total_pct":-1.15,"duration_avg":"2 days, 2:08:00","wins":7,"draws":0,"losses":5,"winrate":0.5833333333333334,"cagr":-0.04721642826442418,"expectancy":-0.9552076508333331,"expectancy_ratio":-0.1804842710170581,"sortino":-47052.33503414343,"sharpe":-0.6848622088739116,"calmar":-14.501084469788752,"sqn":-0.862,"profit_factor":0.5668377495590605,"max_drawdown_account":0.017358241873810958,"max_drawdown_abs":17.462389549999997}],"results_per_enter_tag":[{"key":"","trades":12,"profit_mean":-0.009537776668804074,"profit_mean_pct":-0.95,"profit_total_abs":-11.46249181,"profit_total":-0.01146249181,"profit_total_pct":-1.15,"duration_avg":"2 days, 2:08:00","wins":7,"draws":0,"losses":5,"winrate":0.5833333333333334,"cagr":-0.04721642826442418,"expectancy":-0.9552076508333331,"expectancy_ratio":-0.1804842710170581,"sortino":-47052.33503414343,"sharpe":-0.6848622088739116,"calmar":-14.501084469788752,"sqn":-0.862,"profit_factor":0.5668377495590605,"max_drawdown_account":0.017358241873810958,"max_drawdown_abs":17.462389549999997},{"key":"TOTAL","trades":12,"profit_mean":-0.009537776668804074,"profit_mean_pct":-0.95,"profit_total_abs":-11.46249181,"profit_total":-0.01146249181,"profit_total_pct":-1.15,"duration_avg":"2 days, 2:08:00","wins":7,"draws":0,"losses":5,"winrate":0.5833333333333334,"cagr":-0.04721642826442418,"expectancy":-0.9552076508333331,"expectancy_ratio":-0.1804842710170581,"sortino":-47052.33503414343,"sharpe":-0.6848622088739116,"calmar":-14.501084469788752,"sqn":-0.862,"profit_factor":0.5668377495590605,"max_drawdown_account":0.017358241873810958,"max_drawdown_abs":17.462389549999997}],"exit_reason_summary":[{"key":"roi","trades":7,"profit_mean":0.021396476724213485,"profit_mean_pct":2.14,"profit_total_abs":14.99985988,"profit_total":0.01499985988,"profit_total_pct":1.5,"duration_avg":"2 days, 4:17:00","wins":7,"draws":0,"losses":0,"winrate":1.0,"cagr":0.06445522228023504,"expectancy":2.1428371257142858,"expectancy_ratio":100.0,"sortino":-100,"sharpe":9.412969551017087,"calmar":-100,"sqn":14.9995,"profit_factor":0.0,"max_drawdown_account":0.0,"max_drawdown_abs":0.0},{"key":"stop_loss","trades":5,"profit_mean":-0.052845731419028666,"profit_mean_pct":-5.28,"profit_total_abs":-26.46235169,"profit_total":-0.02646235169,"profit_total_pct":-2.65,"duration_avg":"1 day, 23:06:00","wins":0,"draws":0,"losses":5,"winrate":0.0,"cagr":-0.10641657385644587,"expectancy":-5.292470337999999,"expectancy_ratio":-1.0,"sortino":-108625.19757030139,"sharpe":-108625.19757030139,"calmar":-21.959739281083685,"sqn":-197862.454,"profit_factor":0.0,"max_drawdown_account":0.02646235168999999,"max_drawdown_abs":26.46235169},{"key":"TOTAL","trades":12,"profit_mean":-0.009537776668804074,"profit_mean_pct":-0.95,"profit_total_abs":-11.46249181,"profit_total":-0.01146249181,"profit_total_pct":-1.15,"duration_avg":"2 days, 2:08:00","wins":7,"draws":0,"losses":5,"winrate":0.5833333333333334,"cagr":-0.04721642826442418,"expectancy":-0.9552076508333331,"expectancy_ratio":-0.1804842710170581,"sortino":-47052.33503414343,"sharpe":-0.6848622088739116,"calmar":-14.501084469788752,"sqn":-0.862,"profit_factor":0.5668377495590605,"max_drawdown_account":0.017358241873810958,"max_drawdown_abs":17.462389549999997}],"mix_tag_stats":[{"key":["","roi"],"trades":7,"profit_mean":0.021396476724213485,"profit_mean_pct":2.14,"profit_total_abs":14.99985988,"profit_total":0.01499985988,"profit_total_pct":1.5,"duration_avg":"2 days, 4:17:00","wins":7,"draws":0,"losses":0,"winrate":1.0,"cagr":0.06445522228023504,"expectancy":2.1428371257142858,"expectancy_ratio":100.0,"sortino":-100,"sharpe":9.412969551017087,"calmar":-100,"sqn":14.9995,"profit_factor":0.0,"max_drawdown_account":0.0,"max_drawdown_abs":0.0},{"key":["","stop_loss"],"trades":5,"profit_mean":-0.052845731419028666,"profit_mean_pct":-5.28,"profit_total_abs":-26.46235169,"profit_total":-0.02646235169,"profit_total_pct":-2.65,"duration_avg":"1 day, 23:06:00","wins":0,"draws":0,"losses":5,"winrate":0.0,"cagr":-0.10641657385644587,"expectancy":-5.292470337999999,"expectancy_ratio":-1.0,"sortino":-108625.19757030139,"sharpe":-108625.19757030139,"calmar":-21.959739281083685,"sqn":-197862.454,"profit_factor":0.0,"max_drawdown_account":0.02646235168999999,"max_drawdown_abs":26.46235169},{"key":"TOTAL","trades":12,"profit_mean":-0.009537776668804074,"profit_mean_pct":-0.95,"profit_total_abs":-11.46249181,"profit_total":-0.01146249181,"profit_total_pct":-1.15,"duration_avg":"2 days, 2:08:00","wins":7,"draws":0,"losses":5,"winrate":0.5833333333333334,"cagr":-0.04721642826442418,"expectancy":-0.9552076508333331,"expectancy_ratio":-0.1804842710170581,"sortino":-47052.33503414343,"sharpe":-0.6848622088739116,"calmar":-14.501084469788752,"sqn":-0.862,"profit_factor":0.5668377495590605,"max_drawdown_account":0.017358241873810958,"max_drawdown_abs":17.462389549999997}],"left_open_trades":[{"key":"TOTAL","trades":0,"profit_mean":0.0,"profit_mean_pct":0.0,"profit_total_abs":0.0,"profit_total":0.0,"profit_total_pct":0.0,"duration_avg":"0:00","wins":0,"draws":0,"losses":0,"winrate":0.0,"cagr":0.0,"expectancy":0.0,"expectancy_ratio":100.0,"sortino":0,"sharpe":0,"calmar":0,"sqn":0.0,"profit_factor":0.0,"max_drawdown_account":0.0,"max_drawdown_abs":0.0}],"total_trades":12,"trade_count_long":12,"trade_count_short":0,"total_volume":2395.694208792402,"avg_stake_amount":99.9991826025,"profit_mean":-0.009537776668804074,"profit_median":0.019970044922615962,"profit_total":-0.01146249181,"profit_total_long":-0.01146249181,"profit_total_short":0.0,"profit_total_abs":-11.46249181,"profit_total_long_abs":-11.46249181,"profit_total_short_abs":0.0,"cagr":-0.04721642826442418,"expectancy":-0.9552076508333331,"expectancy_ratio":-0.1804842710170581,"sortino":-47052.33503414343,"sharpe":-0.6848622088739116,"calmar":-14.501084469788752,"sqn":-0.862,"profit_factor":0.5668377495590605,"backtest_start":"2025-11-25 14:30:00","backtest_start_ts":1764081000000,"backtest_end":"2026-02-21 00:00:00","backtest_end_ts":1771632000000,"backtest_days":87,"backtest_run_start_ts":1771642027,"backtest_run_end_ts":1771642028,"trades_per_day":0.14,"market_change":-0.2791838973590287,"pairlist":["BTC/USDT","ETH/USDT","SOL/USDT","DOGE/USDT"],"stake_amount":100,"stake_currency":"USDT","stake_currency_decimals":3,"starting_balance":1000,"dry_run_wallet":1000,"final_balance":988.53750819,"rejected_signals":7,"timedout_entry_orders":0,"timedout_exit_orders":0,"canceled_trade_entries":0,"canceled_entry_orders":0,"replaced_entry_orders":0,"max_open_trades":2,"max_open_trades_setting":2,"timeframe":"15m","timeframe_detail":"","timerange":"20251123-20260221","enable_protections":false,"strategy_name":"SupertrendStrategy_Advanced","freqaimodel":null,"freqai_identifier":null,"stoploss":-0.05,"trailing_stop":true,"trailing_stop_positive":0.02,"trailing_stop_positive_offset":0.03,"trailing_only_offset_is_reached":true,"use_custom_stoploss":false,"minimal_roi":{"240":0.02,"120":0.03,"60":0.05,"30":0.08,"0":0.12},"use_exit_signal":true,"exit_profit_only":false,"exit_profit_offset":0.0,"ignore_roi_if_entry_signal":false,"trading_mode":"spot","margin_mode":"","periodic_breakdown":{"day":[{"date":"28/11/2025","date_ts":1764288000000,"profit_abs":1.99997994,"wins":1,"draws":0,"losses":0,"trades":1,"profit_factor":0.0},{"date":"29/11/2025","date_ts":1764374400000,"profit_abs":0.0,"wins":0,"draws":0,"losses":0,"trades":0,"profit_factor":0.0},{"date":"30/11/2025","date_ts":1764460800000,"profit_abs":0.0,"wins":0,"draws":0,"losses":0,"trades":0,"profit_factor":0.0},{"date":"01/12/2025","date_ts":1764547200000,"profit_abs":0.0,"wins":0,"draws":0,"losses":0,"trades":0,"profit_factor":0.0},{"date":"02/12/2025","date_ts":1764633600000,"profit_abs":0.0,"wins":0,"draws":0,"losses":0,"trades":0,"profit_factor":0.0},{"date":"03/12/2025","date_ts":1764720000000,"profit_abs":1.99997734,"wins":1,"draws":0,"losses":0,"trades":1,"profit_factor":0.0},{"date":"04/12/2025","date_ts":1764806400000,"profit_abs":1.99994046,"wins":1,"draws":0,"losses":0,"trades":1,"profit_factor":0.0},{"date":"05/12/2025","date_ts":1764892800000,"profit_abs":0.0,"wins":0,"draws":0,"losses":0,"trades":0,"profit_factor":0.0},{"date":"06/12/2025","date_ts":1764979200000,"profit_abs":0.0,"wins":0,"draws":0,"losses":0,"trades":0,"profit_factor":0.0},{"date":"07/12/2025","date_ts":1765065600000,"profit_abs":0.0,"wins":0,"draws":0,"losses":0,"trades":0,"profit_factor":0.0},{"date":"08/12/2025","date_ts":1765152000000,"profit_abs":0.0,"wins":0,"draws":0,"losses":0,"trades":0,"profit_factor":0.0},{"date":"09/12/2025","date_ts":1765238400000,"profit_abs":0.0,"wins":0,"draws":0,"losses":0,"trades":0,"profit_factor":0.0},{"date":"10/12/2025","date_ts":1765324800000,"profit_abs":0.0,"wins":0,"draws":0,"losses":0,"trades":0,"profit_factor":0.0},{"date":"11/12/2025","date_ts":1765411200000,"profit_abs":0.0,"wins":0,"draws":0,"losses":0,"trades":0,"profit_factor":0.0},{"date":"12/12/2025","date_ts":1765497600000,"profit_abs":-5.2923634,"wins":0,"draws":0,"losses":1,"trades":1,"profit_factor":0.0},{"date":"13/12/2025","date_ts":1765584000000,"profit_abs":0.0,"wins":0,"draws":0,"losses":0,"trades":0,"profit_factor":0.0},{"date":"14/12/2025","date_ts":1765670400000,"profit_abs":0.0,"wins":0,"draws":0,"losses":0,"trades":0,"profit_factor":0.0},{"date":"15/12/2025","date_ts":1765756800000,"profit_abs":0.0,"wins":0,"draws":0,"losses":0,"trades":0,"profit_factor":0.0},{"date":"16/12/2025","date_ts":1765843200000,"profit_abs":0.0,"wins":0,"draws":0,"losses":0,"trades":0,"profit_factor":0.0},{"date":"17/12/2025","date_ts":1765929600000,"profit_abs":0.0,"wins":0,"draws":0,"losses":0,"trades":0,"profit_factor":0.0},{"date":"18/12/2025","date_ts":1766016000000,"profit_abs":0.0,"wins":0,"draws":0,"losses":0,"trades":0,"profit_factor":0.0},{"date":"19/12/2025","date_ts":1766102400000,"profit_abs":0.0,"wins":0,"draws":0,"losses":0,"trades":0,"profit_factor":0.0},{"date":"20/12/2025","date_ts":1766188800000,"profit_abs":0.0,"wins":0,"draws":0,"losses":0,"trades":0,"profit_factor":0.0},{"date":"21/12/2025","date_ts":1766275200000,"profit_abs":0.0,"wins":0,"draws":0,"losses":0,"trades":0,"profit_factor":0.0},{"date":"22/12/2025","date_ts":1766361600000,"profit_abs":0.0,"wins":0,"draws":0,"losses":0,"trades":0,"profit_factor":0.0},{"date":"23/12/2025","date_ts":1766448000000,"profit_abs":0.0,"wins":0,"draws":0,"losses":0,"trades":0,"profit_factor":0.0},{"date":"24/12/2025","date_ts":1766534400000,"profit_abs":0.0,"wins":0,"draws":0,"losses":0,"trades":0,"profit_factor":0.0},{"date":"25/12/2025","date_ts":1766620800000,"profit_abs":0.0,"wins":0,"draws":0,"losses":0,"trades":0,"profit_factor":0.0},{"date":"26/12/2025","date_ts":1766707200000,"profit_abs":0.0,"wins":0,"draws":0,"losses":0,"trades":0,"profit_factor":0.0},{"date":"27/12/2025","date_ts":1766793600000,"profit_abs":0.0,"wins":0,"draws":0,"losses":0,"trades":0,"profit_factor":0.0},{"date":"28/12/2025","date_ts":1766880000000,"profit_abs":0.0,"wins":0,"draws":0,"losses":0,"trades":0,"profit_factor":0.0},{"date":"29/12/2025","date_ts":1766966400000,"profit_abs":0.0,"wins":0,"draws":0,"losses":0,"trades":0,"profit_factor":0.0},{"date":"30/12/2025","date_ts":1767052800000,"profit_abs":0.0,"wins":0,"draws":0,"losses":0,"trades":0,"profit_factor":0.0},{"date":"31/12/2025","date_ts":1767139200000,"profit_abs":0.0,"wins":0,"draws":0,"losses":0,"trades":0,"profit_factor":0.0},{"date":"01/01/2026","date_ts":1767225600000,"profit_abs":0.0,"wins":0,"draws":0,"losses":0,"trades":0,"profit_factor":0.0},{"date":"02/01/2026","date_ts":1767312000000,"profit_abs":1.99996371,"wins":1,"draws":0,"losses":0,"trades":1,"profit_factor":0.0},{"date":"03/01/2026","date_ts":1767398400000,"profit_abs":0.0,"wins":0,"draws":0,"losses":0,"trades":0,"profit_factor":0.0},{"date":"04/01/2026","date_ts":1767484800000,"profit_abs":3.0,"wins":1,"draws":0,"losses":0,"trades":1,"profit_factor":0.0},{"date":"05/01/2026","date_ts":1767571200000,"profit_abs":0.0,"wins":0,"draws":0,"losses":0,"trades":0,"profit_factor":0.0},{"date":"06/01/2026","date_ts":1767657600000,"profit_abs":0.0,"wins":0,"draws":0,"losses":0,"trades":0,"profit_factor":0.0},{"date":"07/01/2026","date_ts":1767744000000,"profit_abs":-10.58499082,"wins":0,"draws":0,"losses":2,"trades":2,"profit_factor":0.0},{"date":"08/01/2026","date_ts":1767830400000,"profit_abs":0.0,"wins":0,"draws":0,"losses":0,"trades":0,"profit_factor":0.0},{"date":"09/01/2026","date_ts":1767916800000,"profit_abs":1.99999974,"wins":1,"draws":0,"losses":0,"trades":1,"profit_factor":0.0},{"date":"10/01/2026","date_ts":1768003200000,"profit_abs":0.0,"wins":0,"draws":0,"losses":0,"trades":0,"profit_factor":0.0},{"date":"11/01/2026","date_ts":1768089600000,"profit_abs":0.0,"wins":0,"draws":0,"losses":0,"trades":0,"profit_factor":0.0},{"date":"12/01/2026","date_ts":1768176000000,"profit_abs":0.0,"wins":0,"draws":0,"losses":0,"trades":0,"profit_factor":0.0},{"date":"13/01/2026","date_ts":1768262400000,"profit_abs":1.99999869,"wins":1,"draws":0,"losses":0,"trades":1,"profit_factor":0.0},{"date":"14/01/2026","date_ts":1768348800000,"profit_abs":0.0,"wins":0,"draws":0,"losses":0,"trades":0,"profit_factor":0.0},{"date":"15/01/2026","date_ts":1768435200000,"profit_abs":-5.29249999,"wins":0,"draws":0,"losses":1,"trades":1,"profit_factor":0.0},{"date":"16/01/2026","date_ts":1768521600000,"profit_abs":0.0,"wins":0,"draws":0,"losses":0,"trades":0,"profit_factor":0.0},{"date":"17/01/2026","date_ts":1768608000000,"profit_abs":0.0,"wins":0,"draws":0,"losses":0,"trades":0,"profit_factor":0.0},{"date":"18/01/2026","date_ts":1768694400000,"profit_abs":-5.29249748,"wins":0,"draws":0,"losses":1,"trades":1,"profit_factor":0.0}],"week":[{"date":"01/12/2025","date_ts":1764547200000,"profit_abs":1.99997994,"wins":1,"draws":0,"losses":0,"trades":1,"profit_factor":0.0},{"date":"08/12/2025","date_ts":1765152000000,"profit_abs":3.9999178,"wins":2,"draws":0,"losses":0,"trades":2,"profit_factor":0.0},{"date":"15/12/2025","date_ts":1765756800000,"profit_abs":-5.2923634,"wins":0,"draws":0,"losses":1,"trades":1,"profit_factor":0.0},{"date":"22/12/2025","date_ts":1766361600000,"profit_abs":0.0,"wins":0,"draws":0,"losses":0,"trades":0,"profit_factor":0.0},{"date":"29/12/2025","date_ts":1766966400000,"profit_abs":0.0,"wins":0,"draws":0,"losses":0,"trades":0,"profit_factor":0.0},{"date":"05/01/2026","date_ts":1767571200000,"profit_abs":4.99996371,"wins":2,"draws":0,"losses":0,"trades":2,"profit_factor":0.0},{"date":"12/01/2026","date_ts":1768176000000,"profit_abs":-8.58499108,"wins":1,"draws":0,"losses":2,"trades":3,"profit_factor":0.18894676},{"date":"19/01/2026","date_ts":1768780800000,"profit_abs":-8.58499878,"wins":1,"draws":0,"losses":2,"trades":3,"profit_factor":0.18894654}],"month":[{"date":"30/11/2025","date_ts":1764460800000,"profit_abs":1.99997994,"wins":1,"draws":0,"losses":0,"trades":1,"profit_factor":0.0},{"date":"31/12/2025","date_ts":1767139200000,"profit_abs":-1.2924456,"wins":2,"draws":0,"losses":1,"trades":3,"profit_factor":0.75579047},{"date":"31/01/2026","date_ts":1769817600000,"profit_abs":-12.17002615,"wins":4,"draws":0,"losses":4,"trades":8,"profit_factor":0.42512835}],"year":[{"date":"31/12/2025","date_ts":1767139200000,"profit_abs":0.70753434,"wins":3,"draws":0,"losses":1,"trades":4,"profit_factor":1.13368967},{"date":"31/12/2026","date_ts":1798675200000,"profit_abs":-12.17002615,"wins":4,"draws":0,"losses":4,"trades":8,"profit_factor":0.42512835}],"weekday":[{"date":"Tuesday","date_ts":1,"profit_abs":1.99999869,"wins":1,"draws":0,"losses":0,"trades":1,"profit_factor":0.0},{"date":"Wednesday","date_ts":2,"profit_abs":-8.58501348,"wins":1,"draws":0,"losses":2,"trades":3,"profit_factor":0.18894465},{"date":"Thursday","date_ts":3,"profit_abs":-3.29255953,"wins":1,"draws":0,"losses":1,"trades":2,"profit_factor":0.377882},{"date":"Friday","date_ts":4,"profit_abs":0.70757999,"wins":3,"draws":0,"losses":1,"trades":4,"profit_factor":1.1336983},{"date":"Sunday","date_ts":6,"profit_abs":-2.29249748,"wins":1,"draws":0,"losses":1,"trades":2,"profit_factor":0.56684014}]},"backtest_best_day":0.02995506741198003,"backtest_worst_day":-0.10569146288347486,"backtest_best_day_abs":3.0,"backtest_worst_day_abs":-10.58499082,"winning_days":7,"draw_days":41,"losing_days":4,"daily_profit":[["2025-11-28",1.99997994],["2025-11-29",0.0],["2025-11-30",0.0],["2025-12-01",0.0],["2025-12-02",0.0],["2025-12-03",1.99997734],["2025-12-04",1.99994046],["2025-12-05",0.0],["2025-12-06",0.0],["2025-12-07",0.0],["2025-12-08",0.0],["2025-12-09",0.0],["2025-12-10",0.0],["2025-12-11",0.0],["2025-12-12",-5.2923634],["2025-12-13",0.0],["2025-12-14",0.0],["2025-12-15",0.0],["2025-12-16",0.0],["2025-12-17",0.0],["2025-12-18",0.0],["2025-12-19",0.0],["2025-12-20",0.0],["2025-12-21",0.0],["2025-12-22",0.0],["2025-12-23",0.0],["2025-12-24",0.0],["2025-12-25",0.0],["2025-12-26",0.0],["2025-12-27",0.0],["2025-12-28",0.0],["2025-12-29",0.0],["2025-12-30",0.0],["2025-12-31",0.0],["2026-01-01",0.0],["2026-01-02",1.99996371],["2026-01-03",0.0],["2026-01-04",3.0],["2026-01-05",0.0],["2026-01-06",0.0],["2026-01-07",-10.58499082],["2026-01-08",0.0],["2026-01-09",1.99999974],["2026-01-10",0.0],["2026-01-11",0.0],["2026-01-12",0.0],["2026-01-13",1.99999869],["2026-01-14",0.0],["2026-01-15",-5.29249999],["2026-01-16",0.0],["2026-01-17",0.0],["2026-01-18",-5.29249748]],"wins":7,"losses":5,"draws":0,"winrate":0.5833333333333334,"holding_avg":"2 days, 2:08:00","holding_avg_s":180480.0,"winner_holding_min":"0d 02:00","winner_holding_min_s":7200.0,"winner_holding_max":"10d 14:00","winner_holding_max_s":914400.0,"winner_holding_avg":"2d 04:17","winner_holding_avg_s":188220.0,"loser_holding_min":"0d 18:30","loser_holding_min_s":66600.0,"loser_holding_max":"5d 01:15","loser_holding_max_s":436500.0,"loser_holding_avg":"1d 23:06","loser_holding_avg_s":169560.0,"max_consecutive_wins":3,"max_consecutive_losses":2,"max_drawdown_account":0.017358241873810958,"max_relative_drawdown":0.017358241873810958,"max_drawdown_abs":17.462389549999997,"drawdown_start":"2025-12-04 01:00:00","drawdown_start_ts":1764810000000.0,"drawdown_end":"2026-01-18 23:30:00","drawdown_end_ts":1768779000000.0,"drawdown_duration":"45 days 22:30:00","drawdown_duration_s":3969000.0,"max_drawdown_low":-11.46249181,"max_drawdown_high":5.99989774,"csum_min":988.53750819,"csum_max":1005.99989774}},"strategy_comparison":[{"key":"SupertrendStrategy_Advanced","trades":12,"profit_mean":-0.009537776668804074,"profit_mean_pct":-0.95,"profit_total_abs":-11.46249181,"profit_total":-0.01146249181,"profit_total_pct":-1.15,"duration_avg":"2 days, 2:08:00","wins":7,"draws":0,"losses":5,"winrate":0.5833333333333334,"cagr":-0.04721642826442418,"expectancy":-0.9552076508333331,"expectancy_ratio":-0.1804842710170581,"sortino":-47052.33503414343,"sharpe":-0.6848622088739116,"calmar":-14.501084469788752,"sqn":-0.862,"profit_factor":0.5668377495590605,"max_drawdown_account":0.017358241873810958,"max_drawdown_abs":"17.462"}]}