{"strategy":{"SupertrendFuturesStrategy":{"trades":[{"pair":"BTC/USDT:USDT","stake_amount":327.46797333,"max_stake_amount":327.46797333,"amount":0.0109,"open_date":"2026-01-22 02:15:00+00:00","close_date":"2026-01-22 02:45:00+00:00","open_rate":90128.8,"close_rate":90067.9,"fee_open":0.0005,"fee_close":0.0005,"trade_duration":30,"profit_ratio":-0.005023573644514377,"profit_abs":-1.64588201,"exit_reason":"exit_signal","initial_stop_loss_abs":88626.65333333334,"initial_stop_loss_ratio":-0.05,"stop_loss_abs":88626.65333333334,"stop_loss_ratio":-0.05,"min_rate":89786.0,"max_rate":90312.2,"is_open":false,"enter_tag":"","leverage":3.0,"is_short":false,"open_timestamp":1769048100000,"close_timestamp":1769049900000,"orders":[{"amount":0.0109,"safe_price":90128.8,"ft_order_side":"buy","order_filled_timestamp":1769048100000,"ft_is_entry":true,"ft_order_tag":"","cost":982.89512196},{"amount":0.0109,"safe_price":90067.9,"ft_order_side":"sell","order_filled_timestamp":1769049900000,"ft_is_entry":false,"ft_order_tag":"exit_signal","cost":982.2309800549999}],"funding_fees":0.0,"weekday":3},{"pair":"BTC/USDT:USDT","stake_amount":326.98183333,"max_stake_amount":326.98183333,"amount":0.0109,"open_date":"2026-01-22 06:15:00+00:00","close_date":"2026-01-22 06:30:00+00:00","open_rate":89995.0,"close_rate":89962.8,"fee_open":0.0005,"fee_close":0.0005,"trade_duration":15,"profit_ratio":-0.004070820859363084,"profit_abs":-1.33175001,"exit_reason":"exit_signal","initial_stop_loss_abs":88495.08333333333,"initial_stop_loss_ratio":-0.05,"stop_loss_abs":88495.08333333333,"stop_loss_ratio":-0.05,"min_rate":89929.0,"max_rate":90174.5,"is_open":false,"enter_tag":"","leverage":3.0,"is_short":false,"open_timestamp":1769062500000,"close_timestamp":1769063400000,"orders":[{"amount":0.0109,"safe_price":89995.0,"ft_order_side":"buy","order_filled_timestamp":1769062500000,"ft_is_entry":true,"ft_order_tag":"","cost":981.43597275},{"amount":0.0109,"safe_price":89962.8,"ft_order_side":"sell","order_filled_timestamp":1769063400000,"ft_is_entry":false,"ft_order_tag":"exit_signal","cost":981.0848172599999}],"funding_fees":0.0,"weekday":3},{"pair":"BTC/USDT:USDT","stake_amount":327.39639667,"max_stake_amount":327.39639667,"amount":0.0109,"open_date":"2026-01-22 06:45:00+00:00","close_date":"2026-01-22 07:30:00+00:00","open_rate":90109.1,"close_rate":89927.3,"fee_open":0.0005,"fee_close":0.0005,"trade_duration":45,"profit_ratio":-0.009045113939233318,"profit_abs":-2.96281838,"exit_reason":"exit_signal","initial_stop_loss_abs":88607.28166666666,"initial_stop_loss_ratio":-0.05,"stop_loss_abs":88607.28166666666,"stop_loss_ratio":-0.05,"min_rate":89851.9,"max_rate":90176.4,"is_open":false,"enter_tag":"","leverage":3.0,"is_short":false,"open_timestamp":1769064300000,"close_timestamp":1769067000000,"orders":[{"amount":0.0109,"safe_price":90109.1,"ft_order_side":"buy","order_filled_timestamp":1769064300000,"ft_is_entry":true,"ft_order_tag":"","cost":982.680284595},{"amount":0.0109,"safe_price":89927.3,"ft_order_side":"sell","order_filled_timestamp":1769067000000,"ft_is_entry":false,"ft_order_tag":"exit_signal","cost":980.697673785}],"funding_fees":0.0,"weekday":3},{"pair":"BTC/USDT:USDT","stake_amount":327.21364,"max_stake_amount":327.21364,"amount":0.0109,"open_date":"2026-01-22 09:45:00+00:00","close_date":"2026-01-22 10:30:00+00:00","open_rate":90058.8,"close_rate":89985.2,"fee_open":0.0005,"fee_close":0.0005,"trade_duration":45,"profit_ratio":-0.005447781778739806,"profit_abs":-1.7834798,"exit_reason":"exit_signal","initial_stop_loss_abs":88557.81999999999,"initial_stop_loss_ratio":-0.05,"stop_loss_abs":88557.81999999999,"stop_loss_ratio":-0.05,"min_rate":89893.9,"max_rate":90069.4,"is_open":false,"enter_tag":"","leverage":3.0,"is_short":false,"open_timestamp":1769075100000,"close_timestamp":1769077800000,"orders":[{"amount":0.0109,"safe_price":90058.8,"ft_order_side":"buy","order_filled_timestamp":1769075100000,"ft_is_entry":true,"ft_order_tag":"","cost":982.13174046},{"amount":0.0109,"safe_price":89985.2,"ft_order_side":"sell","order_filled_timestamp":1769077800000,"ft_is_entry":false,"ft_order_tag":"exit_signal","cost":981.3290993399999}],"funding_fees":0.0,"weekday":3},{"pair":"BTC/USDT:USDT","stake_amount":324.50544,"max_stake_amount":324.50544,"amount":0.0108,"open_date":"2026-01-22 13:30:00+00:00","close_date":"2026-01-22 13:45:00+00:00","open_rate":90140.4,"close_rate":89569.0,"fee_open":0.0005,"fee_close":0.0005,"trade_duration":15,"profit_ratio":-0.021996493399665175,"profit_abs":-7.14155076,"exit_reason":"exit_signal","initial_stop_loss_abs":88638.05999999998,"initial_stop_loss_ratio":-0.05,"stop_loss_abs":88638.05999999998,"stop_loss_ratio":-0.05,"min_rate":89426.0,"max_rate":90296.1,"is_open":false,"enter_tag":"","leverage":3.0,"is_short":false,"open_timestamp":1769088600000,"close_timestamp":1769089500000,"orders":[{"amount":0.0108,"safe_price":90140.4,"ft_order_side":"buy","order_filled_timestamp":1769088600000,"ft_is_entry":true,"ft_order_tag":"","cost":974.0030781599999},{"amount":0.0108,"safe_price":89569.0,"ft_order_side":"sell","order_filled_timestamp":1769089500000,"ft_is_entry":false,"ft_order_tag":"exit_signal","cost":967.8288726000001}],"funding_fees":0.0,"weekday":3},{"pair":"ETH/USDT:USDT","stake_amount":324.41958,"max_stake_amount":324.41958,"amount":0.324,"open_date":"2026-02-11 14:15:00+00:00","close_date":"2026-02-11 14:30:00+00:00","open_rate":2002.59,"close_rate":1952.52525,"fee_open":0.0005,"fee_close":0.0005,"trade_duration":15,"profit_ratio":-0.05194902548571593,"profit_abs":-16.86170767,"exit_reason":"stop_loss","initial_stop_loss_abs":1952.52525,"initial_stop_loss_ratio":-0.05,"stop_loss_abs":1952.52525,"stop_loss_ratio":-0.05,"min_rate":1951.29,"max_rate":2005.6,"is_open":false,"enter_tag":"","leverage":2.0,"is_short":false,"open_timestamp":1770819300000,"close_timestamp":1770820200000,"orders":[{"amount":0.324,"safe_price":2002.59,"ft_order_side":"buy","order_filled_timestamp":1770819300000,"ft_is_entry":true,"ft_order_tag":"","cost":649.1635795799999},{"amount":0.324,"safe_price":1952.52525,"ft_order_side":"sell","order_filled_timestamp":1770820200000,"ft_is_entry":false,"ft_order_tag":"stop_loss","cost":632.9344900904999}],"funding_fees":0.0,"weekday":2},{"pair":"BTC/USDT:USDT","stake_amount":324.959375,"max_stake_amount":324.959375,"amount":0.0095,"open_date":"2026-02-11 14:15:00+00:00","close_date":"2026-02-11 14:45:00+00:00","open_rate":68412.5,"close_rate":66702.1875,"fee_open":0.0005,"fee_close":0.0005,"trade_duration":30,"profit_ratio":-0.05194902550071286,"profit_abs":-16.88976352,"exit_reason":"stop_loss","initial_stop_loss_abs":66702.1875,"initial_stop_loss_ratio":-0.05,"stop_loss_abs":66702.1875,"stop_loss_ratio":-0.05,"min_rate":66404.9,"max_rate":68555.0,"is_open":false,"enter_tag":"","leverage":2.0,"is_short":false,"open_timestamp":1770819300000,"close_timestamp":1770821100000,"orders":[{"amount":0.0095,"safe_price":68412.5,"ft_order_side":"buy","order_filled_timestamp":1770819300000,"ft_is_entry":true,"ft_order_tag":"","cost":650.2437093749999},{"amount":0.0095,"safe_price":66702.1875,"ft_order_side":"sell","order_filled_timestamp":1770821100000,"ft_is_entry":false,"ft_order_tag":"stop_loss","cost":633.987616640625}],"funding_fees":0.0,"weekday":2},{"pair":"BTC/USDT:USDT","stake_amount":313.21565,"max_stake_amount":313.21565,"amount":0.0139,"open_date":"2026-02-11 19:15:00+00:00","close_date":"2026-02-11 20:30:00+00:00","open_rate":67600.5,"close_rate":67178.0,"fee_open":0.0005,"fee_close":0.0005,"trade_duration":75,"profit_ratio":-0.02172962156019147,"profit_abs":-6.80946057,"exit_reason":"exit_signal","initial_stop_loss_abs":66473.825,"initial_stop_loss_ratio":-0.05,"stop_loss_abs":66473.825,"stop_loss_ratio":-0.05,"min_rate":67137.9,"max_rate":67826.8,"is_open":false,"enter_tag":"","leverage":3.0,"is_short":false,"open_timestamp":1770837300000,"close_timestamp":1770841800000,"orders":[{"amount":0.0139,"safe_price":67600.5,"ft_order_side":"buy","order_filled_timestamp":1770837300000,"ft_is_entry":true,"ft_order_tag":"","cost":940.116773475},{"amount":0.0139,"safe_price":67178.0,"ft_order_side":"sell","order_filled_timestamp":1770841800000,"ft_is_entry":false,"ft_order_tag":"exit_signal","cost":934.2410870999998}],"funding_fees":0.0,"weekday":2},{"pair":"BTC/USDT:USDT","stake_amount":311.23705667,"max_stake_amount":311.23705667,"amount":0.0137,"open_date":"2026-02-11 21:30:00+00:00","close_date":"2026-02-11 22:00:00+00:00","open_rate":68154.1,"close_rate":67774.7,"fee_open":0.0005,"fee_close":0.0005,"trade_duration":30,"profit_ratio":-0.01968219797129772,"profit_abs":-6.12889228,"exit_reason":"exit_signal","initial_stop_loss_abs":67018.19833333333,"initial_stop_loss_ratio":-0.05,"stop_loss_abs":67018.19833333333,"stop_loss_ratio":-0.05,"min_rate":67557.1,"max_rate":68340.8,"is_open":false,"enter_tag":"","leverage":3.0,"is_short":false,"open_timestamp":1770845400000,"close_timestamp":1770847200000,"orders":[{"amount":0.0137,"safe_price":68154.1,"ft_order_side":"buy","order_filled_timestamp":1770845400000,"ft_is_entry":true,"ft_order_tag":"","cost":934.1780255850001},{"amount":0.0137,"safe_price":67774.7,"ft_order_side":"sell","order_filled_timestamp":1770847200000,"ft_is_entry":false,"ft_order_tag":"exit_signal","cost":928.9776466949999}],"funding_fees":0.0,"weekday":2},{"pair":"ETH/USDT:USDT","stake_amount":311.19458333,"max_stake_amount":311.19458333,"amount":0.473,"open_date":"2026-02-11 21:30:00+00:00","close_date":"2026-02-11 22:15:00+00:00","open_rate":1973.75,"close_rate":1960.73,"fee_open":0.0005,"fee_close":0.0005,"trade_duration":45,"profit_ratio":-0.022768461241197007,"profit_abs":-7.08896452,"exit_reason":"exit_signal","initial_stop_loss_abs":1940.8541666666665,"initial_stop_loss_ratio":-0.05,"stop_loss_abs":1940.8541666666665,"stop_loss_ratio":-0.05,"min_rate":1953.15,"max_rate":1987.26,"is_open":false,"enter_tag":"","leverage":3.0,"is_short":false,"open_timestamp":1770845400000,"close_timestamp":1770848100000,"orders":[{"amount":0.473,"safe_price":1973.75,"ft_order_side":"buy","order_filled_timestamp":1770845400000,"ft_is_entry":true,"ft_order_tag":"","cost":934.0505418749999},{"amount":0.473,"safe_price":1960.73,"ft_order_side":"sell","order_filled_timestamp":1770848100000,"ft_is_entry":false,"ft_order_tag":"exit_signal","cost":927.889002645}],"funding_fees":0.0,"weekday":2},{"pair":"BTC/USDT:USDT","stake_amount":306.24434667,"max_stake_amount":306.24434667,"amount":0.0136,"open_date":"2026-02-12 00:45:00+00:00","close_date":"2026-02-12 01:00:00+00:00","open_rate":67553.9,"close_rate":67435.1,"fee_open":0.0005,"fee_close":0.0005,"trade_duration":15,"profit_ratio":-0.008269014785246291,"profit_abs":-2.5336052,"exit_reason":"exit_signal","initial_stop_loss_abs":66428.00166666666,"initial_stop_loss_ratio":-0.05,"stop_loss_abs":66428.00166666666,"stop_loss_ratio":-0.05,"min_rate":67435.0,"max_rate":67675.6,"is_open":false,"enter_tag":"","leverage":3.0,"is_short":false,"open_timestamp":1770857100000,"close_timestamp":1770858000000,"orders":[{"amount":0.0136,"safe_price":67553.9,"ft_order_side":"buy","order_filled_timestamp":1770857100000,"ft_is_entry":true,"ft_order_tag":"","cost":919.1924065199998},{"amount":0.0136,"safe_price":67435.1,"ft_order_side":"sell","order_filled_timestamp":1770858000000,"ft_is_entry":false,"ft_order_tag":"exit_signal","cost":917.57591868}],"funding_fees":0.0,"weekday":3},{"pair":"BTC/USDT:USDT","stake_amount":305.01585,"max_stake_amount":305.01585,"amount":0.0135,"open_date":"2026-02-12 01:30:00+00:00","close_date":"2026-02-12 02:15:00+00:00","open_rate":67781.3,"close_rate":67456.8,"fee_open":0.0005,"fee_close":0.0005,"trade_duration":45,"profit_ratio":-0.017346513957062968,"profit_abs":-5.29360718,"exit_reason":"exit_signal","initial_stop_loss_abs":66651.61166666666,"initial_stop_loss_ratio":-0.05,"stop_loss_abs":66651.61166666666,"stop_loss_ratio":-0.05,"min_rate":67377.8,"max_rate":68043.1,"is_open":false,"enter_tag":"","leverage":3.0,"is_short":false,"open_timestamp":1770859800000,"close_timestamp":1770862500000,"orders":[{"amount":0.0135,"safe_price":67781.3,"ft_order_side":"buy","order_filled_timestamp":1770859800000,"ft_is_entry":true,"ft_order_tag":"","cost":915.5050737749999},{"amount":0.0135,"safe_price":67456.8,"ft_order_side":"sell","order_filled_timestamp":1770862500000,"ft_is_entry":false,"ft_order_tag":"exit_signal","cost":911.1221334}],"funding_fees":0.0,"weekday":3},{"pair":"ETH/USDT:USDT","stake_amount":306.91,"max_stake_amount":306.91,"amount":0.47,"open_date":"2026-02-12 00:45:00+00:00","close_date":"2026-02-12 02:45:00+00:00","open_rate":1959.0,"close_rate":1965.95,"fee_open":0.0005,"fee_close":0.0005,"trade_duration":120,"profit_ratio":0.007634046682631119,"profit_abs":2.34413675,"exit_reason":"exit_signal","initial_stop_loss_abs":1926.35,"initial_stop_loss_ratio":-0.05,"stop_loss_abs":1926.35,"stop_loss_ratio":-0.05,"min_rate":1953.79,"max_rate":1977.1,"is_open":false,"enter_tag":"","leverage":3.0,"is_short":false,"open_timestamp":1770857100000,"close_timestamp":1770864300000,"orders":[{"amount":0.47,"safe_price":1959.0,"ft_order_side":"buy","order_filled_timestamp":1770857100000,"ft_is_entry":true,"ft_order_tag":"","cost":921.1903649999998},{"amount":0.47,"safe_price":1965.95,"ft_order_side":"sell","order_filled_timestamp":1770864300000,"ft_is_entry":false,"ft_order_tag":"exit_signal","cost":924.4584982499999}],"funding_fees":0.0,"weekday":3},{"pair":"ETH/USDT:USDT","stake_amount":305.06608,"max_stake_amount":305.06608,"amount":0.464,"open_date":"2026-02-12 04:15:00+00:00","close_date":"2026-02-12 05:00:00+00:00","open_rate":1972.41,"close_rate":1964.79,"fee_open":0.0005,"fee_close":0.0005,"trade_duration":45,"profit_ratio":-0.014576799087337864,"profit_abs":-4.4491104,"exit_reason":"exit_signal","initial_stop_loss_abs":1939.5365,"initial_stop_loss_ratio":-0.05,"stop_loss_abs":1939.5365,"stop_loss_ratio":-0.05,"min_rate":1955.37,"max_rate":1974.74,"is_open":false,"enter_tag":"","leverage":3.0,"is_short":false,"open_timestamp":1770869700000,"close_timestamp":1770872400000,"orders":[{"amount":0.464,"safe_price":1972.41,"ft_order_side":"buy","order_filled_timestamp":1770869700000,"ft_is_entry":true,"ft_order_tag":"","cost":915.65583912},{"amount":0.464,"safe_price":1964.79,"ft_order_side":"sell","order_filled_timestamp":1770872400000,"ft_is_entry":false,"ft_order_tag":"exit_signal","cost":912.11839128}],"funding_fees":0.0,"weekday":3},{"pair":"ETH/USDT:USDT","stake_amount":303.99723,"max_stake_amount":303.99723,"amount":0.461,"open_date":"2026-02-12 06:30:00+00:00","close_date":"2026-02-12 07:15:00+00:00","open_rate":1978.29,"close_rate":1968.65,"fee_open":0.0005,"fee_close":0.0005,"trade_duration":45,"profit_ratio":-0.017602575204216583,"profit_abs":-5.35380967,"exit_reason":"exit_signal","initial_stop_loss_abs":1945.3184999999999,"initial_stop_loss_ratio":-0.05,"stop_loss_abs":1945.3184999999999,"stop_loss_ratio":-0.05,"min_rate":1965.3,"max_rate":1980.96,"is_open":false,"enter_tag":"","leverage":3.0,"is_short":false,"open_timestamp":1770877800000,"close_timestamp":1770880500000,"orders":[{"amount":0.461,"safe_price":1978.29,"ft_order_side":"buy","order_filled_timestamp":1770877800000,"ft_is_entry":true,"ft_order_tag":"","cost":912.447685845},{"amount":0.461,"safe_price":1968.65,"ft_order_side":"sell","order_filled_timestamp":1770880500000,"ft_is_entry":false,"ft_order_tag":"exit_signal","cost":908.0014238250001}],"funding_fees":0.0,"weekday":3},{"pair":"ETH/USDT:USDT","stake_amount":302.2056,"max_stake_amount":302.2056,"amount":0.459,"open_date":"2026-02-12 09:30:00+00:00","close_date":"2026-02-12 11:15:00+00:00","open_rate":1975.2,"close_rate":1996.9380690345172,"fee_open":0.0005,"fee_close":0.0005,"trade_duration":105,"profit_ratio":0.02998500749625187,"profit_abs":9.066168,"exit_reason":"roi","initial_stop_loss_abs":1942.28,"initial_stop_loss_ratio":-0.05,"stop_loss_abs":1942.28,"stop_loss_ratio":-0.05,"min_rate":1972.0,"max_rate":2001.28,"is_open":false,"enter_tag":"","leverage":3.0,"is_short":false,"open_timestamp":1770888600000,"close_timestamp":1770894900000,"orders":[{"amount":0.459,"safe_price":1975.2,"ft_order_side":"buy","order_filled_timestamp":1770888600000,"ft_is_entry":true,"ft_order_tag":"","cost":907.0701084},{"amount":0.459,"safe_price":1996.9380690345172,"ft_order_side":"sell","order_filled_timestamp":1770894900000,"ft_is_entry":false,"ft_order_tag":"roi","cost":917.0528709736868}],"funding_fees":0.0,"weekday":3},{"pair":"BTC/USDT:USDT","stake_amount":301.02564,"max_stake_amount":301.02564,"amount":0.0134,"open_date":"2026-02-12 09:45:00+00:00","close_date":"2026-02-12 11:15:00+00:00","open_rate":67393.8,"close_rate":68135.50265132565,"fee_open":0.0005,"fee_close":0.0005,"trade_duration":90,"profit_ratio":0.02998500749625187,"profit_abs":9.0307692,"exit_reason":"roi","initial_stop_loss_abs":66270.56999999999,"initial_stop_loss_ratio":-0.05,"stop_loss_abs":66270.56999999999,"stop_loss_ratio":-0.05,"min_rate":67311.6,"max_rate":68235.6,"is_open":false,"enter_tag":"","leverage":3.0,"is_short":false,"open_timestamp":1770889500000,"close_timestamp":1770894900000,"orders":[{"amount":0.0134,"safe_price":67393.8,"ft_order_side":"buy","order_filled_timestamp":1770889500000,"ft_is_entry":true,"ft_order_tag":"","cost":903.52845846},{"amount":0.0134,"safe_price":68135.50265132565,"ft_order_side":"sell","order_filled_timestamp":1770894900000,"ft_is_entry":false,"ft_order_tag":"roi","cost":913.4722433955275}],"funding_fees":0.0,"weekday":3},{"pair":"ETH/USDT:USDT","stake_amount":308.23299,"max_stake_amount":308.23299,"amount":0.463,"open_date":"2026-02-12 11:30:00+00:00","close_date":"2026-02-12 12:00:00+00:00","open_rate":1997.19,"close_rate":1987.94,"fee_open":0.0005,"fee_close":0.0005,"trade_duration":30,"profit_ratio":-0.01687913499095785,"profit_abs":-5.2053076,"exit_reason":"exit_signal","initial_stop_loss_abs":1963.9035,"initial_stop_loss_ratio":-0.05,"stop_loss_abs":1963.9035,"stop_loss_ratio":-0.05,"min_rate":1980.1,"max_rate":2000.0,"is_open":false,"enter_tag":"","leverage":3.0,"is_short":false,"open_timestamp":1770895800000,"close_timestamp":1770897600000,"orders":[{"amount":0.463,"safe_price":1997.19,"ft_order_side":"buy","order_filled_timestamp":1770895800000,"ft_is_entry":true,"ft_order_tag":"","cost":925.161319485},{"amount":0.463,"safe_price":1987.94,"ft_order_side":"sell","order_filled_timestamp":1770897600000,"ft_is_entry":false,"ft_order_tag":"exit_signal","cost":920.87642811}],"funding_fees":0.0,"weekday":3},{"pair":"BTC/USDT:USDT","stake_amount":306.77085,"max_stake_amount":306.77085,"amount":0.009,"open_date":"2026-02-12 11:30:00+00:00","close_date":"2026-02-12 12:30:00+00:00","open_rate":68171.3,"close_rate":67950.4,"fee_open":0.0005,"fee_close":0.0005,"trade_duration":60,"profit_ratio":-0.00847325609982824,"profit_abs":-2.60064765,"exit_reason":"exit_signal","initial_stop_loss_abs":66467.0175,"initial_stop_loss_ratio":-0.05,"stop_loss_abs":66467.0175,"stop_loss_ratio":-0.05,"min_rate":67809.7,"max_rate":68269.7,"is_open":false,"enter_tag":"","leverage":2.0,"is_short":false,"open_timestamp":1770895800000,"close_timestamp":1770899400000,"orders":[{"amount":0.009,"safe_price":68171.3,"ft_order_side":"buy","order_filled_timestamp":1770895800000,"ft_is_entry":true,"ft_order_tag":"","cost":613.84847085},{"amount":0.009,"safe_price":67950.4,"ft_order_side":"sell","order_filled_timestamp":1770899400000,"ft_is_entry":false,"ft_order_tag":"exit_signal","cost":611.8593767999998}],"funding_fees":0.0,"weekday":3},{"pair":"BTC/USDT:USDT","stake_amount":304.1331,"max_stake_amount":304.1331,"amount":0.0134,"open_date":"2026-02-12 13:45:00+00:00","close_date":"2026-02-12 14:30:00+00:00","open_rate":68089.5,"close_rate":67964.7,"fee_open":0.0005,"fee_close":0.0005,"trade_duration":45,"profit_ratio":-0.008491650017962402,"profit_abs":-2.58388314,"exit_reason":"exit_signal","initial_stop_loss_abs":66954.675,"initial_stop_loss_ratio":-0.05,"stop_loss_abs":66954.675,"stop_loss_ratio":-0.05,"min_rate":67571.2,"max_rate":68390.0,"is_open":false,"enter_tag":"","leverage":3.0,"is_short":false,"open_timestamp":1770903900000,"close_timestamp":1770906600000,"orders":[{"amount":0.0134,"safe_price":68089.5,"ft_order_side":"buy","order_filled_timestamp":1770903900000,"ft_is_entry":true,"ft_order_tag":"","cost":912.85549965},{"amount":0.0134,"safe_price":67964.7,"ft_order_side":"sell","order_filled_timestamp":1770906600000,"ft_is_entry":false,"ft_order_tag":"exit_signal","cost":911.18234349}],"funding_fees":0.0,"weekday":3},{"pair":"BTC/USDT:USDT","stake_amount":302.68369,"max_stake_amount":302.68369,"amount":0.0137,"open_date":"2026-02-12 23:15:00+00:00","close_date":"2026-02-13 00:30:00+00:00","open_rate":66281.1,"close_rate":65997.3,"fee_open":0.0005,"fee_close":0.0005,"trade_duration":75,"profit_ratio":-0.016025575279163755,"profit_abs":-4.8531056,"exit_reason":"exit_signal","initial_stop_loss_abs":65176.415,"initial_stop_loss_ratio":-0.05,"stop_loss_abs":65176.415,"stop_loss_ratio":-0.05,"min_rate":65864.1,"max_rate":66505.0,"is_open":false,"enter_tag":"","leverage":3.0,"is_short":false,"open_timestamp":1770938100000,"close_timestamp":1770942600000,"orders":[{"amount":0.0137,"safe_price":66281.1,"ft_order_side":"buy","order_filled_timestamp":1770938100000,"ft_is_entry":true,"ft_order_tag":"","cost":908.505095535},{"amount":0.0137,"safe_price":65997.3,"ft_order_side":"sell","order_filled_timestamp":1770942600000,"ft_is_entry":false,"ft_order_tag":"exit_signal","cost":904.615091505}],"funding_fees":-0.05893855660026547,"weekday":4},{"pair":"ETH/USDT:USDT","stake_amount":304.24666667,"max_stake_amount":304.24666667,"amount":0.47,"open_date":"2026-02-12 23:00:00+00:00","close_date":"2026-02-13 00:45:00+00:00","open_rate":1942.0,"close_rate":1931.41,"fee_open":0.0005,"fee_close":0.0005,"trade_duration":105,"profit_ratio":-0.0194724018121097,"profit_abs":-5.92737555,"exit_reason":"exit_signal","initial_stop_loss_abs":1909.6333333333332,"initial_stop_loss_ratio":-0.05,"stop_loss_abs":1909.6333333333332,"stop_loss_ratio":-0.05,"min_rate":1926.19,"max_rate":1953.86,"is_open":false,"enter_tag":"","leverage":3.0,"is_short":false,"open_timestamp":1770937200000,"close_timestamp":1770943500000,"orders":[{"amount":0.47,"safe_price":1942.0,"ft_order_side":"buy","order_filled_timestamp":1770937200000,"ft_is_entry":true,"ft_order_tag":"","cost":913.1963699999999},{"amount":0.47,"safe_price":1931.41,"ft_order_side":"sell","order_filled_timestamp":1770943500000,"ft_is_entry":false,"ft_order_tag":"exit_signal","cost":908.21658135}],"funding_fees":-0.03982419862532975,"weekday":4},{"pair":"ETH/USDT:USDT","stake_amount":301.18394667,"max_stake_amount":301.18394667,"amount":0.464,"open_date":"2026-02-13 03:00:00+00:00","close_date":"2026-02-13 03:15:00+00:00","open_rate":1947.31,"close_rate":1944.36,"fee_open":0.0005,"fee_close":0.0005,"trade_duration":15,"profit_ratio":-0.007538689226441208,"profit_abs":-2.27166744,"exit_reason":"exit_signal","initial_stop_loss_abs":1914.854833333333,"initial_stop_loss_ratio":-0.05,"stop_loss_abs":1914.854833333333,"stop_loss_ratio":-0.05,"min_rate":1943.16,"max_rate":1950.81,"is_open":false,"enter_tag":"","leverage":3.0,"is_short":false,"open_timestamp":1770951600000,"close_timestamp":1770952500000,"orders":[{"amount":0.464,"safe_price":1947.31,"ft_order_side":"buy","order_filled_timestamp":1770951600000,"ft_is_entry":true,"ft_order_tag":"","cost":904.0036159199999},{"amount":0.464,"safe_price":1944.36,"ft_order_side":"sell","order_filled_timestamp":1770952500000,"ft_is_entry":false,"ft_order_tag":"exit_signal","cost":902.63413152}],"funding_fees":0.0,"weekday":4},{"pair":"BTC/USDT:USDT","stake_amount":300.97842667,"max_stake_amount":300.97842667,"amount":0.0136,"open_date":"2026-02-13 01:45:00+00:00","close_date":"2026-02-13 04:15:00+00:00","open_rate":66392.3,"close_rate":66510.1,"fee_open":0.0005,"fee_close":0.0005,"trade_duration":150,"profit_ratio":0.0023190854254537627,"profit_abs":0.69834368,"exit_reason":"exit_signal","initial_stop_loss_abs":65285.761666666665,"initial_stop_loss_ratio":-0.05,"stop_loss_abs":65285.761666666665,"stop_loss_ratio":-0.05,"min_rate":66300.0,"max_rate":66777.0,"is_open":false,"enter_tag":"","leverage":3.0,"is_short":false,"open_timestamp":1770947100000,"close_timestamp":1770956100000,"orders":[{"amount":0.0136,"safe_price":66392.3,"ft_order_side":"buy","order_filled_timestamp":1770947100000,"ft_is_entry":true,"ft_order_tag":"","cost":903.38674764},{"amount":0.0136,"safe_price":66510.1,"ft_order_side":"sell","order_filled_timestamp":1770956100000,"ft_is_entry":false,"ft_order_tag":"exit_signal","cost":904.98962868}],"funding_fees":0.0,"weekday":4},{"pair":"ETH/USDT:USDT","stake_amount":300.14788,"max_stake_amount":300.14788,"amount":0.461,"open_date":"2026-02-13 03:45:00+00:00","close_date":"2026-02-13 04:15:00+00:00","open_rate":1953.24,"close_rate":1950.95,"fee_open":0.0005,"fee_close":0.0005,"trade_duration":30,"profit_ratio":-0.006512218163133849,"profit_abs":-1.95560579,"exit_reason":"exit_signal","initial_stop_loss_abs":1920.686,"initial_stop_loss_ratio":-0.05,"stop_loss_abs":1920.686,"stop_loss_ratio":-0.05,"min_rate":1947.18,"max_rate":1954.91,"is_open":false,"enter_tag":"","leverage":3.0,"is_short":false,"open_timestamp":1770954300000,"close_timestamp":1770956100000,"orders":[{"amount":0.461,"safe_price":1953.24,"ft_order_side":"buy","order_filled_timestamp":1770954300000,"ft_is_entry":true,"ft_order_tag":"","cost":900.89386182},{"amount":0.461,"safe_price":1950.95,"ft_order_side":"sell","order_filled_timestamp":1770956100000,"ft_is_entry":false,"ft_order_tag":"exit_signal","cost":899.837643975}],"funding_fees":0.0,"weekday":4},{"pair":"ETH/USDT:USDT","stake_amount":299.60766,"max_stake_amount":299.60766,"amount":0.459,"open_date":"2026-02-13 09:00:00+00:00","close_date":"2026-02-13 10:45:00+00:00","open_rate":1958.22,"close_rate":1960.59,"fee_open":0.0005,"fee_close":0.0005,"trade_duration":105,"profit_ratio":0.0006287186233563883,"profit_abs":0.1884631,"exit_reason":"exit_signal","initial_stop_loss_abs":1925.5829999999999,"initial_stop_loss_ratio":-0.05,"stop_loss_abs":1925.5829999999999,"stop_loss_ratio":-0.05,"min_rate":1952.01,"max_rate":1969.65,"is_open":false,"enter_tag":"","leverage":3.0,"is_short":false,"open_timestamp":1770973200000,"close_timestamp":1770979500000,"orders":[{"amount":0.459,"safe_price":1958.22,"ft_order_side":"buy","order_filled_timestamp":1770973200000,"ft_is_entry":true,"ft_order_tag":"","cost":899.27239149},{"amount":0.459,"safe_price":1960.59,"ft_order_side":"sell","order_filled_timestamp":1770979500000,"ft_is_entry":false,"ft_order_tag":"exit_signal","cost":900.3607654049999}],"funding_fees":0.0,"weekday":4},{"pair":"BTC/USDT:USDT","stake_amount":300.015,"max_stake_amount":300.015,"amount":0.0135,"open_date":"2026-02-13 09:00:00+00:00","close_date":"2026-02-13 11:15:00+00:00","open_rate":66670.0,"close_rate":66855.7,"fee_open":0.0005,"fee_close":0.0005,"trade_duration":135,"profit_ratio":0.005349229523364744,"profit_abs":1.60565152,"exit_reason":"exit_signal","initial_stop_loss_abs":65558.83333333333,"initial_stop_loss_ratio":-0.05,"stop_loss_abs":65558.83333333333,"stop_loss_ratio":-0.05,"min_rate":66581.7,"max_rate":67095.6,"is_open":false,"enter_tag":"","leverage":3.0,"is_short":false,"open_timestamp":1770973200000,"close_timestamp":1770981300000,"orders":[{"amount":0.0135,"safe_price":66670.0,"ft_order_side":"buy","order_filled_timestamp":1770973200000,"ft_is_entry":true,"ft_order_tag":"","cost":900.4950224999999},{"amount":0.0135,"safe_price":66855.7,"ft_order_side":"sell","order_filled_timestamp":1770981300000,"ft_is_entry":false,"ft_order_tag":"exit_signal","cost":903.0032259749999}],"funding_fees":0.0,"weekday":4},{"pair":"BTC/USDT:USDT","stake_amount":299.90942,"max_stake_amount":299.90942,"amount":0.0134,"open_date":"2026-02-13 12:00:00+00:00","close_date":"2026-02-13 12:15:00+00:00","open_rate":67143.9,"close_rate":66957.0,"fee_open":0.0005,"fee_close":0.0005,"trade_duration":15,"profit_ratio":-0.011340875562674399,"profit_abs":-3.40293603,"exit_reason":"exit_signal","initial_stop_loss_abs":66024.83499999999,"initial_stop_loss_ratio":-0.05,"stop_loss_abs":66024.83499999999,"stop_loss_ratio":-0.05,"min_rate":66894.1,"max_rate":67147.3,"is_open":false,"enter_tag":"","leverage":3.0,"is_short":false,"open_timestamp":1770984000000,"close_timestamp":1770984900000,"orders":[{"amount":0.0134,"safe_price":67143.9,"ft_order_side":"buy","order_filled_timestamp":1770984000000,"ft_is_entry":true,"ft_order_tag":"","cost":900.1781241299999},{"amount":0.0134,"safe_price":66957.0,"ft_order_side":"sell","order_filled_timestamp":1770984900000,"ft_is_entry":false,"ft_order_tag":"exit_signal","cost":897.6724118999999}],"funding_fees":0.0,"weekday":4},{"pair":"ETH/USDT:USDT","stake_amount":299.1664,"max_stake_amount":299.1664,"amount":0.456,"open_date":"2026-02-13 13:30:00+00:00","close_date":"2026-02-13 14:30:00+00:00","open_rate":1968.2,"close_rate":1989.8610305152574,"fee_open":0.0005,"fee_close":0.0005,"trade_duration":60,"profit_ratio":0.029985007496251874,"profit_abs":8.974992,"exit_reason":"roi","initial_stop_loss_abs":1935.3966666666665,"initial_stop_loss_ratio":-0.05,"stop_loss_abs":1935.3966666666665,"stop_loss_ratio":-0.05,"min_rate":1962.07,"max_rate":1990.93,"is_open":false,"enter_tag":"","leverage":3.0,"is_short":false,"open_timestamp":1770989400000,"close_timestamp":1770993000000,"orders":[{"amount":0.456,"safe_price":1968.2,"ft_order_side":"buy","order_filled_timestamp":1770989400000,"ft_is_entry":true,"ft_order_tag":"","cost":897.9479496},{"amount":0.456,"safe_price":1989.8610305152574,"ft_order_side":"sell","order_filled_timestamp":1770993000000,"ft_is_entry":false,"ft_order_tag":"roi","cost":907.8303182299148}],"funding_fees":0.0,"weekday":4},{"pair":"BTC/USDT:USDT","stake_amount":298.40013,"max_stake_amount":298.40013,"amount":0.0133,"open_date":"2026-02-13 13:30:00+00:00","close_date":"2026-02-13 15:00:00+00:00","open_rate":67308.3,"close_rate":68049.06168084042,"fee_open":0.0005,"fee_close":0.0005,"trade_duration":90,"profit_ratio":0.02998500749625187,"profit_abs":8.9520039,"exit_reason":"roi","initial_stop_loss_abs":66186.495,"initial_stop_loss_ratio":-0.05,"stop_loss_abs":67888.458,"stop_loss_ratio":-0.03,"min_rate":66804.1,"max_rate":68574.2,"is_open":false,"enter_tag":"","leverage":3.0,"is_short":false,"open_timestamp":1770989400000,"close_timestamp":1770994800000,"orders":[{"amount":0.0133,"safe_price":67308.3,"ft_order_side":"buy","order_filled_timestamp":1770989400000,"ft_is_entry":true,"ft_order_tag":"","cost":895.6479901949999},{"amount":0.0133,"safe_price":68049.06168084042,"ft_order_side":"sell","order_filled_timestamp":1770994800000,"ft_is_entry":false,"ft_order_tag":"roi","cost":905.5050466153551}],"funding_fees":0.0,"weekday":4},{"pair":"ETH/USDT:USDT","stake_amount":302.07395333,"max_stake_amount":302.07395333,"amount":0.457,"open_date":"2026-02-13 14:45:00+00:00","close_date":"2026-02-13 15:00:00+00:00","open_rate":1982.98,"close_rate":2010.69,"fee_open":0.0005,"fee_close":0.0005,"trade_duration":15,"profit_ratio":0.03888135255773118,"profit_abs":11.7509164,"exit_reason":"trailing_stop_loss","initial_stop_loss_abs":1949.9303333333332,"initial_stop_loss_ratio":-0.05,"stop_loss_abs":2010.69,"stop_loss_ratio":-0.03,"min_rate":1982.78,"max_rate":2031.0,"is_open":false,"enter_tag":"","leverage":3.0,"is_short":false,"open_timestamp":1770993900000,"close_timestamp":1770994800000,"orders":[{"amount":0.457,"safe_price":1982.98,"ft_order_side":"buy","order_filled_timestamp":1770993900000,"ft_is_entry":true,"ft_order_tag":"","cost":906.67497093},{"amount":0.457,"safe_price":2010.69,"ft_order_side":"sell","order_filled_timestamp":1770994800000,"ft_is_entry":false,"ft_order_tag":"trailing_stop_loss","cost":919.344772665}],"funding_fees":0.0,"weekday":4},{"pair":"BTC/USDT:USDT","stake_amount":308.42824667,"max_stake_amount":308.42824667,"amount":0.0134,"open_date":"2026-02-14 01:00:00+00:00","close_date":"2026-02-14 01:45:00+00:00","open_rate":69051.1,"close_rate":68942.3,"fee_open":0.0005,"fee_close":0.0005,"trade_duration":45,"profit_ratio":-0.007720710288914798,"profit_abs":-2.38247578,"exit_reason":"exit_signal","initial_stop_loss_abs":67900.24833333334,"initial_stop_loss_ratio":-0.05,"stop_loss_abs":67900.24833333334,"stop_loss_ratio":-0.05,"min_rate":68881.4,"max_rate":69074.4,"is_open":false,"enter_tag":"","leverage":3.0,"is_short":false,"open_timestamp":1771030800000,"close_timestamp":1771033500000,"orders":[{"amount":0.0134,"safe_price":69051.1,"ft_order_side":"buy","order_filled_timestamp":1771030800000,"ft_is_entry":true,"ft_order_tag":"","cost":925.74738237},{"amount":0.0134,"safe_price":68942.3,"ft_order_side":"sell","order_filled_timestamp":1771033500000,"ft_is_entry":false,"ft_order_tag":"exit_signal","cost":924.2887334100001}],"funding_fees":0.0,"weekday":5},{"pair":"ETH/USDT:USDT","stake_amount":308.80571333,"max_stake_amount":308.80571333,"amount":0.451,"open_date":"2026-02-14 01:00:00+00:00","close_date":"2026-02-14 02:45:00+00:00","open_rate":2054.14,"close_rate":2050.21,"fee_open":0.0005,"fee_close":0.0005,"trade_duration":105,"profit_ratio":-0.008732392268848206,"profit_abs":-2.69796093,"exit_reason":"exit_signal","initial_stop_loss_abs":2019.9043333333332,"initial_stop_loss_ratio":-0.05,"stop_loss_abs":2019.9043333333332,"stop_loss_ratio":-0.05,"min_rate":2047.08,"max_rate":2056.87,"is_open":false,"enter_tag":"","leverage":3.0,"is_short":false,"open_timestamp":1771030800000,"close_timestamp":1771037100000,"orders":[{"amount":0.451,"safe_price":2054.14,"ft_order_side":"buy","order_filled_timestamp":1771030800000,"ft_is_entry":true,"ft_order_tag":"","cost":926.8803485699999},{"amount":0.451,"safe_price":2050.21,"ft_order_side":"sell","order_filled_timestamp":1771037100000,"ft_is_entry":false,"ft_order_tag":"exit_signal","cost":925.107032355}],"funding_fees":0.0,"weekday":5},{"pair":"ETH/USDT:USDT","stake_amount":307.34499,"max_stake_amount":307.34499,"amount":0.449,"open_date":"2026-02-14 04:00:00+00:00","close_date":"2026-02-14 04:15:00+00:00","open_rate":2053.53,"close_rate":2052.37,"fee_open":0.0005,"fee_close":0.0005,"trade_duration":15,"profit_ratio":-0.00469144983687029,"profit_abs":-1.44261455,"exit_reason":"exit_signal","initial_stop_loss_abs":2019.3045000000002,"initial_stop_loss_ratio":-0.05,"stop_loss_abs":2019.3045000000002,"stop_loss_ratio":-0.05,"min_rate":2051.62,"max_rate":2056.72,"is_open":false,"enter_tag":"","leverage":3.0,"is_short":false,"open_timestamp":1771041600000,"close_timestamp":1771042500000,"orders":[{"amount":0.449,"safe_price":2053.53,"ft_order_side":"buy","order_filled_timestamp":1771041600000,"ft_is_entry":true,"ft_order_tag":"","cost":922.4959874850001},{"amount":0.449,"safe_price":2052.37,"ft_order_side":"sell","order_filled_timestamp":1771042500000,"ft_is_entry":false,"ft_order_tag":"exit_signal","cost":921.974887065}],"funding_fees":0.0,"weekday":5},{"pair":"ETH/USDT:USDT","stake_amount":307.02634667,"max_stake_amount":307.02634667,"amount":0.448,"open_date":"2026-02-14 04:30:00+00:00","close_date":"2026-02-14 05:30:00+00:00","open_rate":2055.98,"close_rate":2053.71,"fee_open":0.0005,"fee_close":0.0005,"trade_duration":60,"profit_ratio":-0.006307479145960925,"profit_abs":-1.93753056,"exit_reason":"exit_signal","initial_stop_loss_abs":2021.7136666666665,"initial_stop_loss_ratio":-0.05,"stop_loss_abs":2021.7136666666665,"stop_loss_ratio":-0.05,"min_rate":2050.03,"max_rate":2057.5,"is_open":false,"enter_tag":"","leverage":3.0,"is_short":false,"open_timestamp":1771043400000,"close_timestamp":1771047000000,"orders":[{"amount":0.448,"safe_price":2055.98,"ft_order_side":"buy","order_filled_timestamp":1771043400000,"ft_is_entry":true,"ft_order_tag":"","cost":921.5395795200001},{"amount":0.448,"safe_price":2053.71,"ft_order_side":"sell","order_filled_timestamp":1771047000000,"ft_is_entry":false,"ft_order_tag":"exit_signal","cost":920.52211104}],"funding_fees":0.0,"weekday":5},{"pair":"ETH/USDT:USDT","stake_amount":306.09517,"max_stake_amount":306.09517,"amount":0.447,"open_date":"2026-02-14 07:45:00+00:00","close_date":"2026-02-14 08:00:00+00:00","open_rate":2054.33,"close_rate":2070.9117,"fee_open":0.0005,"fee_close":0.0005,"trade_duration":15,"profit_ratio":0.021070303693144023,"profit_abs":6.45274295,"exit_reason":"trailing_stop_loss","initial_stop_loss_abs":2020.0911666666666,"initial_stop_loss_ratio":-0.05,"stop_loss_abs":2070.9117,"stop_loss_ratio":-0.03,"min_rate":2053.0,"max_rate":2091.83,"is_open":false,"enter_tag":"","leverage":3.0,"is_short":false,"open_timestamp":1771055100000,"close_timestamp":1771056000000,"orders":[{"amount":0.447,"safe_price":2054.33,"ft_order_side":"buy","order_filled_timestamp":1771055100000,"ft_is_entry":true,"ft_order_tag":"","cost":918.7446527549998},{"amount":0.447,"safe_price":2070.9117,"ft_order_side":"sell","order_filled_timestamp":1771056000000,"ft_is_entry":false,"ft_order_tag":"trailing_stop_loss","cost":926.16037866495}],"funding_fees":-0.03728543085279135,"weekday":5},{"pair":"BTC/USDT:USDT","stake_amount":305.55686,"max_stake_amount":305.55686,"amount":0.0133,"open_date":"2026-02-14 07:30:00+00:00","close_date":"2026-02-14 08:15:00+00:00","open_rate":68922.6,"close_rate":69524.8,"fee_open":0.0005,"fee_close":0.0005,"trade_duration":45,"profit_ratio":0.023207329237100623,"profit_abs":7.09470423,"exit_reason":"exit_signal","initial_stop_loss_abs":67773.89,"initial_stop_loss_ratio":-0.05,"stop_loss_abs":67773.89,"stop_loss_ratio":-0.05,"min_rate":68910.8,"max_rate":69777.7,"is_open":false,"enter_tag":"","leverage":3.0,"is_short":false,"open_timestamp":1771054200000,"close_timestamp":1771056900000,"orders":[{"amount":0.0133,"safe_price":68922.6,"ft_order_side":"buy","order_filled_timestamp":1771054200000,"ft_is_entry":true,"ft_order_tag":"","cost":917.12891529},{"amount":0.0133,"safe_price":69524.8,"ft_order_side":"sell","order_filled_timestamp":1771056900000,"ft_is_entry":false,"ft_order_tag":"exit_signal","cost":925.14217992}],"funding_fees":0.006119441795663994,"weekday":5},{"pair":"BTC/USDT:USDT","stake_amount":309.085875,"max_stake_amount":309.085875,"amount":0.0089,"open_date":"2026-02-14 08:30:00+00:00","close_date":"2026-02-14 08:45:00+00:00","open_rate":69457.5,"close_rate":69627.2,"fee_open":0.0005,"fee_close":0.0005,"trade_duration":15,"profit_ratio":0.0028825568337582565,"profit_abs":0.89140308,"exit_reason":"exit_signal","initial_stop_loss_abs":67721.0625,"initial_stop_loss_ratio":-0.05,"stop_loss_abs":67721.0625,"stop_loss_ratio":-0.05,"min_rate":69426.3,"max_rate":69846.6,"is_open":false,"enter_tag":"","leverage":2.0,"is_short":false,"open_timestamp":1771057800000,"close_timestamp":1771058700000,"orders":[{"amount":0.0089,"safe_price":69457.5,"ft_order_side":"buy","order_filled_timestamp":1771057800000,"ft_is_entry":true,"ft_order_tag":"","cost":618.4808358749999},{"amount":0.0089,"safe_price":69627.2,"ft_order_side":"sell","order_filled_timestamp":1771058700000,"ft_is_entry":false,"ft_order_tag":"exit_signal","cost":619.9919210399999}],"funding_fees":0.0,"weekday":5},{"pair":"ETH/USDT:USDT","stake_amount":310.74050333,"max_stake_amount":310.74050333,"amount":0.451,"open_date":"2026-02-14 08:30:00+00:00","close_date":"2026-02-14 09:00:00+00:00","open_rate":2067.01,"close_rate":2081.2,"fee_open":0.0005,"fee_close":0.0005,"trade_duration":30,"profit_ratio":0.017575880236011077,"profit_abs":5.46426864,"exit_reason":"exit_signal","initial_stop_loss_abs":2032.5598333333335,"initial_stop_loss_ratio":-0.05,"stop_loss_abs":2032.5598333333335,"stop_loss_ratio":-0.05,"min_rate":2067.01,"max_rate":2087.8,"is_open":false,"enter_tag":"","leverage":3.0,"is_short":false,"open_timestamp":1771057800000,"close_timestamp":1771059600000,"orders":[{"amount":0.451,"safe_price":2067.01,"ft_order_side":"buy","order_filled_timestamp":1771057800000,"ft_is_entry":true,"ft_order_tag":"","cost":932.687620755},{"amount":0.451,"safe_price":2081.2,"ft_order_side":"sell","order_filled_timestamp":1771059600000,"ft_is_entry":false,"ft_order_tag":"exit_signal","cost":939.0905105999999}],"funding_fees":0.0,"weekday":5},{"pair":"ETH/USDT:USDT","stake_amount":312.869935,"max_stake_amount":312.869935,"amount":0.301,"open_date":"2026-02-14 09:15:00+00:00","close_date":"2026-02-14 10:00:00+00:00","open_rate":2078.87,"close_rate":2077.34,"fee_open":0.0005,"fee_close":0.0005,"trade_duration":45,"profit_ratio":-0.0034694827790794696,"profit_abs":-1.0860396,"exit_reason":"exit_signal","initial_stop_loss_abs":2026.8982499999997,"initial_stop_loss_ratio":-0.05,"stop_loss_abs":2026.8982499999997,"stop_loss_ratio":-0.05,"min_rate":2072.0,"max_rate":2082.5,"is_open":false,"enter_tag":"","leverage":2.0,"is_short":false,"open_timestamp":1771060500000,"close_timestamp":1771063200000,"orders":[{"amount":0.301,"safe_price":2078.87,"ft_order_side":"buy","order_filled_timestamp":1771060500000,"ft_is_entry":true,"ft_order_tag":"","cost":626.052739935},{"amount":0.301,"safe_price":2077.34,"ft_order_side":"sell","order_filled_timestamp":1771063200000,"ft_is_entry":false,"ft_order_tag":"exit_signal","cost":625.59197967}],"funding_fees":0.0,"weekday":5},{"pair":"BTC/USDT:USDT","stake_amount":312.9624,"max_stake_amount":312.9624,"amount":0.0135,"open_date":"2026-02-14 09:30:00+00:00","close_date":"2026-02-14 10:15:00+00:00","open_rate":69547.2,"close_rate":69601.3,"fee_open":0.0005,"fee_close":0.0005,"trade_duration":45,"profit_ratio":-0.0006671663145939984,"profit_abs":-0.20890237,"exit_reason":"exit_signal","initial_stop_loss_abs":68388.07999999999,"initial_stop_loss_ratio":-0.05,"stop_loss_abs":68388.07999999999,"stop_loss_ratio":-0.05,"min_rate":69541.0,"max_rate":69720.0,"is_open":false,"enter_tag":"","leverage":3.0,"is_short":false,"open_timestamp":1771061400000,"close_timestamp":1771064100000,"orders":[{"amount":0.0135,"safe_price":69547.2,"ft_order_side":"buy","order_filled_timestamp":1771061400000,"ft_is_entry":true,"ft_order_tag":"","cost":939.3566435999999},{"amount":0.0135,"safe_price":69601.3,"ft_order_side":"sell","order_filled_timestamp":1771064100000,"ft_is_entry":false,"ft_order_tag":"exit_signal","cost":940.087358775}],"funding_fees":0.0,"weekday":5},{"pair":"ETH/USDT:USDT","stake_amount":311.7676,"max_stake_amount":311.7676,"amount":0.298,"open_date":"2026-02-14 11:15:00+00:00","close_date":"2026-02-14 11:30:00+00:00","open_rate":2092.4,"close_rate":2095.4,"fee_open":0.0005,"fee_close":0.0005,"trade_duration":15,"profit_ratio":0.0008656539633070102,"profit_abs":0.2700178,"exit_reason":"exit_signal","initial_stop_loss_abs":2040.0900000000001,"initial_stop_loss_ratio":-0.05,"stop_loss_abs":2040.0900000000001,"stop_loss_ratio":-0.05,"min_rate":2087.5,"max_rate":2107.55,"is_open":false,"enter_tag":"","leverage":2.0,"is_short":false,"open_timestamp":1771067700000,"close_timestamp":1771068600000,"orders":[{"amount":0.298,"safe_price":2092.4,"ft_order_side":"buy","order_filled_timestamp":1771067700000,"ft_is_entry":true,"ft_order_tag":"","cost":623.8469676},{"amount":0.298,"safe_price":2095.4,"ft_order_side":"sell","order_filled_timestamp":1771068600000,"ft_is_entry":false,"ft_order_tag":"exit_signal","cost":624.7414146}],"funding_fees":0.0,"weekday":5},{"pair":"ETH/USDT:USDT","stake_amount":312.6495,"max_stake_amount":312.6495,"amount":0.45,"open_date":"2026-02-14 15:00:00+00:00","close_date":"2026-02-14 16:15:00+00:00","open_rate":2084.33,"close_rate":2078.83,"fee_open":0.0005,"fee_close":0.0005,"trade_duration":75,"profit_ratio":-0.011083603039588219,"profit_abs":-3.46701559,"exit_reason":"exit_signal","initial_stop_loss_abs":2049.5911666666666,"initial_stop_loss_ratio":-0.05,"stop_loss_abs":2049.5911666666666,"stop_loss_ratio":-0.05,"min_rate":2066.71,"max_rate":2093.89,"is_open":false,"enter_tag":"","leverage":3.0,"is_short":false,"open_timestamp":1771081200000,"close_timestamp":1771085700000,"orders":[{"amount":0.45,"safe_price":2084.33,"ft_order_side":"buy","order_filled_timestamp":1771081200000,"ft_is_entry":true,"ft_order_tag":"","cost":938.4174742499999},{"amount":0.45,"safe_price":2078.83,"ft_order_side":"sell","order_filled_timestamp":1771085700000,"ft_is_entry":false,"ft_order_tag":"exit_signal","cost":935.9412367499999}],"funding_fees":-0.05530459373588045,"weekday":5},{"pair":"BTC/USDT:USDT","stake_amount":311.13133333,"max_stake_amount":311.13133333,"amount":0.0133,"open_date":"2026-02-14 21:15:00+00:00","close_date":"2026-02-14 22:00:00+00:00","open_rate":70180.0,"close_rate":69900.3,"fee_open":0.0005,"fee_close":0.0005,"trade_duration":45,"profit_ratio":-0.014942948145080789,"profit_abs":-4.65154399,"exit_reason":"exit_signal","initial_stop_loss_abs":69010.33333333333,"initial_stop_loss_ratio":-0.05,"stop_loss_abs":69010.33333333333,"stop_loss_ratio":-0.05,"min_rate":69630.5,"max_rate":70223.5,"is_open":false,"enter_tag":"","leverage":3.0,"is_short":false,"open_timestamp":1771103700000,"close_timestamp":1771106400000,"orders":[{"amount":0.0133,"safe_price":70180.0,"ft_order_side":"buy","order_filled_timestamp":1771103700000,"ft_is_entry":true,"ft_order_tag":"","cost":933.860697},{"amount":0.0133,"safe_price":69900.3,"ft_order_side":"sell","order_filled_timestamp":1771106400000,"ft_is_entry":false,"ft_order_tag":"exit_signal","cost":930.1388269949999}],"funding_fees":0.0,"weekday":5},{"pair":"ETH/USDT:USDT","stake_amount":311.36003333,"max_stake_amount":311.36003333,"amount":0.446,"open_date":"2026-02-14 21:15:00+00:00","close_date":"2026-02-14 22:00:00+00:00","open_rate":2094.35,"close_rate":2084.99,"fee_open":0.0005,"fee_close":0.0005,"trade_duration":45,"profit_ratio":-0.01639260108289494,"profit_abs":-5.10655282,"exit_reason":"exit_signal","initial_stop_loss_abs":2059.4441666666667,"initial_stop_loss_ratio":-0.05,"stop_loss_abs":2059.4441666666667,"stop_loss_ratio":-0.05,"min_rate":2077.31,"max_rate":2096.34,"is_open":false,"enter_tag":"","leverage":3.0,"is_short":false,"open_timestamp":1771103700000,"close_timestamp":1771106400000,"orders":[{"amount":0.446,"safe_price":2094.35,"ft_order_side":"buy","order_filled_timestamp":1771103700000,"ft_is_entry":true,"ft_order_tag":"","cost":934.5471400499999},{"amount":0.446,"safe_price":2084.99,"ft_order_side":"sell","order_filled_timestamp":1771106400000,"ft_is_entry":false,"ft_order_tag":"exit_signal","cost":930.3704927699999}],"funding_fees":0.0,"weekday":5},{"pair":"ETH/USDT:USDT","stake_amount":308.19481333,"max_stake_amount":308.19481333,"amount":0.442,"open_date":"2026-02-14 22:15:00+00:00","close_date":"2026-02-14 22:30:00+00:00","open_rate":2091.82,"close_rate":2088.31,"fee_open":0.0005,"fee_close":0.0005,"trade_duration":15,"profit_ratio":-0.008027363301072643,"profit_abs":-2.47522873,"exit_reason":"exit_signal","initial_stop_loss_abs":2056.9563333333335,"initial_stop_loss_ratio":-0.05,"stop_loss_abs":2056.9563333333335,"stop_loss_ratio":-0.05,"min_rate":2082.2,"max_rate":2094.37,"is_open":false,"enter_tag":"","leverage":3.0,"is_short":false,"open_timestamp":1771107300000,"close_timestamp":1771108200000,"orders":[{"amount":0.442,"safe_price":2091.82,"ft_order_side":"buy","order_filled_timestamp":1771107300000,"ft_is_entry":true,"ft_order_tag":"","cost":925.0467322200001},{"amount":0.442,"safe_price":2088.31,"ft_order_side":"sell","order_filled_timestamp":1771108200000,"ft_is_entry":false,"ft_order_tag":"exit_signal","cost":923.4945365099999}],"funding_fees":0.0,"weekday":5},{"pair":"BTC/USDT:USDT","stake_amount":307.40154333,"max_stake_amount":307.40154333,"amount":0.0131,"open_date":"2026-02-15 04:15:00+00:00","close_date":"2026-02-15 06:00:00+00:00","open_rate":70397.3,"close_rate":70228.9,"fee_open":0.0005,"fee_close":0.0005,"trade_duration":105,"profit_ratio":-0.010167739519773518,"profit_abs":-3.12714161,"exit_reason":"exit_signal","initial_stop_loss_abs":69224.01166666667,"initial_stop_loss_ratio":-0.05,"stop_loss_abs":69224.01166666667,"stop_loss_ratio":-0.05,"min_rate":70075.6,"max_rate":70500.0,"is_open":false,"enter_tag":"","leverage":3.0,"is_short":false,"open_timestamp":1771128900000,"close_timestamp":1771135200000,"orders":[{"amount":0.0131,"safe_price":70397.3,"ft_order_side":"buy","order_filled_timestamp":1771128900000,"ft_is_entry":true,"ft_order_tag":"","cost":922.665732315},{"amount":0.0131,"safe_price":70228.9,"ft_order_side":"sell","order_filled_timestamp":1771135200000,"ft_is_entry":false,"ft_order_tag":"exit_signal","cost":920.4585892949999}],"funding_fees":0.0,"weekday":6},{"pair":"BTC/USDT:USDT","stake_amount":306.06853333,"max_stake_amount":306.06853333,"amount":0.013,"open_date":"2026-02-15 07:30:00+00:00","close_date":"2026-02-15 08:30:00+00:00","open_rate":70631.2,"close_rate":70526.1,"fee_open":0.0005,"fee_close":0.0005,"trade_duration":60,"profit_ratio":-0.007513945369797003,"profit_abs":-2.30093213,"exit_reason":"exit_signal","initial_stop_loss_abs":69454.01333333332,"initial_stop_loss_ratio":-0.05,"stop_loss_abs":69454.01333333332,"stop_loss_ratio":-0.05,"min_rate":70098.7,"max_rate":70929.0,"is_open":false,"enter_tag":"","leverage":3.0,"is_short":false,"open_timestamp":1771140600000,"close_timestamp":1771144200000,"orders":[{"amount":0.013,"safe_price":70631.2,"ft_order_side":"buy","order_filled_timestamp":1771140600000,"ft_is_entry":true,"ft_order_tag":"","cost":918.6647027999999},{"amount":0.013,"safe_price":70526.1,"ft_order_side":"sell","order_filled_timestamp":1771144200000,"ft_is_entry":false,"ft_order_tag":"exit_signal","cost":917.29771965}],"funding_fees":-0.01710967604874874,"weekday":6}],"locks":[],"best_pair":{"key":"ETH/USDT:USDT","trades":23,"profit_mean":-0.0030164219963800067,"profit_mean_pct":-0.3,"profit_total_abs":-22.81478578000001,"profit_total":-0.02281478578000001,"profit_total_pct":-2.28,"duration_avg":"0:50:00","wins":8,"draws":0,"losses":15,"winrate":0.34782608695652173,"cagr":-0.2680146959070596,"expectancy":-0.9919472078260874,"expectancy_ratio":-0.22100079483677482,"sortino":-4.3087081760335435,"sharpe":-2.6277773199173593,"calmar":-42.817405312167544,"sqn":-0.7573,"profit_factor":0.6611321145836118,"max_drawdown_account":0.03770324388999995,"max_drawdown_abs":37.70324389},"worst_pair":{"key":"BTC/USDT:USDT","trades":25,"profit_mean":-0.006247032319265394,"profit_mean_pct":-0.62,"profit_total_abs":-50.359502400000004,"profit_total":-0.050359502400000006,"profit_total_pct":-5.04,"duration_avg":"0:55:00","wins":6,"draws":0,"losses":19,"winrate":0.24,"cagr":-0.5026822118339056,"expectancy":-2.014380096,"expectancy_ratio":-0.4867361612684872,"sortino":-10.096684864421453,"sharpe":-6.850007195771979,"calmar":-65.23186371717892,"sqn":-1.897,"profit_factor":0.3595576825414643,"max_drawdown_account":0.05462661773000002,"max_drawdown_abs":54.62661772999999},"results_per_pair":[{"key":"ETH/USDT:USDT","trades":23,"profit_mean":-0.0030164219963800067,"profit_mean_pct":-0.3,"profit_total_abs":-22.81478578000001,"profit_total":-0.02281478578000001,"profit_total_pct":-2.28,"duration_avg":"0:50:00","wins":8,"draws":0,"losses":15,"winrate":0.34782608695652173,"cagr":-0.2680146959070596,"expectancy":-0.9919472078260874,"expectancy_ratio":-0.22100079483677482,"sortino":-4.3087081760335435,"sharpe":-2.6277773199173593,"calmar":-42.817405312167544,"sqn":-0.7573,"profit_factor":0.6611321145836118,"max_drawdown_account":0.03770324388999995,"max_drawdown_abs":37.70324389},{"key":"BTC/USDT:USDT","trades":25,"profit_mean":-0.006247032319265394,"profit_mean_pct":-0.62,"profit_total_abs":-50.359502400000004,"profit_total":-0.050359502400000006,"profit_total_pct":-5.04,"duration_avg":"0:55:00","wins":6,"draws":0,"losses":19,"winrate":0.24,"cagr":-0.5026822118339056,"expectancy":-2.014380096,"expectancy_ratio":-0.4867361612684872,"sortino":-10.096684864421453,"sharpe":-6.850007195771979,"calmar":-65.23186371717892,"sqn":-1.897,"profit_factor":0.3595576825414643,"max_drawdown_account":0.05462661773000002,"max_drawdown_abs":54.62661772999999},{"key":"TOTAL","trades":48,"profit_mean":-0.004699031539549479,"profit_mean_pct":-0.47,"profit_total_abs":-73.17428818,"profit_total":-0.07317428818,"profit_total_pct":-7.32,"duration_avg":"0:52:00","wins":14,"draws":0,"losses":34,"winrate":0.2916666666666667,"cagr":-0.64201663660305,"expectancy":-1.524464337083333,"expectancy_ratio":-0.3551122837772539,"sortino":-14.259948869398984,"sharpe":-9.090802563772856,"calmar":-56.19353777435394,"sqn":-1.835,"profit_factor":0.4986650111379944,"max_drawdown_account":0.09214139852000006,"max_drawdown_abs":92.14139852000001}],"results_per_enter_tag":[{"key":"","trades":48,"profit_mean":-0.004699031539549479,"profit_mean_pct":-0.47,"profit_total_abs":-73.17428818,"profit_total":-0.07317428818,"profit_total_pct":-7.32,"duration_avg":"0:52:00","wins":14,"draws":0,"losses":34,"winrate":0.2916666666666667,"cagr":-0.64201663660305,"expectancy":-1.524464337083333,"expectancy_ratio":-0.3551122837772539,"sortino":-14.259948869398984,"sharpe":-9.090802563772856,"calmar":-56.19353777435394,"sqn":-1.835,"profit_factor":0.4986650111379944,"max_drawdown_account":0.09214139852000006,"max_drawdown_abs":92.14139852000001},{"key":"TOTAL","trades":48,"profit_mean":-0.004699031539549479,"profit_mean_pct":-0.47,"profit_total_abs":-73.17428818,"profit_total":-0.07317428818,"profit_total_pct":-7.32,"duration_avg":"0:52:00","wins":14,"draws":0,"losses":34,"winrate":0.2916666666666667,"cagr":-0.64201663660305,"expectancy":-1.524464337083333,"expectancy_ratio":-0.3551122837772539,"sortino":-14.259948869398984,"sharpe":-9.090802563772856,"calmar":-56.19353777435394,"sqn":-1.835,"profit_factor":0.4986650111379944,"max_drawdown_account":0.09214139852000006,"max_drawdown_abs":92.14139852000001}],"exit_reason_summary":[{"key":"roi","trades":4,"profit_mean":0.02998500749625187,"profit_mean_pct":3.0,"profit_total_abs":36.0239331,"profit_total":0.0360239331,"profit_total_pct":3.6,"duration_avg":"1:26:00","wins":4,"draws":0,"losses":0,"winrate":1.0,"cagr":0.6135289628194966,"expectancy":9.005983275,"expectancy_ratio":100.0,"sortino":-100,"sharpe":566.0732172003272,"calmar":-100,"sqn":346.4101,"profit_factor":0.0,"max_drawdown_account":0.0,"max_drawdown_abs":0.0},{"key":"trailing_stop_loss","trades":2,"profit_mean":0.0299758281254376,"profit_mean_pct":3.0,"profit_total_abs":18.20365935,"profit_total":0.018203659349999998,"profit_total_pct":1.82,"duration_avg":"0:15:00","wins":2,"draws":0,"losses":0,"winrate":1.0,"cagr":0.2761828639190542,"expectancy":9.101829675,"expectancy_ratio":100.0,"sortino":-100,"sharpe":4.862338520894582,"calmar":-100,"sqn":3.4358,"profit_factor":0.0,"max_drawdown_account":0.0,"max_drawdown_abs":0.0},{"key":"stop_loss","trades":2,"profit_mean":-0.051949025493214396,"profit_mean_pct":-5.19,"profit_total_abs":-33.751471190000004,"profit_total":-0.03375147119000001,"profit_total_pct":-3.38,"duration_avg":"0:22:00","wins":0,"draws":0,"losses":2,"winrate":0.0,"cagr":-0.3713292070560624,"expectancy":-16.875735595000002,"expectancy_ratio":-1.0,"sortino":-1702.4796945993883,"sharpe":-1702.4796945993883,"calmar":-70.75915990571418,"sqn":-1203.0101,"profit_factor":0.0,"max_drawdown_account":0.03375147118999996,"max_drawdown_abs":33.751471190000004},{"key":"exit_signal","trades":40,"profit_mean":-0.007538678728695722,"profit_mean_pct":-0.75,"profit_total_abs":-93.65040944,"profit_total":-0.09365040944,"profit_total_pct":-9.37,"duration_avg":"0:52:00","wins":8,"draws":0,"losses":32,"winrate":0.2,"cagr":-0.7353318330726463,"expectancy":-2.341260236,"expectancy_ratio":-0.6676950782848844,"sortino":-35.45107751219782,"sharpe":-21.623479513239673,"calmar":-70.75915990571409,"sqn":-4.7711,"profit_factor":0.16538115214389448,"max_drawdown_account":0.09365040943999997,"max_drawdown_abs":93.65040944000002},{"key":"TOTAL","trades":48,"profit_mean":-0.004699031539549479,"profit_mean_pct":-0.47,"profit_total_abs":-73.17428818,"profit_total":-0.07317428818,"profit_total_pct":-7.32,"duration_avg":"0:52:00","wins":14,"draws":0,"losses":34,"winrate":0.2916666666666667,"cagr":-0.64201663660305,"expectancy":-1.524464337083333,"expectancy_ratio":-0.3551122837772539,"sortino":-14.259948869398984,"sharpe":-9.090802563772856,"calmar":-56.19353777435394,"sqn":-1.835,"profit_factor":0.4986650111379944,"max_drawdown_account":0.09214139852000006,"max_drawdown_abs":92.14139852000001}],"mix_tag_stats":[{"key":["","roi"],"trades":4,"profit_mean":0.02998500749625187,"profit_mean_pct":3.0,"profit_total_abs":36.0239331,"profit_total":0.0360239331,"profit_total_pct":3.6,"duration_avg":"1:26:00","wins":4,"draws":0,"losses":0,"winrate":1.0,"cagr":0.6135289628194966,"expectancy":9.005983275,"expectancy_ratio":100.0,"sortino":-100,"sharpe":566.0732172003272,"calmar":-100,"sqn":346.4101,"profit_factor":0.0,"max_drawdown_account":0.0,"max_drawdown_abs":0.0},{"key":["","trailing_stop_loss"],"trades":2,"profit_mean":0.0299758281254376,"profit_mean_pct":3.0,"profit_total_abs":18.20365935,"profit_total":0.018203659349999998,"profit_total_pct":1.82,"duration_avg":"0:15:00","wins":2,"draws":0,"losses":0,"winrate":1.0,"cagr":0.2761828639190542,"expectancy":9.101829675,"expectancy_ratio":100.0,"sortino":-100,"sharpe":4.862338520894582,"calmar":-100,"sqn":3.4358,"profit_factor":0.0,"max_drawdown_account":0.0,"max_drawdown_abs":0.0},{"key":["","stop_loss"],"trades":2,"profit_mean":-0.051949025493214396,"profit_mean_pct":-5.19,"profit_total_abs":-33.751471190000004,"profit_total":-0.03375147119000001,"profit_total_pct":-3.38,"duration_avg":"0:22:00","wins":0,"draws":0,"losses":2,"winrate":0.0,"cagr":-0.3713292070560624,"expectancy":-16.875735595000002,"expectancy_ratio":-1.0,"sortino":-1702.4796945993883,"sharpe":-1702.4796945993883,"calmar":-70.75915990571418,"sqn":-1203.0101,"profit_factor":0.0,"max_drawdown_account":0.03375147118999996,"max_drawdown_abs":33.751471190000004},{"key":["","exit_signal"],"trades":40,"profit_mean":-0.007538678728695722,"profit_mean_pct":-0.75,"profit_total_abs":-93.65040944,"profit_total":-0.09365040944,"profit_total_pct":-9.37,"duration_avg":"0:52:00","wins":8,"draws":0,"losses":32,"winrate":0.2,"cagr":-0.7353318330726463,"expectancy":-2.341260236,"expectancy_ratio":-0.6676950782848844,"sortino":-35.45107751219782,"sharpe":-21.623479513239673,"calmar":-70.75915990571409,"sqn":-4.7711,"profit_factor":0.16538115214389448,"max_drawdown_account":0.09365040943999997,"max_drawdown_abs":93.65040944000002},{"key":"TOTAL","trades":48,"profit_mean":-0.004699031539549479,"profit_mean_pct":-0.47,"profit_total_abs":-73.17428818,"profit_total":-0.07317428818,"profit_total_pct":-7.32,"duration_avg":"0:52:00","wins":14,"draws":0,"losses":34,"winrate":0.2916666666666667,"cagr":-0.64201663660305,"expectancy":-1.524464337083333,"expectancy_ratio":-0.3551122837772539,"sortino":-14.259948869398984,"sharpe":-9.090802563772856,"calmar":-56.19353777435394,"sqn":-1.835,"profit_factor":0.4986650111379944,"max_drawdown_account":0.09214139852000006,"max_drawdown_abs":92.14139852000001}],"left_open_trades":[{"key":"TOTAL","trades":0,"profit_mean":0.0,"profit_mean_pct":0.0,"profit_total_abs":0.0,"profit_total":0.0,"profit_total_pct":0.0,"duration_avg":"0:00","wins":0,"draws":0,"losses":0,"winrate":0.0,"cagr":0.0,"expectancy":0.0,"expectancy_ratio":100.0,"sortino":0,"sharpe":0,"calmar":0,"sqn":0.0,"profit_factor":0.0,"max_drawdown_account":0.0,"max_drawdown_abs":0.0}],"total_trades":48,"trade_count_long":48,"trade_count_short":0,"total_volume":85237.05078841555,"avg_stake_amount":309.04366218729166,"profit_mean":-0.004699031539549479,"profit_median":-0.007629699757678003,"profit_total":-0.07317428818,"profit_total_long":-0.07317428818,"profit_total_short":0.0,"profit_total_abs":-73.17428818,"profit_total_long_abs":-73.17428818,"profit_total_short_abs":0.0,"cagr":-0.64201663660305,"expectancy":-1.524464337083333,"expectancy_ratio":-0.3551122837772539,"sortino":-14.259948869398984,"sharpe":-9.090802563772856,"calmar":-56.19353777435394,"sqn":-1.835,"profit_factor":0.4986650111379944,"backtest_start":"2026-01-22 02:00:00","backtest_start_ts":1769047200000,"backtest_end":"2026-02-19 00:00:00","backtest_end_ts":1771459200000,"backtest_days":27,"backtest_run_start_ts":1771511877,"backtest_run_end_ts":1771511877,"trades_per_day":1.78,"market_change":-0.30929722616627614,"pairlist":["BTC/USDT:USDT","ETH/USDT:USDT"],"stake_amount":"unlimited","stake_currency":"USDT","stake_currency_decimals":3,"starting_balance":1000,"dry_run_wallet":1000,"final_balance":926.82571182,"rejected_signals":0,"timedout_entry_orders":0,"timedout_exit_orders":0,"canceled_trade_entries":0,"canceled_entry_orders":0,"replaced_entry_orders":0,"max_open_trades":2,"max_open_trades_setting":3,"timeframe":"15m","timeframe_detail":"","timerange":"20260120-20260219","enable_protections":false,"strategy_name":"SupertrendFuturesStrategy","freqaimodel":null,"freqai_identifier":null,"stoploss":-0.05,"trailing_stop":true,"trailing_stop_positive":0.03,"trailing_stop_positive_offset":0.05,"trailing_only_offset_is_reached":true,"use_custom_stoploss":false,"minimal_roi":{"120":0.02,"60":0.03,"30":0.05,"0":0.08},"use_exit_signal":true,"exit_profit_only":false,"exit_profit_offset":0.0,"ignore_roi_if_entry_signal":false,"trading_mode":"futures","margin_mode":"isolated","periodic_breakdown":{"day":[{"date":"22/01/2026","date_ts":1769040000000,"profit_abs":-14.86548096,"wins":0,"draws":0,"losses":5,"trades":5,"profit_factor":0.0},{"date":"23/01/2026","date_ts":1769126400000,"profit_abs":0.0,"wins":0,"draws":0,"losses":0,"trades":0,"profit_factor":0.0},{"date":"24/01/2026","date_ts":1769212800000,"profit_abs":0.0,"wins":0,"draws":0,"losses":0,"trades":0,"profit_factor":0.0},{"date":"25/01/2026","date_ts":1769299200000,"profit_abs":0.0,"wins":0,"draws":0,"losses":0,"trades":0,"profit_factor":0.0},{"date":"26/01/2026","date_ts":1769385600000,"profit_abs":0.0,"wins":0,"draws":0,"losses":0,"trades":0,"profit_factor":0.0},{"date":"27/01/2026","date_ts":1769472000000,"profit_abs":0.0,"wins":0,"draws":0,"losses":0,"trades":0,"profit_factor":0.0},{"date":"28/01/2026","date_ts":1769558400000,"profit_abs":0.0,"wins":0,"draws":0,"losses":0,"trades":0,"profit_factor":0.0},{"date":"29/01/2026","date_ts":1769644800000,"profit_abs":0.0,"wins":0,"draws":0,"losses":0,"trades":0,"profit_factor":0.0},{"date":"30/01/2026","date_ts":1769731200000,"profit_abs":0.0,"wins":0,"draws":0,"losses":0,"trades":0,"profit_factor":0.0},{"date":"31/01/2026","date_ts":1769817600000,"profit_abs":0.0,"wins":0,"draws":0,"losses":0,"trades":0,"profit_factor":0.0},{"date":"01/02/2026","date_ts":1769904000000,"profit_abs":0.0,"wins":0,"draws":0,"losses":0,"trades":0,"profit_factor":0.0},{"date":"02/02/2026","date_ts":1769990400000,"profit_abs":0.0,"wins":0,"draws":0,"losses":0,"trades":0,"profit_factor":0.0},{"date":"03/02/2026","date_ts":1770076800000,"profit_abs":0.0,"wins":0,"draws":0,"losses":0,"trades":0,"profit_factor":0.0},{"date":"04/02/2026","date_ts":1770163200000,"profit_abs":0.0,"wins":0,"draws":0,"losses":0,"trades":0,"profit_factor":0.0},{"date":"05/02/2026","date_ts":1770249600000,"profit_abs":0.0,"wins":0,"draws":0,"losses":0,"trades":0,"profit_factor":0.0},{"date":"06/02/2026","date_ts":1770336000000,"profit_abs":0.0,"wins":0,"draws":0,"losses":0,"trades":0,"profit_factor":0.0},{"date":"07/02/2026","date_ts":1770422400000,"profit_abs":0.0,"wins":0,"draws":0,"losses":0,"trades":0,"profit_factor":0.0},{"date":"08/02/2026","date_ts":1770508800000,"profit_abs":0.0,"wins":0,"draws":0,"losses":0,"trades":0,"profit_factor":0.0},{"date":"09/02/2026","date_ts":1770595200000,"profit_abs":0.0,"wins":0,"draws":0,"losses":0,"trades":0,"profit_factor":0.0},{"date":"10/02/2026","date_ts":1770681600000,"profit_abs":0.0,"wins":0,"draws":0,"losses":0,"trades":0,"profit_factor":0.0},{"date":"11/02/2026","date_ts":1770768000000,"profit_abs":-53.77878856,"wins":0,"draws":0,"losses":5,"trades":5,"profit_factor":0.0},{"date":"12/02/2026","date_ts":1770854400000,"profit_abs":-7.57889689,"wins":3,"draws":0,"losses":7,"trades":10,"profit_factor":0.72951803},{"date":"13/02/2026","date_ts":1770940800000,"profit_abs":13.75968019,"wins":6,"draws":0,"losses":5,"trades":11,"profit_factor":1.74737448},{"date":"14/02/2026","date_ts":1771027200000,"profit_abs":-5.28272822,"wins":5,"draws":0,"losses":10,"trades":15,"profit_factor":0.79247501},{"date":"15/02/2026","date_ts":1771113600000,"profit_abs":-5.42807374,"wins":0,"draws":0,"losses":2,"trades":2,"profit_factor":0.0}],"week":[{"date":"26/01/2026","date_ts":1769385600000,"profit_abs":-14.86548096,"wins":0,"draws":0,"losses":5,"trades":5,"profit_factor":0.0},{"date":"02/02/2026","date_ts":1769990400000,"profit_abs":0.0,"wins":0,"draws":0,"losses":0,"trades":0,"profit_factor":0.0},{"date":"09/02/2026","date_ts":1770595200000,"profit_abs":0.0,"wins":0,"draws":0,"losses":0,"trades":0,"profit_factor":0.0},{"date":"16/02/2026","date_ts":1771200000000,"profit_abs":-58.30880722,"wins":14,"draws":0,"losses":29,"trades":43,"profit_factor":0.55521169}],"month":[{"date":"31/01/2026","date_ts":1769817600000,"profit_abs":-14.86548096,"wins":0,"draws":0,"losses":5,"trades":5,"profit_factor":0.0},{"date":"28/02/2026","date_ts":1772236800000,"profit_abs":-58.30880722,"wins":14,"draws":0,"losses":29,"trades":43,"profit_factor":0.55521169}],"year":[{"date":"31/12/2026","date_ts":1798675200000,"profit_abs":-73.17428818,"wins":14,"draws":0,"losses":34,"trades":48,"profit_factor":0.49866501}],"weekday":[{"date":"Wednesday","date_ts":2,"profit_abs":-53.77878856,"wins":0,"draws":0,"losses":5,"trades":5,"profit_factor":0.0},{"date":"Thursday","date_ts":3,"profit_abs":-22.44437785,"wins":3,"draws":0,"losses":12,"trades":15,"profit_factor":0.47664355},{"date":"Friday","date_ts":4,"profit_abs":13.75968019,"wins":6,"draws":0,"losses":5,"trades":11,"profit_factor":1.74737448},{"date":"Saturday","date_ts":5,"profit_abs":-5.28272822,"wins":5,"draws":0,"losses":10,"trades":15,"profit_factor":0.79247501},{"date":"Sunday","date_ts":6,"profit_abs":-5.42807374,"wins":0,"draws":0,"losses":2,"trades":2,"profit_factor":0.0}]},"backtest_best_day":0.046258641078886914,"backtest_worst_day":-0.168078331759115,"backtest_best_day_abs":13.75968019,"backtest_worst_day_abs":-53.77878856,"winning_days":1,"draw_days":19,"losing_days":5,"daily_profit":[["2026-01-22",-14.86548096],["2026-01-23",0.0],["2026-01-24",0.0],["2026-01-25",0.0],["2026-01-26",0.0],["2026-01-27",0.0],["2026-01-28",0.0],["2026-01-29",0.0],["2026-01-30",0.0],["2026-01-31",0.0],["2026-02-01",0.0],["2026-02-02",0.0],["2026-02-03",0.0],["2026-02-04",0.0],["2026-02-05",0.0],["2026-02-06",0.0],["2026-02-07",0.0],["2026-02-08",0.0],["2026-02-09",0.0],["2026-02-10",0.0],["2026-02-11",-53.77878856],["2026-02-12",-7.57889689],["2026-02-13",13.75968019],["2026-02-14",-5.28272822],["2026-02-15",-5.42807374]],"wins":14,"losses":34,"draws":0,"winrate":0.2916666666666667,"holding_avg":"0:52:00","holding_avg_s":3120.0,"winner_holding_min":"0d 00:15","winner_holding_min_s":900.0,"winner_holding_max":"0d 02:30","winner_holding_max_s":9000.0,"winner_holding_avg":"0d 01:11","winner_holding_avg_s":4260.0,"loser_holding_min":"0d 00:15","loser_holding_min_s":900.0,"loser_holding_max":"0d 01:45","loser_holding_max_s":6300.0,"loser_holding_avg":"0d 00:45","loser_holding_avg_s":2700.0,"max_consecutive_wins":4,"max_consecutive_losses":12,"max_drawdown_account":0.09214139852000006,"max_relative_drawdown":0.09214139852000006,"max_drawdown_abs":92.14139852000001,"drawdown_start":"2026-01-22 02:45:00","drawdown_start_ts":1769049900000.0,"drawdown_end":"2026-02-13 12:15:00","drawdown_end_ts":1770984900000.0,"drawdown_duration":"22 days 09:30:00","drawdown_duration_s":1935000.0,"max_drawdown_low":-92.14139852000001,"max_drawdown_high":0.0,"csum_min":907.85860148,"csum_max":998.35411799}},"strategy_comparison":[{"key":"SupertrendFuturesStrategy","trades":48,"profit_mean":-0.004699031539549479,"profit_mean_pct":-0.47,"profit_total_abs":-73.17428818,"profit_total":-0.07317428818,"profit_total_pct":-7.32,"duration_avg":"0:52:00","wins":14,"draws":0,"losses":34,"winrate":0.2916666666666667,"cagr":-0.64201663660305,"expectancy":-1.524464337083333,"expectancy_ratio":-0.3551122837772539,"sortino":-14.259948869398984,"sharpe":-9.090802563772856,"calmar":-56.19353777435394,"sqn":-1.835,"profit_factor":0.4986650111379944,"max_drawdown_account":0.09214139852000006,"max_drawdown_abs":"92.141"}]}