{"strategy":{"SupertrendFuturesStrategy":{"trades":[{"pair":"DOGE/USDT:USDT","stake_amount":329.5845,"max_stake_amount":329.5845,"amount":6300.0,"open_date":"2026-02-01 00:10:00+00:00","close_date":"2026-02-01 00:40:00+00:00","open_rate":0.10463,"close_rate":0.10446,"fee_open":0.0005,"fee_close":0.0005,"trade_duration":30,"profit_ratio":-0.005245298596997974,"profit_abs":-1.7296335,"exit_reason":"exit_signal","initial_stop_loss_abs":0.10254,"initial_stop_loss_ratio":-0.04,"stop_loss_abs":0.10254,"stop_loss_ratio":-0.04,"min_rate":0.10436,"max_rate":0.10516,"is_open":false,"enter_tag":"","leverage":2.0,"is_short":false,"open_timestamp":1769904600000,"close_timestamp":1769906400000,"orders":[{"amount":6300.0,"safe_price":0.10463,"ft_order_side":"buy","order_filled_timestamp":1769904600000,"ft_is_entry":true,"ft_order_tag":"","cost":659.4985845},{"amount":6300.0,"safe_price":0.10446,"ft_order_side":"sell","order_filled_timestamp":1769906400000,"ft_is_entry":false,"ft_order_tag":"exit_signal","cost":658.4270489999999}],"funding_fees":0.0,"weekday":6},{"pair":"SOL/USDT:USDT","stake_amount":329.1912,"max_stake_amount":329.1912,"amount":6.24,"open_date":"2026-02-02 15:45:00+00:00","close_date":"2026-02-02 15:50:00+00:00","open_rate":105.51,"close_rate":105.25,"fee_open":0.0005,"fee_close":0.0005,"trade_duration":5,"profit_ratio":-0.006922517321568577,"profit_abs":-2.2799712,"exit_reason":"exit_signal","initial_stop_loss_abs":103.3998,"initial_stop_loss_ratio":-0.04,"stop_loss_abs":103.3998,"stop_loss_ratio":-0.04,"min_rate":104.61,"max_rate":105.66,"is_open":false,"enter_tag":"","leverage":2.0,"is_short":false,"open_timestamp":1770047100000,"close_timestamp":1770047400000,"orders":[{"amount":6.24,"safe_price":105.51,"ft_order_side":"buy","order_filled_timestamp":1770047100000,"ft_is_entry":true,"ft_order_tag":"","cost":658.7115912},{"amount":6.24,"safe_price":105.25,"ft_order_side":"sell","order_filled_timestamp":1770047400000,"ft_is_entry":false,"ft_order_tag":"exit_signal","cost":657.0883799999999}],"funding_fees":0.0,"weekday":0},{"pair":"DOGE/USDT:USDT","stake_amount":328.5216,"max_stake_amount":328.5216,"amount":6120.0,"open_date":"2026-02-03 20:30:00+00:00","close_date":"2026-02-03 20:30:00+00:00","open_rate":0.10736,"close_rate":0.1101527563781891,"fee_open":0.0005,"fee_close":0.0005,"trade_duration":0,"profit_ratio":0.04997501249375312,"profit_abs":16.42608,"exit_reason":"roi","initial_stop_loss_abs":0.10522,"initial_stop_loss_ratio":-0.04,"stop_loss_abs":0.10938,"stop_loss_ratio":-0.02,"min_rate":0.10733,"max_rate":0.11048,"is_open":false,"enter_tag":"","leverage":2.0,"is_short":false,"open_timestamp":1770150600000,"close_timestamp":1770150600000,"orders":[{"amount":6120.0,"safe_price":0.10736,"ft_order_side":"buy","order_filled_timestamp":1770150600000,"ft_is_entry":true,"ft_order_tag":"","cost":657.3717215999999},{"amount":6120.0,"safe_price":0.1101527563781891,"ft_order_side":"sell","order_filled_timestamp":1770150600000,"ft_is_entry":false,"ft_order_tag":"roi","cost":674.4719364690344}],"funding_fees":0.0,"weekday":1},{"pair":"BTC/USDT:USDT","stake_amount":331.833,"max_stake_amount":331.833,"amount":0.01,"open_date":"2026-02-06 06:00:00+00:00","close_date":"2026-02-06 06:15:00+00:00","open_rate":66366.6,"close_rate":66136.0,"fee_open":0.0005,"fee_close":0.0005,"trade_duration":15,"profit_ratio":-0.008941333397393784,"profit_abs":-2.968513,"exit_reason":"exit_signal","initial_stop_loss_abs":65039.268000000004,"initial_stop_loss_ratio":-0.04,"stop_loss_abs":65039.268000000004,"stop_loss_ratio":-0.04,"min_rate":65726.0,"max_rate":66745.9,"is_open":false,"enter_tag":"","leverage":2.0,"is_short":false,"open_timestamp":1770357600000,"close_timestamp":1770358500000,"orders":[{"amount":0.01,"safe_price":66366.6,"ft_order_side":"buy","order_filled_timestamp":1770357600000,"ft_is_entry":true,"ft_order_tag":"","cost":663.997833},{"amount":0.01,"safe_price":66136.0,"ft_order_side":"sell","order_filled_timestamp":1770358500000,"ft_is_entry":false,"ft_order_tag":"exit_signal","cost":661.6906799999999}],"funding_fees":0.0,"weekday":4},{"pair":"ETH/USDT:USDT","stake_amount":333.786145,"max_stake_amount":333.786145,"amount":0.341,"open_date":"2026-02-06 06:00:00+00:00","close_date":"2026-02-06 06:20:00+00:00","open_rate":1957.69,"close_rate":1938.34,"fee_open":0.0005,"fee_close":0.0005,"trade_duration":20,"profit_ratio":-0.02174743835815415,"profit_abs":-7.26262311,"exit_reason":"exit_signal","initial_stop_loss_abs":1918.5362,"initial_stop_loss_ratio":-0.04,"stop_loss_abs":1918.5362,"stop_loss_ratio":-0.04,"min_rate":1936.0,"max_rate":1966.59,"is_open":false,"enter_tag":"","leverage":2.0,"is_short":false,"open_timestamp":1770357600000,"close_timestamp":1770358800000,"orders":[{"amount":0.341,"safe_price":1957.69,"ft_order_side":"buy","order_filled_timestamp":1770357600000,"ft_is_entry":true,"ft_order_tag":"","cost":667.906076145},{"amount":0.341,"safe_price":1938.34,"ft_order_side":"sell","order_filled_timestamp":1770358800000,"ft_is_entry":false,"ft_order_tag":"exit_signal","cost":661.3044269699999}],"funding_fees":0.0,"weekday":4},{"pair":"ETH/USDT:USDT","stake_amount":330.32099,"max_stake_amount":330.32099,"amount":0.334,"open_date":"2026-02-06 15:00:00+00:00","close_date":"2026-02-06 15:10:00+00:00","open_rate":1977.97,"close_rate":1975.32,"fee_open":0.0005,"fee_close":0.0005,"trade_duration":10,"profit_ratio":-0.004675837180122255,"profit_abs":-1.54529943,"exit_reason":"exit_signal","initial_stop_loss_abs":1938.4106,"initial_stop_loss_ratio":-0.04,"stop_loss_abs":1938.4106,"stop_loss_ratio":-0.04,"min_rate":1961.76,"max_rate":1986.18,"is_open":false,"enter_tag":"","leverage":2.0,"is_short":false,"open_timestamp":1770390000000,"close_timestamp":1770390600000,"orders":[{"amount":0.334,"safe_price":1977.97,"ft_order_side":"buy","order_filled_timestamp":1770390000000,"ft_is_entry":true,"ft_order_tag":"","cost":660.9723009900001},{"amount":0.334,"safe_price":1975.32,"ft_order_side":"sell","order_filled_timestamp":1770390600000,"ft_is_entry":false,"ft_order_tag":"exit_signal","cost":660.08675844}],"funding_fees":0.0,"weekday":4},{"pair":"BTC/USDT:USDT","stake_amount":327.39072,"max_stake_amount":327.39072,"amount":0.0096,"open_date":"2026-02-06 14:50:00+00:00","close_date":"2026-02-06 15:20:00+00:00","open_rate":68206.4,"close_rate":68147.5,"fee_open":0.0005,"fee_close":0.0005,"trade_duration":30,"profit_ratio":-0.0037243849045943142,"profit_abs":-1.21993872,"exit_reason":"exit_signal","initial_stop_loss_abs":66842.272,"initial_stop_loss_ratio":-0.04,"stop_loss_abs":66842.272,"stop_loss_ratio":-0.04,"min_rate":67728.0,"max_rate":68567.8,"is_open":false,"enter_tag":"","leverage":2.0,"is_short":false,"open_timestamp":1770389400000,"close_timestamp":1770391200000,"orders":[{"amount":0.0096,"safe_price":68206.4,"ft_order_side":"buy","order_filled_timestamp":1770389400000,"ft_is_entry":true,"ft_order_tag":"","cost":655.1088307199998},{"amount":0.0096,"safe_price":68147.5,"ft_order_side":"sell","order_filled_timestamp":1770391200000,"ft_is_entry":false,"ft_order_tag":"exit_signal","cost":654.5431079999998}],"funding_fees":0.0,"weekday":4},{"pair":"ETH/USDT:USDT","stake_amount":329.681445,"max_stake_amount":329.681445,"amount":0.321,"open_date":"2026-02-07 12:25:00+00:00","close_date":"2026-02-07 12:40:00+00:00","open_rate":2054.09,"close_rate":2046.3,"fee_open":0.0005,"fee_close":0.0005,"trade_duration":15,"profit_ratio":-0.009576286703005107,"profit_abs":-3.1587026,"exit_reason":"exit_signal","initial_stop_loss_abs":2013.0082000000002,"initial_stop_loss_ratio":-0.04,"stop_loss_abs":2013.0082000000002,"stop_loss_ratio":-0.04,"min_rate":2037.79,"max_rate":2069.81,"is_open":false,"enter_tag":"","leverage":2.0,"is_short":false,"open_timestamp":1770467100000,"close_timestamp":1770468000000,"orders":[{"amount":0.321,"safe_price":2054.09,"ft_order_side":"buy","order_filled_timestamp":1770467100000,"ft_is_entry":true,"ft_order_tag":"","cost":659.6925714450001},{"amount":0.321,"safe_price":2046.3,"ft_order_side":"sell","order_filled_timestamp":1770468000000,"ft_is_entry":false,"ft_order_tag":"exit_signal","cost":657.1907311499999}],"funding_fees":0.0,"weekday":5},{"pair":"SOL/USDT:USDT","stake_amount":329.39885,"max_stake_amount":329.39885,"amount":7.61,"open_date":"2026-02-07 12:35:00+00:00","close_date":"2026-02-07 12:45:00+00:00","open_rate":86.57,"close_rate":86.08,"fee_open":0.0005,"fee_close":0.0005,"trade_duration":10,"profit_ratio":-0.013308004655405922,"profit_abs":-4.38583325,"exit_reason":"exit_signal","initial_stop_loss_abs":84.83859999999999,"initial_stop_loss_ratio":-0.04,"stop_loss_abs":84.83859999999999,"stop_loss_ratio":-0.04,"min_rate":85.97,"max_rate":86.69,"is_open":false,"enter_tag":"","leverage":2.0,"is_short":false,"open_timestamp":1770467700000,"close_timestamp":1770468300000,"orders":[{"amount":7.61,"safe_price":86.57,"ft_order_side":"buy","order_filled_timestamp":1770467700000,"ft_is_entry":true,"ft_order_tag":"","cost":659.1270988499999},{"amount":7.61,"safe_price":86.08,"ft_order_side":"sell","order_filled_timestamp":1770468300000,"ft_is_entry":false,"ft_order_tag":"exit_signal","cost":655.3963344}],"funding_fees":0.0,"weekday":5},{"pair":"BTC/USDT:USDT","stake_amount":328.86625,"max_stake_amount":328.86625,"amount":0.0095,"open_date":"2026-02-07 12:25:00+00:00","close_date":"2026-02-07 12:50:00+00:00","open_rate":69235.0,"close_rate":69210.3,"fee_open":0.0005,"fee_close":0.0005,"trade_duration":25,"profit_ratio":-0.0027117993116192907,"profit_abs":-0.89226518,"exit_reason":"exit_signal","initial_stop_loss_abs":67850.3,"initial_stop_loss_ratio":-0.04,"stop_loss_abs":67850.3,"stop_loss_ratio":-0.04,"min_rate":68780.7,"max_rate":69966.2,"is_open":false,"enter_tag":"","leverage":2.0,"is_short":false,"open_timestamp":1770467100000,"close_timestamp":1770468600000,"orders":[{"amount":0.0095,"safe_price":69235.0,"ft_order_side":"buy","order_filled_timestamp":1770467100000,"ft_is_entry":true,"ft_order_tag":"","cost":658.0613662499999},{"amount":0.0095,"safe_price":69210.3,"ft_order_side":"sell","order_filled_timestamp":1770468600000,"ft_is_entry":false,"ft_order_tag":"exit_signal","cost":657.826598925}],"funding_fees":0.0,"weekday":5},{"pair":"ETH/USDT:USDT","stake_amount":326.97134,"max_stake_amount":326.97134,"amount":0.314,"open_date":"2026-02-09 17:10:00+00:00","close_date":"2026-02-09 17:15:00+00:00","open_rate":2082.62,"close_rate":2082.83,"fee_open":0.0005,"fee_close":0.0005,"trade_duration":5,"profit_ratio":-0.0017975330165342467,"profit_abs":-0.58803565,"exit_reason":"exit_signal","initial_stop_loss_abs":2040.9676,"initial_stop_loss_ratio":-0.04,"stop_loss_abs":2040.9676,"stop_loss_ratio":-0.04,"min_rate":2078.97,"max_rate":2089.98,"is_open":false,"enter_tag":"","leverage":2.0,"is_short":false,"open_timestamp":1770657000000,"close_timestamp":1770657300000,"orders":[{"amount":0.314,"safe_price":2082.62,"ft_order_side":"buy","order_filled_timestamp":1770657000000,"ft_is_entry":true,"ft_order_tag":"","cost":654.26965134},{"amount":0.314,"safe_price":2082.83,"ft_order_side":"sell","order_filled_timestamp":1770657300000,"ft_is_entry":false,"ft_order_tag":"exit_signal","cost":654.33562431}],"funding_fees":0.0,"weekday":0},{"pair":"ETH/USDT:USDT","stake_amount":326.539115,"max_stake_amount":326.539115,"amount":0.311,"open_date":"2026-02-09 17:35:00+00:00","close_date":"2026-02-09 17:40:00+00:00","open_rate":2099.93,"close_rate":2126.75,"fee_open":0.0005,"fee_close":0.0005,"trade_duration":5,"profit_ratio":0.023519177156932098,"profit_abs":7.68377126,"exit_reason":"exit_signal","initial_stop_loss_abs":2057.9314,"initial_stop_loss_ratio":-0.04,"stop_loss_abs":2116.62,"stop_loss_ratio":-0.02,"min_rate":2098.66,"max_rate":2138.0,"is_open":false,"enter_tag":"","leverage":2.0,"is_short":false,"open_timestamp":1770658500000,"close_timestamp":1770658800000,"orders":[{"amount":0.311,"safe_price":2099.93,"ft_order_side":"buy","order_filled_timestamp":1770658500000,"ft_is_entry":true,"ft_order_tag":"","cost":653.4047691149999},{"amount":0.311,"safe_price":2126.75,"ft_order_side":"sell","order_filled_timestamp":1770658800000,"ft_is_entry":false,"ft_order_tag":"exit_signal","cost":661.749959625}],"funding_fees":0.0,"weekday":0},{"pair":"ETH/USDT:USDT","stake_amount":329.178,"max_stake_amount":329.178,"amount":0.332,"open_date":"2026-02-11 14:25:00+00:00","close_date":"2026-02-11 14:35:00+00:00","open_rate":1983.0,"close_rate":1972.03,"fee_open":0.0005,"fee_close":0.0005,"trade_duration":10,"profit_ratio":-0.013051986361836732,"profit_abs":-4.29857498,"exit_reason":"exit_signal","initial_stop_loss_abs":1943.34,"initial_stop_loss_ratio":-0.04,"stop_loss_abs":1943.34,"stop_loss_ratio":-0.04,"min_rate":1960.07,"max_rate":1995.94,"is_open":false,"enter_tag":"","leverage":2.0,"is_short":false,"open_timestamp":1770819900000,"close_timestamp":1770820500000,"orders":[{"amount":0.332,"safe_price":1983.0,"ft_order_side":"buy","order_filled_timestamp":1770819900000,"ft_is_entry":true,"ft_order_tag":"","cost":658.685178},{"amount":0.332,"safe_price":1972.03,"ft_order_side":"sell","order_filled_timestamp":1770820500000,"ft_is_entry":false,"ft_order_tag":"exit_signal","cost":655.04131698}],"funding_fees":0.0,"weekday":2},{"pair":"DOGE/USDT:USDT","stake_amount":327.8084,"max_stake_amount":327.8084,"amount":5860.0,"open_date":"2026-02-14 22:20:00+00:00","close_date":"2026-02-14 22:40:00+00:00","open_rate":0.11188,"close_rate":0.11326,"fee_open":0.0005,"fee_close":0.0005,"trade_duration":20,"profit_ratio":0.022645631063624428,"profit_abs":7.4271398,"exit_reason":"exit_signal","initial_stop_loss_abs":0.10965,"initial_stop_loss_ratio":-0.04,"stop_loss_abs":0.10965,"stop_loss_ratio":-0.04,"min_rate":0.11132,"max_rate":0.11355,"is_open":false,"enter_tag":"","leverage":2.0,"is_short":false,"open_timestamp":1771107600000,"close_timestamp":1771108800000,"orders":[{"amount":5860.0,"safe_price":0.11188,"ft_order_side":"buy","order_filled_timestamp":1771107600000,"ft_is_entry":true,"ft_order_tag":"","cost":655.9446084},{"amount":5860.0,"safe_price":0.11326,"ft_order_side":"sell","order_filled_timestamp":1771108800000,"ft_is_entry":false,"ft_order_tag":"exit_signal","cost":664.0354518}],"funding_fees":0.0,"weekday":5},{"pair":"DOGE/USDT:USDT","stake_amount":329.9142,"max_stake_amount":329.9142,"amount":5790.0,"open_date":"2026-02-15 03:15:00+00:00","close_date":"2026-02-15 03:30:00+00:00","open_rate":0.11396,"close_rate":0.11415,"fee_open":0.0005,"fee_close":0.0005,"trade_duration":15,"profit_ratio":0.0013321699978371645,"profit_abs":0.43972155,"exit_reason":"exit_signal","initial_stop_loss_abs":0.11169,"initial_stop_loss_ratio":-0.04,"stop_loss_abs":0.11169,"stop_loss_ratio":-0.04,"min_rate":0.1137,"max_rate":0.11494,"is_open":false,"enter_tag":"","leverage":2.0,"is_short":false,"open_timestamp":1771125300000,"close_timestamp":1771126200000,"orders":[{"amount":5790.0,"safe_price":0.11396,"ft_order_side":"buy","order_filled_timestamp":1771125300000,"ft_is_entry":true,"ft_order_tag":"","cost":660.1583142},{"amount":5790.0,"safe_price":0.11415,"ft_order_side":"sell","order_filled_timestamp":1771126200000,"ft_is_entry":false,"ft_order_tag":"exit_signal","cost":661.25896425}],"funding_fees":0.0,"weekday":6},{"pair":"DOGE/USDT:USDT","stake_amount":330.4158,"max_stake_amount":330.4158,"amount":5720.0,"open_date":"2026-02-15 04:20:00+00:00","close_date":"2026-02-15 04:25:00+00:00","open_rate":0.11553,"close_rate":0.11415,"fee_open":0.0005,"fee_close":0.0005,"trade_duration":5,"profit_ratio":-0.025865021267605617,"profit_abs":-8.5504848,"exit_reason":"exit_signal","initial_stop_loss_abs":0.11322,"initial_stop_loss_ratio":-0.04,"stop_loss_abs":0.11322,"stop_loss_ratio":-0.04,"min_rate":0.11372,"max_rate":0.11554,"is_open":false,"enter_tag":"","leverage":2.0,"is_short":false,"open_timestamp":1771129200000,"close_timestamp":1771129500000,"orders":[{"amount":5720.0,"safe_price":0.11553,"ft_order_side":"buy","order_filled_timestamp":1771129200000,"ft_is_entry":true,"ft_order_tag":"","cost":661.1620158},{"amount":5720.0,"safe_price":0.11415,"ft_order_side":"sell","order_filled_timestamp":1771129500000,"ft_is_entry":false,"ft_order_tag":"exit_signal","cost":653.264469}],"funding_fees":0.0,"weekday":6}],"locks":[],"best_pair":{"key":"DOGE/USDT:USDT","trades":5,"profit_mean":0.008568498738122224,"profit_mean_pct":0.86,"profit_total_abs":14.012823050000002,"profit_total":0.014012823050000001,"profit_total_pct":1.4,"duration_avg":"0:14:00","wins":3,"draws":0,"losses":2,"winrate":0.6,"cagr":0.3064650575103167,"expectancy":2.8025646099999992,"expectancy_ratio":0.5452397585735953,"sortino":4.131520225648528,"sharpe":1.6559519057616272,"calmar":168.50699543265495,"sqn":0.6587,"profit_factor":2.3630993964339884,"max_drawdown_account":0.008361814602929524,"max_drawdown_abs":8.5504848},"worst_pair":{"key":"ETH/USDT:USDT","trades":6,"profit_mean":-0.004554984077120065,"profit_mean_pct":-0.46,"profit_total_abs":-9.16946451,"profit_total":-0.00916946451,"profit_total_pct":-0.92,"duration_avg":"0:11:00","wins":1,"draws":0,"losses":5,"winrate":0.16666666666666666,"cagr":-0.16218905954886875,"expectancy":-1.5282440849999996,"expectancy_ratio":-0.4533978239716989,"sortino":-3.95831880817353,"sharpe":-1.9887582186533272,"calmar":-73.43985691584693,"sqn":-0.7371,"profit_factor":0.4559226112339614,"max_drawdown_account":0.012554660789999957,"max_drawdown_abs":12.55466079},"results_per_pair":[{"key":"DOGE/USDT:USDT","trades":5,"profit_mean":0.008568498738122224,"profit_mean_pct":0.86,"profit_total_abs":14.012823050000002,"profit_total":0.014012823050000001,"profit_total_pct":1.4,"duration_avg":"0:14:00","wins":3,"draws":0,"losses":2,"winrate":0.6,"cagr":0.3064650575103167,"expectancy":2.8025646099999992,"expectancy_ratio":0.5452397585735953,"sortino":4.131520225648528,"sharpe":1.6559519057616272,"calmar":168.50699543265495,"sqn":0.6587,"profit_factor":2.3630993964339884,"max_drawdown_account":0.008361814602929524,"max_drawdown_abs":8.5504848},{"key":"BTC/USDT:USDT","trades":3,"profit_mean":-0.0051258392045357955,"profit_mean_pct":-0.51,"profit_total_abs":-5.0807169,"profit_total":-0.0050807169,"profit_total_pct":-0.51,"duration_avg":"0:23:00","wins":0,"draws":0,"losses":3,"winrate":0.0,"cagr":-0.09321693491053984,"expectancy":-1.6935722999999998,"expectancy_ratio":-1.0,"sortino":-5.605489307861631,"sharpe":-5.605489307861631,"calmar":-100.55249039233112,"sqn":-2.6279,"profit_factor":0.0,"max_drawdown_account":0.00508071689999997,"max_drawdown_abs":5.0807169},{"key":"SOL/USDT:USDT","trades":2,"profit_mean":-0.01011526098848725,"profit_mean_pct":-1.01,"profit_total_abs":-6.6658044499999995,"profit_total":-0.00666580445,"profit_total_pct":-0.67,"duration_avg":"0:08:00","wins":0,"draws":0,"losses":2,"winrate":0.0,"cagr":-0.12057087894962137,"expectancy":-3.3329022249999998,"expectancy_ratio":-1.0,"sortino":-6.365689888525973,"sharpe":-6.365689888525973,"calmar":-100.55249039233058,"sqn":-3.1654,"profit_factor":0.0,"max_drawdown_account":0.006665804449999996,"max_drawdown_abs":6.6658044499999995},{"key":"ETH/USDT:USDT","trades":6,"profit_mean":-0.004554984077120065,"profit_mean_pct":-0.46,"profit_total_abs":-9.16946451,"profit_total":-0.00916946451,"profit_total_pct":-0.92,"duration_avg":"0:11:00","wins":1,"draws":0,"losses":5,"winrate":0.16666666666666666,"cagr":-0.16218905954886875,"expectancy":-1.5282440849999996,"expectancy_ratio":-0.4533978239716989,"sortino":-3.95831880817353,"sharpe":-1.9887582186533272,"calmar":-73.43985691584693,"sqn":-0.7371,"profit_factor":0.4559226112339614,"max_drawdown_account":0.012554660789999957,"max_drawdown_abs":12.55466079},{"key":"TOTAL","trades":16,"profit_mean":-0.0012559656476681977,"profit_mean_pct":-0.13,"profit_total_abs":-6.903162810000001,"profit_total":-0.006903162810000001,"profit_total_pct":-0.69,"duration_avg":"0:14:00","wins":4,"draws":0,"losses":12,"winrate":0.25,"cagr":-0.12459901953677543,"expectancy":-0.43144767562499986,"expectancy_ratio":-0.13316328953144563,"sortino":-2.88228367253544,"sharpe":-1.1560800158372035,"calmar":-31.912362343644414,"sqn":-0.2783,"profit_factor":0.8224489472914057,"max_drawdown_account":0.02175113846648397,"max_drawdown_abs":22.02121094}],"results_per_enter_tag":[{"key":"","trades":16,"profit_mean":-0.0012559656476681977,"profit_mean_pct":-0.13,"profit_total_abs":-6.903162810000001,"profit_total":-0.006903162810000001,"profit_total_pct":-0.69,"duration_avg":"0:14:00","wins":4,"draws":0,"losses":12,"winrate":0.25,"cagr":-0.12459901953677543,"expectancy":-0.43144767562499986,"expectancy_ratio":-0.13316328953144563,"sortino":-2.88228367253544,"sharpe":-1.1560800158372035,"calmar":-31.912362343644414,"sqn":-0.2783,"profit_factor":0.8224489472914057,"max_drawdown_account":0.02175113846648397,"max_drawdown_abs":22.02121094},{"key":"TOTAL","trades":16,"profit_mean":-0.0012559656476681977,"profit_mean_pct":-0.13,"profit_total_abs":-6.903162810000001,"profit_total":-0.006903162810000001,"profit_total_pct":-0.69,"duration_avg":"0:14:00","wins":4,"draws":0,"losses":12,"winrate":0.25,"cagr":-0.12459901953677543,"expectancy":-0.43144767562499986,"expectancy_ratio":-0.13316328953144563,"sortino":-2.88228367253544,"sharpe":-1.1560800158372035,"calmar":-31.912362343644414,"sqn":-0.2783,"profit_factor":0.8224489472914057,"max_drawdown_account":0.02175113846648397,"max_drawdown_abs":22.02121094}],"exit_reason_summary":[{"key":"roi","trades":1,"profit_mean":0.04997501249375312,"profit_mean_pct":5.0,"profit_total_abs":16.42608,"profit_total":0.01642608,"profit_total_pct":1.64,"duration_avg":"0:00:00","wins":1,"draws":0,"losses":0,"winrate":1.0,"cagr":0.3675078870635424,"expectancy":16.42608,"expectancy_ratio":100.0,"sortino":-100,"sharpe":-100,"calmar":-100,"sqn":-100.0,"profit_factor":0.0,"max_drawdown_account":0.0,"max_drawdown_abs":0.0},{"key":"exit_signal","trades":15,"profit_mean":-0.004671364190429619,"profit_mean_pct":-0.47,"profit_total_abs":-23.329242809999997,"profit_total":-0.023329242809999998,"profit_total_pct":-2.33,"duration_avg":"0:15:00","wins":3,"draws":0,"losses":12,"winrate":0.2,"cagr":-0.36458534097763085,"expectancy":-1.5552828539999999,"expectancy_ratio":-0.480027110333781,"sortino":-9.740679380540042,"sharpe":-5.49183827052454,"calmar":-90.11678680971478,"sqn":-1.3624,"profit_factor":0.3999661120827738,"max_drawdown_account":0.026030815640000014,"max_drawdown_abs":26.030815639999997},{"key":"TOTAL","trades":16,"profit_mean":-0.0012559656476681977,"profit_mean_pct":-0.13,"profit_total_abs":-6.903162810000001,"profit_total":-0.006903162810000001,"profit_total_pct":-0.69,"duration_avg":"0:14:00","wins":4,"draws":0,"losses":12,"winrate":0.25,"cagr":-0.12459901953677543,"expectancy":-0.43144767562499986,"expectancy_ratio":-0.13316328953144563,"sortino":-2.88228367253544,"sharpe":-1.1560800158372035,"calmar":-31.912362343644414,"sqn":-0.2783,"profit_factor":0.8224489472914057,"max_drawdown_account":0.02175113846648397,"max_drawdown_abs":22.02121094}],"mix_tag_stats":[{"key":["","roi"],"trades":1,"profit_mean":0.04997501249375312,"profit_mean_pct":5.0,"profit_total_abs":16.42608,"profit_total":0.01642608,"profit_total_pct":1.64,"duration_avg":"0:00:00","wins":1,"draws":0,"losses":0,"winrate":1.0,"cagr":0.3675078870635424,"expectancy":16.42608,"expectancy_ratio":100.0,"sortino":-100,"sharpe":-100,"calmar":-100,"sqn":-100.0,"profit_factor":0.0,"max_drawdown_account":0.0,"max_drawdown_abs":0.0},{"key":["","exit_signal"],"trades":15,"profit_mean":-0.004671364190429619,"profit_mean_pct":-0.47,"profit_total_abs":-23.329242809999997,"profit_total":-0.023329242809999998,"profit_total_pct":-2.33,"duration_avg":"0:15:00","wins":3,"draws":0,"losses":12,"winrate":0.2,"cagr":-0.36458534097763085,"expectancy":-1.5552828539999999,"expectancy_ratio":-0.480027110333781,"sortino":-9.740679380540042,"sharpe":-5.49183827052454,"calmar":-90.11678680971478,"sqn":-1.3624,"profit_factor":0.3999661120827738,"max_drawdown_account":0.026030815640000014,"max_drawdown_abs":26.030815639999997},{"key":"TOTAL","trades":16,"profit_mean":-0.0012559656476681977,"profit_mean_pct":-0.13,"profit_total_abs":-6.903162810000001,"profit_total":-0.006903162810000001,"profit_total_pct":-0.69,"duration_avg":"0:14:00","wins":4,"draws":0,"losses":12,"winrate":0.25,"cagr":-0.12459901953677543,"expectancy":-0.43144767562499986,"expectancy_ratio":-0.13316328953144563,"sortino":-2.88228367253544,"sharpe":-1.1560800158372035,"calmar":-31.912362343644414,"sqn":-0.2783,"profit_factor":0.8224489472914057,"max_drawdown_account":0.02175113846648397,"max_drawdown_abs":22.02121094}],"left_open_trades":[{"key":"TOTAL","trades":0,"profit_mean":0.0,"profit_mean_pct":0.0,"profit_total_abs":0.0,"profit_total":0.0,"profit_total_pct":0.0,"duration_avg":"0:00","wins":0,"draws":0,"losses":0,"winrate":0.0,"cagr":0.0,"expectancy":0.0,"expectancy_ratio":100.0,"sortino":0,"sharpe":0,"calmar":0,"sqn":0.0,"profit_factor":0.0,"max_drawdown_account":0.0,"max_drawdown_abs":0.0}],"total_trades":16,"trade_count_long":16,"trade_count_short":0,"total_volume":21091.784300874035,"avg_stake_amount":329.3375971875,"profit_mean":-0.0012559656476681977,"profit_median":-0.004960567888560115,"profit_total":-0.006903162810000001,"profit_total_long":-0.006903162810000001,"profit_total_short":0.0,"profit_total_abs":-6.903162810000001,"profit_total_long_abs":-6.903162810000001,"profit_total_short_abs":0.0,"cagr":-0.12459901953677543,"expectancy":-0.43144767562499986,"expectancy_ratio":-0.13316328953144563,"sortino":-2.88228367253544,"sharpe":-1.1560800158372035,"calmar":-31.912362343644414,"sqn":-0.2783,"profit_factor":0.8224489472914057,"backtest_start":"2026-02-01 00:00:00","backtest_start_ts":1769904000000,"backtest_end":"2026-02-20 00:00:00","backtest_end_ts":1771545600000,"backtest_days":19,"backtest_run_start_ts":1771552897,"backtest_run_end_ts":1771552898,"trades_per_day":0.84,"market_change":-0.15959092799827998,"pairlist":["BTC/USDT:USDT","ETH/USDT:USDT","SOL/USDT:USDT","DOGE/USDT:USDT"],"stake_amount":"unlimited","stake_currency":"USDT","stake_currency_decimals":3,"starting_balance":1000,"dry_run_wallet":1000,"final_balance":993.09683719,"rejected_signals":1,"timedout_entry_orders":0,"timedout_exit_orders":0,"canceled_trade_entries":0,"canceled_entry_orders":0,"replaced_entry_orders":0,"max_open_trades":3,"max_open_trades_setting":3,"timeframe":"5m","timeframe_detail":"","timerange":"20260201-20260220","enable_protections":false,"strategy_name":"SupertrendFuturesStrategy","freqaimodel":null,"freqai_identifier":null,"stoploss":-0.04,"trailing_stop":true,"trailing_stop_positive":0.02,"trailing_stop_positive_offset":0.03,"trailing_only_offset_is_reached":true,"use_custom_stoploss":false,"minimal_roi":{"60":0.02,"30":0.03,"15":0.04,"0":0.05},"use_exit_signal":true,"exit_profit_only":false,"exit_profit_offset":0.0,"ignore_roi_if_entry_signal":false,"trading_mode":"futures","margin_mode":"isolated","periodic_breakdown":{"day":[{"date":"01/02/2026","date_ts":1769904000000,"profit_abs":-1.7296335,"wins":0,"draws":0,"losses":1,"trades":1,"profit_factor":0.0},{"date":"02/02/2026","date_ts":1769990400000,"profit_abs":-2.2799712,"wins":0,"draws":0,"losses":1,"trades":1,"profit_factor":0.0},{"date":"03/02/2026","date_ts":1770076800000,"profit_abs":16.42608,"wins":1,"draws":0,"losses":0,"trades":1,"profit_factor":0.0},{"date":"04/02/2026","date_ts":1770163200000,"profit_abs":0.0,"wins":0,"draws":0,"losses":0,"trades":0,"profit_factor":0.0},{"date":"05/02/2026","date_ts":1770249600000,"profit_abs":0.0,"wins":0,"draws":0,"losses":0,"trades":0,"profit_factor":0.0},{"date":"06/02/2026","date_ts":1770336000000,"profit_abs":-12.99637426,"wins":0,"draws":0,"losses":4,"trades":4,"profit_factor":0.0},{"date":"07/02/2026","date_ts":1770422400000,"profit_abs":-8.43680103,"wins":0,"draws":0,"losses":3,"trades":3,"profit_factor":0.0},{"date":"08/02/2026","date_ts":1770508800000,"profit_abs":0.0,"wins":0,"draws":0,"losses":0,"trades":0,"profit_factor":0.0},{"date":"09/02/2026","date_ts":1770595200000,"profit_abs":7.09573561,"wins":1,"draws":0,"losses":1,"trades":2,"profit_factor":13.06684596},{"date":"10/02/2026","date_ts":1770681600000,"profit_abs":0.0,"wins":0,"draws":0,"losses":0,"trades":0,"profit_factor":0.0},{"date":"11/02/2026","date_ts":1770768000000,"profit_abs":-4.29857498,"wins":0,"draws":0,"losses":1,"trades":1,"profit_factor":0.0},{"date":"12/02/2026","date_ts":1770854400000,"profit_abs":0.0,"wins":0,"draws":0,"losses":0,"trades":0,"profit_factor":0.0},{"date":"13/02/2026","date_ts":1770940800000,"profit_abs":0.0,"wins":0,"draws":0,"losses":0,"trades":0,"profit_factor":0.0},{"date":"14/02/2026","date_ts":1771027200000,"profit_abs":7.4271398,"wins":1,"draws":0,"losses":0,"trades":1,"profit_factor":0.0},{"date":"15/02/2026","date_ts":1771113600000,"profit_abs":-8.11076325,"wins":1,"draws":0,"losses":1,"trades":2,"profit_factor":0.05142651}],"week":[{"date":"02/02/2026","date_ts":1769990400000,"profit_abs":-4.0096047,"wins":0,"draws":0,"losses":2,"trades":2,"profit_factor":0.0},{"date":"09/02/2026","date_ts":1770595200000,"profit_abs":2.08864032,"wins":2,"draws":0,"losses":8,"trades":10,"profit_factor":1.09484675},{"date":"16/02/2026","date_ts":1771200000000,"profit_abs":-4.98219843,"wins":2,"draws":0,"losses":2,"trades":4,"profit_factor":0.61225191}],"month":[{"date":"28/02/2026","date_ts":1772236800000,"profit_abs":-6.90316281,"wins":4,"draws":0,"losses":12,"trades":16,"profit_factor":0.82244895}],"year":[{"date":"31/12/2026","date_ts":1798675200000,"profit_abs":-6.90316281,"wins":4,"draws":0,"losses":12,"trades":16,"profit_factor":0.82244895}],"weekday":[{"date":"Monday","date_ts":0,"profit_abs":4.81576441,"wins":1,"draws":0,"losses":2,"trades":3,"profit_factor":2.67913281},{"date":"Tuesday","date_ts":1,"profit_abs":16.42608,"wins":1,"draws":0,"losses":0,"trades":1,"profit_factor":0.0},{"date":"Wednesday","date_ts":2,"profit_abs":-4.29857498,"wins":0,"draws":0,"losses":1,"trades":1,"profit_factor":0.0},{"date":"Friday","date_ts":4,"profit_abs":-12.99637426,"wins":0,"draws":0,"losses":4,"trades":4,"profit_factor":0.0},{"date":"Saturday","date_ts":5,"profit_abs":-1.00966123,"wins":1,"draws":0,"losses":3,"trades":4,"profit_factor":0.88032653},{"date":"Sunday","date_ts":6,"profit_abs":-9.84039675,"wins":1,"draws":0,"losses":2,"trades":3,"profit_factor":0.04277398}]},"backtest_best_day":0.04997501249375312,"backtest_worst_day":-0.0390889938402645,"backtest_best_day_abs":16.42608,"backtest_worst_day_abs":-12.99637426,"winning_days":3,"draw_days":6,"losing_days":6,"daily_profit":[["2026-02-01",-1.7296335],["2026-02-02",-2.2799712],["2026-02-03",16.42608],["2026-02-04",0.0],["2026-02-05",0.0],["2026-02-06",-12.99637426],["2026-02-07",-8.43680103],["2026-02-08",0.0],["2026-02-09",7.09573561],["2026-02-10",0.0],["2026-02-11",-4.29857498],["2026-02-12",0.0],["2026-02-13",0.0],["2026-02-14",7.4271398],["2026-02-15",-8.11076325]],"wins":4,"losses":12,"draws":0,"winrate":0.25,"holding_avg":"0:14:00","holding_avg_s":840.0,"winner_holding_min":"0d 00:00","winner_holding_min_s":0.0,"winner_holding_max":"0d 00:20","winner_holding_max_s":1200.0,"winner_holding_avg":"0d 00:10","winner_holding_avg_s":600.0,"loser_holding_min":"0d 00:05","loser_holding_min_s":300.0,"loser_holding_max":"0d 00:30","loser_holding_max_s":1800.0,"loser_holding_avg":"0d 00:15","loser_holding_avg_s":900.0,"max_consecutive_wins":2,"max_consecutive_losses":8,"max_drawdown_account":0.02175113846648397,"max_relative_drawdown":0.02175113846648397,"max_drawdown_abs":22.02121094,"drawdown_start":"2026-02-03 20:30:00","drawdown_start_ts":1770150600000.0,"drawdown_end":"2026-02-09 17:15:00","drawdown_end_ts":1770657300000.0,"drawdown_duration":"5 days 20:45:00","drawdown_duration_s":506700.0,"max_drawdown_low":-9.604735640000001,"max_drawdown_high":12.416475299999998,"csum_min":990.39526436,"csum_max":1012.4164753}},"strategy_comparison":[{"key":"SupertrendFuturesStrategy","trades":16,"profit_mean":-0.0012559656476681977,"profit_mean_pct":-0.13,"profit_total_abs":-6.903162810000001,"profit_total":-0.006903162810000001,"profit_total_pct":-0.69,"duration_avg":"0:14:00","wins":4,"draws":0,"losses":12,"winrate":0.25,"cagr":-0.12459901953677543,"expectancy":-0.43144767562499986,"expectancy_ratio":-0.13316328953144563,"sortino":-2.88228367253544,"sharpe":-1.1560800158372035,"calmar":-31.912362343644414,"sqn":-0.2783,"profit_factor":0.8224489472914057,"max_drawdown_account":0.02175113846648397,"max_drawdown_abs":"22.021"}]}