{"strategy":{"GridFuturesStrategy":{"trades":[{"pair":"ETH/USDT:USDT","stake_amount":329.1408,"max_stake_amount":329.1408,"amount":0.114,"open_date":"2026-01-21 16:45:00+00:00","close_date":"2026-01-21 19:15:00+00:00","open_rate":2887.2,"close_rate":2962.3047523761875,"fee_open":0.0005,"fee_close":0.0005,"trade_duration":150,"profit_ratio":0.02498750624687656,"profit_abs":8.22852,"exit_reason":"roi","initial_stop_loss_abs":2742.8399999999997,"initial_stop_loss_ratio":-0.05,"stop_loss_abs":2742.8399999999997,"stop_loss_ratio":-0.05,"min_rate":2863.7,"max_rate":2984.99,"is_open":false,"enter_tag":"","leverage":1,"is_short":false,"open_timestamp":1769013900000,"close_timestamp":1769022900000,"orders":[{"amount":0.114,"safe_price":2887.2,"ft_order_side":"buy","order_filled_timestamp":1769013900000,"ft_is_entry":true,"ft_order_tag":"","cost":329.3053704},{"amount":0.114,"safe_price":2962.3047523761875,"ft_order_side":"sell","order_filled_timestamp":1769022900000,"ft_is_entry":false,"ft_order_tag":"roi","cost":337.8715931417708}],"funding_fees":0.0,"weekday":2},{"pair":"DOGE/USDT:USDT","stake_amount":329.8272,"max_stake_amount":329.8272,"amount":2720.0,"open_date":"2026-01-21 16:45:00+00:00","close_date":"2026-01-21 19:15:00+00:00","open_rate":0.12126,"close_rate":0.12441433716858429,"fee_open":0.0005,"fee_close":0.0005,"trade_duration":150,"profit_ratio":0.024987506246876564,"profit_abs":8.24568,"exit_reason":"roi","initial_stop_loss_abs":0.1152,"initial_stop_loss_ratio":-0.05,"stop_loss_abs":0.1152,"stop_loss_ratio":-0.05,"min_rate":0.12022,"max_rate":0.12575,"is_open":false,"enter_tag":"","leverage":1,"is_short":false,"open_timestamp":1769013900000,"close_timestamp":1769022900000,"orders":[{"amount":2720.0,"safe_price":0.12126,"ft_order_side":"buy","order_filled_timestamp":1769013900000,"ft_is_entry":true,"ft_order_tag":"","cost":329.9921136},{"amount":2720.0,"safe_price":0.12441433716858429,"ft_order_side":"sell","order_filled_timestamp":1769022900000,"ft_is_entry":false,"ft_order_tag":"roi","cost":338.57620059709853}],"funding_fees":0.0,"weekday":2},{"pair":"SOL/USDT:USDT","stake_amount":328.7576,"max_stake_amount":328.7576,"amount":2.62,"open_date":"2026-01-21 17:00:00+00:00","close_date":"2026-01-21 19:15:00+00:00","open_rate":125.48,"close_rate":128.744112056028,"fee_open":0.0005,"fee_close":0.0005,"trade_duration":135,"profit_ratio":0.024987506246876564,"profit_abs":8.21894,"exit_reason":"roi","initial_stop_loss_abs":119.206,"initial_stop_loss_ratio":-0.05,"stop_loss_abs":119.206,"stop_loss_ratio":-0.05,"min_rate":125.16,"max_rate":129.55,"is_open":false,"enter_tag":"","leverage":1,"is_short":false,"open_timestamp":1769014800000,"close_timestamp":1769022900000,"orders":[{"amount":2.62,"safe_price":125.48,"ft_order_side":"buy","order_filled_timestamp":1769014800000,"ft_is_entry":true,"ft_order_tag":"","cost":328.92197880000003},{"amount":2.62,"safe_price":128.744112056028,"ft_order_side":"sell","order_filled_timestamp":1769022900000,"ft_is_entry":false,"ft_order_tag":"roi","cost":337.4782283735867}],"funding_fees":0.0,"weekday":2},{"pair":"SOL/USDT:USDT","stake_amount":337.1654,"max_stake_amount":337.1654,"amount":2.86,"open_date":"2026-01-25 20:00:00+00:00","close_date":"2026-01-26 01:00:00+00:00","open_rate":117.89,"close_rate":120.95667333666832,"fee_open":0.0005,"fee_close":0.0005,"trade_duration":300,"profit_ratio":0.02510334064840127,"profit_abs":8.46820988,"exit_reason":"roi","initial_stop_loss_abs":111.99549999999999,"initial_stop_loss_ratio":-0.05,"stop_loss_abs":111.99549999999999,"stop_loss_ratio":-0.05,"min_rate":117.34,"max_rate":121.34,"is_open":false,"enter_tag":"","leverage":1,"is_short":false,"open_timestamp":1769371200000,"close_timestamp":1769389200000,"orders":[{"amount":2.86,"safe_price":117.89,"ft_order_side":"buy","order_filled_timestamp":1769371200000,"ft_is_entry":true,"ft_order_tag":"","cost":337.3339827},{"amount":2.86,"safe_price":120.95667333666832,"ft_order_side":"sell","order_filled_timestamp":1769389200000,"ft_is_entry":false,"ft_order_tag":"roi","cost":346.1090537857428}],"funding_fees":0.03907488344455569,"weekday":0},{"pair":"DOGE/USDT:USDT","stake_amount":340.3323,"max_stake_amount":340.3323,"amount":2970.0,"open_date":"2026-01-29 19:00:00+00:00","close_date":"2026-01-30 00:00:00+00:00","open_rate":0.11459,"close_rate":0.11757083041520759,"fee_open":0.0005,"fee_close":0.0005,"trade_duration":300,"profit_ratio":0.02523551558130176,"profit_abs":8.59275529,"exit_reason":"roi","initial_stop_loss_abs":0.10887,"initial_stop_loss_ratio":-0.05,"stop_loss_abs":0.10887,"stop_loss_ratio":-0.05,"min_rate":0.11445,"max_rate":0.11762,"is_open":false,"enter_tag":"","leverage":1,"is_short":false,"open_timestamp":1769713200000,"close_timestamp":1769731200000,"orders":[{"amount":2970.0,"safe_price":0.11459,"ft_order_side":"buy","order_filled_timestamp":1769713200000,"ft_is_entry":true,"ft_order_tag":"","cost":340.50246615},{"amount":2970.0,"safe_price":0.11757083041520759,"ft_order_side":"sell","order_filled_timestamp":1769731200000,"ft_is_entry":false,"ft_order_tag":"roi","cost":349.3599590163331}],"funding_fees":0.08444778724051884,"weekday":4},{"pair":"SOL/USDT:USDT","stake_amount":339.8351,"max_stake_amount":339.8351,"amount":2.89,"open_date":"2026-01-29 16:00:00+00:00","close_date":"2026-01-30 12:00:00+00:00","open_rate":117.59,"close_rate":117.0,"fee_open":0.0005,"fee_close":0.0005,"trade_duration":1200,"profit_ratio":-0.005726785839899144,"profit_abs":-1.94713592,"exit_reason":"exit_signal","initial_stop_loss_abs":111.7105,"initial_stop_loss_ratio":-0.05,"stop_loss_abs":111.7105,"stop_loss_ratio":-0.05,"min_rate":111.78,"max_rate":119.86,"is_open":false,"enter_tag":"","leverage":1,"is_short":false,"open_timestamp":1769702400000,"close_timestamp":1769774400000,"orders":[{"amount":2.89,"safe_price":117.59,"ft_order_side":"buy","order_filled_timestamp":1769702400000,"ft_is_entry":true,"ft_order_tag":"","cost":340.00501755},{"amount":2.89,"safe_price":117.0,"ft_order_side":"sell","order_filled_timestamp":1769774400000,"ft_is_entry":false,"ft_order_tag":"exit_signal","cost":338.299065}],"funding_fees":0.09694663122946032,"weekday":4},{"pair":"ETH/USDT:USDT","stake_amount":339.79488,"max_stake_amount":339.79488,"amount":0.123,"open_date":"2026-01-29 19:00:00+00:00","close_date":"2026-01-30 12:00:00+00:00","open_rate":2762.56,"close_rate":2758.29,"fee_open":0.0005,"fee_close":0.0005,"trade_duration":1020,"profit_ratio":-0.0024718288062895275,"profit_abs":-0.84033473,"exit_reason":"exit_signal","initial_stop_loss_abs":2624.432,"initial_stop_loss_ratio":-0.05,"stop_loss_abs":2624.432,"stop_loss_ratio":-0.05,"min_rate":2670.0,"max_rate":2827.66,"is_open":false,"enter_tag":"","leverage":1,"is_short":false,"open_timestamp":1769713200000,"close_timestamp":1769774400000,"orders":[{"amount":0.123,"safe_price":2762.56,"ft_order_side":"buy","order_filled_timestamp":1769713200000,"ft_is_entry":true,"ft_order_tag":"","cost":339.96477744},{"amount":0.123,"safe_price":2758.29,"ft_order_side":"sell","order_filled_timestamp":1769774400000,"ft_is_entry":false,"ft_order_tag":"exit_signal","cost":339.4393048349999}],"funding_fees":0.024407542855810628,"weekday":4},{"pair":"DOGE/USDT:USDT","stake_amount":343.6834,"max_stake_amount":343.6834,"amount":2980.0,"open_date":"2026-01-30 02:00:00+00:00","close_date":"2026-01-30 12:00:00+00:00","open_rate":0.11533,"close_rate":0.11546,"fee_open":0.0005,"fee_close":0.0005,"trade_duration":600,"profit_ratio":0.00023098086161878043,"profit_abs":0.07942398,"exit_reason":"exit_signal","initial_stop_loss_abs":0.10957,"initial_stop_loss_ratio":-0.05,"stop_loss_abs":0.10957,"stop_loss_ratio":-0.05,"min_rate":0.11214,"max_rate":0.11587,"is_open":false,"enter_tag":"","leverage":1,"is_short":false,"open_timestamp":1769738400000,"close_timestamp":1769774400000,"orders":[{"amount":2980.0,"safe_price":0.11533,"ft_order_side":"buy","order_filled_timestamp":1769738400000,"ft_is_entry":true,"ft_order_tag":"","cost":343.85524169999997},{"amount":2980.0,"safe_price":0.11546,"ft_order_side":"sell","order_filled_timestamp":1769774400000,"ft_is_entry":false,"ft_order_tag":"exit_signal","cost":344.24283539999993}],"funding_fees":0.03590107891550794,"weekday":4},{"pair":"ETH/USDT:USDT","stake_amount":340.21386,"max_stake_amount":340.21386,"amount":0.126,"open_date":"2026-01-30 18:15:00+00:00","close_date":"2026-01-31 14:15:00+00:00","open_rate":2700.11,"close_rate":2565.1045,"fee_open":0.0005,"fee_close":0.0005,"trade_duration":1200,"profit_ratio":-0.0508360205860064,"profit_abs":-17.30376635,"exit_reason":"stop_loss","initial_stop_loss_abs":2565.1045,"initial_stop_loss_ratio":-0.05,"stop_loss_abs":2565.1045,"stop_loss_ratio":-0.05,"min_rate":2495.28,"max_rate":2759.9,"is_open":false,"enter_tag":"","leverage":1,"is_short":false,"open_timestamp":1769796900000,"close_timestamp":1769868900000,"orders":[{"amount":0.126,"safe_price":2700.11,"ft_order_side":"buy","order_filled_timestamp":1769796900000,"ft_is_entry":true,"ft_order_tag":"","cost":340.38396693},{"amount":0.126,"safe_price":2565.1045,"ft_order_side":"sell","order_filled_timestamp":1769868900000,"ft_is_entry":false,"ft_order_tag":"stop_loss","cost":323.3647685835}],"funding_fees":0.03863516241042475,"weekday":5},{"pair":"ETH/USDT:USDT","stake_amount":336.76398,"max_stake_amount":336.76398,"amount":0.133,"open_date":"2026-01-31 14:30:00+00:00","close_date":"2026-01-31 17:00:00+00:00","open_rate":2532.06,"close_rate":2405.457,"fee_open":0.0005,"fee_close":0.0005,"trade_duration":150,"profit_ratio":-0.050871742947947274,"profit_abs":-17.14033651,"exit_reason":"stop_loss","initial_stop_loss_abs":2405.457,"initial_stop_loss_ratio":-0.05,"stop_loss_abs":2405.457,"stop_loss_ratio":-0.05,"min_rate":2355.64,"max_rate":2554.63,"is_open":false,"enter_tag":"","leverage":1,"is_short":false,"open_timestamp":1769869800000,"close_timestamp":1769878800000,"orders":[{"amount":0.133,"safe_price":2532.06,"ft_order_side":"buy","order_filled_timestamp":1769869800000,"ft_is_entry":true,"ft_order_tag":"","cost":336.93236199},{"amount":0.133,"safe_price":2405.457,"ft_order_side":"sell","order_filled_timestamp":1769878800000,"ft_is_entry":false,"ft_order_tag":"stop_loss","cost":320.0857438905}],"funding_fees":0.026207369048789706,"weekday":5},{"pair":"SOL/USDT:USDT","stake_amount":336.2625,"max_stake_amount":336.2625,"amount":3.05,"open_date":"2026-01-31 14:30:00+00:00","close_date":"2026-01-31 17:00:00+00:00","open_rate":110.25,"close_rate":104.7375,"fee_open":0.0005,"fee_close":0.0005,"trade_duration":150,"profit_ratio":-0.050863275369489716,"profit_abs":-17.11196384,"exit_reason":"stop_loss","initial_stop_loss_abs":104.7375,"initial_stop_loss_ratio":-0.05,"stop_loss_abs":104.7375,"stop_loss_ratio":-0.05,"min_rate":100.05,"max_rate":110.53,"is_open":false,"enter_tag":"","leverage":1,"is_short":false,"open_timestamp":1769869800000,"close_timestamp":1769878800000,"orders":[{"amount":3.05,"safe_price":110.25,"ft_order_side":"buy","order_filled_timestamp":1769869800000,"ft_is_entry":true,"ft_order_tag":"","cost":336.43063125},{"amount":3.05,"safe_price":104.7375,"ft_order_side":"sell","order_filled_timestamp":1769878800000,"ft_is_entry":false,"ft_order_tag":"stop_loss","cost":319.60909968749996}],"funding_fees":0.02901710238641477,"weekday":5},{"pair":"DOGE/USDT:USDT","stake_amount":336.5775,"max_stake_amount":336.5775,"amount":3150.0,"open_date":"2026-01-31 14:30:00+00:00","close_date":"2026-01-31 17:00:00+00:00","open_rate":0.10685,"close_rate":0.10151,"fee_open":0.0005,"fee_close":0.0005,"trade_duration":150,"profit_ratio":-0.05072773246373671,"profit_abs":-17.08235028,"exit_reason":"stop_loss","initial_stop_loss_abs":0.10151,"initial_stop_loss_ratio":-0.05,"stop_loss_abs":0.10151,"stop_loss_ratio":-0.05,"min_rate":0.09843,"max_rate":0.10811,"is_open":false,"enter_tag":"","leverage":1,"is_short":false,"open_timestamp":1769869800000,"close_timestamp":1769878800000,"orders":[{"amount":3150.0,"safe_price":0.10685,"ft_order_side":"buy","order_filled_timestamp":1769869800000,"ft_is_entry":true,"ft_order_tag":"","cost":336.74578875},{"amount":3150.0,"safe_price":0.10151,"ft_order_side":"sell","order_filled_timestamp":1769878800000,"ft_is_entry":false,"ft_order_tag":"stop_loss","cost":319.91637825}],"funding_fees":0.0668167159123829,"weekday":5},{"pair":"ETH/USDT:USDT","stake_amount":319.9049,"max_stake_amount":319.9049,"amount":0.133,"open_date":"2026-01-31 17:15:00+00:00","close_date":"2026-01-31 18:30:00+00:00","open_rate":2405.3,"close_rate":2285.035,"fee_open":0.0005,"fee_close":0.0005,"trade_duration":75,"profit_ratio":-0.05094952524519223,"profit_abs":-16.30715228,"exit_reason":"stop_loss","initial_stop_loss_abs":2285.035,"initial_stop_loss_ratio":-0.05,"stop_loss_abs":2285.035,"stop_loss_ratio":-0.05,"min_rate":2237.0,"max_rate":2430.3,"is_open":false,"enter_tag":"","leverage":1,"is_short":false,"open_timestamp":1769879700000,"close_timestamp":1769884200000,"orders":[{"amount":0.133,"safe_price":2405.3,"ft_order_side":"buy","order_filled_timestamp":1769879700000,"ft_is_entry":true,"ft_order_tag":"","cost":320.06485245000005},{"amount":0.133,"safe_price":2285.035,"ft_order_side":"sell","order_filled_timestamp":1769884200000,"ft_is_entry":false,"ft_order_tag":"stop_loss","cost":304.0616098275}],"funding_fees":0.0,"weekday":5},{"pair":"SOL/USDT:USDT","stake_amount":319.5836,"max_stake_amount":319.5836,"amount":3.11,"open_date":"2026-01-31 17:15:00+00:00","close_date":"2026-01-31 18:30:00+00:00","open_rate":102.76,"close_rate":97.622,"fee_open":0.0005,"fee_close":0.0005,"trade_duration":75,"profit_ratio":-0.05094952523738131,"profit_abs":-16.29077401,"exit_reason":"stop_loss","initial_stop_loss_abs":97.622,"initial_stop_loss_ratio":-0.05,"stop_loss_abs":97.622,"stop_loss_ratio":-0.05,"min_rate":96.03,"max_rate":104.43,"is_open":false,"enter_tag":"","leverage":1,"is_short":false,"open_timestamp":1769879700000,"close_timestamp":1769884200000,"orders":[{"amount":3.11,"safe_price":102.76,"ft_order_side":"buy","order_filled_timestamp":1769879700000,"ft_is_entry":true,"ft_order_tag":"","cost":319.7433918},{"amount":3.11,"safe_price":97.622,"ft_order_side":"sell","order_filled_timestamp":1769884200000,"ft_is_entry":false,"ft_order_tag":"stop_loss","cost":303.75622221}],"funding_fees":0.0,"weekday":5},{"pair":"DOGE/USDT:USDT","stake_amount":308.7267,"max_stake_amount":308.7267,"amount":3030.0,"open_date":"2026-01-31 18:30:00+00:00","close_date":"2026-01-31 18:30:00+00:00","open_rate":0.10189,"close_rate":0.0968,"fee_open":0.0005,"fee_close":0.0005,"trade_duration":0,"profit_ratio":-0.050905404104307654,"profit_abs":-15.72371535,"exit_reason":"stop_loss","initial_stop_loss_abs":0.0968,"initial_stop_loss_ratio":-0.05,"stop_loss_abs":0.0968,"stop_loss_ratio":-0.05,"min_rate":0.09433,"max_rate":0.10213,"is_open":false,"enter_tag":"","leverage":1,"is_short":false,"open_timestamp":1769884200000,"close_timestamp":1769884200000,"orders":[{"amount":3030.0,"safe_price":0.10189,"ft_order_side":"buy","order_filled_timestamp":1769884200000,"ft_is_entry":true,"ft_order_tag":"","cost":308.88106335},{"amount":3030.0,"safe_price":0.0968,"ft_order_side":"sell","order_filled_timestamp":1769884200000,"ft_is_entry":false,"ft_order_tag":"stop_loss","cost":293.45065199999993}],"funding_fees":0.0,"weekday":5},{"pair":"ETH/USDT:USDT","stake_amount":303.20418,"max_stake_amount":303.20418,"amount":0.129,"open_date":"2026-01-31 18:45:00+00:00","close_date":"2026-01-31 19:00:00+00:00","open_rate":2350.42,"close_rate":2411.5614907453723,"fee_open":0.0005,"fee_close":0.0005,"trade_duration":15,"profit_ratio":0.024987506246876564,"profit_abs":7.5801045,"exit_reason":"roi","initial_stop_loss_abs":2232.899,"initial_stop_loss_ratio":-0.05,"stop_loss_abs":2232.899,"stop_loss_ratio":-0.05,"min_rate":2322.35,"max_rate":2426.59,"is_open":false,"enter_tag":"","leverage":1,"is_short":false,"open_timestamp":1769885100000,"close_timestamp":1769886000000,"orders":[{"amount":0.129,"safe_price":2350.42,"ft_order_side":"buy","order_filled_timestamp":1769885100000,"ft_is_entry":true,"ft_order_tag":"","cost":303.35578209},{"amount":0.129,"safe_price":2411.5614907453723,"ft_order_side":"sell","order_filled_timestamp":1769886000000,"ft_is_entry":false,"ft_order_tag":"roi","cost":311.2469780223061}],"funding_fees":0.0,"weekday":5},{"pair":"SOL/USDT:USDT","stake_amount":293.586,"max_stake_amount":293.586,"amount":2.93,"open_date":"2026-01-31 18:45:00+00:00","close_date":"2026-01-31 19:00:00+00:00","open_rate":100.2,"close_rate":102.80650325162581,"fee_open":0.0005,"fee_close":0.0005,"trade_duration":15,"profit_ratio":0.02498750624687656,"profit_abs":7.33965,"exit_reason":"roi","initial_stop_loss_abs":95.19,"initial_stop_loss_ratio":-0.05,"stop_loss_abs":95.19,"stop_loss_ratio":-0.05,"min_rate":99.37,"max_rate":103.35,"is_open":false,"enter_tag":"","leverage":1,"is_short":false,"open_timestamp":1769885100000,"close_timestamp":1769886000000,"orders":[{"amount":2.93,"safe_price":100.2,"ft_order_side":"buy","order_filled_timestamp":1769885100000,"ft_is_entry":true,"ft_order_tag":"","cost":293.732793},{"amount":2.93,"safe_price":102.80650325162581,"ft_order_side":"sell","order_filled_timestamp":1769886000000,"ft_is_entry":false,"ft_order_tag":"roi","cost":301.37366605452723}],"funding_fees":0.0,"weekday":5},{"pair":"DOGE/USDT:USDT","stake_amount":308.4384,"max_stake_amount":308.4384,"amount":3040.0,"open_date":"2026-01-31 19:00:00+00:00","close_date":"2026-01-31 23:15:00+00:00","open_rate":0.10146,"close_rate":0.1040992796398199,"fee_open":0.0005,"fee_close":0.0005,"trade_duration":255,"profit_ratio":0.02498750624687656,"profit_abs":7.71096,"exit_reason":"roi","initial_stop_loss_abs":0.09639,"initial_stop_loss_ratio":-0.05,"stop_loss_abs":0.09639,"stop_loss_ratio":-0.05,"min_rate":0.10045,"max_rate":0.1047,"is_open":false,"enter_tag":"","leverage":1,"is_short":false,"open_timestamp":1769886000000,"close_timestamp":1769901300000,"orders":[{"amount":3040.0,"safe_price":0.10146,"ft_order_side":"buy","order_filled_timestamp":1769886000000,"ft_is_entry":true,"ft_order_tag":"","cost":308.5926192},{"amount":3040.0,"safe_price":0.1040992796398199,"ft_order_side":"sell","order_filled_timestamp":1769901300000,"ft_is_entry":false,"ft_order_tag":"roi","cost":316.620041010105}],"funding_fees":0.0,"weekday":5},{"pair":"BTC/USDT:USDT","stake_amount":315.2432,"max_stake_amount":315.2432,"amount":0.004,"open_date":"2026-01-31 17:15:00+00:00","close_date":"2026-02-01 10:15:00+00:00","open_rate":78810.8,"close_rate":79127.1,"fee_open":0.0005,"fee_close":0.0005,"trade_duration":1020,"profit_ratio":0.003031981353595815,"profit_abs":0.95628941,"exit_reason":"exit_signal","initial_stop_loss_abs":74870.26,"initial_stop_loss_ratio":-0.05,"stop_loss_abs":74870.26,"stop_loss_ratio":-0.05,"min_rate":75658.0,"max_rate":79380.6,"is_open":false,"enter_tag":"","leverage":1,"is_short":false,"open_timestamp":1769879700000,"close_timestamp":1769940900000,"orders":[{"amount":0.004,"safe_price":78810.8,"ft_order_side":"buy","order_filled_timestamp":1769879700000,"ft_is_entry":true,"ft_order_tag":"","cost":315.4008216},{"amount":0.004,"safe_price":79127.1,"ft_order_side":"sell","order_filled_timestamp":1769940900000,"ft_is_entry":false,"ft_order_tag":"exit_signal","cost":316.66665420000004}],"funding_fees":0.006965205964133929,"weekday":6},{"pair":"ETH/USDT:USDT","stake_amount":301.72,"max_stake_amount":301.72,"amount":0.125,"open_date":"2026-01-31 19:15:00+00:00","close_date":"2026-02-01 15:30:00+00:00","open_rate":2413.76,"close_rate":2293.072,"fee_open":0.0005,"fee_close":0.0005,"trade_duration":1215,"profit_ratio":-0.0508311941735615,"profit_abs":-15.3444563,"exit_reason":"stop_loss","initial_stop_loss_abs":2293.072,"initial_stop_loss_ratio":-0.05,"stop_loss_abs":2293.072,"stop_loss_ratio":-0.05,"min_rate":2285.15,"max_rate":2474.95,"is_open":false,"enter_tag":"","leverage":1,"is_short":false,"open_timestamp":1769886900000,"close_timestamp":1769959800000,"orders":[{"amount":0.125,"safe_price":2413.76,"ft_order_side":"buy","order_filled_timestamp":1769886900000,"ft_is_entry":true,"ft_order_tag":"","cost":301.87086},{"amount":0.125,"safe_price":2293.072,"ft_order_side":"sell","order_filled_timestamp":1769959800000,"ft_is_entry":false,"ft_order_tag":"stop_loss","cost":286.777317}],"funding_fees":0.0357206996747708,"weekday":6},{"pair":"ETH/USDT:USDT","stake_amount":296.77611,"max_stake_amount":296.77611,"amount":0.129,"open_date":"2026-02-01 15:45:00+00:00","close_date":"2026-02-01 18:00:00+00:00","open_rate":2300.59,"close_rate":2360.4352626313153,"fee_open":0.0005,"fee_close":0.0005,"trade_duration":135,"profit_ratio":0.02505708689830591,"profit_abs":7.44006295,"exit_reason":"roi","initial_stop_loss_abs":2185.5605,"initial_stop_loss_ratio":-0.05,"stop_loss_abs":2185.5605,"stop_loss_ratio":-0.05,"min_rate":2282.38,"max_rate":2366.79,"is_open":false,"enter_tag":"","leverage":1,"is_short":false,"open_timestamp":1769960700000,"close_timestamp":1769968800000,"orders":[{"amount":0.129,"safe_price":2300.59,"ft_order_side":"buy","order_filled_timestamp":1769960700000,"ft_is_entry":true,"ft_order_tag":"","cost":296.924498055},{"amount":0.129,"safe_price":2360.4352626313153,"ft_order_side":"sell","order_filled_timestamp":1769968800000,"ft_is_entry":false,"ft_order_tag":"roi","cost":304.64839695387934}],"funding_fees":0.020660203903694604,"weekday":6},{"pair":"SOL/USDT:USDT","stake_amount":311.4828,"max_stake_amount":311.4828,"amount":3.02,"open_date":"2026-02-01 14:30:00+00:00","close_date":"2026-02-01 23:00:00+00:00","open_rate":103.14,"close_rate":97.98299999999999,"fee_open":0.0005,"fee_close":0.0005,"trade_duration":510,"profit_ratio":-0.05091770205544929,"profit_abs":-15.8679184,"exit_reason":"stop_loss","initial_stop_loss_abs":97.98299999999999,"initial_stop_loss_ratio":-0.05,"stop_loss_abs":97.98299999999999,"stop_loss_ratio":-0.05,"min_rate":97.94,"max_rate":104.19,"is_open":false,"enter_tag":"","leverage":1,"is_short":false,"open_timestamp":1769956200000,"close_timestamp":1769986800000,"orders":[{"amount":3.02,"safe_price":103.14,"ft_order_side":"buy","order_filled_timestamp":1769956200000,"ft_is_entry":true,"ft_order_tag":"","cost":311.6385414},{"amount":3.02,"safe_price":97.98299999999999,"ft_order_side":"sell","order_filled_timestamp":1769986800000,"ft_is_entry":false,"ft_order_tag":"stop_loss","cost":296.05661433}],"funding_fees":0.00991732533798433,"weekday":6},{"pair":"SOL/USDT:USDT","stake_amount":296.8218,"max_stake_amount":296.8218,"amount":2.97,"open_date":"2026-02-01 23:15:00+00:00","close_date":"2026-02-02 00:30:00+00:00","open_rate":99.94,"close_rate":102.53973986993493,"fee_open":0.0005,"fee_close":0.0005,"trade_duration":75,"profit_ratio":0.025063064364076258,"profit_abs":7.44298351,"exit_reason":"roi","initial_stop_loss_abs":94.943,"initial_stop_loss_ratio":-0.05,"stop_loss_abs":94.943,"stop_loss_ratio":-0.05,"min_rate":98.69,"max_rate":102.85,"is_open":false,"enter_tag":"","leverage":1,"is_short":false,"open_timestamp":1769987700000,"close_timestamp":1769992200000,"orders":[{"amount":2.97,"safe_price":99.94,"ft_order_side":"buy","order_filled_timestamp":1769987700000,"ft_is_entry":true,"ft_order_tag":"","cost":296.9702109},{"amount":2.97,"safe_price":102.53973986993493,"ft_order_side":"sell","order_filled_timestamp":1769992200000,"ft_is_entry":false,"ft_order_tag":"roi","cost":304.69529892741366}],"funding_fees":0.022438511007207167,"weekday":0},{"pair":"ETH/USDT:USDT","stake_amount":303.58944,"max_stake_amount":303.58944,"amount":0.132,"open_date":"2026-02-01 20:30:00+00:00","close_date":"2026-02-02 03:15:00+00:00","open_rate":2299.92,"close_rate":2184.924,"fee_open":0.0005,"fee_close":0.0005,"trade_duration":405,"profit_ratio":-0.05089905456613994,"profit_abs":-15.46014168,"exit_reason":"stop_loss","initial_stop_loss_abs":2184.924,"initial_stop_loss_ratio":-0.05,"stop_loss_abs":2184.924,"stop_loss_ratio":-0.05,"min_rate":2162.32,"max_rate":2349.0,"is_open":false,"enter_tag":"","leverage":1,"is_short":false,"open_timestamp":1769977800000,"close_timestamp":1770002100000,"orders":[{"amount":0.132,"safe_price":2299.92,"ft_order_side":"buy","order_filled_timestamp":1769977800000,"ft_is_entry":true,"ft_order_tag":"","cost":303.74123472},{"amount":0.132,"safe_price":2184.924,"ft_order_side":"sell","order_filled_timestamp":1770002100000,"ft_is_entry":false,"ft_order_tag":"stop_loss","cost":288.554172984}],"funding_fees":0.015330026100282713,"weekday":0},{"pair":"SOL/USDT:USDT","stake_amount":297.03,"max_stake_amount":297.03,"amount":3.0,"open_date":"2026-02-02 03:15:00+00:00","close_date":"2026-02-02 04:30:00+00:00","open_rate":99.01,"close_rate":101.58554777388694,"fee_open":0.0005,"fee_close":0.0005,"trade_duration":75,"profit_ratio":0.02498750624687656,"profit_abs":7.42575,"exit_reason":"roi","initial_stop_loss_abs":94.0595,"initial_stop_loss_ratio":-0.05,"stop_loss_abs":94.0595,"stop_loss_ratio":-0.05,"min_rate":95.82,"max_rate":101.74,"is_open":false,"enter_tag":"","leverage":1,"is_short":false,"open_timestamp":1770002100000,"close_timestamp":1770006600000,"orders":[{"amount":3.0,"safe_price":99.01,"ft_order_side":"buy","order_filled_timestamp":1770002100000,"ft_is_entry":true,"ft_order_tag":"","cost":297.178515},{"amount":3.0,"safe_price":101.58554777388694,"ft_order_side":"sell","order_filled_timestamp":1770006600000,"ft_is_entry":false,"ft_order_tag":"roi","cost":304.90902164332164}],"funding_fees":0.0,"weekday":0},{"pair":"ETH/USDT:USDT","stake_amount":302.6961,"max_stake_amount":302.6961,"amount":0.138,"open_date":"2026-02-02 05:30:00+00:00","close_date":"2026-02-02 07:45:00+00:00","open_rate":2193.45,"close_rate":2250.508229114557,"fee_open":0.0005,"fee_close":0.0005,"trade_duration":135,"profit_ratio":0.02498750624687656,"profit_abs":7.5674025,"exit_reason":"roi","initial_stop_loss_abs":2083.7774999999997,"initial_stop_loss_ratio":-0.05,"stop_loss_abs":2083.7774999999997,"stop_loss_ratio":-0.05,"min_rate":2155.0,"max_rate":2253.0,"is_open":false,"enter_tag":"","leverage":1,"is_short":false,"open_timestamp":1770010200000,"close_timestamp":1770018300000,"orders":[{"amount":0.138,"safe_price":2193.45,"ft_order_side":"buy","order_filled_timestamp":1770010200000,"ft_is_entry":true,"ft_order_tag":"","cost":302.84744804999997},{"amount":0.138,"safe_price":2250.508229114557,"ft_order_side":"sell","order_filled_timestamp":1770018300000,"ft_is_entry":false,"ft_order_tag":"roi","cost":310.7254206856178}],"funding_fees":0.0,"weekday":0},{"pair":"BTC/USDT:USDT","stake_amount":295.8813,"max_stake_amount":295.8813,"amount":0.0039,"open_date":"2026-02-02 03:15:00+00:00","close_date":"2026-02-02 09:30:00+00:00","open_rate":75867.0,"close_rate":77319.6,"fee_open":0.0005,"fee_close":0.0005,"trade_duration":375,"profit_ratio":0.018067783298217233,"profit_abs":5.34859217,"exit_reason":"exit_signal","initial_stop_loss_abs":72073.65,"initial_stop_loss_ratio":-0.05,"stop_loss_abs":72073.65,"stop_loss_ratio":-0.05,"min_rate":74569.6,"max_rate":77666.0,"is_open":false,"enter_tag":"","leverage":1,"is_short":false,"open_timestamp":1770002100000,"close_timestamp":1770024600000,"orders":[{"amount":0.0039,"safe_price":75867.0,"ft_order_side":"buy","order_filled_timestamp":1770002100000,"ft_is_entry":true,"ft_order_tag":"","cost":296.02924065},{"amount":0.0039,"safe_price":77319.6,"ft_order_side":"sell","order_filled_timestamp":1770024600000,"ft_is_entry":false,"ft_order_tag":"exit_signal","cost":301.69721322}],"funding_fees":-0.017833960470168247,"weekday":0},{"pair":"DOGE/USDT:USDT","stake_amount":311.6477,"max_stake_amount":311.6477,"amount":2990.0,"open_date":"2026-02-01 15:15:00+00:00","close_date":"2026-02-02 11:15:00+00:00","open_rate":0.10423,"close_rate":0.10505,"fee_open":0.0005,"fee_close":0.0005,"trade_duration":1200,"profit_ratio":0.006978274405412882,"profit_abs":2.17585055,"exit_reason":"exit_signal","initial_stop_loss_abs":0.09902,"initial_stop_loss_ratio":-0.05,"stop_loss_abs":0.09902,"stop_loss_ratio":-0.05,"min_rate":0.09942,"max_rate":0.1063,"is_open":false,"enter_tag":"","leverage":1,"is_short":false,"open_timestamp":1769958900000,"close_timestamp":1770030900000,"orders":[{"amount":2990.0,"safe_price":0.10423,"ft_order_side":"buy","order_filled_timestamp":1769958900000,"ft_is_entry":true,"ft_order_tag":"","cost":311.80352385},{"amount":2990.0,"safe_price":0.10505,"ft_order_side":"sell","order_filled_timestamp":1770030900000,"ft_is_entry":false,"ft_order_tag":"exit_signal","cost":314.25654975000003}],"funding_fees":0.03692415167896394,"weekday":0},{"pair":"ETH/USDT:USDT","stake_amount":306.7956,"max_stake_amount":306.7956,"amount":0.135,"open_date":"2026-02-03 09:30:00+00:00","close_date":"2026-02-03 18:15:00+00:00","open_rate":2272.56,"close_rate":2158.932,"fee_open":0.0005,"fee_close":0.0005,"trade_duration":525,"profit_ratio":-0.050943405263009466,"profit_abs":-15.63702719,"exit_reason":"stop_loss","initial_stop_loss_abs":2158.932,"initial_stop_loss_ratio":-0.05,"stop_loss_abs":2158.932,"stop_loss_ratio":-0.05,"min_rate":2126.0,"max_rate":2316.51,"is_open":false,"enter_tag":"","leverage":1,"is_short":false,"open_timestamp":1770111000000,"close_timestamp":1770142500000,"orders":[{"amount":0.135,"safe_price":2272.56,"ft_order_side":"buy","order_filled_timestamp":1770111000000,"ft_is_entry":true,"ft_order_tag":"","cost":306.94899780000003},{"amount":0.135,"safe_price":2158.932,"ft_order_side":"sell","order_filled_timestamp":1770142500000,"ft_is_entry":false,"ft_order_tag":"stop_loss","cost":291.60154791}],"funding_fees":0.001878519482799425,"weekday":1},{"pair":"ETH/USDT:USDT","stake_amount":292.65666,"max_stake_amount":292.65666,"amount":0.137,"open_date":"2026-02-03 18:30:00+00:00","close_date":"2026-02-03 19:15:00+00:00","open_rate":2136.18,"close_rate":2191.7484642321156,"fee_open":0.0005,"fee_close":0.0005,"trade_duration":45,"profit_ratio":0.02498750624687656,"profit_abs":7.3164165,"exit_reason":"roi","initial_stop_loss_abs":2029.3709999999996,"initial_stop_loss_ratio":-0.05,"stop_loss_abs":2029.3709999999996,"stop_loss_ratio":-0.05,"min_rate":2106.73,"max_rate":2199.47,"is_open":false,"enter_tag":"","leverage":1,"is_short":false,"open_timestamp":1770143400000,"close_timestamp":1770146100000,"orders":[{"amount":0.137,"safe_price":2136.18,"ft_order_side":"buy","order_filled_timestamp":1770143400000,"ft_is_entry":true,"ft_order_tag":"","cost":292.80298832999995},{"amount":0.137,"safe_price":2191.7484642321156,"ft_order_side":"sell","order_filled_timestamp":1770146100000,"ft_is_entry":false,"ft_order_tag":"roi","cost":300.4196743695997}],"funding_fees":0.0,"weekday":1},{"pair":"DOGE/USDT:USDT","stake_amount":308.7175,"max_stake_amount":308.7175,"amount":2950.0,"open_date":"2026-02-03 17:45:00+00:00","close_date":"2026-02-03 20:15:00+00:00","open_rate":0.10465,"close_rate":0.10737226113056528,"fee_open":0.0005,"fee_close":0.0005,"trade_duration":150,"profit_ratio":0.02498750624687656,"profit_abs":7.7179375,"exit_reason":"roi","initial_stop_loss_abs":0.09942,"initial_stop_loss_ratio":-0.05,"stop_loss_abs":0.09942,"stop_loss_ratio":-0.05,"min_rate":0.10216,"max_rate":0.10768,"is_open":false,"enter_tag":"","leverage":1,"is_short":false,"open_timestamp":1770140700000,"close_timestamp":1770149700000,"orders":[{"amount":2950.0,"safe_price":0.10465,"ft_order_side":"buy","order_filled_timestamp":1770140700000,"ft_is_entry":true,"ft_order_tag":"","cost":308.87185875},{"amount":2950.0,"safe_price":0.10737226113056528,"ft_order_side":"sell","order_filled_timestamp":1770149700000,"ft_is_entry":false,"ft_order_tag":"roi","cost":316.90654442033514}],"funding_fees":0.0,"weekday":1},{"pair":"BTC/USDT:USDT","stake_amount":298.1624,"max_stake_amount":298.1624,"amount":0.004,"open_date":"2026-02-03 19:15:00+00:00","close_date":"2026-02-03 20:30:00+00:00","open_rate":74540.6,"close_rate":76479.62511255627,"fee_open":0.0005,"fee_close":0.0005,"trade_duration":75,"profit_ratio":0.02498750624687656,"profit_abs":7.45406,"exit_reason":"roi","initial_stop_loss_abs":70813.57,"initial_stop_loss_ratio":-0.05,"stop_loss_abs":70813.57,"stop_loss_ratio":-0.05,"min_rate":74228.1,"max_rate":76600.0,"is_open":false,"enter_tag":"","leverage":1,"is_short":false,"open_timestamp":1770146100000,"close_timestamp":1770150600000,"orders":[{"amount":0.004,"safe_price":74540.6,"ft_order_side":"buy","order_filled_timestamp":1770146100000,"ft_is_entry":true,"ft_order_tag":"","cost":298.31148120000006},{"amount":0.004,"safe_price":76479.62511255627,"ft_order_side":"sell","order_filled_timestamp":1770150600000,"ft_is_entry":false,"ft_order_tag":"roi","cost":306.0714597004502}],"funding_fees":0.0,"weekday":1},{"pair":"SOL/USDT:USDT","stake_amount":308.9955,"max_stake_amount":308.9955,"amount":3.05,"open_date":"2026-02-03 15:45:00+00:00","close_date":"2026-02-04 11:00:00+00:00","open_rate":101.31,"close_rate":96.2445,"fee_open":0.0005,"fee_close":0.0005,"trade_duration":1155,"profit_ratio":-0.05022183827591504,"profit_abs":-15.52608119,"exit_reason":"stop_loss","initial_stop_loss_abs":96.2445,"initial_stop_loss_ratio":-0.05,"stop_loss_abs":96.2445,"stop_loss_ratio":-0.05,"min_rate":94.53,"max_rate":102.67,"is_open":false,"enter_tag":"","leverage":1,"is_short":false,"open_timestamp":1770133500000,"close_timestamp":1770202800000,"orders":[{"amount":3.05,"safe_price":101.31,"ft_order_side":"buy","order_filled_timestamp":1770133500000,"ft_is_entry":true,"ft_order_tag":"","cost":309.14999774999995},{"amount":3.05,"safe_price":96.2445,"ft_order_side":"sell","order_filled_timestamp":1770202800000,"ft_is_entry":false,"ft_order_tag":"stop_loss","cost":293.6924978625}],"funding_fees":0.224964421371497,"weekday":2},{"pair":"SOL/USDT:USDT","stake_amount":305.8524,"max_stake_amount":305.8524,"amount":3.18,"open_date":"2026-02-04 11:45:00+00:00","close_date":"2026-02-04 15:30:00+00:00","open_rate":96.18,"close_rate":91.371,"fee_open":0.0005,"fee_close":0.0005,"trade_duration":225,"profit_ratio":-0.050949525237381305,"profit_abs":-15.59082609,"exit_reason":"stop_loss","initial_stop_loss_abs":91.371,"initial_stop_loss_ratio":-0.05,"stop_loss_abs":91.371,"stop_loss_ratio":-0.05,"min_rate":91.19,"max_rate":96.66,"is_open":false,"enter_tag":"","leverage":1,"is_short":false,"open_timestamp":1770205500000,"close_timestamp":1770219000000,"orders":[{"amount":3.18,"safe_price":96.18,"ft_order_side":"buy","order_filled_timestamp":1770205500000,"ft_is_entry":true,"ft_order_tag":"","cost":306.0053262},{"amount":3.18,"safe_price":91.371,"ft_order_side":"sell","order_filled_timestamp":1770219000000,"ft_is_entry":false,"ft_order_tag":"stop_loss","cost":290.70505989}],"funding_fees":0.0,"weekday":2},{"pair":"ETH/USDT:USDT","stake_amount":305.54285,"max_stake_amount":305.54285,"amount":0.139,"open_date":"2026-02-04 14:45:00+00:00","close_date":"2026-02-04 18:00:00+00:00","open_rate":2198.15,"close_rate":2088.2425,"fee_open":0.0005,"fee_close":0.0005,"trade_duration":195,"profit_ratio":-0.05096175273096651,"profit_abs":-15.57878467,"exit_reason":"stop_loss","initial_stop_loss_abs":2088.2425,"initial_stop_loss_ratio":-0.05,"stop_loss_abs":2088.2425,"stop_loss_ratio":-0.05,"min_rate":2080.0,"max_rate":2212.77,"is_open":false,"enter_tag":"","leverage":1,"is_short":false,"open_timestamp":1770216300000,"close_timestamp":1770228000000,"orders":[{"amount":0.139,"safe_price":2198.15,"ft_order_side":"buy","order_filled_timestamp":1770216300000,"ft_is_entry":true,"ft_order_tag":"","cost":305.695621425},{"amount":0.139,"safe_price":2088.2425,"ft_order_side":"sell","order_filled_timestamp":1770228000000,"ft_is_entry":false,"ft_order_tag":"stop_loss","cost":290.41084035375}],"funding_fees":-0.003737892155516151,"weekday":2},{"pair":"SOL/USDT:USDT","stake_amount":291.627,"max_stake_amount":291.627,"amount":3.15,"open_date":"2026-02-04 15:45:00+00:00","close_date":"2026-02-05 09:15:00+00:00","open_rate":92.58,"close_rate":92.84,"fee_open":0.0005,"fee_close":0.0005,"trade_duration":1050,"profit_ratio":0.0020501704487968,"profit_abs":0.598184,"exit_reason":"exit_signal","initial_stop_loss_abs":87.951,"initial_stop_loss_ratio":-0.05,"stop_loss_abs":87.951,"stop_loss_ratio":-0.05,"min_rate":89.24,"max_rate":94.66,"is_open":false,"enter_tag":"","leverage":1,"is_short":false,"open_timestamp":1770219900000,"close_timestamp":1770282900000,"orders":[{"amount":3.15,"safe_price":92.58,"ft_order_side":"buy","order_filled_timestamp":1770219900000,"ft_is_entry":true,"ft_order_tag":"","cost":291.7728135},{"amount":3.15,"safe_price":92.84,"ft_order_side":"sell","order_filled_timestamp":1770282900000,"ft_is_entry":false,"ft_order_tag":"exit_signal","cost":292.592223}],"funding_fees":0.07122050275083007,"weekday":3},{"pair":"DOGE/USDT:USDT","stake_amount":305.7824,"max_stake_amount":305.7824,"amount":2920.0,"open_date":"2026-02-04 15:15:00+00:00","close_date":"2026-02-05 10:45:00+00:00","open_rate":0.10472,"close_rate":0.09949,"fee_open":0.0005,"fee_close":0.0005,"trade_duration":1170,"profit_ratio":-0.05088278259412525,"profit_abs":-15.56683891,"exit_reason":"stop_loss","initial_stop_loss_abs":0.09949,"initial_stop_loss_ratio":-0.05,"stop_loss_abs":0.09949,"stop_loss_ratio":-0.05,"min_rate":0.09904,"max_rate":0.10551,"is_open":false,"enter_tag":"","leverage":1,"is_short":false,"open_timestamp":1770218100000,"close_timestamp":1770288300000,"orders":[{"amount":2920.0,"safe_price":0.10472,"ft_order_side":"buy","order_filled_timestamp":1770218100000,"ft_is_entry":true,"ft_order_tag":"","cost":305.9352912},{"amount":2920.0,"safe_price":0.09949,"ft_order_side":"sell","order_filled_timestamp":1770288300000,"ft_is_entry":false,"ft_order_tag":"stop_loss","cost":290.65605539999996}],"funding_fees":0.002907692469481097,"weekday":3},{"pair":"BTC/USDT:USDT","stake_amount":282.94071,"max_stake_amount":282.94071,"amount":0.0039,"open_date":"2026-02-04 18:00:00+00:00","close_date":"2026-02-05 15:00:00+00:00","open_rate":72548.9,"close_rate":68921.45499999999,"fee_open":0.0005,"fee_close":0.0005,"trade_duration":1260,"profit_ratio":-0.05106141980351146,"profit_abs":-14.45457805,"exit_reason":"stop_loss","initial_stop_loss_abs":68921.45499999999,"initial_stop_loss_ratio":-0.05,"stop_loss_abs":68921.45499999999,"stop_loss_ratio":-0.05,"min_rate":67950.0,"max_rate":74120.0,"is_open":false,"enter_tag":"","leverage":1,"is_short":false,"open_timestamp":1770228000000,"close_timestamp":1770303600000,"orders":[{"amount":0.0039,"safe_price":72548.9,"ft_order_side":"buy","order_filled_timestamp":1770228000000,"ft_is_entry":true,"ft_order_tag":"","cost":283.08218035499993},{"amount":0.0039,"safe_price":68921.45499999999,"ft_order_side":"sell","order_filled_timestamp":1770303600000,"ft_is_entry":false,"ft_order_tag":"stop_loss","cost":268.92807133724995}],"funding_fees":-0.03167535502970745,"weekday":3},{"pair":"DOGE/USDT:USDT","stake_amount":290.4232,"max_stake_amount":290.4232,"amount":2920.0,"open_date":"2026-02-05 11:00:00+00:00","close_date":"2026-02-05 15:15:00+00:00","open_rate":0.09946,"close_rate":0.09449,"fee_open":0.0005,"fee_close":0.0005,"trade_duration":255,"profit_ratio":-0.050919392505637394,"profit_abs":-14.795567,"exit_reason":"stop_loss","initial_stop_loss_abs":0.09449,"initial_stop_loss_ratio":-0.05,"stop_loss_abs":0.09449,"stop_loss_ratio":-0.05,"min_rate":0.09284,"max_rate":0.10047,"is_open":false,"enter_tag":"","leverage":1,"is_short":false,"open_timestamp":1770289200000,"close_timestamp":1770304500000,"orders":[{"amount":2920.0,"safe_price":0.09946,"ft_order_side":"buy","order_filled_timestamp":1770289200000,"ft_is_entry":true,"ft_order_tag":"","cost":290.5684116},{"amount":2920.0,"safe_price":0.09449,"ft_order_side":"sell","order_filled_timestamp":1770304500000,"ft_is_entry":false,"ft_order_tag":"stop_loss","cost":276.0487554}],"funding_fees":0.0,"weekday":3},{"pair":"SOL/USDT:USDT","stake_amount":290.6031,"max_stake_amount":290.6031,"amount":3.23,"open_date":"2026-02-05 11:15:00+00:00","close_date":"2026-02-05 15:15:00+00:00","open_rate":89.97,"close_rate":85.47149999999999,"fee_open":0.0005,"fee_close":0.0005,"trade_duration":240,"profit_ratio":-0.05094952522878281,"profit_abs":-14.81349302,"exit_reason":"stop_loss","initial_stop_loss_abs":85.47149999999999,"initial_stop_loss_ratio":-0.05,"stop_loss_abs":85.47149999999999,"stop_loss_ratio":-0.05,"min_rate":84.01,"max_rate":91.37,"is_open":false,"enter_tag":"","leverage":1,"is_short":false,"open_timestamp":1770290100000,"close_timestamp":1770304500000,"orders":[{"amount":3.23,"safe_price":89.97,"ft_order_side":"buy","order_filled_timestamp":1770290100000,"ft_is_entry":true,"ft_order_tag":"","cost":290.74840155},{"amount":3.23,"safe_price":85.47149999999999,"ft_order_side":"sell","order_filled_timestamp":1770304500000,"ft_is_entry":false,"ft_order_tag":"stop_loss","cost":276.21098147249995}],"funding_fees":0.0,"weekday":3},{"pair":"ETH/USDT:USDT","stake_amount":276.14925,"max_stake_amount":276.14925,"amount":0.135,"open_date":"2026-02-05 15:00:00+00:00","close_date":"2026-02-05 15:15:00+00:00","open_rate":2045.55,"close_rate":1943.2724999999998,"fee_open":0.0005,"fee_close":0.0005,"trade_duration":15,"profit_ratio":-0.05094952524190559,"profit_abs":-14.07670802,"exit_reason":"stop_loss","initial_stop_loss_abs":1943.2724999999998,"initial_stop_loss_ratio":-0.05,"stop_loss_abs":1943.2724999999998,"stop_loss_ratio":-0.05,"min_rate":1930.69,"max_rate":2053.77,"is_open":false,"enter_tag":"","leverage":1,"is_short":false,"open_timestamp":1770303600000,"close_timestamp":1770304500000,"orders":[{"amount":0.135,"safe_price":2045.55,"ft_order_side":"buy","order_filled_timestamp":1770303600000,"ft_is_entry":true,"ft_order_tag":"","cost":276.287324625},{"amount":0.135,"safe_price":1943.2724999999998,"ft_order_side":"sell","order_filled_timestamp":1770304500000,"ft_is_entry":false,"ft_order_tag":"stop_loss","cost":262.47295839375}],"funding_fees":0.0,"weekday":3},{"pair":"ETH/USDT:USDT","stake_amount":270.5766,"max_stake_amount":270.5766,"amount":0.14,"open_date":"2026-02-05 15:30:00+00:00","close_date":"2026-02-05 15:45:00+00:00","open_rate":1932.69,"close_rate":1982.9650775387693,"fee_open":0.0005,"fee_close":0.0005,"trade_duration":15,"profit_ratio":0.02498750624687656,"profit_abs":6.764415,"exit_reason":"roi","initial_stop_loss_abs":1836.0555,"initial_stop_loss_ratio":-0.05,"stop_loss_abs":1836.0555,"stop_loss_ratio":-0.05,"min_rate":1925.35,"max_rate":1984.7,"is_open":false,"enter_tag":"","leverage":1,"is_short":false,"open_timestamp":1770305400000,"close_timestamp":1770306300000,"orders":[{"amount":0.14,"safe_price":1932.69,"ft_order_side":"buy","order_filled_timestamp":1770305400000,"ft_is_entry":true,"ft_order_tag":"","cost":270.71188830000006},{"amount":0.14,"safe_price":1982.9650775387693,"ft_order_side":"sell","order_filled_timestamp":1770306300000,"ft_is_entry":false,"ft_order_tag":"roi","cost":277.7539184108554}],"funding_fees":0.0,"weekday":3},{"pair":"BTC/USDT:USDT","stake_amount":265.0362,"max_stake_amount":265.0362,"amount":0.0039,"open_date":"2026-02-05 15:15:00+00:00","close_date":"2026-02-05 20:15:00+00:00","open_rate":67958.0,"close_rate":64560.1,"fee_open":0.0005,"fee_close":0.0005,"trade_duration":300,"profit_ratio":-0.0509621802557562,"profit_abs":-13.51357601,"exit_reason":"stop_loss","initial_stop_loss_abs":64560.1,"initial_stop_loss_ratio":-0.05,"stop_loss_abs":64560.1,"stop_loss_ratio":-0.05,"min_rate":63320.9,"max_rate":68684.5,"is_open":false,"enter_tag":"","leverage":1,"is_short":false,"open_timestamp":1770304500000,"close_timestamp":1770322500000,"orders":[{"amount":0.0039,"safe_price":67958.0,"ft_order_side":"buy","order_filled_timestamp":1770304500000,"ft_is_entry":true,"ft_order_tag":"","cost":265.1687181},{"amount":0.0039,"safe_price":64560.1,"ft_order_side":"sell","order_filled_timestamp":1770322500000,"ft_is_entry":false,"ft_order_tag":"stop_loss","cost":251.91028219499995}],"funding_fees":-0.0033557174747326605,"weekday":3},{"pair":"SOL/USDT:USDT","stake_amount":270.9952,"max_stake_amount":270.9952,"amount":3.22,"open_date":"2026-02-05 15:30:00+00:00","close_date":"2026-02-05 20:15:00+00:00","open_rate":84.16,"close_rate":79.952,"fee_open":0.0005,"fee_close":0.0005,"trade_duration":285,"profit_ratio":-0.05098081940685421,"profit_abs":-13.82246513,"exit_reason":"stop_loss","initial_stop_loss_abs":79.952,"initial_stop_loss_ratio":-0.05,"stop_loss_abs":79.952,"stop_loss_ratio":-0.05,"min_rate":77.73,"max_rate":86.15,"is_open":false,"enter_tag":"","leverage":1,"is_short":false,"open_timestamp":1770305400000,"close_timestamp":1770322500000,"orders":[{"amount":3.22,"safe_price":84.16,"ft_order_side":"buy","order_filled_timestamp":1770305400000,"ft_is_entry":true,"ft_order_tag":"","cost":271.1306976},{"amount":3.22,"safe_price":79.952,"ft_order_side":"sell","order_filled_timestamp":1770322500000,"ft_is_entry":false,"ft_order_tag":"stop_loss","cost":257.57416272}],"funding_fees":-0.008484813821553912,"weekday":3},{"pair":"DOGE/USDT:USDT","stake_amount":273.1104,"max_stake_amount":273.1104,"amount":2880.0,"open_date":"2026-02-05 15:45:00+00:00","close_date":"2026-02-05 20:15:00+00:00","open_rate":0.09483,"close_rate":0.09009,"fee_open":0.0005,"fee_close":0.0005,"trade_duration":270,"profit_ratio":-0.050923073634307786,"profit_abs":-13.91457482,"exit_reason":"stop_loss","initial_stop_loss_abs":0.09009,"initial_stop_loss_ratio":-0.05,"stop_loss_abs":0.09009,"stop_loss_ratio":-0.05,"min_rate":0.0872,"max_rate":0.09584,"is_open":false,"enter_tag":"","leverage":1,"is_short":false,"open_timestamp":1770306300000,"close_timestamp":1770322500000,"orders":[{"amount":2880.0,"safe_price":0.09483,"ft_order_side":"buy","order_filled_timestamp":1770306300000,"ft_is_entry":true,"ft_order_tag":"","cost":273.24695519999995},{"amount":2880.0,"safe_price":0.09009,"ft_order_side":"sell","order_filled_timestamp":1770322500000,"ft_is_entry":false,"ft_order_tag":"stop_loss","cost":259.5889296}],"funding_fees":0.0029099822312176706,"weekday":3},{"pair":"ETH/USDT:USDT","stake_amount":259.3971,"max_stake_amount":259.3971,"amount":0.135,"open_date":"2026-02-05 20:15:00+00:00","close_date":"2026-02-05 20:45:00+00:00","open_rate":1921.46,"close_rate":1825.387,"fee_open":0.0005,"fee_close":0.0005,"trade_duration":30,"profit_ratio":-0.050949525227748385,"profit_abs":-13.22276717,"exit_reason":"stop_loss","initial_stop_loss_abs":1825.387,"initial_stop_loss_ratio":-0.05,"stop_loss_abs":1825.387,"stop_loss_ratio":-0.05,"min_rate":1823.1,"max_rate":1922.23,"is_open":false,"enter_tag":"","leverage":1,"is_short":false,"open_timestamp":1770322500000,"close_timestamp":1770324300000,"orders":[{"amount":0.135,"safe_price":1921.46,"ft_order_side":"buy","order_filled_timestamp":1770322500000,"ft_is_entry":true,"ft_order_tag":"","cost":259.52679855},{"amount":0.135,"safe_price":1825.387,"ft_order_side":"sell","order_filled_timestamp":1770324300000,"ft_is_entry":false,"ft_order_tag":"stop_loss","cost":246.55045862249997}],"funding_fees":0.0,"weekday":3},{"pair":"SOL/USDT:USDT","stake_amount":260.2653,"max_stake_amount":260.2653,"amount":3.31,"open_date":"2026-02-05 20:30:00+00:00","close_date":"2026-02-05 21:00:00+00:00","open_rate":78.63,"close_rate":80.67540270135066,"fee_open":0.0005,"fee_close":0.0005,"trade_duration":30,"profit_ratio":0.024987506246876564,"profit_abs":6.5066325,"exit_reason":"roi","initial_stop_loss_abs":74.6985,"initial_stop_loss_ratio":-0.05,"stop_loss_abs":74.6985,"stop_loss_ratio":-0.05,"min_rate":77.58,"max_rate":81.15,"is_open":false,"enter_tag":"","leverage":1,"is_short":false,"open_timestamp":1770323400000,"close_timestamp":1770325200000,"orders":[{"amount":3.31,"safe_price":78.63,"ft_order_side":"buy","order_filled_timestamp":1770323400000,"ft_is_entry":true,"ft_order_tag":"","cost":260.39543265},{"amount":3.31,"safe_price":80.67540270135066,"ft_order_side":"sell","order_filled_timestamp":1770325200000,"ft_is_entry":false,"ft_order_tag":"roi","cost":267.1691007329414}],"funding_fees":0.0,"weekday":3},{"pair":"BTC/USDT:USDT","stake_amount":255.2824,"max_stake_amount":255.2824,"amount":0.004,"open_date":"2026-02-05 20:30:00+00:00","close_date":"2026-02-06 00:00:00+00:00","open_rate":63820.6,"close_rate":60629.56999999999,"fee_open":0.0005,"fee_close":0.0005,"trade_duration":210,"profit_ratio":-0.051048011889988296,"profit_abs":-13.03817482,"exit_reason":"stop_loss","initial_stop_loss_abs":60629.56999999999,"initial_stop_loss_ratio":-0.05,"stop_loss_abs":60629.56999999999,"stop_loss_ratio":-0.05,"min_rate":60000.1,"max_rate":64903.5,"is_open":false,"enter_tag":"","leverage":1,"is_short":false,"open_timestamp":1770323400000,"close_timestamp":1770336000000,"orders":[{"amount":0.004,"safe_price":63820.6,"ft_order_side":"buy","order_filled_timestamp":1770323400000,"ft_is_entry":true,"ft_order_tag":"","cost":255.4100412},{"amount":0.004,"safe_price":60629.56999999999,"ft_order_side":"sell","order_filled_timestamp":1770336000000,"ft_is_entry":false,"ft_order_tag":"stop_loss","cost":242.63953913999995}],"funding_fees":-0.02515448,"weekday":4},{"pair":"DOGE/USDT:USDT","stake_amount":252.056,"max_stake_amount":252.056,"amount":2800.0,"open_date":"2026-02-05 20:45:00+00:00","close_date":"2026-02-06 00:00:00+00:00","open_rate":0.09002,"close_rate":0.08552,"fee_open":0.0005,"fee_close":0.0005,"trade_duration":195,"profit_ratio":-0.050863785146497434,"profit_abs":-12.82693249,"exit_reason":"stop_loss","initial_stop_loss_abs":0.08552,"initial_stop_loss_ratio":-0.05,"stop_loss_abs":0.08552,"stop_loss_ratio":-0.05,"min_rate":0.08133,"max_rate":0.09125,"is_open":false,"enter_tag":"","leverage":1,"is_short":false,"open_timestamp":1770324300000,"close_timestamp":1770336000000,"orders":[{"amount":2800.0,"safe_price":0.09002,"ft_order_side":"buy","order_filled_timestamp":1770324300000,"ft_is_entry":true,"ft_order_tag":"","cost":252.182028},{"amount":2800.0,"safe_price":0.08552,"ft_order_side":"sell","order_filled_timestamp":1770336000000,"ft_is_entry":false,"ft_order_tag":"stop_loss","cost":239.57572799999997}],"funding_fees":0.018823513172587472,"weekday":4},{"pair":"ETH/USDT:USDT","stake_amount":257.9841,"max_stake_amount":257.9841,"amount":0.138,"open_date":"2026-02-05 21:00:00+00:00","close_date":"2026-02-06 00:00:00+00:00","open_rate":1869.45,"close_rate":1775.9775,"fee_open":0.0005,"fee_close":0.0005,"trade_duration":180,"profit_ratio":-0.05090421948629708,"profit_abs":-13.13904549,"exit_reason":"stop_loss","initial_stop_loss_abs":1775.9775,"initial_stop_loss_ratio":-0.05,"stop_loss_abs":1775.9775,"stop_loss_ratio":-0.05,"min_rate":1753.44,"max_rate":1912.37,"is_open":false,"enter_tag":"","leverage":1,"is_short":false,"open_timestamp":1770325200000,"close_timestamp":1770336000000,"orders":[{"amount":0.138,"safe_price":1869.45,"ft_order_side":"buy","order_filled_timestamp":1770325200000,"ft_is_entry":true,"ft_order_tag":"","cost":258.11309205},{"amount":0.138,"safe_price":1775.9775,"ft_order_side":"sell","order_filled_timestamp":1770336000000,"ft_is_entry":false,"ft_order_tag":"stop_loss","cost":245.2074374475}],"funding_fees":0.01169400959913524,"weekday":4},{"pair":"SOL/USDT:USDT","stake_amount":245.0477,"max_stake_amount":245.0477,"amount":3.13,"open_date":"2026-02-06 00:00:00+00:00","close_date":"2026-02-06 00:00:00+00:00","open_rate":78.29,"close_rate":74.3755,"fee_open":0.0005,"fee_close":0.0005,"trade_duration":0,"profit_ratio":-0.05082377066157742,"profit_abs":-12.46047523,"exit_reason":"stop_loss","initial_stop_loss_abs":74.3755,"initial_stop_loss_ratio":-0.05,"stop_loss_abs":74.3755,"stop_loss_ratio":-0.05,"min_rate":71.29,"max_rate":78.76,"is_open":false,"enter_tag":"","leverage":1,"is_short":false,"open_timestamp":1770336000000,"close_timestamp":1770336000000,"orders":[{"amount":3.13,"safe_price":78.29,"ft_order_side":"buy","order_filled_timestamp":1770336000000,"ft_is_entry":true,"ft_order_tag":"","cost":245.17022385},{"amount":3.13,"safe_price":74.3755,"ft_order_side":"sell","order_filled_timestamp":1770336000000,"ft_is_entry":false,"ft_order_tag":"stop_loss","cost":232.91171265749998}],"funding_fees":0.030831274208480166,"weekday":4},{"pair":"BTC/USDT:USDT","stake_amount":240.8336,"max_stake_amount":240.8336,"amount":0.004,"open_date":"2026-02-06 00:15:00+00:00","close_date":"2026-02-06 00:15:00+00:00","open_rate":60208.4,"close_rate":61774.60150075037,"fee_open":0.0005,"fee_close":0.0005,"trade_duration":0,"profit_ratio":0.02498750624687656,"profit_abs":6.02084,"exit_reason":"roi","initial_stop_loss_abs":57197.979999999996,"initial_stop_loss_ratio":-0.05,"stop_loss_abs":57197.979999999996,"stop_loss_ratio":-0.05,"min_rate":59909.0,"max_rate":61789.7,"is_open":false,"enter_tag":"","leverage":1,"is_short":false,"open_timestamp":1770336900000,"close_timestamp":1770336900000,"orders":[{"amount":0.004,"safe_price":60208.4,"ft_order_side":"buy","order_filled_timestamp":1770336900000,"ft_is_entry":true,"ft_order_tag":"","cost":240.9540168},{"amount":0.004,"safe_price":61774.60150075037,"ft_order_side":"sell","order_filled_timestamp":1770336900000,"ft_is_entry":false,"ft_order_tag":"roi","cost":247.22195520600295}],"funding_fees":0.0,"weekday":4},{"pair":"SOL/USDT:USDT","stake_amount":242.8272,"max_stake_amount":242.8272,"amount":3.36,"open_date":"2026-02-06 00:15:00+00:00","close_date":"2026-02-06 00:15:00+00:00","open_rate":72.27,"close_rate":68.6565,"fee_open":0.0005,"fee_close":0.0005,"trade_duration":0,"profit_ratio":-0.05094952523738132,"profit_abs":-12.37811652,"exit_reason":"stop_loss","initial_stop_loss_abs":68.6565,"initial_stop_loss_ratio":-0.05,"stop_loss_abs":68.6565,"stop_loss_ratio":-0.05,"min_rate":67.21,"max_rate":73.48,"is_open":false,"enter_tag":"","leverage":1,"is_short":false,"open_timestamp":1770336900000,"close_timestamp":1770336900000,"orders":[{"amount":3.36,"safe_price":72.27,"ft_order_side":"buy","order_filled_timestamp":1770336900000,"ft_is_entry":true,"ft_order_tag":"","cost":242.94861359999996},{"amount":3.36,"safe_price":68.6565,"ft_order_side":"sell","order_filled_timestamp":1770336900000,"ft_is_entry":false,"ft_order_tag":"stop_loss","cost":230.80118291999997}],"funding_fees":0.0,"weekday":4},{"pair":"DOGE/USDT:USDT","stake_amount":238.931,"max_stake_amount":238.931,"amount":2900.0,"open_date":"2026-02-06 00:15:00+00:00","close_date":"2026-02-06 00:15:00+00:00","open_rate":0.08239,"close_rate":0.08453321160580289,"fee_open":0.0005,"fee_close":0.0005,"trade_duration":0,"profit_ratio":0.02498750624687656,"profit_abs":5.973275,"exit_reason":"roi","initial_stop_loss_abs":0.07828,"initial_stop_loss_ratio":-0.05,"stop_loss_abs":0.07828,"stop_loss_ratio":-0.05,"min_rate":0.07991,"max_rate":0.08491,"is_open":false,"enter_tag":"","leverage":1,"is_short":false,"open_timestamp":1770336900000,"close_timestamp":1770336900000,"orders":[{"amount":2900.0,"safe_price":0.08239,"ft_order_side":"buy","order_filled_timestamp":1770336900000,"ft_is_entry":true,"ft_order_tag":"","cost":239.0504655},{"amount":2900.0,"safe_price":0.08453321160580289,"ft_order_side":"sell","order_filled_timestamp":1770336900000,"ft_is_entry":false,"ft_order_tag":"roi","cost":245.2688868136568}],"funding_fees":0.0,"weekday":4},{"pair":"ETH/USDT:USDT","stake_amount":242.10777,"max_stake_amount":242.10777,"amount":0.137,"open_date":"2026-02-06 00:15:00+00:00","close_date":"2026-02-06 00:30:00+00:00","open_rate":1767.21,"close_rate":1813.180445222611,"fee_open":0.0005,"fee_close":0.0005,"trade_duration":15,"profit_ratio":0.024987506246876564,"profit_abs":6.05269425,"exit_reason":"roi","initial_stop_loss_abs":1678.8495,"initial_stop_loss_ratio":-0.05,"stop_loss_abs":1678.8495,"stop_loss_ratio":-0.05,"min_rate":1740.0,"max_rate":1874.78,"is_open":false,"enter_tag":"","leverage":1,"is_short":false,"open_timestamp":1770336900000,"close_timestamp":1770337800000,"orders":[{"amount":0.137,"safe_price":1767.21,"ft_order_side":"buy","order_filled_timestamp":1770336900000,"ft_is_entry":true,"ft_order_tag":"","cost":242.228823885},{"amount":0.137,"safe_price":1813.180445222611,"ft_order_side":"sell","order_filled_timestamp":1770337800000,"ft_is_entry":false,"ft_order_tag":"roi","cost":248.5299238559955}],"funding_fees":0.0,"weekday":4},{"pair":"BTC/USDT:USDT","stake_amount":239.22288,"max_stake_amount":239.22288,"amount":0.0039,"open_date":"2026-02-06 00:30:00+00:00","close_date":"2026-02-06 00:30:00+00:00","open_rate":61339.2,"close_rate":62934.817008504244,"fee_open":0.0005,"fee_close":0.0005,"trade_duration":0,"profit_ratio":0.024987506246876564,"profit_abs":5.980572,"exit_reason":"roi","initial_stop_loss_abs":58272.24,"initial_stop_loss_ratio":-0.05,"stop_loss_abs":58272.24,"stop_loss_ratio":-0.05,"min_rate":61283.3,"max_rate":63391.2,"is_open":false,"enter_tag":"","leverage":1,"is_short":false,"open_timestamp":1770337800000,"close_timestamp":1770337800000,"orders":[{"amount":0.0039,"safe_price":61339.2,"ft_order_side":"buy","order_filled_timestamp":1770337800000,"ft_is_entry":true,"ft_order_tag":"","cost":239.34249143999998},{"amount":0.0039,"safe_price":62934.817008504244,"ft_order_side":"sell","order_filled_timestamp":1770337800000,"ft_is_entry":false,"ft_order_tag":"roi","cost":245.56850922633313}],"funding_fees":0.0,"weekday":4},{"pair":"SOL/USDT:USDT","stake_amount":244.6528,"max_stake_amount":244.6528,"amount":3.44,"open_date":"2026-02-06 00:30:00+00:00","close_date":"2026-02-06 00:30:00+00:00","open_rate":71.12,"close_rate":72.97004502251126,"fee_open":0.0005,"fee_close":0.0005,"trade_duration":0,"profit_ratio":0.02498750624687656,"profit_abs":6.11632,"exit_reason":"roi","initial_stop_loss_abs":67.56400000000001,"initial_stop_loss_ratio":-0.05,"stop_loss_abs":67.56400000000001,"stop_loss_ratio":-0.05,"min_rate":70.9,"max_rate":75.87,"is_open":false,"enter_tag":"","leverage":1,"is_short":false,"open_timestamp":1770337800000,"close_timestamp":1770337800000,"orders":[{"amount":3.44,"safe_price":71.12,"ft_order_side":"buy","order_filled_timestamp":1770337800000,"ft_is_entry":true,"ft_order_tag":"","cost":244.7751264},{"amount":3.44,"safe_price":72.97004502251126,"ft_order_side":"sell","order_filled_timestamp":1770337800000,"ft_is_entry":false,"ft_order_tag":"roi","cost":251.14246335487744}],"funding_fees":0.0,"weekday":4},{"pair":"DOGE/USDT:USDT","stake_amount":247.012,"max_stake_amount":247.012,"amount":2960.0,"open_date":"2026-02-06 00:30:00+00:00","close_date":"2026-02-06 00:30:00+00:00","open_rate":0.08345,"close_rate":0.08562078539269632,"fee_open":0.0005,"fee_close":0.0005,"trade_duration":0,"profit_ratio":0.024987506246876564,"profit_abs":6.1753,"exit_reason":"roi","initial_stop_loss_abs":0.07928,"initial_stop_loss_ratio":-0.05,"stop_loss_abs":0.07928,"stop_loss_ratio":-0.05,"min_rate":0.08317,"max_rate":0.08766,"is_open":false,"enter_tag":"","leverage":1,"is_short":false,"open_timestamp":1770337800000,"close_timestamp":1770337800000,"orders":[{"amount":2960.0,"safe_price":0.08345,"ft_order_side":"buy","order_filled_timestamp":1770337800000,"ft_is_entry":true,"ft_order_tag":"","cost":247.135506},{"amount":2960.0,"safe_price":0.08562078539269632,"ft_order_side":"sell","order_filled_timestamp":1770337800000,"ft_is_entry":false,"ft_order_tag":"roi","cost":253.5642435247623}],"funding_fees":0.0,"weekday":4},{"pair":"SOL/USDT:USDT","stake_amount":248.8672,"max_stake_amount":248.8672,"amount":3.32,"open_date":"2026-02-06 00:45:00+00:00","close_date":"2026-02-06 01:00:00+00:00","open_rate":74.96,"close_rate":76.90993496748374,"fee_open":0.0005,"fee_close":0.0005,"trade_duration":15,"profit_ratio":0.02498750624687656,"profit_abs":6.22168,"exit_reason":"roi","initial_stop_loss_abs":71.21199999999999,"initial_stop_loss_ratio":-0.05,"stop_loss_abs":71.21199999999999,"stop_loss_ratio":-0.05,"min_rate":74.58,"max_rate":77.41,"is_open":false,"enter_tag":"","leverage":1,"is_short":false,"open_timestamp":1770338700000,"close_timestamp":1770339600000,"orders":[{"amount":3.32,"safe_price":74.96,"ft_order_side":"buy","order_filled_timestamp":1770338700000,"ft_is_entry":true,"ft_order_tag":"","cost":248.99163359999994},{"amount":3.32,"safe_price":76.90993496748374,"ft_order_side":"sell","order_filled_timestamp":1770339600000,"ft_is_entry":false,"ft_order_tag":"roi","cost":255.468654584092}],"funding_fees":0.0,"weekday":4},{"pair":"ETH/USDT:USDT","stake_amount":249.37367,"max_stake_amount":249.37367,"amount":0.133,"open_date":"2026-02-06 08:30:00+00:00","close_date":"2026-02-06 09:45:00+00:00","open_rate":1874.99,"close_rate":1923.7641270635315,"fee_open":0.0005,"fee_close":0.0005,"trade_duration":75,"profit_ratio":0.02498750624687656,"profit_abs":6.23434175,"exit_reason":"roi","initial_stop_loss_abs":1781.2404999999999,"initial_stop_loss_ratio":-0.05,"stop_loss_abs":1781.2404999999999,"stop_loss_ratio":-0.05,"min_rate":1865.22,"max_rate":1929.05,"is_open":false,"enter_tag":"","leverage":1,"is_short":false,"open_timestamp":1770366600000,"close_timestamp":1770371100000,"orders":[{"amount":0.133,"safe_price":1874.99,"ft_order_side":"buy","order_filled_timestamp":1770366600000,"ft_is_entry":true,"ft_order_tag":"","cost":249.49835683499998},{"amount":0.133,"safe_price":1923.7641270635315,"ft_order_side":"sell","order_filled_timestamp":1770371100000,"ft_is_entry":false,"ft_order_tag":"roi","cost":255.9885592138994}],"funding_fees":0.0,"weekday":4},{"pair":"BTC/USDT:USDT","stake_amount":251.37356,"max_stake_amount":251.37356,"amount":0.0037,"open_date":"2026-02-07 07:15:00+00:00","close_date":"2026-02-07 12:15:00+00:00","open_rate":67938.8,"close_rate":69706.09244622312,"fee_open":0.0005,"fee_close":0.0005,"trade_duration":300,"profit_ratio":0.024932079162388338,"profit_abs":6.27039913,"exit_reason":"roi","initial_stop_loss_abs":64541.86,"initial_stop_loss_ratio":-0.05,"stop_loss_abs":64541.86,"stop_loss_ratio":-0.05,"min_rate":67320.1,"max_rate":69991.8,"is_open":false,"enter_tag":"","leverage":1,"is_short":false,"open_timestamp":1770448500000,"close_timestamp":1770466500000,"orders":[{"amount":0.0037,"safe_price":67938.8,"ft_order_side":"buy","order_filled_timestamp":1770448500000,"ft_is_entry":true,"ft_order_tag":"","cost":251.49924678000002},{"amount":0.0037,"safe_price":69706.09244622312,"ft_order_side":"sell","order_filled_timestamp":1770466500000,"ft_is_entry":false,"ft_order_tag":"roi","cost":258.0414983220511}],"funding_fees":-0.013939870307395142,"weekday":5},{"pair":"ETH/USDT:USDT","stake_amount":251.73672,"max_stake_amount":251.73672,"amount":0.123,"open_date":"2026-02-07 07:00:00+00:00","close_date":"2026-02-07 12:30:00+00:00","open_rate":2046.64,"close_rate":2054.0,"fee_open":0.0005,"fee_close":0.0005,"trade_duration":330,"profit_ratio":0.0025939943056019184,"profit_abs":0.65333012,"exit_reason":"exit_signal","initial_stop_loss_abs":1944.308,"initial_stop_loss_ratio":-0.05,"stop_loss_abs":1944.308,"stop_loss_ratio":-0.05,"min_rate":1993.55,"max_rate":2075.8,"is_open":false,"enter_tag":"","leverage":1,"is_short":false,"open_timestamp":1770447600000,"close_timestamp":1770467400000,"orders":[{"amount":0.123,"safe_price":2046.64,"ft_order_side":"buy","order_filled_timestamp":1770447600000,"ft_is_entry":true,"ft_order_tag":"","cost":251.86258836000002},{"amount":0.123,"safe_price":2054.0,"ft_order_side":"sell","order_filled_timestamp":1770467400000,"ft_is_entry":false,"ft_order_tag":"exit_signal","cost":252.768321}],"funding_fees":0.0002394773618641367,"weekday":5},{"pair":"SOL/USDT:USDT","stake_amount":252.5367,"max_stake_amount":252.5367,"amount":2.93,"open_date":"2026-02-07 07:00:00+00:00","close_date":"2026-02-07 16:15:00+00:00","open_rate":86.19,"close_rate":87.16,"fee_open":0.0005,"fee_close":0.0005,"trade_duration":555,"profit_ratio":0.010511044841051398,"profit_abs":2.65575179,"exit_reason":"exit_signal","initial_stop_loss_abs":81.8805,"initial_stop_loss_ratio":-0.05,"stop_loss_abs":81.8805,"stop_loss_ratio":-0.05,"min_rate":84.12,"max_rate":88.09,"is_open":false,"enter_tag":"","leverage":1,"is_short":false,"open_timestamp":1770447600000,"close_timestamp":1770480900000,"orders":[{"amount":2.93,"safe_price":86.19,"ft_order_side":"buy","order_filled_timestamp":1770447600000,"ft_is_entry":true,"ft_order_tag":"","cost":252.66296834999997},{"amount":2.93,"safe_price":87.16,"ft_order_side":"sell","order_filled_timestamp":1770480900000,"ft_is_entry":false,"ft_order_tag":"exit_signal","cost":255.5064894}],"funding_fees":0.06760954042162295,"weekday":5},{"pair":"ETH/USDT:USDT","stake_amount":256.04295,"max_stake_amount":256.04295,"amount":0.123,"open_date":"2026-02-09 00:30:00+00:00","close_date":"2026-02-09 16:45:00+00:00","open_rate":2081.65,"close_rate":2080.1,"fee_open":0.0005,"fee_close":0.0005,"trade_duration":975,"profit_ratio":-0.001880210615694235,"profit_abs":-0.48165538,"exit_reason":"exit_signal","initial_stop_loss_abs":1977.5674999999999,"initial_stop_loss_ratio":-0.05,"stop_loss_abs":1977.5674999999999,"stop_loss_ratio":-0.05,"min_rate":2007.59,"max_rate":2108.98,"is_open":false,"enter_tag":"","leverage":1,"is_short":false,"open_timestamp":1770597000000,"close_timestamp":1770655500000,"orders":[{"amount":0.123,"safe_price":2081.65,"ft_order_side":"buy","order_filled_timestamp":1770597000000,"ft_is_entry":true,"ft_order_tag":"","cost":256.170971475},{"amount":0.123,"safe_price":2080.1,"ft_order_side":"sell","order_filled_timestamp":1770655500000,"ft_is_entry":false,"ft_order_tag":"exit_signal","cost":255.98022614999996}],"funding_fees":-0.03505775048297664,"weekday":0},{"pair":"BTC/USDT:USDT","stake_amount":251.14732,"max_stake_amount":251.14732,"amount":0.0038,"open_date":"2026-02-11 15:15:00+00:00","close_date":"2026-02-11 19:15:00+00:00","open_rate":66091.4,"close_rate":67600.5,"fee_open":0.0005,"fee_close":0.0005,"trade_duration":240,"profit_ratio":0.021783483965470564,"profit_abs":5.47359905,"exit_reason":"exit_signal","initial_stop_loss_abs":62786.829999999994,"initial_stop_loss_ratio":-0.05,"stop_loss_abs":62786.829999999994,"stop_loss_ratio":-0.05,"min_rate":65836.0,"max_rate":67730.0,"is_open":false,"enter_tag":"","leverage":1,"is_short":false,"open_timestamp":1770822900000,"close_timestamp":1770837300000,"orders":[{"amount":0.0038,"safe_price":66091.4,"ft_order_side":"buy","order_filled_timestamp":1770822900000,"ft_is_entry":true,"ft_order_tag":"","cost":251.27289365999997},{"amount":0.0038,"safe_price":67600.5,"ft_order_side":"sell","order_filled_timestamp":1770837300000,"ft_is_entry":false,"ft_order_tag":"exit_signal","cost":257.01034094999994}],"funding_fees":-0.006966338769168023,"weekday":2},{"pair":"ETH/USDT:USDT","stake_amount":254.93972,"max_stake_amount":254.93972,"amount":0.133,"open_date":"2026-02-11 15:15:00+00:00","close_date":"2026-02-11 21:15:00+00:00","open_rate":1916.84,"close_rate":1966.7027713856926,"fee_open":0.0005,"fee_close":0.0005,"trade_duration":360,"profit_ratio":0.025064459107849282,"profit_abs":6.39312115,"exit_reason":"roi","initial_stop_loss_abs":1820.9979999999998,"initial_stop_loss_ratio":-0.05,"stop_loss_abs":1820.9979999999998,"stop_loss_ratio":-0.05,"min_rate":1907.35,"max_rate":1977.32,"is_open":false,"enter_tag":"","leverage":1,"is_short":false,"open_timestamp":1770822900000,"close_timestamp":1770844500000,"orders":[{"amount":0.133,"safe_price":1916.84,"ft_order_side":"buy","order_filled_timestamp":1770822900000,"ft_is_entry":true,"ft_order_tag":"","cost":255.06718985999998},{"amount":0.133,"safe_price":1966.7027713856926,"ft_order_side":"sell","order_filled_timestamp":1770844500000,"ft_is_entry":false,"ft_order_tag":"roi","cost":261.7022543285943}],"funding_fees":0.019628154977596235,"weekday":2},{"pair":"SOL/USDT:USDT","stake_amount":255.648,"max_stake_amount":255.648,"amount":3.2,"open_date":"2026-02-11 15:00:00+00:00","close_date":"2026-02-12 09:15:00+00:00","open_rate":79.89,"close_rate":81.25,"fee_open":0.0005,"fee_close":0.0005,"trade_duration":1095,"profit_ratio":0.01632062059156928,"profit_abs":4.17442018,"exit_reason":"exit_signal","initial_stop_loss_abs":75.8955,"initial_stop_loss_ratio":-0.05,"stop_loss_abs":75.8955,"stop_loss_ratio":-0.05,"min_rate":77.94,"max_rate":81.72,"is_open":false,"enter_tag":"","leverage":1,"is_short":false,"open_timestamp":1770822000000,"close_timestamp":1770887700000,"orders":[{"amount":3.2,"safe_price":79.89,"ft_order_side":"buy","order_filled_timestamp":1770822000000,"ft_is_entry":true,"ft_order_tag":"","cost":255.775824},{"amount":3.2,"safe_price":81.25,"ft_order_side":"sell","order_filled_timestamp":1770887700000,"ft_is_entry":false,"ft_order_tag":"exit_signal","cost":260.13}],"funding_fees":0.08024418009341369,"weekday":3},{"pair":"DOGE/USDT:USDT","stake_amount":261.3754,"max_stake_amount":261.3754,"amount":2860.0,"open_date":"2026-02-12 16:30:00+00:00","close_date":"2026-02-12 23:00:00+00:00","open_rate":0.09139,"close_rate":0.09257,"fee_open":0.0005,"fee_close":0.0005,"trade_duration":390,"profit_ratio":0.011899291627848401,"profit_abs":3.1117372,"exit_reason":"exit_signal","initial_stop_loss_abs":0.08683,"initial_stop_loss_ratio":-0.05,"stop_loss_abs":0.08683,"stop_loss_ratio":-0.05,"min_rate":0.09063,"max_rate":0.09305,"is_open":false,"enter_tag":"","leverage":1,"is_short":false,"open_timestamp":1770913800000,"close_timestamp":1770937200000,"orders":[{"amount":2860.0,"safe_price":0.09139,"ft_order_side":"buy","order_filled_timestamp":1770913800000,"ft_is_entry":true,"ft_order_tag":"","cost":261.5060877},{"amount":2860.0,"safe_price":0.09257,"ft_order_side":"sell","order_filled_timestamp":1770937200000,"ft_is_entry":false,"ft_order_tag":"exit_signal","cost":264.8825751}],"funding_fees":0.0,"weekday":3},{"pair":"ETH/USDT:USDT","stake_amount":260.91192,"max_stake_amount":260.91192,"amount":0.136,"open_date":"2026-02-12 16:15:00+00:00","close_date":"2026-02-12 23:30:00+00:00","open_rate":1918.47,"close_rate":1947.78,"fee_open":0.0005,"fee_close":0.0005,"trade_duration":435,"profit_ratio":0.014263029082184422,"profit_abs":3.723255,"exit_reason":"exit_signal","initial_stop_loss_abs":1822.5465,"initial_stop_loss_ratio":-0.05,"stop_loss_abs":1822.5465,"stop_loss_ratio":-0.05,"min_rate":1895.34,"max_rate":1952.25,"is_open":false,"enter_tag":"","leverage":1,"is_short":false,"open_timestamp":1770912900000,"close_timestamp":1770939000000,"orders":[{"amount":0.136,"safe_price":1918.47,"ft_order_side":"buy","order_filled_timestamp":1770912900000,"ft_is_entry":true,"ft_order_tag":"","cost":261.04237596},{"amount":0.136,"safe_price":1947.78,"ft_order_side":"sell","order_filled_timestamp":1770939000000,"ft_is_entry":false,"ft_order_tag":"exit_signal","cost":265.03052904}],"funding_fees":0.0,"weekday":3},{"pair":"SOL/USDT:USDT","stake_amount":261.0282,"max_stake_amount":261.0282,"amount":3.26,"open_date":"2026-02-12 16:00:00+00:00","close_date":"2026-02-13 02:45:00+00:00","open_rate":80.07,"close_rate":78.8,"fee_open":0.0005,"fee_close":0.0005,"trade_duration":645,"profit_ratio":-0.016708919229588136,"profit_abs":-4.36367986,"exit_reason":"exit_signal","initial_stop_loss_abs":76.06649999999999,"initial_stop_loss_ratio":-0.05,"stop_loss_abs":76.06649999999999,"stop_loss_ratio":-0.05,"min_rate":76.54,"max_rate":80.17,"is_open":false,"enter_tag":"","leverage":1,"is_short":false,"open_timestamp":1770912000000,"close_timestamp":1770950700000,"orders":[{"amount":3.26,"safe_price":80.07,"ft_order_side":"buy","order_filled_timestamp":1770912000000,"ft_is_entry":true,"ft_order_tag":"","cost":261.15871409999994},{"amount":3.26,"safe_price":78.8,"ft_order_side":"sell","order_filled_timestamp":1770950700000,"ft_is_entry":false,"ft_order_tag":"exit_signal","cost":257.016444}],"funding_fees":0.03547823650851834,"weekday":4},{"pair":"DOGE/USDT:USDT","stake_amount":261.812,"max_stake_amount":261.812,"amount":2320.0,"open_date":"2026-02-15 10:45:00+00:00","close_date":"2026-02-15 13:45:00+00:00","open_rate":0.11285,"close_rate":0.10721,"fee_open":0.0005,"fee_close":0.0005,"trade_duration":180,"profit_ratio":-0.050927394078769214,"profit_abs":-13.3400696,"exit_reason":"stop_loss","initial_stop_loss_abs":0.10721,"initial_stop_loss_ratio":-0.05,"stop_loss_abs":0.10721,"stop_loss_ratio":-0.05,"min_rate":0.10702,"max_rate":0.11391,"is_open":false,"enter_tag":"","leverage":1,"is_short":false,"open_timestamp":1771152300000,"close_timestamp":1771163100000,"orders":[{"amount":2320.0,"safe_price":0.11285,"ft_order_side":"buy","order_filled_timestamp":1771152300000,"ft_is_entry":true,"ft_order_tag":"","cost":261.942906},{"amount":2320.0,"safe_price":0.10721,"ft_order_side":"sell","order_filled_timestamp":1771163100000,"ft_is_entry":false,"ft_order_tag":"stop_loss","cost":248.8515636}],"funding_fees":0.0,"weekday":6},{"pair":"DOGE/USDT:USDT","stake_amount":257.0445,"max_stake_amount":257.0445,"amount":2390.0,"open_date":"2026-02-15 14:00:00+00:00","close_date":"2026-02-15 20:00:00+00:00","open_rate":0.10755,"close_rate":0.10218,"fee_open":0.0005,"fee_close":0.0005,"trade_duration":360,"profit_ratio":-0.050979967942574506,"profit_abs":-13.11067243,"exit_reason":"stop_loss","initial_stop_loss_abs":0.10218,"initial_stop_loss_ratio":-0.05,"stop_loss_abs":0.10218,"stop_loss_ratio":-0.05,"min_rate":0.10208,"max_rate":0.10914,"is_open":false,"enter_tag":"","leverage":1,"is_short":false,"open_timestamp":1771164000000,"close_timestamp":1771185600000,"orders":[{"amount":2390.0,"safe_price":0.10755,"ft_order_side":"buy","order_filled_timestamp":1771164000000,"ft_is_entry":true,"ft_order_tag":"","cost":257.17302225000003},{"amount":2390.0,"safe_price":0.10218,"ft_order_side":"sell","order_filled_timestamp":1771185600000,"ft_is_entry":false,"ft_order_tag":"stop_loss","cost":244.3323051}],"funding_fees":-0.02574508,"weekday":6},{"pair":"DOGE/USDT:USDT","stake_amount":252.9135,"max_stake_amount":252.9135,"amount":2450.0,"open_date":"2026-02-15 20:15:00+00:00","close_date":"2026-02-16 09:45:00+00:00","open_rate":0.10323,"close_rate":0.10312,"fee_open":0.0005,"fee_close":0.0005,"trade_duration":810,"profit_ratio":-0.002091697164345172,"profit_abs":-0.52928296,"exit_reason":"exit_signal","initial_stop_loss_abs":0.09807,"initial_stop_loss_ratio":-0.05,"stop_loss_abs":0.09807,"stop_loss_ratio":-0.05,"min_rate":0.10111,"max_rate":0.10355,"is_open":false,"enter_tag":"","leverage":1,"is_short":false,"open_timestamp":1771186500000,"close_timestamp":1771235100000,"orders":[{"amount":2450.0,"safe_price":0.10323,"ft_order_side":"buy","order_filled_timestamp":1771186500000,"ft_is_entry":true,"ft_order_tag":"","cost":253.03995675},{"amount":2450.0,"safe_price":0.10312,"ft_order_side":"sell","order_filled_timestamp":1771235100000,"ft_is_entry":false,"ft_order_tag":"exit_signal","cost":252.770322}],"funding_fees":-0.007004207838355708,"weekday":0},{"pair":"SOL/USDT:USDT","stake_amount":252.8099,"max_stake_amount":252.8099,"amount":3.01,"open_date":"2026-02-16 15:00:00+00:00","close_date":"2026-02-16 21:00:00+00:00","open_rate":83.99,"close_rate":85.31,"fee_open":0.0005,"fee_close":0.0005,"trade_duration":360,"profit_ratio":0.01475077352275522,"profit_abs":3.73100615,"exit_reason":"exit_signal","initial_stop_loss_abs":79.7905,"initial_stop_loss_ratio":-0.05,"stop_loss_abs":79.7905,"stop_loss_ratio":-0.05,"min_rate":82.51,"max_rate":85.49,"is_open":false,"enter_tag":"","leverage":1,"is_short":false,"open_timestamp":1771254000000,"close_timestamp":1771275600000,"orders":[{"amount":3.01,"safe_price":83.99,"ft_order_side":"buy","order_filled_timestamp":1771254000000,"ft_is_entry":true,"ft_order_tag":"","cost":252.93630494999996},{"amount":3.01,"safe_price":85.31,"ft_order_side":"sell","order_filled_timestamp":1771275600000,"ft_is_entry":false,"ft_order_tag":"exit_signal","cost":256.91149155}],"funding_fees":0.012602651885859267,"weekday":0},{"pair":"ETH/USDT:USDT","stake_amount":251.56935,"max_stake_amount":251.56935,"amount":0.129,"open_date":"2026-02-16 15:45:00+00:00","close_date":"2026-02-16 21:00:00+00:00","open_rate":1950.15,"close_rate":1992.16,"fee_open":0.0005,"fee_close":0.0005,"trade_duration":315,"profit_ratio":0.020518567856579885,"profit_abs":5.1644237,"exit_reason":"exit_signal","initial_stop_loss_abs":1852.6425,"initial_stop_loss_ratio":-0.05,"stop_loss_abs":1852.6425,"stop_loss_ratio":-0.05,"min_rate":1947.37,"max_rate":1994.6,"is_open":false,"enter_tag":"","leverage":1,"is_short":false,"open_timestamp":1771256700000,"close_timestamp":1771275600000,"orders":[{"amount":0.129,"safe_price":1950.15,"ft_order_side":"buy","order_filled_timestamp":1771256700000,"ft_is_entry":true,"ft_order_tag":"","cost":251.695134675},{"amount":0.129,"safe_price":1992.16,"ft_order_side":"sell","order_filled_timestamp":1771275600000,"ft_is_entry":false,"ft_order_tag":"exit_signal","cost":257.11713432}],"funding_fees":-0.0005873082702151053,"weekday":0},{"pair":"DOGE/USDT:USDT","stake_amount":253.3608,"max_stake_amount":253.3608,"amount":2520.0,"open_date":"2026-02-16 13:30:00+00:00","close_date":"2026-02-17 13:15:00+00:00","open_rate":0.10054,"close_rate":0.10009,"fee_open":0.0005,"fee_close":0.0005,"trade_duration":1425,"profit_ratio":-0.005378081110154898,"profit_abs":-1.36327623,"exit_reason":"exit_signal","initial_stop_loss_abs":0.09552,"initial_stop_loss_ratio":-0.05,"stop_loss_abs":0.09552,"stop_loss_ratio":-0.05,"min_rate":0.09819,"max_rate":0.10135,"is_open":false,"enter_tag":"","leverage":1,"is_short":false,"open_timestamp":1771248600000,"close_timestamp":1771334100000,"orders":[{"amount":2520.0,"safe_price":0.10054,"ft_order_side":"buy","order_filled_timestamp":1771248600000,"ft_is_entry":true,"ft_order_tag":"","cost":253.4874804},{"amount":2520.0,"safe_price":0.10009,"ft_order_side":"sell","order_filled_timestamp":1771334100000,"ft_is_entry":false,"ft_order_tag":"exit_signal","cost":252.35291339999998}],"funding_fees":0.0235175720144376,"weekday":1},{"pair":"SOL/USDT:USDT","stake_amount":255.7548,"max_stake_amount":255.7548,"amount":3.06,"open_date":"2026-02-17 17:15:00+00:00","close_date":"2026-02-17 19:15:00+00:00","open_rate":83.58,"close_rate":85.52,"fee_open":0.0005,"fee_close":0.0005,"trade_duration":120,"profit_ratio":0.022188594623482705,"profit_abs":5.677677,"exit_reason":"exit_signal","initial_stop_loss_abs":79.401,"initial_stop_loss_ratio":-0.05,"stop_loss_abs":79.401,"stop_loss_ratio":-0.05,"min_rate":83.06,"max_rate":85.72,"is_open":false,"enter_tag":"","leverage":1,"is_short":false,"open_timestamp":1771348500000,"close_timestamp":1771355700000,"orders":[{"amount":3.06,"safe_price":83.58,"ft_order_side":"buy","order_filled_timestamp":1771348500000,"ft_is_entry":true,"ft_order_tag":"","cost":255.88267739999998},{"amount":3.06,"safe_price":85.52,"ft_order_side":"sell","order_filled_timestamp":1771355700000,"ft_is_entry":false,"ft_order_tag":"exit_signal","cost":261.82204559999997}],"funding_fees":0.0,"weekday":1}],"locks":[],"best_pair":{"key":"BTC/USDT:USDT","trades":10,"profit_mean":-0.0010293765428954333,"profit_mean_pct":-0.1,"profit_total_abs":-3.5019771200000003,"profit_total":-0.0035019771200000003,"profit_total_pct":-0.35,"duration_avg":"6:18:00","wins":7,"draws":0,"losses":3,"winrate":0.7,"cagr":-0.043193370394397634,"expectancy":-0.3501977120000004,"expectancy_ratio":-0.025620268009712177,"sortino":-3.919824122892925,"sharpe":-0.26011005746329174,"calmar":-5.70355384546301,"sqn":-0.1184,"profit_factor":0.9145991066342928,"max_drawdown_account":0.04044978268313906,"max_drawdown_abs":41.00632888},"worst_pair":{"key":"ETH/USDT:USDT","trades":24,"profit_mean":-0.0104599301630042,"profit_mean_pct":-1.05,"profit_total_abs":-81.41408835,"profit_total":-0.08141408835,"profit_total_pct":-8.14,"duration_avg":"5:34:00","wins":12,"draws":0,"losses":12,"winrate":0.5,"cagr":-0.6565860560687887,"expectancy":-3.39225368125,"expectancy_ratio":-0.26342115466999483,"sortino":-9.564338558236443,"sharpe":-5.167392722765499,"calmar":-46.06860183355765,"sqn":-1.5674,"profit_factor":0.47315769066001023,"max_drawdown_account":0.11642412073405745,"max_drawdown_abs":117.38211894000001},"results_per_pair":[{"key":"BTC/USDT:USDT","trades":10,"profit_mean":-0.0010293765428954333,"profit_mean_pct":-0.1,"profit_total_abs":-3.5019771200000003,"profit_total":-0.0035019771200000003,"profit_total_pct":-0.35,"duration_avg":"6:18:00","wins":7,"draws":0,"losses":3,"winrate":0.7,"cagr":-0.043193370394397634,"expectancy":-0.3501977120000004,"expectancy_ratio":-0.025620268009712177,"sortino":-3.919824122892925,"sharpe":-0.26011005746329174,"calmar":-5.70355384546301,"sqn":-0.1184,"profit_factor":0.9145991066342928,"max_drawdown_account":0.04044978268313906,"max_drawdown_abs":41.00632888},{"key":"SOL/USDT:USDT","trades":24,"profit_mean":-0.008922023552429477,"profit_mean_pct":-0.89,"profit_total_abs":-65.5957242,"profit_total":-0.06559572420000001,"profit_total_pct":-6.56,"duration_avg":"5:46:00","wins":13,"draws":0,"losses":11,"winrate":0.5416666666666666,"cagr":-0.5742593571068574,"expectancy":-2.7331551750000003,"expectancy_ratio":-0.21448297538220507,"sortino":-9.06963976082147,"sharpe":-4.367326636086312,"calmar":-41.25511507244683,"sqn":-1.3247,"profit_factor":0.5320371446206436,"max_drawdown_account":0.10474810206125826,"max_drawdown_abs":106.49604934000001},{"key":"DOGE/USDT:USDT","trades":19,"profit_mean":-0.012911458791257442,"profit_mean_pct":-1.29,"profit_total_abs":-68.47036055,"profit_total":-0.06847036055,"profit_total_pct":-6.85,"duration_avg":"6:54:00","wins":9,"draws":0,"losses":10,"winrate":0.47368421052631576,"cagr":-0.5904536927865892,"expectancy":-3.6037031868421043,"expectancy_ratio":-0.3047444590719931,"sortino":-8.07525949165868,"sharpe":-4.6180504822009185,"calmar":-53.720366163746405,"sqn":-1.5653,"profit_factor":0.4209855277632131,"max_drawdown_account":0.08396766665234537,"max_drawdown_abs":85.38821981999999},{"key":"ETH/USDT:USDT","trades":24,"profit_mean":-0.0104599301630042,"profit_mean_pct":-1.05,"profit_total_abs":-81.41408835,"profit_total":-0.08141408835,"profit_total_pct":-8.14,"duration_avg":"5:34:00","wins":12,"draws":0,"losses":12,"winrate":0.5,"cagr":-0.6565860560687887,"expectancy":-3.39225368125,"expectancy_ratio":-0.26342115466999483,"sortino":-9.564338558236443,"sharpe":-5.167392722765499,"calmar":-46.06860183355765,"sqn":-1.5674,"profit_factor":0.47315769066001023,"max_drawdown_account":0.11642412073405745,"max_drawdown_abs":117.38211894000001},{"key":"TOTAL","trades":77,"profit_mean":-0.00936075807315914,"profit_mean_pct":-0.94,"profit_total_abs":-218.98215021999997,"profit_total":-0.21898215021999998,"profit_total_pct":-21.9,"duration_avg":"6:03:00","wins":41,"draws":0,"losses":36,"winrate":0.5324675324675324,"cagr":-0.9554334896589575,"expectancy":-2.843924028831169,"expectancy_ratio":-0.22552692290024334,"sortino":-28.072376831981018,"sharpe":-14.506170816497532,"calmar":-47.35987244675595,"sqn":-2.493,"profit_factor":0.5176229704633687,"max_drawdown_account":0.3046117321018054,"max_drawdown_abs":317.3305224}],"results_per_enter_tag":[{"key":"","trades":77,"profit_mean":-0.00936075807315914,"profit_mean_pct":-0.94,"profit_total_abs":-218.98215021999997,"profit_total":-0.21898215021999998,"profit_total_pct":-21.9,"duration_avg":"6:03:00","wins":41,"draws":0,"losses":36,"winrate":0.5324675324675324,"cagr":-0.9554334896589575,"expectancy":-2.843924028831169,"expectancy_ratio":-0.22552692290024334,"sortino":-28.072376831981018,"sharpe":-14.506170816497532,"calmar":-47.35987244675595,"sqn":-2.493,"profit_factor":0.5176229704633687,"max_drawdown_account":0.3046117321018054,"max_drawdown_abs":317.3305224},{"key":"TOTAL","trades":77,"profit_mean":-0.00936075807315914,"profit_mean_pct":-0.94,"profit_total_abs":-218.98215021999997,"profit_total":-0.21898215021999998,"profit_total_pct":-21.9,"duration_avg":"6:03:00","wins":41,"draws":0,"losses":36,"winrate":0.5324675324675324,"cagr":-0.9554334896589575,"expectancy":-2.843924028831169,"expectancy_ratio":-0.22552692290024334,"sortino":-28.072376831981018,"sharpe":-14.506170816497532,"calmar":-47.35987244675595,"sqn":-2.493,"profit_factor":0.5176229704633687,"max_drawdown_account":0.3046117321018054,"max_drawdown_abs":317.3305224}],"exit_reason_summary":[{"key":"roi","trades":27,"profit_mean":0.02500715470173076,"profit_mean_pct":2.5,"profit_total_abs":191.45902341,"profit_total":0.19145902340999998,"profit_total_pct":19.15,"duration_avg":"1:44:00","wins":27,"draws":0,"losses":0,"winrate":1.0,"cagr":8.068749960358206,"expectancy":7.091074941111111,"expectancy_ratio":100.0,"sortino":-100,"sharpe":148.4582748799826,"calmar":-100,"sqn":42.5578,"profit_factor":0.0,"max_drawdown_account":0.0,"max_drawdown_abs":0.0},{"key":"exit_signal","trades":20,"profit_mean":0.006546553400910709,"profit_mean_pct":0.65,"profit_total_abs":33.99817522,"profit_total":0.03399817522,"profit_total_pct":3.4,"duration_avg":"11:48:00","wins":14,"draws":0,"losses":6,"winrate":0.7,"cagr":0.5231716876782806,"expectancy":1.699908761,"expectancy_ratio":1.0707676273128213,"sortino":16.703751492555796,"sharpe":8.072221653312157,"calmar":469.5096979044165,"sqn":2.6705,"profit_factor":4.56922542437607,"max_drawdown_account":0.004770451391288143,"max_drawdown_abs":4.892962820000001},{"key":"stop_loss","trades":30,"profit_mean":-0.05089675388660661,"profit_mean_pct":-5.09,"profit_total_abs":-444.43934885,"profit_total":-0.44443934884999997,"profit_total_pct":-44.44,"duration_avg":"6:06:00","wins":0,"draws":0,"losses":30,"winrate":0.0,"cagr":-0.9993874556037207,"expectancy":-14.814644961666666,"expectancy_ratio":-1.0,"sortino":-198.66001946101045,"sharpe":-198.66001946101045,"calmar":-65.87921784325103,"sqn":-54.1302,"profit_factor":0.0,"max_drawdown_account":0.44443934884999997,"max_drawdown_abs":444.43934885000004},{"key":"TOTAL","trades":77,"profit_mean":-0.00936075807315914,"profit_mean_pct":-0.94,"profit_total_abs":-218.98215021999997,"profit_total":-0.21898215021999998,"profit_total_pct":-21.9,"duration_avg":"6:03:00","wins":41,"draws":0,"losses":36,"winrate":0.5324675324675324,"cagr":-0.9554334896589575,"expectancy":-2.843924028831169,"expectancy_ratio":-0.22552692290024334,"sortino":-28.072376831981018,"sharpe":-14.506170816497532,"calmar":-47.35987244675595,"sqn":-2.493,"profit_factor":0.5176229704633687,"max_drawdown_account":0.3046117321018054,"max_drawdown_abs":317.3305224}],"mix_tag_stats":[{"key":["","roi"],"trades":27,"profit_mean":0.02500715470173076,"profit_mean_pct":2.5,"profit_total_abs":191.45902341,"profit_total":0.19145902340999998,"profit_total_pct":19.15,"duration_avg":"1:44:00","wins":27,"draws":0,"losses":0,"winrate":1.0,"cagr":8.068749960358206,"expectancy":7.091074941111111,"expectancy_ratio":100.0,"sortino":-100,"sharpe":148.4582748799826,"calmar":-100,"sqn":42.5578,"profit_factor":0.0,"max_drawdown_account":0.0,"max_drawdown_abs":0.0},{"key":["","exit_signal"],"trades":20,"profit_mean":0.006546553400910709,"profit_mean_pct":0.65,"profit_total_abs":33.99817522,"profit_total":0.03399817522,"profit_total_pct":3.4,"duration_avg":"11:48:00","wins":14,"draws":0,"losses":6,"winrate":0.7,"cagr":0.5231716876782806,"expectancy":1.699908761,"expectancy_ratio":1.0707676273128213,"sortino":16.703751492555796,"sharpe":8.072221653312157,"calmar":469.5096979044165,"sqn":2.6705,"profit_factor":4.56922542437607,"max_drawdown_account":0.004770451391288143,"max_drawdown_abs":4.892962820000001},{"key":["","stop_loss"],"trades":30,"profit_mean":-0.05089675388660661,"profit_mean_pct":-5.09,"profit_total_abs":-444.43934885,"profit_total":-0.44443934884999997,"profit_total_pct":-44.44,"duration_avg":"6:06:00","wins":0,"draws":0,"losses":30,"winrate":0.0,"cagr":-0.9993874556037207,"expectancy":-14.814644961666666,"expectancy_ratio":-1.0,"sortino":-198.66001946101045,"sharpe":-198.66001946101045,"calmar":-65.87921784325103,"sqn":-54.1302,"profit_factor":0.0,"max_drawdown_account":0.44443934884999997,"max_drawdown_abs":444.43934885000004},{"key":"TOTAL","trades":77,"profit_mean":-0.00936075807315914,"profit_mean_pct":-0.94,"profit_total_abs":-218.98215021999997,"profit_total":-0.21898215021999998,"profit_total_pct":-21.9,"duration_avg":"6:03:00","wins":41,"draws":0,"losses":36,"winrate":0.5324675324675324,"cagr":-0.9554334896589575,"expectancy":-2.843924028831169,"expectancy_ratio":-0.22552692290024334,"sortino":-28.072376831981018,"sharpe":-14.506170816497532,"calmar":-47.35987244675595,"sqn":-2.493,"profit_factor":0.5176229704633687,"max_drawdown_account":0.3046117321018054,"max_drawdown_abs":317.3305224}],"left_open_trades":[{"key":"TOTAL","trades":0,"profit_mean":0.0,"profit_mean_pct":0.0,"profit_total_abs":0.0,"profit_total":0.0,"profit_total_pct":0.0,"duration_avg":"0:00","wins":0,"draws":0,"losses":0,"winrate":0.0,"cagr":0.0,"expectancy":0.0,"expectancy_ratio":100.0,"sortino":0,"sharpe":0,"calmar":0,"sqn":0.0,"profit_factor":0.0,"max_drawdown_account":0.0,"max_drawdown_abs":0.0}],"total_trades":77,"trade_count_long":77,"trade_count_short":0,"total_volume":43692.7138708664,"avg_stake_amount":284.8638932467532,"profit_mean":-0.00936075807315914,"profit_median":0.0025939943056019184,"profit_total":-0.21898215021999998,"profit_total_long":-0.21898215021999998,"profit_total_short":0.0,"profit_total_abs":-218.98215021999997,"profit_total_long_abs":-218.98215021999997,"profit_total_short_abs":0.0,"cagr":-0.9554334896589575,"expectancy":-2.843924028831169,"expectancy_ratio":-0.22552692290024334,"sortino":-28.072376831981018,"sharpe":-14.506170816497532,"calmar":-47.35987244675595,"sqn":-2.493,"profit_factor":0.5176229704633687,"backtest_start":"2026-01-21 01:00:00","backtest_start_ts":1768957200000,"backtest_end":"2026-02-20 00:00:00","backtest_end_ts":1771545600000,"backtest_days":29,"backtest_run_start_ts":1771558984,"backtest_run_end_ts":1771558986,"trades_per_day":2.66,"market_change":-0.28791188165259385,"pairlist":["BTC/USDT:USDT","ETH/USDT:USDT","SOL/USDT:USDT","DOGE/USDT:USDT"],"stake_amount":"unlimited","stake_currency":"USDT","stake_currency_decimals":3,"starting_balance":1000,"dry_run_wallet":1000,"final_balance":781.01784978,"rejected_signals":68,"timedout_entry_orders":0,"timedout_exit_orders":0,"canceled_trade_entries":0,"canceled_entry_orders":0,"replaced_entry_orders":0,"max_open_trades":3,"max_open_trades_setting":3,"timeframe":"15m","timeframe_detail":"","timerange":"20260120-20260220","enable_protections":false,"strategy_name":"GridFuturesStrategy","freqaimodel":null,"freqai_identifier":null,"stoploss":-0.05,"trailing_stop":false,"trailing_stop_positive":null,"trailing_stop_positive_offset":0.0,"trailing_only_offset_is_reached":false,"use_custom_stoploss":false,"minimal_roi":{"0":0.025},"use_exit_signal":true,"exit_profit_only":false,"exit_profit_offset":0.0,"ignore_roi_if_entry_signal":false,"trading_mode":"futures","margin_mode":"isolated","periodic_breakdown":{"day":[{"date":"21/01/2026","date_ts":1768953600000,"profit_abs":24.69314,"wins":3,"draws":0,"losses":0,"trades":3,"profit_factor":0.0},{"date":"22/01/2026","date_ts":1769040000000,"profit_abs":0.0,"wins":0,"draws":0,"losses":0,"trades":0,"profit_factor":0.0},{"date":"23/01/2026","date_ts":1769126400000,"profit_abs":0.0,"wins":0,"draws":0,"losses":0,"trades":0,"profit_factor":0.0},{"date":"24/01/2026","date_ts":1769212800000,"profit_abs":0.0,"wins":0,"draws":0,"losses":0,"trades":0,"profit_factor":0.0},{"date":"25/01/2026","date_ts":1769299200000,"profit_abs":0.0,"wins":0,"draws":0,"losses":0,"trades":0,"profit_factor":0.0},{"date":"26/01/2026","date_ts":1769385600000,"profit_abs":8.46820988,"wins":1,"draws":0,"losses":0,"trades":1,"profit_factor":0.0},{"date":"27/01/2026","date_ts":1769472000000,"profit_abs":0.0,"wins":0,"draws":0,"losses":0,"trades":0,"profit_factor":0.0},{"date":"28/01/2026","date_ts":1769558400000,"profit_abs":0.0,"wins":0,"draws":0,"losses":0,"trades":0,"profit_factor":0.0},{"date":"29/01/2026","date_ts":1769644800000,"profit_abs":0.0,"wins":0,"draws":0,"losses":0,"trades":0,"profit_factor":0.0},{"date":"30/01/2026","date_ts":1769731200000,"profit_abs":5.88470862,"wins":2,"draws":0,"losses":2,"trades":4,"profit_factor":3.11112846},{"date":"31/01/2026","date_ts":1769817600000,"profit_abs":-94.32934412,"wins":3,"draws":0,"losses":7,"trades":10,"profit_factor":0.19349096},{"date":"01/02/2026","date_ts":1769904000000,"profit_abs":-22.81602234,"wins":2,"draws":0,"losses":2,"trades":4,"profit_factor":0.26900716},{"date":"02/02/2026","date_ts":1769990400000,"profit_abs":14.50043705,"wins":5,"draws":0,"losses":1,"trades":6,"profit_factor":1.93792394},{"date":"03/02/2026","date_ts":1770076800000,"profit_abs":6.85138681,"wins":3,"draws":0,"losses":1,"trades":4,"profit_factor":1.43815149},{"date":"04/02/2026","date_ts":1770163200000,"profit_abs":-46.69569195,"wins":0,"draws":0,"losses":3,"trades":3,"profit_factor":0.0},{"date":"05/02/2026","date_ts":1770249600000,"profit_abs":-114.31133663,"wins":3,"draws":0,"losses":9,"trades":12,"profit_factor":0.10820073},{"date":"06/02/2026","date_ts":1770336000000,"profit_abs":-15.06772155,"wins":8,"draws":0,"losses":5,"trades":13,"profit_factor":0.76398694},{"date":"07/02/2026","date_ts":1770422400000,"profit_abs":9.57948104,"wins":3,"draws":0,"losses":0,"trades":3,"profit_factor":0.0},{"date":"08/02/2026","date_ts":1770508800000,"profit_abs":0.0,"wins":0,"draws":0,"losses":0,"trades":0,"profit_factor":0.0},{"date":"09/02/2026","date_ts":1770595200000,"profit_abs":-0.48165538,"wins":0,"draws":0,"losses":1,"trades":1,"profit_factor":0.0},{"date":"10/02/2026","date_ts":1770681600000,"profit_abs":0.0,"wins":0,"draws":0,"losses":0,"trades":0,"profit_factor":0.0},{"date":"11/02/2026","date_ts":1770768000000,"profit_abs":11.8667202,"wins":2,"draws":0,"losses":0,"trades":2,"profit_factor":0.0},{"date":"12/02/2026","date_ts":1770854400000,"profit_abs":11.00941238,"wins":3,"draws":0,"losses":0,"trades":3,"profit_factor":0.0},{"date":"13/02/2026","date_ts":1770940800000,"profit_abs":-4.36367986,"wins":0,"draws":0,"losses":1,"trades":1,"profit_factor":0.0},{"date":"14/02/2026","date_ts":1771027200000,"profit_abs":0.0,"wins":0,"draws":0,"losses":0,"trades":0,"profit_factor":0.0},{"date":"15/02/2026","date_ts":1771113600000,"profit_abs":-26.45074203,"wins":0,"draws":0,"losses":2,"trades":2,"profit_factor":0.0},{"date":"16/02/2026","date_ts":1771200000000,"profit_abs":8.36614689,"wins":2,"draws":0,"losses":1,"trades":3,"profit_factor":16.80656761},{"date":"17/02/2026","date_ts":1771286400000,"profit_abs":4.31440077,"wins":1,"draws":0,"losses":1,"trades":2,"profit_factor":4.1647297}],"week":[{"date":"26/01/2026","date_ts":1769385600000,"profit_abs":33.16134988,"wins":4,"draws":0,"losses":0,"trades":4,"profit_factor":0.0},{"date":"02/02/2026","date_ts":1769990400000,"profit_abs":-96.76022079,"wins":12,"draws":0,"losses":12,"trades":24,"profit_factor":0.41857833},{"date":"09/02/2026","date_ts":1770595200000,"profit_abs":-160.12553766,"wins":17,"draws":0,"losses":19,"trades":36,"profit_factor":0.37165676},{"date":"16/02/2026","date_ts":1771200000000,"profit_abs":0.42785758,"wins":7,"draws":0,"losses":4,"trades":11,"profit_factor":1.01365051},{"date":"23/02/2026","date_ts":1771804800000,"profit_abs":4.31440077,"wins":1,"draws":0,"losses":1,"trades":2,"profit_factor":4.1647297}],"month":[{"date":"31/01/2026","date_ts":1769817600000,"profit_abs":-55.28328562,"wins":9,"draws":0,"losses":9,"trades":18,"profit_factor":0.53833464},{"date":"28/02/2026","date_ts":1772236800000,"profit_abs":-163.6988646,"wins":32,"draws":0,"losses":27,"trades":59,"profit_factor":0.51020213}],"year":[{"date":"31/12/2026","date_ts":1798675200000,"profit_abs":-218.98215022,"wins":41,"draws":0,"losses":36,"trades":77,"profit_factor":0.51762297}],"weekday":[{"date":"Monday","date_ts":0,"profit_abs":30.85313844,"wins":8,"draws":0,"losses":3,"trades":11,"profit_factor":2.87317033},{"date":"Tuesday","date_ts":1,"profit_abs":11.16578758,"wins":4,"draws":0,"losses":2,"trades":6,"profit_factor":1.65679931},{"date":"Wednesday","date_ts":2,"profit_abs":-10.13583175,"wins":5,"draws":0,"losses":3,"trades":8,"profit_factor":0.78293861},{"date":"Thursday","date_ts":3,"profit_abs":-103.30192425,"wins":6,"draws":0,"losses":9,"trades":15,"profit_factor":0.1940906},{"date":"Friday","date_ts":4,"profit_abs":-13.54669279,"wins":10,"draws":0,"losses":8,"trades":18,"profit_factor":0.8091851},{"date":"Saturday","date_ts":5,"profit_abs":-84.74986308,"wins":6,"draws":0,"losses":7,"trades":13,"profit_factor":0.27539483},{"date":"Sunday","date_ts":6,"profit_abs":-49.26676437,"wins":2,"draws":0,"losses":4,"trades":6,"profit_factor":0.14561045}]},"backtest_best_day":0.07496251874062969,"backtest_worst_day":-0.4065530609560791,"backtest_best_day_abs":24.69314,"backtest_worst_day_abs":-114.31133663,"winning_days":10,"draw_days":10,"losing_days":8,"daily_profit":[["2026-01-21",24.69314],["2026-01-22",0.0],["2026-01-23",0.0],["2026-01-24",0.0],["2026-01-25",0.0],["2026-01-26",8.46820988],["2026-01-27",0.0],["2026-01-28",0.0],["2026-01-29",0.0],["2026-01-30",5.88470862],["2026-01-31",-94.32934412],["2026-02-01",-22.81602234],["2026-02-02",14.50043705],["2026-02-03",6.85138681],["2026-02-04",-46.69569195],["2026-02-05",-114.31133663],["2026-02-06",-15.06772155],["2026-02-07",9.57948104],["2026-02-08",0.0],["2026-02-09",-0.48165538],["2026-02-10",0.0],["2026-02-11",11.8667202],["2026-02-12",11.00941238],["2026-02-13",-4.36367986],["2026-02-14",0.0],["2026-02-15",-26.45074203],["2026-02-16",8.36614689],["2026-02-17",4.31440077]],"wins":41,"losses":36,"draws":0,"winrate":0.5324675324675324,"holding_avg":"6:03:00","holding_avg_s":21780.0,"winner_holding_min":"0d 00:00","winner_holding_min_s":0.0,"winner_holding_max":"0d 20:00","winner_holding_max_s":72000.0,"winner_holding_avg":"0d 04:26","winner_holding_avg_s":15960.0,"loser_holding_min":"0d 00:00","loser_holding_min_s":0.0,"loser_holding_max":"0d 23:45","loser_holding_max_s":85500.0,"loser_holding_avg":"0d 07:54","loser_holding_avg_s":28440.0,"max_consecutive_wins":10,"max_consecutive_losses":7,"max_drawdown_account":0.3046117321018054,"max_relative_drawdown":0.3046117321018054,"max_drawdown_abs":317.3305224,"drawdown_start":"2026-01-30 00:00:00","drawdown_start_ts":1769731200000.0,"drawdown_end":"2026-02-06 00:15:00","drawdown_end_ts":1770336900000.0,"drawdown_duration":"7 days 00:15:00","drawdown_duration_s":605700.0,"max_drawdown_low":-275.57641723,"max_drawdown_high":41.75410517,"csum_min":724.4235827699999,"csum_max":1041.75410517}},"strategy_comparison":[{"key":"GridFuturesStrategy","trades":77,"profit_mean":-0.00936075807315914,"profit_mean_pct":-0.94,"profit_total_abs":-218.98215021999997,"profit_total":-0.21898215021999998,"profit_total_pct":-21.9,"duration_avg":"6:03:00","wins":41,"draws":0,"losses":36,"winrate":0.5324675324675324,"cagr":-0.9554334896589575,"expectancy":-2.843924028831169,"expectancy_ratio":-0.22552692290024334,"sortino":-28.072376831981018,"sharpe":-14.506170816497532,"calmar":-47.35987244675595,"sqn":-2.493,"profit_factor":0.5176229704633687,"max_drawdown_account":0.3046117321018054,"max_drawdown_abs":"317.331"}]}