{"strategy":{"BreakoutStrategyV1":{"trades":[{"pair":"SOL/USDT:USDT","stake_amount":99.98555981,"max_stake_amount":99.98555981,"amount":1.51,"open_date":"2025-11-26 17:45:00+00:00","close_date":"2025-11-26 18:00:00+00:00","open_rate":139.77,"close_rate":142.55978899543393,"fee_open":0.0005,"fee_close":0.0005,"trade_duration":15,"profit_ratio":0.039980009970874295,"profit_abs":3.99942239,"exit_reason":"roi","initial_stop_loss_abs":138.4456879495319,"initial_stop_loss_ratio":-0.02,"stop_loss_abs":141.61644222065752,"stop_loss_ratio":-0.015,"min_rate":139.74,"max_rate":142.63,"is_open":false,"enter_tag":"","leverage":2.1108318081164548,"is_short":false,"open_timestamp":1764179100000,"close_timestamp":1764180000000,"orders":[{"amount":1.51,"safe_price":139.77,"ft_order_side":"buy","order_filled_timestamp":1764179100000,"ft_is_entry":true,"ft_order_tag":"","cost":211.15822635},{"amount":1.51,"safe_price":142.55978899543393,"ft_order_side":"sell","order_filled_timestamp":1764180000000,"ft_is_entry":false,"ft_order_tag":"roi","cost":215.3729140237968}],"funding_fees":0.0,"weekday":2},{"pair":"ETH/USDT:USDT","stake_amount":99.48801429,"max_stake_amount":99.48801429,"amount":0.089,"open_date":"2025-12-03 14:45:00+00:00","close_date":"2025-12-03 14:45:00+00:00","open_rate":3129.96,"close_rate":3107.6031428571428,"fee_open":0.0005,"fee_close":0.0005,"trade_duration":0,"profit_ratio":-0.022778610739144053,"profit_abs":-2.26733185,"exit_reason":"stop_loss","initial_stop_loss_abs":3107.6031428571428,"initial_stop_loss_ratio":-0.02,"stop_loss_abs":3107.6031428571428,"stop_loss_ratio":-0.02,"min_rate":3072.13,"max_rate":3131.04,"is_open":false,"enter_tag":"","leverage":2.8000000000000003,"is_short":false,"open_timestamp":1764773100000,"close_timestamp":1764773100000,"orders":[{"amount":0.089,"safe_price":3129.96,"ft_order_side":"buy","order_filled_timestamp":1764773100000,"ft_is_entry":true,"ft_order_tag":"","cost":278.70572322},{"amount":0.089,"safe_price":3107.6031428571428,"ft_order_side":"sell","order_filled_timestamp":1764773100000,"ft_is_entry":false,"ft_order_tag":"stop_loss","cost":276.71496805414284}],"funding_fees":0.0,"weekday":2},{"pair":"SOL/USDT:USDT","stake_amount":99.53840779,"max_stake_amount":99.53840779,"amount":1.83,"open_date":"2025-12-03 14:45:00+00:00","close_date":"2025-12-03 14:45:00+00:00","open_rate":143.04,"close_rate":141.95214854875482,"fee_open":0.0005,"fee_close":0.0005,"trade_duration":0,"profit_ratio":-0.022608466566890965,"profit_abs":-2.25153597,"exit_reason":"stop_loss","initial_stop_loss_abs":141.95214854875482,"initial_stop_loss_ratio":-0.02,"stop_loss_abs":141.95214854875482,"stop_loss_ratio":-0.02,"min_rate":140.84,"max_rate":143.08,"is_open":false,"enter_tag":"","leverage":2.6297708172613445,"is_short":false,"open_timestamp":1764773100000,"close_timestamp":1764773100000,"orders":[{"amount":1.83,"safe_price":143.04,"ft_order_side":"buy","order_filled_timestamp":1764773100000,"ft_is_entry":true,"ft_order_tag":"","cost":261.8940816},{"amount":1.83,"safe_price":141.95214854875482,"ft_order_side":"sell","order_filled_timestamp":1764773100000,"ft_is_entry":false,"ft_order_tag":"stop_loss","cost":259.90231806014344}],"funding_fees":0.0,"weekday":2},{"pair":"ETH/USDT:USDT","stake_amount":99.82549284,"max_stake_amount":99.82549284,"amount":0.071,"open_date":"2025-12-07 17:30:00+00:00","close_date":"2025-12-07 18:15:00+00:00","open_rate":3103.16,"close_rate":3127.5787023552293,"fee_open":0.0005,"fee_close":0.0005,"trade_duration":45,"profit_ratio":0.015144235270793102,"profit_abs":1.51253664,"exit_reason":"trailing_stop_loss","initial_stop_loss_abs":3075.0401428613513,"initial_stop_loss_ratio":-0.02,"stop_loss_abs":3127.5787023552293,"stop_loss_ratio":-0.015,"min_rate":3103.02,"max_rate":3148.98,"is_open":false,"enter_tag":"","leverage":2.20709513899695,"is_short":false,"open_timestamp":1765128600000,"close_timestamp":1765131300000,"orders":[{"amount":0.071,"safe_price":3103.16,"ft_order_side":"buy","order_filled_timestamp":1765128600000,"ft_is_entry":true,"ft_order_tag":"","cost":220.43452217999993},{"amount":0.071,"safe_price":3127.5787023552293,"ft_order_side":"sell","order_filled_timestamp":1765131300000,"ft_is_entry":false,"ft_order_tag":"trailing_stop_loss","cost":222.16911691115487}],"funding_fees":0.0,"weekday":6},{"pair":"DOGE/USDT:USDT","stake_amount":99.49057267,"max_stake_amount":99.49057267,"amount":1420.0,"open_date":"2025-12-10 20:15:00+00:00","close_date":"2025-12-10 20:15:00+00:00","open_rate":0.14998,"close_rate":0.14858,"fee_open":0.0005,"fee_close":0.0005,"trade_duration":0,"profit_ratio":-0.02210137203835421,"profit_abs":-2.1999776,"exit_reason":"stop_loss","initial_stop_loss_abs":0.14858,"initial_stop_loss_ratio":-0.02,"stop_loss_abs":0.14858,"stop_loss_ratio":-0.02,"min_rate":0.14723,"max_rate":0.1503,"is_open":false,"enter_tag":"","leverage":2.140620907906589,"is_short":false,"open_timestamp":1765397700000,"close_timestamp":1765397700000,"orders":[{"amount":1420.0,"safe_price":0.14998,"ft_order_side":"buy","order_filled_timestamp":1765397700000,"ft_is_entry":true,"ft_order_tag":"","cost":213.0780858},{"amount":1420.0,"safe_price":0.14858,"ft_order_side":"sell","order_filled_timestamp":1765397700000,"ft_is_entry":false,"ft_order_tag":"stop_loss","cost":211.08909179999998}],"funding_fees":0.0,"weekday":2},{"pair":"ETH/USDT:USDT","stake_amount":99.44290714,"max_stake_amount":99.44290714,"amount":0.093,"open_date":"2025-12-17 15:00:00+00:00","close_date":"2025-12-17 15:15:00+00:00","open_rate":2993.98,"close_rate":3013.270535714286,"fee_open":0.0005,"fee_close":0.0005,"trade_duration":15,"profit_ratio":0.015224069273955958,"profit_abs":1.51468267,"exit_reason":"trailing_stop_loss","initial_stop_loss_abs":2972.5944285714286,"initial_stop_loss_ratio":-0.02,"stop_loss_abs":3013.270535714286,"stop_loss_ratio":-0.015,"min_rate":2973.27,"max_rate":3029.5,"is_open":false,"enter_tag":"","leverage":2.8000000000000003,"is_short":false,"open_timestamp":1765983600000,"close_timestamp":1765984500000,"orders":[{"amount":0.093,"safe_price":2993.98,"ft_order_side":"buy","order_filled_timestamp":1765983600000,"ft_is_entry":true,"ft_order_tag":"","cost":278.57936006999995},{"amount":0.093,"safe_price":3013.270535714286,"ft_order_side":"sell","order_filled_timestamp":1765984500000,"ft_is_entry":false,"ft_order_tag":"trailing_stop_loss","cost":280.3742769013393}],"funding_fees":0.0,"weekday":2},{"pair":"SOL/USDT:USDT","stake_amount":99.80701379,"max_stake_amount":99.80701379,"amount":1.71,"open_date":"2025-12-18 15:30:00+00:00","close_date":"2025-12-18 16:00:00+00:00","open_rate":128.35,"close_rate":127.18266650538742,"fee_open":0.0005,"fee_close":0.0005,"trade_duration":30,"profit_ratio":-0.022269786512657156,"profit_abs":-2.22379223,"exit_reason":"stop_loss","initial_stop_loss_abs":127.18266650538742,"initial_stop_loss_ratio":-0.02,"stop_loss_abs":127.18266650538742,"stop_loss_ratio":-0.02,"min_rate":126.66,"max_rate":129.0,"is_open":false,"enter_tag":"","leverage":2.1990288223948795,"is_short":false,"open_timestamp":1766071800000,"close_timestamp":1766073600000,"orders":[{"amount":1.71,"safe_price":128.35,"ft_order_side":"buy","order_filled_timestamp":1766071800000,"ft_is_entry":true,"ft_order_tag":"","cost":219.58823925},{"amount":1.71,"safe_price":127.18266650538742,"ft_order_side":"sell","order_filled_timestamp":1766073600000,"ft_is_entry":false,"ft_order_tag":"stop_loss","cost":217.59110090407458}],"funding_fees":-0.009171527306012214,"weekday":3},{"pair":"SOL/USDT:USDT","stake_amount":99.85955393,"max_stake_amount":99.85955393,"amount":2.15,"open_date":"2025-12-19 03:30:00+00:00","close_date":"2025-12-19 03:30:00+00:00","open_rate":121.71,"close_rate":120.78107391691881,"fee_open":0.0005,"fee_close":0.0005,"trade_duration":0,"profit_ratio":-0.022599145708675734,"profit_abs":-2.25786898,"exit_reason":"stop_loss","initial_stop_loss_abs":120.78107391691881,"initial_stop_loss_ratio":-0.02,"stop_loss_abs":120.78107391691881,"stop_loss_ratio":-0.02,"min_rate":120.61,"max_rate":122.45,"is_open":false,"enter_tag":"","leverage":2.620445312425659,"is_short":false,"open_timestamp":1766115000000,"close_timestamp":1766115000000,"orders":[{"amount":2.15,"safe_price":121.71,"ft_order_side":"buy","order_filled_timestamp":1766115000000,"ft_is_entry":true,"ft_order_tag":"","cost":261.80733825},{"amount":2.15,"safe_price":120.78107391691881,"ft_order_side":"sell","order_filled_timestamp":1766115000000,"ft_is_entry":false,"ft_order_tag":"stop_loss","cost":259.8091485758361}],"funding_fees":0.0,"weekday":4},{"pair":"DOGE/USDT:USDT","stake_amount":99.60934715,"max_stake_amount":99.60934715,"amount":2130.0,"open_date":"2025-12-19 03:30:00+00:00","close_date":"2025-12-19 03:30:00+00:00","open_rate":0.12545,"close_rate":0.12452,"fee_open":0.0005,"fee_close":0.0005,"trade_duration":0,"profit_ratio":-0.02254803506584642,"profit_abs":-2.24711805,"exit_reason":"stop_loss","initial_stop_loss_abs":0.12452,"initial_stop_loss_ratio":-0.02,"stop_loss_abs":0.12452,"stop_loss_ratio":-0.02,"min_rate":0.1245,"max_rate":0.12625,"is_open":false,"enter_tag":"","leverage":2.6825645146707657,"is_short":false,"open_timestamp":1766115000000,"close_timestamp":1766115000000,"orders":[{"amount":2130.0,"safe_price":0.12545,"ft_order_side":"buy","order_filled_timestamp":1766115000000,"ft_is_entry":true,"ft_order_tag":"","cost":267.34210425},{"amount":2130.0,"safe_price":0.12452,"ft_order_side":"sell","order_filled_timestamp":1766115000000,"ft_is_entry":false,"ft_order_tag":"stop_loss","cost":265.3602138}],"funding_fees":0.0,"weekday":4},{"pair":"ETH/USDT:USDT","stake_amount":99.48034286,"max_stake_amount":99.48034286,"amount":0.096,"open_date":"2025-12-19 03:45:00+00:00","close_date":"2025-12-19 04:00:00+00:00","open_rate":2901.51,"close_rate":2915.2882678571427,"fee_open":0.0005,"fee_close":0.0005,"trade_duration":15,"profit_ratio":0.010484341700995542,"profit_abs":1.0435074,"exit_reason":"trailing_stop_loss","initial_stop_loss_abs":2880.7849285714287,"initial_stop_loss_ratio":-0.02,"stop_loss_abs":2915.2882678571427,"stop_loss_ratio":-0.015,"min_rate":2896.66,"max_rate":2930.99,"is_open":false,"enter_tag":"","leverage":2.8000000000000003,"is_short":false,"open_timestamp":1766115900000,"close_timestamp":1766116800000,"orders":[{"amount":0.096,"safe_price":2901.51,"ft_order_side":"buy","order_filled_timestamp":1766115900000,"ft_is_entry":true,"ft_order_tag":"","cost":278.68423248},{"amount":0.096,"safe_price":2915.2882678571427,"ft_order_side":"sell","order_filled_timestamp":1766116800000,"ft_is_entry":false,"ft_order_tag":"trailing_stop_loss","cost":280.0076075511429}],"funding_fees":0.0,"weekday":4},{"pair":"DOGE/USDT:USDT","stake_amount":99.5404611,"max_stake_amount":99.5404611,"amount":2080.0,"open_date":"2025-12-19 03:45:00+00:00","close_date":"2025-12-19 06:45:00+00:00","open_rate":0.12538,"close_rate":0.12622364168455472,"fee_open":0.0005,"fee_close":0.0005,"trade_duration":180,"profit_ratio":0.014992503783050051,"profit_abs":1.49310692,"exit_reason":"roi","initial_stop_loss_abs":0.12443,"initial_stop_loss_ratio":-0.02,"stop_loss_abs":0.12593,"stop_loss_ratio":-0.015,"min_rate":0.12485,"max_rate":0.12665,"is_open":false,"enter_tag":"","leverage":2.61994366023863,"is_short":false,"open_timestamp":1766115900000,"close_timestamp":1766126700000,"orders":[{"amount":2080.0,"safe_price":0.12538,"ft_order_side":"buy","order_filled_timestamp":1766115900000,"ft_is_entry":true,"ft_order_tag":"","cost":260.9207952},{"amount":2080.0,"safe_price":0.12622364168455472,"ft_order_side":"sell","order_filled_timestamp":1766126700000,"ft_is_entry":false,"ft_order_tag":"roi","cost":262.6764472912257}],"funding_fees":0.0,"weekday":4},{"pair":"BTC/USDT:USDT","stake_amount":99.54274286,"max_stake_amount":99.54274286,"amount":0.0032,"open_date":"2025-12-19 03:30:00+00:00","close_date":"2025-12-19 07:00:00+00:00","open_rate":87099.9,"close_rate":87653.88349889229,"fee_open":0.0005,"fee_close":0.0005,"trade_duration":210,"profit_ratio":0.014992503719437611,"profit_abs":1.49314114,"exit_reason":"roi","initial_stop_loss_abs":86477.75785714286,"initial_stop_loss_ratio":-0.02,"stop_loss_abs":87892.61071428572,"stop_loss_ratio":-0.015,"min_rate":86625.9,"max_rate":88366.0,"is_open":false,"enter_tag":"","leverage":2.8000000000000003,"is_short":false,"open_timestamp":1766115000000,"close_timestamp":1766127600000,"orders":[{"amount":0.0032,"safe_price":87099.9,"ft_order_side":"buy","order_filled_timestamp":1766115000000,"ft_is_entry":true,"ft_order_tag":"","cost":278.85903984},{"amount":0.0032,"safe_price":87653.88349889229,"ft_order_side":"sell","order_filled_timestamp":1766127600000,"ft_is_entry":false,"ft_order_tag":"roi","cost":280.6326734100536}],"funding_fees":0.0,"weekday":4},{"pair":"ETH/USDT:USDT","stake_amount":98.97425357,"max_stake_amount":98.97425357,"amount":0.093,"open_date":"2025-12-26 02:30:00+00:00","close_date":"2025-12-26 03:15:00+00:00","open_rate":2979.87,"close_rate":2958.5852142857143,"fee_open":0.0005,"fee_close":0.0005,"trade_duration":45,"profit_ratio":-0.022778610705833258,"profit_abs":-2.25562324,"exit_reason":"stop_loss","initial_stop_loss_abs":2958.5852142857143,"initial_stop_loss_ratio":-0.02,"stop_loss_abs":2958.5852142857143,"stop_loss_ratio":-0.02,"min_rate":2955.56,"max_rate":2994.42,"is_open":false,"enter_tag":"","leverage":2.8000000000000003,"is_short":false,"open_timestamp":1766716200000,"close_timestamp":1766718900000,"orders":[{"amount":0.093,"safe_price":2979.87,"ft_order_side":"buy","order_filled_timestamp":1766716200000,"ft_is_entry":true,"ft_order_tag":"","cost":277.266473955},{"amount":0.093,"safe_price":2958.5852142857143,"ft_order_side":"sell","order_filled_timestamp":1766718900000,"ft_is_entry":false,"ft_order_tag":"stop_loss","cost":275.2859991410357}],"funding_fees":0.0,"weekday":4},{"pair":"DOGE/USDT:USDT","stake_amount":99.86832143,"max_stake_amount":99.86832143,"amount":2210.0,"open_date":"2025-12-26 02:30:00+00:00","close_date":"2025-12-26 03:15:00+00:00","open_rate":0.12653,"close_rate":0.12563,"fee_open":0.0005,"fee_close":0.0005,"trade_duration":45,"profit_ratio":-0.022694919828475865,"profit_abs":-2.2676368,"exit_reason":"stop_loss","initial_stop_loss_abs":0.12563,"initial_stop_loss_ratio":-0.02,"stop_loss_abs":0.12563,"stop_loss_ratio":-0.02,"min_rate":0.12544,"max_rate":0.12748,"is_open":false,"enter_tag":"","leverage":2.8000000000000003,"is_short":false,"open_timestamp":1766716200000,"close_timestamp":1766718900000,"orders":[{"amount":2210.0,"safe_price":0.12653,"ft_order_side":"buy","order_filled_timestamp":1766716200000,"ft_is_entry":true,"ft_order_tag":"","cost":279.77111565},{"amount":2210.0,"safe_price":0.12563,"ft_order_side":"sell","order_filled_timestamp":1766718900000,"ft_is_entry":false,"ft_order_tag":"stop_loss","cost":277.78112115}],"funding_fees":0.0,"weekday":4},{"pair":"SOL/USDT:USDT","stake_amount":99.93426413,"max_stake_amount":99.93426413,"amount":2.25,"open_date":"2025-12-26 02:30:00+00:00","close_date":"2025-12-26 03:30:00+00:00","open_rate":123.5,"close_rate":122.61169542993076,"fee_open":0.0005,"fee_close":0.0005,"trade_duration":60,"profit_ratio":-0.022759198237690823,"profit_abs":-2.27556094,"exit_reason":"stop_loss","initial_stop_loss_abs":122.61169542993076,"initial_stop_loss_ratio":-0.02,"stop_loss_abs":122.61169542993076,"stop_loss_ratio":-0.02,"min_rate":122.36,"max_rate":124.32,"is_open":false,"enter_tag":"","leverage":2.780577836954561,"is_short":false,"open_timestamp":1766716200000,"close_timestamp":1766719800000,"orders":[{"amount":2.25,"safe_price":123.5,"ft_order_side":"buy","order_filled_timestamp":1766716200000,"ft_is_entry":true,"ft_order_tag":"","cost":278.0139375},{"amount":2.25,"safe_price":122.61169542993076,"ft_order_side":"sell","order_filled_timestamp":1766719800000,"ft_is_entry":false,"ft_order_tag":"stop_loss","cost":276.01425287470283}],"funding_fees":0.0,"weekday":4},{"pair":"DOGE/USDT:USDT","stake_amount":99.88885656,"max_stake_amount":99.88885656,"amount":1700.0,"open_date":"2026-01-02 15:00:00+00:00","close_date":"2026-01-02 15:30:00+00:00","open_rate":0.13392,"close_rate":0.13534,"fee_open":0.0005,"fee_close":0.0005,"trade_duration":30,"profit_ratio":0.02186467096207018,"profit_abs":2.185129,"exit_reason":"trailing_stop_loss","initial_stop_loss_abs":0.13275,"initial_stop_loss_ratio":-0.02,"stop_loss_abs":0.13534,"stop_loss_ratio":-0.015,"min_rate":0.13298,"max_rate":0.13623,"is_open":false,"enter_tag":"","leverage":2.279173151394586,"is_short":false,"open_timestamp":1767366000000,"close_timestamp":1767367800000,"orders":[{"amount":1700.0,"safe_price":0.13392,"ft_order_side":"buy","order_filled_timestamp":1767366000000,"ft_is_entry":true,"ft_order_tag":"","cost":227.777832},{"amount":1700.0,"safe_price":0.13534,"ft_order_side":"sell","order_filled_timestamp":1767367800000,"ft_is_entry":false,"ft_order_tag":"trailing_stop_loss","cost":230.19303899999997}],"funding_fees":0.0,"weekday":4},{"pair":"DOGE/USDT:USDT","stake_amount":99.77094825,"max_stake_amount":99.77094825,"amount":1450.0,"open_date":"2026-01-05 18:00:00+00:00","close_date":"2026-01-05 18:15:00+00:00","open_rate":0.15292,"close_rate":0.15155,"fee_open":0.0005,"fee_close":0.0005,"trade_duration":15,"profit_ratio":-0.022112024790581695,"profit_abs":-2.20724075,"exit_reason":"stop_loss","initial_stop_loss_abs":0.15155,"initial_stop_loss_ratio":-0.02,"stop_loss_abs":0.15155,"stop_loss_ratio":-0.02,"min_rate":0.15112,"max_rate":0.153,"is_open":false,"enter_tag":"","leverage":2.2224305159132727,"is_short":false,"open_timestamp":1767636000000,"close_timestamp":1767636900000,"orders":[{"amount":1450.0,"safe_price":0.15292,"ft_order_side":"buy","order_filled_timestamp":1767636000000,"ft_is_entry":true,"ft_order_tag":"","cost":221.844867},{"amount":1450.0,"safe_price":0.15155,"ft_order_side":"sell","order_filled_timestamp":1767636900000,"ft_is_entry":false,"ft_order_tag":"stop_loss","cost":219.85737374999997}],"funding_fees":0.0,"weekday":0},{"pair":"SOL/USDT:USDT","stake_amount":99.52110856,"max_stake_amount":99.52110856,"amount":1.86,"open_date":"2026-01-09 15:30:00+00:00","close_date":"2026-01-09 15:30:00+00:00","open_rate":139.81,"close_rate":138.73988055309997,"fee_open":0.0005,"fee_close":0.0005,"trade_duration":0,"profit_ratio":-0.022591683491079418,"profit_abs":-2.24947356,"exit_reason":"stop_loss","initial_stop_loss_abs":138.73988055309997,"initial_stop_loss_ratio":-0.02,"stop_loss_abs":138.73988055309997,"stop_loss_ratio":-0.02,"min_rate":138.64,"max_rate":140.85,"is_open":false,"enter_tag":"","leverage":2.612979334316514,"is_short":false,"open_timestamp":1767972600000,"close_timestamp":1767972600000,"orders":[{"amount":1.86,"safe_price":139.81,"ft_order_side":"buy","order_filled_timestamp":1767972600000,"ft_is_entry":true,"ft_order_tag":"","cost":260.1766233},{"amount":1.86,"safe_price":138.73988055309997,"ft_order_side":"sell","order_filled_timestamp":1767972600000,"ft_is_entry":false,"ft_order_tag":"stop_loss","cost":258.1852059176803}],"funding_fees":0.0,"weekday":4},{"pair":"DOGE/USDT:USDT","stake_amount":99.75811529,"max_stake_amount":99.75811529,"amount":1950.0,"open_date":"2026-01-09 15:30:00+00:00","close_date":"2026-01-09 15:45:00+00:00","open_rate":0.14257,"close_rate":0.14244,"fee_open":0.0005,"fee_close":0.0005,"trade_duration":15,"profit_ratio":-0.005324070015379773,"profit_abs":-0.53138475,"exit_reason":"trailing_stop_loss","initial_stop_loss_abs":0.14155,"initial_stop_loss_ratio":-0.02,"stop_loss_abs":0.14378,"stop_loss_ratio":-0.015,"min_rate":0.14085,"max_rate":0.14455,"is_open":false,"enter_tag":"","leverage":2.786855978509534,"is_short":false,"open_timestamp":1767972600000,"close_timestamp":1767973500000,"orders":[{"amount":1950.0,"safe_price":0.14257,"ft_order_side":"buy","order_filled_timestamp":1767972600000,"ft_is_entry":true,"ft_order_tag":"","cost":278.15050575},{"amount":1950.0,"safe_price":0.14244,"ft_order_side":"sell","order_filled_timestamp":1767973500000,"ft_is_entry":false,"ft_order_tag":"trailing_stop_loss","cost":277.896879}],"funding_fees":0.0,"weekday":4},{"pair":"SOL/USDT:USDT","stake_amount":99.77035714,"max_stake_amount":99.77035714,"amount":1.9,"open_date":"2026-01-13 22:15:00+00:00","close_date":"2026-01-13 23:15:00+00:00","open_rate":147.03,"close_rate":145.97978571428573,"fee_open":0.0005,"fee_close":0.0005,"trade_duration":60,"profit_ratio":-0.0227786107018084,"profit_abs":-2.27376644,"exit_reason":"stop_loss","initial_stop_loss_abs":145.97978571428573,"initial_stop_loss_ratio":-0.02,"stop_loss_abs":145.97978571428573,"stop_loss_ratio":-0.02,"min_rate":145.89,"max_rate":147.8,"is_open":false,"enter_tag":"","leverage":2.8000000000000003,"is_short":false,"open_timestamp":1768342500000,"close_timestamp":1768346100000,"orders":[{"amount":1.9,"safe_price":147.03,"ft_order_side":"buy","order_filled_timestamp":1768342500000,"ft_is_entry":true,"ft_order_tag":"","cost":279.4966785},{"amount":1.9,"safe_price":145.97978571428573,"ft_order_side":"sell","order_filled_timestamp":1768346100000,"ft_is_entry":false,"ft_order_tag":"stop_loss","cost":277.5002736535714}],"funding_fees":0.0,"weekday":1},{"pair":"DOGE/USDT:USDT","stake_amount":99.97781522,"max_stake_amount":99.97781522,"amount":2070.0,"open_date":"2026-01-21 14:15:00+00:00","close_date":"2026-01-21 15:15:00+00:00","open_rate":0.12526,"close_rate":0.12585,"fee_open":0.0005,"fee_close":0.0005,"trade_duration":60,"profit_ratio":0.009611339150604331,"profit_abs":0.96140115,"exit_reason":"trailing_stop_loss","initial_stop_loss_abs":0.1243,"initial_stop_loss_ratio":-0.02,"stop_loss_abs":0.12585,"stop_loss_ratio":-0.015,"min_rate":0.12471,"max_rate":0.12658,"is_open":false,"enter_tag":"","leverage":2.5934573527020444,"is_short":false,"open_timestamp":1769004900000,"close_timestamp":1769008500000,"orders":[{"amount":2070.0,"safe_price":0.12526,"ft_order_side":"buy","order_filled_timestamp":1769004900000,"ft_is_entry":true,"ft_order_tag":"","cost":259.4178441},{"amount":2070.0,"safe_price":0.12585,"ft_order_side":"sell","order_filled_timestamp":1769008500000,"ft_is_entry":false,"ft_order_tag":"trailing_stop_loss","cost":260.63975475}],"funding_fees":0.0,"weekday":2},{"pair":"ETH/USDT:USDT","stake_amount":99.89702887,"max_stake_amount":99.89702887,"amount":0.073,"open_date":"2026-01-21 19:45:00+00:00","close_date":"2026-01-21 20:00:00+00:00","open_rate":3033.08,"close_rate":3047.5745863376674,"fee_open":0.0005,"fee_close":0.0005,"trade_duration":15,"profit_ratio":0.008366044995631157,"profit_abs":0.83616091,"exit_reason":"trailing_stop_loss","initial_stop_loss_abs":3005.710950993719,"initial_stop_loss_ratio":-0.02,"stop_loss_abs":3047.5745863376674,"stop_loss_ratio":-0.015,"min_rate":3018.18,"max_rate":3068.34,"is_open":false,"enter_tag":"","leverage":2.216430683655785,"is_short":false,"open_timestamp":1769024700000,"close_timestamp":1769025600000,"orders":[{"amount":0.073,"safe_price":3033.08,"ft_order_side":"buy","order_filled_timestamp":1769024700000,"ft_is_entry":true,"ft_order_tag":"","cost":221.52554741999995},{"amount":0.073,"safe_price":3047.5745863376674,"ft_order_side":"sell","order_filled_timestamp":1769025600000,"ft_is_entry":false,"ft_order_tag":"trailing_stop_loss","cost":222.584181275051}],"funding_fees":0.0,"weekday":2},{"pair":"DOGE/USDT:USDT","stake_amount":99.96647639,"max_stake_amount":99.96647639,"amount":1770.0,"open_date":"2026-01-21 19:45:00+00:00","close_date":"2026-01-21 20:15:00+00:00","open_rate":0.12762,"close_rate":0.1265,"fee_open":0.0005,"fee_close":0.0005,"trade_duration":30,"profit_ratio":-0.022069329470754528,"profit_abs":-2.2072962,"exit_reason":"stop_loss","initial_stop_loss_abs":0.1265,"initial_stop_loss_ratio":-0.02,"stop_loss_abs":0.1265,"stop_loss_ratio":-0.02,"min_rate":0.1264,"max_rate":0.12829,"is_open":false,"enter_tag":"","leverage":2.259631510088706,"is_short":false,"open_timestamp":1769024700000,"close_timestamp":1769026500000,"orders":[{"amount":1770.0,"safe_price":0.12762,"ft_order_side":"buy","order_filled_timestamp":1769024700000,"ft_is_entry":true,"ft_order_tag":"","cost":226.0003437},{"amount":1770.0,"safe_price":0.1265,"ft_order_side":"sell","order_filled_timestamp":1769026500000,"ft_is_entry":false,"ft_order_tag":"stop_loss","cost":224.0169525}],"funding_fees":0.0,"weekday":2},{"pair":"SOL/USDT:USDT","stake_amount":99.6422436,"max_stake_amount":99.6422436,"amount":1.64,"open_date":"2026-01-21 19:45:00+00:00","close_date":"2026-01-21 23:30:00+00:00","open_rate":131.03,"close_rate":129.81485068781987,"fee_open":0.0005,"fee_close":0.0005,"trade_duration":225,"profit_ratio":-0.022135539635830887,"profit_abs":-2.20673765,"exit_reason":"stop_loss","initial_stop_loss_abs":129.81485068781987,"initial_stop_loss_ratio":-0.02,"stop_loss_abs":129.81485068781987,"stop_loss_ratio":-0.02,"min_rate":129.41,"max_rate":132.11,"is_open":false,"enter_tag":"","leverage":2.156607401026555,"is_short":false,"open_timestamp":1769024700000,"close_timestamp":1769038200000,"orders":[{"amount":1.64,"safe_price":131.03,"ft_order_side":"buy","order_filled_timestamp":1769024700000,"ft_is_entry":true,"ft_order_tag":"","cost":214.99664459999997},{"amount":1.64,"safe_price":129.81485068781987,"ft_order_side":"sell","order_filled_timestamp":1769038200000,"ft_is_entry":false,"ft_order_tag":"stop_loss","cost":213.00280330558857}],"funding_fees":0.0,"weekday":2},{"pair":"SOL/USDT:USDT","stake_amount":99.73414286,"max_stake_amount":99.73414286,"amount":2.21,"open_date":"2026-01-27 16:15:00+00:00","close_date":"2026-01-27 16:15:00+00:00","open_rate":126.36,"close_rate":125.45742857142858,"fee_open":0.0005,"fee_close":0.0005,"trade_duration":0,"profit_ratio":-0.022778610737602588,"profit_abs":-2.27294112,"exit_reason":"stop_loss","initial_stop_loss_abs":125.45742857142858,"initial_stop_loss_ratio":-0.02,"stop_loss_abs":125.45742857142858,"stop_loss_ratio":-0.02,"min_rate":125.45,"max_rate":126.75,"is_open":false,"enter_tag":"","leverage":2.8000000000000003,"is_short":false,"open_timestamp":1769530500000,"close_timestamp":1769530500000,"orders":[{"amount":2.21,"safe_price":126.36,"ft_order_side":"buy","order_filled_timestamp":1769530500000,"ft_is_entry":true,"ft_order_tag":"","cost":279.3952278},{"amount":2.21,"safe_price":125.45742857142858,"ft_order_side":"sell","order_filled_timestamp":1769530500000,"ft_is_entry":false,"ft_order_tag":"stop_loss","cost":277.3995476014286}],"funding_fees":0.0,"weekday":1},{"pair":"ETH/USDT:USDT","stake_amount":99.79711429,"max_stake_amount":99.79711429,"amount":0.094,"open_date":"2026-01-27 16:15:00+00:00","close_date":"2026-01-27 16:30:00+00:00","open_rate":2972.68,"close_rate":2981.9392857142857,"fee_open":0.0005,"fee_close":0.0005,"trade_duration":15,"profit_ratio":0.005914105321601955,"profit_abs":0.59050575,"exit_reason":"trailing_stop_loss","initial_stop_loss_abs":2951.446571428571,"initial_stop_loss_ratio":-0.02,"stop_loss_abs":2981.9392857142857,"stop_loss_ratio":-0.015,"min_rate":2965.02,"max_rate":2998.0,"is_open":false,"enter_tag":"","leverage":2.8000000000000003,"is_short":false,"open_timestamp":1769530500000,"close_timestamp":1769531400000,"orders":[{"amount":0.094,"safe_price":2972.68,"ft_order_side":"buy","order_filled_timestamp":1769530500000,"ft_is_entry":true,"ft_order_tag":"","cost":279.57163596},{"amount":0.094,"safe_price":2981.9392857142857,"ft_order_side":"sell","order_filled_timestamp":1769531400000,"ft_is_entry":false,"ft_order_tag":"trailing_stop_loss","cost":280.4424440035714}],"funding_fees":0.0,"weekday":1},{"pair":"DOGE/USDT:USDT","stake_amount":99.5695,"max_stake_amount":99.5695,"amount":2230.0,"open_date":"2026-01-27 16:15:00+00:00","close_date":"2026-01-27 17:00:00+00:00","open_rate":0.12502,"close_rate":0.12413,"fee_open":0.0005,"fee_close":0.0005,"trade_duration":45,"profit_ratio":-0.022711488600604516,"profit_abs":-2.26250225,"exit_reason":"stop_loss","initial_stop_loss_abs":0.12413,"initial_stop_loss_ratio":-0.02,"stop_loss_abs":0.12413,"stop_loss_ratio":-0.02,"min_rate":0.12283,"max_rate":0.12561,"is_open":false,"enter_tag":"","leverage":2.8000000000000003,"is_short":false,"open_timestamp":1769530500000,"close_timestamp":1769533200000,"orders":[{"amount":2230.0,"safe_price":0.12502,"ft_order_side":"buy","order_filled_timestamp":1769530500000,"ft_is_entry":true,"ft_order_tag":"","cost":278.9339973},{"amount":2230.0,"safe_price":0.12413,"ft_order_side":"sell","order_filled_timestamp":1769533200000,"ft_is_entry":false,"ft_order_tag":"stop_loss","cost":276.94830495}],"funding_fees":0.0,"weekday":1},{"pair":"ETH/USDT:USDT","stake_amount":99.6758893,"max_stake_amount":99.6758893,"amount":0.078,"open_date":"2026-01-27 16:45:00+00:00","close_date":"2026-01-27 17:00:00+00:00","open_rate":2991.36,"close_rate":2965.8020796672395,"fee_open":0.0005,"fee_close":0.0005,"trade_duration":15,"profit_ratio":-0.022319687923552184,"profit_abs":-2.22584711,"exit_reason":"stop_loss","initial_stop_loss_abs":2965.8020796672395,"initial_stop_loss_ratio":-0.02,"stop_loss_abs":2965.8020796672395,"stop_loss_ratio":-0.02,"min_rate":2957.07,"max_rate":2993.42,"is_open":false,"enter_tag":"","leverage":2.3408477380419823,"is_short":false,"open_timestamp":1769532300000,"close_timestamp":1769533200000,"orders":[{"amount":0.078,"safe_price":2991.36,"ft_order_side":"buy","order_filled_timestamp":1769532300000,"ft_is_entry":true,"ft_order_tag":"","cost":233.44274304},{"amount":0.078,"safe_price":2965.8020796672395,"ft_order_side":"sell","order_filled_timestamp":1769533200000,"ft_is_entry":false,"ft_order_tag":"stop_loss","cost":231.44822849515168}],"funding_fees":0.0,"weekday":1},{"pair":"DOGE/USDT:USDT","stake_amount":99.85833953,"max_stake_amount":99.85833953,"amount":1770.0,"open_date":"2026-01-30 19:00:00+00:00","close_date":"2026-01-30 20:15:00+00:00","open_rate":0.11764,"close_rate":0.11652,"fee_open":0.0005,"fee_close":0.0005,"trade_duration":75,"profit_ratio":-0.021916420217692377,"profit_abs":-2.1896316,"exit_reason":"stop_loss","initial_stop_loss_abs":0.11652,"initial_stop_loss_ratio":-0.02,"stop_loss_abs":0.11652,"stop_loss_ratio":-0.02,"min_rate":0.11618,"max_rate":0.11864,"is_open":false,"enter_tag":"","leverage":2.0851818784933362,"is_short":false,"open_timestamp":1769799600000,"close_timestamp":1769804100000,"orders":[{"amount":1770.0,"safe_price":0.11764,"ft_order_side":"buy","order_filled_timestamp":1769799600000,"ft_is_entry":true,"ft_order_tag":"","cost":208.32691139999997},{"amount":1770.0,"safe_price":0.11652,"ft_order_side":"sell","order_filled_timestamp":1769804100000,"ft_is_entry":false,"ft_order_tag":"stop_loss","cost":206.34352019999997}],"funding_fees":0.0,"weekday":4},{"pair":"ETH/USDT:USDT","stake_amount":99.61610856,"max_stake_amount":99.61610856,"amount":0.113,"open_date":"2026-02-02 14:45:00+00:00","close_date":"2026-02-02 14:45:00+00:00","open_rate":2351.1,"close_rate":2333.4688303427297,"fee_open":0.0005,"fee_close":0.0005,"trade_duration":0,"profit_ratio":-0.0226456584817642,"profit_abs":-2.25700031,"exit_reason":"stop_loss","initial_stop_loss_abs":2333.4688303427297,"initial_stop_loss_ratio":-0.02,"stop_loss_abs":2333.4688303427297,"stop_loss_ratio":-0.02,"min_rate":2321.42,"max_rate":2362.0,"is_open":false,"enter_tag":"","leverage":2.6669813128711346,"is_short":false,"open_timestamp":1770043500000,"close_timestamp":1770043500000,"orders":[{"amount":0.113,"safe_price":2351.1,"ft_order_side":"buy","order_filled_timestamp":1770043500000,"ft_is_entry":true,"ft_order_tag":"","cost":265.80713715},{"amount":0.113,"safe_price":2333.4688303427297,"ft_order_side":"sell","order_filled_timestamp":1770043500000,"ft_is_entry":false,"ft_order_tag":"stop_loss","cost":263.8138188176428}],"funding_fees":0.0,"weekday":0},{"pair":"DOGE/USDT:USDT","stake_amount":99.89075,"max_stake_amount":99.89075,"amount":2590.0,"open_date":"2026-02-02 14:45:00+00:00","close_date":"2026-02-02 15:00:00+00:00","open_rate":0.10799,"close_rate":0.10722,"fee_open":0.0005,"fee_close":0.0005,"trade_duration":15,"profit_ratio":-0.022743457422136237,"profit_abs":-2.27299695,"exit_reason":"stop_loss","initial_stop_loss_abs":0.10722,"initial_stop_loss_ratio":-0.02,"stop_loss_abs":0.10722,"stop_loss_ratio":-0.02,"min_rate":0.10716,"max_rate":0.10872,"is_open":false,"enter_tag":"","leverage":2.8000000000000003,"is_short":false,"open_timestamp":1770043500000,"close_timestamp":1770044400000,"orders":[{"amount":2590.0,"safe_price":0.10799,"ft_order_side":"buy","order_filled_timestamp":1770043500000,"ft_is_entry":true,"ft_order_tag":"","cost":279.83394704999995},{"amount":2590.0,"safe_price":0.10722,"ft_order_side":"sell","order_filled_timestamp":1770044400000,"ft_is_entry":false,"ft_order_tag":"stop_loss","cost":277.83864989999995}],"funding_fees":0.0,"weekday":0},{"pair":"DOGE/USDT:USDT","stake_amount":99.95679928,"max_stake_amount":99.95679928,"amount":2190.0,"open_date":"2026-02-03 16:00:00+00:00","close_date":"2026-02-03 16:00:00+00:00","open_rate":0.11012,"close_rate":0.10921,"fee_open":0.0005,"fee_close":0.0005,"trade_duration":0,"profit_ratio":-0.022069242618091588,"profit_abs":-2.20707384,"exit_reason":"stop_loss","initial_stop_loss_abs":0.10921,"initial_stop_loss_ratio":-0.02,"stop_loss_abs":0.10921,"stop_loss_ratio":-0.02,"min_rate":0.10816,"max_rate":0.11015,"is_open":false,"enter_tag":"","leverage":2.4126702910085362,"is_short":false,"open_timestamp":1770134400000,"close_timestamp":1770134400000,"orders":[{"amount":2190.0,"safe_price":0.11012,"ft_order_side":"buy","order_filled_timestamp":1770134400000,"ft_is_entry":true,"ft_order_tag":"","cost":241.2833814},{"amount":2190.0,"safe_price":0.10921,"ft_order_side":"sell","order_filled_timestamp":1770134400000,"ft_is_entry":false,"ft_order_tag":"stop_loss","cost":239.28948495}],"funding_fees":0.025992514051877844,"weekday":1},{"pair":"ETH/USDT:USDT","stake_amount":99.65388704,"max_stake_amount":99.65388704,"amount":0.092,"open_date":"2026-02-03 20:45:00+00:00","close_date":"2026-02-03 21:00:00+00:00","open_rate":2295.25,"close_rate":2321.73740644554,"fee_open":0.0005,"fee_close":0.0005,"trade_duration":15,"profit_ratio":0.022310703194768848,"profit_abs":2.22445997,"exit_reason":"trailing_stop_loss","initial_stop_loss_abs":2273.586111514041,"initial_stop_loss_ratio":-0.02,"stop_loss_abs":2321.73740644554,"stop_loss_ratio":-0.015,"min_rate":2285.73,"max_rate":2338.29,"is_open":false,"enter_tag":"","leverage":2.118964009150649,"is_short":false,"open_timestamp":1770151500000,"close_timestamp":1770152400000,"orders":[{"amount":0.092,"safe_price":2295.25,"ft_order_side":"buy","order_filled_timestamp":1770151500000,"ft_is_entry":true,"ft_order_tag":"","cost":211.26858149999998},{"amount":0.092,"safe_price":2321.73740644554,"ft_order_side":"sell","order_filled_timestamp":1770152400000,"ft_is_entry":false,"ft_order_tag":"trailing_stop_loss","cost":213.70664131368613}],"funding_fees":0.0,"weekday":1},{"pair":"DOGE/USDT:USDT","stake_amount":99.67247938,"max_stake_amount":99.67247938,"amount":2000.0,"open_date":"2026-02-03 20:45:00+00:00","close_date":"2026-02-03 21:30:00+00:00","open_rate":0.10906,"close_rate":0.10807,"fee_open":0.0005,"fee_close":0.0005,"trade_duration":45,"profit_ratio":-0.022032480756870695,"profit_abs":-2.19713,"exit_reason":"stop_loss","initial_stop_loss_abs":0.10807,"initial_stop_loss_ratio":-0.02,"stop_loss_abs":0.10807,"stop_loss_ratio":-0.02,"min_rate":0.10778,"max_rate":0.10975,"is_open":false,"enter_tag":"","leverage":2.188367354248488,"is_short":false,"open_timestamp":1770151500000,"close_timestamp":1770154200000,"orders":[{"amount":2000.0,"safe_price":0.10906,"ft_order_side":"buy","order_filled_timestamp":1770151500000,"ft_is_entry":true,"ft_order_tag":"","cost":218.22906},{"amount":2000.0,"safe_price":0.10807,"ft_order_side":"sell","order_filled_timestamp":1770154200000,"ft_is_entry":false,"ft_order_tag":"stop_loss","cost":216.24806999999998}],"funding_fees":0.0,"weekday":1},{"pair":"ETH/USDT:USDT","stake_amount":99.66275339,"max_stake_amount":99.66275339,"amount":0.106,"open_date":"2026-02-06 06:00:00+00:00","close_date":"2026-02-06 06:15:00+00:00","open_rate":1957.69,"close_rate":1938.8857069068708,"fee_open":0.0005,"fee_close":0.0005,"trade_duration":15,"profit_ratio":-0.02206114288450009,"profit_abs":-2.19977358,"exit_reason":"stop_loss","initial_stop_loss_abs":1938.8857069068708,"initial_stop_loss_ratio":-0.02,"stop_loss_abs":1938.8857069068708,"stop_loss_ratio":-0.02,"min_rate":1932.55,"max_rate":1966.59,"is_open":false,"enter_tag":"","leverage":2.082173459331282,"is_short":false,"open_timestamp":1770357600000,"close_timestamp":1770358500000,"orders":[{"amount":0.106,"safe_price":1957.69,"ft_order_side":"buy","order_filled_timestamp":1770357600000,"ft_is_entry":true,"ft_order_tag":"","cost":207.61889757},{"amount":0.106,"safe_price":1938.8857069068708,"ft_order_side":"sell","order_filled_timestamp":1770358500000,"ft_is_entry":false,"ft_order_tag":"stop_loss","cost":205.62464587459436}],"funding_fees":0.0,"weekday":4},{"pair":"ETH/USDT:USDT","stake_amount":99.99262746,"max_stake_amount":99.99262746,"amount":0.14,"open_date":"2026-02-06 14:45:00+00:00","close_date":"2026-02-06 14:45:00+00:00","open_rate":1984.13,"close_rate":1969.8453389341616,"fee_open":0.0005,"fee_close":0.0005,"trade_duration":0,"profit_ratio":-0.0227566084744974,"profit_abs":-2.27663082,"exit_reason":"stop_loss","initial_stop_loss_abs":1969.8453389341616,"initial_stop_loss_ratio":-0.02,"stop_loss_abs":1969.8453389341616,"stop_loss_ratio":-0.02,"min_rate":1968.54,"max_rate":2003.3,"is_open":false,"enter_tag":"","leverage":2.7779868081644916,"is_short":false,"open_timestamp":1770389100000,"close_timestamp":1770389100000,"orders":[{"amount":0.14,"safe_price":1984.13,"ft_order_side":"buy","order_filled_timestamp":1770389100000,"ft_is_entry":true,"ft_order_tag":"","cost":277.9170891},{"amount":0.14,"safe_price":1969.8453389341616,"ft_order_side":"sell","order_filled_timestamp":1770389100000,"ft_is_entry":false,"ft_order_tag":"stop_loss","cost":275.91623662450803}],"funding_fees":0.0,"weekday":4},{"pair":"SOL/USDT:USDT","stake_amount":99.68812209,"max_stake_amount":99.68812209,"amount":3.12,"open_date":"2026-02-06 14:45:00+00:00","close_date":"2026-02-06 14:45:00+00:00","open_rate":84.26,"close_rate":83.62097357634755,"fee_open":0.0005,"fee_close":0.0005,"trade_duration":0,"profit_ratio":-0.02261582872653453,"profit_abs":-2.25565676,"exit_reason":"stop_loss","initial_stop_loss_abs":83.62097357634755,"initial_stop_loss_ratio":-0.02,"stop_loss_abs":83.62097357634755,"stop_loss_ratio":-0.02,"min_rate":83.59,"max_rate":85.11,"is_open":false,"enter_tag":"","leverage":2.6371366466632056,"is_short":false,"open_timestamp":1770389100000,"close_timestamp":1770389100000,"orders":[{"amount":3.12,"safe_price":84.26,"ft_order_side":"buy","order_filled_timestamp":1770389100000,"ft_is_entry":true,"ft_order_tag":"","cost":263.02264560000003},{"amount":3.12,"safe_price":83.62097357634755,"ft_order_side":"sell","order_filled_timestamp":1770389100000,"ft_is_entry":false,"ft_order_tag":"stop_loss","cost":261.02788627698345}],"funding_fees":0.0,"weekday":4},{"pair":"SOL/USDT:USDT","stake_amount":99.66918281,"max_stake_amount":99.66918281,"amount":2.65,"open_date":"2026-02-06 15:00:00+00:00","close_date":"2026-02-06 15:15:00+00:00","open_rate":84.09,"close_rate":83.33777975237501,"fee_open":0.0005,"fee_close":0.0005,"trade_duration":15,"profit_ratio":-0.0222146739681157,"profit_abs":-2.21522546,"exit_reason":"stop_loss","initial_stop_loss_abs":83.33777975237501,"initial_stop_loss_ratio":-0.02,"stop_loss_abs":83.33777975237501,"stop_loss_ratio":-0.02,"min_rate":83.32,"max_rate":84.7,"is_open":false,"enter_tag":"","leverage":2.23578134902642,"is_short":false,"open_timestamp":1770390000000,"close_timestamp":1770390900000,"orders":[{"amount":2.65,"safe_price":84.09,"ft_order_side":"buy","order_filled_timestamp":1770390000000,"ft_is_entry":true,"ft_order_tag":"","cost":222.94991925},{"amount":2.65,"safe_price":83.33777975237501,"ft_order_side":"sell","order_filled_timestamp":1770390900000,"ft_is_entry":false,"ft_order_tag":"stop_loss","cost":220.95553890196567}],"funding_fees":0.0,"weekday":4},{"pair":"DOGE/USDT:USDT","stake_amount":99.72272426,"max_stake_amount":99.72272426,"amount":2610.0,"open_date":"2026-02-06 14:45:00+00:00","close_date":"2026-02-06 16:00:00+00:00","open_rate":0.09604,"close_rate":0.0970917643904344,"fee_open":0.0005,"fee_close":0.0005,"trade_duration":75,"profit_ratio":0.025072537956166055,"profit_abs":2.50155194,"exit_reason":"roi","initial_stop_loss_abs":0.09528,"initial_stop_loss_ratio":-0.02,"stop_loss_abs":0.0978,"stop_loss_ratio":-0.015,"min_rate":0.09538,"max_rate":0.09838,"is_open":false,"enter_tag":"","leverage":2.513613640818995,"is_short":false,"open_timestamp":1770389100000,"close_timestamp":1770393600000,"orders":[{"amount":2610.0,"safe_price":0.09604,"ft_order_side":"buy","order_filled_timestamp":1770389100000,"ft_is_entry":true,"ft_order_tag":"","cost":250.78973219999997},{"amount":2610.0,"safe_price":0.0970917643904344,"ft_order_side":"sell","order_filled_timestamp":1770393600000,"ft_is_entry":false,"ft_order_tag":"roi","cost":253.53620981156328}],"funding_fees":0.008483834294411432,"weekday":4},{"pair":"BTC/USDT:USDT","stake_amount":99.85069554,"max_stake_amount":99.85069554,"amount":0.0035,"open_date":"2026-02-07 12:30:00+00:00","close_date":"2026-02-07 12:45:00+00:00","open_rate":69292.4,"close_rate":69127.5,"fee_open":0.0005,"fee_close":0.0005,"trade_duration":15,"profit_ratio":-0.008201999374482438,"profit_abs":-0.81938483,"exit_reason":"trailing_stop_loss","initial_stop_loss_abs":68721.8245969365,"initial_stop_loss_ratio":-0.02,"stop_loss_abs":69534.10723694999,"stop_loss_ratio":-0.015,"min_rate":68780.0,"max_rate":69966.2,"is_open":false,"enter_tag":"","leverage":2.428860396994295,"is_short":false,"open_timestamp":1770467400000,"close_timestamp":1770468300000,"orders":[{"amount":0.0035,"safe_price":69292.4,"ft_order_side":"buy","order_filled_timestamp":1770467400000,"ft_is_entry":true,"ft_order_tag":"","cost":242.64466169999997},{"amount":0.0035,"safe_price":69127.5,"ft_order_side":"sell","order_filled_timestamp":1770468300000,"ft_is_entry":false,"ft_order_tag":"trailing_stop_loss","cost":242.06722312499997}],"funding_fees":0.0,"weekday":5},{"pair":"ETH/USDT:USDT","stake_amount":99.84091856,"max_stake_amount":99.84091856,"amount":0.115,"open_date":"2026-02-07 12:30:00+00:00","close_date":"2026-02-07 12:45:00+00:00","open_rate":2054.0,"close_rate":2036.6363619888987,"fee_open":0.0005,"fee_close":0.0005,"trade_duration":15,"profit_ratio":-0.022344691283286897,"profit_abs":-2.23202996,"exit_reason":"stop_loss","initial_stop_loss_abs":2036.6363619888987,"initial_stop_loss_ratio":-0.02,"stop_loss_abs":2036.6363619888987,"stop_loss_ratio":-0.02,"min_rate":2036.0,"max_rate":2069.81,"is_open":false,"enter_tag":"","leverage":2.3658636498719803,"is_short":false,"open_timestamp":1770467400000,"close_timestamp":1770468300000,"orders":[{"amount":0.115,"safe_price":2054.0,"ft_order_side":"buy","order_filled_timestamp":1770467400000,"ft_is_entry":true,"ft_order_tag":"","cost":236.328105},{"amount":0.115,"safe_price":2036.6363619888987,"ft_order_side":"sell","order_filled_timestamp":1770468300000,"ft_is_entry":false,"ft_order_tag":"stop_loss","cost":234.33028821953772}],"funding_fees":0.0,"weekday":5},{"pair":"SOL/USDT:USDT","stake_amount":99.61265138,"max_stake_amount":99.61265138,"amount":2.56,"open_date":"2026-02-09 17:45:00+00:00","close_date":"2026-02-09 18:00:00+00:00","open_rate":87.79,"close_rate":88.0705479648346,"fee_open":0.0005,"fee_close":0.0005,"trade_duration":15,"profit_ratio":0.004947713525836849,"profit_abs":0.49310129,"exit_reason":"trailing_stop_loss","initial_stop_loss_abs":87.0117761611073,"initial_stop_loss_ratio":-0.02,"stop_loss_abs":88.0705479648346,"stop_loss_ratio":-0.015,"min_rate":87.4,"max_rate":88.66,"is_open":false,"enter_tag":"","leverage":2.256163217125613,"is_short":false,"open_timestamp":1770659100000,"close_timestamp":1770660000000,"orders":[{"amount":2.56,"safe_price":87.79,"ft_order_side":"buy","order_filled_timestamp":1770659100000,"ft_is_entry":true,"ft_order_tag":"","cost":224.85477120000002},{"amount":2.56,"safe_price":88.0705479648346,"ft_order_side":"sell","order_filled_timestamp":1770660000000,"ft_is_entry":false,"ft_order_tag":"trailing_stop_loss","cost":225.57333309137155}],"funding_fees":0.0,"weekday":0},{"pair":"ETH/USDT:USDT","stake_amount":99.19495923,"max_stake_amount":99.19495923,"amount":0.105,"open_date":"2026-02-09 17:45:00+00:00","close_date":"2026-02-09 18:15:00+00:00","open_rate":2130.95,"close_rate":2112.055722051465,"fee_open":0.0005,"fee_close":0.0005,"trade_duration":30,"profit_ratio":-0.022234539234840606,"profit_abs":-2.20665699,"exit_reason":"stop_loss","initial_stop_loss_abs":2112.055722051465,"initial_stop_loss_ratio":-0.02,"stop_loss_abs":2112.055722051465,"stop_loss_ratio":-0.02,"min_rate":2108.53,"max_rate":2143.0,"is_open":false,"enter_tag":"","leverage":2.2556564540909267,"is_short":false,"open_timestamp":1770659100000,"close_timestamp":1770660900000,"orders":[{"amount":0.105,"safe_price":2130.95,"ft_order_side":"buy","order_filled_timestamp":1770659100000,"ft_is_entry":true,"ft_order_tag":"","cost":223.86162487499996},{"amount":0.105,"safe_price":2112.055722051465,"ft_order_side":"sell","order_filled_timestamp":1770660900000,"ft_is_entry":false,"ft_order_tag":"stop_loss","cost":221.87673374081152}],"funding_fees":0.0,"weekday":0},{"pair":"BTC/USDT:USDT","stake_amount":97.73214286,"max_stake_amount":97.73214286,"amount":0.004,"open_date":"2026-02-11 14:15:00+00:00","close_date":"2026-02-11 14:15:00+00:00","open_rate":68412.5,"close_rate":67923.83928571429,"fee_open":0.0005,"fee_close":0.0005,"trade_duration":0,"profit_ratio":-0.022778610738482398,"profit_abs":-2.22731554,"exit_reason":"stop_loss","initial_stop_loss_abs":67923.83928571429,"initial_stop_loss_ratio":-0.02,"stop_loss_abs":67923.83928571429,"stop_loss_ratio":-0.02,"min_rate":67907.2,"max_rate":68555.0,"is_open":false,"enter_tag":"","leverage":2.8000000000000003,"is_short":false,"open_timestamp":1770819300000,"close_timestamp":1770819300000,"orders":[{"amount":0.004,"safe_price":68412.5,"ft_order_side":"buy","order_filled_timestamp":1770819300000,"ft_is_entry":true,"ft_order_tag":"","cost":273.786825},{"amount":0.004,"safe_price":67923.83928571429,"ft_order_side":"sell","order_filled_timestamp":1770819300000,"ft_is_entry":false,"ft_order_tag":"stop_loss","cost":271.83120482142857}],"funding_fees":0.0,"weekday":2},{"pair":"ETH/USDT:USDT","stake_amount":99.41428929,"max_stake_amount":99.41428929,"amount":0.139,"open_date":"2026-02-11 14:15:00+00:00","close_date":"2026-02-11 14:15:00+00:00","open_rate":2002.59,"close_rate":1988.2857857142858,"fee_open":0.0005,"fee_close":0.0005,"trade_duration":0,"profit_ratio":-0.022778610666286347,"profit_abs":-2.26565165,"exit_reason":"stop_loss","initial_stop_loss_abs":1988.2857857142858,"initial_stop_loss_ratio":-0.02,"stop_loss_abs":1988.2857857142858,"stop_loss_ratio":-0.02,"min_rate":1981.5,"max_rate":2005.6,"is_open":false,"enter_tag":"","leverage":2.8000000000000003,"is_short":false,"open_timestamp":1770819300000,"close_timestamp":1770819300000,"orders":[{"amount":0.139,"safe_price":2002.59,"ft_order_side":"buy","order_filled_timestamp":1770819300000,"ft_is_entry":true,"ft_order_tag":"","cost":278.49919000499995},{"amount":0.139,"safe_price":1988.2857857142858,"ft_order_side":"sell","order_filled_timestamp":1770819300000,"ft_is_entry":false,"ft_order_tag":"stop_loss","cost":276.5099100763929}],"funding_fees":0.0,"weekday":2},{"pair":"SOL/USDT:USDT","stake_amount":99.99622787,"max_stake_amount":99.99622787,"amount":3.21,"open_date":"2026-02-11 14:15:00+00:00","close_date":"2026-02-11 14:15:00+00:00","open_rate":82.8,"close_rate":82.17697054289522,"fee_open":0.0005,"fee_close":0.0005,"trade_duration":0,"profit_ratio":-0.022636661981329572,"profit_abs":-2.2647126,"exit_reason":"stop_loss","initial_stop_loss_abs":82.17697054289522,"initial_stop_loss_ratio":-0.02,"stop_loss_abs":82.17697054289522,"stop_loss_ratio":-0.02,"min_rate":81.76,"max_rate":82.93,"is_open":false,"enter_tag":"","leverage":2.6579802625953377,"is_short":false,"open_timestamp":1770819300000,"close_timestamp":1770819300000,"orders":[{"amount":3.21,"safe_price":82.8,"ft_order_side":"buy","order_filled_timestamp":1770819300000,"ft_is_entry":true,"ft_order_tag":"","cost":265.920894},{"amount":3.21,"safe_price":82.17697054289522,"ft_order_side":"sell","order_filled_timestamp":1770819300000,"ft_is_entry":false,"ft_order_tag":"stop_loss","cost":263.919969480415}],"funding_fees":0.0,"weekday":2},{"pair":"DOGE/USDT:USDT","stake_amount":99.84228571,"max_stake_amount":99.84228571,"amount":3040.0,"open_date":"2026-02-11 14:15:00+00:00","close_date":"2026-02-11 14:15:00+00:00","open_rate":0.09196,"close_rate":0.09131,"fee_open":0.0005,"fee_close":0.0005,"trade_duration":0,"profit_ratio":-0.02257003294785839,"profit_abs":-2.2545704,"exit_reason":"stop_loss","initial_stop_loss_abs":0.09131,"initial_stop_loss_ratio":-0.02,"stop_loss_abs":0.09131,"stop_loss_ratio":-0.02,"min_rate":0.09082,"max_rate":0.09206,"is_open":false,"enter_tag":"","leverage":2.8000000000000003,"is_short":false,"open_timestamp":1770819300000,"close_timestamp":1770819300000,"orders":[{"amount":3040.0,"safe_price":0.09196,"ft_order_side":"buy","order_filled_timestamp":1770819300000,"ft_is_entry":true,"ft_order_tag":"","cost":279.69817919999997},{"amount":3040.0,"safe_price":0.09131,"ft_order_side":"sell","order_filled_timestamp":1770819300000,"ft_is_entry":false,"ft_order_tag":"stop_loss","cost":277.72119119999996}],"funding_fees":0.0,"weekday":2},{"pair":"SOL/USDT:USDT","stake_amount":99.77361044,"max_stake_amount":99.77361044,"amount":2.93,"open_date":"2026-02-15 04:15:00+00:00","close_date":"2026-02-15 04:15:00+00:00","open_rate":89.42,"close_rate":88.73895146457396,"fee_open":0.0005,"fee_close":0.0005,"trade_duration":0,"profit_ratio":-0.022604648527378503,"profit_abs":-2.25647507,"exit_reason":"stop_loss","initial_stop_loss_abs":88.73895146457396,"initial_stop_loss_ratio":-0.02,"stop_loss_abs":88.73895146457396,"stop_loss_ratio":-0.02,"min_rate":88.36,"max_rate":89.75,"is_open":false,"enter_tag":"","leverage":2.62595087864222,"is_short":false,"open_timestamp":1771128900000,"close_timestamp":1771128900000,"orders":[{"amount":2.93,"safe_price":89.42,"ft_order_side":"buy","order_filled_timestamp":1771128900000,"ft_is_entry":true,"ft_order_tag":"","cost":262.1316003},{"amount":2.93,"safe_price":88.73895146457396,"ft_order_side":"sell","order_filled_timestamp":1771128900000,"ft_is_entry":false,"ft_order_tag":"stop_loss","cost":260.13513035509726}],"funding_fees":0.0,"weekday":6},{"pair":"DOGE/USDT:USDT","stake_amount":99.94165865,"max_stake_amount":99.94165865,"amount":1930.0,"open_date":"2026-02-15 04:15:00+00:00","close_date":"2026-02-15 04:15:00+00:00","open_rate":0.11709,"close_rate":0.11606,"fee_open":0.0005,"fee_close":0.0005,"trade_duration":0,"profit_ratio":-0.022130749959200145,"profit_abs":-2.21288975,"exit_reason":"stop_loss","initial_stop_loss_abs":0.11606,"initial_stop_loss_ratio":-0.02,"stop_loss_abs":0.11606,"stop_loss_ratio":-0.02,"min_rate":0.11372,"max_rate":0.11744,"is_open":false,"enter_tag":"","leverage":2.2611561890666607,"is_short":false,"open_timestamp":1771128900000,"close_timestamp":1771128900000,"orders":[{"amount":1930.0,"safe_price":0.11709,"ft_order_side":"buy","order_filled_timestamp":1771128900000,"ft_is_entry":true,"ft_order_tag":"","cost":226.09669184999998},{"amount":1930.0,"safe_price":0.11606,"ft_order_side":"sell","order_filled_timestamp":1771128900000,"ft_is_entry":false,"ft_order_tag":"stop_loss","cost":224.10779789999998}],"funding_fees":0.0,"weekday":6},{"pair":"DOGE/USDT:USDT","stake_amount":99.66488153,"max_stake_amount":99.66488153,"amount":2620.0,"open_date":"2026-02-17 16:15:00+00:00","close_date":"2026-02-17 16:30:00+00:00","open_rate":0.10243,"close_rate":0.10297,"fee_open":0.0005,"fee_close":0.0005,"trade_duration":15,"profit_ratio":0.01149003947703877,"profit_abs":1.145726,"exit_reason":"trailing_stop_loss","initial_stop_loss_abs":0.10167,"initial_stop_loss_ratio":-0.02,"stop_loss_abs":0.10297,"stop_loss_ratio":-0.015,"min_rate":0.10177,"max_rate":0.10354,"is_open":false,"enter_tag":"","leverage":2.6926897004456847,"is_short":false,"open_timestamp":1771344900000,"close_timestamp":1771345800000,"orders":[{"amount":2620.0,"safe_price":0.10243,"ft_order_side":"buy","order_filled_timestamp":1771344900000,"ft_is_entry":true,"ft_order_tag":"","cost":268.50078329999997},{"amount":2620.0,"safe_price":0.10297,"ft_order_side":"sell","order_filled_timestamp":1771345800000,"ft_is_entry":false,"ft_order_tag":"trailing_stop_loss","cost":269.9162907}],"funding_fees":0.0,"weekday":1},{"pair":"DOGE/USDT:USDT","stake_amount":99.72485517,"max_stake_amount":99.72485517,"amount":2340.0,"open_date":"2026-02-20 16:15:00+00:00","close_date":"2026-02-20 16:15:00+00:00","open_rate":0.10183,"close_rate":0.10098,"fee_open":0.0005,"fee_close":0.0005,"trade_duration":0,"profit_ratio":-0.022313144587086296,"profit_abs":-2.2262877,"exit_reason":"stop_loss","initial_stop_loss_abs":0.10098,"initial_stop_loss_ratio":-0.02,"stop_loss_abs":0.10098,"stop_loss_ratio":-0.02,"min_rate":0.10085,"max_rate":0.10237,"is_open":false,"enter_tag":"","leverage":2.3893963002713345,"is_short":false,"open_timestamp":1771604100000,"close_timestamp":1771604100000,"orders":[{"amount":2340.0,"safe_price":0.10183,"ft_order_side":"buy","order_filled_timestamp":1771604100000,"ft_is_entry":true,"ft_order_tag":"","cost":238.4013411},{"amount":2340.0,"safe_price":0.10098,"ft_order_side":"sell","order_filled_timestamp":1771604100000,"ft_is_entry":false,"ft_order_tag":"stop_loss","cost":236.4113466}],"funding_fees":0.0,"weekday":4}],"locks":[],"best_pair":{"key":"BTC/USDT:USDT","trades":3,"profit_mean":-0.005329368797842409,"profit_mean_pct":-0.53,"profit_total_abs":-1.55355923,"profit_total":-0.00155355923,"profit_total_pct":-0.16,"duration_avg":"1:15:00","wins":1,"draws":0,"losses":2,"winrate":0.3333333333333333,"cagr":-0.006285607375117408,"expectancy":-0.5178530766666665,"expectancy_ratio":-0.3399435545193876,"sortino":-0.46846856254126895,"sharpe":-0.21501742624720807,"calmar":-10.840516438414367,"sqn":-0.4775,"profit_factor":0.4900846682209187,"max_drawdown_account":0.0030421579987377576,"max_drawdown_abs":3.04670037},"worst_pair":{"key":"SOL/USDT:USDT","trades":14,"profit_mean":-0.016118937949920226,"profit_mean_pct":-1.61,"profit_total_abs":-22.511223100000002,"profit_total":-0.0225112231,"profit_total_pct":-2.25,"duration_avg":"0:30:00","wins":2,"draws":0,"losses":12,"winrate":0.14285714285714285,"cagr":-0.0882038096780775,"expectancy":-1.6079445071428573,"expectancy_ratio":-0.7145428463284638,"sortino":-216.13338282440105,"sharpe":-2.7987236212664905,"calmar":-18.097399587898124,"sqn":-3.3955,"profit_factor":0.16636667928345902,"max_drawdown_account":0.026405040579497503,"max_drawdown_abs":26.51064549},"results_per_pair":[{"key":"BTC/USDT:USDT","trades":3,"profit_mean":-0.005329368797842409,"profit_mean_pct":-0.53,"profit_total_abs":-1.55355923,"profit_total":-0.00155355923,"profit_total_pct":-0.16,"duration_avg":"1:15:00","wins":1,"draws":0,"losses":2,"winrate":0.3333333333333333,"cagr":-0.006285607375117408,"expectancy":-0.5178530766666665,"expectancy_ratio":-0.3399435545193876,"sortino":-0.46846856254126895,"sharpe":-0.21501742624720807,"calmar":-10.840516438414367,"sqn":-0.4775,"profit_factor":0.4900846682209187,"max_drawdown_account":0.0030421579987377576,"max_drawdown_abs":3.04670037},{"key":"ETH/USDT:USDT","trades":15,"profit_mean":-0.008350310709063898,"profit_mean_pct":-0.84,"profit_total_abs":-12.464692170000001,"profit_total":-0.012464692170000001,"profit_total_pct":-1.25,"duration_avg":"0:16:00","wins":6,"draws":0,"losses":9,"winrate":0.4,"cagr":-0.049596784644636016,"expectancy":-0.8309794779999999,"expectancy_ratio":-0.37048514805542876,"sortino":-100.84909683091483,"sharpe":-1.5013159286782054,"calmar":-18.57813993301463,"sqn":-1.7642,"profit_factor":0.38252475324095214,"max_drawdown_account":0.014242402354799363,"max_drawdown_abs":14.26808703},{"key":"DOGE/USDT:USDT","trades":19,"profit_mean":-0.011173982999473859,"profit_mean_pct":-1.12,"profit_total_abs":-21.19682163,"profit_total":-0.021196821629999998,"profit_total_pct":-2.12,"duration_avg":"0:34:00","wins":5,"draws":0,"losses":14,"winrate":0.2631578947368421,"cagr":-0.08322120436064329,"expectancy":-1.1156221910526312,"expectancy_ratio":-0.5297398652498899,"sortino":-10.282952571206694,"sharpe":-2.6064582724791747,"calmar":-21.22774797171417,"sqn":-2.7418,"profit_factor":0.28106732573229226,"max_drawdown_account":0.021196821630000046,"max_drawdown_abs":21.19682163},{"key":"SOL/USDT:USDT","trades":14,"profit_mean":-0.016118937949920226,"profit_mean_pct":-1.61,"profit_total_abs":-22.511223100000002,"profit_total":-0.0225112231,"profit_total_pct":-2.25,"duration_avg":"0:30:00","wins":2,"draws":0,"losses":12,"winrate":0.14285714285714285,"cagr":-0.0882038096780775,"expectancy":-1.6079445071428573,"expectancy_ratio":-0.7145428463284638,"sortino":-216.13338282440105,"sharpe":-2.7987236212664905,"calmar":-18.097399587898124,"sqn":-3.3955,"profit_factor":0.16636667928345902,"max_drawdown_account":0.026405040579497503,"max_drawdown_abs":26.51064549},{"key":"TOTAL","trades":51,"profit_mean":-0.011357128927811221,"profit_mean_pct":-1.14,"profit_total_abs":-57.726296129999994,"profit_total":-0.05772629612999999,"profit_total_pct":-5.77,"duration_avg":"0:30:00","wins":14,"draws":0,"losses":37,"winrate":0.27450980392156865,"cagr":-0.21426937922987876,"expectancy":-1.1318881594117647,"expectancy_ratio":-0.5253321471838981,"sortino":-34.40354049373882,"sharpe":-6.989578894031103,"calmar":-19.93172674772559,"sqn":-4.5652,"profit_factor":0.275893526854627,"max_drawdown_account":0.06147983469259692,"max_drawdown_abs":61.72571852}],"results_per_enter_tag":[{"key":"","trades":51,"profit_mean":-0.011357128927811221,"profit_mean_pct":-1.14,"profit_total_abs":-57.726296129999994,"profit_total":-0.05772629612999999,"profit_total_pct":-5.77,"duration_avg":"0:30:00","wins":14,"draws":0,"losses":37,"winrate":0.27450980392156865,"cagr":-0.21426937922987876,"expectancy":-1.1318881594117647,"expectancy_ratio":-0.5253321471838981,"sortino":-34.40354049373882,"sharpe":-6.989578894031103,"calmar":-19.93172674772559,"sqn":-4.5652,"profit_factor":0.275893526854627,"max_drawdown_account":0.06147983469259692,"max_drawdown_abs":61.72571852},{"key":"TOTAL","trades":51,"profit_mean":-0.011357128927811221,"profit_mean_pct":-1.14,"profit_total_abs":-57.726296129999994,"profit_total":-0.05772629612999999,"profit_total_pct":-5.77,"duration_avg":"0:30:00","wins":14,"draws":0,"losses":37,"winrate":0.27450980392156865,"cagr":-0.21426937922987876,"expectancy":-1.1318881594117647,"expectancy_ratio":-0.5253321471838981,"sortino":-34.40354049373882,"sharpe":-6.989578894031103,"calmar":-19.93172674772559,"sqn":-4.5652,"profit_factor":0.275893526854627,"max_drawdown_account":0.06147983469259692,"max_drawdown_abs":61.72571852}],"exit_reason_summary":[{"key":"trailing_stop_loss","trades":12,"profit_mean":0.00931926612361954,"profit_mean_pct":0.93,"profit_total_abs":11.1564412,"profit_total":0.0111564412,"profit_total_pct":1.12,"duration_avg":"0:22:00","wins":10,"draws":0,"losses":2,"winrate":0.8333333333333334,"cagr":0.04602267052232056,"expectancy":0.9297034333333335,"expectancy_ratio":1.37655370256907,"sortino":16.446253907627312,"sharpe":2.661202841729097,"calmar":292.01686999762006,"sqn":3.4649,"profit_factor":9.259322215414418,"max_drawdown_account":0.000811001508429219,"max_drawdown_abs":0.8193848300000006},{"key":"roi","trades":4,"profit_mean":0.023759388857382,"profit_mean_pct":2.38,"profit_total_abs":9.487222390000001,"profit_total":0.009487222390000001,"profit_total_pct":0.95,"duration_avg":"2:00:00","wins":4,"draws":0,"losses":0,"winrate":1.0,"cagr":0.039037276448133706,"expectancy":2.3718055975000003,"expectancy_ratio":100.0,"sortino":-100,"sharpe":1.9630216294242457,"calmar":-100,"sqn":4.0043,"profit_factor":0.0,"max_drawdown_account":0.0,"max_drawdown_abs":0.0},{"key":"stop_loss","trades":35,"profit_mean":-0.022459494978038137,"profit_mean_pct":-2.25,"profit_total_abs":-78.36995972,"profit_total":-0.07836995972,"profit_total_pct":-7.84,"duration_avg":"0:22:00","wins":0,"draws":0,"losses":35,"winrate":0.0,"cagr":-0.2817801373716552,"expectancy":-2.2391417062857144,"expectancy_ratio":-1.0,"sortino":-606.8979265002511,"sharpe":-606.8979265002511,"calmar":-21.227747971714223,"sqn":-476.3028,"profit_factor":0.0,"max_drawdown_account":0.07836995972,"max_drawdown_abs":78.36995972},{"key":"TOTAL","trades":51,"profit_mean":-0.011357128927811221,"profit_mean_pct":-1.14,"profit_total_abs":-57.726296129999994,"profit_total":-0.05772629612999999,"profit_total_pct":-5.77,"duration_avg":"0:30:00","wins":14,"draws":0,"losses":37,"winrate":0.27450980392156865,"cagr":-0.21426937922987876,"expectancy":-1.1318881594117647,"expectancy_ratio":-0.5253321471838981,"sortino":-34.40354049373882,"sharpe":-6.989578894031103,"calmar":-19.93172674772559,"sqn":-4.5652,"profit_factor":0.275893526854627,"max_drawdown_account":0.06147983469259692,"max_drawdown_abs":61.72571852}],"mix_tag_stats":[{"key":["","trailing_stop_loss"],"trades":12,"profit_mean":0.00931926612361954,"profit_mean_pct":0.93,"profit_total_abs":11.1564412,"profit_total":0.0111564412,"profit_total_pct":1.12,"duration_avg":"0:22:00","wins":10,"draws":0,"losses":2,"winrate":0.8333333333333334,"cagr":0.04602267052232056,"expectancy":0.9297034333333335,"expectancy_ratio":1.37655370256907,"sortino":16.446253907627312,"sharpe":2.661202841729097,"calmar":292.01686999762006,"sqn":3.4649,"profit_factor":9.259322215414418,"max_drawdown_account":0.000811001508429219,"max_drawdown_abs":0.8193848300000006},{"key":["","roi"],"trades":4,"profit_mean":0.023759388857382,"profit_mean_pct":2.38,"profit_total_abs":9.487222390000001,"profit_total":0.009487222390000001,"profit_total_pct":0.95,"duration_avg":"2:00:00","wins":4,"draws":0,"losses":0,"winrate":1.0,"cagr":0.039037276448133706,"expectancy":2.3718055975000003,"expectancy_ratio":100.0,"sortino":-100,"sharpe":1.9630216294242457,"calmar":-100,"sqn":4.0043,"profit_factor":0.0,"max_drawdown_account":0.0,"max_drawdown_abs":0.0},{"key":["","stop_loss"],"trades":35,"profit_mean":-0.022459494978038137,"profit_mean_pct":-2.25,"profit_total_abs":-78.36995972,"profit_total":-0.07836995972,"profit_total_pct":-7.84,"duration_avg":"0:22:00","wins":0,"draws":0,"losses":35,"winrate":0.0,"cagr":-0.2817801373716552,"expectancy":-2.2391417062857144,"expectancy_ratio":-1.0,"sortino":-606.8979265002511,"sharpe":-606.8979265002511,"calmar":-21.227747971714223,"sqn":-476.3028,"profit_factor":0.0,"max_drawdown_account":0.07836995972,"max_drawdown_abs":78.36995972},{"key":"TOTAL","trades":51,"profit_mean":-0.011357128927811221,"profit_mean_pct":-1.14,"profit_total_abs":-57.726296129999994,"profit_total":-0.05772629612999999,"profit_total_pct":-5.77,"duration_avg":"0:30:00","wins":14,"draws":0,"losses":37,"winrate":0.27450980392156865,"cagr":-0.21426937922987876,"expectancy":-1.1318881594117647,"expectancy_ratio":-0.5253321471838981,"sortino":-34.40354049373882,"sharpe":-6.989578894031103,"calmar":-19.93172674772559,"sqn":-4.5652,"profit_factor":0.275893526854627,"max_drawdown_account":0.06147983469259692,"max_drawdown_abs":61.72571852}],"left_open_trades":[{"key":"TOTAL","trades":0,"profit_mean":0.0,"profit_mean_pct":0.0,"profit_total_abs":0.0,"profit_total":0.0,"profit_total_pct":0.0,"duration_avg":"0:00","wins":0,"draws":0,"losses":0,"winrate":0.0,"cagr":0.0,"expectancy":0.0,"expectancy_ratio":100.0,"sortino":0,"sharpe":0,"calmar":0,"sqn":0.0,"profit_factor":0.0,"max_drawdown_account":0.0,"max_drawdown_abs":0.0}],"total_trades":51,"trade_count_long":51,"trade_count_short":0,"total_volume":25544.203096446683,"avg_stake_amount":99.67313336705884,"profit_mean":-0.011357128927811221,"profit_median":-0.0222146739681157,"profit_total":-0.05772629612999999,"profit_total_long":-0.05772629612999999,"profit_total_short":0.0,"profit_total_abs":-57.726296129999994,"profit_total_long_abs":-57.726296129999994,"profit_total_short_abs":0.0,"cagr":-0.21426937922987876,"expectancy":-1.1318881594117647,"expectancy_ratio":-0.5253321471838981,"sortino":-34.40354049373882,"sharpe":-6.989578894031103,"calmar":-19.93172674772559,"sqn":-4.5652,"profit_factor":0.275893526854627,"backtest_start":"2025-11-25 00:00:00","backtest_start_ts":1764028800000,"backtest_end":"2026-02-23 00:00:00","backtest_end_ts":1771804800000,"backtest_days":90,"backtest_run_start_ts":1771811347,"backtest_run_end_ts":1771811348,"trades_per_day":0.57,"market_change":-0.33032719220100787,"pairlist":["BTC/USDT:USDT","ETH/USDT:USDT","SOL/USDT:USDT","DOGE/USDT:USDT"],"stake_amount":100.0,"stake_currency":"USDT","stake_currency_decimals":3,"starting_balance":1000,"dry_run_wallet":1000,"final_balance":942.27370387,"rejected_signals":0,"timedout_entry_orders":0,"timedout_exit_orders":5,"canceled_trade_entries":0,"canceled_entry_orders":0,"replaced_entry_orders":0,"max_open_trades":3,"max_open_trades_setting":3,"timeframe":"15m","timeframe_detail":"","timerange":"20251125-20260223","enable_protections":false,"strategy_name":"BreakoutStrategyV1","freqaimodel":null,"freqai_identifier":null,"stoploss":-0.02,"trailing_stop":true,"trailing_stop_positive":0.015,"trailing_stop_positive_offset":0.02,"trailing_only_offset_is_reached":true,"use_custom_stoploss":false,"minimal_roi":{"0":0.04,"60":0.025,"120":0.015,"240":0.01},"use_exit_signal":true,"exit_profit_only":false,"exit_profit_offset":0.0,"ignore_roi_if_entry_signal":false,"trading_mode":"futures","margin_mode":"isolated","periodic_breakdown":{"day":[{"date":"26/11/2025","date_ts":1764115200000,"profit_abs":3.99942239,"wins":1,"draws":0,"losses":0,"trades":1,"profit_factor":0.0},{"date":"27/11/2025","date_ts":1764201600000,"profit_abs":0.0,"wins":0,"draws":0,"losses":0,"trades":0,"profit_factor":0.0},{"date":"28/11/2025","date_ts":1764288000000,"profit_abs":0.0,"wins":0,"draws":0,"losses":0,"trades":0,"profit_factor":0.0},{"date":"29/11/2025","date_ts":1764374400000,"profit_abs":0.0,"wins":0,"draws":0,"losses":0,"trades":0,"profit_factor":0.0},{"date":"30/11/2025","date_ts":1764460800000,"profit_abs":0.0,"wins":0,"draws":0,"losses":0,"trades":0,"profit_factor":0.0},{"date":"01/12/2025","date_ts":1764547200000,"profit_abs":0.0,"wins":0,"draws":0,"losses":0,"trades":0,"profit_factor":0.0},{"date":"02/12/2025","date_ts":1764633600000,"profit_abs":0.0,"wins":0,"draws":0,"losses":0,"trades":0,"profit_factor":0.0},{"date":"03/12/2025","date_ts":1764720000000,"profit_abs":-4.51886782,"wins":0,"draws":0,"losses":2,"trades":2,"profit_factor":0.0},{"date":"04/12/2025","date_ts":1764806400000,"profit_abs":0.0,"wins":0,"draws":0,"losses":0,"trades":0,"profit_factor":0.0},{"date":"05/12/2025","date_ts":1764892800000,"profit_abs":0.0,"wins":0,"draws":0,"losses":0,"trades":0,"profit_factor":0.0},{"date":"06/12/2025","date_ts":1764979200000,"profit_abs":0.0,"wins":0,"draws":0,"losses":0,"trades":0,"profit_factor":0.0},{"date":"07/12/2025","date_ts":1765065600000,"profit_abs":1.51253664,"wins":1,"draws":0,"losses":0,"trades":1,"profit_factor":0.0},{"date":"08/12/2025","date_ts":1765152000000,"profit_abs":0.0,"wins":0,"draws":0,"losses":0,"trades":0,"profit_factor":0.0},{"date":"09/12/2025","date_ts":1765238400000,"profit_abs":0.0,"wins":0,"draws":0,"losses":0,"trades":0,"profit_factor":0.0},{"date":"10/12/2025","date_ts":1765324800000,"profit_abs":-2.1999776,"wins":0,"draws":0,"losses":1,"trades":1,"profit_factor":0.0},{"date":"11/12/2025","date_ts":1765411200000,"profit_abs":0.0,"wins":0,"draws":0,"losses":0,"trades":0,"profit_factor":0.0},{"date":"12/12/2025","date_ts":1765497600000,"profit_abs":0.0,"wins":0,"draws":0,"losses":0,"trades":0,"profit_factor":0.0},{"date":"13/12/2025","date_ts":1765584000000,"profit_abs":0.0,"wins":0,"draws":0,"losses":0,"trades":0,"profit_factor":0.0},{"date":"14/12/2025","date_ts":1765670400000,"profit_abs":0.0,"wins":0,"draws":0,"losses":0,"trades":0,"profit_factor":0.0},{"date":"15/12/2025","date_ts":1765756800000,"profit_abs":0.0,"wins":0,"draws":0,"losses":0,"trades":0,"profit_factor":0.0},{"date":"16/12/2025","date_ts":1765843200000,"profit_abs":0.0,"wins":0,"draws":0,"losses":0,"trades":0,"profit_factor":0.0},{"date":"17/12/2025","date_ts":1765929600000,"profit_abs":1.51468267,"wins":1,"draws":0,"losses":0,"trades":1,"profit_factor":0.0},{"date":"18/12/2025","date_ts":1766016000000,"profit_abs":-2.22379223,"wins":0,"draws":0,"losses":1,"trades":1,"profit_factor":0.0},{"date":"19/12/2025","date_ts":1766102400000,"profit_abs":-0.47523157,"wins":3,"draws":0,"losses":2,"trades":5,"profit_factor":0.89450989},{"date":"20/12/2025","date_ts":1766188800000,"profit_abs":0.0,"wins":0,"draws":0,"losses":0,"trades":0,"profit_factor":0.0},{"date":"21/12/2025","date_ts":1766275200000,"profit_abs":0.0,"wins":0,"draws":0,"losses":0,"trades":0,"profit_factor":0.0},{"date":"22/12/2025","date_ts":1766361600000,"profit_abs":0.0,"wins":0,"draws":0,"losses":0,"trades":0,"profit_factor":0.0},{"date":"23/12/2025","date_ts":1766448000000,"profit_abs":0.0,"wins":0,"draws":0,"losses":0,"trades":0,"profit_factor":0.0},{"date":"24/12/2025","date_ts":1766534400000,"profit_abs":0.0,"wins":0,"draws":0,"losses":0,"trades":0,"profit_factor":0.0},{"date":"25/12/2025","date_ts":1766620800000,"profit_abs":0.0,"wins":0,"draws":0,"losses":0,"trades":0,"profit_factor":0.0},{"date":"26/12/2025","date_ts":1766707200000,"profit_abs":-6.79882098,"wins":0,"draws":0,"losses":3,"trades":3,"profit_factor":0.0},{"date":"27/12/2025","date_ts":1766793600000,"profit_abs":0.0,"wins":0,"draws":0,"losses":0,"trades":0,"profit_factor":0.0},{"date":"28/12/2025","date_ts":1766880000000,"profit_abs":0.0,"wins":0,"draws":0,"losses":0,"trades":0,"profit_factor":0.0},{"date":"29/12/2025","date_ts":1766966400000,"profit_abs":0.0,"wins":0,"draws":0,"losses":0,"trades":0,"profit_factor":0.0},{"date":"30/12/2025","date_ts":1767052800000,"profit_abs":0.0,"wins":0,"draws":0,"losses":0,"trades":0,"profit_factor":0.0},{"date":"31/12/2025","date_ts":1767139200000,"profit_abs":0.0,"wins":0,"draws":0,"losses":0,"trades":0,"profit_factor":0.0},{"date":"01/01/2026","date_ts":1767225600000,"profit_abs":0.0,"wins":0,"draws":0,"losses":0,"trades":0,"profit_factor":0.0},{"date":"02/01/2026","date_ts":1767312000000,"profit_abs":2.185129,"wins":1,"draws":0,"losses":0,"trades":1,"profit_factor":0.0},{"date":"03/01/2026","date_ts":1767398400000,"profit_abs":0.0,"wins":0,"draws":0,"losses":0,"trades":0,"profit_factor":0.0},{"date":"04/01/2026","date_ts":1767484800000,"profit_abs":0.0,"wins":0,"draws":0,"losses":0,"trades":0,"profit_factor":0.0},{"date":"05/01/2026","date_ts":1767571200000,"profit_abs":-2.20724075,"wins":0,"draws":0,"losses":1,"trades":1,"profit_factor":0.0},{"date":"06/01/2026","date_ts":1767657600000,"profit_abs":0.0,"wins":0,"draws":0,"losses":0,"trades":0,"profit_factor":0.0},{"date":"07/01/2026","date_ts":1767744000000,"profit_abs":0.0,"wins":0,"draws":0,"losses":0,"trades":0,"profit_factor":0.0},{"date":"08/01/2026","date_ts":1767830400000,"profit_abs":0.0,"wins":0,"draws":0,"losses":0,"trades":0,"profit_factor":0.0},{"date":"09/01/2026","date_ts":1767916800000,"profit_abs":-2.78085831,"wins":0,"draws":0,"losses":2,"trades":2,"profit_factor":0.0},{"date":"10/01/2026","date_ts":1768003200000,"profit_abs":0.0,"wins":0,"draws":0,"losses":0,"trades":0,"profit_factor":0.0},{"date":"11/01/2026","date_ts":1768089600000,"profit_abs":0.0,"wins":0,"draws":0,"losses":0,"trades":0,"profit_factor":0.0},{"date":"12/01/2026","date_ts":1768176000000,"profit_abs":0.0,"wins":0,"draws":0,"losses":0,"trades":0,"profit_factor":0.0},{"date":"13/01/2026","date_ts":1768262400000,"profit_abs":-2.27376644,"wins":0,"draws":0,"losses":1,"trades":1,"profit_factor":0.0},{"date":"14/01/2026","date_ts":1768348800000,"profit_abs":0.0,"wins":0,"draws":0,"losses":0,"trades":0,"profit_factor":0.0},{"date":"15/01/2026","date_ts":1768435200000,"profit_abs":0.0,"wins":0,"draws":0,"losses":0,"trades":0,"profit_factor":0.0},{"date":"16/01/2026","date_ts":1768521600000,"profit_abs":0.0,"wins":0,"draws":0,"losses":0,"trades":0,"profit_factor":0.0},{"date":"17/01/2026","date_ts":1768608000000,"profit_abs":0.0,"wins":0,"draws":0,"losses":0,"trades":0,"profit_factor":0.0},{"date":"18/01/2026","date_ts":1768694400000,"profit_abs":0.0,"wins":0,"draws":0,"losses":0,"trades":0,"profit_factor":0.0},{"date":"19/01/2026","date_ts":1768780800000,"profit_abs":0.0,"wins":0,"draws":0,"losses":0,"trades":0,"profit_factor":0.0},{"date":"20/01/2026","date_ts":1768867200000,"profit_abs":0.0,"wins":0,"draws":0,"losses":0,"trades":0,"profit_factor":0.0},{"date":"21/01/2026","date_ts":1768953600000,"profit_abs":-2.61647179,"wins":2,"draws":0,"losses":2,"trades":4,"profit_factor":0.40723794},{"date":"22/01/2026","date_ts":1769040000000,"profit_abs":0.0,"wins":0,"draws":0,"losses":0,"trades":0,"profit_factor":0.0},{"date":"23/01/2026","date_ts":1769126400000,"profit_abs":0.0,"wins":0,"draws":0,"losses":0,"trades":0,"profit_factor":0.0},{"date":"24/01/2026","date_ts":1769212800000,"profit_abs":0.0,"wins":0,"draws":0,"losses":0,"trades":0,"profit_factor":0.0},{"date":"25/01/2026","date_ts":1769299200000,"profit_abs":0.0,"wins":0,"draws":0,"losses":0,"trades":0,"profit_factor":0.0},{"date":"26/01/2026","date_ts":1769385600000,"profit_abs":0.0,"wins":0,"draws":0,"losses":0,"trades":0,"profit_factor":0.0},{"date":"27/01/2026","date_ts":1769472000000,"profit_abs":-6.17078473,"wins":1,"draws":0,"losses":3,"trades":4,"profit_factor":0.08733625},{"date":"28/01/2026","date_ts":1769558400000,"profit_abs":0.0,"wins":0,"draws":0,"losses":0,"trades":0,"profit_factor":0.0},{"date":"29/01/2026","date_ts":1769644800000,"profit_abs":0.0,"wins":0,"draws":0,"losses":0,"trades":0,"profit_factor":0.0},{"date":"30/01/2026","date_ts":1769731200000,"profit_abs":-2.1896316,"wins":0,"draws":0,"losses":1,"trades":1,"profit_factor":0.0},{"date":"31/01/2026","date_ts":1769817600000,"profit_abs":0.0,"wins":0,"draws":0,"losses":0,"trades":0,"profit_factor":0.0},{"date":"01/02/2026","date_ts":1769904000000,"profit_abs":0.0,"wins":0,"draws":0,"losses":0,"trades":0,"profit_factor":0.0},{"date":"02/02/2026","date_ts":1769990400000,"profit_abs":-4.52999726,"wins":0,"draws":0,"losses":2,"trades":2,"profit_factor":0.0},{"date":"03/02/2026","date_ts":1770076800000,"profit_abs":-2.17974387,"wins":1,"draws":0,"losses":2,"trades":3,"profit_factor":0.50507652},{"date":"04/02/2026","date_ts":1770163200000,"profit_abs":0.0,"wins":0,"draws":0,"losses":0,"trades":0,"profit_factor":0.0},{"date":"05/02/2026","date_ts":1770249600000,"profit_abs":0.0,"wins":0,"draws":0,"losses":0,"trades":0,"profit_factor":0.0},{"date":"06/02/2026","date_ts":1770336000000,"profit_abs":-6.44573468,"wins":1,"draws":0,"losses":4,"trades":5,"profit_factor":0.27958777},{"date":"07/02/2026","date_ts":1770422400000,"profit_abs":-3.05141479,"wins":0,"draws":0,"losses":2,"trades":2,"profit_factor":0.0},{"date":"08/02/2026","date_ts":1770508800000,"profit_abs":0.0,"wins":0,"draws":0,"losses":0,"trades":0,"profit_factor":0.0},{"date":"09/02/2026","date_ts":1770595200000,"profit_abs":-1.7135557,"wins":1,"draws":0,"losses":1,"trades":2,"profit_factor":0.22346078},{"date":"10/02/2026","date_ts":1770681600000,"profit_abs":0.0,"wins":0,"draws":0,"losses":0,"trades":0,"profit_factor":0.0},{"date":"11/02/2026","date_ts":1770768000000,"profit_abs":-9.01225019,"wins":0,"draws":0,"losses":4,"trades":4,"profit_factor":0.0},{"date":"12/02/2026","date_ts":1770854400000,"profit_abs":0.0,"wins":0,"draws":0,"losses":0,"trades":0,"profit_factor":0.0},{"date":"13/02/2026","date_ts":1770940800000,"profit_abs":0.0,"wins":0,"draws":0,"losses":0,"trades":0,"profit_factor":0.0},{"date":"14/02/2026","date_ts":1771027200000,"profit_abs":0.0,"wins":0,"draws":0,"losses":0,"trades":0,"profit_factor":0.0},{"date":"15/02/2026","date_ts":1771113600000,"profit_abs":-4.46936482,"wins":0,"draws":0,"losses":2,"trades":2,"profit_factor":0.0},{"date":"16/02/2026","date_ts":1771200000000,"profit_abs":0.0,"wins":0,"draws":0,"losses":0,"trades":0,"profit_factor":0.0},{"date":"17/02/2026","date_ts":1771286400000,"profit_abs":1.145726,"wins":1,"draws":0,"losses":0,"trades":1,"profit_factor":0.0},{"date":"18/02/2026","date_ts":1771372800000,"profit_abs":0.0,"wins":0,"draws":0,"losses":0,"trades":0,"profit_factor":0.0},{"date":"19/02/2026","date_ts":1771459200000,"profit_abs":0.0,"wins":0,"draws":0,"losses":0,"trades":0,"profit_factor":0.0},{"date":"20/02/2026","date_ts":1771545600000,"profit_abs":-2.2262877,"wins":0,"draws":0,"losses":1,"trades":1,"profit_factor":0.0}],"week":[{"date":"01/12/2025","date_ts":1764547200000,"profit_abs":3.99942239,"wins":1,"draws":0,"losses":0,"trades":1,"profit_factor":0.0},{"date":"08/12/2025","date_ts":1765152000000,"profit_abs":-3.00633118,"wins":1,"draws":0,"losses":2,"trades":3,"profit_factor":0.33471584},{"date":"15/12/2025","date_ts":1765756800000,"profit_abs":-2.1999776,"wins":0,"draws":0,"losses":1,"trades":1,"profit_factor":0.0},{"date":"22/12/2025","date_ts":1766361600000,"profit_abs":-1.18434113,"wins":4,"draws":0,"losses":3,"trades":7,"profit_factor":0.82398871},{"date":"29/12/2025","date_ts":1766966400000,"profit_abs":-6.79882098,"wins":0,"draws":0,"losses":3,"trades":3,"profit_factor":0.0},{"date":"05/01/2026","date_ts":1767571200000,"profit_abs":-0.02211175,"wins":1,"draws":0,"losses":1,"trades":2,"profit_factor":0.98998218},{"date":"12/01/2026","date_ts":1768176000000,"profit_abs":-2.78085831,"wins":0,"draws":0,"losses":2,"trades":2,"profit_factor":0.0},{"date":"19/01/2026","date_ts":1768780800000,"profit_abs":-2.27376644,"wins":0,"draws":0,"losses":1,"trades":1,"profit_factor":0.0},{"date":"26/01/2026","date_ts":1769385600000,"profit_abs":-2.61647179,"wins":2,"draws":0,"losses":2,"trades":4,"profit_factor":0.40723794},{"date":"02/02/2026","date_ts":1769990400000,"profit_abs":-12.89041359,"wins":1,"draws":0,"losses":6,"trades":7,"profit_factor":0.04380308},{"date":"09/02/2026","date_ts":1770595200000,"profit_abs":-13.39044904,"wins":3,"draws":0,"losses":9,"trades":12,"profit_factor":0.2804533},{"date":"16/02/2026","date_ts":1771200000000,"profit_abs":-13.48161501,"wins":0,"draws":0,"losses":6,"trades":6,"profit_factor":0.0},{"date":"23/02/2026","date_ts":1771804800000,"profit_abs":-1.0805617,"wins":1,"draws":0,"losses":1,"trades":2,"profit_factor":0.51463519}],"month":[{"date":"30/11/2025","date_ts":1764460800000,"profit_abs":3.99942239,"wins":1,"draws":0,"losses":0,"trades":1,"profit_factor":0.0},{"date":"31/12/2025","date_ts":1767139200000,"profit_abs":-13.18947089,"wins":5,"draws":0,"losses":9,"trades":14,"profit_factor":0.34855376},{"date":"31/01/2026","date_ts":1769817600000,"profit_abs":-16.05362462,"wins":4,"draws":0,"losses":10,"trades":14,"profit_factor":0.22171117},{"date":"28/02/2026","date_ts":1772236800000,"profit_abs":-32.48262301,"wins":4,"draws":0,"losses":18,"trades":22,"profit_factor":0.16384183}],"year":[{"date":"31/12/2025","date_ts":1767139200000,"profit_abs":-9.1900485,"wins":6,"draws":0,"losses":9,"trades":15,"profit_factor":0.54609077},{"date":"31/12/2026","date_ts":1798675200000,"profit_abs":-48.53624763,"wins":8,"draws":0,"losses":28,"trades":36,"profit_factor":0.18391203}],"weekday":[{"date":"Monday","date_ts":0,"profit_abs":-8.45079371,"wins":1,"draws":0,"losses":4,"trades":5,"profit_factor":0.05513272},{"date":"Tuesday","date_ts":1,"profit_abs":-9.47856904,"wins":3,"draws":0,"losses":6,"trades":9,"profit_factor":0.29471053},{"date":"Wednesday","date_ts":2,"profit_abs":-12.83346234,"wins":4,"draws":0,"losses":9,"trades":13,"profit_factor":0.36294962},{"date":"Thursday","date_ts":3,"profit_abs":-2.22379223,"wins":0,"draws":0,"losses":1,"trades":1,"profit_factor":0.0},{"date":"Friday","date_ts":4,"profit_abs":-18.73143584,"wins":5,"draws":0,"losses":13,"trades":18,"profit_factor":0.31756328},{"date":"Saturday","date_ts":5,"profit_abs":-3.05141479,"wins":0,"draws":0,"losses":2,"trades":2,"profit_factor":0.0},{"date":"Sunday","date_ts":6,"profit_abs":-2.95682818,"wins":1,"draws":0,"losses":2,"trades":3,"profit_factor":0.33842318}]},"backtest_best_day":0.039980009970874295,"backtest_worst_day":-0.09076391633395671,"backtest_best_day_abs":3.99942239,"backtest_worst_day_abs":-9.01225019,"winning_days":5,"draw_days":63,"losing_days":19,"daily_profit":[["2025-11-26",3.99942239],["2025-11-27",0.0],["2025-11-28",0.0],["2025-11-29",0.0],["2025-11-30",0.0],["2025-12-01",0.0],["2025-12-02",0.0],["2025-12-03",-4.51886782],["2025-12-04",0.0],["2025-12-05",0.0],["2025-12-06",0.0],["2025-12-07",1.51253664],["2025-12-08",0.0],["2025-12-09",0.0],["2025-12-10",-2.1999776],["2025-12-11",0.0],["2025-12-12",0.0],["2025-12-13",0.0],["2025-12-14",0.0],["2025-12-15",0.0],["2025-12-16",0.0],["2025-12-17",1.51468267],["2025-12-18",-2.22379223],["2025-12-19",-0.47523157],["2025-12-20",0.0],["2025-12-21",0.0],["2025-12-22",0.0],["2025-12-23",0.0],["2025-12-24",0.0],["2025-12-25",0.0],["2025-12-26",-6.79882098],["2025-12-27",0.0],["2025-12-28",0.0],["2025-12-29",0.0],["2025-12-30",0.0],["2025-12-31",0.0],["2026-01-01",0.0],["2026-01-02",2.185129],["2026-01-03",0.0],["2026-01-04",0.0],["2026-01-05",-2.20724075],["2026-01-06",0.0],["2026-01-07",0.0],["2026-01-08",0.0],["2026-01-09",-2.78085831],["2026-01-10",0.0],["2026-01-11",0.0],["2026-01-12",0.0],["2026-01-13",-2.27376644],["2026-01-14",0.0],["2026-01-15",0.0],["2026-01-16",0.0],["2026-01-17",0.0],["2026-01-18",0.0],["2026-01-19",0.0],["2026-01-20",0.0],["2026-01-21",-2.61647179],["2026-01-22",0.0],["2026-01-23",0.0],["2026-01-24",0.0],["2026-01-25",0.0],["2026-01-26",0.0],["2026-01-27",-6.17078473],["2026-01-28",0.0],["2026-01-29",0.0],["2026-01-30",-2.1896316],["2026-01-31",0.0],["2026-02-01",0.0],["2026-02-02",-4.52999726],["2026-02-03",-2.17974387],["2026-02-04",0.0],["2026-02-05",0.0],["2026-02-06",-6.44573468],["2026-02-07",-3.05141479],["2026-02-08",0.0],["2026-02-09",-1.7135557],["2026-02-10",0.0],["2026-02-11",-9.01225019],["2026-02-12",0.0],["2026-02-13",0.0],["2026-02-14",0.0],["2026-02-15",-4.46936482],["2026-02-16",0.0],["2026-02-17",1.145726],["2026-02-18",0.0],["2026-02-19",0.0],["2026-02-20",-2.2262877]],"wins":14,"losses":37,"draws":0,"winrate":0.27450980392156865,"holding_avg":"0:30:00","holding_avg_s":1800.0,"winner_holding_min":"0d 00:15","winner_holding_min_s":900.0,"winner_holding_max":"0d 03:30","winner_holding_max_s":12600.0,"winner_holding_avg":"0d 00:51","winner_holding_avg_s":3060.0,"loser_holding_min":"0d 00:00","loser_holding_min_s":0.0,"loser_holding_max":"0d 03:45","loser_holding_max_s":13500.0,"loser_holding_avg":"0d 00:22","loser_holding_avg_s":1320.0,"max_consecutive_wins":3,"max_consecutive_losses":7,"max_drawdown_account":0.06147983469259692,"max_relative_drawdown":0.06147983469259692,"max_drawdown_abs":61.72571852,"drawdown_start":"2025-11-26 18:00:00","drawdown_start_ts":1764180000000.0,"drawdown_end":"2026-02-20 16:15:00","drawdown_end_ts":1771604100000.0,"drawdown_duration":"85 days 22:15:00","drawdown_duration_s":7424100.0,"max_drawdown_low":-57.72629613,"max_drawdown_high":3.99942239,"csum_min":942.27370387,"csum_max":1003.99942239}},"strategy_comparison":[{"key":"BreakoutStrategyV1","trades":51,"profit_mean":-0.011357128927811221,"profit_mean_pct":-1.14,"profit_total_abs":-57.726296129999994,"profit_total":-0.05772629612999999,"profit_total_pct":-5.77,"duration_avg":"0:30:00","wins":14,"draws":0,"losses":37,"winrate":0.27450980392156865,"cagr":-0.21426937922987876,"expectancy":-1.1318881594117647,"expectancy_ratio":-0.5253321471838981,"sortino":-34.40354049373882,"sharpe":-6.989578894031103,"calmar":-19.93172674772559,"sqn":-4.5652,"profit_factor":0.275893526854627,"max_drawdown_account":0.06147983469259692,"max_drawdown_abs":"61.726"}]}