{"strategy":{"SupertrendFuturesStrategyV8":{"trades":[{"pair":"BTC/USDT:USDT","stake_amount":398.92424,"max_stake_amount":398.92424,"amount":0.0088,"open_date":"2025-11-27 01:30:00+00:00","close_date":"2025-11-28 13:30:00+00:00","open_rate":90664.6,"close_rate":91706.175,"fee_open":0.0005,"fee_close":0.0005,"trade_duration":2160,"profit_ratio":0.020980674701905625,"profit_abs":8.37388456,"exit_reason":"trailing_stop_loss","initial_stop_loss_abs":89304.63100000001,"initial_stop_loss_ratio":-0.03,"stop_loss_abs":91706.175,"stop_loss_ratio":-0.02,"min_rate":90415.1,"max_rate":92632.5,"is_open":false,"enter_tag":"","leverage":2,"is_short":false,"open_timestamp":1764207000000,"close_timestamp":1764336600000,"orders":[{"amount":0.0088,"safe_price":90664.6,"ft_order_side":"buy","order_filled_timestamp":1764207000000,"ft_is_entry":true,"ft_order_tag":"","cost":798.24740424},{"amount":0.0088,"safe_price":91706.175,"ft_order_side":"sell","order_filled_timestamp":1764336600000,"ft_is_entry":false,"ft_order_tag":"trailing_stop_loss","cost":807.4178471700001}],"funding_fees":0.01045597157454941,"weekday":4},{"pair":"DOGE/USDT:USDT","stake_amount":399.4269,"max_stake_amount":399.4269,"amount":5420.0,"open_date":"2025-12-03 02:30:00+00:00","close_date":"2025-12-03 06:30:00+00:00","open_rate":0.14739,"close_rate":0.1519613756878439,"fee_open":0.0005,"fee_close":0.0005,"trade_duration":240,"profit_ratio":0.05997001499250375,"profit_abs":23.965614,"exit_reason":"roi","initial_stop_loss_abs":0.14518,"initial_stop_loss_ratio":-0.03,"stop_loss_abs":0.15015,"stop_loss_ratio":-0.02,"min_rate":0.14675,"max_rate":0.15199,"is_open":false,"enter_tag":"","leverage":2,"is_short":false,"open_timestamp":1764729000000,"close_timestamp":1764743400000,"orders":[{"amount":5420.0,"safe_price":0.14739,"ft_order_side":"buy","order_filled_timestamp":1764729000000,"ft_is_entry":true,"ft_order_tag":"","cost":799.2532269},{"amount":5420.0,"safe_price":0.1519613756878439,"ft_order_side":"sell","order_filled_timestamp":1764743400000,"ft_is_entry":false,"ft_order_tag":"roi","cost":824.042471556228}],"funding_fees":0.0,"weekday":2},{"pair":"ADA/USDT:USDT","stake_amount":398.7225,"max_stake_amount":398.7225,"amount":1790.0,"open_date":"2025-12-03 06:30:00+00:00","close_date":"2025-12-03 10:30:00+00:00","open_rate":0.4455,"close_rate":0.4389,"fee_open":0.0005,"fee_close":0.0005,"trade_duration":240,"profit_ratio":-0.031788572529628446,"profit_abs":-12.68115652,"exit_reason":"stop_loss","initial_stop_loss_abs":0.4389,"initial_stop_loss_ratio":-0.03,"stop_loss_abs":0.4389,"stop_loss_ratio":-0.03,"min_rate":0.4368,"max_rate":0.4466,"is_open":false,"enter_tag":"","leverage":2,"is_short":false,"open_timestamp":1764743400000,"close_timestamp":1764757800000,"orders":[{"amount":1790.0,"safe_price":0.4455,"ft_order_side":"buy","order_filled_timestamp":1764743400000,"ft_is_entry":true,"ft_order_tag":"","cost":797.8437225},{"amount":1790.0,"safe_price":0.4389,"ft_order_side":"sell","order_filled_timestamp":1764757800000,"ft_is_entry":false,"ft_order_tag":"stop_loss","cost":786.0238155}],"funding_fees":-0.07561851695020942,"weekday":2},{"pair":"ETH/USDT:USDT","stake_amount":399.779725,"max_stake_amount":399.779725,"amount":0.263,"open_date":"2025-12-03 02:30:00+00:00","close_date":"2025-12-03 14:00:00+00:00","open_rate":3040.15,"close_rate":3062.7135,"fee_open":0.0005,"fee_close":0.0005,"trade_duration":690,"profit_ratio":0.01280673271751843,"profit_abs":5.12243202,"exit_reason":"trailing_stop_loss","initial_stop_loss_abs":2994.54775,"initial_stop_loss_ratio":-0.03,"stop_loss_abs":3062.7135,"stop_loss_ratio":-0.02,"min_rate":3017.51,"max_rate":3093.65,"is_open":false,"enter_tag":"","leverage":2,"is_short":false,"open_timestamp":1764729000000,"close_timestamp":1764770400000,"orders":[{"amount":0.263,"safe_price":3040.15,"ft_order_side":"buy","order_filled_timestamp":1764729000000,"ft_is_entry":true,"ft_order_tag":"","cost":799.959229725},{"amount":0.263,"safe_price":3062.7135,"ft_order_side":"sell","order_filled_timestamp":1764770400000,"ft_is_entry":false,"ft_order_tag":"trailing_stop_loss","cost":805.89639732525}],"funding_fees":-0.009241934581188336,"weekday":2},{"pair":"LINK/USDT:USDT","stake_amount":399.764,"max_stake_amount":399.764,"amount":55.6,"open_date":"2025-12-03 15:30:00+00:00","close_date":"2025-12-03 22:30:00+00:00","open_rate":14.38,"close_rate":14.55696,"fee_open":0.0005,"fee_close":0.0005,"trade_duration":420,"profit_ratio":0.022443787436786603,"profit_abs":8.97670435,"exit_reason":"trailing_stop_loss","initial_stop_loss_abs":14.1643,"initial_stop_loss_ratio":-0.03,"stop_loss_abs":14.55696,"stop_loss_ratio":-0.02,"min_rate":14.28,"max_rate":14.704,"is_open":false,"enter_tag":"","leverage":2,"is_short":false,"open_timestamp":1764775800000,"close_timestamp":1764801000000,"orders":[{"amount":55.6,"safe_price":14.38,"ft_order_side":"buy","order_filled_timestamp":1764775800000,"ft_is_entry":true,"ft_order_tag":"","cost":799.927764},{"amount":55.6,"safe_price":14.55696,"ft_order_side":"sell","order_filled_timestamp":1764801000000,"ft_is_entry":false,"ft_order_tag":"trailing_stop_loss","cost":809.771659488}],"funding_fees":-0.0578241660968657,"weekday":2},{"pair":"LINK/USDT:USDT","stake_amount":399.7521,"max_stake_amount":399.7521,"amount":54.2,"open_date":"2025-12-04 01:00:00+00:00","close_date":"2025-12-04 04:30:00+00:00","open_rate":14.751,"close_rate":14.529734999999999,"fee_open":0.0005,"fee_close":0.0005,"trade_duration":210,"profit_ratio":-0.031969015496004324,"profit_abs":-12.78607092,"exit_reason":"stop_loss","initial_stop_loss_abs":14.529734999999999,"initial_stop_loss_ratio":-0.03,"stop_loss_abs":14.529734999999999,"stop_loss_ratio":-0.03,"min_rate":14.418,"max_rate":14.923,"is_open":false,"enter_tag":"","leverage":2,"is_short":false,"open_timestamp":1764810000000,"close_timestamp":1764822600000,"orders":[{"amount":54.2,"safe_price":14.751,"ft_order_side":"buy","order_filled_timestamp":1764810000000,"ft_is_entry":true,"ft_order_tag":"","cost":799.9039521},{"amount":54.2,"safe_price":14.529734999999999,"ft_order_side":"sell","order_filled_timestamp":1764822600000,"ft_is_entry":false,"ft_order_tag":"stop_loss","cost":787.9053928184999}],"funding_fees":0.0,"weekday":3},{"pair":"SOL/USDT:USDT","stake_amount":399.4845,"max_stake_amount":399.4845,"amount":5.7,"open_date":"2025-12-05 07:30:00+00:00","close_date":"2025-12-05 08:30:00+00:00","open_rate":140.17,"close_rate":138.06744999999998,"fee_open":0.0005,"fee_close":0.0005,"trade_duration":60,"profit_ratio":-0.03193033119884025,"profit_abs":-12.76205023,"exit_reason":"stop_loss","initial_stop_loss_abs":138.06744999999998,"initial_stop_loss_ratio":-0.03,"stop_loss_abs":138.06744999999998,"stop_loss_ratio":-0.03,"min_rate":137.74,"max_rate":140.34,"is_open":false,"enter_tag":"","leverage":2,"is_short":false,"open_timestamp":1764919800000,"close_timestamp":1764923400000,"orders":[{"amount":5.7,"safe_price":140.17,"ft_order_side":"buy","order_filled_timestamp":1764919800000,"ft_is_entry":true,"ft_order_tag":"","cost":799.3684844999999},{"amount":5.7,"safe_price":138.06744999999998,"ft_order_side":"sell","order_filled_timestamp":1764923400000,"ft_is_entry":false,"ft_order_tag":"stop_loss","cost":787.3779572324999}],"funding_fees":0.015461501416634117,"weekday":4},{"pair":"SOL/USDT:USDT","stake_amount":399.88635,"max_stake_amount":399.88635,"amount":5.79,"open_date":"2025-12-08 13:30:00+00:00","close_date":"2025-12-08 15:00:00+00:00","open_rate":138.13,"close_rate":136.05804999999998,"fee_open":0.0005,"fee_close":0.0005,"trade_duration":90,"profit_ratio":-0.03196901548038144,"profit_abs":-12.7903649,"exit_reason":"stop_loss","initial_stop_loss_abs":136.05804999999998,"initial_stop_loss_ratio":-0.03,"stop_loss_abs":136.05804999999998,"stop_loss_ratio":-0.03,"min_rate":135.29,"max_rate":139.25,"is_open":false,"enter_tag":"","leverage":2,"is_short":false,"open_timestamp":1765200600000,"close_timestamp":1765206000000,"orders":[{"amount":5.79,"safe_price":138.13,"ft_order_side":"buy","order_filled_timestamp":1765200600000,"ft_is_entry":true,"ft_order_tag":"","cost":800.17258635},{"amount":5.79,"safe_price":136.05804999999998,"ft_order_side":"sell","order_filled_timestamp":1765206000000,"ft_is_entry":false,"ft_order_tag":"stop_loss","cost":788.1699975547498}],"funding_fees":0.0,"weekday":0},{"pair":"ADA/USDT:USDT","stake_amount":398.025,"max_stake_amount":398.025,"amount":1830.0,"open_date":"2025-12-08 16:00:00+00:00","close_date":"2025-12-09 01:00:00+00:00","open_rate":0.435,"close_rate":0.4285,"fee_open":0.0005,"fee_close":0.0005,"trade_duration":540,"profit_ratio":-0.0322527012355891,"profit_abs":-12.8438001,"exit_reason":"stop_loss","initial_stop_loss_abs":0.4285,"initial_stop_loss_ratio":-0.03,"stop_loss_abs":0.4285,"stop_loss_ratio":-0.03,"min_rate":0.4285,"max_rate":0.4412,"is_open":false,"enter_tag":"","leverage":2,"is_short":false,"open_timestamp":1765209600000,"close_timestamp":1765242000000,"orders":[{"amount":1830.0,"safe_price":0.435,"ft_order_side":"buy","order_filled_timestamp":1765209600000,"ft_is_entry":true,"ft_order_tag":"","cost":796.4480249999999},{"amount":1830.0,"safe_price":0.4285,"ft_order_side":"sell","order_filled_timestamp":1765242000000,"ft_is_entry":false,"ft_order_tag":"stop_loss","cost":784.5470774999999}],"funding_fees":-0.15869760000000002,"weekday":1},{"pair":"SOL/USDT:USDT","stake_amount":399.888,"max_stake_amount":399.888,"amount":5.76,"open_date":"2025-12-12 06:00:00+00:00","close_date":"2025-12-12 15:00:00+00:00","open_rate":138.85,"close_rate":136.76725,"fee_open":0.0005,"fee_close":0.0005,"trade_duration":540,"profit_ratio":-0.032169203478923124,"profit_abs":-12.87051048,"exit_reason":"stop_loss","initial_stop_loss_abs":136.76725,"initial_stop_loss_ratio":-0.03,"stop_loss_abs":136.76725,"stop_loss_ratio":-0.03,"min_rate":135.5,"max_rate":140.13,"is_open":false,"enter_tag":"","leverage":2,"is_short":false,"open_timestamp":1765519200000,"close_timestamp":1765551600000,"orders":[{"amount":5.76,"safe_price":138.85,"ft_order_side":"buy","order_filled_timestamp":1765519200000,"ft_is_entry":true,"ft_order_tag":"","cost":800.1758879999999},{"amount":5.76,"safe_price":136.76725,"ft_order_side":"sell","order_filled_timestamp":1765551600000,"ft_is_entry":false,"ft_order_tag":"stop_loss","cost":788.1732496799998}],"funding_fees":-0.0800928,"weekday":4},{"pair":"XRP/USDT:USDT","stake_amount":399.1581,"max_stake_amount":399.1581,"amount":414.0,"open_date":"2025-12-20 09:00:00+00:00","close_date":"2025-12-21 13:30:00+00:00","open_rate":1.9283,"close_rate":1.9077,"fee_open":0.0005,"fee_close":0.0005,"trade_duration":1710,"profit_ratio":-0.023524734073847024,"profit_abs":-9.3947832,"exit_reason":"exit_signal","initial_stop_loss_abs":1.8994,"initial_stop_loss_ratio":-0.03,"stop_loss_abs":1.8994,"stop_loss_ratio":-0.03,"min_rate":1.8939,"max_rate":1.9575,"is_open":false,"enter_tag":"","leverage":2,"is_short":false,"open_timestamp":1766221200000,"close_timestamp":1766323800000,"orders":[{"amount":414.0,"safe_price":1.9283,"ft_order_side":"buy","order_filled_timestamp":1766221200000,"ft_is_entry":true,"ft_order_tag":"","cost":798.7153580999999},{"amount":414.0,"safe_price":1.9077,"ft_order_side":"sell","order_filled_timestamp":1766323800000,"ft_is_entry":false,"ft_order_tag":"exit_signal","cost":790.1826938999999}],"funding_fees":-0.07233119913664289,"weekday":6},{"pair":"DOGE/USDT:USDT","stake_amount":399.3796,"max_stake_amount":399.3796,"amount":5960.0,"open_date":"2025-12-22 15:00:00+00:00","close_date":"2025-12-22 19:30:00+00:00","open_rate":0.13402,"close_rate":0.13201,"fee_open":0.0005,"fee_close":0.0005,"trade_duration":270,"profit_ratio":-0.03203436906454004,"profit_abs":-12.80027044,"exit_reason":"stop_loss","initial_stop_loss_abs":0.13201,"initial_stop_loss_ratio":-0.03,"stop_loss_abs":0.13201,"stop_loss_ratio":-0.03,"min_rate":0.1316,"max_rate":0.13537,"is_open":false,"enter_tag":"","leverage":2,"is_short":false,"open_timestamp":1766415600000,"close_timestamp":1766431800000,"orders":[{"amount":5960.0,"safe_price":0.13402,"ft_order_side":"buy","order_filled_timestamp":1766415600000,"ft_is_entry":true,"ft_order_tag":"","cost":799.1585795999999},{"amount":5960.0,"safe_price":0.13201,"ft_order_side":"sell","order_filled_timestamp":1766431800000,"ft_is_entry":false,"ft_order_tag":"stop_loss","cost":787.1729897999999}],"funding_fees":-0.027901036251891678,"weekday":0},{"pair":"DOGE/USDT:USDT","stake_amount":399.4779,"max_stake_amount":399.4779,"amount":6290.0,"open_date":"2026-01-02 03:30:00+00:00","close_date":"2026-01-02 04:00:00+00:00","open_rate":0.12702,"close_rate":0.12815,"fee_open":0.0005,"fee_close":0.0005,"trade_duration":30,"profit_ratio":0.01577568954461519,"profit_abs":6.30519035,"exit_reason":"trailing_stop_loss","initial_stop_loss_abs":0.12512,"initial_stop_loss_ratio":-0.03,"stop_loss_abs":0.12815,"stop_loss_ratio":-0.02,"min_rate":0.12702,"max_rate":0.12944,"is_open":false,"enter_tag":"","leverage":2,"is_short":false,"open_timestamp":1767324600000,"close_timestamp":1767326400000,"orders":[{"amount":6290.0,"safe_price":0.12702,"ft_order_side":"buy","order_filled_timestamp":1767324600000,"ft_is_entry":true,"ft_order_tag":"","cost":799.3552778999999},{"amount":6290.0,"safe_price":0.12815,"ft_order_side":"sell","order_filled_timestamp":1767326400000,"ft_is_entry":false,"ft_order_tag":"trailing_stop_loss","cost":806.4665317499998}],"funding_fees":0.0,"weekday":4},{"pair":"XRP/USDT:USDT","stake_amount":399.22375,"max_stake_amount":399.22375,"amount":425.0,"open_date":"2026-01-01 23:30:00+00:00","close_date":"2026-01-02 14:30:00+00:00","open_rate":1.8787,"close_rate":1.9042,"fee_open":0.0005,"fee_close":0.0005,"trade_duration":900,"profit_ratio":0.0247895737082567,"profit_abs":9.90153487,"exit_reason":"trailing_stop_loss","initial_stop_loss_abs":1.8506,"initial_stop_loss_ratio":-0.03,"stop_loss_abs":1.9042,"stop_loss_ratio":-0.02,"min_rate":1.8681,"max_rate":1.9234,"is_open":false,"enter_tag":"","leverage":2,"is_short":false,"open_timestamp":1767310200000,"close_timestamp":1767364200000,"orders":[{"amount":425.0,"safe_price":1.8787,"ft_order_side":"buy","order_filled_timestamp":1767310200000,"ft_is_entry":true,"ft_order_tag":"","cost":798.8467237499999},{"amount":425.0,"safe_price":1.9042,"ft_order_side":"sell","order_filled_timestamp":1767364200000,"ft_is_entry":false,"ft_order_tag":"trailing_stop_loss","cost":809.6896424999999}],"funding_fees":-0.13209888357127464,"weekday":4},{"pair":"SOL/USDT:USDT","stake_amount":399.8414,"max_stake_amount":399.8414,"amount":6.23,"open_date":"2026-01-02 09:30:00+00:00","close_date":"2026-01-02 16:00:00+00:00","open_rate":128.36,"close_rate":129.2643,"fee_open":0.0005,"fee_close":0.0005,"trade_duration":390,"profit_ratio":0.012066952637675361,"profit_abs":4.82727967,"exit_reason":"trailing_stop_loss","initial_stop_loss_abs":126.43460000000002,"initial_stop_loss_ratio":-0.03,"stop_loss_abs":129.2643,"stop_loss_ratio":-0.02,"min_rate":126.74,"max_rate":130.57,"is_open":false,"enter_tag":"","leverage":2,"is_short":false,"open_timestamp":1767346200000,"close_timestamp":1767369600000,"orders":[{"amount":6.23,"safe_price":128.36,"ft_order_side":"buy","order_filled_timestamp":1767346200000,"ft_is_entry":true,"ft_order_tag":"","cost":800.0826414},{"amount":6.23,"safe_price":129.2643,"ft_order_side":"sell","order_filled_timestamp":1767369600000,"ft_is_entry":false,"ft_order_tag":"trailing_stop_loss","cost":805.7192472945}],"funding_fees":-0.00400963727664687,"weekday":4},{"pair":"ETH/USDT:USDT","stake_amount":398.95583,"max_stake_amount":398.95583,"amount":0.259,"open_date":"2026-01-02 15:00:00+00:00","close_date":"2026-01-02 16:30:00+00:00","open_rate":3080.74,"close_rate":3114.045,"fee_open":0.0005,"fee_close":0.0005,"trade_duration":90,"profit_ratio":0.019829696669561823,"profit_abs":7.91512868,"exit_reason":"trailing_stop_loss","initial_stop_loss_abs":3034.5289,"initial_stop_loss_ratio":-0.03,"stop_loss_abs":3114.045,"stop_loss_ratio":-0.02,"min_rate":3053.05,"max_rate":3145.5,"is_open":false,"enter_tag":"","leverage":2,"is_short":false,"open_timestamp":1767366000000,"close_timestamp":1767371400000,"orders":[{"amount":0.259,"safe_price":3080.74,"ft_order_side":"buy","order_filled_timestamp":1767366000000,"ft_is_entry":true,"ft_order_tag":"","cost":798.31061583},{"amount":0.259,"safe_price":3114.045,"ft_order_side":"sell","order_filled_timestamp":1767371400000,"ft_is_entry":false,"ft_order_tag":"trailing_stop_loss","cost":806.9409238275}],"funding_fees":0.09135833790615717,"weekday":4},{"pair":"DOGE/USDT:USDT","stake_amount":399.4569,"max_stake_amount":399.4569,"amount":5910.0,"open_date":"2026-01-02 16:00:00+00:00","close_date":"2026-01-02 16:30:00+00:00","open_rate":0.13518,"close_rate":0.13715,"fee_open":0.0005,"fee_close":0.0005,"trade_duration":30,"profit_ratio":0.027031489436066175,"profit_abs":10.80331393,"exit_reason":"trailing_stop_loss","initial_stop_loss_abs":0.13316,"initial_stop_loss_ratio":-0.03,"stop_loss_abs":0.13715,"stop_loss_ratio":-0.02,"min_rate":0.1347,"max_rate":0.13853,"is_open":false,"enter_tag":"","leverage":2,"is_short":false,"open_timestamp":1767369600000,"close_timestamp":1767371400000,"orders":[{"amount":5910.0,"safe_price":0.13518,"ft_order_side":"buy","order_filled_timestamp":1767369600000,"ft_is_entry":true,"ft_order_tag":"","cost":799.3132568999998},{"amount":5910.0,"safe_price":0.13715,"ft_order_side":"sell","order_filled_timestamp":1767371400000,"ft_is_entry":false,"ft_order_tag":"trailing_stop_loss","cost":810.9617782499998}],"funding_fees":-0.03465092293943703,"weekday":4},{"pair":"SOL/USDT:USDT","stake_amount":399.5912,"max_stake_amount":399.5912,"amount":6.14,"open_date":"2026-01-02 16:30:00+00:00","close_date":"2026-01-02 17:00:00+00:00","open_rate":130.16,"close_rate":130.9374,"fee_open":0.0005,"fee_close":0.0005,"trade_duration":30,"profit_ratio":0.00993435826146956,"profit_abs":3.97166698,"exit_reason":"trailing_stop_loss","initial_stop_loss_abs":128.20759999999999,"initial_stop_loss_ratio":-0.03,"stop_loss_abs":130.9374,"stop_loss_ratio":-0.02,"min_rate":130.15,"max_rate":132.26,"is_open":false,"enter_tag":"","leverage":2,"is_short":false,"open_timestamp":1767371400000,"close_timestamp":1767373200000,"orders":[{"amount":6.14,"safe_price":130.16,"ft_order_side":"buy","order_filled_timestamp":1767371400000,"ft_is_entry":true,"ft_order_tag":"","cost":799.5819911999998},{"amount":6.14,"safe_price":130.9374,"ft_order_side":"sell","order_filled_timestamp":1767373200000,"ft_is_entry":false,"ft_order_tag":"trailing_stop_loss","cost":804.3576138179999}],"funding_fees":0.0,"weekday":4},{"pair":"LINK/USDT:USDT","stake_amount":399.4449,"max_stake_amount":399.4449,"amount":60.6,"open_date":"2026-01-02 16:30:00+00:00","close_date":"2026-01-02 23:00:00+00:00","open_rate":13.183,"close_rate":13.3056,"fee_open":0.0005,"fee_close":0.0005,"trade_duration":390,"profit_ratio":0.0165821208336892,"profit_abs":6.62695542,"exit_reason":"trailing_stop_loss","initial_stop_loss_abs":12.985255,"initial_stop_loss_ratio":-0.03,"stop_loss_abs":13.3056,"stop_loss_ratio":-0.02,"min_rate":13.143,"max_rate":13.44,"is_open":false,"enter_tag":"","leverage":2,"is_short":false,"open_timestamp":1767371400000,"close_timestamp":1767394800000,"orders":[{"amount":60.6,"safe_price":13.183,"ft_order_side":"buy","order_filled_timestamp":1767371400000,"ft_is_entry":true,"ft_order_tag":"","cost":799.2892449},{"amount":60.6,"safe_price":13.3056,"ft_order_side":"sell","order_filled_timestamp":1767394800000,"ft_is_entry":false,"ft_order_tag":"trailing_stop_loss","cost":806.72251968}],"funding_fees":0.0,"weekday":4},{"pair":"XRP/USDT:USDT","stake_amount":399.3085,"max_stake_amount":399.3085,"amount":389.0,"open_date":"2026-01-03 04:30:00+00:00","close_date":"2026-01-03 06:30:00+00:00","open_rate":2.053,"close_rate":2.0223,"fee_open":0.0005,"fee_close":0.0005,"trade_duration":120,"profit_ratio":-0.03187656050201884,"profit_abs":-12.73494585,"exit_reason":"stop_loss","initial_stop_loss_abs":2.0223,"initial_stop_loss_ratio":-0.03,"stop_loss_abs":2.0223,"stop_loss_ratio":-0.03,"min_rate":2.007,"max_rate":2.0546,"is_open":false,"enter_tag":"","leverage":2,"is_short":false,"open_timestamp":1767414600000,"close_timestamp":1767421800000,"orders":[{"amount":389.0,"safe_price":2.053,"ft_order_side":"buy","order_filled_timestamp":1767414600000,"ft_is_entry":true,"ft_order_tag":"","cost":799.0163084999999},{"amount":389.0,"safe_price":2.0223,"ft_order_side":"sell","order_filled_timestamp":1767421800000,"ft_is_entry":false,"ft_order_tag":"stop_loss","cost":787.0680373499999}],"funding_fees":0.0,"weekday":5},{"pair":"SOL/USDT:USDT","stake_amount":399.9303,"max_stake_amount":399.9303,"amount":6.09,"open_date":"2026-01-02 17:30:00+00:00","close_date":"2026-01-04 00:00:00+00:00","open_rate":131.34,"close_rate":133.5708,"fee_open":0.0005,"fee_close":0.0005,"trade_duration":1830,"profit_ratio":0.03195650222860929,"profit_abs":12.78676371,"exit_reason":"trailing_stop_loss","initial_stop_loss_abs":129.3699,"initial_stop_loss_ratio":-0.03,"stop_loss_abs":133.5708,"stop_loss_ratio":-0.02,"min_rate":129.53,"max_rate":134.92,"is_open":false,"enter_tag":"","leverage":2,"is_short":false,"open_timestamp":1767375000000,"close_timestamp":1767484800000,"orders":[{"amount":6.09,"safe_price":131.34,"ft_order_side":"buy","order_filled_timestamp":1767375000000,"ft_is_entry":true,"ft_order_tag":"","cost":800.2605302999999},{"amount":6.09,"safe_price":133.5708,"ft_order_side":"sell","order_filled_timestamp":1767484800000,"ft_is_entry":false,"ft_order_tag":"trailing_stop_loss","cost":813.8528950859999}],"funding_fees":0.007845091034354702,"weekday":6},{"pair":"XRP/USDT:USDT","stake_amount":399.3158,"max_stake_amount":399.3158,"amount":383.0,"open_date":"2026-01-04 10:00:00+00:00","close_date":"2026-01-04 12:00:00+00:00","open_rate":2.0852,"close_rate":2.0983,"fee_open":0.0005,"fee_close":0.0005,"trade_duration":120,"profit_ratio":0.010553183028665985,"profit_abs":4.21615975,"exit_reason":"trailing_stop_loss","initial_stop_loss_abs":2.054,"initial_stop_loss_ratio":-0.03,"stop_loss_abs":2.0983,"stop_loss_ratio":-0.02,"min_rate":2.0771,"max_rate":2.1194,"is_open":false,"enter_tag":"","leverage":2,"is_short":false,"open_timestamp":1767520800000,"close_timestamp":1767528000000,"orders":[{"amount":383.0,"safe_price":2.0852,"ft_order_side":"buy","order_filled_timestamp":1767520800000,"ft_is_entry":true,"ft_order_tag":"","cost":799.0309157999999},{"amount":383.0,"safe_price":2.0983,"ft_order_side":"sell","order_filled_timestamp":1767528000000,"ft_is_entry":false,"ft_order_tag":"trailing_stop_loss","cost":804.05072445}],"funding_fees":0.0,"weekday":6},{"pair":"DOGE/USDT:USDT","stake_amount":399.5028,"max_stake_amount":399.5028,"amount":5210.0,"open_date":"2026-01-04 12:30:00+00:00","close_date":"2026-01-04 14:30:00+00:00","open_rate":0.15336,"close_rate":0.15106,"fee_open":0.0005,"fee_close":0.0005,"trade_duration":120,"profit_ratio":-0.0319638042220413,"profit_abs":-12.7760141,"exit_reason":"stop_loss","initial_stop_loss_abs":0.15106,"initial_stop_loss_ratio":-0.03,"stop_loss_abs":0.15106,"stop_loss_ratio":-0.03,"min_rate":0.15036,"max_rate":0.15404,"is_open":false,"enter_tag":"","leverage":2,"is_short":false,"open_timestamp":1767529800000,"close_timestamp":1767537000000,"orders":[{"amount":5210.0,"safe_price":0.15336,"ft_order_side":"buy","order_filled_timestamp":1767529800000,"ft_is_entry":true,"ft_order_tag":"","cost":799.4051027999999},{"amount":5210.0,"safe_price":0.15106,"ft_order_side":"sell","order_filled_timestamp":1767537000000,"ft_is_entry":false,"ft_order_tag":"stop_loss","cost":787.4161113}],"funding_fees":0.0,"weekday":6},{"pair":"ETH/USDT:USDT","stake_amount":399.80362,"max_stake_amount":399.80362,"amount":0.254,"open_date":"2026-01-04 02:00:00+00:00","close_date":"2026-01-05 01:30:00+00:00","open_rate":3148.06,"close_rate":3189.7799999999997,"fee_open":0.0005,"fee_close":0.0005,"trade_duration":1410,"profit_ratio":0.024350897601913293,"profit_abs":9.7404448,"exit_reason":"trailing_stop_loss","initial_stop_loss_abs":3100.8390999999997,"initial_stop_loss_ratio":-0.03,"stop_loss_abs":3189.7799999999997,"stop_loss_ratio":-0.02,"min_rate":3116.14,"max_rate":3222.0,"is_open":false,"enter_tag":"","leverage":2,"is_short":false,"open_timestamp":1767492000000,"close_timestamp":1767576600000,"orders":[{"amount":0.254,"safe_price":3148.06,"ft_order_side":"buy","order_filled_timestamp":1767492000000,"ft_is_entry":true,"ft_order_tag":"","cost":800.00704362},{"amount":0.254,"safe_price":3189.7799999999997,"ft_order_side":"sell","order_filled_timestamp":1767576600000,"ft_is_entry":false,"ft_order_tag":"trailing_stop_loss","cost":810.60922206}],"funding_fees":-0.05152952376345006,"weekday":0},{"pair":"XRP/USDT:USDT","stake_amount":399.6322,"max_stake_amount":399.6322,"amount":373.0,"open_date":"2026-01-05 03:00:00+00:00","close_date":"2026-01-05 06:30:00+00:00","open_rate":2.1428,"close_rate":2.1107,"fee_open":0.0005,"fee_close":0.0005,"trade_duration":210,"profit_ratio":-0.0319298536283473,"profit_abs":-12.76657775,"exit_reason":"stop_loss","initial_stop_loss_abs":2.1107,"initial_stop_loss_ratio":-0.03,"stop_loss_abs":2.1107,"stop_loss_ratio":-0.03,"min_rate":2.1087,"max_rate":2.153,"is_open":false,"enter_tag":"","leverage":2,"is_short":false,"open_timestamp":1767582000000,"close_timestamp":1767594600000,"orders":[{"amount":373.0,"safe_price":2.1428,"ft_order_side":"buy","order_filled_timestamp":1767582000000,"ft_is_entry":true,"ft_order_tag":"","cost":799.6640321999998},{"amount":373.0,"safe_price":2.1107,"ft_order_side":"sell","order_filled_timestamp":1767594600000,"ft_is_entry":false,"ft_order_tag":"stop_loss","cost":787.68474555}],"funding_fees":0.0,"weekday":0},{"pair":"ETH/USDT:USDT","stake_amount":398.89206,"max_stake_amount":398.89206,"amount":0.252,"open_date":"2026-01-05 05:00:00+00:00","close_date":"2026-01-05 17:30:00+00:00","open_rate":3165.81,"close_rate":3196.6605,"fee_open":0.0005,"fee_close":0.0005,"trade_duration":750,"profit_ratio":0.017263833847373553,"profit_abs":6.88984945,"exit_reason":"trailing_stop_loss","initial_stop_loss_abs":3118.32285,"initial_stop_loss_ratio":-0.03,"stop_loss_abs":3196.6605,"stop_loss_ratio":-0.02,"min_rate":3132.02,"max_rate":3228.95,"is_open":false,"enter_tag":"","leverage":2,"is_short":false,"open_timestamp":1767589200000,"close_timestamp":1767634200000,"orders":[{"amount":0.252,"safe_price":3165.81,"ft_order_side":"buy","order_filled_timestamp":1767589200000,"ft_is_entry":true,"ft_order_tag":"","cost":798.18301206},{"amount":0.252,"safe_price":3196.6605,"ft_order_side":"sell","order_filled_timestamp":1767634200000,"ft_is_entry":false,"ft_order_tag":"trailing_stop_loss","cost":805.9612252229999}],"funding_fees":-0.08280526367712304,"weekday":0},{"pair":"DOGE/USDT:USDT","stake_amount":399.931,"max_stake_amount":399.931,"amount":5320.0,"open_date":"2026-01-05 17:00:00+00:00","close_date":"2026-01-05 17:30:00+00:00","open_rate":0.15035,"close_rate":0.1523,"fee_open":0.0005,"fee_close":0.0005,"trade_duration":30,"profit_ratio":0.023914547548307654,"profit_abs":9.568951,"exit_reason":"trailing_stop_loss","initial_stop_loss_abs":0.1481,"initial_stop_loss_ratio":-0.03,"stop_loss_abs":0.1523,"stop_loss_ratio":-0.02,"min_rate":0.14858,"max_rate":0.15383,"is_open":false,"enter_tag":"","leverage":2,"is_short":false,"open_timestamp":1767632400000,"close_timestamp":1767634200000,"orders":[{"amount":5320.0,"safe_price":0.15035,"ft_order_side":"buy","order_filled_timestamp":1767632400000,"ft_is_entry":true,"ft_order_tag":"","cost":800.261931},{"amount":5320.0,"safe_price":0.1523,"ft_order_side":"sell","order_filled_timestamp":1767634200000,"ft_is_entry":false,"ft_order_tag":"trailing_stop_loss","cost":810.6411179999999}],"funding_fees":0.0,"weekday":0},{"pair":"ADA/USDT:USDT","stake_amount":399.249,"max_stake_amount":399.249,"amount":1860.0,"open_date":"2026-01-06 01:30:00+00:00","close_date":"2026-01-06 01:30:00+00:00","open_rate":0.4293,"close_rate":0.4229,"fee_open":0.0005,"fee_close":0.0005,"trade_duration":0,"profit_ratio":-0.03178517892230218,"profit_abs":-12.696546,"exit_reason":"stop_loss","initial_stop_loss_abs":0.4229,"initial_stop_loss_ratio":-0.03,"stop_loss_abs":0.4229,"stop_loss_ratio":-0.03,"min_rate":0.4229,"max_rate":0.4306,"is_open":false,"enter_tag":"","leverage":2,"is_short":false,"open_timestamp":1767663000000,"close_timestamp":1767663000000,"orders":[{"amount":1860.0,"safe_price":0.4293,"ft_order_side":"buy","order_filled_timestamp":1767663000000,"ft_is_entry":true,"ft_order_tag":"","cost":798.897249},{"amount":1860.0,"safe_price":0.4229,"ft_order_side":"sell","order_filled_timestamp":1767663000000,"ft_is_entry":false,"ft_order_tag":"stop_loss","cost":786.987297}],"funding_fees":0.0,"weekday":1},{"pair":"BTC/USDT:USDT","stake_amount":397.69128,"max_stake_amount":397.69128,"amount":0.0084,"open_date":"2026-01-05 20:30:00+00:00","close_date":"2026-01-06 07:00:00+00:00","open_rate":94688.4,"close_rate":93268.074,"fee_open":0.0005,"fee_close":0.0005,"trade_duration":630,"profit_ratio":-0.03186682941579721,"profit_abs":-12.67949676,"exit_reason":"stop_loss","initial_stop_loss_abs":93268.074,"initial_stop_loss_ratio":-0.03,"stop_loss_abs":93268.074,"stop_loss_ratio":-0.03,"min_rate":93257.6,"max_rate":94688.4,"is_open":false,"enter_tag":"","leverage":2,"is_short":false,"open_timestamp":1767645000000,"close_timestamp":1767682800000,"orders":[{"amount":0.0084,"safe_price":94688.4,"ft_order_side":"buy","order_filled_timestamp":1767645000000,"ft_is_entry":true,"ft_order_tag":"","cost":795.7802512799999},{"amount":0.0084,"safe_price":93268.074,"ft_order_side":"sell","order_filled_timestamp":1767682800000,"ft_is_entry":false,"ft_order_tag":"stop_loss","cost":783.8435475107999}],"funding_fees":0.04065883273545115,"weekday":1},{"pair":"ETH/USDT:USDT","stake_amount":398.47695,"max_stake_amount":398.47695,"amount":0.246,"open_date":"2026-01-06 11:30:00+00:00","close_date":"2026-01-06 14:00:00+00:00","open_rate":3239.65,"close_rate":3275.5635,"fee_open":0.0005,"fee_close":0.0005,"trade_duration":150,"profit_ratio":0.020150061559304166,"profit_abs":8.03334974,"exit_reason":"trailing_stop_loss","initial_stop_loss_abs":3191.05525,"initial_stop_loss_ratio":-0.03,"stop_loss_abs":3275.5635,"stop_loss_ratio":-0.02,"min_rate":3227.66,"max_rate":3308.65,"is_open":false,"enter_tag":"","leverage":2,"is_short":false,"open_timestamp":1767699000000,"close_timestamp":1767708000000,"orders":[{"amount":0.246,"safe_price":3239.65,"ft_order_side":"buy","order_filled_timestamp":1767699000000,"ft_is_entry":true,"ft_order_tag":"","cost":797.3523769499999},{"amount":0.246,"safe_price":3275.5635,"ft_order_side":"sell","order_filled_timestamp":1767708000000,"ft_is_entry":false,"ft_order_tag":"trailing_stop_loss","cost":806.1915153105}],"funding_fees":0.0,"weekday":1},{"pair":"ETH/USDT:USDT","stake_amount":398.78212,"max_stake_amount":398.78212,"amount":0.242,"open_date":"2026-01-06 15:30:00+00:00","close_date":"2026-01-06 16:00:00+00:00","open_rate":3295.72,"close_rate":3246.2841999999996,"fee_open":0.0005,"fee_close":0.0005,"trade_duration":30,"profit_ratio":-0.03196242433921269,"profit_abs":-12.75241636,"exit_reason":"stop_loss","initial_stop_loss_abs":3246.2841999999996,"initial_stop_loss_ratio":-0.03,"stop_loss_abs":3246.2841999999996,"stop_loss_ratio":-0.03,"min_rate":3245.8,"max_rate":3298.23,"is_open":false,"enter_tag":"","leverage":2,"is_short":false,"open_timestamp":1767713400000,"close_timestamp":1767715200000,"orders":[{"amount":0.242,"safe_price":3295.72,"ft_order_side":"buy","order_filled_timestamp":1767713400000,"ft_is_entry":true,"ft_order_tag":"","cost":797.9630221199999},{"amount":0.242,"safe_price":3246.2841999999996,"ft_order_side":"sell","order_filled_timestamp":1767715200000,"ft_is_entry":false,"ft_order_tag":"stop_loss","cost":785.9935767881998}],"funding_fees":0.002629745527278497,"weekday":1},{"pair":"ETH/USDT:USDT","stake_amount":399.8115,"max_stake_amount":399.8115,"amount":0.246,"open_date":"2026-01-06 17:00:00+00:00","close_date":"2026-01-06 17:30:00+00:00","open_rate":3250.5,"close_rate":3201.7425,"fee_open":0.0005,"fee_close":0.0005,"trade_duration":30,"profit_ratio":-0.0319690154985037,"profit_abs":-12.78797083,"exit_reason":"stop_loss","initial_stop_loss_abs":3201.7425,"initial_stop_loss_ratio":-0.03,"stop_loss_abs":3201.7425,"stop_loss_ratio":-0.03,"min_rate":3188.13,"max_rate":3259.0,"is_open":false,"enter_tag":"","leverage":2,"is_short":false,"open_timestamp":1767718800000,"close_timestamp":1767720600000,"orders":[{"amount":0.246,"safe_price":3250.5,"ft_order_side":"buy","order_filled_timestamp":1767718800000,"ft_is_entry":true,"ft_order_tag":"","cost":800.0228114999999},{"amount":0.246,"safe_price":3201.7425,"ft_order_side":"sell","order_filled_timestamp":1767720600000,"ft_is_entry":false,"ft_order_tag":"stop_loss","cost":788.0224693275}],"funding_fees":0.0,"weekday":1},{"pair":"SOL/USDT:USDT","stake_amount":399.7863,"max_stake_amount":399.7863,"amount":5.63,"open_date":"2026-01-12 02:30:00+00:00","close_date":"2026-01-12 03:00:00+00:00","open_rate":142.02,"close_rate":142.9164,"fee_open":0.0005,"fee_close":0.0005,"trade_duration":30,"profit_ratio":0.01061195636922449,"profit_abs":4.24463603,"exit_reason":"trailing_stop_loss","initial_stop_loss_abs":139.8897,"initial_stop_loss_ratio":-0.03,"stop_loss_abs":142.9164,"stop_loss_ratio":-0.02,"min_rate":141.67,"max_rate":144.36,"is_open":false,"enter_tag":"","leverage":2,"is_short":false,"open_timestamp":1768185000000,"close_timestamp":1768186800000,"orders":[{"amount":5.63,"safe_price":142.02,"ft_order_side":"buy","order_filled_timestamp":1768185000000,"ft_is_entry":true,"ft_order_tag":"","cost":799.9723863},{"amount":5.63,"safe_price":142.9164,"ft_order_side":"sell","order_filled_timestamp":1768186800000,"ft_is_entry":false,"ft_order_tag":"trailing_stop_loss","cost":805.0216416659999}],"funding_fees":0.0,"weekday":0},{"pair":"SOL/USDT:USDT","stake_amount":399.4804,"max_stake_amount":399.4804,"amount":5.57,"open_date":"2026-01-12 03:30:00+00:00","close_date":"2026-01-12 08:00:00+00:00","open_rate":143.44,"close_rate":141.2884,"fee_open":0.0005,"fee_close":0.0005,"trade_duration":270,"profit_ratio":-0.0321612916107559,"profit_abs":-12.85422954,"exit_reason":"stop_loss","initial_stop_loss_abs":141.2884,"initial_stop_loss_ratio":-0.03,"stop_loss_abs":141.2884,"stop_loss_ratio":-0.03,"min_rate":141.08,"max_rate":143.56,"is_open":false,"enter_tag":"","leverage":2,"is_short":false,"open_timestamp":1768188600000,"close_timestamp":1768204800000,"orders":[{"amount":5.57,"safe_price":143.44,"ft_order_side":"buy","order_filled_timestamp":1768188600000,"ft_is_entry":true,"ft_order_tag":"","cost":799.3602804},{"amount":5.57,"safe_price":141.2884,"ft_order_side":"sell","order_filled_timestamp":1768204800000,"ft_is_entry":false,"ft_order_tag":"stop_loss","cost":787.369876194}],"funding_fees":-0.07684894747259675,"weekday":0},{"pair":"ETH/USDT:USDT","stake_amount":399.875,"max_stake_amount":399.875,"amount":0.25,"open_date":"2026-01-13 19:00:00+00:00","close_date":"2026-01-13 22:00:00+00:00","open_rate":3199.0,"close_rate":3298.2186093046516,"fee_open":0.0005,"fee_close":0.0005,"trade_duration":180,"profit_ratio":0.05997001499250375,"profit_abs":23.9925,"exit_reason":"roi","initial_stop_loss_abs":3151.015,"initial_stop_loss_ratio":-0.03,"stop_loss_abs":3364.02,"stop_loss_ratio":-0.02,"min_rate":3188.52,"max_rate":3398.0,"is_open":false,"enter_tag":"","leverage":2,"is_short":false,"open_timestamp":1768330800000,"close_timestamp":1768341600000,"orders":[{"amount":0.25,"safe_price":3199.0,"ft_order_side":"buy","order_filled_timestamp":1768330800000,"ft_is_entry":true,"ft_order_tag":"","cost":800.149875},{"amount":0.25,"safe_price":3298.2186093046516,"ft_order_side":"sell","order_filled_timestamp":1768341600000,"ft_is_entry":false,"ft_order_tag":"roi","cost":824.9669296523259}],"funding_fees":0.0,"weekday":1},{"pair":"SOL/USDT:USDT","stake_amount":399.34875,"max_stake_amount":399.34875,"amount":5.45,"open_date":"2026-01-13 22:30:00+00:00","close_date":"2026-01-14 00:30:00+00:00","open_rate":146.55,"close_rate":144.35175,"fee_open":0.0005,"fee_close":0.0005,"trade_duration":120,"profit_ratio":-0.03216742874184685,"profit_abs":-12.85244547,"exit_reason":"stop_loss","initial_stop_loss_abs":144.35175,"initial_stop_loss_ratio":-0.03,"stop_loss_abs":144.35175,"stop_loss_ratio":-0.03,"min_rate":144.3,"max_rate":147.66,"is_open":false,"enter_tag":"","leverage":2,"is_short":false,"open_timestamp":1768343400000,"close_timestamp":1768350600000,"orders":[{"amount":5.45,"safe_price":146.55,"ft_order_side":"buy","order_filled_timestamp":1768343400000,"ft_is_entry":true,"ft_order_tag":"","cost":799.09684875},{"amount":5.45,"safe_price":144.35175,"ft_order_side":"sell","order_filled_timestamp":1768350600000,"ft_is_entry":false,"ft_order_tag":"stop_loss","cost":787.1103960187501}],"funding_fees":-0.07927570000000002,"weekday":2},{"pair":"ADA/USDT:USDT","stake_amount":399.688,"max_stake_amount":399.688,"amount":1880.0,"open_date":"2026-01-14 07:00:00+00:00","close_date":"2026-01-14 10:00:00+00:00","open_rate":0.4252,"close_rate":0.4189,"fee_open":0.0005,"fee_close":0.0005,"trade_duration":180,"profit_ratio":-0.03180169087610475,"profit_abs":-12.7171096,"exit_reason":"stop_loss","initial_stop_loss_abs":0.4189,"initial_stop_loss_ratio":-0.03,"stop_loss_abs":0.4189,"stop_loss_ratio":-0.03,"min_rate":0.4176,"max_rate":0.427,"is_open":false,"enter_tag":"","leverage":2,"is_short":false,"open_timestamp":1768374000000,"close_timestamp":1768384800000,"orders":[{"amount":1880.0,"safe_price":0.4252,"ft_order_side":"buy","order_filled_timestamp":1768374000000,"ft_is_entry":true,"ft_order_tag":"","cost":799.7756880000001},{"amount":1880.0,"safe_price":0.4189,"ft_order_side":"sell","order_filled_timestamp":1768384800000,"ft_is_entry":false,"ft_order_tag":"stop_loss","cost":787.925766}],"funding_fees":-0.07965560000000001,"weekday":2},{"pair":"ETH/USDT:USDT","stake_amount":398.50019,"max_stake_amount":398.50019,"amount":0.242,"open_date":"2026-01-14 12:30:00+00:00","close_date":"2026-01-14 14:30:00+00:00","open_rate":3293.39,"close_rate":3323.7567,"fee_open":0.0005,"fee_close":0.0005,"trade_duration":120,"profit_ratio":0.016423566204255922,"profit_abs":6.54806665,"exit_reason":"trailing_stop_loss","initial_stop_loss_abs":3243.98915,"initial_stop_loss_ratio":-0.03,"stop_loss_abs":3323.7567,"stop_loss_ratio":-0.02,"min_rate":3288.2,"max_rate":3357.33,"is_open":false,"enter_tag":"","leverage":2,"is_short":false,"open_timestamp":1768393800000,"close_timestamp":1768401000000,"orders":[{"amount":0.242,"safe_price":3293.39,"ft_order_side":"buy","order_filled_timestamp":1768393800000,"ft_is_entry":true,"ft_order_tag":"","cost":797.3988801899999},{"amount":0.242,"safe_price":3323.7567,"ft_order_side":"sell","order_filled_timestamp":1768401000000,"ft_is_entry":false,"ft_order_tag":"trailing_stop_loss","cost":804.7512959606998}],"funding_fees":0.0,"weekday":2},{"pair":"ETH/USDT:USDT","stake_amount":398.34298,"max_stake_amount":398.34298,"amount":0.238,"open_date":"2026-01-14 15:00:00+00:00","close_date":"2026-01-14 16:30:00+00:00","open_rate":3347.42,"close_rate":3369.4056,"fee_open":0.0005,"fee_close":0.0005,"trade_duration":90,"profit_ratio":0.010924009176252063,"profit_abs":4.35367812,"exit_reason":"trailing_stop_loss","initial_stop_loss_abs":3297.2087,"initial_stop_loss_ratio":-0.03,"stop_loss_abs":3369.4056,"stop_loss_ratio":-0.02,"min_rate":3326.01,"max_rate":3403.44,"is_open":false,"enter_tag":"","leverage":2,"is_short":false,"open_timestamp":1768402800000,"close_timestamp":1768408200000,"orders":[{"amount":0.238,"safe_price":3347.42,"ft_order_side":"buy","order_filled_timestamp":1768402800000,"ft_is_entry":true,"ft_order_tag":"","cost":797.08430298},{"amount":0.238,"safe_price":3369.4056,"ft_order_side":"sell","order_filled_timestamp":1768408200000,"ft_is_entry":false,"ft_order_tag":"trailing_stop_loss","cost":802.3194920663999}],"funding_fees":-0.079592436,"weekday":2},{"pair":"SOL/USDT:USDT","stake_amount":399.6896,"max_stake_amount":399.6896,"amount":9.44,"open_date":"2026-02-14 06:30:00+00:00","close_date":"2026-02-14 08:00:00+00:00","open_rate":84.68,"close_rate":85.2291,"fee_open":0.0005,"fee_close":0.0005,"trade_duration":90,"profit_ratio":0.011001810868502323,"profit_abs":4.39950804,"exit_reason":"trailing_stop_loss","initial_stop_loss_abs":83.4098,"initial_stop_loss_ratio":-0.03,"stop_loss_abs":85.2291,"stop_loss_ratio":-0.02,"min_rate":84.62,"max_rate":86.09,"is_open":false,"enter_tag":"","leverage":2,"is_short":false,"open_timestamp":1771050600000,"close_timestamp":1771056000000,"orders":[{"amount":9.44,"safe_price":84.68,"ft_order_side":"buy","order_filled_timestamp":1771050600000,"ft_is_entry":true,"ft_order_tag":"","cost":799.7788896},{"amount":9.44,"safe_price":85.2291,"ft_order_side":"sell","order_filled_timestamp":1771056000000,"ft_is_entry":false,"ft_order_tag":"trailing_stop_loss","cost":804.9649853519999}],"funding_fees":0.01797499015963269,"weekday":5},{"pair":"LINK/USDT:USDT","stake_amount":399.9468,"max_stake_amount":399.9468,"amount":90.2,"open_date":"2026-02-14 02:00:00+00:00","close_date":"2026-02-14 11:00:00+00:00","open_rate":8.868,"close_rate":8.943660000000001,"fee_open":0.0005,"fee_close":0.0005,"trade_duration":540,"profit_ratio":0.01505946845153294,"profit_abs":6.02599771,"exit_reason":"trailing_stop_loss","initial_stop_loss_abs":8.73498,"initial_stop_loss_ratio":-0.03,"stop_loss_abs":8.943660000000001,"stop_loss_ratio":-0.02,"min_rate":8.787,"max_rate":9.034,"is_open":false,"enter_tag":"","leverage":2,"is_short":false,"open_timestamp":1771034400000,"close_timestamp":1771066800000,"orders":[{"amount":90.2,"safe_price":8.868,"ft_order_side":"buy","order_filled_timestamp":1771034400000,"ft_is_entry":true,"ft_order_tag":"","cost":800.2935468000001},{"amount":90.2,"safe_price":8.943660000000001,"ft_order_side":"sell","order_filled_timestamp":1771066800000,"ft_is_entry":false,"ft_order_tag":"trailing_stop_loss","cost":807.1214910660002}],"funding_fees":0.004771577886278077,"weekday":5},{"pair":"BTC/USDT:USDT","stake_amount":397.784425,"max_stake_amount":397.784425,"amount":0.0115,"open_date":"2026-02-14 08:00:00+00:00","close_date":"2026-02-14 11:00:00+00:00","open_rate":69179.9,"close_rate":69757.28099999999,"fee_open":0.0005,"fee_close":0.0005,"trade_duration":180,"profit_ratio":0.014689771422952443,"profit_abs":5.84628396,"exit_reason":"trailing_stop_loss","initial_stop_loss_abs":68142.2015,"initial_stop_loss_ratio":-0.03,"stop_loss_abs":69757.28099999999,"stop_loss_ratio":-0.02,"min_rate":69171.4,"max_rate":70461.9,"is_open":false,"enter_tag":"","leverage":2,"is_short":false,"open_timestamp":1771056000000,"close_timestamp":1771066800000,"orders":[{"amount":0.0115,"safe_price":69179.9,"ft_order_side":"buy","order_filled_timestamp":1771056000000,"ft_is_entry":true,"ft_order_tag":"","cost":795.9666344249998},{"amount":0.0115,"safe_price":69757.28099999999,"ft_order_side":"sell","order_filled_timestamp":1771066800000,"ft_is_entry":false,"ft_order_tag":"trailing_stop_loss","cost":802.6098358657498}],"funding_fees":0.005291246665423755,"weekday":5},{"pair":"SOL/USDT:USDT","stake_amount":399.7792,"max_stake_amount":399.7792,"amount":9.22,"open_date":"2026-02-14 11:30:00+00:00","close_date":"2026-02-14 16:30:00+00:00","open_rate":86.72,"close_rate":87.3081,"fee_open":0.0005,"fee_close":0.0005,"trade_duration":300,"profit_ratio":0.011631364491210142,"profit_abs":4.65230258,"exit_reason":"trailing_stop_loss","initial_stop_loss_abs":85.4192,"initial_stop_loss_ratio":-0.03,"stop_loss_abs":87.3081,"stop_loss_ratio":-0.02,"min_rate":85.95,"max_rate":88.19,"is_open":false,"enter_tag":"","leverage":2,"is_short":false,"open_timestamp":1771068600000,"close_timestamp":1771086600000,"orders":[{"amount":9.22,"safe_price":86.72,"ft_order_side":"buy","order_filled_timestamp":1771068600000,"ft_is_entry":true,"ft_order_tag":"","cost":799.9581792},{"amount":9.22,"safe_price":87.3081,"ft_order_side":"sell","order_filled_timestamp":1771086600000,"ft_is_entry":false,"ft_order_tag":"trailing_stop_loss","cost":805.383172341}],"funding_fees":0.03229011842504765,"weekday":5},{"pair":"LINK/USDT:USDT","stake_amount":399.6822,"max_stake_amount":399.6822,"amount":88.7,"open_date":"2026-02-14 11:30:00+00:00","close_date":"2026-02-14 20:00:00+00:00","open_rate":9.012,"close_rate":9.09117,"fee_open":0.0005,"fee_close":0.0005,"trade_duration":510,"profit_ratio":0.015420313307988666,"profit_abs":6.16630636,"exit_reason":"trailing_stop_loss","initial_stop_loss_abs":8.87682,"initial_stop_loss_ratio":-0.03,"stop_loss_abs":9.09117,"stop_loss_ratio":-0.02,"min_rate":8.901,"max_rate":9.188,"is_open":false,"enter_tag":"","leverage":2,"is_short":false,"open_timestamp":1771068600000,"close_timestamp":1771099200000,"orders":[{"amount":88.7,"safe_price":9.012,"ft_order_side":"buy","order_filled_timestamp":1771068600000,"ft_is_entry":true,"ft_order_tag":"","cost":799.7640822},{"amount":88.7,"safe_price":9.09117,"ft_order_side":"sell","order_filled_timestamp":1771099200000,"ft_is_entry":false,"ft_order_tag":"trailing_stop_loss","cost":806.7899723895}],"funding_fees":-0.05319705541665397,"weekday":5},{"pair":"SOL/USDT:USDT","stake_amount":399.7924,"max_stake_amount":399.7924,"amount":9.08,"open_date":"2026-02-14 17:00:00+00:00","close_date":"2026-02-15 04:00:00+00:00","open_rate":88.06,"close_rate":88.8525,"fee_open":0.0005,"fee_close":0.0005,"trade_duration":660,"profit_ratio":0.01611120074367072,"profit_abs":6.44435618,"exit_reason":"trailing_stop_loss","initial_stop_loss_abs":86.73910000000001,"initial_stop_loss_ratio":-0.03,"stop_loss_abs":88.8525,"stop_loss_ratio":-0.02,"min_rate":87.15,"max_rate":89.75,"is_open":false,"enter_tag":"","leverage":2,"is_short":false,"open_timestamp":1771088400000,"close_timestamp":1771128000000,"orders":[{"amount":9.08,"safe_price":88.06,"ft_order_side":"buy","order_filled_timestamp":1771088400000,"ft_is_entry":true,"ft_order_tag":"","cost":799.9845923999999},{"amount":9.08,"safe_price":88.8525,"ft_order_side":"sell","order_filled_timestamp":1771128000000,"ft_is_entry":false,"ft_order_tag":"trailing_stop_loss","cost":807.18409035}],"funding_fees":0.05163893235872765,"weekday":6},{"pair":"ADA/USDT:USDT","stake_amount":399.5995,"max_stake_amount":399.5995,"amount":2690.0,"open_date":"2026-02-15 04:00:00+00:00","close_date":"2026-02-15 10:00:00+00:00","open_rate":0.2971,"close_rate":0.2927,"fee_open":0.0005,"fee_close":0.0005,"trade_duration":360,"profit_ratio":-0.03178542380626068,"profit_abs":-12.70779018,"exit_reason":"stop_loss","initial_stop_loss_abs":0.2927,"initial_stop_loss_ratio":-0.03,"stop_loss_abs":0.2927,"stop_loss_ratio":-0.03,"min_rate":0.2912,"max_rate":0.3017,"is_open":false,"enter_tag":"","leverage":2,"is_short":false,"open_timestamp":1771128000000,"close_timestamp":1771149600000,"orders":[{"amount":2690.0,"safe_price":0.2971,"ft_order_side":"buy","order_filled_timestamp":1771128000000,"ft_is_entry":true,"ft_order_tag":"","cost":799.5985994999999},{"amount":2690.0,"safe_price":0.2927,"ft_order_side":"sell","order_filled_timestamp":1771149600000,"ft_is_entry":false,"ft_order_tag":"stop_loss","cost":787.7566815}],"funding_fees":-0.07850918330798391,"weekday":6},{"pair":"AVAX/USDT:USDT","stake_amount":399.568,"max_stake_amount":399.568,"amount":83.2,"open_date":"2026-02-14 21:30:00+00:00","close_date":"2026-02-15 12:30:00+00:00","open_rate":9.605,"close_rate":9.460925,"fee_open":0.0005,"fee_close":0.0005,"trade_duration":900,"profit_ratio":-0.03224803034653738,"profit_abs":-12.89172363,"exit_reason":"stop_loss","initial_stop_loss_abs":9.460925,"initial_stop_loss_ratio":-0.03,"stop_loss_abs":9.460925,"stop_loss_ratio":-0.03,"min_rate":9.318,"max_rate":9.743,"is_open":false,"enter_tag":"","leverage":2,"is_short":false,"open_timestamp":1771104600000,"close_timestamp":1771158600000,"orders":[{"amount":83.2,"safe_price":9.605,"ft_order_side":"buy","order_filled_timestamp":1771104600000,"ft_is_entry":true,"ft_order_tag":"","cost":799.535568},{"amount":83.2,"safe_price":9.460925,"ft_order_side":"sell","order_filled_timestamp":1771158600000,"ft_is_entry":false,"ft_order_tag":"stop_loss","cost":787.54253448}],"funding_fees":-0.11154115069436041,"weekday":6}],"locks":[],"best_pair":{"key":"ETH/USDT:USDT","trades":10,"profit_mean":0.01177873729309666,"profit_mean_pct":1.18,"profit_total_abs":47.05506227,"profit_total":0.04705506227,"profit_total_pct":4.71,"duration_avg":"5:54:00","wins":8,"draws":0,"losses":2,"winrate":0.8,"cagr":0.20500126053708145,"expectancy":4.705506227,"expectancy_ratio":0.36847571589223027,"sortino":561.8832189937606,"sharpe":0.9804282918340945,"calmar":40.584025233546754,"sqn":1.3856,"profit_factor":2.8423785794611516,"max_drawdown_account":0.024612467514316706,"max_drawdown_abs":25.540387189999997},"worst_pair":{"key":"ADA/USDT:USDT","trades":5,"profit_mean":-0.031882713473977024,"profit_mean_pct":-3.19,"profit_total_abs":-63.6464024,"profit_total":-0.0636464024,"profit_total_pct":-6.36,"duration_avg":"4:24:00","wins":0,"draws":0,"losses":5,"winrate":0.0,"cagr":-0.23409860481777756,"expectancy":-12.72928048,"expectancy_ratio":-1.0,"sortino":-230.94590324124965,"sharpe":-230.94590324124965,"calmar":-21.22774797171424,"sqn":-435.1774,"profit_factor":0.0,"max_drawdown_account":0.06364640239999994,"max_drawdown_abs":63.6464024},"results_per_pair":[{"key":"ETH/USDT:USDT","trades":10,"profit_mean":0.01177873729309666,"profit_mean_pct":1.18,"profit_total_abs":47.05506227,"profit_total":0.04705506227,"profit_total_pct":4.71,"duration_avg":"5:54:00","wins":8,"draws":0,"losses":2,"winrate":0.8,"cagr":0.20500126053708145,"expectancy":4.705506227,"expectancy_ratio":0.36847571589223027,"sortino":561.8832189937606,"sharpe":0.9804282918340945,"calmar":40.584025233546754,"sqn":1.3856,"profit_factor":2.8423785794611516,"max_drawdown_account":0.024612467514316706,"max_drawdown_abs":25.540387189999997},{"key":"DOGE/USDT:USDT","trades":6,"profit_mean":0.010448928039151905,"profit_mean_pct":1.04,"profit_total_abs":25.066784740000003,"profit_total":0.025066784740000004,"profit_total_pct":2.51,"duration_avg":"2:00:00","wins":4,"draws":0,"losses":2,"winrate":0.6666666666666666,"cagr":0.10562025773771011,"expectancy":4.177797456666667,"expectancy_ratio":0.3266930699127002,"sortino":438.7400481044689,"sharpe":0.40325125703131703,"calmar":42.56658229432226,"sqn":0.708,"profit_factor":1.9800792097381006,"max_drawdown_account":0.01250068387550362,"max_drawdown_abs":12.80027044},{"key":"LINK/USDT:USDT","trades":5,"profit_mean":0.007507334906798617,"profit_mean_pct":0.75,"profit_total_abs":15.00989292,"profit_total":0.01500989292,"profit_total_pct":1.5,"duration_avg":"6:54:00","wins":4,"draws":0,"losses":1,"winrate":0.8,"cagr":0.062283804805779,"expectancy":3.0019785839999997,"expectancy_ratio":0.2347850721916691,"sortino":-100,"sharpe":0.40000023421685865,"calmar":25.143489302582264,"sqn":0.7537,"profit_factor":2.173925360958345,"max_drawdown_account":0.012672315292191939,"max_drawdown_abs":12.78607092},{"key":"BTC/USDT:USDT","trades":3,"profit_mean":0.0012678722363536198,"profit_mean_pct":0.13,"profit_total_abs":1.5406717600000013,"profit_total":0.0015406717600000013,"profit_total_pct":0.15,"duration_avg":"16:30:00","wins":2,"draws":0,"losses":1,"winrate":0.6666666666666666,"cagr":0.00626300267422919,"expectancy":0.5135572533333344,"expectancy_ratio":0.04050296814250953,"sortino":-100,"sharpe":0.03484520480219094,"calmar":2.600959665730795,"sqn":0.0774,"profit_factor":1.1215089044275288,"max_drawdown_account":0.012574201845313215,"max_drawdown_abs":12.67949676},{"key":"AVAX/USDT:USDT","trades":1,"profit_mean":-0.03224803034653738,"profit_mean_pct":-3.22,"profit_total_abs":-12.89172363,"profit_total":-0.012891723629999999,"profit_total_pct":-1.29,"duration_avg":"15:00:00","wins":0,"draws":0,"losses":1,"winrate":0.0,"cagr":-0.0512624147709696,"expectancy":-12.89172363,"expectancy_ratio":-1.0,"sortino":-100,"sharpe":-100,"calmar":-21.22774797171422,"sqn":-100.0,"profit_factor":0.0,"max_drawdown_account":0.01289172363,"max_drawdown_abs":12.89172363},{"key":"XRP/USDT:USDT","trades":5,"profit_mean":-0.010397678293458095,"profit_mean_pct":-1.04,"profit_total_abs":-20.77861218,"profit_total":-0.02077861218,"profit_total_pct":-2.08,"duration_avg":"10:12:00","wins":2,"draws":0,"losses":3,"winrate":0.4,"cagr":-0.08163157136084975,"expectancy":-4.155722436000001,"expectancy_ratio":-0.35726323073248534,"sortino":-2.788001904046477,"sharpe":-0.4686582559589187,"calmar":-20.73286908732514,"sqn":-0.8831,"profit_factor":0.4045612821125243,"max_drawdown_account":0.021274582919576904,"max_drawdown_abs":21.285363850000003},{"key":"SOL/USDT:USDT","trades":12,"profit_mean":-0.004756927075865474,"profit_mean_pct":-0.48,"profit_total_abs":-22.803087429999994,"profit_total":-0.022803087429999994,"profit_total_pct":-2.28,"duration_avg":"6:08:00","wins":7,"draws":0,"losses":5,"winrate":0.5833333333333334,"cagr":-0.08930742888923948,"expectancy":-1.9002572858333324,"expectancy_ratio":-0.14815757992111234,"sortino":-115.14199054213029,"sharpe":-0.5096943715189425,"calmar":-12.598160740134347,"sqn":-0.6636,"profit_factor":0.6444218081893305,"max_drawdown_account":0.03842292560999999,"max_drawdown_abs":38.42292561},{"key":"ADA/USDT:USDT","trades":5,"profit_mean":-0.031882713473977024,"profit_mean_pct":-3.19,"profit_total_abs":-63.6464024,"profit_total":-0.0636464024,"profit_total_pct":-6.36,"duration_avg":"4:24:00","wins":0,"draws":0,"losses":5,"winrate":0.0,"cagr":-0.23409860481777756,"expectancy":-12.72928048,"expectancy_ratio":-1.0,"sortino":-230.94590324124965,"sharpe":-230.94590324124965,"calmar":-21.22774797171424,"sqn":-435.1774,"profit_factor":0.0,"max_drawdown_account":0.06364640239999994,"max_drawdown_abs":63.6464024},{"key":"TOTAL","trades":47,"profit_mean":-0.001678976206067377,"profit_mean_pct":-0.17,"profit_total_abs":-31.447413950000012,"profit_total":-0.03144741395000001,"profit_total_pct":-3.14,"duration_avg":"6:44:00","wins":27,"draws":0,"losses":20,"winrate":0.574468085106383,"cagr":-0.12154021021528483,"expectancy":-0.6690939138297871,"expectancy_ratio":-0.05307188611122471,"sortino":-9.026526561059022,"sharpe":-0.6090441043904941,"calmar":-8.001275890359206,"sqn":-0.414,"profit_factor":0.8752810676386216,"max_drawdown_account":0.08343141604417306,"max_drawdown_abs":86.24785026999999}],"results_per_enter_tag":[{"key":"","trades":47,"profit_mean":-0.001678976206067377,"profit_mean_pct":-0.17,"profit_total_abs":-31.447413950000012,"profit_total":-0.03144741395000001,"profit_total_pct":-3.14,"duration_avg":"6:44:00","wins":27,"draws":0,"losses":20,"winrate":0.574468085106383,"cagr":-0.12154021021528483,"expectancy":-0.6690939138297871,"expectancy_ratio":-0.05307188611122471,"sortino":-9.026526561059022,"sharpe":-0.6090441043904941,"calmar":-8.001275890359206,"sqn":-0.414,"profit_factor":0.8752810676386216,"max_drawdown_account":0.08343141604417306,"max_drawdown_abs":86.24785026999999},{"key":"TOTAL","trades":47,"profit_mean":-0.001678976206067377,"profit_mean_pct":-0.17,"profit_total_abs":-31.447413950000012,"profit_total":-0.03144741395000001,"profit_total_pct":-3.14,"duration_avg":"6:44:00","wins":27,"draws":0,"losses":20,"winrate":0.574468085106383,"cagr":-0.12154021021528483,"expectancy":-0.6690939138297871,"expectancy_ratio":-0.05307188611122471,"sortino":-9.026526561059022,"sharpe":-0.6090441043904941,"calmar":-8.001275890359206,"sqn":-0.414,"profit_factor":0.8752810676386216,"max_drawdown_account":0.08343141604417306,"max_drawdown_abs":86.24785026999999}],"exit_reason_summary":[{"key":"trailing_stop_loss","trades":25,"profit_mean":0.017292142511892334,"profit_mean_pct":1.73,"profit_total_abs":172.74074491,"profit_total":0.17274074491,"profit_total_pct":17.27,"duration_avg":"7:58:00","wins":25,"draws":0,"losses":0,"winrate":1.0,"cagr":0.9083262019161389,"expectancy":6.9096297964,"expectancy_ratio":100.0,"sortino":-100,"sharpe":15.830671415795845,"calmar":-100,"sqn":14.6137,"profit_factor":0.0,"max_drawdown_account":0.0,"max_drawdown_abs":0.0},{"key":"roi","trades":2,"profit_mean":0.05997001499250375,"profit_mean_pct":6.0,"profit_total_abs":47.958113999999995,"profit_total":0.047958113999999996,"profit_total_pct":4.8,"duration_avg":"3:30:00","wins":2,"draws":0,"losses":0,"winrate":1.0,"cagr":0.20922165629501088,"expectancy":23.979056999999997,"expectancy_ratio":100.0,"sortino":-100,"sharpe":757.3032486727137,"calmar":-100,"sqn":1783.7579,"profit_factor":0.0,"max_drawdown_account":0.0,"max_drawdown_abs":0.0},{"key":"exit_signal","trades":1,"profit_mean":-0.023524734073847024,"profit_mean_pct":-2.35,"profit_total_abs":-9.3947832,"profit_total":-0.0093947832,"profit_total_pct":-0.94,"duration_avg":"1 day, 4:30:00","wins":0,"draws":0,"losses":1,"winrate":0.0,"cagr":-0.03755770680527637,"expectancy":-9.3947832,"expectancy_ratio":-1.0,"sortino":-100,"sharpe":-100,"calmar":-21.227747971714205,"sqn":-100.0,"profit_factor":0.0,"max_drawdown_account":0.009394783200000006,"max_drawdown_abs":9.3947832},{"key":"stop_loss","trades":19,"profit_mean":-0.03198056528387555,"profit_mean_pct":-3.2,"profit_total_abs":-242.75148965999998,"profit_total":-0.24275148965999999,"profit_total_pct":-24.28,"duration_avg":"4:19:00","wins":0,"draws":0,"losses":19,"winrate":0.0,"cagr":-0.676223939604274,"expectancy":-12.776394192631578,"expectancy_ratio":-1.0,"sortino":-819.155179457218,"sharpe":-819.155179457218,"calmar":-21.227747971714212,"sqn":-861.6778,"profit_factor":0.0,"max_drawdown_account":0.24275148966000007,"max_drawdown_abs":242.75148966000003},{"key":"TOTAL","trades":47,"profit_mean":-0.001678976206067377,"profit_mean_pct":-0.17,"profit_total_abs":-31.447413950000012,"profit_total":-0.03144741395000001,"profit_total_pct":-3.14,"duration_avg":"6:44:00","wins":27,"draws":0,"losses":20,"winrate":0.574468085106383,"cagr":-0.12154021021528483,"expectancy":-0.6690939138297871,"expectancy_ratio":-0.05307188611122471,"sortino":-9.026526561059022,"sharpe":-0.6090441043904941,"calmar":-8.001275890359206,"sqn":-0.414,"profit_factor":0.8752810676386216,"max_drawdown_account":0.08343141604417306,"max_drawdown_abs":86.24785026999999}],"mix_tag_stats":[{"key":["","trailing_stop_loss"],"trades":25,"profit_mean":0.017292142511892334,"profit_mean_pct":1.73,"profit_total_abs":172.74074491,"profit_total":0.17274074491,"profit_total_pct":17.27,"duration_avg":"7:58:00","wins":25,"draws":0,"losses":0,"winrate":1.0,"cagr":0.9083262019161389,"expectancy":6.9096297964,"expectancy_ratio":100.0,"sortino":-100,"sharpe":15.830671415795845,"calmar":-100,"sqn":14.6137,"profit_factor":0.0,"max_drawdown_account":0.0,"max_drawdown_abs":0.0},{"key":["","roi"],"trades":2,"profit_mean":0.05997001499250375,"profit_mean_pct":6.0,"profit_total_abs":47.958113999999995,"profit_total":0.047958113999999996,"profit_total_pct":4.8,"duration_avg":"3:30:00","wins":2,"draws":0,"losses":0,"winrate":1.0,"cagr":0.20922165629501088,"expectancy":23.979056999999997,"expectancy_ratio":100.0,"sortino":-100,"sharpe":757.3032486727137,"calmar":-100,"sqn":1783.7579,"profit_factor":0.0,"max_drawdown_account":0.0,"max_drawdown_abs":0.0},{"key":["","exit_signal"],"trades":1,"profit_mean":-0.023524734073847024,"profit_mean_pct":-2.35,"profit_total_abs":-9.3947832,"profit_total":-0.0093947832,"profit_total_pct":-0.94,"duration_avg":"1 day, 4:30:00","wins":0,"draws":0,"losses":1,"winrate":0.0,"cagr":-0.03755770680527637,"expectancy":-9.3947832,"expectancy_ratio":-1.0,"sortino":-100,"sharpe":-100,"calmar":-21.227747971714205,"sqn":-100.0,"profit_factor":0.0,"max_drawdown_account":0.009394783200000006,"max_drawdown_abs":9.3947832},{"key":["","stop_loss"],"trades":19,"profit_mean":-0.03198056528387555,"profit_mean_pct":-3.2,"profit_total_abs":-242.75148965999998,"profit_total":-0.24275148965999999,"profit_total_pct":-24.28,"duration_avg":"4:19:00","wins":0,"draws":0,"losses":19,"winrate":0.0,"cagr":-0.676223939604274,"expectancy":-12.776394192631578,"expectancy_ratio":-1.0,"sortino":-819.155179457218,"sharpe":-819.155179457218,"calmar":-21.227747971714212,"sqn":-861.6778,"profit_factor":0.0,"max_drawdown_account":0.24275148966000007,"max_drawdown_abs":242.75148966000003},{"key":"TOTAL","trades":47,"profit_mean":-0.001678976206067377,"profit_mean_pct":-0.17,"profit_total_abs":-31.447413950000012,"profit_total":-0.03144741395000001,"profit_total_pct":-3.14,"duration_avg":"6:44:00","wins":27,"draws":0,"losses":20,"winrate":0.574468085106383,"cagr":-0.12154021021528483,"expectancy":-0.6690939138297871,"expectancy_ratio":-0.05307188611122471,"sortino":-9.026526561059022,"sharpe":-0.6090441043904941,"calmar":-8.001275890359206,"sqn":-0.414,"profit_factor":0.8752810676386216,"max_drawdown_account":0.08343141604417306,"max_drawdown_abs":86.24785026999999}],"left_open_trades":[{"key":"TOTAL","trades":0,"profit_mean":0.0,"profit_mean_pct":0.0,"profit_total_abs":0.0,"profit_total":0.0,"profit_total_pct":0.0,"duration_avg":"0:00","wins":0,"draws":0,"losses":0,"winrate":0.0,"cagr":0.0,"expectancy":0.0,"expectancy_ratio":100.0,"sortino":0,"sharpe":0,"calmar":0,"sqn":0.0,"profit_factor":0.0,"max_drawdown_account":0.0,"max_drawdown_abs":0.0}],"total_trades":47,"trade_count_long":47,"trade_count_short":0,"total_volume":75122.19736627364,"avg_stake_amount":399.34837808510633,"profit_mean":-0.001678976206067377,"profit_median":0.010924009176252063,"profit_total":-0.03144741395000001,"profit_total_long":-0.03144741395000001,"profit_total_short":0.0,"profit_total_abs":-31.447413950000012,"profit_total_long_abs":-31.447413950000012,"profit_total_short_abs":0.0,"cagr":-0.12154021021528483,"expectancy":-0.6690939138297871,"expectancy_ratio":-0.05307188611122471,"sortino":-9.026526561059022,"sharpe":-0.6090441043904941,"calmar":-8.001275890359206,"sqn":-0.414,"profit_factor":0.8752810676386216,"backtest_start":"2025-11-24 00:00:00","backtest_start_ts":1763942400000,"backtest_end":"2026-02-22 00:00:00","backtest_end_ts":1771718400000,"backtest_days":90,"backtest_run_start_ts":1771747486,"backtest_run_end_ts":1771747489,"trades_per_day":0.52,"market_change":-0.30092554103143976,"pairlist":["BTC/USDT:USDT","ETH/USDT:USDT","SOL/USDT:USDT","DOGE/USDT:USDT","XRP/USDT:USDT","ADA/USDT:USDT","LINK/USDT:USDT","AVAX/USDT:USDT"],"stake_amount":400,"stake_currency":"USDT","stake_currency_decimals":3,"starting_balance":1000,"dry_run_wallet":1000,"final_balance":968.55258605,"rejected_signals":0,"timedout_entry_orders":0,"timedout_exit_orders":2,"canceled_trade_entries":0,"canceled_entry_orders":0,"replaced_entry_orders":0,"max_open_trades":3,"max_open_trades_setting":3,"timeframe":"30m","timeframe_detail":"","timerange":"20251124-20260222","enable_protections":false,"strategy_name":"SupertrendFuturesStrategyV8","freqaimodel":null,"freqai_identifier":null,"stoploss":-0.03,"trailing_stop":true,"trailing_stop_positive":0.02,"trailing_stop_positive_offset":0.03,"trailing_only_offset_is_reached":true,"use_custom_stoploss":false,"minimal_roi":{"0":0.06},"use_exit_signal":true,"exit_profit_only":false,"exit_profit_offset":0.0,"ignore_roi_if_entry_signal":false,"trading_mode":"futures","margin_mode":"isolated","periodic_breakdown":{"day":[{"date":"28/11/2025","date_ts":1764288000000,"profit_abs":8.37388456,"wins":1,"draws":0,"losses":0,"trades":1,"profit_factor":0.0},{"date":"29/11/2025","date_ts":1764374400000,"profit_abs":0.0,"wins":0,"draws":0,"losses":0,"trades":0,"profit_factor":0.0},{"date":"30/11/2025","date_ts":1764460800000,"profit_abs":0.0,"wins":0,"draws":0,"losses":0,"trades":0,"profit_factor":0.0},{"date":"01/12/2025","date_ts":1764547200000,"profit_abs":0.0,"wins":0,"draws":0,"losses":0,"trades":0,"profit_factor":0.0},{"date":"02/12/2025","date_ts":1764633600000,"profit_abs":0.0,"wins":0,"draws":0,"losses":0,"trades":0,"profit_factor":0.0},{"date":"03/12/2025","date_ts":1764720000000,"profit_abs":25.38359385,"wins":3,"draws":0,"losses":1,"trades":4,"profit_factor":3.00167814},{"date":"04/12/2025","date_ts":1764806400000,"profit_abs":-12.78607092,"wins":0,"draws":0,"losses":1,"trades":1,"profit_factor":0.0},{"date":"05/12/2025","date_ts":1764892800000,"profit_abs":-12.76205023,"wins":0,"draws":0,"losses":1,"trades":1,"profit_factor":0.0},{"date":"06/12/2025","date_ts":1764979200000,"profit_abs":0.0,"wins":0,"draws":0,"losses":0,"trades":0,"profit_factor":0.0},{"date":"07/12/2025","date_ts":1765065600000,"profit_abs":0.0,"wins":0,"draws":0,"losses":0,"trades":0,"profit_factor":0.0},{"date":"08/12/2025","date_ts":1765152000000,"profit_abs":-12.7903649,"wins":0,"draws":0,"losses":1,"trades":1,"profit_factor":0.0},{"date":"09/12/2025","date_ts":1765238400000,"profit_abs":-12.8438001,"wins":0,"draws":0,"losses":1,"trades":1,"profit_factor":0.0},{"date":"10/12/2025","date_ts":1765324800000,"profit_abs":0.0,"wins":0,"draws":0,"losses":0,"trades":0,"profit_factor":0.0},{"date":"11/12/2025","date_ts":1765411200000,"profit_abs":0.0,"wins":0,"draws":0,"losses":0,"trades":0,"profit_factor":0.0},{"date":"12/12/2025","date_ts":1765497600000,"profit_abs":-12.87051048,"wins":0,"draws":0,"losses":1,"trades":1,"profit_factor":0.0},{"date":"13/12/2025","date_ts":1765584000000,"profit_abs":0.0,"wins":0,"draws":0,"losses":0,"trades":0,"profit_factor":0.0},{"date":"14/12/2025","date_ts":1765670400000,"profit_abs":0.0,"wins":0,"draws":0,"losses":0,"trades":0,"profit_factor":0.0},{"date":"15/12/2025","date_ts":1765756800000,"profit_abs":0.0,"wins":0,"draws":0,"losses":0,"trades":0,"profit_factor":0.0},{"date":"16/12/2025","date_ts":1765843200000,"profit_abs":0.0,"wins":0,"draws":0,"losses":0,"trades":0,"profit_factor":0.0},{"date":"17/12/2025","date_ts":1765929600000,"profit_abs":0.0,"wins":0,"draws":0,"losses":0,"trades":0,"profit_factor":0.0},{"date":"18/12/2025","date_ts":1766016000000,"profit_abs":0.0,"wins":0,"draws":0,"losses":0,"trades":0,"profit_factor":0.0},{"date":"19/12/2025","date_ts":1766102400000,"profit_abs":0.0,"wins":0,"draws":0,"losses":0,"trades":0,"profit_factor":0.0},{"date":"20/12/2025","date_ts":1766188800000,"profit_abs":0.0,"wins":0,"draws":0,"losses":0,"trades":0,"profit_factor":0.0},{"date":"21/12/2025","date_ts":1766275200000,"profit_abs":-9.3947832,"wins":0,"draws":0,"losses":1,"trades":1,"profit_factor":0.0},{"date":"22/12/2025","date_ts":1766361600000,"profit_abs":-12.80027044,"wins":0,"draws":0,"losses":1,"trades":1,"profit_factor":0.0},{"date":"23/12/2025","date_ts":1766448000000,"profit_abs":0.0,"wins":0,"draws":0,"losses":0,"trades":0,"profit_factor":0.0},{"date":"24/12/2025","date_ts":1766534400000,"profit_abs":0.0,"wins":0,"draws":0,"losses":0,"trades":0,"profit_factor":0.0},{"date":"25/12/2025","date_ts":1766620800000,"profit_abs":0.0,"wins":0,"draws":0,"losses":0,"trades":0,"profit_factor":0.0},{"date":"26/12/2025","date_ts":1766707200000,"profit_abs":0.0,"wins":0,"draws":0,"losses":0,"trades":0,"profit_factor":0.0},{"date":"27/12/2025","date_ts":1766793600000,"profit_abs":0.0,"wins":0,"draws":0,"losses":0,"trades":0,"profit_factor":0.0},{"date":"28/12/2025","date_ts":1766880000000,"profit_abs":0.0,"wins":0,"draws":0,"losses":0,"trades":0,"profit_factor":0.0},{"date":"29/12/2025","date_ts":1766966400000,"profit_abs":0.0,"wins":0,"draws":0,"losses":0,"trades":0,"profit_factor":0.0},{"date":"30/12/2025","date_ts":1767052800000,"profit_abs":0.0,"wins":0,"draws":0,"losses":0,"trades":0,"profit_factor":0.0},{"date":"31/12/2025","date_ts":1767139200000,"profit_abs":0.0,"wins":0,"draws":0,"losses":0,"trades":0,"profit_factor":0.0},{"date":"01/01/2026","date_ts":1767225600000,"profit_abs":0.0,"wins":0,"draws":0,"losses":0,"trades":0,"profit_factor":0.0},{"date":"02/01/2026","date_ts":1767312000000,"profit_abs":50.3510699,"wins":7,"draws":0,"losses":0,"trades":7,"profit_factor":0.0},{"date":"03/01/2026","date_ts":1767398400000,"profit_abs":-12.73494585,"wins":0,"draws":0,"losses":1,"trades":1,"profit_factor":0.0},{"date":"04/01/2026","date_ts":1767484800000,"profit_abs":4.22690936,"wins":2,"draws":0,"losses":1,"trades":3,"profit_factor":1.33084727},{"date":"05/01/2026","date_ts":1767571200000,"profit_abs":13.4326675,"wins":3,"draws":0,"losses":1,"trades":4,"profit_factor":2.0521745},{"date":"06/01/2026","date_ts":1767657600000,"profit_abs":-42.88308021,"wins":1,"draws":0,"losses":4,"trades":5,"profit_factor":0.1577752},{"date":"07/01/2026","date_ts":1767744000000,"profit_abs":0.0,"wins":0,"draws":0,"losses":0,"trades":0,"profit_factor":0.0},{"date":"08/01/2026","date_ts":1767830400000,"profit_abs":0.0,"wins":0,"draws":0,"losses":0,"trades":0,"profit_factor":0.0},{"date":"09/01/2026","date_ts":1767916800000,"profit_abs":0.0,"wins":0,"draws":0,"losses":0,"trades":0,"profit_factor":0.0},{"date":"10/01/2026","date_ts":1768003200000,"profit_abs":0.0,"wins":0,"draws":0,"losses":0,"trades":0,"profit_factor":0.0},{"date":"11/01/2026","date_ts":1768089600000,"profit_abs":0.0,"wins":0,"draws":0,"losses":0,"trades":0,"profit_factor":0.0},{"date":"12/01/2026","date_ts":1768176000000,"profit_abs":-8.60959351,"wins":1,"draws":0,"losses":1,"trades":2,"profit_factor":0.33021318},{"date":"13/01/2026","date_ts":1768262400000,"profit_abs":23.9925,"wins":1,"draws":0,"losses":0,"trades":1,"profit_factor":0.0},{"date":"14/01/2026","date_ts":1768348800000,"profit_abs":-14.6678103,"wins":2,"draws":0,"losses":2,"trades":4,"profit_factor":0.42635645},{"date":"15/01/2026","date_ts":1768435200000,"profit_abs":0.0,"wins":0,"draws":0,"losses":0,"trades":0,"profit_factor":0.0},{"date":"16/01/2026","date_ts":1768521600000,"profit_abs":0.0,"wins":0,"draws":0,"losses":0,"trades":0,"profit_factor":0.0},{"date":"17/01/2026","date_ts":1768608000000,"profit_abs":0.0,"wins":0,"draws":0,"losses":0,"trades":0,"profit_factor":0.0},{"date":"18/01/2026","date_ts":1768694400000,"profit_abs":0.0,"wins":0,"draws":0,"losses":0,"trades":0,"profit_factor":0.0},{"date":"19/01/2026","date_ts":1768780800000,"profit_abs":0.0,"wins":0,"draws":0,"losses":0,"trades":0,"profit_factor":0.0},{"date":"20/01/2026","date_ts":1768867200000,"profit_abs":0.0,"wins":0,"draws":0,"losses":0,"trades":0,"profit_factor":0.0},{"date":"21/01/2026","date_ts":1768953600000,"profit_abs":0.0,"wins":0,"draws":0,"losses":0,"trades":0,"profit_factor":0.0},{"date":"22/01/2026","date_ts":1769040000000,"profit_abs":0.0,"wins":0,"draws":0,"losses":0,"trades":0,"profit_factor":0.0},{"date":"23/01/2026","date_ts":1769126400000,"profit_abs":0.0,"wins":0,"draws":0,"losses":0,"trades":0,"profit_factor":0.0},{"date":"24/01/2026","date_ts":1769212800000,"profit_abs":0.0,"wins":0,"draws":0,"losses":0,"trades":0,"profit_factor":0.0},{"date":"25/01/2026","date_ts":1769299200000,"profit_abs":0.0,"wins":0,"draws":0,"losses":0,"trades":0,"profit_factor":0.0},{"date":"26/01/2026","date_ts":1769385600000,"profit_abs":0.0,"wins":0,"draws":0,"losses":0,"trades":0,"profit_factor":0.0},{"date":"27/01/2026","date_ts":1769472000000,"profit_abs":0.0,"wins":0,"draws":0,"losses":0,"trades":0,"profit_factor":0.0},{"date":"28/01/2026","date_ts":1769558400000,"profit_abs":0.0,"wins":0,"draws":0,"losses":0,"trades":0,"profit_factor":0.0},{"date":"29/01/2026","date_ts":1769644800000,"profit_abs":0.0,"wins":0,"draws":0,"losses":0,"trades":0,"profit_factor":0.0},{"date":"30/01/2026","date_ts":1769731200000,"profit_abs":0.0,"wins":0,"draws":0,"losses":0,"trades":0,"profit_factor":0.0},{"date":"31/01/2026","date_ts":1769817600000,"profit_abs":0.0,"wins":0,"draws":0,"losses":0,"trades":0,"profit_factor":0.0},{"date":"01/02/2026","date_ts":1769904000000,"profit_abs":0.0,"wins":0,"draws":0,"losses":0,"trades":0,"profit_factor":0.0},{"date":"02/02/2026","date_ts":1769990400000,"profit_abs":0.0,"wins":0,"draws":0,"losses":0,"trades":0,"profit_factor":0.0},{"date":"03/02/2026","date_ts":1770076800000,"profit_abs":0.0,"wins":0,"draws":0,"losses":0,"trades":0,"profit_factor":0.0},{"date":"04/02/2026","date_ts":1770163200000,"profit_abs":0.0,"wins":0,"draws":0,"losses":0,"trades":0,"profit_factor":0.0},{"date":"05/02/2026","date_ts":1770249600000,"profit_abs":0.0,"wins":0,"draws":0,"losses":0,"trades":0,"profit_factor":0.0},{"date":"06/02/2026","date_ts":1770336000000,"profit_abs":0.0,"wins":0,"draws":0,"losses":0,"trades":0,"profit_factor":0.0},{"date":"07/02/2026","date_ts":1770422400000,"profit_abs":0.0,"wins":0,"draws":0,"losses":0,"trades":0,"profit_factor":0.0},{"date":"08/02/2026","date_ts":1770508800000,"profit_abs":0.0,"wins":0,"draws":0,"losses":0,"trades":0,"profit_factor":0.0},{"date":"09/02/2026","date_ts":1770595200000,"profit_abs":0.0,"wins":0,"draws":0,"losses":0,"trades":0,"profit_factor":0.0},{"date":"10/02/2026","date_ts":1770681600000,"profit_abs":0.0,"wins":0,"draws":0,"losses":0,"trades":0,"profit_factor":0.0},{"date":"11/02/2026","date_ts":1770768000000,"profit_abs":0.0,"wins":0,"draws":0,"losses":0,"trades":0,"profit_factor":0.0},{"date":"12/02/2026","date_ts":1770854400000,"profit_abs":0.0,"wins":0,"draws":0,"losses":0,"trades":0,"profit_factor":0.0},{"date":"13/02/2026","date_ts":1770940800000,"profit_abs":0.0,"wins":0,"draws":0,"losses":0,"trades":0,"profit_factor":0.0},{"date":"14/02/2026","date_ts":1771027200000,"profit_abs":27.09039865,"wins":5,"draws":0,"losses":0,"trades":5,"profit_factor":0.0},{"date":"15/02/2026","date_ts":1771113600000,"profit_abs":-19.15515763,"wins":1,"draws":0,"losses":2,"trades":3,"profit_factor":0.25173744}],"week":[{"date":"01/12/2025","date_ts":1764547200000,"profit_abs":8.37388456,"wins":1,"draws":0,"losses":0,"trades":1,"profit_factor":0.0},{"date":"08/12/2025","date_ts":1765152000000,"profit_abs":-12.9548922,"wins":3,"draws":0,"losses":4,"trades":7,"profit_factor":0.7460803},{"date":"15/12/2025","date_ts":1765756800000,"profit_abs":-25.71431058,"wins":0,"draws":0,"losses":2,"trades":2,"profit_factor":0.0},{"date":"22/12/2025","date_ts":1766361600000,"profit_abs":-22.19505364,"wins":0,"draws":0,"losses":2,"trades":2,"profit_factor":0.0},{"date":"29/12/2025","date_ts":1766966400000,"profit_abs":0.0,"wins":0,"draws":0,"losses":0,"trades":0,"profit_factor":0.0},{"date":"05/01/2026","date_ts":1767571200000,"profit_abs":55.27570091,"wins":12,"draws":0,"losses":3,"trades":15,"profit_factor":2.44407672},{"date":"12/01/2026","date_ts":1768176000000,"profit_abs":-51.49267372,"wins":2,"draws":0,"losses":5,"trades":7,"profit_factor":0.19253346},{"date":"19/01/2026","date_ts":1768780800000,"profit_abs":9.3246897,"wins":3,"draws":0,"losses":2,"trades":5,"profit_factor":1.36467939},{"date":"26/01/2026","date_ts":1769385600000,"profit_abs":0.0,"wins":0,"draws":0,"losses":0,"trades":0,"profit_factor":0.0},{"date":"02/02/2026","date_ts":1769990400000,"profit_abs":0.0,"wins":0,"draws":0,"losses":0,"trades":0,"profit_factor":0.0},{"date":"09/02/2026","date_ts":1770595200000,"profit_abs":0.0,"wins":0,"draws":0,"losses":0,"trades":0,"profit_factor":0.0},{"date":"16/02/2026","date_ts":1771200000000,"profit_abs":7.93524102,"wins":6,"draws":0,"losses":2,"trades":8,"profit_factor":1.30997624}],"month":[{"date":"30/11/2025","date_ts":1764460800000,"profit_abs":8.37388456,"wins":1,"draws":0,"losses":0,"trades":1,"profit_factor":0.0},{"date":"31/12/2025","date_ts":1767139200000,"profit_abs":-60.86425642,"wins":3,"draws":0,"losses":8,"trades":11,"profit_factor":0.38476835},{"date":"31/01/2026","date_ts":1769817600000,"profit_abs":13.10771689,"wins":17,"draws":0,"losses":10,"trades":27,"profit_factor":1.10271076},{"date":"28/02/2026","date_ts":1772236800000,"profit_abs":7.93524102,"wins":6,"draws":0,"losses":2,"trades":8,"profit_factor":1.30997624}],"year":[{"date":"31/12/2025","date_ts":1767139200000,"profit_abs":-52.49037186,"wins":4,"draws":0,"losses":8,"trades":12,"profit_factor":0.46941374},{"date":"31/12/2026","date_ts":1798675200000,"profit_abs":21.04295791,"wins":23,"draws":0,"losses":12,"trades":35,"profit_factor":1.13734064}],"weekday":[{"date":"Monday","date_ts":0,"profit_abs":-20.76756135,"wins":4,"draws":0,"losses":4,"trades":8,"profit_factor":0.5944742},{"date":"Tuesday","date_ts":1,"profit_abs":-31.73438031,"wins":2,"draws":0,"losses":5,"trades":7,"profit_factor":0.50228567},{"date":"Wednesday","date_ts":2,"profit_abs":10.71578355,"wins":5,"draws":0,"losses":3,"trades":8,"profit_factor":1.28014599},{"date":"Thursday","date_ts":3,"profit_abs":-12.78607092,"wins":0,"draws":0,"losses":1,"trades":1,"profit_factor":0.0},{"date":"Friday","date_ts":4,"profit_abs":33.09239375,"wins":8,"draws":0,"losses":2,"trades":10,"profit_factor":2.29102957},{"date":"Saturday","date_ts":5,"profit_abs":14.3554528,"wins":5,"draws":0,"losses":1,"trades":6,"profit_factor":2.12724883},{"date":"Sunday","date_ts":6,"profit_abs":-24.32303147,"wins":3,"draws":0,"losses":4,"trades":7,"profit_factor":0.49083372}]},"backtest_best_day":0.12600988109133401,"backtest_worst_day":-0.10743338661651161,"backtest_best_day_abs":50.3510699,"backtest_worst_day_abs":-42.88308021,"winning_days":7,"draw_days":61,"losing_days":12,"daily_profit":[["2025-11-28",8.37388456],["2025-11-29",0.0],["2025-11-30",0.0],["2025-12-01",0.0],["2025-12-02",0.0],["2025-12-03",25.38359385],["2025-12-04",-12.78607092],["2025-12-05",-12.76205023],["2025-12-06",0.0],["2025-12-07",0.0],["2025-12-08",-12.7903649],["2025-12-09",-12.8438001],["2025-12-10",0.0],["2025-12-11",0.0],["2025-12-12",-12.87051048],["2025-12-13",0.0],["2025-12-14",0.0],["2025-12-15",0.0],["2025-12-16",0.0],["2025-12-17",0.0],["2025-12-18",0.0],["2025-12-19",0.0],["2025-12-20",0.0],["2025-12-21",-9.3947832],["2025-12-22",-12.80027044],["2025-12-23",0.0],["2025-12-24",0.0],["2025-12-25",0.0],["2025-12-26",0.0],["2025-12-27",0.0],["2025-12-28",0.0],["2025-12-29",0.0],["2025-12-30",0.0],["2025-12-31",0.0],["2026-01-01",0.0],["2026-01-02",50.3510699],["2026-01-03",-12.73494585],["2026-01-04",4.22690936],["2026-01-05",13.4326675],["2026-01-06",-42.88308021],["2026-01-07",0.0],["2026-01-08",0.0],["2026-01-09",0.0],["2026-01-10",0.0],["2026-01-11",0.0],["2026-01-12",-8.60959351],["2026-01-13",23.9925],["2026-01-14",-14.6678103],["2026-01-15",0.0],["2026-01-16",0.0],["2026-01-17",0.0],["2026-01-18",0.0],["2026-01-19",0.0],["2026-01-20",0.0],["2026-01-21",0.0],["2026-01-22",0.0],["2026-01-23",0.0],["2026-01-24",0.0],["2026-01-25",0.0],["2026-01-26",0.0],["2026-01-27",0.0],["2026-01-28",0.0],["2026-01-29",0.0],["2026-01-30",0.0],["2026-01-31",0.0],["2026-02-01",0.0],["2026-02-02",0.0],["2026-02-03",0.0],["2026-02-04",0.0],["2026-02-05",0.0],["2026-02-06",0.0],["2026-02-07",0.0],["2026-02-08",0.0],["2026-02-09",0.0],["2026-02-10",0.0],["2026-02-11",0.0],["2026-02-12",0.0],["2026-02-13",0.0],["2026-02-14",27.09039865],["2026-02-15",-19.15515763]],"wins":27,"losses":20,"draws":0,"winrate":0.574468085106383,"holding_avg":"6:44:00","holding_avg_s":24240.0,"winner_holding_min":"0d 00:30","winner_holding_min_s":1800.0,"winner_holding_max":"1d 12:00","winner_holding_max_s":129600.0,"winner_holding_avg":"0d 07:38","winner_holding_avg_s":27480.0,"loser_holding_min":"0d 00:00","loser_holding_min_s":0.0,"loser_holding_max":"1d 04:30","loser_holding_max_s":102600.0,"loser_holding_avg":"0d 05:32","loser_holding_avg_s":19920.0,"max_consecutive_wins":8,"max_consecutive_losses":7,"max_drawdown_account":0.08343141604417306,"max_relative_drawdown":0.08343141604417306,"max_drawdown_abs":86.24785026999999,"drawdown_start":"2025-12-03 22:30:00","drawdown_start_ts":1764801000000.0,"drawdown_end":"2025-12-22 19:30:00","drawdown_end_ts":1766431800000.0,"drawdown_duration":"18 days 21:00:00","drawdown_duration_s":1630800.0,"max_drawdown_low":-52.49037186,"max_drawdown_high":33.75747840999999,"csum_min":947.50962814,"csum_max":1033.75747841}},"strategy_comparison":[{"key":"SupertrendFuturesStrategyV8","trades":47,"profit_mean":-0.001678976206067377,"profit_mean_pct":-0.17,"profit_total_abs":-31.447413950000012,"profit_total":-0.03144741395000001,"profit_total_pct":-3.14,"duration_avg":"6:44:00","wins":27,"draws":0,"losses":20,"winrate":0.574468085106383,"cagr":-0.12154021021528483,"expectancy":-0.6690939138297871,"expectancy_ratio":-0.05307188611122471,"sortino":-9.026526561059022,"sharpe":-0.6090441043904941,"calmar":-8.001275890359206,"sqn":-0.414,"profit_factor":0.8752810676386216,"max_drawdown_account":0.08343141604417306,"max_drawdown_abs":"86.248"}]}