{"strategy":{"SupertrendFuturesStrategyV8":{"trades":[{"pair":"BTC/USDT:USDT","stake_amount":398.92424,"max_stake_amount":398.92424,"amount":0.0088,"open_date":"2025-11-27 01:30:00+00:00","close_date":"2025-11-28 13:30:00+00:00","open_rate":90664.6,"close_rate":91706.175,"fee_open":0.0005,"fee_close":0.0005,"trade_duration":2160,"profit_ratio":0.020980674701905625,"profit_abs":8.37388456,"exit_reason":"trailing_stop_loss","initial_stop_loss_abs":89304.63100000001,"initial_stop_loss_ratio":-0.03,"stop_loss_abs":91706.175,"stop_loss_ratio":-0.02,"min_rate":90415.1,"max_rate":92632.5,"is_open":false,"enter_tag":"","leverage":2,"is_short":false,"open_timestamp":1764207000000,"close_timestamp":1764336600000,"orders":[{"amount":0.0088,"safe_price":90664.6,"ft_order_side":"buy","order_filled_timestamp":1764207000000,"ft_is_entry":true,"ft_order_tag":"","cost":798.24740424},{"amount":0.0088,"safe_price":91706.175,"ft_order_side":"sell","order_filled_timestamp":1764336600000,"ft_is_entry":false,"ft_order_tag":"trailing_stop_loss","cost":807.4178471700001}],"funding_fees":0.01045597157454941,"weekday":4},{"pair":"ETH/USDT:USDT","stake_amount":399.779725,"max_stake_amount":399.779725,"amount":0.263,"open_date":"2025-12-03 02:30:00+00:00","close_date":"2025-12-03 14:00:00+00:00","open_rate":3040.15,"close_rate":3062.7135,"fee_open":0.0005,"fee_close":0.0005,"trade_duration":690,"profit_ratio":0.01280673271751843,"profit_abs":5.12243202,"exit_reason":"trailing_stop_loss","initial_stop_loss_abs":2994.54775,"initial_stop_loss_ratio":-0.03,"stop_loss_abs":3062.7135,"stop_loss_ratio":-0.02,"min_rate":3017.51,"max_rate":3093.65,"is_open":false,"enter_tag":"","leverage":2,"is_short":false,"open_timestamp":1764729000000,"close_timestamp":1764770400000,"orders":[{"amount":0.263,"safe_price":3040.15,"ft_order_side":"buy","order_filled_timestamp":1764729000000,"ft_is_entry":true,"ft_order_tag":"","cost":799.959229725},{"amount":0.263,"safe_price":3062.7135,"ft_order_side":"sell","order_filled_timestamp":1764770400000,"ft_is_entry":false,"ft_order_tag":"trailing_stop_loss","cost":805.89639732525}],"funding_fees":-0.009241934581188336,"weekday":2},{"pair":"SOL/USDT:USDT","stake_amount":399.4845,"max_stake_amount":399.4845,"amount":5.7,"open_date":"2025-12-05 07:30:00+00:00","close_date":"2025-12-05 08:30:00+00:00","open_rate":140.17,"close_rate":138.06744999999998,"fee_open":0.0005,"fee_close":0.0005,"trade_duration":60,"profit_ratio":-0.03193033119884025,"profit_abs":-12.76205023,"exit_reason":"stop_loss","initial_stop_loss_abs":138.06744999999998,"initial_stop_loss_ratio":-0.03,"stop_loss_abs":138.06744999999998,"stop_loss_ratio":-0.03,"min_rate":137.74,"max_rate":140.34,"is_open":false,"enter_tag":"","leverage":2,"is_short":false,"open_timestamp":1764919800000,"close_timestamp":1764923400000,"orders":[{"amount":5.7,"safe_price":140.17,"ft_order_side":"buy","order_filled_timestamp":1764919800000,"ft_is_entry":true,"ft_order_tag":"","cost":799.3684844999999},{"amount":5.7,"safe_price":138.06744999999998,"ft_order_side":"sell","order_filled_timestamp":1764923400000,"ft_is_entry":false,"ft_order_tag":"stop_loss","cost":787.3779572324999}],"funding_fees":0.015461501416634117,"weekday":4},{"pair":"SOL/USDT:USDT","stake_amount":399.88635,"max_stake_amount":399.88635,"amount":5.79,"open_date":"2025-12-08 13:30:00+00:00","close_date":"2025-12-08 15:00:00+00:00","open_rate":138.13,"close_rate":136.05804999999998,"fee_open":0.0005,"fee_close":0.0005,"trade_duration":90,"profit_ratio":-0.03196901548038144,"profit_abs":-12.7903649,"exit_reason":"stop_loss","initial_stop_loss_abs":136.05804999999998,"initial_stop_loss_ratio":-0.03,"stop_loss_abs":136.05804999999998,"stop_loss_ratio":-0.03,"min_rate":135.29,"max_rate":139.25,"is_open":false,"enter_tag":"","leverage":2,"is_short":false,"open_timestamp":1765200600000,"close_timestamp":1765206000000,"orders":[{"amount":5.79,"safe_price":138.13,"ft_order_side":"buy","order_filled_timestamp":1765200600000,"ft_is_entry":true,"ft_order_tag":"","cost":800.17258635},{"amount":5.79,"safe_price":136.05804999999998,"ft_order_side":"sell","order_filled_timestamp":1765206000000,"ft_is_entry":false,"ft_order_tag":"stop_loss","cost":788.1699975547498}],"funding_fees":0.0,"weekday":0},{"pair":"SOL/USDT:USDT","stake_amount":399.888,"max_stake_amount":399.888,"amount":5.76,"open_date":"2025-12-12 06:00:00+00:00","close_date":"2025-12-12 15:00:00+00:00","open_rate":138.85,"close_rate":136.76725,"fee_open":0.0005,"fee_close":0.0005,"trade_duration":540,"profit_ratio":-0.032169203478923124,"profit_abs":-12.87051048,"exit_reason":"stop_loss","initial_stop_loss_abs":136.76725,"initial_stop_loss_ratio":-0.03,"stop_loss_abs":136.76725,"stop_loss_ratio":-0.03,"min_rate":135.5,"max_rate":140.13,"is_open":false,"enter_tag":"","leverage":2,"is_short":false,"open_timestamp":1765519200000,"close_timestamp":1765551600000,"orders":[{"amount":5.76,"safe_price":138.85,"ft_order_side":"buy","order_filled_timestamp":1765519200000,"ft_is_entry":true,"ft_order_tag":"","cost":800.1758879999999},{"amount":5.76,"safe_price":136.76725,"ft_order_side":"sell","order_filled_timestamp":1765551600000,"ft_is_entry":false,"ft_order_tag":"stop_loss","cost":788.1732496799998}],"funding_fees":-0.0800928,"weekday":4},{"pair":"SOL/USDT:USDT","stake_amount":399.8414,"max_stake_amount":399.8414,"amount":6.23,"open_date":"2026-01-02 09:30:00+00:00","close_date":"2026-01-02 16:00:00+00:00","open_rate":128.36,"close_rate":129.2643,"fee_open":0.0005,"fee_close":0.0005,"trade_duration":390,"profit_ratio":0.012066952637675361,"profit_abs":4.82727967,"exit_reason":"trailing_stop_loss","initial_stop_loss_abs":126.43460000000002,"initial_stop_loss_ratio":-0.03,"stop_loss_abs":129.2643,"stop_loss_ratio":-0.02,"min_rate":126.74,"max_rate":130.57,"is_open":false,"enter_tag":"","leverage":2,"is_short":false,"open_timestamp":1767346200000,"close_timestamp":1767369600000,"orders":[{"amount":6.23,"safe_price":128.36,"ft_order_side":"buy","order_filled_timestamp":1767346200000,"ft_is_entry":true,"ft_order_tag":"","cost":800.0826414},{"amount":6.23,"safe_price":129.2643,"ft_order_side":"sell","order_filled_timestamp":1767369600000,"ft_is_entry":false,"ft_order_tag":"trailing_stop_loss","cost":805.7192472945}],"funding_fees":-0.00400963727664687,"weekday":4},{"pair":"ETH/USDT:USDT","stake_amount":398.95583,"max_stake_amount":398.95583,"amount":0.259,"open_date":"2026-01-02 15:00:00+00:00","close_date":"2026-01-02 16:30:00+00:00","open_rate":3080.74,"close_rate":3114.045,"fee_open":0.0005,"fee_close":0.0005,"trade_duration":90,"profit_ratio":0.019829696669561823,"profit_abs":7.91512868,"exit_reason":"trailing_stop_loss","initial_stop_loss_abs":3034.5289,"initial_stop_loss_ratio":-0.03,"stop_loss_abs":3114.045,"stop_loss_ratio":-0.02,"min_rate":3053.05,"max_rate":3145.5,"is_open":false,"enter_tag":"","leverage":2,"is_short":false,"open_timestamp":1767366000000,"close_timestamp":1767371400000,"orders":[{"amount":0.259,"safe_price":3080.74,"ft_order_side":"buy","order_filled_timestamp":1767366000000,"ft_is_entry":true,"ft_order_tag":"","cost":798.31061583},{"amount":0.259,"safe_price":3114.045,"ft_order_side":"sell","order_filled_timestamp":1767371400000,"ft_is_entry":false,"ft_order_tag":"trailing_stop_loss","cost":806.9409238275}],"funding_fees":0.09135833790615717,"weekday":4},{"pair":"SOL/USDT:USDT","stake_amount":399.5912,"max_stake_amount":399.5912,"amount":6.14,"open_date":"2026-01-02 16:30:00+00:00","close_date":"2026-01-02 17:00:00+00:00","open_rate":130.16,"close_rate":130.9374,"fee_open":0.0005,"fee_close":0.0005,"trade_duration":30,"profit_ratio":0.00993435826146956,"profit_abs":3.97166698,"exit_reason":"trailing_stop_loss","initial_stop_loss_abs":128.20759999999999,"initial_stop_loss_ratio":-0.03,"stop_loss_abs":130.9374,"stop_loss_ratio":-0.02,"min_rate":130.15,"max_rate":132.26,"is_open":false,"enter_tag":"","leverage":2,"is_short":false,"open_timestamp":1767371400000,"close_timestamp":1767373200000,"orders":[{"amount":6.14,"safe_price":130.16,"ft_order_side":"buy","order_filled_timestamp":1767371400000,"ft_is_entry":true,"ft_order_tag":"","cost":799.5819911999998},{"amount":6.14,"safe_price":130.9374,"ft_order_side":"sell","order_filled_timestamp":1767373200000,"ft_is_entry":false,"ft_order_tag":"trailing_stop_loss","cost":804.3576138179999}],"funding_fees":0.0,"weekday":4},{"pair":"SOL/USDT:USDT","stake_amount":399.9303,"max_stake_amount":399.9303,"amount":6.09,"open_date":"2026-01-02 17:30:00+00:00","close_date":"2026-01-04 00:00:00+00:00","open_rate":131.34,"close_rate":133.5708,"fee_open":0.0005,"fee_close":0.0005,"trade_duration":1830,"profit_ratio":0.03195650222860929,"profit_abs":12.78676371,"exit_reason":"trailing_stop_loss","initial_stop_loss_abs":129.3699,"initial_stop_loss_ratio":-0.03,"stop_loss_abs":133.5708,"stop_loss_ratio":-0.02,"min_rate":129.53,"max_rate":134.92,"is_open":false,"enter_tag":"","leverage":2,"is_short":false,"open_timestamp":1767375000000,"close_timestamp":1767484800000,"orders":[{"amount":6.09,"safe_price":131.34,"ft_order_side":"buy","order_filled_timestamp":1767375000000,"ft_is_entry":true,"ft_order_tag":"","cost":800.2605302999999},{"amount":6.09,"safe_price":133.5708,"ft_order_side":"sell","order_filled_timestamp":1767484800000,"ft_is_entry":false,"ft_order_tag":"trailing_stop_loss","cost":813.8528950859999}],"funding_fees":0.007845091034354702,"weekday":6},{"pair":"ETH/USDT:USDT","stake_amount":399.80362,"max_stake_amount":399.80362,"amount":0.254,"open_date":"2026-01-04 02:00:00+00:00","close_date":"2026-01-05 01:30:00+00:00","open_rate":3148.06,"close_rate":3189.7799999999997,"fee_open":0.0005,"fee_close":0.0005,"trade_duration":1410,"profit_ratio":0.024350897601913293,"profit_abs":9.7404448,"exit_reason":"trailing_stop_loss","initial_stop_loss_abs":3100.8390999999997,"initial_stop_loss_ratio":-0.03,"stop_loss_abs":3189.7799999999997,"stop_loss_ratio":-0.02,"min_rate":3116.14,"max_rate":3222.0,"is_open":false,"enter_tag":"","leverage":2,"is_short":false,"open_timestamp":1767492000000,"close_timestamp":1767576600000,"orders":[{"amount":0.254,"safe_price":3148.06,"ft_order_side":"buy","order_filled_timestamp":1767492000000,"ft_is_entry":true,"ft_order_tag":"","cost":800.00704362},{"amount":0.254,"safe_price":3189.7799999999997,"ft_order_side":"sell","order_filled_timestamp":1767576600000,"ft_is_entry":false,"ft_order_tag":"trailing_stop_loss","cost":810.60922206}],"funding_fees":-0.05152952376345006,"weekday":0},{"pair":"ETH/USDT:USDT","stake_amount":398.89206,"max_stake_amount":398.89206,"amount":0.252,"open_date":"2026-01-05 05:00:00+00:00","close_date":"2026-01-05 17:30:00+00:00","open_rate":3165.81,"close_rate":3196.6605,"fee_open":0.0005,"fee_close":0.0005,"trade_duration":750,"profit_ratio":0.017263833847373553,"profit_abs":6.88984945,"exit_reason":"trailing_stop_loss","initial_stop_loss_abs":3118.32285,"initial_stop_loss_ratio":-0.03,"stop_loss_abs":3196.6605,"stop_loss_ratio":-0.02,"min_rate":3132.02,"max_rate":3228.95,"is_open":false,"enter_tag":"","leverage":2,"is_short":false,"open_timestamp":1767589200000,"close_timestamp":1767634200000,"orders":[{"amount":0.252,"safe_price":3165.81,"ft_order_side":"buy","order_filled_timestamp":1767589200000,"ft_is_entry":true,"ft_order_tag":"","cost":798.18301206},{"amount":0.252,"safe_price":3196.6605,"ft_order_side":"sell","order_filled_timestamp":1767634200000,"ft_is_entry":false,"ft_order_tag":"trailing_stop_loss","cost":805.9612252229999}],"funding_fees":-0.08280526367712304,"weekday":0},{"pair":"BTC/USDT:USDT","stake_amount":397.69128,"max_stake_amount":397.69128,"amount":0.0084,"open_date":"2026-01-05 20:30:00+00:00","close_date":"2026-01-06 07:00:00+00:00","open_rate":94688.4,"close_rate":93268.074,"fee_open":0.0005,"fee_close":0.0005,"trade_duration":630,"profit_ratio":-0.03186682941579721,"profit_abs":-12.67949676,"exit_reason":"stop_loss","initial_stop_loss_abs":93268.074,"initial_stop_loss_ratio":-0.03,"stop_loss_abs":93268.074,"stop_loss_ratio":-0.03,"min_rate":93257.6,"max_rate":94688.4,"is_open":false,"enter_tag":"","leverage":2,"is_short":false,"open_timestamp":1767645000000,"close_timestamp":1767682800000,"orders":[{"amount":0.0084,"safe_price":94688.4,"ft_order_side":"buy","order_filled_timestamp":1767645000000,"ft_is_entry":true,"ft_order_tag":"","cost":795.7802512799999},{"amount":0.0084,"safe_price":93268.074,"ft_order_side":"sell","order_filled_timestamp":1767682800000,"ft_is_entry":false,"ft_order_tag":"stop_loss","cost":783.8435475107999}],"funding_fees":0.04065883273545115,"weekday":1},{"pair":"ETH/USDT:USDT","stake_amount":398.47695,"max_stake_amount":398.47695,"amount":0.246,"open_date":"2026-01-06 11:30:00+00:00","close_date":"2026-01-06 14:00:00+00:00","open_rate":3239.65,"close_rate":3275.5635,"fee_open":0.0005,"fee_close":0.0005,"trade_duration":150,"profit_ratio":0.020150061559304166,"profit_abs":8.03334974,"exit_reason":"trailing_stop_loss","initial_stop_loss_abs":3191.05525,"initial_stop_loss_ratio":-0.03,"stop_loss_abs":3275.5635,"stop_loss_ratio":-0.02,"min_rate":3227.66,"max_rate":3308.65,"is_open":false,"enter_tag":"","leverage":2,"is_short":false,"open_timestamp":1767699000000,"close_timestamp":1767708000000,"orders":[{"amount":0.246,"safe_price":3239.65,"ft_order_side":"buy","order_filled_timestamp":1767699000000,"ft_is_entry":true,"ft_order_tag":"","cost":797.3523769499999},{"amount":0.246,"safe_price":3275.5635,"ft_order_side":"sell","order_filled_timestamp":1767708000000,"ft_is_entry":false,"ft_order_tag":"trailing_stop_loss","cost":806.1915153105}],"funding_fees":0.0,"weekday":1},{"pair":"ETH/USDT:USDT","stake_amount":398.78212,"max_stake_amount":398.78212,"amount":0.242,"open_date":"2026-01-06 15:30:00+00:00","close_date":"2026-01-06 16:00:00+00:00","open_rate":3295.72,"close_rate":3246.2841999999996,"fee_open":0.0005,"fee_close":0.0005,"trade_duration":30,"profit_ratio":-0.03196242433921269,"profit_abs":-12.75241636,"exit_reason":"stop_loss","initial_stop_loss_abs":3246.2841999999996,"initial_stop_loss_ratio":-0.03,"stop_loss_abs":3246.2841999999996,"stop_loss_ratio":-0.03,"min_rate":3245.8,"max_rate":3298.23,"is_open":false,"enter_tag":"","leverage":2,"is_short":false,"open_timestamp":1767713400000,"close_timestamp":1767715200000,"orders":[{"amount":0.242,"safe_price":3295.72,"ft_order_side":"buy","order_filled_timestamp":1767713400000,"ft_is_entry":true,"ft_order_tag":"","cost":797.9630221199999},{"amount":0.242,"safe_price":3246.2841999999996,"ft_order_side":"sell","order_filled_timestamp":1767715200000,"ft_is_entry":false,"ft_order_tag":"stop_loss","cost":785.9935767881998}],"funding_fees":0.002629745527278497,"weekday":1},{"pair":"ETH/USDT:USDT","stake_amount":399.8115,"max_stake_amount":399.8115,"amount":0.246,"open_date":"2026-01-06 17:00:00+00:00","close_date":"2026-01-06 17:30:00+00:00","open_rate":3250.5,"close_rate":3201.7425,"fee_open":0.0005,"fee_close":0.0005,"trade_duration":30,"profit_ratio":-0.0319690154985037,"profit_abs":-12.78797083,"exit_reason":"stop_loss","initial_stop_loss_abs":3201.7425,"initial_stop_loss_ratio":-0.03,"stop_loss_abs":3201.7425,"stop_loss_ratio":-0.03,"min_rate":3188.13,"max_rate":3259.0,"is_open":false,"enter_tag":"","leverage":2,"is_short":false,"open_timestamp":1767718800000,"close_timestamp":1767720600000,"orders":[{"amount":0.246,"safe_price":3250.5,"ft_order_side":"buy","order_filled_timestamp":1767718800000,"ft_is_entry":true,"ft_order_tag":"","cost":800.0228114999999},{"amount":0.246,"safe_price":3201.7425,"ft_order_side":"sell","order_filled_timestamp":1767720600000,"ft_is_entry":false,"ft_order_tag":"stop_loss","cost":788.0224693275}],"funding_fees":0.0,"weekday":1},{"pair":"SOL/USDT:USDT","stake_amount":399.7863,"max_stake_amount":399.7863,"amount":5.63,"open_date":"2026-01-12 02:30:00+00:00","close_date":"2026-01-12 03:00:00+00:00","open_rate":142.02,"close_rate":142.9164,"fee_open":0.0005,"fee_close":0.0005,"trade_duration":30,"profit_ratio":0.01061195636922449,"profit_abs":4.24463603,"exit_reason":"trailing_stop_loss","initial_stop_loss_abs":139.8897,"initial_stop_loss_ratio":-0.03,"stop_loss_abs":142.9164,"stop_loss_ratio":-0.02,"min_rate":141.67,"max_rate":144.36,"is_open":false,"enter_tag":"","leverage":2,"is_short":false,"open_timestamp":1768185000000,"close_timestamp":1768186800000,"orders":[{"amount":5.63,"safe_price":142.02,"ft_order_side":"buy","order_filled_timestamp":1768185000000,"ft_is_entry":true,"ft_order_tag":"","cost":799.9723863},{"amount":5.63,"safe_price":142.9164,"ft_order_side":"sell","order_filled_timestamp":1768186800000,"ft_is_entry":false,"ft_order_tag":"trailing_stop_loss","cost":805.0216416659999}],"funding_fees":0.0,"weekday":0},{"pair":"SOL/USDT:USDT","stake_amount":399.4804,"max_stake_amount":399.4804,"amount":5.57,"open_date":"2026-01-12 03:30:00+00:00","close_date":"2026-01-12 08:00:00+00:00","open_rate":143.44,"close_rate":141.2884,"fee_open":0.0005,"fee_close":0.0005,"trade_duration":270,"profit_ratio":-0.0321612916107559,"profit_abs":-12.85422954,"exit_reason":"stop_loss","initial_stop_loss_abs":141.2884,"initial_stop_loss_ratio":-0.03,"stop_loss_abs":141.2884,"stop_loss_ratio":-0.03,"min_rate":141.08,"max_rate":143.56,"is_open":false,"enter_tag":"","leverage":2,"is_short":false,"open_timestamp":1768188600000,"close_timestamp":1768204800000,"orders":[{"amount":5.57,"safe_price":143.44,"ft_order_side":"buy","order_filled_timestamp":1768188600000,"ft_is_entry":true,"ft_order_tag":"","cost":799.3602804},{"amount":5.57,"safe_price":141.2884,"ft_order_side":"sell","order_filled_timestamp":1768204800000,"ft_is_entry":false,"ft_order_tag":"stop_loss","cost":787.369876194}],"funding_fees":-0.07684894747259675,"weekday":0},{"pair":"ETH/USDT:USDT","stake_amount":399.875,"max_stake_amount":399.875,"amount":0.25,"open_date":"2026-01-13 19:00:00+00:00","close_date":"2026-01-13 22:00:00+00:00","open_rate":3199.0,"close_rate":3298.2186093046516,"fee_open":0.0005,"fee_close":0.0005,"trade_duration":180,"profit_ratio":0.05997001499250375,"profit_abs":23.9925,"exit_reason":"roi","initial_stop_loss_abs":3151.015,"initial_stop_loss_ratio":-0.03,"stop_loss_abs":3364.02,"stop_loss_ratio":-0.02,"min_rate":3188.52,"max_rate":3398.0,"is_open":false,"enter_tag":"","leverage":2,"is_short":false,"open_timestamp":1768330800000,"close_timestamp":1768341600000,"orders":[{"amount":0.25,"safe_price":3199.0,"ft_order_side":"buy","order_filled_timestamp":1768330800000,"ft_is_entry":true,"ft_order_tag":"","cost":800.149875},{"amount":0.25,"safe_price":3298.2186093046516,"ft_order_side":"sell","order_filled_timestamp":1768341600000,"ft_is_entry":false,"ft_order_tag":"roi","cost":824.9669296523259}],"funding_fees":0.0,"weekday":1},{"pair":"SOL/USDT:USDT","stake_amount":399.34875,"max_stake_amount":399.34875,"amount":5.45,"open_date":"2026-01-13 22:30:00+00:00","close_date":"2026-01-14 00:30:00+00:00","open_rate":146.55,"close_rate":144.35175,"fee_open":0.0005,"fee_close":0.0005,"trade_duration":120,"profit_ratio":-0.03216742874184685,"profit_abs":-12.85244547,"exit_reason":"stop_loss","initial_stop_loss_abs":144.35175,"initial_stop_loss_ratio":-0.03,"stop_loss_abs":144.35175,"stop_loss_ratio":-0.03,"min_rate":144.3,"max_rate":147.66,"is_open":false,"enter_tag":"","leverage":2,"is_short":false,"open_timestamp":1768343400000,"close_timestamp":1768350600000,"orders":[{"amount":5.45,"safe_price":146.55,"ft_order_side":"buy","order_filled_timestamp":1768343400000,"ft_is_entry":true,"ft_order_tag":"","cost":799.09684875},{"amount":5.45,"safe_price":144.35175,"ft_order_side":"sell","order_filled_timestamp":1768350600000,"ft_is_entry":false,"ft_order_tag":"stop_loss","cost":787.1103960187501}],"funding_fees":-0.07927570000000002,"weekday":2},{"pair":"ETH/USDT:USDT","stake_amount":398.50019,"max_stake_amount":398.50019,"amount":0.242,"open_date":"2026-01-14 12:30:00+00:00","close_date":"2026-01-14 14:30:00+00:00","open_rate":3293.39,"close_rate":3323.7567,"fee_open":0.0005,"fee_close":0.0005,"trade_duration":120,"profit_ratio":0.016423566204255922,"profit_abs":6.54806665,"exit_reason":"trailing_stop_loss","initial_stop_loss_abs":3243.98915,"initial_stop_loss_ratio":-0.03,"stop_loss_abs":3323.7567,"stop_loss_ratio":-0.02,"min_rate":3288.2,"max_rate":3357.33,"is_open":false,"enter_tag":"","leverage":2,"is_short":false,"open_timestamp":1768393800000,"close_timestamp":1768401000000,"orders":[{"amount":0.242,"safe_price":3293.39,"ft_order_side":"buy","order_filled_timestamp":1768393800000,"ft_is_entry":true,"ft_order_tag":"","cost":797.3988801899999},{"amount":0.242,"safe_price":3323.7567,"ft_order_side":"sell","order_filled_timestamp":1768401000000,"ft_is_entry":false,"ft_order_tag":"trailing_stop_loss","cost":804.7512959606998}],"funding_fees":0.0,"weekday":2},{"pair":"ETH/USDT:USDT","stake_amount":398.34298,"max_stake_amount":398.34298,"amount":0.238,"open_date":"2026-01-14 15:00:00+00:00","close_date":"2026-01-14 16:30:00+00:00","open_rate":3347.42,"close_rate":3369.4056,"fee_open":0.0005,"fee_close":0.0005,"trade_duration":90,"profit_ratio":0.010924009176252063,"profit_abs":4.35367812,"exit_reason":"trailing_stop_loss","initial_stop_loss_abs":3297.2087,"initial_stop_loss_ratio":-0.03,"stop_loss_abs":3369.4056,"stop_loss_ratio":-0.02,"min_rate":3326.01,"max_rate":3403.44,"is_open":false,"enter_tag":"","leverage":2,"is_short":false,"open_timestamp":1768402800000,"close_timestamp":1768408200000,"orders":[{"amount":0.238,"safe_price":3347.42,"ft_order_side":"buy","order_filled_timestamp":1768402800000,"ft_is_entry":true,"ft_order_tag":"","cost":797.08430298},{"amount":0.238,"safe_price":3369.4056,"ft_order_side":"sell","order_filled_timestamp":1768408200000,"ft_is_entry":false,"ft_order_tag":"trailing_stop_loss","cost":802.3194920663999}],"funding_fees":-0.079592436,"weekday":2},{"pair":"SOL/USDT:USDT","stake_amount":399.6896,"max_stake_amount":399.6896,"amount":9.44,"open_date":"2026-02-14 06:30:00+00:00","close_date":"2026-02-14 08:00:00+00:00","open_rate":84.68,"close_rate":85.2291,"fee_open":0.0005,"fee_close":0.0005,"trade_duration":90,"profit_ratio":0.011001810868502323,"profit_abs":4.39950804,"exit_reason":"trailing_stop_loss","initial_stop_loss_abs":83.4098,"initial_stop_loss_ratio":-0.03,"stop_loss_abs":85.2291,"stop_loss_ratio":-0.02,"min_rate":84.62,"max_rate":86.09,"is_open":false,"enter_tag":"","leverage":2,"is_short":false,"open_timestamp":1771050600000,"close_timestamp":1771056000000,"orders":[{"amount":9.44,"safe_price":84.68,"ft_order_side":"buy","order_filled_timestamp":1771050600000,"ft_is_entry":true,"ft_order_tag":"","cost":799.7788896},{"amount":9.44,"safe_price":85.2291,"ft_order_side":"sell","order_filled_timestamp":1771056000000,"ft_is_entry":false,"ft_order_tag":"trailing_stop_loss","cost":804.9649853519999}],"funding_fees":0.01797499015963269,"weekday":5},{"pair":"ETH/USDT:USDT","stake_amount":399.893945,"max_stake_amount":399.893945,"amount":0.389,"open_date":"2026-02-14 08:00:00+00:00","close_date":"2026-02-14 08:30:00+00:00","open_rate":2056.01,"close_rate":2070.9117,"fee_open":0.0005,"fee_close":0.0005,"trade_duration":30,"profit_ratio":0.012401157902058231,"profit_abs":4.96162753,"exit_reason":"trailing_stop_loss","initial_stop_loss_abs":2025.1698500000002,"initial_stop_loss_ratio":-0.03,"stop_loss_abs":2070.9117,"stop_loss_ratio":-0.02,"min_rate":2056.0,"max_rate":2091.83,"is_open":false,"enter_tag":"","leverage":2,"is_short":false,"open_timestamp":1771056000000,"close_timestamp":1771057800000,"orders":[{"amount":0.389,"safe_price":2056.01,"ft_order_side":"buy","order_filled_timestamp":1771056000000,"ft_is_entry":true,"ft_order_tag":"","cost":800.187783945},{"amount":0.389,"safe_price":2070.9117,"ft_order_side":"sell","order_filled_timestamp":1771057800000,"ft_is_entry":false,"ft_order_tag":"trailing_stop_loss","cost":805.98744362565}],"funding_fees":-0.03244750022759695,"weekday":5},{"pair":"BTC/USDT:USDT","stake_amount":397.784425,"max_stake_amount":397.784425,"amount":0.0115,"open_date":"2026-02-14 08:00:00+00:00","close_date":"2026-02-14 11:00:00+00:00","open_rate":69179.9,"close_rate":69757.28099999999,"fee_open":0.0005,"fee_close":0.0005,"trade_duration":180,"profit_ratio":0.014689771422952443,"profit_abs":5.84628396,"exit_reason":"trailing_stop_loss","initial_stop_loss_abs":68142.2015,"initial_stop_loss_ratio":-0.03,"stop_loss_abs":69757.28099999999,"stop_loss_ratio":-0.02,"min_rate":69171.4,"max_rate":70461.9,"is_open":false,"enter_tag":"","leverage":2,"is_short":false,"open_timestamp":1771056000000,"close_timestamp":1771066800000,"orders":[{"amount":0.0115,"safe_price":69179.9,"ft_order_side":"buy","order_filled_timestamp":1771056000000,"ft_is_entry":true,"ft_order_tag":"","cost":795.9666344249998},{"amount":0.0115,"safe_price":69757.28099999999,"ft_order_side":"sell","order_filled_timestamp":1771066800000,"ft_is_entry":false,"ft_order_tag":"trailing_stop_loss","cost":802.6098358657498}],"funding_fees":0.005291246665423755,"weekday":5},{"pair":"SOL/USDT:USDT","stake_amount":399.7188,"max_stake_amount":399.7188,"amount":9.36,"open_date":"2026-02-14 08:30:00+00:00","close_date":"2026-02-14 11:00:00+00:00","open_rate":85.41,"close_rate":86.2191,"fee_open":0.0005,"fee_close":0.0005,"trade_duration":150,"profit_ratio":0.016928321924655862,"profit_abs":6.76995181,"exit_reason":"trailing_stop_loss","initial_stop_loss_abs":84.12885,"initial_stop_loss_ratio":-0.03,"stop_loss_abs":86.2191,"stop_loss_ratio":-0.02,"min_rate":85.39,"max_rate":87.09,"is_open":false,"enter_tag":"","leverage":2,"is_short":false,"open_timestamp":1771057800000,"close_timestamp":1771066800000,"orders":[{"amount":9.36,"safe_price":85.41,"ft_order_side":"buy","order_filled_timestamp":1771057800000,"ft_is_entry":true,"ft_order_tag":"","cost":799.8373187999999},{"amount":9.36,"safe_price":86.2191,"ft_order_side":"sell","order_filled_timestamp":1771066800000,"ft_is_entry":false,"ft_order_tag":"trailing_stop_loss","cost":807.414281388}],"funding_fees":0.0,"weekday":5},{"pair":"SOL/USDT:USDT","stake_amount":399.7792,"max_stake_amount":399.7792,"amount":9.22,"open_date":"2026-02-14 11:30:00+00:00","close_date":"2026-02-14 16:30:00+00:00","open_rate":86.72,"close_rate":87.3081,"fee_open":0.0005,"fee_close":0.0005,"trade_duration":300,"profit_ratio":0.011631364491210142,"profit_abs":4.65230258,"exit_reason":"trailing_stop_loss","initial_stop_loss_abs":85.4192,"initial_stop_loss_ratio":-0.03,"stop_loss_abs":87.3081,"stop_loss_ratio":-0.02,"min_rate":85.95,"max_rate":88.19,"is_open":false,"enter_tag":"","leverage":2,"is_short":false,"open_timestamp":1771068600000,"close_timestamp":1771086600000,"orders":[{"amount":9.22,"safe_price":86.72,"ft_order_side":"buy","order_filled_timestamp":1771068600000,"ft_is_entry":true,"ft_order_tag":"","cost":799.9581792},{"amount":9.22,"safe_price":87.3081,"ft_order_side":"sell","order_filled_timestamp":1771086600000,"ft_is_entry":false,"ft_order_tag":"trailing_stop_loss","cost":805.383172341}],"funding_fees":0.03229011842504765,"weekday":5},{"pair":"ETH/USDT:USDT","stake_amount":399.149195,"max_stake_amount":399.149195,"amount":0.383,"open_date":"2026-02-14 15:00:00+00:00","close_date":"2026-02-15 01:30:00+00:00","open_rate":2084.33,"close_rate":2053.0650499999997,"fee_open":0.0005,"fee_close":0.0005,"trade_duration":630,"profit_ratio":-0.03227761168011545,"profit_abs":-12.89002451,"exit_reason":"stop_loss","initial_stop_loss_abs":2053.0650499999997,"initial_stop_loss_ratio":-0.03,"stop_loss_abs":2053.0650499999997,"stop_loss_ratio":-0.03,"min_rate":2052.49,"max_rate":2098.87,"is_open":false,"enter_tag":"","leverage":2,"is_short":false,"open_timestamp":1771081200000,"close_timestamp":1771119000000,"orders":[{"amount":0.383,"safe_price":2084.33,"ft_order_side":"buy","order_filled_timestamp":1771081200000,"ft_is_entry":true,"ft_order_tag":"","cost":798.697539195},{"amount":0.383,"safe_price":2053.0650499999997,"ft_order_side":"sell","order_filled_timestamp":1771119000000,"ft_is_entry":false,"ft_order_tag":"stop_loss","cost":786.717076107075}],"funding_fees":-0.12323750532726953,"weekday":6},{"pair":"SOL/USDT:USDT","stake_amount":399.7924,"max_stake_amount":399.7924,"amount":9.08,"open_date":"2026-02-14 17:00:00+00:00","close_date":"2026-02-15 04:00:00+00:00","open_rate":88.06,"close_rate":88.8525,"fee_open":0.0005,"fee_close":0.0005,"trade_duration":660,"profit_ratio":0.01611120074367072,"profit_abs":6.44435618,"exit_reason":"trailing_stop_loss","initial_stop_loss_abs":86.73910000000001,"initial_stop_loss_ratio":-0.03,"stop_loss_abs":88.8525,"stop_loss_ratio":-0.02,"min_rate":87.15,"max_rate":89.75,"is_open":false,"enter_tag":"","leverage":2,"is_short":false,"open_timestamp":1771088400000,"close_timestamp":1771128000000,"orders":[{"amount":9.08,"safe_price":88.06,"ft_order_side":"buy","order_filled_timestamp":1771088400000,"ft_is_entry":true,"ft_order_tag":"","cost":799.9845923999999},{"amount":9.08,"safe_price":88.8525,"ft_order_side":"sell","order_filled_timestamp":1771128000000,"ft_is_entry":false,"ft_order_tag":"trailing_stop_loss","cost":807.18409035}],"funding_fees":0.05163893235872765,"weekday":6}],"locks":[],"best_pair":{"key":"ETH/USDT:USDT","trades":12,"profit_mean":0.00815924326274245,"profit_mean_pct":0.82,"profit_total_abs":39.126665290000005,"profit_total":0.03912666529000001,"profit_total_pct":3.91,"duration_avg":"5:50:00","wins":9,"draws":0,"losses":3,"winrate":0.75,"cagr":0.16842269838726476,"expectancy":3.260555440833333,"expectancy_ratio":0.2545293138897078,"sortino":142.40667142278195,"sharpe":0.7911415544180468,"calmar":33.745945597149415,"sqn":1.0301,"profit_factor":2.018117255558831,"max_drawdown_account":0.024612467514316706,"max_drawdown_abs":25.540387189999997},"worst_pair":{"key":"SOL/USDT:USDT","trades":13,"profit_mean":-0.003088830998902295,"profit_mean_pct":-0.31,"profit_total_abs":-16.033135619999992,"profit_total":-0.016033135619999993,"profit_total_pct":-1.6,"duration_avg":"5:51:00","wins":8,"draws":0,"losses":5,"winrate":0.6153846153846154,"cagr":-0.06344794613940896,"expectancy":-1.2333181246153835,"expectancy_ratio":-0.09615825708344972,"sortino":-80.95777186250662,"sharpe":-0.36159465685377085,"calmar":-8.857924188081471,"sqn":-0.4539,"profit_factor":0.7499885315830306,"max_drawdown_account":0.03842292560999999,"max_drawdown_abs":38.42292561},"results_per_pair":[{"key":"ETH/USDT:USDT","trades":12,"profit_mean":0.00815924326274245,"profit_mean_pct":0.82,"profit_total_abs":39.126665290000005,"profit_total":0.03912666529000001,"profit_total_pct":3.91,"duration_avg":"5:50:00","wins":9,"draws":0,"losses":3,"winrate":0.75,"cagr":0.16842269838726476,"expectancy":3.260555440833333,"expectancy_ratio":0.2545293138897078,"sortino":142.40667142278195,"sharpe":0.7911415544180468,"calmar":33.745945597149415,"sqn":1.0301,"profit_factor":2.018117255558831,"max_drawdown_account":0.024612467514316706,"max_drawdown_abs":25.540387189999997},{"key":"BTC/USDT:USDT","trades":3,"profit_mean":0.0012678722363536198,"profit_mean_pct":0.13,"profit_total_abs":1.5406717600000013,"profit_total":0.0015406717600000013,"profit_total_pct":0.15,"duration_avg":"16:30:00","wins":2,"draws":0,"losses":1,"winrate":0.6666666666666666,"cagr":0.00626300267422919,"expectancy":0.5135572533333344,"expectancy_ratio":0.04050296814250953,"sortino":-100,"sharpe":0.03484520480219094,"calmar":2.600959665730795,"sqn":0.0774,"profit_factor":1.1215089044275288,"max_drawdown_account":0.012574201845313215,"max_drawdown_abs":12.67949676},{"key":"SOL/USDT:USDT","trades":13,"profit_mean":-0.003088830998902295,"profit_mean_pct":-0.31,"profit_total_abs":-16.033135619999992,"profit_total":-0.016033135619999993,"profit_total_pct":-1.6,"duration_avg":"5:51:00","wins":8,"draws":0,"losses":5,"winrate":0.6153846153846154,"cagr":-0.06344794613940896,"expectancy":-1.2333181246153835,"expectancy_ratio":-0.09615825708344972,"sortino":-80.95777186250662,"sharpe":-0.36159465685377085,"calmar":-8.857924188081471,"sqn":-0.4539,"profit_factor":0.7499885315830306,"max_drawdown_account":0.03842292560999999,"max_drawdown_abs":38.42292561},{"key":"TOTAL","trades":28,"profit_mean":0.002198561888437158,"profit_mean_pct":0.22,"profit_total_abs":24.634201430000005,"profit_total":0.024634201430000006,"profit_total_pct":2.46,"duration_avg":"6:59:00","wins":19,"draws":0,"losses":9,"winrate":0.6785714285714286,"cagr":0.10372924728834954,"expectancy":0.8797929082142852,"expectancy_ratio":0.06871025603234515,"sortino":81.49451765383905,"sharpe":0.5169578677352492,"calmar":13.764700330192046,"sqn":0.4519,"profit_factor":1.2137652409895183,"max_drawdown_account":0.03799055605253313,"max_drawdown_abs":38.79612772}],"results_per_enter_tag":[{"key":"","trades":28,"profit_mean":0.002198561888437158,"profit_mean_pct":0.22,"profit_total_abs":24.634201430000005,"profit_total":0.024634201430000006,"profit_total_pct":2.46,"duration_avg":"6:59:00","wins":19,"draws":0,"losses":9,"winrate":0.6785714285714286,"cagr":0.10372924728834954,"expectancy":0.8797929082142852,"expectancy_ratio":0.06871025603234515,"sortino":81.49451765383905,"sharpe":0.5169578677352492,"calmar":13.764700330192046,"sqn":0.4519,"profit_factor":1.2137652409895183,"max_drawdown_account":0.03799055605253313,"max_drawdown_abs":38.79612772},{"key":"TOTAL","trades":28,"profit_mean":0.002198561888437158,"profit_mean_pct":0.22,"profit_total_abs":24.634201430000005,"profit_total":0.024634201430000006,"profit_total_pct":2.46,"duration_avg":"6:59:00","wins":19,"draws":0,"losses":9,"winrate":0.6785714285714286,"cagr":0.10372924728834954,"expectancy":0.8797929082142852,"expectancy_ratio":0.06871025603234515,"sortino":81.49451765383905,"sharpe":0.5169578677352492,"calmar":13.764700330192046,"sqn":0.4519,"profit_factor":1.2137652409895183,"max_drawdown_account":0.03799055605253313,"max_drawdown_abs":38.79612772}],"exit_reason_summary":[{"key":"trailing_stop_loss","trades":18,"profit_mean":0.01611460385156185,"profit_mean_pct":1.61,"profit_total_abs":115.88121050999999,"profit_total":0.11588121050999999,"profit_total_pct":11.59,"duration_avg":"8:28:00","wins":18,"draws":0,"losses":0,"winrate":1.0,"cagr":0.5599737915682181,"expectancy":6.437845028333332,"expectancy_ratio":100.0,"sortino":-100,"sharpe":11.03468291827752,"calmar":-100,"sqn":11.9072,"profit_factor":0.0,"max_drawdown_account":0.0,"max_drawdown_abs":0.0},{"key":"roi","trades":1,"profit_mean":0.05997001499250375,"profit_mean_pct":6.0,"profit_total_abs":23.9925,"profit_total":0.0239925,"profit_total_pct":2.4,"duration_avg":"3:00:00","wins":1,"draws":0,"losses":0,"winrate":1.0,"cagr":0.10092858006776928,"expectancy":23.9925,"expectancy_ratio":100.0,"sortino":-100,"sharpe":-100,"calmar":-100,"sqn":-100.0,"profit_factor":0.0,"max_drawdown_account":0.0,"max_drawdown_abs":0.0},{"key":"stop_loss","trades":9,"profit_mean":-0.03205257238270851,"profit_mean_pct":-3.21,"profit_total_abs":-115.23950908,"profit_total":-0.11523950908000001,"profit_total_pct":-11.52,"duration_avg":"4:27:00","wins":0,"draws":0,"losses":9,"winrate":0.0,"cagr":-0.3913764441129852,"expectancy":-12.804389897777778,"expectancy_ratio":-1.0,"sortino":-381.23371824437515,"sharpe":-381.23371824437515,"calmar":-21.22774797171421,"sqn":-564.4037,"profit_factor":0.0,"max_drawdown_account":0.11523950908000007,"max_drawdown_abs":115.23950908000002},{"key":"TOTAL","trades":28,"profit_mean":0.002198561888437158,"profit_mean_pct":0.22,"profit_total_abs":24.634201430000005,"profit_total":0.024634201430000006,"profit_total_pct":2.46,"duration_avg":"6:59:00","wins":19,"draws":0,"losses":9,"winrate":0.6785714285714286,"cagr":0.10372924728834954,"expectancy":0.8797929082142852,"expectancy_ratio":0.06871025603234515,"sortino":81.49451765383905,"sharpe":0.5169578677352492,"calmar":13.764700330192046,"sqn":0.4519,"profit_factor":1.2137652409895183,"max_drawdown_account":0.03799055605253313,"max_drawdown_abs":38.79612772}],"mix_tag_stats":[{"key":["","trailing_stop_loss"],"trades":18,"profit_mean":0.01611460385156185,"profit_mean_pct":1.61,"profit_total_abs":115.88121050999999,"profit_total":0.11588121050999999,"profit_total_pct":11.59,"duration_avg":"8:28:00","wins":18,"draws":0,"losses":0,"winrate":1.0,"cagr":0.5599737915682181,"expectancy":6.437845028333332,"expectancy_ratio":100.0,"sortino":-100,"sharpe":11.03468291827752,"calmar":-100,"sqn":11.9072,"profit_factor":0.0,"max_drawdown_account":0.0,"max_drawdown_abs":0.0},{"key":["","roi"],"trades":1,"profit_mean":0.05997001499250375,"profit_mean_pct":6.0,"profit_total_abs":23.9925,"profit_total":0.0239925,"profit_total_pct":2.4,"duration_avg":"3:00:00","wins":1,"draws":0,"losses":0,"winrate":1.0,"cagr":0.10092858006776928,"expectancy":23.9925,"expectancy_ratio":100.0,"sortino":-100,"sharpe":-100,"calmar":-100,"sqn":-100.0,"profit_factor":0.0,"max_drawdown_account":0.0,"max_drawdown_abs":0.0},{"key":["","stop_loss"],"trades":9,"profit_mean":-0.03205257238270851,"profit_mean_pct":-3.21,"profit_total_abs":-115.23950908,"profit_total":-0.11523950908000001,"profit_total_pct":-11.52,"duration_avg":"4:27:00","wins":0,"draws":0,"losses":9,"winrate":0.0,"cagr":-0.3913764441129852,"expectancy":-12.804389897777778,"expectancy_ratio":-1.0,"sortino":-381.23371824437515,"sharpe":-381.23371824437515,"calmar":-21.22774797171421,"sqn":-564.4037,"profit_factor":0.0,"max_drawdown_account":0.11523950908000007,"max_drawdown_abs":115.23950908000002},{"key":"TOTAL","trades":28,"profit_mean":0.002198561888437158,"profit_mean_pct":0.22,"profit_total_abs":24.634201430000005,"profit_total":0.024634201430000006,"profit_total_pct":2.46,"duration_avg":"6:59:00","wins":19,"draws":0,"losses":9,"winrate":0.6785714285714286,"cagr":0.10372924728834954,"expectancy":0.8797929082142852,"expectancy_ratio":0.06871025603234515,"sortino":81.49451765383905,"sharpe":0.5169578677352492,"calmar":13.764700330192046,"sqn":0.4519,"profit_factor":1.2137652409895183,"max_drawdown_account":0.03799055605253313,"max_drawdown_abs":38.79612772}],"left_open_trades":[{"key":"TOTAL","trades":0,"profit_mean":0.0,"profit_mean_pct":0.0,"profit_total_abs":0.0,"profit_total":0.0,"profit_total_pct":0.0,"duration_avg":"0:00","wins":0,"draws":0,"losses":0,"winrate":0.0,"cagr":0.0,"expectancy":0.0,"expectancy_ratio":100.0,"sortino":0,"sharpe":0,"calmar":0,"sqn":0.0,"profit_factor":0.0,"max_drawdown_account":0.0,"max_drawdown_abs":0.0}],"total_trades":28,"trade_count_long":28,"trade_count_short":0,"total_volume":44793.26960205615,"avg_stake_amount":399.3171521428572,"profit_mean":0.002198561888437158,"profit_median":0.011849158564442751,"profit_total":0.024634201430000006,"profit_total_long":0.024634201430000006,"profit_total_short":0.0,"profit_total_abs":24.634201430000005,"profit_total_long_abs":24.634201430000005,"profit_total_short_abs":0.0,"cagr":0.10372924728834954,"expectancy":0.8797929082142852,"expectancy_ratio":0.06871025603234515,"sortino":81.49451765383905,"sharpe":0.5169578677352492,"calmar":13.764700330192046,"sqn":0.4519,"profit_factor":1.2137652409895183,"backtest_start":"2025-11-24 00:00:00","backtest_start_ts":1763942400000,"backtest_end":"2026-02-22 00:00:00","backtest_end_ts":1771718400000,"backtest_days":90,"backtest_run_start_ts":1771748133,"backtest_run_end_ts":1771748134,"trades_per_day":0.31,"market_change":-0.2857902417508354,"pairlist":["BTC/USDT:USDT","ETH/USDT:USDT","SOL/USDT:USDT"],"stake_amount":400,"stake_currency":"USDT","stake_currency_decimals":3,"starting_balance":1000,"dry_run_wallet":1000,"final_balance":1024.63420143,"rejected_signals":0,"timedout_entry_orders":0,"timedout_exit_orders":1,"canceled_trade_entries":0,"canceled_entry_orders":0,"replaced_entry_orders":0,"max_open_trades":2,"max_open_trades_setting":2,"timeframe":"30m","timeframe_detail":"","timerange":"20251124-20260222","enable_protections":false,"strategy_name":"SupertrendFuturesStrategyV8","freqaimodel":null,"freqai_identifier":null,"stoploss":-0.03,"trailing_stop":true,"trailing_stop_positive":0.02,"trailing_stop_positive_offset":0.03,"trailing_only_offset_is_reached":true,"use_custom_stoploss":false,"minimal_roi":{"0":0.06},"use_exit_signal":true,"exit_profit_only":false,"exit_profit_offset":0.0,"ignore_roi_if_entry_signal":false,"trading_mode":"futures","margin_mode":"isolated","periodic_breakdown":{"day":[{"date":"28/11/2025","date_ts":1764288000000,"profit_abs":8.37388456,"wins":1,"draws":0,"losses":0,"trades":1,"profit_factor":0.0},{"date":"29/11/2025","date_ts":1764374400000,"profit_abs":0.0,"wins":0,"draws":0,"losses":0,"trades":0,"profit_factor":0.0},{"date":"30/11/2025","date_ts":1764460800000,"profit_abs":0.0,"wins":0,"draws":0,"losses":0,"trades":0,"profit_factor":0.0},{"date":"01/12/2025","date_ts":1764547200000,"profit_abs":0.0,"wins":0,"draws":0,"losses":0,"trades":0,"profit_factor":0.0},{"date":"02/12/2025","date_ts":1764633600000,"profit_abs":0.0,"wins":0,"draws":0,"losses":0,"trades":0,"profit_factor":0.0},{"date":"03/12/2025","date_ts":1764720000000,"profit_abs":5.12243202,"wins":1,"draws":0,"losses":0,"trades":1,"profit_factor":0.0},{"date":"04/12/2025","date_ts":1764806400000,"profit_abs":0.0,"wins":0,"draws":0,"losses":0,"trades":0,"profit_factor":0.0},{"date":"05/12/2025","date_ts":1764892800000,"profit_abs":-12.76205023,"wins":0,"draws":0,"losses":1,"trades":1,"profit_factor":0.0},{"date":"06/12/2025","date_ts":1764979200000,"profit_abs":0.0,"wins":0,"draws":0,"losses":0,"trades":0,"profit_factor":0.0},{"date":"07/12/2025","date_ts":1765065600000,"profit_abs":0.0,"wins":0,"draws":0,"losses":0,"trades":0,"profit_factor":0.0},{"date":"08/12/2025","date_ts":1765152000000,"profit_abs":-12.7903649,"wins":0,"draws":0,"losses":1,"trades":1,"profit_factor":0.0},{"date":"09/12/2025","date_ts":1765238400000,"profit_abs":0.0,"wins":0,"draws":0,"losses":0,"trades":0,"profit_factor":0.0},{"date":"10/12/2025","date_ts":1765324800000,"profit_abs":0.0,"wins":0,"draws":0,"losses":0,"trades":0,"profit_factor":0.0},{"date":"11/12/2025","date_ts":1765411200000,"profit_abs":0.0,"wins":0,"draws":0,"losses":0,"trades":0,"profit_factor":0.0},{"date":"12/12/2025","date_ts":1765497600000,"profit_abs":-12.87051048,"wins":0,"draws":0,"losses":1,"trades":1,"profit_factor":0.0},{"date":"13/12/2025","date_ts":1765584000000,"profit_abs":0.0,"wins":0,"draws":0,"losses":0,"trades":0,"profit_factor":0.0},{"date":"14/12/2025","date_ts":1765670400000,"profit_abs":0.0,"wins":0,"draws":0,"losses":0,"trades":0,"profit_factor":0.0},{"date":"15/12/2025","date_ts":1765756800000,"profit_abs":0.0,"wins":0,"draws":0,"losses":0,"trades":0,"profit_factor":0.0},{"date":"16/12/2025","date_ts":1765843200000,"profit_abs":0.0,"wins":0,"draws":0,"losses":0,"trades":0,"profit_factor":0.0},{"date":"17/12/2025","date_ts":1765929600000,"profit_abs":0.0,"wins":0,"draws":0,"losses":0,"trades":0,"profit_factor":0.0},{"date":"18/12/2025","date_ts":1766016000000,"profit_abs":0.0,"wins":0,"draws":0,"losses":0,"trades":0,"profit_factor":0.0},{"date":"19/12/2025","date_ts":1766102400000,"profit_abs":0.0,"wins":0,"draws":0,"losses":0,"trades":0,"profit_factor":0.0},{"date":"20/12/2025","date_ts":1766188800000,"profit_abs":0.0,"wins":0,"draws":0,"losses":0,"trades":0,"profit_factor":0.0},{"date":"21/12/2025","date_ts":1766275200000,"profit_abs":0.0,"wins":0,"draws":0,"losses":0,"trades":0,"profit_factor":0.0},{"date":"22/12/2025","date_ts":1766361600000,"profit_abs":0.0,"wins":0,"draws":0,"losses":0,"trades":0,"profit_factor":0.0},{"date":"23/12/2025","date_ts":1766448000000,"profit_abs":0.0,"wins":0,"draws":0,"losses":0,"trades":0,"profit_factor":0.0},{"date":"24/12/2025","date_ts":1766534400000,"profit_abs":0.0,"wins":0,"draws":0,"losses":0,"trades":0,"profit_factor":0.0},{"date":"25/12/2025","date_ts":1766620800000,"profit_abs":0.0,"wins":0,"draws":0,"losses":0,"trades":0,"profit_factor":0.0},{"date":"26/12/2025","date_ts":1766707200000,"profit_abs":0.0,"wins":0,"draws":0,"losses":0,"trades":0,"profit_factor":0.0},{"date":"27/12/2025","date_ts":1766793600000,"profit_abs":0.0,"wins":0,"draws":0,"losses":0,"trades":0,"profit_factor":0.0},{"date":"28/12/2025","date_ts":1766880000000,"profit_abs":0.0,"wins":0,"draws":0,"losses":0,"trades":0,"profit_factor":0.0},{"date":"29/12/2025","date_ts":1766966400000,"profit_abs":0.0,"wins":0,"draws":0,"losses":0,"trades":0,"profit_factor":0.0},{"date":"30/12/2025","date_ts":1767052800000,"profit_abs":0.0,"wins":0,"draws":0,"losses":0,"trades":0,"profit_factor":0.0},{"date":"31/12/2025","date_ts":1767139200000,"profit_abs":0.0,"wins":0,"draws":0,"losses":0,"trades":0,"profit_factor":0.0},{"date":"01/01/2026","date_ts":1767225600000,"profit_abs":0.0,"wins":0,"draws":0,"losses":0,"trades":0,"profit_factor":0.0},{"date":"02/01/2026","date_ts":1767312000000,"profit_abs":16.71407533,"wins":3,"draws":0,"losses":0,"trades":3,"profit_factor":0.0},{"date":"03/01/2026","date_ts":1767398400000,"profit_abs":0.0,"wins":0,"draws":0,"losses":0,"trades":0,"profit_factor":0.0},{"date":"04/01/2026","date_ts":1767484800000,"profit_abs":12.78676371,"wins":1,"draws":0,"losses":0,"trades":1,"profit_factor":0.0},{"date":"05/01/2026","date_ts":1767571200000,"profit_abs":16.63029425,"wins":2,"draws":0,"losses":0,"trades":2,"profit_factor":0.0},{"date":"06/01/2026","date_ts":1767657600000,"profit_abs":-30.18653421,"wins":1,"draws":0,"losses":3,"trades":4,"profit_factor":0.21018771},{"date":"07/01/2026","date_ts":1767744000000,"profit_abs":0.0,"wins":0,"draws":0,"losses":0,"trades":0,"profit_factor":0.0},{"date":"08/01/2026","date_ts":1767830400000,"profit_abs":0.0,"wins":0,"draws":0,"losses":0,"trades":0,"profit_factor":0.0},{"date":"09/01/2026","date_ts":1767916800000,"profit_abs":0.0,"wins":0,"draws":0,"losses":0,"trades":0,"profit_factor":0.0},{"date":"10/01/2026","date_ts":1768003200000,"profit_abs":0.0,"wins":0,"draws":0,"losses":0,"trades":0,"profit_factor":0.0},{"date":"11/01/2026","date_ts":1768089600000,"profit_abs":0.0,"wins":0,"draws":0,"losses":0,"trades":0,"profit_factor":0.0},{"date":"12/01/2026","date_ts":1768176000000,"profit_abs":-8.60959351,"wins":1,"draws":0,"losses":1,"trades":2,"profit_factor":0.33021318},{"date":"13/01/2026","date_ts":1768262400000,"profit_abs":23.9925,"wins":1,"draws":0,"losses":0,"trades":1,"profit_factor":0.0},{"date":"14/01/2026","date_ts":1768348800000,"profit_abs":-1.9507007,"wins":2,"draws":0,"losses":1,"trades":3,"profit_factor":0.84822338},{"date":"15/01/2026","date_ts":1768435200000,"profit_abs":0.0,"wins":0,"draws":0,"losses":0,"trades":0,"profit_factor":0.0},{"date":"16/01/2026","date_ts":1768521600000,"profit_abs":0.0,"wins":0,"draws":0,"losses":0,"trades":0,"profit_factor":0.0},{"date":"17/01/2026","date_ts":1768608000000,"profit_abs":0.0,"wins":0,"draws":0,"losses":0,"trades":0,"profit_factor":0.0},{"date":"18/01/2026","date_ts":1768694400000,"profit_abs":0.0,"wins":0,"draws":0,"losses":0,"trades":0,"profit_factor":0.0},{"date":"19/01/2026","date_ts":1768780800000,"profit_abs":0.0,"wins":0,"draws":0,"losses":0,"trades":0,"profit_factor":0.0},{"date":"20/01/2026","date_ts":1768867200000,"profit_abs":0.0,"wins":0,"draws":0,"losses":0,"trades":0,"profit_factor":0.0},{"date":"21/01/2026","date_ts":1768953600000,"profit_abs":0.0,"wins":0,"draws":0,"losses":0,"trades":0,"profit_factor":0.0},{"date":"22/01/2026","date_ts":1769040000000,"profit_abs":0.0,"wins":0,"draws":0,"losses":0,"trades":0,"profit_factor":0.0},{"date":"23/01/2026","date_ts":1769126400000,"profit_abs":0.0,"wins":0,"draws":0,"losses":0,"trades":0,"profit_factor":0.0},{"date":"24/01/2026","date_ts":1769212800000,"profit_abs":0.0,"wins":0,"draws":0,"losses":0,"trades":0,"profit_factor":0.0},{"date":"25/01/2026","date_ts":1769299200000,"profit_abs":0.0,"wins":0,"draws":0,"losses":0,"trades":0,"profit_factor":0.0},{"date":"26/01/2026","date_ts":1769385600000,"profit_abs":0.0,"wins":0,"draws":0,"losses":0,"trades":0,"profit_factor":0.0},{"date":"27/01/2026","date_ts":1769472000000,"profit_abs":0.0,"wins":0,"draws":0,"losses":0,"trades":0,"profit_factor":0.0},{"date":"28/01/2026","date_ts":1769558400000,"profit_abs":0.0,"wins":0,"draws":0,"losses":0,"trades":0,"profit_factor":0.0},{"date":"29/01/2026","date_ts":1769644800000,"profit_abs":0.0,"wins":0,"draws":0,"losses":0,"trades":0,"profit_factor":0.0},{"date":"30/01/2026","date_ts":1769731200000,"profit_abs":0.0,"wins":0,"draws":0,"losses":0,"trades":0,"profit_factor":0.0},{"date":"31/01/2026","date_ts":1769817600000,"profit_abs":0.0,"wins":0,"draws":0,"losses":0,"trades":0,"profit_factor":0.0},{"date":"01/02/2026","date_ts":1769904000000,"profit_abs":0.0,"wins":0,"draws":0,"losses":0,"trades":0,"profit_factor":0.0},{"date":"02/02/2026","date_ts":1769990400000,"profit_abs":0.0,"wins":0,"draws":0,"losses":0,"trades":0,"profit_factor":0.0},{"date":"03/02/2026","date_ts":1770076800000,"profit_abs":0.0,"wins":0,"draws":0,"losses":0,"trades":0,"profit_factor":0.0},{"date":"04/02/2026","date_ts":1770163200000,"profit_abs":0.0,"wins":0,"draws":0,"losses":0,"trades":0,"profit_factor":0.0},{"date":"05/02/2026","date_ts":1770249600000,"profit_abs":0.0,"wins":0,"draws":0,"losses":0,"trades":0,"profit_factor":0.0},{"date":"06/02/2026","date_ts":1770336000000,"profit_abs":0.0,"wins":0,"draws":0,"losses":0,"trades":0,"profit_factor":0.0},{"date":"07/02/2026","date_ts":1770422400000,"profit_abs":0.0,"wins":0,"draws":0,"losses":0,"trades":0,"profit_factor":0.0},{"date":"08/02/2026","date_ts":1770508800000,"profit_abs":0.0,"wins":0,"draws":0,"losses":0,"trades":0,"profit_factor":0.0},{"date":"09/02/2026","date_ts":1770595200000,"profit_abs":0.0,"wins":0,"draws":0,"losses":0,"trades":0,"profit_factor":0.0},{"date":"10/02/2026","date_ts":1770681600000,"profit_abs":0.0,"wins":0,"draws":0,"losses":0,"trades":0,"profit_factor":0.0},{"date":"11/02/2026","date_ts":1770768000000,"profit_abs":0.0,"wins":0,"draws":0,"losses":0,"trades":0,"profit_factor":0.0},{"date":"12/02/2026","date_ts":1770854400000,"profit_abs":0.0,"wins":0,"draws":0,"losses":0,"trades":0,"profit_factor":0.0},{"date":"13/02/2026","date_ts":1770940800000,"profit_abs":0.0,"wins":0,"draws":0,"losses":0,"trades":0,"profit_factor":0.0},{"date":"14/02/2026","date_ts":1771027200000,"profit_abs":26.62967392,"wins":5,"draws":0,"losses":0,"trades":5,"profit_factor":0.0},{"date":"15/02/2026","date_ts":1771113600000,"profit_abs":-6.44566833,"wins":1,"draws":0,"losses":1,"trades":2,"profit_factor":0.4999491}],"week":[{"date":"01/12/2025","date_ts":1764547200000,"profit_abs":8.37388456,"wins":1,"draws":0,"losses":0,"trades":1,"profit_factor":0.0},{"date":"08/12/2025","date_ts":1765152000000,"profit_abs":-20.42998311,"wins":1,"draws":0,"losses":2,"trades":3,"profit_factor":0.20046763},{"date":"15/12/2025","date_ts":1765756800000,"profit_abs":-12.87051048,"wins":0,"draws":0,"losses":1,"trades":1,"profit_factor":0.0},{"date":"22/12/2025","date_ts":1766361600000,"profit_abs":0.0,"wins":0,"draws":0,"losses":0,"trades":0,"profit_factor":0.0},{"date":"29/12/2025","date_ts":1766966400000,"profit_abs":0.0,"wins":0,"draws":0,"losses":0,"trades":0,"profit_factor":0.0},{"date":"05/01/2026","date_ts":1767571200000,"profit_abs":46.13113329,"wins":6,"draws":0,"losses":0,"trades":6,"profit_factor":0.0},{"date":"12/01/2026","date_ts":1768176000000,"profit_abs":-38.79612772,"wins":2,"draws":0,"losses":4,"trades":6,"profit_factor":0.24039547},{"date":"19/01/2026","date_ts":1768780800000,"profit_abs":22.0417993,"wins":3,"draws":0,"losses":1,"trades":4,"profit_factor":2.71498874},{"date":"26/01/2026","date_ts":1769385600000,"profit_abs":0.0,"wins":0,"draws":0,"losses":0,"trades":0,"profit_factor":0.0},{"date":"02/02/2026","date_ts":1769990400000,"profit_abs":0.0,"wins":0,"draws":0,"losses":0,"trades":0,"profit_factor":0.0},{"date":"09/02/2026","date_ts":1770595200000,"profit_abs":0.0,"wins":0,"draws":0,"losses":0,"trades":0,"profit_factor":0.0},{"date":"16/02/2026","date_ts":1771200000000,"profit_abs":20.18400559,"wins":6,"draws":0,"losses":1,"trades":7,"profit_factor":2.56586247}],"month":[{"date":"30/11/2025","date_ts":1764460800000,"profit_abs":8.37388456,"wins":1,"draws":0,"losses":0,"trades":1,"profit_factor":0.0},{"date":"31/12/2025","date_ts":1767139200000,"profit_abs":-33.30049359,"wins":1,"draws":0,"losses":3,"trades":4,"profit_factor":0.13331707},{"date":"31/01/2026","date_ts":1769817600000,"profit_abs":29.37680487,"wins":11,"draws":0,"losses":5,"trades":16,"profit_factor":1.45953991},{"date":"28/02/2026","date_ts":1772236800000,"profit_abs":20.18400559,"wins":6,"draws":0,"losses":1,"trades":7,"profit_factor":2.56586247}],"year":[{"date":"31/12/2025","date_ts":1767139200000,"profit_abs":-24.92660903,"wins":2,"draws":0,"losses":3,"trades":5,"profit_factor":0.35125687},{"date":"31/12/2026","date_ts":1798675200000,"profit_abs":49.56081046,"wins":17,"draws":0,"losses":6,"trades":23,"profit_factor":1.64518374}],"weekday":[{"date":"Monday","date_ts":0,"profit_abs":-4.76966416,"wins":3,"draws":0,"losses":2,"trades":5,"profit_factor":0.81400898},{"date":"Tuesday","date_ts":1,"profit_abs":-6.19403421,"wins":2,"draws":0,"losses":3,"trades":5,"profit_factor":0.83793687},{"date":"Wednesday","date_ts":2,"profit_abs":3.17173132,"wins":3,"draws":0,"losses":1,"trades":4,"profit_factor":1.24678038},{"date":"Friday","date_ts":4,"profit_abs":-0.54460082,"wins":4,"draws":0,"losses":2,"trades":6,"profit_factor":0.97875355},{"date":"Saturday","date_ts":5,"profit_abs":26.62967392,"wins":5,"draws":0,"losses":0,"trades":5,"profit_factor":0.0},{"date":"Sunday","date_ts":6,"profit_abs":6.34109538,"wins":2,"draws":0,"losses":1,"trades":3,"profit_factor":1.49193819}]},"backtest_best_day":0.066652426609379,"backtest_worst_day":-0.07564820769420944,"backtest_best_day_abs":26.62967392,"backtest_worst_day_abs":-30.18653421,"winning_days":7,"draw_days":66,"losing_days":7,"daily_profit":[["2025-11-28",8.37388456],["2025-11-29",0.0],["2025-11-30",0.0],["2025-12-01",0.0],["2025-12-02",0.0],["2025-12-03",5.12243202],["2025-12-04",0.0],["2025-12-05",-12.76205023],["2025-12-06",0.0],["2025-12-07",0.0],["2025-12-08",-12.7903649],["2025-12-09",0.0],["2025-12-10",0.0],["2025-12-11",0.0],["2025-12-12",-12.87051048],["2025-12-13",0.0],["2025-12-14",0.0],["2025-12-15",0.0],["2025-12-16",0.0],["2025-12-17",0.0],["2025-12-18",0.0],["2025-12-19",0.0],["2025-12-20",0.0],["2025-12-21",0.0],["2025-12-22",0.0],["2025-12-23",0.0],["2025-12-24",0.0],["2025-12-25",0.0],["2025-12-26",0.0],["2025-12-27",0.0],["2025-12-28",0.0],["2025-12-29",0.0],["2025-12-30",0.0],["2025-12-31",0.0],["2026-01-01",0.0],["2026-01-02",16.71407533],["2026-01-03",0.0],["2026-01-04",12.78676371],["2026-01-05",16.63029425],["2026-01-06",-30.18653421],["2026-01-07",0.0],["2026-01-08",0.0],["2026-01-09",0.0],["2026-01-10",0.0],["2026-01-11",0.0],["2026-01-12",-8.60959351],["2026-01-13",23.9925],["2026-01-14",-1.9507007],["2026-01-15",0.0],["2026-01-16",0.0],["2026-01-17",0.0],["2026-01-18",0.0],["2026-01-19",0.0],["2026-01-20",0.0],["2026-01-21",0.0],["2026-01-22",0.0],["2026-01-23",0.0],["2026-01-24",0.0],["2026-01-25",0.0],["2026-01-26",0.0],["2026-01-27",0.0],["2026-01-28",0.0],["2026-01-29",0.0],["2026-01-30",0.0],["2026-01-31",0.0],["2026-02-01",0.0],["2026-02-02",0.0],["2026-02-03",0.0],["2026-02-04",0.0],["2026-02-05",0.0],["2026-02-06",0.0],["2026-02-07",0.0],["2026-02-08",0.0],["2026-02-09",0.0],["2026-02-10",0.0],["2026-02-11",0.0],["2026-02-12",0.0],["2026-02-13",0.0],["2026-02-14",26.62967392],["2026-02-15",-6.44566833]],"wins":19,"losses":9,"draws":0,"winrate":0.6785714285714286,"holding_avg":"6:59:00","holding_avg_s":25140.0,"winner_holding_min":"0d 00:30","winner_holding_min_s":1800.0,"winner_holding_max":"1d 12:00","winner_holding_max_s":129600.0,"winner_holding_avg":"0d 08:11","winner_holding_avg_s":29460.0,"loser_holding_min":"0d 00:30","loser_holding_min_s":1800.0,"loser_holding_max":"0d 10:30","loser_holding_max_s":37800.0,"loser_holding_avg":"0d 04:27","loser_holding_avg_s":16020.0,"max_consecutive_wins":7,"max_consecutive_losses":3,"max_drawdown_account":0.03799055605253313,"max_relative_drawdown":0.03799055605253313,"max_drawdown_abs":38.79612772,"drawdown_start":"2026-01-05 17:30:00","drawdown_start_ts":1767634200000.0,"drawdown_end":"2026-01-12 08:00:00","drawdown_end_ts":1768204800000.0,"drawdown_duration":"6 days 14:30:00","drawdown_duration_s":570600.0,"max_drawdown_low":-17.59160346,"max_drawdown_high":21.20452426,"csum_min":975.07339097,"csum_max":1031.07986976}},"strategy_comparison":[{"key":"SupertrendFuturesStrategyV8","trades":28,"profit_mean":0.002198561888437158,"profit_mean_pct":0.22,"profit_total_abs":24.634201430000005,"profit_total":0.024634201430000006,"profit_total_pct":2.46,"duration_avg":"6:59:00","wins":19,"draws":0,"losses":9,"winrate":0.6785714285714286,"cagr":0.10372924728834954,"expectancy":0.8797929082142852,"expectancy_ratio":0.06871025603234515,"sortino":81.49451765383905,"sharpe":0.5169578677352492,"calmar":13.764700330192046,"sqn":0.4519,"profit_factor":1.2137652409895183,"max_drawdown_account":0.03799055605253313,"max_drawdown_abs":"38.796"}]}