{"strategy":{"RSIReversalStrategy":{"trades":[{"pair":"SOL/USDT","stake_amount":329.99995345,"max_stake_amount":329.99995345,"amount":2.536705,"open_date":"2026-01-20 08:30:00+00:00","close_date":"2026-01-21 15:00:00+00:00","open_rate":130.09,"close_rate":129.55,"fee_open":0.0015,"fee_close":0.0015,"trade_duration":1830,"profit_ratio":-0.007134044879916259,"profit_abs":-2.35776583,"exit_reason":"exit_signal","initial_stop_loss_abs":123.5855,"initial_stop_loss_ratio":-0.05,"stop_loss_abs":123.5855,"stop_loss_ratio":-0.05,"min_rate":124.67,"max_rate":130.32,"is_open":false,"enter_tag":"","leverage":1.0,"is_short":false,"open_timestamp":1768897800000,"close_timestamp":1769007600000,"orders":[{"amount":2.536705,"safe_price":130.09,"ft_order_side":"buy","order_filled_timestamp":1768897800000,"ft_is_entry":true,"ft_order_tag":"","cost":330.49495338017505},{"amount":2.536705,"safe_price":129.55,"ft_order_side":"sell","order_filled_timestamp":1769007600000,"ft_is_entry":false,"ft_order_tag":"exit_signal","cost":329.12307794912505}],"funding_fees":0.0,"weekday":2},{"pair":"ETH/USDT","stake_amount":329.998788,"max_stake_amount":329.998788,"amount":0.113052,"open_date":"2026-01-21 12:45:00+00:00","close_date":"2026-01-21 19:45:00+00:00","open_rate":2919.0,"close_rate":3034.49,"fee_open":0.0015,"fee_close":0.0015,"trade_duration":420,"profit_ratio":0.0364508957616708,"profit_abs":12.04679455,"exit_reason":"exit_signal","initial_stop_loss_abs":2773.0499999999997,"initial_stop_loss_ratio":-0.05,"stop_loss_abs":2992.7625,"stop_loss_ratio":-0.025,"min_rate":2866.36,"max_rate":3069.5,"is_open":false,"enter_tag":"","leverage":1.0,"is_short":false,"open_timestamp":1768999500000,"close_timestamp":1769024700000,"orders":[{"amount":0.113052,"safe_price":2919.0,"ft_order_side":"buy","order_filled_timestamp":1768999500000,"ft_is_entry":true,"ft_order_tag":"","cost":330.493786182},{"amount":0.113052,"safe_price":3034.49,"ft_order_side":"sell","order_filled_timestamp":1769024700000,"ft_is_entry":false,"ft_order_tag":"exit_signal","cost":343.56974622522}],"funding_fees":0.0,"weekday":2},{"pair":"DOGE/USDT","stake_amount":333.1973794,"max_stake_amount":333.1973794,"amount":2708.04112,"open_date":"2026-01-23 15:00:00+00:00","close_date":"2026-01-23 19:30:00+00:00","open_rate":0.12304,"close_rate":0.12467,"fee_open":0.0015,"fee_close":0.0015,"trade_duration":270,"profit_ratio":0.010212533939372447,"profit_abs":3.40789373,"exit_reason":"trailing_stop_loss","initial_stop_loss_abs":0.11689,"initial_stop_loss_ratio":-0.05,"stop_loss_abs":0.12467,"stop_loss_ratio":-0.025,"min_rate":0.1225,"max_rate":0.12786,"is_open":false,"enter_tag":"","leverage":1.0,"is_short":false,"open_timestamp":1769180400000,"close_timestamp":1769196600000,"orders":[{"amount":2708.04112,"safe_price":0.12304,"ft_order_side":"buy","order_filled_timestamp":1769180400000,"ft_is_entry":true,"ft_order_tag":"","cost":333.6971754739072},{"amount":2708.04112,"safe_price":0.12467,"ft_order_side":"sell","order_filled_timestamp":1769196600000,"ft_is_entry":false,"ft_order_tag":"trailing_stop_loss","cost":338.11790366004556}],"funding_fees":0.0,"weekday":4},{"pair":"SOL/USDT","stake_amount":333.1973684,"max_stake_amount":333.1973684,"amount":2.602088,"open_date":"2026-01-22 15:15:00+00:00","close_date":"2026-01-25 17:00:00+00:00","open_rate":128.05,"close_rate":121.64750000000001,"fee_open":0.0015,"fee_close":0.0015,"trade_duration":4425,"profit_ratio":-0.05284573139519406,"profit_abs":-17.63447072,"exit_reason":"stop_loss","initial_stop_loss_abs":121.64750000000001,"initial_stop_loss_ratio":-0.05,"stop_loss_abs":121.64750000000001,"stop_loss_ratio":-0.05,"min_rate":121.61,"max_rate":130.2,"is_open":false,"enter_tag":"","leverage":1.0,"is_short":false,"open_timestamp":1769094900000,"close_timestamp":1769360400000,"orders":[{"amount":2.602088,"safe_price":128.05,"ft_order_side":"buy","order_filled_timestamp":1769094900000,"ft_is_entry":true,"ft_order_tag":"","cost":333.6971644526001},{"amount":2.602088,"safe_price":121.64750000000001,"ft_order_side":"sell","order_filled_timestamp":1769360400000,"ft_is_entry":false,"ft_order_tag":"stop_loss","cost":317.0123062299701}],"funding_fees":0.0,"weekday":6},{"pair":"ETH/USDT","stake_amount":328.500522,"max_stake_amount":328.500522,"amount":0.1134,"open_date":"2026-01-25 17:00:00+00:00","close_date":"2026-01-26 08:00:00+00:00","open_rate":2896.83,"close_rate":2904.26,"fee_open":0.0015,"fee_close":0.0015,"trade_duration":900,"profit_ratio":-0.000438317199559016,"profit_abs":-0.14420341,"exit_reason":"exit_signal","initial_stop_loss_abs":2751.9885,"initial_stop_loss_ratio":-0.05,"stop_loss_abs":2751.9885,"stop_loss_ratio":-0.05,"min_rate":2786.34,"max_rate":2911.0,"is_open":false,"enter_tag":"","leverage":1.0,"is_short":false,"open_timestamp":1769360400000,"close_timestamp":1769414400000,"orders":[{"amount":0.1134,"safe_price":2896.83,"ft_order_side":"buy","order_filled_timestamp":1769360400000,"ft_is_entry":true,"ft_order_tag":"","cost":328.993272783},{"amount":0.1134,"safe_price":2904.26,"ft_order_side":"sell","order_filled_timestamp":1769414400000,"ft_is_entry":false,"ft_order_tag":"exit_signal","cost":329.83709862600006}],"funding_fees":0.0,"weekday":0},{"pair":"BTC/USDT","stake_amount":334.32144482,"max_stake_amount":334.32144482,"amount":0.00374516,"open_date":"2026-01-24 16:30:00+00:00","close_date":"2026-01-26 15:15:00+00:00","open_rate":89267.6,"close_rate":88712.5,"fee_open":0.0015,"fee_close":0.0015,"trade_duration":2805,"profit_ratio":-0.009195261112314031,"profit_abs":-3.07878424,"exit_reason":"exit_signal","initial_stop_loss_abs":84804.22,"initial_stop_loss_ratio":-0.05,"stop_loss_abs":84804.22,"stop_loss_ratio":-0.05,"min_rate":86090.0,"max_rate":89507.2,"is_open":false,"enter_tag":"","leverage":1.0,"is_short":false,"open_timestamp":1769272200000,"close_timestamp":1769440500000,"orders":[{"amount":0.00374516,"safe_price":89267.6,"ft_order_side":"buy","order_filled_timestamp":1769272200000,"ft_is_entry":true,"ft_order_tag":"","cost":334.822926983224},{"amount":0.00374516,"safe_price":88712.5,"ft_order_side":"sell","order_filled_timestamp":1769440500000,"ft_is_entry":false,"ft_order_tag":"exit_signal","cost":332.74087025975}],"funding_fees":0.0,"weekday":0},{"pair":"SOL/USDT","stake_amount":322.68582344,"max_stake_amount":322.68582344,"amount":2.643016,"open_date":"2026-01-25 17:30:00+00:00","close_date":"2026-01-26 15:15:00+00:00","open_rate":122.09,"close_rate":124.91,"fee_open":0.0015,"fee_close":0.0015,"trade_duration":1305,"profit_ratio":0.02003301869411698,"profit_abs":6.47406769,"exit_reason":"exit_signal","initial_stop_loss_abs":115.9855,"initial_stop_loss_ratio":-0.05,"stop_loss_abs":115.9855,"stop_loss_ratio":-0.05,"min_rate":117.16,"max_rate":125.23,"is_open":false,"enter_tag":"","leverage":1.0,"is_short":false,"open_timestamp":1769362200000,"close_timestamp":1769440500000,"orders":[{"amount":2.643016,"safe_price":122.09,"ft_order_side":"buy","order_filled_timestamp":1769362200000,"ft_is_entry":true,"ft_order_tag":"","cost":323.16985217516},{"amount":2.643016,"safe_price":124.91,"ft_order_side":"sell","order_filled_timestamp":1769440500000,"ft_is_entry":false,"ft_order_tag":"exit_signal","cost":330.63433725284}],"funding_fees":0.0,"weekday":0},{"pair":"SOL/USDT","stake_amount":329.57543102,"max_stake_amount":329.57543102,"amount":2.674474,"open_date":"2026-01-29 03:45:00+00:00","close_date":"2026-01-29 15:30:00+00:00","open_rate":123.23,"close_rate":117.0685,"fee_open":0.0015,"fee_close":0.0015,"trade_duration":705,"profit_ratio":-0.052845731412792044,"profit_abs":-17.44277969,"exit_reason":"stop_loss","initial_stop_loss_abs":117.0685,"initial_stop_loss_ratio":-0.05,"stop_loss_abs":117.0685,"stop_loss_ratio":-0.05,"min_rate":116.12,"max_rate":123.99,"is_open":false,"enter_tag":"","leverage":1.0,"is_short":false,"open_timestamp":1769658300000,"close_timestamp":1769700600000,"orders":[{"amount":2.674474,"safe_price":123.23,"ft_order_side":"buy","order_filled_timestamp":1769658300000,"ft_is_entry":true,"ft_order_tag":"","cost":330.06979416653},{"amount":2.674474,"safe_price":117.0685,"ft_order_side":"sell","order_filled_timestamp":1769700600000,"ft_is_entry":false,"ft_order_tag":"stop_loss","cost":313.56630445820355}],"funding_fees":0.0,"weekday":3},{"pair":"BTC/USDT","stake_amount":329.57535102,"max_stake_amount":329.57535102,"amount":0.00374145,"open_date":"2026-01-29 03:15:00+00:00","close_date":"2026-01-29 18:30:00+00:00","open_rate":88087.6,"close_rate":83683.22,"fee_open":0.0015,"fee_close":0.0015,"trade_duration":915,"profit_ratio":-0.05284573139461407,"profit_abs":-17.44277545,"exit_reason":"stop_loss","initial_stop_loss_abs":83683.22,"initial_stop_loss_ratio":-0.05,"stop_loss_abs":83683.22,"stop_loss_ratio":-0.05,"min_rate":83600.6,"max_rate":88500.0,"is_open":false,"enter_tag":"","leverage":1.0,"is_short":false,"open_timestamp":1769656500000,"close_timestamp":1769711400000,"orders":[{"amount":0.00374145,"safe_price":88087.6,"ft_order_side":"buy","order_filled_timestamp":1769656500000,"ft_is_entry":true,"ft_order_tag":"","cost":330.06971404653007},{"amount":0.00374145,"safe_price":83683.22,"ft_order_side":"sell","order_filled_timestamp":1769711400000,"ft_is_entry":false,"ft_order_tag":"stop_loss","cost":313.5662283442035}],"funding_fees":0.0,"weekday":3},{"pair":"ETH/USDT","stake_amount":323.81919328,"max_stake_amount":323.81919328,"amount":0.114172,"open_date":"2026-01-29 15:30:00+00:00","close_date":"2026-01-30 01:30:00+00:00","open_rate":2836.24,"close_rate":2694.428,"fee_open":0.0015,"fee_close":0.0015,"trade_duration":600,"profit_ratio":-0.052845731389500855,"profit_abs":-17.1381308,"exit_reason":"stop_loss","initial_stop_loss_abs":2694.428,"initial_stop_loss_ratio":-0.05,"stop_loss_abs":2694.428,"stop_loss_ratio":-0.05,"min_rate":2682.32,"max_rate":2860.39,"is_open":false,"enter_tag":"","leverage":1.0,"is_short":false,"open_timestamp":1769700600000,"close_timestamp":1769736600000,"orders":[{"amount":0.114172,"safe_price":2836.24,"ft_order_side":"buy","order_filled_timestamp":1769700600000,"ft_is_entry":true,"ft_order_tag":"","cost":324.30492206992},{"amount":0.114172,"safe_price":2694.428,"ft_order_side":"sell","order_filled_timestamp":1769736600000,"ft_is_entry":false,"ft_order_tag":"stop_loss","cost":308.089675966424}],"funding_fees":0.0,"weekday":4},{"pair":"DOGE/USDT","stake_amount":318.06350015,"max_stake_amount":318.06350015,"amount":2722.680193,"open_date":"2026-01-29 15:30:00+00:00","close_date":"2026-01-31 08:30:00+00:00","open_rate":0.11682,"close_rate":0.11098,"fee_open":0.0015,"fee_close":0.0015,"trade_duration":2460,"profit_ratio":-0.052837196869840536,"profit_abs":-16.83079215,"exit_reason":"stop_loss","initial_stop_loss_abs":0.11098,"initial_stop_loss_ratio":-0.05,"stop_loss_abs":0.11098,"stop_loss_ratio":-0.05,"min_rate":0.11027,"max_rate":0.11879,"is_open":false,"enter_tag":"","leverage":1.0,"is_short":false,"open_timestamp":1769700600000,"close_timestamp":1769848200000,"orders":[{"amount":2722.680193,"safe_price":0.11682,"ft_order_side":"buy","order_filled_timestamp":1769700600000,"ft_is_entry":true,"ft_order_tag":"","cost":318.54059539647943},{"amount":2722.680193,"safe_price":0.11098,"ft_order_side":"sell","order_filled_timestamp":1769848200000,"ft_is_entry":false,"ft_order_tag":"stop_loss","cost":302.6162923908687}],"funding_fees":0.0,"weekday":5},{"pair":"ETH/USDT","stake_amount":306.85166788,"max_stake_amount":306.85166788,"amount":0.116044,"open_date":"2026-01-31 09:00:00+00:00","close_date":"2026-01-31 14:15:00+00:00","open_rate":2644.27,"close_rate":2512.0564999999997,"fee_open":0.0015,"fee_close":0.0015,"trade_duration":315,"profit_ratio":-0.05284573139460114,"profit_abs":-16.24012452,"exit_reason":"stop_loss","initial_stop_loss_abs":2512.0564999999997,"initial_stop_loss_ratio":-0.05,"stop_loss_abs":2512.0564999999997,"stop_loss_ratio":-0.05,"min_rate":2508.0,"max_rate":2659.92,"is_open":false,"enter_tag":"","leverage":1.0,"is_short":false,"open_timestamp":1769850000000,"close_timestamp":1769868900000,"orders":[{"amount":0.116044,"safe_price":2644.27,"ft_order_side":"buy","order_filled_timestamp":1769850000000,"ft_is_entry":true,"ft_order_tag":"","cost":307.31194538182},{"amount":0.116044,"safe_price":2512.0564999999997,"ft_order_side":"sell","order_filled_timestamp":1769868900000,"ft_is_entry":false,"ft_order_tag":"stop_loss","cost":291.94634811272897}],"funding_fees":0.0,"weekday":5},{"pair":"DOGE/USDT","stake_amount":301.40200845,"max_stake_amount":301.40200845,"amount":2699.525378,"open_date":"2026-01-31 09:00:00+00:00","close_date":"2026-01-31 14:15:00+00:00","open_rate":0.11165,"close_rate":0.10607,"fee_open":0.0015,"fee_close":0.0015,"trade_duration":315,"profit_ratio":-0.05282340708410689,"profit_abs":-15.94496261,"exit_reason":"stop_loss","initial_stop_loss_abs":0.10607,"initial_stop_loss_ratio":-0.05,"stop_loss_abs":0.10607,"stop_loss_ratio":-0.05,"min_rate":0.105,"max_rate":0.11264,"is_open":false,"enter_tag":"","leverage":1.0,"is_short":false,"open_timestamp":1769850000000,"close_timestamp":1769868900000,"orders":[{"amount":2699.525378,"safe_price":0.11165,"ft_order_side":"buy","order_filled_timestamp":1769850000000,"ft_is_entry":true,"ft_order_tag":"","cost":301.8541114663806},{"amount":2699.525378,"safe_price":0.10607,"ft_order_side":"sell","order_filled_timestamp":1769868900000,"ft_is_entry":false,"ft_order_tag":"stop_loss","cost":286.7681648297267}],"funding_fees":0.0,"weekday":5},{"pair":"BTC/USDT","stake_amount":312.30678673,"max_stake_amount":312.30678673,"amount":0.00371673,"open_date":"2026-01-29 18:45:00+00:00","close_date":"2026-01-31 17:00:00+00:00","open_rate":84027.3,"close_rate":79825.935,"fee_open":0.0015,"fee_close":0.0015,"trade_duration":2775,"profit_ratio":-0.05284573141046555,"profit_abs":-16.52883669,"exit_reason":"stop_loss","initial_stop_loss_abs":79825.935,"initial_stop_loss_ratio":-0.05,"stop_loss_abs":79825.935,"stop_loss_ratio":-0.05,"min_rate":78100.0,"max_rate":84739.1,"is_open":false,"enter_tag":"","leverage":1.0,"is_short":false,"open_timestamp":1769712300000,"close_timestamp":1769878800000,"orders":[{"amount":0.00371673,"safe_price":84027.3,"ft_order_side":"buy","order_filled_timestamp":1769712300000,"ft_is_entry":true,"ft_order_tag":"","cost":312.77524690909354},{"amount":0.00371673,"safe_price":79825.935,"ft_order_side":"sell","order_filled_timestamp":1769878800000,"ft_is_entry":false,"ft_order_tag":"stop_loss","cost":297.1364845636388}],"funding_fees":0.0,"weekday":5},{"pair":"ETH/USDT","stake_amount":296.23033816,"max_stake_amount":296.23033816,"amount":0.116684,"open_date":"2026-01-31 15:00:00+00:00","close_date":"2026-01-31 17:00:00+00:00","open_rate":2538.74,"close_rate":2411.803,"fee_open":0.0015,"fee_close":0.0015,"trade_duration":120,"profit_ratio":-0.05284573141261,"profit_abs":-15.67799065,"exit_reason":"stop_loss","initial_stop_loss_abs":2411.803,"initial_stop_loss_ratio":-0.05,"stop_loss_abs":2411.803,"stop_loss_ratio":-0.05,"min_rate":2359.0,"max_rate":2555.15,"is_open":false,"enter_tag":"","leverage":1.0,"is_short":false,"open_timestamp":1769871600000,"close_timestamp":1769878800000,"orders":[{"amount":0.116684,"safe_price":2538.74,"ft_order_side":"buy","order_filled_timestamp":1769871600000,"ft_is_entry":true,"ft_order_tag":"","cost":296.67468366724},{"amount":0.116684,"safe_price":2411.803,"ft_order_side":"sell","order_filled_timestamp":1769878800000,"ft_is_entry":false,"ft_order_tag":"stop_loss","cost":281.840949483878}],"funding_fees":0.0,"weekday":5},{"pair":"SOL/USDT","stake_amount":280.16006382,"max_stake_amount":280.16006382,"amount":2.567214,"open_date":"2026-01-31 15:00:00+00:00","close_date":"2026-01-31 17:00:00+00:00","open_rate":109.13,"close_rate":103.67349999999999,"fee_open":0.0015,"fee_close":0.0015,"trade_duration":120,"profit_ratio":-0.052845731411187404,"profit_abs":-14.82747138,"exit_reason":"stop_loss","initial_stop_loss_abs":103.67349999999999,"initial_stop_loss_ratio":-0.05,"stop_loss_abs":103.67349999999999,"stop_loss_ratio":-0.05,"min_rate":100.25,"max_rate":110.21,"is_open":false,"enter_tag":"","leverage":1.0,"is_short":false,"open_timestamp":1769871600000,"close_timestamp":1769878800000,"orders":[{"amount":2.567214,"safe_price":109.13,"ft_order_side":"buy","order_filled_timestamp":1769871600000,"ft_is_entry":true,"ft_order_tag":"","cost":280.58030391573},{"amount":2.567214,"safe_price":103.67349999999999,"ft_order_side":"sell","order_filled_timestamp":1769878800000,"ft_is_entry":false,"ft_order_tag":"stop_loss","cost":266.55128871994344}],"funding_fees":0.0,"weekday":5},{"pair":"ETH/USDT","stake_amount":280.71037302,"max_stake_amount":280.71037302,"amount":0.115962,"open_date":"2026-01-31 17:30:00+00:00","close_date":"2026-01-31 18:30:00+00:00","open_rate":2420.71,"close_rate":2299.6745,"fee_open":0.0015,"fee_close":0.0015,"trade_duration":60,"profit_ratio":-0.05284573139548453,"profit_abs":-14.85659649,"exit_reason":"stop_loss","initial_stop_loss_abs":2299.6745,"initial_stop_loss_ratio":-0.05,"stop_loss_abs":2299.6745,"stop_loss_ratio":-0.05,"min_rate":2240.2,"max_rate":2431.37,"is_open":false,"enter_tag":"","leverage":1.0,"is_short":false,"open_timestamp":1769880600000,"close_timestamp":1769884200000,"orders":[{"amount":0.115962,"safe_price":2420.71,"ft_order_side":"buy","order_filled_timestamp":1769880600000,"ft_is_entry":true,"ft_order_tag":"","cost":281.13143857953},{"amount":0.115962,"safe_price":2299.6745,"ft_order_side":"sell","order_filled_timestamp":1769884200000,"ft_is_entry":false,"ft_order_tag":"stop_loss","cost":267.07486665055353}],"funding_fees":0.0,"weekday":5},{"pair":"SOL/USDT","stake_amount":280.71108,"max_stake_amount":280.71108,"amount":2.699145,"open_date":"2026-01-31 17:30:00+00:00","close_date":"2026-01-31 18:30:00+00:00","open_rate":104.0,"close_rate":98.8,"fee_open":0.0015,"fee_close":0.0015,"trade_duration":60,"profit_ratio":-0.0528457314064527,"profit_abs":-14.85663391,"exit_reason":"stop_loss","initial_stop_loss_abs":98.8,"initial_stop_loss_ratio":-0.05,"stop_loss_abs":98.8,"stop_loss_ratio":-0.05,"min_rate":96.42,"max_rate":104.51,"is_open":false,"enter_tag":"","leverage":1.0,"is_short":false,"open_timestamp":1769880600000,"close_timestamp":1769884200000,"orders":[{"amount":2.699145,"safe_price":104.0,"ft_order_side":"buy","order_filled_timestamp":1769880600000,"ft_is_entry":true,"ft_order_tag":"","cost":281.13214662000007},{"amount":2.699145,"safe_price":98.8,"ft_order_side":"sell","order_filled_timestamp":1769884200000,"ft_is_entry":false,"ft_order_tag":"stop_loss","cost":267.075539289}],"funding_fees":0.0,"weekday":5},{"pair":"ETH/USDT","stake_amount":270.90471924,"max_stake_amount":270.90471924,"amount":0.113793,"open_date":"2026-01-31 19:00:00+00:00","close_date":"2026-02-01 06:30:00+00:00","open_rate":2380.68,"close_rate":2414.3925,"fee_open":0.0015,"fee_close":0.0015,"trade_duration":690,"profit_ratio":0.011122944300487526,"profit_abs":3.01777799,"exit_reason":"trailing_stop_loss","initial_stop_loss_abs":2261.6459999999997,"initial_stop_loss_ratio":-0.05,"stop_loss_abs":2414.3925,"stop_loss_ratio":-0.025,"min_rate":2354.1,"max_rate":2476.3,"is_open":false,"enter_tag":"","leverage":1.0,"is_short":false,"open_timestamp":1769886000000,"close_timestamp":1769927400000,"orders":[{"amount":0.113793,"safe_price":2380.68,"ft_order_side":"buy","order_filled_timestamp":1769886000000,"ft_is_entry":true,"ft_order_tag":"","cost":271.31107631886005},{"amount":0.113793,"safe_price":2414.3925,"ft_order_side":"sell","order_filled_timestamp":1769927400000,"ft_is_entry":false,"ft_order_tag":"trailing_stop_loss","cost":275.1530772011288}],"funding_fees":0.0,"weekday":6},{"pair":"SOL/USDT","stake_amount":261.10205326,"max_stake_amount":261.10205326,"amount":2.561582,"open_date":"2026-01-31 19:00:00+00:00","close_date":"2026-02-01 10:45:00+00:00","open_rate":101.93,"close_rate":103.86675,"fee_open":0.0015,"fee_close":0.0015,"trade_duration":945,"profit_ratio":0.01594836112261651,"profit_abs":4.17039606,"exit_reason":"trailing_stop_loss","initial_stop_loss_abs":96.8335,"initial_stop_loss_ratio":-0.05,"stop_loss_abs":103.86675,"stop_loss_ratio":-0.025,"min_rate":100.39,"max_rate":106.53,"is_open":false,"enter_tag":"","leverage":1.0,"is_short":false,"open_timestamp":1769886000000,"close_timestamp":1769942700000,"orders":[{"amount":2.561582,"safe_price":101.93,"ft_order_side":"buy","order_filled_timestamp":1769886000000,"ft_is_entry":true,"ft_order_tag":"","cost":261.4937063398901},{"amount":2.561582,"safe_price":103.86675,"ft_order_side":"sell","order_filled_timestamp":1769942700000,"ft_is_entry":false,"ft_order_tag":"trailing_stop_loss","cost":266.46229199429774}],"funding_fees":0.0,"weekday":6},{"pair":"BTC/USDT","stake_amount":280.71037289,"max_stake_amount":280.71037289,"amount":0.00354714,"open_date":"2026-01-31 17:30:00+00:00","close_date":"2026-02-02 03:15:00+00:00","open_rate":79137.1,"close_rate":75180.245,"fee_open":0.0015,"fee_close":0.0015,"trade_duration":2025,"profit_ratio":-0.052845731419204935,"profit_abs":-14.85659649,"exit_reason":"stop_loss","initial_stop_loss_abs":75180.245,"initial_stop_loss_ratio":-0.05,"stop_loss_abs":75180.245,"stop_loss_ratio":-0.05,"min_rate":75038.0,"max_rate":79422.0,"is_open":false,"enter_tag":"","leverage":1.0,"is_short":false,"open_timestamp":1769880600000,"close_timestamp":1770002100000,"orders":[{"amount":0.00354714,"safe_price":79137.1,"ft_order_side":"buy","order_filled_timestamp":1769880600000,"ft_is_entry":true,"ft_order_tag":"","cost":281.131438453341},{"amount":0.00354714,"safe_price":75180.245,"ft_order_side":"sell","order_filled_timestamp":1770002100000,"ft_is_entry":false,"ft_order_tag":"stop_loss","cost":267.07486653067394}],"funding_fees":0.0,"weekday":0},{"pair":"SOL/USDT","stake_amount":268.3751414,"max_stake_amount":268.3751414,"amount":2.841452,"open_date":"2026-02-04 14:45:00+00:00","close_date":"2026-02-04 22:00:00+00:00","open_rate":94.45,"close_rate":89.72749999999999,"fee_open":0.0015,"fee_close":0.0015,"trade_duration":435,"profit_ratio":-0.05284573140812302,"profit_abs":-14.20375436,"exit_reason":"stop_loss","initial_stop_loss_abs":89.72749999999999,"initial_stop_loss_ratio":-0.05,"stop_loss_abs":89.72749999999999,"stop_loss_ratio":-0.05,"min_rate":89.32,"max_rate":94.93,"is_open":false,"enter_tag":"","leverage":1.0,"is_short":false,"open_timestamp":1770216300000,"close_timestamp":1770242400000,"orders":[{"amount":2.841452,"safe_price":94.45,"ft_order_side":"buy","order_filled_timestamp":1770216300000,"ft_is_entry":true,"ft_order_tag":"","cost":268.7777041121},{"amount":2.841452,"safe_price":89.72749999999999,"ft_order_side":"sell","order_filled_timestamp":1770242400000,"ft_is_entry":false,"ft_order_tag":"stop_loss","cost":255.33881890649496}],"funding_fees":0.0,"weekday":2},{"pair":"ETH/USDT","stake_amount":268.37369,"max_stake_amount":268.37369,"amount":0.123175,"open_date":"2026-02-04 15:15:00+00:00","close_date":"2026-02-05 06:45:00+00:00","open_rate":2178.8,"close_rate":2069.86,"fee_open":0.0015,"fee_close":0.0015,"trade_duration":930,"profit_ratio":-0.05284573139080382,"profit_abs":-14.20367754,"exit_reason":"stop_loss","initial_stop_loss_abs":2069.86,"initial_stop_loss_ratio":-0.05,"stop_loss_abs":2069.86,"stop_loss_ratio":-0.05,"min_rate":2068.0,"max_rate":2197.69,"is_open":false,"enter_tag":"","leverage":1.0,"is_short":false,"open_timestamp":1770218100000,"close_timestamp":1770273900000,"orders":[{"amount":0.123175,"safe_price":2178.8,"ft_order_side":"buy","order_filled_timestamp":1770218100000,"ft_is_entry":true,"ft_order_tag":"","cost":268.77625053500003},{"amount":0.123175,"safe_price":2069.86,"ft_order_side":"sell","order_filled_timestamp":1770273900000,"ft_is_entry":false,"ft_order_tag":"stop_loss","cost":255.33743800825005}],"funding_fees":0.0,"weekday":3},{"pair":"DOGE/USDT","stake_amount":268.37514485,"max_stake_amount":268.37514485,"amount":2586.499083,"open_date":"2026-02-04 16:15:00+00:00","close_date":"2026-02-05 11:15:00+00:00","open_rate":0.10376,"close_rate":0.09858,"fee_open":0.0015,"fee_close":0.0015,"trade_duration":1140,"profit_ratio":-0.0527688613697252,"profit_abs":-14.18309359,"exit_reason":"stop_loss","initial_stop_loss_abs":0.09858,"initial_stop_loss_ratio":-0.05,"stop_loss_abs":0.09858,"stop_loss_ratio":-0.05,"min_rate":0.09737,"max_rate":0.10558,"is_open":false,"enter_tag":"","leverage":1.0,"is_short":false,"open_timestamp":1770221700000,"close_timestamp":1770290100000,"orders":[{"amount":2586.499083,"safe_price":0.10376,"ft_order_side":"buy","order_filled_timestamp":1770221700000,"ft_is_entry":true,"ft_order_tag":"","cost":268.7777075693582},{"amount":2586.499083,"safe_price":0.09858,"ft_order_side":"sell","order_filled_timestamp":1770290100000,"ft_is_entry":false,"ft_order_tag":"stop_loss","cost":255.35954522154324}],"funding_fees":0.0,"weekday":3},{"pair":"BTC/USDT","stake_amount":254.32027072,"max_stake_amount":254.32027072,"amount":0.00398778,"open_date":"2026-02-05 21:00:00+00:00","close_date":"2026-02-06 00:00:00+00:00","open_rate":63774.9,"close_rate":60586.155,"fee_open":0.0015,"fee_close":0.0015,"trade_duration":180,"profit_ratio":-0.05284573141089776,"profit_abs":-13.45990033,"exit_reason":"stop_loss","initial_stop_loss_abs":60586.155,"initial_stop_loss_ratio":-0.05,"stop_loss_abs":60586.155,"stop_loss_ratio":-0.05,"min_rate":60038.9,"max_rate":64916.5,"is_open":false,"enter_tag":"","leverage":1.0,"is_short":false,"open_timestamp":1770325200000,"close_timestamp":1770336000000,"orders":[{"amount":0.00398778,"safe_price":63774.9,"ft_order_side":"buy","order_filled_timestamp":1770325200000,"ft_is_entry":true,"ft_order_tag":"","cost":254.70175112808303},{"amount":0.00398778,"safe_price":60586.155,"ft_order_side":"sell","order_filled_timestamp":1770336000000,"ft_is_entry":false,"ft_order_tag":"stop_loss","cost":241.96666357167885}],"funding_fees":0.0,"weekday":4},{"pair":"ETH/USDT","stake_amount":254.31846753,"max_stake_amount":254.31846753,"amount":0.136013,"open_date":"2026-02-05 21:00:00+00:00","close_date":"2026-02-06 00:00:00+00:00","open_rate":1869.81,"close_rate":1776.3194999999998,"fee_open":0.0015,"fee_close":0.0015,"trade_duration":180,"profit_ratio":-0.05284573138709176,"profit_abs":-13.45980489,"exit_reason":"stop_loss","initial_stop_loss_abs":1776.3194999999998,"initial_stop_loss_ratio":-0.05,"stop_loss_abs":1776.3194999999998,"stop_loss_ratio":-0.05,"min_rate":1753.95,"max_rate":1912.74,"is_open":false,"enter_tag":"","leverage":1.0,"is_short":false,"open_timestamp":1770325200000,"close_timestamp":1770336000000,"orders":[{"amount":0.136013,"safe_price":1869.81,"ft_order_side":"buy","order_filled_timestamp":1770325200000,"ft_is_entry":true,"ft_order_tag":"","cost":254.699945231295},{"amount":0.136013,"safe_price":1776.3194999999998,"ft_order_side":"sell","order_filled_timestamp":1770336000000,"ft_is_entry":false,"ft_order_tag":"stop_loss","cost":241.96494796973022}],"funding_fees":0.0,"weekday":4},{"pair":"ETH/USDT","stake_amount":245.43600246,"max_stake_amount":245.43600246,"amount":0.137313,"open_date":"2026-02-06 00:30:00+00:00","close_date":"2026-02-06 00:30:00+00:00","open_rate":1787.42,"close_rate":1805.2942,"fee_open":0.0015,"fee_close":0.0015,"trade_duration":0,"profit_ratio":0.00697453820417087,"profit_abs":1.71437048,"exit_reason":"trailing_stop_loss","initial_stop_loss_abs":1698.049,"initial_stop_loss_ratio":-0.05,"stop_loss_abs":1828.125,"stop_loss_ratio":-0.025,"min_rate":1784.81,"max_rate":1875.0,"is_open":false,"enter_tag":"","leverage":1.0,"is_short":false,"open_timestamp":1770337800000,"close_timestamp":1770337800000,"orders":[{"amount":0.137313,"safe_price":1787.42,"ft_order_side":"buy","order_filled_timestamp":1770337800000,"ft_is_entry":true,"ft_order_tag":"","cost":245.80415646369002},{"amount":0.137313,"safe_price":1805.2942,"ft_order_side":"sell","order_filled_timestamp":1770337800000,"ft_is_entry":false,"ft_order_tag":"trailing_stop_loss","cost":248.2621980283269}],"funding_fees":0.0,"weekday":4},{"pair":"DOGE/USDT","stake_amount":246.00251102,"max_stake_amount":246.00251102,"amount":2945.079744,"open_date":"2026-02-06 00:30:00+00:00","close_date":"2026-02-06 00:30:00+00:00","open_rate":0.08353,"close_rate":0.08436529999999999,"fee_open":0.0015,"fee_close":0.0015,"trade_duration":0,"profit_ratio":0.006974538194947413,"profit_abs":1.71832754,"exit_reason":"trailing_stop_loss","initial_stop_loss_abs":0.07936,"initial_stop_loss_ratio":-0.05,"stop_loss_abs":0.08553,"stop_loss_ratio":-0.025,"min_rate":0.08325,"max_rate":0.08772,"is_open":false,"enter_tag":"","leverage":1.0,"is_short":false,"open_timestamp":1770337800000,"close_timestamp":1770337800000,"orders":[{"amount":2945.079744,"safe_price":0.08353,"ft_order_side":"buy","order_filled_timestamp":1770337800000,"ft_is_entry":true,"ft_order_tag":"","cost":246.37151478284449},{"amount":2945.079744,"safe_price":0.08436529999999999,"ft_order_side":"sell","order_filled_timestamp":1770337800000,"ft_is_entry":false,"ft_order_tag":"trailing_stop_loss","cost":248.8352299306729}],"funding_fees":0.0,"weekday":4},{"pair":"DOGE/USDT","stake_amount":246.56955912,"max_stake_amount":246.56955912,"amount":2570.039182,"open_date":"2026-02-07 07:30:00+00:00","close_date":"2026-02-07 18:30:00+00:00","open_rate":0.09594,"close_rate":0.09896,"fee_open":0.0015,"fee_close":0.0015,"trade_duration":660,"profit_ratio":0.028388207746117024,"profit_abs":7.01016737,"exit_reason":"exit_signal","initial_stop_loss_abs":0.09115,"initial_stop_loss_ratio":-0.05,"stop_loss_abs":0.09115,"stop_loss_ratio":-0.05,"min_rate":0.09482,"max_rate":0.09947,"is_open":false,"enter_tag":"","leverage":1.0,"is_short":false,"open_timestamp":1770449400000,"close_timestamp":1770489000000,"orders":[{"amount":2570.039182,"safe_price":0.09594,"ft_order_side":"buy","order_filled_timestamp":1770449400000,"ft_is_entry":true,"ft_order_tag":"","cost":246.93941345976165},{"amount":2570.039182,"safe_price":0.09896,"ft_order_side":"sell","order_filled_timestamp":1770489000000,"ft_is_entry":false,"ft_order_tag":"exit_signal","cost":254.7125740668961}],"funding_fees":0.0,"weekday":5},{"pair":"BTC/USDT","stake_amount":246.56938684,"max_stake_amount":246.56938684,"amount":0.00362391,"open_date":"2026-02-07 07:30:00+00:00","close_date":"2026-02-08 08:30:00+00:00","open_rate":68039.6,"close_rate":70200.2,"fee_open":0.0015,"fee_close":0.0015,"trade_duration":1500,"profit_ratio":0.028664407624062187,"profit_abs":7.07836706,"exit_reason":"exit_signal","initial_stop_loss_abs":64637.62,"initial_stop_loss_ratio":-0.05,"stop_loss_abs":69066.5625,"stop_loss_ratio":-0.025,"min_rate":67582.7,"max_rate":70837.5,"is_open":false,"enter_tag":"","leverage":1.0,"is_short":false,"open_timestamp":1770449400000,"close_timestamp":1770539400000,"orders":[{"amount":0.00362391,"safe_price":68039.6,"ft_order_side":"buy","order_filled_timestamp":1770449400000,"ft_is_entry":true,"ft_order_tag":"","cost":246.93924091625405},{"amount":0.00362391,"safe_price":70200.2,"ft_order_side":"sell","order_filled_timestamp":1770539400000,"ft_is_entry":false,"ft_order_tag":"exit_signal","cost":254.780805592173}],"funding_fees":0.0,"weekday":6},{"pair":"ETH/USDT","stake_amount":251.2180317,"max_stake_amount":251.2180317,"amount":0.123005,"open_date":"2026-02-09 10:00:00+00:00","close_date":"2026-02-09 17:30:00+00:00","open_rate":2042.34,"close_rate":2084.5499999999997,"fee_open":0.0015,"fee_close":0.0015,"trade_duration":450,"profit_ratio":0.017610053369356237,"profit_abs":4.43059889,"exit_reason":"trailing_stop_loss","initial_stop_loss_abs":1940.2229999999997,"initial_stop_loss_ratio":-0.05,"stop_loss_abs":2084.5499999999997,"stop_loss_ratio":-0.025,"min_rate":2009.0,"max_rate":2138.0,"is_open":false,"enter_tag":"","leverage":1.0,"is_short":false,"open_timestamp":1770631200000,"close_timestamp":1770658200000,"orders":[{"amount":0.123005,"safe_price":2042.34,"ft_order_side":"buy","order_filled_timestamp":1770631200000,"ft_is_entry":true,"ft_order_tag":"","cost":251.59485874755},{"amount":0.123005,"safe_price":2084.5499999999997,"ft_order_side":"sell","order_filled_timestamp":1770658200000,"ft_is_entry":false,"ft_order_tag":"trailing_stop_loss","cost":256.794687859125}],"funding_fees":0.0,"weekday":0},{"pair":"SOL/USDT","stake_amount":251.21873694,"max_stake_amount":251.21873694,"amount":2.970542,"open_date":"2026-02-09 09:00:00+00:00","close_date":"2026-02-09 17:45:00+00:00","open_rate":84.57,"close_rate":87.84,"fee_open":0.0015,"fee_close":0.0015,"trade_duration":525,"profit_ratio":0.035554862099359555,"profit_abs":8.94544562,"exit_reason":"exit_signal","initial_stop_loss_abs":80.3415,"initial_stop_loss_ratio":-0.05,"stop_loss_abs":85.8975,"stop_loss_ratio":-0.025,"min_rate":82.88,"max_rate":88.1,"is_open":false,"enter_tag":"","leverage":1.0,"is_short":false,"open_timestamp":1770627600000,"close_timestamp":1770659100000,"orders":[{"amount":2.970542,"safe_price":84.57,"ft_order_side":"buy","order_filled_timestamp":1770627600000,"ft_is_entry":true,"ft_order_tag":"","cost":251.59556504541},{"amount":2.970542,"safe_price":87.84,"ft_order_side":"sell","order_filled_timestamp":1770659100000,"ft_is_entry":false,"ft_order_tag":"exit_signal","cost":261.32380789392}],"funding_fees":0.0,"weekday":0},{"pair":"BTC/USDT","stake_amount":251.21812628,"max_stake_amount":251.21812628,"amount":0.00365464,"open_date":"2026-02-09 11:00:00+00:00","close_date":"2026-02-11 14:15:00+00:00","open_rate":68739.5,"close_rate":68450.0,"fee_open":0.0015,"fee_close":0.0015,"trade_duration":3075,"profit_ratio":-0.00719444331072406,"profit_abs":-1.81008563,"exit_reason":"exit_signal","initial_stop_loss_abs":65302.524999999994,"initial_stop_loss_ratio":-0.05,"stop_loss_abs":65302.524999999994,"stop_loss_ratio":-0.05,"min_rate":66380.1,"max_rate":71125.5,"is_open":false,"enter_tag":"","leverage":1.0,"is_short":false,"open_timestamp":1770634800000,"close_timestamp":1770819300000,"orders":[{"amount":0.00365464,"safe_price":68739.5,"ft_order_side":"buy","order_filled_timestamp":1770634800000,"ft_is_entry":true,"ft_order_tag":"","cost":251.59495346942},{"amount":0.00365464,"safe_price":68450.0,"ft_order_side":"sell","order_filled_timestamp":1770819300000,"ft_is_entry":false,"ft_order_tag":"exit_signal","cost":250.535348162}],"funding_fees":0.0,"weekday":2},{"pair":"ETH/USDT","stake_amount":255.63200208,"max_stake_amount":255.63200208,"amount":0.127036,"open_date":"2026-02-10 07:15:00+00:00","close_date":"2026-02-11 14:15:00+00:00","open_rate":2012.28,"close_rate":2003.4,"fee_open":0.0015,"fee_close":0.0015,"trade_duration":1860,"profit_ratio":-0.007395192631481074,"profit_abs":-1.89328357,"exit_reason":"exit_signal","initial_stop_loss_abs":1911.666,"initial_stop_loss_ratio":-0.05,"stop_loss_abs":1911.666,"stop_loss_ratio":-0.05,"min_rate":1932.0,"max_rate":2047.0,"is_open":false,"enter_tag":"","leverage":1.0,"is_short":false,"open_timestamp":1770707700000,"close_timestamp":1770819300000,"orders":[{"amount":0.127036,"safe_price":2012.28,"ft_order_side":"buy","order_filled_timestamp":1770707700000,"ft_is_entry":true,"ft_order_tag":"","cost":256.01545008312},{"amount":0.127036,"safe_price":2003.4,"ft_order_side":"sell","order_filled_timestamp":1770819300000,"ft_is_entry":false,"ft_order_tag":"exit_signal","cost":254.88567828360004}],"funding_fees":0.0,"weekday":2},{"pair":"SOL/USDT","stake_amount":255.63280158,"max_stake_amount":255.63280158,"amount":3.026673,"open_date":"2026-02-10 08:30:00+00:00","close_date":"2026-02-11 14:15:00+00:00","open_rate":84.46,"close_rate":82.87,"fee_open":0.0015,"fee_close":0.0015,"trade_duration":1785,"profit_ratio":-0.021764594407472318,"profit_abs":-5.57208986,"exit_reason":"exit_signal","initial_stop_loss_abs":80.237,"initial_stop_loss_ratio":-0.05,"stop_loss_abs":80.237,"stop_loss_ratio":-0.05,"min_rate":80.29,"max_rate":85.23,"is_open":false,"enter_tag":"","leverage":1.0,"is_short":false,"open_timestamp":1770712200000,"close_timestamp":1770819300000,"orders":[{"amount":3.026673,"safe_price":84.46,"ft_order_side":"buy","order_filled_timestamp":1770712200000,"ft_is_entry":true,"ft_order_tag":"","cost":256.01625078237004},{"amount":3.026673,"safe_price":82.87,"ft_order_side":"sell","order_filled_timestamp":1770819300000,"ft_is_entry":false,"ft_order_tag":"exit_signal","cost":251.19662209726505}],"funding_fees":0.0,"weekday":2},{"pair":"ETH/USDT","stake_amount":252.57014469,"max_stake_amount":252.57014469,"amount":0.131759,"open_date":"2026-02-12 16:45:00+00:00","close_date":"2026-02-13 15:00:00+00:00","open_rate":1916.91,"close_rate":1991.0,"fee_open":0.0015,"fee_close":0.0015,"trade_duration":1335,"profit_ratio":0.03553945990418593,"profit_abs":8.98967084,"exit_reason":"exit_signal","initial_stop_loss_abs":1821.0645,"initial_stop_loss_ratio":-0.05,"stop_loss_abs":1980.654,"stop_loss_ratio":-0.025,"min_rate":1898.14,"max_rate":2031.44,"is_open":false,"enter_tag":"","leverage":1.0,"is_short":false,"open_timestamp":1770914700000,"close_timestamp":1770994800000,"orders":[{"amount":0.131759,"safe_price":1916.91,"ft_order_side":"buy","order_filled_timestamp":1770914700000,"ft_is_entry":true,"ft_order_tag":"","cost":252.948999907035},{"amount":0.131759,"safe_price":1991.0,"ft_order_side":"sell","order_filled_timestamp":1770994800000,"ft_is_entry":false,"ft_order_tag":"exit_signal","cost":262.7256672535}],"funding_fees":0.0,"weekday":4},{"pair":"DOGE/USDT","stake_amount":255.53856005,"max_stake_amount":255.53856005,"amount":2373.34968,"open_date":"2026-02-15 14:30:00+00:00","close_date":"2026-02-15 20:00:00+00:00","open_rate":0.10767,"close_rate":0.10229,"fee_open":0.0015,"fee_close":0.0015,"trade_duration":330,"profit_ratio":-0.05281332205670768,"profit_abs":-13.51608403,"exit_reason":"stop_loss","initial_stop_loss_abs":0.10229,"initial_stop_loss_ratio":-0.05,"stop_loss_abs":0.10229,"stop_loss_ratio":-0.05,"min_rate":0.10217,"max_rate":0.1092,"is_open":false,"enter_tag":"","leverage":1.0,"is_short":false,"open_timestamp":1771165800000,"close_timestamp":1771185600000,"orders":[{"amount":2373.34968,"safe_price":0.10767,"ft_order_side":"buy","order_filled_timestamp":1771165800000,"ft_is_entry":true,"ft_order_tag":"","cost":255.9218678856684},{"amount":2373.34968,"safe_price":0.10229,"ft_order_side":"sell","order_filled_timestamp":1771185600000,"ft_is_entry":false,"ft_order_tag":"stop_loss","cost":243.1340936753508}],"funding_fees":0.0,"weekday":6},{"pair":"BTC/USDT","stake_amount":255.53801936,"max_stake_amount":255.53801936,"amount":0.00370699,"open_date":"2026-02-15 14:00:00+00:00","close_date":"2026-02-16 12:30:00+00:00","open_rate":68934.1,"close_rate":69502.2,"fee_open":0.0015,"fee_close":0.0015,"trade_duration":1350,"profit_ratio":0.00522101096011845,"profit_abs":1.33616805,"exit_reason":"exit_signal","initial_stop_loss_abs":65487.395000000004,"initial_stop_loss_ratio":-0.05,"stop_loss_abs":65487.395000000004,"stop_loss_ratio":-0.05,"min_rate":68060.0,"max_rate":69610.0,"is_open":false,"enter_tag":"","leverage":1.0,"is_short":false,"open_timestamp":1771164000000,"close_timestamp":1771245000000,"orders":[{"amount":0.00370699,"safe_price":68934.1,"ft_order_side":"buy","order_filled_timestamp":1771164000000,"ft_is_entry":true,"ft_order_tag":"","cost":255.92132638803852},{"amount":0.00370699,"safe_price":69502.2,"ft_order_side":"sell","order_filled_timestamp":1771245000000,"ft_is_entry":false,"ft_order_tag":"exit_signal","cost":258.030426318567}],"funding_fees":0.0,"weekday":0},{"pair":"ETH/USDT","stake_amount":255.5368541,"max_stake_amount":255.5368541,"amount":0.126494,"open_date":"2026-02-15 13:15:00+00:00","close_date":"2026-02-16 13:15:00+00:00","open_rate":2020.15,"close_rate":2009.23,"fee_open":0.0015,"fee_close":0.0015,"trade_duration":1440,"profit_ratio":-0.008384853601173766,"profit_abs":-2.14585307,"exit_reason":"exit_signal","initial_stop_loss_abs":1919.1425,"initial_stop_loss_ratio":-0.05,"stop_loss_abs":1919.1425,"stop_loss_ratio":-0.05,"min_rate":1929.39,"max_rate":2028.29,"is_open":false,"enter_tag":"","leverage":1.0,"is_short":false,"open_timestamp":1771161300000,"close_timestamp":1771247700000,"orders":[{"amount":0.126494,"safe_price":2020.15,"ft_order_side":"buy","order_filled_timestamp":1771161300000,"ft_is_entry":true,"ft_order_tag":"","cost":255.92015938115},{"amount":0.126494,"safe_price":2009.23,"ft_order_side":"sell","order_filled_timestamp":1771247700000,"ft_is_entry":false,"ft_order_tag":"exit_signal","cost":254.53677292943}],"funding_fees":0.0,"weekday":0},{"pair":"SOL/USDT","stake_amount":242.15984526,"max_stake_amount":242.15984526,"amount":2.837589,"open_date":"2026-02-15 20:00:00+00:00","close_date":"2026-02-16 22:00:00+00:00","open_rate":85.34,"close_rate":86.02,"fee_open":0.0015,"fee_close":0.0015,"trade_duration":1560,"profit_ratio":0.004948752156364741,"profit_abs":1.20018664,"exit_reason":"exit_signal","initial_stop_loss_abs":81.073,"initial_stop_loss_ratio":-0.05,"stop_loss_abs":81.073,"stop_loss_ratio":-0.05,"min_rate":82.58,"max_rate":86.93,"is_open":false,"enter_tag":"","leverage":1.0,"is_short":false,"open_timestamp":1771185600000,"close_timestamp":1771279200000,"orders":[{"amount":2.837589,"safe_price":85.34,"ft_order_side":"buy","order_filled_timestamp":1771185600000,"ft_is_entry":true,"ft_order_tag":"","cost":242.52308502789},{"amount":2.837589,"safe_price":86.02,"ft_order_side":"sell","order_filled_timestamp":1771279200000,"ft_is_entry":false,"ft_order_tag":"exit_signal","cost":244.45553988867002}],"funding_fees":0.0,"weekday":0},{"pair":"BTC/USDT","stake_amount":251.20700755,"max_stake_amount":251.20700755,"amount":0.00375776,"open_date":"2026-02-17 15:30:00+00:00","close_date":"2026-02-18 08:30:00+00:00","open_rate":66850.2,"close_rate":68289.8,"fee_open":0.0015,"fee_close":0.0015,"trade_duration":1020,"profit_ratio":0.018474700820503624,"profit_abs":4.64793577,"exit_reason":"exit_signal","initial_stop_loss_abs":63507.689999999995,"initial_stop_loss_ratio":-0.05,"stop_loss_abs":63507.689999999995,"stop_loss_ratio":-0.05,"min_rate":66622.8,"max_rate":68470.9,"is_open":false,"enter_tag":"","leverage":1.0,"is_short":false,"open_timestamp":1771342200000,"close_timestamp":1771403400000,"orders":[{"amount":0.00375776,"safe_price":66850.2,"ft_order_side":"buy","order_filled_timestamp":1771342200000,"ft_is_entry":true,"ft_order_tag":"","cost":251.583818063328},{"amount":0.00375776,"safe_price":68289.8,"ft_order_side":"sell","order_filled_timestamp":1771403400000,"ft_is_entry":false,"ft_order_tag":"exit_signal","cost":257.0016038662721}],"funding_fees":0.0,"weekday":2},{"pair":"SOL/USDT","stake_amount":251.20706726,"max_stake_amount":251.20706726,"amount":3.011353,"open_date":"2026-02-17 15:15:00+00:00","close_date":"2026-02-20 00:00:00+00:00","open_rate":83.42,"close_rate":82.51,"fee_open":0.0015,"fee_close":0.0015,"trade_duration":3405,"profit_ratio":-0.013871484769503641,"profit_abs":-3.48984193,"exit_reason":"force_exit","initial_stop_loss_abs":79.249,"initial_stop_loss_ratio":-0.05,"stop_loss_abs":79.249,"stop_loss_ratio":-0.05,"min_rate":79.61,"max_rate":86.08,"is_open":false,"enter_tag":"","leverage":1.0,"is_short":false,"open_timestamp":1771341300000,"close_timestamp":1771545600000,"orders":[{"amount":3.011353,"safe_price":83.42,"ft_order_side":"buy","order_filled_timestamp":1771341300000,"ft_is_entry":true,"ft_order_tag":"","cost":251.58387786089006},{"amount":3.011353,"safe_price":82.51,"ft_order_side":"sell","order_filled_timestamp":1771545600000,"ft_is_entry":false,"ft_order_tag":"force_exit","cost":248.83943613404503}],"funding_fees":0.0,"weekday":4},{"pair":"BTC/USDT","stake_amount":252.74081027,"max_stake_amount":252.74081027,"amount":0.00381891,"open_date":"2026-02-18 20:00:00+00:00","close_date":"2026-02-20 00:00:00+00:00","open_rate":66181.4,"close_rate":67002.3,"fee_open":0.0015,"fee_close":0.0015,"trade_duration":1680,"profit_ratio":0.009371124785605747,"profit_abs":2.37201837,"exit_reason":"force_exit","initial_stop_loss_abs":62872.329999999994,"initial_stop_loss_ratio":-0.05,"stop_loss_abs":62872.329999999994,"stop_loss_ratio":-0.05,"min_rate":65641.2,"max_rate":67326.4,"is_open":false,"enter_tag":"","leverage":1.0,"is_short":false,"open_timestamp":1771444800000,"close_timestamp":1771545600000,"orders":[{"amount":0.00381891,"safe_price":66181.4,"ft_order_side":"buy","order_filled_timestamp":1771444800000,"ft_is_entry":true,"ft_order_tag":"","cost":253.11992148941098},{"amount":0.00381891,"safe_price":67002.3,"ft_order_side":"sell","order_filled_timestamp":1771545600000,"ft_is_entry":false,"ft_order_tag":"force_exit","cost":256.25956712323955}],"funding_fees":0.0,"weekday":4},{"pair":"ETH/USDT","stake_amount":252.73944712,"max_stake_amount":252.73944712,"amount":0.131531,"open_date":"2026-02-19 14:00:00+00:00","close_date":"2026-02-20 00:00:00+00:00","open_rate":1921.52,"close_rate":1948.83,"fee_open":0.0015,"fee_close":0.0015,"trade_duration":600,"profit_ratio":0.011174625604105294,"profit_abs":2.8285051,"exit_reason":"force_exit","initial_stop_loss_abs":1825.444,"initial_stop_loss_ratio":-0.05,"stop_loss_abs":1825.444,"stop_loss_ratio":-0.05,"min_rate":1906.2,"max_rate":1955.28,"is_open":false,"enter_tag":"","leverage":1.0,"is_short":false,"open_timestamp":1771509600000,"close_timestamp":1771545600000,"orders":[{"amount":0.131531,"safe_price":1921.52,"ft_order_side":"buy","order_filled_timestamp":1771509600000,"ft_is_entry":true,"ft_order_tag":"","cost":253.11855629068003},{"amount":0.131531,"safe_price":1948.83,"ft_order_side":"sell","order_filled_timestamp":1771545600000,"ft_is_entry":false,"ft_order_tag":"force_exit","cost":256.716056068095}],"funding_fees":0.0,"weekday":4}],"locks":[],"best_pair":{"key":"DOGE/USDT","trades":7,"profit_mean":-0.0236667867857062,"profit_mean_pct":-2.37,"profit_total_abs":-48.338543740000006,"profit_total":-0.04833854374,"profit_total_pct":-4.83,"duration_avg":"12:19:00","wins":3,"draws":0,"losses":4,"winrate":0.42857142857142855,"cagr":-0.44198155342902157,"expectancy":-6.905506248571429,"expectancy_ratio":-0.4567516474548511,"sortino":-22.42727419047212,"sharpe":-3.0884970321395597,"calmar":-57.76640735864445,"sqn":-1.7536,"profit_factor":0.2006846169540107,"max_drawdown_account":0.051570690038765056,"max_drawdown_abs":51.746437470000004},"worst_pair":{"key":"SOL/USDT","trades":12,"profit_mean":-0.019209482251515305,"profit_mean_pct":-1.92,"profit_total_abs":-69.59471167,"profit_total":-0.06959471166999999,"profit_total_pct":-6.96,"duration_avg":"23:45:00","wins":4,"draws":0,"losses":8,"winrate":0.3333333333333333,"cagr":-0.5722991940396109,"expectancy":-5.799559305833332,"expectancy_ratio":-0.5133216039019476,"sortino":-7.1839885414905575,"sharpe":-4.5994884418541835,"calmar":-60.68399923466274,"sqn":-2.0627,"profit_factor":0.23001759414707867,"max_drawdown_account":0.07067841213999998,"max_drawdown_abs":70.67841213999999},"results_per_pair":[{"key":"DOGE/USDT","trades":7,"profit_mean":-0.0236667867857062,"profit_mean_pct":-2.37,"profit_total_abs":-48.338543740000006,"profit_total":-0.04833854374,"profit_total_pct":-4.83,"duration_avg":"12:19:00","wins":3,"draws":0,"losses":4,"winrate":0.42857142857142855,"cagr":-0.44198155342902157,"expectancy":-6.905506248571429,"expectancy_ratio":-0.4567516474548511,"sortino":-22.42727419047212,"sharpe":-3.0884970321395597,"calmar":-57.76640735864445,"sqn":-1.7536,"profit_factor":0.2006846169540107,"max_drawdown_account":0.051570690038765056,"max_drawdown_abs":51.746437470000004},{"key":"BTC/USDT","trades":10,"profit_mean":-0.01660413858679304,"profit_mean_pct":-1.66,"profit_total_abs":-51.74248957999999,"profit_total":-0.05174248957999999,"profit_total_pct":-5.17,"duration_avg":"1 day, 4:52:00","wins":4,"draws":0,"losses":6,"winrate":0.4,"cagr":-0.4650346104429882,"expectancy":-5.174248958,"expectancy_ratio":-0.4621448342677723,"sortino":-5.042294125323325,"sharpe":-3.557484810814058,"calmar":-48.78364147139259,"sqn":-1.7317,"profit_factor":0.22975860955371277,"max_drawdown_account":0.06536689320000005,"max_drawdown_abs":65.36689319999999},{"key":"ETH/USDT","trades":15,"profit_mean":-0.014294682310555288,"profit_mean_pct":-1.43,"profit_total_abs":-62.73194708999999,"profit_total":-0.06273194708999999,"profit_total_pct":-6.27,"duration_avg":"11:00:00","wins":6,"draws":0,"losses":9,"winrate":0.4,"cagr":-0.5336423526071418,"expectancy":-4.182129805999999,"expectancy_ratio":-0.39305868788893017,"sortino":-5.826777710225594,"sharpe":-3.9758141814516534,"calmar":-44.109995535106464,"sqn":-1.6092,"profit_factor":0.3449021868517829,"max_drawdown_account":0.08764688627806093,"max_drawdown_abs":88.70275031},{"key":"SOL/USDT","trades":12,"profit_mean":-0.019209482251515305,"profit_mean_pct":-1.92,"profit_total_abs":-69.59471167,"profit_total":-0.06959471166999999,"profit_total_pct":-6.96,"duration_avg":"23:45:00","wins":4,"draws":0,"losses":8,"winrate":0.3333333333333333,"cagr":-0.5722991940396109,"expectancy":-5.799559305833332,"expectancy_ratio":-0.5133216039019476,"sortino":-7.1839885414905575,"sharpe":-4.5994884418541835,"calmar":-60.68399923466274,"sqn":-2.0627,"profit_factor":0.23001759414707867,"max_drawdown_account":0.07067841213999998,"max_drawdown_abs":70.67841213999999},{"key":"TOTAL","trades":44,"profit_mean":-0.017650975341917882,"profit_mean_pct":-1.77,"profit_total_abs":-232.40769208,"profit_total":-0.23240769208,"profit_total_pct":-23.24,"duration_avg":"18:45:00","wins":17,"draws":0,"losses":27,"winrate":0.38636363636363635,"cagr":-0.9555874595094606,"expectancy":-5.281993001818183,"expectancy_ratio":-0.45447882256779704,"sortino":-23.67866345458038,"sharpe":-15.104449724189863,"calmar":-53.872935690333456,"sqn":-3.6526,"profit_factor":0.2593678447043307,"max_drawdown_account":0.26586709741317305,"max_drawdown_abs":269.34913817}],"results_per_enter_tag":[{"key":"","trades":44,"profit_mean":-0.017650975341917882,"profit_mean_pct":-1.77,"profit_total_abs":-232.40769208,"profit_total":-0.23240769208,"profit_total_pct":-23.24,"duration_avg":"18:45:00","wins":17,"draws":0,"losses":27,"winrate":0.38636363636363635,"cagr":-0.9555874595094606,"expectancy":-5.281993001818183,"expectancy_ratio":-0.45447882256779704,"sortino":-23.67866345458038,"sharpe":-15.104449724189863,"calmar":-53.872935690333456,"sqn":-3.6526,"profit_factor":0.2593678447043307,"max_drawdown_account":0.26586709741317305,"max_drawdown_abs":269.34913817},{"key":"TOTAL","trades":44,"profit_mean":-0.017650975341917882,"profit_mean_pct":-1.77,"profit_total_abs":-232.40769208,"profit_total":-0.23240769208,"profit_total_pct":-23.24,"duration_avg":"18:45:00","wins":17,"draws":0,"losses":27,"winrate":0.38636363636363635,"cagr":-0.9555874595094606,"expectancy":-5.281993001818183,"expectancy_ratio":-0.45447882256779704,"sortino":-23.67866345458038,"sharpe":-15.104449724189863,"calmar":-53.872935690333456,"sqn":-3.6526,"profit_factor":0.2593678447043307,"max_drawdown_account":0.26586709741317305,"max_drawdown_abs":269.34913817}],"exit_reason_summary":[{"key":"exit_signal","trades":16,"profit_mean":0.009485538038991173,"profit_mean_pct":0.95,"profit_total_abs":40.72673798,"profit_total":0.040726737980000004,"profit_total_pct":4.07,"duration_avg":"1 day, 0:21:00","wins":9,"draws":0,"losses":7,"winrate":0.5625,"cagr":0.6000214607951762,"expectancy":2.5454211237499997,"expectancy_ratio":1.0479872431365118,"sortino":16.459952337515627,"sharpe":4.865120930495473,"calmar":280.33533707330065,"sqn":1.9109,"profit_factor":3.395399412883456,"max_drawdown_account":0.008953369741761122,"max_drawdown_abs":9.275459060000003},{"key":"trailing_stop_loss","trades":6,"profit_mean":0.011473828188491833,"profit_mean_pct":1.15,"profit_total_abs":18.45936469,"profit_total":0.01845936469,"profit_total_pct":1.85,"duration_avg":"6:32:00","wins":6,"draws":0,"losses":0,"winrate":1.0,"cagr":0.24031138505293392,"expectancy":3.0765607816666667,"expectancy_ratio":100.0,"sortino":-100,"sharpe":10.652173727452281,"calmar":-100,"sqn":6.4415,"profit_factor":0.0,"max_drawdown_account":0.0,"max_drawdown_abs":0.0},{"key":"force_exit","trades":3,"profit_mean":0.0022247552067358,"profit_mean_pct":0.22,"profit_total_abs":1.7106815400000004,"profit_total":0.0017106815400000004,"profit_total_pct":0.17,"duration_avg":"1 day, 7:35:00","wins":2,"draws":0,"losses":1,"winrate":0.6666666666666666,"cagr":0.02032855379177012,"expectancy":0.5702271800000003,"expectancy_ratio":0.1633962773780988,"sortino":-100,"sharpe":0.36645647385892516,"calmar":30.209820930277974,"sqn":0.2803,"profit_factor":1.4901888321342969,"max_drawdown_account":0.0034898419300000115,"max_drawdown_abs":3.48984193},{"key":"stop_loss","trades":19,"profit_mean":-0.05283835570628442,"profit_mean_pct":-5.28,"profit_total_abs":-293.30447628999997,"profit_total":-0.29330447628999995,"profit_total_pct":-29.33,"duration_avg":"15:52:00","wins":0,"draws":0,"losses":19,"winrate":0.0,"cagr":-0.983218437464153,"expectancy":-15.437077699473683,"expectancy_ratio":-1.0,"sortino":-128.89091720657007,"sharpe":-128.89091720657007,"calmar":-61.62894572433162,"sqn":-46.7004,"profit_factor":0.0,"max_drawdown_account":0.2933044762899999,"max_drawdown_abs":293.30447628999997},{"key":"TOTAL","trades":44,"profit_mean":-0.017650975341917882,"profit_mean_pct":-1.77,"profit_total_abs":-232.40769208,"profit_total":-0.23240769208,"profit_total_pct":-23.24,"duration_avg":"18:45:00","wins":17,"draws":0,"losses":27,"winrate":0.38636363636363635,"cagr":-0.9555874595094606,"expectancy":-5.281993001818183,"expectancy_ratio":-0.45447882256779704,"sortino":-23.67866345458038,"sharpe":-15.104449724189863,"calmar":-53.872935690333456,"sqn":-3.6526,"profit_factor":0.2593678447043307,"max_drawdown_account":0.26586709741317305,"max_drawdown_abs":269.34913817}],"mix_tag_stats":[{"key":["","exit_signal"],"trades":16,"profit_mean":0.009485538038991173,"profit_mean_pct":0.95,"profit_total_abs":40.72673798,"profit_total":0.040726737980000004,"profit_total_pct":4.07,"duration_avg":"1 day, 0:21:00","wins":9,"draws":0,"losses":7,"winrate":0.5625,"cagr":0.6000214607951762,"expectancy":2.5454211237499997,"expectancy_ratio":1.0479872431365118,"sortino":16.459952337515627,"sharpe":4.865120930495473,"calmar":280.33533707330065,"sqn":1.9109,"profit_factor":3.395399412883456,"max_drawdown_account":0.008953369741761122,"max_drawdown_abs":9.275459060000003},{"key":["","trailing_stop_loss"],"trades":6,"profit_mean":0.011473828188491833,"profit_mean_pct":1.15,"profit_total_abs":18.45936469,"profit_total":0.01845936469,"profit_total_pct":1.85,"duration_avg":"6:32:00","wins":6,"draws":0,"losses":0,"winrate":1.0,"cagr":0.24031138505293392,"expectancy":3.0765607816666667,"expectancy_ratio":100.0,"sortino":-100,"sharpe":10.652173727452281,"calmar":-100,"sqn":6.4415,"profit_factor":0.0,"max_drawdown_account":0.0,"max_drawdown_abs":0.0},{"key":["","force_exit"],"trades":3,"profit_mean":0.0022247552067358,"profit_mean_pct":0.22,"profit_total_abs":1.7106815400000004,"profit_total":0.0017106815400000004,"profit_total_pct":0.17,"duration_avg":"1 day, 7:35:00","wins":2,"draws":0,"losses":1,"winrate":0.6666666666666666,"cagr":0.02032855379177012,"expectancy":0.5702271800000003,"expectancy_ratio":0.1633962773780988,"sortino":-100,"sharpe":0.36645647385892516,"calmar":30.209820930277974,"sqn":0.2803,"profit_factor":1.4901888321342969,"max_drawdown_account":0.0034898419300000115,"max_drawdown_abs":3.48984193},{"key":["","stop_loss"],"trades":19,"profit_mean":-0.05283835570628442,"profit_mean_pct":-5.28,"profit_total_abs":-293.30447628999997,"profit_total":-0.29330447628999995,"profit_total_pct":-29.33,"duration_avg":"15:52:00","wins":0,"draws":0,"losses":19,"winrate":0.0,"cagr":-0.983218437464153,"expectancy":-15.437077699473683,"expectancy_ratio":-1.0,"sortino":-128.89091720657007,"sharpe":-128.89091720657007,"calmar":-61.62894572433162,"sqn":-46.7004,"profit_factor":0.0,"max_drawdown_account":0.2933044762899999,"max_drawdown_abs":293.30447628999997},{"key":"TOTAL","trades":44,"profit_mean":-0.017650975341917882,"profit_mean_pct":-1.77,"profit_total_abs":-232.40769208,"profit_total":-0.23240769208,"profit_total_pct":-23.24,"duration_avg":"18:45:00","wins":17,"draws":0,"losses":27,"winrate":0.38636363636363635,"cagr":-0.9555874595094606,"expectancy":-5.281993001818183,"expectancy_ratio":-0.45447882256779704,"sortino":-23.67866345458038,"sharpe":-15.104449724189863,"calmar":-53.872935690333456,"sqn":-3.6526,"profit_factor":0.2593678447043307,"max_drawdown_account":0.26586709741317305,"max_drawdown_abs":269.34913817}],"left_open_trades":[{"key":"ETH/USDT","trades":1,"profit_mean":0.011174625604105294,"profit_mean_pct":1.12,"profit_total_abs":2.8285051,"profit_total":0.0028285051000000003,"profit_total_pct":0.28,"duration_avg":"10:00:00","wins":1,"draws":0,"losses":0,"winrate":1.0,"cagr":0.03381552983449687,"expectancy":2.8285051,"expectancy_ratio":100.0,"sortino":-100,"sharpe":-100,"calmar":-100,"sqn":-100.0,"profit_factor":0.0,"max_drawdown_account":0.0,"max_drawdown_abs":0.0},{"key":"BTC/USDT","trades":1,"profit_mean":0.009371124785605747,"profit_mean_pct":0.94,"profit_total_abs":2.37201837,"profit_total":0.0023720183700000003,"profit_total_pct":0.24,"duration_avg":"1 day, 4:00:00","wins":1,"draws":0,"losses":0,"winrate":1.0,"cagr":0.02828825569068405,"expectancy":2.37201837,"expectancy_ratio":100.0,"sortino":-100,"sharpe":-100,"calmar":-100,"sqn":-100.0,"profit_factor":0.0,"max_drawdown_account":0.0,"max_drawdown_abs":0.0},{"key":"SOL/USDT","trades":1,"profit_mean":-0.013871484769503641,"profit_mean_pct":-1.39,"profit_total_abs":-3.48984193,"profit_total":-0.00348984193,"profit_total_pct":-0.35,"duration_avg":"2 days, 8:45:00","wins":0,"draws":0,"losses":1,"winrate":0.0,"cagr":-0.04032629269475674,"expectancy":-3.48984193,"expectancy_ratio":-1.0,"sortino":-100,"sharpe":-100,"calmar":-61.62894572433141,"sqn":-100.0,"profit_factor":0.0,"max_drawdown_account":0.0034898419300000115,"max_drawdown_abs":3.48984193},{"key":"TOTAL","trades":3,"profit_mean":0.0022247552067358,"profit_mean_pct":0.22,"profit_total_abs":1.7106815400000004,"profit_total":0.0017106815400000004,"profit_total_pct":0.17,"duration_avg":"1 day, 7:35:00","wins":2,"draws":0,"losses":1,"winrate":0.6666666666666666,"cagr":0.02032855379177012,"expectancy":0.5702271800000003,"expectancy_ratio":0.1633962773780988,"sortino":-100,"sharpe":0.36645647385892516,"calmar":30.209820930277974,"sqn":0.2803,"profit_factor":1.4901888321342969,"max_drawdown_account":0.0034898419300000115,"max_drawdown_abs":3.48984193}],"total_trades":44,"trade_count_long":44,"trade_count_short":0,"total_volume":24473.947876968825,"avg_stake_amount":279.92095105931816,"profit_mean":-0.017650975341917882,"profit_median":-0.008790057356743899,"profit_total":-0.23240769208,"profit_total_long":-0.23240769208,"profit_total_short":0.0,"profit_total_abs":-232.40769208,"profit_total_long_abs":-232.40769208,"profit_total_short_abs":0.0,"cagr":-0.9555874595094604,"expectancy":-5.281993001818183,"expectancy_ratio":-0.45447882256779704,"sortino":-23.67866345458038,"sharpe":-15.104449724189863,"calmar":-53.872935690333456,"sqn":-3.6526,"profit_factor":0.2593678447043307,"backtest_start":"2026-01-20 00:00:00","backtest_start_ts":1768867200000,"backtest_end":"2026-02-20 00:00:00","backtest_end_ts":1771545600000,"backtest_days":31,"backtest_run_start_ts":1771555478,"backtest_run_end_ts":1771555478,"trades_per_day":1.42,"market_change":-0.3195652300127002,"pairlist":["BTC/USDT","ETH/USDT","SOL/USDT","DOGE/USDT"],"stake_amount":"unlimited","stake_currency":"USDT","stake_currency_decimals":3,"starting_balance":1000,"dry_run_wallet":1000,"final_balance":767.59230792,"rejected_signals":18,"timedout_entry_orders":0,"timedout_exit_orders":0,"canceled_trade_entries":0,"canceled_entry_orders":0,"replaced_entry_orders":0,"max_open_trades":3,"max_open_trades_setting":3,"timeframe":"15m","timeframe_detail":"","timerange":"20260120-20260220","enable_protections":false,"strategy_name":"RSIReversalStrategy","freqaimodel":null,"freqai_identifier":null,"stoploss":-0.05,"trailing_stop":true,"trailing_stop_positive":0.025,"trailing_stop_positive_offset":0.035,"trailing_only_offset_is_reached":true,"use_custom_stoploss":false,"minimal_roi":{"0":0.06},"use_exit_signal":true,"exit_profit_only":false,"exit_profit_offset":0.0,"ignore_roi_if_entry_signal":false,"trading_mode":"spot","margin_mode":"","periodic_breakdown":{"day":[{"date":"21/01/2026","date_ts":1768953600000,"profit_abs":9.68902872,"wins":1,"draws":0,"losses":1,"trades":2,"profit_factor":5.10941095},{"date":"22/01/2026","date_ts":1769040000000,"profit_abs":0.0,"wins":0,"draws":0,"losses":0,"trades":0,"profit_factor":0.0},{"date":"23/01/2026","date_ts":1769126400000,"profit_abs":3.40789373,"wins":1,"draws":0,"losses":0,"trades":1,"profit_factor":0.0},{"date":"24/01/2026","date_ts":1769212800000,"profit_abs":0.0,"wins":0,"draws":0,"losses":0,"trades":0,"profit_factor":0.0},{"date":"25/01/2026","date_ts":1769299200000,"profit_abs":-17.63447072,"wins":0,"draws":0,"losses":1,"trades":1,"profit_factor":0.0},{"date":"26/01/2026","date_ts":1769385600000,"profit_abs":3.25108004,"wins":1,"draws":0,"losses":2,"trades":3,"profit_factor":2.00871626},{"date":"27/01/2026","date_ts":1769472000000,"profit_abs":0.0,"wins":0,"draws":0,"losses":0,"trades":0,"profit_factor":0.0},{"date":"28/01/2026","date_ts":1769558400000,"profit_abs":0.0,"wins":0,"draws":0,"losses":0,"trades":0,"profit_factor":0.0},{"date":"29/01/2026","date_ts":1769644800000,"profit_abs":-34.88555514,"wins":0,"draws":0,"losses":2,"trades":2,"profit_factor":0.0},{"date":"30/01/2026","date_ts":1769731200000,"profit_abs":-17.1381308,"wins":0,"draws":0,"losses":1,"trades":1,"profit_factor":0.0},{"date":"31/01/2026","date_ts":1769817600000,"profit_abs":-125.7634084,"wins":0,"draws":0,"losses":8,"trades":8,"profit_factor":0.0},{"date":"01/02/2026","date_ts":1769904000000,"profit_abs":7.18817405,"wins":2,"draws":0,"losses":0,"trades":2,"profit_factor":0.0},{"date":"02/02/2026","date_ts":1769990400000,"profit_abs":-14.85659649,"wins":0,"draws":0,"losses":1,"trades":1,"profit_factor":0.0},{"date":"03/02/2026","date_ts":1770076800000,"profit_abs":0.0,"wins":0,"draws":0,"losses":0,"trades":0,"profit_factor":0.0},{"date":"04/02/2026","date_ts":1770163200000,"profit_abs":-14.20375436,"wins":0,"draws":0,"losses":1,"trades":1,"profit_factor":0.0},{"date":"05/02/2026","date_ts":1770249600000,"profit_abs":-28.38677113,"wins":0,"draws":0,"losses":2,"trades":2,"profit_factor":0.0},{"date":"06/02/2026","date_ts":1770336000000,"profit_abs":-23.4870072,"wins":2,"draws":0,"losses":2,"trades":4,"profit_factor":0.12751618},{"date":"07/02/2026","date_ts":1770422400000,"profit_abs":7.01016737,"wins":1,"draws":0,"losses":0,"trades":1,"profit_factor":0.0},{"date":"08/02/2026","date_ts":1770508800000,"profit_abs":7.07836706,"wins":1,"draws":0,"losses":0,"trades":1,"profit_factor":0.0},{"date":"09/02/2026","date_ts":1770595200000,"profit_abs":13.37604451,"wins":2,"draws":0,"losses":0,"trades":2,"profit_factor":0.0},{"date":"10/02/2026","date_ts":1770681600000,"profit_abs":0.0,"wins":0,"draws":0,"losses":0,"trades":0,"profit_factor":0.0},{"date":"11/02/2026","date_ts":1770768000000,"profit_abs":-9.27545906,"wins":0,"draws":0,"losses":3,"trades":3,"profit_factor":0.0},{"date":"12/02/2026","date_ts":1770854400000,"profit_abs":0.0,"wins":0,"draws":0,"losses":0,"trades":0,"profit_factor":0.0},{"date":"13/02/2026","date_ts":1770940800000,"profit_abs":8.98967084,"wins":1,"draws":0,"losses":0,"trades":1,"profit_factor":0.0},{"date":"14/02/2026","date_ts":1771027200000,"profit_abs":0.0,"wins":0,"draws":0,"losses":0,"trades":0,"profit_factor":0.0},{"date":"15/02/2026","date_ts":1771113600000,"profit_abs":-13.51608403,"wins":0,"draws":0,"losses":1,"trades":1,"profit_factor":0.0},{"date":"16/02/2026","date_ts":1771200000000,"profit_abs":0.39050162,"wins":2,"draws":0,"losses":1,"trades":3,"profit_factor":1.18197966},{"date":"17/02/2026","date_ts":1771286400000,"profit_abs":0.0,"wins":0,"draws":0,"losses":0,"trades":0,"profit_factor":0.0},{"date":"18/02/2026","date_ts":1771372800000,"profit_abs":4.64793577,"wins":1,"draws":0,"losses":0,"trades":1,"profit_factor":0.0},{"date":"19/02/2026","date_ts":1771459200000,"profit_abs":0.0,"wins":0,"draws":0,"losses":0,"trades":0,"profit_factor":0.0},{"date":"20/02/2026","date_ts":1771545600000,"profit_abs":1.71068154,"wins":2,"draws":0,"losses":1,"trades":3,"profit_factor":1.49018883}],"week":[{"date":"26/01/2026","date_ts":1769385600000,"profit_abs":-1.28646823,"wins":3,"draws":0,"losses":4,"trades":7,"profit_factor":0.94458515},{"date":"02/02/2026","date_ts":1769990400000,"profit_abs":-185.45551678,"wins":2,"draws":0,"losses":12,"trades":14,"profit_factor":0.03731331},{"date":"09/02/2026","date_ts":1770595200000,"profit_abs":-38.61295375,"wins":6,"draws":0,"losses":5,"trades":11,"profit_factor":0.4444997},{"date":"16/02/2026","date_ts":1771200000000,"profit_abs":-13.41137063,"wins":3,"draws":0,"losses":5,"trades":8,"profit_factor":0.46219844},{"date":"23/02/2026","date_ts":1771804800000,"profit_abs":6.35861731,"wins":3,"draws":0,"losses":1,"trades":4,"profit_factor":2.82203591}],"month":[{"date":"31/01/2026","date_ts":1769817600000,"profit_abs":-179.07356257,"wins":3,"draws":0,"losses":15,"trades":18,"profit_factor":0.10909703},{"date":"28/02/2026","date_ts":1772236800000,"profit_abs":-53.33412951,"wins":14,"draws":0,"losses":12,"trades":26,"profit_factor":0.52715483}],"year":[{"date":"31/12/2026","date_ts":1798675200000,"profit_abs":-232.40769208,"wins":17,"draws":0,"losses":27,"trades":44,"profit_factor":0.25936784}],"weekday":[{"date":"Monday","date_ts":0,"profit_abs":2.16102968,"wins":5,"draws":0,"losses":4,"trades":9,"profit_factor":1.10684712},{"date":"Wednesday","date_ts":2,"profit_abs":-9.14224893,"wins":2,"draws":0,"losses":5,"trades":7,"profit_factor":0.64615643},{"date":"Thursday","date_ts":3,"profit_abs":-63.27232627,"wins":0,"draws":0,"losses":4,"trades":4,"profit_factor":0.0},{"date":"Friday","date_ts":4,"profit_abs":-26.51689189,"wins":6,"draws":0,"losses":4,"trades":10,"profit_factor":0.44230942},{"date":"Saturday","date_ts":5,"profit_abs":-118.75324103,"wins":1,"draws":0,"losses":8,"trades":9,"profit_factor":0.05574091},{"date":"Sunday","date_ts":6,"profit_abs":-16.88401364,"wins":3,"draws":0,"losses":2,"trades":5,"profit_factor":0.45798674}]},"backtest_best_day":0.053164915468715795,"backtest_worst_day":-0.42273499238474876,"backtest_best_day_abs":13.37604451,"backtest_worst_day_abs":-125.7634084,"winning_days":11,"draw_days":10,"losing_days":10,"daily_profit":[["2026-01-21",9.68902872],["2026-01-22",0.0],["2026-01-23",3.40789373],["2026-01-24",0.0],["2026-01-25",-17.63447072],["2026-01-26",3.25108004],["2026-01-27",0.0],["2026-01-28",0.0],["2026-01-29",-34.88555514],["2026-01-30",-17.1381308],["2026-01-31",-125.7634084],["2026-02-01",7.18817405],["2026-02-02",-14.85659649],["2026-02-03",0.0],["2026-02-04",-14.20375436],["2026-02-05",-28.38677113],["2026-02-06",-23.4870072],["2026-02-07",7.01016737],["2026-02-08",7.07836706],["2026-02-09",13.37604451],["2026-02-10",0.0],["2026-02-11",-9.27545906],["2026-02-12",0.0],["2026-02-13",8.98967084],["2026-02-14",0.0],["2026-02-15",-13.51608403],["2026-02-16",0.39050162],["2026-02-17",0.0],["2026-02-18",4.64793577],["2026-02-19",0.0],["2026-02-20",1.71068154]],"wins":17,"losses":27,"draws":0,"winrate":0.38636363636363635,"holding_avg":"18:45:00","holding_avg_s":67500.0,"winner_holding_min":"0d 00:00","winner_holding_min_s":0.0,"winner_holding_max":"1d 04:00","winner_holding_max_s":100800.0,"winner_holding_avg":"0d 14:02","winner_holding_avg_s":50520.0,"loser_holding_min":"0d 01:00","loser_holding_min_s":3600.0,"loser_holding_max":"3d 01:45","loser_holding_max_s":265500.0,"loser_holding_avg":"0d 21:43","loser_holding_avg_s":78180.0,"max_consecutive_wins":6,"max_consecutive_losses":11,"max_drawdown_account":0.26586709741317305,"max_relative_drawdown":0.26586709741317305,"max_drawdown_abs":269.34913817,"drawdown_start":"2026-01-23 19:30:00","drawdown_start_ts":1769196600000.0,"drawdown_end":"2026-02-06 00:00:00","drawdown_end_ts":1770336000000.0,"drawdown_duration":"13 days 04:30:00","drawdown_duration_s":1139400.0,"max_drawdown_low":-256.25221572,"max_drawdown_high":13.09692245,"csum_min":743.74778428,"csum_max":1013.09692245}},"strategy_comparison":[{"key":"RSIReversalStrategy","trades":44,"profit_mean":-0.017650975341917882,"profit_mean_pct":-1.77,"profit_total_abs":-232.40769208,"profit_total":-0.23240769208,"profit_total_pct":-23.24,"duration_avg":"18:45:00","wins":17,"draws":0,"losses":27,"winrate":0.38636363636363635,"cagr":-0.9555874595094606,"expectancy":-5.281993001818183,"expectancy_ratio":-0.45447882256779704,"sortino":-23.67866345458038,"sharpe":-15.104449724189863,"calmar":-53.872935690333456,"sqn":-3.6526,"profit_factor":0.2593678447043307,"max_drawdown_account":0.26586709741317305,"max_drawdown_abs":"269.349"}]}