{"strategy":{"SupertrendStrategyV3C":{"trades":[{"pair":"DOGE/USDT","stake_amount":329.99999989,"max_stake_amount":329.99999989,"amount":2629.691608,"open_date":"2026-01-21 14:45:00+00:00","close_date":"2026-01-21 16:45:00+00:00","open_rate":0.12549,"close_rate":0.1213,"fee_open":0.0015,"fee_close":0.0015,"trade_duration":120,"profit_ratio":-0.03628460410618278,"profit_abs":-11.99188023,"exit_reason":"exit_signal","initial_stop_loss_abs":0.11546,"initial_stop_loss_ratio":-0.08,"stop_loss_abs":0.11546,"stop_loss_ratio":-0.08,"min_rate":0.12039,"max_rate":0.12663,"is_open":false,"enter_tag":"","leverage":1.0,"is_short":false,"open_timestamp":1769006700000,"close_timestamp":1769013900000,"orders":[{"amount":2629.691608,"safe_price":0.12549,"ft_order_side":"buy","order_filled_timestamp":1769006700000,"ft_is_entry":true,"ft_order_tag":"","cost":330.49499988775193},{"amount":2629.691608,"safe_price":0.1213,"ft_order_side":"sell","order_filled_timestamp":1769013900000,"ft_is_entry":false,"ft_order_tag":"exit_signal","cost":319.4600644384756}],"funding_fees":0.0,"weekday":2},{"pair":"SOL/USDT","stake_amount":326.0426712,"max_stake_amount":326.0426712,"amount":2.593816,"open_date":"2026-01-27 16:30:00+00:00","close_date":"2026-01-29 14:45:00+00:00","open_rate":125.7,"close_rate":121.27,"fee_open":0.0015,"fee_close":0.0015,"trade_duration":2775,"profit_ratio":-0.038132578391237175,"profit_abs":-12.45149699,"exit_reason":"exit_signal","initial_stop_loss_abs":115.644,"initial_stop_loss_ratio":-0.08,"stop_loss_abs":115.644,"stop_loss_ratio":-0.08,"min_rate":120.37,"max_rate":128.33,"is_open":false,"enter_tag":"","leverage":1.0,"is_short":false,"open_timestamp":1769531400000,"close_timestamp":1769697900000,"orders":[{"amount":2.593816,"safe_price":125.7,"ft_order_side":"buy","order_filled_timestamp":1769531400000,"ft_is_entry":true,"ft_order_tag":"","cost":326.53173520679996},{"amount":2.593816,"safe_price":121.27,"ft_order_side":"sell","order_filled_timestamp":1769697900000,"ft_is_entry":false,"ft_order_tag":"exit_signal","cost":315.02389441948003}],"funding_fees":0.0,"weekday":3},{"pair":"ETH/USDT","stake_amount":326.04195,"max_stake_amount":326.04195,"amount":0.10964,"open_date":"2026-01-27 16:15:00+00:00","close_date":"2026-01-29 15:00:00+00:00","open_rate":2973.75,"close_rate":2876.6,"fee_open":0.0015,"fee_close":0.0015,"trade_duration":2805,"profit_ratio":-0.03556683469654844,"profit_abs":-11.61367456,"exit_reason":"exit_signal","initial_stop_loss_abs":2735.85,"initial_stop_loss_ratio":-0.08,"stop_loss_abs":2735.85,"stop_loss_ratio":-0.08,"min_rate":2812.54,"max_rate":3046.0,"is_open":false,"enter_tag":"","leverage":1.0,"is_short":false,"open_timestamp":1769530500000,"close_timestamp":1769698800000,"orders":[{"amount":0.10964,"safe_price":2973.75,"ft_order_side":"buy","order_filled_timestamp":1769530500000,"ft_is_entry":true,"ft_order_tag":"","cost":326.531012925},{"amount":0.10964,"safe_price":2876.6,"ft_order_side":"sell","order_filled_timestamp":1769698800000,"ft_is_entry":false,"ft_order_tag":"exit_signal","cost":315.863509636}],"funding_fees":0.0,"weekday":3},{"pair":"DOGE/USDT","stake_amount":326.04267951,"max_stake_amount":326.04267951,"amount":2614.40686,"open_date":"2026-01-27 16:30:00+00:00","close_date":"2026-01-29 15:00:00+00:00","open_rate":0.12471,"close_rate":0.11877,"fee_open":0.0015,"fee_close":0.0015,"trade_duration":2790,"profit_ratio":-0.05048333200870644,"profit_abs":-16.48441042,"exit_reason":"exit_signal","initial_stop_loss_abs":0.11474,"initial_stop_loss_ratio":-0.08,"stop_loss_abs":0.11474,"stop_loss_ratio":-0.08,"min_rate":0.11577,"max_rate":0.1277,"is_open":false,"enter_tag":"","leverage":1.0,"is_short":false,"open_timestamp":1769531400000,"close_timestamp":1769698800000,"orders":[{"amount":2614.40686,"safe_price":0.12471,"ft_order_side":"buy","order_filled_timestamp":1769531400000,"ft_is_entry":true,"ft_order_tag":"","cost":326.53174352986593},{"amount":2614.40686,"safe_price":0.11877,"ft_order_side":"sell","order_filled_timestamp":1769698800000,"ft_is_entry":false,"ft_order_tag":"exit_signal","cost":310.97887241634334}],"funding_fees":0.0,"weekday":3},{"pair":"DOGE/USDT","stake_amount":312.66131744,"max_stake_amount":312.66131744,"amount":3397.384738,"open_date":"2026-02-11 14:15:00+00:00","close_date":"2026-02-14 14:30:00+00:00","open_rate":0.09203,"close_rate":0.10152332999499249,"fee_open":0.0015,"fee_close":0.0015,"trade_duration":4335,"profit_ratio":0.09985022465082526,"profit_abs":31.26613174,"exit_reason":"roi","initial_stop_loss_abs":0.08467,"initial_stop_loss_ratio":-0.08,"stop_loss_abs":0.09939,"stop_loss_ratio":-0.025,"min_rate":0.08788,"max_rate":0.10193,"is_open":false,"enter_tag":"","leverage":1.0,"is_short":false,"open_timestamp":1770819300000,"close_timestamp":1771079400000,"orders":[{"amount":3397.384738,"safe_price":0.09203,"ft_order_side":"buy","order_filled_timestamp":1770819300000,"ft_is_entry":true,"ft_order_tag":"","cost":313.13030941429724},{"amount":3397.384738,"safe_price":0.10152332999499249,"ft_order_side":"sell","order_filled_timestamp":1771079400000,"ft_is_entry":false,"ft_order_tag":"roi","cost":345.431182593739}],"funding_fees":0.0,"weekday":5},{"pair":"DOGE/USDT","stake_amount":322.9791409,"max_stake_amount":322.9791409,"amount":3134.502532,"open_date":"2026-02-14 16:30:00+00:00","close_date":"2026-02-14 23:15:00+00:00","open_rate":0.10304,"close_rate":0.11078,"fee_open":0.0015,"fee_close":0.0015,"trade_duration":405,"profit_ratio":0.0718959410245196,"profit_abs":23.2557206,"exit_reason":"trailing_stop_loss","initial_stop_loss_abs":0.0948,"initial_stop_loss_ratio":-0.08,"stop_loss_abs":0.11078,"stop_loss_ratio":-0.025,"min_rate":0.10247,"max_rate":0.11362,"is_open":false,"enter_tag":"","leverage":1.0,"is_short":false,"open_timestamp":1771086600000,"close_timestamp":1771110900000,"orders":[{"amount":3134.502532,"safe_price":0.10304,"ft_order_side":"buy","order_filled_timestamp":1771086600000,"ft_is_entry":true,"ft_order_tag":"","cost":323.4636096086259},{"amount":3134.502532,"safe_price":0.11078,"ft_order_side":"sell","order_filled_timestamp":1771110900000,"ft_is_entry":false,"ft_order_tag":"trailing_stop_loss","cost":347.7610507807025}],"funding_fees":0.0,"weekday":5},{"pair":"ETH/USDT","stake_amount":312.66099105,"max_stake_amount":312.66099105,"amount":0.157305,"open_date":"2026-02-11 14:30:00+00:00","close_date":"2026-02-15 01:30:00+00:00","open_rate":1987.61,"close_rate":2055.25125,"fee_open":0.0015,"fee_close":0.0015,"trade_duration":4980,"profit_ratio":0.030934001661334323,"profit_abs":9.6863634,"exit_reason":"trailing_stop_loss","initial_stop_loss_abs":1828.6012,"initial_stop_loss_ratio":-0.08,"stop_loss_abs":2055.25125,"stop_loss_ratio":-0.025,"min_rate":1896.4,"max_rate":2107.95,"is_open":false,"enter_tag":"","leverage":1.0,"is_short":false,"open_timestamp":1770820200000,"close_timestamp":1771119000000,"orders":[{"amount":0.157305,"safe_price":1987.61,"ft_order_side":"buy","order_filled_timestamp":1770820200000,"ft_is_entry":true,"ft_order_tag":"","cost":313.129982536575},{"amount":0.157305,"safe_price":2055.25125,"ft_order_side":"sell","order_filled_timestamp":1771119000000,"ft_is_entry":false,"ft_order_tag":"trailing_stop_loss","cost":323.78624982807185}],"funding_fees":0.0,"weekday":6},{"pair":"DOGE/USDT","stake_amount":330.65352874,"max_stake_amount":330.65352874,"amount":2987.203259,"open_date":"2026-02-14 23:30:00+00:00","close_date":"2026-02-15 04:00:00+00:00","open_rate":0.11069,"close_rate":0.11465,"fee_open":0.0015,"fee_close":0.0015,"trade_duration":270,"profit_ratio":0.03267291671859435,"profit_abs":10.81962033,"exit_reason":"trailing_stop_loss","initial_stop_loss_abs":0.10184,"initial_stop_loss_ratio":-0.08,"stop_loss_abs":0.11465,"stop_loss_ratio":-0.025,"min_rate":0.11049,"max_rate":0.11758,"is_open":false,"enter_tag":"","leverage":1.0,"is_short":false,"open_timestamp":1771111800000,"close_timestamp":1771128000000,"orders":[{"amount":2987.203259,"safe_price":0.11069,"ft_order_side":"buy","order_filled_timestamp":1771111800000,"ft_is_entry":true,"ft_order_tag":"","cost":331.149509031818},{"amount":2987.203259,"safe_price":0.11465,"ft_order_side":"sell","order_filled_timestamp":1771128000000,"ft_is_entry":false,"ft_order_tag":"trailing_stop_loss","cost":342.9965779248165}],"funding_fees":0.0,"weekday":6},{"pair":"BTC/USDT","stake_amount":312.66064994,"max_stake_amount":312.66064994,"amount":0.00459766,"open_date":"2026-02-11 14:30:00+00:00","close_date":"2026-02-15 13:00:00+00:00","open_rate":68004.3,"close_rate":69311.9,"fee_open":0.0015,"fee_close":0.0015,"trade_duration":5670,"profit_ratio":0.01617509094710308,"profit_abs":5.06490042,"exit_reason":"exit_signal","initial_stop_loss_abs":62563.956000000006,"initial_stop_loss_ratio":-0.08,"stop_loss_abs":69194.97,"stop_loss_ratio":-0.025,"min_rate":65120.1,"max_rate":70969.2,"is_open":false,"enter_tag":"","leverage":1.0,"is_short":false,"open_timestamp":1770820200000,"close_timestamp":1771160400000,"orders":[{"amount":0.00459766,"safe_price":68004.3,"ft_order_side":"buy","order_filled_timestamp":1770820200000,"ft_is_entry":true,"ft_order_tag":"","cost":313.129640912907},{"amount":0.00459766,"safe_price":69311.9,"ft_order_side":"sell","order_filled_timestamp":1771160400000,"ft_is_entry":false,"ft_order_tag":"exit_signal","cost":319.150558979231}],"funding_fees":0.0,"weekday":6},{"pair":"DOGE/USDT","stake_amount":337.42050331,"max_stake_amount":337.42050331,"amount":2946.903959,"open_date":"2026-02-15 04:30:00+00:00","close_date":"2026-02-15 17:45:00+00:00","open_rate":0.1145,"close_rate":0.10534,"fee_open":0.0015,"fee_close":0.0015,"trade_duration":795,"profit_ratio":-0.08275586618898091,"profit_abs":-27.96541131,"exit_reason":"stop_loss","initial_stop_loss_abs":0.10534,"initial_stop_loss_ratio":-0.08,"stop_loss_abs":0.10534,"stop_loss_ratio":-0.08,"min_rate":0.10318,"max_rate":0.1169,"is_open":false,"enter_tag":"","leverage":1.0,"is_short":false,"open_timestamp":1771129800000,"close_timestamp":1771177500000,"orders":[{"amount":2946.903959,"safe_price":0.1145,"ft_order_side":"buy","order_filled_timestamp":1771129800000,"ft_is_entry":true,"ft_order_tag":"","cost":337.92663406045835},{"amount":2946.903959,"safe_price":0.10534,"ft_order_side":"sell","order_filled_timestamp":1771177500000,"ft_is_entry":false,"ft_order_tag":"stop_loss","cost":310.8925033356216}],"funding_fees":0.0,"weekday":6},{"pair":"BTC/USDT","stake_amount":329.86302888,"max_stake_amount":329.86302888,"amount":0.0047352,"open_date":"2026-02-16 13:15:00+00:00","close_date":"2026-02-16 13:30:00+00:00","open_rate":69661.9,"close_rate":68622.5,"fee_open":0.0015,"fee_close":0.0015,"trade_duration":15,"profit_ratio":-0.01787144998965155,"profit_abs":-5.90397332,"exit_reason":"exit_signal","initial_stop_loss_abs":64088.948,"initial_stop_loss_ratio":-0.08,"stop_loss_abs":64088.948,"stop_loss_ratio":-0.08,"min_rate":68272.8,"max_rate":69759.5,"is_open":false,"enter_tag":"","leverage":1.0,"is_short":false,"open_timestamp":1771247700000,"close_timestamp":1771248600000,"orders":[{"amount":0.0047352,"safe_price":69661.9,"ft_order_side":"buy","order_filled_timestamp":1771247700000,"ft_is_entry":true,"ft_order_tag":"","cost":330.35782342332004},{"amount":0.0047352,"safe_price":68622.5,"ft_order_side":"sell","order_filled_timestamp":1771248600000,"ft_is_entry":false,"ft_order_tag":"exit_signal","cost":325.428673893}],"funding_fees":0.0,"weekday":0},{"pair":"DOGE/USDT","stake_amount":327.91502355,"max_stake_amount":327.91502355,"amount":3217.060959,"open_date":"2026-02-17 16:30:00+00:00","close_date":"2026-02-19 05:30:00+00:00","open_rate":0.10193,"close_rate":0.09725,"fee_open":0.0015,"fee_close":0.0015,"trade_duration":2220,"profit_ratio":-0.04877183390751956,"profit_abs":-16.01700659,"exit_reason":"exit_signal","initial_stop_loss_abs":0.09378,"initial_stop_loss_ratio":-0.08,"stop_loss_abs":0.09378,"stop_loss_ratio":-0.08,"min_rate":0.0968,"max_rate":0.10339,"is_open":false,"enter_tag":"","leverage":1.0,"is_short":false,"open_timestamp":1771345800000,"close_timestamp":1771479000000,"orders":[{"amount":3217.060959,"safe_price":0.10193,"ft_order_side":"buy","order_filled_timestamp":1771345800000,"ft_is_entry":true,"ft_order_tag":"","cost":328.4068960861963},{"amount":3217.060959,"safe_price":0.09725,"ft_order_side":"sell","order_filled_timestamp":1771479000000,"ft_is_entry":false,"ft_order_tag":"exit_signal","cost":313.3284670301441}],"funding_fees":0.0,"weekday":3}],"locks":[],"best_pair":{"key":"BTC/USDT","trades":2,"profit_mean":-0.0008481795212742348,"profit_mean_pct":-0.08,"profit_total_abs":-0.8390729000000006,"profit_total":-0.0008390729000000006,"profit_total_pct":-0.08,"duration_avg":"1 day, 23:22:00","wins":1,"draws":0,"losses":1,"winrate":0.5,"cagr":-0.009834872014058749,"expectancy":-0.4195364500000003,"expectancy_ratio":-0.071060017933821,"sortino":-100,"sharpe":-0.09428712452816976,"calmar":-8.803069960537483,"sqn":-0.0765,"profit_factor":0.8578799641323581,"max_drawdown_account":0.005874220975712916,"max_drawdown_abs":5.90397332},"worst_pair":{"key":"SOL/USDT","trades":1,"profit_mean":-0.038132578391237175,"profit_mean_pct":-3.81,"profit_total_abs":-12.45149699,"profit_total":-0.012451496990000002,"profit_total_pct":-1.25,"duration_avg":"1 day, 22:15:00","wins":0,"draws":0,"losses":1,"winrate":0.0,"cagr":-0.1371606151325253,"expectancy":-12.45149699,"expectancy_ratio":-1.0,"sortino":-100,"sharpe":-100,"calmar":-61.628945724331565,"sqn":-100.0,"profit_factor":0.0,"max_drawdown_account":0.01245149699000001,"max_drawdown_abs":12.45149699},"results_per_pair":[{"key":"BTC/USDT","trades":2,"profit_mean":-0.0008481795212742348,"profit_mean_pct":-0.08,"profit_total_abs":-0.8390729000000006,"profit_total":-0.0008390729000000006,"profit_total_pct":-0.08,"duration_avg":"1 day, 23:22:00","wins":1,"draws":0,"losses":1,"winrate":0.5,"cagr":-0.009834872014058749,"expectancy":-0.4195364500000003,"expectancy_ratio":-0.071060017933821,"sortino":-100,"sharpe":-0.09428712452816976,"calmar":-8.803069960537483,"sqn":-0.0765,"profit_factor":0.8578799641323581,"max_drawdown_account":0.005874220975712916,"max_drawdown_abs":5.90397332},{"key":"ETH/USDT","trades":2,"profit_mean":-0.0023164165176070596,"profit_mean_pct":-0.23,"profit_total_abs":-1.9273111600000004,"profit_total":-0.0019273111600000004,"profit_total_pct":-0.19,"duration_avg":"2 days, 16:52:00","wins":1,"draws":0,"losses":1,"winrate":0.5,"cagr":-0.02245840006652,"expectancy":-0.9636555800000002,"expectancy_ratio":-0.08297594142331466,"sortino":-100,"sharpe":-0.11152858515707416,"calmar":-10.227439580805516,"sqn":-0.0905,"profit_factor":0.8340481171533706,"max_drawdown_account":0.011613674560000049,"max_drawdown_abs":11.61367456},{"key":"DOGE/USDT","trades":7,"profit_mean":-0.0019823648310643566,"profit_mean_pct":-0.2,"profit_total_abs":-7.117235880000003,"profit_total":-0.007117235880000003,"profit_total_pct":-0.71,"duration_avg":"1 day, 2:02:00","wins":3,"draws":0,"losses":4,"winrate":0.42857142857142855,"cagr":-0.08066008164281202,"expectancy":-1.0167479828571455,"expectancy_ratio":-0.056128407651954815,"sortino":-0.7372582189151331,"sharpe":-0.20902692937161801,"calmar":-10.340446412073335,"sqn":-0.1187,"profit_factor":0.9017752866090792,"max_drawdown_account":0.04241864676593181,"max_drawdown_abs":43.9824179},{"key":"SOL/USDT","trades":1,"profit_mean":-0.038132578391237175,"profit_mean_pct":-3.81,"profit_total_abs":-12.45149699,"profit_total":-0.012451496990000002,"profit_total_pct":-1.25,"duration_avg":"1 day, 22:15:00","wins":0,"draws":0,"losses":1,"winrate":0.0,"cagr":-0.1371606151325253,"expectancy":-12.45149699,"expectancy_ratio":-1.0,"sortino":-100,"sharpe":-100,"calmar":-61.628945724331565,"sqn":-100.0,"profit_factor":0.0,"max_drawdown_account":0.01245149699000001,"max_drawdown_abs":12.45149699},{"key":"TOTAL","trades":12,"profit_mean":-0.0048615270238708585,"profit_mean_pct":-0.49,"profit_total_abs":-22.335116930000005,"profit_total":-0.022335116930000006,"profit_total_pct":-2.23,"duration_avg":"1 day, 13:45:00","wins":5,"draws":0,"losses":7,"winrate":0.4166666666666667,"cagr":-0.23352966791101337,"expectancy":-1.8612597441666647,"expectancy_ratio":-0.12719995366633985,"sortino":-2.1758654398035255,"sharpe":-0.8068784833930003,"calmar":-26.198161440310496,"sqn":-0.3619,"profit_factor":0.7819429365719887,"max_drawdown_account":0.05254146219999996,"max_drawdown_abs":52.5414622}],"results_per_enter_tag":[{"key":"","trades":12,"profit_mean":-0.0048615270238708585,"profit_mean_pct":-0.49,"profit_total_abs":-22.335116930000005,"profit_total":-0.022335116930000006,"profit_total_pct":-2.23,"duration_avg":"1 day, 13:45:00","wins":5,"draws":0,"losses":7,"winrate":0.4166666666666667,"cagr":-0.23352966791101337,"expectancy":-1.8612597441666647,"expectancy_ratio":-0.12719995366633985,"sortino":-2.1758654398035255,"sharpe":-0.8068784833930003,"calmar":-26.198161440310496,"sqn":-0.3619,"profit_factor":0.7819429365719887,"max_drawdown_account":0.05254146219999996,"max_drawdown_abs":52.5414622},{"key":"TOTAL","trades":12,"profit_mean":-0.0048615270238708585,"profit_mean_pct":-0.49,"profit_total_abs":-22.335116930000005,"profit_total":-0.022335116930000006,"profit_total_pct":-2.23,"duration_avg":"1 day, 13:45:00","wins":5,"draws":0,"losses":7,"winrate":0.4166666666666667,"cagr":-0.23352966791101337,"expectancy":-1.8612597441666647,"expectancy_ratio":-0.12719995366633985,"sortino":-2.1758654398035255,"sharpe":-0.8068784833930003,"calmar":-26.198161440310496,"sqn":-0.3619,"profit_factor":0.7819429365719887,"max_drawdown_account":0.05254146219999996,"max_drawdown_abs":52.5414622}],"exit_reason_summary":[{"key":"trailing_stop_loss","trades":3,"profit_mean":0.04516761980148276,"profit_mean_pct":4.52,"profit_total_abs":43.76170433,"profit_total":0.04376170433,"profit_total_pct":4.38,"duration_avg":"1 day, 7:25:00","wins":3,"draws":0,"losses":0,"winrate":1.0,"cagr":0.6558309483999558,"expectancy":14.587234776666667,"expectancy_ratio":100.0,"sortino":-100,"sharpe":4.387500058383464,"calmar":-100,"sqn":3.356,"profit_factor":0.0,"max_drawdown_account":0.0,"max_drawdown_abs":0.0},{"key":"roi","trades":1,"profit_mean":0.09985022465082526,"profit_mean_pct":9.99,"profit_total_abs":31.26613174,"profit_total":0.03126613174,"profit_total_pct":3.13,"duration_avg":"3 days, 0:15:00","wins":1,"draws":0,"losses":0,"winrate":1.0,"cagr":0.43691096470789303,"expectancy":31.26613174,"expectancy_ratio":100.0,"sortino":-100,"sharpe":-100,"calmar":-100,"sqn":-100.0,"profit_factor":0.0,"max_drawdown_account":0.0,"max_drawdown_abs":0.0},{"key":"stop_loss","trades":1,"profit_mean":-0.08275586618898091,"profit_mean_pct":-8.28,"profit_total_abs":-27.96541131,"profit_total":-0.02796541131,"profit_total_pct":-2.8,"duration_avg":"13:15:00","wins":0,"draws":0,"losses":1,"winrate":0.0,"cagr":-0.2839189582466244,"expectancy":-27.96541131,"expectancy_ratio":-1.0,"sortino":-100,"sharpe":-100,"calmar":-61.62894572433154,"sqn":-100.0,"profit_factor":0.0,"max_drawdown_account":0.027965411310000035,"max_drawdown_abs":27.96541131},{"key":"exit_signal","trades":7,"profit_mean":-0.030133648878963273,"profit_mean_pct":-3.01,"profit_total_abs":-69.39754169,"profit_total":-0.06939754169,"profit_total_pct":-6.94,"duration_avg":"1 day, 15:02:00","wins":1,"draws":0,"losses":6,"winrate":0.14285714285714285,"cagr":-0.571230789506304,"expectancy":-9.913934527142857,"expectancy_ratio":-0.7988404016481853,"sortino":-12.282501306084574,"sharpe":-6.186901631247059,"calmar":-61.62894572433159,"sqn":-3.5129,"profit_factor":0.06801953141045054,"max_drawdown_account":0.06939754169000002,"max_drawdown_abs":69.39754169},{"key":"TOTAL","trades":12,"profit_mean":-0.0048615270238708585,"profit_mean_pct":-0.49,"profit_total_abs":-22.335116930000005,"profit_total":-0.022335116930000006,"profit_total_pct":-2.23,"duration_avg":"1 day, 13:45:00","wins":5,"draws":0,"losses":7,"winrate":0.4166666666666667,"cagr":-0.23352966791101337,"expectancy":-1.8612597441666647,"expectancy_ratio":-0.12719995366633985,"sortino":-2.1758654398035255,"sharpe":-0.8068784833930003,"calmar":-26.198161440310496,"sqn":-0.3619,"profit_factor":0.7819429365719887,"max_drawdown_account":0.05254146219999996,"max_drawdown_abs":52.5414622}],"mix_tag_stats":[{"key":["","trailing_stop_loss"],"trades":3,"profit_mean":0.04516761980148276,"profit_mean_pct":4.52,"profit_total_abs":43.76170433,"profit_total":0.04376170433,"profit_total_pct":4.38,"duration_avg":"1 day, 7:25:00","wins":3,"draws":0,"losses":0,"winrate":1.0,"cagr":0.6558309483999558,"expectancy":14.587234776666667,"expectancy_ratio":100.0,"sortino":-100,"sharpe":4.387500058383464,"calmar":-100,"sqn":3.356,"profit_factor":0.0,"max_drawdown_account":0.0,"max_drawdown_abs":0.0},{"key":["","roi"],"trades":1,"profit_mean":0.09985022465082526,"profit_mean_pct":9.99,"profit_total_abs":31.26613174,"profit_total":0.03126613174,"profit_total_pct":3.13,"duration_avg":"3 days, 0:15:00","wins":1,"draws":0,"losses":0,"winrate":1.0,"cagr":0.43691096470789303,"expectancy":31.26613174,"expectancy_ratio":100.0,"sortino":-100,"sharpe":-100,"calmar":-100,"sqn":-100.0,"profit_factor":0.0,"max_drawdown_account":0.0,"max_drawdown_abs":0.0},{"key":["","stop_loss"],"trades":1,"profit_mean":-0.08275586618898091,"profit_mean_pct":-8.28,"profit_total_abs":-27.96541131,"profit_total":-0.02796541131,"profit_total_pct":-2.8,"duration_avg":"13:15:00","wins":0,"draws":0,"losses":1,"winrate":0.0,"cagr":-0.2839189582466244,"expectancy":-27.96541131,"expectancy_ratio":-1.0,"sortino":-100,"sharpe":-100,"calmar":-61.62894572433154,"sqn":-100.0,"profit_factor":0.0,"max_drawdown_account":0.027965411310000035,"max_drawdown_abs":27.96541131},{"key":["","exit_signal"],"trades":7,"profit_mean":-0.030133648878963273,"profit_mean_pct":-3.01,"profit_total_abs":-69.39754169,"profit_total":-0.06939754169,"profit_total_pct":-6.94,"duration_avg":"1 day, 15:02:00","wins":1,"draws":0,"losses":6,"winrate":0.14285714285714285,"cagr":-0.571230789506304,"expectancy":-9.913934527142857,"expectancy_ratio":-0.7988404016481853,"sortino":-12.282501306084574,"sharpe":-6.186901631247059,"calmar":-61.62894572433159,"sqn":-3.5129,"profit_factor":0.06801953141045054,"max_drawdown_account":0.06939754169000002,"max_drawdown_abs":69.39754169},{"key":"TOTAL","trades":12,"profit_mean":-0.0048615270238708585,"profit_mean_pct":-0.49,"profit_total_abs":-22.335116930000005,"profit_total":-0.022335116930000006,"profit_total_pct":-2.23,"duration_avg":"1 day, 13:45:00","wins":5,"draws":0,"losses":7,"winrate":0.4166666666666667,"cagr":-0.23352966791101337,"expectancy":-1.8612597441666647,"expectancy_ratio":-0.12719995366633985,"sortino":-2.1758654398035255,"sharpe":-0.8068784833930003,"calmar":-26.198161440310496,"sqn":-0.3619,"profit_factor":0.7819429365719887,"max_drawdown_account":0.05254146219999996,"max_drawdown_abs":52.5414622}],"left_open_trades":[{"key":"TOTAL","trades":0,"profit_mean":0.0,"profit_mean_pct":0.0,"profit_total_abs":0.0,"profit_total":0.0,"profit_total_pct":0.0,"duration_avg":"0:00","wins":0,"draws":0,"losses":0,"winrate":0.0,"cagr":0.0,"expectancy":0.0,"expectancy_ratio":100.0,"sortino":0,"sharpe":0,"calmar":0,"sqn":0.0,"profit_factor":0.0,"max_drawdown_account":0.0,"max_drawdown_abs":0.0}],"total_trades":12,"trade_count_long":12,"trade_count_short":0,"total_volume":7790.885501899242,"avg_stake_amount":324.5784570341667,"profit_mean":-0.0048615270238708585,"profit_median":-0.026719142343099994,"profit_total":-0.022335116930000006,"profit_total_long":-0.022335116930000006,"profit_total_short":0.0,"profit_total_abs":-22.335116930000005,"profit_total_long_abs":-22.335116930000005,"profit_total_short_abs":0.0,"cagr":-0.23352966791101337,"expectancy":-1.8612597441666647,"expectancy_ratio":-0.12719995366633985,"sortino":-2.1758654398035255,"sharpe":-0.8068784833930003,"calmar":-26.198161440310496,"sqn":-0.3619,"profit_factor":0.7819429365719887,"backtest_start":"2026-01-20 00:00:00","backtest_start_ts":1768867200000,"backtest_end":"2026-02-20 00:00:00","backtest_end_ts":1771545600000,"backtest_days":31,"backtest_run_start_ts":1771566335,"backtest_run_end_ts":1771566336,"trades_per_day":0.39,"market_change":-0.3195652300127002,"pairlist":["BTC/USDT","ETH/USDT","SOL/USDT","DOGE/USDT"],"stake_amount":"unlimited","stake_currency":"USDT","stake_currency_decimals":3,"starting_balance":1000,"dry_run_wallet":1000,"final_balance":977.66488307,"rejected_signals":0,"timedout_entry_orders":0,"timedout_exit_orders":0,"canceled_trade_entries":0,"canceled_entry_orders":0,"replaced_entry_orders":0,"max_open_trades":3,"max_open_trades_setting":3,"timeframe":"15m","timeframe_detail":"","timerange":"20260120-20260220","enable_protections":false,"strategy_name":"SupertrendStrategyV3C","freqaimodel":null,"freqai_identifier":null,"stoploss":-0.08,"trailing_stop":true,"trailing_stop_positive":0.025,"trailing_stop_positive_offset":0.035,"trailing_only_offset_is_reached":true,"use_custom_stoploss":false,"minimal_roi":{"0":0.1},"use_exit_signal":true,"exit_profit_only":false,"exit_profit_offset":0.0,"ignore_roi_if_entry_signal":false,"trading_mode":"spot","margin_mode":"","periodic_breakdown":{"day":[{"date":"21/01/2026","date_ts":1768953600000,"profit_abs":-11.99188023,"wins":0,"draws":0,"losses":1,"trades":1,"profit_factor":0.0},{"date":"22/01/2026","date_ts":1769040000000,"profit_abs":0.0,"wins":0,"draws":0,"losses":0,"trades":0,"profit_factor":0.0},{"date":"23/01/2026","date_ts":1769126400000,"profit_abs":0.0,"wins":0,"draws":0,"losses":0,"trades":0,"profit_factor":0.0},{"date":"24/01/2026","date_ts":1769212800000,"profit_abs":0.0,"wins":0,"draws":0,"losses":0,"trades":0,"profit_factor":0.0},{"date":"25/01/2026","date_ts":1769299200000,"profit_abs":0.0,"wins":0,"draws":0,"losses":0,"trades":0,"profit_factor":0.0},{"date":"26/01/2026","date_ts":1769385600000,"profit_abs":0.0,"wins":0,"draws":0,"losses":0,"trades":0,"profit_factor":0.0},{"date":"27/01/2026","date_ts":1769472000000,"profit_abs":0.0,"wins":0,"draws":0,"losses":0,"trades":0,"profit_factor":0.0},{"date":"28/01/2026","date_ts":1769558400000,"profit_abs":0.0,"wins":0,"draws":0,"losses":0,"trades":0,"profit_factor":0.0},{"date":"29/01/2026","date_ts":1769644800000,"profit_abs":-40.54958197,"wins":0,"draws":0,"losses":3,"trades":3,"profit_factor":0.0},{"date":"30/01/2026","date_ts":1769731200000,"profit_abs":0.0,"wins":0,"draws":0,"losses":0,"trades":0,"profit_factor":0.0},{"date":"31/01/2026","date_ts":1769817600000,"profit_abs":0.0,"wins":0,"draws":0,"losses":0,"trades":0,"profit_factor":0.0},{"date":"01/02/2026","date_ts":1769904000000,"profit_abs":0.0,"wins":0,"draws":0,"losses":0,"trades":0,"profit_factor":0.0},{"date":"02/02/2026","date_ts":1769990400000,"profit_abs":0.0,"wins":0,"draws":0,"losses":0,"trades":0,"profit_factor":0.0},{"date":"03/02/2026","date_ts":1770076800000,"profit_abs":0.0,"wins":0,"draws":0,"losses":0,"trades":0,"profit_factor":0.0},{"date":"04/02/2026","date_ts":1770163200000,"profit_abs":0.0,"wins":0,"draws":0,"losses":0,"trades":0,"profit_factor":0.0},{"date":"05/02/2026","date_ts":1770249600000,"profit_abs":0.0,"wins":0,"draws":0,"losses":0,"trades":0,"profit_factor":0.0},{"date":"06/02/2026","date_ts":1770336000000,"profit_abs":0.0,"wins":0,"draws":0,"losses":0,"trades":0,"profit_factor":0.0},{"date":"07/02/2026","date_ts":1770422400000,"profit_abs":0.0,"wins":0,"draws":0,"losses":0,"trades":0,"profit_factor":0.0},{"date":"08/02/2026","date_ts":1770508800000,"profit_abs":0.0,"wins":0,"draws":0,"losses":0,"trades":0,"profit_factor":0.0},{"date":"09/02/2026","date_ts":1770595200000,"profit_abs":0.0,"wins":0,"draws":0,"losses":0,"trades":0,"profit_factor":0.0},{"date":"10/02/2026","date_ts":1770681600000,"profit_abs":0.0,"wins":0,"draws":0,"losses":0,"trades":0,"profit_factor":0.0},{"date":"11/02/2026","date_ts":1770768000000,"profit_abs":0.0,"wins":0,"draws":0,"losses":0,"trades":0,"profit_factor":0.0},{"date":"12/02/2026","date_ts":1770854400000,"profit_abs":0.0,"wins":0,"draws":0,"losses":0,"trades":0,"profit_factor":0.0},{"date":"13/02/2026","date_ts":1770940800000,"profit_abs":0.0,"wins":0,"draws":0,"losses":0,"trades":0,"profit_factor":0.0},{"date":"14/02/2026","date_ts":1771027200000,"profit_abs":54.52185234,"wins":2,"draws":0,"losses":0,"trades":2,"profit_factor":0.0},{"date":"15/02/2026","date_ts":1771113600000,"profit_abs":-2.39452716,"wins":3,"draws":0,"losses":1,"trades":4,"profit_factor":0.9143754},{"date":"16/02/2026","date_ts":1771200000000,"profit_abs":-5.90397332,"wins":0,"draws":0,"losses":1,"trades":1,"profit_factor":0.0},{"date":"17/02/2026","date_ts":1771286400000,"profit_abs":0.0,"wins":0,"draws":0,"losses":0,"trades":0,"profit_factor":0.0},{"date":"18/02/2026","date_ts":1771372800000,"profit_abs":0.0,"wins":0,"draws":0,"losses":0,"trades":0,"profit_factor":0.0},{"date":"19/02/2026","date_ts":1771459200000,"profit_abs":-16.01700659,"wins":0,"draws":0,"losses":1,"trades":1,"profit_factor":0.0}],"week":[{"date":"26/01/2026","date_ts":1769385600000,"profit_abs":-11.99188023,"wins":0,"draws":0,"losses":1,"trades":1,"profit_factor":0.0},{"date":"02/02/2026","date_ts":1769990400000,"profit_abs":-40.54958197,"wins":0,"draws":0,"losses":3,"trades":3,"profit_factor":0.0},{"date":"09/02/2026","date_ts":1770595200000,"profit_abs":0.0,"wins":0,"draws":0,"losses":0,"trades":0,"profit_factor":0.0},{"date":"16/02/2026","date_ts":1771200000000,"profit_abs":46.22335186,"wins":5,"draws":0,"losses":2,"trades":7,"profit_factor":2.36475322},{"date":"23/02/2026","date_ts":1771804800000,"profit_abs":-16.01700659,"wins":0,"draws":0,"losses":1,"trades":1,"profit_factor":0.0}],"month":[{"date":"31/01/2026","date_ts":1769817600000,"profit_abs":-52.5414622,"wins":0,"draws":0,"losses":4,"trades":4,"profit_factor":0.0},{"date":"28/02/2026","date_ts":1772236800000,"profit_abs":30.20634527,"wins":5,"draws":0,"losses":3,"trades":8,"profit_factor":1.60550271}],"year":[{"date":"31/12/2026","date_ts":1798675200000,"profit_abs":-22.33511693,"wins":5,"draws":0,"losses":7,"trades":12,"profit_factor":0.78194294}],"weekday":[{"date":"Monday","date_ts":0,"profit_abs":-5.90397332,"wins":0,"draws":0,"losses":1,"trades":1,"profit_factor":0.0},{"date":"Wednesday","date_ts":2,"profit_abs":-11.99188023,"wins":0,"draws":0,"losses":1,"trades":1,"profit_factor":0.0},{"date":"Thursday","date_ts":3,"profit_abs":-56.56658856,"wins":0,"draws":0,"losses":4,"trades":4,"profit_factor":0.0},{"date":"Saturday","date_ts":5,"profit_abs":54.52185234,"wins":2,"draws":0,"losses":0,"trades":2,"profit_factor":0.0},{"date":"Sunday","date_ts":6,"profit_abs":-2.39452716,"wins":3,"draws":0,"losses":1,"trades":4,"profit_factor":0.9143754}]},"backtest_best_day":0.17174616567534484,"backtest_worst_day":-0.12418274509649205,"backtest_best_day_abs":54.52185234,"backtest_worst_day_abs":-40.54958197,"winning_days":1,"draw_days":24,"losing_days":5,"daily_profit":[["2026-01-21",-11.99188023],["2026-01-22",0.0],["2026-01-23",0.0],["2026-01-24",0.0],["2026-01-25",0.0],["2026-01-26",0.0],["2026-01-27",0.0],["2026-01-28",0.0],["2026-01-29",-40.54958197],["2026-01-30",0.0],["2026-01-31",0.0],["2026-02-01",0.0],["2026-02-02",0.0],["2026-02-03",0.0],["2026-02-04",0.0],["2026-02-05",0.0],["2026-02-06",0.0],["2026-02-07",0.0],["2026-02-08",0.0],["2026-02-09",0.0],["2026-02-10",0.0],["2026-02-11",0.0],["2026-02-12",0.0],["2026-02-13",0.0],["2026-02-14",54.52185234],["2026-02-15",-2.39452716],["2026-02-16",-5.90397332],["2026-02-17",0.0],["2026-02-18",0.0],["2026-02-19",-16.01700659]],"wins":5,"losses":7,"draws":0,"winrate":0.4166666666666667,"holding_avg":"1 day, 13:45:00","holding_avg_s":135900.0,"winner_holding_min":"0d 04:30","winner_holding_min_s":16200.0,"winner_holding_max":"3d 22:30","winner_holding_max_s":340200.0,"winner_holding_avg":"2d 04:12","winner_holding_avg_s":187920.0,"loser_holding_min":"0d 00:15","loser_holding_min_s":900.0,"loser_holding_max":"1d 22:45","loser_holding_max_s":168300.0,"loser_holding_avg":"1d 03:26","loser_holding_avg_s":98760.0,"max_consecutive_wins":5,"max_consecutive_losses":4,"max_drawdown_account":0.05254146219999996,"max_relative_drawdown":0.05254146219999996,"max_drawdown_abs":52.5414622,"drawdown_start":"2026-01-21 16:45:00","drawdown_start_ts":1769013900000.0,"drawdown_end":"2026-01-29 15:00:00","drawdown_end_ts":1769698800000.0,"drawdown_duration":"7 days 22:15:00","drawdown_duration_s":684900.0,"max_drawdown_low":-52.5414622,"max_drawdown_high":0.0,"csum_min":947.4585378,"csum_max":1027.55127429}},"strategy_comparison":[{"key":"SupertrendStrategyV3C","trades":12,"profit_mean":-0.0048615270238708585,"profit_mean_pct":-0.49,"profit_total_abs":-22.335116930000005,"profit_total":-0.022335116930000006,"profit_total_pct":-2.23,"duration_avg":"1 day, 13:45:00","wins":5,"draws":0,"losses":7,"winrate":0.4166666666666667,"cagr":-0.23352966791101337,"expectancy":-1.8612597441666647,"expectancy_ratio":-0.12719995366633985,"sortino":-2.1758654398035255,"sharpe":-0.8068784833930003,"calmar":-26.198161440310496,"sqn":-0.3619,"profit_factor":0.7819429365719887,"max_drawdown_account":0.05254146219999996,"max_drawdown_abs":"52.541"}]}