{"strategy":{"SupertrendFuturesStrategyV8_2":{"trades":[{"pair":"DOGE/USDT:USDT","stake_amount":99.7956,"max_stake_amount":99.7956,"amount":1520.0,"open_date":"2026-01-02 13:00:00+00:00","close_date":"2026-01-02 14:30:00+00:00","open_rate":0.13131,"close_rate":0.13397,"fee_open":0.0005,"fee_close":0.0005,"trade_duration":90,"profit_ratio":0.03847531721154882,"profit_abs":3.8415872,"exit_reason":"trailing_stop_loss","initial_stop_loss_abs":0.12935,"initial_stop_loss_ratio":-0.03,"stop_loss_abs":0.13397,"stop_loss_ratio":-0.02,"min_rate":0.1295,"max_rate":0.13532,"is_open":false,"enter_tag":"","leverage":2.0,"is_short":false,"open_timestamp":1767358800000,"close_timestamp":1767364200000,"orders":[{"amount":1520.0,"safe_price":0.13131,"ft_order_side":"buy","order_filled_timestamp":1767358800000,"ft_is_entry":true,"ft_order_tag":"","cost":199.6909956},{"amount":1520.0,"safe_price":0.13397,"ft_order_side":"sell","order_filled_timestamp":1767364200000,"ft_is_entry":false,"ft_order_tag":"trailing_stop_loss","cost":203.7362172}],"funding_fees":0.0,"weekday":4},{"pair":"DOGE/USDT:USDT","stake_amount":99.6512,"max_stake_amount":99.6512,"amount":1490.0,"open_date":"2026-01-02 15:30:00+00:00","close_date":"2026-01-02 16:00:00+00:00","open_rate":0.13376,"close_rate":0.13487,"fee_open":0.0005,"fee_close":0.0005,"trade_duration":30,"profit_ratio":0.014493678688898063,"profit_abs":1.44503463,"exit_reason":"trailing_stop_loss","initial_stop_loss_abs":0.13176,"initial_stop_loss_ratio":-0.03,"stop_loss_abs":0.13487,"stop_loss_ratio":-0.02,"min_rate":0.13352,"max_rate":0.13785,"is_open":false,"enter_tag":"","leverage":2.0,"is_short":false,"open_timestamp":1767367800000,"close_timestamp":1767369600000,"orders":[{"amount":1490.0,"safe_price":0.13376,"ft_order_side":"buy","order_filled_timestamp":1767367800000,"ft_is_entry":true,"ft_order_tag":"","cost":199.40205119999996},{"amount":1490.0,"safe_price":0.13487,"ft_order_side":"sell","order_filled_timestamp":1767369600000,"ft_is_entry":false,"ft_order_tag":"trailing_stop_loss","cost":201.05677814999999}],"funding_fees":-0.008736019488961282,"weekday":4},{"pair":"DOGE/USDT:USDT","stake_amount":99.576,"max_stake_amount":99.576,"amount":1440.0,"open_date":"2026-01-02 17:00:00+00:00","close_date":"2026-01-02 20:30:00+00:00","open_rate":0.1383,"close_rate":0.13916,"fee_open":0.0005,"fee_close":0.0005,"trade_duration":210,"profit_ratio":0.010425300726354104,"profit_abs":1.0386288,"exit_reason":"trailing_stop_loss","initial_stop_loss_abs":0.13623,"initial_stop_loss_ratio":-0.03,"stop_loss_abs":0.13916,"stop_loss_ratio":-0.02,"min_rate":0.13726,"max_rate":0.14056,"is_open":false,"enter_tag":"","leverage":2.0,"is_short":false,"open_timestamp":1767373200000,"close_timestamp":1767385800000,"orders":[{"amount":1440.0,"safe_price":0.1383,"ft_order_side":"buy","order_filled_timestamp":1767373200000,"ft_is_entry":true,"ft_order_tag":"","cost":199.251576},{"amount":1440.0,"safe_price":0.13916,"ft_order_side":"sell","order_filled_timestamp":1767385800000,"ft_is_entry":false,"ft_order_tag":"trailing_stop_loss","cost":200.4905952}],"funding_fees":0.0,"weekday":4},{"pair":"DOGE/USDT:USDT","stake_amount":99.76305,"max_stake_amount":99.76305,"amount":1310.0,"open_date":"2026-01-04 06:30:00+00:00","close_date":"2026-01-04 06:30:00+00:00","open_rate":0.15231,"close_rate":0.15003,"fee_open":0.0005,"fee_close":0.0005,"trade_duration":0,"profit_ratio":-0.03190801684050628,"profit_abs":-3.1848327,"exit_reason":"stop_loss","initial_stop_loss_abs":0.15003,"initial_stop_loss_ratio":-0.03,"stop_loss_abs":0.15003,"stop_loss_ratio":-0.03,"min_rate":0.14923,"max_rate":0.15258,"is_open":false,"enter_tag":"","leverage":2.0,"is_short":false,"open_timestamp":1767508200000,"close_timestamp":1767508200000,"orders":[{"amount":1310.0,"safe_price":0.15231,"ft_order_side":"buy","order_filled_timestamp":1767508200000,"ft_is_entry":true,"ft_order_tag":"","cost":199.62586305},{"amount":1310.0,"safe_price":0.15003,"ft_order_side":"sell","order_filled_timestamp":1767508200000,"ft_is_entry":false,"ft_order_tag":"stop_loss","cost":196.63756965}],"funding_fees":0.0,"weekday":6},{"pair":"ETH/USDT:USDT","stake_amount":99.682,"max_stake_amount":99.682,"amount":0.046,"open_date":"2026-01-06 17:00:00+00:00","close_date":"2026-01-06 18:00:00+00:00","open_rate":3250.5,"close_rate":3185.49,"fee_open":0.0005,"fee_close":0.0005,"trade_duration":60,"profit_ratio":-0.03146926536731634,"profit_abs":-3.13848777,"exit_reason":"stop_loss","initial_stop_loss_abs":3185.49,"initial_stop_loss_ratio":-0.03,"stop_loss_abs":3185.49,"stop_loss_ratio":-0.03,"min_rate":3181.03,"max_rate":3259.0,"is_open":false,"enter_tag":"","leverage":1.5,"is_short":false,"open_timestamp":1767718800000,"close_timestamp":1767722400000,"orders":[{"amount":0.046,"safe_price":3250.5,"ft_order_side":"buy","order_filled_timestamp":1767718800000,"ft_is_entry":true,"ft_order_tag":"","cost":149.5977615},{"amount":0.046,"safe_price":3185.49,"ft_order_side":"sell","order_filled_timestamp":1767722400000,"ft_is_entry":false,"ft_order_tag":"stop_loss","cost":146.60580627}],"funding_fees":0.0,"weekday":1},{"pair":"ETH/USDT:USDT","stake_amount":97.9527,"max_stake_amount":97.9527,"amount":0.047,"open_date":"2026-01-11 18:00:00+00:00","close_date":"2026-01-12 14:00:00+00:00","open_rate":3126.15,"close_rate":3063.627,"fee_open":0.0005,"fee_close":0.0005,"trade_duration":1200,"profit_ratio":-0.031659500077520865,"profit_abs":-3.10268408,"exit_reason":"stop_loss","initial_stop_loss_abs":3063.627,"initial_stop_loss_ratio":-0.03,"stop_loss_abs":3063.627,"stop_loss_ratio":-0.03,"min_rate":3063.06,"max_rate":3170.85,"is_open":false,"enter_tag":"","leverage":1.5,"is_short":false,"open_timestamp":1768154400000,"close_timestamp":1768226400000,"orders":[{"amount":0.047,"safe_price":3126.15,"ft_order_side":"buy","order_filled_timestamp":1768154400000,"ft_is_entry":true,"ft_order_tag":"","cost":147.002514525},{"amount":0.047,"safe_price":3063.627,"ft_order_side":"sell","order_filled_timestamp":1768226400000,"ft_is_entry":false,"ft_order_tag":"stop_loss","cost":144.06246423449997}],"funding_fees":-0.018643318522437988,"weekday":0},{"pair":"ETH/USDT:USDT","stake_amount":98.10266667,"max_stake_amount":98.10266667,"amount":0.046,"open_date":"2026-01-13 19:00:00+00:00","close_date":"2026-01-13 22:00:00+00:00","open_rate":3199.0,"close_rate":3330.2246123061527,"fee_open":0.0005,"fee_close":0.0005,"trade_duration":180,"profit_ratio":0.05997001499250375,"profit_abs":5.88616,"exit_reason":"roi","initial_stop_loss_abs":3135.02,"initial_stop_loss_ratio":-0.03,"stop_loss_abs":3352.6933333333336,"stop_loss_ratio":-0.02,"min_rate":3188.52,"max_rate":3398.0,"is_open":false,"enter_tag":"","leverage":1.5,"is_short":false,"open_timestamp":1768330800000,"close_timestamp":1768341600000,"orders":[{"amount":0.046,"safe_price":3199.0,"ft_order_side":"buy","order_filled_timestamp":1768330800000,"ft_is_entry":true,"ft_order_tag":"","cost":147.227577},{"amount":0.046,"safe_price":3330.2246123061527,"ft_order_side":"sell","order_filled_timestamp":1768341600000,"ft_is_entry":false,"ft_order_tag":"roi","cost":153.26692733216603}],"funding_fees":0.0,"weekday":1},{"pair":"ETH/USDT:USDT","stake_amount":97.98741333,"max_stake_amount":97.98741333,"amount":0.044,"open_date":"2026-01-14 18:00:00+00:00","close_date":"2026-01-15 03:30:00+00:00","open_rate":3340.48,"close_rate":3273.6704,"fee_open":0.0005,"fee_close":0.0005,"trade_duration":570,"profit_ratio":-0.031488319525423525,"profit_abs":-3.08700171,"exit_reason":"stop_loss","initial_stop_loss_abs":3273.6704,"initial_stop_loss_ratio":-0.03,"stop_loss_abs":3273.6704,"stop_loss_ratio":-0.03,"min_rate":3272.37,"max_rate":3400.0,"is_open":false,"enter_tag":"","leverage":1.5,"is_short":false,"open_timestamp":1768413600000,"close_timestamp":1768447800000,"orders":[{"amount":0.044,"safe_price":3340.48,"ft_order_side":"buy","order_filled_timestamp":1768413600000,"ft_is_entry":true,"ft_order_tag":"","cost":147.05461056},{"amount":0.044,"safe_price":3273.6704,"ft_order_side":"sell","order_filled_timestamp":1768447800000,"ft_is_entry":false,"ft_order_tag":"stop_loss","cost":144.11351834879997}],"funding_fees":-0.0018679972338804481,"weekday":3}],"locks":[],"best_pair":{"key":"DOGE/USDT:USDT","trades":4,"profit_mean":0.007871569946573677,"profit_mean_pct":0.79,"profit_total_abs":3.1404179300000004,"profit_total":0.0031404179300000006,"profit_total_pct":0.31,"duration_avg":"1:22:00","wins":3,"draws":0,"losses":1,"winrate":0.75,"cagr":0.012942094466766196,"expectancy":0.7851044825000003,"expectancy_ratio":0.24651357118381778,"sortino":-100,"sharpe":0.26646159981851,"calmar":21.30078556143681,"sqn":0.5375,"profit_factor":1.9860542847352705,"max_drawdown_account":0.0031648144553723385,"max_drawdown_abs":3.1848327},"worst_pair":{"key":"ETH/USDT:USDT","trades":4,"profit_mean":-0.008661767494439244,"profit_mean_pct":-0.87,"profit_total_abs":-3.4420135599999995,"profit_total":-0.0034420135599999993,"profit_total_pct":-0.34,"duration_avg":"8:22:00","wins":1,"draws":0,"losses":3,"winrate":0.25,"cagr":-0.01404096595214166,"expectancy":-0.8605033899999999,"expectancy_ratio":-0.2767433681840714,"sortino":-34.29035509205105,"sharpe":-0.18968614205265424,"calmar":-11.83866854513986,"sqn":-0.3826,"profit_factor":0.6310088424212382,"max_drawdown_account":0.00624117185,"max_drawdown_abs":6.24117185},"results_per_pair":[{"key":"DOGE/USDT:USDT","trades":4,"profit_mean":0.007871569946573677,"profit_mean_pct":0.79,"profit_total_abs":3.1404179300000004,"profit_total":0.0031404179300000006,"profit_total_pct":0.31,"duration_avg":"1:22:00","wins":3,"draws":0,"losses":1,"winrate":0.75,"cagr":0.012942094466766196,"expectancy":0.7851044825000003,"expectancy_ratio":0.24651357118381778,"sortino":-100,"sharpe":0.26646159981851,"calmar":21.30078556143681,"sqn":0.5375,"profit_factor":1.9860542847352705,"max_drawdown_account":0.0031648144553723385,"max_drawdown_abs":3.1848327},{"key":"BTC/USDT:USDT","trades":0,"profit_mean":0.0,"profit_mean_pct":0.0,"profit_total_abs":0.0,"profit_total":0.0,"profit_total_pct":0.0,"duration_avg":"0:00","wins":0,"draws":0,"losses":0,"winrate":0.0,"cagr":0.0,"expectancy":0.0,"expectancy_ratio":100.0,"sortino":0,"sharpe":0,"calmar":0,"sqn":0.0,"profit_factor":0.0,"max_drawdown_account":0.0,"max_drawdown_abs":0.0},{"key":"XRP/USDT:USDT","trades":0,"profit_mean":0.0,"profit_mean_pct":0.0,"profit_total_abs":0.0,"profit_total":0.0,"profit_total_pct":0.0,"duration_avg":"0:00","wins":0,"draws":0,"losses":0,"winrate":0.0,"cagr":0.0,"expectancy":0.0,"expectancy_ratio":100.0,"sortino":0,"sharpe":0,"calmar":0,"sqn":0.0,"profit_factor":0.0,"max_drawdown_account":0.0,"max_drawdown_abs":0.0},{"key":"ETH/USDT:USDT","trades":4,"profit_mean":-0.008661767494439244,"profit_mean_pct":-0.87,"profit_total_abs":-3.4420135599999995,"profit_total":-0.0034420135599999993,"profit_total_pct":-0.34,"duration_avg":"8:22:00","wins":1,"draws":0,"losses":3,"winrate":0.25,"cagr":-0.01404096595214166,"expectancy":-0.8605033899999999,"expectancy_ratio":-0.2767433681840714,"sortino":-34.29035509205105,"sharpe":-0.18968614205265424,"calmar":-11.83866854513986,"sqn":-0.3826,"profit_factor":0.6310088424212382,"max_drawdown_account":0.00624117185,"max_drawdown_abs":6.24117185},{"key":"TOTAL","trades":8,"profit_mean":-0.0003950987739327824,"profit_mean_pct":-0.04,"profit_total_abs":-0.30159562999999867,"profit_total":-0.00030159562999999866,"profit_total_pct":-0.03,"duration_avg":"4:52:00","wins":4,"draws":0,"losses":4,"winrate":0.5,"cagr":-0.0012363026583609438,"expectancy":-0.03769945375000017,"expectancy_ratio":-0.012051285827455516,"sortino":-1.7208680360508548,"sharpe":-0.019121365340798908,"calmar":-0.6911816427851215,"sqn":-0.0295,"profit_factor":0.9758974283450889,"max_drawdown_account":0.009366757461465822,"max_drawdown_abs":9.42600455}],"results_per_enter_tag":[{"key":"","trades":8,"profit_mean":-0.0003950987739327824,"profit_mean_pct":-0.04,"profit_total_abs":-0.30159562999999867,"profit_total":-0.00030159562999999866,"profit_total_pct":-0.03,"duration_avg":"4:52:00","wins":4,"draws":0,"losses":4,"winrate":0.5,"cagr":-0.0012363026583609438,"expectancy":-0.03769945375000017,"expectancy_ratio":-0.012051285827455516,"sortino":-1.7208680360508548,"sharpe":-0.019121365340798908,"calmar":-0.6911816427851215,"sqn":-0.0295,"profit_factor":0.9758974283450889,"max_drawdown_account":0.009366757461465822,"max_drawdown_abs":9.42600455},{"key":"TOTAL","trades":8,"profit_mean":-0.0003950987739327824,"profit_mean_pct":-0.04,"profit_total_abs":-0.30159562999999867,"profit_total":-0.00030159562999999866,"profit_total_pct":-0.03,"duration_avg":"4:52:00","wins":4,"draws":0,"losses":4,"winrate":0.5,"cagr":-0.0012363026583609438,"expectancy":-0.03769945375000017,"expectancy_ratio":-0.012051285827455516,"sortino":-1.7208680360508548,"sharpe":-0.019121365340798908,"calmar":-0.6911816427851215,"sqn":-0.0295,"profit_factor":0.9758974283450889,"max_drawdown_account":0.009366757461465822,"max_drawdown_abs":9.42600455}],"exit_reason_summary":[{"key":"trailing_stop_loss","trades":3,"profit_mean":0.021131432208933664,"profit_mean_pct":2.11,"profit_total_abs":6.32525063,"profit_total":0.00632525063,"profit_total_pct":0.63,"duration_avg":"1:50:00","wins":3,"draws":0,"losses":0,"winrate":1.0,"cagr":0.02619618140508173,"expectancy":2.108416876666667,"expectancy_ratio":100.0,"sortino":-100,"sharpe":1.0979032378033338,"calmar":-100,"sqn":2.411,"profit_factor":0.0,"max_drawdown_account":0.0,"max_drawdown_abs":0.0},{"key":"roi","trades":1,"profit_mean":0.05997001499250375,"profit_mean_pct":6.0,"profit_total_abs":5.88616,"profit_total":0.0058861600000000005,"profit_total_pct":0.59,"duration_avg":"3:00:00","wins":1,"draws":0,"losses":0,"winrate":1.0,"cagr":0.02436110049820961,"expectancy":5.88616,"expectancy_ratio":100.0,"sortino":-100,"sharpe":-100,"calmar":-100,"sqn":-100.0,"profit_factor":0.0,"max_drawdown_account":0.0,"max_drawdown_abs":0.0},{"key":"stop_loss","trades":4,"profit_mean":-0.03163127545269175,"profit_mean_pct":-3.16,"profit_total_abs":-12.513006260000001,"profit_total":-0.01251300626,"profit_total_pct":-1.25,"duration_avg":"7:38:00","wins":0,"draws":0,"losses":4,"winrate":0.0,"cagr":-0.05033041138290073,"expectancy":-3.1282515650000002,"expectancy_ratio":-1.0,"sortino":-71.39769401744428,"sharpe":-71.39769401744428,"calmar":-21.46626199386832,"sqn":-144.0219,"profit_factor":0.0,"max_drawdown_account":0.012513006259999997,"max_drawdown_abs":12.513006260000001},{"key":"TOTAL","trades":8,"profit_mean":-0.0003950987739327824,"profit_mean_pct":-0.04,"profit_total_abs":-0.30159562999999867,"profit_total":-0.00030159562999999866,"profit_total_pct":-0.03,"duration_avg":"4:52:00","wins":4,"draws":0,"losses":4,"winrate":0.5,"cagr":-0.0012363026583609438,"expectancy":-0.03769945375000017,"expectancy_ratio":-0.012051285827455516,"sortino":-1.7208680360508548,"sharpe":-0.019121365340798908,"calmar":-0.6911816427851215,"sqn":-0.0295,"profit_factor":0.9758974283450889,"max_drawdown_account":0.009366757461465822,"max_drawdown_abs":9.42600455}],"mix_tag_stats":[{"key":["","trailing_stop_loss"],"trades":3,"profit_mean":0.021131432208933664,"profit_mean_pct":2.11,"profit_total_abs":6.32525063,"profit_total":0.00632525063,"profit_total_pct":0.63,"duration_avg":"1:50:00","wins":3,"draws":0,"losses":0,"winrate":1.0,"cagr":0.02619618140508173,"expectancy":2.108416876666667,"expectancy_ratio":100.0,"sortino":-100,"sharpe":1.0979032378033338,"calmar":-100,"sqn":2.411,"profit_factor":0.0,"max_drawdown_account":0.0,"max_drawdown_abs":0.0},{"key":["","roi"],"trades":1,"profit_mean":0.05997001499250375,"profit_mean_pct":6.0,"profit_total_abs":5.88616,"profit_total":0.0058861600000000005,"profit_total_pct":0.59,"duration_avg":"3:00:00","wins":1,"draws":0,"losses":0,"winrate":1.0,"cagr":0.02436110049820961,"expectancy":5.88616,"expectancy_ratio":100.0,"sortino":-100,"sharpe":-100,"calmar":-100,"sqn":-100.0,"profit_factor":0.0,"max_drawdown_account":0.0,"max_drawdown_abs":0.0},{"key":["","stop_loss"],"trades":4,"profit_mean":-0.03163127545269175,"profit_mean_pct":-3.16,"profit_total_abs":-12.513006260000001,"profit_total":-0.01251300626,"profit_total_pct":-1.25,"duration_avg":"7:38:00","wins":0,"draws":0,"losses":4,"winrate":0.0,"cagr":-0.05033041138290073,"expectancy":-3.1282515650000002,"expectancy_ratio":-1.0,"sortino":-71.39769401744428,"sharpe":-71.39769401744428,"calmar":-21.46626199386832,"sqn":-144.0219,"profit_factor":0.0,"max_drawdown_account":0.012513006259999997,"max_drawdown_abs":12.513006260000001},{"key":"TOTAL","trades":8,"profit_mean":-0.0003950987739327824,"profit_mean_pct":-0.04,"profit_total_abs":-0.30159562999999867,"profit_total":-0.00030159562999999866,"profit_total_pct":-0.03,"duration_avg":"4:52:00","wins":4,"draws":0,"losses":4,"winrate":0.5,"cagr":-0.0012363026583609438,"expectancy":-0.03769945375000017,"expectancy_ratio":-0.012051285827455516,"sortino":-1.7208680360508548,"sharpe":-0.019121365340798908,"calmar":-0.6911816427851215,"sqn":-0.0295,"profit_factor":0.9758974283450889,"max_drawdown_account":0.009366757461465822,"max_drawdown_abs":9.42600455}],"left_open_trades":[{"key":"TOTAL","trades":0,"profit_mean":0.0,"profit_mean_pct":0.0,"profit_total_abs":0.0,"profit_total":0.0,"profit_total_pct":0.0,"duration_avg":"0:00","wins":0,"draws":0,"losses":0,"winrate":0.0,"cagr":0.0,"expectancy":0.0,"expectancy_ratio":100.0,"sortino":0,"sharpe":0,"calmar":0,"sqn":0.0,"profit_factor":0.0,"max_drawdown_account":0.0,"max_drawdown_abs":0.0}],"total_trades":8,"trade_count_long":8,"trade_count_short":0,"total_volume":2778.822825820466,"avg_stake_amount":99.06382875,"profit_mean":-0.0003950987739327824,"profit_median":-0.010521982320481118,"profit_total":-0.00030159562999999866,"profit_total_long":-0.00030159562999999866,"profit_total_short":0.0,"profit_total_abs":-0.30159562999999867,"profit_total_long_abs":-0.30159562999999867,"profit_total_short_abs":0.0,"cagr":-0.0012363026583609438,"expectancy":-0.03769945375000017,"expectancy_ratio":-0.012051285827455516,"sortino":-1.7208680360508548,"sharpe":-0.019121365340798908,"calmar":-0.6911816427851215,"sqn":-0.0295,"profit_factor":0.9758974283450889,"backtest_start":"2025-11-25 00:00:00","backtest_start_ts":1764028800000,"backtest_end":"2026-02-22 14:00:00","backtest_end_ts":1771768800000,"backtest_days":89,"backtest_run_start_ts":1771812838,"backtest_run_end_ts":1771812839,"trades_per_day":0.09,"market_change":-0.32625703932678735,"pairlist":["BTC/USDT:USDT","ETH/USDT:USDT","XRP/USDT:USDT","DOGE/USDT:USDT"],"stake_amount":100.0,"stake_currency":"USDT","stake_currency_decimals":3,"starting_balance":1000,"dry_run_wallet":1000,"final_balance":999.69840437,"rejected_signals":0,"timedout_entry_orders":0,"timedout_exit_orders":1,"canceled_trade_entries":0,"canceled_entry_orders":0,"replaced_entry_orders":0,"max_open_trades":3,"max_open_trades_setting":3,"timeframe":"30m","timeframe_detail":"","timerange":"20251125-20260223","enable_protections":false,"strategy_name":"SupertrendFuturesStrategyV8_2","freqaimodel":null,"freqai_identifier":null,"stoploss":-0.03,"trailing_stop":true,"trailing_stop_positive":0.02,"trailing_stop_positive_offset":0.03,"trailing_only_offset_is_reached":true,"use_custom_stoploss":false,"minimal_roi":{"0":0.06},"use_exit_signal":true,"exit_profit_only":false,"exit_profit_offset":0.0,"ignore_roi_if_entry_signal":false,"trading_mode":"futures","margin_mode":"isolated","periodic_breakdown":{"day":[{"date":"02/01/2026","date_ts":1767312000000,"profit_abs":6.32525063,"wins":3,"draws":0,"losses":0,"trades":3,"profit_factor":0.0},{"date":"03/01/2026","date_ts":1767398400000,"profit_abs":0.0,"wins":0,"draws":0,"losses":0,"trades":0,"profit_factor":0.0},{"date":"04/01/2026","date_ts":1767484800000,"profit_abs":-3.1848327,"wins":0,"draws":0,"losses":1,"trades":1,"profit_factor":0.0},{"date":"05/01/2026","date_ts":1767571200000,"profit_abs":0.0,"wins":0,"draws":0,"losses":0,"trades":0,"profit_factor":0.0},{"date":"06/01/2026","date_ts":1767657600000,"profit_abs":-3.13848777,"wins":0,"draws":0,"losses":1,"trades":1,"profit_factor":0.0},{"date":"07/01/2026","date_ts":1767744000000,"profit_abs":0.0,"wins":0,"draws":0,"losses":0,"trades":0,"profit_factor":0.0},{"date":"08/01/2026","date_ts":1767830400000,"profit_abs":0.0,"wins":0,"draws":0,"losses":0,"trades":0,"profit_factor":0.0},{"date":"09/01/2026","date_ts":1767916800000,"profit_abs":0.0,"wins":0,"draws":0,"losses":0,"trades":0,"profit_factor":0.0},{"date":"10/01/2026","date_ts":1768003200000,"profit_abs":0.0,"wins":0,"draws":0,"losses":0,"trades":0,"profit_factor":0.0},{"date":"11/01/2026","date_ts":1768089600000,"profit_abs":0.0,"wins":0,"draws":0,"losses":0,"trades":0,"profit_factor":0.0},{"date":"12/01/2026","date_ts":1768176000000,"profit_abs":-3.10268408,"wins":0,"draws":0,"losses":1,"trades":1,"profit_factor":0.0},{"date":"13/01/2026","date_ts":1768262400000,"profit_abs":5.88616,"wins":1,"draws":0,"losses":0,"trades":1,"profit_factor":0.0},{"date":"14/01/2026","date_ts":1768348800000,"profit_abs":0.0,"wins":0,"draws":0,"losses":0,"trades":0,"profit_factor":0.0},{"date":"15/01/2026","date_ts":1768435200000,"profit_abs":-3.08700171,"wins":0,"draws":0,"losses":1,"trades":1,"profit_factor":0.0}],"week":[{"date":"05/01/2026","date_ts":1767571200000,"profit_abs":3.14041793,"wins":3,"draws":0,"losses":1,"trades":4,"profit_factor":1.98605428},{"date":"12/01/2026","date_ts":1768176000000,"profit_abs":-6.24117185,"wins":0,"draws":0,"losses":2,"trades":2,"profit_factor":0.0},{"date":"19/01/2026","date_ts":1768780800000,"profit_abs":2.79915829,"wins":1,"draws":0,"losses":1,"trades":2,"profit_factor":1.90675631}],"month":[{"date":"31/01/2026","date_ts":1769817600000,"profit_abs":-0.30159563,"wins":4,"draws":0,"losses":4,"trades":8,"profit_factor":0.97589743}],"year":[{"date":"31/12/2026","date_ts":1798675200000,"profit_abs":-0.30159563,"wins":4,"draws":0,"losses":4,"trades":8,"profit_factor":0.97589743}],"weekday":[{"date":"Monday","date_ts":0,"profit_abs":-3.10268408,"wins":0,"draws":0,"losses":1,"trades":1,"profit_factor":0.0},{"date":"Tuesday","date_ts":1,"profit_abs":2.74767223,"wins":1,"draws":0,"losses":1,"trades":2,"profit_factor":1.87547648},{"date":"Thursday","date_ts":3,"profit_abs":-3.08700171,"wins":0,"draws":0,"losses":1,"trades":1,"profit_factor":0.0},{"date":"Friday","date_ts":4,"profit_abs":6.32525063,"wins":3,"draws":0,"losses":0,"trades":3,"profit_factor":0.0},{"date":"Sunday","date_ts":6,"profit_abs":-3.1848327,"wins":0,"draws":0,"losses":1,"trades":1,"profit_factor":0.0}]},"backtest_best_day":0.06339429662680099,"backtest_worst_day":-0.03190801684050628,"backtest_best_day_abs":6.32525063,"backtest_worst_day_abs":-3.1848327,"winning_days":2,"draw_days":8,"losing_days":4,"daily_profit":[["2026-01-02",6.32525063],["2026-01-03",0.0],["2026-01-04",-3.1848327],["2026-01-05",0.0],["2026-01-06",-3.13848777],["2026-01-07",0.0],["2026-01-08",0.0],["2026-01-09",0.0],["2026-01-10",0.0],["2026-01-11",0.0],["2026-01-12",-3.10268408],["2026-01-13",5.88616],["2026-01-14",0.0],["2026-01-15",-3.08700171]],"wins":4,"losses":4,"draws":0,"winrate":0.5,"holding_avg":"4:52:00","holding_avg_s":17520.0,"winner_holding_min":"0d 00:30","winner_holding_min_s":1800.0,"winner_holding_max":"0d 03:30","winner_holding_max_s":12600.0,"winner_holding_avg":"0d 02:08","winner_holding_avg_s":7680.0,"loser_holding_min":"0d 00:00","loser_holding_min_s":0.0,"loser_holding_max":"0d 20:00","loser_holding_max_s":72000.0,"loser_holding_avg":"0d 07:38","loser_holding_avg_s":27480.0,"max_consecutive_wins":3,"max_consecutive_losses":3,"max_drawdown_account":0.009366757461465822,"max_relative_drawdown":0.009366757461465822,"max_drawdown_abs":9.42600455,"drawdown_start":"2026-01-02 20:30:00","drawdown_start_ts":1767385800000.0,"drawdown_end":"2026-01-12 14:00:00","drawdown_end_ts":1768226400000.0,"drawdown_duration":"9 days 17:30:00","drawdown_duration_s":840600.0,"max_drawdown_low":-3.1007539199999994,"max_drawdown_high":6.32525063,"csum_min":996.89924608,"csum_max":1006.32525063}},"strategy_comparison":[{"key":"SupertrendFuturesStrategyV8_2","trades":8,"profit_mean":-0.0003950987739327824,"profit_mean_pct":-0.04,"profit_total_abs":-0.30159562999999867,"profit_total":-0.00030159562999999866,"profit_total_pct":-0.03,"duration_avg":"4:52:00","wins":4,"draws":0,"losses":4,"winrate":0.5,"cagr":-0.0012363026583609438,"expectancy":-0.03769945375000017,"expectancy_ratio":-0.012051285827455516,"sortino":-1.7208680360508548,"sharpe":-0.019121365340798908,"calmar":-0.6911816427851215,"sqn":-0.0295,"profit_factor":0.9758974283450889,"max_drawdown_account":0.009366757461465822,"max_drawdown_abs":"9.426"}]}